timestamp,asset,timeframe,open,high,low,close,volume,dollar_volume,provider,fetched_at
2026-05-12 00:00:00+00:00,ADA-USD,15m,0.28029999136924744,0.2809000015258789,0.2797999978065491,0.28049999475479126,0,0,yfinance,2026-07-10T06:58:17.136516+00:00
2026-05-12 00:15:00+00:00,ADA-USD,15m,0.28040000796318054,0.2808000147342682,0.27970001101493835,0.28029999136924744,0,0,yfinance,2026-07-10T06:58:17.136516+00:00
2026-05-12 00:30:00+00:00,ADA-USD,15m,0.28029999136924744,0.28119999170303345,0.2800999879837036,0.28119999170303345,553056,553056,yfinance,2026-07-10T06:58:17.136516+00:00
2026-05-12 00:45:00+00:00,ADA-USD,15m,0.28139999508857727,0.2818000018596649,0.28130000829696655,0.28130000829696655,159200,159200,yfinance,2026-07-10T06:58:17.136516+00:00
2026-05-12 01:00:00+00:00,ADA-USD,15m,0.28130000829696655,0.2815000116825104,0.2797999978065491,0.2797999978065491,94240,94240,yfinance,2026-07-10T06:58:17.136516+00:00
2026-05-12 01:15:00+00:00,ADA-USD,15m,0.2799000144004822,0.2800000011920929,0.2786000072956085,0.27950000762939453,1206912,1206912,yfinance,2026-07-10T06:58:17.136516+00:00
2026-05-12 01:30:00+00:00,ADA-USD,15m,0.2791000008583069,0.27959999442100525,0.27630001306533813,0.2777999937534332,6981344,6981344,yfinance,2026-07-10T06:58:17.136516+00:00
2026-05-12 01:45:00+00:00,ADA-USD,15m,0.2777999937534332,0.2786000072956085,0.2773999869823456,0.2775999903678894,3781632,3781632,yfinance,2026-07-10T06:58:17.136516+00:00
2026-05-12 02:00:00+00:00,ADA-USD,15m,0.2775999903678894,0.27880001068115234,0.2775000035762787,0.2784000039100647,2948512,2948512,yfinance,2026-07-10T06:58:17.136516+00:00
2026-05-12 02:15:00+00:00,ADA-USD,15m,0.2784000039100647,0.2786000072956085,0.27730000019073486,0.2784999907016754,0,0,yfinance,2026-07-10T06:58:17.136516+00:00
2026-05-12 02:30:00+00:00,ADA-USD,15m,0.2786000072956085,0.2786000072956085,0.27730000019073486,0.27730000019073486,48352,48352,yfinance,2026-07-10T06:58:17.136516+00:00
2026-05-12 02:45:00+00:00,ADA-USD,15m,0.2773999869823456,0.2786000072956085,0.2773999869823456,0.2784000039100647,231616,231616,yfinance,2026-07-10T06:58:17.136516+00:00
2026-05-12 03:00:00+00:00,ADA-USD,15m,0.2784000039100647,0.27869999408721924,0.27790001034736633,0.2782000005245209,0,0,yfinance,2026-07-10T06:58:17.136516+00:00
2026-05-12 03:15:00+00:00,ADA-USD,15m,0.2782000005245209,0.2784000039100647,0.2775999903678894,0.2777999937534332,0,0,yfinance,2026-07-10T06:58:17.136516+00:00
2026-05-12 03:30:00+00:00,ADA-USD,15m,0.2777999937534332,0.2782000005245209,0.2777000069618225,0.27799999713897705,0,0,yfinance,2026-07-10T06:58:17.136516+00:00
2026-05-12 03:45:00+00:00,ADA-USD,15m,0.27799999713897705,0.27799999713897705,0.2768000066280365,0.27709999680519104,0,0,yfinance,2026-07-10T06:58:17.136516+00:00
2026-05-12 04:00:00+00:00,ADA-USD,15m,0.2770000100135803,0.27730000019073486,0.2768000066280365,0.27709999680519104,0,0,yfinance,2026-07-10T06:58:17.136516+00:00
2026-05-12 04:15:00+00:00,ADA-USD,15m,0.2770000100135803,0.2782000005245209,0.2770000100135803,0.27799999713897705,347104,347104,yfinance,2026-07-10T06:58:17.136516+00:00
2026-05-12 04:30:00+00:00,ADA-USD,15m,0.27790001034736633,0.2782000005245209,0.2777999937534332,0.2777999937534332,61088,61088,yfinance,2026-07-10T06:58:17.136516+00:00
2026-05-12 04:45:00+00:00,ADA-USD,15m,0.2777999937534332,0.27799999713897705,0.27730000019073486,0.2775000035762787,69344,69344,yfinance,2026-07-10T06:58:17.136516+00:00
2026-05-12 05:00:00+00:00,ADA-USD,15m,0.2773999869823456,0.2782999873161316,0.27730000019073486,0.2777999937534332,0,0,yfinance,2026-07-10T06:58:17.136516+00:00
2026-05-12 05:15:00+00:00,ADA-USD,15m,0.27790001034736633,0.2782000005245209,0.2777999937534332,0.27790001034736633,0,0,yfinance,2026-07-10T06:58:17.136516+00:00
2026-05-12 05:30:00+00:00,ADA-USD,15m,0.27799999713897705,0.2782000005245209,0.27730000019073486,0.2775000035762787,0,0,yfinance,2026-07-10T06:58:17.136516+00:00
2026-05-12 05:45:00+00:00,ADA-USD,15m,0.2775000035762787,0.27799999713897705,0.2775000035762787,0.2775999903678894,335680,335680,yfinance,2026-07-10T06:58:17.136516+00:00
2026-05-12 06:00:00+00:00,ADA-USD,15m,0.2775000035762787,0.2777000069618225,0.27730000019073486,0.2777000069618225,0,0,yfinance,2026-07-10T06:58:17.136516+00:00
2026-05-12 06:15:00+00:00,ADA-USD,15m,0.2777000069618225,0.2782999873161316,0.2777000069618225,0.2777000069618225,0,0,yfinance,2026-07-10T06:58:17.136516+00:00
2026-05-12 06:30:00+00:00,ADA-USD,15m,0.27790001034736633,0.27790001034736633,0.2768999934196472,0.2770000100135803,2505632,2505632,yfinance,2026-07-10T06:58:17.136516+00:00
2026-05-12 06:45:00+00:00,ADA-USD,15m,0.2770000100135803,0.27720001339912415,0.27649998664855957,0.2768999934196472,838432,838432,yfinance,2026-07-10T06:58:17.136516+00:00
2026-05-12 07:00:00+00:00,ADA-USD,15m,0.2766999900341034,0.2768999934196472,0.2750999927520752,0.27619999647140503,4626624,4626624,yfinance,2026-07-10T06:58:17.136516+00:00
2026-05-12 07:15:00+00:00,ADA-USD,15m,0.2761000096797943,0.2770000100135803,0.2757999897003174,0.2766999900341034,2442784,2442784,yfinance,2026-07-10T06:58:17.136516+00:00
2026-05-12 07:30:00+00:00,ADA-USD,15m,0.2766999900341034,0.27720001339912415,0.27649998664855957,0.2766999900341034,81536,81536,yfinance,2026-07-10T06:58:17.136516+00:00
2026-05-12 07:45:00+00:00,ADA-USD,15m,0.2766999900341034,0.27730000019073486,0.27619999647140503,0.2766999900341034,1417312,1417312,yfinance,2026-07-10T06:58:17.136516+00:00
2026-05-12 08:00:00+00:00,ADA-USD,15m,0.2768000066280365,0.27720001339912415,0.2757999897003174,0.2757999897003174,1915648,1915648,yfinance,2026-07-10T06:58:17.136516+00:00
2026-05-12 08:15:00+00:00,ADA-USD,15m,0.27570000290870667,0.2766000032424927,0.2752000093460083,0.27639999985694885,4134720,4134720,yfinance,2026-07-10T06:58:17.136516+00:00
2026-05-12 08:30:00+00:00,ADA-USD,15m,0.27639999985694885,0.2766000032424927,0.2759000062942505,0.2766000032424927,0,0,yfinance,2026-07-10T06:58:17.136516+00:00
2026-05-12 08:45:00+00:00,ADA-USD,15m,0.2766999900341034,0.2775999903678894,0.2759999930858612,0.2761000096797943,1400640,1400640,yfinance,2026-07-10T06:58:17.136516+00:00
2026-05-12 09:00:00+00:00,ADA-USD,15m,0.2759999930858612,0.27619999647140503,0.2745000123977661,0.2745000123977661,1141888,1141888,yfinance,2026-07-10T06:58:17.136516+00:00
2026-05-12 09:15:00+00:00,ADA-USD,15m,0.27459999918937683,0.2750000059604645,0.274399995803833,0.27469998598098755,1719200,1719200,yfinance,2026-07-10T06:58:17.136516+00:00
2026-05-12 09:30:00+00:00,ADA-USD,15m,0.27469998598098755,0.27570000290870667,0.27459999918937683,0.27559998631477356,2284224,2284224,yfinance,2026-07-10T06:58:17.136516+00:00
2026-05-12 09:45:00+00:00,ADA-USD,15m,0.27570000290870667,0.2757999897003174,0.2750000059604645,0.2757999897003174,193536,193536,yfinance,2026-07-10T06:58:17.136516+00:00
2026-05-12 10:00:00+00:00,ADA-USD,15m,0.27570000290870667,0.2759000062942505,0.2752000093460083,0.27549999952316284,0,0,yfinance,2026-07-10T06:58:17.136516+00:00
2026-05-12 10:15:00+00:00,ADA-USD,15m,0.2754000127315521,0.27549999952316284,0.27459999918937683,0.27489998936653137,0,0,yfinance,2026-07-10T06:58:17.136516+00:00
2026-05-12 10:30:00+00:00,ADA-USD,15m,0.2750000059604645,0.2752000093460083,0.273499995470047,0.27379998564720154,8159392,8159392,yfinance,2026-07-10T06:58:17.136516+00:00
2026-05-12 10:45:00+00:00,ADA-USD,15m,0.27379998564720154,0.274399995803833,0.2736999988555908,0.274399995803833,3871200,3871200,yfinance,2026-07-10T06:58:17.136516+00:00
2026-05-12 11:00:00+00:00,ADA-USD,15m,0.2745000123977661,0.27480000257492065,0.2736999988555908,0.2743000090122223,521664,521664,yfinance,2026-07-10T06:58:17.136516+00:00
2026-05-12 11:15:00+00:00,ADA-USD,15m,0.2743000090122223,0.2743000090122223,0.2734000086784363,0.2736000120639801,2063808,2063808,yfinance,2026-07-10T06:58:17.136516+00:00
2026-05-12 11:30:00+00:00,ADA-USD,15m,0.2736999988555908,0.2743000090122223,0.2736999988555908,0.2743000090122223,915552,915552,yfinance,2026-07-10T06:58:17.136516+00:00
2026-05-12 11:45:00+00:00,ADA-USD,15m,0.2743000090122223,0.274399995803833,0.27399998903274536,0.2743000090122223,38432,38432,yfinance,2026-07-10T06:58:17.136516+00:00
2026-05-12 12:00:00+00:00,ADA-USD,15m,0.2741999924182892,0.2745000123977661,0.27309998869895935,0.274399995803833,275232,275232,yfinance,2026-07-10T06:58:17.136516+00:00
2026-05-12 12:15:00+00:00,ADA-USD,15m,0.274399995803833,0.27489998936653137,0.27390000224113464,0.2741999924182892,859520,859520,yfinance,2026-07-10T06:58:17.136516+00:00
2026-05-12 12:30:00+00:00,ADA-USD,15m,0.274399995803833,0.275299996137619,0.2728999853134155,0.2741999924182892,5307776,5307776,yfinance,2026-07-10T06:58:17.136516+00:00
2026-05-12 12:45:00+00:00,ADA-USD,15m,0.27410000562667847,0.2745000123977661,0.27399998903274536,0.2741999924182892,668320,668320,yfinance,2026-07-10T06:58:17.136516+00:00
2026-05-12 13:00:00+00:00,ADA-USD,15m,0.2741999924182892,0.27469998598098755,0.27390000224113464,0.27390000224113464,430080,430080,yfinance,2026-07-10T06:58:17.136516+00:00
2026-05-12 13:15:00+00:00,ADA-USD,15m,0.27390000224113464,0.274399995803833,0.2736000120639801,0.27390000224113464,508416,508416,yfinance,2026-07-10T06:58:17.136516+00:00
2026-05-12 13:30:00+00:00,ADA-USD,15m,0.27390000224113464,0.27410000562667847,0.2728999853134155,0.2736999988555908,0,0,yfinance,2026-07-10T06:58:17.136516+00:00
2026-05-12 13:45:00+00:00,ADA-USD,15m,0.27390000224113464,0.2741999924182892,0.27129998803138733,0.2718000113964081,2565536,2565536,yfinance,2026-07-10T06:58:17.136516+00:00
2026-05-12 14:00:00+00:00,ADA-USD,15m,0.2718000113964081,0.2727000117301941,0.27129998803138733,0.27250000834465027,1994688,1994688,yfinance,2026-07-10T06:58:17.136516+00:00
2026-05-12 14:15:00+00:00,ADA-USD,15m,0.27250000834465027,0.272599995136261,0.2703000009059906,0.27079999446868896,0,0,yfinance,2026-07-10T06:58:17.136516+00:00
2026-05-12 14:30:00+00:00,ADA-USD,15m,0.27079999446868896,0.27140000462532043,0.26910001039505005,0.2709999978542328,820960,820960,yfinance,2026-07-10T06:58:17.136516+00:00
2026-05-12 14:45:00+00:00,ADA-USD,15m,0.27090001106262207,0.2709999978542328,0.2687999904155731,0.26930001378059387,69888,69888,yfinance,2026-07-10T06:58:17.136516+00:00
2026-05-12 15:00:00+00:00,ADA-USD,15m,0.26910001039505005,0.2705000042915344,0.26910001039505005,0.2702000141143799,1223616,1223616,yfinance,2026-07-10T06:58:17.136516+00:00
2026-05-12 15:15:00+00:00,ADA-USD,15m,0.2700999975204468,0.2700999975204468,0.2678999900817871,0.26840001344680786,2262848,2262848,yfinance,2026-07-10T06:58:17.136516+00:00
2026-05-12 15:30:00+00:00,ADA-USD,15m,0.26840001344680786,0.2696000039577484,0.26829999685287476,0.2694999873638153,0,0,yfinance,2026-07-10T06:58:17.136516+00:00
2026-05-12 15:45:00+00:00,ADA-USD,15m,0.2696000039577484,0.26980000734329224,0.2689000070095062,0.26910001039505005,198752,198752,yfinance,2026-07-10T06:58:17.136516+00:00
2026-05-12 16:00:00+00:00,ADA-USD,15m,0.26910001039505005,0.27000001072883606,0.2687000036239624,0.2696000039577484,0,0,yfinance,2026-07-10T06:58:17.136516+00:00
2026-05-12 16:15:00+00:00,ADA-USD,15m,0.2694999873638153,0.2700999975204468,0.26919999718666077,0.26989999413490295,66336,66336,yfinance,2026-07-10T06:58:17.136516+00:00
2026-05-12 16:30:00+00:00,ADA-USD,15m,0.27000001072883606,0.2702000141143799,0.26899999380111694,0.26930001378059387,178400,178400,yfinance,2026-07-10T06:58:17.136516+00:00
2026-05-12 16:45:00+00:00,ADA-USD,15m,0.2694000005722046,0.2694000005722046,0.2671999931335449,0.26759999990463257,8222112,8222112,yfinance,2026-07-10T06:58:17.136516+00:00
2026-05-12 17:00:00+00:00,ADA-USD,15m,0.2678000032901764,0.2694000005722046,0.26759999990463257,0.2694000005722046,2027072,2027072,yfinance,2026-07-10T06:58:17.136516+00:00
2026-05-12 17:15:00+00:00,ADA-USD,15m,0.2694999873638153,0.2705000042915344,0.2694999873638153,0.2703000009059906,7481280,7481280,yfinance,2026-07-10T06:58:17.136516+00:00
2026-05-12 17:30:00+00:00,ADA-USD,15m,0.2703000009059906,0.27059999108314514,0.27000001072883606,0.2703999876976013,2748320,2748320,yfinance,2026-07-10T06:58:17.136516+00:00
2026-05-12 17:45:00+00:00,ADA-USD,15m,0.2703999876976013,0.27079999446868896,0.2700999975204468,0.2703999876976013,1141920,1141920,yfinance,2026-07-10T06:58:17.136516+00:00
2026-05-12 18:00:00+00:00,ADA-USD,15m,0.2703999876976013,0.27059999108314514,0.27000001072883606,0.2705000042915344,2854592,2854592,yfinance,2026-07-10T06:58:17.136516+00:00
2026-05-12 18:15:00+00:00,ADA-USD,15m,0.2703999876976013,0.27079999446868896,0.2703999876976013,0.2705000042915344,93408,93408,yfinance,2026-07-10T06:58:17.136516+00:00
2026-05-12 18:30:00+00:00,ADA-USD,15m,0.2705000042915344,0.27079999446868896,0.2703000009059906,0.27079999446868896,68768,68768,yfinance,2026-07-10T06:58:17.136516+00:00
2026-05-12 18:45:00+00:00,ADA-USD,15m,0.27070000767707825,0.2709999978542328,0.2703000009059906,0.2703000009059906,860640,860640,yfinance,2026-07-10T06:58:17.136516+00:00
2026-05-12 19:00:00+00:00,ADA-USD,15m,0.2703000009059906,0.2721000015735626,0.2703000009059906,0.2721000015735626,2562592,2562592,yfinance,2026-07-10T06:58:17.136516+00:00
2026-05-12 19:15:00+00:00,ADA-USD,15m,0.2721000015735626,0.27230000495910645,0.27149999141693115,0.27160000801086426,1766848,1766848,yfinance,2026-07-10T06:58:17.136516+00:00
2026-05-12 19:30:00+00:00,ADA-USD,15m,0.271699994802475,0.27250000834465027,0.27160000801086426,0.2720000147819519,996608,996608,yfinance,2026-07-10T06:58:17.136516+00:00
2026-05-12 19:45:00+00:00,ADA-USD,15m,0.2720000147819519,0.27239999175071716,0.2718999981880188,0.2721000015735626,829280,829280,yfinance,2026-07-10T06:58:17.136516+00:00
2026-05-12 20:00:00+00:00,ADA-USD,15m,0.2721000015735626,0.2721000015735626,0.27140000462532043,0.2718000113964081,724608,724608,yfinance,2026-07-10T06:58:17.136516+00:00
2026-05-12 20:15:00+00:00,ADA-USD,15m,0.2718000113964081,0.2721000015735626,0.27160000801086426,0.2721000015735626,119200,119200,yfinance,2026-07-10T06:58:17.136516+00:00
2026-05-12 20:30:00+00:00,ADA-USD,15m,0.2721000015735626,0.27219998836517334,0.27149999141693115,0.2720000147819519,0,0,yfinance,2026-07-10T06:58:17.136516+00:00
2026-05-12 20:45:00+00:00,ADA-USD,15m,0.27219998836517334,0.27219998836517334,0.271699994802475,0.2720000147819519,1272704,1272704,yfinance,2026-07-10T06:58:17.136516+00:00
2026-05-12 21:00:00+00:00,ADA-USD,15m,0.2720000147819519,0.27230000495910645,0.2718999981880188,0.2720000147819519,105312,105312,yfinance,2026-07-10T06:58:17.136516+00:00
2026-05-12 21:15:00+00:00,ADA-USD,15m,0.2720000147819519,0.2721000015735626,0.271699994802475,0.2718999981880188,628512,628512,yfinance,2026-07-10T06:58:17.136516+00:00
2026-05-12 21:30:00+00:00,ADA-USD,15m,0.27239999175071716,0.27239999175071716,0.271699994802475,0.27230000495910645,377024,377024,yfinance,2026-07-10T06:58:17.136516+00:00
2026-05-12 21:45:00+00:00,ADA-USD,15m,0.27219998836517334,0.27219998836517334,0.27149999141693115,0.2718000113964081,311744,311744,yfinance,2026-07-10T06:58:17.136516+00:00
2026-05-12 22:00:00+00:00,ADA-USD,15m,0.2718999981880188,0.2728999853134155,0.2718000113964081,0.2721000015735626,56096,56096,yfinance,2026-07-10T06:58:17.136516+00:00
2026-05-12 22:15:00+00:00,ADA-USD,15m,0.2720000147819519,0.27239999175071716,0.2718999981880188,0.27230000495910645,107456,107456,yfinance,2026-07-10T06:58:17.136516+00:00
2026-05-12 22:30:00+00:00,ADA-USD,15m,0.2721000015735626,0.27239999175071716,0.27160000801086426,0.2720000147819519,0,0,yfinance,2026-07-10T06:58:17.136516+00:00
2026-05-12 22:45:00+00:00,ADA-USD,15m,0.2718999981880188,0.2718999981880188,0.27129998803138733,0.271699994802475,252896,252896,yfinance,2026-07-10T06:58:17.136516+00:00
2026-05-12 23:00:00+00:00,ADA-USD,15m,0.27160000801086426,0.27239999175071716,0.27160000801086426,0.2718000113964081,553504,553504,yfinance,2026-07-10T06:58:17.136516+00:00
2026-05-12 23:15:00+00:00,ADA-USD,15m,0.2718000113964081,0.2721000015735626,0.2718000113964081,0.2720000147819519,231360,231360,yfinance,2026-07-10T06:58:17.136516+00:00
2026-05-12 23:30:00+00:00,ADA-USD,15m,0.2720000147819519,0.2720000147819519,0.27079999446868896,0.2711000144481659,2498528,2498528,yfinance,2026-07-10T06:58:17.136516+00:00
2026-05-12 23:45:00+00:00,ADA-USD,15m,0.2711000144481659,0.2712000012397766,0.27079999446868896,0.2709999978542328,601536,601536,yfinance,2026-07-10T06:58:17.136516+00:00
2026-05-13 00:00:00+00:00,ADA-USD,15m,0.2711000144481659,0.271699994802475,0.2709999978542328,0.271699994802475,120672,120672,yfinance,2026-07-10T06:58:17.136516+00:00
2026-05-13 00:15:00+00:00,ADA-USD,15m,0.27160000801086426,0.2734000086784363,0.27160000801086426,0.27239999175071716,10309248,10309248,yfinance,2026-07-10T06:58:17.136516+00:00
2026-05-13 00:30:00+00:00,ADA-USD,15m,0.27239999175071716,0.272599995136261,0.27140000462532043,0.27149999141693115,4142656,4142656,yfinance,2026-07-10T06:58:17.136516+00:00
2026-05-13 00:45:00+00:00,ADA-USD,15m,0.27149999141693115,0.2718999981880188,0.2711000144481659,0.27160000801086426,5185056,5185056,yfinance,2026-07-10T06:58:17.136516+00:00
2026-05-13 01:00:00+00:00,ADA-USD,15m,0.27160000801086426,0.273499995470047,0.27160000801086426,0.2732999920845032,3324000,3324000,yfinance,2026-07-10T06:58:17.136516+00:00
2026-05-13 01:15:00+00:00,ADA-USD,15m,0.27320000529289246,0.2741999924182892,0.2727999985218048,0.27390000224113464,903680,903680,yfinance,2026-07-10T06:58:17.136516+00:00
2026-05-13 01:30:00+00:00,ADA-USD,15m,0.27399998903274536,0.2741999924182892,0.27320000529289246,0.27320000529289246,103168,103168,yfinance,2026-07-10T06:58:17.136516+00:00
2026-05-13 01:45:00+00:00,ADA-USD,15m,0.2734000086784363,0.27390000224113464,0.27320000529289246,0.2732999920845032,0,0,yfinance,2026-07-10T06:58:17.136516+00:00
2026-05-13 02:00:00+00:00,ADA-USD,15m,0.2732999920845032,0.2736999988555908,0.27300000190734863,0.2732999920845032,0,0,yfinance,2026-07-10T06:58:17.136516+00:00
2026-05-13 02:15:00+00:00,ADA-USD,15m,0.2734000086784363,0.2743000090122223,0.27320000529289246,0.2734000086784363,190496,190496,yfinance,2026-07-10T06:58:17.136516+00:00
2026-05-13 02:30:00+00:00,ADA-USD,15m,0.273499995470047,0.273499995470047,0.27309998869895935,0.273499995470047,218368,218368,yfinance,2026-07-10T06:58:17.136516+00:00
2026-05-13 02:45:00+00:00,ADA-USD,15m,0.2734000086784363,0.2736999988555908,0.2732999920845032,0.273499995470047,0,0,yfinance,2026-07-10T06:58:17.136516+00:00
2026-05-13 03:00:00+00:00,ADA-USD,15m,0.273499995470047,0.27379998564720154,0.27320000529289246,0.2732999920845032,0,0,yfinance,2026-07-10T06:58:17.136516+00:00
2026-05-13 03:15:00+00:00,ADA-USD,15m,0.2732999920845032,0.27410000562667847,0.2732999920845032,0.27399998903274536,97888,97888,yfinance,2026-07-10T06:58:17.136516+00:00
2026-05-13 03:30:00+00:00,ADA-USD,15m,0.27410000562667847,0.2741999924182892,0.2736999988555908,0.27399998903274536,42272,42272,yfinance,2026-07-10T06:58:17.136516+00:00
2026-05-13 03:45:00+00:00,ADA-USD,15m,0.27399998903274536,0.274399995803833,0.27379998564720154,0.27410000562667847,295264,295264,yfinance,2026-07-10T06:58:17.136516+00:00
2026-05-13 04:00:00+00:00,ADA-USD,15m,0.27410000562667847,0.274399995803833,0.27379998564720154,0.27390000224113464,0,0,yfinance,2026-07-10T06:58:17.136516+00:00
2026-05-13 04:15:00+00:00,ADA-USD,15m,0.27399998903274536,0.2741999924182892,0.273499995470047,0.27379998564720154,246272,246272,yfinance,2026-07-10T06:58:17.136516+00:00
2026-05-13 04:30:00+00:00,ADA-USD,15m,0.27399998903274536,0.27480000257492065,0.27390000224113464,0.2743000090122223,2027872,2027872,yfinance,2026-07-10T06:58:17.136516+00:00
2026-05-13 04:45:00+00:00,ADA-USD,15m,0.2743000090122223,0.27480000257492065,0.2743000090122223,0.2743000090122223,647904,647904,yfinance,2026-07-10T06:58:17.136516+00:00
2026-05-13 05:00:00+00:00,ADA-USD,15m,0.2743000090122223,0.2745000123977661,0.27399998903274536,0.27410000562667847,117568,117568,yfinance,2026-07-10T06:58:17.136516+00:00
2026-05-13 05:15:00+00:00,ADA-USD,15m,0.2741999924182892,0.2741999924182892,0.2734000086784363,0.27410000562667847,1767328,1767328,yfinance,2026-07-10T06:58:17.136516+00:00
2026-05-13 05:30:00+00:00,ADA-USD,15m,0.27399998903274536,0.27399998903274536,0.272599995136261,0.2727000117301941,725856,725856,yfinance,2026-07-10T06:58:17.136516+00:00
2026-05-13 05:45:00+00:00,ADA-USD,15m,0.2727000117301941,0.2736000120639801,0.27250000834465027,0.27309998869895935,1190880,1190880,yfinance,2026-07-10T06:58:17.136516+00:00
2026-05-13 06:00:00+00:00,ADA-USD,15m,0.27309998869895935,0.2736999988555908,0.2727999985218048,0.2736999988555908,611968,611968,yfinance,2026-07-10T06:58:17.136516+00:00
2026-05-13 06:15:00+00:00,ADA-USD,15m,0.2736999988555908,0.27390000224113464,0.2734000086784363,0.27390000224113464,0,0,yfinance,2026-07-10T06:58:17.136516+00:00
2026-05-13 06:30:00+00:00,ADA-USD,15m,0.27399998903274536,0.27399998903274536,0.27300000190734863,0.2732999920845032,241024,241024,yfinance,2026-07-10T06:58:17.136516+00:00
2026-05-13 06:45:00+00:00,ADA-USD,15m,0.27320000529289246,0.2732999920845032,0.27250000834465027,0.272599995136261,0,0,yfinance,2026-07-10T06:58:17.136516+00:00
2026-05-13 07:00:00+00:00,ADA-USD,15m,0.27250000834465027,0.2736000120639801,0.27250000834465027,0.2736000120639801,0,0,yfinance,2026-07-10T06:58:17.136516+00:00
2026-05-13 07:15:00+00:00,ADA-USD,15m,0.2736000120639801,0.2736999988555908,0.272599995136261,0.2728999853134155,30272,30272,yfinance,2026-07-10T06:58:17.136516+00:00
2026-05-13 07:30:00+00:00,ADA-USD,15m,0.2727999985218048,0.27309998869895935,0.272599995136261,0.2728999853134155,1222976,1222976,yfinance,2026-07-10T06:58:17.136516+00:00
2026-05-13 07:45:00+00:00,ADA-USD,15m,0.2728999853134155,0.2732999920845032,0.272599995136261,0.2732999920845032,145440,145440,yfinance,2026-07-10T06:58:17.136516+00:00
2026-05-13 08:00:00+00:00,ADA-USD,15m,0.2734000086784363,0.2736000120639801,0.27300000190734863,0.2734000086784363,0,0,yfinance,2026-07-10T06:58:17.136516+00:00
2026-05-13 08:15:00+00:00,ADA-USD,15m,0.2734000086784363,0.27390000224113464,0.2734000086784363,0.2734000086784363,0,0,yfinance,2026-07-10T06:58:17.136516+00:00
2026-05-13 08:30:00+00:00,ADA-USD,15m,0.2734000086784363,0.2745000123977661,0.27300000190734863,0.27410000562667847,561824,561824,yfinance,2026-07-10T06:58:17.136516+00:00
2026-05-13 08:45:00+00:00,ADA-USD,15m,0.27410000562667847,0.2743000090122223,0.27379998564720154,0.27390000224113464,0,0,yfinance,2026-07-10T06:58:17.136516+00:00
2026-05-13 09:00:00+00:00,ADA-USD,15m,0.27390000224113464,0.27469998598098755,0.27390000224113464,0.27459999918937683,0,0,yfinance,2026-07-10T06:58:17.136516+00:00
2026-05-13 09:15:00+00:00,ADA-USD,15m,0.27459999918937683,0.2759999930858612,0.27459999918937683,0.27559998631477356,4425280,4425280,yfinance,2026-07-10T06:58:17.136516+00:00
2026-05-13 09:30:00+00:00,ADA-USD,15m,0.27570000290870667,0.2775999903678894,0.27570000290870667,0.2768999934196472,1863136,1863136,yfinance,2026-07-10T06:58:17.136516+00:00
2026-05-13 09:45:00+00:00,ADA-USD,15m,0.2768999934196472,0.2773999869823456,0.2768000066280365,0.27720001339912415,1763104,1763104,yfinance,2026-07-10T06:58:17.136516+00:00
2026-05-13 10:00:00+00:00,ADA-USD,15m,0.27709999680519104,0.27720001339912415,0.27469998598098755,0.2750000059604645,0,0,yfinance,2026-07-10T06:58:17.136516+00:00
2026-05-13 10:15:00+00:00,ADA-USD,15m,0.2750000059604645,0.27570000290870667,0.274399995803833,0.27469998598098755,1083936,1083936,yfinance,2026-07-10T06:58:17.136516+00:00
2026-05-13 10:30:00+00:00,ADA-USD,15m,0.27469998598098755,0.27469998598098755,0.2734000086784363,0.273499995470047,513856,513856,yfinance,2026-07-10T06:58:17.136516+00:00
2026-05-13 10:45:00+00:00,ADA-USD,15m,0.273499995470047,0.27390000224113464,0.2732999920845032,0.27379998564720154,0,0,yfinance,2026-07-10T06:58:17.136516+00:00
2026-05-13 11:00:00+00:00,ADA-USD,15m,0.27390000224113464,0.27410000562667847,0.2718000113964081,0.27230000495910645,1783936,1783936,yfinance,2026-07-10T06:58:17.136516+00:00
2026-05-13 11:15:00+00:00,ADA-USD,15m,0.27219998836517334,0.27309998869895935,0.2721000015735626,0.27219998836517334,482688,482688,yfinance,2026-07-10T06:58:17.136516+00:00
2026-05-13 11:30:00+00:00,ADA-USD,15m,0.2721000015735626,0.2727000117301941,0.2721000015735626,0.27239999175071716,76064,76064,yfinance,2026-07-10T06:58:17.136516+00:00
2026-05-13 11:45:00+00:00,ADA-USD,15m,0.27230000495910645,0.27230000495910645,0.2702000141143799,0.27059999108314514,7950112,7950112,yfinance,2026-07-10T06:58:17.136516+00:00
2026-05-13 12:00:00+00:00,ADA-USD,15m,0.2705000042915344,0.27149999141693115,0.2705000042915344,0.2709999978542328,5787776,5787776,yfinance,2026-07-10T06:58:17.136516+00:00
2026-05-13 12:15:00+00:00,ADA-USD,15m,0.2711000144481659,0.2712000012397766,0.2694000005722046,0.2703999876976013,2478112,2478112,yfinance,2026-07-10T06:58:17.136516+00:00
2026-05-13 12:30:00+00:00,ADA-USD,15m,0.27000001072883606,0.27000001072883606,0.266400009393692,0.2678999900817871,11501792,11501792,yfinance,2026-07-10T06:58:17.136516+00:00
2026-05-13 12:45:00+00:00,ADA-USD,15m,0.2678000032901764,0.2685000002384186,0.2676999866962433,0.26809999346733093,8661312,8661312,yfinance,2026-07-10T06:58:17.136516+00:00
2026-05-13 13:00:00+00:00,ADA-USD,15m,0.2680000066757202,0.2689000070095062,0.2680000066757202,0.2685999870300293,5966336,5966336,yfinance,2026-07-10T06:58:17.136516+00:00
2026-05-13 13:15:00+00:00,ADA-USD,15m,0.2685000002384186,0.2689000070095062,0.26739999651908875,0.26759999990463257,0,0,yfinance,2026-07-10T06:58:17.136516+00:00
2026-05-13 13:30:00+00:00,ADA-USD,15m,0.267300009727478,0.2678999900817871,0.266400009393692,0.26660001277923584,4018624,4018624,yfinance,2026-07-10T06:58:17.136516+00:00
2026-05-13 13:45:00+00:00,ADA-USD,15m,0.26660001277923584,0.26669999957084656,0.2648000121116638,0.2655999958515167,7058880,7058880,yfinance,2026-07-10T06:58:17.136516+00:00
2026-05-13 14:00:00+00:00,ADA-USD,15m,0.2653999924659729,0.26589998602867126,0.2639000117778778,0.26579999923706055,5160768,5160768,yfinance,2026-07-10T06:58:17.136516+00:00
2026-05-13 14:15:00+00:00,ADA-USD,15m,0.26579999923706055,0.26669999957084656,0.265500009059906,0.2662000060081482,4226304,4226304,yfinance,2026-07-10T06:58:17.136516+00:00
2026-05-13 14:30:00+00:00,ADA-USD,15m,0.2662000060081482,0.266400009393692,0.26579999923706055,0.26589998602867126,0,0,yfinance,2026-07-10T06:58:17.136516+00:00
2026-05-13 14:45:00+00:00,ADA-USD,15m,0.26589998602867126,0.2662999927997589,0.2653000056743622,0.26579999923706055,105696,105696,yfinance,2026-07-10T06:58:17.136516+00:00
2026-05-13 15:00:00+00:00,ADA-USD,15m,0.26600000262260437,0.26660001277923584,0.26460000872612,0.26489999890327454,638528,638528,yfinance,2026-07-10T06:58:17.136516+00:00
2026-05-13 15:15:00+00:00,ADA-USD,15m,0.2648000121116638,0.26510000228881836,0.26260000467300415,0.2630999982357025,625984,625984,yfinance,2026-07-10T06:58:17.136516+00:00
2026-05-13 15:30:00+00:00,ADA-USD,15m,0.2630000114440918,0.26420000195503235,0.26260000467300415,0.263700008392334,3663456,3663456,yfinance,2026-07-10T06:58:17.136516+00:00
2026-05-13 15:45:00+00:00,ADA-USD,15m,0.263700008392334,0.26409998536109924,0.2612999975681305,0.2621000111103058,2263744,2263744,yfinance,2026-07-10T06:58:17.136516+00:00
2026-05-13 16:00:00+00:00,ADA-USD,15m,0.2619999945163727,0.26339998841285706,0.26190000772476196,0.2630000114440918,11227968,11227968,yfinance,2026-07-10T06:58:17.136516+00:00
2026-05-13 16:15:00+00:00,ADA-USD,15m,0.2630000114440918,0.2639999985694885,0.2628999948501587,0.2639000117778778,3847168,3847168,yfinance,2026-07-10T06:58:17.136516+00:00
2026-05-13 16:30:00+00:00,ADA-USD,15m,0.2637999951839447,0.26460000872612,0.2637999951839447,0.2644999921321869,3392192,3392192,yfinance,2026-07-10T06:58:17.136516+00:00
2026-05-13 16:45:00+00:00,ADA-USD,15m,0.26440000534057617,0.2646999955177307,0.26409998536109924,0.26429998874664307,0,0,yfinance,2026-07-10T06:58:17.136516+00:00
2026-05-13 17:00:00+00:00,ADA-USD,15m,0.2644999921321869,0.26489999890327454,0.2639999985694885,0.26440000534057617,733664,733664,yfinance,2026-07-10T06:58:17.136516+00:00
2026-05-13 17:15:00+00:00,ADA-USD,15m,0.26440000534057617,0.2646999955177307,0.2639000117778778,0.2644999921321869,0,0,yfinance,2026-07-10T06:58:17.136516+00:00
2026-05-13 17:30:00+00:00,ADA-USD,15m,0.26440000534057617,0.26460000872612,0.26409998536109924,0.26429998874664307,0,0,yfinance,2026-07-10T06:58:17.136516+00:00
2026-05-13 17:45:00+00:00,ADA-USD,15m,0.26420000195503235,0.2644999921321869,0.2639000117778778,0.26409998536109924,511136,511136,yfinance,2026-07-10T06:58:17.136516+00:00
2026-05-13 18:00:00+00:00,ADA-USD,15m,0.26409998536109924,0.2653999924659729,0.2639999985694885,0.26510000228881836,1296768,1296768,yfinance,2026-07-10T06:58:17.136516+00:00
2026-05-13 18:15:00+00:00,ADA-USD,15m,0.2651999890804291,0.26579999923706055,0.26510000228881836,0.265500009059906,3660000,3660000,yfinance,2026-07-10T06:58:17.136516+00:00
2026-05-13 18:30:00+00:00,ADA-USD,15m,0.265500009059906,0.26570001244544983,0.26510000228881836,0.26510000228881836,1263712,1263712,yfinance,2026-07-10T06:58:17.136516+00:00
2026-05-13 18:45:00+00:00,ADA-USD,15m,0.26510000228881836,0.2651999890804291,0.26429998874664307,0.26460000872612,569888,569888,yfinance,2026-07-10T06:58:17.136516+00:00
2026-05-13 19:00:00+00:00,ADA-USD,15m,0.2646999955177307,0.2648000121116638,0.26350000500679016,0.2637999951839447,0,0,yfinance,2026-07-10T06:58:17.136516+00:00
2026-05-13 19:15:00+00:00,ADA-USD,15m,0.2637999951839447,0.2639000117778778,0.26330000162124634,0.263700008392334,0,0,yfinance,2026-07-10T06:58:17.136516+00:00
2026-05-13 19:30:00+00:00,ADA-USD,15m,0.263700008392334,0.26429998874664307,0.263700008392334,0.263700008392334,30336,30336,yfinance,2026-07-10T06:58:17.136516+00:00
2026-05-13 19:45:00+00:00,ADA-USD,15m,0.263700008392334,0.26409998536109924,0.26339998841285706,0.263700008392334,14784,14784,yfinance,2026-07-10T06:58:17.136516+00:00
2026-05-13 20:00:00+00:00,ADA-USD,15m,0.2637999951839447,0.2646999955177307,0.2635999917984009,0.26440000534057617,556608,556608,yfinance,2026-07-10T06:58:17.136516+00:00
2026-05-13 20:15:00+00:00,ADA-USD,15m,0.26440000534057617,0.26489999890327454,0.26440000534057617,0.2644999921321869,335424,335424,yfinance,2026-07-10T06:58:17.136516+00:00
2026-05-13 20:30:00+00:00,ADA-USD,15m,0.26440000534057617,0.26499998569488525,0.26440000534057617,0.2646999955177307,365152,365152,yfinance,2026-07-10T06:58:17.136516+00:00
2026-05-13 20:45:00+00:00,ADA-USD,15m,0.2648000121116638,0.26510000228881836,0.26460000872612,0.2646999955177307,51840,51840,yfinance,2026-07-10T06:58:17.136516+00:00
2026-05-13 21:00:00+00:00,ADA-USD,15m,0.2648000121116638,0.26489999890327454,0.2632000148296356,0.2637999951839447,0,0,yfinance,2026-07-10T06:58:17.136516+00:00
2026-05-13 21:15:00+00:00,ADA-USD,15m,0.2637999951839447,0.2637999951839447,0.26339998841285706,0.2635999917984009,0,0,yfinance,2026-07-10T06:58:17.136516+00:00
2026-05-13 21:30:00+00:00,ADA-USD,15m,0.2635999917984009,0.26409998536109924,0.26350000500679016,0.2637999951839447,1757184,1757184,yfinance,2026-07-10T06:58:17.136516+00:00
2026-05-13 21:45:00+00:00,ADA-USD,15m,0.2637999951839447,0.2644999921321869,0.2637999951839447,0.2639000117778778,270240,270240,yfinance,2026-07-10T06:58:17.136516+00:00
2026-05-13 22:00:00+00:00,ADA-USD,15m,0.26409998536109924,0.26409998536109924,0.2630000114440918,0.263700008392334,138752,138752,yfinance,2026-07-10T06:58:17.136516+00:00
2026-05-13 22:15:00+00:00,ADA-USD,15m,0.263700008392334,0.263700008392334,0.26330000162124634,0.263700008392334,1212832,1212832,yfinance,2026-07-10T06:58:17.136516+00:00
2026-05-13 22:30:00+00:00,ADA-USD,15m,0.2635999917984009,0.263700008392334,0.2630000114440918,0.2635999917984009,2167232,2167232,yfinance,2026-07-10T06:58:17.136516+00:00
2026-05-13 22:45:00+00:00,ADA-USD,15m,0.2635999917984009,0.26499998569488525,0.2632000148296356,0.2648000121116638,7285440,7285440,yfinance,2026-07-10T06:58:17.136516+00:00
2026-05-13 23:00:00+00:00,ADA-USD,15m,0.26489999890327454,0.26600000262260437,0.2646999955177307,0.26489999890327454,6551520,6551520,yfinance,2026-07-10T06:58:17.136516+00:00
2026-05-13 23:15:00+00:00,ADA-USD,15m,0.26489999890327454,0.26499998569488525,0.26440000534057617,0.26460000872612,6356640,6356640,yfinance,2026-07-10T06:58:17.136516+00:00
2026-05-13 23:30:00+00:00,ADA-USD,15m,0.2646999955177307,0.2648000121116638,0.26429998874664307,0.2644999921321869,377024,377024,yfinance,2026-07-10T06:58:17.136516+00:00
2026-05-13 23:45:00+00:00,ADA-USD,15m,0.2644999921321869,0.2648000121116638,0.2644999921321869,0.2644999921321869,77632,77632,yfinance,2026-07-10T06:58:17.136516+00:00
2026-05-14 00:00:00+00:00,ADA-USD,15m,0.26460000872612,0.26570001244544983,0.26460000872612,0.2653999924659729,3484448,3484448,yfinance,2026-07-10T06:58:17.136516+00:00
2026-05-14 00:15:00+00:00,ADA-USD,15m,0.2653999924659729,0.26579999923706055,0.26510000228881836,0.2653999924659729,0,0,yfinance,2026-07-10T06:58:17.136516+00:00
2026-05-14 00:30:00+00:00,ADA-USD,15m,0.2655999958515167,0.26579999923706055,0.2653999924659729,0.26570001244544983,0,0,yfinance,2026-07-10T06:58:17.136516+00:00
2026-05-14 00:45:00+00:00,ADA-USD,15m,0.26579999923706055,0.26600000262260437,0.2653000056743622,0.2655999958515167,0,0,yfinance,2026-07-10T06:58:17.136516+00:00
2026-05-14 01:00:00+00:00,ADA-USD,15m,0.2653999924659729,0.26589998602867126,0.2653999924659729,0.26570001244544983,0,0,yfinance,2026-07-10T06:58:17.136516+00:00
2026-05-14 01:15:00+00:00,ADA-USD,15m,0.2655999958515167,0.26579999923706055,0.2651999890804291,0.2653999924659729,0,0,yfinance,2026-07-10T06:58:17.136516+00:00
2026-05-14 01:30:00+00:00,ADA-USD,15m,0.2653999924659729,0.26579999923706055,0.26499998569488525,0.2651999890804291,0,0,yfinance,2026-07-10T06:58:17.136516+00:00
2026-05-14 01:45:00+00:00,ADA-USD,15m,0.2653000056743622,0.26579999923706055,0.26510000228881836,0.2653999924659729,252864,252864,yfinance,2026-07-10T06:58:17.136516+00:00
2026-05-14 02:00:00+00:00,ADA-USD,15m,0.265500009059906,0.2660999894142151,0.2653000056743622,0.2655999958515167,341184,341184,yfinance,2026-07-10T06:58:17.136516+00:00
2026-05-14 02:15:00+00:00,ADA-USD,15m,0.2655999958515167,0.26570001244544983,0.2651999890804291,0.265500009059906,114880,114880,yfinance,2026-07-10T06:58:17.136516+00:00
2026-05-14 02:30:00+00:00,ADA-USD,15m,0.265500009059906,0.265500009059906,0.26499998569488525,0.2653000056743622,0,0,yfinance,2026-07-10T06:58:17.136516+00:00
2026-05-14 02:45:00+00:00,ADA-USD,15m,0.2653000056743622,0.2653999924659729,0.26429998874664307,0.26460000872612,1981024,1981024,yfinance,2026-07-10T06:58:17.136516+00:00
2026-05-14 03:00:00+00:00,ADA-USD,15m,0.26460000872612,0.26499998569488525,0.263700008392334,0.26420000195503235,785888,785888,yfinance,2026-07-10T06:58:17.136516+00:00
2026-05-14 03:15:00+00:00,ADA-USD,15m,0.26420000195503235,0.26420000195503235,0.26249998807907104,0.2639000117778778,2622528,2622528,yfinance,2026-07-10T06:58:17.136516+00:00
2026-05-14 03:30:00+00:00,ADA-USD,15m,0.2637999951839447,0.26420000195503235,0.2632000148296356,0.2635999917984009,1593568,1593568,yfinance,2026-07-10T06:58:17.136516+00:00
2026-05-14 03:45:00+00:00,ADA-USD,15m,0.26350000500679016,0.2635999917984009,0.2623000144958496,0.262800008058548,437440,437440,yfinance,2026-07-10T06:58:17.136516+00:00
2026-05-14 04:00:00+00:00,ADA-USD,15m,0.2628999948501587,0.263700008392334,0.26249998807907104,0.2635999917984009,1544128,1544128,yfinance,2026-07-10T06:58:17.136516+00:00
2026-05-14 04:15:00+00:00,ADA-USD,15m,0.2637999951839447,0.26420000195503235,0.2635999917984009,0.2639999985694885,810976,810976,yfinance,2026-07-10T06:58:17.136516+00:00
2026-05-14 04:30:00+00:00,ADA-USD,15m,0.2639999985694885,0.26420000195503235,0.2637999951839447,0.26409998536109924,127872,127872,yfinance,2026-07-10T06:58:17.136516+00:00
2026-05-14 04:45:00+00:00,ADA-USD,15m,0.26409998536109924,0.2648000121116638,0.2637999951839447,0.2644999921321869,1139200,1139200,yfinance,2026-07-10T06:58:17.136516+00:00
2026-05-14 05:00:00+00:00,ADA-USD,15m,0.2644999921321869,0.26489999890327454,0.2644999921321869,0.2648000121116638,0,0,yfinance,2026-07-10T06:58:17.136516+00:00
2026-05-14 05:15:00+00:00,ADA-USD,15m,0.26460000872612,0.2653999924659729,0.26460000872612,0.2653000056743622,42080,42080,yfinance,2026-07-10T06:58:17.136516+00:00
2026-05-14 05:30:00+00:00,ADA-USD,15m,0.2653999924659729,0.26589998602867126,0.2653000056743622,0.2655999958515167,982112,982112,yfinance,2026-07-10T06:58:17.136516+00:00
2026-05-14 05:45:00+00:00,ADA-USD,15m,0.2655999958515167,0.26649999618530273,0.2655999958515167,0.26600000262260437,2479776,2479776,yfinance,2026-07-10T06:58:17.136516+00:00
2026-05-14 06:00:00+00:00,ADA-USD,15m,0.26600000262260437,0.2662999927997589,0.2655999958515167,0.2660999894142151,889792,889792,yfinance,2026-07-10T06:58:17.136516+00:00
2026-05-14 06:15:00+00:00,ADA-USD,15m,0.2660999894142151,0.2662999927997589,0.26579999923706055,0.26589998602867126,8448,8448,yfinance,2026-07-10T06:58:17.136516+00:00
2026-05-14 06:30:00+00:00,ADA-USD,15m,0.26589998602867126,0.26600000262260437,0.2651999890804291,0.26570001244544983,431392,431392,yfinance,2026-07-10T06:58:17.136516+00:00
2026-05-14 06:45:00+00:00,ADA-USD,15m,0.265500009059906,0.26579999923706055,0.2651999890804291,0.2651999890804291,219872,219872,yfinance,2026-07-10T06:58:17.136516+00:00
2026-05-14 07:00:00+00:00,ADA-USD,15m,0.2651999890804291,0.2655999958515167,0.2644999921321869,0.2646999955177307,1664928,1664928,yfinance,2026-07-10T06:58:17.136516+00:00
2026-05-14 07:15:00+00:00,ADA-USD,15m,0.2644999921321869,0.2653000056743622,0.2644999921321869,0.26489999890327454,88096,88096,yfinance,2026-07-10T06:58:17.136516+00:00
2026-05-14 07:30:00+00:00,ADA-USD,15m,0.2648000121116638,0.265500009059906,0.2648000121116638,0.26510000228881836,257216,257216,yfinance,2026-07-10T06:58:17.136516+00:00
2026-05-14 07:45:00+00:00,ADA-USD,15m,0.26510000228881836,0.26510000228881836,0.26440000534057617,0.26440000534057617,25312,25312,yfinance,2026-07-10T06:58:17.136516+00:00
2026-05-14 08:00:00+00:00,ADA-USD,15m,0.26440000534057617,0.26460000872612,0.263700008392334,0.26460000872612,871872,871872,yfinance,2026-07-10T06:58:17.136516+00:00
2026-05-14 08:15:00+00:00,ADA-USD,15m,0.26460000872612,0.26489999890327454,0.26429998874664307,0.26460000872612,713408,713408,yfinance,2026-07-10T06:58:17.136516+00:00
2026-05-14 08:30:00+00:00,ADA-USD,15m,0.2646999955177307,0.2655999958515167,0.2646999955177307,0.26510000228881836,456032,456032,yfinance,2026-07-10T06:58:17.136516+00:00
2026-05-14 08:45:00+00:00,ADA-USD,15m,0.26510000228881836,0.2651999890804291,0.26460000872612,0.26510000228881836,175360,175360,yfinance,2026-07-10T06:58:17.136516+00:00
2026-05-14 09:00:00+00:00,ADA-USD,15m,0.26510000228881836,0.26510000228881836,0.26460000872612,0.26489999890327454,164256,164256,yfinance,2026-07-10T06:58:17.136516+00:00
2026-05-14 09:15:00+00:00,ADA-USD,15m,0.2648000121116638,0.26499998569488525,0.2644999921321869,0.26460000872612,0,0,yfinance,2026-07-10T06:58:17.136516+00:00
2026-05-14 09:30:00+00:00,ADA-USD,15m,0.2644999921321869,0.2644999921321869,0.2635999917984009,0.2639999985694885,0,0,yfinance,2026-07-10T06:58:17.136516+00:00
2026-05-14 09:45:00+00:00,ADA-USD,15m,0.2639999985694885,0.2646999955177307,0.2637999951839447,0.2646999955177307,0,0,yfinance,2026-07-10T06:58:17.136516+00:00
2026-05-14 10:00:00+00:00,ADA-USD,15m,0.2644999921321869,0.26510000228881836,0.2639999985694885,0.2646999955177307,0,0,yfinance,2026-07-10T06:58:17.136516+00:00
2026-05-14 10:15:00+00:00,ADA-USD,15m,0.2646999955177307,0.2653000056743622,0.2644999921321869,0.26460000872612,0,0,yfinance,2026-07-10T06:58:17.136516+00:00
2026-05-14 10:30:00+00:00,ADA-USD,15m,0.26460000872612,0.2646999955177307,0.263700008392334,0.2637999951839447,0,0,yfinance,2026-07-10T06:58:17.136516+00:00
2026-05-14 10:45:00+00:00,ADA-USD,15m,0.2639000117778778,0.2646999955177307,0.2639000117778778,0.2646999955177307,1016096,1016096,yfinance,2026-07-10T06:58:17.136516+00:00
2026-05-14 11:00:00+00:00,ADA-USD,15m,0.2646999955177307,0.26499998569488525,0.2644999921321869,0.2644999921321869,0,0,yfinance,2026-07-10T06:58:17.136516+00:00
2026-05-14 11:15:00+00:00,ADA-USD,15m,0.2644999921321869,0.2646999955177307,0.2639000117778778,0.26409998536109924,0,0,yfinance,2026-07-10T06:58:17.136516+00:00
2026-05-14 11:30:00+00:00,ADA-USD,15m,0.26409998536109924,0.26409998536109924,0.2635999917984009,0.263700008392334,158240,158240,yfinance,2026-07-10T06:58:17.136516+00:00
2026-05-14 11:45:00+00:00,ADA-USD,15m,0.2637999951839447,0.26420000195503235,0.2635999917984009,0.2639000117778778,0,0,yfinance,2026-07-10T06:58:17.136516+00:00
2026-05-14 12:00:00+00:00,ADA-USD,15m,0.2637999951839447,0.26489999890327454,0.263700008392334,0.2646999955177307,0,0,yfinance,2026-07-10T06:58:17.136516+00:00
2026-05-14 12:15:00+00:00,ADA-USD,15m,0.2646999955177307,0.26499998569488525,0.26429998874664307,0.2646999955177307,0,0,yfinance,2026-07-10T06:58:17.136516+00:00
2026-05-14 12:30:00+00:00,ADA-USD,15m,0.2646999955177307,0.2660999894142151,0.2646999955177307,0.26589998602867126,0,0,yfinance,2026-07-10T06:58:17.136516+00:00
2026-05-14 12:45:00+00:00,ADA-USD,15m,0.26589998602867126,0.2667999863624573,0.26579999923706055,0.26649999618530273,38048,38048,yfinance,2026-07-10T06:58:17.136516+00:00
2026-05-14 13:00:00+00:00,ADA-USD,15m,0.26649999618530273,0.26750001311302185,0.2662000060081482,0.26739999651908875,169504,169504,yfinance,2026-07-10T06:58:17.136516+00:00
2026-05-14 13:15:00+00:00,ADA-USD,15m,0.26750001311302185,0.2678999900817871,0.2669000029563904,0.2671000063419342,3122048,3122048,yfinance,2026-07-10T06:58:17.136516+00:00
2026-05-14 13:30:00+00:00,ADA-USD,15m,0.2671999931335449,0.26739999651908875,0.2662000060081482,0.2671999931335449,0,0,yfinance,2026-07-10T06:58:17.136516+00:00
2026-05-14 13:45:00+00:00,ADA-USD,15m,0.26739999651908875,0.2678000032901764,0.26660001277923584,0.2667999863624573,0,0,yfinance,2026-07-10T06:58:17.136516+00:00
2026-05-14 14:00:00+00:00,ADA-USD,15m,0.26669999957084656,0.2671999931335449,0.2646999955177307,0.2662999927997589,813824,813824,yfinance,2026-07-10T06:58:17.136516+00:00
2026-05-14 14:15:00+00:00,ADA-USD,15m,0.2662000060081482,0.2680000066757202,0.2660999894142151,0.2676999866962433,1756512,1756512,yfinance,2026-07-10T06:58:17.136516+00:00
2026-05-14 14:30:00+00:00,ADA-USD,15m,0.2678000032901764,0.26840001344680786,0.26739999651908875,0.26820001006126404,2206400,2206400,yfinance,2026-07-10T06:58:17.136516+00:00
2026-05-14 14:45:00+00:00,ADA-USD,15m,0.26829999685287476,0.2703999876976013,0.26820001006126404,0.2702000141143799,3480320,3480320,yfinance,2026-07-10T06:58:17.136516+00:00
2026-05-14 15:00:00+00:00,ADA-USD,15m,0.2703000009059906,0.27070000767707825,0.2689000070095062,0.26989999413490295,1136576,1136576,yfinance,2026-07-10T06:58:17.136516+00:00
2026-05-14 15:15:00+00:00,ADA-USD,15m,0.26989999413490295,0.27059999108314514,0.26969999074935913,0.2702000141143799,183296,183296,yfinance,2026-07-10T06:58:17.136516+00:00
2026-05-14 15:30:00+00:00,ADA-USD,15m,0.2702000141143799,0.2705000042915344,0.26910001039505005,0.26980000734329224,0,0,yfinance,2026-07-10T06:58:17.136516+00:00
2026-05-14 15:45:00+00:00,ADA-USD,15m,0.26980000734329224,0.27059999108314514,0.26969999074935913,0.2702000141143799,0,0,yfinance,2026-07-10T06:58:17.136516+00:00
2026-05-14 16:00:00+00:00,ADA-USD,15m,0.2703999876976013,0.27230000495910645,0.26989999413490295,0.27160000801086426,874752,874752,yfinance,2026-07-10T06:58:17.136516+00:00
2026-05-14 16:15:00+00:00,ADA-USD,15m,0.2718000113964081,0.2720000147819519,0.2709999978542328,0.271699994802475,1318784,1318784,yfinance,2026-07-10T06:58:17.136516+00:00
2026-05-14 16:30:00+00:00,ADA-USD,15m,0.2718999981880188,0.2720000147819519,0.27070000767707825,0.27140000462532043,1969664,1969664,yfinance,2026-07-10T06:58:17.136516+00:00
2026-05-14 16:45:00+00:00,ADA-USD,15m,0.27140000462532043,0.27219998836517334,0.2694999873638153,0.27219998836517334,2435360,2435360,yfinance,2026-07-10T06:58:17.136516+00:00
2026-05-14 17:00:00+00:00,ADA-USD,15m,0.27219998836517334,0.2734000086784363,0.27149999141693115,0.2718999981880188,5754176,5754176,yfinance,2026-07-10T06:58:17.136516+00:00
2026-05-14 17:15:00+00:00,ADA-USD,15m,0.2718999981880188,0.2718999981880188,0.2703000009059906,0.27059999108314514,3909920,3909920,yfinance,2026-07-10T06:58:17.136516+00:00
2026-05-14 17:30:00+00:00,ADA-USD,15m,0.27059999108314514,0.2720000147819519,0.2703999876976013,0.2718000113964081,1731296,1731296,yfinance,2026-07-10T06:58:17.136516+00:00
2026-05-14 17:45:00+00:00,ADA-USD,15m,0.2718999981880188,0.27309998869895935,0.2718999981880188,0.27239999175071716,2646208,2646208,yfinance,2026-07-10T06:58:17.136516+00:00
2026-05-14 18:00:00+00:00,ADA-USD,15m,0.27230000495910645,0.27399998903274536,0.27149999141693115,0.27399998903274536,4379392,4379392,yfinance,2026-07-10T06:58:17.136516+00:00
2026-05-14 18:15:00+00:00,ADA-USD,15m,0.27399998903274536,0.2766000032424927,0.2736000120639801,0.27649998664855957,7644544,7644544,yfinance,2026-07-10T06:58:17.136516+00:00
2026-05-14 18:30:00+00:00,ADA-USD,15m,0.2766000032424927,0.2766000032424927,0.27489998936653137,0.2759000062942505,7955776,7955776,yfinance,2026-07-10T06:58:17.136516+00:00
2026-05-14 18:45:00+00:00,ADA-USD,15m,0.2759999930858612,0.2793000042438507,0.2759000062942505,0.27880001068115234,12506656,12506656,yfinance,2026-07-10T06:58:17.136516+00:00
2026-05-14 19:00:00+00:00,ADA-USD,15m,0.27869999408721924,0.28049999475479126,0.2784000039100647,0.27900001406669617,18040256,18040256,yfinance,2026-07-10T06:58:17.136516+00:00
2026-05-14 19:15:00+00:00,ADA-USD,15m,0.27889999747276306,0.27900001406669617,0.2754000127315521,0.27549999952316284,11186176,11186176,yfinance,2026-07-10T06:58:17.136516+00:00
2026-05-14 19:30:00+00:00,ADA-USD,15m,0.27549999952316284,0.27549999952316284,0.27410000562667847,0.27480000257492065,10133792,10133792,yfinance,2026-07-10T06:58:17.136516+00:00
2026-05-14 19:45:00+00:00,ADA-USD,15m,0.27489998936653137,0.27489998936653137,0.2732999920845032,0.27379998564720154,4538112,4538112,yfinance,2026-07-10T06:58:17.136516+00:00
2026-05-14 20:00:00+00:00,ADA-USD,15m,0.27390000224113464,0.2741999924182892,0.272599995136261,0.272599995136261,10322976,10322976,yfinance,2026-07-10T06:58:17.136516+00:00
2026-05-14 20:15:00+00:00,ADA-USD,15m,0.27239999175071716,0.27320000529289246,0.2718000113964081,0.27219998836517334,3868192,3868192,yfinance,2026-07-10T06:58:17.136516+00:00
2026-05-14 20:30:00+00:00,ADA-USD,15m,0.27219998836517334,0.272599995136261,0.27160000801086426,0.2721000015735626,1859360,1859360,yfinance,2026-07-10T06:58:17.136516+00:00
2026-05-14 20:45:00+00:00,ADA-USD,15m,0.27219998836517334,0.2736000120639801,0.27219998836517334,0.27309998869895935,4543872,4543872,yfinance,2026-07-10T06:58:17.136516+00:00
2026-05-14 21:00:00+00:00,ADA-USD,15m,0.2736000120639801,0.2736999988555908,0.2721000015735626,0.2721000015735626,2306624,2306624,yfinance,2026-07-10T06:58:17.136516+00:00
2026-05-14 21:15:00+00:00,ADA-USD,15m,0.27219998836517334,0.2728999853134155,0.271699994802475,0.2727000117301941,413184,413184,yfinance,2026-07-10T06:58:17.136516+00:00
2026-05-14 21:30:00+00:00,ADA-USD,15m,0.2727000117301941,0.2741999924182892,0.27250000834465027,0.27379998564720154,2586944,2586944,yfinance,2026-07-10T06:58:17.136516+00:00
2026-05-14 21:45:00+00:00,ADA-USD,15m,0.27379998564720154,0.2741999924182892,0.2734000086784363,0.2736000120639801,1975232,1975232,yfinance,2026-07-10T06:58:17.136516+00:00
2026-05-14 22:00:00+00:00,ADA-USD,15m,0.2734000086784363,0.2736000120639801,0.272599995136261,0.2734000086784363,1428416,1428416,yfinance,2026-07-10T06:58:17.136516+00:00
2026-05-14 22:15:00+00:00,ADA-USD,15m,0.2734000086784363,0.2734000086784363,0.27219998836517334,0.27250000834465027,2656,2656,yfinance,2026-07-10T06:58:17.136516+00:00
2026-05-14 22:30:00+00:00,ADA-USD,15m,0.27239999175071716,0.2727000117301941,0.2718000113964081,0.2718999981880188,379200,379200,yfinance,2026-07-10T06:58:17.136516+00:00
2026-05-14 22:45:00+00:00,ADA-USD,15m,0.2718999981880188,0.27250000834465027,0.2712000012397766,0.2721000015735626,2156640,2156640,yfinance,2026-07-10T06:58:17.136516+00:00
2026-05-14 23:00:00+00:00,ADA-USD,15m,0.2721000015735626,0.2721000015735626,0.2703999876976013,0.27149999141693115,1025568,1025568,yfinance,2026-07-10T06:58:17.136516+00:00
2026-05-14 23:15:00+00:00,ADA-USD,15m,0.27160000801086426,0.272599995136261,0.27140000462532043,0.272599995136261,611200,611200,yfinance,2026-07-10T06:58:17.136516+00:00
2026-05-14 23:30:00+00:00,ADA-USD,15m,0.27250000834465027,0.2727999985218048,0.27149999141693115,0.27160000801086426,3756448,3756448,yfinance,2026-07-10T06:58:17.136516+00:00
2026-05-14 23:45:00+00:00,ADA-USD,15m,0.27149999141693115,0.27160000801086426,0.27000001072883606,0.2705000042915344,9981568,9981568,yfinance,2026-07-10T06:58:17.136516+00:00
2026-05-15 00:00:00+00:00,ADA-USD,15m,0.2705000042915344,0.27230000495910645,0.2705000042915344,0.27230000495910645,3074144,3074144,yfinance,2026-07-10T06:58:17.136516+00:00
2026-05-15 00:15:00+00:00,ADA-USD,15m,0.27230000495910645,0.272599995136261,0.2718999981880188,0.2718999981880188,337056,337056,yfinance,2026-07-10T06:58:17.136516+00:00
2026-05-15 00:30:00+00:00,ADA-USD,15m,0.2718999981880188,0.2727999985218048,0.2711000144481659,0.27149999141693115,1281856,1281856,yfinance,2026-07-10T06:58:17.136516+00:00
2026-05-15 00:45:00+00:00,ADA-USD,15m,0.27160000801086426,0.27230000495910645,0.27149999141693115,0.27230000495910645,1135040,1135040,yfinance,2026-07-10T06:58:17.136516+00:00
2026-05-15 01:00:00+00:00,ADA-USD,15m,0.27239999175071716,0.2727999985218048,0.2721000015735626,0.27250000834465027,340320,340320,yfinance,2026-07-10T06:58:17.136516+00:00
2026-05-15 01:15:00+00:00,ADA-USD,15m,0.27239999175071716,0.2727999985218048,0.271699994802475,0.2718000113964081,262080,262080,yfinance,2026-07-10T06:58:17.136516+00:00
2026-05-15 01:30:00+00:00,ADA-USD,15m,0.27160000801086426,0.2720000147819519,0.2703999876976013,0.271699994802475,837024,837024,yfinance,2026-07-10T06:58:17.136516+00:00
2026-05-15 01:45:00+00:00,ADA-USD,15m,0.271699994802475,0.271699994802475,0.2703000009059906,0.2703999876976013,454400,454400,yfinance,2026-07-10T06:58:17.136516+00:00
2026-05-15 02:00:00+00:00,ADA-USD,15m,0.2703000009059906,0.2711000144481659,0.26989999413490295,0.2703000009059906,830528,830528,yfinance,2026-07-10T06:58:17.136516+00:00
2026-05-15 02:15:00+00:00,ADA-USD,15m,0.2702000141143799,0.2703999876976013,0.26919999718666077,0.26919999718666077,1337312,1337312,yfinance,2026-07-10T06:58:17.136516+00:00
2026-05-15 02:30:00+00:00,ADA-USD,15m,0.26899999380111694,0.2703000009059906,0.26840001344680786,0.2700999975204468,3101024,3101024,yfinance,2026-07-10T06:58:17.136516+00:00
2026-05-15 02:45:00+00:00,ADA-USD,15m,0.2700999975204468,0.27129998803138733,0.27000001072883606,0.27070000767707825,790528,790528,yfinance,2026-07-10T06:58:17.136516+00:00
2026-05-15 03:00:00+00:00,ADA-USD,15m,0.27070000767707825,0.2711000144481659,0.27000001072883606,0.2705000042915344,0,0,yfinance,2026-07-10T06:58:17.136516+00:00
2026-05-15 03:15:00+00:00,ADA-USD,15m,0.27059999108314514,0.27059999108314514,0.27000001072883606,0.2703999876976013,121504,121504,yfinance,2026-07-10T06:58:17.136516+00:00
2026-05-15 03:30:00+00:00,ADA-USD,15m,0.2705000042915344,0.2705000042915344,0.2694000005722046,0.2696000039577484,0,0,yfinance,2026-07-10T06:58:17.136516+00:00
2026-05-15 03:45:00+00:00,ADA-USD,15m,0.2696000039577484,0.27000001072883606,0.2694000005722046,0.26969999074935913,540864,540864,yfinance,2026-07-10T06:58:17.136516+00:00
2026-05-15 04:00:00+00:00,ADA-USD,15m,0.26969999074935913,0.27000001072883606,0.26930001378059387,0.2696000039577484,0,0,yfinance,2026-07-10T06:58:17.136516+00:00
2026-05-15 04:15:00+00:00,ADA-USD,15m,0.26969999074935913,0.26989999413490295,0.2687999904155731,0.26899999380111694,135648,135648,yfinance,2026-07-10T06:58:17.136516+00:00
2026-05-15 04:30:00+00:00,ADA-USD,15m,0.2689000070095062,0.26910001039505005,0.26840001344680786,0.2687000036239624,788384,788384,yfinance,2026-07-10T06:58:17.136516+00:00
2026-05-15 04:45:00+00:00,ADA-USD,15m,0.2685999870300293,0.2685999870300293,0.2676999866962433,0.2676999866962433,939200,939200,yfinance,2026-07-10T06:58:17.136516+00:00
2026-05-15 05:00:00+00:00,ADA-USD,15m,0.26759999990463257,0.26820001006126404,0.2671999931335449,0.2678000032901764,1052384,1052384,yfinance,2026-07-10T06:58:17.136516+00:00
2026-05-15 05:15:00+00:00,ADA-USD,15m,0.2676999866962433,0.2678999900817871,0.267300009727478,0.26739999651908875,1187584,1187584,yfinance,2026-07-10T06:58:17.136516+00:00
2026-05-15 05:30:00+00:00,ADA-USD,15m,0.2671999931335449,0.2671999931335449,0.26489999890327454,0.26600000262260437,5002144,5002144,yfinance,2026-07-10T06:58:17.136516+00:00
2026-05-15 05:45:00+00:00,ADA-USD,15m,0.26589998602867126,0.2662000060081482,0.26510000228881836,0.265500009059906,852960,852960,yfinance,2026-07-10T06:58:17.136516+00:00
2026-05-15 06:00:00+00:00,ADA-USD,15m,0.2653999924659729,0.2660999894142151,0.2651999890804291,0.2660999894142151,1430880,1430880,yfinance,2026-07-10T06:58:17.136516+00:00
2026-05-15 06:15:00+00:00,ADA-USD,15m,0.2660999894142151,0.26669999957084656,0.26570001244544983,0.26660001277923584,2262080,2262080,yfinance,2026-07-10T06:58:17.136516+00:00
2026-05-15 06:30:00+00:00,ADA-USD,15m,0.26660001277923584,0.26750001311302185,0.26660001277923584,0.26739999651908875,1469632,1469632,yfinance,2026-07-10T06:58:17.136516+00:00
2026-05-15 06:45:00+00:00,ADA-USD,15m,0.26739999651908875,0.26750001311302185,0.2671999931335449,0.2671999931335449,682240,682240,yfinance,2026-07-10T06:58:17.136516+00:00
2026-05-15 07:00:00+00:00,ADA-USD,15m,0.2671999931335449,0.2678000032901764,0.2669999897480011,0.2678000032901764,0,0,yfinance,2026-07-10T06:58:17.136516+00:00
2026-05-15 07:15:00+00:00,ADA-USD,15m,0.2678000032901764,0.26899999380111694,0.267300009727478,0.2685999870300293,3704096,3704096,yfinance,2026-07-10T06:58:17.136516+00:00
2026-05-15 07:30:00+00:00,ADA-USD,15m,0.2685000002384186,0.2685999870300293,0.26809999346733093,0.26829999685287476,1027936,1027936,yfinance,2026-07-10T06:58:17.136516+00:00
2026-05-15 07:45:00+00:00,ADA-USD,15m,0.26829999685287476,0.2687000036239624,0.26820001006126404,0.26840001344680786,1228064,1228064,yfinance,2026-07-10T06:58:17.136516+00:00
2026-05-15 08:00:00+00:00,ADA-USD,15m,0.26820001006126404,0.26840001344680786,0.2676999866962433,0.2678999900817871,81536,81536,yfinance,2026-07-10T06:58:17.136516+00:00
2026-05-15 08:15:00+00:00,ADA-USD,15m,0.2678999900817871,0.2678999900817871,0.2669000029563904,0.2669000029563904,205824,205824,yfinance,2026-07-10T06:58:17.136516+00:00
2026-05-15 08:30:00+00:00,ADA-USD,15m,0.2669999897480011,0.2680000066757202,0.26649999618530273,0.2678999900817871,2822496,2822496,yfinance,2026-07-10T06:58:17.136516+00:00
2026-05-15 08:45:00+00:00,ADA-USD,15m,0.2678000032901764,0.2678999900817871,0.26739999651908875,0.2676999866962433,2721600,2721600,yfinance,2026-07-10T06:58:17.136516+00:00
2026-05-15 09:00:00+00:00,ADA-USD,15m,0.2676999866962433,0.2678999900817871,0.2671999931335449,0.267300009727478,667584,667584,yfinance,2026-07-10T06:58:17.136516+00:00
2026-05-15 09:15:00+00:00,ADA-USD,15m,0.267300009727478,0.267300009727478,0.26669999957084656,0.2671999931335449,423296,423296,yfinance,2026-07-10T06:58:17.136516+00:00
2026-05-15 09:30:00+00:00,ADA-USD,15m,0.2671000063419342,0.2671999931335449,0.2662000060081482,0.2662000060081482,0,0,yfinance,2026-07-10T06:58:17.136516+00:00
2026-05-15 09:45:00+00:00,ADA-USD,15m,0.2662000060081482,0.2669000029563904,0.2660999894142151,0.26669999957084656,1286848,1286848,yfinance,2026-07-10T06:58:17.136516+00:00
2026-05-15 10:00:00+00:00,ADA-USD,15m,0.26660001277923584,0.2669999897480011,0.266400009393692,0.2669999897480011,307968,307968,yfinance,2026-07-10T06:58:17.136516+00:00
2026-05-15 10:15:00+00:00,ADA-USD,15m,0.2669999897480011,0.2671999931335449,0.26669999957084656,0.2669999897480011,446016,446016,yfinance,2026-07-10T06:58:17.136516+00:00
2026-05-15 10:30:00+00:00,ADA-USD,15m,0.2669999897480011,0.26750001311302185,0.2669000029563904,0.26739999651908875,142720,142720,yfinance,2026-07-10T06:58:17.136516+00:00
2026-05-15 10:45:00+00:00,ADA-USD,15m,0.26750001311302185,0.2685999870300293,0.26750001311302185,0.26829999685287476,2833728,2833728,yfinance,2026-07-10T06:58:17.136516+00:00
2026-05-15 11:00:00+00:00,ADA-USD,15m,0.26829999685287476,0.2685000002384186,0.26759999990463257,0.2678999900817871,988928,988928,yfinance,2026-07-10T06:58:17.136516+00:00
2026-05-15 11:15:00+00:00,ADA-USD,15m,0.2680000066757202,0.2680000066757202,0.267300009727478,0.26759999990463257,580032,580032,yfinance,2026-07-10T06:58:17.136516+00:00
2026-05-15 11:30:00+00:00,ADA-USD,15m,0.26759999990463257,0.2676999866962433,0.2671999931335449,0.267300009727478,14784,14784,yfinance,2026-07-10T06:58:17.136516+00:00
2026-05-15 11:45:00+00:00,ADA-USD,15m,0.26739999651908875,0.2676999866962433,0.2669999897480011,0.2671000063419342,0,0,yfinance,2026-07-10T06:58:17.136516+00:00
2026-05-15 12:00:00+00:00,ADA-USD,15m,0.2671999931335449,0.2671999931335449,0.26600000262260437,0.26600000262260437,1113216,1113216,yfinance,2026-07-10T06:58:17.136516+00:00
2026-05-15 12:15:00+00:00,ADA-USD,15m,0.26600000262260437,0.26660001277923584,0.26589998602867126,0.26660001277923584,1750784,1750784,yfinance,2026-07-10T06:58:17.136516+00:00
2026-05-15 12:30:00+00:00,ADA-USD,15m,0.266400009393692,0.26649999618530273,0.265500009059906,0.26570001244544983,67520,67520,yfinance,2026-07-10T06:58:17.136516+00:00
2026-05-15 12:45:00+00:00,ADA-USD,15m,0.2655999958515167,0.26570001244544983,0.2651999890804291,0.2653999924659729,0,0,yfinance,2026-07-10T06:58:17.136516+00:00
2026-05-15 13:00:00+00:00,ADA-USD,15m,0.2653000056743622,0.2653000056743622,0.26429998874664307,0.2646999955177307,895872,895872,yfinance,2026-07-10T06:58:17.136516+00:00
2026-05-15 13:15:00+00:00,ADA-USD,15m,0.26460000872612,0.26499998569488525,0.26440000534057617,0.2644999921321869,0,0,yfinance,2026-07-10T06:58:17.136516+00:00
2026-05-15 13:30:00+00:00,ADA-USD,15m,0.2637999951839447,0.2639000117778778,0.260699987411499,0.26089999079704285,10038336,10038336,yfinance,2026-07-10T06:58:17.136516+00:00
2026-05-15 13:45:00+00:00,ADA-USD,15m,0.26100000739097595,0.2615000009536743,0.25760000944137573,0.257999986410141,19959936,19959936,yfinance,2026-07-10T06:58:17.136516+00:00
2026-05-15 14:00:00+00:00,ADA-USD,15m,0.2578999996185303,0.25949999690055847,0.25699999928474426,0.25920000672340393,18142400,18142400,yfinance,2026-07-10T06:58:17.136516+00:00
2026-05-15 14:15:00+00:00,ADA-USD,15m,0.25920000672340393,0.2599000036716461,0.25850000977516174,0.25870001316070557,3425408,3425408,yfinance,2026-07-10T06:58:17.136516+00:00
2026-05-15 14:30:00+00:00,ADA-USD,15m,0.2590000033378601,0.25949999690055847,0.2583000063896179,0.2590999901294708,2362496,2362496,yfinance,2026-07-10T06:58:17.136516+00:00
2026-05-15 14:45:00+00:00,ADA-USD,15m,0.258899986743927,0.25949999690055847,0.2583000063896179,0.2590999901294708,386752,386752,yfinance,2026-07-10T06:58:17.136516+00:00
2026-05-15 15:00:00+00:00,ADA-USD,15m,0.25929999351501465,0.25940001010894775,0.2581000030040741,0.25839999318122864,1872832,1872832,yfinance,2026-07-10T06:58:17.136516+00:00
2026-05-15 15:15:00+00:00,ADA-USD,15m,0.25839999318122864,0.25920000672340393,0.25780001282691956,0.257999986410141,1115200,1115200,yfinance,2026-07-10T06:58:17.136516+00:00
2026-05-15 15:30:00+00:00,ADA-USD,15m,0.2581999897956848,0.25870001316070557,0.2572999894618988,0.2574999928474426,1026624,1026624,yfinance,2026-07-10T06:58:17.136516+00:00
2026-05-15 15:45:00+00:00,ADA-USD,15m,0.2574999928474426,0.25839999318122864,0.257099986076355,0.2581000030040741,2760128,2760128,yfinance,2026-07-10T06:58:17.136516+00:00
2026-05-15 16:00:00+00:00,ADA-USD,15m,0.257999986410141,0.25839999318122864,0.25780001282691956,0.2581999897956848,505920,505920,yfinance,2026-07-10T06:58:17.136516+00:00
2026-05-15 16:15:00+00:00,ADA-USD,15m,0.2581999897956848,0.26030001044273376,0.2581000030040741,0.26030001044273376,1535360,1535360,yfinance,2026-07-10T06:58:17.136516+00:00
2026-05-15 16:30:00+00:00,ADA-USD,15m,0.2605000138282776,0.2615000009536743,0.2605000138282776,0.2612000107765198,6260288,6260288,yfinance,2026-07-10T06:58:17.136516+00:00
2026-05-15 16:45:00+00:00,ADA-USD,15m,0.2612000107765198,0.2614000141620636,0.2603999972343445,0.260699987411499,0,0,yfinance,2026-07-10T06:58:17.136516+00:00
2026-05-15 17:00:00+00:00,ADA-USD,15m,0.26080000400543213,0.26249998807907104,0.26080000400543213,0.2621000111103058,1042112,1042112,yfinance,2026-07-10T06:58:17.136516+00:00
2026-05-15 17:15:00+00:00,ADA-USD,15m,0.2621000111103058,0.2621999979019165,0.2612999975681305,0.26170000433921814,0,0,yfinance,2026-07-10T06:58:17.136516+00:00
2026-05-15 17:30:00+00:00,ADA-USD,15m,0.26179999113082886,0.2619999945163727,0.2614000141620636,0.2615000009536743,0,0,yfinance,2026-07-10T06:58:17.136516+00:00
2026-05-15 17:45:00+00:00,ADA-USD,15m,0.26159998774528503,0.2623000144958496,0.2614000141620636,0.2619999945163727,0,0,yfinance,2026-07-10T06:58:17.136516+00:00
2026-05-15 18:00:00+00:00,ADA-USD,15m,0.2619999945163727,0.26260000467300415,0.26170000433921814,0.26190000772476196,0,0,yfinance,2026-07-10T06:58:17.136516+00:00
2026-05-15 18:15:00+00:00,ADA-USD,15m,0.26190000772476196,0.26190000772476196,0.2612000107765198,0.26159998774528503,0,0,yfinance,2026-07-10T06:58:17.136516+00:00
2026-05-15 18:30:00+00:00,ADA-USD,15m,0.26159998774528503,0.2619999945163727,0.26100000739097595,0.26190000772476196,0,0,yfinance,2026-07-10T06:58:17.136516+00:00
2026-05-15 18:45:00+00:00,ADA-USD,15m,0.26179999113082886,0.2621999979019165,0.2614000141620636,0.2621000111103058,106304,106304,yfinance,2026-07-10T06:58:17.136516+00:00
2026-05-15 19:00:00+00:00,ADA-USD,15m,0.2621000111103058,0.2621999979019165,0.26089999079704285,0.26109999418258667,0,0,yfinance,2026-07-10T06:58:17.136516+00:00
2026-05-15 19:15:00+00:00,ADA-USD,15m,0.26109999418258667,0.2612999975681305,0.26080000400543213,0.26089999079704285,0,0,yfinance,2026-07-10T06:58:17.136516+00:00
2026-05-15 19:30:00+00:00,ADA-USD,15m,0.26109999418258667,0.26170000433921814,0.26089999079704285,0.26100000739097595,0,0,yfinance,2026-07-10T06:58:17.136516+00:00
2026-05-15 19:45:00+00:00,ADA-USD,15m,0.26100000739097595,0.2614000141620636,0.26080000400543213,0.26089999079704285,0,0,yfinance,2026-07-10T06:58:17.136516+00:00
2026-05-15 20:00:00+00:00,ADA-USD,15m,0.26089999079704285,0.26100000739097595,0.26010000705718994,0.26080000400543213,0,0,yfinance,2026-07-10T06:58:17.136516+00:00
2026-05-15 20:15:00+00:00,ADA-USD,15m,0.260699987411499,0.2615000009536743,0.26030001044273376,0.2615000009536743,0,0,yfinance,2026-07-10T06:58:17.136516+00:00
2026-05-15 20:30:00+00:00,ADA-USD,15m,0.2615000009536743,0.2615000009536743,0.2603999972343445,0.2606000006198883,1279232,1279232,yfinance,2026-07-10T06:58:17.136516+00:00
2026-05-15 20:45:00+00:00,ADA-USD,15m,0.2603999972343445,0.26080000400543213,0.26030001044273376,0.260699987411499,0,0,yfinance,2026-07-10T06:58:17.136516+00:00
2026-05-15 21:00:00+00:00,ADA-USD,15m,0.2606000006198883,0.2612999975681305,0.2606000006198883,0.26109999418258667,0,0,yfinance,2026-07-10T06:58:17.136516+00:00
2026-05-15 21:15:00+00:00,ADA-USD,15m,0.26109999418258667,0.2612999975681305,0.26089999079704285,0.26109999418258667,275904,275904,yfinance,2026-07-10T06:58:17.136516+00:00
2026-05-15 21:30:00+00:00,ADA-USD,15m,0.26100000739097595,0.2612999975681305,0.26080000400543213,0.26109999418258667,0,0,yfinance,2026-07-10T06:58:17.136516+00:00
2026-05-15 21:45:00+00:00,ADA-USD,15m,0.2612000107765198,0.2612999975681305,0.2605000138282776,0.260699987411499,0,0,yfinance,2026-07-10T06:58:17.136516+00:00
2026-05-15 22:00:00+00:00,ADA-USD,15m,0.26089999079704285,0.2614000141620636,0.260699987411499,0.26109999418258667,252768,252768,yfinance,2026-07-10T06:58:17.136516+00:00
2026-05-15 22:15:00+00:00,ADA-USD,15m,0.26100000739097595,0.26159998774528503,0.26089999079704285,0.2612999975681305,247008,247008,yfinance,2026-07-10T06:58:17.136516+00:00
2026-05-15 22:30:00+00:00,ADA-USD,15m,0.2614000141620636,0.26159998774528503,0.2612000107765198,0.2614000141620636,85184,85184,yfinance,2026-07-10T06:58:17.136516+00:00
2026-05-15 22:45:00+00:00,ADA-USD,15m,0.2614000141620636,0.26170000433921814,0.2612000107765198,0.2614000141620636,0,0,yfinance,2026-07-10T06:58:17.136516+00:00
2026-05-15 23:00:00+00:00,ADA-USD,15m,0.2614000141620636,0.26190000772476196,0.2612000107765198,0.2612000107765198,0,0,yfinance,2026-07-10T06:58:17.136516+00:00
2026-05-15 23:15:00+00:00,ADA-USD,15m,0.26109999418258667,0.2615000009536743,0.26100000739097595,0.2612999975681305,0,0,yfinance,2026-07-10T06:58:17.136516+00:00
2026-05-15 23:30:00+00:00,ADA-USD,15m,0.2612999975681305,0.2615000009536743,0.26100000739097595,0.2615000009536743,0,0,yfinance,2026-07-10T06:58:17.136516+00:00
2026-05-15 23:45:00+00:00,ADA-USD,15m,0.2615000009536743,0.26159998774528503,0.2612999975681305,0.2615000009536743,0,0,yfinance,2026-07-10T06:58:17.136516+00:00
2026-05-16 00:00:00+00:00,ADA-USD,15m,0.2614000141620636,0.2621999979019165,0.26100000739097595,0.2619999945163727,0,0,yfinance,2026-07-10T06:58:17.136516+00:00
2026-05-16 00:15:00+00:00,ADA-USD,15m,0.2619999945163727,0.2621999979019165,0.26170000433921814,0.2619999945163727,705824,705824,yfinance,2026-07-10T06:58:17.136516+00:00
2026-05-16 00:30:00+00:00,ADA-USD,15m,0.2619999945163727,0.2619999945163727,0.26159998774528503,0.26170000433921814,460384,460384,yfinance,2026-07-10T06:58:17.136516+00:00
2026-05-16 00:45:00+00:00,ADA-USD,15m,0.26170000433921814,0.26179999113082886,0.2612999975681305,0.2615000009536743,0,0,yfinance,2026-07-10T06:58:17.136516+00:00
2026-05-16 01:00:00+00:00,ADA-USD,15m,0.26170000433921814,0.26170000433921814,0.2612999975681305,0.2615000009536743,267456,267456,yfinance,2026-07-10T06:58:17.136516+00:00
2026-05-16 01:15:00+00:00,ADA-USD,15m,0.2615000009536743,0.26159998774528503,0.26080000400543213,0.26080000400543213,0,0,yfinance,2026-07-10T06:58:17.136516+00:00
2026-05-16 01:30:00+00:00,ADA-USD,15m,0.26080000400543213,0.26109999418258667,0.2606000006198883,0.26080000400543213,0,0,yfinance,2026-07-10T06:58:17.136516+00:00
2026-05-16 01:45:00+00:00,ADA-USD,15m,0.26080000400543213,0.2619999945163727,0.26080000400543213,0.26170000433921814,0,0,yfinance,2026-07-10T06:58:17.136516+00:00
2026-05-16 02:00:00+00:00,ADA-USD,15m,0.26170000433921814,0.2619999945163727,0.2615000009536743,0.26159998774528503,0,0,yfinance,2026-07-10T06:58:17.136516+00:00
2026-05-16 02:15:00+00:00,ADA-USD,15m,0.26159998774528503,0.26170000433921814,0.26109999418258667,0.26109999418258667,0,0,yfinance,2026-07-10T06:58:17.136516+00:00
2026-05-16 02:30:00+00:00,ADA-USD,15m,0.26109999418258667,0.2614000141620636,0.26080000400543213,0.2612000107765198,0,0,yfinance,2026-07-10T06:58:17.136516+00:00
2026-05-16 02:45:00+00:00,ADA-USD,15m,0.26109999418258667,0.2612999975681305,0.26109999418258667,0.2612000107765198,0,0,yfinance,2026-07-10T06:58:17.136516+00:00
2026-05-16 03:00:00+00:00,ADA-USD,15m,0.2612000107765198,0.26179999113082886,0.2612000107765198,0.26159998774528503,0,0,yfinance,2026-07-10T06:58:17.136516+00:00
2026-05-16 03:15:00+00:00,ADA-USD,15m,0.26170000433921814,0.26179999113082886,0.2615000009536743,0.26170000433921814,850688,850688,yfinance,2026-07-10T06:58:17.136516+00:00
2026-05-16 03:30:00+00:00,ADA-USD,15m,0.26170000433921814,0.26170000433921814,0.26100000739097595,0.26100000739097595,62112,62112,yfinance,2026-07-10T06:58:17.136516+00:00
2026-05-16 03:45:00+00:00,ADA-USD,15m,0.26109999418258667,0.2612999975681305,0.26089999079704285,0.2612000107765198,0,0,yfinance,2026-07-10T06:58:17.136516+00:00
2026-05-16 04:00:00+00:00,ADA-USD,15m,0.26109999418258667,0.2612000107765198,0.260699987411499,0.260699987411499,71168,71168,yfinance,2026-07-10T06:58:17.136516+00:00
2026-05-16 04:15:00+00:00,ADA-USD,15m,0.260699987411499,0.260699987411499,0.25999999046325684,0.26010000705718994,36896,36896,yfinance,2026-07-10T06:58:17.136516+00:00
2026-05-16 04:30:00+00:00,ADA-USD,15m,0.26010000705718994,0.26010000705718994,0.25850000977516174,0.2590999901294708,5531808,5531808,yfinance,2026-07-10T06:58:17.136516+00:00
2026-05-16 04:45:00+00:00,ADA-USD,15m,0.2590000033378601,0.2590999901294708,0.25859999656677246,0.2590999901294708,1115808,1115808,yfinance,2026-07-10T06:58:17.136516+00:00
2026-05-16 05:00:00+00:00,ADA-USD,15m,0.2590999901294708,0.25929999351501465,0.25850000977516174,0.25929999351501465,57184,57184,yfinance,2026-07-10T06:58:17.136516+00:00
2026-05-16 05:15:00+00:00,ADA-USD,15m,0.25920000672340393,0.25940001010894775,0.25920000672340393,0.25940001010894775,0,0,yfinance,2026-07-10T06:58:17.136516+00:00
2026-05-16 05:30:00+00:00,ADA-USD,15m,0.25929999351501465,0.25940001010894775,0.2587999999523163,0.2590999901294708,0,0,yfinance,2026-07-10T06:58:17.136516+00:00
2026-05-16 05:45:00+00:00,ADA-USD,15m,0.2590999901294708,0.25920000672340393,0.25850000977516174,0.25870001316070557,0,0,yfinance,2026-07-10T06:58:17.136516+00:00
2026-05-16 06:00:00+00:00,ADA-USD,15m,0.25870001316070557,0.2587999999523163,0.2574000060558319,0.25760000944137573,217728,217728,yfinance,2026-07-10T06:58:17.136516+00:00
2026-05-16 06:15:00+00:00,ADA-USD,15m,0.25760000944137573,0.25769999623298645,0.2565999925136566,0.2572000026702881,1155872,1155872,yfinance,2026-07-10T06:58:17.136516+00:00
2026-05-16 06:30:00+00:00,ADA-USD,15m,0.257099986076355,0.25760000944137573,0.2565999925136566,0.25690001249313354,33632,33632,yfinance,2026-07-10T06:58:17.136516+00:00
2026-05-16 06:45:00+00:00,ADA-USD,15m,0.25690001249313354,0.2572000026702881,0.2554999887943268,0.25619998574256897,5861632,5861632,yfinance,2026-07-10T06:58:17.136516+00:00
2026-05-16 07:00:00+00:00,ADA-USD,15m,0.2563000023365021,0.2563000023365021,0.25360000133514404,0.25440001487731934,4693664,4693664,yfinance,2026-07-10T06:58:17.136516+00:00
2026-05-16 07:15:00+00:00,ADA-USD,15m,0.25459998846054077,0.25540000200271606,0.2533999979496002,0.25519999861717224,12404288,12404288,yfinance,2026-07-10T06:58:17.136516+00:00
2026-05-16 07:30:00+00:00,ADA-USD,15m,0.2549999952316284,0.25600001215934753,0.2547999918460846,0.25600001215934753,2124480,2124480,yfinance,2026-07-10T06:58:17.136516+00:00
2026-05-16 07:45:00+00:00,ADA-USD,15m,0.25600001215934753,0.25600001215934753,0.2549999952316284,0.25540000200271606,1462688,1462688,yfinance,2026-07-10T06:58:17.136516+00:00
2026-05-16 08:00:00+00:00,ADA-USD,15m,0.25540000200271606,0.2558000087738037,0.25540000200271606,0.2554999887943268,3357216,3357216,yfinance,2026-07-10T06:58:17.136516+00:00
2026-05-16 08:15:00+00:00,ADA-USD,15m,0.2554999887943268,0.2556999921798706,0.25529998540878296,0.2554999887943268,120896,120896,yfinance,2026-07-10T06:58:17.136516+00:00
2026-05-16 08:30:00+00:00,ADA-USD,15m,0.25540000200271606,0.25600001215934753,0.25540000200271606,0.2558000087738037,1124960,1124960,yfinance,2026-07-10T06:58:17.136516+00:00
2026-05-16 08:45:00+00:00,ADA-USD,15m,0.2556999921798706,0.2556999921798706,0.2549999952316284,0.25519999861717224,400672,400672,yfinance,2026-07-10T06:58:17.136516+00:00
2026-05-16 09:00:00+00:00,ADA-USD,15m,0.25519999861717224,0.2554999887943268,0.25459998846054077,0.2547000050544739,955296,955296,yfinance,2026-07-10T06:58:17.136516+00:00
2026-05-16 09:15:00+00:00,ADA-USD,15m,0.2547000050544739,0.2547000050544739,0.2522999942302704,0.25270000100135803,10608416,10608416,yfinance,2026-07-10T06:58:17.136516+00:00
2026-05-16 09:30:00+00:00,ADA-USD,15m,0.25279998779296875,0.2538999915122986,0.25270000100135803,0.2535000145435333,4010976,4010976,yfinance,2026-07-10T06:58:17.136516+00:00
2026-05-16 09:45:00+00:00,ADA-USD,15m,0.2535000145435333,0.2540000081062317,0.2529999911785126,0.2533000111579895,915488,915488,yfinance,2026-07-10T06:58:17.136516+00:00
2026-05-16 10:00:00+00:00,ADA-USD,15m,0.2531000077724457,0.2533999979496002,0.2522999942302704,0.2531000077724457,4894816,4894816,yfinance,2026-07-10T06:58:17.136516+00:00
2026-05-16 10:15:00+00:00,ADA-USD,15m,0.2531000077724457,0.2533000111579895,0.2526000142097473,0.2531000077724457,1949856,1949856,yfinance,2026-07-10T06:58:17.136516+00:00
2026-05-16 10:30:00+00:00,ADA-USD,15m,0.2531000077724457,0.2540999948978424,0.2531000077724457,0.2533999979496002,2969984,2969984,yfinance,2026-07-10T06:58:17.136516+00:00
2026-05-16 10:45:00+00:00,ADA-USD,15m,0.2533000111579895,0.2540000081062317,0.2533000111579895,0.25380000472068787,305408,305408,yfinance,2026-07-10T06:58:17.136516+00:00
2026-05-16 11:00:00+00:00,ADA-USD,15m,0.2540000081062317,0.25450000166893005,0.2538999915122986,0.2542000114917755,60192,60192,yfinance,2026-07-10T06:58:17.136516+00:00
2026-05-16 11:15:00+00:00,ADA-USD,15m,0.2540999948978424,0.25450000166893005,0.2538999915122986,0.2542000114917755,216768,216768,yfinance,2026-07-10T06:58:17.136516+00:00
2026-05-16 11:30:00+00:00,ADA-USD,15m,0.2542000114917755,0.25459998846054077,0.2540999948978424,0.25450000166893005,1310080,1310080,yfinance,2026-07-10T06:58:17.136516+00:00
2026-05-16 11:45:00+00:00,ADA-USD,15m,0.25440001487731934,0.25450000166893005,0.2540000081062317,0.2540000081062317,40512,40512,yfinance,2026-07-10T06:58:17.136516+00:00
2026-05-16 12:00:00+00:00,ADA-USD,15m,0.2538999915122986,0.2542000114917755,0.25369998812675476,0.2540999948978424,374784,374784,yfinance,2026-07-10T06:58:17.136516+00:00
2026-05-16 12:15:00+00:00,ADA-USD,15m,0.2540999948978424,0.25429999828338623,0.25380000472068787,0.2540000081062317,178720,178720,yfinance,2026-07-10T06:58:17.136516+00:00
2026-05-16 12:30:00+00:00,ADA-USD,15m,0.2540999948978424,0.2549000084400177,0.2540999948978424,0.2549000084400177,411104,411104,yfinance,2026-07-10T06:58:17.136516+00:00
2026-05-16 12:45:00+00:00,ADA-USD,15m,0.2549000084400177,0.2551000118255615,0.25459998846054077,0.25459998846054077,124224,124224,yfinance,2026-07-10T06:58:17.136516+00:00
2026-05-16 13:00:00+00:00,ADA-USD,15m,0.25459998846054077,0.2547000050544739,0.2540999948978424,0.2542000114917755,0,0,yfinance,2026-07-10T06:58:17.136516+00:00
2026-05-16 13:15:00+00:00,ADA-USD,15m,0.2542000114917755,0.2547999918460846,0.2542000114917755,0.2547000050544739,0,0,yfinance,2026-07-10T06:58:17.136516+00:00
2026-05-16 13:30:00+00:00,ADA-USD,15m,0.2547000050544739,0.2547999918460846,0.2542000114917755,0.25450000166893005,0,0,yfinance,2026-07-10T06:58:17.136516+00:00
2026-05-16 13:45:00+00:00,ADA-USD,15m,0.25450000166893005,0.25450000166893005,0.2540999948978424,0.25429999828338623,0,0,yfinance,2026-07-10T06:58:17.136516+00:00
2026-05-16 14:00:00+00:00,ADA-USD,15m,0.25429999828338623,0.25450000166893005,0.2538999915122986,0.2542000114917755,0,0,yfinance,2026-07-10T06:58:17.136516+00:00
2026-05-16 14:15:00+00:00,ADA-USD,15m,0.2540999948978424,0.2547000050544739,0.2540000081062317,0.25429999828338623,0,0,yfinance,2026-07-10T06:58:17.136516+00:00
2026-05-16 14:30:00+00:00,ADA-USD,15m,0.25429999828338623,0.2547999918460846,0.25429999828338623,0.2547000050544739,0,0,yfinance,2026-07-10T06:58:17.136516+00:00
2026-05-16 14:45:00+00:00,ADA-USD,15m,0.2549999952316284,0.2556000053882599,0.25450000166893005,0.2547999918460846,0,0,yfinance,2026-07-10T06:58:17.136516+00:00
2026-05-16 15:00:00+00:00,ADA-USD,15m,0.2547000050544739,0.25540000200271606,0.2547000050544739,0.2551000118255615,0,0,yfinance,2026-07-10T06:58:17.136516+00:00
2026-05-16 15:15:00+00:00,ADA-USD,15m,0.2551000118255615,0.2556999921798706,0.2551000118255615,0.25540000200271606,0,0,yfinance,2026-07-10T06:58:17.136516+00:00
2026-05-16 15:30:00+00:00,ADA-USD,15m,0.2554999887943268,0.25609999895095825,0.2554999887943268,0.25600001215934753,154880,154880,yfinance,2026-07-10T06:58:17.136516+00:00
2026-05-16 15:45:00+00:00,ADA-USD,15m,0.25589999556541443,0.25600001215934753,0.2554999887943268,0.2556000053882599,0,0,yfinance,2026-07-10T06:58:17.136516+00:00
2026-05-16 16:00:00+00:00,ADA-USD,15m,0.2554999887943268,0.2563999891281128,0.25529998540878296,0.25589999556541443,0,0,yfinance,2026-07-10T06:58:17.136516+00:00
2026-05-16 16:15:00+00:00,ADA-USD,15m,0.25589999556541443,0.25619998574256897,0.2558000087738037,0.25589999556541443,0,0,yfinance,2026-07-10T06:58:17.136516+00:00
2026-05-16 16:30:00+00:00,ADA-USD,15m,0.2558000087738037,0.2558000087738037,0.2551000118255615,0.25540000200271606,0,0,yfinance,2026-07-10T06:58:17.136516+00:00
2026-05-16 16:45:00+00:00,ADA-USD,15m,0.25529998540878296,0.2556999921798706,0.25529998540878296,0.25529998540878296,127616,127616,yfinance,2026-07-10T06:58:17.136516+00:00
2026-05-16 17:00:00+00:00,ADA-USD,15m,0.25529998540878296,0.25589999556541443,0.25529998540878296,0.2556999921798706,0,0,yfinance,2026-07-10T06:58:17.136516+00:00
2026-05-16 17:15:00+00:00,ADA-USD,15m,0.2556999921798706,0.25619998574256897,0.2554999887943268,0.2558000087738037,0,0,yfinance,2026-07-10T06:58:17.136516+00:00
2026-05-16 17:30:00+00:00,ADA-USD,15m,0.25589999556541443,0.25619998574256897,0.2558000087738037,0.25589999556541443,0,0,yfinance,2026-07-10T06:58:17.136516+00:00
2026-05-16 17:45:00+00:00,ADA-USD,15m,0.2558000087738037,0.25619998574256897,0.2558000087738037,0.25609999895095825,898656,898656,yfinance,2026-07-10T06:58:17.136516+00:00
2026-05-16 18:00:00+00:00,ADA-USD,15m,0.25609999895095825,0.25619998574256897,0.2554999887943268,0.2554999887943268,0,0,yfinance,2026-07-10T06:58:17.136516+00:00
2026-05-16 18:15:00+00:00,ADA-USD,15m,0.2554999887943268,0.2556000053882599,0.2549999952316284,0.25529998540878296,0,0,yfinance,2026-07-10T06:58:17.136516+00:00
2026-05-16 18:30:00+00:00,ADA-USD,15m,0.25529998540878296,0.2554999887943268,0.2551000118255615,0.25540000200271606,0,0,yfinance,2026-07-10T06:58:17.136516+00:00
2026-05-16 18:45:00+00:00,ADA-USD,15m,0.25540000200271606,0.2558000087738037,0.25519999861717224,0.25540000200271606,0,0,yfinance,2026-07-10T06:58:17.136516+00:00
2026-05-16 19:00:00+00:00,ADA-USD,15m,0.25540000200271606,0.2554999887943268,0.25519999861717224,0.25519999861717224,0,0,yfinance,2026-07-10T06:58:17.136516+00:00
2026-05-16 19:15:00+00:00,ADA-USD,15m,0.25529998540878296,0.25540000200271606,0.2549999952316284,0.25540000200271606,0,0,yfinance,2026-07-10T06:58:17.136516+00:00
2026-05-16 19:30:00+00:00,ADA-USD,15m,0.25529998540878296,0.25529998540878296,0.2551000118255615,0.25519999861717224,83488,83488,yfinance,2026-07-10T06:58:17.136516+00:00
2026-05-16 19:45:00+00:00,ADA-USD,15m,0.25519999861717224,0.2554999887943268,0.2549000084400177,0.2551000118255615,149760,149760,yfinance,2026-07-10T06:58:17.136516+00:00
2026-05-16 20:00:00+00:00,ADA-USD,15m,0.25519999861717224,0.2558000087738037,0.25519999861717224,0.2556999921798706,40544,40544,yfinance,2026-07-10T06:58:17.136516+00:00
2026-05-16 20:15:00+00:00,ADA-USD,15m,0.2556000053882599,0.2556999921798706,0.2554999887943268,0.2556000053882599,211648,211648,yfinance,2026-07-10T06:58:17.136516+00:00
2026-05-16 20:30:00+00:00,ADA-USD,15m,0.2554999887943268,0.2554999887943268,0.2551000118255615,0.2551000118255615,0,0,yfinance,2026-07-10T06:58:17.136516+00:00
2026-05-16 20:45:00+00:00,ADA-USD,15m,0.2549999952316284,0.25519999861717224,0.2549999952316284,0.2551000118255615,38880,38880,yfinance,2026-07-10T06:58:17.136516+00:00
2026-05-16 21:00:00+00:00,ADA-USD,15m,0.25519999861717224,0.25540000200271606,0.2549999952316284,0.25540000200271606,154144,154144,yfinance,2026-07-10T06:58:17.136516+00:00
2026-05-16 21:15:00+00:00,ADA-USD,15m,0.25540000200271606,0.25540000200271606,0.2549000084400177,0.2549000084400177,1049632,1049632,yfinance,2026-07-10T06:58:17.136516+00:00
2026-05-16 21:30:00+00:00,ADA-USD,15m,0.2549999952316284,0.2549999952316284,0.2540999948978424,0.25450000166893005,2015136,2015136,yfinance,2026-07-10T06:58:17.136516+00:00
2026-05-16 21:45:00+00:00,ADA-USD,15m,0.2547000050544739,0.2556000053882599,0.2547000050544739,0.2554999887943268,6162112,6162112,yfinance,2026-07-10T06:58:17.136516+00:00
2026-05-16 22:00:00+00:00,ADA-USD,15m,0.2554999887943268,0.2554999887943268,0.2547000050544739,0.2549999952316284,1016832,1016832,yfinance,2026-07-10T06:58:17.136516+00:00
2026-05-16 22:15:00+00:00,ADA-USD,15m,0.2549999952316284,0.25519999861717224,0.2549000084400177,0.2549999952316284,652608,652608,yfinance,2026-07-10T06:58:17.136516+00:00
2026-05-16 22:30:00+00:00,ADA-USD,15m,0.2549000084400177,0.25519999861717224,0.2549000084400177,0.2549999952316284,0,0,yfinance,2026-07-10T06:58:17.136516+00:00
2026-05-16 22:45:00+00:00,ADA-USD,15m,0.2549999952316284,0.2551000118255615,0.2547000050544739,0.2547000050544739,0,0,yfinance,2026-07-10T06:58:17.136516+00:00
2026-05-16 23:00:00+00:00,ADA-USD,15m,0.2547000050544739,0.2549000084400177,0.25450000166893005,0.2547999918460846,0,0,yfinance,2026-07-10T06:58:17.136516+00:00
2026-05-16 23:15:00+00:00,ADA-USD,15m,0.2547999918460846,0.25519999861717224,0.2547000050544739,0.2547999918460846,107552,107552,yfinance,2026-07-10T06:58:17.136516+00:00
2026-05-16 23:30:00+00:00,ADA-USD,15m,0.2547999918460846,0.2551000118255615,0.2547999918460846,0.2549999952316284,100320,100320,yfinance,2026-07-10T06:58:17.136516+00:00
2026-05-16 23:45:00+00:00,ADA-USD,15m,0.2551000118255615,0.25529998540878296,0.2549000084400177,0.2549999952316284,440224,440224,yfinance,2026-07-10T06:58:17.136516+00:00
2026-05-17 00:00:00+00:00,ADA-USD,15m,0.2549999952316284,0.25540000200271606,0.2549000084400177,0.2549000084400177,308608,308608,yfinance,2026-07-10T06:58:17.136516+00:00
2026-05-17 00:15:00+00:00,ADA-USD,15m,0.2549000084400177,0.2549999952316284,0.25459998846054077,0.2549000084400177,0,0,yfinance,2026-07-10T06:58:17.136516+00:00
2026-05-17 00:30:00+00:00,ADA-USD,15m,0.2549000084400177,0.25540000200271606,0.2547000050544739,0.2547000050544739,202528,202528,yfinance,2026-07-10T06:58:17.136516+00:00
2026-05-17 00:45:00+00:00,ADA-USD,15m,0.2549000084400177,0.2549000084400177,0.2540000081062317,0.25429999828338623,220320,220320,yfinance,2026-07-10T06:58:17.136516+00:00
2026-05-17 01:00:00+00:00,ADA-USD,15m,0.25450000166893005,0.2547000050544739,0.25369998812675476,0.25440001487731934,1415360,1415360,yfinance,2026-07-10T06:58:17.136516+00:00
2026-05-17 01:15:00+00:00,ADA-USD,15m,0.25429999828338623,0.25440001487731934,0.2531999945640564,0.25360000133514404,1600,1600,yfinance,2026-07-10T06:58:17.136516+00:00
2026-05-17 01:30:00+00:00,ADA-USD,15m,0.25360000133514404,0.25380000472068787,0.25270000100135803,0.2529999911785126,2688128,2688128,yfinance,2026-07-10T06:58:17.136516+00:00
2026-05-17 01:45:00+00:00,ADA-USD,15m,0.25290000438690186,0.2535000145435333,0.2526000142097473,0.2526000142097473,1258016,1258016,yfinance,2026-07-10T06:58:17.136516+00:00
2026-05-17 02:00:00+00:00,ADA-USD,15m,0.2526000142097473,0.25380000472068787,0.2526000142097473,0.25369998812675476,741024,741024,yfinance,2026-07-10T06:58:17.136516+00:00
2026-05-17 02:15:00+00:00,ADA-USD,15m,0.25380000472068787,0.25380000472068787,0.2531999945640564,0.2535000145435333,527744,527744,yfinance,2026-07-10T06:58:17.136516+00:00
2026-05-17 02:30:00+00:00,ADA-USD,15m,0.25360000133514404,0.25369998812675476,0.2531000077724457,0.2533000111579895,703808,703808,yfinance,2026-07-10T06:58:17.136516+00:00
2026-05-17 02:45:00+00:00,ADA-USD,15m,0.2533000111579895,0.2535000145435333,0.2531000077724457,0.2533000111579895,1617728,1617728,yfinance,2026-07-10T06:58:17.136516+00:00
2026-05-17 03:00:00+00:00,ADA-USD,15m,0.2533000111579895,0.2540000081062317,0.2533000111579895,0.2538999915122986,1670112,1670112,yfinance,2026-07-10T06:58:17.136516+00:00
2026-05-17 03:15:00+00:00,ADA-USD,15m,0.25380000472068787,0.2540999948978424,0.2535000145435333,0.25360000133514404,1946720,1946720,yfinance,2026-07-10T06:58:17.136516+00:00
2026-05-17 03:30:00+00:00,ADA-USD,15m,0.25360000133514404,0.25450000166893005,0.25360000133514404,0.2542000114917755,606912,606912,yfinance,2026-07-10T06:58:17.136516+00:00
2026-05-17 03:45:00+00:00,ADA-USD,15m,0.2542000114917755,0.25459998846054077,0.2542000114917755,0.2542000114917755,872800,872800,yfinance,2026-07-10T06:58:17.136516+00:00
2026-05-17 04:00:00+00:00,ADA-USD,15m,0.2542000114917755,0.2551000118255615,0.2542000114917755,0.2549999952316284,829344,829344,yfinance,2026-07-10T06:58:17.136516+00:00
2026-05-17 04:15:00+00:00,ADA-USD,15m,0.2549999952316284,0.2556999921798706,0.2549999952316284,0.25529998540878296,720032,720032,yfinance,2026-07-10T06:58:17.136516+00:00
2026-05-17 04:30:00+00:00,ADA-USD,15m,0.25529998540878296,0.2556000053882599,0.2547999918460846,0.25529998540878296,0,0,yfinance,2026-07-10T06:58:17.136516+00:00
2026-05-17 04:45:00+00:00,ADA-USD,15m,0.25540000200271606,0.25540000200271606,0.2549999952316284,0.2551000118255615,0,0,yfinance,2026-07-10T06:58:17.136516+00:00
2026-05-17 05:00:00+00:00,ADA-USD,15m,0.2551000118255615,0.2563999891281128,0.2549999952316284,0.2558000087738037,876608,876608,yfinance,2026-07-10T06:58:17.136516+00:00
2026-05-17 05:15:00+00:00,ADA-USD,15m,0.2558000087738037,0.25600001215934753,0.25540000200271606,0.2554999887943268,2606048,2606048,yfinance,2026-07-10T06:58:17.136516+00:00
2026-05-17 05:30:00+00:00,ADA-USD,15m,0.25529998540878296,0.2558000087738037,0.25519999861717224,0.25540000200271606,582464,582464,yfinance,2026-07-10T06:58:17.136516+00:00
2026-05-17 05:45:00+00:00,ADA-USD,15m,0.25540000200271606,0.2556000053882599,0.25529998540878296,0.25529998540878296,54400,54400,yfinance,2026-07-10T06:58:17.136516+00:00
2026-05-17 06:00:00+00:00,ADA-USD,15m,0.25529998540878296,0.2556000053882599,0.25529998540878296,0.2556000053882599,0,0,yfinance,2026-07-10T06:58:17.136516+00:00
2026-05-17 06:15:00+00:00,ADA-USD,15m,0.2556000053882599,0.2556000053882599,0.2549000084400177,0.2551000118255615,0,0,yfinance,2026-07-10T06:58:17.136516+00:00
2026-05-17 06:30:00+00:00,ADA-USD,15m,0.2551000118255615,0.2554999887943268,0.2551000118255615,0.25519999861717224,0,0,yfinance,2026-07-10T06:58:17.136516+00:00
2026-05-17 06:45:00+00:00,ADA-USD,15m,0.25519999861717224,0.2554999887943268,0.2551000118255615,0.2554999887943268,0,0,yfinance,2026-07-10T06:58:17.136516+00:00
2026-05-17 07:00:00+00:00,ADA-USD,15m,0.2556000053882599,0.25589999556541443,0.25540000200271606,0.2556999921798706,0,0,yfinance,2026-07-10T06:58:17.136516+00:00
2026-05-17 07:15:00+00:00,ADA-USD,15m,0.2556000053882599,0.2565000057220459,0.2556000053882599,0.25619998574256897,0,0,yfinance,2026-07-10T06:58:17.136516+00:00
2026-05-17 07:30:00+00:00,ADA-USD,15m,0.25609999895095825,0.2567000091075897,0.25609999895095825,0.2565000057220459,0,0,yfinance,2026-07-10T06:58:17.136516+00:00
2026-05-17 07:45:00+00:00,ADA-USD,15m,0.2565000057220459,0.2565999925136566,0.25609999895095825,0.25609999895095825,0,0,yfinance,2026-07-10T06:58:17.136516+00:00
2026-05-17 08:00:00+00:00,ADA-USD,15m,0.25619998574256897,0.2563000023365021,0.25600001215934753,0.25619998574256897,0,0,yfinance,2026-07-10T06:58:17.136516+00:00
2026-05-17 08:15:00+00:00,ADA-USD,15m,0.25609999895095825,0.25619998574256897,0.2556000053882599,0.2556999921798706,0,0,yfinance,2026-07-10T06:58:17.136516+00:00
2026-05-17 08:30:00+00:00,ADA-USD,15m,0.2556999921798706,0.25600001215934753,0.2556000053882599,0.2558000087738037,0,0,yfinance,2026-07-10T06:58:17.136516+00:00
2026-05-17 08:45:00+00:00,ADA-USD,15m,0.2558000087738037,0.2558000087738037,0.2554999887943268,0.2556000053882599,52992,52992,yfinance,2026-07-10T06:58:17.136516+00:00
2026-05-17 09:00:00+00:00,ADA-USD,15m,0.2556000053882599,0.25600001215934753,0.2554999887943268,0.25600001215934753,44224,44224,yfinance,2026-07-10T06:58:17.136516+00:00
2026-05-17 09:15:00+00:00,ADA-USD,15m,0.25609999895095825,0.2563000023365021,0.2558000087738037,0.25619998574256897,0,0,yfinance,2026-07-10T06:58:17.136516+00:00
2026-05-17 09:30:00+00:00,ADA-USD,15m,0.25619998574256897,0.25619998574256897,0.25600001215934753,0.25609999895095825,0,0,yfinance,2026-07-10T06:58:17.136516+00:00
2026-05-17 09:45:00+00:00,ADA-USD,15m,0.25609999895095825,0.2567000091075897,0.25609999895095825,0.2565000057220459,0,0,yfinance,2026-07-10T06:58:17.136516+00:00
2026-05-17 10:00:00+00:00,ADA-USD,15m,0.2565999925136566,0.257999986410141,0.2565999925136566,0.25769999623298645,0,0,yfinance,2026-07-10T06:58:17.136516+00:00
2026-05-17 10:15:00+00:00,ADA-USD,15m,0.25769999623298645,0.2581000030040741,0.2574999928474426,0.25769999623298645,436576,436576,yfinance,2026-07-10T06:58:17.136516+00:00
2026-05-17 10:30:00+00:00,ADA-USD,15m,0.25769999623298645,0.25769999623298645,0.2572000026702881,0.2572999894618988,0,0,yfinance,2026-07-10T06:58:17.136516+00:00
2026-05-17 10:45:00+00:00,ADA-USD,15m,0.2572999894618988,0.2574000060558319,0.25690001249313354,0.2572000026702881,1064784,1064784,yfinance,2026-07-10T06:58:17.136516+00:00
2026-05-17 11:00:00+00:00,ADA-USD,15m,0.257099986076355,0.2572000026702881,0.2563999891281128,0.2565999925136566,300224,300224,yfinance,2026-07-10T06:58:17.136516+00:00
2026-05-17 11:15:00+00:00,ADA-USD,15m,0.2567000091075897,0.2567000091075897,0.25609999895095825,0.25619998574256897,0,0,yfinance,2026-07-10T06:58:17.136516+00:00
2026-05-17 11:30:00+00:00,ADA-USD,15m,0.25619998574256897,0.2565999925136566,0.25600001215934753,0.2565999925136566,0,0,yfinance,2026-07-10T06:58:17.136516+00:00
2026-05-17 11:45:00+00:00,ADA-USD,15m,0.2565999925136566,0.25690001249313354,0.2565000057220459,0.2565999925136566,871184,871184,yfinance,2026-07-10T06:58:17.136516+00:00
2026-05-17 12:00:00+00:00,ADA-USD,15m,0.2565999925136566,0.25699999928474426,0.2565000057220459,0.2565999925136566,0,0,yfinance,2026-07-10T06:58:17.136516+00:00
2026-05-17 12:15:00+00:00,ADA-USD,15m,0.25679999589920044,0.257099986076355,0.2565000057220459,0.2567000091075897,0,0,yfinance,2026-07-10T06:58:17.136516+00:00
2026-05-17 12:30:00+00:00,ADA-USD,15m,0.2567000091075897,0.2572000026702881,0.2565999925136566,0.25690001249313354,371792,371792,yfinance,2026-07-10T06:58:17.136516+00:00
2026-05-17 12:45:00+00:00,ADA-USD,15m,0.25690001249313354,0.25699999928474426,0.25589999556541443,0.25600001215934753,724720,724720,yfinance,2026-07-10T06:58:17.136516+00:00
2026-05-17 13:00:00+00:00,ADA-USD,15m,0.25600001215934753,0.25600001215934753,0.25529998540878296,0.25529998540878296,1160240,1160240,yfinance,2026-07-10T06:58:17.136516+00:00
2026-05-17 13:15:00+00:00,ADA-USD,15m,0.2551000118255615,0.25540000200271606,0.25459998846054077,0.25540000200271606,1897760,1897760,yfinance,2026-07-10T06:58:17.136516+00:00
2026-05-17 13:30:00+00:00,ADA-USD,15m,0.25540000200271606,0.2554999887943268,0.2549999952316284,0.25540000200271606,191936,191936,yfinance,2026-07-10T06:58:17.136516+00:00
2026-05-17 13:45:00+00:00,ADA-USD,15m,0.2554999887943268,0.2558000087738037,0.25519999861717224,0.25540000200271606,147264,147264,yfinance,2026-07-10T06:58:17.136516+00:00
2026-05-17 14:00:00+00:00,ADA-USD,15m,0.25540000200271606,0.25540000200271606,0.2547999918460846,0.2549000084400177,12304,12304,yfinance,2026-07-10T06:58:17.136516+00:00
2026-05-17 14:15:00+00:00,ADA-USD,15m,0.2547999918460846,0.25519999861717224,0.25369998812675476,0.2549000084400177,3648080,3648080,yfinance,2026-07-10T06:58:17.136516+00:00
2026-05-17 14:30:00+00:00,ADA-USD,15m,0.2547999918460846,0.2549999952316284,0.25440001487731934,0.2547000050544739,1082528,1082528,yfinance,2026-07-10T06:58:17.136516+00:00
2026-05-17 14:45:00+00:00,ADA-USD,15m,0.2547000050544739,0.25540000200271606,0.2547000050544739,0.25519999861717224,0,0,yfinance,2026-07-10T06:58:17.136516+00:00
2026-05-17 15:00:00+00:00,ADA-USD,15m,0.2551000118255615,0.25540000200271606,0.2547999918460846,0.25519999861717224,242000,242000,yfinance,2026-07-10T06:58:17.136516+00:00
2026-05-17 15:15:00+00:00,ADA-USD,15m,0.2551000118255615,0.2551000118255615,0.25450000166893005,0.2549000084400177,374240,374240,yfinance,2026-07-10T06:58:17.136516+00:00
2026-05-17 15:30:00+00:00,ADA-USD,15m,0.2547999918460846,0.25529998540878296,0.2547999918460846,0.2549999952316284,163600,163600,yfinance,2026-07-10T06:58:17.136516+00:00
2026-05-17 15:45:00+00:00,ADA-USD,15m,0.2549000084400177,0.25519999861717224,0.2549000084400177,0.2551000118255615,0,0,yfinance,2026-07-10T06:58:17.136516+00:00
2026-05-17 16:00:00+00:00,ADA-USD,15m,0.2551000118255615,0.25540000200271606,0.2549999952316284,0.2549999952316284,0,0,yfinance,2026-07-10T06:58:17.136516+00:00
2026-05-17 16:15:00+00:00,ADA-USD,15m,0.2549999952316284,0.25519999861717224,0.2547000050544739,0.25519999861717224,64032,64032,yfinance,2026-07-10T06:58:17.136516+00:00
2026-05-17 16:30:00+00:00,ADA-USD,15m,0.25519999861717224,0.25529998540878296,0.2549000084400177,0.2549000084400177,0,0,yfinance,2026-07-10T06:58:17.136516+00:00
2026-05-17 16:45:00+00:00,ADA-USD,15m,0.2549000084400177,0.2551000118255615,0.25429999828338623,0.25440001487731934,1757552,1757552,yfinance,2026-07-10T06:58:17.136516+00:00
2026-05-17 17:00:00+00:00,ADA-USD,15m,0.25440001487731934,0.25440001487731934,0.2535000145435333,0.25380000472068787,275312,275312,yfinance,2026-07-10T06:58:17.136516+00:00
2026-05-17 17:15:00+00:00,ADA-USD,15m,0.25369998812675476,0.2540000081062317,0.2533000111579895,0.2538999915122986,1860576,1860576,yfinance,2026-07-10T06:58:17.136516+00:00
2026-05-17 17:30:00+00:00,ADA-USD,15m,0.2540000081062317,0.2540999948978424,0.2533999979496002,0.2538999915122986,63312,63312,yfinance,2026-07-10T06:58:17.136516+00:00
2026-05-17 17:45:00+00:00,ADA-USD,15m,0.2538999915122986,0.25440001487731934,0.25380000472068787,0.25429999828338623,0,0,yfinance,2026-07-10T06:58:17.136516+00:00
2026-05-17 18:00:00+00:00,ADA-USD,15m,0.2540999948978424,0.2547999918460846,0.2540000081062317,0.2540000081062317,0,0,yfinance,2026-07-10T06:58:17.136516+00:00
2026-05-17 18:15:00+00:00,ADA-USD,15m,0.2540999948978424,0.2542000114917755,0.2529999911785126,0.25369998812675476,1537584,1537584,yfinance,2026-07-10T06:58:17.136516+00:00
2026-05-17 18:30:00+00:00,ADA-USD,15m,0.25369998812675476,0.2538999915122986,0.2533999979496002,0.2535000145435333,6800,6800,yfinance,2026-07-10T06:58:17.136516+00:00
2026-05-17 18:45:00+00:00,ADA-USD,15m,0.2533999979496002,0.25429999828338623,0.2533000111579895,0.25429999828338623,52032,52032,yfinance,2026-07-10T06:58:17.136516+00:00
2026-05-17 19:00:00+00:00,ADA-USD,15m,0.25440001487731934,0.2547999918460846,0.25429999828338623,0.25440001487731934,270032,270032,yfinance,2026-07-10T06:58:17.136516+00:00
2026-05-17 19:15:00+00:00,ADA-USD,15m,0.25450000166893005,0.2547000050544739,0.2542000114917755,0.25429999828338623,122496,122496,yfinance,2026-07-10T06:58:17.136516+00:00
2026-05-17 19:30:00+00:00,ADA-USD,15m,0.25429999828338623,0.2549999952316284,0.2542000114917755,0.2549000084400177,119536,119536,yfinance,2026-07-10T06:58:17.136516+00:00
2026-05-17 19:45:00+00:00,ADA-USD,15m,0.2549000084400177,0.25540000200271606,0.2547999918460846,0.2551000118255615,828096,828096,yfinance,2026-07-10T06:58:17.136516+00:00
2026-05-17 20:00:00+00:00,ADA-USD,15m,0.2551000118255615,0.2554999887943268,0.25459998846054077,0.2547999918460846,0,0,yfinance,2026-07-10T06:58:17.136516+00:00
2026-05-17 20:15:00+00:00,ADA-USD,15m,0.2547999918460846,0.2547999918460846,0.25450000166893005,0.2547000050544739,109344,109344,yfinance,2026-07-10T06:58:17.136516+00:00
2026-05-17 20:30:00+00:00,ADA-USD,15m,0.2547999918460846,0.2549999952316284,0.25440001487731934,0.2547000050544739,838688,838688,yfinance,2026-07-10T06:58:17.136516+00:00
2026-05-17 20:45:00+00:00,ADA-USD,15m,0.2547999918460846,0.2549000084400177,0.2547000050544739,0.2547999918460846,48032,48032,yfinance,2026-07-10T06:58:17.136516+00:00
2026-05-17 21:00:00+00:00,ADA-USD,15m,0.2547000050544739,0.2547999918460846,0.25440001487731934,0.2547000050544739,0,0,yfinance,2026-07-10T06:58:17.136516+00:00
2026-05-17 21:15:00+00:00,ADA-USD,15m,0.2547000050544739,0.2554999887943268,0.25450000166893005,0.25540000200271606,502976,502976,yfinance,2026-07-10T06:58:17.136516+00:00
2026-05-17 21:30:00+00:00,ADA-USD,15m,0.2554999887943268,0.25589999556541443,0.25529998540878296,0.2556000053882599,554320,554320,yfinance,2026-07-10T06:58:17.136516+00:00
2026-05-17 21:45:00+00:00,ADA-USD,15m,0.2556000053882599,0.2556999921798706,0.25540000200271606,0.25540000200271606,224576,224576,yfinance,2026-07-10T06:58:17.136516+00:00
2026-05-17 22:00:00+00:00,ADA-USD,15m,0.25529998540878296,0.25529998540878296,0.25360000133514404,0.2542000114917755,1708192,1708192,yfinance,2026-07-10T06:58:17.136516+00:00
2026-05-17 22:15:00+00:00,ADA-USD,15m,0.25429999828338623,0.25429999828338623,0.2531999945640564,0.25360000133514404,1896464,1896464,yfinance,2026-07-10T06:58:17.136516+00:00
2026-05-17 22:30:00+00:00,ADA-USD,15m,0.25360000133514404,0.2542000114917755,0.2535000145435333,0.2540000081062317,1636256,1636256,yfinance,2026-07-10T06:58:17.136516+00:00
2026-05-17 22:45:00+00:00,ADA-USD,15m,0.25380000472068787,0.2540000081062317,0.2531999945640564,0.25380000472068787,1378832,1378832,yfinance,2026-07-10T06:58:17.136516+00:00
2026-05-17 23:00:00+00:00,ADA-USD,15m,0.25369998812675476,0.25380000472068787,0.2529999911785126,0.2533999979496002,2928400,2928400,yfinance,2026-07-10T06:58:17.136516+00:00
2026-05-17 23:15:00+00:00,ADA-USD,15m,0.2531999945640564,0.2531999945640564,0.2517000138759613,0.2524000108242035,6755824,6755824,yfinance,2026-07-10T06:58:17.136516+00:00
2026-05-17 23:30:00+00:00,ADA-USD,15m,0.25220000743865967,0.25270000100135803,0.24570000171661377,0.24889999628067017,28874672,28874672,yfinance,2026-07-10T06:58:17.136516+00:00
2026-05-17 23:45:00+00:00,ADA-USD,15m,0.24889999628067017,0.2524000108242035,0.24889999628067017,0.25209999084472656,35367968,35367968,yfinance,2026-07-10T06:58:17.136516+00:00
2026-05-18 00:00:00+00:00,ADA-USD,15m,0.25209999084472656,0.25209999084472656,0.2498999983072281,0.25099998712539673,20702304,20702304,yfinance,2026-07-10T06:58:17.136516+00:00
2026-05-18 00:15:00+00:00,ADA-USD,15m,0.25110000371932983,0.2517000138759613,0.2506999969482422,0.250900000333786,4294720,4294720,yfinance,2026-07-10T06:58:17.136516+00:00
2026-05-18 00:30:00+00:00,ADA-USD,15m,0.250900000333786,0.25119999051094055,0.2500999867916107,0.25029999017715454,3229888,3229888,yfinance,2026-07-10T06:58:17.136516+00:00
2026-05-18 00:45:00+00:00,ADA-USD,15m,0.2500999867916107,0.25119999051094055,0.25,0.25119999051094055,2537984,2537984,yfinance,2026-07-10T06:58:17.136516+00:00
2026-05-18 01:00:00+00:00,ADA-USD,15m,0.25119999051094055,0.2522999942302704,0.250900000333786,0.25119999051094055,3819072,3819072,yfinance,2026-07-10T06:58:17.136516+00:00
2026-05-18 01:15:00+00:00,ADA-USD,15m,0.25110000371932983,0.25119999051094055,0.2498999983072281,0.2500999867916107,1673184,1673184,yfinance,2026-07-10T06:58:17.136516+00:00
2026-05-18 01:30:00+00:00,ADA-USD,15m,0.25,0.2500999867916107,0.2492000013589859,0.24940000474452972,594752,594752,yfinance,2026-07-10T06:58:17.136516+00:00
2026-05-18 01:45:00+00:00,ADA-USD,15m,0.24940000474452972,0.25130000710487366,0.24879999458789825,0.25130000710487366,3747264,3747264,yfinance,2026-07-10T06:58:17.136516+00:00
2026-05-18 02:00:00+00:00,ADA-USD,15m,0.25110000371932983,0.25270000100135803,0.2508000135421753,0.25270000100135803,6460192,6460192,yfinance,2026-07-10T06:58:17.136516+00:00
2026-05-18 02:15:00+00:00,ADA-USD,15m,0.25270000100135803,0.25290000438690186,0.251800000667572,0.2524000108242035,3019712,3019712,yfinance,2026-07-10T06:58:17.136516+00:00
2026-05-18 02:30:00+00:00,ADA-USD,15m,0.25209999084472656,0.2524999976158142,0.25130000710487366,0.2515999972820282,742400,742400,yfinance,2026-07-10T06:58:17.136516+00:00
2026-05-18 02:45:00+00:00,ADA-USD,15m,0.2515999972820282,0.251800000667572,0.25099998712539673,0.2517000138759613,0,0,yfinance,2026-07-10T06:58:17.136516+00:00
2026-05-18 03:00:00+00:00,ADA-USD,15m,0.2517000138759613,0.2522999942302704,0.25119999051094055,0.25119999051094055,326112,326112,yfinance,2026-07-10T06:58:17.136516+00:00
2026-05-18 03:15:00+00:00,ADA-USD,15m,0.25110000371932983,0.25130000710487366,0.25040000677108765,0.25060001015663147,0,0,yfinance,2026-07-10T06:58:17.136516+00:00
2026-05-18 03:30:00+00:00,ADA-USD,15m,0.2506999969482422,0.2506999969482422,0.24979999661445618,0.25060001015663147,2656768,2656768,yfinance,2026-07-10T06:58:17.136516+00:00
2026-05-18 03:45:00+00:00,ADA-USD,15m,0.25049999356269836,0.25060001015663147,0.24979999661445618,0.25,662912,662912,yfinance,2026-07-10T06:58:17.136516+00:00
2026-05-18 04:00:00+00:00,ADA-USD,15m,0.2502000033855438,0.2506999969482422,0.2500999867916107,0.25060001015663147,201536,201536,yfinance,2026-07-10T06:58:17.136516+00:00
2026-05-18 04:15:00+00:00,ADA-USD,15m,0.25060001015663147,0.2506999969482422,0.2492000013589859,0.24969999492168427,633728,633728,yfinance,2026-07-10T06:58:17.136516+00:00
2026-05-18 04:30:00+00:00,ADA-USD,15m,0.24969999492168427,0.250900000333786,0.24950000643730164,0.250900000333786,916576,916576,yfinance,2026-07-10T06:58:17.136516+00:00
2026-05-18 04:45:00+00:00,ADA-USD,15m,0.250900000333786,0.25130000710487366,0.25040000677108765,0.25119999051094055,1616096,1616096,yfinance,2026-07-10T06:58:17.136516+00:00
2026-05-18 05:00:00+00:00,ADA-USD,15m,0.25119999051094055,0.251800000667572,0.2506999969482422,0.251800000667572,1589536,1589536,yfinance,2026-07-10T06:58:17.136516+00:00
2026-05-18 05:15:00+00:00,ADA-USD,15m,0.2517000138759613,0.2517000138759613,0.25110000371932983,0.25110000371932983,753408,753408,yfinance,2026-07-10T06:58:17.136516+00:00
2026-05-18 05:30:00+00:00,ADA-USD,15m,0.25110000371932983,0.25119999051094055,0.2498999983072281,0.2500999867916107,1008800,1008800,yfinance,2026-07-10T06:58:17.136516+00:00
2026-05-18 05:45:00+00:00,ADA-USD,15m,0.25,0.25049999356269836,0.24969999492168427,0.24979999661445618,1858560,1858560,yfinance,2026-07-10T06:58:17.136516+00:00
2026-05-18 06:00:00+00:00,ADA-USD,15m,0.2498999983072281,0.2502000033855438,0.24809999763965607,0.2493000030517578,11865824,11865824,yfinance,2026-07-10T06:58:17.136516+00:00
2026-05-18 06:15:00+00:00,ADA-USD,15m,0.2493000030517578,0.24959999322891235,0.2475000023841858,0.24799999594688416,6535680,6535680,yfinance,2026-07-10T06:58:17.136516+00:00
2026-05-18 06:30:00+00:00,ADA-USD,15m,0.24789999425411224,0.2492000013589859,0.2476000040769577,0.249099999666214,8698816,8698816,yfinance,2026-07-10T06:58:17.136516+00:00
2026-05-18 06:45:00+00:00,ADA-USD,15m,0.2493000030517578,0.2498999983072281,0.24889999628067017,0.24940000474452972,4082656,4082656,yfinance,2026-07-10T06:58:17.136516+00:00
2026-05-18 07:00:00+00:00,ADA-USD,15m,0.24959999322891235,0.2498999983072281,0.24879999458789825,0.2492000013589859,5901440,5901440,yfinance,2026-07-10T06:58:17.136516+00:00
2026-05-18 07:15:00+00:00,ADA-USD,15m,0.249099999666214,0.24979999661445618,0.24819999933242798,0.24940000474452972,1895040,1895040,yfinance,2026-07-10T06:58:17.136516+00:00
2026-05-18 07:30:00+00:00,ADA-USD,15m,0.24940000474452972,0.24979999661445618,0.24869999289512634,0.24879999458789825,397216,397216,yfinance,2026-07-10T06:58:17.136516+00:00
2026-05-18 07:45:00+00:00,ADA-USD,15m,0.24889999628067017,0.24950000643730164,0.24879999458789825,0.2493000030517578,2094528,2094528,yfinance,2026-07-10T06:58:17.136516+00:00
2026-05-18 08:00:00+00:00,ADA-USD,15m,0.2493000030517578,0.25040000677108765,0.2493000030517578,0.24979999661445618,1752736,1752736,yfinance,2026-07-10T06:58:17.136516+00:00
2026-05-18 08:15:00+00:00,ADA-USD,15m,0.24969999492168427,0.25,0.24959999322891235,0.2498999983072281,564736,564736,yfinance,2026-07-10T06:58:17.136516+00:00
2026-05-18 08:30:00+00:00,ADA-USD,15m,0.2498999983072281,0.2498999983072281,0.249099999666214,0.2493000030517578,249696,249696,yfinance,2026-07-10T06:58:17.136516+00:00
2026-05-18 08:45:00+00:00,ADA-USD,15m,0.2493000030517578,0.2498999983072281,0.249099999666214,0.2498999983072281,1771712,1771712,yfinance,2026-07-10T06:58:17.136516+00:00
2026-05-18 09:00:00+00:00,ADA-USD,15m,0.2498999983072281,0.25,0.24860000610351562,0.24869999289512634,877472,877472,yfinance,2026-07-10T06:58:17.136516+00:00
2026-05-18 09:15:00+00:00,ADA-USD,15m,0.24869999289512634,0.2493000030517578,0.24869999289512634,0.2493000030517578,1600704,1600704,yfinance,2026-07-10T06:58:17.136516+00:00
2026-05-18 09:30:00+00:00,ADA-USD,15m,0.2492000013589859,0.25,0.24899999797344208,0.24969999492168427,950720,950720,yfinance,2026-07-10T06:58:17.136516+00:00
2026-05-18 09:45:00+00:00,ADA-USD,15m,0.24969999492168427,0.25,0.249099999666214,0.249099999666214,782016,782016,yfinance,2026-07-10T06:58:17.136516+00:00
2026-05-18 10:00:00+00:00,ADA-USD,15m,0.2492000013589859,0.2492000013589859,0.24819999933242798,0.2483000010251999,0,0,yfinance,2026-07-10T06:58:17.136516+00:00
2026-05-18 10:15:00+00:00,ADA-USD,15m,0.2483000010251999,0.2485000044107437,0.24789999425411224,0.2483000010251999,86688,86688,yfinance,2026-07-10T06:58:17.136516+00:00
2026-05-18 10:30:00+00:00,ADA-USD,15m,0.2484000027179718,0.24860000610351562,0.24779999256134033,0.24809999763965607,954496,954496,yfinance,2026-07-10T06:58:17.136516+00:00
2026-05-18 10:45:00+00:00,ADA-USD,15m,0.24819999933242798,0.24860000610351562,0.24799999594688416,0.24799999594688416,396064,396064,yfinance,2026-07-10T06:58:17.136516+00:00
2026-05-18 11:00:00+00:00,ADA-USD,15m,0.24819999933242798,0.24879999458789825,0.24789999425411224,0.24879999458789825,769920,769920,yfinance,2026-07-10T06:58:17.136516+00:00
2026-05-18 11:15:00+00:00,ADA-USD,15m,0.24879999458789825,0.2493000030517578,0.24869999289512634,0.24889999628067017,2623168,2623168,yfinance,2026-07-10T06:58:17.136516+00:00
2026-05-18 11:30:00+00:00,ADA-USD,15m,0.24869999289512634,0.25200000405311584,0.24860000610351562,0.2513999938964844,5324960,5324960,yfinance,2026-07-10T06:58:17.136516+00:00
2026-05-18 11:45:00+00:00,ADA-USD,15m,0.2515000104904175,0.2515999972820282,0.25029999017715454,0.25049999356269836,4315648,4315648,yfinance,2026-07-10T06:58:17.136516+00:00
2026-05-18 12:00:00+00:00,ADA-USD,15m,0.25049999356269836,0.2513999938964844,0.25040000677108765,0.25099998712539673,3491936,3491936,yfinance,2026-07-10T06:58:17.136516+00:00
2026-05-18 12:15:00+00:00,ADA-USD,15m,0.25110000371932983,0.251800000667572,0.2508000135421753,0.25110000371932983,2209856,2209856,yfinance,2026-07-10T06:58:17.136516+00:00
2026-05-18 12:30:00+00:00,ADA-USD,15m,0.25110000371932983,0.25220000743865967,0.2508000135421753,0.25200000405311584,3597248,3597248,yfinance,2026-07-10T06:58:17.136516+00:00
2026-05-18 12:45:00+00:00,ADA-USD,15m,0.25209999084472656,0.2524000108242035,0.25119999051094055,0.2513999938964844,2238432,2238432,yfinance,2026-07-10T06:58:17.136516+00:00
2026-05-18 13:00:00+00:00,ADA-USD,15m,0.25130000710487366,0.2515000104904175,0.25049999356269836,0.2508000135421753,590688,590688,yfinance,2026-07-10T06:58:17.136516+00:00
2026-05-18 13:15:00+00:00,ADA-USD,15m,0.2506999969482422,0.250900000333786,0.24940000474452972,0.24940000474452972,6027552,6027552,yfinance,2026-07-10T06:58:17.136516+00:00
2026-05-18 13:30:00+00:00,ADA-USD,15m,0.2493000030517578,0.24950000643730164,0.2476000040769577,0.24860000610351562,7014592,7014592,yfinance,2026-07-10T06:58:17.136516+00:00
2026-05-18 13:45:00+00:00,ADA-USD,15m,0.2485000044107437,0.24979999661445618,0.2483000010251999,0.249099999666214,5862368,5862368,yfinance,2026-07-10T06:58:17.136516+00:00
2026-05-18 14:00:00+00:00,ADA-USD,15m,0.249099999666214,0.249099999666214,0.24789999425411224,0.24819999933242798,5146720,5146720,yfinance,2026-07-10T06:58:17.136516+00:00
2026-05-18 14:15:00+00:00,ADA-USD,15m,0.24809999763965607,0.24869999289512634,0.24719999730587006,0.24819999933242798,3110336,3110336,yfinance,2026-07-10T06:58:17.136516+00:00
2026-05-18 14:30:00+00:00,ADA-USD,15m,0.2483000010251999,0.2484000027179718,0.24690000712871552,0.24770000576972961,2673312,2673312,yfinance,2026-07-10T06:58:17.136516+00:00
2026-05-18 14:45:00+00:00,ADA-USD,15m,0.24770000576972961,0.24779999256134033,0.24690000712871552,0.24770000576972961,2205152,2205152,yfinance,2026-07-10T06:58:17.136516+00:00
2026-05-18 15:00:00+00:00,ADA-USD,15m,0.24770000576972961,0.24779999256134033,0.24629999697208405,0.2475000023841858,7435872,7435872,yfinance,2026-07-10T06:58:17.136516+00:00
2026-05-18 15:15:00+00:00,ADA-USD,15m,0.24740000069141388,0.24740000069141388,0.24650000035762787,0.24650000035762787,2158944,2158944,yfinance,2026-07-10T06:58:17.136516+00:00
2026-05-18 15:30:00+00:00,ADA-USD,15m,0.24660000205039978,0.24869999289512634,0.24619999527931213,0.2485000044107437,3542304,3542304,yfinance,2026-07-10T06:58:17.136516+00:00
2026-05-18 15:45:00+00:00,ADA-USD,15m,0.2485000044107437,0.24889999628067017,0.24779999256134033,0.24809999763965607,3225504,3225504,yfinance,2026-07-10T06:58:17.136516+00:00
2026-05-18 16:00:00+00:00,ADA-USD,15m,0.24789999425411224,0.24869999289512634,0.2475000023841858,0.24860000610351562,5679744,5679744,yfinance,2026-07-10T06:58:17.136516+00:00
2026-05-18 16:15:00+00:00,ADA-USD,15m,0.24860000610351562,0.24889999628067017,0.24740000069141388,0.2475000023841858,3246976,3246976,yfinance,2026-07-10T06:58:17.136516+00:00
2026-05-18 16:30:00+00:00,ADA-USD,15m,0.2475000023841858,0.249099999666214,0.24729999899864197,0.24899999797344208,4045856,4045856,yfinance,2026-07-10T06:58:17.136516+00:00
2026-05-18 16:45:00+00:00,ADA-USD,15m,0.249099999666214,0.2492000013589859,0.2485000044107437,0.24869999289512634,2940640,2940640,yfinance,2026-07-10T06:58:17.136516+00:00
2026-05-18 17:00:00+00:00,ADA-USD,15m,0.24860000610351562,0.24889999628067017,0.24819999933242798,0.2485000044107437,2404576,2404576,yfinance,2026-07-10T06:58:17.136516+00:00
2026-05-18 17:15:00+00:00,ADA-USD,15m,0.24860000610351562,0.2493000030517578,0.24860000610351562,0.2493000030517578,1101536,1101536,yfinance,2026-07-10T06:58:17.136516+00:00
2026-05-18 17:30:00+00:00,ADA-USD,15m,0.2493000030517578,0.24959999322891235,0.24889999628067017,0.24940000474452972,612288,612288,yfinance,2026-07-10T06:58:17.136516+00:00
2026-05-18 17:45:00+00:00,ADA-USD,15m,0.24959999322891235,0.24959999322891235,0.24860000610351562,0.24860000610351562,869824,869824,yfinance,2026-07-10T06:58:17.136516+00:00
2026-05-18 18:00:00+00:00,ADA-USD,15m,0.24860000610351562,0.24869999289512634,0.2475000023841858,0.24770000576972961,0,0,yfinance,2026-07-10T06:58:17.136516+00:00
2026-05-18 18:15:00+00:00,ADA-USD,15m,0.2476000040769577,0.24779999256134033,0.24650000035762787,0.24729999899864197,625824,625824,yfinance,2026-07-10T06:58:17.136516+00:00
2026-05-18 18:30:00+00:00,ADA-USD,15m,0.24729999899864197,0.24779999256134033,0.24699999392032623,0.24740000069141388,1006912,1006912,yfinance,2026-07-10T06:58:17.136516+00:00
2026-05-18 18:45:00+00:00,ADA-USD,15m,0.2475000023841858,0.24789999425411224,0.24650000035762787,0.2468000054359436,2792032,2792032,yfinance,2026-07-10T06:58:17.136516+00:00
2026-05-18 19:00:00+00:00,ADA-USD,15m,0.2468000054359436,0.25040000677108765,0.2468000054359436,0.2493000030517578,10460704,10460704,yfinance,2026-07-10T06:58:17.136516+00:00
2026-05-18 19:15:00+00:00,ADA-USD,15m,0.24940000474452972,0.24979999661445618,0.2492000013589859,0.24959999322891235,3376064,3376064,yfinance,2026-07-10T06:58:17.136516+00:00
2026-05-18 19:30:00+00:00,ADA-USD,15m,0.24959999322891235,0.25060001015663147,0.24959999322891235,0.25049999356269836,2107008,2107008,yfinance,2026-07-10T06:58:17.136516+00:00
2026-05-18 19:45:00+00:00,ADA-USD,15m,0.25040000677108765,0.25110000371932983,0.25029999017715454,0.25060001015663147,1841568,1841568,yfinance,2026-07-10T06:58:17.136516+00:00
2026-05-18 20:00:00+00:00,ADA-USD,15m,0.2506999969482422,0.25119999051094055,0.25029999017715454,0.25119999051094055,2449504,2449504,yfinance,2026-07-10T06:58:17.136516+00:00
2026-05-18 20:15:00+00:00,ADA-USD,15m,0.25110000371932983,0.25130000710487366,0.2506999969482422,0.25099998712539673,355520,355520,yfinance,2026-07-10T06:58:17.136516+00:00
2026-05-18 20:30:00+00:00,ADA-USD,15m,0.250900000333786,0.25110000371932983,0.2502000033855438,0.2502000033855438,1325632,1325632,yfinance,2026-07-10T06:58:17.136516+00:00
2026-05-18 20:45:00+00:00,ADA-USD,15m,0.2502000033855438,0.2502000033855438,0.24959999322891235,0.25,553984,553984,yfinance,2026-07-10T06:58:17.136516+00:00
2026-05-18 21:00:00+00:00,ADA-USD,15m,0.25,0.25110000371932983,0.2498999983072281,0.2508000135421753,1384320,1384320,yfinance,2026-07-10T06:58:17.136516+00:00
2026-05-18 21:15:00+00:00,ADA-USD,15m,0.2508000135421753,0.2517000138759613,0.2508000135421753,0.2515000104904175,1425664,1425664,yfinance,2026-07-10T06:58:17.136516+00:00
2026-05-18 21:30:00+00:00,ADA-USD,15m,0.2515000104904175,0.2526000142097473,0.2515000104904175,0.2522999942302704,2396416,2396416,yfinance,2026-07-10T06:58:17.136516+00:00
2026-05-18 21:45:00+00:00,ADA-USD,15m,0.25220000743865967,0.2524999976158142,0.25200000405311584,0.2524000108242035,303040,303040,yfinance,2026-07-10T06:58:17.136516+00:00
2026-05-18 22:00:00+00:00,ADA-USD,15m,0.2526000142097473,0.25279998779296875,0.25200000405311584,0.25220000743865967,0,0,yfinance,2026-07-10T06:58:17.136516+00:00
2026-05-18 22:15:00+00:00,ADA-USD,15m,0.25220000743865967,0.25270000100135803,0.25200000405311584,0.2522999942302704,366912,366912,yfinance,2026-07-10T06:58:17.136516+00:00
2026-05-18 22:30:00+00:00,ADA-USD,15m,0.2524000108242035,0.2524000108242035,0.2515999972820282,0.2517000138759613,0,0,yfinance,2026-07-10T06:58:17.136516+00:00
2026-05-18 22:45:00+00:00,ADA-USD,15m,0.2517000138759613,0.2517000138759613,0.2508000135421753,0.2515000104904175,2018176,2018176,yfinance,2026-07-10T06:58:17.136516+00:00
2026-05-18 23:00:00+00:00,ADA-USD,15m,0.2515999972820282,0.25209999084472656,0.2515999972820282,0.25200000405311584,0,0,yfinance,2026-07-10T06:58:17.136516+00:00
2026-05-18 23:15:00+00:00,ADA-USD,15m,0.25200000405311584,0.25200000405311584,0.25130000710487366,0.25130000710487366,0,0,yfinance,2026-07-10T06:58:17.136516+00:00
2026-05-18 23:30:00+00:00,ADA-USD,15m,0.25130000710487366,0.25220000743865967,0.25119999051094055,0.25200000405311584,0,0,yfinance,2026-07-10T06:58:17.136516+00:00
2026-05-18 23:45:00+00:00,ADA-USD,15m,0.25189998745918274,0.25189998745918274,0.250900000333786,0.2515000104904175,0,0,yfinance,2026-07-10T06:58:17.136516+00:00
2026-05-19 00:00:00+00:00,ADA-USD,15m,0.2515000104904175,0.2524000108242035,0.2513999938964844,0.25200000405311584,0,0,yfinance,2026-07-10T06:58:17.136516+00:00
2026-05-19 00:15:00+00:00,ADA-USD,15m,0.25200000405311584,0.2533000111579895,0.25200000405311584,0.2524999976158142,280320,280320,yfinance,2026-07-10T06:58:17.136516+00:00
2026-05-19 00:30:00+00:00,ADA-USD,15m,0.2524999976158142,0.2526000142097473,0.25189998745918274,0.2522999942302704,0,0,yfinance,2026-07-10T06:58:17.136516+00:00
2026-05-19 00:45:00+00:00,ADA-USD,15m,0.2522999942302704,0.2531000077724457,0.2522999942302704,0.2524000108242035,87072,87072,yfinance,2026-07-10T06:58:17.136516+00:00
2026-05-19 01:00:00+00:00,ADA-USD,15m,0.2522999942302704,0.2522999942302704,0.25189998745918274,0.25220000743865967,0,0,yfinance,2026-07-10T06:58:17.136516+00:00
2026-05-19 01:15:00+00:00,ADA-USD,15m,0.25220000743865967,0.25220000743865967,0.250900000333786,0.25119999051094055,460672,460672,yfinance,2026-07-10T06:58:17.136516+00:00
2026-05-19 01:30:00+00:00,ADA-USD,15m,0.25099998712539673,0.25200000405311584,0.250900000333786,0.251800000667572,24704,24704,yfinance,2026-07-10T06:58:17.136516+00:00
2026-05-19 01:45:00+00:00,ADA-USD,15m,0.2517000138759613,0.251800000667572,0.25110000371932983,0.25110000371932983,0,0,yfinance,2026-07-10T06:58:17.136516+00:00
2026-05-19 02:00:00+00:00,ADA-USD,15m,0.25119999051094055,0.25119999051094055,0.25040000677108765,0.25110000371932983,0,0,yfinance,2026-07-10T06:58:17.136516+00:00
2026-05-19 02:15:00+00:00,ADA-USD,15m,0.25099998712539673,0.25200000405311584,0.2508000135421753,0.2513999938964844,406272,406272,yfinance,2026-07-10T06:58:17.136516+00:00
2026-05-19 02:30:00+00:00,ADA-USD,15m,0.2513999938964844,0.2515000104904175,0.2506999969482422,0.2508000135421753,0,0,yfinance,2026-07-10T06:58:17.136516+00:00
2026-05-19 02:45:00+00:00,ADA-USD,15m,0.2508000135421753,0.25119999051094055,0.25060001015663147,0.2506999969482422,1664960,1664960,yfinance,2026-07-10T06:58:17.136516+00:00
2026-05-19 03:00:00+00:00,ADA-USD,15m,0.2506999969482422,0.25119999051094055,0.25040000677108765,0.25119999051094055,857472,857472,yfinance,2026-07-10T06:58:17.136516+00:00
2026-05-19 03:15:00+00:00,ADA-USD,15m,0.25119999051094055,0.251800000667572,0.25119999051094055,0.2515000104904175,3185792,3185792,yfinance,2026-07-10T06:58:17.136516+00:00
2026-05-19 03:30:00+00:00,ADA-USD,15m,0.2515000104904175,0.25220000743865967,0.2513999938964844,0.25200000405311584,0,0,yfinance,2026-07-10T06:58:17.136516+00:00
2026-05-19 03:45:00+00:00,ADA-USD,15m,0.25200000405311584,0.25200000405311584,0.25119999051094055,0.25119999051094055,0,0,yfinance,2026-07-10T06:58:17.136516+00:00
2026-05-19 04:00:00+00:00,ADA-USD,15m,0.25119999051094055,0.25209999084472656,0.25110000371932983,0.25200000405311584,1029600,1029600,yfinance,2026-07-10T06:58:17.136516+00:00
2026-05-19 04:15:00+00:00,ADA-USD,15m,0.25189998745918274,0.25200000405311584,0.250900000333786,0.25099998712539673,312960,312960,yfinance,2026-07-10T06:58:17.136516+00:00
2026-05-19 04:30:00+00:00,ADA-USD,15m,0.25099998712539673,0.2515999972820282,0.25099998712539673,0.2515000104904175,0,0,yfinance,2026-07-10T06:58:17.136516+00:00
2026-05-19 04:45:00+00:00,ADA-USD,15m,0.2515000104904175,0.25209999084472656,0.2515000104904175,0.25189998745918274,776224,776224,yfinance,2026-07-10T06:58:17.136516+00:00
2026-05-19 05:00:00+00:00,ADA-USD,15m,0.25200000405311584,0.25209999084472656,0.25119999051094055,0.2513999938964844,0,0,yfinance,2026-07-10T06:58:17.136516+00:00
2026-05-19 05:15:00+00:00,ADA-USD,15m,0.2513999938964844,0.2513999938964844,0.25040000677108765,0.25119999051094055,0,0,yfinance,2026-07-10T06:58:17.136516+00:00
2026-05-19 05:30:00+00:00,ADA-USD,15m,0.25119999051094055,0.25200000405311584,0.25099998712539673,0.2517000138759613,985120,985120,yfinance,2026-07-10T06:58:17.136516+00:00
2026-05-19 05:45:00+00:00,ADA-USD,15m,0.2517000138759613,0.25200000405311584,0.2513999938964844,0.2515000104904175,0,0,yfinance,2026-07-10T06:58:17.136516+00:00
2026-05-19 06:00:00+00:00,ADA-USD,15m,0.2513999938964844,0.25209999084472656,0.25119999051094055,0.25209999084472656,0,0,yfinance,2026-07-10T06:58:17.136516+00:00
2026-05-19 06:15:00+00:00,ADA-USD,15m,0.25209999084472656,0.2522999942302704,0.2515999972820282,0.25200000405311584,0,0,yfinance,2026-07-10T06:58:17.136516+00:00
2026-05-19 06:30:00+00:00,ADA-USD,15m,0.25200000405311584,0.25209999084472656,0.2515999972820282,0.25189998745918274,0,0,yfinance,2026-07-10T06:58:17.136516+00:00
2026-05-19 06:45:00+00:00,ADA-USD,15m,0.25200000405311584,0.25200000405311584,0.2515999972820282,0.2517000138759613,0,0,yfinance,2026-07-10T06:58:17.136516+00:00
2026-05-19 07:00:00+00:00,ADA-USD,15m,0.2515999972820282,0.2522999942302704,0.25130000710487366,0.25200000405311584,650784,650784,yfinance,2026-07-10T06:58:17.136516+00:00
2026-05-19 07:15:00+00:00,ADA-USD,15m,0.25209999084472656,0.25220000743865967,0.251800000667572,0.251800000667572,307904,307904,yfinance,2026-07-10T06:58:17.136516+00:00
2026-05-19 07:30:00+00:00,ADA-USD,15m,0.251800000667572,0.2524999976158142,0.251800000667572,0.2524999976158142,228736,228736,yfinance,2026-07-10T06:58:17.136516+00:00
2026-05-19 07:45:00+00:00,ADA-USD,15m,0.2522999942302704,0.25290000438690186,0.2522999942302704,0.2524000108242035,771200,771200,yfinance,2026-07-10T06:58:17.136516+00:00
2026-05-19 08:00:00+00:00,ADA-USD,15m,0.2524000108242035,0.2524000108242035,0.250900000333786,0.25110000371932983,65728,65728,yfinance,2026-07-10T06:58:17.136516+00:00
2026-05-19 08:15:00+00:00,ADA-USD,15m,0.25110000371932983,0.2515000104904175,0.25060001015663147,0.25099998712539673,1177664,1177664,yfinance,2026-07-10T06:58:17.136516+00:00
2026-05-19 08:30:00+00:00,ADA-USD,15m,0.25099998712539673,0.25220000743865967,0.2508000135421753,0.2517000138759613,1757504,1757504,yfinance,2026-07-10T06:58:17.136516+00:00
2026-05-19 08:45:00+00:00,ADA-USD,15m,0.2517000138759613,0.251800000667572,0.25130000710487366,0.25130000710487366,0,0,yfinance,2026-07-10T06:58:17.136516+00:00
2026-05-19 09:00:00+00:00,ADA-USD,15m,0.25119999051094055,0.2517000138759613,0.25119999051094055,0.2515999972820282,154432,154432,yfinance,2026-07-10T06:58:17.136516+00:00
2026-05-19 09:15:00+00:00,ADA-USD,15m,0.2515000104904175,0.2515000104904175,0.24950000643730164,0.2498999983072281,309600,309600,yfinance,2026-07-10T06:58:17.136516+00:00
2026-05-19 09:30:00+00:00,ADA-USD,15m,0.24979999661445618,0.2502000033855438,0.24959999322891235,0.2500999867916107,3141600,3141600,yfinance,2026-07-10T06:58:17.136516+00:00
2026-05-19 09:45:00+00:00,ADA-USD,15m,0.2500999867916107,0.25060001015663147,0.24969999492168427,0.25040000677108765,1516928,1516928,yfinance,2026-07-10T06:58:17.136516+00:00
2026-05-19 10:00:00+00:00,ADA-USD,15m,0.25029999017715454,0.25060001015663147,0.2500999867916107,0.2502000033855438,346816,346816,yfinance,2026-07-10T06:58:17.136516+00:00
2026-05-19 10:15:00+00:00,ADA-USD,15m,0.2502000033855438,0.2502000033855438,0.24950000643730164,0.24959999322891235,2159680,2159680,yfinance,2026-07-10T06:58:17.136516+00:00
2026-05-19 10:30:00+00:00,ADA-USD,15m,0.24969999492168427,0.2500999867916107,0.24879999458789825,0.24879999458789825,2236672,2236672,yfinance,2026-07-10T06:58:17.136516+00:00
2026-05-19 10:45:00+00:00,ADA-USD,15m,0.24879999458789825,0.25,0.24860000610351562,0.24979999661445618,4287808,4287808,yfinance,2026-07-10T06:58:17.136516+00:00
2026-05-19 11:00:00+00:00,ADA-USD,15m,0.24979999661445618,0.2498999983072281,0.24940000474452972,0.24940000474452972,2555712,2555712,yfinance,2026-07-10T06:58:17.136516+00:00
2026-05-19 11:15:00+00:00,ADA-USD,15m,0.24940000474452972,0.24959999322891235,0.24860000610351562,0.24889999628067017,73600,73600,yfinance,2026-07-10T06:58:17.136516+00:00
2026-05-19 11:30:00+00:00,ADA-USD,15m,0.24899999797344208,0.249099999666214,0.24799999594688416,0.24799999594688416,846048,846048,yfinance,2026-07-10T06:58:17.136516+00:00
2026-05-19 11:45:00+00:00,ADA-USD,15m,0.24809999763965607,0.24879999458789825,0.24809999763965607,0.2484000027179718,365792,365792,yfinance,2026-07-10T06:58:17.136516+00:00
2026-05-19 12:00:00+00:00,ADA-USD,15m,0.2484000027179718,0.2493000030517578,0.24799999594688416,0.2492000013589859,263648,263648,yfinance,2026-07-10T06:58:17.136516+00:00
2026-05-19 12:15:00+00:00,ADA-USD,15m,0.2492000013589859,0.24950000643730164,0.24889999628067017,0.249099999666214,189984,189984,yfinance,2026-07-10T06:58:17.136516+00:00
2026-05-19 12:30:00+00:00,ADA-USD,15m,0.2492000013589859,0.24959999322891235,0.2492000013589859,0.2493000030517578,0,0,yfinance,2026-07-10T06:58:17.136516+00:00
2026-05-19 12:45:00+00:00,ADA-USD,15m,0.24940000474452972,0.24959999322891235,0.2492000013589859,0.24959999322891235,692832,692832,yfinance,2026-07-10T06:58:17.136516+00:00
2026-05-19 13:00:00+00:00,ADA-USD,15m,0.24959999322891235,0.2500999867916107,0.2493000030517578,0.2498999983072281,351872,351872,yfinance,2026-07-10T06:58:17.136516+00:00
2026-05-19 13:15:00+00:00,ADA-USD,15m,0.24979999661445618,0.2498999983072281,0.249099999666214,0.249099999666214,0,0,yfinance,2026-07-10T06:58:17.136516+00:00
2026-05-19 13:30:00+00:00,ADA-USD,15m,0.249099999666214,0.25099998712539673,0.249099999666214,0.24969999492168427,0,0,yfinance,2026-07-10T06:58:17.136516+00:00
2026-05-19 13:45:00+00:00,ADA-USD,15m,0.24969999492168427,0.2506999969482422,0.24969999492168427,0.2498999983072281,118080,118080,yfinance,2026-07-10T06:58:17.136516+00:00
2026-05-19 14:00:00+00:00,ADA-USD,15m,0.24979999661445618,0.25029999017715454,0.24869999289512634,0.24869999289512634,396640,396640,yfinance,2026-07-10T06:58:17.136516+00:00
2026-05-19 14:15:00+00:00,ADA-USD,15m,0.24869999289512634,0.24879999458789825,0.24779999256134033,0.2484000027179718,316992,316992,yfinance,2026-07-10T06:58:17.136516+00:00
2026-05-19 14:30:00+00:00,ADA-USD,15m,0.2484000027179718,0.24899999797344208,0.24809999763965607,0.2485000044107437,76736,76736,yfinance,2026-07-10T06:58:17.136516+00:00
2026-05-19 14:45:00+00:00,ADA-USD,15m,0.24869999289512634,0.24869999289512634,0.24699999392032623,0.24799999594688416,1706464,1706464,yfinance,2026-07-10T06:58:17.136516+00:00
2026-05-19 15:00:00+00:00,ADA-USD,15m,0.24799999594688416,0.24889999628067017,0.24789999425411224,0.2485000044107437,0,0,yfinance,2026-07-10T06:58:17.136516+00:00
2026-05-19 15:15:00+00:00,ADA-USD,15m,0.2485000044107437,0.24889999628067017,0.24770000576972961,0.24809999763965607,0,0,yfinance,2026-07-10T06:58:17.136516+00:00
2026-05-19 15:30:00+00:00,ADA-USD,15m,0.24809999763965607,0.2492000013589859,0.24809999763965607,0.24869999289512634,3501600,3501600,yfinance,2026-07-10T06:58:17.136516+00:00
2026-05-19 15:45:00+00:00,ADA-USD,15m,0.24860000610351562,0.24860000610351562,0.24789999425411224,0.24819999933242798,424864,424864,yfinance,2026-07-10T06:58:17.136516+00:00
2026-05-19 16:00:00+00:00,ADA-USD,15m,0.2483000010251999,0.24879999458789825,0.24770000576972961,0.24789999425411224,0,0,yfinance,2026-07-10T06:58:17.136516+00:00
2026-05-19 16:15:00+00:00,ADA-USD,15m,0.24789999425411224,0.2485000044107437,0.24789999425411224,0.2484000027179718,0,0,yfinance,2026-07-10T06:58:17.136516+00:00
2026-05-19 16:30:00+00:00,ADA-USD,15m,0.24860000610351562,0.2492000013589859,0.24860000610351562,0.2492000013589859,28864,28864,yfinance,2026-07-10T06:58:17.136516+00:00
2026-05-19 16:45:00+00:00,ADA-USD,15m,0.2492000013589859,0.24979999661445618,0.24899999797344208,0.24969999492168427,191744,191744,yfinance,2026-07-10T06:58:17.136516+00:00
2026-05-19 17:00:00+00:00,ADA-USD,15m,0.24959999322891235,0.24979999661445618,0.24889999628067017,0.249099999666214,0,0,yfinance,2026-07-10T06:58:17.136516+00:00
2026-05-19 17:15:00+00:00,ADA-USD,15m,0.2492000013589859,0.24969999492168427,0.24889999628067017,0.249099999666214,0,0,yfinance,2026-07-10T06:58:17.136516+00:00
2026-05-19 17:30:00+00:00,ADA-USD,15m,0.24889999628067017,0.24950000643730164,0.24860000610351562,0.24879999458789825,447904,447904,yfinance,2026-07-10T06:58:17.136516+00:00
2026-05-19 17:45:00+00:00,ADA-USD,15m,0.24879999458789825,0.24889999628067017,0.2483000010251999,0.24889999628067017,283744,283744,yfinance,2026-07-10T06:58:17.136516+00:00
2026-05-19 18:00:00+00:00,ADA-USD,15m,0.24889999628067017,0.249099999666214,0.2485000044107437,0.24889999628067017,276864,276864,yfinance,2026-07-10T06:58:17.136516+00:00
2026-05-19 18:15:00+00:00,ADA-USD,15m,0.24899999797344208,0.24899999797344208,0.24819999933242798,0.2484000027179718,471584,471584,yfinance,2026-07-10T06:58:17.136516+00:00
2026-05-19 18:30:00+00:00,ADA-USD,15m,0.2484000027179718,0.24899999797344208,0.24809999763965607,0.24860000610351562,569184,569184,yfinance,2026-07-10T06:58:17.136516+00:00
2026-05-19 18:45:00+00:00,ADA-USD,15m,0.24860000610351562,0.24879999458789825,0.2483000010251999,0.2483000010251999,114912,114912,yfinance,2026-07-10T06:58:17.136516+00:00
2026-05-19 19:00:00+00:00,ADA-USD,15m,0.2484000027179718,0.249099999666214,0.2484000027179718,0.24899999797344208,0,0,yfinance,2026-07-10T06:58:17.136516+00:00
2026-05-19 19:15:00+00:00,ADA-USD,15m,0.2492000013589859,0.2492000013589859,0.24809999763965607,0.2483000010251999,0,0,yfinance,2026-07-10T06:58:17.136516+00:00
2026-05-19 19:30:00+00:00,ADA-USD,15m,0.2483000010251999,0.24869999289512634,0.24819999933242798,0.24860000610351562,359264,359264,yfinance,2026-07-10T06:58:17.136516+00:00
2026-05-19 19:45:00+00:00,ADA-USD,15m,0.2485000044107437,0.2485000044107437,0.24799999594688416,0.2483000010251999,0,0,yfinance,2026-07-10T06:58:17.136516+00:00
2026-05-19 20:00:00+00:00,ADA-USD,15m,0.2483000010251999,0.24869999289512634,0.24819999933242798,0.2485000044107437,0,0,yfinance,2026-07-10T06:58:17.136516+00:00
2026-05-19 20:15:00+00:00,ADA-USD,15m,0.2485000044107437,0.24860000610351562,0.2483000010251999,0.24860000610351562,87008,87008,yfinance,2026-07-10T06:58:17.136516+00:00
2026-05-19 20:30:00+00:00,ADA-USD,15m,0.2485000044107437,0.24899999797344208,0.2484000027179718,0.24869999289512634,0,0,yfinance,2026-07-10T06:58:17.136516+00:00
2026-05-19 20:45:00+00:00,ADA-USD,15m,0.24869999289512634,0.2492000013589859,0.24869999289512634,0.249099999666214,940128,940128,yfinance,2026-07-10T06:58:17.136516+00:00
2026-05-19 21:00:00+00:00,ADA-USD,15m,0.249099999666214,0.24950000643730164,0.24879999458789825,0.2492000013589859,1664,1664,yfinance,2026-07-10T06:58:17.136516+00:00
2026-05-19 21:15:00+00:00,ADA-USD,15m,0.2492000013589859,0.24940000474452972,0.24899999797344208,0.249099999666214,274016,274016,yfinance,2026-07-10T06:58:17.136516+00:00
2026-05-19 21:30:00+00:00,ADA-USD,15m,0.2492000013589859,0.24950000643730164,0.2492000013589859,0.24950000643730164,0,0,yfinance,2026-07-10T06:58:17.136516+00:00
2026-05-19 21:45:00+00:00,ADA-USD,15m,0.24950000643730164,0.24950000643730164,0.24879999458789825,0.24889999628067017,0,0,yfinance,2026-07-10T06:58:17.136516+00:00
2026-05-19 22:00:00+00:00,ADA-USD,15m,0.24869999289512634,0.24869999289512634,0.24809999763965607,0.2484000027179718,0,0,yfinance,2026-07-10T06:58:17.136516+00:00
2026-05-19 22:15:00+00:00,ADA-USD,15m,0.24809999763965607,0.2484000027179718,0.2475000023841858,0.2476000040769577,259136,259136,yfinance,2026-07-10T06:58:17.136516+00:00
2026-05-19 22:30:00+00:00,ADA-USD,15m,0.24729999899864197,0.24809999763965607,0.24729999899864197,0.24789999425411224,490624,490624,yfinance,2026-07-10T06:58:17.136516+00:00
2026-05-19 22:45:00+00:00,ADA-USD,15m,0.24789999425411224,0.24789999425411224,0.24770000576972961,0.24789999425411224,0,0,yfinance,2026-07-10T06:58:17.136516+00:00
2026-05-19 23:00:00+00:00,ADA-USD,15m,0.24770000576972961,0.24860000610351562,0.24770000576972961,0.2484000027179718,433120,433120,yfinance,2026-07-10T06:58:17.136516+00:00
2026-05-19 23:15:00+00:00,ADA-USD,15m,0.2484000027179718,0.24889999628067017,0.2484000027179718,0.24879999458789825,90848,90848,yfinance,2026-07-10T06:58:17.136516+00:00
2026-05-19 23:30:00+00:00,ADA-USD,15m,0.24899999797344208,0.2493000030517578,0.24860000610351562,0.24869999289512634,130624,130624,yfinance,2026-07-10T06:58:17.136516+00:00
2026-05-19 23:45:00+00:00,ADA-USD,15m,0.24869999289512634,0.24869999289512634,0.24789999425411224,0.24799999594688416,130496,130496,yfinance,2026-07-10T06:58:17.136516+00:00
2026-05-20 00:00:00+00:00,ADA-USD,15m,0.24789999425411224,0.24819999933242798,0.24740000069141388,0.2475000023841858,0,0,yfinance,2026-07-10T06:58:17.136516+00:00
2026-05-20 00:15:00+00:00,ADA-USD,15m,0.2476000040769577,0.24789999425411224,0.24709999561309814,0.24789999425411224,0,0,yfinance,2026-07-10T06:58:17.136516+00:00
2026-05-20 00:30:00+00:00,ADA-USD,15m,0.24809999763965607,0.2485000044107437,0.24770000576972961,0.24799999594688416,250400,250400,yfinance,2026-07-10T06:58:17.136516+00:00
2026-05-20 00:45:00+00:00,ADA-USD,15m,0.24799999594688416,0.24809999763965607,0.24770000576972961,0.24789999425411224,0,0,yfinance,2026-07-10T06:58:17.136516+00:00
2026-05-20 01:00:00+00:00,ADA-USD,15m,0.24809999763965607,0.2483000010251999,0.2475000023841858,0.24809999763965607,913952,913952,yfinance,2026-07-10T06:58:17.136516+00:00
2026-05-20 01:15:00+00:00,ADA-USD,15m,0.24799999594688416,0.24819999933242798,0.24690000712871552,0.24690000712871552,244640,244640,yfinance,2026-07-10T06:58:17.136516+00:00
2026-05-20 01:30:00+00:00,ADA-USD,15m,0.24699999392032623,0.2476000040769577,0.2468000054359436,0.24719999730587006,680992,680992,yfinance,2026-07-10T06:58:17.136516+00:00
2026-05-20 01:45:00+00:00,ADA-USD,15m,0.24709999561309814,0.2483000010251999,0.24690000712871552,0.24779999256134033,3205920,3205920,yfinance,2026-07-10T06:58:17.136516+00:00
2026-05-20 02:00:00+00:00,ADA-USD,15m,0.24779999256134033,0.24779999256134033,0.24740000069141388,0.24770000576972961,1822752,1822752,yfinance,2026-07-10T06:58:17.136516+00:00
2026-05-20 02:15:00+00:00,ADA-USD,15m,0.24789999425411224,0.2483000010251999,0.24729999899864197,0.2476000040769577,817056,817056,yfinance,2026-07-10T06:58:17.136516+00:00
2026-05-20 02:30:00+00:00,ADA-USD,15m,0.2475000023841858,0.2476000040769577,0.24699999392032623,0.24699999392032623,737120,737120,yfinance,2026-07-10T06:58:17.136516+00:00
2026-05-20 02:45:00+00:00,ADA-USD,15m,0.24699999392032623,0.24729999899864197,0.24690000712871552,0.24729999899864197,0,0,yfinance,2026-07-10T06:58:17.136516+00:00
2026-05-20 03:00:00+00:00,ADA-USD,15m,0.24709999561309814,0.24740000069141388,0.2467000037431717,0.24729999899864197,4896,4896,yfinance,2026-07-10T06:58:17.136516+00:00
2026-05-20 03:15:00+00:00,ADA-USD,15m,0.24729999899864197,0.2484000027179718,0.24729999899864197,0.2483000010251999,782720,782720,yfinance,2026-07-10T06:58:17.136516+00:00
2026-05-20 03:30:00+00:00,ADA-USD,15m,0.2483000010251999,0.2485000044107437,0.24799999594688416,0.2483000010251999,1927264,1927264,yfinance,2026-07-10T06:58:17.136516+00:00
2026-05-20 03:45:00+00:00,ADA-USD,15m,0.24819999933242798,0.24819999933242798,0.24789999425411224,0.24809999763965607,1518688,1518688,yfinance,2026-07-10T06:58:17.136516+00:00
2026-05-20 04:00:00+00:00,ADA-USD,15m,0.24809999763965607,0.2484000027179718,0.24770000576972961,0.24809999763965607,116000,116000,yfinance,2026-07-10T06:58:17.136516+00:00
2026-05-20 04:15:00+00:00,ADA-USD,15m,0.24819999933242798,0.2483000010251999,0.24799999594688416,0.24809999763965607,578400,578400,yfinance,2026-07-10T06:58:17.136516+00:00
2026-05-20 04:30:00+00:00,ADA-USD,15m,0.24809999763965607,0.24819999933242798,0.2476000040769577,0.24799999594688416,701728,701728,yfinance,2026-07-10T06:58:17.136516+00:00
2026-05-20 04:45:00+00:00,ADA-USD,15m,0.24799999594688416,0.2485000044107437,0.24779999256134033,0.2485000044107437,235552,235552,yfinance,2026-07-10T06:58:17.136516+00:00
2026-05-20 05:00:00+00:00,ADA-USD,15m,0.24860000610351562,0.25,0.24860000610351562,0.24979999661445618,2168256,2168256,yfinance,2026-07-10T06:58:17.136516+00:00
2026-05-20 05:15:00+00:00,ADA-USD,15m,0.2498999983072281,0.2502000033855438,0.24959999322891235,0.24979999661445618,4308992,4308992,yfinance,2026-07-10T06:58:17.136516+00:00
2026-05-20 05:30:00+00:00,ADA-USD,15m,0.24979999661445618,0.2506999969482422,0.24969999492168427,0.24969999492168427,5494720,5494720,yfinance,2026-07-10T06:58:17.136516+00:00
2026-05-20 05:45:00+00:00,ADA-USD,15m,0.24979999661445618,0.25,0.24969999492168427,0.2498999983072281,456288,456288,yfinance,2026-07-10T06:58:17.136516+00:00
2026-05-20 06:00:00+00:00,ADA-USD,15m,0.25,0.2502000033855438,0.24969999492168427,0.24979999661445618,1179200,1179200,yfinance,2026-07-10T06:58:17.136516+00:00
2026-05-20 06:15:00+00:00,ADA-USD,15m,0.2498999983072281,0.2500999867916107,0.24959999322891235,0.24979999661445618,90368,90368,yfinance,2026-07-10T06:58:17.136516+00:00
2026-05-20 06:30:00+00:00,ADA-USD,15m,0.24979999661445618,0.25,0.24950000643730164,0.25,0,0,yfinance,2026-07-10T06:58:17.136516+00:00
2026-05-20 06:45:00+00:00,ADA-USD,15m,0.2500999867916107,0.25029999017715454,0.2498999983072281,0.2498999983072281,2858784,2858784,yfinance,2026-07-10T06:58:17.136516+00:00
2026-05-20 07:00:00+00:00,ADA-USD,15m,0.2498999983072281,0.2498999983072281,0.2493000030517578,0.2493000030517578,0,0,yfinance,2026-07-10T06:58:17.136516+00:00
2026-05-20 07:15:00+00:00,ADA-USD,15m,0.2493000030517578,0.24979999661445618,0.2492000013589859,0.24959999322891235,813312,813312,yfinance,2026-07-10T06:58:17.136516+00:00
2026-05-20 07:30:00+00:00,ADA-USD,15m,0.24959999322891235,0.2498999983072281,0.2493000030517578,0.24959999322891235,240160,240160,yfinance,2026-07-10T06:58:17.136516+00:00
2026-05-20 07:45:00+00:00,ADA-USD,15m,0.24950000643730164,0.24950000643730164,0.24869999289512634,0.24889999628067017,242528,242528,yfinance,2026-07-10T06:58:17.136516+00:00
2026-05-20 08:00:00+00:00,ADA-USD,15m,0.24899999797344208,0.24950000643730164,0.24879999458789825,0.24899999797344208,231744,231744,yfinance,2026-07-10T06:58:17.136516+00:00
2026-05-20 08:15:00+00:00,ADA-USD,15m,0.24899999797344208,0.249099999666214,0.24869999289512634,0.249099999666214,39392,39392,yfinance,2026-07-10T06:58:17.136516+00:00
2026-05-20 08:30:00+00:00,ADA-USD,15m,0.2492000013589859,0.2502000033855438,0.2492000013589859,0.25,1258496,1258496,yfinance,2026-07-10T06:58:17.136516+00:00
2026-05-20 08:45:00+00:00,ADA-USD,15m,0.25,0.25,0.24959999322891235,0.24969999492168427,109376,109376,yfinance,2026-07-10T06:58:17.136516+00:00
2026-05-20 09:00:00+00:00,ADA-USD,15m,0.24969999492168427,0.25,0.24959999322891235,0.24959999322891235,229024,229024,yfinance,2026-07-10T06:58:17.136516+00:00
2026-05-20 09:15:00+00:00,ADA-USD,15m,0.24950000643730164,0.24950000643730164,0.249099999666214,0.24950000643730164,0,0,yfinance,2026-07-10T06:58:17.136516+00:00
2026-05-20 09:30:00+00:00,ADA-USD,15m,0.24950000643730164,0.24959999322891235,0.249099999666214,0.249099999666214,0,0,yfinance,2026-07-10T06:58:17.136516+00:00
2026-05-20 09:45:00+00:00,ADA-USD,15m,0.249099999666214,0.2492000013589859,0.24889999628067017,0.24889999628067017,0,0,yfinance,2026-07-10T06:58:17.136516+00:00
2026-05-20 10:00:00+00:00,ADA-USD,15m,0.24889999628067017,0.24950000643730164,0.24889999628067017,0.24950000643730164,203200,203200,yfinance,2026-07-10T06:58:17.136516+00:00
2026-05-20 10:15:00+00:00,ADA-USD,15m,0.24950000643730164,0.2498999983072281,0.24940000474452972,0.24979999661445618,260864,260864,yfinance,2026-07-10T06:58:17.136516+00:00
2026-05-20 10:30:00+00:00,ADA-USD,15m,0.24979999661445618,0.2500999867916107,0.24950000643730164,0.24969999492168427,0,0,yfinance,2026-07-10T06:58:17.136516+00:00
2026-05-20 10:45:00+00:00,ADA-USD,15m,0.24969999492168427,0.2498999983072281,0.24950000643730164,0.24969999492168427,0,0,yfinance,2026-07-10T06:58:17.136516+00:00
2026-05-20 11:00:00+00:00,ADA-USD,15m,0.24969999492168427,0.2498999983072281,0.24959999322891235,0.24969999492168427,0,0,yfinance,2026-07-10T06:58:17.136516+00:00
2026-05-20 11:15:00+00:00,ADA-USD,15m,0.24969999492168427,0.2498999983072281,0.249099999666214,0.249099999666214,0,0,yfinance,2026-07-10T06:58:17.136516+00:00
2026-05-20 11:30:00+00:00,ADA-USD,15m,0.2492000013589859,0.24940000474452972,0.24879999458789825,0.24899999797344208,0,0,yfinance,2026-07-10T06:58:17.136516+00:00
2026-05-20 11:45:00+00:00,ADA-USD,15m,0.24899999797344208,0.24899999797344208,0.24809999763965607,0.24860000610351562,98880,98880,yfinance,2026-07-10T06:58:17.136516+00:00
2026-05-20 12:00:00+00:00,ADA-USD,15m,0.2485000044107437,0.24899999797344208,0.2484000027179718,0.24879999458789825,0,0,yfinance,2026-07-10T06:58:17.136516+00:00
2026-05-20 12:15:00+00:00,ADA-USD,15m,0.24879999458789825,0.24899999797344208,0.24819999933242798,0.24879999458789825,384192,384192,yfinance,2026-07-10T06:58:17.136516+00:00
2026-05-20 12:30:00+00:00,ADA-USD,15m,0.24879999458789825,0.2493000030517578,0.24879999458789825,0.24899999797344208,338880,338880,yfinance,2026-07-10T06:58:17.136516+00:00
2026-05-20 12:45:00+00:00,ADA-USD,15m,0.24899999797344208,0.25,0.24899999797344208,0.24950000643730164,910336,910336,yfinance,2026-07-10T06:58:17.136516+00:00
2026-05-20 13:00:00+00:00,ADA-USD,15m,0.24950000643730164,0.24959999322891235,0.24869999289512634,0.24869999289512634,162816,162816,yfinance,2026-07-10T06:58:17.136516+00:00
2026-05-20 13:15:00+00:00,ADA-USD,15m,0.24869999289512634,0.24899999797344208,0.2484000027179718,0.24869999289512634,455520,455520,yfinance,2026-07-10T06:58:17.136516+00:00
2026-05-20 13:30:00+00:00,ADA-USD,15m,0.24879999458789825,0.24879999458789825,0.24709999561309814,0.24779999256134033,1771168,1771168,yfinance,2026-07-10T06:58:17.136516+00:00
2026-05-20 13:45:00+00:00,ADA-USD,15m,0.24799999594688416,0.24879999458789825,0.24770000576972961,0.2484000027179718,1304096,1304096,yfinance,2026-07-10T06:58:17.136516+00:00
2026-05-20 14:00:00+00:00,ADA-USD,15m,0.2483000010251999,0.2492000013589859,0.24770000576972961,0.24889999628067017,0,0,yfinance,2026-07-10T06:58:17.136516+00:00
2026-05-20 14:15:00+00:00,ADA-USD,15m,0.24889999628067017,0.25040000677108765,0.24889999628067017,0.25,4324000,4324000,yfinance,2026-07-10T06:58:17.136516+00:00
2026-05-20 14:30:00+00:00,ADA-USD,15m,0.2500999867916107,0.25049999356269836,0.24940000474452972,0.2498999983072281,7594752,7594752,yfinance,2026-07-10T06:58:17.136516+00:00
2026-05-20 14:45:00+00:00,ADA-USD,15m,0.2498999983072281,0.25060001015663147,0.24969999492168427,0.25029999017715454,2586848,2586848,yfinance,2026-07-10T06:58:17.136516+00:00
2026-05-20 15:00:00+00:00,ADA-USD,15m,0.2502000033855438,0.2502000033855438,0.24889999628067017,0.24899999797344208,1685472,1685472,yfinance,2026-07-10T06:58:17.136516+00:00
2026-05-20 15:15:00+00:00,ADA-USD,15m,0.24899999797344208,0.25119999051094055,0.24899999797344208,0.25049999356269836,3504320,3504320,yfinance,2026-07-10T06:58:17.136516+00:00
2026-05-20 15:30:00+00:00,ADA-USD,15m,0.25049999356269836,0.25099998712539673,0.25,0.2502000033855438,0,0,yfinance,2026-07-10T06:58:17.136516+00:00
2026-05-20 15:45:00+00:00,ADA-USD,15m,0.25029999017715454,0.2506999969482422,0.24959999322891235,0.2500999867916107,490464,490464,yfinance,2026-07-10T06:58:17.136516+00:00
2026-05-20 16:00:00+00:00,ADA-USD,15m,0.25,0.2500999867916107,0.24959999322891235,0.24979999661445618,301216,301216,yfinance,2026-07-10T06:58:17.136516+00:00
2026-05-20 16:15:00+00:00,ADA-USD,15m,0.24979999661445618,0.24979999661445618,0.24779999256134033,0.24809999763965607,3970080,3970080,yfinance,2026-07-10T06:58:17.136516+00:00
2026-05-20 16:30:00+00:00,ADA-USD,15m,0.24789999425411224,0.2500999867916107,0.24789999425411224,0.25,5138112,5138112,yfinance,2026-07-10T06:58:17.136516+00:00
2026-05-20 16:45:00+00:00,ADA-USD,15m,0.25,0.25049999356269836,0.24940000474452972,0.24979999661445618,5017184,5017184,yfinance,2026-07-10T06:58:17.136516+00:00
2026-05-20 17:00:00+00:00,ADA-USD,15m,0.2498999983072281,0.25060001015663147,0.24950000643730164,0.25049999356269836,3422912,3422912,yfinance,2026-07-10T06:58:17.136516+00:00
2026-05-20 17:15:00+00:00,ADA-USD,15m,0.25049999356269836,0.250900000333786,0.25029999017715454,0.2506999969482422,5335808,5335808,yfinance,2026-07-10T06:58:17.136516+00:00
2026-05-20 17:30:00+00:00,ADA-USD,15m,0.2506999969482422,0.25110000371932983,0.25040000677108765,0.25049999356269836,3580672,3580672,yfinance,2026-07-10T06:58:17.136516+00:00
2026-05-20 17:45:00+00:00,ADA-USD,15m,0.25049999356269836,0.2506999969482422,0.2498999983072281,0.25,956096,956096,yfinance,2026-07-10T06:58:17.136516+00:00
2026-05-20 18:00:00+00:00,ADA-USD,15m,0.24969999492168427,0.2502000033855438,0.24950000643730164,0.2500999867916107,2016256,2016256,yfinance,2026-07-10T06:58:17.136516+00:00
2026-05-20 18:15:00+00:00,ADA-USD,15m,0.25,0.2502000033855438,0.2493000030517578,0.24950000643730164,872256,872256,yfinance,2026-07-10T06:58:17.136516+00:00
2026-05-20 18:30:00+00:00,ADA-USD,15m,0.24950000643730164,0.24959999322891235,0.249099999666214,0.24940000474452972,380800,380800,yfinance,2026-07-10T06:58:17.136516+00:00
2026-05-20 18:45:00+00:00,ADA-USD,15m,0.2492000013589859,0.2493000030517578,0.24879999458789825,0.24899999797344208,360768,360768,yfinance,2026-07-10T06:58:17.136516+00:00
2026-05-20 19:00:00+00:00,ADA-USD,15m,0.24899999797344208,0.2493000030517578,0.2484000027179718,0.2492000013589859,1661952,1661952,yfinance,2026-07-10T06:58:17.136516+00:00
2026-05-20 19:15:00+00:00,ADA-USD,15m,0.2492000013589859,0.2502000033855438,0.2492000013589859,0.2502000033855438,2639136,2639136,yfinance,2026-07-10T06:58:17.136516+00:00
2026-05-20 19:30:00+00:00,ADA-USD,15m,0.2502000033855438,0.25029999017715454,0.2498999983072281,0.2502000033855438,1225664,1225664,yfinance,2026-07-10T06:58:17.136516+00:00
2026-05-20 19:45:00+00:00,ADA-USD,15m,0.2502000033855438,0.2502000033855438,0.24959999322891235,0.25,349632,349632,yfinance,2026-07-10T06:58:17.136516+00:00
2026-05-20 20:00:00+00:00,ADA-USD,15m,0.2498999983072281,0.25029999017715454,0.24940000474452972,0.25029999017715454,469216,469216,yfinance,2026-07-10T06:58:17.136516+00:00
2026-05-20 20:15:00+00:00,ADA-USD,15m,0.25029999017715454,0.25029999017715454,0.24889999628067017,0.2498999983072281,1903584,1903584,yfinance,2026-07-10T06:58:17.136516+00:00
2026-05-20 20:30:00+00:00,ADA-USD,15m,0.2498999983072281,0.2500999867916107,0.24950000643730164,0.2500999867916107,798240,798240,yfinance,2026-07-10T06:58:17.136516+00:00
2026-05-20 20:45:00+00:00,ADA-USD,15m,0.25,0.25049999356269836,0.24979999661445618,0.2502000033855438,89504,89504,yfinance,2026-07-10T06:58:17.136516+00:00
2026-05-20 21:00:00+00:00,ADA-USD,15m,0.25029999017715454,0.25049999356269836,0.25,0.25040000677108765,249408,249408,yfinance,2026-07-10T06:58:17.136516+00:00
2026-05-20 21:15:00+00:00,ADA-USD,15m,0.25040000677108765,0.25049999356269836,0.2498999983072281,0.25029999017715454,1300960,1300960,yfinance,2026-07-10T06:58:17.136516+00:00
2026-05-20 21:30:00+00:00,ADA-USD,15m,0.2502000033855438,0.25049999356269836,0.2500999867916107,0.2502000033855438,906528,906528,yfinance,2026-07-10T06:58:17.136516+00:00
2026-05-20 21:45:00+00:00,ADA-USD,15m,0.2502000033855438,0.2502000033855438,0.24940000474452972,0.24940000474452972,1762080,1762080,yfinance,2026-07-10T06:58:17.136516+00:00
2026-05-20 22:00:00+00:00,ADA-USD,15m,0.2493000030517578,0.24940000474452972,0.24809999763965607,0.24860000610351562,2209024,2209024,yfinance,2026-07-10T06:58:17.136516+00:00
2026-05-20 22:15:00+00:00,ADA-USD,15m,0.24860000610351562,0.24940000474452972,0.24799999594688416,0.2492000013589859,457280,457280,yfinance,2026-07-10T06:58:17.136516+00:00
2026-05-20 22:30:00+00:00,ADA-USD,15m,0.2493000030517578,0.2493000030517578,0.24869999289512634,0.24889999628067017,274112,274112,yfinance,2026-07-10T06:58:17.136516+00:00
2026-05-20 22:45:00+00:00,ADA-USD,15m,0.24889999628067017,0.2492000013589859,0.24889999628067017,0.249099999666214,173536,173536,yfinance,2026-07-10T06:58:17.136516+00:00
2026-05-20 23:00:00+00:00,ADA-USD,15m,0.24889999628067017,0.24889999628067017,0.24819999933242798,0.2483000010251999,24000,24000,yfinance,2026-07-10T06:58:17.136516+00:00
2026-05-20 23:15:00+00:00,ADA-USD,15m,0.2483000010251999,0.24879999458789825,0.24809999763965607,0.24869999289512634,3279744,3279744,yfinance,2026-07-10T06:58:17.136516+00:00
2026-05-20 23:30:00+00:00,ADA-USD,15m,0.24869999289512634,0.249099999666214,0.2485000044107437,0.24899999797344208,1511072,1511072,yfinance,2026-07-10T06:58:17.136516+00:00
2026-05-20 23:45:00+00:00,ADA-USD,15m,0.24879999458789825,0.2492000013589859,0.24860000610351562,0.24899999797344208,1251872,1251872,yfinance,2026-07-10T06:58:17.136516+00:00
2026-05-21 00:00:00+00:00,ADA-USD,15m,0.249099999666214,0.24940000474452972,0.24879999458789825,0.2493000030517578,651168,651168,yfinance,2026-07-10T06:58:17.136516+00:00
2026-05-21 00:15:00+00:00,ADA-USD,15m,0.2493000030517578,0.24959999322891235,0.24899999797344208,0.24959999322891235,157184,157184,yfinance,2026-07-10T06:58:17.136516+00:00
2026-05-21 00:30:00+00:00,ADA-USD,15m,0.24969999492168427,0.25,0.24940000474452972,0.25,1367200,1367200,yfinance,2026-07-10T06:58:17.136516+00:00
2026-05-21 00:45:00+00:00,ADA-USD,15m,0.2500999867916107,0.25060001015663147,0.24979999661445618,0.25040000677108765,2340736,2340736,yfinance,2026-07-10T06:58:17.136516+00:00
2026-05-21 01:00:00+00:00,ADA-USD,15m,0.25040000677108765,0.2513999938964844,0.25040000677108765,0.2513999938964844,399904,399904,yfinance,2026-07-10T06:58:17.136516+00:00
2026-05-21 01:15:00+00:00,ADA-USD,15m,0.25130000710487366,0.251800000667572,0.25060001015663147,0.25060001015663147,3803616,3803616,yfinance,2026-07-10T06:58:17.136516+00:00
2026-05-21 01:30:00+00:00,ADA-USD,15m,0.25060001015663147,0.250900000333786,0.2502000033855438,0.2506999969482422,980736,980736,yfinance,2026-07-10T06:58:17.136516+00:00
2026-05-21 01:45:00+00:00,ADA-USD,15m,0.2506999969482422,0.25119999051094055,0.25029999017715454,0.250900000333786,178592,178592,yfinance,2026-07-10T06:58:17.136516+00:00
2026-05-21 02:00:00+00:00,ADA-USD,15m,0.2506999969482422,0.250900000333786,0.25049999356269836,0.25060001015663147,0,0,yfinance,2026-07-10T06:58:17.136516+00:00
2026-05-21 02:15:00+00:00,ADA-USD,15m,0.25060001015663147,0.251800000667572,0.25049999356269836,0.2517000138759613,3588992,3588992,yfinance,2026-07-10T06:58:17.136516+00:00
2026-05-21 02:30:00+00:00,ADA-USD,15m,0.2515999972820282,0.25209999084472656,0.2513999938964844,0.2517000138759613,470720,470720,yfinance,2026-07-10T06:58:17.136516+00:00
2026-05-21 02:45:00+00:00,ADA-USD,15m,0.2517000138759613,0.2517000138759613,0.25119999051094055,0.25119999051094055,471744,471744,yfinance,2026-07-10T06:58:17.136516+00:00
2026-05-21 03:00:00+00:00,ADA-USD,15m,0.25119999051094055,0.25119999051094055,0.25060001015663147,0.2506999969482422,101600,101600,yfinance,2026-07-10T06:58:17.136516+00:00
2026-05-21 03:15:00+00:00,ADA-USD,15m,0.2506999969482422,0.2513999938964844,0.2506999969482422,0.25119999051094055,190976,190976,yfinance,2026-07-10T06:58:17.136516+00:00
2026-05-21 03:30:00+00:00,ADA-USD,15m,0.25119999051094055,0.25189998745918274,0.25119999051094055,0.251800000667572,1232320,1232320,yfinance,2026-07-10T06:58:17.136516+00:00
2026-05-21 03:45:00+00:00,ADA-USD,15m,0.251800000667572,0.25200000405311584,0.2515999972820282,0.25200000405311584,19680,19680,yfinance,2026-07-10T06:58:17.136516+00:00
2026-05-21 04:00:00+00:00,ADA-USD,15m,0.25200000405311584,0.2524999976158142,0.2515999972820282,0.2517000138759613,2073120,2073120,yfinance,2026-07-10T06:58:17.136516+00:00
2026-05-21 04:15:00+00:00,ADA-USD,15m,0.251800000667572,0.25200000405311584,0.2515999972820282,0.2517000138759613,1453248,1453248,yfinance,2026-07-10T06:58:17.136516+00:00
2026-05-21 04:30:00+00:00,ADA-USD,15m,0.2517000138759613,0.251800000667572,0.250900000333786,0.25130000710487366,338048,338048,yfinance,2026-07-10T06:58:17.136516+00:00
2026-05-21 04:45:00+00:00,ADA-USD,15m,0.2513999938964844,0.2515000104904175,0.25119999051094055,0.25130000710487366,750304,750304,yfinance,2026-07-10T06:58:17.136516+00:00
2026-05-21 05:00:00+00:00,ADA-USD,15m,0.25130000710487366,0.2515000104904175,0.2506999969482422,0.2508000135421753,1703392,1703392,yfinance,2026-07-10T06:58:17.136516+00:00
2026-05-21 05:15:00+00:00,ADA-USD,15m,0.2508000135421753,0.250900000333786,0.2502000033855438,0.25029999017715454,24096,24096,yfinance,2026-07-10T06:58:17.136516+00:00
2026-05-21 05:30:00+00:00,ADA-USD,15m,0.2502000033855438,0.2502000033855438,0.2493000030517578,0.2493000030517578,0,0,yfinance,2026-07-10T06:58:17.136516+00:00
2026-05-21 05:45:00+00:00,ADA-USD,15m,0.249099999666214,0.2492000013589859,0.2483000010251999,0.249099999666214,6224160,6224160,yfinance,2026-07-10T06:58:17.136516+00:00
2026-05-21 06:00:00+00:00,ADA-USD,15m,0.249099999666214,0.2493000030517578,0.2483000010251999,0.2485000044107437,994304,994304,yfinance,2026-07-10T06:58:17.136516+00:00
2026-05-21 06:15:00+00:00,ADA-USD,15m,0.24860000610351562,0.2493000030517578,0.2483000010251999,0.24899999797344208,3974208,3974208,yfinance,2026-07-10T06:58:17.136516+00:00
2026-05-21 06:30:00+00:00,ADA-USD,15m,0.24899999797344208,0.2492000013589859,0.24819999933242798,0.24819999933242798,2311616,2311616,yfinance,2026-07-10T06:58:17.136516+00:00
2026-05-21 06:45:00+00:00,ADA-USD,15m,0.24819999933242798,0.2484000027179718,0.24740000069141388,0.24770000576972961,3714688,3714688,yfinance,2026-07-10T06:58:17.136516+00:00
2026-05-21 07:00:00+00:00,ADA-USD,15m,0.24770000576972961,0.24819999933242798,0.2476000040769577,0.24789999425411224,5004896,5004896,yfinance,2026-07-10T06:58:17.136516+00:00
2026-05-21 07:15:00+00:00,ADA-USD,15m,0.24789999425411224,0.24799999594688416,0.2476000040769577,0.24799999594688416,2428064,2428064,yfinance,2026-07-10T06:58:17.136516+00:00
2026-05-21 07:30:00+00:00,ADA-USD,15m,0.24789999425411224,0.24879999458789825,0.24789999425411224,0.24879999458789825,918080,918080,yfinance,2026-07-10T06:58:17.136516+00:00
2026-05-21 07:45:00+00:00,ADA-USD,15m,0.24869999289512634,0.249099999666214,0.24860000610351562,0.24889999628067017,785152,785152,yfinance,2026-07-10T06:58:17.136516+00:00
2026-05-21 08:00:00+00:00,ADA-USD,15m,0.24899999797344208,0.24979999661445618,0.24899999797344208,0.24969999492168427,1445824,1445824,yfinance,2026-07-10T06:58:17.136516+00:00
2026-05-21 08:15:00+00:00,ADA-USD,15m,0.2498999983072281,0.2502000033855438,0.24940000474452972,0.2502000033855438,2032160,2032160,yfinance,2026-07-10T06:58:17.136516+00:00
2026-05-21 08:30:00+00:00,ADA-USD,15m,0.25,0.2502000033855438,0.24950000643730164,0.24959999322891235,1141632,1141632,yfinance,2026-07-10T06:58:17.136516+00:00
2026-05-21 08:45:00+00:00,ADA-USD,15m,0.24950000643730164,0.24969999492168427,0.2492000013589859,0.24959999322891235,1138336,1138336,yfinance,2026-07-10T06:58:17.136516+00:00
2026-05-21 09:00:00+00:00,ADA-USD,15m,0.24959999322891235,0.24979999661445618,0.24940000474452972,0.24950000643730164,61824,61824,yfinance,2026-07-10T06:58:17.136516+00:00
2026-05-21 09:15:00+00:00,ADA-USD,15m,0.24959999322891235,0.24979999661445618,0.24940000474452972,0.24950000643730164,486176,486176,yfinance,2026-07-10T06:58:17.136516+00:00
2026-05-21 09:30:00+00:00,ADA-USD,15m,0.24940000474452972,0.24959999322891235,0.2484000027179718,0.24879999458789825,4480,4480,yfinance,2026-07-10T06:58:17.136516+00:00
2026-05-21 09:45:00+00:00,ADA-USD,15m,0.24869999289512634,0.24879999458789825,0.2485000044107437,0.2485000044107437,0,0,yfinance,2026-07-10T06:58:17.136516+00:00
2026-05-21 10:00:00+00:00,ADA-USD,15m,0.2485000044107437,0.24899999797344208,0.2485000044107437,0.24889999628067017,0,0,yfinance,2026-07-10T06:58:17.136516+00:00
2026-05-21 10:15:00+00:00,ADA-USD,15m,0.24899999797344208,0.249099999666214,0.2459000051021576,0.24650000035762787,6586368,6586368,yfinance,2026-07-10T06:58:17.136516+00:00
2026-05-21 10:30:00+00:00,ADA-USD,15m,0.24619999527931213,0.24699999392032623,0.2459000051021576,0.2467000037431717,7753792,7753792,yfinance,2026-07-10T06:58:17.136516+00:00
2026-05-21 10:45:00+00:00,ADA-USD,15m,0.2467000037431717,0.2467000037431717,0.2460000067949295,0.24629999697208405,3959552,3959552,yfinance,2026-07-10T06:58:17.136516+00:00
2026-05-21 11:00:00+00:00,ADA-USD,15m,0.24629999697208405,0.24729999899864197,0.2459000051021576,0.24729999899864197,4697760,4697760,yfinance,2026-07-10T06:58:17.136516+00:00
2026-05-21 11:15:00+00:00,ADA-USD,15m,0.24729999899864197,0.24770000576972961,0.24709999561309814,0.24719999730587006,1380576,1380576,yfinance,2026-07-10T06:58:17.136516+00:00
2026-05-21 11:30:00+00:00,ADA-USD,15m,0.24719999730587006,0.24740000069141388,0.24650000035762787,0.24660000205039978,1506304,1506304,yfinance,2026-07-10T06:58:17.136516+00:00
2026-05-21 11:45:00+00:00,ADA-USD,15m,0.24650000035762787,0.24690000712871552,0.24639999866485596,0.24639999866485596,234080,234080,yfinance,2026-07-10T06:58:17.136516+00:00
2026-05-21 12:00:00+00:00,ADA-USD,15m,0.24650000035762787,0.24690000712871552,0.24629999697208405,0.24660000205039978,1020512,1020512,yfinance,2026-07-10T06:58:17.136516+00:00
2026-05-21 12:15:00+00:00,ADA-USD,15m,0.2468000054359436,0.24699999392032623,0.24619999527931213,0.24629999697208405,2563296,2563296,yfinance,2026-07-10T06:58:17.136516+00:00
2026-05-21 12:30:00+00:00,ADA-USD,15m,0.24629999697208405,0.2476000040769577,0.24609999358654022,0.24729999899864197,2559488,2559488,yfinance,2026-07-10T06:58:17.136516+00:00
2026-05-21 12:45:00+00:00,ADA-USD,15m,0.24719999730587006,0.2476000040769577,0.24719999730587006,0.24719999730587006,0,0,yfinance,2026-07-10T06:58:17.136516+00:00
2026-05-21 13:00:00+00:00,ADA-USD,15m,0.24719999730587006,0.24770000576972961,0.24709999561309814,0.24729999899864197,607776,607776,yfinance,2026-07-10T06:58:17.136516+00:00
2026-05-21 13:15:00+00:00,ADA-USD,15m,0.24719999730587006,0.24729999899864197,0.24690000712871552,0.24719999730587006,88192,88192,yfinance,2026-07-10T06:58:17.136516+00:00
2026-05-21 13:30:00+00:00,ADA-USD,15m,0.24719999730587006,0.24729999899864197,0.24609999358654022,0.24619999527931213,9280,9280,yfinance,2026-07-10T06:58:17.136516+00:00
2026-05-21 13:45:00+00:00,ADA-USD,15m,0.24639999866485596,0.24770000576972961,0.24639999866485596,0.24699999392032623,1830048,1830048,yfinance,2026-07-10T06:58:17.136516+00:00
2026-05-21 14:00:00+00:00,ADA-USD,15m,0.24699999392032623,0.2475000023841858,0.2468000054359436,0.2468000054359436,760480,760480,yfinance,2026-07-10T06:58:17.136516+00:00
2026-05-21 14:15:00+00:00,ADA-USD,15m,0.24690000712871552,0.24719999730587006,0.2459000051021576,0.24690000712871552,51264,51264,yfinance,2026-07-10T06:58:17.136516+00:00
2026-05-21 14:30:00+00:00,ADA-USD,15m,0.24699999392032623,0.24779999256134033,0.24690000712871552,0.24699999392032623,0,0,yfinance,2026-07-10T06:58:17.136516+00:00
2026-05-21 14:45:00+00:00,ADA-USD,15m,0.24709999561309814,0.24729999899864197,0.24650000035762787,0.24699999392032623,0,0,yfinance,2026-07-10T06:58:17.136516+00:00
2026-05-21 15:00:00+00:00,ADA-USD,15m,0.24699999392032623,0.24819999933242798,0.24660000205039978,0.24789999425411224,282912,282912,yfinance,2026-07-10T06:58:17.136516+00:00
2026-05-21 15:15:00+00:00,ADA-USD,15m,0.24799999594688416,0.2493000030517578,0.24789999425411224,0.24879999458789825,1433376,1433376,yfinance,2026-07-10T06:58:17.136516+00:00
2026-05-21 15:30:00+00:00,ADA-USD,15m,0.24879999458789825,0.24879999458789825,0.24779999256134033,0.24789999425411224,0,0,yfinance,2026-07-10T06:58:17.136516+00:00
2026-05-21 15:45:00+00:00,ADA-USD,15m,0.24799999594688416,0.24889999628067017,0.24789999425411224,0.2483000010251999,338304,338304,yfinance,2026-07-10T06:58:17.136516+00:00
2026-05-21 16:00:00+00:00,ADA-USD,15m,0.2483000010251999,0.24860000610351562,0.24789999425411224,0.24809999763965607,0,0,yfinance,2026-07-10T06:58:17.136516+00:00
2026-05-21 16:15:00+00:00,ADA-USD,15m,0.24809999763965607,0.2484000027179718,0.24770000576972961,0.2483000010251999,100832,100832,yfinance,2026-07-10T06:58:17.136516+00:00
2026-05-21 16:30:00+00:00,ADA-USD,15m,0.24819999933242798,0.24889999628067017,0.24789999425411224,0.24789999425411224,0,0,yfinance,2026-07-10T06:58:17.136516+00:00
2026-05-21 16:45:00+00:00,ADA-USD,15m,0.24799999594688416,0.2483000010251999,0.2476000040769577,0.24819999933242798,0,0,yfinance,2026-07-10T06:58:17.136516+00:00
2026-05-21 17:00:00+00:00,ADA-USD,15m,0.2483000010251999,0.24979999661445618,0.24799999594688416,0.2493000030517578,1678432,1678432,yfinance,2026-07-10T06:58:17.136516+00:00
2026-05-21 17:15:00+00:00,ADA-USD,15m,0.2492000013589859,0.2524999976158142,0.2492000013589859,0.2524000108242035,10940000,10940000,yfinance,2026-07-10T06:58:17.136516+00:00
2026-05-21 17:30:00+00:00,ADA-USD,15m,0.2522999942302704,0.2526000142097473,0.2517000138759613,0.25200000405311584,8638464,8638464,yfinance,2026-07-10T06:58:17.136516+00:00
2026-05-21 17:45:00+00:00,ADA-USD,15m,0.25200000405311584,0.2524999976158142,0.25130000710487366,0.25189998745918274,4785280,4785280,yfinance,2026-07-10T06:58:17.136516+00:00
2026-05-21 18:00:00+00:00,ADA-USD,15m,0.25189998745918274,0.25220000743865967,0.25119999051094055,0.25200000405311584,7549024,7549024,yfinance,2026-07-10T06:58:17.136516+00:00
2026-05-21 18:15:00+00:00,ADA-USD,15m,0.25200000405311584,0.2533000111579895,0.2517000138759613,0.2526000142097473,3092416,3092416,yfinance,2026-07-10T06:58:17.136516+00:00
2026-05-21 18:30:00+00:00,ADA-USD,15m,0.25270000100135803,0.2531000077724457,0.2524000108242035,0.2529999911785126,3874176,3874176,yfinance,2026-07-10T06:58:17.136516+00:00
2026-05-21 18:45:00+00:00,ADA-USD,15m,0.2531000077724457,0.2531000077724457,0.25040000677108765,0.25130000710487366,4863200,4863200,yfinance,2026-07-10T06:58:17.136516+00:00
2026-05-21 19:00:00+00:00,ADA-USD,15m,0.2513999938964844,0.2524000108242035,0.25130000710487366,0.25189998745918274,4555744,4555744,yfinance,2026-07-10T06:58:17.136516+00:00
2026-05-21 19:15:00+00:00,ADA-USD,15m,0.25200000405311584,0.25209999084472656,0.25119999051094055,0.2513999938964844,111904,111904,yfinance,2026-07-10T06:58:17.136516+00:00
2026-05-21 19:30:00+00:00,ADA-USD,15m,0.2513999938964844,0.251800000667572,0.25119999051094055,0.2515999972820282,639968,639968,yfinance,2026-07-10T06:58:17.136516+00:00
2026-05-21 19:45:00+00:00,ADA-USD,15m,0.2515000104904175,0.25270000100135803,0.2515000104904175,0.2522999942302704,1660736,1660736,yfinance,2026-07-10T06:58:17.136516+00:00
2026-05-21 20:00:00+00:00,ADA-USD,15m,0.25220000743865967,0.2524000108242035,0.25189998745918274,0.25200000405311584,1588096,1588096,yfinance,2026-07-10T06:58:17.136516+00:00
2026-05-21 20:15:00+00:00,ADA-USD,15m,0.25200000405311584,0.25220000743865967,0.2515999972820282,0.251800000667572,0,0,yfinance,2026-07-10T06:58:17.136516+00:00
2026-05-21 20:30:00+00:00,ADA-USD,15m,0.251800000667572,0.25220000743865967,0.2517000138759613,0.25189998745918274,208736,208736,yfinance,2026-07-10T06:58:17.136516+00:00
2026-05-21 20:45:00+00:00,ADA-USD,15m,0.25209999084472656,0.25279998779296875,0.2517000138759613,0.251800000667572,1773152,1773152,yfinance,2026-07-10T06:58:17.136516+00:00
2026-05-21 21:00:00+00:00,ADA-USD,15m,0.25189998745918274,0.2526000142097473,0.25189998745918274,0.2524000108242035,366784,366784,yfinance,2026-07-10T06:58:17.136516+00:00
2026-05-21 21:15:00+00:00,ADA-USD,15m,0.2524000108242035,0.25290000438690186,0.25220000743865967,0.25290000438690186,1265696,1265696,yfinance,2026-07-10T06:58:17.136516+00:00
2026-05-21 21:30:00+00:00,ADA-USD,15m,0.25290000438690186,0.25290000438690186,0.2517000138759613,0.2517000138759613,478848,478848,yfinance,2026-07-10T06:58:17.136516+00:00
2026-05-21 21:45:00+00:00,ADA-USD,15m,0.2517000138759613,0.25220000743865967,0.2515999972820282,0.2515999972820282,0,0,yfinance,2026-07-10T06:58:17.136516+00:00
2026-05-21 22:00:00+00:00,ADA-USD,15m,0.251800000667572,0.25189998745918274,0.25110000371932983,0.25119999051094055,0,0,yfinance,2026-07-10T06:58:17.136516+00:00
2026-05-21 22:15:00+00:00,ADA-USD,15m,0.25119999051094055,0.25130000710487366,0.250900000333786,0.25130000710487366,89376,89376,yfinance,2026-07-10T06:58:17.136516+00:00
2026-05-21 22:30:00+00:00,ADA-USD,15m,0.25130000710487366,0.2515000104904175,0.25049999356269836,0.250900000333786,227776,227776,yfinance,2026-07-10T06:58:17.136516+00:00
2026-05-21 22:45:00+00:00,ADA-USD,15m,0.250900000333786,0.250900000333786,0.25040000677108765,0.25060001015663147,248672,248672,yfinance,2026-07-10T06:58:17.136516+00:00
2026-05-21 23:00:00+00:00,ADA-USD,15m,0.25049999356269836,0.2508000135421753,0.2498999983072281,0.25,167776,167776,yfinance,2026-07-10T06:58:17.136516+00:00
2026-05-21 23:15:00+00:00,ADA-USD,15m,0.2498999983072281,0.250900000333786,0.24969999492168427,0.2508000135421753,0,0,yfinance,2026-07-10T06:58:17.136516+00:00
2026-05-21 23:30:00+00:00,ADA-USD,15m,0.25099998712539673,0.2513999938964844,0.2500999867916107,0.2502000033855438,9248896,9248896,yfinance,2026-07-10T06:58:17.136516+00:00
2026-05-21 23:45:00+00:00,ADA-USD,15m,0.2500999867916107,0.2506999969482422,0.2498999983072281,0.25040000677108765,1691616,1691616,yfinance,2026-07-10T06:58:17.136516+00:00
2026-05-22 00:00:00+00:00,ADA-USD,15m,0.25049999356269836,0.25060001015663147,0.24979999661445618,0.2498999983072281,1033600,1033600,yfinance,2026-07-10T06:58:17.136516+00:00
2026-05-22 00:15:00+00:00,ADA-USD,15m,0.24979999661445618,0.2502000033855438,0.24950000643730164,0.24959999322891235,0,0,yfinance,2026-07-10T06:58:17.136516+00:00
2026-05-22 00:30:00+00:00,ADA-USD,15m,0.24979999661445618,0.2500999867916107,0.2493000030517578,0.24959999322891235,101952,101952,yfinance,2026-07-10T06:58:17.136516+00:00
2026-05-22 00:45:00+00:00,ADA-USD,15m,0.24950000643730164,0.24969999492168427,0.249099999666214,0.2492000013589859,0,0,yfinance,2026-07-10T06:58:17.136516+00:00
2026-05-22 01:00:00+00:00,ADA-USD,15m,0.24889999628067017,0.2500999867916107,0.24889999628067017,0.2500999867916107,0,0,yfinance,2026-07-10T06:58:17.136516+00:00
2026-05-22 01:15:00+00:00,ADA-USD,15m,0.2500999867916107,0.2500999867916107,0.24950000643730164,0.2498999983072281,0,0,yfinance,2026-07-10T06:58:17.136516+00:00
2026-05-22 01:30:00+00:00,ADA-USD,15m,0.2498999983072281,0.2500999867916107,0.2492000013589859,0.24979999661445618,0,0,yfinance,2026-07-10T06:58:17.136516+00:00
2026-05-22 01:45:00+00:00,ADA-USD,15m,0.24979999661445618,0.25029999017715454,0.24979999661445618,0.25029999017715454,0,0,yfinance,2026-07-10T06:58:17.136516+00:00
2026-05-22 02:00:00+00:00,ADA-USD,15m,0.25029999017715454,0.2508000135421753,0.2500999867916107,0.25060001015663147,581696,581696,yfinance,2026-07-10T06:58:17.136516+00:00
2026-05-22 02:15:00+00:00,ADA-USD,15m,0.25060001015663147,0.25110000371932983,0.2500999867916107,0.25040000677108765,347936,347936,yfinance,2026-07-10T06:58:17.136516+00:00
2026-05-22 02:30:00+00:00,ADA-USD,15m,0.25029999017715454,0.25040000677108765,0.25,0.2500999867916107,24768,24768,yfinance,2026-07-10T06:58:17.136516+00:00
2026-05-22 02:45:00+00:00,ADA-USD,15m,0.2500999867916107,0.25060001015663147,0.2500999867916107,0.25040000677108765,1236064,1236064,yfinance,2026-07-10T06:58:17.136516+00:00
2026-05-22 03:00:00+00:00,ADA-USD,15m,0.25060001015663147,0.25099998712539673,0.25040000677108765,0.25040000677108765,357920,357920,yfinance,2026-07-10T06:58:17.136516+00:00
2026-05-22 03:15:00+00:00,ADA-USD,15m,0.25040000677108765,0.2506999969482422,0.2500999867916107,0.25060001015663147,1469472,1469472,yfinance,2026-07-10T06:58:17.136516+00:00
2026-05-22 03:30:00+00:00,ADA-USD,15m,0.2506999969482422,0.251800000667572,0.25040000677108765,0.2515999972820282,1151744,1151744,yfinance,2026-07-10T06:58:17.136516+00:00
2026-05-22 03:45:00+00:00,ADA-USD,15m,0.2515000104904175,0.2517000138759613,0.2513999938964844,0.2515999972820282,1804256,1804256,yfinance,2026-07-10T06:58:17.136516+00:00
2026-05-22 04:00:00+00:00,ADA-USD,15m,0.2515000104904175,0.2526000142097473,0.2515000104904175,0.25220000743865967,1731808,1731808,yfinance,2026-07-10T06:58:17.136516+00:00
2026-05-22 04:15:00+00:00,ADA-USD,15m,0.25220000743865967,0.2524000108242035,0.2517000138759613,0.25189998745918274,1032448,1032448,yfinance,2026-07-10T06:58:17.136516+00:00
2026-05-22 04:30:00+00:00,ADA-USD,15m,0.25200000405311584,0.25200000405311584,0.25130000710487366,0.2513999938964844,164576,164576,yfinance,2026-07-10T06:58:17.136516+00:00
2026-05-22 04:45:00+00:00,ADA-USD,15m,0.2513999938964844,0.2515999972820282,0.25099998712539673,0.2515000104904175,354688,354688,yfinance,2026-07-10T06:58:17.136516+00:00
2026-05-22 05:00:00+00:00,ADA-USD,15m,0.2515000104904175,0.25220000743865967,0.25119999051094055,0.25209999084472656,0,0,yfinance,2026-07-10T06:58:17.136516+00:00
2026-05-22 05:15:00+00:00,ADA-USD,15m,0.25209999084472656,0.2526000142097473,0.2517000138759613,0.25220000743865967,0,0,yfinance,2026-07-10T06:58:17.136516+00:00
2026-05-22 05:30:00+00:00,ADA-USD,15m,0.2522999942302704,0.2524000108242035,0.2515999972820282,0.25200000405311584,0,0,yfinance,2026-07-10T06:58:17.136516+00:00
2026-05-22 05:45:00+00:00,ADA-USD,15m,0.25200000405311584,0.25270000100135803,0.2513999938964844,0.2517000138759613,0,0,yfinance,2026-07-10T06:58:17.136516+00:00
2026-05-22 06:00:00+00:00,ADA-USD,15m,0.2515999972820282,0.25189998745918274,0.25119999051094055,0.2513999938964844,0,0,yfinance,2026-07-10T06:58:17.136516+00:00
2026-05-22 06:15:00+00:00,ADA-USD,15m,0.2513999938964844,0.2513999938964844,0.25040000677108765,0.2508000135421753,0,0,yfinance,2026-07-10T06:58:17.136516+00:00
2026-05-22 06:30:00+00:00,ADA-USD,15m,0.2508000135421753,0.2508000135421753,0.2500999867916107,0.2502000033855438,0,0,yfinance,2026-07-10T06:58:17.136516+00:00
2026-05-22 06:45:00+00:00,ADA-USD,15m,0.25040000677108765,0.25060001015663147,0.25,0.2500999867916107,0,0,yfinance,2026-07-10T06:58:17.136516+00:00
2026-05-22 07:00:00+00:00,ADA-USD,15m,0.25,0.25029999017715454,0.2492000013589859,0.2498999983072281,0,0,yfinance,2026-07-10T06:58:17.136516+00:00
2026-05-22 07:15:00+00:00,ADA-USD,15m,0.2498999983072281,0.25110000371932983,0.2498999983072281,0.25099998712539673,297600,297600,yfinance,2026-07-10T06:58:17.136516+00:00
2026-05-22 07:30:00+00:00,ADA-USD,15m,0.25110000371932983,0.2517000138759613,0.2506999969482422,0.2515999972820282,2925504,2925504,yfinance,2026-07-10T06:58:17.136516+00:00
2026-05-22 07:45:00+00:00,ADA-USD,15m,0.2515999972820282,0.2517000138759613,0.25130000710487366,0.25130000710487366,1391040,1391040,yfinance,2026-07-10T06:58:17.136516+00:00
2026-05-22 08:00:00+00:00,ADA-USD,15m,0.2513999938964844,0.25209999084472656,0.25119999051094055,0.2517000138759613,248800,248800,yfinance,2026-07-10T06:58:17.136516+00:00
2026-05-22 08:15:00+00:00,ADA-USD,15m,0.25189998745918274,0.25220000743865967,0.2515000104904175,0.25200000405311584,1162304,1162304,yfinance,2026-07-10T06:58:17.136516+00:00
2026-05-22 08:30:00+00:00,ADA-USD,15m,0.25200000405311584,0.2524000108242035,0.25040000677108765,0.25110000371932983,1708992,1708992,yfinance,2026-07-10T06:58:17.136516+00:00
2026-05-22 08:45:00+00:00,ADA-USD,15m,0.25110000371932983,0.2517000138759613,0.250900000333786,0.25130000710487366,779616,779616,yfinance,2026-07-10T06:58:17.136516+00:00
2026-05-22 09:00:00+00:00,ADA-USD,15m,0.25119999051094055,0.25200000405311584,0.25099998712539673,0.251800000667572,997632,997632,yfinance,2026-07-10T06:58:17.136516+00:00
2026-05-22 09:15:00+00:00,ADA-USD,15m,0.2517000138759613,0.25209999084472656,0.2515000104904175,0.2515999972820282,1398400,1398400,yfinance,2026-07-10T06:58:17.136516+00:00
2026-05-22 09:30:00+00:00,ADA-USD,15m,0.251800000667572,0.251800000667572,0.2508000135421753,0.25130000710487366,170880,170880,yfinance,2026-07-10T06:58:17.136516+00:00
2026-05-22 09:45:00+00:00,ADA-USD,15m,0.25130000710487366,0.2515000104904175,0.250900000333786,0.25099998712539673,131776,131776,yfinance,2026-07-10T06:58:17.136516+00:00
2026-05-22 10:00:00+00:00,ADA-USD,15m,0.2508000135421753,0.25130000710487366,0.2506999969482422,0.25130000710487366,633376,633376,yfinance,2026-07-10T06:58:17.136516+00:00
2026-05-22 10:15:00+00:00,ADA-USD,15m,0.25099998712539673,0.25110000371932983,0.25049999356269836,0.25099998712539673,0,0,yfinance,2026-07-10T06:58:17.136516+00:00
2026-05-22 10:30:00+00:00,ADA-USD,15m,0.25099998712539673,0.2515000104904175,0.2508000135421753,0.2513999938964844,0,0,yfinance,2026-07-10T06:58:17.136516+00:00
2026-05-22 10:45:00+00:00,ADA-USD,15m,0.2513999938964844,0.2515000104904175,0.25099998712539673,0.25110000371932983,0,0,yfinance,2026-07-10T06:58:17.136516+00:00
2026-05-22 11:00:00+00:00,ADA-USD,15m,0.25130000710487366,0.2517000138759613,0.25119999051094055,0.25130000710487366,0,0,yfinance,2026-07-10T06:58:17.136516+00:00
2026-05-22 11:15:00+00:00,ADA-USD,15m,0.25130000710487366,0.25130000710487366,0.25060001015663147,0.250900000333786,0,0,yfinance,2026-07-10T06:58:17.136516+00:00
2026-05-22 11:30:00+00:00,ADA-USD,15m,0.250900000333786,0.2515000104904175,0.250900000333786,0.25130000710487366,0,0,yfinance,2026-07-10T06:58:17.136516+00:00
2026-05-22 11:45:00+00:00,ADA-USD,15m,0.25119999051094055,0.2524000108242035,0.25119999051094055,0.2524000108242035,2861888,2861888,yfinance,2026-07-10T06:58:17.136516+00:00
2026-05-22 12:00:00+00:00,ADA-USD,15m,0.2524000108242035,0.2531000077724457,0.25200000405311584,0.25270000100135803,0,0,yfinance,2026-07-10T06:58:17.136516+00:00
2026-05-22 12:15:00+00:00,ADA-USD,15m,0.25279998779296875,0.25290000438690186,0.251800000667572,0.25189998745918274,2701856,2701856,yfinance,2026-07-10T06:58:17.136516+00:00
2026-05-22 12:30:00+00:00,ADA-USD,15m,0.25189998745918274,0.25290000438690186,0.25189998745918274,0.25279998779296875,1444448,1444448,yfinance,2026-07-10T06:58:17.136516+00:00
2026-05-22 12:45:00+00:00,ADA-USD,15m,0.25279998779296875,0.2540000081062317,0.25270000100135803,0.2538999915122986,4352608,4352608,yfinance,2026-07-10T06:58:17.136516+00:00
2026-05-22 13:00:00+00:00,ADA-USD,15m,0.2540000081062317,0.2542000114917755,0.25369998812675476,0.25369998812675476,6026016,6026016,yfinance,2026-07-10T06:58:17.136516+00:00
2026-05-22 13:15:00+00:00,ADA-USD,15m,0.25369998812675476,0.2542000114917755,0.25270000100135803,0.25279998779296875,4189568,4189568,yfinance,2026-07-10T06:58:17.136516+00:00
2026-05-22 13:30:00+00:00,ADA-USD,15m,0.25270000100135803,0.2533000111579895,0.251800000667572,0.25209999084472656,3285792,3285792,yfinance,2026-07-10T06:58:17.136516+00:00
2026-05-22 13:45:00+00:00,ADA-USD,15m,0.2522999942302704,0.2524999976158142,0.25130000710487366,0.25200000405311584,904448,904448,yfinance,2026-07-10T06:58:17.136516+00:00
2026-05-22 14:00:00+00:00,ADA-USD,15m,0.2515000104904175,0.2517000138759613,0.2502000033855438,0.250900000333786,5702464,5702464,yfinance,2026-07-10T06:58:17.136516+00:00
2026-05-22 14:15:00+00:00,ADA-USD,15m,0.2508000135421753,0.25119999051094055,0.2492000013589859,0.2498999983072281,3166112,3166112,yfinance,2026-07-10T06:58:17.136516+00:00
2026-05-22 14:30:00+00:00,ADA-USD,15m,0.24979999661445618,0.2502000033855438,0.24950000643730164,0.24969999492168427,3651520,3651520,yfinance,2026-07-10T06:58:17.136516+00:00
2026-05-22 14:45:00+00:00,ADA-USD,15m,0.24979999661445618,0.24979999661445618,0.24889999628067017,0.2492000013589859,3632416,3632416,yfinance,2026-07-10T06:58:17.136516+00:00
2026-05-22 15:00:00+00:00,ADA-USD,15m,0.249099999666214,0.24950000643730164,0.2484000027179718,0.24860000610351562,6179872,6179872,yfinance,2026-07-10T06:58:17.136516+00:00
2026-05-22 15:15:00+00:00,ADA-USD,15m,0.24860000610351562,0.24940000474452972,0.24779999256134033,0.2493000030517578,842400,842400,yfinance,2026-07-10T06:58:17.136516+00:00
2026-05-22 15:30:00+00:00,ADA-USD,15m,0.2493000030517578,0.25,0.24860000610351562,0.24889999628067017,5540224,5540224,yfinance,2026-07-10T06:58:17.136516+00:00
2026-05-22 15:45:00+00:00,ADA-USD,15m,0.24889999628067017,0.24969999492168427,0.24879999458789825,0.24950000643730164,650624,650624,yfinance,2026-07-10T06:58:17.136516+00:00
2026-05-22 16:00:00+00:00,ADA-USD,15m,0.24940000474452972,0.2498999983072281,0.24899999797344208,0.249099999666214,1374016,1374016,yfinance,2026-07-10T06:58:17.136516+00:00
2026-05-22 16:15:00+00:00,ADA-USD,15m,0.249099999666214,0.2492000013589859,0.24860000610351562,0.249099999666214,2947392,2947392,yfinance,2026-07-10T06:58:17.136516+00:00
2026-05-22 16:30:00+00:00,ADA-USD,15m,0.249099999666214,0.24940000474452972,0.2483000010251999,0.2485000044107437,930144,930144,yfinance,2026-07-10T06:58:17.136516+00:00
2026-05-22 16:45:00+00:00,ADA-USD,15m,0.24860000610351562,0.2492000013589859,0.24860000610351562,0.24899999797344208,913344,913344,yfinance,2026-07-10T06:58:17.136516+00:00
2026-05-22 17:00:00+00:00,ADA-USD,15m,0.249099999666214,0.24950000643730164,0.24899999797344208,0.2492000013589859,1092000,1092000,yfinance,2026-07-10T06:58:17.136516+00:00
2026-05-22 17:15:00+00:00,ADA-USD,15m,0.2492000013589859,0.24979999661445618,0.24819999933242798,0.24969999492168427,0,0,yfinance,2026-07-10T06:58:17.136516+00:00
2026-05-22 17:30:00+00:00,ADA-USD,15m,0.2498999983072281,0.2498999983072281,0.249099999666214,0.24969999492168427,0,0,yfinance,2026-07-10T06:58:17.136516+00:00
2026-05-22 17:45:00+00:00,ADA-USD,15m,0.24969999492168427,0.24969999492168427,0.24860000610351562,0.24860000610351562,0,0,yfinance,2026-07-10T06:58:17.136516+00:00
2026-05-22 18:00:00+00:00,ADA-USD,15m,0.24860000610351562,0.24860000610351562,0.2476000040769577,0.24819999933242798,273312,273312,yfinance,2026-07-10T06:58:17.136516+00:00
2026-05-22 18:15:00+00:00,ADA-USD,15m,0.24799999594688416,0.24889999628067017,0.24799999594688416,0.2483000010251999,0,0,yfinance,2026-07-10T06:58:17.136516+00:00
2026-05-22 18:30:00+00:00,ADA-USD,15m,0.24819999933242798,0.2483000010251999,0.24650000035762787,0.24660000205039978,5309408,5309408,yfinance,2026-07-10T06:58:17.136516+00:00
2026-05-22 18:45:00+00:00,ADA-USD,15m,0.24650000035762787,0.24650000035762787,0.243599995970726,0.24539999663829803,27321152,27321152,yfinance,2026-07-10T06:58:17.136516+00:00
2026-05-22 19:00:00+00:00,ADA-USD,15m,0.24539999663829803,0.24580000340938568,0.24410000443458557,0.24469999969005585,10273184,10273184,yfinance,2026-07-10T06:58:17.136516+00:00
2026-05-22 19:15:00+00:00,ADA-USD,15m,0.2443999946117401,0.2451999932527542,0.24410000443458557,0.2443999946117401,5466208,5466208,yfinance,2026-07-10T06:58:17.136516+00:00
2026-05-22 19:30:00+00:00,ADA-USD,15m,0.2442999929189682,0.2442999929189682,0.24230000376701355,0.24310000240802765,13594112,13594112,yfinance,2026-07-10T06:58:17.136516+00:00
2026-05-22 19:45:00+00:00,ADA-USD,15m,0.24289999902248383,0.24480000138282776,0.24269999563694,0.24400000274181366,11726496,11726496,yfinance,2026-07-10T06:58:17.136516+00:00
2026-05-22 20:00:00+00:00,ADA-USD,15m,0.24410000443458557,0.24549999833106995,0.24410000443458557,0.2451000064611435,7685408,7685408,yfinance,2026-07-10T06:58:17.136516+00:00
2026-05-22 20:15:00+00:00,ADA-USD,15m,0.24500000476837158,0.24529999494552612,0.24469999969005585,0.24500000476837158,1833792,1833792,yfinance,2026-07-10T06:58:17.136516+00:00
2026-05-22 20:30:00+00:00,ADA-USD,15m,0.24490000307559967,0.2451000064611435,0.24420000612735748,0.24480000138282776,2831296,2831296,yfinance,2026-07-10T06:58:17.136516+00:00
2026-05-22 20:45:00+00:00,ADA-USD,15m,0.24469999969005585,0.24549999833106995,0.24459999799728394,0.24539999663829803,560640,560640,yfinance,2026-07-10T06:58:17.136516+00:00
2026-05-22 21:00:00+00:00,ADA-USD,15m,0.2451999932527542,0.2460000067949295,0.2451000064611435,0.24580000340938568,2394464,2394464,yfinance,2026-07-10T06:58:17.136516+00:00
2026-05-22 21:15:00+00:00,ADA-USD,15m,0.24570000171661377,0.24609999358654022,0.24549999833106995,0.24609999358654022,345728,345728,yfinance,2026-07-10T06:58:17.136516+00:00
2026-05-22 21:30:00+00:00,ADA-USD,15m,0.24609999358654022,0.24650000035762787,0.24609999358654022,0.24639999866485596,607552,607552,yfinance,2026-07-10T06:58:17.136516+00:00
2026-05-22 21:45:00+00:00,ADA-USD,15m,0.24639999866485596,0.24650000035762787,0.24570000171661377,0.24580000340938568,212704,212704,yfinance,2026-07-10T06:58:17.136516+00:00
2026-05-22 22:00:00+00:00,ADA-USD,15m,0.24570000171661377,0.2459000051021576,0.2451000064611435,0.24580000340938568,0,0,yfinance,2026-07-10T06:58:17.136516+00:00
2026-05-22 22:15:00+00:00,ADA-USD,15m,0.24580000340938568,0.24580000340938568,0.2451000064611435,0.2451999932527542,1096032,1096032,yfinance,2026-07-10T06:58:17.136516+00:00
2026-05-22 22:30:00+00:00,ADA-USD,15m,0.2451000064611435,0.24539999663829803,0.2443999946117401,0.24480000138282776,434336,434336,yfinance,2026-07-10T06:58:17.136516+00:00
2026-05-22 22:45:00+00:00,ADA-USD,15m,0.24480000138282776,0.2451000064611435,0.24469999969005585,0.24500000476837158,1368736,1368736,yfinance,2026-07-10T06:58:17.136516+00:00
2026-05-22 23:00:00+00:00,ADA-USD,15m,0.2451000064611435,0.24560000002384186,0.2451000064611435,0.24539999663829803,200928,200928,yfinance,2026-07-10T06:58:17.136516+00:00
2026-05-22 23:15:00+00:00,ADA-USD,15m,0.24529999494552612,0.24539999663829803,0.24390000104904175,0.24390000104904175,0,0,yfinance,2026-07-10T06:58:17.136516+00:00
2026-05-22 23:30:00+00:00,ADA-USD,15m,0.24379999935626984,0.24490000307559967,0.24369999766349792,0.24480000138282776,0,0,yfinance,2026-07-10T06:58:17.136516+00:00
2026-05-22 23:45:00+00:00,ADA-USD,15m,0.24469999969005585,0.24469999969005585,0.2410999983549118,0.24220000207424164,14273536,14273536,yfinance,2026-07-10T06:58:17.136516+00:00
2026-05-23 00:00:00+00:00,ADA-USD,15m,0.24230000376701355,0.24300000071525574,0.241799995303154,0.24240000545978546,4895872,4895872,yfinance,2026-07-10T06:58:17.136516+00:00
2026-05-23 00:15:00+00:00,ADA-USD,15m,0.24220000207424164,0.24269999563694,0.24210000038146973,0.24240000545978546,3070400,3070400,yfinance,2026-07-10T06:58:17.136516+00:00
2026-05-23 00:30:00+00:00,ADA-USD,15m,0.24250000715255737,0.24269999563694,0.24140000343322754,0.24230000376701355,5600256,5600256,yfinance,2026-07-10T06:58:17.136516+00:00
2026-05-23 00:45:00+00:00,ADA-USD,15m,0.24210000038146973,0.24330000579357147,0.24199999868869781,0.24310000240802765,9095456,9095456,yfinance,2026-07-10T06:58:17.136516+00:00
2026-05-23 01:00:00+00:00,ADA-USD,15m,0.24310000240802765,0.24369999766349792,0.2425999939441681,0.2425999939441681,3188800,3188800,yfinance,2026-07-10T06:58:17.136516+00:00
2026-05-23 01:15:00+00:00,ADA-USD,15m,0.24269999563694,0.2433999925851822,0.24240000545978546,0.2433999925851822,2351712,2351712,yfinance,2026-07-10T06:58:17.136516+00:00
2026-05-23 01:30:00+00:00,ADA-USD,15m,0.2434999942779541,0.243599995970726,0.24310000240802765,0.2434999942779541,330816,330816,yfinance,2026-07-10T06:58:17.136516+00:00
2026-05-23 01:45:00+00:00,ADA-USD,15m,0.2434999942779541,0.243599995970726,0.24300000071525574,0.243599995970726,1307808,1307808,yfinance,2026-07-10T06:58:17.136516+00:00
2026-05-23 02:00:00+00:00,ADA-USD,15m,0.243599995970726,0.24390000104904175,0.2433999925851822,0.243599995970726,2324064,2324064,yfinance,2026-07-10T06:58:17.136516+00:00
2026-05-23 02:15:00+00:00,ADA-USD,15m,0.243599995970726,0.24379999935626984,0.24330000579357147,0.24330000579357147,291072,291072,yfinance,2026-07-10T06:58:17.136516+00:00
2026-05-23 02:30:00+00:00,ADA-USD,15m,0.2433999925851822,0.2434999942779541,0.24310000240802765,0.2433999925851822,633696,633696,yfinance,2026-07-10T06:58:17.136516+00:00
2026-05-23 02:45:00+00:00,ADA-USD,15m,0.2433999925851822,0.243599995970726,0.2433999925851822,0.243599995970726,0,0,yfinance,2026-07-10T06:58:17.136516+00:00
2026-05-23 03:00:00+00:00,ADA-USD,15m,0.2434999942779541,0.243599995970726,0.2433999925851822,0.243599995970726,311936,311936,yfinance,2026-07-10T06:58:17.136516+00:00
2026-05-23 03:15:00+00:00,ADA-USD,15m,0.243599995970726,0.243599995970726,0.24330000579357147,0.243599995970726,230528,230528,yfinance,2026-07-10T06:58:17.136516+00:00
2026-05-23 03:30:00+00:00,ADA-USD,15m,0.243599995970726,0.24379999935626984,0.243599995970726,0.24369999766349792,0,0,yfinance,2026-07-10T06:58:17.136516+00:00
2026-05-23 03:45:00+00:00,ADA-USD,15m,0.24369999766349792,0.24369999766349792,0.2433999925851822,0.2433999925851822,0,0,yfinance,2026-07-10T06:58:17.136516+00:00
2026-05-23 04:00:00+00:00,ADA-USD,15m,0.2434999942779541,0.2434999942779541,0.24310000240802765,0.24330000579357147,0,0,yfinance,2026-07-10T06:58:17.136516+00:00
2026-05-23 04:15:00+00:00,ADA-USD,15m,0.24330000579357147,0.24330000579357147,0.2425999939441681,0.2425999939441681,292576,292576,yfinance,2026-07-10T06:58:17.136516+00:00
2026-05-23 04:30:00+00:00,ADA-USD,15m,0.24269999563694,0.24320000410079956,0.24199999868869781,0.24210000038146973,5846336,5846336,yfinance,2026-07-10T06:58:17.136516+00:00
2026-05-23 04:45:00+00:00,ADA-USD,15m,0.24210000038146973,0.24240000545978546,0.24199999868869781,0.24210000038146973,599296,599296,yfinance,2026-07-10T06:58:17.136516+00:00
2026-05-23 05:00:00+00:00,ADA-USD,15m,0.24210000038146973,0.24210000038146973,0.24160000681877136,0.241799995303154,0,0,yfinance,2026-07-10T06:58:17.136516+00:00
2026-05-23 05:15:00+00:00,ADA-USD,15m,0.241799995303154,0.24199999868869781,0.2410999983549118,0.24140000343322754,1729184,1729184,yfinance,2026-07-10T06:58:17.136516+00:00
2026-05-23 05:30:00+00:00,ADA-USD,15m,0.24130000174045563,0.2418999969959259,0.2410999983549118,0.2418999969959259,1995392,1995392,yfinance,2026-07-10T06:58:17.136516+00:00
2026-05-23 05:45:00+00:00,ADA-USD,15m,0.241799995303154,0.24199999868869781,0.24150000512599945,0.241799995303154,831808,831808,yfinance,2026-07-10T06:58:17.136516+00:00
2026-05-23 06:00:00+00:00,ADA-USD,15m,0.24169999361038208,0.24199999868869781,0.24140000343322754,0.24169999361038208,0,0,yfinance,2026-07-10T06:58:17.136516+00:00
2026-05-23 06:15:00+00:00,ADA-USD,15m,0.24169999361038208,0.2418999969959259,0.24150000512599945,0.24150000512599945,65184,65184,yfinance,2026-07-10T06:58:17.136516+00:00
2026-05-23 06:30:00+00:00,ADA-USD,15m,0.24160000681877136,0.24210000038146973,0.24150000512599945,0.24160000681877136,279968,279968,yfinance,2026-07-10T06:58:17.136516+00:00
2026-05-23 06:45:00+00:00,ADA-USD,15m,0.24169999361038208,0.241799995303154,0.24130000174045563,0.241799995303154,0,0,yfinance,2026-07-10T06:58:17.136516+00:00
2026-05-23 07:00:00+00:00,ADA-USD,15m,0.241799995303154,0.24210000038146973,0.24089999496936798,0.24140000343322754,801024,801024,yfinance,2026-07-10T06:58:17.136516+00:00
2026-05-23 07:15:00+00:00,ADA-USD,15m,0.24140000343322754,0.24140000343322754,0.2409999966621399,0.24120000004768372,1760864,1760864,yfinance,2026-07-10T06:58:17.136516+00:00
2026-05-23 07:30:00+00:00,ADA-USD,15m,0.24130000174045563,0.24150000512599945,0.24060000479221344,0.2409999966621399,1009088,1009088,yfinance,2026-07-10T06:58:17.136516+00:00
2026-05-23 07:45:00+00:00,ADA-USD,15m,0.24070000648498535,0.24089999496936798,0.23649999499320984,0.23770000040531158,36804608,36804608,yfinance,2026-07-10T06:58:17.136516+00:00
2026-05-23 08:00:00+00:00,ADA-USD,15m,0.23759999871253967,0.23839999735355377,0.23690000176429749,0.23819999396800995,18180160,18180160,yfinance,2026-07-10T06:58:17.136516+00:00
2026-05-23 08:15:00+00:00,ADA-USD,15m,0.23810000717639923,0.2387000024318695,0.2378000020980835,0.2378000020980835,5753344,5753344,yfinance,2026-07-10T06:58:17.136516+00:00
2026-05-23 08:30:00+00:00,ADA-USD,15m,0.2378000020980835,0.2378000020980835,0.2370000034570694,0.23759999871253967,2113920,2113920,yfinance,2026-07-10T06:58:17.136516+00:00
2026-05-23 08:45:00+00:00,ADA-USD,15m,0.23759999871253967,0.23839999735355377,0.23749999701976776,0.23829999566078186,3182016,3182016,yfinance,2026-07-10T06:58:17.136516+00:00
2026-05-23 09:00:00+00:00,ADA-USD,15m,0.23810000717639923,0.23839999735355377,0.2378000020980835,0.2379000037908554,3268096,3268096,yfinance,2026-07-10T06:58:17.136516+00:00
2026-05-23 09:15:00+00:00,ADA-USD,15m,0.23800000548362732,0.23800000548362732,0.23729999363422394,0.23759999871253967,1660544,1660544,yfinance,2026-07-10T06:58:17.136516+00:00
2026-05-23 09:30:00+00:00,ADA-USD,15m,0.23770000040531158,0.23800000548362732,0.23749999701976776,0.2379000037908554,282368,282368,yfinance,2026-07-10T06:58:17.136516+00:00
2026-05-23 09:45:00+00:00,ADA-USD,15m,0.2379000037908554,0.23839999735355377,0.2379000037908554,0.23810000717639923,836096,836096,yfinance,2026-07-10T06:58:17.136516+00:00
2026-05-23 10:00:00+00:00,ADA-USD,15m,0.23819999396800995,0.2386000007390976,0.23819999396800995,0.2386000007390976,861888,861888,yfinance,2026-07-10T06:58:17.136516+00:00
2026-05-23 10:15:00+00:00,ADA-USD,15m,0.2386000007390976,0.23890000581741333,0.23849999904632568,0.23880000412464142,250816,250816,yfinance,2026-07-10T06:58:17.136516+00:00
2026-05-23 10:30:00+00:00,ADA-USD,15m,0.2387000024318695,0.23919999599456787,0.2387000024318695,0.23899999260902405,455872,455872,yfinance,2026-07-10T06:58:17.136516+00:00
2026-05-23 10:45:00+00:00,ADA-USD,15m,0.23909999430179596,0.23919999599456787,0.2387000024318695,0.23880000412464142,4420288,4420288,yfinance,2026-07-10T06:58:17.136516+00:00
2026-05-23 11:00:00+00:00,ADA-USD,15m,0.23880000412464142,0.23909999430179596,0.23849999904632568,0.2387000024318695,1179648,1179648,yfinance,2026-07-10T06:58:17.136516+00:00
2026-05-23 11:15:00+00:00,ADA-USD,15m,0.23880000412464142,0.23890000581741333,0.2386000007390976,0.23890000581741333,404672,404672,yfinance,2026-07-10T06:58:17.136516+00:00
2026-05-23 11:30:00+00:00,ADA-USD,15m,0.23890000581741333,0.23899999260902405,0.23819999396800995,0.23839999735355377,219392,219392,yfinance,2026-07-10T06:58:17.136516+00:00
2026-05-23 11:45:00+00:00,ADA-USD,15m,0.23839999735355377,0.23839999735355377,0.23800000548362732,0.23810000717639923,870400,870400,yfinance,2026-07-10T06:58:17.136516+00:00
2026-05-23 12:00:00+00:00,ADA-USD,15m,0.2379000037908554,0.23819999396800995,0.23770000040531158,0.2378000020980835,1845376,1845376,yfinance,2026-07-10T06:58:17.136516+00:00
2026-05-23 12:15:00+00:00,ADA-USD,15m,0.2378000020980835,0.23800000548362732,0.23770000040531158,0.2379000037908554,524608,524608,yfinance,2026-07-10T06:58:17.136516+00:00
2026-05-23 12:30:00+00:00,ADA-USD,15m,0.2379000037908554,0.23829999566078186,0.2378000020980835,0.2379000037908554,179264,179264,yfinance,2026-07-10T06:58:17.136516+00:00
2026-05-23 12:45:00+00:00,ADA-USD,15m,0.2379000037908554,0.23800000548362732,0.23770000040531158,0.23800000548362732,0,0,yfinance,2026-07-10T06:58:17.136516+00:00
2026-05-23 13:00:00+00:00,ADA-USD,15m,0.23810000717639923,0.23899999260902405,0.23810000717639923,0.23880000412464142,0,0,yfinance,2026-07-10T06:58:17.136516+00:00
2026-05-23 13:15:00+00:00,ADA-USD,15m,0.23880000412464142,0.24079999327659607,0.23880000412464142,0.24060000479221344,9160256,9160256,yfinance,2026-07-10T06:58:17.136516+00:00
2026-05-23 13:30:00+00:00,ADA-USD,15m,0.24070000648498535,0.24089999496936798,0.23970000445842743,0.23989999294281006,56768,56768,yfinance,2026-07-10T06:58:17.136516+00:00
2026-05-23 13:45:00+00:00,ADA-USD,15m,0.23989999294281006,0.24070000648498535,0.23989999294281006,0.24060000479221344,946112,946112,yfinance,2026-07-10T06:58:17.136516+00:00
2026-05-23 14:00:00+00:00,ADA-USD,15m,0.24070000648498535,0.24070000648498535,0.24009999632835388,0.24040000140666962,0,0,yfinance,2026-07-10T06:58:17.136516+00:00
2026-05-23 14:15:00+00:00,ADA-USD,15m,0.24040000140666962,0.24070000648498535,0.23999999463558197,0.2401999980211258,0,0,yfinance,2026-07-10T06:58:17.136516+00:00
2026-05-23 14:30:00+00:00,ADA-USD,15m,0.2401999980211258,0.24130000174045563,0.2401999980211258,0.2410999983549118,1336192,1336192,yfinance,2026-07-10T06:58:17.136516+00:00
2026-05-23 14:45:00+00:00,ADA-USD,15m,0.2410999983549118,0.2425999939441681,0.24089999496936798,0.24240000545978546,1347712,1347712,yfinance,2026-07-10T06:58:17.136516+00:00
2026-05-23 15:00:00+00:00,ADA-USD,15m,0.24240000545978546,0.2433999925851822,0.24210000038146973,0.24320000410079956,285376,285376,yfinance,2026-07-10T06:58:17.136516+00:00
2026-05-23 15:15:00+00:00,ADA-USD,15m,0.24310000240802765,0.24310000240802765,0.241799995303154,0.2418999969959259,420544,420544,yfinance,2026-07-10T06:58:17.136516+00:00
2026-05-23 15:30:00+00:00,ADA-USD,15m,0.2418999969959259,0.24199999868869781,0.24130000174045563,0.24150000512599945,0,0,yfinance,2026-07-10T06:58:17.136516+00:00
2026-05-23 15:45:00+00:00,ADA-USD,15m,0.24150000512599945,0.24210000038146973,0.24150000512599945,0.24210000038146973,0,0,yfinance,2026-07-10T06:58:17.136516+00:00
2026-05-23 16:00:00+00:00,ADA-USD,15m,0.24210000038146973,0.24240000545978546,0.241799995303154,0.2418999969959259,0,0,yfinance,2026-07-10T06:58:17.136516+00:00
2026-05-23 16:15:00+00:00,ADA-USD,15m,0.2418999969959259,0.24210000038146973,0.24160000681877136,0.2418999969959259,0,0,yfinance,2026-07-10T06:58:17.136516+00:00
2026-05-23 16:30:00+00:00,ADA-USD,15m,0.2418999969959259,0.24240000545978546,0.24169999361038208,0.24210000038146973,47488,47488,yfinance,2026-07-10T06:58:17.136516+00:00
2026-05-23 16:45:00+00:00,ADA-USD,15m,0.24210000038146973,0.24289999902248383,0.24210000038146973,0.24230000376701355,4442624,4442624,yfinance,2026-07-10T06:58:17.136516+00:00
2026-05-23 17:00:00+00:00,ADA-USD,15m,0.24220000207424164,0.2425999939441681,0.24160000681877136,0.2418999969959259,812864,812864,yfinance,2026-07-10T06:58:17.136516+00:00
2026-05-23 17:15:00+00:00,ADA-USD,15m,0.24210000038146973,0.24220000207424164,0.24169999361038208,0.24199999868869781,334848,334848,yfinance,2026-07-10T06:58:17.136516+00:00
2026-05-23 17:30:00+00:00,ADA-USD,15m,0.24199999868869781,0.24240000545978546,0.24169999361038208,0.24240000545978546,713088,713088,yfinance,2026-07-10T06:58:17.136516+00:00
2026-05-23 17:45:00+00:00,ADA-USD,15m,0.24230000376701355,0.24240000545978546,0.24169999361038208,0.24220000207424164,109184,109184,yfinance,2026-07-10T06:58:17.136516+00:00
2026-05-23 18:00:00+00:00,ADA-USD,15m,0.24230000376701355,0.24369999766349792,0.24210000038146973,0.243599995970726,0,0,yfinance,2026-07-10T06:58:17.136516+00:00
2026-05-23 18:15:00+00:00,ADA-USD,15m,0.24390000104904175,0.24420000612735748,0.24320000410079956,0.24410000443458557,3416704,3416704,yfinance,2026-07-10T06:58:17.136516+00:00
2026-05-23 18:30:00+00:00,ADA-USD,15m,0.24420000612735748,0.2451000064611435,0.24420000612735748,0.24459999799728394,2490176,2490176,yfinance,2026-07-10T06:58:17.136516+00:00
2026-05-23 18:45:00+00:00,ADA-USD,15m,0.2443999946117401,0.2443999946117401,0.24379999935626984,0.24390000104904175,0,0,yfinance,2026-07-10T06:58:17.136516+00:00
2026-05-23 19:00:00+00:00,ADA-USD,15m,0.24390000104904175,0.24400000274181366,0.24320000410079956,0.243599995970726,0,0,yfinance,2026-07-10T06:58:17.136516+00:00
2026-05-23 19:15:00+00:00,ADA-USD,15m,0.243599995970726,0.2443999946117401,0.243599995970726,0.24420000612735748,0,0,yfinance,2026-07-10T06:58:17.136516+00:00
2026-05-23 19:30:00+00:00,ADA-USD,15m,0.2442999929189682,0.2443999946117401,0.24379999935626984,0.24390000104904175,0,0,yfinance,2026-07-10T06:58:17.136516+00:00
2026-05-23 19:45:00+00:00,ADA-USD,15m,0.24390000104904175,0.24410000443458557,0.243599995970726,0.24390000104904175,0,0,yfinance,2026-07-10T06:58:17.136516+00:00
2026-05-23 20:00:00+00:00,ADA-USD,15m,0.24400000274181366,0.2442999929189682,0.243599995970726,0.24400000274181366,198144,198144,yfinance,2026-07-10T06:58:17.136516+00:00
2026-05-23 20:15:00+00:00,ADA-USD,15m,0.24400000274181366,0.2442999929189682,0.24369999766349792,0.24369999766349792,176064,176064,yfinance,2026-07-10T06:58:17.136516+00:00
2026-05-23 20:30:00+00:00,ADA-USD,15m,0.24369999766349792,0.24879999458789825,0.243599995970726,0.2484000027179718,13608800,13608800,yfinance,2026-07-10T06:58:17.136516+00:00
2026-05-23 20:45:00+00:00,ADA-USD,15m,0.24860000610351562,0.24969999492168427,0.2483000010251999,0.24969999492168427,10558336,10558336,yfinance,2026-07-10T06:58:17.136516+00:00
2026-05-23 21:00:00+00:00,ADA-USD,15m,0.25,0.25040000677108765,0.24860000610351562,0.24869999289512634,9373056,9373056,yfinance,2026-07-10T06:58:17.136516+00:00
2026-05-23 21:15:00+00:00,ADA-USD,15m,0.24869999289512634,0.249099999666214,0.24770000576972961,0.24770000576972961,3426752,3426752,yfinance,2026-07-10T06:58:17.136516+00:00
2026-05-23 21:30:00+00:00,ADA-USD,15m,0.24740000069141388,0.2483000010251999,0.24690000712871552,0.24719999730587006,5386528,5386528,yfinance,2026-07-10T06:58:17.136516+00:00
2026-05-23 21:45:00+00:00,ADA-USD,15m,0.24709999561309814,0.2475000023841858,0.24660000205039978,0.2475000023841858,2270688,2270688,yfinance,2026-07-10T06:58:17.136516+00:00
2026-05-23 22:00:00+00:00,ADA-USD,15m,0.2476000040769577,0.2484000027179718,0.2475000023841858,0.2476000040769577,4079648,4079648,yfinance,2026-07-10T06:58:17.136516+00:00
2026-05-23 22:15:00+00:00,ADA-USD,15m,0.2476000040769577,0.24799999594688416,0.24729999899864197,0.24729999899864197,1894304,1894304,yfinance,2026-07-10T06:58:17.136516+00:00
2026-05-23 22:30:00+00:00,ADA-USD,15m,0.24719999730587006,0.24729999899864197,0.24529999494552612,0.24639999866485596,7504416,7504416,yfinance,2026-07-10T06:58:17.136516+00:00
2026-05-23 22:45:00+00:00,ADA-USD,15m,0.24629999697208405,0.24660000205039978,0.24609999358654022,0.24629999697208405,2756992,2756992,yfinance,2026-07-10T06:58:17.136516+00:00
2026-05-23 23:00:00+00:00,ADA-USD,15m,0.24609999358654022,0.24639999866485596,0.24580000340938568,0.24609999358654022,3598752,3598752,yfinance,2026-07-10T06:58:17.136516+00:00
2026-05-23 23:15:00+00:00,ADA-USD,15m,0.24619999527931213,0.24629999697208405,0.24560000002384186,0.24580000340938568,561536,561536,yfinance,2026-07-10T06:58:17.136516+00:00
2026-05-23 23:30:00+00:00,ADA-USD,15m,0.24580000340938568,0.24619999527931213,0.24560000002384186,0.24560000002384186,0,0,yfinance,2026-07-10T06:58:17.136516+00:00
2026-05-23 23:45:00+00:00,ADA-USD,15m,0.24560000002384186,0.2460000067949295,0.24549999833106995,0.24580000340938568,0,0,yfinance,2026-07-10T06:58:17.136516+00:00
2026-05-24 00:00:00+00:00,ADA-USD,15m,0.24580000340938568,0.2460000067949295,0.24529999494552612,0.24570000171661377,0,0,yfinance,2026-07-10T06:58:17.136516+00:00
2026-05-24 00:15:00+00:00,ADA-USD,15m,0.24570000171661377,0.2460000067949295,0.24549999833106995,0.2460000067949295,0,0,yfinance,2026-07-10T06:58:17.136516+00:00
2026-05-24 00:30:00+00:00,ADA-USD,15m,0.2460000067949295,0.24660000205039978,0.2460000067949295,0.24609999358654022,0,0,yfinance,2026-07-10T06:58:17.136516+00:00
2026-05-24 00:45:00+00:00,ADA-USD,15m,0.2460000067949295,0.24660000205039978,0.24570000171661377,0.2460000067949295,118560,118560,yfinance,2026-07-10T06:58:17.136516+00:00
2026-05-24 01:00:00+00:00,ADA-USD,15m,0.2460000067949295,0.24629999697208405,0.24560000002384186,0.24580000340938568,0,0,yfinance,2026-07-10T06:58:17.136516+00:00
2026-05-24 01:15:00+00:00,ADA-USD,15m,0.24580000340938568,0.24609999358654022,0.24549999833106995,0.24580000340938568,0,0,yfinance,2026-07-10T06:58:17.136516+00:00
2026-05-24 01:30:00+00:00,ADA-USD,15m,0.24570000171661377,0.24639999866485596,0.24560000002384186,0.2460000067949295,408800,408800,yfinance,2026-07-10T06:58:17.136516+00:00
2026-05-24 01:45:00+00:00,ADA-USD,15m,0.24609999358654022,0.24639999866485596,0.2460000067949295,0.24609999358654022,78496,78496,yfinance,2026-07-10T06:58:17.136516+00:00
2026-05-24 02:00:00+00:00,ADA-USD,15m,0.24609999358654022,0.24629999697208405,0.24549999833106995,0.24570000171661377,0,0,yfinance,2026-07-10T06:58:17.136516+00:00
2026-05-24 02:15:00+00:00,ADA-USD,15m,0.24560000002384186,0.24570000171661377,0.24459999799728394,0.24480000138282776,7063072,7063072,yfinance,2026-07-10T06:58:17.136516+00:00
2026-05-24 02:30:00+00:00,ADA-USD,15m,0.24480000138282776,0.2451999932527542,0.24469999969005585,0.2451000064611435,1240512,1240512,yfinance,2026-07-10T06:58:17.136516+00:00
2026-05-24 02:45:00+00:00,ADA-USD,15m,0.2451000064611435,0.24549999833106995,0.24500000476837158,0.24549999833106995,787232,787232,yfinance,2026-07-10T06:58:17.136516+00:00
2026-05-24 03:00:00+00:00,ADA-USD,15m,0.24529999494552612,0.24570000171661377,0.2451000064611435,0.24529999494552612,1562016,1562016,yfinance,2026-07-10T06:58:17.136516+00:00
2026-05-24 03:15:00+00:00,ADA-USD,15m,0.24529999494552612,0.24539999663829803,0.2451000064611435,0.2451999932527542,111904,111904,yfinance,2026-07-10T06:58:17.136516+00:00
2026-05-24 03:30:00+00:00,ADA-USD,15m,0.2451999932527542,0.2451999932527542,0.24459999799728394,0.24469999969005585,0,0,yfinance,2026-07-10T06:58:17.136516+00:00
2026-05-24 03:45:00+00:00,ADA-USD,15m,0.24469999969005585,0.24529999494552612,0.24469999969005585,0.2451000064611435,519008,519008,yfinance,2026-07-10T06:58:17.136516+00:00
2026-05-24 04:00:00+00:00,ADA-USD,15m,0.2451000064611435,0.24549999833106995,0.2451000064611435,0.24529999494552612,239104,239104,yfinance,2026-07-10T06:58:17.136516+00:00
2026-05-24 04:15:00+00:00,ADA-USD,15m,0.24529999494552612,0.24570000171661377,0.24529999494552612,0.24549999833106995,366848,366848,yfinance,2026-07-10T06:58:17.136516+00:00
2026-05-24 04:30:00+00:00,ADA-USD,15m,0.24549999833106995,0.24580000340938568,0.24529999494552612,0.24539999663829803,366944,366944,yfinance,2026-07-10T06:58:17.136516+00:00
2026-05-24 04:45:00+00:00,ADA-USD,15m,0.24539999663829803,0.24560000002384186,0.24500000476837158,0.24549999833106995,0,0,yfinance,2026-07-10T06:58:17.136516+00:00
2026-05-24 05:00:00+00:00,ADA-USD,15m,0.24549999833106995,0.24549999833106995,0.24500000476837158,0.2451999932527542,0,0,yfinance,2026-07-10T06:58:17.136516+00:00
2026-05-24 05:15:00+00:00,ADA-USD,15m,0.2451999932527542,0.2451999932527542,0.24480000138282776,0.24500000476837158,1692544,1692544,yfinance,2026-07-10T06:58:17.136516+00:00
2026-05-24 05:30:00+00:00,ADA-USD,15m,0.24500000476837158,0.24539999663829803,0.24500000476837158,0.24500000476837158,0,0,yfinance,2026-07-10T06:58:17.136516+00:00
2026-05-24 05:45:00+00:00,ADA-USD,15m,0.24500000476837158,0.2459000051021576,0.24500000476837158,0.2459000051021576,106048,106048,yfinance,2026-07-10T06:58:17.136516+00:00
2026-05-24 06:00:00+00:00,ADA-USD,15m,0.2459000051021576,0.2460000067949295,0.24570000171661377,0.2459000051021576,0,0,yfinance,2026-07-10T06:58:17.136516+00:00
2026-05-24 06:15:00+00:00,ADA-USD,15m,0.2459000051021576,0.2459000051021576,0.24529999494552612,0.24539999663829803,0,0,yfinance,2026-07-10T06:58:17.136516+00:00
2026-05-24 06:30:00+00:00,ADA-USD,15m,0.24539999663829803,0.24549999833106995,0.2451000064611435,0.24549999833106995,26272,26272,yfinance,2026-07-10T06:58:17.136516+00:00
2026-05-24 06:45:00+00:00,ADA-USD,15m,0.24539999663829803,0.24609999358654022,0.24529999494552612,0.2460000067949295,2205760,2205760,yfinance,2026-07-10T06:58:17.136516+00:00
2026-05-24 07:00:00+00:00,ADA-USD,15m,0.2460000067949295,0.2460000067949295,0.24539999663829803,0.24560000002384186,0,0,yfinance,2026-07-10T06:58:17.136516+00:00
2026-05-24 07:15:00+00:00,ADA-USD,15m,0.24560000002384186,0.24560000002384186,0.24500000476837158,0.24500000476837158,0,0,yfinance,2026-07-10T06:58:17.136516+00:00
2026-05-24 07:30:00+00:00,ADA-USD,15m,0.24500000476837158,0.24529999494552612,0.24490000307559967,0.2451999932527542,0,0,yfinance,2026-07-10T06:58:17.136516+00:00
2026-05-24 07:45:00+00:00,ADA-USD,15m,0.2451999932527542,0.2451999932527542,0.24480000138282776,0.24490000307559967,0,0,yfinance,2026-07-10T06:58:17.136516+00:00
2026-05-24 08:00:00+00:00,ADA-USD,15m,0.2451999932527542,0.24529999494552612,0.24480000138282776,0.24490000307559967,0,0,yfinance,2026-07-10T06:58:17.136516+00:00
2026-05-24 08:15:00+00:00,ADA-USD,15m,0.24490000307559967,0.24570000171661377,0.24490000307559967,0.24529999494552612,0,0,yfinance,2026-07-10T06:58:17.136516+00:00
2026-05-24 08:30:00+00:00,ADA-USD,15m,0.24529999494552612,0.24560000002384186,0.24529999494552612,0.24549999833106995,0,0,yfinance,2026-07-10T06:58:17.136516+00:00
2026-05-24 08:45:00+00:00,ADA-USD,15m,0.24549999833106995,0.24560000002384186,0.2451999932527542,0.24560000002384186,245312,245312,yfinance,2026-07-10T06:58:17.136516+00:00
2026-05-24 09:00:00+00:00,ADA-USD,15m,0.24560000002384186,0.24560000002384186,0.2451999932527542,0.2451999932527542,0,0,yfinance,2026-07-10T06:58:17.136516+00:00
2026-05-24 09:15:00+00:00,ADA-USD,15m,0.2451999932527542,0.24580000340938568,0.2451999932527542,0.24549999833106995,144096,144096,yfinance,2026-07-10T06:58:17.136516+00:00
2026-05-24 09:30:00+00:00,ADA-USD,15m,0.24539999663829803,0.2459000051021576,0.24539999663829803,0.24570000171661377,0,0,yfinance,2026-07-10T06:58:17.136516+00:00
2026-05-24 09:45:00+00:00,ADA-USD,15m,0.24560000002384186,0.24580000340938568,0.24549999833106995,0.24560000002384186,1126496,1126496,yfinance,2026-07-10T06:58:17.136516+00:00
2026-05-24 10:00:00+00:00,ADA-USD,15m,0.24560000002384186,0.24560000002384186,0.2451000064611435,0.2451000064611435,180672,180672,yfinance,2026-07-10T06:58:17.136516+00:00
2026-05-24 10:15:00+00:00,ADA-USD,15m,0.2451000064611435,0.24639999866485596,0.2451000064611435,0.24549999833106995,636000,636000,yfinance,2026-07-10T06:58:17.136516+00:00
2026-05-24 10:30:00+00:00,ADA-USD,15m,0.24529999494552612,0.24539999663829803,0.2451000064611435,0.2451999932527542,2827616,2827616,yfinance,2026-07-10T06:58:17.136516+00:00
2026-05-24 10:45:00+00:00,ADA-USD,15m,0.2451999932527542,0.2451999932527542,0.24480000138282776,0.24500000476837158,0,0,yfinance,2026-07-10T06:58:17.136516+00:00
2026-05-24 11:00:00+00:00,ADA-USD,15m,0.24500000476837158,0.24580000340938568,0.24500000476837158,0.24549999833106995,0,0,yfinance,2026-07-10T06:58:17.136516+00:00
2026-05-24 11:15:00+00:00,ADA-USD,15m,0.24549999833106995,0.24570000171661377,0.2451000064611435,0.2451999932527542,397248,397248,yfinance,2026-07-10T06:58:17.136516+00:00
2026-05-24 11:30:00+00:00,ADA-USD,15m,0.2451999932527542,0.24549999833106995,0.2451999932527542,0.24539999663829803,20256,20256,yfinance,2026-07-10T06:58:17.136516+00:00
2026-05-24 11:45:00+00:00,ADA-USD,15m,0.24539999663829803,0.24570000171661377,0.2451999932527542,0.24529999494552612,0,0,yfinance,2026-07-10T06:58:17.136516+00:00
2026-05-24 12:00:00+00:00,ADA-USD,15m,0.24529999494552612,0.24529999494552612,0.24469999969005585,0.24490000307559967,0,0,yfinance,2026-07-10T06:58:17.136516+00:00
2026-05-24 12:15:00+00:00,ADA-USD,15m,0.24490000307559967,0.24490000307559967,0.24410000443458557,0.24420000612735748,0,0,yfinance,2026-07-10T06:58:17.136516+00:00
2026-05-24 12:30:00+00:00,ADA-USD,15m,0.24420000612735748,0.24490000307559967,0.24410000443458557,0.24480000138282776,578688,578688,yfinance,2026-07-10T06:58:17.136516+00:00
2026-05-24 12:45:00+00:00,ADA-USD,15m,0.24480000138282776,0.24480000138282776,0.24459999799728394,0.24469999969005585,212896,212896,yfinance,2026-07-10T06:58:17.136516+00:00
2026-05-24 13:00:00+00:00,ADA-USD,15m,0.24469999969005585,0.24490000307559967,0.24459999799728394,0.24469999969005585,0,0,yfinance,2026-07-10T06:58:17.136516+00:00
2026-05-24 13:15:00+00:00,ADA-USD,15m,0.24469999969005585,0.24500000476837158,0.24379999935626984,0.24379999935626984,0,0,yfinance,2026-07-10T06:58:17.136516+00:00
2026-05-24 13:30:00+00:00,ADA-USD,15m,0.24400000274181366,0.24449999630451202,0.24390000104904175,0.24449999630451202,277024,277024,yfinance,2026-07-10T06:58:17.136516+00:00
2026-05-24 13:45:00+00:00,ADA-USD,15m,0.24449999630451202,0.24449999630451202,0.24300000071525574,0.243599995970726,225024,225024,yfinance,2026-07-10T06:58:17.136516+00:00
2026-05-24 14:00:00+00:00,ADA-USD,15m,0.243599995970726,0.24390000104904175,0.24240000545978546,0.24279999732971191,0,0,yfinance,2026-07-10T06:58:17.136516+00:00
2026-05-24 14:15:00+00:00,ADA-USD,15m,0.24289999902248383,0.24289999902248383,0.24079999327659607,0.24230000376701355,8081696,8081696,yfinance,2026-07-10T06:58:17.136516+00:00
2026-05-24 14:30:00+00:00,ADA-USD,15m,0.24230000376701355,0.24269999563694,0.24230000376701355,0.24250000715255737,829312,829312,yfinance,2026-07-10T06:58:17.136516+00:00
2026-05-24 14:45:00+00:00,ADA-USD,15m,0.24250000715255737,0.24300000071525574,0.24250000715255737,0.2425999939441681,52640,52640,yfinance,2026-07-10T06:58:17.136516+00:00
2026-05-24 15:00:00+00:00,ADA-USD,15m,0.2425999939441681,0.24279999732971191,0.24230000376701355,0.2425999939441681,0,0,yfinance,2026-07-10T06:58:17.136516+00:00
2026-05-24 15:15:00+00:00,ADA-USD,15m,0.2425999939441681,0.24269999563694,0.24220000207424164,0.24250000715255737,0,0,yfinance,2026-07-10T06:58:17.136516+00:00
2026-05-24 15:30:00+00:00,ADA-USD,15m,0.24240000545978546,0.24289999902248383,0.24240000545978546,0.24279999732971191,0,0,yfinance,2026-07-10T06:58:17.136516+00:00
2026-05-24 15:45:00+00:00,ADA-USD,15m,0.24279999732971191,0.24289999902248383,0.2425999939441681,0.24269999563694,73632,73632,yfinance,2026-07-10T06:58:17.136516+00:00
2026-05-24 16:00:00+00:00,ADA-USD,15m,0.2425999939441681,0.24320000410079956,0.24250000715255737,0.24279999732971191,0,0,yfinance,2026-07-10T06:58:17.136516+00:00
2026-05-24 16:15:00+00:00,ADA-USD,15m,0.24279999732971191,0.24330000579357147,0.2425999939441681,0.24279999732971191,460192,460192,yfinance,2026-07-10T06:58:17.136516+00:00
2026-05-24 16:30:00+00:00,ADA-USD,15m,0.24279999732971191,0.24279999732971191,0.24220000207424164,0.24230000376701355,285888,285888,yfinance,2026-07-10T06:58:17.136516+00:00
2026-05-24 16:45:00+00:00,ADA-USD,15m,0.24230000376701355,0.24289999902248383,0.24230000376701355,0.24279999732971191,0,0,yfinance,2026-07-10T06:58:17.136516+00:00
2026-05-24 17:00:00+00:00,ADA-USD,15m,0.24279999732971191,0.24310000240802765,0.24269999563694,0.24279999732971191,760352,760352,yfinance,2026-07-10T06:58:17.136516+00:00
2026-05-24 17:15:00+00:00,ADA-USD,15m,0.24279999732971191,0.24289999902248383,0.24250000715255737,0.24250000715255737,945216,945216,yfinance,2026-07-10T06:58:17.136516+00:00
2026-05-24 17:30:00+00:00,ADA-USD,15m,0.2425999939441681,0.24289999902248383,0.24250000715255737,0.24289999902248383,0,0,yfinance,2026-07-10T06:58:17.136516+00:00
2026-05-24 17:45:00+00:00,ADA-USD,15m,0.24289999902248383,0.24310000240802765,0.24269999563694,0.24289999902248383,117344,117344,yfinance,2026-07-10T06:58:17.136516+00:00
2026-05-24 18:00:00+00:00,ADA-USD,15m,0.24289999902248383,0.24300000071525574,0.2425999939441681,0.24289999902248383,0,0,yfinance,2026-07-10T06:58:17.136516+00:00
2026-05-24 18:15:00+00:00,ADA-USD,15m,0.24289999902248383,0.24300000071525574,0.24240000545978546,0.24250000715255737,0,0,yfinance,2026-07-10T06:58:17.136516+00:00
2026-05-24 18:30:00+00:00,ADA-USD,15m,0.24250000715255737,0.24250000715255737,0.24210000038146973,0.24220000207424164,0,0,yfinance,2026-07-10T06:58:17.136516+00:00
2026-05-24 18:45:00+00:00,ADA-USD,15m,0.24220000207424164,0.24220000207424164,0.241799995303154,0.24199999868869781,11264,11264,yfinance,2026-07-10T06:58:17.136516+00:00
2026-05-24 19:00:00+00:00,ADA-USD,15m,0.24199999868869781,0.24230000376701355,0.2418999969959259,0.2418999969959259,0,0,yfinance,2026-07-10T06:58:17.136516+00:00
2026-05-24 19:15:00+00:00,ADA-USD,15m,0.2418999969959259,0.24240000545978546,0.2418999969959259,0.24210000038146973,283168,283168,yfinance,2026-07-10T06:58:17.136516+00:00
2026-05-24 19:30:00+00:00,ADA-USD,15m,0.24210000038146973,0.24250000715255737,0.24210000038146973,0.24250000715255737,121504,121504,yfinance,2026-07-10T06:58:17.136516+00:00
2026-05-24 19:45:00+00:00,ADA-USD,15m,0.24250000715255737,0.24269999563694,0.24220000207424164,0.24220000207424164,0,0,yfinance,2026-07-10T06:58:17.136516+00:00
2026-05-24 20:00:00+00:00,ADA-USD,15m,0.24220000207424164,0.24240000545978546,0.24169999361038208,0.2418999969959259,0,0,yfinance,2026-07-10T06:58:17.136516+00:00
2026-05-24 20:15:00+00:00,ADA-USD,15m,0.241799995303154,0.24220000207424164,0.24160000681877136,0.241799995303154,160,160,yfinance,2026-07-10T06:58:17.136516+00:00
2026-05-24 20:30:00+00:00,ADA-USD,15m,0.2418999969959259,0.24199999868869781,0.24160000681877136,0.24169999361038208,0,0,yfinance,2026-07-10T06:58:17.136516+00:00
2026-05-24 20:45:00+00:00,ADA-USD,15m,0.24169999361038208,0.24199999868869781,0.24130000174045563,0.24160000681877136,0,0,yfinance,2026-07-10T06:58:17.136516+00:00
2026-05-24 21:00:00+00:00,ADA-USD,15m,0.24160000681877136,0.24199999868869781,0.24150000512599945,0.24160000681877136,0,0,yfinance,2026-07-10T06:58:17.136516+00:00
2026-05-24 21:15:00+00:00,ADA-USD,15m,0.24169999361038208,0.2418999969959259,0.24040000140666962,0.24040000140666962,0,0,yfinance,2026-07-10T06:58:17.136516+00:00
2026-05-24 21:30:00+00:00,ADA-USD,15m,0.24050000309944153,0.24060000479221344,0.23880000412464142,0.23890000581741333,4760832,4760832,yfinance,2026-07-10T06:58:17.136516+00:00
2026-05-24 21:45:00+00:00,ADA-USD,15m,0.23899999260902405,0.2395000010728836,0.23829999566078186,0.23909999430179596,3991488,3991488,yfinance,2026-07-10T06:58:17.136516+00:00
2026-05-24 22:00:00+00:00,ADA-USD,15m,0.23899999260902405,0.241799995303154,0.23899999260902405,0.24160000681877136,2356768,2356768,yfinance,2026-07-10T06:58:17.136516+00:00
2026-05-24 22:15:00+00:00,ADA-USD,15m,0.24150000512599945,0.241799995303154,0.24130000174045563,0.24140000343322754,1275872,1275872,yfinance,2026-07-10T06:58:17.136516+00:00
2026-05-24 22:30:00+00:00,ADA-USD,15m,0.24150000512599945,0.24160000681877136,0.2401999980211258,0.24060000479221344,0,0,yfinance,2026-07-10T06:58:17.136516+00:00
2026-05-24 22:45:00+00:00,ADA-USD,15m,0.24060000479221344,0.24140000343322754,0.24060000479221344,0.24079999327659607,0,0,yfinance,2026-07-10T06:58:17.136516+00:00
2026-05-24 23:00:00+00:00,ADA-USD,15m,0.24079999327659607,0.24150000512599945,0.24079999327659607,0.24150000512599945,0,0,yfinance,2026-07-10T06:58:17.136516+00:00
2026-05-24 23:15:00+00:00,ADA-USD,15m,0.24150000512599945,0.24169999361038208,0.24120000004768372,0.24130000174045563,1276288,1276288,yfinance,2026-07-10T06:58:17.136516+00:00
2026-05-24 23:30:00+00:00,ADA-USD,15m,0.24130000174045563,0.24250000715255737,0.24130000174045563,0.24250000715255737,826816,826816,yfinance,2026-07-10T06:58:17.136516+00:00
2026-05-24 23:45:00+00:00,ADA-USD,15m,0.24230000376701355,0.24250000715255737,0.24199999868869781,0.24199999868869781,1089536,1089536,yfinance,2026-07-10T06:58:17.136516+00:00
2026-05-25 00:00:00+00:00,ADA-USD,15m,0.24199999868869781,0.24269999563694,0.24199999868869781,0.24240000545978546,493504,493504,yfinance,2026-07-10T06:58:17.136516+00:00
2026-05-25 00:15:00+00:00,ADA-USD,15m,0.24240000545978546,0.2425999939441681,0.24220000207424164,0.2425999939441681,437824,437824,yfinance,2026-07-10T06:58:17.136516+00:00
2026-05-25 00:30:00+00:00,ADA-USD,15m,0.2425999939441681,0.24300000071525574,0.24240000545978546,0.24250000715255737,1560128,1560128,yfinance,2026-07-10T06:58:17.136516+00:00
2026-05-25 00:45:00+00:00,ADA-USD,15m,0.24240000545978546,0.24289999902248383,0.24230000376701355,0.24240000545978546,484416,484416,yfinance,2026-07-10T06:58:17.136516+00:00
2026-05-25 01:00:00+00:00,ADA-USD,15m,0.24250000715255737,0.24250000715255737,0.2418999969959259,0.24210000038146973,646816,646816,yfinance,2026-07-10T06:58:17.136516+00:00
2026-05-25 01:15:00+00:00,ADA-USD,15m,0.24210000038146973,0.24250000715255737,0.24199999868869781,0.24240000545978546,299040,299040,yfinance,2026-07-10T06:58:17.136516+00:00
2026-05-25 01:30:00+00:00,ADA-USD,15m,0.24230000376701355,0.24250000715255737,0.24199999868869781,0.24199999868869781,0,0,yfinance,2026-07-10T06:58:17.136516+00:00
2026-05-25 01:45:00+00:00,ADA-USD,15m,0.24199999868869781,0.24210000038146973,0.24060000479221344,0.24070000648498535,805472,805472,yfinance,2026-07-10T06:58:17.136516+00:00
2026-05-25 02:00:00+00:00,ADA-USD,15m,0.24079999327659607,0.2425999939441681,0.24079999327659607,0.24240000545978546,1296224,1296224,yfinance,2026-07-10T06:58:17.136516+00:00
2026-05-25 02:15:00+00:00,ADA-USD,15m,0.24230000376701355,0.24230000376701355,0.2410999983549118,0.24130000174045563,48736,48736,yfinance,2026-07-10T06:58:17.136516+00:00
2026-05-25 02:30:00+00:00,ADA-USD,15m,0.24140000343322754,0.24160000681877136,0.24089999496936798,0.2410999983549118,0,0,yfinance,2026-07-10T06:58:17.136516+00:00
2026-05-25 02:45:00+00:00,ADA-USD,15m,0.24120000004768372,0.24120000004768372,0.24089999496936798,0.24089999496936798,201728,201728,yfinance,2026-07-10T06:58:17.136516+00:00
2026-05-25 03:00:00+00:00,ADA-USD,15m,0.2410999983549118,0.24120000004768372,0.24070000648498535,0.2409999966621399,0,0,yfinance,2026-07-10T06:58:17.136516+00:00
2026-05-25 03:15:00+00:00,ADA-USD,15m,0.2409999966621399,0.2409999966621399,0.2401999980211258,0.2402999997138977,2493792,2493792,yfinance,2026-07-10T06:58:17.136516+00:00
2026-05-25 03:30:00+00:00,ADA-USD,15m,0.24050000309944153,0.24060000479221344,0.2402999997138977,0.24040000140666962,932160,932160,yfinance,2026-07-10T06:58:17.136516+00:00
2026-05-25 03:45:00+00:00,ADA-USD,15m,0.24040000140666962,0.24079999327659607,0.2401999980211258,0.24070000648498535,891648,891648,yfinance,2026-07-10T06:58:17.136516+00:00
2026-05-25 04:00:00+00:00,ADA-USD,15m,0.24070000648498535,0.2409999966621399,0.24050000309944153,0.24070000648498535,0,0,yfinance,2026-07-10T06:58:17.136516+00:00
2026-05-25 04:15:00+00:00,ADA-USD,15m,0.24050000309944153,0.24120000004768372,0.24040000140666962,0.24120000004768372,358496,358496,yfinance,2026-07-10T06:58:17.136516+00:00
2026-05-25 04:30:00+00:00,ADA-USD,15m,0.24120000004768372,0.24210000038146973,0.24120000004768372,0.24210000038146973,2189696,2189696,yfinance,2026-07-10T06:58:17.136516+00:00
2026-05-25 04:45:00+00:00,ADA-USD,15m,0.24210000038146973,0.24279999732971191,0.24199999868869781,0.24250000715255737,4670432,4670432,yfinance,2026-07-10T06:58:17.136516+00:00
2026-05-25 05:00:00+00:00,ADA-USD,15m,0.24250000715255737,0.24310000240802765,0.24230000376701355,0.24310000240802765,1472448,1472448,yfinance,2026-07-10T06:58:17.136516+00:00
2026-05-25 05:15:00+00:00,ADA-USD,15m,0.24310000240802765,0.24320000410079956,0.24269999563694,0.24289999902248383,848512,848512,yfinance,2026-07-10T06:58:17.136516+00:00
2026-05-25 05:30:00+00:00,ADA-USD,15m,0.24279999732971191,0.2433999925851822,0.24279999732971191,0.2433999925851822,1263136,1263136,yfinance,2026-07-10T06:58:17.136516+00:00
2026-05-25 05:45:00+00:00,ADA-USD,15m,0.24330000579357147,0.2434999942779541,0.24300000071525574,0.24300000071525574,727168,727168,yfinance,2026-07-10T06:58:17.136516+00:00
2026-05-25 06:00:00+00:00,ADA-USD,15m,0.24320000410079956,0.243599995970726,0.24279999732971191,0.24279999732971191,1271840,1271840,yfinance,2026-07-10T06:58:17.136516+00:00
2026-05-25 06:15:00+00:00,ADA-USD,15m,0.24289999902248383,0.24289999902248383,0.24250000715255737,0.24269999563694,1432608,1432608,yfinance,2026-07-10T06:58:17.136516+00:00
2026-05-25 06:30:00+00:00,ADA-USD,15m,0.24279999732971191,0.2433999925851822,0.24279999732971191,0.24320000410079956,552640,552640,yfinance,2026-07-10T06:58:17.136516+00:00
2026-05-25 06:45:00+00:00,ADA-USD,15m,0.24320000410079956,0.24400000274181366,0.24320000410079956,0.24369999766349792,0,0,yfinance,2026-07-10T06:58:17.136516+00:00
2026-05-25 07:00:00+00:00,ADA-USD,15m,0.24379999935626984,0.24459999799728394,0.24379999935626984,0.2443999946117401,4898752,4898752,yfinance,2026-07-10T06:58:17.136516+00:00
2026-05-25 07:15:00+00:00,ADA-USD,15m,0.2443999946117401,0.24449999630451202,0.2433999925851822,0.2433999925851822,3988384,3988384,yfinance,2026-07-10T06:58:17.136516+00:00
2026-05-25 07:30:00+00:00,ADA-USD,15m,0.24330000579357147,0.24390000104904175,0.24330000579357147,0.24390000104904175,1466208,1466208,yfinance,2026-07-10T06:58:17.136516+00:00
2026-05-25 07:45:00+00:00,ADA-USD,15m,0.24379999935626984,0.24480000138282776,0.24379999935626984,0.24480000138282776,2123040,2123040,yfinance,2026-07-10T06:58:17.136516+00:00
2026-05-25 08:00:00+00:00,ADA-USD,15m,0.24469999969005585,0.24469999969005585,0.24400000274181366,0.24400000274181366,4301408,4301408,yfinance,2026-07-10T06:58:17.136516+00:00
2026-05-25 08:15:00+00:00,ADA-USD,15m,0.24400000274181366,0.24400000274181366,0.24369999766349792,0.24390000104904175,1166848,1166848,yfinance,2026-07-10T06:58:17.136516+00:00
2026-05-25 08:30:00+00:00,ADA-USD,15m,0.24379999935626984,0.24469999969005585,0.24379999935626984,0.24449999630451202,817088,817088,yfinance,2026-07-10T06:58:17.136516+00:00
2026-05-25 08:45:00+00:00,ADA-USD,15m,0.24459999799728394,0.24580000340938568,0.2443999946117401,0.24560000002384186,8097696,8097696,yfinance,2026-07-10T06:58:17.136516+00:00
2026-05-25 09:00:00+00:00,ADA-USD,15m,0.24570000171661377,0.24580000340938568,0.24500000476837158,0.2451000064611435,4812032,4812032,yfinance,2026-07-10T06:58:17.136516+00:00
2026-05-25 09:15:00+00:00,ADA-USD,15m,0.2451000064611435,0.2451000064611435,0.24469999969005585,0.24500000476837158,293888,293888,yfinance,2026-07-10T06:58:17.136516+00:00
2026-05-25 09:30:00+00:00,ADA-USD,15m,0.24500000476837158,0.24539999663829803,0.24490000307559967,0.24490000307559967,804832,804832,yfinance,2026-07-10T06:58:17.136516+00:00
2026-05-25 09:45:00+00:00,ADA-USD,15m,0.24490000307559967,0.24500000476837158,0.24449999630451202,0.24449999630451202,141376,141376,yfinance,2026-07-10T06:58:17.136516+00:00
2026-05-25 10:00:00+00:00,ADA-USD,15m,0.24449999630451202,0.24500000476837158,0.24449999630451202,0.24500000476837158,855808,855808,yfinance,2026-07-10T06:58:17.136516+00:00
2026-05-25 10:15:00+00:00,ADA-USD,15m,0.24500000476837158,0.24570000171661377,0.24500000476837158,0.24560000002384186,1894976,1894976,yfinance,2026-07-10T06:58:17.136516+00:00
2026-05-25 10:30:00+00:00,ADA-USD,15m,0.24560000002384186,0.2459000051021576,0.24539999663829803,0.24539999663829803,4279456,4279456,yfinance,2026-07-10T06:58:17.136516+00:00
2026-05-25 10:45:00+00:00,ADA-USD,15m,0.24539999663829803,0.24580000340938568,0.24539999663829803,0.24580000340938568,195008,195008,yfinance,2026-07-10T06:58:17.136516+00:00
2026-05-25 11:00:00+00:00,ADA-USD,15m,0.24580000340938568,0.24580000340938568,0.24529999494552612,0.24549999833106995,1332768,1332768,yfinance,2026-07-10T06:58:17.136516+00:00
2026-05-25 11:15:00+00:00,ADA-USD,15m,0.24539999663829803,0.24549999833106995,0.2451999932527542,0.24529999494552612,21152,21152,yfinance,2026-07-10T06:58:17.136516+00:00
2026-05-25 11:30:00+00:00,ADA-USD,15m,0.2451000064611435,0.24539999663829803,0.24500000476837158,0.24500000476837158,4384,4384,yfinance,2026-07-10T06:58:17.136516+00:00
2026-05-25 11:45:00+00:00,ADA-USD,15m,0.24500000476837158,0.2451000064611435,0.24449999630451202,0.24469999969005585,786048,786048,yfinance,2026-07-10T06:58:17.136516+00:00
2026-05-25 12:00:00+00:00,ADA-USD,15m,0.24480000138282776,0.24490000307559967,0.2442999929189682,0.24459999799728394,1305792,1305792,yfinance,2026-07-10T06:58:17.136516+00:00
2026-05-25 12:15:00+00:00,ADA-USD,15m,0.24459999799728394,0.24490000307559967,0.24420000612735748,0.24469999969005585,393376,393376,yfinance,2026-07-10T06:58:17.136516+00:00
2026-05-25 12:30:00+00:00,ADA-USD,15m,0.24469999969005585,0.2451999932527542,0.24469999969005585,0.24480000138282776,476288,476288,yfinance,2026-07-10T06:58:17.136516+00:00
2026-05-25 12:45:00+00:00,ADA-USD,15m,0.24480000138282776,0.24480000138282776,0.2442999929189682,0.2443999946117401,1014208,1014208,yfinance,2026-07-10T06:58:17.136516+00:00
2026-05-25 13:00:00+00:00,ADA-USD,15m,0.2443999946117401,0.24480000138282776,0.24420000612735748,0.2442999929189682,308064,308064,yfinance,2026-07-10T06:58:17.136516+00:00
2026-05-25 13:15:00+00:00,ADA-USD,15m,0.2443999946117401,0.24480000138282776,0.2442999929189682,0.24459999799728394,476352,476352,yfinance,2026-07-10T06:58:17.136516+00:00
2026-05-25 13:30:00+00:00,ADA-USD,15m,0.24469999969005585,0.24500000476837158,0.24449999630451202,0.24490000307559967,0,0,yfinance,2026-07-10T06:58:17.136516+00:00
2026-05-25 13:45:00+00:00,ADA-USD,15m,0.24490000307559967,0.24529999494552612,0.24490000307559967,0.24500000476837158,61024,61024,yfinance,2026-07-10T06:58:17.136516+00:00
2026-05-25 14:00:00+00:00,ADA-USD,15m,0.24500000476837158,0.24560000002384186,0.24500000476837158,0.24539999663829803,278176,278176,yfinance,2026-07-10T06:58:17.136516+00:00
2026-05-25 14:15:00+00:00,ADA-USD,15m,0.24539999663829803,0.2459000051021576,0.24539999663829803,0.2459000051021576,0,0,yfinance,2026-07-10T06:58:17.136516+00:00
2026-05-25 14:30:00+00:00,ADA-USD,15m,0.24580000340938568,0.2459000051021576,0.24549999833106995,0.24580000340938568,1571712,1571712,yfinance,2026-07-10T06:58:17.136516+00:00
2026-05-25 14:45:00+00:00,ADA-USD,15m,0.24580000340938568,0.2467000037431717,0.24580000340938568,0.2460000067949295,2750784,2750784,yfinance,2026-07-10T06:58:17.136516+00:00
2026-05-25 15:00:00+00:00,ADA-USD,15m,0.2460000067949295,0.24699999392032623,0.24570000171661377,0.24609999358654022,1573152,1573152,yfinance,2026-07-10T06:58:17.136516+00:00
2026-05-25 15:15:00+00:00,ADA-USD,15m,0.2460000067949295,0.2460000067949295,0.2451999932527542,0.24560000002384186,5720416,5720416,yfinance,2026-07-10T06:58:17.136516+00:00
2026-05-25 15:30:00+00:00,ADA-USD,15m,0.24560000002384186,0.2460000067949295,0.24539999663829803,0.24560000002384186,1551808,1551808,yfinance,2026-07-10T06:58:17.136516+00:00
2026-05-25 15:45:00+00:00,ADA-USD,15m,0.24560000002384186,0.2459000051021576,0.2451999932527542,0.2459000051021576,910784,910784,yfinance,2026-07-10T06:58:17.136516+00:00
2026-05-25 16:00:00+00:00,ADA-USD,15m,0.2459000051021576,0.2460000067949295,0.24570000171661377,0.24570000171661377,491456,491456,yfinance,2026-07-10T06:58:17.136516+00:00
2026-05-25 16:15:00+00:00,ADA-USD,15m,0.24560000002384186,0.24609999358654022,0.24560000002384186,0.2459000051021576,441920,441920,yfinance,2026-07-10T06:58:17.136516+00:00
2026-05-25 16:30:00+00:00,ADA-USD,15m,0.2459000051021576,0.24709999561309814,0.2459000051021576,0.24709999561309814,503392,503392,yfinance,2026-07-10T06:58:17.136516+00:00
2026-05-25 16:45:00+00:00,ADA-USD,15m,0.24709999561309814,0.2476000040769577,0.24699999392032623,0.24729999899864197,2717440,2717440,yfinance,2026-07-10T06:58:17.136516+00:00
2026-05-25 17:00:00+00:00,ADA-USD,15m,0.24740000069141388,0.2475000023841858,0.2467000037431717,0.2468000054359436,311776,311776,yfinance,2026-07-10T06:58:17.136516+00:00
2026-05-25 17:15:00+00:00,ADA-USD,15m,0.2468000054359436,0.24690000712871552,0.24650000035762787,0.24690000712871552,1412672,1412672,yfinance,2026-07-10T06:58:17.136516+00:00
2026-05-25 17:30:00+00:00,ADA-USD,15m,0.24690000712871552,0.24690000712871552,0.24619999527931213,0.24639999866485596,1041152,1041152,yfinance,2026-07-10T06:58:17.136516+00:00
2026-05-25 17:45:00+00:00,ADA-USD,15m,0.24639999866485596,0.24639999866485596,0.2460000067949295,0.24629999697208405,454240,454240,yfinance,2026-07-10T06:58:17.136516+00:00
2026-05-25 18:00:00+00:00,ADA-USD,15m,0.24629999697208405,0.24699999392032623,0.24629999697208405,0.2468000054359436,2282880,2282880,yfinance,2026-07-10T06:58:17.136516+00:00
2026-05-25 18:15:00+00:00,ADA-USD,15m,0.2468000054359436,0.24729999899864197,0.2467000037431717,0.24699999392032623,945344,945344,yfinance,2026-07-10T06:58:17.136516+00:00
2026-05-25 18:30:00+00:00,ADA-USD,15m,0.24690000712871552,0.24690000712871552,0.24639999866485596,0.24639999866485596,48608,48608,yfinance,2026-07-10T06:58:17.136516+00:00
2026-05-25 18:45:00+00:00,ADA-USD,15m,0.24639999866485596,0.2467000037431717,0.2460000067949295,0.24609999358654022,737728,737728,yfinance,2026-07-10T06:58:17.136516+00:00
2026-05-25 19:00:00+00:00,ADA-USD,15m,0.24609999358654022,0.24609999358654022,0.24570000171661377,0.2459000051021576,807008,807008,yfinance,2026-07-10T06:58:17.136516+00:00
2026-05-25 19:15:00+00:00,ADA-USD,15m,0.24580000340938568,0.2460000067949295,0.24560000002384186,0.2460000067949295,123584,123584,yfinance,2026-07-10T06:58:17.136516+00:00
2026-05-25 19:30:00+00:00,ADA-USD,15m,0.2460000067949295,0.2460000067949295,0.24480000138282776,0.2451999932527542,669120,669120,yfinance,2026-07-10T06:58:17.136516+00:00
2026-05-25 19:45:00+00:00,ADA-USD,15m,0.2451999932527542,0.2451999932527542,0.24500000476837158,0.2451999932527542,586144,586144,yfinance,2026-07-10T06:58:17.136516+00:00
2026-05-25 20:00:00+00:00,ADA-USD,15m,0.2451999932527542,0.24570000171661377,0.2451000064611435,0.24560000002384186,0,0,yfinance,2026-07-10T06:58:17.136516+00:00
2026-05-25 20:15:00+00:00,ADA-USD,15m,0.24560000002384186,0.2459000051021576,0.2451999932527542,0.2451999932527542,267968,267968,yfinance,2026-07-10T06:58:17.136516+00:00
2026-05-25 20:30:00+00:00,ADA-USD,15m,0.2451999932527542,0.2451999932527542,0.24390000104904175,0.24420000612735748,4989600,4989600,yfinance,2026-07-10T06:58:17.136516+00:00
2026-05-25 20:45:00+00:00,ADA-USD,15m,0.24420000612735748,0.24459999799728394,0.24400000274181366,0.2442999929189682,1407424,1407424,yfinance,2026-07-10T06:58:17.136516+00:00
2026-05-25 21:00:00+00:00,ADA-USD,15m,0.2442999929189682,0.24480000138282776,0.24420000612735748,0.24449999630451202,225888,225888,yfinance,2026-07-10T06:58:17.136516+00:00
2026-05-25 21:15:00+00:00,ADA-USD,15m,0.24449999630451202,0.24469999969005585,0.24420000612735748,0.24459999799728394,58432,58432,yfinance,2026-07-10T06:58:17.136516+00:00
2026-05-25 21:30:00+00:00,ADA-USD,15m,0.24469999969005585,0.24490000307559967,0.2442999929189682,0.2442999929189682,0,0,yfinance,2026-07-10T06:58:17.136516+00:00
2026-05-25 21:45:00+00:00,ADA-USD,15m,0.2442999929189682,0.24480000138282776,0.2442999929189682,0.24449999630451202,285952,285952,yfinance,2026-07-10T06:58:17.136516+00:00
2026-05-25 22:00:00+00:00,ADA-USD,15m,0.24449999630451202,0.24449999630451202,0.2434999942779541,0.24390000104904175,0,0,yfinance,2026-07-10T06:58:17.136516+00:00
2026-05-25 22:15:00+00:00,ADA-USD,15m,0.24390000104904175,0.24410000443458557,0.24330000579357147,0.2433999925851822,0,0,yfinance,2026-07-10T06:58:17.136516+00:00
2026-05-25 22:30:00+00:00,ADA-USD,15m,0.24310000240802765,0.24310000240802765,0.24210000038146973,0.2425999939441681,395968,395968,yfinance,2026-07-10T06:58:17.136516+00:00
2026-05-25 22:45:00+00:00,ADA-USD,15m,0.2425999939441681,0.24320000410079956,0.24250000715255737,0.24250000715255737,178880,178880,yfinance,2026-07-10T06:58:17.136516+00:00
2026-05-25 23:00:00+00:00,ADA-USD,15m,0.24240000545978546,0.24289999902248383,0.24220000207424164,0.24279999732971191,0,0,yfinance,2026-07-10T06:58:17.136516+00:00
2026-05-25 23:15:00+00:00,ADA-USD,15m,0.24289999902248383,0.243599995970726,0.24289999902248383,0.24320000410079956,277760,277760,yfinance,2026-07-10T06:58:17.136516+00:00
2026-05-25 23:30:00+00:00,ADA-USD,15m,0.24320000410079956,0.24390000104904175,0.24320000410079956,0.243599995970726,1009344,1009344,yfinance,2026-07-10T06:58:17.136516+00:00
2026-05-25 23:45:00+00:00,ADA-USD,15m,0.243599995970726,0.243599995970726,0.24330000579357147,0.2434999942779541,115104,115104,yfinance,2026-07-10T06:58:17.136516+00:00
2026-05-26 00:00:00+00:00,ADA-USD,15m,0.2434999942779541,0.2434999942779541,0.24320000410079956,0.2433999925851822,0,0,yfinance,2026-07-10T06:58:17.136516+00:00
2026-05-26 00:15:00+00:00,ADA-USD,15m,0.2433999925851822,0.2433999925851822,0.24279999732971191,0.24279999732971191,1232480,1232480,yfinance,2026-07-10T06:58:17.136516+00:00
2026-05-26 00:30:00+00:00,ADA-USD,15m,0.24269999563694,0.24320000410079956,0.24169999361038208,0.2418999969959259,830944,830944,yfinance,2026-07-10T06:58:17.136516+00:00
2026-05-26 00:45:00+00:00,ADA-USD,15m,0.241799995303154,0.24210000038146973,0.24050000309944153,0.2418999969959259,2946336,2946336,yfinance,2026-07-10T06:58:17.136516+00:00
2026-05-26 01:00:00+00:00,ADA-USD,15m,0.24160000681877136,0.2418999969959259,0.24089999496936798,0.24160000681877136,2680032,2680032,yfinance,2026-07-10T06:58:17.136516+00:00
2026-05-26 01:15:00+00:00,ADA-USD,15m,0.24160000681877136,0.241799995303154,0.24060000479221344,0.2409999966621399,2462848,2462848,yfinance,2026-07-10T06:58:17.136516+00:00
2026-05-26 01:30:00+00:00,ADA-USD,15m,0.24070000648498535,0.24070000648498535,0.23989999294281006,0.2401999980211258,3171456,3171456,yfinance,2026-07-10T06:58:17.136516+00:00
2026-05-26 01:45:00+00:00,ADA-USD,15m,0.2402999997138977,0.24089999496936798,0.2401999980211258,0.24070000648498535,1639168,1639168,yfinance,2026-07-10T06:58:17.136516+00:00
2026-05-26 02:00:00+00:00,ADA-USD,15m,0.24070000648498535,0.24070000648498535,0.24009999632835388,0.24060000479221344,2870144,2870144,yfinance,2026-07-10T06:58:17.136516+00:00
2026-05-26 02:15:00+00:00,ADA-USD,15m,0.24050000309944153,0.24060000479221344,0.24009999632835388,0.24009999632835388,2863008,2863008,yfinance,2026-07-10T06:58:17.136516+00:00
2026-05-26 02:30:00+00:00,ADA-USD,15m,0.2401999980211258,0.24070000648498535,0.24009999632835388,0.2402999997138977,2952992,2952992,yfinance,2026-07-10T06:58:17.136516+00:00
2026-05-26 02:45:00+00:00,ADA-USD,15m,0.24040000140666962,0.24070000648498535,0.24009999632835388,0.24040000140666962,1196288,1196288,yfinance,2026-07-10T06:58:17.136516+00:00
2026-05-26 03:00:00+00:00,ADA-USD,15m,0.2402999997138977,0.2402999997138977,0.23980000615119934,0.23980000615119934,1797728,1797728,yfinance,2026-07-10T06:58:17.136516+00:00
2026-05-26 03:15:00+00:00,ADA-USD,15m,0.23970000445842743,0.23999999463558197,0.23919999599456787,0.2395000010728836,0,0,yfinance,2026-07-10T06:58:17.136516+00:00
2026-05-26 03:30:00+00:00,ADA-USD,15m,0.23970000445842743,0.24040000140666962,0.2395000010728836,0.2402999997138977,724928,724928,yfinance,2026-07-10T06:58:17.136516+00:00
2026-05-26 03:45:00+00:00,ADA-USD,15m,0.2402999997138977,0.24079999327659607,0.2401999980211258,0.24070000648498535,829760,829760,yfinance,2026-07-10T06:58:17.136516+00:00
2026-05-26 04:00:00+00:00,ADA-USD,15m,0.24070000648498535,0.2409999966621399,0.24040000140666962,0.24050000309944153,982752,982752,yfinance,2026-07-10T06:58:17.136516+00:00
2026-05-26 04:15:00+00:00,ADA-USD,15m,0.24060000479221344,0.24150000512599945,0.2402999997138977,0.24140000343322754,3983712,3983712,yfinance,2026-07-10T06:58:17.136516+00:00
2026-05-26 04:30:00+00:00,ADA-USD,15m,0.24140000343322754,0.24150000512599945,0.2409999966621399,0.2409999966621399,0,0,yfinance,2026-07-10T06:58:17.136516+00:00
2026-05-26 04:45:00+00:00,ADA-USD,15m,0.2409999966621399,0.24130000174045563,0.24089999496936798,0.2410999983549118,0,0,yfinance,2026-07-10T06:58:17.136516+00:00
2026-05-26 05:00:00+00:00,ADA-USD,15m,0.24089999496936798,0.24160000681877136,0.24070000648498535,0.24150000512599945,210208,210208,yfinance,2026-07-10T06:58:17.136516+00:00
2026-05-26 05:15:00+00:00,ADA-USD,15m,0.24140000343322754,0.24220000207424164,0.24140000343322754,0.24210000038146973,910848,910848,yfinance,2026-07-10T06:58:17.136516+00:00
2026-05-26 05:30:00+00:00,ADA-USD,15m,0.24199999868869781,0.24269999563694,0.24199999868869781,0.24230000376701355,4974048,4974048,yfinance,2026-07-10T06:58:17.136516+00:00
2026-05-26 05:45:00+00:00,ADA-USD,15m,0.24230000376701355,0.24230000376701355,0.24150000512599945,0.2418999969959259,1466368,1466368,yfinance,2026-07-10T06:58:17.136516+00:00
2026-05-26 06:00:00+00:00,ADA-USD,15m,0.2418999969959259,0.24199999868869781,0.24160000681877136,0.241799995303154,2284672,2284672,yfinance,2026-07-10T06:58:17.136516+00:00
2026-05-26 06:15:00+00:00,ADA-USD,15m,0.241799995303154,0.2418999969959259,0.2409999966621399,0.24140000343322754,41344,41344,yfinance,2026-07-10T06:58:17.136516+00:00
2026-05-26 06:30:00+00:00,ADA-USD,15m,0.24160000681877136,0.24220000207424164,0.24130000174045563,0.24199999868869781,1526784,1526784,yfinance,2026-07-10T06:58:17.136516+00:00
2026-05-26 06:45:00+00:00,ADA-USD,15m,0.24199999868869781,0.24210000038146973,0.241799995303154,0.241799995303154,749728,749728,yfinance,2026-07-10T06:58:17.136516+00:00
2026-05-26 07:00:00+00:00,ADA-USD,15m,0.24199999868869781,0.24210000038146973,0.2409999966621399,0.2409999966621399,0,0,yfinance,2026-07-10T06:58:17.136516+00:00
2026-05-26 07:15:00+00:00,ADA-USD,15m,0.2409999966621399,0.24130000174045563,0.24050000309944153,0.2410999983549118,294560,294560,yfinance,2026-07-10T06:58:17.136516+00:00
2026-05-26 07:30:00+00:00,ADA-USD,15m,0.2410999983549118,0.2410999983549118,0.24040000140666962,0.2409999966621399,410016,410016,yfinance,2026-07-10T06:58:17.136516+00:00
2026-05-26 07:45:00+00:00,ADA-USD,15m,0.2409999966621399,0.24150000512599945,0.24089999496936798,0.2409999966621399,474784,474784,yfinance,2026-07-10T06:58:17.136516+00:00
2026-05-26 08:00:00+00:00,ADA-USD,15m,0.2409999966621399,0.24210000038146973,0.2409999966621399,0.2418999969959259,27520,27520,yfinance,2026-07-10T06:58:17.136516+00:00
2026-05-26 08:15:00+00:00,ADA-USD,15m,0.2418999969959259,0.24199999868869781,0.24140000343322754,0.24160000681877136,72800,72800,yfinance,2026-07-10T06:58:17.136516+00:00
2026-05-26 08:30:00+00:00,ADA-USD,15m,0.24150000512599945,0.24199999868869781,0.24140000343322754,0.24199999868869781,242752,242752,yfinance,2026-07-10T06:58:17.136516+00:00
2026-05-26 08:45:00+00:00,ADA-USD,15m,0.2418999969959259,0.24220000207424164,0.24140000343322754,0.2418999969959259,0,0,yfinance,2026-07-10T06:58:17.136516+00:00
2026-05-26 09:00:00+00:00,ADA-USD,15m,0.2418999969959259,0.24210000038146973,0.24150000512599945,0.2418999969959259,0,0,yfinance,2026-07-10T06:58:17.136516+00:00
2026-05-26 09:15:00+00:00,ADA-USD,15m,0.2418999969959259,0.24240000545978546,0.24140000343322754,0.2418999969959259,850240,850240,yfinance,2026-07-10T06:58:17.136516+00:00
2026-05-26 09:30:00+00:00,ADA-USD,15m,0.2418999969959259,0.24210000038146973,0.24140000343322754,0.2418999969959259,142784,142784,yfinance,2026-07-10T06:58:17.136516+00:00
2026-05-26 09:45:00+00:00,ADA-USD,15m,0.2418999969959259,0.24199999868869781,0.24150000512599945,0.24199999868869781,930368,930368,yfinance,2026-07-10T06:58:17.136516+00:00
2026-05-26 10:00:00+00:00,ADA-USD,15m,0.24199999868869781,0.24220000207424164,0.24150000512599945,0.24220000207424164,8704,8704,yfinance,2026-07-10T06:58:17.136516+00:00
2026-05-26 10:15:00+00:00,ADA-USD,15m,0.24230000376701355,0.24469999969005585,0.24230000376701355,0.24449999630451202,1428064,1428064,yfinance,2026-07-10T06:58:17.136516+00:00
2026-05-26 10:30:00+00:00,ADA-USD,15m,0.24459999799728394,0.24529999494552612,0.24400000274181366,0.24480000138282776,9019264,9019264,yfinance,2026-07-10T06:58:17.136516+00:00
2026-05-26 10:45:00+00:00,ADA-USD,15m,0.24480000138282776,0.24539999663829803,0.24459999799728394,0.24480000138282776,3059392,3059392,yfinance,2026-07-10T06:58:17.136516+00:00
2026-05-26 11:00:00+00:00,ADA-USD,15m,0.24480000138282776,0.24490000307559967,0.2443999946117401,0.2443999946117401,17943424,17943424,yfinance,2026-07-10T06:58:17.136516+00:00
2026-05-26 11:15:00+00:00,ADA-USD,15m,0.2443999946117401,0.24459999799728394,0.24390000104904175,0.2443999946117401,1342848,1342848,yfinance,2026-07-10T06:58:17.136516+00:00
2026-05-26 11:30:00+00:00,ADA-USD,15m,0.2443999946117401,0.24480000138282776,0.24410000443458557,0.24449999630451202,1052448,1052448,yfinance,2026-07-10T06:58:17.136516+00:00
2026-05-26 11:45:00+00:00,ADA-USD,15m,0.24449999630451202,0.24459999799728394,0.24400000274181366,0.24400000274181366,0,0,yfinance,2026-07-10T06:58:17.136516+00:00
2026-05-26 12:00:00+00:00,ADA-USD,15m,0.24400000274181366,0.24420000612735748,0.24310000240802765,0.24369999766349792,557824,557824,yfinance,2026-07-10T06:58:17.136516+00:00
2026-05-26 12:15:00+00:00,ADA-USD,15m,0.24369999766349792,0.24400000274181366,0.2434999942779541,0.24390000104904175,1716960,1716960,yfinance,2026-07-10T06:58:17.136516+00:00
2026-05-26 12:30:00+00:00,ADA-USD,15m,0.24410000443458557,0.2443999946117401,0.24390000104904175,0.24410000443458557,939712,939712,yfinance,2026-07-10T06:58:17.136516+00:00
2026-05-26 12:45:00+00:00,ADA-USD,15m,0.24420000612735748,0.24480000138282776,0.24400000274181366,0.24459999799728394,633952,633952,yfinance,2026-07-10T06:58:17.136516+00:00
2026-05-26 13:00:00+00:00,ADA-USD,15m,0.24459999799728394,0.24490000307559967,0.24459999799728394,0.24469999969005585,2467200,2467200,yfinance,2026-07-10T06:58:17.136516+00:00
2026-05-26 13:15:00+00:00,ADA-USD,15m,0.24480000138282776,0.24500000476837158,0.243599995970726,0.243599995970726,1497216,1497216,yfinance,2026-07-10T06:58:17.136516+00:00
2026-05-26 13:30:00+00:00,ADA-USD,15m,0.243599995970726,0.2442999929189682,0.24300000071525574,0.24400000274181366,2714144,2714144,yfinance,2026-07-10T06:58:17.136516+00:00
2026-05-26 13:45:00+00:00,ADA-USD,15m,0.24410000443458557,0.2451999932527542,0.24410000443458557,0.24480000138282776,2889152,2889152,yfinance,2026-07-10T06:58:17.136516+00:00
2026-05-26 14:00:00+00:00,ADA-USD,15m,0.24490000307559967,0.24549999833106995,0.24480000138282776,0.24549999833106995,2161312,2161312,yfinance,2026-07-10T06:58:17.136516+00:00
2026-05-26 14:15:00+00:00,ADA-USD,15m,0.24549999833106995,0.24699999392032623,0.2451999932527542,0.2468000054359436,2771520,2771520,yfinance,2026-07-10T06:58:17.136516+00:00
2026-05-26 14:30:00+00:00,ADA-USD,15m,0.24690000712871552,0.24699999392032623,0.24310000240802765,0.2433999925851822,3253440,3253440,yfinance,2026-07-10T06:58:17.136516+00:00
2026-05-26 14:45:00+00:00,ADA-USD,15m,0.2434999942779541,0.2442999929189682,0.24310000240802765,0.24369999766349792,7628160,7628160,yfinance,2026-07-10T06:58:17.136516+00:00
2026-05-26 15:00:00+00:00,ADA-USD,15m,0.24369999766349792,0.24390000104904175,0.24269999563694,0.243599995970726,4224992,4224992,yfinance,2026-07-10T06:58:17.136516+00:00
2026-05-26 15:15:00+00:00,ADA-USD,15m,0.24379999935626984,0.24390000104904175,0.24230000376701355,0.24269999563694,1284160,1284160,yfinance,2026-07-10T06:58:17.136516+00:00
2026-05-26 15:30:00+00:00,ADA-USD,15m,0.24250000715255737,0.24269999563694,0.24140000343322754,0.24250000715255737,5841600,5841600,yfinance,2026-07-10T06:58:17.136516+00:00
2026-05-26 15:45:00+00:00,ADA-USD,15m,0.24240000545978546,0.2425999939441681,0.24089999496936798,0.24240000545978546,7085472,7085472,yfinance,2026-07-10T06:58:17.136516+00:00
2026-05-26 16:00:00+00:00,ADA-USD,15m,0.24230000376701355,0.24240000545978546,0.24050000309944153,0.2409999966621399,9861728,9861728,yfinance,2026-07-10T06:58:17.136516+00:00
2026-05-26 16:15:00+00:00,ADA-USD,15m,0.2409999966621399,0.24169999361038208,0.24089999496936798,0.24160000681877136,7891744,7891744,yfinance,2026-07-10T06:58:17.136516+00:00
2026-05-26 16:30:00+00:00,ADA-USD,15m,0.24160000681877136,0.241799995303154,0.2410999983549118,0.24140000343322754,2516000,2516000,yfinance,2026-07-10T06:58:17.136516+00:00
2026-05-26 16:45:00+00:00,ADA-USD,15m,0.24130000174045563,0.24160000681877136,0.24040000140666962,0.24089999496936798,1036608,1036608,yfinance,2026-07-10T06:58:17.136516+00:00
2026-05-26 17:00:00+00:00,ADA-USD,15m,0.2409999966621399,0.24150000512599945,0.24070000648498535,0.24070000648498535,4762976,4762976,yfinance,2026-07-10T06:58:17.136516+00:00
2026-05-26 17:15:00+00:00,ADA-USD,15m,0.24060000479221344,0.2409999966621399,0.23880000412464142,0.23890000581741333,7119968,7119968,yfinance,2026-07-10T06:58:17.136516+00:00
2026-05-26 17:30:00+00:00,ADA-USD,15m,0.2386000007390976,0.2395000010728836,0.2379000037908554,0.2395000010728836,11304864,11304864,yfinance,2026-07-10T06:58:17.136516+00:00
2026-05-26 17:45:00+00:00,ADA-USD,15m,0.2393999993801117,0.2401999980211258,0.23929999768733978,0.2395000010728836,6206784,6206784,yfinance,2026-07-10T06:58:17.136516+00:00
2026-05-26 18:00:00+00:00,ADA-USD,15m,0.2393999993801117,0.24009999632835388,0.23929999768733978,0.23989999294281006,6080160,6080160,yfinance,2026-07-10T06:58:17.136516+00:00
2026-05-26 18:15:00+00:00,ADA-USD,15m,0.23999999463558197,0.24130000174045563,0.23989999294281006,0.24060000479221344,2579840,2579840,yfinance,2026-07-10T06:58:17.136516+00:00
2026-05-26 18:30:00+00:00,ADA-USD,15m,0.24040000140666962,0.24070000648498535,0.23919999599456787,0.23919999599456787,1185824,1185824,yfinance,2026-07-10T06:58:17.136516+00:00
2026-05-26 18:45:00+00:00,ADA-USD,15m,0.23909999430179596,0.23970000445842743,0.23909999430179596,0.23919999599456787,484192,484192,yfinance,2026-07-10T06:58:17.136516+00:00
2026-05-26 19:00:00+00:00,ADA-USD,15m,0.23929999768733978,0.23960000276565552,0.23890000581741333,0.23890000581741333,1014880,1014880,yfinance,2026-07-10T06:58:17.136516+00:00
2026-05-26 19:15:00+00:00,ADA-USD,15m,0.23899999260902405,0.23909999430179596,0.2386000007390976,0.23890000581741333,708768,708768,yfinance,2026-07-10T06:58:17.136516+00:00
2026-05-26 19:30:00+00:00,ADA-USD,15m,0.23880000412464142,0.24009999632835388,0.23880000412464142,0.23989999294281006,618336,618336,yfinance,2026-07-10T06:58:17.136516+00:00
2026-05-26 19:45:00+00:00,ADA-USD,15m,0.23989999294281006,0.2402999997138977,0.23970000445842743,0.23980000615119934,1651648,1651648,yfinance,2026-07-10T06:58:17.136516+00:00
2026-05-26 20:00:00+00:00,ADA-USD,15m,0.23989999294281006,0.23999999463558197,0.23970000445842743,0.23989999294281006,375840,375840,yfinance,2026-07-10T06:58:17.136516+00:00
2026-05-26 20:15:00+00:00,ADA-USD,15m,0.23989999294281006,0.24009999632835388,0.23929999768733978,0.23970000445842743,959072,959072,yfinance,2026-07-10T06:58:17.136516+00:00
2026-05-26 20:30:00+00:00,ADA-USD,15m,0.23970000445842743,0.23980000615119934,0.23929999768733978,0.23980000615119934,185856,185856,yfinance,2026-07-10T06:58:17.136516+00:00
2026-05-26 20:45:00+00:00,ADA-USD,15m,0.23970000445842743,0.24009999632835388,0.23970000445842743,0.24009999632835388,0,0,yfinance,2026-07-10T06:58:17.136516+00:00
2026-05-26 21:00:00+00:00,ADA-USD,15m,0.24009999632835388,0.2401999980211258,0.23899999260902405,0.2393999993801117,87808,87808,yfinance,2026-07-10T06:58:17.136516+00:00
2026-05-26 21:15:00+00:00,ADA-USD,15m,0.2393999993801117,0.24050000309944153,0.2393999993801117,0.2402999997138977,1345408,1345408,yfinance,2026-07-10T06:58:17.136516+00:00
2026-05-26 21:30:00+00:00,ADA-USD,15m,0.2402999997138977,0.24060000479221344,0.23980000615119934,0.2402999997138977,1248416,1248416,yfinance,2026-07-10T06:58:17.136516+00:00
2026-05-26 21:45:00+00:00,ADA-USD,15m,0.24040000140666962,0.24040000140666962,0.23919999599456787,0.2393999993801117,871776,871776,yfinance,2026-07-10T06:58:17.136516+00:00
2026-05-26 22:00:00+00:00,ADA-USD,15m,0.2395000010728836,0.23999999463558197,0.23890000581741333,0.23929999768733978,497472,497472,yfinance,2026-07-10T06:58:17.136516+00:00
2026-05-26 22:15:00+00:00,ADA-USD,15m,0.23929999768733978,0.23970000445842743,0.23919999599456787,0.2395000010728836,1059328,1059328,yfinance,2026-07-10T06:58:17.136516+00:00
2026-05-26 22:30:00+00:00,ADA-USD,15m,0.23960000276565552,0.24009999632835388,0.2395000010728836,0.2395000010728836,0,0,yfinance,2026-07-10T06:58:17.136516+00:00
2026-05-26 22:45:00+00:00,ADA-USD,15m,0.2395000010728836,0.23960000276565552,0.23919999599456787,0.23960000276565552,191584,191584,yfinance,2026-07-10T06:58:17.136516+00:00
2026-05-26 23:00:00+00:00,ADA-USD,15m,0.23980000615119934,0.24040000140666962,0.23980000615119934,0.2401999980211258,823008,823008,yfinance,2026-07-10T06:58:17.136516+00:00
2026-05-26 23:15:00+00:00,ADA-USD,15m,0.2402999997138977,0.24050000309944153,0.23970000445842743,0.23989999294281006,108096,108096,yfinance,2026-07-10T06:58:17.136516+00:00
2026-05-26 23:30:00+00:00,ADA-USD,15m,0.23999999463558197,0.24009999632835388,0.23970000445842743,0.23989999294281006,0,0,yfinance,2026-07-10T06:58:17.136516+00:00
2026-05-26 23:45:00+00:00,ADA-USD,15m,0.23999999463558197,0.24009999632835388,0.23960000276565552,0.23980000615119934,72960,72960,yfinance,2026-07-10T06:58:17.136516+00:00
2026-05-27 00:00:00+00:00,ADA-USD,15m,0.23989999294281006,0.24089999496936798,0.23980000615119934,0.24070000648498535,945504,945504,yfinance,2026-07-10T06:58:17.136516+00:00
2026-05-27 00:15:00+00:00,ADA-USD,15m,0.24070000648498535,0.2409999966621399,0.2401999980211258,0.24070000648498535,0,0,yfinance,2026-07-10T06:58:17.136516+00:00
2026-05-27 00:30:00+00:00,ADA-USD,15m,0.24079999327659607,0.2410999983549118,0.24060000479221344,0.2409999966621399,113728,113728,yfinance,2026-07-10T06:58:17.136516+00:00
2026-05-27 00:45:00+00:00,ADA-USD,15m,0.2409999966621399,0.24150000512599945,0.2409999966621399,0.24150000512599945,0,0,yfinance,2026-07-10T06:58:17.136516+00:00
2026-05-27 01:00:00+00:00,ADA-USD,15m,0.24130000174045563,0.24150000512599945,0.2409999966621399,0.2409999966621399,0,0,yfinance,2026-07-10T06:58:17.136516+00:00
2026-05-27 01:15:00+00:00,ADA-USD,15m,0.2409999966621399,0.24130000174045563,0.24050000309944153,0.24079999327659607,0,0,yfinance,2026-07-10T06:58:17.136516+00:00
2026-05-27 01:30:00+00:00,ADA-USD,15m,0.24089999496936798,0.2410999983549118,0.24050000309944153,0.24050000309944153,0,0,yfinance,2026-07-10T06:58:17.136516+00:00
2026-05-27 01:45:00+00:00,ADA-USD,15m,0.24040000140666962,0.24089999496936798,0.23999999463558197,0.24009999632835388,0,0,yfinance,2026-07-10T06:58:17.136516+00:00
2026-05-27 02:00:00+00:00,ADA-USD,15m,0.2401999980211258,0.2402999997138977,0.2395000010728836,0.23980000615119934,230880,230880,yfinance,2026-07-10T06:58:17.136516+00:00
2026-05-27 02:15:00+00:00,ADA-USD,15m,0.23970000445842743,0.23980000615119934,0.23899999260902405,0.23970000445842743,1379968,1379968,yfinance,2026-07-10T06:58:17.136516+00:00
2026-05-27 02:30:00+00:00,ADA-USD,15m,0.23970000445842743,0.24009999632835388,0.2395000010728836,0.23970000445842743,0,0,yfinance,2026-07-10T06:58:17.136516+00:00
2026-05-27 02:45:00+00:00,ADA-USD,15m,0.23970000445842743,0.2402999997138977,0.23970000445842743,0.2402999997138977,143936,143936,yfinance,2026-07-10T06:58:17.136516+00:00
2026-05-27 03:00:00+00:00,ADA-USD,15m,0.2402999997138977,0.24050000309944153,0.23989999294281006,0.24040000140666962,587936,587936,yfinance,2026-07-10T06:58:17.136516+00:00
2026-05-27 03:15:00+00:00,ADA-USD,15m,0.2401999980211258,0.2401999980211258,0.23980000615119934,0.2401999980211258,18144,18144,yfinance,2026-07-10T06:58:17.136516+00:00
2026-05-27 03:30:00+00:00,ADA-USD,15m,0.2402999997138977,0.24050000309944153,0.23989999294281006,0.23989999294281006,0,0,yfinance,2026-07-10T06:58:17.136516+00:00
2026-05-27 03:45:00+00:00,ADA-USD,15m,0.23989999294281006,0.23999999463558197,0.2393999993801117,0.23980000615119934,222848,222848,yfinance,2026-07-10T06:58:17.136516+00:00
2026-05-27 04:00:00+00:00,ADA-USD,15m,0.23970000445842743,0.24009999632835388,0.23960000276565552,0.23980000615119934,297568,297568,yfinance,2026-07-10T06:58:17.136516+00:00
2026-05-27 04:15:00+00:00,ADA-USD,15m,0.23980000615119934,0.23989999294281006,0.23890000581741333,0.23890000581741333,630048,630048,yfinance,2026-07-10T06:58:17.136516+00:00
2026-05-27 04:30:00+00:00,ADA-USD,15m,0.23880000412464142,0.23880000412464142,0.2371000051498413,0.23810000717639923,11362176,11362176,yfinance,2026-07-10T06:58:17.136516+00:00
2026-05-27 04:45:00+00:00,ADA-USD,15m,0.23810000717639923,0.2395000010728836,0.23810000717639923,0.2395000010728836,3497216,3497216,yfinance,2026-07-10T06:58:17.136516+00:00
2026-05-27 05:00:00+00:00,ADA-USD,15m,0.2393999993801117,0.23980000615119934,0.23929999768733978,0.2395000010728836,2311776,2311776,yfinance,2026-07-10T06:58:17.136516+00:00
2026-05-27 05:15:00+00:00,ADA-USD,15m,0.2395000010728836,0.2401999980211258,0.23929999768733978,0.23989999294281006,1161344,1161344,yfinance,2026-07-10T06:58:17.136516+00:00
2026-05-27 05:30:00+00:00,ADA-USD,15m,0.23989999294281006,0.23999999463558197,0.23929999768733978,0.23929999768733978,160928,160928,yfinance,2026-07-10T06:58:17.136516+00:00
2026-05-27 05:45:00+00:00,ADA-USD,15m,0.23929999768733978,0.23980000615119934,0.23929999768733978,0.23960000276565552,0,0,yfinance,2026-07-10T06:58:17.136516+00:00
2026-05-27 06:00:00+00:00,ADA-USD,15m,0.23970000445842743,0.23999999463558197,0.2393999993801117,0.23970000445842743,0,0,yfinance,2026-07-10T06:58:17.136516+00:00
2026-05-27 06:15:00+00:00,ADA-USD,15m,0.23960000276565552,0.23989999294281006,0.2393999993801117,0.23989999294281006,181056,181056,yfinance,2026-07-10T06:58:17.136516+00:00
2026-05-27 06:30:00+00:00,ADA-USD,15m,0.23989999294281006,0.2402999997138977,0.23980000615119934,0.2402999997138977,373856,373856,yfinance,2026-07-10T06:58:17.136516+00:00
2026-05-27 06:45:00+00:00,ADA-USD,15m,0.2402999997138977,0.24060000479221344,0.23989999294281006,0.2401999980211258,345152,345152,yfinance,2026-07-10T06:58:17.136516+00:00
2026-05-27 07:00:00+00:00,ADA-USD,15m,0.2401999980211258,0.24040000140666962,0.23970000445842743,0.23980000615119934,0,0,yfinance,2026-07-10T06:58:17.136516+00:00
2026-05-27 07:15:00+00:00,ADA-USD,15m,0.23960000276565552,0.23980000615119934,0.2393999993801117,0.23980000615119934,0,0,yfinance,2026-07-10T06:58:17.136516+00:00
2026-05-27 07:30:00+00:00,ADA-USD,15m,0.23980000615119934,0.23999999463558197,0.2393999993801117,0.23970000445842743,1277472,1277472,yfinance,2026-07-10T06:58:17.136516+00:00
2026-05-27 07:45:00+00:00,ADA-USD,15m,0.23970000445842743,0.24009999632835388,0.2395000010728836,0.24009999632835388,183232,183232,yfinance,2026-07-10T06:58:17.136516+00:00
2026-05-27 08:00:00+00:00,ADA-USD,15m,0.24009999632835388,0.24070000648498535,0.23999999463558197,0.2401999980211258,505600,505600,yfinance,2026-07-10T06:58:17.136516+00:00
2026-05-27 08:15:00+00:00,ADA-USD,15m,0.2401999980211258,0.24079999327659607,0.23989999294281006,0.24060000479221344,420480,420480,yfinance,2026-07-10T06:58:17.136516+00:00
2026-05-27 08:30:00+00:00,ADA-USD,15m,0.24060000479221344,0.24079999327659607,0.24040000140666962,0.24040000140666962,1004800,1004800,yfinance,2026-07-10T06:58:17.136516+00:00
2026-05-27 08:45:00+00:00,ADA-USD,15m,0.24050000309944153,0.24050000309944153,0.2395000010728836,0.23960000276565552,349856,349856,yfinance,2026-07-10T06:58:17.136516+00:00
2026-05-27 09:00:00+00:00,ADA-USD,15m,0.2395000010728836,0.2395000010728836,0.23880000412464142,0.23899999260902405,740192,740192,yfinance,2026-07-10T06:58:17.136516+00:00
2026-05-27 09:15:00+00:00,ADA-USD,15m,0.23899999260902405,0.23919999599456787,0.2387000024318695,0.23880000412464142,368352,368352,yfinance,2026-07-10T06:58:17.136516+00:00
2026-05-27 09:30:00+00:00,ADA-USD,15m,0.23880000412464142,0.23960000276565552,0.23880000412464142,0.23919999599456787,638240,638240,yfinance,2026-07-10T06:58:17.136516+00:00
2026-05-27 09:45:00+00:00,ADA-USD,15m,0.23919999599456787,0.2393999993801117,0.23880000412464142,0.23899999260902405,226144,226144,yfinance,2026-07-10T06:58:17.136516+00:00
2026-05-27 10:00:00+00:00,ADA-USD,15m,0.23909999430179596,0.2395000010728836,0.23880000412464142,0.2395000010728836,1408448,1408448,yfinance,2026-07-10T06:58:17.136516+00:00
2026-05-27 10:15:00+00:00,ADA-USD,15m,0.2395000010728836,0.23999999463558197,0.2395000010728836,0.23980000615119934,0,0,yfinance,2026-07-10T06:58:17.136516+00:00
2026-05-27 10:30:00+00:00,ADA-USD,15m,0.23980000615119934,0.23989999294281006,0.23909999430179596,0.23929999768733978,0,0,yfinance,2026-07-10T06:58:17.136516+00:00
2026-05-27 10:45:00+00:00,ADA-USD,15m,0.23919999599456787,0.2395000010728836,0.23919999599456787,0.2393999993801117,0,0,yfinance,2026-07-10T06:58:17.136516+00:00
2026-05-27 11:00:00+00:00,ADA-USD,15m,0.23909999430179596,0.23970000445842743,0.23909999430179596,0.23960000276565552,0,0,yfinance,2026-07-10T06:58:17.136516+00:00
2026-05-27 11:15:00+00:00,ADA-USD,15m,0.23970000445842743,0.23989999294281006,0.23960000276565552,0.23970000445842743,0,0,yfinance,2026-07-10T06:58:17.136516+00:00
2026-05-27 11:30:00+00:00,ADA-USD,15m,0.23960000276565552,0.23989999294281006,0.23919999599456787,0.23960000276565552,0,0,yfinance,2026-07-10T06:58:17.136516+00:00
2026-05-27 11:45:00+00:00,ADA-USD,15m,0.2395000010728836,0.2395000010728836,0.23929999768733978,0.23929999768733978,692768,692768,yfinance,2026-07-10T06:58:17.136516+00:00
2026-05-27 12:00:00+00:00,ADA-USD,15m,0.2393999993801117,0.2393999993801117,0.23819999396800995,0.2386000007390976,265696,265696,yfinance,2026-07-10T06:58:17.136516+00:00
2026-05-27 12:15:00+00:00,ADA-USD,15m,0.2386000007390976,0.24120000004768372,0.23839999735355377,0.2401999980211258,3601632,3601632,yfinance,2026-07-10T06:58:17.136516+00:00
2026-05-27 12:30:00+00:00,ADA-USD,15m,0.2402999997138977,0.24060000479221344,0.23970000445842743,0.24050000309944153,2086208,2086208,yfinance,2026-07-10T06:58:17.136516+00:00
2026-05-27 12:45:00+00:00,ADA-USD,15m,0.24060000479221344,0.24060000479221344,0.23989999294281006,0.23989999294281006,12800,12800,yfinance,2026-07-10T06:58:17.136516+00:00
2026-05-27 13:00:00+00:00,ADA-USD,15m,0.23989999294281006,0.23999999463558197,0.23880000412464142,0.23919999599456787,132448,132448,yfinance,2026-07-10T06:58:17.136516+00:00
2026-05-27 13:15:00+00:00,ADA-USD,15m,0.23929999768733978,0.23929999768733978,0.23829999566078186,0.23829999566078186,225984,225984,yfinance,2026-07-10T06:58:17.136516+00:00
2026-05-27 13:30:00+00:00,ADA-USD,15m,0.23819999396800995,0.23849999904632568,0.2371000051498413,0.23729999363422394,3072928,3072928,yfinance,2026-07-10T06:58:17.136516+00:00
2026-05-27 13:45:00+00:00,ADA-USD,15m,0.23729999363422394,0.2387000024318695,0.23729999363422394,0.2387000024318695,6686880,6686880,yfinance,2026-07-10T06:58:17.136516+00:00
2026-05-27 14:00:00+00:00,ADA-USD,15m,0.23899999260902405,0.23970000445842743,0.23839999735355377,0.2386000007390976,6471520,6471520,yfinance,2026-07-10T06:58:17.136516+00:00
2026-05-27 14:15:00+00:00,ADA-USD,15m,0.23849999904632568,0.23890000581741333,0.2378000020980835,0.23829999566078186,680960,680960,yfinance,2026-07-10T06:58:17.136516+00:00
2026-05-27 14:30:00+00:00,ADA-USD,15m,0.23819999396800995,0.23899999260902405,0.23819999396800995,0.2386000007390976,1345760,1345760,yfinance,2026-07-10T06:58:17.136516+00:00
2026-05-27 14:45:00+00:00,ADA-USD,15m,0.23849999904632568,0.23980000615119934,0.23849999904632568,0.23960000276565552,0,0,yfinance,2026-07-10T06:58:17.136516+00:00
2026-05-27 15:00:00+00:00,ADA-USD,15m,0.2395000010728836,0.2410999983549118,0.2393999993801117,0.2409999966621399,49504,49504,yfinance,2026-07-10T06:58:17.136516+00:00
2026-05-27 15:15:00+00:00,ADA-USD,15m,0.24089999496936798,0.24210000038146973,0.24089999496936798,0.241799995303154,3971712,3971712,yfinance,2026-07-10T06:58:17.136516+00:00
2026-05-27 15:30:00+00:00,ADA-USD,15m,0.241799995303154,0.24300000071525574,0.2410999983549118,0.2410999983549118,0,0,yfinance,2026-07-10T06:58:17.136516+00:00
2026-05-27 15:45:00+00:00,ADA-USD,15m,0.24130000174045563,0.24150000512599945,0.24060000479221344,0.2409999966621399,0,0,yfinance,2026-07-10T06:58:17.136516+00:00
2026-05-27 16:00:00+00:00,ADA-USD,15m,0.2409999966621399,0.24150000512599945,0.24079999327659607,0.2410999983549118,0,0,yfinance,2026-07-10T06:58:17.136516+00:00
2026-05-27 16:15:00+00:00,ADA-USD,15m,0.2410999983549118,0.2410999983549118,0.24009999632835388,0.24070000648498535,0,0,yfinance,2026-07-10T06:58:17.136516+00:00
2026-05-27 16:30:00+00:00,ADA-USD,15m,0.24060000479221344,0.24089999496936798,0.23970000445842743,0.24040000140666962,0,0,yfinance,2026-07-10T06:58:17.136516+00:00
2026-05-27 16:45:00+00:00,ADA-USD,15m,0.24040000140666962,0.2409999966621399,0.24040000140666962,0.24070000648498535,496288,496288,yfinance,2026-07-10T06:58:17.136516+00:00
2026-05-27 17:00:00+00:00,ADA-USD,15m,0.24079999327659607,0.24079999327659607,0.2386000007390976,0.2387000024318695,0,0,yfinance,2026-07-10T06:58:17.136516+00:00
2026-05-27 17:15:00+00:00,ADA-USD,15m,0.2387000024318695,0.2395000010728836,0.23819999396800995,0.23909999430179596,297120,297120,yfinance,2026-07-10T06:58:17.136516+00:00
2026-05-27 17:30:00+00:00,ADA-USD,15m,0.23899999260902405,0.23909999430179596,0.23839999735355377,0.23849999904632568,0,0,yfinance,2026-07-10T06:58:17.136516+00:00
2026-05-27 17:45:00+00:00,ADA-USD,15m,0.23849999904632568,0.2387000024318695,0.23749999701976776,0.2379000037908554,0,0,yfinance,2026-07-10T06:58:17.136516+00:00
2026-05-27 18:00:00+00:00,ADA-USD,15m,0.2378000020980835,0.23819999396800995,0.23749999701976776,0.2379000037908554,0,0,yfinance,2026-07-10T06:58:17.136516+00:00
2026-05-27 18:15:00+00:00,ADA-USD,15m,0.2379000037908554,0.23849999904632568,0.2379000037908554,0.23819999396800995,155840,155840,yfinance,2026-07-10T06:58:17.136516+00:00
2026-05-27 18:30:00+00:00,ADA-USD,15m,0.23810000717639923,0.2387000024318695,0.2378000020980835,0.23849999904632568,2527008,2527008,yfinance,2026-07-10T06:58:17.136516+00:00
2026-05-27 18:45:00+00:00,ADA-USD,15m,0.23849999904632568,0.2393999993801117,0.23839999735355377,0.23919999599456787,460896,460896,yfinance,2026-07-10T06:58:17.136516+00:00
2026-05-27 19:00:00+00:00,ADA-USD,15m,0.2393999993801117,0.24050000309944153,0.2393999993801117,0.24050000309944153,1356384,1356384,yfinance,2026-07-10T06:58:17.136516+00:00
2026-05-27 19:15:00+00:00,ADA-USD,15m,0.24050000309944153,0.24079999327659607,0.2401999980211258,0.24040000140666962,2464544,2464544,yfinance,2026-07-10T06:58:17.136516+00:00
2026-05-27 19:30:00+00:00,ADA-USD,15m,0.24050000309944153,0.24079999327659607,0.23999999463558197,0.24009999632835388,336704,336704,yfinance,2026-07-10T06:58:17.136516+00:00
2026-05-27 19:45:00+00:00,ADA-USD,15m,0.2401999980211258,0.24060000479221344,0.23989999294281006,0.24050000309944153,112928,112928,yfinance,2026-07-10T06:58:17.136516+00:00
2026-05-27 20:00:00+00:00,ADA-USD,15m,0.24060000479221344,0.24060000479221344,0.2402999997138977,0.24060000479221344,1999136,1999136,yfinance,2026-07-10T06:58:17.136516+00:00
2026-05-27 20:15:00+00:00,ADA-USD,15m,0.24060000479221344,0.24079999327659607,0.23970000445842743,0.23970000445842743,432192,432192,yfinance,2026-07-10T06:58:17.136516+00:00
2026-05-27 20:30:00+00:00,ADA-USD,15m,0.23960000276565552,0.23999999463558197,0.2395000010728836,0.23999999463558197,3302624,3302624,yfinance,2026-07-10T06:58:17.136516+00:00
2026-05-27 20:45:00+00:00,ADA-USD,15m,0.23999999463558197,0.2401999980211258,0.23980000615119934,0.23999999463558197,1165440,1165440,yfinance,2026-07-10T06:58:17.136516+00:00
2026-05-27 21:00:00+00:00,ADA-USD,15m,0.23999999463558197,0.2402999997138977,0.23960000276565552,0.2401999980211258,1765600,1765600,yfinance,2026-07-10T06:58:17.136516+00:00
2026-05-27 21:15:00+00:00,ADA-USD,15m,0.2401999980211258,0.2401999980211258,0.2395000010728836,0.2395000010728836,506048,506048,yfinance,2026-07-10T06:58:17.136516+00:00
2026-05-27 21:30:00+00:00,ADA-USD,15m,0.23960000276565552,0.23960000276565552,0.23659999668598175,0.23729999363422394,8267520,8267520,yfinance,2026-07-10T06:58:17.136516+00:00
2026-05-27 21:45:00+00:00,ADA-USD,15m,0.23729999363422394,0.23729999363422394,0.23579999804496765,0.2371000051498413,9459200,9459200,yfinance,2026-07-10T06:58:17.136516+00:00
2026-05-27 22:00:00+00:00,ADA-USD,15m,0.23720000684261322,0.23829999566078186,0.23639999330043793,0.2371000051498413,6847968,6847968,yfinance,2026-07-10T06:58:17.136516+00:00
2026-05-27 22:15:00+00:00,ADA-USD,15m,0.23690000176429749,0.23749999701976776,0.23589999973773956,0.23749999701976776,4674752,4674752,yfinance,2026-07-10T06:58:17.136516+00:00
2026-05-27 22:30:00+00:00,ADA-USD,15m,0.23729999363422394,0.2378000020980835,0.23680000007152557,0.23729999363422394,1483424,1483424,yfinance,2026-07-10T06:58:17.136516+00:00
2026-05-27 22:45:00+00:00,ADA-USD,15m,0.23729999363422394,0.23749999701976776,0.2363000065088272,0.2363000065088272,2578208,2578208,yfinance,2026-07-10T06:58:17.136516+00:00
2026-05-27 23:00:00+00:00,ADA-USD,15m,0.2361000031232834,0.2370000034570694,0.23579999804496765,0.2370000034570694,3113280,3113280,yfinance,2026-07-10T06:58:17.136516+00:00
2026-05-27 23:15:00+00:00,ADA-USD,15m,0.2371000051498413,0.23729999363422394,0.23600000143051147,0.23639999330043793,3184192,3184192,yfinance,2026-07-10T06:58:17.136516+00:00
2026-05-27 23:30:00+00:00,ADA-USD,15m,0.2363000065088272,0.23690000176429749,0.23569999635219574,0.23659999668598175,5110080,5110080,yfinance,2026-07-10T06:58:17.136516+00:00
2026-05-27 23:45:00+00:00,ADA-USD,15m,0.23659999668598175,0.23720000684261322,0.23659999668598175,0.23690000176429749,1137888,1137888,yfinance,2026-07-10T06:58:17.136516+00:00
2026-05-28 00:00:00+00:00,ADA-USD,15m,0.23690000176429749,0.23749999701976776,0.23669999837875366,0.23739999532699585,3806016,3806016,yfinance,2026-07-10T06:58:17.136516+00:00
2026-05-28 00:15:00+00:00,ADA-USD,15m,0.23739999532699585,0.23800000548362732,0.23680000007152557,0.23729999363422394,1831936,1831936,yfinance,2026-07-10T06:58:17.136516+00:00
2026-05-28 00:30:00+00:00,ADA-USD,15m,0.23739999532699585,0.2379000037908554,0.23729999363422394,0.2378000020980835,1570784,1570784,yfinance,2026-07-10T06:58:17.136516+00:00
2026-05-28 00:45:00+00:00,ADA-USD,15m,0.2378000020980835,0.2378000020980835,0.23729999363422394,0.2378000020980835,466432,466432,yfinance,2026-07-10T06:58:17.136516+00:00
2026-05-28 01:00:00+00:00,ADA-USD,15m,0.2379000037908554,0.23800000548362732,0.2371000051498413,0.23729999363422394,287232,287232,yfinance,2026-07-10T06:58:17.136516+00:00
2026-05-28 01:15:00+00:00,ADA-USD,15m,0.2371000051498413,0.23729999363422394,0.23569999635219574,0.2363000065088272,925760,925760,yfinance,2026-07-10T06:58:17.136516+00:00
2026-05-28 01:30:00+00:00,ADA-USD,15m,0.23600000143051147,0.23669999837875366,0.23589999973773956,0.23669999837875366,1926688,1926688,yfinance,2026-07-10T06:58:17.136516+00:00
2026-05-28 01:45:00+00:00,ADA-USD,15m,0.23669999837875366,0.23749999701976776,0.23669999837875366,0.23690000176429749,1487584,1487584,yfinance,2026-07-10T06:58:17.136516+00:00
2026-05-28 02:00:00+00:00,ADA-USD,15m,0.2371000051498413,0.23739999532699585,0.23659999668598175,0.23720000684261322,801152,801152,yfinance,2026-07-10T06:58:17.136516+00:00
2026-05-28 02:15:00+00:00,ADA-USD,15m,0.23720000684261322,0.23729999363422394,0.23639999330043793,0.23680000007152557,81664,81664,yfinance,2026-07-10T06:58:17.136516+00:00
2026-05-28 02:30:00+00:00,ADA-USD,15m,0.2370000034570694,0.23739999532699585,0.23659999668598175,0.2370000034570694,821344,821344,yfinance,2026-07-10T06:58:17.136516+00:00
2026-05-28 02:45:00+00:00,ADA-USD,15m,0.2371000051498413,0.23720000684261322,0.23669999837875366,0.23669999837875366,109216,109216,yfinance,2026-07-10T06:58:17.136516+00:00
2026-05-28 03:00:00+00:00,ADA-USD,15m,0.23669999837875366,0.23690000176429749,0.23579999804496765,0.2361000031232834,343904,343904,yfinance,2026-07-10T06:58:17.136516+00:00
2026-05-28 03:15:00+00:00,ADA-USD,15m,0.2363000065088272,0.2363000065088272,0.23270000517368317,0.23440000414848328,15911520,15911520,yfinance,2026-07-10T06:58:17.136516+00:00
2026-05-28 03:30:00+00:00,ADA-USD,15m,0.23420000076293945,0.2345000058412552,0.23330000042915344,0.23340000212192535,11044384,11044384,yfinance,2026-07-10T06:58:17.136516+00:00
2026-05-28 03:45:00+00:00,ADA-USD,15m,0.23340000212192535,0.23389999568462372,0.2312999963760376,0.23180000483989716,7569568,7569568,yfinance,2026-07-10T06:58:17.136516+00:00
2026-05-28 04:00:00+00:00,ADA-USD,15m,0.23190000653266907,0.23190000653266907,0.2290000021457672,0.23070000112056732,23898784,23898784,yfinance,2026-07-10T06:58:17.136516+00:00
2026-05-28 04:15:00+00:00,ADA-USD,15m,0.23070000112056732,0.23100000619888306,0.2287999987602234,0.2296999990940094,4988768,4988768,yfinance,2026-07-10T06:58:17.136516+00:00
2026-05-28 04:30:00+00:00,ADA-USD,15m,0.22939999401569366,0.23080000281333923,0.22939999401569366,0.23080000281333923,227104,227104,yfinance,2026-07-10T06:58:17.136516+00:00
2026-05-28 04:45:00+00:00,ADA-USD,15m,0.2305999994277954,0.23090000450611115,0.23019999265670776,0.23090000450611115,880192,880192,yfinance,2026-07-10T06:58:17.136516+00:00
2026-05-28 05:00:00+00:00,ADA-USD,15m,0.23090000450611115,0.23100000619888306,0.22849999368190765,0.2289000004529953,3451392,3451392,yfinance,2026-07-10T06:58:17.136516+00:00
2026-05-28 05:15:00+00:00,ADA-USD,15m,0.2287999987602234,0.2289000004529953,0.22789999842643738,0.22849999368190765,12442240,12442240,yfinance,2026-07-10T06:58:17.136516+00:00
2026-05-28 05:30:00+00:00,ADA-USD,15m,0.22849999368190765,0.2298000007867813,0.22849999368190765,0.2295999974012375,4217120,4217120,yfinance,2026-07-10T06:58:17.136516+00:00
2026-05-28 05:45:00+00:00,ADA-USD,15m,0.2296999990940094,0.22990000247955322,0.22910000383853912,0.22949999570846558,3054752,3054752,yfinance,2026-07-10T06:58:17.136516+00:00
2026-05-28 06:00:00+00:00,ADA-USD,15m,0.22939999401569366,0.2296999990940094,0.2289000004529953,0.2289000004529953,4153888,4153888,yfinance,2026-07-10T06:58:17.136516+00:00
2026-05-28 06:15:00+00:00,ADA-USD,15m,0.2289000004529953,0.22920000553131104,0.22849999368190765,0.22920000553131104,2416160,2416160,yfinance,2026-07-10T06:58:17.136516+00:00
2026-05-28 06:30:00+00:00,ADA-USD,15m,0.22920000553131104,0.22930000722408295,0.22840000689029694,0.2289000004529953,2177056,2177056,yfinance,2026-07-10T06:58:17.136516+00:00
2026-05-28 06:45:00+00:00,ADA-USD,15m,0.2290000021457672,0.23010000586509705,0.2290000021457672,0.22990000247955322,3838656,3838656,yfinance,2026-07-10T06:58:17.136516+00:00
2026-05-28 07:00:00+00:00,ADA-USD,15m,0.22990000247955322,0.23010000586509705,0.22949999570846558,0.23010000586509705,2506272,2506272,yfinance,2026-07-10T06:58:17.136516+00:00
2026-05-28 07:15:00+00:00,ADA-USD,15m,0.23010000586509705,0.2305999994277954,0.23000000417232513,0.23010000586509705,4698336,4698336,yfinance,2026-07-10T06:58:17.136516+00:00
2026-05-28 07:30:00+00:00,ADA-USD,15m,0.23010000586509705,0.23109999299049377,0.23010000586509705,0.23100000619888306,2486208,2486208,yfinance,2026-07-10T06:58:17.136516+00:00
2026-05-28 07:45:00+00:00,ADA-USD,15m,0.23090000450611115,0.23119999468326569,0.23080000281333923,0.23109999299049377,2263456,2263456,yfinance,2026-07-10T06:58:17.136516+00:00
2026-05-28 08:00:00+00:00,ADA-USD,15m,0.23119999468326569,0.23119999468326569,0.2304999977350235,0.23100000619888306,1496160,1496160,yfinance,2026-07-10T06:58:17.136516+00:00
2026-05-28 08:15:00+00:00,ADA-USD,15m,0.23100000619888306,0.23100000619888306,0.2296999990940094,0.2296999990940094,2351808,2351808,yfinance,2026-07-10T06:58:17.136516+00:00
2026-05-28 08:30:00+00:00,ADA-USD,15m,0.2296999990940094,0.23010000586509705,0.22930000722408295,0.2298000007867813,1748608,1748608,yfinance,2026-07-10T06:58:17.136516+00:00
2026-05-28 08:45:00+00:00,ADA-USD,15m,0.22990000247955322,0.23010000586509705,0.22990000247955322,0.22990000247955322,1003392,1003392,yfinance,2026-07-10T06:58:17.136516+00:00
2026-05-28 09:00:00+00:00,ADA-USD,15m,0.23000000417232513,0.23070000112056732,0.23000000417232513,0.2304999977350235,1000064,1000064,yfinance,2026-07-10T06:58:17.136516+00:00
2026-05-28 09:15:00+00:00,ADA-USD,15m,0.2304999977350235,0.23100000619888306,0.2303999960422516,0.23090000450611115,516032,516032,yfinance,2026-07-10T06:58:17.136516+00:00
2026-05-28 09:30:00+00:00,ADA-USD,15m,0.23070000112056732,0.23100000619888306,0.2305999994277954,0.23100000619888306,165184,165184,yfinance,2026-07-10T06:58:17.136516+00:00
2026-05-28 09:45:00+00:00,ADA-USD,15m,0.23100000619888306,0.23170000314712524,0.23090000450611115,0.23119999468326569,1234304,1234304,yfinance,2026-07-10T06:58:17.136516+00:00
2026-05-28 10:00:00+00:00,ADA-USD,15m,0.23119999468326569,0.23170000314712524,0.23119999468326569,0.23119999468326569,1338688,1338688,yfinance,2026-07-10T06:58:17.136516+00:00
2026-05-28 10:15:00+00:00,ADA-USD,15m,0.23119999468326569,0.2312999963760376,0.22990000247955322,0.23029999434947968,993152,993152,yfinance,2026-07-10T06:58:17.136516+00:00
2026-05-28 10:30:00+00:00,ADA-USD,15m,0.23029999434947968,0.23090000450611115,0.23019999265670776,0.2303999960422516,858240,858240,yfinance,2026-07-10T06:58:17.136516+00:00
2026-05-28 10:45:00+00:00,ADA-USD,15m,0.23029999434947968,0.2305999994277954,0.22930000722408295,0.22930000722408295,1009216,1009216,yfinance,2026-07-10T06:58:17.136516+00:00
2026-05-28 11:00:00+00:00,ADA-USD,15m,0.22949999570846558,0.2298000007867813,0.22930000722408295,0.2298000007867813,1784896,1784896,yfinance,2026-07-10T06:58:17.136516+00:00
2026-05-28 11:15:00+00:00,ADA-USD,15m,0.22990000247955322,0.23019999265670776,0.22920000553131104,0.22949999570846558,1458496,1458496,yfinance,2026-07-10T06:58:17.136516+00:00
2026-05-28 11:30:00+00:00,ADA-USD,15m,0.2295999974012375,0.22990000247955322,0.22930000722408295,0.2296999990940094,803072,803072,yfinance,2026-07-10T06:58:17.136516+00:00
2026-05-28 11:45:00+00:00,ADA-USD,15m,0.2296999990940094,0.23010000586509705,0.22949999570846558,0.2298000007867813,1611712,1611712,yfinance,2026-07-10T06:58:17.136516+00:00
2026-05-28 12:00:00+00:00,ADA-USD,15m,0.2298000007867813,0.23019999265670776,0.22939999401569366,0.2295999974012375,63744,63744,yfinance,2026-07-10T06:58:17.136516+00:00
2026-05-28 12:15:00+00:00,ADA-USD,15m,0.22949999570846558,0.2295999974012375,0.2287999987602234,0.22949999570846558,0,0,yfinance,2026-07-10T06:58:17.136516+00:00
2026-05-28 12:30:00+00:00,ADA-USD,15m,0.2296999990940094,0.23119999468326569,0.2296999990940094,0.23100000619888306,359168,359168,yfinance,2026-07-10T06:58:17.136516+00:00
2026-05-28 12:45:00+00:00,ADA-USD,15m,0.23100000619888306,0.23149999976158142,0.23090000450611115,0.2313999980688095,2176768,2176768,yfinance,2026-07-10T06:58:17.136516+00:00
2026-05-28 13:00:00+00:00,ADA-USD,15m,0.2313999980688095,0.2321999967098236,0.23109999299049377,0.23119999468326569,2170176,2170176,yfinance,2026-07-10T06:58:17.136516+00:00
2026-05-28 13:15:00+00:00,ADA-USD,15m,0.23109999299049377,0.2313999980688095,0.2303999960422516,0.23119999468326569,2011776,2011776,yfinance,2026-07-10T06:58:17.136516+00:00
2026-05-28 13:30:00+00:00,ADA-USD,15m,0.23100000619888306,0.2313999980688095,0.22990000247955322,0.2305999994277954,0,0,yfinance,2026-07-10T06:58:17.136516+00:00
2026-05-28 13:45:00+00:00,ADA-USD,15m,0.23070000112056732,0.23180000483989716,0.23029999434947968,0.23100000619888306,0,0,yfinance,2026-07-10T06:58:17.136516+00:00
2026-05-28 14:00:00+00:00,ADA-USD,15m,0.23100000619888306,0.2320999950170517,0.2290000021457672,0.2320999950170517,0,0,yfinance,2026-07-10T06:58:17.136516+00:00
2026-05-28 14:15:00+00:00,ADA-USD,15m,0.2320999950170517,0.2337999939918518,0.23149999976158142,0.23280000686645508,8882560,8882560,yfinance,2026-07-10T06:58:17.136516+00:00
2026-05-28 14:30:00+00:00,ADA-USD,15m,0.23260000348091125,0.23340000212192535,0.2321999967098236,0.23260000348091125,689216,689216,yfinance,2026-07-10T06:58:17.136516+00:00
2026-05-28 14:45:00+00:00,ADA-USD,15m,0.23260000348091125,0.23270000517368317,0.23170000314712524,0.23190000653266907,1040512,1040512,yfinance,2026-07-10T06:58:17.136516+00:00
2026-05-28 15:00:00+00:00,ADA-USD,15m,0.23190000653266907,0.23240000009536743,0.2305999994277954,0.23070000112056732,75904,75904,yfinance,2026-07-10T06:58:17.136516+00:00
2026-05-28 15:15:00+00:00,ADA-USD,15m,0.23070000112056732,0.23229999840259552,0.2303999960422516,0.23229999840259552,765056,765056,yfinance,2026-07-10T06:58:17.136516+00:00
2026-05-28 15:30:00+00:00,ADA-USD,15m,0.23240000009536743,0.23309999704360962,0.23180000483989716,0.23280000686645508,0,0,yfinance,2026-07-10T06:58:17.136516+00:00
2026-05-28 15:45:00+00:00,ADA-USD,15m,0.2329999953508377,0.23360000550746918,0.23240000009536743,0.23270000517368317,1557056,1557056,yfinance,2026-07-10T06:58:17.136516+00:00
2026-05-28 16:00:00+00:00,ADA-USD,15m,0.23260000348091125,0.23319999873638153,0.2312999963760376,0.23319999873638153,728000,728000,yfinance,2026-07-10T06:58:17.136516+00:00
2026-05-28 16:15:00+00:00,ADA-USD,15m,0.2328999936580658,0.23440000414848328,0.2328999936580658,0.23330000042915344,5199680,5199680,yfinance,2026-07-10T06:58:17.136516+00:00
2026-05-28 16:30:00+00:00,ADA-USD,15m,0.23330000042915344,0.23399999737739563,0.23319999873638153,0.23399999737739563,1053632,1053632,yfinance,2026-07-10T06:58:17.136516+00:00
2026-05-28 16:45:00+00:00,ADA-USD,15m,0.23409999907016754,0.2345999926328659,0.23399999737739563,0.23409999907016754,3421696,3421696,yfinance,2026-07-10T06:58:17.136516+00:00
2026-05-28 17:00:00+00:00,ADA-USD,15m,0.23420000076293945,0.23440000414848328,0.23340000212192535,0.23420000076293945,1114176,1114176,yfinance,2026-07-10T06:58:17.136516+00:00
2026-05-28 17:15:00+00:00,ADA-USD,15m,0.23420000076293945,0.23479999601840973,0.23360000550746918,0.23389999568462372,1345280,1345280,yfinance,2026-07-10T06:58:17.136516+00:00
2026-05-28 17:30:00+00:00,ADA-USD,15m,0.23389999568462372,0.23409999907016754,0.23350000381469727,0.23389999568462372,1976960,1976960,yfinance,2026-07-10T06:58:17.136516+00:00
2026-05-28 17:45:00+00:00,ADA-USD,15m,0.23389999568462372,0.23499999940395355,0.23389999568462372,0.23479999601840973,2134400,2134400,yfinance,2026-07-10T06:58:17.136516+00:00
2026-05-28 18:00:00+00:00,ADA-USD,15m,0.23479999601840973,0.23690000176429749,0.23469999432563782,0.23669999837875366,6406656,6406656,yfinance,2026-07-10T06:58:17.136516+00:00
2026-05-28 18:15:00+00:00,ADA-USD,15m,0.23669999837875366,0.23720000684261322,0.23600000143051147,0.2361000031232834,3888128,3888128,yfinance,2026-07-10T06:58:17.136516+00:00
2026-05-28 18:30:00+00:00,ADA-USD,15m,0.23600000143051147,0.2363000065088272,0.2354000061750412,0.23559999465942383,499456,499456,yfinance,2026-07-10T06:58:17.136516+00:00
2026-05-28 18:45:00+00:00,ADA-USD,15m,0.23559999465942383,0.2363000065088272,0.2354000061750412,0.23589999973773956,420160,420160,yfinance,2026-07-10T06:58:17.136516+00:00
2026-05-28 19:00:00+00:00,ADA-USD,15m,0.23589999973773956,0.23589999973773956,0.23479999601840973,0.23520000278949738,340160,340160,yfinance,2026-07-10T06:58:17.136516+00:00
2026-05-28 19:15:00+00:00,ADA-USD,15m,0.23520000278949738,0.23569999635219574,0.23499999940395355,0.23569999635219574,163136,163136,yfinance,2026-07-10T06:58:17.136516+00:00
2026-05-28 19:30:00+00:00,ADA-USD,15m,0.23569999635219574,0.23569999635219574,0.23440000414848328,0.23440000414848328,300864,300864,yfinance,2026-07-10T06:58:17.136516+00:00
2026-05-28 19:45:00+00:00,ADA-USD,15m,0.23420000076293945,0.23469999432563782,0.23409999907016754,0.23409999907016754,568192,568192,yfinance,2026-07-10T06:58:17.136516+00:00
2026-05-28 20:00:00+00:00,ADA-USD,15m,0.23420000076293945,0.2345000058412552,0.23330000042915344,0.2345000058412552,1805184,1805184,yfinance,2026-07-10T06:58:17.136516+00:00
2026-05-28 20:15:00+00:00,ADA-USD,15m,0.2345000058412552,0.23549999296665192,0.2345000058412552,0.23510000109672546,2361216,2361216,yfinance,2026-07-10T06:58:17.136516+00:00
2026-05-28 20:30:00+00:00,ADA-USD,15m,0.23510000109672546,0.23579999804496765,0.23489999771118164,0.23559999465942383,24576,24576,yfinance,2026-07-10T06:58:17.136516+00:00
2026-05-28 20:45:00+00:00,ADA-USD,15m,0.23559999465942383,0.23569999635219574,0.23489999771118164,0.23510000109672546,0,0,yfinance,2026-07-10T06:58:17.136516+00:00
2026-05-28 21:00:00+00:00,ADA-USD,15m,0.23520000278949738,0.23600000143051147,0.23479999601840973,0.23559999465942383,0,0,yfinance,2026-07-10T06:58:17.136516+00:00
2026-05-28 21:15:00+00:00,ADA-USD,15m,0.23559999465942383,0.23579999804496765,0.23520000278949738,0.23520000278949738,682112,682112,yfinance,2026-07-10T06:58:17.136516+00:00
2026-05-28 21:30:00+00:00,ADA-USD,15m,0.23510000109672546,0.23579999804496765,0.23499999940395355,0.23569999635219574,0,0,yfinance,2026-07-10T06:58:17.136516+00:00
2026-05-28 21:45:00+00:00,ADA-USD,15m,0.23579999804496765,0.23579999804496765,0.23510000109672546,0.2353000044822693,0,0,yfinance,2026-07-10T06:58:17.136516+00:00
2026-05-28 22:00:00+00:00,ADA-USD,15m,0.23510000109672546,0.23579999804496765,0.23489999771118164,0.23520000278949738,0,0,yfinance,2026-07-10T06:58:17.136516+00:00
2026-05-28 22:15:00+00:00,ADA-USD,15m,0.23520000278949738,0.23520000278949738,0.23430000245571136,0.23430000245571136,290432,290432,yfinance,2026-07-10T06:58:17.136516+00:00
2026-05-28 22:30:00+00:00,ADA-USD,15m,0.23430000245571136,0.23430000245571136,0.23360000550746918,0.2337000072002411,15584,15584,yfinance,2026-07-10T06:58:17.136516+00:00
2026-05-28 22:45:00+00:00,ADA-USD,15m,0.2337000072002411,0.23420000076293945,0.23360000550746918,0.2337999939918518,103744,103744,yfinance,2026-07-10T06:58:17.136516+00:00
2026-05-28 23:00:00+00:00,ADA-USD,15m,0.23389999568462372,0.23479999601840973,0.2337999939918518,0.23479999601840973,0,0,yfinance,2026-07-10T06:58:17.136516+00:00
2026-05-28 23:15:00+00:00,ADA-USD,15m,0.23479999601840973,0.23520000278949738,0.23440000414848328,0.23510000109672546,0,0,yfinance,2026-07-10T06:58:17.136516+00:00
2026-05-28 23:30:00+00:00,ADA-USD,15m,0.23499999940395355,0.23499999940395355,0.23430000245571136,0.2345999926328659,0,0,yfinance,2026-07-10T06:58:17.136516+00:00
2026-05-28 23:45:00+00:00,ADA-USD,15m,0.2345000058412552,0.2345999926328659,0.23409999907016754,0.2345999926328659,0,0,yfinance,2026-07-10T06:58:17.136516+00:00
2026-05-29 00:00:00+00:00,ADA-USD,15m,0.2345999926328659,0.23520000278949738,0.2345999926328659,0.23479999601840973,0,0,yfinance,2026-07-10T06:58:17.136516+00:00
2026-05-29 00:15:00+00:00,ADA-USD,15m,0.23479999601840973,0.23559999465942383,0.2345999926328659,0.23520000278949738,0,0,yfinance,2026-07-10T06:58:17.136516+00:00
2026-05-29 00:30:00+00:00,ADA-USD,15m,0.23520000278949738,0.23549999296665192,0.23479999601840973,0.23520000278949738,26976,26976,yfinance,2026-07-10T06:58:17.136516+00:00
2026-05-29 00:45:00+00:00,ADA-USD,15m,0.23520000278949738,0.2353000044822693,0.23469999432563782,0.23479999601840973,362880,362880,yfinance,2026-07-10T06:58:17.136516+00:00
2026-05-29 01:00:00+00:00,ADA-USD,15m,0.23489999771118164,0.2353000044822693,0.23479999601840973,0.23499999940395355,301440,301440,yfinance,2026-07-10T06:58:17.136516+00:00
2026-05-29 01:15:00+00:00,ADA-USD,15m,0.23499999940395355,0.23510000109672546,0.23409999907016754,0.23440000414848328,0,0,yfinance,2026-07-10T06:58:17.136516+00:00
2026-05-29 01:30:00+00:00,ADA-USD,15m,0.23440000414848328,0.23479999601840973,0.23399999737739563,0.23479999601840973,0,0,yfinance,2026-07-10T06:58:17.136516+00:00
2026-05-29 01:45:00+00:00,ADA-USD,15m,0.23479999601840973,0.23499999940395355,0.23430000245571136,0.2345999926328659,286720,286720,yfinance,2026-07-10T06:58:17.136516+00:00
2026-05-29 02:00:00+00:00,ADA-USD,15m,0.2345000058412552,0.23510000109672546,0.23430000245571136,0.23489999771118164,0,0,yfinance,2026-07-10T06:58:17.136516+00:00
2026-05-29 02:15:00+00:00,ADA-USD,15m,0.23489999771118164,0.23499999940395355,0.2337999939918518,0.2337999939918518,8384,8384,yfinance,2026-07-10T06:58:17.136516+00:00
2026-05-29 02:30:00+00:00,ADA-USD,15m,0.2337000072002411,0.23420000076293945,0.23319999873638153,0.23330000042915344,5952,5952,yfinance,2026-07-10T06:58:17.136516+00:00
2026-05-29 02:45:00+00:00,ADA-USD,15m,0.23340000212192535,0.23350000381469727,0.23260000348091125,0.23270000517368317,782592,782592,yfinance,2026-07-10T06:58:17.136516+00:00
2026-05-29 03:00:00+00:00,ADA-USD,15m,0.23280000686645508,0.23440000414848328,0.23280000686645508,0.23420000076293945,0,0,yfinance,2026-07-10T06:58:17.136516+00:00
2026-05-29 03:15:00+00:00,ADA-USD,15m,0.23399999737739563,0.23399999737739563,0.23340000212192535,0.23340000212192535,0,0,yfinance,2026-07-10T06:58:17.136516+00:00
2026-05-29 03:30:00+00:00,ADA-USD,15m,0.23330000042915344,0.2337000072002411,0.23309999704360962,0.23309999704360962,0,0,yfinance,2026-07-10T06:58:17.136516+00:00
2026-05-29 03:45:00+00:00,ADA-USD,15m,0.23309999704360962,0.23330000042915344,0.2329999953508377,0.23309999704360962,0,0,yfinance,2026-07-10T06:58:17.136516+00:00
2026-05-29 04:00:00+00:00,ADA-USD,15m,0.23309999704360962,0.23330000042915344,0.2321999967098236,0.23260000348091125,0,0,yfinance,2026-07-10T06:58:17.136516+00:00
2026-05-29 04:15:00+00:00,ADA-USD,15m,0.23260000348091125,0.23340000212192535,0.23260000348091125,0.23330000042915344,0,0,yfinance,2026-07-10T06:58:17.136516+00:00
2026-05-29 04:30:00+00:00,ADA-USD,15m,0.23330000042915344,0.23360000550746918,0.23319999873638153,0.23360000550746918,0,0,yfinance,2026-07-10T06:58:17.136516+00:00
2026-05-29 04:45:00+00:00,ADA-USD,15m,0.23360000550746918,0.23420000076293945,0.23360000550746918,0.23420000076293945,0,0,yfinance,2026-07-10T06:58:17.136516+00:00
2026-05-29 05:00:00+00:00,ADA-USD,15m,0.23420000076293945,0.23479999601840973,0.23420000076293945,0.23479999601840973,0,0,yfinance,2026-07-10T06:58:17.136516+00:00
2026-05-29 05:15:00+00:00,ADA-USD,15m,0.23479999601840973,0.23489999771118164,0.23440000414848328,0.2345999926328659,0,0,yfinance,2026-07-10T06:58:17.136516+00:00
2026-05-29 05:30:00+00:00,ADA-USD,15m,0.2345000058412552,0.2345999926328659,0.23409999907016754,0.23430000245571136,0,0,yfinance,2026-07-10T06:58:17.136516+00:00
2026-05-29 05:45:00+00:00,ADA-USD,15m,0.23430000245571136,0.23499999940395355,0.23409999907016754,0.23499999940395355,0,0,yfinance,2026-07-10T06:58:17.136516+00:00
2026-05-29 06:00:00+00:00,ADA-USD,15m,0.23499999940395355,0.23589999973773956,0.23499999940395355,0.23569999635219574,0,0,yfinance,2026-07-10T06:58:17.136516+00:00
2026-05-29 06:15:00+00:00,ADA-USD,15m,0.23579999804496765,0.23659999668598175,0.23559999465942383,0.23559999465942383,79904,79904,yfinance,2026-07-10T06:58:17.136516+00:00
2026-05-29 06:30:00+00:00,ADA-USD,15m,0.23559999465942383,0.23559999465942383,0.23499999940395355,0.2354000061750412,0,0,yfinance,2026-07-10T06:58:17.136516+00:00
2026-05-29 06:45:00+00:00,ADA-USD,15m,0.2353000044822693,0.23579999804496765,0.2353000044822693,0.23559999465942383,0,0,yfinance,2026-07-10T06:58:17.136516+00:00
2026-05-29 07:00:00+00:00,ADA-USD,15m,0.23559999465942383,0.23600000143051147,0.2354000061750412,0.23600000143051147,0,0,yfinance,2026-07-10T06:58:17.136516+00:00
2026-05-29 07:15:00+00:00,ADA-USD,15m,0.23589999973773956,0.23600000143051147,0.23510000109672546,0.23510000109672546,4784352,4784352,yfinance,2026-07-10T06:58:17.136516+00:00
2026-05-29 07:30:00+00:00,ADA-USD,15m,0.23499999940395355,0.23499999940395355,0.23360000550746918,0.23360000550746918,0,0,yfinance,2026-07-10T06:58:17.136516+00:00
2026-05-29 07:45:00+00:00,ADA-USD,15m,0.23350000381469727,0.2345999926328659,0.23330000042915344,0.2345000058412552,0,0,yfinance,2026-07-10T06:58:17.136516+00:00
2026-05-29 08:00:00+00:00,ADA-USD,15m,0.2345000058412552,0.23510000109672546,0.23440000414848328,0.23479999601840973,1243328,1243328,yfinance,2026-07-10T06:58:17.136516+00:00
2026-05-29 08:15:00+00:00,ADA-USD,15m,0.23479999601840973,0.2354000061750412,0.2345999926328659,0.23499999940395355,0,0,yfinance,2026-07-10T06:58:17.136516+00:00
2026-05-29 08:30:00+00:00,ADA-USD,15m,0.23489999771118164,0.2353000044822693,0.2345000058412552,0.23499999940395355,0,0,yfinance,2026-07-10T06:58:17.136516+00:00
2026-05-29 08:45:00+00:00,ADA-USD,15m,0.23499999940395355,0.23499999940395355,0.23479999601840973,0.23479999601840973,145312,145312,yfinance,2026-07-10T06:58:17.136516+00:00
2026-05-29 09:00:00+00:00,ADA-USD,15m,0.23489999771118164,0.2353000044822693,0.23479999601840973,0.23489999771118164,0,0,yfinance,2026-07-10T06:58:17.136516+00:00
2026-05-29 09:15:00+00:00,ADA-USD,15m,0.23499999940395355,0.23559999465942383,0.23489999771118164,0.23559999465942383,730336,730336,yfinance,2026-07-10T06:58:17.136516+00:00
2026-05-29 09:30:00+00:00,ADA-USD,15m,0.23549999296665192,0.23569999635219574,0.2353000044822693,0.2353000044822693,121600,121600,yfinance,2026-07-10T06:58:17.136516+00:00
2026-05-29 09:45:00+00:00,ADA-USD,15m,0.2353000044822693,0.23549999296665192,0.23499999940395355,0.23510000109672546,0,0,yfinance,2026-07-10T06:58:17.136516+00:00
2026-05-29 10:00:00+00:00,ADA-USD,15m,0.23510000109672546,0.23510000109672546,0.23430000245571136,0.2345999926328659,0,0,yfinance,2026-07-10T06:58:17.136516+00:00
2026-05-29 10:15:00+00:00,ADA-USD,15m,0.2345999926328659,0.2345999926328659,0.23409999907016754,0.23420000076293945,0,0,yfinance,2026-07-10T06:58:17.136516+00:00
2026-05-29 10:30:00+00:00,ADA-USD,15m,0.23409999907016754,0.2345999926328659,0.23389999568462372,0.2345000058412552,0,0,yfinance,2026-07-10T06:58:17.136516+00:00
2026-05-29 10:45:00+00:00,ADA-USD,15m,0.23440000414848328,0.2345999926328659,0.23430000245571136,0.2345000058412552,0,0,yfinance,2026-07-10T06:58:17.136516+00:00
2026-05-29 11:00:00+00:00,ADA-USD,15m,0.2345000058412552,0.2345000058412552,0.23409999907016754,0.23440000414848328,0,0,yfinance,2026-07-10T06:58:17.136516+00:00
2026-05-29 11:15:00+00:00,ADA-USD,15m,0.23440000414848328,0.2345000058412552,0.2337000072002411,0.2337000072002411,0,0,yfinance,2026-07-10T06:58:17.136516+00:00
2026-05-29 11:30:00+00:00,ADA-USD,15m,0.2337999939918518,0.2337999939918518,0.23319999873638153,0.23350000381469727,0,0,yfinance,2026-07-10T06:58:17.136516+00:00
2026-05-29 11:45:00+00:00,ADA-USD,15m,0.23350000381469727,0.23350000381469727,0.23240000009536743,0.23309999704360962,15712,15712,yfinance,2026-07-10T06:58:17.136516+00:00
2026-05-29 12:00:00+00:00,ADA-USD,15m,0.23319999873638153,0.23330000042915344,0.23229999840259552,0.23260000348091125,140000,140000,yfinance,2026-07-10T06:58:17.136516+00:00
2026-05-29 12:15:00+00:00,ADA-USD,15m,0.23229999840259552,0.23280000686645508,0.23229999840259552,0.23250000178813934,0,0,yfinance,2026-07-10T06:58:17.136516+00:00
2026-05-29 12:30:00+00:00,ADA-USD,15m,0.23250000178813934,0.23260000348091125,0.23160000145435333,0.23199999332427979,113184,113184,yfinance,2026-07-10T06:58:17.136516+00:00
2026-05-29 12:45:00+00:00,ADA-USD,15m,0.23199999332427979,0.23260000348091125,0.23160000145435333,0.2321999967098236,294656,294656,yfinance,2026-07-10T06:58:17.136516+00:00
2026-05-29 13:00:00+00:00,ADA-USD,15m,0.2320999950170517,0.2320999950170517,0.2312999963760376,0.23149999976158142,0,0,yfinance,2026-07-10T06:58:17.136516+00:00
2026-05-29 13:15:00+00:00,ADA-USD,15m,0.23149999976158142,0.2320999950170517,0.23149999976158142,0.2320999950170517,0,0,yfinance,2026-07-10T06:58:17.136516+00:00
2026-05-29 13:30:00+00:00,ADA-USD,15m,0.23199999332427979,0.23260000348091125,0.2312999963760376,0.23229999840259552,0,0,yfinance,2026-07-10T06:58:17.136516+00:00
2026-05-29 13:45:00+00:00,ADA-USD,15m,0.23229999840259552,0.23270000517368317,0.23190000653266907,0.23229999840259552,0,0,yfinance,2026-07-10T06:58:17.136516+00:00
2026-05-29 14:00:00+00:00,ADA-USD,15m,0.23240000009536743,0.23260000348091125,0.23190000653266907,0.23260000348091125,0,0,yfinance,2026-07-10T06:58:17.136516+00:00
2026-05-29 14:15:00+00:00,ADA-USD,15m,0.23250000178813934,0.23270000517368317,0.2296999990940094,0.23100000619888306,37920,37920,yfinance,2026-07-10T06:58:17.136516+00:00
2026-05-29 14:30:00+00:00,ADA-USD,15m,0.23100000619888306,0.2313999980688095,0.2296999990940094,0.23010000586509705,1323200,1323200,yfinance,2026-07-10T06:58:17.136516+00:00
2026-05-29 14:45:00+00:00,ADA-USD,15m,0.2298000007867813,0.23309999704360962,0.2298000007867813,0.23229999840259552,3705920,3705920,yfinance,2026-07-10T06:58:17.136516+00:00
2026-05-29 15:00:00+00:00,ADA-USD,15m,0.23229999840259552,0.23389999568462372,0.23190000653266907,0.23360000550746918,3621920,3621920,yfinance,2026-07-10T06:58:17.136516+00:00
2026-05-29 15:15:00+00:00,ADA-USD,15m,0.23360000550746918,0.23520000278949738,0.23309999704360962,0.23510000109672546,2433216,2433216,yfinance,2026-07-10T06:58:17.136516+00:00
2026-05-29 15:30:00+00:00,ADA-USD,15m,0.23510000109672546,0.2379000037908554,0.23510000109672546,0.23579999804496765,15838176,15838176,yfinance,2026-07-10T06:58:17.136516+00:00
2026-05-29 15:45:00+00:00,ADA-USD,15m,0.23579999804496765,0.23589999973773956,0.23499999940395355,0.23549999296665192,1710368,1710368,yfinance,2026-07-10T06:58:17.136516+00:00
2026-05-29 16:00:00+00:00,ADA-USD,15m,0.23549999296665192,0.23589999973773956,0.23520000278949738,0.23549999296665192,3812672,3812672,yfinance,2026-07-10T06:58:17.136516+00:00
2026-05-29 16:15:00+00:00,ADA-USD,15m,0.23559999465942383,0.23569999635219574,0.23330000042915344,0.23350000381469727,0,0,yfinance,2026-07-10T06:58:17.136516+00:00
2026-05-29 16:30:00+00:00,ADA-USD,15m,0.23350000381469727,0.23559999465942383,0.23350000381469727,0.2353000044822693,3244064,3244064,yfinance,2026-07-10T06:58:17.136516+00:00
2026-05-29 16:45:00+00:00,ADA-USD,15m,0.23520000278949738,0.2354000061750412,0.23469999432563782,0.23489999771118164,0,0,yfinance,2026-07-10T06:58:17.136516+00:00
2026-05-29 17:00:00+00:00,ADA-USD,15m,0.23499999940395355,0.2354000061750412,0.23399999737739563,0.2353000044822693,1348128,1348128,yfinance,2026-07-10T06:58:17.136516+00:00
2026-05-29 17:15:00+00:00,ADA-USD,15m,0.2353000044822693,0.23579999804496765,0.23499999940395355,0.2354000061750412,3842816,3842816,yfinance,2026-07-10T06:58:17.136516+00:00
2026-05-29 17:30:00+00:00,ADA-USD,15m,0.23549999296665192,0.23589999973773956,0.23520000278949738,0.23520000278949738,5145568,5145568,yfinance,2026-07-10T06:58:17.136516+00:00
2026-05-29 17:45:00+00:00,ADA-USD,15m,0.23520000278949738,0.23520000278949738,0.23420000076293945,0.23440000414848328,0,0,yfinance,2026-07-10T06:58:17.136516+00:00
2026-05-29 18:00:00+00:00,ADA-USD,15m,0.2345000058412552,0.2345999926328659,0.23399999737739563,0.23420000076293945,0,0,yfinance,2026-07-10T06:58:17.136516+00:00
2026-05-29 18:15:00+00:00,ADA-USD,15m,0.23420000076293945,0.23420000076293945,0.2329999953508377,0.2329999953508377,0,0,yfinance,2026-07-10T06:58:17.136516+00:00
2026-05-29 18:30:00+00:00,ADA-USD,15m,0.2329999953508377,0.23309999704360962,0.23229999840259552,0.23250000178813934,3006496,3006496,yfinance,2026-07-10T06:58:17.136516+00:00
2026-05-29 18:45:00+00:00,ADA-USD,15m,0.23229999840259552,0.23229999840259552,0.23090000450611115,0.23180000483989716,6297344,6297344,yfinance,2026-07-10T06:58:17.136516+00:00
2026-05-29 19:00:00+00:00,ADA-USD,15m,0.23190000653266907,0.23229999840259552,0.23119999468326569,0.23119999468326569,1308864,1308864,yfinance,2026-07-10T06:58:17.136516+00:00
2026-05-29 19:15:00+00:00,ADA-USD,15m,0.23109999299049377,0.23149999976158142,0.2303999960422516,0.2313999980688095,443712,443712,yfinance,2026-07-10T06:58:17.136516+00:00
2026-05-29 19:30:00+00:00,ADA-USD,15m,0.23149999976158142,0.23319999873638153,0.23149999976158142,0.23280000686645508,2196864,2196864,yfinance,2026-07-10T06:58:17.136516+00:00
2026-05-29 19:45:00+00:00,ADA-USD,15m,0.23280000686645508,0.23280000686645508,0.23229999840259552,0.23250000178813934,0,0,yfinance,2026-07-10T06:58:17.136516+00:00
2026-05-29 20:00:00+00:00,ADA-USD,15m,0.23250000178813934,0.23309999704360962,0.23240000009536743,0.23280000686645508,0,0,yfinance,2026-07-10T06:58:17.136516+00:00
2026-05-29 20:15:00+00:00,ADA-USD,15m,0.23260000348091125,0.23330000042915344,0.23240000009536743,0.2329999953508377,0,0,yfinance,2026-07-10T06:58:17.136516+00:00
2026-05-29 20:30:00+00:00,ADA-USD,15m,0.23309999704360962,0.23319999873638153,0.2328999936580658,0.23309999704360962,151232,151232,yfinance,2026-07-10T06:58:17.136516+00:00
2026-05-29 20:45:00+00:00,ADA-USD,15m,0.23309999704360962,0.23330000042915344,0.2321999967098236,0.23260000348091125,477440,477440,yfinance,2026-07-10T06:58:17.136516+00:00
2026-05-29 21:00:00+00:00,ADA-USD,15m,0.23270000517368317,0.23340000212192535,0.23240000009536743,0.23330000042915344,48384,48384,yfinance,2026-07-10T06:58:17.136516+00:00
2026-05-29 21:15:00+00:00,ADA-USD,15m,0.23319999873638153,0.23330000042915344,0.23240000009536743,0.23240000009536743,1128512,1128512,yfinance,2026-07-10T06:58:17.136516+00:00
2026-05-29 21:30:00+00:00,ADA-USD,15m,0.23240000009536743,0.2337000072002411,0.2321999967098236,0.23350000381469727,950560,950560,yfinance,2026-07-10T06:58:17.136516+00:00
2026-05-29 21:45:00+00:00,ADA-USD,15m,0.23350000381469727,0.23360000550746918,0.23190000653266907,0.23190000653266907,257632,257632,yfinance,2026-07-10T06:58:17.136516+00:00
2026-05-29 22:00:00+00:00,ADA-USD,15m,0.23199999332427979,0.23250000178813934,0.23180000483989716,0.23229999840259552,40128,40128,yfinance,2026-07-10T06:58:17.136516+00:00
2026-05-29 22:15:00+00:00,ADA-USD,15m,0.23240000009536743,0.23319999873638153,0.23229999840259552,0.2329999953508377,93408,93408,yfinance,2026-07-10T06:58:17.136516+00:00
2026-05-29 22:30:00+00:00,ADA-USD,15m,0.2329999953508377,0.23309999704360962,0.23270000517368317,0.2328999936580658,0,0,yfinance,2026-07-10T06:58:17.136516+00:00
2026-05-29 22:45:00+00:00,ADA-USD,15m,0.2329999953508377,0.23309999704360962,0.23250000178813934,0.23270000517368317,227616,227616,yfinance,2026-07-10T06:58:17.136516+00:00
2026-05-29 23:00:00+00:00,ADA-USD,15m,0.23270000517368317,0.23340000212192535,0.23149999976158142,0.23199999332427979,1793216,1793216,yfinance,2026-07-10T06:58:17.136516+00:00
2026-05-29 23:15:00+00:00,ADA-USD,15m,0.23190000653266907,0.23240000009536743,0.23149999976158142,0.23170000314712524,7270240,7270240,yfinance,2026-07-10T06:58:17.136516+00:00
2026-05-29 23:30:00+00:00,ADA-USD,15m,0.23170000314712524,0.23229999840259552,0.23170000314712524,0.23229999840259552,1292512,1292512,yfinance,2026-07-10T06:58:17.136516+00:00
2026-05-29 23:45:00+00:00,ADA-USD,15m,0.2321999967098236,0.23280000686645508,0.23199999332427979,0.23260000348091125,1089344,1089344,yfinance,2026-07-10T06:58:17.136516+00:00
2026-05-30 00:00:00+00:00,ADA-USD,15m,0.23270000517368317,0.23319999873638153,0.2321999967098236,0.23309999704360962,2402912,2402912,yfinance,2026-07-10T06:58:17.136516+00:00
2026-05-30 00:15:00+00:00,ADA-USD,15m,0.23319999873638153,0.23360000550746918,0.23319999873638153,0.23340000212192535,868768,868768,yfinance,2026-07-10T06:58:17.136516+00:00
2026-05-30 00:30:00+00:00,ADA-USD,15m,0.23360000550746918,0.2345999926328659,0.23330000042915344,0.23440000414848328,1834688,1834688,yfinance,2026-07-10T06:58:17.136516+00:00
2026-05-30 00:45:00+00:00,ADA-USD,15m,0.2345000058412552,0.23510000109672546,0.23440000414848328,0.23479999601840973,3504928,3504928,yfinance,2026-07-10T06:58:17.136516+00:00
2026-05-30 01:00:00+00:00,ADA-USD,15m,0.23479999601840973,0.2354000061750412,0.23440000414848328,0.23520000278949738,6388672,6388672,yfinance,2026-07-10T06:58:17.136516+00:00
2026-05-30 01:15:00+00:00,ADA-USD,15m,0.23520000278949738,0.2362000048160553,0.23510000109672546,0.23589999973773956,1211104,1211104,yfinance,2026-07-10T06:58:17.136516+00:00
2026-05-30 01:30:00+00:00,ADA-USD,15m,0.23579999804496765,0.23659999668598175,0.23549999296665192,0.2363000065088272,6426624,6426624,yfinance,2026-07-10T06:58:17.136516+00:00
2026-05-30 01:45:00+00:00,ADA-USD,15m,0.23649999499320984,0.23749999701976776,0.23649999499320984,0.23739999532699585,2798048,2798048,yfinance,2026-07-10T06:58:17.136516+00:00
2026-05-30 02:00:00+00:00,ADA-USD,15m,0.23739999532699585,0.23839999735355377,0.23720000684261322,0.23810000717639923,8623104,8623104,yfinance,2026-07-10T06:58:17.136516+00:00
2026-05-30 02:15:00+00:00,ADA-USD,15m,0.23800000548362732,0.23839999735355377,0.23759999871253967,0.23759999871253967,3024512,3024512,yfinance,2026-07-10T06:58:17.136516+00:00
2026-05-30 02:30:00+00:00,ADA-USD,15m,0.23759999871253967,0.23810000717639923,0.23690000176429749,0.23729999363422394,4334944,4334944,yfinance,2026-07-10T06:58:17.136516+00:00
2026-05-30 02:45:00+00:00,ADA-USD,15m,0.23739999532699585,0.23829999566078186,0.23729999363422394,0.23819999396800995,3594304,3594304,yfinance,2026-07-10T06:58:17.136516+00:00
2026-05-30 03:00:00+00:00,ADA-USD,15m,0.23819999396800995,0.23899999260902405,0.23819999396800995,0.23839999735355377,6617888,6617888,yfinance,2026-07-10T06:58:17.136516+00:00
2026-05-30 03:15:00+00:00,ADA-USD,15m,0.23829999566078186,0.23829999566078186,0.23690000176429749,0.23720000684261322,2972416,2972416,yfinance,2026-07-10T06:58:17.136516+00:00
2026-05-30 03:30:00+00:00,ADA-USD,15m,0.2371000051498413,0.23720000684261322,0.23600000143051147,0.23600000143051147,4021216,4021216,yfinance,2026-07-10T06:58:17.136516+00:00
2026-05-30 03:45:00+00:00,ADA-USD,15m,0.23589999973773956,0.23649999499320984,0.23589999973773956,0.2362000048160553,1392160,1392160,yfinance,2026-07-10T06:58:17.136516+00:00
2026-05-30 04:00:00+00:00,ADA-USD,15m,0.2362000048160553,0.23680000007152557,0.23549999296665192,0.2362000048160553,3703072,3703072,yfinance,2026-07-10T06:58:17.136516+00:00
2026-05-30 04:15:00+00:00,ADA-USD,15m,0.2362000048160553,0.2362000048160553,0.23389999568462372,0.2345000058412552,3637760,3637760,yfinance,2026-07-10T06:58:17.136516+00:00
2026-05-30 04:30:00+00:00,ADA-USD,15m,0.23420000076293945,0.23430000245571136,0.23350000381469727,0.23420000076293945,7982016,7982016,yfinance,2026-07-10T06:58:17.136516+00:00
2026-05-30 04:45:00+00:00,ADA-USD,15m,0.23420000076293945,0.23489999771118164,0.23409999907016754,0.23469999432563782,2728576,2728576,yfinance,2026-07-10T06:58:17.136516+00:00
2026-05-30 05:00:00+00:00,ADA-USD,15m,0.2345999926328659,0.2354000061750412,0.23430000245571136,0.23520000278949738,7272992,7272992,yfinance,2026-07-10T06:58:17.136516+00:00
2026-05-30 05:15:00+00:00,ADA-USD,15m,0.2353000044822693,0.2353000044822693,0.23469999432563782,0.23469999432563782,1120096,1120096,yfinance,2026-07-10T06:58:17.136516+00:00
2026-05-30 05:30:00+00:00,ADA-USD,15m,0.23469999432563782,0.23520000278949738,0.2345999926328659,0.23510000109672546,1176576,1176576,yfinance,2026-07-10T06:58:17.136516+00:00
2026-05-30 05:45:00+00:00,ADA-USD,15m,0.23510000109672546,0.23549999296665192,0.23499999940395355,0.2354000061750412,499008,499008,yfinance,2026-07-10T06:58:17.136516+00:00
2026-05-30 06:00:00+00:00,ADA-USD,15m,0.2354000061750412,0.2354000061750412,0.23489999771118164,0.23489999771118164,0,0,yfinance,2026-07-10T06:58:17.136516+00:00
2026-05-30 06:15:00+00:00,ADA-USD,15m,0.23489999771118164,0.23549999296665192,0.23479999601840973,0.23549999296665192,0,0,yfinance,2026-07-10T06:58:17.136516+00:00
2026-05-30 06:30:00+00:00,ADA-USD,15m,0.23559999465942383,0.23589999973773956,0.2354000061750412,0.23549999296665192,753888,753888,yfinance,2026-07-10T06:58:17.136516+00:00
2026-05-30 06:45:00+00:00,ADA-USD,15m,0.23549999296665192,0.23559999465942383,0.23489999771118164,0.23499999940395355,94560,94560,yfinance,2026-07-10T06:58:17.136516+00:00
2026-05-30 07:00:00+00:00,ADA-USD,15m,0.23499999940395355,0.23499999940395355,0.2345000058412552,0.23479999601840973,203232,203232,yfinance,2026-07-10T06:58:17.136516+00:00
2026-05-30 07:15:00+00:00,ADA-USD,15m,0.23479999601840973,0.23520000278949738,0.23479999601840973,0.23499999940395355,374304,374304,yfinance,2026-07-10T06:58:17.136516+00:00
2026-05-30 07:30:00+00:00,ADA-USD,15m,0.23489999771118164,0.23510000109672546,0.23440000414848328,0.2345000058412552,0,0,yfinance,2026-07-10T06:58:17.136516+00:00
2026-05-30 07:45:00+00:00,ADA-USD,15m,0.23440000414848328,0.23499999940395355,0.23430000245571136,0.23499999940395355,0,0,yfinance,2026-07-10T06:58:17.136516+00:00
2026-05-30 08:00:00+00:00,ADA-USD,15m,0.23499999940395355,0.23520000278949738,0.23489999771118164,0.23499999940395355,103008,103008,yfinance,2026-07-10T06:58:17.136516+00:00
2026-05-30 08:15:00+00:00,ADA-USD,15m,0.23510000109672546,0.23510000109672546,0.23479999601840973,0.23489999771118164,0,0,yfinance,2026-07-10T06:58:17.136516+00:00
2026-05-30 08:30:00+00:00,ADA-USD,15m,0.23489999771118164,0.23489999771118164,0.2345000058412552,0.2345000058412552,188256,188256,yfinance,2026-07-10T06:58:17.136516+00:00
2026-05-30 08:45:00+00:00,ADA-USD,15m,0.23440000414848328,0.2345000058412552,0.23389999568462372,0.23389999568462372,959104,959104,yfinance,2026-07-10T06:58:17.136516+00:00
2026-05-30 09:00:00+00:00,ADA-USD,15m,0.23389999568462372,0.2345999926328659,0.2337000072002411,0.2345999926328659,775648,775648,yfinance,2026-07-10T06:58:17.136516+00:00
2026-05-30 09:15:00+00:00,ADA-USD,15m,0.2345999926328659,0.23489999771118164,0.23440000414848328,0.23489999771118164,245824,245824,yfinance,2026-07-10T06:58:17.136516+00:00
2026-05-30 09:30:00+00:00,ADA-USD,15m,0.23489999771118164,0.23499999940395355,0.2345000058412552,0.2345999926328659,291680,291680,yfinance,2026-07-10T06:58:17.136516+00:00
2026-05-30 09:45:00+00:00,ADA-USD,15m,0.2345999926328659,0.2353000044822693,0.2345999926328659,0.23489999771118164,201568,201568,yfinance,2026-07-10T06:58:17.136516+00:00
2026-05-30 10:00:00+00:00,ADA-USD,15m,0.23489999771118164,0.23510000109672546,0.23479999601840973,0.23479999601840973,0,0,yfinance,2026-07-10T06:58:17.136516+00:00
2026-05-30 10:15:00+00:00,ADA-USD,15m,0.23479999601840973,0.2353000044822693,0.2345999926328659,0.2345999926328659,840608,840608,yfinance,2026-07-10T06:58:17.136516+00:00
2026-05-30 10:30:00+00:00,ADA-USD,15m,0.2345999926328659,0.23499999940395355,0.2345000058412552,0.23489999771118164,375744,375744,yfinance,2026-07-10T06:58:17.136516+00:00
2026-05-30 10:45:00+00:00,ADA-USD,15m,0.23510000109672546,0.23510000109672546,0.23430000245571136,0.2345999926328659,631712,631712,yfinance,2026-07-10T06:58:17.136516+00:00
2026-05-30 11:00:00+00:00,ADA-USD,15m,0.2345000058412552,0.23479999601840973,0.23420000076293945,0.23430000245571136,626208,626208,yfinance,2026-07-10T06:58:17.136516+00:00
2026-05-30 11:15:00+00:00,ADA-USD,15m,0.23430000245571136,0.23440000414848328,0.23399999737739563,0.23440000414848328,376672,376672,yfinance,2026-07-10T06:58:17.136516+00:00
2026-05-30 11:30:00+00:00,ADA-USD,15m,0.23440000414848328,0.23499999940395355,0.23440000414848328,0.23489999771118164,71648,71648,yfinance,2026-07-10T06:58:17.136516+00:00
2026-05-30 11:45:00+00:00,ADA-USD,15m,0.23499999940395355,0.23520000278949738,0.23469999432563782,0.23499999940395355,136320,136320,yfinance,2026-07-10T06:58:17.136516+00:00
2026-05-30 12:00:00+00:00,ADA-USD,15m,0.23489999771118164,0.23499999940395355,0.23469999432563782,0.23479999601840973,0,0,yfinance,2026-07-10T06:58:17.136516+00:00
2026-05-30 12:15:00+00:00,ADA-USD,15m,0.23479999601840973,0.23520000278949738,0.23479999601840973,0.23499999940395355,32256,32256,yfinance,2026-07-10T06:58:17.136516+00:00
2026-05-30 12:30:00+00:00,ADA-USD,15m,0.23489999771118164,0.23520000278949738,0.23469999432563782,0.23479999601840973,0,0,yfinance,2026-07-10T06:58:17.136516+00:00
2026-05-30 12:45:00+00:00,ADA-USD,15m,0.23479999601840973,0.23510000109672546,0.2345999926328659,0.23510000109672546,0,0,yfinance,2026-07-10T06:58:17.136516+00:00
2026-05-30 13:00:00+00:00,ADA-USD,15m,0.23510000109672546,0.23549999296665192,0.23499999940395355,0.2353000044822693,0,0,yfinance,2026-07-10T06:58:17.136516+00:00
2026-05-30 13:15:00+00:00,ADA-USD,15m,0.2353000044822693,0.23569999635219574,0.23520000278949738,0.23549999296665192,562368,562368,yfinance,2026-07-10T06:58:17.136516+00:00
2026-05-30 13:30:00+00:00,ADA-USD,15m,0.23549999296665192,0.23549999296665192,0.23469999432563782,0.23510000109672546,121792,121792,yfinance,2026-07-10T06:58:17.136516+00:00
2026-05-30 13:45:00+00:00,ADA-USD,15m,0.23520000278949738,0.23559999465942383,0.23499999940395355,0.23559999465942383,1113760,1113760,yfinance,2026-07-10T06:58:17.136516+00:00
2026-05-30 14:00:00+00:00,ADA-USD,15m,0.23559999465942383,0.2361000031232834,0.2354000061750412,0.23549999296665192,597696,597696,yfinance,2026-07-10T06:58:17.136516+00:00
2026-05-30 14:15:00+00:00,ADA-USD,15m,0.23549999296665192,0.23600000143051147,0.2353000044822693,0.23600000143051147,433248,433248,yfinance,2026-07-10T06:58:17.136516+00:00
2026-05-30 14:30:00+00:00,ADA-USD,15m,0.2361000031232834,0.23639999330043793,0.23569999635219574,0.23579999804496765,128640,128640,yfinance,2026-07-10T06:58:17.136516+00:00
2026-05-30 14:45:00+00:00,ADA-USD,15m,0.23569999635219574,0.23589999973773956,0.23549999296665192,0.23589999973773956,0,0,yfinance,2026-07-10T06:58:17.136516+00:00
2026-05-30 15:00:00+00:00,ADA-USD,15m,0.23589999973773956,0.23669999837875366,0.23579999804496765,0.23669999837875366,0,0,yfinance,2026-07-10T06:58:17.136516+00:00
2026-05-30 15:15:00+00:00,ADA-USD,15m,0.23659999668598175,0.23659999668598175,0.23579999804496765,0.23639999330043793,105472,105472,yfinance,2026-07-10T06:58:17.136516+00:00
2026-05-30 15:30:00+00:00,ADA-USD,15m,0.23639999330043793,0.23639999330043793,0.23589999973773956,0.23600000143051147,0,0,yfinance,2026-07-10T06:58:17.136516+00:00
2026-05-30 15:45:00+00:00,ADA-USD,15m,0.23600000143051147,0.23649999499320984,0.23600000143051147,0.2361000031232834,0,0,yfinance,2026-07-10T06:58:17.136516+00:00
2026-05-30 16:00:00+00:00,ADA-USD,15m,0.2362000048160553,0.23680000007152557,0.23579999804496765,0.23669999837875366,0,0,yfinance,2026-07-10T06:58:17.136516+00:00
2026-05-30 16:15:00+00:00,ADA-USD,15m,0.23659999668598175,0.23680000007152557,0.23569999635219574,0.2361000031232834,0,0,yfinance,2026-07-10T06:58:17.136516+00:00
2026-05-30 16:30:00+00:00,ADA-USD,15m,0.2361000031232834,0.23659999668598175,0.2361000031232834,0.2363000065088272,0,0,yfinance,2026-07-10T06:58:17.136516+00:00
2026-05-30 16:45:00+00:00,ADA-USD,15m,0.2363000065088272,0.23649999499320984,0.2361000031232834,0.23649999499320984,0,0,yfinance,2026-07-10T06:58:17.136516+00:00
2026-05-30 17:00:00+00:00,ADA-USD,15m,0.23659999668598175,0.2370000034570694,0.2363000065088272,0.2363000065088272,0,0,yfinance,2026-07-10T06:58:17.136516+00:00
2026-05-30 17:15:00+00:00,ADA-USD,15m,0.23639999330043793,0.23659999668598175,0.2361000031232834,0.2361000031232834,0,0,yfinance,2026-07-10T06:58:17.136516+00:00
2026-05-30 17:30:00+00:00,ADA-USD,15m,0.23600000143051147,0.2361000031232834,0.23549999296665192,0.2361000031232834,0,0,yfinance,2026-07-10T06:58:17.136516+00:00
2026-05-30 17:45:00+00:00,ADA-USD,15m,0.2361000031232834,0.23690000176429749,0.2361000031232834,0.23690000176429749,0,0,yfinance,2026-07-10T06:58:17.136516+00:00
2026-05-30 18:00:00+00:00,ADA-USD,15m,0.23690000176429749,0.2371000051498413,0.23649999499320984,0.23649999499320984,0,0,yfinance,2026-07-10T06:58:17.136516+00:00
2026-05-30 18:15:00+00:00,ADA-USD,15m,0.23669999837875366,0.2370000034570694,0.23639999330043793,0.23649999499320984,249632,249632,yfinance,2026-07-10T06:58:17.136516+00:00
2026-05-30 18:30:00+00:00,ADA-USD,15m,0.23649999499320984,0.2371000051498413,0.23639999330043793,0.2371000051498413,0,0,yfinance,2026-07-10T06:58:17.136516+00:00
2026-05-30 18:45:00+00:00,ADA-USD,15m,0.23729999363422394,0.23749999701976776,0.23690000176429749,0.23749999701976776,0,0,yfinance,2026-07-10T06:58:17.136516+00:00
2026-05-30 19:00:00+00:00,ADA-USD,15m,0.23749999701976776,0.23749999701976776,0.23669999837875366,0.23690000176429749,0,0,yfinance,2026-07-10T06:58:17.136516+00:00
2026-05-30 19:15:00+00:00,ADA-USD,15m,0.2370000034570694,0.23729999363422394,0.23659999668598175,0.23669999837875366,0,0,yfinance,2026-07-10T06:58:17.136516+00:00
2026-05-30 19:30:00+00:00,ADA-USD,15m,0.23659999668598175,0.2370000034570694,0.23649999499320984,0.2370000034570694,138048,138048,yfinance,2026-07-10T06:58:17.136516+00:00
2026-05-30 19:45:00+00:00,ADA-USD,15m,0.2370000034570694,0.23729999363422394,0.23690000176429749,0.23690000176429749,941312,941312,yfinance,2026-07-10T06:58:17.136516+00:00
2026-05-30 20:00:00+00:00,ADA-USD,15m,0.2370000034570694,0.23720000684261322,0.23669999837875366,0.23669999837875366,2860736,2860736,yfinance,2026-07-10T06:58:17.136516+00:00
2026-05-30 20:15:00+00:00,ADA-USD,15m,0.23669999837875366,0.23690000176429749,0.23669999837875366,0.23680000007152557,983744,983744,yfinance,2026-07-10T06:58:17.136516+00:00
2026-05-30 20:30:00+00:00,ADA-USD,15m,0.23680000007152557,0.2371000051498413,0.23659999668598175,0.23690000176429749,687712,687712,yfinance,2026-07-10T06:58:17.136516+00:00
2026-05-30 20:45:00+00:00,ADA-USD,15m,0.23690000176429749,0.23739999532699585,0.23690000176429749,0.23739999532699585,174528,174528,yfinance,2026-07-10T06:58:17.136516+00:00
2026-05-30 21:00:00+00:00,ADA-USD,15m,0.23749999701976776,0.2379000037908554,0.23729999363422394,0.23759999871253967,1407328,1407328,yfinance,2026-07-10T06:58:17.136516+00:00
2026-05-30 21:15:00+00:00,ADA-USD,15m,0.23759999871253967,0.2378000020980835,0.23749999701976776,0.2378000020980835,597024,597024,yfinance,2026-07-10T06:58:17.136516+00:00
2026-05-30 21:30:00+00:00,ADA-USD,15m,0.2378000020980835,0.23819999396800995,0.23770000040531158,0.23800000548362732,117216,117216,yfinance,2026-07-10T06:58:17.136516+00:00
2026-05-30 21:45:00+00:00,ADA-USD,15m,0.2379000037908554,0.23800000548362732,0.23720000684261322,0.23720000684261322,891392,891392,yfinance,2026-07-10T06:58:17.136516+00:00
2026-05-30 22:00:00+00:00,ADA-USD,15m,0.23720000684261322,0.23720000684261322,0.23559999465942383,0.2363000065088272,3700704,3700704,yfinance,2026-07-10T06:58:17.136516+00:00
2026-05-30 22:15:00+00:00,ADA-USD,15m,0.2363000065088272,0.23639999330043793,0.23549999296665192,0.23579999804496765,382624,382624,yfinance,2026-07-10T06:58:17.136516+00:00
2026-05-30 22:30:00+00:00,ADA-USD,15m,0.23589999973773956,0.23600000143051147,0.2353000044822693,0.2354000061750412,815520,815520,yfinance,2026-07-10T06:58:17.136516+00:00
2026-05-30 22:45:00+00:00,ADA-USD,15m,0.2354000061750412,0.23579999804496765,0.2353000044822693,0.23569999635219574,659808,659808,yfinance,2026-07-10T06:58:17.136516+00:00
2026-05-30 23:00:00+00:00,ADA-USD,15m,0.23569999635219574,0.2362000048160553,0.2354000061750412,0.23549999296665192,843296,843296,yfinance,2026-07-10T06:58:17.136516+00:00
2026-05-30 23:15:00+00:00,ADA-USD,15m,0.23549999296665192,0.23589999973773956,0.2353000044822693,0.23559999465942383,0,0,yfinance,2026-07-10T06:58:17.136516+00:00
2026-05-30 23:30:00+00:00,ADA-USD,15m,0.2354000061750412,0.23549999296665192,0.23499999940395355,0.23510000109672546,0,0,yfinance,2026-07-10T06:58:17.136516+00:00
2026-05-30 23:45:00+00:00,ADA-USD,15m,0.23510000109672546,0.23559999465942383,0.23510000109672546,0.23549999296665192,41984,41984,yfinance,2026-07-10T06:58:17.136516+00:00
2026-05-31 00:00:00+00:00,ADA-USD,15m,0.23569999635219574,0.23589999973773956,0.2353000044822693,0.23569999635219574,0,0,yfinance,2026-07-10T06:58:17.136516+00:00
2026-05-31 00:15:00+00:00,ADA-USD,15m,0.23569999635219574,0.2363000065088272,0.23569999635219574,0.23589999973773956,786272,786272,yfinance,2026-07-10T06:58:17.136516+00:00
2026-05-31 00:30:00+00:00,ADA-USD,15m,0.23589999973773956,0.2362000048160553,0.23569999635219574,0.23600000143051147,630080,630080,yfinance,2026-07-10T06:58:17.136516+00:00
2026-05-31 00:45:00+00:00,ADA-USD,15m,0.2361000031232834,0.23639999330043793,0.23589999973773956,0.23639999330043793,0,0,yfinance,2026-07-10T06:58:17.136516+00:00
2026-05-31 01:00:00+00:00,ADA-USD,15m,0.23649999499320984,0.23669999837875366,0.2361000031232834,0.2363000065088272,0,0,yfinance,2026-07-10T06:58:17.136516+00:00
2026-05-31 01:15:00+00:00,ADA-USD,15m,0.2363000065088272,0.23680000007152557,0.2363000065088272,0.23639999330043793,266880,266880,yfinance,2026-07-10T06:58:17.136516+00:00
2026-05-31 01:30:00+00:00,ADA-USD,15m,0.23649999499320984,0.2370000034570694,0.2363000065088272,0.23639999330043793,0,0,yfinance,2026-07-10T06:58:17.136516+00:00
2026-05-31 01:45:00+00:00,ADA-USD,15m,0.23639999330043793,0.23680000007152557,0.2363000065088272,0.23649999499320984,0,0,yfinance,2026-07-10T06:58:17.136516+00:00
2026-05-31 02:00:00+00:00,ADA-USD,15m,0.23639999330043793,0.23729999363422394,0.23639999330043793,0.23720000684261322,0,0,yfinance,2026-07-10T06:58:17.136516+00:00
2026-05-31 02:15:00+00:00,ADA-USD,15m,0.23739999532699585,0.23770000040531158,0.23659999668598175,0.23659999668598175,10016,10016,yfinance,2026-07-10T06:58:17.136516+00:00
2026-05-31 02:30:00+00:00,ADA-USD,15m,0.23659999668598175,0.23669999837875366,0.2363000065088272,0.23649999499320984,0,0,yfinance,2026-07-10T06:58:17.136516+00:00
2026-05-31 02:45:00+00:00,ADA-USD,15m,0.23649999499320984,0.2371000051498413,0.23639999330043793,0.2370000034570694,0,0,yfinance,2026-07-10T06:58:17.136516+00:00
2026-05-31 03:00:00+00:00,ADA-USD,15m,0.2371000051498413,0.23729999363422394,0.2371000051498413,0.2371000051498413,55008,55008,yfinance,2026-07-10T06:58:17.136516+00:00
2026-05-31 03:15:00+00:00,ADA-USD,15m,0.23729999363422394,0.2379000037908554,0.2371000051498413,0.2379000037908554,0,0,yfinance,2026-07-10T06:58:17.136516+00:00
2026-05-31 03:30:00+00:00,ADA-USD,15m,0.23800000548362732,0.23810000717639923,0.23749999701976776,0.2378000020980835,0,0,yfinance,2026-07-10T06:58:17.136516+00:00
2026-05-31 03:45:00+00:00,ADA-USD,15m,0.23770000040531158,0.23800000548362732,0.23749999701976776,0.23770000040531158,0,0,yfinance,2026-07-10T06:58:17.136516+00:00
2026-05-31 04:00:00+00:00,ADA-USD,15m,0.23759999871253967,0.2379000037908554,0.23739999532699585,0.23749999701976776,0,0,yfinance,2026-07-10T06:58:17.136516+00:00
2026-05-31 04:15:00+00:00,ADA-USD,15m,0.23749999701976776,0.2379000037908554,0.23749999701976776,0.23770000040531158,0,0,yfinance,2026-07-10T06:58:17.136516+00:00
2026-05-31 04:30:00+00:00,ADA-USD,15m,0.23770000040531158,0.23810000717639923,0.23759999871253967,0.2378000020980835,0,0,yfinance,2026-07-10T06:58:17.136516+00:00
2026-05-31 04:45:00+00:00,ADA-USD,15m,0.2379000037908554,0.23839999735355377,0.2378000020980835,0.23819999396800995,0,0,yfinance,2026-07-10T06:58:17.136516+00:00
2026-05-31 05:00:00+00:00,ADA-USD,15m,0.23819999396800995,0.23819999396800995,0.23770000040531158,0.23770000040531158,0,0,yfinance,2026-07-10T06:58:17.136516+00:00
2026-05-31 05:15:00+00:00,ADA-USD,15m,0.23770000040531158,0.23810000717639923,0.23770000040531158,0.2379000037908554,0,0,yfinance,2026-07-10T06:58:17.136516+00:00
2026-05-31 05:30:00+00:00,ADA-USD,15m,0.2379000037908554,0.23819999396800995,0.23759999871253967,0.23759999871253967,0,0,yfinance,2026-07-10T06:58:17.136516+00:00
2026-05-31 05:45:00+00:00,ADA-USD,15m,0.23759999871253967,0.23759999871253967,0.23720000684261322,0.23739999532699585,63040,63040,yfinance,2026-07-10T06:58:17.136516+00:00
2026-05-31 06:00:00+00:00,ADA-USD,15m,0.23739999532699585,0.23739999532699585,0.2370000034570694,0.23720000684261322,195824,195824,yfinance,2026-07-10T06:58:17.136516+00:00
2026-05-31 06:15:00+00:00,ADA-USD,15m,0.23720000684261322,0.23729999363422394,0.2370000034570694,0.23720000684261322,0,0,yfinance,2026-07-10T06:58:17.136516+00:00
2026-05-31 06:30:00+00:00,ADA-USD,15m,0.23720000684261322,0.23749999701976776,0.23720000684261322,0.23720000684261322,0,0,yfinance,2026-07-10T06:58:17.136516+00:00
2026-05-31 06:45:00+00:00,ADA-USD,15m,0.23739999532699585,0.2378000020980835,0.23729999363422394,0.23749999701976776,219232,219232,yfinance,2026-07-10T06:58:17.136516+00:00
2026-05-31 07:00:00+00:00,ADA-USD,15m,0.23739999532699585,0.23739999532699585,0.23649999499320984,0.23690000176429749,98032,98032,yfinance,2026-07-10T06:58:17.136516+00:00
2026-05-31 07:15:00+00:00,ADA-USD,15m,0.23690000176429749,0.2370000034570694,0.2361000031232834,0.23649999499320984,168560,168560,yfinance,2026-07-10T06:58:17.136516+00:00
2026-05-31 07:30:00+00:00,ADA-USD,15m,0.23639999330043793,0.23649999499320984,0.23589999973773956,0.2361000031232834,230272,230272,yfinance,2026-07-10T06:58:17.136516+00:00
2026-05-31 07:45:00+00:00,ADA-USD,15m,0.2361000031232834,0.23649999499320984,0.2361000031232834,0.23649999499320984,368528,368528,yfinance,2026-07-10T06:58:17.136516+00:00
2026-05-31 08:00:00+00:00,ADA-USD,15m,0.23649999499320984,0.23729999363422394,0.23639999330043793,0.23680000007152557,911936,911936,yfinance,2026-07-10T06:58:17.136516+00:00
2026-05-31 08:15:00+00:00,ADA-USD,15m,0.23680000007152557,0.23729999363422394,0.23680000007152557,0.23690000176429749,106080,106080,yfinance,2026-07-10T06:58:17.136516+00:00
2026-05-31 08:30:00+00:00,ADA-USD,15m,0.23690000176429749,0.23690000176429749,0.23649999499320984,0.23659999668598175,687200,687200,yfinance,2026-07-10T06:58:17.136516+00:00
2026-05-31 08:45:00+00:00,ADA-USD,15m,0.23669999837875366,0.2370000034570694,0.2363000065088272,0.23680000007152557,0,0,yfinance,2026-07-10T06:58:17.136516+00:00
2026-05-31 09:00:00+00:00,ADA-USD,15m,0.23680000007152557,0.23680000007152557,0.2363000065088272,0.23649999499320984,0,0,yfinance,2026-07-10T06:58:17.136516+00:00
2026-05-31 09:15:00+00:00,ADA-USD,15m,0.2363000065088272,0.2371000051498413,0.2363000065088272,0.2370000034570694,355664,355664,yfinance,2026-07-10T06:58:17.136516+00:00
2026-05-31 09:30:00+00:00,ADA-USD,15m,0.2370000034570694,0.23770000040531158,0.2370000034570694,0.23749999701976776,719440,719440,yfinance,2026-07-10T06:58:17.136516+00:00
2026-05-31 09:45:00+00:00,ADA-USD,15m,0.23749999701976776,0.2378000020980835,0.23659999668598175,0.23690000176429749,718672,718672,yfinance,2026-07-10T06:58:17.136516+00:00
2026-05-31 10:00:00+00:00,ADA-USD,15m,0.23680000007152557,0.23690000176429749,0.2363000065088272,0.2363000065088272,1377648,1377648,yfinance,2026-07-10T06:58:17.136516+00:00
2026-05-31 10:15:00+00:00,ADA-USD,15m,0.2363000065088272,0.2363000065088272,0.2353000044822693,0.23589999973773956,1031648,1031648,yfinance,2026-07-10T06:58:17.136516+00:00
2026-05-31 10:30:00+00:00,ADA-USD,15m,0.23589999973773956,0.2362000048160553,0.23579999804496765,0.23600000143051147,468928,468928,yfinance,2026-07-10T06:58:17.136516+00:00
2026-05-31 10:45:00+00:00,ADA-USD,15m,0.23600000143051147,0.23680000007152557,0.23579999804496765,0.23680000007152557,0,0,yfinance,2026-07-10T06:58:17.136516+00:00
2026-05-31 11:00:00+00:00,ADA-USD,15m,0.23680000007152557,0.2371000051498413,0.23680000007152557,0.23690000176429749,0,0,yfinance,2026-07-10T06:58:17.136516+00:00
2026-05-31 11:15:00+00:00,ADA-USD,15m,0.23690000176429749,0.2370000034570694,0.23639999330043793,0.23690000176429749,136944,136944,yfinance,2026-07-10T06:58:17.136516+00:00
2026-05-31 11:30:00+00:00,ADA-USD,15m,0.23690000176429749,0.2371000051498413,0.23659999668598175,0.23690000176429749,152144,152144,yfinance,2026-07-10T06:58:17.136516+00:00
2026-05-31 11:45:00+00:00,ADA-USD,15m,0.23690000176429749,0.23690000176429749,0.23639999330043793,0.23680000007152557,57376,57376,yfinance,2026-07-10T06:58:17.136516+00:00
2026-05-31 12:00:00+00:00,ADA-USD,15m,0.23680000007152557,0.23680000007152557,0.2361000031232834,0.23649999499320984,0,0,yfinance,2026-07-10T06:58:17.136516+00:00
2026-05-31 12:15:00+00:00,ADA-USD,15m,0.23659999668598175,0.23729999363422394,0.23659999668598175,0.23729999363422394,698224,698224,yfinance,2026-07-10T06:58:17.136516+00:00
2026-05-31 12:30:00+00:00,ADA-USD,15m,0.23720000684261322,0.23749999701976776,0.23720000684261322,0.23749999701976776,0,0,yfinance,2026-07-10T06:58:17.136516+00:00
2026-05-31 12:45:00+00:00,ADA-USD,15m,0.23749999701976776,0.2378000020980835,0.23729999363422394,0.23739999532699585,248336,248336,yfinance,2026-07-10T06:58:17.136516+00:00
2026-05-31 13:00:00+00:00,ADA-USD,15m,0.23739999532699585,0.23739999532699585,0.23680000007152557,0.2371000051498413,187040,187040,yfinance,2026-07-10T06:58:17.136516+00:00
2026-05-31 13:15:00+00:00,ADA-USD,15m,0.2371000051498413,0.23759999871253967,0.2371000051498413,0.23739999532699585,424256,424256,yfinance,2026-07-10T06:58:17.136516+00:00
2026-05-31 13:30:00+00:00,ADA-USD,15m,0.23739999532699585,0.23739999532699585,0.23669999837875366,0.23669999837875366,251184,251184,yfinance,2026-07-10T06:58:17.136516+00:00
2026-05-31 13:45:00+00:00,ADA-USD,15m,0.23669999837875366,0.23690000176429749,0.23639999330043793,0.23649999499320984,238192,238192,yfinance,2026-07-10T06:58:17.136516+00:00
2026-05-31 14:00:00+00:00,ADA-USD,15m,0.23649999499320984,0.23659999668598175,0.23520000278949738,0.23520000278949738,0,0,yfinance,2026-07-10T06:58:17.136516+00:00
2026-05-31 14:15:00+00:00,ADA-USD,15m,0.2353000044822693,0.23569999635219574,0.23350000381469727,0.23409999907016754,9463392,9463392,yfinance,2026-07-10T06:58:17.136516+00:00
2026-05-31 14:30:00+00:00,ADA-USD,15m,0.23389999568462372,0.2345999926328659,0.23360000550746918,0.2337000072002411,5514720,5514720,yfinance,2026-07-10T06:58:17.136516+00:00
2026-05-31 14:45:00+00:00,ADA-USD,15m,0.2337999939918518,0.23420000076293945,0.23350000381469727,0.2337000072002411,3594688,3594688,yfinance,2026-07-10T06:58:17.136516+00:00
2026-05-31 15:00:00+00:00,ADA-USD,15m,0.23360000550746918,0.23399999737739563,0.23350000381469727,0.23389999568462372,3826560,3826560,yfinance,2026-07-10T06:58:17.136516+00:00
2026-05-31 15:15:00+00:00,ADA-USD,15m,0.23389999568462372,0.23469999432563782,0.23350000381469727,0.2345000058412552,2021696,2021696,yfinance,2026-07-10T06:58:17.136516+00:00
2026-05-31 15:30:00+00:00,ADA-USD,15m,0.23430000245571136,0.2345999926328659,0.2337000072002411,0.23389999568462372,200800,200800,yfinance,2026-07-10T06:58:17.136516+00:00
2026-05-31 15:45:00+00:00,ADA-USD,15m,0.23389999568462372,0.23409999907016754,0.23340000212192535,0.23350000381469727,733472,733472,yfinance,2026-07-10T06:58:17.136516+00:00
2026-05-31 16:00:00+00:00,ADA-USD,15m,0.23350000381469727,0.23389999568462372,0.2329999953508377,0.2329999953508377,1138144,1138144,yfinance,2026-07-10T06:58:17.136516+00:00
2026-05-31 16:15:00+00:00,ADA-USD,15m,0.23309999704360962,0.23360000550746918,0.23260000348091125,0.2329999953508377,987936,987936,yfinance,2026-07-10T06:58:17.136516+00:00
2026-05-31 16:30:00+00:00,ADA-USD,15m,0.23309999704360962,0.23309999704360962,0.2320999950170517,0.23260000348091125,2548640,2548640,yfinance,2026-07-10T06:58:17.136516+00:00
2026-05-31 16:45:00+00:00,ADA-USD,15m,0.23260000348091125,0.23280000686645508,0.2321999967098236,0.23260000348091125,1978656,1978656,yfinance,2026-07-10T06:58:17.136516+00:00
2026-05-31 17:00:00+00:00,ADA-USD,15m,0.23260000348091125,0.2329999953508377,0.23180000483989716,0.2320999950170517,2611648,2611648,yfinance,2026-07-10T06:58:17.136516+00:00
2026-05-31 17:15:00+00:00,ADA-USD,15m,0.2321999967098236,0.23270000517368317,0.2321999967098236,0.23250000178813934,1967744,1967744,yfinance,2026-07-10T06:58:17.136516+00:00
2026-05-31 17:30:00+00:00,ADA-USD,15m,0.23250000178813934,0.23319999873638153,0.23250000178813934,0.2329999953508377,452640,452640,yfinance,2026-07-10T06:58:17.136516+00:00
2026-05-31 17:45:00+00:00,ADA-USD,15m,0.2329999953508377,0.23319999873638153,0.2328999936580658,0.23309999704360962,0,0,yfinance,2026-07-10T06:58:17.136516+00:00
2026-05-31 18:00:00+00:00,ADA-USD,15m,0.2329999953508377,0.23309999704360962,0.23250000178813934,0.23280000686645508,255968,255968,yfinance,2026-07-10T06:58:17.136516+00:00
2026-05-31 18:15:00+00:00,ADA-USD,15m,0.23270000517368317,0.23280000686645508,0.23229999840259552,0.23250000178813934,607136,607136,yfinance,2026-07-10T06:58:17.136516+00:00
2026-05-31 18:30:00+00:00,ADA-USD,15m,0.23250000178813934,0.23309999704360962,0.23250000178813934,0.23280000686645508,111680,111680,yfinance,2026-07-10T06:58:17.136516+00:00
2026-05-31 18:45:00+00:00,ADA-USD,15m,0.23280000686645508,0.2329999953508377,0.23260000348091125,0.2328999936580658,0,0,yfinance,2026-07-10T06:58:17.136516+00:00
2026-05-31 19:00:00+00:00,ADA-USD,15m,0.2328999936580658,0.23309999704360962,0.2320999950170517,0.2320999950170517,0,0,yfinance,2026-07-10T06:58:17.136516+00:00
2026-05-31 19:15:00+00:00,ADA-USD,15m,0.2320999950170517,0.23250000178813934,0.23190000653266907,0.23229999840259552,54176,54176,yfinance,2026-07-10T06:58:17.136516+00:00
2026-05-31 19:30:00+00:00,ADA-USD,15m,0.23229999840259552,0.23270000517368317,0.23160000145435333,0.23270000517368317,207872,207872,yfinance,2026-07-10T06:58:17.136516+00:00
2026-05-31 19:45:00+00:00,ADA-USD,15m,0.23270000517368317,0.23270000517368317,0.23250000178813934,0.23260000348091125,0,0,yfinance,2026-07-10T06:58:17.136516+00:00
2026-05-31 20:00:00+00:00,ADA-USD,15m,0.23260000348091125,0.23340000212192535,0.23260000348091125,0.23309999704360962,91424,91424,yfinance,2026-07-10T06:58:17.136516+00:00
2026-05-31 20:15:00+00:00,ADA-USD,15m,0.23309999704360962,0.23350000381469727,0.2329999953508377,0.23340000212192535,543872,543872,yfinance,2026-07-10T06:58:17.136516+00:00
2026-05-31 20:30:00+00:00,ADA-USD,15m,0.23330000042915344,0.23340000212192535,0.23309999704360962,0.23309999704360962,0,0,yfinance,2026-07-10T06:58:17.136516+00:00
2026-05-31 20:45:00+00:00,ADA-USD,15m,0.23319999873638153,0.2337999939918518,0.23319999873638153,0.23360000550746918,121632,121632,yfinance,2026-07-10T06:58:17.136516+00:00
2026-05-31 21:00:00+00:00,ADA-USD,15m,0.23360000550746918,0.2337000072002411,0.23340000212192535,0.23360000550746918,0,0,yfinance,2026-07-10T06:58:17.136516+00:00
2026-05-31 21:15:00+00:00,ADA-USD,15m,0.2337000072002411,0.23430000245571136,0.23360000550746918,0.23360000550746918,475904,475904,yfinance,2026-07-10T06:58:17.136516+00:00
2026-05-31 21:30:00+00:00,ADA-USD,15m,0.2337999939918518,0.23420000076293945,0.23360000550746918,0.23420000076293945,0,0,yfinance,2026-07-10T06:58:17.136516+00:00
2026-05-31 21:45:00+00:00,ADA-USD,15m,0.23420000076293945,0.23510000109672546,0.23409999907016754,0.2345999926328659,470976,470976,yfinance,2026-07-10T06:58:17.136516+00:00
2026-05-31 22:00:00+00:00,ADA-USD,15m,0.23469999432563782,0.23520000278949738,0.23399999737739563,0.23499999940395355,0,0,yfinance,2026-07-10T06:58:17.136516+00:00
2026-05-31 22:15:00+00:00,ADA-USD,15m,0.2353000044822693,0.23549999296665192,0.23469999432563782,0.23499999940395355,585824,585824,yfinance,2026-07-10T06:58:17.136516+00:00
2026-05-31 22:30:00+00:00,ADA-USD,15m,0.23510000109672546,0.23559999465942383,0.23499999940395355,0.23520000278949738,219456,219456,yfinance,2026-07-10T06:58:17.136516+00:00
2026-05-31 22:45:00+00:00,ADA-USD,15m,0.2353000044822693,0.23569999635219574,0.23520000278949738,0.23549999296665192,192608,192608,yfinance,2026-07-10T06:58:17.136516+00:00
2026-05-31 23:00:00+00:00,ADA-USD,15m,0.23559999465942383,0.23659999668598175,0.23549999296665192,0.23559999465942383,1057952,1057952,yfinance,2026-07-10T06:58:17.136516+00:00
2026-05-31 23:15:00+00:00,ADA-USD,15m,0.23559999465942383,0.23589999973773956,0.23479999601840973,0.23489999771118164,103616,103616,yfinance,2026-07-10T06:58:17.136516+00:00
2026-05-31 23:30:00+00:00,ADA-USD,15m,0.23479999601840973,0.23510000109672546,0.23409999907016754,0.23440000414848328,4509632,4509632,yfinance,2026-07-10T06:58:17.136516+00:00
2026-05-31 23:45:00+00:00,ADA-USD,15m,0.2345000058412552,0.23549999296665192,0.23440000414848328,0.2353000044822693,1174624,1174624,yfinance,2026-07-10T06:58:17.136516+00:00
2026-06-01 00:00:00+00:00,ADA-USD,15m,0.2354000061750412,0.2363000065088272,0.2353000044822693,0.23579999804496765,2309824,2309824,yfinance,2026-07-10T06:58:17.136516+00:00
2026-06-01 00:15:00+00:00,ADA-USD,15m,0.23589999973773956,0.2363000065088272,0.23520000278949738,0.2362000048160553,1911360,1911360,yfinance,2026-07-10T06:58:17.136516+00:00
2026-06-01 00:30:00+00:00,ADA-USD,15m,0.2363000065088272,0.23669999837875366,0.23589999973773956,0.23659999668598175,285632,285632,yfinance,2026-07-10T06:58:17.136516+00:00
2026-06-01 00:45:00+00:00,ADA-USD,15m,0.23659999668598175,0.2371000051498413,0.23639999330043793,0.23639999330043793,1172896,1172896,yfinance,2026-07-10T06:58:17.136516+00:00
2026-06-01 01:00:00+00:00,ADA-USD,15m,0.23649999499320984,0.23649999499320984,0.2354000061750412,0.2354000061750412,760224,760224,yfinance,2026-07-10T06:58:17.136516+00:00
2026-06-01 01:15:00+00:00,ADA-USD,15m,0.2354000061750412,0.23549999296665192,0.2345000058412552,0.2345999926328659,1123584,1123584,yfinance,2026-07-10T06:58:17.136516+00:00
2026-06-01 01:30:00+00:00,ADA-USD,15m,0.2345000058412552,0.23489999771118164,0.2337999939918518,0.2337999939918518,1333760,1333760,yfinance,2026-07-10T06:58:17.136516+00:00
2026-06-01 01:45:00+00:00,ADA-USD,15m,0.2337999939918518,0.2345000058412552,0.2329999953508377,0.23309999704360962,1659552,1659552,yfinance,2026-07-10T06:58:17.136516+00:00
2026-06-01 02:00:00+00:00,ADA-USD,15m,0.2328999936580658,0.2345999926328659,0.23250000178813934,0.23440000414848328,2066752,2066752,yfinance,2026-07-10T06:58:17.136516+00:00
2026-06-01 02:15:00+00:00,ADA-USD,15m,0.23440000414848328,0.23469999432563782,0.23399999737739563,0.23469999432563782,525568,525568,yfinance,2026-07-10T06:58:17.136516+00:00
2026-06-01 02:30:00+00:00,ADA-USD,15m,0.23469999432563782,0.23649999499320984,0.23440000414848328,0.23600000143051147,765824,765824,yfinance,2026-07-10T06:58:17.136516+00:00
2026-06-01 02:45:00+00:00,ADA-USD,15m,0.2361000031232834,0.23639999330043793,0.23579999804496765,0.23600000143051147,1880800,1880800,yfinance,2026-07-10T06:58:17.136516+00:00
2026-06-01 03:00:00+00:00,ADA-USD,15m,0.23600000143051147,0.2371000051498413,0.23600000143051147,0.23639999330043793,2351360,2351360,yfinance,2026-07-10T06:58:17.136516+00:00
2026-06-01 03:15:00+00:00,ADA-USD,15m,0.23639999330043793,0.23680000007152557,0.23589999973773956,0.23669999837875366,543008,543008,yfinance,2026-07-10T06:58:17.136516+00:00
2026-06-01 03:30:00+00:00,ADA-USD,15m,0.23690000176429749,0.2371000051498413,0.2362000048160553,0.23649999499320984,588736,588736,yfinance,2026-07-10T06:58:17.136516+00:00
2026-06-01 03:45:00+00:00,ADA-USD,15m,0.23659999668598175,0.23680000007152557,0.23600000143051147,0.23639999330043793,488448,488448,yfinance,2026-07-10T06:58:17.136516+00:00
2026-06-01 04:00:00+00:00,ADA-USD,15m,0.23639999330043793,0.23739999532699585,0.2354000061750412,0.23579999804496765,2221984,2221984,yfinance,2026-07-10T06:58:17.136516+00:00
2026-06-01 04:15:00+00:00,ADA-USD,15m,0.23579999804496765,0.23600000143051147,0.2345000058412552,0.2345000058412552,912864,912864,yfinance,2026-07-10T06:58:17.136516+00:00
2026-06-01 04:30:00+00:00,ADA-USD,15m,0.2345000058412552,0.23469999432563782,0.23420000076293945,0.23440000414848328,1117760,1117760,yfinance,2026-07-10T06:58:17.136516+00:00
2026-06-01 04:45:00+00:00,ADA-USD,15m,0.23440000414848328,0.23440000414848328,0.2329999953508377,0.23409999907016754,1879136,1879136,yfinance,2026-07-10T06:58:17.136516+00:00
2026-06-01 05:00:00+00:00,ADA-USD,15m,0.23399999737739563,0.23430000245571136,0.2337000072002411,0.23389999568462372,1911456,1911456,yfinance,2026-07-10T06:58:17.136516+00:00
2026-06-01 05:15:00+00:00,ADA-USD,15m,0.23409999907016754,0.2345000058412552,0.23340000212192535,0.23350000381469727,3680256,3680256,yfinance,2026-07-10T06:58:17.136516+00:00
2026-06-01 05:30:00+00:00,ADA-USD,15m,0.23360000550746918,0.23409999907016754,0.23309999704360962,0.23409999907016754,2655104,2655104,yfinance,2026-07-10T06:58:17.136516+00:00
2026-06-01 05:45:00+00:00,ADA-USD,15m,0.23409999907016754,0.2345999926328659,0.23360000550746918,0.2337000072002411,542080,542080,yfinance,2026-07-10T06:58:17.136516+00:00
2026-06-01 06:00:00+00:00,ADA-USD,15m,0.2337000072002411,0.23399999737739563,0.23280000686645508,0.23319999873638153,1381632,1381632,yfinance,2026-07-10T06:58:17.136516+00:00
2026-06-01 06:15:00+00:00,ADA-USD,15m,0.23319999873638153,0.23330000042915344,0.23240000009536743,0.23260000348091125,1654240,1654240,yfinance,2026-07-10T06:58:17.136516+00:00
2026-06-01 06:30:00+00:00,ADA-USD,15m,0.23250000178813934,0.23270000517368317,0.23180000483989716,0.23199999332427979,1884608,1884608,yfinance,2026-07-10T06:58:17.136516+00:00
2026-06-01 06:45:00+00:00,ADA-USD,15m,0.23190000653266907,0.2328999936580658,0.23170000314712524,0.23270000517368317,2852128,2852128,yfinance,2026-07-10T06:58:17.136516+00:00
2026-06-01 07:00:00+00:00,ADA-USD,15m,0.23270000517368317,0.2328999936580658,0.2321999967098236,0.23260000348091125,905632,905632,yfinance,2026-07-10T06:58:17.136516+00:00
2026-06-01 07:15:00+00:00,ADA-USD,15m,0.23270000517368317,0.23270000517368317,0.2320999950170517,0.2320999950170517,718176,718176,yfinance,2026-07-10T06:58:17.136516+00:00
2026-06-01 07:30:00+00:00,ADA-USD,15m,0.23199999332427979,0.23229999840259552,0.2312999963760376,0.23160000145435333,1873280,1873280,yfinance,2026-07-10T06:58:17.136516+00:00
2026-06-01 07:45:00+00:00,ADA-USD,15m,0.23149999976158142,0.23170000314712524,0.2303999960422516,0.23070000112056732,9732160,9732160,yfinance,2026-07-10T06:58:17.136516+00:00
2026-06-01 08:00:00+00:00,ADA-USD,15m,0.23070000112056732,0.23149999976158142,0.23029999434947968,0.23090000450611115,4118304,4118304,yfinance,2026-07-10T06:58:17.136516+00:00
2026-06-01 08:15:00+00:00,ADA-USD,15m,0.23080000281333923,0.2312999963760376,0.2303999960422516,0.23070000112056732,2558880,2558880,yfinance,2026-07-10T06:58:17.136516+00:00
2026-06-01 08:30:00+00:00,ADA-USD,15m,0.23070000112056732,0.2313999980688095,0.23010000586509705,0.23070000112056732,3372096,3372096,yfinance,2026-07-10T06:58:17.136516+00:00
2026-06-01 08:45:00+00:00,ADA-USD,15m,0.23080000281333923,0.2312999963760376,0.23070000112056732,0.23100000619888306,1917024,1917024,yfinance,2026-07-10T06:58:17.136516+00:00
2026-06-01 09:00:00+00:00,ADA-USD,15m,0.23100000619888306,0.23180000483989716,0.23100000619888306,0.23160000145435333,2733920,2733920,yfinance,2026-07-10T06:58:17.136516+00:00
2026-06-01 09:15:00+00:00,ADA-USD,15m,0.23160000145435333,0.2320999950170517,0.2313999980688095,0.23149999976158142,615040,615040,yfinance,2026-07-10T06:58:17.136516+00:00
2026-06-01 09:30:00+00:00,ADA-USD,15m,0.2312999963760376,0.23149999976158142,0.23100000619888306,0.2313999980688095,1725184,1725184,yfinance,2026-07-10T06:58:17.136516+00:00
2026-06-01 09:45:00+00:00,ADA-USD,15m,0.2313999980688095,0.23190000653266907,0.23100000619888306,0.2313999980688095,2982496,2982496,yfinance,2026-07-10T06:58:17.136516+00:00
2026-06-01 10:00:00+00:00,ADA-USD,15m,0.23149999976158142,0.23160000145435333,0.23070000112056732,0.23070000112056732,2794208,2794208,yfinance,2026-07-10T06:58:17.136516+00:00
2026-06-01 10:15:00+00:00,ADA-USD,15m,0.23070000112056732,0.23109999299049377,0.2305999994277954,0.23080000281333923,209600,209600,yfinance,2026-07-10T06:58:17.136516+00:00
2026-06-01 10:30:00+00:00,ADA-USD,15m,0.23090000450611115,0.23119999468326569,0.2303999960422516,0.23090000450611115,1343136,1343136,yfinance,2026-07-10T06:58:17.136516+00:00
2026-06-01 10:45:00+00:00,ADA-USD,15m,0.23090000450611115,0.2313999980688095,0.23090000450611115,0.23100000619888306,2671648,2671648,yfinance,2026-07-10T06:58:17.136516+00:00
2026-06-01 11:00:00+00:00,ADA-USD,15m,0.23109999299049377,0.23170000314712524,0.23109999299049377,0.2312999963760376,1673344,1673344,yfinance,2026-07-10T06:58:17.136516+00:00
2026-06-01 11:15:00+00:00,ADA-USD,15m,0.2313999980688095,0.23180000483989716,0.23119999468326569,0.2313999980688095,1154496,1154496,yfinance,2026-07-10T06:58:17.136516+00:00
2026-06-01 11:30:00+00:00,ADA-USD,15m,0.2313999980688095,0.23149999976158142,0.23119999468326569,0.23119999468326569,3187168,3187168,yfinance,2026-07-10T06:58:17.136516+00:00
2026-06-01 11:45:00+00:00,ADA-USD,15m,0.2312999963760376,0.2313999980688095,0.22930000722408295,0.23000000417232513,8861632,8861632,yfinance,2026-07-10T06:58:17.136516+00:00
2026-06-01 12:00:00+00:00,ADA-USD,15m,0.23019999265670776,0.23090000450611115,0.2290000021457672,0.2298000007867813,14119744,14119744,yfinance,2026-07-10T06:58:17.136516+00:00
2026-06-01 12:15:00+00:00,ADA-USD,15m,0.2298000007867813,0.23090000450611115,0.2298000007867813,0.23080000281333923,6300992,6300992,yfinance,2026-07-10T06:58:17.136516+00:00
2026-06-01 12:30:00+00:00,ADA-USD,15m,0.23080000281333923,0.23119999468326569,0.2304999977350235,0.23119999468326569,3138304,3138304,yfinance,2026-07-10T06:58:17.136516+00:00
2026-06-01 12:45:00+00:00,ADA-USD,15m,0.2312999963760376,0.2312999963760376,0.23029999434947968,0.23029999434947968,1470688,1470688,yfinance,2026-07-10T06:58:17.136516+00:00
2026-06-01 13:00:00+00:00,ADA-USD,15m,0.23029999434947968,0.2304999977350235,0.22830000519752502,0.22910000383853912,3672928,3672928,yfinance,2026-07-10T06:58:17.136516+00:00
2026-06-01 13:15:00+00:00,ADA-USD,15m,0.22910000383853912,0.23010000586509705,0.2287999987602234,0.2290000021457672,7661760,7661760,yfinance,2026-07-10T06:58:17.136516+00:00
2026-06-01 13:30:00+00:00,ADA-USD,15m,0.22930000722408295,0.23000000417232513,0.2287999987602234,0.2290000021457672,5900768,5900768,yfinance,2026-07-10T06:58:17.136516+00:00
2026-06-01 13:45:00+00:00,ADA-USD,15m,0.22910000383853912,0.22949999570846558,0.22709999978542328,0.22849999368190765,6126112,6126112,yfinance,2026-07-10T06:58:17.136516+00:00
2026-06-01 14:00:00+00:00,ADA-USD,15m,0.2281000018119812,0.2289000004529953,0.2272000014781952,0.22759999334812164,18888064,18888064,yfinance,2026-07-10T06:58:17.136516+00:00
2026-06-01 14:15:00+00:00,ADA-USD,15m,0.2273000031709671,0.22779999673366547,0.22679999470710754,0.22689999639987946,0,0,yfinance,2026-07-10T06:58:17.136516+00:00
2026-06-01 14:30:00+00:00,ADA-USD,15m,0.22699999809265137,0.2273000031709671,0.226500004529953,0.2272000014781952,1745792,1745792,yfinance,2026-07-10T06:58:17.136516+00:00
2026-06-01 14:45:00+00:00,ADA-USD,15m,0.22709999978542328,0.22759999334812164,0.22660000622272491,0.22709999978542328,455520,455520,yfinance,2026-07-10T06:58:17.136516+00:00
2026-06-01 15:00:00+00:00,ADA-USD,15m,0.2272000014781952,0.22779999673366547,0.22699999809265137,0.2272000014781952,45216,45216,yfinance,2026-07-10T06:58:17.136516+00:00
2026-06-01 15:15:00+00:00,ADA-USD,15m,0.22709999978542328,0.22709999978542328,0.22509999573230743,0.22540000081062317,4855200,4855200,yfinance,2026-07-10T06:58:17.136516+00:00
2026-06-01 15:30:00+00:00,ADA-USD,15m,0.22540000081062317,0.22769999504089355,0.22540000081062317,0.22709999978542328,8931456,8931456,yfinance,2026-07-10T06:58:17.136516+00:00
2026-06-01 15:45:00+00:00,ADA-USD,15m,0.22709999978542328,0.2273000031709671,0.226500004529953,0.22669999301433563,843392,843392,yfinance,2026-07-10T06:58:17.136516+00:00
2026-06-01 16:00:00+00:00,ADA-USD,15m,0.22669999301433563,0.22699999809265137,0.22599999606609344,0.22669999301433563,4001760,4001760,yfinance,2026-07-10T06:58:17.136516+00:00
2026-06-01 16:15:00+00:00,ADA-USD,15m,0.22669999301433563,0.2280000001192093,0.22660000622272491,0.2280000001192093,1388416,1388416,yfinance,2026-07-10T06:58:17.136516+00:00
2026-06-01 16:30:00+00:00,ADA-USD,15m,0.2281000018119812,0.22849999368190765,0.22769999504089355,0.22849999368190765,1097312,1097312,yfinance,2026-07-10T06:58:17.136516+00:00
2026-06-01 16:45:00+00:00,ADA-USD,15m,0.22849999368190765,0.2303999960422516,0.22849999368190765,0.23010000586509705,2160480,2160480,yfinance,2026-07-10T06:58:17.136516+00:00
2026-06-01 17:00:00+00:00,ADA-USD,15m,0.23019999265670776,0.23090000450611115,0.2295999974012375,0.23029999434947968,4205632,4205632,yfinance,2026-07-10T06:58:17.136516+00:00
2026-06-01 17:15:00+00:00,ADA-USD,15m,0.23029999434947968,0.2305999994277954,0.2296999990940094,0.2304999977350235,580544,580544,yfinance,2026-07-10T06:58:17.136516+00:00
2026-06-01 17:30:00+00:00,ADA-USD,15m,0.2305999994277954,0.23149999976158142,0.23010000586509705,0.2312999963760376,3061536,3061536,yfinance,2026-07-10T06:58:17.136516+00:00
2026-06-01 17:45:00+00:00,ADA-USD,15m,0.23149999976158142,0.23149999976158142,0.23080000281333923,0.23080000281333923,7964960,7964960,yfinance,2026-07-10T06:58:17.136516+00:00
2026-06-01 18:00:00+00:00,ADA-USD,15m,0.23070000112056732,0.23090000450611115,0.22990000247955322,0.22990000247955322,1409408,1409408,yfinance,2026-07-10T06:58:17.136516+00:00
2026-06-01 18:15:00+00:00,ADA-USD,15m,0.23000000417232513,0.23100000619888306,0.22990000247955322,0.23100000619888306,170336,170336,yfinance,2026-07-10T06:58:17.136516+00:00
2026-06-01 18:30:00+00:00,ADA-USD,15m,0.23109999299049377,0.23160000145435333,0.23100000619888306,0.23100000619888306,1699904,1699904,yfinance,2026-07-10T06:58:17.136516+00:00
2026-06-01 18:45:00+00:00,ADA-USD,15m,0.23090000450611115,0.23100000619888306,0.23010000586509705,0.23019999265670776,777504,777504,yfinance,2026-07-10T06:58:17.136516+00:00
2026-06-01 19:00:00+00:00,ADA-USD,15m,0.23019999265670776,0.23019999265670776,0.2296999990940094,0.23010000586509705,520928,520928,yfinance,2026-07-10T06:58:17.136516+00:00
2026-06-01 19:15:00+00:00,ADA-USD,15m,0.23010000586509705,0.23109999299049377,0.22990000247955322,0.23100000619888306,1423648,1423648,yfinance,2026-07-10T06:58:17.136516+00:00
2026-06-01 19:30:00+00:00,ADA-USD,15m,0.23100000619888306,0.23160000145435333,0.23090000450611115,0.23149999976158142,1175776,1175776,yfinance,2026-07-10T06:58:17.136516+00:00
2026-06-01 19:45:00+00:00,ADA-USD,15m,0.2313999980688095,0.23160000145435333,0.23100000619888306,0.23119999468326569,1399776,1399776,yfinance,2026-07-10T06:58:17.136516+00:00
2026-06-01 20:00:00+00:00,ADA-USD,15m,0.23119999468326569,0.2312999963760376,0.23010000586509705,0.2304999977350235,0,0,yfinance,2026-07-10T06:58:17.136516+00:00
2026-06-01 20:15:00+00:00,ADA-USD,15m,0.2304999977350235,0.23080000281333923,0.23000000417232513,0.2304999977350235,0,0,yfinance,2026-07-10T06:58:17.136516+00:00
2026-06-01 20:30:00+00:00,ADA-USD,15m,0.2304999977350235,0.23109999299049377,0.23029999434947968,0.23109999299049377,397664,397664,yfinance,2026-07-10T06:58:17.136516+00:00
2026-06-01 20:45:00+00:00,ADA-USD,15m,0.23109999299049377,0.23119999468326569,0.2303999960422516,0.2305999994277954,226080,226080,yfinance,2026-07-10T06:58:17.136516+00:00
2026-06-01 21:00:00+00:00,ADA-USD,15m,0.23070000112056732,0.23070000112056732,0.22930000722408295,0.2295999974012375,545664,545664,yfinance,2026-07-10T06:58:17.136516+00:00
2026-06-01 21:15:00+00:00,ADA-USD,15m,0.2296999990940094,0.23000000417232513,0.2287999987602234,0.2296999990940094,1290880,1290880,yfinance,2026-07-10T06:58:17.136516+00:00
2026-06-01 21:30:00+00:00,ADA-USD,15m,0.2298000007867813,0.23000000417232513,0.22939999401569366,0.22939999401569366,1093344,1093344,yfinance,2026-07-10T06:58:17.136516+00:00
2026-06-01 21:45:00+00:00,ADA-USD,15m,0.22949999570846558,0.2298000007867813,0.22910000383853912,0.22920000553131104,0,0,yfinance,2026-07-10T06:58:17.136516+00:00
2026-06-01 22:00:00+00:00,ADA-USD,15m,0.22910000383853912,0.22910000383853912,0.2281000018119812,0.22869999706745148,978880,978880,yfinance,2026-07-10T06:58:17.136516+00:00
2026-06-01 22:15:00+00:00,ADA-USD,15m,0.22859999537467957,0.22990000247955322,0.22859999537467957,0.2298000007867813,1372480,1372480,yfinance,2026-07-10T06:58:17.136516+00:00
2026-06-01 22:30:00+00:00,ADA-USD,15m,0.2298000007867813,0.23000000417232513,0.22869999706745148,0.22910000383853912,279648,279648,yfinance,2026-07-10T06:58:17.136516+00:00
2026-06-01 22:45:00+00:00,ADA-USD,15m,0.22910000383853912,0.2305999994277954,0.2287999987602234,0.2304999977350235,3918048,3918048,yfinance,2026-07-10T06:58:17.136516+00:00
2026-06-01 23:00:00+00:00,ADA-USD,15m,0.2304999977350235,0.2312999963760376,0.2303999960422516,0.23080000281333923,157984,157984,yfinance,2026-07-10T06:58:17.136516+00:00
2026-06-01 23:15:00+00:00,ADA-USD,15m,0.2305999994277954,0.2313999980688095,0.2298000007867813,0.2298000007867813,942400,942400,yfinance,2026-07-10T06:58:17.136516+00:00
2026-06-01 23:30:00+00:00,ADA-USD,15m,0.23000000417232513,0.23119999468326569,0.22990000247955322,0.23080000281333923,0,0,yfinance,2026-07-10T06:58:17.136516+00:00
2026-06-01 23:45:00+00:00,ADA-USD,15m,0.23100000619888306,0.23100000619888306,0.23029999434947968,0.23080000281333923,366944,366944,yfinance,2026-07-10T06:58:17.136516+00:00
2026-06-02 00:00:00+00:00,ADA-USD,15m,0.23080000281333923,0.23100000619888306,0.23029999434947968,0.23029999434947968,0,0,yfinance,2026-07-10T06:58:17.136516+00:00
2026-06-02 00:15:00+00:00,ADA-USD,15m,0.2303999960422516,0.2303999960422516,0.22949999570846558,0.2296999990940094,0,0,yfinance,2026-07-10T06:58:17.136516+00:00
2026-06-02 00:30:00+00:00,ADA-USD,15m,0.2298000007867813,0.23019999265670776,0.22920000553131104,0.22949999570846558,0,0,yfinance,2026-07-10T06:58:17.136516+00:00
2026-06-02 00:45:00+00:00,ADA-USD,15m,0.22949999570846558,0.2296999990940094,0.22930000722408295,0.22939999401569366,186144,186144,yfinance,2026-07-10T06:58:17.136516+00:00
2026-06-02 01:00:00+00:00,ADA-USD,15m,0.22939999401569366,0.2295999974012375,0.2287999987602234,0.22930000722408295,98720,98720,yfinance,2026-07-10T06:58:17.136516+00:00
2026-06-02 01:15:00+00:00,ADA-USD,15m,0.22939999401569366,0.22939999401569366,0.22830000519752502,0.22830000519752502,370752,370752,yfinance,2026-07-10T06:58:17.136516+00:00
2026-06-02 01:30:00+00:00,ADA-USD,15m,0.22830000519752502,0.22830000519752502,0.22689999639987946,0.22789999842643738,1004128,1004128,yfinance,2026-07-10T06:58:17.136516+00:00
2026-06-02 01:45:00+00:00,ADA-USD,15m,0.22789999842643738,0.22789999842643738,0.22689999639987946,0.22689999639987946,1246400,1246400,yfinance,2026-07-10T06:58:17.136516+00:00
2026-06-02 02:00:00+00:00,ADA-USD,15m,0.22699999809265137,0.2272000014781952,0.22429999709129333,0.22529999911785126,5671520,5671520,yfinance,2026-07-10T06:58:17.136516+00:00
2026-06-02 02:15:00+00:00,ADA-USD,15m,0.22540000081062317,0.22709999978542328,0.22509999573230743,0.22689999639987946,5693696,5693696,yfinance,2026-07-10T06:58:17.136516+00:00
2026-06-02 02:30:00+00:00,ADA-USD,15m,0.22689999639987946,0.2272000014781952,0.22589999437332153,0.22589999437332153,3633568,3633568,yfinance,2026-07-10T06:58:17.136516+00:00
2026-06-02 02:45:00+00:00,ADA-USD,15m,0.22589999437332153,0.22759999334812164,0.22589999437332153,0.22750000655651093,1405728,1405728,yfinance,2026-07-10T06:58:17.136516+00:00
2026-06-02 03:00:00+00:00,ADA-USD,15m,0.22779999673366547,0.22830000519752502,0.2273000031709671,0.22779999673366547,2322656,2322656,yfinance,2026-07-10T06:58:17.136516+00:00
2026-06-02 03:15:00+00:00,ADA-USD,15m,0.22779999673366547,0.2281000018119812,0.22699999809265137,0.227400004863739,269088,269088,yfinance,2026-07-10T06:58:17.136516+00:00
2026-06-02 03:30:00+00:00,ADA-USD,15m,0.2273000031709671,0.22750000655651093,0.22689999639987946,0.2273000031709671,177216,177216,yfinance,2026-07-10T06:58:17.136516+00:00
2026-06-02 03:45:00+00:00,ADA-USD,15m,0.2273000031709671,0.22779999673366547,0.22689999639987946,0.22769999504089355,950144,950144,yfinance,2026-07-10T06:58:17.136516+00:00
2026-06-02 04:00:00+00:00,ADA-USD,15m,0.22769999504089355,0.2282000035047531,0.22579999268054962,0.22599999606609344,750656,750656,yfinance,2026-07-10T06:58:17.136516+00:00
2026-06-02 04:15:00+00:00,ADA-USD,15m,0.22609999775886536,0.2273000031709671,0.22609999775886536,0.2272000014781952,745280,745280,yfinance,2026-07-10T06:58:17.136516+00:00
2026-06-02 04:30:00+00:00,ADA-USD,15m,0.22709999978542328,0.2272000014781952,0.22660000622272491,0.22669999301433563,142528,142528,yfinance,2026-07-10T06:58:17.136516+00:00
2026-06-02 04:45:00+00:00,ADA-USD,15m,0.226500004529953,0.226500004529953,0.22529999911785126,0.22550000250339508,0,0,yfinance,2026-07-10T06:58:17.136516+00:00
2026-06-02 05:00:00+00:00,ADA-USD,15m,0.22550000250339508,0.22619999945163727,0.2248000055551529,0.22619999945163727,417504,417504,yfinance,2026-07-10T06:58:17.136516+00:00
2026-06-02 05:15:00+00:00,ADA-USD,15m,0.22609999775886536,0.22609999775886536,0.22470000386238098,0.22470000386238098,148768,148768,yfinance,2026-07-10T06:58:17.136516+00:00
2026-06-02 05:30:00+00:00,ADA-USD,15m,0.22470000386238098,0.22519999742507935,0.22349999845027924,0.22439999878406525,1660288,1660288,yfinance,2026-07-10T06:58:17.136516+00:00
2026-06-02 05:45:00+00:00,ADA-USD,15m,0.22439999878406525,0.2248000055551529,0.2240000069141388,0.22419999539852142,6734016,6734016,yfinance,2026-07-10T06:58:17.136516+00:00
2026-06-02 06:00:00+00:00,ADA-USD,15m,0.22419999539852142,0.22439999878406525,0.22310000658035278,0.22360000014305115,3766976,3766976,yfinance,2026-07-10T06:58:17.136516+00:00
2026-06-02 06:15:00+00:00,ADA-USD,15m,0.22339999675750732,0.22419999539852142,0.22280000150203705,0.2240000069141388,8225088,8225088,yfinance,2026-07-10T06:58:17.136516+00:00
2026-06-02 06:30:00+00:00,ADA-USD,15m,0.2240999937057495,0.22439999878406525,0.22380000352859497,0.22380000352859497,1269152,1269152,yfinance,2026-07-10T06:58:17.136516+00:00
2026-06-02 06:45:00+00:00,ADA-USD,15m,0.22390000522136688,0.2240000069141388,0.22300000488758087,0.22349999845027924,2225088,2225088,yfinance,2026-07-10T06:58:17.136516+00:00
2026-06-02 07:00:00+00:00,ADA-USD,15m,0.22360000014305115,0.2240000069141388,0.2223999947309494,0.2240000069141388,5793952,5793952,yfinance,2026-07-10T06:58:17.136516+00:00
2026-06-02 07:15:00+00:00,ADA-USD,15m,0.2240000069141388,0.22460000216960907,0.22300000488758087,0.22339999675750732,2297312,2297312,yfinance,2026-07-10T06:58:17.136516+00:00
2026-06-02 07:30:00+00:00,ADA-USD,15m,0.2232999950647354,0.22439999878406525,0.2232999950647354,0.2240000069141388,248704,248704,yfinance,2026-07-10T06:58:17.136516+00:00
2026-06-02 07:45:00+00:00,ADA-USD,15m,0.22380000352859497,0.22419999539852142,0.22370000183582306,0.22370000183582306,0,0,yfinance,2026-07-10T06:58:17.136516+00:00
2026-06-02 08:00:00+00:00,ADA-USD,15m,0.22370000183582306,0.2240000069141388,0.22339999675750732,0.2240000069141388,0,0,yfinance,2026-07-10T06:58:17.136516+00:00
2026-06-02 08:15:00+00:00,ADA-USD,15m,0.22390000522136688,0.22419999539852142,0.22339999675750732,0.22390000522136688,248032,248032,yfinance,2026-07-10T06:58:17.136516+00:00
2026-06-02 08:30:00+00:00,ADA-USD,15m,0.22380000352859497,0.2240000069141388,0.22360000014305115,0.22370000183582306,0,0,yfinance,2026-07-10T06:58:17.136516+00:00
2026-06-02 08:45:00+00:00,ADA-USD,15m,0.22380000352859497,0.2240999937057495,0.22339999675750732,0.22370000183582306,272928,272928,yfinance,2026-07-10T06:58:17.136516+00:00
2026-06-02 09:00:00+00:00,ADA-USD,15m,0.22360000014305115,0.22380000352859497,0.22290000319480896,0.22300000488758087,1131072,1131072,yfinance,2026-07-10T06:58:17.136516+00:00
2026-06-02 09:15:00+00:00,ADA-USD,15m,0.22300000488758087,0.2232999950647354,0.22210000455379486,0.22269999980926514,2764960,2764960,yfinance,2026-07-10T06:58:17.136516+00:00
2026-06-02 09:30:00+00:00,ADA-USD,15m,0.22269999980926514,0.2232999950647354,0.22259999811649323,0.22300000488758087,1584160,1584160,yfinance,2026-07-10T06:58:17.136516+00:00
2026-06-02 09:45:00+00:00,ADA-USD,15m,0.22300000488758087,0.22349999845027924,0.22280000150203705,0.22310000658035278,184192,184192,yfinance,2026-07-10T06:58:17.136516+00:00
2026-06-02 10:00:00+00:00,ADA-USD,15m,0.22310000658035278,0.2240000069141388,0.2223999947309494,0.22380000352859497,0,0,yfinance,2026-07-10T06:58:17.136516+00:00
2026-06-02 10:15:00+00:00,ADA-USD,15m,0.22380000352859497,0.2240000069141388,0.2232999950647354,0.22380000352859497,79104,79104,yfinance,2026-07-10T06:58:17.136516+00:00
2026-06-02 10:30:00+00:00,ADA-USD,15m,0.22380000352859497,0.22390000522136688,0.2232999950647354,0.22349999845027924,283360,283360,yfinance,2026-07-10T06:58:17.136516+00:00
2026-06-02 10:45:00+00:00,ADA-USD,15m,0.22349999845027924,0.22429999709129333,0.22349999845027924,0.2240999937057495,758400,758400,yfinance,2026-07-10T06:58:17.136516+00:00
2026-06-02 11:00:00+00:00,ADA-USD,15m,0.2240000069141388,0.2240999937057495,0.22349999845027924,0.22370000183582306,0,0,yfinance,2026-07-10T06:58:17.136516+00:00
2026-06-02 11:15:00+00:00,ADA-USD,15m,0.22360000014305115,0.22360000014305115,0.22300000488758087,0.22300000488758087,398464,398464,yfinance,2026-07-10T06:58:17.136516+00:00
2026-06-02 11:30:00+00:00,ADA-USD,15m,0.22300000488758087,0.2231999933719635,0.22269999980926514,0.22290000319480896,1379648,1379648,yfinance,2026-07-10T06:58:17.136516+00:00
2026-06-02 11:45:00+00:00,ADA-USD,15m,0.22280000150203705,0.2231999933719635,0.22269999980926514,0.22280000150203705,0,0,yfinance,2026-07-10T06:58:17.136516+00:00
2026-06-02 12:00:00+00:00,ADA-USD,15m,0.22269999980926514,0.22290000319480896,0.22220000624656677,0.22259999811649323,0,0,yfinance,2026-07-10T06:58:17.136516+00:00
2026-06-02 12:15:00+00:00,ADA-USD,15m,0.22259999811649323,0.22259999811649323,0.2215999960899353,0.22220000624656677,1204480,1204480,yfinance,2026-07-10T06:58:17.136516+00:00
2026-06-02 12:30:00+00:00,ADA-USD,15m,0.22220000624656677,0.22310000658035278,0.2214999943971634,0.22310000658035278,1452640,1452640,yfinance,2026-07-10T06:58:17.136516+00:00
2026-06-02 12:45:00+00:00,ADA-USD,15m,0.22300000488758087,0.2231999933719635,0.22259999811649323,0.22300000488758087,1157792,1157792,yfinance,2026-07-10T06:58:17.136516+00:00
2026-06-02 13:00:00+00:00,ADA-USD,15m,0.22269999980926514,0.2231999933719635,0.2223999947309494,0.2223999947309494,410496,410496,yfinance,2026-07-10T06:58:17.136516+00:00
2026-06-02 13:15:00+00:00,ADA-USD,15m,0.2223999947309494,0.22339999675750732,0.2223999947309494,0.2232999950647354,0,0,yfinance,2026-07-10T06:58:17.136516+00:00
2026-06-02 13:30:00+00:00,ADA-USD,15m,0.2232999950647354,0.22360000014305115,0.22259999811649323,0.22310000658035278,0,0,yfinance,2026-07-10T06:58:17.136516+00:00
2026-06-02 13:45:00+00:00,ADA-USD,15m,0.2231999933719635,0.2231999933719635,0.22220000624656677,0.22259999811649323,0,0,yfinance,2026-07-10T06:58:17.136516+00:00
2026-06-02 14:00:00+00:00,ADA-USD,15m,0.22259999811649323,0.22259999811649323,0.2206999957561493,0.22220000624656677,706432,706432,yfinance,2026-07-10T06:58:17.136516+00:00
2026-06-02 14:15:00+00:00,ADA-USD,15m,0.22210000455379486,0.22210000455379486,0.2168000042438507,0.218299999833107,26290240,26290240,yfinance,2026-07-10T06:58:17.136516+00:00
2026-06-02 14:30:00+00:00,ADA-USD,15m,0.21799999475479126,0.22040000557899475,0.21799999475479126,0.21879999339580536,23972512,23972512,yfinance,2026-07-10T06:58:17.136516+00:00
2026-06-02 14:45:00+00:00,ADA-USD,15m,0.21879999339580536,0.22030000388622284,0.21879999339580536,0.21899999678134918,5507744,5507744,yfinance,2026-07-10T06:58:17.136516+00:00
2026-06-02 15:00:00+00:00,ADA-USD,15m,0.21899999678134918,0.219200000166893,0.21780000627040863,0.21819999814033508,3335200,3335200,yfinance,2026-07-10T06:58:17.136516+00:00
2026-06-02 15:15:00+00:00,ADA-USD,15m,0.21799999475479126,0.21819999814033508,0.21570000052452087,0.21610000729560852,4967008,4967008,yfinance,2026-07-10T06:58:17.136516+00:00
2026-06-02 15:30:00+00:00,ADA-USD,15m,0.2160000056028366,0.21649999916553497,0.21379999816417694,0.2152000069618225,17655008,17655008,yfinance,2026-07-10T06:58:17.136516+00:00
2026-06-02 15:45:00+00:00,ADA-USD,15m,0.21529999375343323,0.21610000729560852,0.21400000154972076,0.2151000052690506,9122528,9122528,yfinance,2026-07-10T06:58:17.136516+00:00
2026-06-02 16:00:00+00:00,ADA-USD,15m,0.2150000035762787,0.21809999644756317,0.21449999511241913,0.21789999306201935,5466912,5466912,yfinance,2026-07-10T06:58:17.136516+00:00
2026-06-02 16:15:00+00:00,ADA-USD,15m,0.21819999814033508,0.21870000660419464,0.2175000011920929,0.21850000321865082,7292608,7292608,yfinance,2026-07-10T06:58:17.136516+00:00
2026-06-02 16:30:00+00:00,ADA-USD,15m,0.2184000015258789,0.21870000660419464,0.21789999306201935,0.21809999644756317,2541216,2541216,yfinance,2026-07-10T06:58:17.136516+00:00
2026-06-02 16:45:00+00:00,ADA-USD,15m,0.21809999644756317,0.21870000660419464,0.2175000011920929,0.21799999475479126,1769632,1769632,yfinance,2026-07-10T06:58:17.136516+00:00
2026-06-02 17:00:00+00:00,ADA-USD,15m,0.21809999644756317,0.21870000660419464,0.21699999272823334,0.2175000011920929,25509344,25509344,yfinance,2026-07-10T06:58:17.136516+00:00
2026-06-02 17:15:00+00:00,ADA-USD,15m,0.2175000011920929,0.2184000015258789,0.21709999442100525,0.21819999814033508,3648384,3648384,yfinance,2026-07-10T06:58:17.136516+00:00
2026-06-02 17:30:00+00:00,ADA-USD,15m,0.21819999814033508,0.21879999339580536,0.2176000028848648,0.21809999644756317,263040,263040,yfinance,2026-07-10T06:58:17.136516+00:00
2026-06-02 17:45:00+00:00,ADA-USD,15m,0.21809999644756317,0.21879999339580536,0.21799999475479126,0.2184000015258789,0,0,yfinance,2026-07-10T06:58:17.136516+00:00
2026-06-02 18:00:00+00:00,ADA-USD,15m,0.21850000321865082,0.21889999508857727,0.21789999306201935,0.21809999644756317,385472,385472,yfinance,2026-07-10T06:58:17.136516+00:00
2026-06-02 18:15:00+00:00,ADA-USD,15m,0.21809999644756317,0.21809999644756317,0.21610000729560852,0.21610000729560852,2106240,2106240,yfinance,2026-07-10T06:58:17.136516+00:00
2026-06-02 18:30:00+00:00,ADA-USD,15m,0.21619999408721924,0.21660000085830688,0.2160000056028366,0.21629999577999115,3118336,3118336,yfinance,2026-07-10T06:58:17.136516+00:00
2026-06-02 18:45:00+00:00,ADA-USD,15m,0.21639999747276306,0.21639999747276306,0.21529999375343323,0.21610000729560852,2711360,2711360,yfinance,2026-07-10T06:58:17.136516+00:00
2026-06-02 19:00:00+00:00,ADA-USD,15m,0.21610000729560852,0.21629999577999115,0.21539999544620514,0.21580000221729279,1411456,1411456,yfinance,2026-07-10T06:58:17.136516+00:00
2026-06-02 19:15:00+00:00,ADA-USD,15m,0.21580000221729279,0.2159000039100647,0.2143000066280365,0.21449999511241913,2248256,2248256,yfinance,2026-07-10T06:58:17.136516+00:00
2026-06-02 19:30:00+00:00,ADA-USD,15m,0.21459999680519104,0.21480000019073486,0.21220000088214874,0.21439999341964722,15123008,15123008,yfinance,2026-07-10T06:58:17.136516+00:00
2026-06-02 19:45:00+00:00,ADA-USD,15m,0.21439999341964722,0.21649999916553497,0.2142000049352646,0.21549999713897705,8487424,8487424,yfinance,2026-07-10T06:58:17.136516+00:00
2026-06-02 20:00:00+00:00,ADA-USD,15m,0.21529999375343323,0.2168000042438507,0.21529999375343323,0.2159000039100647,3821440,3821440,yfinance,2026-07-10T06:58:17.136516+00:00
2026-06-02 20:15:00+00:00,ADA-USD,15m,0.2159000039100647,0.2159000039100647,0.21369999647140503,0.21379999816417694,2724096,2724096,yfinance,2026-07-10T06:58:17.136516+00:00
2026-06-02 20:30:00+00:00,ADA-USD,15m,0.21369999647140503,0.21529999375343323,0.21369999647140503,0.2150000035762787,4124288,4124288,yfinance,2026-07-10T06:58:17.136516+00:00
2026-06-02 20:45:00+00:00,ADA-USD,15m,0.2150000035762787,0.21639999747276306,0.2150000035762787,0.2160000056028366,4913088,4913088,yfinance,2026-07-10T06:58:17.136516+00:00
2026-06-02 21:00:00+00:00,ADA-USD,15m,0.21610000729560852,0.2167000025510788,0.21529999375343323,0.21580000221729279,1622016,1622016,yfinance,2026-07-10T06:58:17.136516+00:00
2026-06-02 21:15:00+00:00,ADA-USD,15m,0.21580000221729279,0.21729999780654907,0.21580000221729279,0.21709999442100525,1113920,1113920,yfinance,2026-07-10T06:58:17.136516+00:00
2026-06-02 21:30:00+00:00,ADA-USD,15m,0.21719999611377716,0.21799999475479126,0.21690000593662262,0.21709999442100525,2654272,2654272,yfinance,2026-07-10T06:58:17.136516+00:00
2026-06-02 21:45:00+00:00,ADA-USD,15m,0.21709999442100525,0.21719999611377716,0.21629999577999115,0.21639999747276306,437376,437376,yfinance,2026-07-10T06:58:17.136516+00:00
2026-06-02 22:00:00+00:00,ADA-USD,15m,0.21649999916553497,0.21649999916553497,0.21480000019073486,0.2150000035762787,0,0,yfinance,2026-07-10T06:58:17.136516+00:00
2026-06-02 22:15:00+00:00,ADA-USD,15m,0.2151000052690506,0.21610000729560852,0.21369999647140503,0.21570000052452087,6549440,6549440,yfinance,2026-07-10T06:58:17.136516+00:00
2026-06-02 22:30:00+00:00,ADA-USD,15m,0.21570000052452087,0.21580000221729279,0.21459999680519104,0.21490000188350677,1383552,1383552,yfinance,2026-07-10T06:58:17.136516+00:00
2026-06-02 22:45:00+00:00,ADA-USD,15m,0.21459999680519104,0.21459999680519104,0.2110999971628189,0.21199999749660492,4692032,4692032,yfinance,2026-07-10T06:58:17.136516+00:00
2026-06-02 23:00:00+00:00,ADA-USD,15m,0.21220000088214874,0.21299999952316284,0.21140000224113464,0.2126999944448471,10271360,10271360,yfinance,2026-07-10T06:58:17.136516+00:00
2026-06-02 23:15:00+00:00,ADA-USD,15m,0.21279999613761902,0.21299999952316284,0.20919999480247498,0.2102999985218048,8647744,8647744,yfinance,2026-07-10T06:58:17.136516+00:00
2026-06-02 23:30:00+00:00,ADA-USD,15m,0.21050000190734863,0.21220000088214874,0.20970000326633453,0.21199999749660492,7965568,7965568,yfinance,2026-07-10T06:58:17.136516+00:00
2026-06-02 23:45:00+00:00,ADA-USD,15m,0.2117999941110611,0.21279999613761902,0.2117999941110611,0.2125999927520752,4253248,4253248,yfinance,2026-07-10T06:58:17.136516+00:00
2026-06-03 00:00:00+00:00,ADA-USD,15m,0.2126999944448471,0.2134000062942505,0.21230000257492065,0.21310000121593475,2850688,2850688,yfinance,2026-07-10T06:58:17.136516+00:00
2026-06-03 00:15:00+00:00,ADA-USD,15m,0.21299999952316284,0.21379999816417694,0.21289999783039093,0.21299999952316284,3423104,3423104,yfinance,2026-07-10T06:58:17.136516+00:00
2026-06-03 00:30:00+00:00,ADA-USD,15m,0.21310000121593475,0.21400000154972076,0.21279999613761902,0.21400000154972076,3030592,3030592,yfinance,2026-07-10T06:58:17.136516+00:00
2026-06-03 00:45:00+00:00,ADA-USD,15m,0.21389999985694885,0.21410000324249268,0.21330000460147858,0.2134000062942505,636736,636736,yfinance,2026-07-10T06:58:17.136516+00:00
2026-06-03 01:00:00+00:00,ADA-USD,15m,0.21330000460147858,0.21359999477863312,0.2126999944448471,0.2134999930858612,471488,471488,yfinance,2026-07-10T06:58:17.136516+00:00
2026-06-03 01:15:00+00:00,ADA-USD,15m,0.2134000062942505,0.21439999341964722,0.2134000062942505,0.21410000324249268,1479168,1479168,yfinance,2026-07-10T06:58:17.136516+00:00
2026-06-03 01:30:00+00:00,ADA-USD,15m,0.21400000154972076,0.2143000066280365,0.21209999918937683,0.21240000426769257,0,0,yfinance,2026-07-10T06:58:17.136516+00:00
2026-06-03 01:45:00+00:00,ADA-USD,15m,0.21240000426769257,0.21369999647140503,0.21199999749660492,0.21359999477863312,2685312,2685312,yfinance,2026-07-10T06:58:17.136516+00:00
2026-06-03 02:00:00+00:00,ADA-USD,15m,0.2134999930858612,0.21359999477863312,0.21279999613761902,0.21289999783039093,0,0,yfinance,2026-07-10T06:58:17.136516+00:00
2026-06-03 02:15:00+00:00,ADA-USD,15m,0.21299999952316284,0.21299999952316284,0.2117999941110611,0.21199999749660492,0,0,yfinance,2026-07-10T06:58:17.136516+00:00
2026-06-03 02:30:00+00:00,ADA-USD,15m,0.21199999749660492,0.21209999918937683,0.21150000393390656,0.21170000731945038,0,0,yfinance,2026-07-10T06:58:17.136516+00:00
2026-06-03 02:45:00+00:00,ADA-USD,15m,0.21170000731945038,0.21220000088214874,0.21119999885559082,0.21199999749660492,79488,79488,yfinance,2026-07-10T06:58:17.136516+00:00
2026-06-03 03:00:00+00:00,ADA-USD,15m,0.21220000088214874,0.21240000426769257,0.21150000393390656,0.2117999941110611,784192,784192,yfinance,2026-07-10T06:58:17.136516+00:00
2026-06-03 03:15:00+00:00,ADA-USD,15m,0.211899995803833,0.21209999918937683,0.21060000360012054,0.21080000698566437,1898112,1898112,yfinance,2026-07-10T06:58:17.136516+00:00
2026-06-03 03:30:00+00:00,ADA-USD,15m,0.21080000698566437,0.21119999885559082,0.2079000025987625,0.2079000025987625,4958144,4958144,yfinance,2026-07-10T06:58:17.136516+00:00
2026-06-03 03:45:00+00:00,ADA-USD,15m,0.20810000598430634,0.20909999310970306,0.20730000734329224,0.2084999978542328,11934528,11934528,yfinance,2026-07-10T06:58:17.136516+00:00
2026-06-03 04:00:00+00:00,ADA-USD,15m,0.2087000012397766,0.21089999377727509,0.2087000012397766,0.20999999344348907,3673216,3673216,yfinance,2026-07-10T06:58:17.136516+00:00
2026-06-03 04:15:00+00:00,ADA-USD,15m,0.20999999344348907,0.21089999377727509,0.20990000665187836,0.21060000360012054,967488,967488,yfinance,2026-07-10T06:58:17.136516+00:00
2026-06-03 04:30:00+00:00,ADA-USD,15m,0.21050000190734863,0.21150000393390656,0.20980000495910645,0.21140000224113464,2531456,2531456,yfinance,2026-07-10T06:58:17.136516+00:00
2026-06-03 04:45:00+00:00,ADA-USD,15m,0.21140000224113464,0.211899995803833,0.21060000360012054,0.21160000562667847,2136576,2136576,yfinance,2026-07-10T06:58:17.136516+00:00
2026-06-03 05:00:00+00:00,ADA-USD,15m,0.21160000562667847,0.2150000035762787,0.21160000562667847,0.21459999680519104,7395072,7395072,yfinance,2026-07-10T06:58:17.136516+00:00
2026-06-03 05:15:00+00:00,ADA-USD,15m,0.21469999849796295,0.21490000188350677,0.21400000154972076,0.21449999511241913,4950592,4950592,yfinance,2026-07-10T06:58:17.136516+00:00
2026-06-03 05:30:00+00:00,ADA-USD,15m,0.21449999511241913,0.21459999680519104,0.2134000062942505,0.21449999511241913,333248,333248,yfinance,2026-07-10T06:58:17.136516+00:00
2026-06-03 05:45:00+00:00,ADA-USD,15m,0.21439999341964722,0.2150000035762787,0.2142000049352646,0.21469999849796295,1368384,1368384,yfinance,2026-07-10T06:58:17.136516+00:00
2026-06-03 06:00:00+00:00,ADA-USD,15m,0.21469999849796295,0.2151000052690506,0.21449999511241913,0.21459999680519104,7552,7552,yfinance,2026-07-10T06:58:17.136516+00:00
2026-06-03 06:15:00+00:00,ADA-USD,15m,0.21469999849796295,0.21549999713897705,0.21459999680519104,0.21529999375343323,747904,747904,yfinance,2026-07-10T06:58:17.136516+00:00
2026-06-03 06:30:00+00:00,ADA-USD,15m,0.21529999375343323,0.21660000085830688,0.2152000069618225,0.21619999408721924,1762752,1762752,yfinance,2026-07-10T06:58:17.136516+00:00
2026-06-03 06:45:00+00:00,ADA-USD,15m,0.21619999408721924,0.21619999408721924,0.2151000052690506,0.2151000052690506,323136,323136,yfinance,2026-07-10T06:58:17.136516+00:00
2026-06-03 07:00:00+00:00,ADA-USD,15m,0.2152000069618225,0.21649999916553497,0.21480000019073486,0.21639999747276306,0,0,yfinance,2026-07-10T06:58:17.136516+00:00
2026-06-03 07:15:00+00:00,ADA-USD,15m,0.21619999408721924,0.21789999306201935,0.21619999408721924,0.21729999780654907,3199936,3199936,yfinance,2026-07-10T06:58:17.136516+00:00
2026-06-03 07:30:00+00:00,ADA-USD,15m,0.21729999780654907,0.21780000627040863,0.21690000593662262,0.21719999611377716,255872,255872,yfinance,2026-07-10T06:58:17.136516+00:00
2026-06-03 07:45:00+00:00,ADA-USD,15m,0.21719999611377716,0.21739999949932098,0.2168000042438507,0.21690000593662262,0,0,yfinance,2026-07-10T06:58:17.136516+00:00
2026-06-03 08:00:00+00:00,ADA-USD,15m,0.21690000593662262,0.21690000593662262,0.2160000056028366,0.2160000056028366,19264,19264,yfinance,2026-07-10T06:58:17.136516+00:00
2026-06-03 08:15:00+00:00,ADA-USD,15m,0.21610000729560852,0.21649999916553497,0.2159000039100647,0.21649999916553497,9792,9792,yfinance,2026-07-10T06:58:17.136516+00:00
2026-06-03 08:30:00+00:00,ADA-USD,15m,0.21660000085830688,0.21719999611377716,0.21619999408721924,0.21649999916553497,2377408,2377408,yfinance,2026-07-10T06:58:17.136516+00:00
2026-06-03 08:45:00+00:00,ADA-USD,15m,0.21639999747276306,0.2167000025510788,0.21610000729560852,0.21619999408721924,1985408,1985408,yfinance,2026-07-10T06:58:17.136516+00:00
2026-06-03 09:00:00+00:00,ADA-USD,15m,0.21619999408721924,0.21629999577999115,0.21559999883174896,0.21580000221729279,425536,425536,yfinance,2026-07-10T06:58:17.136516+00:00
2026-06-03 09:15:00+00:00,ADA-USD,15m,0.21570000052452087,0.21570000052452087,0.2152000069618225,0.21559999883174896,0,0,yfinance,2026-07-10T06:58:17.136516+00:00
2026-06-03 09:30:00+00:00,ADA-USD,15m,0.21559999883174896,0.21619999408721924,0.21549999713897705,0.2160000056028366,644224,644224,yfinance,2026-07-10T06:58:17.136516+00:00
2026-06-03 09:45:00+00:00,ADA-USD,15m,0.2160000056028366,0.21709999442100525,0.21559999883174896,0.2160000056028366,7276096,7276096,yfinance,2026-07-10T06:58:17.136516+00:00
2026-06-03 10:00:00+00:00,ADA-USD,15m,0.21610000729560852,0.21819999814033508,0.2160000056028366,0.2175000011920929,6535296,6535296,yfinance,2026-07-10T06:58:17.136516+00:00
2026-06-03 10:15:00+00:00,ADA-USD,15m,0.2176000028848648,0.21780000627040863,0.21709999442100525,0.2175000011920929,3062656,3062656,yfinance,2026-07-10T06:58:17.136516+00:00
2026-06-03 10:30:00+00:00,ADA-USD,15m,0.2175000011920929,0.21770000457763672,0.21699999272823334,0.21709999442100525,3474816,3474816,yfinance,2026-07-10T06:58:17.136516+00:00
2026-06-03 10:45:00+00:00,ADA-USD,15m,0.21709999442100525,0.2175000011920929,0.21690000593662262,0.21739999949932098,2665664,2665664,yfinance,2026-07-10T06:58:17.136516+00:00
2026-06-03 11:00:00+00:00,ADA-USD,15m,0.21739999949932098,0.21799999475479126,0.21739999949932098,0.21799999475479126,1647360,1647360,yfinance,2026-07-10T06:58:17.136516+00:00
2026-06-03 11:15:00+00:00,ADA-USD,15m,0.21799999475479126,0.21809999644756317,0.2176000028848648,0.21799999475479126,2058816,2058816,yfinance,2026-07-10T06:58:17.136516+00:00
2026-06-03 11:30:00+00:00,ADA-USD,15m,0.21780000627040863,0.21780000627040863,0.2167000025510788,0.2167000025510788,511808,511808,yfinance,2026-07-10T06:58:17.136516+00:00
2026-06-03 11:45:00+00:00,ADA-USD,15m,0.2167000025510788,0.2167000025510788,0.21539999544620514,0.2159000039100647,1774592,1774592,yfinance,2026-07-10T06:58:17.136516+00:00
2026-06-03 12:00:00+00:00,ADA-USD,15m,0.2159000039100647,0.21619999408721924,0.21529999375343323,0.21559999883174896,387520,387520,yfinance,2026-07-10T06:58:17.136516+00:00
2026-06-03 12:15:00+00:00,ADA-USD,15m,0.21549999713897705,0.2159000039100647,0.21469999849796295,0.21559999883174896,718784,718784,yfinance,2026-07-10T06:58:17.136516+00:00
2026-06-03 12:30:00+00:00,ADA-USD,15m,0.21549999713897705,0.21619999408721924,0.2151000052690506,0.21529999375343323,2701696,2701696,yfinance,2026-07-10T06:58:17.136516+00:00
2026-06-03 12:45:00+00:00,ADA-USD,15m,0.2152000069618225,0.21570000052452087,0.2151000052690506,0.21539999544620514,1829312,1829312,yfinance,2026-07-10T06:58:17.136516+00:00
2026-06-03 13:00:00+00:00,ADA-USD,15m,0.21549999713897705,0.2159000039100647,0.21480000019073486,0.21539999544620514,1023040,1023040,yfinance,2026-07-10T06:58:17.136516+00:00
2026-06-03 13:15:00+00:00,ADA-USD,15m,0.21539999544620514,0.21619999408721924,0.21480000019073486,0.21480000019073486,1629632,1629632,yfinance,2026-07-10T06:58:17.136516+00:00
2026-06-03 13:30:00+00:00,ADA-USD,15m,0.21490000188350677,0.21580000221729279,0.2142000049352646,0.21439999341964722,2654208,2654208,yfinance,2026-07-10T06:58:17.136516+00:00
2026-06-03 13:45:00+00:00,ADA-USD,15m,0.21449999511241913,0.21539999544620514,0.21410000324249268,0.2150000035762787,2948096,2948096,yfinance,2026-07-10T06:58:17.136516+00:00
2026-06-03 14:00:00+00:00,ADA-USD,15m,0.21490000188350677,0.2152000069618225,0.21439999341964722,0.2152000069618225,759488,759488,yfinance,2026-07-10T06:58:17.136516+00:00
2026-06-03 14:15:00+00:00,ADA-USD,15m,0.21529999375343323,0.21529999375343323,0.21310000121593475,0.21369999647140503,0,0,yfinance,2026-07-10T06:58:17.136516+00:00
2026-06-03 14:30:00+00:00,ADA-USD,15m,0.21400000154972076,0.21439999341964722,0.21299999952316284,0.21369999647140503,0,0,yfinance,2026-07-10T06:58:17.136516+00:00
2026-06-03 14:45:00+00:00,ADA-USD,15m,0.21369999647140503,0.2143000066280365,0.2134000062942505,0.21369999647140503,0,0,yfinance,2026-07-10T06:58:17.136516+00:00
2026-06-03 15:00:00+00:00,ADA-USD,15m,0.21379999816417694,0.21439999341964722,0.21299999952316284,0.2134000062942505,0,0,yfinance,2026-07-10T06:58:17.136516+00:00
2026-06-03 15:15:00+00:00,ADA-USD,15m,0.2134000062942505,0.21379999816417694,0.2126999944448471,0.2134999930858612,133376,133376,yfinance,2026-07-10T06:58:17.136516+00:00
2026-06-03 15:30:00+00:00,ADA-USD,15m,0.2134999930858612,0.21379999816417694,0.21170000731945038,0.21209999918937683,0,0,yfinance,2026-07-10T06:58:17.136516+00:00
2026-06-03 15:45:00+00:00,ADA-USD,15m,0.21199999749660492,0.21209999918937683,0.21119999885559082,0.21170000731945038,0,0,yfinance,2026-07-10T06:58:17.136516+00:00
2026-06-03 16:00:00+00:00,ADA-USD,15m,0.211899995803833,0.211899995803833,0.2102999985218048,0.21070000529289246,0,0,yfinance,2026-07-10T06:58:17.136516+00:00
2026-06-03 16:15:00+00:00,ADA-USD,15m,0.21050000190734863,0.210999995470047,0.20749999582767487,0.20839999616146088,3753024,3753024,yfinance,2026-07-10T06:58:17.136516+00:00
2026-06-03 16:30:00+00:00,ADA-USD,15m,0.2084999978542328,0.20980000495910645,0.20829999446868896,0.20919999480247498,10699008,10699008,yfinance,2026-07-10T06:58:17.136516+00:00
2026-06-03 16:45:00+00:00,ADA-USD,15m,0.2092999964952469,0.2094999998807907,0.2085999995470047,0.20919999480247498,3871680,3871680,yfinance,2026-07-10T06:58:17.136516+00:00
2026-06-03 17:00:00+00:00,ADA-USD,15m,0.20919999480247498,0.2093999981880188,0.20739999413490295,0.20819999277591705,0,0,yfinance,2026-07-10T06:58:17.136516+00:00
2026-06-03 17:15:00+00:00,ADA-USD,15m,0.20829999446868896,0.2093999981880188,0.20819999277591705,0.2092999964952469,582912,582912,yfinance,2026-07-10T06:58:17.136516+00:00
2026-06-03 17:30:00+00:00,ADA-USD,15m,0.2093999981880188,0.21060000360012054,0.20880000293254852,0.20990000665187836,1854784,1854784,yfinance,2026-07-10T06:58:17.136516+00:00
2026-06-03 17:45:00+00:00,ADA-USD,15m,0.20990000665187836,0.20990000665187836,0.20890000462532043,0.20960000157356262,404032,404032,yfinance,2026-07-10T06:58:17.136516+00:00
2026-06-03 18:00:00+00:00,ADA-USD,15m,0.20960000157356262,0.20960000157356262,0.2084999978542328,0.20880000293254852,187904,187904,yfinance,2026-07-10T06:58:17.136516+00:00
2026-06-03 18:15:00+00:00,ADA-USD,15m,0.2087000012397766,0.2087000012397766,0.2069000005722046,0.2078000009059906,2691648,2691648,yfinance,2026-07-10T06:58:17.136516+00:00
2026-06-03 18:30:00+00:00,ADA-USD,15m,0.2078000009059906,0.2085999995470047,0.20720000565052032,0.2079000025987625,385280,385280,yfinance,2026-07-10T06:58:17.136516+00:00
2026-06-03 18:45:00+00:00,ADA-USD,15m,0.2079000025987625,0.20839999616146088,0.2078000009059906,0.20810000598430634,117696,117696,yfinance,2026-07-10T06:58:17.136516+00:00
2026-06-03 19:00:00+00:00,ADA-USD,15m,0.20819999277591705,0.20839999616146088,0.2076999992132187,0.2076999992132187,0,0,yfinance,2026-07-10T06:58:17.136516+00:00
2026-06-03 19:15:00+00:00,ADA-USD,15m,0.2076999992132187,0.2076999992132187,0.20559999346733093,0.20589999854564667,4234816,4234816,yfinance,2026-07-10T06:58:17.136516+00:00
2026-06-03 19:30:00+00:00,ADA-USD,15m,0.20579999685287476,0.2070000022649765,0.2054000049829483,0.20640000700950623,0,0,yfinance,2026-07-10T06:58:17.136516+00:00
2026-06-03 19:45:00+00:00,ADA-USD,15m,0.20640000700950623,0.20679999887943268,0.20409999787807465,0.20440000295639038,1516224,1516224,yfinance,2026-07-10T06:58:17.136516+00:00
2026-06-03 20:00:00+00:00,ADA-USD,15m,0.2045000046491623,0.20559999346733093,0.2037999927997589,0.2053000032901764,4578240,4578240,yfinance,2026-07-10T06:58:17.136516+00:00
2026-06-03 20:15:00+00:00,ADA-USD,15m,0.2046000063419342,0.2046000063419342,0.20270000398159027,0.2037999927997589,10192064,10192064,yfinance,2026-07-10T06:58:17.136516+00:00
2026-06-03 20:30:00+00:00,ADA-USD,15m,0.20360000431537628,0.20399999618530273,0.2021999955177307,0.20239999890327454,1665088,1665088,yfinance,2026-07-10T06:58:17.136516+00:00
2026-06-03 20:45:00+00:00,ADA-USD,15m,0.20250000059604645,0.20280000567436218,0.20069999992847443,0.20190000534057617,12490368,12490368,yfinance,2026-07-10T06:58:17.136516+00:00
2026-06-03 21:00:00+00:00,ADA-USD,15m,0.20200000703334808,0.20329999923706055,0.20160000026226044,0.20239999890327454,6895104,6895104,yfinance,2026-07-10T06:58:17.136516+00:00
2026-06-03 21:15:00+00:00,ADA-USD,15m,0.20239999890327454,0.20270000398159027,0.2021999955177307,0.20239999890327454,3489664,3489664,yfinance,2026-07-10T06:58:17.136516+00:00
2026-06-03 21:30:00+00:00,ADA-USD,15m,0.2021999955177307,0.20389999449253082,0.2021999955177307,0.20329999923706055,3848640,3848640,yfinance,2026-07-10T06:58:17.136516+00:00
2026-06-03 21:45:00+00:00,ADA-USD,15m,0.20340000092983246,0.20520000159740448,0.20329999923706055,0.20520000159740448,5042112,5042112,yfinance,2026-07-10T06:58:17.136516+00:00
2026-06-03 22:00:00+00:00,ADA-USD,15m,0.20509999990463257,0.20630000531673431,0.20360000431537628,0.20399999618530273,4487424,4487424,yfinance,2026-07-10T06:58:17.136516+00:00
2026-06-03 22:15:00+00:00,ADA-USD,15m,0.20389999449253082,0.20389999449253082,0.20280000567436218,0.20389999449253082,328960,328960,yfinance,2026-07-10T06:58:17.136516+00:00
2026-06-03 22:30:00+00:00,ADA-USD,15m,0.20360000431537628,0.2037999927997589,0.20280000567436218,0.20340000092983246,2175552,2175552,yfinance,2026-07-10T06:58:17.136516+00:00
2026-06-03 22:45:00+00:00,ADA-USD,15m,0.20329999923706055,0.20329999923706055,0.20200000703334808,0.20229999721050262,905792,905792,yfinance,2026-07-10T06:58:17.136516+00:00
2026-06-03 23:00:00+00:00,ADA-USD,15m,0.20229999721050262,0.20250000059604645,0.20000000298023224,0.20080000162124634,891648,891648,yfinance,2026-07-10T06:58:17.136516+00:00
2026-06-03 23:15:00+00:00,ADA-USD,15m,0.2004999965429306,0.20090000331401825,0.19990000128746033,0.20069999992847443,2197376,2197376,yfinance,2026-07-10T06:58:17.136516+00:00
2026-06-03 23:30:00+00:00,ADA-USD,15m,0.20090000331401825,0.20160000026226044,0.20000000298023224,0.20069999992847443,1084544,1084544,yfinance,2026-07-10T06:58:17.136516+00:00
2026-06-03 23:45:00+00:00,ADA-USD,15m,0.20069999992847443,0.20100000500679016,0.20000000298023224,0.20020000636577606,1083776,1083776,yfinance,2026-07-10T06:58:17.136516+00:00
2026-06-04 00:00:00+00:00,ADA-USD,15m,0.20020000636577606,0.2013999968767166,0.20020000636577606,0.20110000669956207,7190016,7190016,yfinance,2026-07-10T06:58:17.136516+00:00
2026-06-04 00:15:00+00:00,ADA-USD,15m,0.20100000500679016,0.2012999951839447,0.19699999690055847,0.19699999690055847,6482112,6482112,yfinance,2026-07-10T06:58:17.136516+00:00
2026-06-04 00:30:00+00:00,ADA-USD,15m,0.1972000002861023,0.1988999992609024,0.19580000638961792,0.19830000400543213,19178752,19178752,yfinance,2026-07-10T06:58:17.136516+00:00
2026-06-04 00:45:00+00:00,ADA-USD,15m,0.1981000006198883,0.1981000006198883,0.19660000503063202,0.19750000536441803,11303616,11303616,yfinance,2026-07-10T06:58:17.136516+00:00
2026-06-04 01:00:00+00:00,ADA-USD,15m,0.19760000705718994,0.19869999587535858,0.19689999520778656,0.19699999690055847,9410304,9410304,yfinance,2026-07-10T06:58:17.136516+00:00
2026-06-04 01:15:00+00:00,ADA-USD,15m,0.19699999690055847,0.19709999859333038,0.19249999523162842,0.19259999692440033,18135808,18135808,yfinance,2026-07-10T06:58:17.136516+00:00
2026-06-04 01:30:00+00:00,ADA-USD,15m,0.19259999692440033,0.19529999792575836,0.19259999692440033,0.19470000267028809,12662016,12662016,yfinance,2026-07-10T06:58:17.136516+00:00
2026-06-04 01:45:00+00:00,ADA-USD,15m,0.19439999759197235,0.19449999928474426,0.19130000472068787,0.19210000336170197,6386688,6386688,yfinance,2026-07-10T06:58:17.136516+00:00
2026-06-04 02:00:00+00:00,ADA-USD,15m,0.1923999935388565,0.19269999861717224,0.1875,0.19200000166893005,41136704,41136704,yfinance,2026-07-10T06:58:17.136516+00:00
2026-06-04 02:15:00+00:00,ADA-USD,15m,0.19200000166893005,0.19509999454021454,0.19110000133514404,0.19460000097751617,19245120,19245120,yfinance,2026-07-10T06:58:17.136516+00:00
2026-06-04 02:30:00+00:00,ADA-USD,15m,0.19449999928474426,0.195700004696846,0.19419999420642853,0.19539999961853027,18577664,18577664,yfinance,2026-07-10T06:58:17.136516+00:00
2026-06-04 02:45:00+00:00,ADA-USD,15m,0.19529999792575836,0.19599999487400055,0.19460000097751617,0.19470000267028809,5943232,5943232,yfinance,2026-07-10T06:58:17.136516+00:00
2026-06-04 03:00:00+00:00,ADA-USD,15m,0.19499999284744263,0.1979999989271164,0.19499999284744263,0.19740000367164612,7286656,7286656,yfinance,2026-07-10T06:58:17.136516+00:00
2026-06-04 03:15:00+00:00,ADA-USD,15m,0.19740000367164612,0.19840000569820404,0.19740000367164612,0.19769999384880066,8345344,8345344,yfinance,2026-07-10T06:58:17.136516+00:00
2026-06-04 03:30:00+00:00,ADA-USD,15m,0.19750000536441803,0.19949999451637268,0.19740000367164612,0.19920000433921814,5719552,5719552,yfinance,2026-07-10T06:58:17.136516+00:00
2026-06-04 03:45:00+00:00,ADA-USD,15m,0.19920000433921814,0.20010000467300415,0.19900000095367432,0.19949999451637268,0,0,yfinance,2026-07-10T06:58:17.136516+00:00
2026-06-04 04:00:00+00:00,ADA-USD,15m,0.1995999962091446,0.20090000331401825,0.19949999451637268,0.2004999965429306,4348928,4348928,yfinance,2026-07-10T06:58:17.136516+00:00
2026-06-04 04:15:00+00:00,ADA-USD,15m,0.2003999948501587,0.2004999965429306,0.1996999979019165,0.19979999959468842,1633856,1633856,yfinance,2026-07-10T06:58:17.136516+00:00
2026-06-04 04:30:00+00:00,ADA-USD,15m,0.1996999979019165,0.20000000298023224,0.19869999587535858,0.19930000603199005,3338112,3338112,yfinance,2026-07-10T06:58:17.136516+00:00
2026-06-04 04:45:00+00:00,ADA-USD,15m,0.19939999282360077,0.19949999451637268,0.19859999418258667,0.1987999975681305,1564928,1564928,yfinance,2026-07-10T06:58:17.136516+00:00
2026-06-04 05:00:00+00:00,ADA-USD,15m,0.1987999975681305,0.1987999975681305,0.195700004696846,0.19670000672340393,0,0,yfinance,2026-07-10T06:58:17.136516+00:00
2026-06-04 05:15:00+00:00,ADA-USD,15m,0.19679999351501465,0.19689999520778656,0.19539999961853027,0.19599999487400055,1612480,1612480,yfinance,2026-07-10T06:58:17.136516+00:00
2026-06-04 05:30:00+00:00,ADA-USD,15m,0.19589999318122864,0.19779999554157257,0.19550000131130219,0.19750000536441803,8793472,8793472,yfinance,2026-07-10T06:58:17.136516+00:00
2026-06-04 05:45:00+00:00,ADA-USD,15m,0.19750000536441803,0.19769999384880066,0.19609999656677246,0.1965000033378601,1746816,1746816,yfinance,2026-07-10T06:58:17.136516+00:00
2026-06-04 06:00:00+00:00,ADA-USD,15m,0.19629999995231628,0.1979999989271164,0.19599999487400055,0.1979999989271164,823488,823488,yfinance,2026-07-10T06:58:17.136516+00:00
2026-06-04 06:15:00+00:00,ADA-USD,15m,0.19789999723434448,0.19949999451637268,0.19789999723434448,0.19840000569820404,2883328,2883328,yfinance,2026-07-10T06:58:17.136516+00:00
2026-06-04 06:30:00+00:00,ADA-USD,15m,0.19850000739097595,0.19900000095367432,0.19760000705718994,0.1988999992609024,477632,477632,yfinance,2026-07-10T06:58:17.136516+00:00
2026-06-04 06:45:00+00:00,ADA-USD,15m,0.19859999418258667,0.19869999587535858,0.19709999859333038,0.19760000705718994,144640,144640,yfinance,2026-07-10T06:58:17.136516+00:00
2026-06-04 07:00:00+00:00,ADA-USD,15m,0.19760000705718994,0.19779999554157257,0.19609999656677246,0.1964000016450882,322560,322560,yfinance,2026-07-10T06:58:17.136516+00:00
2026-06-04 07:15:00+00:00,ADA-USD,15m,0.1965000033378601,0.19660000503063202,0.19529999792575836,0.19619999825954437,1137280,1137280,yfinance,2026-07-10T06:58:17.136516+00:00
2026-06-04 07:30:00+00:00,ADA-USD,15m,0.19609999656677246,0.19679999351501465,0.19589999318122864,0.19619999825954437,1550912,1550912,yfinance,2026-07-10T06:58:17.136516+00:00
2026-06-04 07:45:00+00:00,ADA-USD,15m,0.19619999825954437,0.19619999825954437,0.19449999928474426,0.19449999928474426,1180480,1180480,yfinance,2026-07-10T06:58:17.136516+00:00
2026-06-04 08:00:00+00:00,ADA-USD,15m,0.19449999928474426,0.1956000030040741,0.19300000369548798,0.1931000053882599,1760640,1760640,yfinance,2026-07-10T06:58:17.136516+00:00
2026-06-04 08:15:00+00:00,ADA-USD,15m,0.1932000070810318,0.19439999759197235,0.19269999861717224,0.19370000064373016,3562176,3562176,yfinance,2026-07-10T06:58:17.136516+00:00
2026-06-04 08:30:00+00:00,ADA-USD,15m,0.19380000233650208,0.19470000267028809,0.19259999692440033,0.19259999692440033,3319040,3319040,yfinance,2026-07-10T06:58:17.136516+00:00
2026-06-04 08:45:00+00:00,ADA-USD,15m,0.19259999692440033,0.193900004029274,0.19259999692440033,0.19329999387264252,552960,552960,yfinance,2026-07-10T06:58:17.136516+00:00
2026-06-04 09:00:00+00:00,ADA-USD,15m,0.1932000070810318,0.1932000070810318,0.1907999962568283,0.19130000472068787,1546112,1546112,yfinance,2026-07-10T06:58:17.136516+00:00
2026-06-04 09:15:00+00:00,ADA-USD,15m,0.19110000133514404,0.19120000302791595,0.18850000202655792,0.18850000202655792,7014272,7014272,yfinance,2026-07-10T06:58:17.136516+00:00
2026-06-04 09:30:00+00:00,ADA-USD,15m,0.18870000541210175,0.18970000743865967,0.18780000507831573,0.1891999989748001,11688448,11688448,yfinance,2026-07-10T06:58:17.136516+00:00
2026-06-04 09:45:00+00:00,ADA-USD,15m,0.18930000066757202,0.19040000438690186,0.18850000202655792,0.19040000438690186,3234112,3234112,yfinance,2026-07-10T06:58:17.136516+00:00
2026-06-04 10:00:00+00:00,ADA-USD,15m,0.19009999930858612,0.19020000100135803,0.1876000016927719,0.1882999986410141,332480,332480,yfinance,2026-07-10T06:58:17.136516+00:00
2026-06-04 10:15:00+00:00,ADA-USD,15m,0.1882999986410141,0.18940000236034393,0.18780000507831573,0.1881999969482422,0,0,yfinance,2026-07-10T06:58:17.136516+00:00
2026-06-04 10:30:00+00:00,ADA-USD,15m,0.18809999525547028,0.18940000236034393,0.18780000507831573,0.18860000371932983,0,0,yfinance,2026-07-10T06:58:17.136516+00:00
2026-06-04 10:45:00+00:00,ADA-USD,15m,0.18860000371932983,0.18880000710487366,0.1868000030517578,0.18770000338554382,0,0,yfinance,2026-07-10T06:58:17.136516+00:00
2026-06-04 11:00:00+00:00,ADA-USD,15m,0.18790000677108765,0.18880000710487366,0.18719999492168427,0.1876000016927719,33645440,33645440,yfinance,2026-07-10T06:58:17.136516+00:00
2026-06-04 11:15:00+00:00,ADA-USD,15m,0.18729999661445618,0.1899999976158142,0.18700000643730164,0.18960000574588776,3799552,3799552,yfinance,2026-07-10T06:58:17.136516+00:00
2026-06-04 11:30:00+00:00,ADA-USD,15m,0.18979999423027039,0.19009999930858612,0.18809999525547028,0.188400000333786,5339072,5339072,yfinance,2026-07-10T06:58:17.136516+00:00
2026-06-04 11:45:00+00:00,ADA-USD,15m,0.188400000333786,0.19009999930858612,0.188400000333786,0.1898999959230423,1885760,1885760,yfinance,2026-07-10T06:58:17.136516+00:00
2026-06-04 12:00:00+00:00,ADA-USD,15m,0.19009999930858612,0.19020000100135803,0.1882999986410141,0.18870000541210175,3132800,3132800,yfinance,2026-07-10T06:58:17.136516+00:00
2026-06-04 12:15:00+00:00,ADA-USD,15m,0.18880000710487366,0.19040000438690186,0.18850000202655792,0.1898999959230423,4649792,4649792,yfinance,2026-07-10T06:58:17.136516+00:00
2026-06-04 12:30:00+00:00,ADA-USD,15m,0.1899999976158142,0.19220000505447388,0.1898999959230423,0.19179999828338623,10909632,10909632,yfinance,2026-07-10T06:58:17.136516+00:00
2026-06-04 12:45:00+00:00,ADA-USD,15m,0.19179999828338623,0.1923999935388565,0.19110000133514404,0.1914999932050705,1693504,1693504,yfinance,2026-07-10T06:58:17.136516+00:00
2026-06-04 13:00:00+00:00,ADA-USD,15m,0.19169999659061432,0.19179999828338623,0.1899999976158142,0.1899999976158142,255424,255424,yfinance,2026-07-10T06:58:17.136516+00:00
2026-06-04 13:15:00+00:00,ADA-USD,15m,0.18960000574588776,0.18979999423027039,0.18690000474452972,0.1876000016927719,4356992,4356992,yfinance,2026-07-10T06:58:17.136516+00:00
2026-06-04 13:30:00+00:00,ADA-USD,15m,0.1873999983072281,0.19030000269412994,0.18729999661445618,0.18880000710487366,7646720,7646720,yfinance,2026-07-10T06:58:17.136516+00:00
2026-06-04 13:45:00+00:00,ADA-USD,15m,0.18860000371932983,0.1891999989748001,0.1873999983072281,0.18889999389648438,3228544,3228544,yfinance,2026-07-10T06:58:17.136516+00:00
2026-06-04 14:00:00+00:00,ADA-USD,15m,0.1891999989748001,0.18960000574588776,0.18780000507831573,0.18870000541210175,5732544,5732544,yfinance,2026-07-10T06:58:17.136516+00:00
2026-06-04 14:15:00+00:00,ADA-USD,15m,0.18860000371932983,0.1889999955892563,0.18799999356269836,0.18870000541210175,2047936,2047936,yfinance,2026-07-10T06:58:17.136516+00:00
2026-06-04 14:30:00+00:00,ADA-USD,15m,0.18860000371932983,0.18950000405311584,0.18770000338554382,0.18940000236034393,1504832,1504832,yfinance,2026-07-10T06:58:17.136516+00:00
2026-06-04 14:45:00+00:00,ADA-USD,15m,0.18930000066757202,0.1898999959230423,0.18870000541210175,0.18950000405311584,1358784,1358784,yfinance,2026-07-10T06:58:17.136516+00:00
2026-06-04 15:00:00+00:00,ADA-USD,15m,0.18930000066757202,0.19200000166893005,0.18889999389648438,0.19200000166893005,7351936,7351936,yfinance,2026-07-10T06:58:17.136516+00:00
2026-06-04 15:15:00+00:00,ADA-USD,15m,0.19169999659061432,0.19210000336170197,0.18960000574588776,0.19040000438690186,1423936,1423936,yfinance,2026-07-10T06:58:17.136516+00:00
2026-06-04 15:30:00+00:00,ADA-USD,15m,0.19030000269412994,0.19099999964237213,0.1891999989748001,0.19009999930858612,0,0,yfinance,2026-07-10T06:58:17.136516+00:00
2026-06-04 15:45:00+00:00,ADA-USD,15m,0.19009999930858612,0.19020000100135803,0.18860000371932983,0.18870000541210175,1730240,1730240,yfinance,2026-07-10T06:58:17.136516+00:00
2026-06-04 16:00:00+00:00,ADA-USD,15m,0.18870000541210175,0.18870000541210175,0.18709999322891235,0.18729999661445618,60224,60224,yfinance,2026-07-10T06:58:17.136516+00:00
2026-06-04 16:15:00+00:00,ADA-USD,15m,0.18729999661445618,0.1882999986410141,0.18619999289512634,0.1867000013589859,594240,594240,yfinance,2026-07-10T06:58:17.136516+00:00
2026-06-04 16:30:00+00:00,ADA-USD,15m,0.1867000013589859,0.18850000202655792,0.1859000027179718,0.18809999525547028,862912,862912,yfinance,2026-07-10T06:58:17.136516+00:00
2026-06-04 16:45:00+00:00,ADA-USD,15m,0.18809999525547028,0.1882999986410141,0.18619999289512634,0.18700000643730164,0,0,yfinance,2026-07-10T06:58:17.136516+00:00
2026-06-04 17:00:00+00:00,ADA-USD,15m,0.1868000030517578,0.1882999986410141,0.186599999666214,0.18809999525547028,320256,320256,yfinance,2026-07-10T06:58:17.136516+00:00
2026-06-04 17:15:00+00:00,ADA-USD,15m,0.18790000677108765,0.18860000371932983,0.186599999666214,0.1882999986410141,1425792,1425792,yfinance,2026-07-10T06:58:17.136516+00:00
2026-06-04 17:30:00+00:00,ADA-USD,15m,0.1881999969482422,0.18880000710487366,0.18639999628067017,0.1868000030517578,846400,846400,yfinance,2026-07-10T06:58:17.136516+00:00
2026-06-04 17:45:00+00:00,ADA-USD,15m,0.18690000474452972,0.18930000066757202,0.18639999628067017,0.18809999525547028,4769280,4769280,yfinance,2026-07-10T06:58:17.136516+00:00
2026-06-04 18:00:00+00:00,ADA-USD,15m,0.1881999969482422,0.1882999986410141,0.18539999425411224,0.18559999763965607,1161856,1161856,yfinance,2026-07-10T06:58:17.136516+00:00
2026-06-04 18:15:00+00:00,ADA-USD,15m,0.1858000010251999,0.18970000743865967,0.18569999933242798,0.18970000743865967,1697216,1697216,yfinance,2026-07-10T06:58:17.136516+00:00
2026-06-04 18:30:00+00:00,ADA-USD,15m,0.18970000743865967,0.19030000269412994,0.18870000541210175,0.18970000743865967,6166912,6166912,yfinance,2026-07-10T06:58:17.136516+00:00
2026-06-04 18:45:00+00:00,ADA-USD,15m,0.18960000574588776,0.1898999959230423,0.18770000338554382,0.1881999969482422,3054400,3054400,yfinance,2026-07-10T06:58:17.136516+00:00
2026-06-04 19:00:00+00:00,ADA-USD,15m,0.18809999525547028,0.18880000710487366,0.18610000610351562,0.1868000030517578,4014656,4014656,yfinance,2026-07-10T06:58:17.136516+00:00
2026-06-04 19:15:00+00:00,ADA-USD,15m,0.18709999322891235,0.1891999989748001,0.18690000474452972,0.1890999972820282,2887808,2887808,yfinance,2026-07-10T06:58:17.136516+00:00
2026-06-04 19:30:00+00:00,ADA-USD,15m,0.1890999972820282,0.1891999989748001,0.18639999628067017,0.1867000013589859,0,0,yfinance,2026-07-10T06:58:17.136516+00:00
2026-06-04 19:45:00+00:00,ADA-USD,15m,0.18649999797344208,0.1867000013589859,0.1859000027179718,0.18639999628067017,347520,347520,yfinance,2026-07-10T06:58:17.136516+00:00
2026-06-04 20:00:00+00:00,ADA-USD,15m,0.18639999628067017,0.18639999628067017,0.18389999866485596,0.18459999561309814,2317184,2317184,yfinance,2026-07-10T06:58:17.136516+00:00
2026-06-04 20:15:00+00:00,ADA-USD,15m,0.18459999561309814,0.18549999594688416,0.18459999561309814,0.18490000069141388,0,0,yfinance,2026-07-10T06:58:17.136516+00:00
2026-06-04 20:30:00+00:00,ADA-USD,15m,0.18490000069141388,0.18610000610351562,0.18479999899864197,0.18520000576972961,0,0,yfinance,2026-07-10T06:58:17.136516+00:00
2026-06-04 20:45:00+00:00,ADA-USD,15m,0.1851000040769577,0.18520000576972961,0.1834000051021576,0.1843000054359436,0,0,yfinance,2026-07-10T06:58:17.136516+00:00
2026-06-04 21:00:00+00:00,ADA-USD,15m,0.18389999866485596,0.1843000054359436,0.18289999663829803,0.18379999697208405,0,0,yfinance,2026-07-10T06:58:17.136516+00:00
2026-06-04 21:15:00+00:00,ADA-USD,15m,0.18400000035762787,0.18400000035762787,0.18199999630451202,0.18219999969005585,3543168,3543168,yfinance,2026-07-10T06:58:17.136516+00:00
2026-06-04 21:30:00+00:00,ADA-USD,15m,0.18230000138282776,0.18230000138282776,0.17870000004768372,0.18119999766349792,8483968,8483968,yfinance,2026-07-10T06:58:17.136516+00:00
2026-06-04 21:45:00+00:00,ADA-USD,15m,0.18140000104904175,0.18160000443458557,0.18029999732971191,0.18029999732971191,6528128,6528128,yfinance,2026-07-10T06:58:17.136516+00:00
2026-06-04 22:00:00+00:00,ADA-USD,15m,0.18019999563694,0.18150000274181366,0.17980000376701355,0.18119999766349792,486528,486528,yfinance,2026-07-10T06:58:17.136516+00:00
2026-06-04 22:15:00+00:00,ADA-USD,15m,0.18119999766349792,0.18199999630451202,0.18050000071525574,0.18140000104904175,1376832,1376832,yfinance,2026-07-10T06:58:17.136516+00:00
2026-06-04 22:30:00+00:00,ADA-USD,15m,0.1809999942779541,0.18119999766349792,0.17970000207424164,0.18039999902248383,3030848,3030848,yfinance,2026-07-10T06:58:17.136516+00:00
2026-06-04 22:45:00+00:00,ADA-USD,15m,0.18060000240802765,0.18209999799728394,0.18000000715255737,0.18160000443458557,503104,503104,yfinance,2026-07-10T06:58:17.136516+00:00
2026-06-04 23:00:00+00:00,ADA-USD,15m,0.18150000274181366,0.18320000171661377,0.18140000104904175,0.18199999630451202,0,0,yfinance,2026-07-10T06:58:17.136516+00:00
2026-06-04 23:15:00+00:00,ADA-USD,15m,0.1817999929189682,0.18199999630451202,0.1800999939441681,0.18019999563694,0,0,yfinance,2026-07-10T06:58:17.136516+00:00
2026-06-04 23:30:00+00:00,ADA-USD,15m,0.18019999563694,0.1809999942779541,0.18000000715255737,0.18019999563694,0,0,yfinance,2026-07-10T06:58:17.136516+00:00
2026-06-04 23:45:00+00:00,ADA-USD,15m,0.18000000715255737,0.18019999563694,0.179299995303154,0.17960000038146973,3096192,3096192,yfinance,2026-07-10T06:58:17.136516+00:00
2026-06-05 00:00:00+00:00,ADA-USD,15m,0.179299995303154,0.17949999868869781,0.17509999871253967,0.17560000717639923,3469888,3469888,yfinance,2026-07-10T06:58:17.136516+00:00
2026-06-05 00:15:00+00:00,ADA-USD,15m,0.17589999735355377,0.17790000140666962,0.17499999701976776,0.1777999997138977,12663936,12663936,yfinance,2026-07-10T06:58:17.136516+00:00
2026-06-05 00:30:00+00:00,ADA-USD,15m,0.1776999980211258,0.17790000140666962,0.1761000007390976,0.17679999768733978,0,0,yfinance,2026-07-10T06:58:17.136516+00:00
2026-06-05 00:45:00+00:00,ADA-USD,15m,0.17679999768733978,0.17820000648498535,0.17399999499320984,0.17440000176429749,0,0,yfinance,2026-07-10T06:58:17.136516+00:00
2026-06-05 01:00:00+00:00,ADA-USD,15m,0.17430000007152557,0.1745000034570694,0.1720999926328659,0.17270000278949738,3358784,3358784,yfinance,2026-07-10T06:58:17.136516+00:00
2026-06-05 01:15:00+00:00,ADA-USD,15m,0.17270000278949738,0.17329999804496765,0.17139999568462372,0.1729000061750412,1847808,1847808,yfinance,2026-07-10T06:58:17.136516+00:00
2026-06-05 01:30:00+00:00,ADA-USD,15m,0.17309999465942383,0.17430000007152557,0.17219999432563782,0.1738000065088272,0,0,yfinance,2026-07-10T06:58:17.136516+00:00
2026-06-05 01:45:00+00:00,ADA-USD,15m,0.1738000065088272,0.17399999499320984,0.17170000076293945,0.1720999926328659,723968,723968,yfinance,2026-07-10T06:58:17.136516+00:00
2026-06-05 02:00:00+00:00,ADA-USD,15m,0.1720999926328659,0.1720999926328659,0.16949999332427979,0.1704999953508377,0,0,yfinance,2026-07-10T06:58:17.136516+00:00
2026-06-05 02:15:00+00:00,ADA-USD,15m,0.17020000517368317,0.17080000042915344,0.16760000586509705,0.16760000586509705,579776,579776,yfinance,2026-07-10T06:58:17.136516+00:00
2026-06-05 02:30:00+00:00,ADA-USD,15m,0.16779999434947968,0.16899999976158142,0.16539999842643738,0.1656000018119812,3083008,3083008,yfinance,2026-07-10T06:58:17.136516+00:00
2026-06-05 02:45:00+00:00,ADA-USD,15m,0.1657000035047531,0.1662999987602234,0.16300000250339508,0.16359999775886536,9172352,9172352,yfinance,2026-07-10T06:58:17.136516+00:00
2026-06-05 03:00:00+00:00,ADA-USD,15m,0.16339999437332153,0.16459999978542328,0.16290000081062317,0.16329999268054962,12320320,12320320,yfinance,2026-07-10T06:58:17.136516+00:00
2026-06-05 03:15:00+00:00,ADA-USD,15m,0.16329999268054962,0.16519999504089355,0.1606999933719635,0.16189999878406525,6906240,6906240,yfinance,2026-07-10T06:58:17.136516+00:00
2026-06-05 03:30:00+00:00,ADA-USD,15m,0.16200000047683716,0.16249999403953552,0.1598999947309494,0.16019999980926514,10418496,10418496,yfinance,2026-07-10T06:58:17.136516+00:00
2026-06-05 03:45:00+00:00,ADA-USD,15m,0.16030000150203705,0.16089999675750732,0.15790000557899475,0.1582999974489212,13431104,13431104,yfinance,2026-07-10T06:58:17.136516+00:00
2026-06-05 04:00:00+00:00,ADA-USD,15m,0.15839999914169312,0.16419999301433563,0.15800000727176666,0.16419999301433563,15663616,15663616,yfinance,2026-07-10T06:58:17.136516+00:00
2026-06-05 04:15:00+00:00,ADA-USD,15m,0.16439999639987946,0.16740000247955322,0.16359999775886536,0.16689999401569366,28523008,28523008,yfinance,2026-07-10T06:58:17.136516+00:00
2026-06-05 04:30:00+00:00,ADA-USD,15m,0.16680000722408295,0.16699999570846558,0.16449999809265137,0.16519999504089355,8094720,8094720,yfinance,2026-07-10T06:58:17.136516+00:00
2026-06-05 04:45:00+00:00,ADA-USD,15m,0.1655000001192093,0.16859999299049377,0.16419999301433563,0.16850000619888306,12925568,12925568,yfinance,2026-07-10T06:58:17.136516+00:00
2026-06-05 05:00:00+00:00,ADA-USD,15m,0.16850000619888306,0.16899999976158142,0.16660000383853912,0.1671999990940094,6244992,6244992,yfinance,2026-07-10T06:58:17.136516+00:00
2026-06-05 05:15:00+00:00,ADA-USD,15m,0.16740000247955322,0.16779999434947968,0.1662999987602234,0.16689999401569366,1974720,1974720,yfinance,2026-07-10T06:58:17.136516+00:00
2026-06-05 05:30:00+00:00,ADA-USD,15m,0.16699999570846558,0.16760000586509705,0.16449999809265137,0.16459999978542328,292224,292224,yfinance,2026-07-10T06:58:17.136516+00:00
2026-06-05 05:45:00+00:00,ADA-USD,15m,0.16459999978542328,0.1655000001192093,0.16380000114440918,0.16439999639987946,2096896,2096896,yfinance,2026-07-10T06:58:17.136516+00:00
2026-06-05 06:00:00+00:00,ADA-USD,15m,0.16439999639987946,0.16519999504089355,0.16259999573230743,0.16279999911785126,8345152,8345152,yfinance,2026-07-10T06:58:17.136516+00:00
2026-06-05 06:15:00+00:00,ADA-USD,15m,0.16290000081062317,0.16329999268054962,0.16009999811649323,0.163100004196167,13608832,13608832,yfinance,2026-07-10T06:58:17.136516+00:00
2026-06-05 06:30:00+00:00,ADA-USD,15m,0.16329999268054962,0.16359999775886536,0.16120000183582306,0.16339999437332153,10809984,10809984,yfinance,2026-07-10T06:58:17.136516+00:00
2026-06-05 06:45:00+00:00,ADA-USD,15m,0.16359999775886536,0.16359999775886536,0.16089999675750732,0.1615000069141388,10325056,10325056,yfinance,2026-07-10T06:58:17.136516+00:00
2026-06-05 07:00:00+00:00,ADA-USD,15m,0.1615999937057495,0.16189999878406525,0.15870000422000885,0.15870000422000885,3909824,3909824,yfinance,2026-07-10T06:58:17.136516+00:00
2026-06-05 07:15:00+00:00,ADA-USD,15m,0.15889999270439148,0.16359999775886536,0.15889999270439148,0.16300000250339508,12092416,12092416,yfinance,2026-07-10T06:58:17.136516+00:00
2026-06-05 07:30:00+00:00,ADA-USD,15m,0.16279999911785126,0.1647000014781952,0.16269999742507935,0.16459999978542328,18919040,18919040,yfinance,2026-07-10T06:58:17.136516+00:00
2026-06-05 07:45:00+00:00,ADA-USD,15m,0.16449999809265137,0.1655000001192093,0.16290000081062317,0.16329999268054962,9682304,9682304,yfinance,2026-07-10T06:58:17.136516+00:00
2026-06-05 08:00:00+00:00,ADA-USD,15m,0.16329999268054962,0.16329999268054962,0.1607999950647354,0.16099999845027924,1003776,1003776,yfinance,2026-07-10T06:58:17.136516+00:00
2026-06-05 08:15:00+00:00,ADA-USD,15m,0.16089999675750732,0.16110000014305115,0.1598999947309494,0.16019999980926514,1722112,1722112,yfinance,2026-07-10T06:58:17.136516+00:00
2026-06-05 08:30:00+00:00,ADA-USD,15m,0.16019999980926514,0.16040000319480896,0.15850000083446503,0.15919999778270721,5945728,5945728,yfinance,2026-07-10T06:58:17.136516+00:00
2026-06-05 08:45:00+00:00,ADA-USD,15m,0.1590999960899353,0.16099999845027924,0.1590999960899353,0.16050000488758087,5606272,5606272,yfinance,2026-07-10T06:58:17.136516+00:00
2026-06-05 09:00:00+00:00,ADA-USD,15m,0.1607999950647354,0.164000004529953,0.16040000319480896,0.16359999775886536,8230656,8230656,yfinance,2026-07-10T06:58:17.136516+00:00
2026-06-05 09:15:00+00:00,ADA-USD,15m,0.16419999301433563,0.16500000655651093,0.16269999742507935,0.1647000014781952,3115776,3115776,yfinance,2026-07-10T06:58:17.136516+00:00
2026-06-05 09:30:00+00:00,ADA-USD,15m,0.1647000014781952,0.1647000014781952,0.1624000072479248,0.16259999573230743,0,0,yfinance,2026-07-10T06:58:17.136516+00:00
2026-06-05 09:45:00+00:00,ADA-USD,15m,0.16259999573230743,0.16429999470710754,0.16249999403953552,0.164000004529953,780800,780800,yfinance,2026-07-10T06:58:17.136516+00:00
2026-06-05 10:00:00+00:00,ADA-USD,15m,0.164000004529953,0.1648000031709671,0.16279999911785126,0.1639000028371811,0,0,yfinance,2026-07-10T06:58:17.136516+00:00
2026-06-05 10:15:00+00:00,ADA-USD,15m,0.16380000114440918,0.16429999470710754,0.16349999606609344,0.164000004529953,1377408,1377408,yfinance,2026-07-10T06:58:17.136516+00:00
2026-06-05 10:30:00+00:00,ADA-USD,15m,0.164000004529953,0.16609999537467957,0.1639000028371811,0.16599999368190765,0,0,yfinance,2026-07-10T06:58:17.136516+00:00
2026-06-05 10:45:00+00:00,ADA-USD,15m,0.16599999368190765,0.16609999537467957,0.16359999775886536,0.16380000114440918,214272,214272,yfinance,2026-07-10T06:58:17.136516+00:00
2026-06-05 11:00:00+00:00,ADA-USD,15m,0.16369999945163727,0.16369999945163727,0.1615999937057495,0.1615999937057495,2673280,2673280,yfinance,2026-07-10T06:58:17.136516+00:00
2026-06-05 11:15:00+00:00,ADA-USD,15m,0.1615000069141388,0.16380000114440918,0.16130000352859497,0.16369999945163727,5632128,5632128,yfinance,2026-07-10T06:58:17.136516+00:00
2026-06-05 11:30:00+00:00,ADA-USD,15m,0.16369999945163727,0.164000004529953,0.16249999403953552,0.16279999911785126,4918400,4918400,yfinance,2026-07-10T06:58:17.136516+00:00
2026-06-05 11:45:00+00:00,ADA-USD,15m,0.16249999403953552,0.163100004196167,0.16169999539852142,0.1624000072479248,2341760,2341760,yfinance,2026-07-10T06:58:17.136516+00:00
2026-06-05 12:00:00+00:00,ADA-USD,15m,0.16220000386238098,0.16359999775886536,0.16110000014305115,0.16269999742507935,2047360,2047360,yfinance,2026-07-10T06:58:17.136516+00:00
2026-06-05 12:15:00+00:00,ADA-USD,15m,0.16279999911785126,0.16380000114440918,0.16130000352859497,0.16169999539852142,1559168,1559168,yfinance,2026-07-10T06:58:17.136516+00:00
2026-06-05 12:30:00+00:00,ADA-USD,15m,0.16249999403953552,0.16249999403953552,0.1606999933719635,0.1615000069141388,1132928,1132928,yfinance,2026-07-10T06:58:17.136516+00:00
2026-06-05 12:45:00+00:00,ADA-USD,15m,0.1615999937057495,0.16279999911785126,0.16089999675750732,0.16259999573230743,1112064,1112064,yfinance,2026-07-10T06:58:17.136516+00:00
2026-06-05 13:00:00+00:00,ADA-USD,15m,0.16300000250339508,0.1648000031709671,0.16269999742507935,0.16359999775886536,8295296,8295296,yfinance,2026-07-10T06:58:17.136516+00:00
2026-06-05 13:15:00+00:00,ADA-USD,15m,0.16369999945163727,0.16509999334812164,0.163100004196167,0.16369999945163727,3105152,3105152,yfinance,2026-07-10T06:58:17.136516+00:00
2026-06-05 13:30:00+00:00,ADA-USD,15m,0.1632000058889389,0.16439999639987946,0.16140000522136688,0.16179999709129333,19840,19840,yfinance,2026-07-10T06:58:17.136516+00:00
2026-06-05 13:45:00+00:00,ADA-USD,15m,0.16189999878406525,0.16200000047683716,0.15940000116825104,0.15960000455379486,0,0,yfinance,2026-07-10T06:58:17.136516+00:00
2026-06-05 14:00:00+00:00,ADA-USD,15m,0.15960000455379486,0.16189999878406525,0.15790000557899475,0.16099999845027924,12655360,12655360,yfinance,2026-07-10T06:58:17.136516+00:00
2026-06-05 14:15:00+00:00,ADA-USD,15m,0.16130000352859497,0.16249999403953552,0.16089999675750732,0.16140000522136688,3409280,3409280,yfinance,2026-07-10T06:58:17.136516+00:00
2026-06-05 14:30:00+00:00,ADA-USD,15m,0.16169999539852142,0.16300000250339508,0.1606999933719635,0.16099999845027924,5796480,5796480,yfinance,2026-07-10T06:58:17.136516+00:00
2026-06-05 14:45:00+00:00,ADA-USD,15m,0.16110000014305115,0.16200000047683716,0.1598999947309494,0.16040000319480896,4116608,4116608,yfinance,2026-07-10T06:58:17.136516+00:00
2026-06-05 15:00:00+00:00,ADA-USD,15m,0.16030000150203705,0.16089999675750732,0.15809999406337738,0.15839999914169312,1241600,1241600,yfinance,2026-07-10T06:58:17.136516+00:00
2026-06-05 15:15:00+00:00,ADA-USD,15m,0.15850000083446503,0.16009999811649323,0.15770000219345093,0.15919999778270721,9503616,9503616,yfinance,2026-07-10T06:58:17.136516+00:00
2026-06-05 15:30:00+00:00,ADA-USD,15m,0.1589999943971634,0.15919999778270721,0.1573999971151352,0.15809999406337738,3658496,3658496,yfinance,2026-07-10T06:58:17.136516+00:00
2026-06-05 15:45:00+00:00,ADA-USD,15m,0.1581999957561493,0.15860000252723694,0.15649999678134918,0.15710000693798065,5492736,5492736,yfinance,2026-07-10T06:58:17.136516+00:00
2026-06-05 16:00:00+00:00,ADA-USD,15m,0.15710000693798065,0.15809999406337738,0.15459999442100525,0.15770000219345093,7318912,7318912,yfinance,2026-07-10T06:58:17.136516+00:00
2026-06-05 16:15:00+00:00,ADA-USD,15m,0.15719999372959137,0.16110000014305115,0.15719999372959137,0.1589999943971634,30657408,30657408,yfinance,2026-07-10T06:58:17.136516+00:00
2026-06-05 16:30:00+00:00,ADA-USD,15m,0.15889999270439148,0.16040000319480896,0.15870000422000885,0.15950000286102295,3410816,3410816,yfinance,2026-07-10T06:58:17.136516+00:00
2026-06-05 16:45:00+00:00,ADA-USD,15m,0.15950000286102295,0.1632000058889389,0.15950000286102295,0.16269999742507935,10738304,10738304,yfinance,2026-07-10T06:58:17.136516+00:00
2026-06-05 17:00:00+00:00,ADA-USD,15m,0.16290000081062317,0.16359999775886536,0.1615999937057495,0.16220000386238098,3446400,3446400,yfinance,2026-07-10T06:58:17.136516+00:00
2026-06-05 17:15:00+00:00,ADA-USD,15m,0.16210000216960907,0.16220000386238098,0.16050000488758087,0.1606999933719635,709248,709248,yfinance,2026-07-10T06:58:17.136516+00:00
2026-06-05 17:30:00+00:00,ADA-USD,15m,0.1607999950647354,0.16220000386238098,0.16050000488758087,0.1607999950647354,1591040,1591040,yfinance,2026-07-10T06:58:17.136516+00:00
2026-06-05 17:45:00+00:00,ADA-USD,15m,0.16089999675750732,0.16120000183582306,0.15970000624656677,0.1607999950647354,0,0,yfinance,2026-07-10T06:58:17.136516+00:00
2026-06-05 18:00:00+00:00,ADA-USD,15m,0.1607999950647354,0.16259999573230743,0.1606999933719635,0.1615000069141388,2869120,2869120,yfinance,2026-07-10T06:58:17.136516+00:00
2026-06-05 18:15:00+00:00,ADA-USD,15m,0.1615000069141388,0.16179999709129333,0.15929999947547913,0.15940000116825104,0,0,yfinance,2026-07-10T06:58:17.136516+00:00
2026-06-05 18:30:00+00:00,ADA-USD,15m,0.15940000116825104,0.16040000319480896,0.1582999974489212,0.15940000116825104,584832,584832,yfinance,2026-07-10T06:58:17.136516+00:00
2026-06-05 18:45:00+00:00,ADA-USD,15m,0.15929999947547913,0.15929999947547913,0.15719999372959137,0.15770000219345093,3150208,3150208,yfinance,2026-07-10T06:58:17.136516+00:00
2026-06-05 19:00:00+00:00,ADA-USD,15m,0.1574999988079071,0.15770000219345093,0.1559000015258789,0.15649999678134918,3072,3072,yfinance,2026-07-10T06:58:17.136516+00:00
2026-06-05 19:15:00+00:00,ADA-USD,15m,0.15649999678134918,0.15850000083446503,0.1550000011920929,0.15850000083446503,2639104,2639104,yfinance,2026-07-10T06:58:17.136516+00:00
2026-06-05 19:30:00+00:00,ADA-USD,15m,0.15860000252723694,0.1597999930381775,0.15770000219345093,0.15950000286102295,6269440,6269440,yfinance,2026-07-10T06:58:17.136516+00:00
2026-06-05 19:45:00+00:00,ADA-USD,15m,0.15960000455379486,0.16169999539852142,0.15940000116825104,0.16050000488758087,8728320,8728320,yfinance,2026-07-10T06:58:17.136516+00:00
2026-06-05 20:00:00+00:00,ADA-USD,15m,0.16060000658035278,0.16120000183582306,0.1582999974489212,0.16099999845027924,3988992,3988992,yfinance,2026-07-10T06:58:17.136516+00:00
2026-06-05 20:15:00+00:00,ADA-USD,15m,0.16110000014305115,0.1624000072479248,0.16019999980926514,0.16189999878406525,8280576,8280576,yfinance,2026-07-10T06:58:17.136516+00:00
2026-06-05 20:30:00+00:00,ADA-USD,15m,0.16179999709129333,0.16259999573230743,0.16110000014305115,0.16259999573230743,3299840,3299840,yfinance,2026-07-10T06:58:17.136516+00:00
2026-06-05 20:45:00+00:00,ADA-USD,15m,0.16259999573230743,0.16329999268054962,0.16189999878406525,0.1624000072479248,3458560,3458560,yfinance,2026-07-10T06:58:17.136516+00:00
2026-06-05 21:00:00+00:00,ADA-USD,15m,0.1623000055551529,0.16300000250339508,0.16179999709129333,0.16269999742507935,628608,628608,yfinance,2026-07-10T06:58:17.136516+00:00
2026-06-05 21:15:00+00:00,ADA-USD,15m,0.16279999911785126,0.16300000250339508,0.16200000047683716,0.16200000047683716,0,0,yfinance,2026-07-10T06:58:17.136516+00:00
2026-06-05 21:30:00+00:00,ADA-USD,15m,0.16200000047683716,0.16279999911785126,0.1615999937057495,0.16279999911785126,0,0,yfinance,2026-07-10T06:58:17.136516+00:00
2026-06-05 21:45:00+00:00,ADA-USD,15m,0.16269999742507935,0.16380000114440918,0.16249999403953552,0.16259999573230743,207232,207232,yfinance,2026-07-10T06:58:17.136516+00:00
2026-06-05 22:00:00+00:00,ADA-USD,15m,0.1623000055551529,0.1623000055551529,0.1590999960899353,0.1599999964237213,498816,498816,yfinance,2026-07-10T06:58:17.136516+00:00
2026-06-05 22:15:00+00:00,ADA-USD,15m,0.15940000116825104,0.16089999675750732,0.15880000591278076,0.15940000116825104,4326016,4326016,yfinance,2026-07-10T06:58:17.136516+00:00
2026-06-05 22:30:00+00:00,ADA-USD,15m,0.15940000116825104,0.16099999845027924,0.1589999943971634,0.16050000488758087,1611008,1611008,yfinance,2026-07-10T06:58:17.136516+00:00
2026-06-05 22:45:00+00:00,ADA-USD,15m,0.16050000488758087,0.16060000658035278,0.15950000286102295,0.15960000455379486,2658560,2658560,yfinance,2026-07-10T06:58:17.136516+00:00
2026-06-05 23:00:00+00:00,ADA-USD,15m,0.1597999930381775,0.16040000319480896,0.15850000083446503,0.15860000252723694,711936,711936,yfinance,2026-07-10T06:58:17.136516+00:00
2026-06-05 23:15:00+00:00,ADA-USD,15m,0.15850000083446503,0.15850000083446503,0.15639999508857727,0.15680000185966492,0,0,yfinance,2026-07-10T06:58:17.136516+00:00
2026-06-05 23:30:00+00:00,ADA-USD,15m,0.1565999984741211,0.1565999984741211,0.1550000011920929,0.15600000321865082,1711488,1711488,yfinance,2026-07-10T06:58:17.136516+00:00
2026-06-05 23:45:00+00:00,ADA-USD,15m,0.15569999814033508,0.15710000693798065,0.15520000457763672,0.156700000166893,2402560,2402560,yfinance,2026-07-10T06:58:17.136516+00:00
2026-06-06 00:00:00+00:00,ADA-USD,15m,0.156700000166893,0.1590999960899353,0.156700000166893,0.15850000083446503,1867264,1867264,yfinance,2026-07-10T06:58:17.136516+00:00
2026-06-06 00:15:00+00:00,ADA-USD,15m,0.1582999974489212,0.15960000455379486,0.15780000388622284,0.15950000286102295,0,0,yfinance,2026-07-10T06:58:17.136516+00:00
2026-06-06 00:30:00+00:00,ADA-USD,15m,0.15929999947547913,0.1606999933719635,0.15919999778270721,0.16019999980926514,0,0,yfinance,2026-07-10T06:58:17.136516+00:00
2026-06-06 00:45:00+00:00,ADA-USD,15m,0.16019999980926514,0.16189999878406525,0.16009999811649323,0.16140000522136688,1550208,1550208,yfinance,2026-07-10T06:58:17.136516+00:00
2026-06-06 01:00:00+00:00,ADA-USD,15m,0.16140000522136688,0.16249999403953552,0.1607999950647354,0.16110000014305115,0,0,yfinance,2026-07-10T06:58:17.136516+00:00
2026-06-06 01:15:00+00:00,ADA-USD,15m,0.16130000352859497,0.1615000069141388,0.1589999943971634,0.1598999947309494,0,0,yfinance,2026-07-10T06:58:17.136516+00:00
2026-06-06 01:30:00+00:00,ADA-USD,15m,0.1598999947309494,0.16040000319480896,0.15870000422000885,0.15919999778270721,0,0,yfinance,2026-07-10T06:58:17.136516+00:00
2026-06-06 01:45:00+00:00,ADA-USD,15m,0.1590999960899353,0.15960000455379486,0.15790000557899475,0.15870000422000885,0,0,yfinance,2026-07-10T06:58:17.136516+00:00
2026-06-06 02:00:00+00:00,ADA-USD,15m,0.15850000083446503,0.15850000083446503,0.15680000185966492,0.15719999372959137,0,0,yfinance,2026-07-10T06:58:17.136516+00:00
2026-06-06 02:15:00+00:00,ADA-USD,15m,0.15719999372959137,0.1573999971151352,0.1559000015258789,0.15639999508857727,0,0,yfinance,2026-07-10T06:58:17.136516+00:00
2026-06-06 02:30:00+00:00,ADA-USD,15m,0.15639999508857727,0.15770000219345093,0.15620000660419464,0.15719999372959137,0,0,yfinance,2026-07-10T06:58:17.136516+00:00
2026-06-06 02:45:00+00:00,ADA-USD,15m,0.15700000524520874,0.1573999971151352,0.15530000627040863,0.15549999475479126,0,0,yfinance,2026-07-10T06:58:17.136516+00:00
2026-06-06 03:00:00+00:00,ADA-USD,15m,0.15539999306201935,0.1559000015258789,0.15449999272823334,0.15569999814033508,0,0,yfinance,2026-07-10T06:58:17.136516+00:00
2026-06-06 03:15:00+00:00,ADA-USD,15m,0.15600000321865082,0.15600000321865082,0.15399999916553497,0.15539999306201935,0,0,yfinance,2026-07-10T06:58:17.136516+00:00
2026-06-06 03:30:00+00:00,ADA-USD,15m,0.15520000457763672,0.1559000015258789,0.15389999747276306,0.15449999272823334,0,0,yfinance,2026-07-10T06:58:17.136516+00:00
2026-06-06 03:45:00+00:00,ADA-USD,15m,0.15469999611377716,0.15539999306201935,0.1542000025510788,0.15520000457763672,0,0,yfinance,2026-07-10T06:58:17.136516+00:00
2026-06-06 04:00:00+00:00,ADA-USD,15m,0.1550000011920929,0.1559000015258789,0.15150000154972076,0.1518000066280365,0,0,yfinance,2026-07-10T06:58:17.136516+00:00
2026-06-06 04:15:00+00:00,ADA-USD,15m,0.15189999341964722,0.15279999375343323,0.1500999927520752,0.15029999613761902,1670848,1670848,yfinance,2026-07-10T06:58:17.136516+00:00
2026-06-06 04:30:00+00:00,ADA-USD,15m,0.15039999783039093,0.15060000121593475,0.14880000054836273,0.14959999918937683,6474432,6474432,yfinance,2026-07-10T06:58:17.136516+00:00
2026-06-06 04:45:00+00:00,ADA-USD,15m,0.14949999749660492,0.15060000121593475,0.14880000054836273,0.14980000257492065,824704,824704,yfinance,2026-07-10T06:58:17.136516+00:00
2026-06-06 05:00:00+00:00,ADA-USD,15m,0.14949999749660492,0.15029999613761902,0.1485999971628189,0.14920000731945038,3001856,3001856,yfinance,2026-07-10T06:58:17.136516+00:00
2026-06-06 05:15:00+00:00,ADA-USD,15m,0.14900000393390656,0.15309999883174896,0.14880000054836273,0.1526000052690506,25518016,25518016,yfinance,2026-07-10T06:58:17.136516+00:00
2026-06-06 05:30:00+00:00,ADA-USD,15m,0.15279999375343323,0.15320000052452087,0.15199999511241913,0.15299999713897705,3518016,3518016,yfinance,2026-07-10T06:58:17.136516+00:00
2026-06-06 05:45:00+00:00,ADA-USD,15m,0.15299999713897705,0.15479999780654907,0.15279999375343323,0.15369999408721924,2427456,2427456,yfinance,2026-07-10T06:58:17.136516+00:00
2026-06-06 06:00:00+00:00,ADA-USD,15m,0.15360000729560852,0.15520000457763672,0.15360000729560852,0.15520000457763672,628544,628544,yfinance,2026-07-10T06:58:17.136516+00:00
2026-06-06 06:15:00+00:00,ADA-USD,15m,0.1551000028848648,0.15620000660419464,0.15449999272823334,0.15600000321865082,0,0,yfinance,2026-07-10T06:58:17.136516+00:00
2026-06-06 06:30:00+00:00,ADA-USD,15m,0.15600000321865082,0.15620000660419464,0.15469999611377716,0.15489999949932098,0,0,yfinance,2026-07-10T06:58:17.136516+00:00
2026-06-06 06:45:00+00:00,ADA-USD,15m,0.15469999611377716,0.15520000457763672,0.15389999747276306,0.15399999916553497,0,0,yfinance,2026-07-10T06:58:17.136516+00:00
2026-06-06 07:00:00+00:00,ADA-USD,15m,0.1542000025510788,0.1565999984741211,0.15399999916553497,0.1565999984741211,903360,903360,yfinance,2026-07-10T06:58:17.136516+00:00
2026-06-06 07:15:00+00:00,ADA-USD,15m,0.156700000166893,0.15800000727176666,0.1559000015258789,0.15629999339580536,2127744,2127744,yfinance,2026-07-10T06:58:17.136516+00:00
2026-06-06 07:30:00+00:00,ADA-USD,15m,0.15629999339580536,0.15780000388622284,0.15629999339580536,0.15780000388622284,0,0,yfinance,2026-07-10T06:58:17.136516+00:00
2026-06-06 07:45:00+00:00,ADA-USD,15m,0.15800000727176666,0.1582999974489212,0.15719999372959137,0.15729999542236328,0,0,yfinance,2026-07-10T06:58:17.136516+00:00
2026-06-06 08:00:00+00:00,ADA-USD,15m,0.1573999971151352,0.1581999957561493,0.15649999678134918,0.15809999406337738,0,0,yfinance,2026-07-10T06:58:17.136516+00:00
2026-06-06 08:15:00+00:00,ADA-USD,15m,0.15809999406337738,0.1597999930381775,0.15770000219345093,0.15960000455379486,1673216,1673216,yfinance,2026-07-10T06:58:17.136516+00:00
2026-06-06 08:30:00+00:00,ADA-USD,15m,0.15940000116825104,0.15970000624656677,0.15870000422000885,0.1589999943971634,2050176,2050176,yfinance,2026-07-10T06:58:17.136516+00:00
2026-06-06 08:45:00+00:00,ADA-USD,15m,0.15889999270439148,0.15970000624656677,0.15839999914169312,0.15929999947547913,576768,576768,yfinance,2026-07-10T06:58:17.136516+00:00
2026-06-06 09:00:00+00:00,ADA-USD,15m,0.15940000116825104,0.16019999980926514,0.15850000083446503,0.15919999778270721,0,0,yfinance,2026-07-10T06:58:17.136516+00:00
2026-06-06 09:15:00+00:00,ADA-USD,15m,0.1589999943971634,0.15970000624656677,0.15880000591278076,0.15929999947547913,0,0,yfinance,2026-07-10T06:58:17.136516+00:00
2026-06-06 09:30:00+00:00,ADA-USD,15m,0.15919999778270721,0.15940000116825104,0.15809999406337738,0.1581999957561493,732608,732608,yfinance,2026-07-10T06:58:17.136516+00:00
2026-06-06 09:45:00+00:00,ADA-USD,15m,0.15809999406337738,0.15809999406337738,0.15629999339580536,0.1565999984741211,0,0,yfinance,2026-07-10T06:58:17.136516+00:00
2026-06-06 10:00:00+00:00,ADA-USD,15m,0.156700000166893,0.156700000166893,0.15459999442100525,0.15489999949932098,5400512,5400512,yfinance,2026-07-10T06:58:17.136516+00:00
2026-06-06 10:15:00+00:00,ADA-USD,15m,0.1550000011920929,0.15559999644756317,0.15469999611377716,0.15479999780654907,329728,329728,yfinance,2026-07-10T06:58:17.136516+00:00
2026-06-06 10:30:00+00:00,ADA-USD,15m,0.15469999611377716,0.1551000028848648,0.1535000056028366,0.15449999272823334,954240,954240,yfinance,2026-07-10T06:58:17.136516+00:00
2026-06-06 10:45:00+00:00,ADA-USD,15m,0.15440000593662262,0.15459999442100525,0.15369999408721924,0.15440000593662262,0,0,yfinance,2026-07-10T06:58:17.136516+00:00
2026-06-06 11:00:00+00:00,ADA-USD,15m,0.15440000593662262,0.15539999306201935,0.1543000042438507,0.15459999442100525,0,0,yfinance,2026-07-10T06:58:17.136516+00:00
2026-06-06 11:15:00+00:00,ADA-USD,15m,0.15459999442100525,0.15569999814033508,0.1542000025510788,0.15569999814033508,0,0,yfinance,2026-07-10T06:58:17.136516+00:00
2026-06-06 11:30:00+00:00,ADA-USD,15m,0.15569999814033508,0.15600000321865082,0.15530000627040863,0.155799999833107,164288,164288,yfinance,2026-07-10T06:58:17.136516+00:00
2026-06-06 11:45:00+00:00,ADA-USD,15m,0.1559000015258789,0.1565999984741211,0.155799999833107,0.15620000660419464,0,0,yfinance,2026-07-10T06:58:17.136516+00:00
2026-06-06 12:00:00+00:00,ADA-USD,15m,0.15620000660419464,0.15649999678134918,0.15549999475479126,0.155799999833107,0,0,yfinance,2026-07-10T06:58:17.136516+00:00
2026-06-06 12:15:00+00:00,ADA-USD,15m,0.15600000321865082,0.15620000660419464,0.15520000457763672,0.15520000457763672,150336,150336,yfinance,2026-07-10T06:58:17.136516+00:00
2026-06-06 12:30:00+00:00,ADA-USD,15m,0.1551000028848648,0.15639999508857727,0.15489999949932098,0.15629999339580536,0,0,yfinance,2026-07-10T06:58:17.136516+00:00
2026-06-06 12:45:00+00:00,ADA-USD,15m,0.15629999339580536,0.15940000116825104,0.15620000660419464,0.1582999974489212,5180864,5180864,yfinance,2026-07-10T06:58:17.136516+00:00
2026-06-06 13:00:00+00:00,ADA-USD,15m,0.1581999957561493,0.1590999960899353,0.15780000388622284,0.15870000422000885,0,0,yfinance,2026-07-10T06:58:17.136516+00:00
2026-06-06 13:15:00+00:00,ADA-USD,15m,0.15860000252723694,0.15960000455379486,0.15800000727176666,0.15839999914169312,0,0,yfinance,2026-07-10T06:58:17.136516+00:00
2026-06-06 13:30:00+00:00,ADA-USD,15m,0.1582999974489212,0.15870000422000885,0.15780000388622284,0.15870000422000885,0,0,yfinance,2026-07-10T06:58:17.136516+00:00
2026-06-06 13:45:00+00:00,ADA-USD,15m,0.15880000591278076,0.15929999947547913,0.15809999406337738,0.15839999914169312,0,0,yfinance,2026-07-10T06:58:17.136516+00:00
2026-06-06 14:00:00+00:00,ADA-USD,15m,0.1582999974489212,0.16099999845027924,0.1582999974489212,0.16089999675750732,0,0,yfinance,2026-07-10T06:58:17.136516+00:00
2026-06-06 14:15:00+00:00,ADA-USD,15m,0.16089999675750732,0.1615000069141388,0.15970000624656677,0.16019999980926514,4411840,4411840,yfinance,2026-07-10T06:58:17.136516+00:00
2026-06-06 14:30:00+00:00,ADA-USD,15m,0.16009999811649323,0.16140000522136688,0.15970000624656677,0.16130000352859497,0,0,yfinance,2026-07-10T06:58:17.136516+00:00
2026-06-06 14:45:00+00:00,ADA-USD,15m,0.16120000183582306,0.1615000069141388,0.1598999947309494,0.1599999964237213,0,0,yfinance,2026-07-10T06:58:17.136516+00:00
2026-06-06 15:00:00+00:00,ADA-USD,15m,0.1599999964237213,0.16030000150203705,0.1574999988079071,0.15800000727176666,0,0,yfinance,2026-07-10T06:58:17.136516+00:00
2026-06-06 15:15:00+00:00,ADA-USD,15m,0.15800000727176666,0.1582999974489212,0.15700000524520874,0.1581999957561493,0,0,yfinance,2026-07-10T06:58:17.136516+00:00
2026-06-06 15:30:00+00:00,ADA-USD,15m,0.1581999957561493,0.15919999778270721,0.15770000219345093,0.1589999943971634,0,0,yfinance,2026-07-10T06:58:17.136516+00:00
2026-06-06 15:45:00+00:00,ADA-USD,15m,0.1589999943971634,0.1590999960899353,0.15770000219345093,0.1582999974489212,0,0,yfinance,2026-07-10T06:58:17.136516+00:00
2026-06-06 16:00:00+00:00,ADA-USD,15m,0.15839999914169312,0.15970000624656677,0.1581999957561493,0.15889999270439148,0,0,yfinance,2026-07-10T06:58:17.136516+00:00
2026-06-06 16:15:00+00:00,ADA-USD,15m,0.15889999270439148,0.15929999947547913,0.15790000557899475,0.15809999406337738,0,0,yfinance,2026-07-10T06:58:17.136516+00:00
2026-06-06 16:30:00+00:00,ADA-USD,15m,0.15790000557899475,0.15889999270439148,0.1574999988079071,0.15889999270439148,0,0,yfinance,2026-07-10T06:58:17.136516+00:00
2026-06-06 16:45:00+00:00,ADA-USD,15m,0.15889999270439148,0.16009999811649323,0.15880000591278076,0.1598999947309494,1449792,1449792,yfinance,2026-07-10T06:58:17.136516+00:00
2026-06-06 17:00:00+00:00,ADA-USD,15m,0.1598999947309494,0.1599999964237213,0.1582999974489212,0.1582999974489212,0,0,yfinance,2026-07-10T06:58:17.136516+00:00
2026-06-06 17:15:00+00:00,ADA-USD,15m,0.1582999974489212,0.15850000083446503,0.15710000693798065,0.1573999971151352,0,0,yfinance,2026-07-10T06:58:17.136516+00:00
2026-06-06 17:30:00+00:00,ADA-USD,15m,0.1573999971151352,0.15850000083446503,0.1573999971151352,0.15839999914169312,354240,354240,yfinance,2026-07-10T06:58:17.136516+00:00
2026-06-06 17:45:00+00:00,ADA-USD,15m,0.15839999914169312,0.15860000252723694,0.15710000693798065,0.15760000050067902,83904,83904,yfinance,2026-07-10T06:58:17.136516+00:00
2026-06-06 18:00:00+00:00,ADA-USD,15m,0.1573999971151352,0.15839999914169312,0.15729999542236328,0.15800000727176666,138496,138496,yfinance,2026-07-10T06:58:17.136516+00:00
2026-06-06 18:15:00+00:00,ADA-USD,15m,0.15790000557899475,0.15880000591278076,0.1573999971151352,0.1582999974489212,1001984,1001984,yfinance,2026-07-10T06:58:17.136516+00:00
2026-06-06 18:30:00+00:00,ADA-USD,15m,0.15809999406337738,0.15809999406337738,0.15729999542236328,0.15760000050067902,0,0,yfinance,2026-07-10T06:58:17.136516+00:00
2026-06-06 18:45:00+00:00,ADA-USD,15m,0.15770000219345093,0.15770000219345093,0.156700000166893,0.15690000355243683,0,0,yfinance,2026-07-10T06:58:17.136516+00:00
2026-06-06 19:00:00+00:00,ADA-USD,15m,0.15690000355243683,0.15800000727176666,0.15680000185966492,0.15770000219345093,0,0,yfinance,2026-07-10T06:58:17.136516+00:00
2026-06-06 19:15:00+00:00,ADA-USD,15m,0.1574999988079071,0.15800000727176666,0.15710000693798065,0.1573999971151352,847424,847424,yfinance,2026-07-10T06:58:17.136516+00:00
2026-06-06 19:30:00+00:00,ADA-USD,15m,0.15729999542236328,0.1573999971151352,0.156700000166893,0.15680000185966492,0,0,yfinance,2026-07-10T06:58:17.136516+00:00
2026-06-06 19:45:00+00:00,ADA-USD,15m,0.15680000185966492,0.15729999542236328,0.156700000166893,0.15680000185966492,0,0,yfinance,2026-07-10T06:58:17.136516+00:00
2026-06-06 20:00:00+00:00,ADA-USD,15m,0.156700000166893,0.15710000693798065,0.15610000491142273,0.15690000355243683,0,0,yfinance,2026-07-10T06:58:17.136516+00:00
2026-06-06 20:15:00+00:00,ADA-USD,15m,0.15690000355243683,0.15719999372959137,0.15649999678134918,0.156700000166893,0,0,yfinance,2026-07-10T06:58:17.136516+00:00
2026-06-06 20:30:00+00:00,ADA-USD,15m,0.156700000166893,0.15729999542236328,0.15620000660419464,0.15700000524520874,0,0,yfinance,2026-07-10T06:58:17.136516+00:00
2026-06-06 20:45:00+00:00,ADA-USD,15m,0.15690000355243683,0.1573999971151352,0.15649999678134918,0.15700000524520874,0,0,yfinance,2026-07-10T06:58:17.136516+00:00
2026-06-06 21:00:00+00:00,ADA-USD,15m,0.15690000355243683,0.1581999957561493,0.15690000355243683,0.15780000388622284,0,0,yfinance,2026-07-10T06:58:17.136516+00:00
2026-06-06 21:15:00+00:00,ADA-USD,15m,0.15809999406337738,0.15860000252723694,0.15770000219345093,0.15790000557899475,282560,282560,yfinance,2026-07-10T06:58:17.136516+00:00
2026-06-06 21:30:00+00:00,ADA-USD,15m,0.15800000727176666,0.15860000252723694,0.15770000219345093,0.15809999406337738,0,0,yfinance,2026-07-10T06:58:17.136516+00:00
2026-06-06 21:45:00+00:00,ADA-USD,15m,0.15790000557899475,0.15800000727176666,0.15700000524520874,0.15719999372959137,0,0,yfinance,2026-07-10T06:58:17.136516+00:00
2026-06-06 22:00:00+00:00,ADA-USD,15m,0.15690000355243683,0.15719999372959137,0.15559999644756317,0.15629999339580536,0,0,yfinance,2026-07-10T06:58:17.136516+00:00
2026-06-06 22:15:00+00:00,ADA-USD,15m,0.15629999339580536,0.15700000524520874,0.15610000491142273,0.15629999339580536,0,0,yfinance,2026-07-10T06:58:17.136516+00:00
2026-06-06 22:30:00+00:00,ADA-USD,15m,0.15629999339580536,0.15700000524520874,0.15600000321865082,0.15600000321865082,0,0,yfinance,2026-07-10T06:58:17.136516+00:00
2026-06-06 22:45:00+00:00,ADA-USD,15m,0.15620000660419464,0.15680000185966492,0.155799999833107,0.155799999833107,0,0,yfinance,2026-07-10T06:58:17.136516+00:00
2026-06-06 23:00:00+00:00,ADA-USD,15m,0.1559000015258789,0.1565999984741211,0.15559999644756317,0.15629999339580536,0,0,yfinance,2026-07-10T06:58:17.136516+00:00
2026-06-06 23:15:00+00:00,ADA-USD,15m,0.15620000660419464,0.15629999339580536,0.15559999644756317,0.15629999339580536,0,0,yfinance,2026-07-10T06:58:17.136516+00:00
2026-06-06 23:30:00+00:00,ADA-USD,15m,0.15629999339580536,0.1574999988079071,0.15610000491142273,0.15729999542236328,0,0,yfinance,2026-07-10T06:58:17.136516+00:00
2026-06-06 23:45:00+00:00,ADA-USD,15m,0.15719999372959137,0.1573999971151352,0.156700000166893,0.15729999542236328,197248,197248,yfinance,2026-07-10T06:58:17.136516+00:00
2026-06-07 00:00:00+00:00,ADA-USD,15m,0.15729999542236328,0.15790000557899475,0.156700000166893,0.15690000355243683,0,0,yfinance,2026-07-10T06:58:17.136516+00:00
2026-06-07 00:15:00+00:00,ADA-USD,15m,0.15700000524520874,0.15770000219345093,0.15700000524520874,0.15770000219345093,0,0,yfinance,2026-07-10T06:58:17.136516+00:00
2026-06-07 00:30:00+00:00,ADA-USD,15m,0.15780000388622284,0.15839999914169312,0.15710000693798065,0.15710000693798065,291520,291520,yfinance,2026-07-10T06:58:17.136516+00:00
2026-06-07 00:45:00+00:00,ADA-USD,15m,0.15700000524520874,0.15770000219345093,0.15700000524520874,0.1573999971151352,0,0,yfinance,2026-07-10T06:58:17.136516+00:00
2026-06-07 01:00:00+00:00,ADA-USD,15m,0.1573999971151352,0.16089999675750732,0.15719999372959137,0.16040000319480896,5035584,5035584,yfinance,2026-07-10T06:58:17.136516+00:00
2026-06-07 01:15:00+00:00,ADA-USD,15m,0.16019999980926514,0.16179999709129333,0.16009999811649323,0.1615000069141388,899328,899328,yfinance,2026-07-10T06:58:17.136516+00:00
2026-06-07 01:30:00+00:00,ADA-USD,15m,0.16140000522136688,0.16189999878406525,0.1606999933719635,0.16130000352859497,3706048,3706048,yfinance,2026-07-10T06:58:17.136516+00:00
2026-06-07 01:45:00+00:00,ADA-USD,15m,0.16120000183582306,0.16130000352859497,0.16050000488758087,0.16089999675750732,1015104,1015104,yfinance,2026-07-10T06:58:17.136516+00:00
2026-06-07 02:00:00+00:00,ADA-USD,15m,0.1607999950647354,0.16169999539852142,0.1606999933719635,0.16099999845027924,0,0,yfinance,2026-07-10T06:58:17.136516+00:00
2026-06-07 02:15:00+00:00,ADA-USD,15m,0.16099999845027924,0.16110000014305115,0.15950000286102295,0.1598999947309494,0,0,yfinance,2026-07-10T06:58:17.136516+00:00
2026-06-07 02:30:00+00:00,ADA-USD,15m,0.1597999930381775,0.16060000658035278,0.15970000624656677,0.16050000488758087,0,0,yfinance,2026-07-10T06:58:17.136516+00:00
2026-06-07 02:45:00+00:00,ADA-USD,15m,0.16060000658035278,0.16140000522136688,0.16040000319480896,0.1607999950647354,728960,728960,yfinance,2026-07-10T06:58:17.136516+00:00
2026-06-07 03:00:00+00:00,ADA-USD,15m,0.1607999950647354,0.1615000069141388,0.16030000150203705,0.16140000522136688,0,0,yfinance,2026-07-10T06:58:17.136516+00:00
2026-06-07 03:15:00+00:00,ADA-USD,15m,0.16130000352859497,0.16210000216960907,0.16099999845027924,0.16179999709129333,1478720,1478720,yfinance,2026-07-10T06:58:17.136516+00:00
2026-06-07 03:30:00+00:00,ADA-USD,15m,0.16179999709129333,0.16200000047683716,0.16030000150203705,0.1607999950647354,519104,519104,yfinance,2026-07-10T06:58:17.136516+00:00
2026-06-07 03:45:00+00:00,ADA-USD,15m,0.1606999933719635,0.1615999937057495,0.16050000488758087,0.16140000522136688,0,0,yfinance,2026-07-10T06:58:17.136516+00:00
2026-06-07 04:00:00+00:00,ADA-USD,15m,0.16140000522136688,0.1615999937057495,0.16089999675750732,0.16099999845027924,0,0,yfinance,2026-07-10T06:58:17.136516+00:00
2026-06-07 04:15:00+00:00,ADA-USD,15m,0.16099999845027924,0.16099999845027924,0.15970000624656677,0.16009999811649323,0,0,yfinance,2026-07-10T06:58:17.136516+00:00
2026-06-07 04:30:00+00:00,ADA-USD,15m,0.1598999947309494,0.16220000386238098,0.1598999947309494,0.16169999539852142,0,0,yfinance,2026-07-10T06:58:17.136516+00:00
2026-06-07 04:45:00+00:00,ADA-USD,15m,0.16169999539852142,0.1624000072479248,0.16120000183582306,0.16220000386238098,0,0,yfinance,2026-07-10T06:58:17.136516+00:00
2026-06-07 05:00:00+00:00,ADA-USD,15m,0.16210000216960907,0.16220000386238098,0.1607999950647354,0.16110000014305115,0,0,yfinance,2026-07-10T06:58:17.136516+00:00
2026-06-07 05:15:00+00:00,ADA-USD,15m,0.16099999845027924,0.16200000047683716,0.16060000658035278,0.16110000014305115,676032,676032,yfinance,2026-07-10T06:58:17.136516+00:00
2026-06-07 05:30:00+00:00,ADA-USD,15m,0.16110000014305115,0.16169999539852142,0.1606999933719635,0.16169999539852142,0,0,yfinance,2026-07-10T06:58:17.136516+00:00
2026-06-07 05:45:00+00:00,ADA-USD,15m,0.1615999937057495,0.1615999937057495,0.16099999845027924,0.16120000183582306,0,0,yfinance,2026-07-10T06:58:17.136516+00:00
2026-06-07 06:00:00+00:00,ADA-USD,15m,0.16110000014305115,0.16110000014305115,0.16009999811649323,0.16040000319480896,0,0,yfinance,2026-07-10T06:58:17.136516+00:00
2026-06-07 06:15:00+00:00,ADA-USD,15m,0.16030000150203705,0.1615999937057495,0.16030000150203705,0.1615000069141388,273920,273920,yfinance,2026-07-10T06:58:17.136516+00:00
2026-06-07 06:30:00+00:00,ADA-USD,15m,0.16130000352859497,0.16290000081062317,0.16130000352859497,0.16200000047683716,3657024,3657024,yfinance,2026-07-10T06:58:17.136516+00:00
2026-06-07 06:45:00+00:00,ADA-USD,15m,0.16210000216960907,0.16220000386238098,0.16110000014305115,0.16120000183582306,0,0,yfinance,2026-07-10T06:58:17.136516+00:00
2026-06-07 07:00:00+00:00,ADA-USD,15m,0.16110000014305115,0.16200000047683716,0.1606999933719635,0.1615999937057495,461440,461440,yfinance,2026-07-10T06:58:17.136516+00:00
2026-06-07 07:15:00+00:00,ADA-USD,15m,0.1615999937057495,0.16210000216960907,0.16099999845027924,0.16189999878406525,0,0,yfinance,2026-07-10T06:58:17.136516+00:00
2026-06-07 07:30:00+00:00,ADA-USD,15m,0.16179999709129333,0.16220000386238098,0.1615999937057495,0.16200000047683716,0,0,yfinance,2026-07-10T06:58:17.136516+00:00
2026-06-07 07:45:00+00:00,ADA-USD,15m,0.16200000047683716,0.16249999403953552,0.16189999878406525,0.1623000055551529,0,0,yfinance,2026-07-10T06:58:17.136516+00:00
2026-06-07 08:00:00+00:00,ADA-USD,15m,0.16220000386238098,0.16220000386238098,0.16169999539852142,0.16220000386238098,352032,352032,yfinance,2026-07-10T06:58:17.136516+00:00
2026-06-07 08:15:00+00:00,ADA-USD,15m,0.16220000386238098,0.16300000250339508,0.16179999709129333,0.16290000081062317,0,0,yfinance,2026-07-10T06:58:17.136516+00:00
2026-06-07 08:30:00+00:00,ADA-USD,15m,0.16290000081062317,0.16429999470710754,0.16279999911785126,0.1639000028371811,1852128,1852128,yfinance,2026-07-10T06:58:17.136516+00:00
2026-06-07 08:45:00+00:00,ADA-USD,15m,0.1639000028371811,0.16539999842643738,0.16359999775886536,0.164900004863739,3122880,3122880,yfinance,2026-07-10T06:58:17.136516+00:00
2026-06-07 09:00:00+00:00,ADA-USD,15m,0.1648000031709671,0.16660000383853912,0.1648000031709671,0.1664000004529953,13471872,13471872,yfinance,2026-07-10T06:58:17.136516+00:00
2026-06-07 09:15:00+00:00,ADA-USD,15m,0.1664000004529953,0.16680000722408295,0.16500000655651093,0.16599999368190765,4732608,4732608,yfinance,2026-07-10T06:58:17.136516+00:00
2026-06-07 09:30:00+00:00,ADA-USD,15m,0.16599999368190765,0.16599999368190765,0.164900004863739,0.16519999504089355,0,0,yfinance,2026-07-10T06:58:17.136516+00:00
2026-06-07 09:45:00+00:00,ADA-USD,15m,0.16509999334812164,0.1656000018119812,0.1647000014781952,0.16500000655651093,295168,295168,yfinance,2026-07-10T06:58:17.136516+00:00
2026-06-07 10:00:00+00:00,ADA-USD,15m,0.16509999334812164,0.16529999673366547,0.16339999437332153,0.16410000622272491,0,0,yfinance,2026-07-10T06:58:17.136516+00:00
2026-06-07 10:15:00+00:00,ADA-USD,15m,0.16419999301433563,0.16580000519752502,0.16419999301433563,0.1657000035047531,137184,137184,yfinance,2026-07-10T06:58:17.136516+00:00
2026-06-07 10:30:00+00:00,ADA-USD,15m,0.1656000018119812,0.16599999368190765,0.1647000014781952,0.16500000655651093,0,0,yfinance,2026-07-10T06:58:17.136516+00:00
2026-06-07 10:45:00+00:00,ADA-USD,15m,0.164900004863739,0.16500000655651093,0.164000004529953,0.16419999301433563,208416,208416,yfinance,2026-07-10T06:58:17.136516+00:00
2026-06-07 11:00:00+00:00,ADA-USD,15m,0.16439999639987946,0.16449999809265137,0.1639000028371811,0.16419999301433563,416992,416992,yfinance,2026-07-10T06:58:17.136516+00:00
2026-06-07 11:15:00+00:00,ADA-USD,15m,0.16419999301433563,0.16459999978542328,0.1639000028371811,0.16459999978542328,1934880,1934880,yfinance,2026-07-10T06:58:17.136516+00:00
2026-06-07 11:30:00+00:00,ADA-USD,15m,0.16439999639987946,0.16539999842643738,0.164000004529953,0.16519999504089355,922720,922720,yfinance,2026-07-10T06:58:17.136516+00:00
2026-06-07 11:45:00+00:00,ADA-USD,15m,0.16519999504089355,0.1655000001192093,0.16449999809265137,0.16459999978542328,2326176,2326176,yfinance,2026-07-10T06:58:17.136516+00:00
2026-06-07 12:00:00+00:00,ADA-USD,15m,0.1647000014781952,0.164900004863739,0.1615999937057495,0.16179999709129333,1155488,1155488,yfinance,2026-07-10T06:58:17.136516+00:00
2026-06-07 12:15:00+00:00,ADA-USD,15m,0.16179999709129333,0.16259999573230743,0.16099999845027924,0.16179999709129333,2982016,2982016,yfinance,2026-07-10T06:58:17.136516+00:00
2026-06-07 12:30:00+00:00,ADA-USD,15m,0.16179999709129333,0.16200000047683716,0.16050000488758087,0.16089999675750732,2284928,2284928,yfinance,2026-07-10T06:58:17.136516+00:00
2026-06-07 12:45:00+00:00,ADA-USD,15m,0.16099999845027924,0.16189999878406525,0.16089999675750732,0.1615000069141388,1621760,1621760,yfinance,2026-07-10T06:58:17.136516+00:00
2026-06-07 13:00:00+00:00,ADA-USD,15m,0.1615000069141388,0.16200000047683716,0.16110000014305115,0.16179999709129333,239008,239008,yfinance,2026-07-10T06:58:17.136516+00:00
2026-06-07 13:15:00+00:00,ADA-USD,15m,0.16179999709129333,0.16200000047683716,0.16120000183582306,0.1615999937057495,0,0,yfinance,2026-07-10T06:58:17.136516+00:00
2026-06-07 13:30:00+00:00,ADA-USD,15m,0.1615999937057495,0.16169999539852142,0.16089999675750732,0.1615999937057495,0,0,yfinance,2026-07-10T06:58:17.136516+00:00
2026-06-07 13:45:00+00:00,ADA-USD,15m,0.16169999539852142,0.16220000386238098,0.16140000522136688,0.16189999878406525,1330560,1330560,yfinance,2026-07-10T06:58:17.136516+00:00
2026-06-07 14:00:00+00:00,ADA-USD,15m,0.16200000047683716,0.16279999911785126,0.16169999539852142,0.16189999878406525,0,0,yfinance,2026-07-10T06:58:17.136516+00:00
2026-06-07 14:15:00+00:00,ADA-USD,15m,0.16179999709129333,0.16380000114440918,0.16179999709129333,0.16300000250339508,1159360,1159360,yfinance,2026-07-10T06:58:17.136516+00:00
2026-06-07 14:30:00+00:00,ADA-USD,15m,0.1632000058889389,0.1639000028371811,0.16249999403953552,0.16259999573230743,0,0,yfinance,2026-07-10T06:58:17.136516+00:00
2026-06-07 14:45:00+00:00,ADA-USD,15m,0.16259999573230743,0.16279999911785126,0.16179999709129333,0.16269999742507935,0,0,yfinance,2026-07-10T06:58:17.136516+00:00
2026-06-07 15:00:00+00:00,ADA-USD,15m,0.16259999573230743,0.16259999573230743,0.16179999709129333,0.1624000072479248,0,0,yfinance,2026-07-10T06:58:17.136516+00:00
2026-06-07 15:15:00+00:00,ADA-USD,15m,0.16249999403953552,0.16259999573230743,0.16179999709129333,0.16249999403953552,0,0,yfinance,2026-07-10T06:58:17.136516+00:00
2026-06-07 15:30:00+00:00,ADA-USD,15m,0.1624000072479248,0.16290000081062317,0.16189999878406525,0.16279999911785126,0,0,yfinance,2026-07-10T06:58:17.136516+00:00
2026-06-07 15:45:00+00:00,ADA-USD,15m,0.16269999742507935,0.16269999742507935,0.1615999937057495,0.16220000386238098,697376,697376,yfinance,2026-07-10T06:58:17.136516+00:00
2026-06-07 16:00:00+00:00,ADA-USD,15m,0.16220000386238098,0.16269999742507935,0.16200000047683716,0.16259999573230743,0,0,yfinance,2026-07-10T06:58:17.136516+00:00
2026-06-07 16:15:00+00:00,ADA-USD,15m,0.16259999573230743,0.16300000250339508,0.16200000047683716,0.1623000055551529,678688,678688,yfinance,2026-07-10T06:58:17.136516+00:00
2026-06-07 16:30:00+00:00,ADA-USD,15m,0.1623000055551529,0.16300000250339508,0.1623000055551529,0.1624000072479248,0,0,yfinance,2026-07-10T06:58:17.136516+00:00
2026-06-07 16:45:00+00:00,ADA-USD,15m,0.16249999403953552,0.163100004196167,0.16210000216960907,0.16249999403953552,0,0,yfinance,2026-07-10T06:58:17.136516+00:00
2026-06-07 17:00:00+00:00,ADA-USD,15m,0.16249999403953552,0.16369999945163727,0.16210000216960907,0.16339999437332153,8704,8704,yfinance,2026-07-10T06:58:17.136516+00:00
2026-06-07 17:15:00+00:00,ADA-USD,15m,0.16339999437332153,0.1639000028371811,0.16329999268054962,0.16359999775886536,260800,260800,yfinance,2026-07-10T06:58:17.136516+00:00
2026-06-07 17:30:00+00:00,ADA-USD,15m,0.16369999945163727,0.16380000114440918,0.16329999268054962,0.16359999775886536,0,0,yfinance,2026-07-10T06:58:17.136516+00:00
2026-06-07 17:45:00+00:00,ADA-USD,15m,0.16359999775886536,0.16369999945163727,0.16249999403953552,0.16290000081062317,0,0,yfinance,2026-07-10T06:58:17.136516+00:00
2026-06-07 18:00:00+00:00,ADA-USD,15m,0.16290000081062317,0.16359999775886536,0.16269999742507935,0.16339999437332153,2642432,2642432,yfinance,2026-07-10T06:58:17.136516+00:00
2026-06-07 18:15:00+00:00,ADA-USD,15m,0.16339999437332153,0.16349999606609344,0.1624000072479248,0.16249999403953552,0,0,yfinance,2026-07-10T06:58:17.136516+00:00
2026-06-07 18:30:00+00:00,ADA-USD,15m,0.16259999573230743,0.16300000250339508,0.16200000047683716,0.1623000055551529,0,0,yfinance,2026-07-10T06:58:17.136516+00:00
2026-06-07 18:45:00+00:00,ADA-USD,15m,0.1624000072479248,0.16269999742507935,0.16179999709129333,0.16179999709129333,11744,11744,yfinance,2026-07-10T06:58:17.136516+00:00
2026-06-07 19:00:00+00:00,ADA-USD,15m,0.16169999539852142,0.16169999539852142,0.15970000624656677,0.16030000150203705,3675200,3675200,yfinance,2026-07-10T06:58:17.136516+00:00
2026-06-07 19:15:00+00:00,ADA-USD,15m,0.16019999980926514,0.16019999980926514,0.15839999914169312,0.15929999947547913,4225440,4225440,yfinance,2026-07-10T06:58:17.136516+00:00
2026-06-07 19:30:00+00:00,ADA-USD,15m,0.15929999947547913,0.15929999947547913,0.1581999957561493,0.1582999974489212,3819264,3819264,yfinance,2026-07-10T06:58:17.136516+00:00
2026-06-07 19:45:00+00:00,ADA-USD,15m,0.1582999974489212,0.1589999943971634,0.15790000557899475,0.15850000083446503,3808864,3808864,yfinance,2026-07-10T06:58:17.136516+00:00
2026-06-07 20:00:00+00:00,ADA-USD,15m,0.1582999974489212,0.1597999930381775,0.15809999406337738,0.15929999947547913,1022304,1022304,yfinance,2026-07-10T06:58:17.136516+00:00
2026-06-07 20:15:00+00:00,ADA-USD,15m,0.15929999947547913,0.1606999933719635,0.1589999943971634,0.16050000488758087,4394656,4394656,yfinance,2026-07-10T06:58:17.136516+00:00
2026-06-07 20:30:00+00:00,ADA-USD,15m,0.16060000658035278,0.1606999933719635,0.1599999964237213,0.16040000319480896,23296,23296,yfinance,2026-07-10T06:58:17.136516+00:00
2026-06-07 20:45:00+00:00,ADA-USD,15m,0.16040000319480896,0.16089999675750732,0.16019999980926514,0.16060000658035278,89472,89472,yfinance,2026-07-10T06:58:17.136516+00:00
2026-06-07 21:00:00+00:00,ADA-USD,15m,0.1606999933719635,0.16099999845027924,0.1598999947309494,0.1606999933719635,579328,579328,yfinance,2026-07-10T06:58:17.136516+00:00
2026-06-07 21:15:00+00:00,ADA-USD,15m,0.1607999950647354,0.1607999950647354,0.1598999947309494,0.16040000319480896,1327552,1327552,yfinance,2026-07-10T06:58:17.136516+00:00
2026-06-07 21:30:00+00:00,ADA-USD,15m,0.16050000488758087,0.16050000488758087,0.1598999947309494,0.16030000150203705,36480,36480,yfinance,2026-07-10T06:58:17.136516+00:00
2026-06-07 21:45:00+00:00,ADA-USD,15m,0.16040000319480896,0.1606999933719635,0.15960000455379486,0.16060000658035278,2524608,2524608,yfinance,2026-07-10T06:58:17.136516+00:00
2026-06-07 22:00:00+00:00,ADA-USD,15m,0.1607999950647354,0.16680000722408295,0.16060000658035278,0.16680000722408295,1387264,1387264,yfinance,2026-07-10T06:58:17.136516+00:00
2026-06-07 22:15:00+00:00,ADA-USD,15m,0.16750000417232513,0.16840000450611115,0.16509999334812164,0.1656000018119812,32492992,32492992,yfinance,2026-07-10T06:58:17.136516+00:00
2026-06-07 22:30:00+00:00,ADA-USD,15m,0.1657000035047531,0.16619999706745148,0.16439999639987946,0.1655000001192093,7259232,7259232,yfinance,2026-07-10T06:58:17.136516+00:00
2026-06-07 22:45:00+00:00,ADA-USD,15m,0.1655000001192093,0.16590000689029694,0.164000004529953,0.16439999639987946,3882240,3882240,yfinance,2026-07-10T06:58:17.136516+00:00
2026-06-07 23:00:00+00:00,ADA-USD,15m,0.16439999639987946,0.1655000001192093,0.16439999639987946,0.1655000001192093,1806976,1806976,yfinance,2026-07-10T06:58:17.136516+00:00
2026-06-07 23:15:00+00:00,ADA-USD,15m,0.1655000001192093,0.16590000689029694,0.16439999639987946,0.16580000519752502,1899648,1899648,yfinance,2026-07-10T06:58:17.136516+00:00
2026-06-07 23:30:00+00:00,ADA-USD,15m,0.16590000689029694,0.16609999537467957,0.16500000655651093,0.16529999673366547,0,0,yfinance,2026-07-10T06:58:17.136516+00:00
2026-06-07 23:45:00+00:00,ADA-USD,15m,0.16519999504089355,0.16599999368190765,0.1647000014781952,0.16519999504089355,992384,992384,yfinance,2026-07-10T06:58:17.136516+00:00
2026-06-08 00:00:00+00:00,ADA-USD,15m,0.16519999504089355,0.16580000519752502,0.16410000622272491,0.16439999639987946,542848,542848,yfinance,2026-07-10T06:58:17.136516+00:00
2026-06-08 00:15:00+00:00,ADA-USD,15m,0.16429999470710754,0.1655000001192093,0.16410000622272491,0.1655000001192093,2642880,2642880,yfinance,2026-07-10T06:58:17.136516+00:00
2026-06-08 00:30:00+00:00,ADA-USD,15m,0.1655000001192093,0.1665000021457672,0.16519999504089355,0.16580000519752502,3760448,3760448,yfinance,2026-07-10T06:58:17.136516+00:00
2026-06-08 00:45:00+00:00,ADA-USD,15m,0.1657000035047531,0.16619999706745148,0.164900004863739,0.16529999673366547,3259136,3259136,yfinance,2026-07-10T06:58:17.136516+00:00
2026-06-08 01:00:00+00:00,ADA-USD,15m,0.16529999673366547,0.16529999673366547,0.16279999911785126,0.16279999911785126,0,0,yfinance,2026-07-10T06:58:17.136516+00:00
2026-06-08 01:15:00+00:00,ADA-USD,15m,0.16269999742507935,0.16290000081062317,0.16179999709129333,0.16200000047683716,152384,152384,yfinance,2026-07-10T06:58:17.136516+00:00
2026-06-08 01:30:00+00:00,ADA-USD,15m,0.16189999878406525,0.16279999911785126,0.16130000352859497,0.16269999742507935,832384,832384,yfinance,2026-07-10T06:58:17.136516+00:00
2026-06-08 01:45:00+00:00,ADA-USD,15m,0.16279999911785126,0.16339999437332153,0.1623000055551529,0.1632000058889389,412608,412608,yfinance,2026-07-10T06:58:17.136516+00:00
2026-06-08 02:00:00+00:00,ADA-USD,15m,0.16329999268054962,0.1639000028371811,0.163100004196167,0.16380000114440918,0,0,yfinance,2026-07-10T06:58:17.136516+00:00
2026-06-08 02:15:00+00:00,ADA-USD,15m,0.16380000114440918,0.16419999301433563,0.16329999268054962,0.16369999945163727,0,0,yfinance,2026-07-10T06:58:17.136516+00:00
2026-06-08 02:30:00+00:00,ADA-USD,15m,0.16359999775886536,0.16380000114440918,0.16269999742507935,0.16369999945163727,0,0,yfinance,2026-07-10T06:58:17.136516+00:00
2026-06-08 02:45:00+00:00,ADA-USD,15m,0.16369999945163727,0.16380000114440918,0.16329999268054962,0.16349999606609344,107840,107840,yfinance,2026-07-10T06:58:17.136516+00:00
2026-06-08 03:00:00+00:00,ADA-USD,15m,0.16349999606609344,0.16500000655651093,0.16349999606609344,0.16429999470710754,801216,801216,yfinance,2026-07-10T06:58:17.136516+00:00
2026-06-08 03:15:00+00:00,ADA-USD,15m,0.16429999470710754,0.16439999639987946,0.16290000081062317,0.16300000250339508,686912,686912,yfinance,2026-07-10T06:58:17.136516+00:00
2026-06-08 03:30:00+00:00,ADA-USD,15m,0.16300000250339508,0.16349999606609344,0.16279999911785126,0.1632000058889389,22688,22688,yfinance,2026-07-10T06:58:17.136516+00:00
2026-06-08 03:45:00+00:00,ADA-USD,15m,0.16329999268054962,0.164000004529953,0.163100004196167,0.164000004529953,2106560,2106560,yfinance,2026-07-10T06:58:17.136516+00:00
2026-06-08 04:00:00+00:00,ADA-USD,15m,0.164000004529953,0.16419999301433563,0.16259999573230743,0.163100004196167,0,0,yfinance,2026-07-10T06:58:17.136516+00:00
2026-06-08 04:15:00+00:00,ADA-USD,15m,0.1632000058889389,0.1632000058889389,0.16200000047683716,0.1624000072479248,431264,431264,yfinance,2026-07-10T06:58:17.136516+00:00
2026-06-08 04:30:00+00:00,ADA-USD,15m,0.16249999403953552,0.16259999573230743,0.16120000183582306,0.16140000522136688,889984,889984,yfinance,2026-07-10T06:58:17.136516+00:00
2026-06-08 04:45:00+00:00,ADA-USD,15m,0.1615000069141388,0.16189999878406525,0.16099999845027924,0.16140000522136688,0,0,yfinance,2026-07-10T06:58:17.136516+00:00
2026-06-08 05:00:00+00:00,ADA-USD,15m,0.16130000352859497,0.16179999709129333,0.16030000150203705,0.16040000319480896,222464,222464,yfinance,2026-07-10T06:58:17.136516+00:00
2026-06-08 05:15:00+00:00,ADA-USD,15m,0.16030000150203705,0.16130000352859497,0.1599999964237213,0.16110000014305115,1090368,1090368,yfinance,2026-07-10T06:58:17.136516+00:00
2026-06-08 05:30:00+00:00,ADA-USD,15m,0.16089999675750732,0.16089999675750732,0.1598999947309494,0.16009999811649323,439488,439488,yfinance,2026-07-10T06:58:17.136516+00:00
2026-06-08 05:45:00+00:00,ADA-USD,15m,0.1599999964237213,0.1607999950647354,0.1599999964237213,0.1606999933719635,115488,115488,yfinance,2026-07-10T06:58:17.136516+00:00
2026-06-08 06:00:00+00:00,ADA-USD,15m,0.1607999950647354,0.16130000352859497,0.1606999933719635,0.16120000183582306,1152992,1152992,yfinance,2026-07-10T06:58:17.136516+00:00
2026-06-08 06:15:00+00:00,ADA-USD,15m,0.16120000183582306,0.1623000055551529,0.16110000014305115,0.16220000386238098,1841376,1841376,yfinance,2026-07-10T06:58:17.136516+00:00
2026-06-08 06:30:00+00:00,ADA-USD,15m,0.16210000216960907,0.16220000386238098,0.1615000069141388,0.16200000047683716,0,0,yfinance,2026-07-10T06:58:17.136516+00:00
2026-06-08 06:45:00+00:00,ADA-USD,15m,0.16200000047683716,0.16200000047683716,0.16140000522136688,0.16169999539852142,449728,449728,yfinance,2026-07-10T06:58:17.136516+00:00
2026-06-08 07:00:00+00:00,ADA-USD,15m,0.16169999539852142,0.16220000386238098,0.1606999933719635,0.16189999878406525,0,0,yfinance,2026-07-10T06:58:17.136516+00:00
2026-06-08 07:15:00+00:00,ADA-USD,15m,0.16169999539852142,0.16259999573230743,0.1615000069141388,0.1624000072479248,1186592,1186592,yfinance,2026-07-10T06:58:17.136516+00:00
2026-06-08 07:30:00+00:00,ADA-USD,15m,0.1624000072479248,0.16279999911785126,0.1624000072479248,0.16279999911785126,0,0,yfinance,2026-07-10T06:58:17.136516+00:00
2026-06-08 07:45:00+00:00,ADA-USD,15m,0.16290000081062317,0.16380000114440918,0.16290000081062317,0.16359999775886536,1974528,1974528,yfinance,2026-07-10T06:58:17.136516+00:00
2026-06-08 08:00:00+00:00,ADA-USD,15m,0.16359999775886536,0.16369999945163727,0.16269999742507935,0.16329999268054962,498976,498976,yfinance,2026-07-10T06:58:17.136516+00:00
2026-06-08 08:15:00+00:00,ADA-USD,15m,0.16329999268054962,0.16349999606609344,0.16249999403953552,0.163100004196167,0,0,yfinance,2026-07-10T06:58:17.136516+00:00
2026-06-08 08:30:00+00:00,ADA-USD,15m,0.16300000250339508,0.16349999606609344,0.16279999911785126,0.16290000081062317,6292576,6292576,yfinance,2026-07-10T06:58:17.136516+00:00
2026-06-08 08:45:00+00:00,ADA-USD,15m,0.16290000081062317,0.16329999268054962,0.16220000386238098,0.16329999268054962,580576,580576,yfinance,2026-07-10T06:58:17.136516+00:00
2026-06-08 09:00:00+00:00,ADA-USD,15m,0.16329999268054962,0.1639000028371811,0.16279999911785126,0.1639000028371811,0,0,yfinance,2026-07-10T06:58:17.136516+00:00
2026-06-08 09:15:00+00:00,ADA-USD,15m,0.16380000114440918,0.1647000014781952,0.16369999945163727,0.16419999301433563,0,0,yfinance,2026-07-10T06:58:17.136516+00:00
2026-06-08 09:30:00+00:00,ADA-USD,15m,0.16410000622272491,0.16429999470710754,0.1632000058889389,0.16410000622272491,2173600,2173600,yfinance,2026-07-10T06:58:17.136516+00:00
2026-06-08 09:45:00+00:00,ADA-USD,15m,0.16410000622272491,0.16519999504089355,0.164000004529953,0.16509999334812164,1767616,1767616,yfinance,2026-07-10T06:58:17.136516+00:00
2026-06-08 10:00:00+00:00,ADA-USD,15m,0.16509999334812164,0.1657000035047531,0.16429999470710754,0.16439999639987946,0,0,yfinance,2026-07-10T06:58:17.136516+00:00
2026-06-08 10:15:00+00:00,ADA-USD,15m,0.16439999639987946,0.16439999639987946,0.16349999606609344,0.16359999775886536,196928,196928,yfinance,2026-07-10T06:58:17.136516+00:00
2026-06-08 10:30:00+00:00,ADA-USD,15m,0.16359999775886536,0.164900004863739,0.16349999606609344,0.16449999809265137,1798016,1798016,yfinance,2026-07-10T06:58:17.136516+00:00
2026-06-08 10:45:00+00:00,ADA-USD,15m,0.16429999470710754,0.16429999470710754,0.16380000114440918,0.16429999470710754,0,0,yfinance,2026-07-10T06:58:17.136516+00:00
2026-06-08 11:00:00+00:00,ADA-USD,15m,0.16439999639987946,0.1656000018119812,0.164000004529953,0.16519999504089355,658720,658720,yfinance,2026-07-10T06:58:17.136516+00:00
2026-06-08 11:15:00+00:00,ADA-USD,15m,0.16529999673366547,0.16760000586509705,0.16519999504089355,0.16689999401569366,7133888,7133888,yfinance,2026-07-10T06:58:17.136516+00:00
2026-06-08 11:30:00+00:00,ADA-USD,15m,0.1671999990940094,0.1679999977350235,0.16660000383853912,0.16740000247955322,5214784,5214784,yfinance,2026-07-10T06:58:17.136516+00:00
2026-06-08 11:45:00+00:00,ADA-USD,15m,0.16750000417232513,0.16769999265670776,0.16680000722408295,0.16760000586509705,157248,157248,yfinance,2026-07-10T06:58:17.136516+00:00
2026-06-08 12:00:00+00:00,ADA-USD,15m,0.16750000417232513,0.16830000281333923,0.1648000031709671,0.1648000031709671,552000,552000,yfinance,2026-07-10T06:58:17.136516+00:00
2026-06-08 12:15:00+00:00,ADA-USD,15m,0.164900004863739,0.1662999987602234,0.164900004863739,0.1662999987602234,0,0,yfinance,2026-07-10T06:58:17.136516+00:00
2026-06-08 12:30:00+00:00,ADA-USD,15m,0.16660000383853912,0.16740000247955322,0.16619999706745148,0.16740000247955322,652832,652832,yfinance,2026-07-10T06:58:17.136516+00:00
2026-06-08 12:45:00+00:00,ADA-USD,15m,0.16750000417232513,0.16779999434947968,0.16660000383853912,0.16750000417232513,343136,343136,yfinance,2026-07-10T06:58:17.136516+00:00
2026-06-08 13:00:00+00:00,ADA-USD,15m,0.16750000417232513,0.16779999434947968,0.16699999570846558,0.1670999974012375,1318048,1318048,yfinance,2026-07-10T06:58:17.136516+00:00
2026-06-08 13:15:00+00:00,ADA-USD,15m,0.1671999990940094,0.16769999265670776,0.16599999368190765,0.16599999368190765,2477408,2477408,yfinance,2026-07-10T06:58:17.136516+00:00
2026-06-08 13:30:00+00:00,ADA-USD,15m,0.16609999537467957,0.16670000553131104,0.1655000001192093,0.16599999368190765,3494016,3494016,yfinance,2026-07-10T06:58:17.136516+00:00
2026-06-08 13:45:00+00:00,ADA-USD,15m,0.16599999368190765,0.16699999570846558,0.1657000035047531,0.16609999537467957,673312,673312,yfinance,2026-07-10T06:58:17.136516+00:00
2026-06-08 14:00:00+00:00,ADA-USD,15m,0.16619999706745148,0.1665000021457672,0.1655000001192093,0.1665000021457672,101024,101024,yfinance,2026-07-10T06:58:17.136516+00:00
2026-06-08 14:15:00+00:00,ADA-USD,15m,0.1665000021457672,0.16680000722408295,0.1657000035047531,0.16670000553131104,2102912,2102912,yfinance,2026-07-10T06:58:17.136516+00:00
2026-06-08 14:30:00+00:00,ADA-USD,15m,0.16670000553131104,0.1678999960422516,0.16670000553131104,0.16750000417232513,1865984,1865984,yfinance,2026-07-10T06:58:17.136516+00:00
2026-06-08 14:45:00+00:00,ADA-USD,15m,0.16750000417232513,0.16830000281333923,0.16740000247955322,0.1679999977350235,1580416,1580416,yfinance,2026-07-10T06:58:17.136516+00:00
2026-06-08 15:00:00+00:00,ADA-USD,15m,0.16820000112056732,0.1712000072002411,0.1679999977350235,0.17110000550746918,8474656,8474656,yfinance,2026-07-10T06:58:17.136516+00:00
2026-06-08 15:15:00+00:00,ADA-USD,15m,0.1712000072002411,0.1712000072002411,0.16930000483989716,0.16949999332427979,8626464,8626464,yfinance,2026-07-10T06:58:17.136516+00:00
2026-06-08 15:30:00+00:00,ADA-USD,15m,0.16940000653266907,0.16979999840259552,0.16859999299049377,0.1695999950170517,2212160,2212160,yfinance,2026-07-10T06:58:17.136516+00:00
2026-06-08 15:45:00+00:00,ADA-USD,15m,0.1696999967098236,0.17059999704360962,0.1688999980688095,0.16920000314712524,3442400,3442400,yfinance,2026-07-10T06:58:17.136516+00:00
2026-06-08 16:00:00+00:00,ADA-USD,15m,0.16940000653266907,0.1704999953508377,0.16920000314712524,0.17030000686645508,68576,68576,yfinance,2026-07-10T06:58:17.136516+00:00
2026-06-08 16:15:00+00:00,ADA-USD,15m,0.17030000686645508,0.1720999926328659,0.17030000686645508,0.17110000550746918,7340416,7340416,yfinance,2026-07-10T06:58:17.136516+00:00
2026-06-08 16:30:00+00:00,ADA-USD,15m,0.17110000550746918,0.17110000550746918,0.16940000653266907,0.16979999840259552,4410080,4410080,yfinance,2026-07-10T06:58:17.136516+00:00
2026-06-08 16:45:00+00:00,ADA-USD,15m,0.16990000009536743,0.16990000009536743,0.16769999265670776,0.16779999434947968,2853568,2853568,yfinance,2026-07-10T06:58:17.136516+00:00
2026-06-08 17:00:00+00:00,ADA-USD,15m,0.16779999434947968,0.16830000281333923,0.1670999974012375,0.16740000247955322,1207008,1207008,yfinance,2026-07-10T06:58:17.136516+00:00
2026-06-08 17:15:00+00:00,ADA-USD,15m,0.16750000417232513,0.1687999963760376,0.1673000007867813,0.16869999468326569,2987936,2987936,yfinance,2026-07-10T06:58:17.136516+00:00
2026-06-08 17:30:00+00:00,ADA-USD,15m,0.16859999299049377,0.16869999468326569,0.16750000417232513,0.16859999299049377,740672,740672,yfinance,2026-07-10T06:58:17.136516+00:00
2026-06-08 17:45:00+00:00,ADA-USD,15m,0.16859999299049377,0.17000000178813934,0.16859999299049377,0.16979999840259552,2515264,2515264,yfinance,2026-07-10T06:58:17.136516+00:00
2026-06-08 18:00:00+00:00,ADA-USD,15m,0.17000000178813934,0.17149999737739563,0.17000000178813934,0.17080000042915344,1883008,1883008,yfinance,2026-07-10T06:58:17.136516+00:00
2026-06-08 18:15:00+00:00,ADA-USD,15m,0.17090000212192535,0.1720000058412552,0.17059999704360962,0.1720000058412552,2164672,2164672,yfinance,2026-07-10T06:58:17.136516+00:00
2026-06-08 18:30:00+00:00,ADA-USD,15m,0.1720999926328659,0.17249999940395355,0.17069999873638153,0.17069999873638153,2225856,2225856,yfinance,2026-07-10T06:58:17.136516+00:00
2026-06-08 18:45:00+00:00,ADA-USD,15m,0.17080000042915344,0.1712999939918518,0.17000000178813934,0.17090000212192535,982080,982080,yfinance,2026-07-10T06:58:17.136516+00:00
2026-06-08 19:00:00+00:00,ADA-USD,15m,0.17080000042915344,0.1720000058412552,0.17080000042915344,0.17139999568462372,751296,751296,yfinance,2026-07-10T06:58:17.136516+00:00
2026-06-08 19:15:00+00:00,ADA-USD,15m,0.1712000072002411,0.1720000058412552,0.17080000042915344,0.17170000076293945,0,0,yfinance,2026-07-10T06:58:17.136516+00:00
2026-06-08 19:30:00+00:00,ADA-USD,15m,0.17180000245571136,0.17249999940395355,0.1712999939918518,0.17149999737739563,37312,37312,yfinance,2026-07-10T06:58:17.136516+00:00
2026-06-08 19:45:00+00:00,ADA-USD,15m,0.17149999737739563,0.1720000058412552,0.17139999568462372,0.17180000245571136,225888,225888,yfinance,2026-07-10T06:58:17.136516+00:00
2026-06-08 20:00:00+00:00,ADA-USD,15m,0.17190000414848328,0.17190000414848328,0.16940000653266907,0.16979999840259552,0,0,yfinance,2026-07-10T06:58:17.136516+00:00
2026-06-08 20:15:00+00:00,ADA-USD,15m,0.16990000009536743,0.16990000009536743,0.16869999468326569,0.16930000483989716,284576,284576,yfinance,2026-07-10T06:58:17.136516+00:00
2026-06-08 20:30:00+00:00,ADA-USD,15m,0.16930000483989716,0.17080000042915344,0.16910000145435333,0.17080000042915344,1081856,1081856,yfinance,2026-07-10T06:58:17.136516+00:00
2026-06-08 20:45:00+00:00,ADA-USD,15m,0.17080000042915344,0.17090000212192535,0.17020000517368317,0.17080000042915344,2122752,2122752,yfinance,2026-07-10T06:58:17.136516+00:00
2026-06-08 21:00:00+00:00,ADA-USD,15m,0.17090000212192535,0.1729000061750412,0.17090000212192535,0.17260000109672546,1313472,1313472,yfinance,2026-07-10T06:58:17.136516+00:00
2026-06-08 21:15:00+00:00,ADA-USD,15m,0.17270000278949738,0.17419999837875366,0.1720000058412552,0.1736000031232834,3318208,3318208,yfinance,2026-07-10T06:58:17.136516+00:00
2026-06-08 21:30:00+00:00,ADA-USD,15m,0.1737000048160553,0.17430000007152557,0.1729000061750412,0.1738000065088272,4002016,4002016,yfinance,2026-07-10T06:58:17.136516+00:00
2026-06-08 21:45:00+00:00,ADA-USD,15m,0.1738000065088272,0.17389999330043793,0.17170000076293945,0.17170000076293945,406432,406432,yfinance,2026-07-10T06:58:17.136516+00:00
2026-06-08 22:00:00+00:00,ADA-USD,15m,0.1712999939918518,0.17170000076293945,0.17080000042915344,0.17110000550746918,0,0,yfinance,2026-07-10T06:58:17.136516+00:00
2026-06-08 22:15:00+00:00,ADA-USD,15m,0.17100000381469727,0.17159999907016754,0.17059999704360962,0.1712000072002411,0,0,yfinance,2026-07-10T06:58:17.136516+00:00
2026-06-08 22:30:00+00:00,ADA-USD,15m,0.17110000550746918,0.17190000414848328,0.17110000550746918,0.17180000245571136,0,0,yfinance,2026-07-10T06:58:17.136516+00:00
2026-06-08 22:45:00+00:00,ADA-USD,15m,0.17180000245571136,0.17239999771118164,0.17149999737739563,0.1720999926328659,0,0,yfinance,2026-07-10T06:58:17.136516+00:00
2026-06-08 23:00:00+00:00,ADA-USD,15m,0.1720000058412552,0.17299999296665192,0.17190000414848328,0.17299999296665192,0,0,yfinance,2026-07-10T06:58:17.136516+00:00
2026-06-08 23:15:00+00:00,ADA-USD,15m,0.17299999296665192,0.17299999296665192,0.1703999936580658,0.17090000212192535,30304,30304,yfinance,2026-07-10T06:58:17.136516+00:00
2026-06-08 23:30:00+00:00,ADA-USD,15m,0.17069999873638153,0.1712999939918518,0.1703999936580658,0.17090000212192535,300864,300864,yfinance,2026-07-10T06:58:17.136516+00:00
2026-06-08 23:45:00+00:00,ADA-USD,15m,0.17080000042915344,0.17080000042915344,0.17000000178813934,0.17030000686645508,0,0,yfinance,2026-07-10T06:58:17.136516+00:00
2026-06-09 00:00:00+00:00,ADA-USD,15m,0.1703999936580658,0.17069999873638153,0.16949999332427979,0.16949999332427979,0,0,yfinance,2026-07-10T06:58:17.136516+00:00
2026-06-09 00:15:00+00:00,ADA-USD,15m,0.1695999950170517,0.1703999936580658,0.1678999960422516,0.1680999994277954,0,0,yfinance,2026-07-10T06:58:17.136516+00:00
2026-06-09 00:30:00+00:00,ADA-USD,15m,0.1680999994277954,0.16830000281333923,0.16619999706745148,0.1673000007867813,12098112,12098112,yfinance,2026-07-10T06:58:17.136516+00:00
2026-06-09 00:45:00+00:00,ADA-USD,15m,0.1673000007867813,0.1673000007867813,0.1662999987602234,0.16680000722408295,729920,729920,yfinance,2026-07-10T06:58:17.136516+00:00
2026-06-09 01:00:00+00:00,ADA-USD,15m,0.16680000722408295,0.1671999990940094,0.1662999987602234,0.16680000722408295,42656,42656,yfinance,2026-07-10T06:58:17.136516+00:00
2026-06-09 01:15:00+00:00,ADA-USD,15m,0.16670000553131104,0.1671999990940094,0.1665000021457672,0.16689999401569366,752128,752128,yfinance,2026-07-10T06:58:17.136516+00:00
2026-06-09 01:30:00+00:00,ADA-USD,15m,0.16680000722408295,0.16699999570846558,0.16609999537467957,0.1662999987602234,0,0,yfinance,2026-07-10T06:58:17.136516+00:00
2026-06-09 01:45:00+00:00,ADA-USD,15m,0.1662999987602234,0.16699999570846558,0.16609999537467957,0.16680000722408295,0,0,yfinance,2026-07-10T06:58:17.136516+00:00
2026-06-09 02:00:00+00:00,ADA-USD,15m,0.16680000722408295,0.16740000247955322,0.16670000553131104,0.16670000553131104,323904,323904,yfinance,2026-07-10T06:58:17.136516+00:00
2026-06-09 02:15:00+00:00,ADA-USD,15m,0.16670000553131104,0.16689999401569366,0.16599999368190765,0.16689999401569366,129376,129376,yfinance,2026-07-10T06:58:17.136516+00:00
2026-06-09 02:30:00+00:00,ADA-USD,15m,0.16689999401569366,0.1670999974012375,0.16590000689029694,0.16670000553131104,1091968,1091968,yfinance,2026-07-10T06:58:17.136516+00:00
2026-06-09 02:45:00+00:00,ADA-USD,15m,0.16680000722408295,0.16740000247955322,0.16619999706745148,0.16740000247955322,704480,704480,yfinance,2026-07-10T06:58:17.136516+00:00
2026-06-09 03:00:00+00:00,ADA-USD,15m,0.1671999990940094,0.16740000247955322,0.16660000383853912,0.16689999401569366,0,0,yfinance,2026-07-10T06:58:17.136516+00:00
2026-06-09 03:15:00+00:00,ADA-USD,15m,0.16689999401569366,0.1673000007867813,0.16609999537467957,0.1662999987602234,0,0,yfinance,2026-07-10T06:58:17.136516+00:00
2026-06-09 03:30:00+00:00,ADA-USD,15m,0.1662999987602234,0.1664000004529953,0.1657000035047531,0.16599999368190765,522944,522944,yfinance,2026-07-10T06:58:17.136516+00:00
2026-06-09 03:45:00+00:00,ADA-USD,15m,0.16590000689029694,0.16660000383853912,0.16580000519752502,0.1664000004529953,1205216,1205216,yfinance,2026-07-10T06:58:17.136516+00:00
2026-06-09 04:00:00+00:00,ADA-USD,15m,0.1662999987602234,0.1665000021457672,0.1656000018119812,0.1662999987602234,0,0,yfinance,2026-07-10T06:58:17.136516+00:00
2026-06-09 04:15:00+00:00,ADA-USD,15m,0.16609999537467957,0.1662999987602234,0.1657000035047531,0.1657000035047531,187968,187968,yfinance,2026-07-10T06:58:17.136516+00:00
2026-06-09 04:30:00+00:00,ADA-USD,15m,0.1657000035047531,0.16840000450611115,0.16519999504089355,0.1680999994277954,5676320,5676320,yfinance,2026-07-10T06:58:17.136516+00:00
2026-06-09 04:45:00+00:00,ADA-USD,15m,0.16830000281333923,0.1687999963760376,0.1678999960422516,0.16850000619888306,2405120,2405120,yfinance,2026-07-10T06:58:17.136516+00:00
2026-06-09 05:00:00+00:00,ADA-USD,15m,0.16850000619888306,0.16869999468326569,0.16760000586509705,0.16820000112056732,183616,183616,yfinance,2026-07-10T06:58:17.136516+00:00
2026-06-09 05:15:00+00:00,ADA-USD,15m,0.16850000619888306,0.1696999967098236,0.16850000619888306,0.16920000314712524,0,0,yfinance,2026-07-10T06:58:17.136516+00:00
2026-06-09 05:30:00+00:00,ADA-USD,15m,0.16940000653266907,0.17010000348091125,0.1688999980688095,0.16979999840259552,1453376,1453376,yfinance,2026-07-10T06:58:17.136516+00:00
2026-06-09 05:45:00+00:00,ADA-USD,15m,0.1696999967098236,0.17000000178813934,0.16940000653266907,0.16979999840259552,114976,114976,yfinance,2026-07-10T06:58:17.136516+00:00
2026-06-09 06:00:00+00:00,ADA-USD,15m,0.16990000009536743,0.1704999953508377,0.16940000653266907,0.1703999936580658,438656,438656,yfinance,2026-07-10T06:58:17.136516+00:00
2026-06-09 06:15:00+00:00,ADA-USD,15m,0.1704999953508377,0.17090000212192535,0.16979999840259552,0.17000000178813934,18464,18464,yfinance,2026-07-10T06:58:17.136516+00:00
2026-06-09 06:30:00+00:00,ADA-USD,15m,0.17010000348091125,0.17020000517368317,0.16940000653266907,0.17000000178813934,0,0,yfinance,2026-07-10T06:58:17.136516+00:00
2026-06-09 06:45:00+00:00,ADA-USD,15m,0.17010000348091125,0.1703999936580658,0.16930000483989716,0.16930000483989716,1709376,1709376,yfinance,2026-07-10T06:58:17.136516+00:00
2026-06-09 07:00:00+00:00,ADA-USD,15m,0.16949999332427979,0.17059999704360962,0.16920000314712524,0.17010000348091125,1324800,1324800,yfinance,2026-07-10T06:58:17.136516+00:00
2026-06-09 07:15:00+00:00,ADA-USD,15m,0.17010000348091125,0.17100000381469727,0.16899999976158142,0.16899999976158142,554016,554016,yfinance,2026-07-10T06:58:17.136516+00:00
2026-06-09 07:30:00+00:00,ADA-USD,15m,0.16899999976158142,0.17020000517368317,0.16899999976158142,0.17010000348091125,1662752,1662752,yfinance,2026-07-10T06:58:17.136516+00:00
2026-06-09 07:45:00+00:00,ADA-USD,15m,0.17010000348091125,0.1703999936580658,0.16979999840259552,0.17010000348091125,171968,171968,yfinance,2026-07-10T06:58:17.136516+00:00
2026-06-09 08:00:00+00:00,ADA-USD,15m,0.17020000517368317,0.17030000686645508,0.16830000281333923,0.1687999963760376,1118720,1118720,yfinance,2026-07-10T06:58:17.136516+00:00
2026-06-09 08:15:00+00:00,ADA-USD,15m,0.1687999963760376,0.16930000483989716,0.16840000450611115,0.16899999976158142,0,0,yfinance,2026-07-10T06:58:17.136516+00:00
2026-06-09 08:30:00+00:00,ADA-USD,15m,0.1687999963760376,0.16979999840259552,0.16869999468326569,0.16930000483989716,0,0,yfinance,2026-07-10T06:58:17.136516+00:00
2026-06-09 08:45:00+00:00,ADA-USD,15m,0.16920000314712524,0.16949999332427979,0.1687999963760376,0.1688999980688095,473184,473184,yfinance,2026-07-10T06:58:17.136516+00:00
2026-06-09 09:00:00+00:00,ADA-USD,15m,0.1688999980688095,0.16899999976158142,0.16840000450611115,0.16899999976158142,0,0,yfinance,2026-07-10T06:58:17.136516+00:00
2026-06-09 09:15:00+00:00,ADA-USD,15m,0.16899999976158142,0.16920000314712524,0.1680999994277954,0.16820000112056732,0,0,yfinance,2026-07-10T06:58:17.136516+00:00
2026-06-09 09:30:00+00:00,ADA-USD,15m,0.1678999960422516,0.1678999960422516,0.16660000383853912,0.1670999974012375,672352,672352,yfinance,2026-07-10T06:58:17.136516+00:00
2026-06-09 09:45:00+00:00,ADA-USD,15m,0.1670999974012375,0.16779999434947968,0.1670999974012375,0.16769999265670776,82112,82112,yfinance,2026-07-10T06:58:17.136516+00:00
2026-06-09 10:00:00+00:00,ADA-USD,15m,0.16779999434947968,0.16830000281333923,0.1671999990940094,0.16750000417232513,1298368,1298368,yfinance,2026-07-10T06:58:17.136516+00:00
2026-06-09 10:15:00+00:00,ADA-USD,15m,0.16750000417232513,0.16750000417232513,0.16680000722408295,0.1670999974012375,410688,410688,yfinance,2026-07-10T06:58:17.136516+00:00
2026-06-09 10:30:00+00:00,ADA-USD,15m,0.1671999990940094,0.16769999265670776,0.16680000722408295,0.16750000417232513,0,0,yfinance,2026-07-10T06:58:17.136516+00:00
2026-06-09 10:45:00+00:00,ADA-USD,15m,0.16750000417232513,0.1679999977350235,0.16740000247955322,0.16769999265670776,889632,889632,yfinance,2026-07-10T06:58:17.136516+00:00
2026-06-09 11:00:00+00:00,ADA-USD,15m,0.16769999265670776,0.1678999960422516,0.16689999401569366,0.16689999401569366,74240,74240,yfinance,2026-07-10T06:58:17.136516+00:00
2026-06-09 11:15:00+00:00,ADA-USD,15m,0.16699999570846558,0.16740000247955322,0.16670000553131104,0.16680000722408295,0,0,yfinance,2026-07-10T06:58:17.136516+00:00
2026-06-09 11:30:00+00:00,ADA-USD,15m,0.16680000722408295,0.16750000417232513,0.16680000722408295,0.1671999990940094,0,0,yfinance,2026-07-10T06:58:17.136516+00:00
2026-06-09 11:45:00+00:00,ADA-USD,15m,0.1671999990940094,0.16769999265670776,0.1670999974012375,0.16750000417232513,0,0,yfinance,2026-07-10T06:58:17.136516+00:00
2026-06-09 12:00:00+00:00,ADA-USD,15m,0.1673000007867813,0.16840000450611115,0.1673000007867813,0.16840000450611115,181696,181696,yfinance,2026-07-10T06:58:17.136516+00:00
2026-06-09 12:15:00+00:00,ADA-USD,15m,0.16840000450611115,0.16840000450611115,0.16760000586509705,0.16769999265670776,0,0,yfinance,2026-07-10T06:58:17.136516+00:00
2026-06-09 12:30:00+00:00,ADA-USD,15m,0.16769999265670776,0.16850000619888306,0.1670999974012375,0.16740000247955322,0,0,yfinance,2026-07-10T06:58:17.136516+00:00
2026-06-09 12:45:00+00:00,ADA-USD,15m,0.16740000247955322,0.1688999980688095,0.1670999974012375,0.1688999980688095,0,0,yfinance,2026-07-10T06:58:17.136516+00:00
2026-06-09 13:00:00+00:00,ADA-USD,15m,0.1688999980688095,0.16940000653266907,0.16859999299049377,0.16869999468326569,179904,179904,yfinance,2026-07-10T06:58:17.136516+00:00
2026-06-09 13:15:00+00:00,ADA-USD,15m,0.16859999299049377,0.16859999299049377,0.16750000417232513,0.16760000586509705,0,0,yfinance,2026-07-10T06:58:17.136516+00:00
2026-06-09 13:30:00+00:00,ADA-USD,15m,0.16740000247955322,0.16830000281333923,0.1670999974012375,0.16830000281333923,0,0,yfinance,2026-07-10T06:58:17.136516+00:00
2026-06-09 13:45:00+00:00,ADA-USD,15m,0.16840000450611115,0.1696999967098236,0.16820000112056732,0.16820000112056732,1428672,1428672,yfinance,2026-07-10T06:58:17.136516+00:00
2026-06-09 14:00:00+00:00,ADA-USD,15m,0.16820000112056732,0.16899999976158142,0.1673000007867813,0.1673000007867813,548000,548000,yfinance,2026-07-10T06:58:17.136516+00:00
2026-06-09 14:15:00+00:00,ADA-USD,15m,0.16699999570846558,0.16740000247955322,0.16509999334812164,0.16509999334812164,1311872,1311872,yfinance,2026-07-10T06:58:17.136516+00:00
2026-06-09 14:30:00+00:00,ADA-USD,15m,0.16509999334812164,0.16599999368190765,0.16459999978542328,0.16500000655651093,1142880,1142880,yfinance,2026-07-10T06:58:17.136516+00:00
2026-06-09 14:45:00+00:00,ADA-USD,15m,0.1648000031709671,0.1662999987602234,0.16429999470710754,0.16619999706745148,2001632,2001632,yfinance,2026-07-10T06:58:17.136516+00:00
2026-06-09 15:00:00+00:00,ADA-USD,15m,0.16619999706745148,0.16689999401569366,0.1657000035047531,0.1665000021457672,0,0,yfinance,2026-07-10T06:58:17.136516+00:00
2026-06-09 15:15:00+00:00,ADA-USD,15m,0.1662999987602234,0.16660000383853912,0.164000004529953,0.16419999301433563,0,0,yfinance,2026-07-10T06:58:17.136516+00:00
2026-06-09 15:30:00+00:00,ADA-USD,15m,0.16419999301433563,0.16449999809265137,0.1632000058889389,0.16380000114440918,3405760,3405760,yfinance,2026-07-10T06:58:17.136516+00:00
2026-06-09 15:45:00+00:00,ADA-USD,15m,0.164000004529953,0.16410000622272491,0.16269999742507935,0.16300000250339508,0,0,yfinance,2026-07-10T06:58:17.136516+00:00
2026-06-09 16:00:00+00:00,ADA-USD,15m,0.16269999742507935,0.16349999606609344,0.16220000386238098,0.1624000072479248,3247328,3247328,yfinance,2026-07-10T06:58:17.136516+00:00
2026-06-09 16:15:00+00:00,ADA-USD,15m,0.1624000072479248,0.16249999403953552,0.16140000522136688,0.16249999403953552,475136,475136,yfinance,2026-07-10T06:58:17.136516+00:00
2026-06-09 16:30:00+00:00,ADA-USD,15m,0.16259999573230743,0.16300000250339508,0.1606999933719635,0.16210000216960907,1525920,1525920,yfinance,2026-07-10T06:58:17.136516+00:00
2026-06-09 16:45:00+00:00,ADA-USD,15m,0.16200000047683716,0.16249999403953552,0.16140000522136688,0.16189999878406525,2252256,2252256,yfinance,2026-07-10T06:58:17.136516+00:00
2026-06-09 17:00:00+00:00,ADA-USD,15m,0.16200000047683716,0.16349999606609344,0.16200000047683716,0.16329999268054962,493088,493088,yfinance,2026-07-10T06:58:17.136516+00:00
2026-06-09 17:15:00+00:00,ADA-USD,15m,0.16339999437332153,0.1655000001192093,0.16339999437332153,0.16539999842643738,4840704,4840704,yfinance,2026-07-10T06:58:17.136516+00:00
2026-06-09 17:30:00+00:00,ADA-USD,15m,0.16539999842643738,0.16609999537467957,0.1648000031709671,0.1648000031709671,962560,962560,yfinance,2026-07-10T06:58:17.136516+00:00
2026-06-09 17:45:00+00:00,ADA-USD,15m,0.1648000031709671,0.1655000001192093,0.16459999978542328,0.16509999334812164,1800128,1800128,yfinance,2026-07-10T06:58:17.136516+00:00
2026-06-09 18:00:00+00:00,ADA-USD,15m,0.16509999334812164,0.1655000001192093,0.16439999639987946,0.16519999504089355,0,0,yfinance,2026-07-10T06:58:17.136516+00:00
2026-06-09 18:15:00+00:00,ADA-USD,15m,0.16519999504089355,0.16680000722408295,0.16519999504089355,0.16580000519752502,1570432,1570432,yfinance,2026-07-10T06:58:17.136516+00:00
2026-06-09 18:30:00+00:00,ADA-USD,15m,0.16590000689029694,0.16670000553131104,0.1657000035047531,0.16590000689029694,0,0,yfinance,2026-07-10T06:58:17.136516+00:00
2026-06-09 18:45:00+00:00,ADA-USD,15m,0.16599999368190765,0.16740000247955322,0.16599999368190765,0.16680000722408295,2162528,2162528,yfinance,2026-07-10T06:58:17.136516+00:00
2026-06-09 19:00:00+00:00,ADA-USD,15m,0.16660000383853912,0.16779999434947968,0.1664000004529953,0.16670000553131104,171072,171072,yfinance,2026-07-10T06:58:17.136516+00:00
2026-06-09 19:15:00+00:00,ADA-USD,15m,0.16670000553131104,0.1671999990940094,0.16609999537467957,0.1670999974012375,71136,71136,yfinance,2026-07-10T06:58:17.136516+00:00
2026-06-09 19:30:00+00:00,ADA-USD,15m,0.1671999990940094,0.16859999299049377,0.1671999990940094,0.1679999977350235,2523680,2523680,yfinance,2026-07-10T06:58:17.136516+00:00
2026-06-09 19:45:00+00:00,ADA-USD,15m,0.1678999960422516,0.1687999963760376,0.1670999974012375,0.16830000281333923,1807840,1807840,yfinance,2026-07-10T06:58:17.136516+00:00
2026-06-09 20:00:00+00:00,ADA-USD,15m,0.16840000450611115,0.16910000145435333,0.1678999960422516,0.16910000145435333,199904,199904,yfinance,2026-07-10T06:58:17.136516+00:00
2026-06-09 20:15:00+00:00,ADA-USD,15m,0.16910000145435333,0.1696999967098236,0.16840000450611115,0.16869999468326569,198688,198688,yfinance,2026-07-10T06:58:17.136516+00:00
2026-06-09 20:30:00+00:00,ADA-USD,15m,0.16859999299049377,0.16869999468326569,0.16820000112056732,0.16850000619888306,107168,107168,yfinance,2026-07-10T06:58:17.136516+00:00
2026-06-09 20:45:00+00:00,ADA-USD,15m,0.16850000619888306,0.16850000619888306,0.16779999434947968,0.1679999977350235,0,0,yfinance,2026-07-10T06:58:17.136516+00:00
2026-06-09 21:00:00+00:00,ADA-USD,15m,0.1679999977350235,0.1680999994277954,0.16689999401569366,0.1670999974012375,0,0,yfinance,2026-07-10T06:58:17.136516+00:00
2026-06-09 21:15:00+00:00,ADA-USD,15m,0.1670999974012375,0.1670999974012375,0.16590000689029694,0.16599999368190765,0,0,yfinance,2026-07-10T06:58:17.136516+00:00
2026-06-09 21:30:00+00:00,ADA-USD,15m,0.16599999368190765,0.16689999401569366,0.16590000689029694,0.16590000689029694,0,0,yfinance,2026-07-10T06:58:17.136516+00:00
2026-06-09 21:45:00+00:00,ADA-USD,15m,0.16590000689029694,0.16619999706745148,0.16529999673366547,0.16580000519752502,0,0,yfinance,2026-07-10T06:58:17.136516+00:00
2026-06-09 22:00:00+00:00,ADA-USD,15m,0.16599999368190765,0.16599999368190765,0.16519999504089355,0.1656000018119812,0,0,yfinance,2026-07-10T06:58:17.136516+00:00
2026-06-09 22:15:00+00:00,ADA-USD,15m,0.1656000018119812,0.16619999706745148,0.16529999673366547,0.1656000018119812,97856,97856,yfinance,2026-07-10T06:58:17.136516+00:00
2026-06-09 22:30:00+00:00,ADA-USD,15m,0.1656000018119812,0.16599999368190765,0.16529999673366547,0.16529999673366547,0,0,yfinance,2026-07-10T06:58:17.136516+00:00
2026-06-09 22:45:00+00:00,ADA-USD,15m,0.16529999673366547,0.16580000519752502,0.164900004863739,0.16500000655651093,424000,424000,yfinance,2026-07-10T06:58:17.136516+00:00
2026-06-09 23:00:00+00:00,ADA-USD,15m,0.164900004863739,0.16539999842643738,0.1648000031709671,0.16519999504089355,464576,464576,yfinance,2026-07-10T06:58:17.136516+00:00
2026-06-09 23:15:00+00:00,ADA-USD,15m,0.16509999334812164,0.16580000519752502,0.16509999334812164,0.1655000001192093,180864,180864,yfinance,2026-07-10T06:58:17.136516+00:00
2026-06-09 23:30:00+00:00,ADA-USD,15m,0.1655000001192093,0.1655000001192093,0.164900004863739,0.16519999504089355,0,0,yfinance,2026-07-10T06:58:17.136516+00:00
2026-06-09 23:45:00+00:00,ADA-USD,15m,0.16529999673366547,0.1655000001192093,0.1648000031709671,0.16519999504089355,138400,138400,yfinance,2026-07-10T06:58:17.136516+00:00
2026-06-10 00:00:00+00:00,ADA-USD,15m,0.16519999504089355,0.1664000004529953,0.16519999504089355,0.1664000004529953,384832,384832,yfinance,2026-07-10T06:58:17.136516+00:00
2026-06-10 00:15:00+00:00,ADA-USD,15m,0.1662999987602234,0.1664000004529953,0.16539999842643738,0.16609999537467957,99424,99424,yfinance,2026-07-10T06:58:17.136516+00:00
2026-06-10 00:30:00+00:00,ADA-USD,15m,0.16609999537467957,0.16619999706745148,0.16429999470710754,0.16449999809265137,0,0,yfinance,2026-07-10T06:58:17.136516+00:00
2026-06-10 00:45:00+00:00,ADA-USD,15m,0.16449999809265137,0.16619999706745148,0.16449999809265137,0.16619999706745148,3904,3904,yfinance,2026-07-10T06:58:17.136516+00:00
2026-06-10 01:00:00+00:00,ADA-USD,15m,0.16619999706745148,0.1664000004529953,0.16529999673366547,0.16619999706745148,42656,42656,yfinance,2026-07-10T06:58:17.136516+00:00
2026-06-10 01:15:00+00:00,ADA-USD,15m,0.16609999537467957,0.16660000383853912,0.1656000018119812,0.1657000035047531,498208,498208,yfinance,2026-07-10T06:58:17.136516+00:00
2026-06-10 01:30:00+00:00,ADA-USD,15m,0.1656000018119812,0.16619999706745148,0.16449999809265137,0.1648000031709671,251456,251456,yfinance,2026-07-10T06:58:17.136516+00:00
2026-06-10 01:45:00+00:00,ADA-USD,15m,0.16500000655651093,0.1655000001192093,0.16459999978542328,0.1648000031709671,794912,794912,yfinance,2026-07-10T06:58:17.136516+00:00
2026-06-10 02:00:00+00:00,ADA-USD,15m,0.1648000031709671,0.16529999673366547,0.16449999809265137,0.1647000014781952,419776,419776,yfinance,2026-07-10T06:58:17.136516+00:00
2026-06-10 02:15:00+00:00,ADA-USD,15m,0.16449999809265137,0.16459999978542328,0.16380000114440918,0.164000004529953,10336,10336,yfinance,2026-07-10T06:58:17.136516+00:00
2026-06-10 02:30:00+00:00,ADA-USD,15m,0.16410000622272491,0.16410000622272491,0.1624000072479248,0.16269999742507935,136384,136384,yfinance,2026-07-10T06:58:17.136516+00:00
2026-06-10 02:45:00+00:00,ADA-USD,15m,0.16259999573230743,0.16259999573230743,0.16179999709129333,0.16179999709129333,4809952,4809952,yfinance,2026-07-10T06:58:17.136516+00:00
2026-06-10 03:00:00+00:00,ADA-USD,15m,0.16189999878406525,0.16279999911785126,0.16169999539852142,0.16169999539852142,1249536,1249536,yfinance,2026-07-10T06:58:17.136516+00:00
2026-06-10 03:15:00+00:00,ADA-USD,15m,0.16179999709129333,0.1623000055551529,0.1615999937057495,0.16220000386238098,797088,797088,yfinance,2026-07-10T06:58:17.136516+00:00
2026-06-10 03:30:00+00:00,ADA-USD,15m,0.16220000386238098,0.1623000055551529,0.16120000183582306,0.16200000047683716,2712256,2712256,yfinance,2026-07-10T06:58:17.136516+00:00
2026-06-10 03:45:00+00:00,ADA-USD,15m,0.16200000047683716,0.1624000072479248,0.16169999539852142,0.16220000386238098,811296,811296,yfinance,2026-07-10T06:58:17.136516+00:00
2026-06-10 04:00:00+00:00,ADA-USD,15m,0.1623000055551529,0.16269999742507935,0.16200000047683716,0.16249999403953552,616064,616064,yfinance,2026-07-10T06:58:17.136516+00:00
2026-06-10 04:15:00+00:00,ADA-USD,15m,0.16259999573230743,0.16290000081062317,0.16200000047683716,0.16200000047683716,380288,380288,yfinance,2026-07-10T06:58:17.136516+00:00
2026-06-10 04:30:00+00:00,ADA-USD,15m,0.16200000047683716,0.16200000047683716,0.16099999845027924,0.16130000352859497,0,0,yfinance,2026-07-10T06:58:17.136516+00:00
2026-06-10 04:45:00+00:00,ADA-USD,15m,0.16120000183582306,0.16189999878406525,0.16110000014305115,0.1615000069141388,0,0,yfinance,2026-07-10T06:58:17.136516+00:00
2026-06-10 05:00:00+00:00,ADA-USD,15m,0.1615000069141388,0.16200000047683716,0.16089999675750732,0.16089999675750732,56224,56224,yfinance,2026-07-10T06:58:17.136516+00:00
2026-06-10 05:15:00+00:00,ADA-USD,15m,0.16089999675750732,0.16130000352859497,0.16030000150203705,0.16120000183582306,2176768,2176768,yfinance,2026-07-10T06:58:17.136516+00:00
2026-06-10 05:30:00+00:00,ADA-USD,15m,0.16120000183582306,0.16130000352859497,0.16030000150203705,0.16060000658035278,89728,89728,yfinance,2026-07-10T06:58:17.136516+00:00
2026-06-10 05:45:00+00:00,ADA-USD,15m,0.16060000658035278,0.16099999845027924,0.16019999980926514,0.16030000150203705,5179616,5179616,yfinance,2026-07-10T06:58:17.136516+00:00
2026-06-10 06:00:00+00:00,ADA-USD,15m,0.16030000150203705,0.16060000658035278,0.1599999964237213,0.16040000319480896,1760960,1760960,yfinance,2026-07-10T06:58:17.136516+00:00
2026-06-10 06:15:00+00:00,ADA-USD,15m,0.16050000488758087,0.1606999933719635,0.16009999811649323,0.16019999980926514,886496,886496,yfinance,2026-07-10T06:58:17.136516+00:00
2026-06-10 06:30:00+00:00,ADA-USD,15m,0.16019999980926514,0.16120000183582306,0.15970000624656677,0.1607999950647354,2348448,2348448,yfinance,2026-07-10T06:58:17.136516+00:00
2026-06-10 06:45:00+00:00,ADA-USD,15m,0.16089999675750732,0.16099999845027924,0.16050000488758087,0.16050000488758087,0,0,yfinance,2026-07-10T06:58:17.136516+00:00
2026-06-10 07:00:00+00:00,ADA-USD,15m,0.16050000488758087,0.16169999539852142,0.16040000319480896,0.1615000069141388,1352800,1352800,yfinance,2026-07-10T06:58:17.136516+00:00
2026-06-10 07:15:00+00:00,ADA-USD,15m,0.16120000183582306,0.16210000216960907,0.16110000014305115,0.1615999937057495,874336,874336,yfinance,2026-07-10T06:58:17.136516+00:00
2026-06-10 07:30:00+00:00,ADA-USD,15m,0.1615999937057495,0.16200000047683716,0.16130000352859497,0.16179999709129333,176320,176320,yfinance,2026-07-10T06:58:17.136516+00:00
2026-06-10 07:45:00+00:00,ADA-USD,15m,0.16179999709129333,0.16189999878406525,0.16120000183582306,0.16120000183582306,1544768,1544768,yfinance,2026-07-10T06:58:17.136516+00:00
2026-06-10 08:00:00+00:00,ADA-USD,15m,0.16120000183582306,0.16120000183582306,0.16009999811649323,0.1606999933719635,0,0,yfinance,2026-07-10T06:58:17.136516+00:00
2026-06-10 08:15:00+00:00,ADA-USD,15m,0.1606999933719635,0.16140000522136688,0.16050000488758087,0.16060000658035278,1257632,1257632,yfinance,2026-07-10T06:58:17.136516+00:00
2026-06-10 08:30:00+00:00,ADA-USD,15m,0.1606999933719635,0.16089999675750732,0.15880000591278076,0.1589999943971634,5601888,5601888,yfinance,2026-07-10T06:58:17.136516+00:00
2026-06-10 08:45:00+00:00,ADA-USD,15m,0.1589999943971634,0.15950000286102295,0.15889999270439148,0.15929999947547913,1241984,1241984,yfinance,2026-07-10T06:58:17.136516+00:00
2026-06-10 09:00:00+00:00,ADA-USD,15m,0.15929999947547913,0.16009999811649323,0.15919999778270721,0.15929999947547913,1287296,1287296,yfinance,2026-07-10T06:58:17.136516+00:00
2026-06-10 09:15:00+00:00,ADA-USD,15m,0.15919999778270721,0.1597999930381775,0.15860000252723694,0.15970000624656677,2106112,2106112,yfinance,2026-07-10T06:58:17.136516+00:00
2026-06-10 09:30:00+00:00,ADA-USD,15m,0.15970000624656677,0.16050000488758087,0.15970000624656677,0.16030000150203705,676992,676992,yfinance,2026-07-10T06:58:17.136516+00:00
2026-06-10 09:45:00+00:00,ADA-USD,15m,0.16030000150203705,0.16060000658035278,0.1598999947309494,0.16030000150203705,311328,311328,yfinance,2026-07-10T06:58:17.136516+00:00
2026-06-10 10:00:00+00:00,ADA-USD,15m,0.16030000150203705,0.16030000150203705,0.15919999778270721,0.15960000455379486,0,0,yfinance,2026-07-10T06:58:17.136516+00:00
2026-06-10 10:15:00+00:00,ADA-USD,15m,0.15960000455379486,0.16009999811649323,0.1590999960899353,0.16009999811649323,67616,67616,yfinance,2026-07-10T06:58:17.136516+00:00
2026-06-10 10:30:00+00:00,ADA-USD,15m,0.16019999980926514,0.1607999950647354,0.16019999980926514,0.16040000319480896,311424,311424,yfinance,2026-07-10T06:58:17.136516+00:00
2026-06-10 10:45:00+00:00,ADA-USD,15m,0.16050000488758087,0.1606999933719635,0.1597999930381775,0.16060000658035278,11552,11552,yfinance,2026-07-10T06:58:17.136516+00:00
2026-06-10 11:00:00+00:00,ADA-USD,15m,0.16060000658035278,0.16060000658035278,0.15850000083446503,0.15970000624656677,3789824,3789824,yfinance,2026-07-10T06:58:17.136516+00:00
2026-06-10 11:15:00+00:00,ADA-USD,15m,0.15960000455379486,0.1598999947309494,0.15870000422000885,0.15880000591278076,2305120,2305120,yfinance,2026-07-10T06:58:17.136516+00:00
2026-06-10 11:30:00+00:00,ADA-USD,15m,0.15889999270439148,0.15970000624656677,0.15870000422000885,0.15960000455379486,1098144,1098144,yfinance,2026-07-10T06:58:17.136516+00:00
2026-06-10 11:45:00+00:00,ADA-USD,15m,0.15960000455379486,0.16009999811649323,0.15940000116825104,0.15940000116825104,741632,741632,yfinance,2026-07-10T06:58:17.136516+00:00
2026-06-10 12:00:00+00:00,ADA-USD,15m,0.15929999947547913,0.1599999964237213,0.1589999943971634,0.1598999947309494,0,0,yfinance,2026-07-10T06:58:17.136516+00:00
2026-06-10 12:15:00+00:00,ADA-USD,15m,0.1599999964237213,0.16019999980926514,0.15919999778270721,0.1598999947309494,1753696,1753696,yfinance,2026-07-10T06:58:17.136516+00:00
2026-06-10 12:30:00+00:00,ADA-USD,15m,0.16030000150203705,0.16339999437332153,0.16030000150203705,0.16189999878406525,12641824,12641824,yfinance,2026-07-10T06:58:17.136516+00:00
2026-06-10 12:45:00+00:00,ADA-USD,15m,0.16200000047683716,0.16249999403953552,0.16179999709129333,0.16189999878406525,2790496,2790496,yfinance,2026-07-10T06:58:17.136516+00:00
2026-06-10 13:00:00+00:00,ADA-USD,15m,0.16189999878406525,0.1623000055551529,0.16120000183582306,0.16210000216960907,0,0,yfinance,2026-07-10T06:58:17.136516+00:00
2026-06-10 13:15:00+00:00,ADA-USD,15m,0.16189999878406525,0.1623000055551529,0.16130000352859497,0.16200000047683716,589472,589472,yfinance,2026-07-10T06:58:17.136516+00:00
2026-06-10 13:30:00+00:00,ADA-USD,15m,0.16189999878406525,0.1656000018119812,0.16189999878406525,0.1656000018119812,11180288,11180288,yfinance,2026-07-10T06:58:17.136516+00:00
2026-06-10 13:45:00+00:00,ADA-USD,15m,0.1657000035047531,0.16580000519752502,0.16439999639987946,0.1648000031709671,6081216,6081216,yfinance,2026-07-10T06:58:17.136516+00:00
2026-06-10 14:00:00+00:00,ADA-USD,15m,0.1648000031709671,0.16500000655651093,0.16349999606609344,0.16349999606609344,162528,162528,yfinance,2026-07-10T06:58:17.136516+00:00
2026-06-10 14:15:00+00:00,ADA-USD,15m,0.16339999437332153,0.1639000028371811,0.16269999742507935,0.1632000058889389,1275360,1275360,yfinance,2026-07-10T06:58:17.136516+00:00
2026-06-10 14:30:00+00:00,ADA-USD,15m,0.16329999268054962,0.1639000028371811,0.1624000072479248,0.1632000058889389,0,0,yfinance,2026-07-10T06:58:17.136516+00:00
2026-06-10 14:45:00+00:00,ADA-USD,15m,0.16300000250339508,0.16380000114440918,0.16279999911785126,0.16380000114440918,0,0,yfinance,2026-07-10T06:58:17.136516+00:00
2026-06-10 15:00:00+00:00,ADA-USD,15m,0.16380000114440918,0.1648000031709671,0.16279999911785126,0.16359999775886536,173760,173760,yfinance,2026-07-10T06:58:17.136516+00:00
2026-06-10 15:15:00+00:00,ADA-USD,15m,0.16349999606609344,0.16609999537467957,0.16329999268054962,0.1657000035047531,2928512,2928512,yfinance,2026-07-10T06:58:17.136516+00:00
2026-06-10 15:30:00+00:00,ADA-USD,15m,0.16539999842643738,0.16609999537467957,0.16519999504089355,0.16609999537467957,0,0,yfinance,2026-07-10T06:58:17.136516+00:00
2026-06-10 15:45:00+00:00,ADA-USD,15m,0.16609999537467957,0.16660000383853912,0.16359999775886536,0.164900004863739,7188800,7188800,yfinance,2026-07-10T06:58:17.136516+00:00
2026-06-10 16:00:00+00:00,ADA-USD,15m,0.164900004863739,0.164900004863739,0.16410000622272491,0.16449999809265137,0,0,yfinance,2026-07-10T06:58:17.136516+00:00
2026-06-10 16:15:00+00:00,ADA-USD,15m,0.16449999809265137,0.16500000655651093,0.16329999268054962,0.16369999945163727,153856,153856,yfinance,2026-07-10T06:58:17.136516+00:00
2026-06-10 16:30:00+00:00,ADA-USD,15m,0.1639000028371811,0.16429999470710754,0.16259999573230743,0.16259999573230743,1922144,1922144,yfinance,2026-07-10T06:58:17.136516+00:00
2026-06-10 16:45:00+00:00,ADA-USD,15m,0.1623000055551529,0.1623000055551529,0.16050000488758087,0.16189999878406525,2005952,2005952,yfinance,2026-07-10T06:58:17.136516+00:00
2026-06-10 17:00:00+00:00,ADA-USD,15m,0.16200000047683716,0.16259999573230743,0.16169999539852142,0.16200000047683716,0,0,yfinance,2026-07-10T06:58:17.136516+00:00
2026-06-10 17:15:00+00:00,ADA-USD,15m,0.16200000047683716,0.16259999573230743,0.16060000658035278,0.16060000658035278,0,0,yfinance,2026-07-10T06:58:17.136516+00:00
2026-06-10 17:30:00+00:00,ADA-USD,15m,0.1606999933719635,0.16120000183582306,0.16009999811649323,0.16030000150203705,571744,571744,yfinance,2026-07-10T06:58:17.136516+00:00
2026-06-10 17:45:00+00:00,ADA-USD,15m,0.16030000150203705,0.16179999709129333,0.16019999980926514,0.1615999937057495,630336,630336,yfinance,2026-07-10T06:58:17.136516+00:00
2026-06-10 18:00:00+00:00,ADA-USD,15m,0.16169999539852142,0.16220000386238098,0.1615000069141388,0.16179999709129333,5248,5248,yfinance,2026-07-10T06:58:17.136516+00:00
2026-06-10 18:15:00+00:00,ADA-USD,15m,0.16189999878406525,0.1623000055551529,0.16120000183582306,0.1623000055551529,0,0,yfinance,2026-07-10T06:58:17.136516+00:00
2026-06-10 18:30:00+00:00,ADA-USD,15m,0.16220000386238098,0.16220000386238098,0.16110000014305115,0.1615000069141388,1590272,1590272,yfinance,2026-07-10T06:58:17.136516+00:00
2026-06-10 18:45:00+00:00,ADA-USD,15m,0.1615999937057495,0.16449999809265137,0.1615000069141388,0.16449999809265137,2602816,2602816,yfinance,2026-07-10T06:58:17.136516+00:00
2026-06-10 19:00:00+00:00,ADA-USD,15m,0.16459999978542328,0.16459999978542328,0.16279999911785126,0.16290000081062317,2791648,2791648,yfinance,2026-07-10T06:58:17.136516+00:00
2026-06-10 19:15:00+00:00,ADA-USD,15m,0.16269999742507935,0.163100004196167,0.16089999675750732,0.16099999845027924,322720,322720,yfinance,2026-07-10T06:58:17.136516+00:00
2026-06-10 19:30:00+00:00,ADA-USD,15m,0.16140000522136688,0.16200000047683716,0.1607999950647354,0.16099999845027924,2120000,2120000,yfinance,2026-07-10T06:58:17.136516+00:00
2026-06-10 19:45:00+00:00,ADA-USD,15m,0.16110000014305115,0.16110000014305115,0.16030000150203705,0.1606999933719635,53312,53312,yfinance,2026-07-10T06:58:17.136516+00:00
2026-06-10 20:00:00+00:00,ADA-USD,15m,0.1606999933719635,0.16110000014305115,0.15960000455379486,0.16060000658035278,514880,514880,yfinance,2026-07-10T06:58:17.136516+00:00
2026-06-10 20:15:00+00:00,ADA-USD,15m,0.16060000658035278,0.1615000069141388,0.16019999980926514,0.16130000352859497,971680,971680,yfinance,2026-07-10T06:58:17.136516+00:00
2026-06-10 20:30:00+00:00,ADA-USD,15m,0.16099999845027924,0.16099999845027924,0.16009999811649323,0.16009999811649323,319808,319808,yfinance,2026-07-10T06:58:17.136516+00:00
2026-06-10 20:45:00+00:00,ADA-USD,15m,0.16009999811649323,0.16060000658035278,0.15960000455379486,0.16009999811649323,2464576,2464576,yfinance,2026-07-10T06:58:17.136516+00:00
2026-06-10 21:00:00+00:00,ADA-USD,15m,0.1599999964237213,0.16009999811649323,0.15870000422000885,0.15880000591278076,706496,706496,yfinance,2026-07-10T06:58:17.136516+00:00
2026-06-10 21:15:00+00:00,ADA-USD,15m,0.15880000591278076,0.1598999947309494,0.15880000591278076,0.15950000286102295,1050656,1050656,yfinance,2026-07-10T06:58:17.136516+00:00
2026-06-10 21:30:00+00:00,ADA-USD,15m,0.15929999947547913,0.1598999947309494,0.15919999778270721,0.1598999947309494,245216,245216,yfinance,2026-07-10T06:58:17.136516+00:00
2026-06-10 21:45:00+00:00,ADA-USD,15m,0.1597999930381775,0.16030000150203705,0.1582999974489212,0.15929999947547913,702656,702656,yfinance,2026-07-10T06:58:17.136516+00:00
2026-06-10 22:00:00+00:00,ADA-USD,15m,0.15940000116825104,0.15950000286102295,0.15860000252723694,0.15950000286102295,879968,879968,yfinance,2026-07-10T06:58:17.136516+00:00
2026-06-10 22:15:00+00:00,ADA-USD,15m,0.15919999778270721,0.15970000624656677,0.1589999943971634,0.15929999947547913,445344,445344,yfinance,2026-07-10T06:58:17.136516+00:00
2026-06-10 22:30:00+00:00,ADA-USD,15m,0.15929999947547913,0.16140000522136688,0.15929999947547913,0.16089999675750732,4037984,4037984,yfinance,2026-07-10T06:58:17.136516+00:00
2026-06-10 22:45:00+00:00,ADA-USD,15m,0.1606999933719635,0.1607999950647354,0.16009999811649323,0.16009999811649323,1629760,1629760,yfinance,2026-07-10T06:58:17.136516+00:00
2026-06-10 23:00:00+00:00,ADA-USD,15m,0.15970000624656677,0.1597999930381775,0.15919999778270721,0.15960000455379486,196448,196448,yfinance,2026-07-10T06:58:17.136516+00:00
2026-06-10 23:15:00+00:00,ADA-USD,15m,0.15950000286102295,0.16140000522136688,0.15919999778270721,0.16110000014305115,4377024,4377024,yfinance,2026-07-10T06:58:17.136516+00:00
2026-06-10 23:30:00+00:00,ADA-USD,15m,0.16110000014305115,0.16120000183582306,0.16019999980926514,0.1607999950647354,1227616,1227616,yfinance,2026-07-10T06:58:17.136516+00:00
2026-06-10 23:45:00+00:00,ADA-USD,15m,0.1606999933719635,0.16130000352859497,0.16030000150203705,0.16050000488758087,1056736,1056736,yfinance,2026-07-10T06:58:17.136516+00:00
2026-06-11 00:00:00+00:00,ADA-USD,15m,0.16050000488758087,0.16140000522136688,0.16050000488758087,0.16140000522136688,965952,965952,yfinance,2026-07-10T06:58:17.136516+00:00
2026-06-11 00:15:00+00:00,ADA-USD,15m,0.1615000069141388,0.16210000216960907,0.16089999675750732,0.1615000069141388,1735648,1735648,yfinance,2026-07-10T06:58:17.136516+00:00
2026-06-11 00:30:00+00:00,ADA-USD,15m,0.1615999937057495,0.16179999709129333,0.1607999950647354,0.16089999675750732,1561216,1561216,yfinance,2026-07-10T06:58:17.136516+00:00
2026-06-11 00:45:00+00:00,ADA-USD,15m,0.16099999845027924,0.1615999937057495,0.16060000658035278,0.16110000014305115,1102816,1102816,yfinance,2026-07-10T06:58:17.136516+00:00
2026-06-11 01:00:00+00:00,ADA-USD,15m,0.16110000014305115,0.16200000047683716,0.16110000014305115,0.16189999878406525,1714944,1714944,yfinance,2026-07-10T06:58:17.136516+00:00
2026-06-11 01:15:00+00:00,ADA-USD,15m,0.16169999539852142,0.16210000216960907,0.1615999937057495,0.16179999709129333,889600,889600,yfinance,2026-07-10T06:58:17.136516+00:00
2026-06-11 01:30:00+00:00,ADA-USD,15m,0.16189999878406525,0.16339999437332153,0.16140000522136688,0.16339999437332153,1198016,1198016,yfinance,2026-07-10T06:58:17.136516+00:00
2026-06-11 01:45:00+00:00,ADA-USD,15m,0.16329999268054962,0.16410000622272491,0.16290000081062317,0.16339999437332153,4096416,4096416,yfinance,2026-07-10T06:58:17.136516+00:00
2026-06-11 02:00:00+00:00,ADA-USD,15m,0.16339999437332153,0.16359999775886536,0.16249999403953552,0.16269999742507935,828320,828320,yfinance,2026-07-10T06:58:17.136516+00:00
2026-06-11 02:15:00+00:00,ADA-USD,15m,0.16269999742507935,0.16300000250339508,0.16210000216960907,0.16249999403953552,489184,489184,yfinance,2026-07-10T06:58:17.136516+00:00
2026-06-11 02:30:00+00:00,ADA-USD,15m,0.16259999573230743,0.16269999742507935,0.16200000047683716,0.16210000216960907,436832,436832,yfinance,2026-07-10T06:58:17.136516+00:00
2026-06-11 02:45:00+00:00,ADA-USD,15m,0.16200000047683716,0.16329999268054962,0.1615999937057495,0.16279999911785126,615840,615840,yfinance,2026-07-10T06:58:17.136516+00:00
2026-06-11 03:00:00+00:00,ADA-USD,15m,0.16269999742507935,0.163100004196167,0.16200000047683716,0.1623000055551529,0,0,yfinance,2026-07-10T06:58:17.136516+00:00
2026-06-11 03:15:00+00:00,ADA-USD,15m,0.1623000055551529,0.16300000250339508,0.16220000386238098,0.16300000250339508,699616,699616,yfinance,2026-07-10T06:58:17.136516+00:00
2026-06-11 03:30:00+00:00,ADA-USD,15m,0.16300000250339508,0.16439999639987946,0.16300000250339508,0.164000004529953,2680352,2680352,yfinance,2026-07-10T06:58:17.136516+00:00
2026-06-11 03:45:00+00:00,ADA-USD,15m,0.16419999301433563,0.16680000722408295,0.164000004529953,0.1664000004529953,11209792,11209792,yfinance,2026-07-10T06:58:17.136516+00:00
2026-06-11 04:00:00+00:00,ADA-USD,15m,0.1662999987602234,0.1665000021457672,0.16509999334812164,0.16619999706745148,6650976,6650976,yfinance,2026-07-10T06:58:17.136516+00:00
2026-06-11 04:15:00+00:00,ADA-USD,15m,0.16619999706745148,0.1665000021457672,0.16590000689029694,0.16590000689029694,4270912,4270912,yfinance,2026-07-10T06:58:17.136516+00:00
2026-06-11 04:30:00+00:00,ADA-USD,15m,0.16599999368190765,0.16619999706745148,0.1655000001192093,0.16599999368190765,786976,786976,yfinance,2026-07-10T06:58:17.136516+00:00
2026-06-11 04:45:00+00:00,ADA-USD,15m,0.1662999987602234,0.16740000247955322,0.16619999706745148,0.16670000553131104,4148928,4148928,yfinance,2026-07-10T06:58:17.136516+00:00
2026-06-11 05:00:00+00:00,ADA-USD,15m,0.1665000021457672,0.16660000383853912,0.16580000519752502,0.16619999706745148,611840,611840,yfinance,2026-07-10T06:58:17.136516+00:00
2026-06-11 05:15:00+00:00,ADA-USD,15m,0.16619999706745148,0.1665000021457672,0.16539999842643738,0.1656000018119812,0,0,yfinance,2026-07-10T06:58:17.136516+00:00
2026-06-11 05:30:00+00:00,ADA-USD,15m,0.1656000018119812,0.16619999706745148,0.16539999842643738,0.16609999537467957,14624,14624,yfinance,2026-07-10T06:58:17.136516+00:00
2026-06-11 05:45:00+00:00,ADA-USD,15m,0.16609999537467957,0.1662999987602234,0.16529999673366547,0.16529999673366547,439232,439232,yfinance,2026-07-10T06:58:17.136516+00:00
2026-06-11 06:00:00+00:00,ADA-USD,15m,0.16539999842643738,0.16580000519752502,0.1648000031709671,0.1655000001192093,0,0,yfinance,2026-07-10T06:58:17.136516+00:00
2026-06-11 06:15:00+00:00,ADA-USD,15m,0.1655000001192093,0.16599999368190765,0.16519999504089355,0.16539999842643738,830880,830880,yfinance,2026-07-10T06:58:17.136516+00:00
2026-06-11 06:30:00+00:00,ADA-USD,15m,0.16539999842643738,0.1655000001192093,0.16459999978542328,0.1647000014781952,0,0,yfinance,2026-07-10T06:58:17.136516+00:00
2026-06-11 06:45:00+00:00,ADA-USD,15m,0.1647000014781952,0.1647000014781952,0.164000004529953,0.16439999639987946,1315232,1315232,yfinance,2026-07-10T06:58:17.136516+00:00
2026-06-11 07:00:00+00:00,ADA-USD,15m,0.16439999639987946,0.16509999334812164,0.16419999301433563,0.16459999978542328,600608,600608,yfinance,2026-07-10T06:58:17.136516+00:00
2026-06-11 07:15:00+00:00,ADA-USD,15m,0.16459999978542328,0.16619999706745148,0.16459999978542328,0.16619999706745148,1196736,1196736,yfinance,2026-07-10T06:58:17.136516+00:00
2026-06-11 07:30:00+00:00,ADA-USD,15m,0.16619999706745148,0.1664000004529953,0.1656000018119812,0.1657000035047531,519168,519168,yfinance,2026-07-10T06:58:17.136516+00:00
2026-06-11 07:45:00+00:00,ADA-USD,15m,0.1657000035047531,0.16660000383853912,0.1657000035047531,0.16660000383853912,752192,752192,yfinance,2026-07-10T06:58:17.136516+00:00
2026-06-11 08:00:00+00:00,ADA-USD,15m,0.16670000553131104,0.16750000417232513,0.1665000021457672,0.1673000007867813,842304,842304,yfinance,2026-07-10T06:58:17.136516+00:00
2026-06-11 08:15:00+00:00,ADA-USD,15m,0.1671999990940094,0.16779999434947968,0.16699999570846558,0.16750000417232513,1465792,1465792,yfinance,2026-07-10T06:58:17.136516+00:00
2026-06-11 08:30:00+00:00,ADA-USD,15m,0.16779999434947968,0.16779999434947968,0.1673000007867813,0.16740000247955322,437376,437376,yfinance,2026-07-10T06:58:17.136516+00:00
2026-06-11 08:45:00+00:00,ADA-USD,15m,0.1673000007867813,0.16779999434947968,0.16660000383853912,0.16660000383853912,1674496,1674496,yfinance,2026-07-10T06:58:17.136516+00:00
2026-06-11 09:00:00+00:00,ADA-USD,15m,0.16660000383853912,0.16670000553131104,0.1657000035047531,0.16599999368190765,568768,568768,yfinance,2026-07-10T06:58:17.136516+00:00
2026-06-11 09:15:00+00:00,ADA-USD,15m,0.16599999368190765,0.16609999537467957,0.1655000001192093,0.16609999537467957,106528,106528,yfinance,2026-07-10T06:58:17.136516+00:00
2026-06-11 09:30:00+00:00,ADA-USD,15m,0.16619999706745148,0.16660000383853912,0.16609999537467957,0.1664000004529953,0,0,yfinance,2026-07-10T06:58:17.136516+00:00
2026-06-11 09:45:00+00:00,ADA-USD,15m,0.1662999987602234,0.1665000021457672,0.16619999706745148,0.16619999706745148,602208,602208,yfinance,2026-07-10T06:58:17.136516+00:00
2026-06-11 10:00:00+00:00,ADA-USD,15m,0.1662999987602234,0.1662999987602234,0.16539999842643738,0.1656000018119812,130560,130560,yfinance,2026-07-10T06:58:17.136516+00:00
2026-06-11 10:15:00+00:00,ADA-USD,15m,0.1657000035047531,0.1657000035047531,0.16519999504089355,0.16539999842643738,459680,459680,yfinance,2026-07-10T06:58:17.136516+00:00
2026-06-11 10:30:00+00:00,ADA-USD,15m,0.16539999842643738,0.1656000018119812,0.16519999504089355,0.1655000001192093,908480,908480,yfinance,2026-07-10T06:58:17.136516+00:00
2026-06-11 10:45:00+00:00,ADA-USD,15m,0.1655000001192093,0.16609999537467957,0.1655000001192093,0.16609999537467957,361440,361440,yfinance,2026-07-10T06:58:17.136516+00:00
2026-06-11 11:00:00+00:00,ADA-USD,15m,0.16599999368190765,0.16609999537467957,0.16539999842643738,0.16590000689029694,908384,908384,yfinance,2026-07-10T06:58:17.136516+00:00
2026-06-11 11:15:00+00:00,ADA-USD,15m,0.16599999368190765,0.1662999987602234,0.1655000001192093,0.16590000689029694,107392,107392,yfinance,2026-07-10T06:58:17.136516+00:00
2026-06-11 11:30:00+00:00,ADA-USD,15m,0.16590000689029694,0.16619999706745148,0.1657000035047531,0.16599999368190765,2241856,2241856,yfinance,2026-07-10T06:58:17.136516+00:00
2026-06-11 11:45:00+00:00,ADA-USD,15m,0.16609999537467957,0.1671999990940094,0.16609999537467957,0.16670000553131104,2636992,2636992,yfinance,2026-07-10T06:58:17.136516+00:00
2026-06-11 12:00:00+00:00,ADA-USD,15m,0.16670000553131104,0.16680000722408295,0.16590000689029694,0.1662999987602234,988128,988128,yfinance,2026-07-10T06:58:17.136516+00:00
2026-06-11 12:15:00+00:00,ADA-USD,15m,0.1662999987602234,0.16660000383853912,0.16449999809265137,0.164900004863739,2489984,2489984,yfinance,2026-07-10T06:58:17.136516+00:00
2026-06-11 12:30:00+00:00,ADA-USD,15m,0.1648000031709671,0.16599999368190765,0.16459999978542328,0.16599999368190765,448608,448608,yfinance,2026-07-10T06:58:17.136516+00:00
2026-06-11 12:45:00+00:00,ADA-USD,15m,0.16580000519752502,0.16599999368190765,0.16529999673366547,0.1656000018119812,817632,817632,yfinance,2026-07-10T06:58:17.136516+00:00
2026-06-11 13:00:00+00:00,ADA-USD,15m,0.16539999842643738,0.16539999842643738,0.16439999639987946,0.1648000031709671,0,0,yfinance,2026-07-10T06:58:17.136516+00:00
2026-06-11 13:15:00+00:00,ADA-USD,15m,0.1648000031709671,0.16529999673366547,0.16449999809265137,0.16459999978542328,59616,59616,yfinance,2026-07-10T06:58:17.136516+00:00
2026-06-11 13:30:00+00:00,ADA-USD,15m,0.16439999639987946,0.164900004863739,0.16410000622272491,0.1648000031709671,0,0,yfinance,2026-07-10T06:58:17.136516+00:00
2026-06-11 13:45:00+00:00,ADA-USD,15m,0.1655000001192093,0.16599999368190765,0.16529999673366547,0.1656000018119812,401760,401760,yfinance,2026-07-10T06:58:17.136516+00:00
2026-06-11 14:00:00+00:00,ADA-USD,15m,0.1656000018119812,0.16609999537467957,0.16500000655651093,0.16509999334812164,0,0,yfinance,2026-07-10T06:58:17.136516+00:00
2026-06-11 14:15:00+00:00,ADA-USD,15m,0.16519999504089355,0.16539999842643738,0.16449999809265137,0.16509999334812164,0,0,yfinance,2026-07-10T06:58:17.136516+00:00
2026-06-11 14:30:00+00:00,ADA-USD,15m,0.16509999334812164,0.16619999706745148,0.1648000031709671,0.16599999368190765,1060224,1060224,yfinance,2026-07-10T06:58:17.136516+00:00
2026-06-11 14:45:00+00:00,ADA-USD,15m,0.16609999537467957,0.16660000383853912,0.16519999504089355,0.16519999504089355,379488,379488,yfinance,2026-07-10T06:58:17.136516+00:00
2026-06-11 15:00:00+00:00,ADA-USD,15m,0.16509999334812164,0.16619999706745148,0.16449999809265137,0.16580000519752502,1154656,1154656,yfinance,2026-07-10T06:58:17.136516+00:00
2026-06-11 15:15:00+00:00,ADA-USD,15m,0.16580000519752502,0.16670000553131104,0.1657000035047531,0.1665000021457672,347488,347488,yfinance,2026-07-10T06:58:17.136516+00:00
2026-06-11 15:30:00+00:00,ADA-USD,15m,0.1665000021457672,0.1670999974012375,0.16609999537467957,0.1662999987602234,0,0,yfinance,2026-07-10T06:58:17.136516+00:00
2026-06-11 15:45:00+00:00,ADA-USD,15m,0.16609999537467957,0.16619999706745148,0.16529999673366547,0.16590000689029694,0,0,yfinance,2026-07-10T06:58:17.136516+00:00
2026-06-11 16:00:00+00:00,ADA-USD,15m,0.16599999368190765,0.1662999987602234,0.16539999842643738,0.16599999368190765,0,0,yfinance,2026-07-10T06:58:17.136516+00:00
2026-06-11 16:15:00+00:00,ADA-USD,15m,0.16609999537467957,0.16619999706745148,0.164900004863739,0.16529999673366547,0,0,yfinance,2026-07-10T06:58:17.136516+00:00
2026-06-11 16:30:00+00:00,ADA-USD,15m,0.16529999673366547,0.1665000021457672,0.16519999504089355,0.1657000035047531,414496,414496,yfinance,2026-07-10T06:58:17.136516+00:00
2026-06-11 16:45:00+00:00,ADA-USD,15m,0.16580000519752502,0.16580000519752502,0.1648000031709671,0.164900004863739,0,0,yfinance,2026-07-10T06:58:17.136516+00:00
2026-06-11 17:00:00+00:00,ADA-USD,15m,0.164900004863739,0.16509999334812164,0.16439999639987946,0.1647000014781952,758400,758400,yfinance,2026-07-10T06:58:17.136516+00:00
2026-06-11 17:15:00+00:00,ADA-USD,15m,0.16459999978542328,0.1665000021457672,0.164000004529953,0.1665000021457672,41952,41952,yfinance,2026-07-10T06:58:17.136516+00:00
2026-06-11 17:30:00+00:00,ADA-USD,15m,0.16670000553131104,0.16859999299049377,0.1665000021457672,0.16850000619888306,15517920,15517920,yfinance,2026-07-10T06:58:17.136516+00:00
2026-06-11 17:45:00+00:00,ADA-USD,15m,0.1687999963760376,0.1703999936580658,0.16850000619888306,0.1703999936580658,9979200,9979200,yfinance,2026-07-10T06:58:17.136516+00:00
2026-06-11 18:00:00+00:00,ADA-USD,15m,0.17059999704360962,0.17180000245571136,0.16910000145435333,0.17020000517368317,7736608,7736608,yfinance,2026-07-10T06:58:17.136516+00:00
2026-06-11 18:15:00+00:00,ADA-USD,15m,0.17020000517368317,0.17100000381469727,0.16869999468326569,0.1687999963760376,4664704,4664704,yfinance,2026-07-10T06:58:17.136516+00:00
2026-06-11 18:30:00+00:00,ADA-USD,15m,0.1687999963760376,0.1695999950170517,0.1687999963760376,0.16949999332427979,3233760,3233760,yfinance,2026-07-10T06:58:17.136516+00:00
2026-06-11 18:45:00+00:00,ADA-USD,15m,0.16940000653266907,0.1695999950170517,0.1688999980688095,0.1688999980688095,823520,823520,yfinance,2026-07-10T06:58:17.136516+00:00
2026-06-11 19:00:00+00:00,ADA-USD,15m,0.16869999468326569,0.16930000483989716,0.1680999994277954,0.1687999963760376,0,0,yfinance,2026-07-10T06:58:17.136516+00:00
2026-06-11 19:15:00+00:00,ADA-USD,15m,0.1687999963760376,0.17010000348091125,0.1687999963760376,0.1695999950170517,1847648,1847648,yfinance,2026-07-10T06:58:17.136516+00:00
2026-06-11 19:30:00+00:00,ADA-USD,15m,0.16949999332427979,0.17080000042915344,0.16940000653266907,0.16949999332427979,2661984,2661984,yfinance,2026-07-10T06:58:17.136516+00:00
2026-06-11 19:45:00+00:00,ADA-USD,15m,0.1696999967098236,0.16979999840259552,0.1688999980688095,0.16920000314712524,0,0,yfinance,2026-07-10T06:58:17.136516+00:00
2026-06-11 20:00:00+00:00,ADA-USD,15m,0.16930000483989716,0.16949999332427979,0.16869999468326569,0.16920000314712524,0,0,yfinance,2026-07-10T06:58:17.136516+00:00
2026-06-11 20:15:00+00:00,ADA-USD,15m,0.16930000483989716,0.16940000653266907,0.1679999977350235,0.1680999994277954,0,0,yfinance,2026-07-10T06:58:17.136516+00:00
2026-06-11 20:30:00+00:00,ADA-USD,15m,0.1679999977350235,0.1680999994277954,0.16740000247955322,0.16779999434947968,3116160,3116160,yfinance,2026-07-10T06:58:17.136516+00:00
2026-06-11 20:45:00+00:00,ADA-USD,15m,0.16769999265670776,0.16840000450611115,0.16769999265670776,0.16830000281333923,182816,182816,yfinance,2026-07-10T06:58:17.136516+00:00
2026-06-11 21:00:00+00:00,ADA-USD,15m,0.16850000619888306,0.16990000009536743,0.16830000281333923,0.16990000009536743,0,0,yfinance,2026-07-10T06:58:17.136516+00:00
2026-06-11 21:15:00+00:00,ADA-USD,15m,0.1696999967098236,0.16990000009536743,0.16949999332427979,0.16979999840259552,253504,253504,yfinance,2026-07-10T06:58:17.136516+00:00
2026-06-11 21:30:00+00:00,ADA-USD,15m,0.16990000009536743,0.17030000686645508,0.16979999840259552,0.16990000009536743,277184,277184,yfinance,2026-07-10T06:58:17.136516+00:00
2026-06-11 21:45:00+00:00,ADA-USD,15m,0.16979999840259552,0.17069999873638153,0.16979999840259552,0.17000000178813934,0,0,yfinance,2026-07-10T06:58:17.136516+00:00
2026-06-11 22:00:00+00:00,ADA-USD,15m,0.17000000178813934,0.17069999873638153,0.16990000009536743,0.17030000686645508,303008,303008,yfinance,2026-07-10T06:58:17.136516+00:00
2026-06-11 22:15:00+00:00,ADA-USD,15m,0.17030000686645508,0.17080000042915344,0.17030000686645508,0.1704999953508377,396576,396576,yfinance,2026-07-10T06:58:17.136516+00:00
2026-06-11 22:30:00+00:00,ADA-USD,15m,0.1704999953508377,0.1712000072002411,0.1703999936580658,0.1703999936580658,0,0,yfinance,2026-07-10T06:58:17.136516+00:00
2026-06-11 22:45:00+00:00,ADA-USD,15m,0.1703999936580658,0.17139999568462372,0.17010000348091125,0.17100000381469727,39232,39232,yfinance,2026-07-10T06:58:17.136516+00:00
2026-06-11 23:00:00+00:00,ADA-USD,15m,0.17090000212192535,0.17090000212192535,0.17000000178813934,0.1703999936580658,711840,711840,yfinance,2026-07-10T06:58:17.136516+00:00
2026-06-11 23:15:00+00:00,ADA-USD,15m,0.1703999936580658,0.1712000072002411,0.17030000686645508,0.1703999936580658,0,0,yfinance,2026-07-10T06:58:17.136516+00:00
2026-06-11 23:30:00+00:00,ADA-USD,15m,0.1703999936580658,0.17180000245571136,0.1703999936580658,0.1712999939918518,5922688,5922688,yfinance,2026-07-10T06:58:17.136516+00:00
2026-06-11 23:45:00+00:00,ADA-USD,15m,0.1712999939918518,0.1712999939918518,0.16990000009536743,0.1704999953508377,1138880,1138880,yfinance,2026-07-10T06:58:17.136516+00:00
2026-06-12 00:00:00+00:00,ADA-USD,15m,0.17059999704360962,0.17100000381469727,0.17010000348091125,0.1703999936580658,2663680,2663680,yfinance,2026-07-10T06:58:17.136516+00:00
2026-06-12 00:15:00+00:00,ADA-USD,15m,0.17020000517368317,0.1703999936580658,0.16979999840259552,0.17030000686645508,477728,477728,yfinance,2026-07-10T06:58:17.136516+00:00
2026-06-12 00:30:00+00:00,ADA-USD,15m,0.17030000686645508,0.17059999704360962,0.16990000009536743,0.17030000686645508,538208,538208,yfinance,2026-07-10T06:58:17.136516+00:00
2026-06-12 00:45:00+00:00,ADA-USD,15m,0.1703999936580658,0.17059999704360962,0.16990000009536743,0.17000000178813934,536160,536160,yfinance,2026-07-10T06:58:17.136516+00:00
2026-06-12 01:00:00+00:00,ADA-USD,15m,0.16990000009536743,0.16990000009536743,0.16899999976158142,0.16920000314712524,0,0,yfinance,2026-07-10T06:58:17.136516+00:00
2026-06-12 01:15:00+00:00,ADA-USD,15m,0.16930000483989716,0.16949999332427979,0.16869999468326569,0.1688999980688095,0,0,yfinance,2026-07-10T06:58:17.136516+00:00
2026-06-12 01:30:00+00:00,ADA-USD,15m,0.1688999980688095,0.16930000483989716,0.1687999963760376,0.16899999976158142,0,0,yfinance,2026-07-10T06:58:17.136516+00:00
2026-06-12 01:45:00+00:00,ADA-USD,15m,0.16910000145435333,0.1695999950170517,0.16899999976158142,0.16940000653266907,0,0,yfinance,2026-07-10T06:58:17.136516+00:00
2026-06-12 02:00:00+00:00,ADA-USD,15m,0.16949999332427979,0.17100000381469727,0.16949999332427979,0.17069999873638153,0,0,yfinance,2026-07-10T06:58:17.136516+00:00
2026-06-12 02:15:00+00:00,ADA-USD,15m,0.17059999704360962,0.17069999873638153,0.17000000178813934,0.1704999953508377,531808,531808,yfinance,2026-07-10T06:58:17.136516+00:00
2026-06-12 02:30:00+00:00,ADA-USD,15m,0.17059999704360962,0.1712999939918518,0.17059999704360962,0.1712000072002411,427872,427872,yfinance,2026-07-10T06:58:17.136516+00:00
2026-06-12 02:45:00+00:00,ADA-USD,15m,0.17110000550746918,0.17110000550746918,0.17059999704360962,0.17090000212192535,215936,215936,yfinance,2026-07-10T06:58:17.136516+00:00
2026-06-12 03:00:00+00:00,ADA-USD,15m,0.17100000381469727,0.1712999939918518,0.17080000042915344,0.17100000381469727,0,0,yfinance,2026-07-10T06:58:17.136516+00:00
2026-06-12 03:15:00+00:00,ADA-USD,15m,0.17100000381469727,0.17110000550746918,0.1704999953508377,0.17080000042915344,524224,524224,yfinance,2026-07-10T06:58:17.136516+00:00
2026-06-12 03:30:00+00:00,ADA-USD,15m,0.17080000042915344,0.17139999568462372,0.17059999704360962,0.17080000042915344,0,0,yfinance,2026-07-10T06:58:17.136516+00:00
2026-06-12 03:45:00+00:00,ADA-USD,15m,0.17080000042915344,0.17170000076293945,0.17069999873638153,0.17159999907016754,0,0,yfinance,2026-07-10T06:58:17.136516+00:00
2026-06-12 04:00:00+00:00,ADA-USD,15m,0.17159999907016754,0.17170000076293945,0.1712000072002411,0.1712999939918518,0,0,yfinance,2026-07-10T06:58:17.136516+00:00
2026-06-12 04:15:00+00:00,ADA-USD,15m,0.1712999939918518,0.1728000044822693,0.1712999939918518,0.17249999940395355,106016,106016,yfinance,2026-07-10T06:58:17.136516+00:00
2026-06-12 04:30:00+00:00,ADA-USD,15m,0.17249999940395355,0.17329999804496765,0.17180000245571136,0.1720999926328659,1275200,1275200,yfinance,2026-07-10T06:58:17.136516+00:00
2026-06-12 04:45:00+00:00,ADA-USD,15m,0.1720999926328659,0.17229999601840973,0.17159999907016754,0.1720000058412552,0,0,yfinance,2026-07-10T06:58:17.136516+00:00
2026-06-12 05:00:00+00:00,ADA-USD,15m,0.1720999926328659,0.1720999926328659,0.1712000072002411,0.17139999568462372,0,0,yfinance,2026-07-10T06:58:17.136516+00:00
2026-06-12 05:15:00+00:00,ADA-USD,15m,0.17149999737739563,0.17180000245571136,0.17090000212192535,0.17100000381469727,181312,181312,yfinance,2026-07-10T06:58:17.136516+00:00
2026-06-12 05:30:00+00:00,ADA-USD,15m,0.17090000212192535,0.17139999568462372,0.1704999953508377,0.17069999873638153,1057024,1057024,yfinance,2026-07-10T06:58:17.136516+00:00
2026-06-12 05:45:00+00:00,ADA-USD,15m,0.17069999873638153,0.17090000212192535,0.16990000009536743,0.17010000348091125,267584,267584,yfinance,2026-07-10T06:58:17.136516+00:00
2026-06-12 06:00:00+00:00,ADA-USD,15m,0.16979999840259552,0.17059999704360962,0.1696999967098236,0.17000000178813934,0,0,yfinance,2026-07-10T06:58:17.136516+00:00
2026-06-12 06:15:00+00:00,ADA-USD,15m,0.17000000178813934,0.17000000178813934,0.16910000145435333,0.16949999332427979,565824,565824,yfinance,2026-07-10T06:58:17.136516+00:00
2026-06-12 06:30:00+00:00,ADA-USD,15m,0.16920000314712524,0.16920000314712524,0.1679999977350235,0.1679999977350235,1691904,1691904,yfinance,2026-07-10T06:58:17.136516+00:00
2026-06-12 06:45:00+00:00,ADA-USD,15m,0.1680999994277954,0.16859999299049377,0.1679999977350235,0.1679999977350235,1100672,1100672,yfinance,2026-07-10T06:58:17.136516+00:00
2026-06-12 07:00:00+00:00,ADA-USD,15m,0.16820000112056732,0.16899999976158142,0.16820000112056732,0.16850000619888306,1067520,1067520,yfinance,2026-07-10T06:58:17.136516+00:00
2026-06-12 07:15:00+00:00,ADA-USD,15m,0.16840000450611115,0.16859999299049377,0.1680999994277954,0.16830000281333923,99040,99040,yfinance,2026-07-10T06:58:17.136516+00:00
2026-06-12 07:30:00+00:00,ADA-USD,15m,0.16830000281333923,0.1687999963760376,0.16820000112056732,0.16850000619888306,0,0,yfinance,2026-07-10T06:58:17.136516+00:00
2026-06-12 07:45:00+00:00,ADA-USD,15m,0.16850000619888306,0.16920000314712524,0.1680999994277954,0.1688999980688095,1483424,1483424,yfinance,2026-07-10T06:58:17.136516+00:00
2026-06-12 08:00:00+00:00,ADA-USD,15m,0.16899999976158142,0.16949999332427979,0.1688999980688095,0.16910000145435333,218272,218272,yfinance,2026-07-10T06:58:17.136516+00:00
2026-06-12 08:15:00+00:00,ADA-USD,15m,0.16910000145435333,0.17010000348091125,0.16899999976158142,0.1696999967098236,2288352,2288352,yfinance,2026-07-10T06:58:17.136516+00:00
2026-06-12 08:30:00+00:00,ADA-USD,15m,0.1696999967098236,0.16979999840259552,0.16930000483989716,0.16930000483989716,246368,246368,yfinance,2026-07-10T06:58:17.136516+00:00
2026-06-12 08:45:00+00:00,ADA-USD,15m,0.16940000653266907,0.17030000686645508,0.16930000483989716,0.17020000517368317,0,0,yfinance,2026-07-10T06:58:17.136516+00:00
2026-06-12 09:00:00+00:00,ADA-USD,15m,0.17020000517368317,0.17030000686645508,0.1695999950170517,0.17020000517368317,0,0,yfinance,2026-07-10T06:58:17.136516+00:00
2026-06-12 09:15:00+00:00,ADA-USD,15m,0.17020000517368317,0.1712999939918518,0.17000000178813934,0.17110000550746918,1169984,1169984,yfinance,2026-07-10T06:58:17.136516+00:00
2026-06-12 09:30:00+00:00,ADA-USD,15m,0.1712000072002411,0.17159999907016754,0.17080000042915344,0.17149999737739563,1209696,1209696,yfinance,2026-07-10T06:58:17.136516+00:00
2026-06-12 09:45:00+00:00,ADA-USD,15m,0.17139999568462372,0.1720000058412552,0.1712000072002411,0.17180000245571136,1830304,1830304,yfinance,2026-07-10T06:58:17.136516+00:00
2026-06-12 10:00:00+00:00,ADA-USD,15m,0.17170000076293945,0.1720000058412552,0.17110000550746918,0.17139999568462372,254240,254240,yfinance,2026-07-10T06:58:17.136516+00:00
2026-06-12 10:15:00+00:00,ADA-USD,15m,0.17139999568462372,0.17170000076293945,0.17069999873638153,0.17080000042915344,194272,194272,yfinance,2026-07-10T06:58:17.136516+00:00
2026-06-12 10:30:00+00:00,ADA-USD,15m,0.17090000212192535,0.1720000058412552,0.17090000212192535,0.1712999939918518,1330080,1330080,yfinance,2026-07-10T06:58:17.136516+00:00
2026-06-12 10:45:00+00:00,ADA-USD,15m,0.1712999939918518,0.17159999907016754,0.17100000381469727,0.17110000550746918,1679808,1679808,yfinance,2026-07-10T06:58:17.136516+00:00
2026-06-12 11:00:00+00:00,ADA-USD,15m,0.17110000550746918,0.17139999568462372,0.17080000042915344,0.1712000072002411,0,0,yfinance,2026-07-10T06:58:17.136516+00:00
2026-06-12 11:15:00+00:00,ADA-USD,15m,0.1712000072002411,0.17149999737739563,0.17080000042915344,0.17110000550746918,807072,807072,yfinance,2026-07-10T06:58:17.136516+00:00
2026-06-12 11:30:00+00:00,ADA-USD,15m,0.17100000381469727,0.1712000072002411,0.1704999953508377,0.17100000381469727,288768,288768,yfinance,2026-07-10T06:58:17.136516+00:00
2026-06-12 11:45:00+00:00,ADA-USD,15m,0.17110000550746918,0.1712999939918518,0.17059999704360962,0.17110000550746918,514272,514272,yfinance,2026-07-10T06:58:17.136516+00:00
2026-06-12 12:00:00+00:00,ADA-USD,15m,0.17110000550746918,0.17190000414848328,0.17080000042915344,0.17139999568462372,1903520,1903520,yfinance,2026-07-10T06:58:17.136516+00:00
2026-06-12 12:15:00+00:00,ADA-USD,15m,0.17149999737739563,0.1720000058412552,0.17100000381469727,0.17100000381469727,0,0,yfinance,2026-07-10T06:58:17.136516+00:00
2026-06-12 12:30:00+00:00,ADA-USD,15m,0.1712000072002411,0.17149999737739563,0.17069999873638153,0.17080000042915344,0,0,yfinance,2026-07-10T06:58:17.136516+00:00
2026-06-12 12:45:00+00:00,ADA-USD,15m,0.17080000042915344,0.17139999568462372,0.1704999953508377,0.17069999873638153,7552,7552,yfinance,2026-07-10T06:58:17.136516+00:00
2026-06-12 13:00:00+00:00,ADA-USD,15m,0.17059999704360962,0.17080000042915344,0.1696999967098236,0.17020000517368317,963072,963072,yfinance,2026-07-10T06:58:17.136516+00:00
2026-06-12 13:15:00+00:00,ADA-USD,15m,0.17010000348091125,0.17059999704360962,0.1695999950170517,0.17000000178813934,1311936,1311936,yfinance,2026-07-10T06:58:17.136516+00:00
2026-06-12 13:30:00+00:00,ADA-USD,15m,0.17030000686645508,0.17030000686645508,0.16840000450611115,0.1688999980688095,1767936,1767936,yfinance,2026-07-10T06:58:17.136516+00:00
2026-06-12 13:45:00+00:00,ADA-USD,15m,0.1688999980688095,0.16899999976158142,0.16750000417232513,0.16830000281333923,4856288,4856288,yfinance,2026-07-10T06:58:17.136516+00:00
2026-06-12 14:00:00+00:00,ADA-USD,15m,0.1680999994277954,0.16910000145435333,0.1680999994277954,0.16910000145435333,3749120,3749120,yfinance,2026-07-10T06:58:17.136516+00:00
2026-06-12 14:15:00+00:00,ADA-USD,15m,0.16920000314712524,0.16990000009536743,0.16869999468326569,0.16949999332427979,3682208,3682208,yfinance,2026-07-10T06:58:17.136516+00:00
2026-06-12 14:30:00+00:00,ADA-USD,15m,0.1696999967098236,0.17149999737739563,0.16920000314712524,0.17030000686645508,5009184,5009184,yfinance,2026-07-10T06:58:17.136516+00:00
2026-06-12 14:45:00+00:00,ADA-USD,15m,0.17030000686645508,0.17309999465942383,0.17010000348091125,0.17270000278949738,8157056,8157056,yfinance,2026-07-10T06:58:17.136516+00:00
2026-06-12 15:00:00+00:00,ADA-USD,15m,0.17270000278949738,0.17409999668598175,0.17190000414848328,0.17389999330043793,4073504,4073504,yfinance,2026-07-10T06:58:17.136516+00:00
2026-06-12 15:15:00+00:00,ADA-USD,15m,0.17409999668598175,0.17409999668598175,0.17270000278949738,0.17299999296665192,7188224,7188224,yfinance,2026-07-10T06:58:17.136516+00:00
2026-06-12 15:30:00+00:00,ADA-USD,15m,0.17299999296665192,0.17350000143051147,0.1712999939918518,0.1720999926328659,5838048,5838048,yfinance,2026-07-10T06:58:17.136516+00:00
2026-06-12 15:45:00+00:00,ADA-USD,15m,0.17229999601840973,0.17249999940395355,0.17010000348091125,0.1703999936580658,6620928,6620928,yfinance,2026-07-10T06:58:17.136516+00:00
2026-06-12 16:00:00+00:00,ADA-USD,15m,0.1703999936580658,0.17229999601840973,0.16949999332427979,0.1720999926328659,3520256,3520256,yfinance,2026-07-10T06:58:17.136516+00:00
2026-06-12 16:15:00+00:00,ADA-USD,15m,0.1720000058412552,0.17249999940395355,0.1704999953508377,0.17139999568462372,5374208,5374208,yfinance,2026-07-10T06:58:17.136516+00:00
2026-06-12 16:30:00+00:00,ADA-USD,15m,0.17139999568462372,0.17249999940395355,0.1712000072002411,0.17180000245571136,682656,682656,yfinance,2026-07-10T06:58:17.136516+00:00
2026-06-12 16:45:00+00:00,ADA-USD,15m,0.17180000245571136,0.17329999804496765,0.17170000076293945,0.17329999804496765,2820384,2820384,yfinance,2026-07-10T06:58:17.136516+00:00
2026-06-12 17:00:00+00:00,ADA-USD,15m,0.17339999973773956,0.17419999837875366,0.17270000278949738,0.17270000278949738,3636480,3636480,yfinance,2026-07-10T06:58:17.136516+00:00
2026-06-12 17:15:00+00:00,ADA-USD,15m,0.17299999296665192,0.17299999296665192,0.17149999737739563,0.17190000414848328,4839776,4839776,yfinance,2026-07-10T06:58:17.136516+00:00
2026-06-12 17:30:00+00:00,ADA-USD,15m,0.1720000058412552,0.17219999432563782,0.17139999568462372,0.17190000414848328,0,0,yfinance,2026-07-10T06:58:17.136516+00:00
2026-06-12 17:45:00+00:00,ADA-USD,15m,0.17190000414848328,0.17249999940395355,0.17159999907016754,0.17159999907016754,0,0,yfinance,2026-07-10T06:58:17.136516+00:00
2026-06-12 18:00:00+00:00,ADA-USD,15m,0.17180000245571136,0.1720999926328659,0.17030000686645508,0.1704999953508377,14784,14784,yfinance,2026-07-10T06:58:17.136516+00:00
2026-06-12 18:15:00+00:00,ADA-USD,15m,0.1703999936580658,0.17110000550746918,0.17000000178813934,0.17110000550746918,0,0,yfinance,2026-07-10T06:58:17.136516+00:00
2026-06-12 18:30:00+00:00,ADA-USD,15m,0.17100000381469727,0.1720999926328659,0.17080000042915344,0.17180000245571136,272640,272640,yfinance,2026-07-10T06:58:17.136516+00:00
2026-06-12 18:45:00+00:00,ADA-USD,15m,0.17170000076293945,0.17190000414848328,0.17059999704360962,0.17090000212192535,591520,591520,yfinance,2026-07-10T06:58:17.136516+00:00
2026-06-12 19:00:00+00:00,ADA-USD,15m,0.17090000212192535,0.17229999601840973,0.17069999873638153,0.17229999601840973,162848,162848,yfinance,2026-07-10T06:58:17.136516+00:00
2026-06-12 19:15:00+00:00,ADA-USD,15m,0.17239999771118164,0.17249999940395355,0.17170000076293945,0.1720999926328659,0,0,yfinance,2026-07-10T06:58:17.136516+00:00
2026-06-12 19:30:00+00:00,ADA-USD,15m,0.1720000058412552,0.17229999601840973,0.17100000381469727,0.1712999939918518,640640,640640,yfinance,2026-07-10T06:58:17.136516+00:00
2026-06-12 19:45:00+00:00,ADA-USD,15m,0.17139999568462372,0.17139999568462372,0.1703999936580658,0.17080000042915344,1168000,1168000,yfinance,2026-07-10T06:58:17.136516+00:00
2026-06-12 20:00:00+00:00,ADA-USD,15m,0.17080000042915344,0.17100000381469727,0.17030000686645508,0.17100000381469727,1517888,1517888,yfinance,2026-07-10T06:58:17.136516+00:00
2026-06-12 20:15:00+00:00,ADA-USD,15m,0.17090000212192535,0.17100000381469727,0.17030000686645508,0.17100000381469727,1123424,1123424,yfinance,2026-07-10T06:58:17.136516+00:00
2026-06-12 20:30:00+00:00,ADA-USD,15m,0.17090000212192535,0.1712000072002411,0.17010000348091125,0.1704999953508377,0,0,yfinance,2026-07-10T06:58:17.136516+00:00
2026-06-12 20:45:00+00:00,ADA-USD,15m,0.17030000686645508,0.1703999936580658,0.16930000483989716,0.16949999332427979,2157664,2157664,yfinance,2026-07-10T06:58:17.136516+00:00
2026-06-12 21:00:00+00:00,ADA-USD,15m,0.16949999332427979,0.17030000686645508,0.16930000483989716,0.17010000348091125,797760,797760,yfinance,2026-07-10T06:58:17.136516+00:00
2026-06-12 21:15:00+00:00,ADA-USD,15m,0.17000000178813934,0.1703999936580658,0.1696999967098236,0.17010000348091125,25792,25792,yfinance,2026-07-10T06:58:17.136516+00:00
2026-06-12 21:30:00+00:00,ADA-USD,15m,0.17010000348091125,0.17020000517368317,0.1696999967098236,0.1696999967098236,3584,3584,yfinance,2026-07-10T06:58:17.136516+00:00
2026-06-12 21:45:00+00:00,ADA-USD,15m,0.1696999967098236,0.1696999967098236,0.16859999299049377,0.16930000483989716,0,0,yfinance,2026-07-10T06:58:17.136516+00:00
2026-06-12 22:00:00+00:00,ADA-USD,15m,0.16930000483989716,0.1696999967098236,0.16899999976158142,0.1695999950170517,204448,204448,yfinance,2026-07-10T06:58:17.136516+00:00
2026-06-12 22:15:00+00:00,ADA-USD,15m,0.1696999967098236,0.17020000517368317,0.1695999950170517,0.1696999967098236,400512,400512,yfinance,2026-07-10T06:58:17.136516+00:00
2026-06-12 22:30:00+00:00,ADA-USD,15m,0.16979999840259552,0.16990000009536743,0.16910000145435333,0.16910000145435333,0,0,yfinance,2026-07-10T06:58:17.136516+00:00
2026-06-12 22:45:00+00:00,ADA-USD,15m,0.16920000314712524,0.1695999950170517,0.16910000145435333,0.16949999332427979,67072,67072,yfinance,2026-07-10T06:58:17.136516+00:00
2026-06-12 23:00:00+00:00,ADA-USD,15m,0.16930000483989716,0.16949999332427979,0.16899999976158142,0.16910000145435333,0,0,yfinance,2026-07-10T06:58:17.136516+00:00
2026-06-12 23:15:00+00:00,ADA-USD,15m,0.16920000314712524,0.16920000314712524,0.16859999299049377,0.1688999980688095,100000,100000,yfinance,2026-07-10T06:58:17.136516+00:00
2026-06-12 23:30:00+00:00,ADA-USD,15m,0.16899999976158142,0.16979999840259552,0.1688999980688095,0.16940000653266907,0,0,yfinance,2026-07-10T06:58:17.136516+00:00
2026-06-12 23:45:00+00:00,ADA-USD,15m,0.16940000653266907,0.17000000178813934,0.16940000653266907,0.1695999950170517,144448,144448,yfinance,2026-07-10T06:58:17.136516+00:00
2026-06-13 00:00:00+00:00,ADA-USD,15m,0.1695999950170517,0.17000000178813934,0.16949999332427979,0.17000000178813934,0,0,yfinance,2026-07-10T06:58:17.136516+00:00
2026-06-13 00:15:00+00:00,ADA-USD,15m,0.17000000178813934,0.17000000178813934,0.1696999967098236,0.16979999840259552,0,0,yfinance,2026-07-10T06:58:17.136516+00:00
2026-06-13 00:30:00+00:00,ADA-USD,15m,0.1696999967098236,0.17020000517368317,0.16949999332427979,0.17000000178813934,1181824,1181824,yfinance,2026-07-10T06:58:17.136516+00:00
2026-06-13 00:45:00+00:00,ADA-USD,15m,0.17000000178813934,0.1704999953508377,0.1696999967098236,0.17000000178813934,851776,851776,yfinance,2026-07-10T06:58:17.136516+00:00
2026-06-13 01:00:00+00:00,ADA-USD,15m,0.17000000178813934,0.17100000381469727,0.16979999840259552,0.17100000381469727,1724064,1724064,yfinance,2026-07-10T06:58:17.136516+00:00
2026-06-13 01:15:00+00:00,ADA-USD,15m,0.17100000381469727,0.1720000058412552,0.17080000042915344,0.17190000414848328,5038528,5038528,yfinance,2026-07-10T06:58:17.136516+00:00
2026-06-13 01:30:00+00:00,ADA-USD,15m,0.17180000245571136,0.17299999296665192,0.17170000076293945,0.17239999771118164,7135872,7135872,yfinance,2026-07-10T06:58:17.136516+00:00
2026-06-13 01:45:00+00:00,ADA-USD,15m,0.17229999601840973,0.17319999635219574,0.17229999601840973,0.17260000109672546,5210400,5210400,yfinance,2026-07-10T06:58:17.136516+00:00
2026-06-13 02:00:00+00:00,ADA-USD,15m,0.17260000109672546,0.1729000061750412,0.17239999771118164,0.17260000109672546,1609728,1609728,yfinance,2026-07-10T06:58:17.136516+00:00
2026-06-13 02:15:00+00:00,ADA-USD,15m,0.17260000109672546,0.17260000109672546,0.17180000245571136,0.1720999926328659,233120,233120,yfinance,2026-07-10T06:58:17.136516+00:00
2026-06-13 02:30:00+00:00,ADA-USD,15m,0.17229999601840973,0.17239999771118164,0.17159999907016754,0.1720999926328659,724416,724416,yfinance,2026-07-10T06:58:17.136516+00:00
2026-06-13 02:45:00+00:00,ADA-USD,15m,0.1720000058412552,0.17219999432563782,0.17139999568462372,0.17180000245571136,559328,559328,yfinance,2026-07-10T06:58:17.136516+00:00
2026-06-13 03:00:00+00:00,ADA-USD,15m,0.17180000245571136,0.1720999926328659,0.1712000072002411,0.1712999939918518,3706720,3706720,yfinance,2026-07-10T06:58:17.136516+00:00
2026-06-13 03:15:00+00:00,ADA-USD,15m,0.17139999568462372,0.17139999568462372,0.17000000178813934,0.17030000686645508,1015232,1015232,yfinance,2026-07-10T06:58:17.136516+00:00
2026-06-13 03:30:00+00:00,ADA-USD,15m,0.17030000686645508,0.17080000042915344,0.17000000178813934,0.1704999953508377,338176,338176,yfinance,2026-07-10T06:58:17.136516+00:00
2026-06-13 03:45:00+00:00,ADA-USD,15m,0.1704999953508377,0.17059999704360962,0.17020000517368317,0.1703999936580658,124096,124096,yfinance,2026-07-10T06:58:17.136516+00:00
2026-06-13 04:00:00+00:00,ADA-USD,15m,0.1703999936580658,0.17059999704360962,0.1696999967098236,0.17000000178813934,575776,575776,yfinance,2026-07-10T06:58:17.136516+00:00
2026-06-13 04:15:00+00:00,ADA-USD,15m,0.16990000009536743,0.17000000178813934,0.1695999950170517,0.16979999840259552,0,0,yfinance,2026-07-10T06:58:17.136516+00:00
2026-06-13 04:30:00+00:00,ADA-USD,15m,0.16979999840259552,0.17059999704360962,0.16979999840259552,0.1704999953508377,0,0,yfinance,2026-07-10T06:58:17.136516+00:00
2026-06-13 04:45:00+00:00,ADA-USD,15m,0.1704999953508377,0.17080000042915344,0.17010000348091125,0.1703999936580658,1678752,1678752,yfinance,2026-07-10T06:58:17.136516+00:00
2026-06-13 05:00:00+00:00,ADA-USD,15m,0.17030000686645508,0.17069999873638153,0.17020000517368317,0.17020000517368317,480160,480160,yfinance,2026-07-10T06:58:17.136516+00:00
2026-06-13 05:15:00+00:00,ADA-USD,15m,0.17020000517368317,0.17020000517368317,0.1695999950170517,0.1695999950170517,190176,190176,yfinance,2026-07-10T06:58:17.136516+00:00
2026-06-13 05:30:00+00:00,ADA-USD,15m,0.1695999950170517,0.17010000348091125,0.16930000483989716,0.1695999950170517,0,0,yfinance,2026-07-10T06:58:17.136516+00:00
2026-06-13 05:45:00+00:00,ADA-USD,15m,0.16949999332427979,0.1696999967098236,0.16910000145435333,0.1696999967098236,110496,110496,yfinance,2026-07-10T06:58:17.136516+00:00
2026-06-13 06:00:00+00:00,ADA-USD,15m,0.1696999967098236,0.17010000348091125,0.16949999332427979,0.16979999840259552,0,0,yfinance,2026-07-10T06:58:17.136516+00:00
2026-06-13 06:15:00+00:00,ADA-USD,15m,0.1696999967098236,0.16990000009536743,0.16930000483989716,0.16979999840259552,174176,174176,yfinance,2026-07-10T06:58:17.136516+00:00
2026-06-13 06:30:00+00:00,ADA-USD,15m,0.16990000009536743,0.17069999873638153,0.1696999967098236,0.17069999873638153,298528,298528,yfinance,2026-07-10T06:58:17.136516+00:00
2026-06-13 06:45:00+00:00,ADA-USD,15m,0.17080000042915344,0.1720000058412552,0.17069999873638153,0.17180000245571136,1944352,1944352,yfinance,2026-07-10T06:58:17.136516+00:00
2026-06-13 07:00:00+00:00,ADA-USD,15m,0.17190000414848328,0.1720999926328659,0.1712000072002411,0.17190000414848328,162848,162848,yfinance,2026-07-10T06:58:17.136516+00:00
2026-06-13 07:15:00+00:00,ADA-USD,15m,0.17190000414848328,0.1738000065088272,0.17159999907016754,0.17350000143051147,4165664,4165664,yfinance,2026-07-10T06:58:17.136516+00:00
2026-06-13 07:30:00+00:00,ADA-USD,15m,0.1736000031232834,0.1737000048160553,0.17260000109672546,0.17309999465942383,8026752,8026752,yfinance,2026-07-10T06:58:17.136516+00:00
2026-06-13 07:45:00+00:00,ADA-USD,15m,0.17299999296665192,0.1736000031232834,0.1729000061750412,0.17299999296665192,2304416,2304416,yfinance,2026-07-10T06:58:17.136516+00:00
2026-06-13 08:00:00+00:00,ADA-USD,15m,0.17299999296665192,0.17339999973773956,0.1729000061750412,0.17299999296665192,973568,973568,yfinance,2026-07-10T06:58:17.136516+00:00
2026-06-13 08:15:00+00:00,ADA-USD,15m,0.17299999296665192,0.1737000048160553,0.17270000278949738,0.1729000061750412,0,0,yfinance,2026-07-10T06:58:17.136516+00:00
2026-06-13 08:30:00+00:00,ADA-USD,15m,0.1728000044822693,0.1736000031232834,0.1728000044822693,0.1736000031232834,693760,693760,yfinance,2026-07-10T06:58:17.136516+00:00
2026-06-13 08:45:00+00:00,ADA-USD,15m,0.1736000031232834,0.1736000031232834,0.1728000044822693,0.1729000061750412,413888,413888,yfinance,2026-07-10T06:58:17.136516+00:00
2026-06-13 09:00:00+00:00,ADA-USD,15m,0.1729000061750412,0.17319999635219574,0.17260000109672546,0.17299999296665192,1153728,1153728,yfinance,2026-07-10T06:58:17.136516+00:00
2026-06-13 09:15:00+00:00,ADA-USD,15m,0.17299999296665192,0.17339999973773956,0.17270000278949738,0.17270000278949738,220064,220064,yfinance,2026-07-10T06:58:17.136516+00:00
2026-06-13 09:30:00+00:00,ADA-USD,15m,0.17270000278949738,0.1729000061750412,0.17229999601840973,0.17239999771118164,0,0,yfinance,2026-07-10T06:58:17.136516+00:00
2026-06-13 09:45:00+00:00,ADA-USD,15m,0.17239999771118164,0.17270000278949738,0.17229999601840973,0.17239999771118164,0,0,yfinance,2026-07-10T06:58:17.136516+00:00
2026-06-13 10:00:00+00:00,ADA-USD,15m,0.17249999940395355,0.1729000061750412,0.17219999432563782,0.17270000278949738,0,0,yfinance,2026-07-10T06:58:17.136516+00:00
2026-06-13 10:15:00+00:00,ADA-USD,15m,0.17260000109672546,0.17270000278949738,0.17229999601840973,0.17229999601840973,0,0,yfinance,2026-07-10T06:58:17.136516+00:00
2026-06-13 10:30:00+00:00,ADA-USD,15m,0.17229999601840973,0.1728000044822693,0.17229999601840973,0.17270000278949738,0,0,yfinance,2026-07-10T06:58:17.136516+00:00
2026-06-13 10:45:00+00:00,ADA-USD,15m,0.17260000109672546,0.1729000061750412,0.1720000058412552,0.17229999601840973,472128,472128,yfinance,2026-07-10T06:58:17.136516+00:00
2026-06-13 11:00:00+00:00,ADA-USD,15m,0.17219999432563782,0.17329999804496765,0.17219999432563782,0.17329999804496765,246336,246336,yfinance,2026-07-10T06:58:17.136516+00:00
2026-06-13 11:15:00+00:00,ADA-USD,15m,0.17350000143051147,0.1738000065088272,0.17329999804496765,0.1736000031232834,691296,691296,yfinance,2026-07-10T06:58:17.136516+00:00
2026-06-13 11:30:00+00:00,ADA-USD,15m,0.17350000143051147,0.17350000143051147,0.17309999465942383,0.17319999635219574,0,0,yfinance,2026-07-10T06:58:17.136516+00:00
2026-06-13 11:45:00+00:00,ADA-USD,15m,0.17319999635219574,0.17339999973773956,0.17309999465942383,0.17339999973773956,0,0,yfinance,2026-07-10T06:58:17.136516+00:00
2026-06-13 12:00:00+00:00,ADA-USD,15m,0.17329999804496765,0.1738000065088272,0.17309999465942383,0.1737000048160553,0,0,yfinance,2026-07-10T06:58:17.136516+00:00
2026-06-13 12:15:00+00:00,ADA-USD,15m,0.1736000031232834,0.1738000065088272,0.17319999635219574,0.17319999635219574,32384,32384,yfinance,2026-07-10T06:58:17.136516+00:00
2026-06-13 12:30:00+00:00,ADA-USD,15m,0.17329999804496765,0.17339999973773956,0.17299999296665192,0.17309999465942383,0,0,yfinance,2026-07-10T06:58:17.136516+00:00
2026-06-13 12:45:00+00:00,ADA-USD,15m,0.17319999635219574,0.17419999837875366,0.17319999635219574,0.1736000031232834,126368,126368,yfinance,2026-07-10T06:58:17.136516+00:00
2026-06-13 13:00:00+00:00,ADA-USD,15m,0.1736000031232834,0.1737000048160553,0.17329999804496765,0.17339999973773956,0,0,yfinance,2026-07-10T06:58:17.136516+00:00
2026-06-13 13:15:00+00:00,ADA-USD,15m,0.17329999804496765,0.1738000065088272,0.17329999804496765,0.1737000048160553,0,0,yfinance,2026-07-10T06:58:17.136516+00:00
2026-06-13 13:30:00+00:00,ADA-USD,15m,0.1737000048160553,0.17399999499320984,0.17350000143051147,0.1737000048160553,0,0,yfinance,2026-07-10T06:58:17.136516+00:00
2026-06-13 13:45:00+00:00,ADA-USD,15m,0.1737000048160553,0.17409999668598175,0.17350000143051147,0.17399999499320984,0,0,yfinance,2026-07-10T06:58:17.136516+00:00
2026-06-13 14:00:00+00:00,ADA-USD,15m,0.17399999499320984,0.1745000034570694,0.1738000065088272,0.17419999837875366,0,0,yfinance,2026-07-10T06:58:17.136516+00:00
2026-06-13 14:15:00+00:00,ADA-USD,15m,0.17419999837875366,0.1745000034570694,0.1737000048160553,0.1737000048160553,0,0,yfinance,2026-07-10T06:58:17.136516+00:00
2026-06-13 14:30:00+00:00,ADA-USD,15m,0.1738000065088272,0.17399999499320984,0.17350000143051147,0.1737000048160553,0,0,yfinance,2026-07-10T06:58:17.136516+00:00
2026-06-13 14:45:00+00:00,ADA-USD,15m,0.1737000048160553,0.1745000034570694,0.1737000048160553,0.17440000176429749,0,0,yfinance,2026-07-10T06:58:17.136516+00:00
2026-06-13 15:00:00+00:00,ADA-USD,15m,0.1745000034570694,0.17479999363422394,0.17409999668598175,0.17479999363422394,0,0,yfinance,2026-07-10T06:58:17.136516+00:00
2026-06-13 15:15:00+00:00,ADA-USD,15m,0.17470000684261322,0.17569999396800995,0.17470000684261322,0.17509999871253967,0,0,yfinance,2026-07-10T06:58:17.136516+00:00
2026-06-13 15:30:00+00:00,ADA-USD,15m,0.17520000040531158,0.1754000037908554,0.17479999363422394,0.17489999532699585,0,0,yfinance,2026-07-10T06:58:17.136516+00:00
2026-06-13 15:45:00+00:00,ADA-USD,15m,0.17489999532699585,0.17489999532699585,0.1745000034570694,0.17489999532699585,0,0,yfinance,2026-07-10T06:58:17.136516+00:00
2026-06-13 16:00:00+00:00,ADA-USD,15m,0.17489999532699585,0.17489999532699585,0.17339999973773956,0.1736000031232834,0,0,yfinance,2026-07-10T06:58:17.136516+00:00
2026-06-13 16:15:00+00:00,ADA-USD,15m,0.17350000143051147,0.17350000143051147,0.17249999940395355,0.17270000278949738,0,0,yfinance,2026-07-10T06:58:17.136516+00:00
2026-06-13 16:30:00+00:00,ADA-USD,15m,0.1728000044822693,0.1736000031232834,0.17260000109672546,0.1736000031232834,447424,447424,yfinance,2026-07-10T06:58:17.136516+00:00
2026-06-13 16:45:00+00:00,ADA-USD,15m,0.1736000031232834,0.17389999330043793,0.1728000044822693,0.17329999804496765,0,0,yfinance,2026-07-10T06:58:17.136516+00:00
2026-06-13 17:00:00+00:00,ADA-USD,15m,0.17329999804496765,0.17339999973773956,0.17270000278949738,0.17299999296665192,0,0,yfinance,2026-07-10T06:58:17.136516+00:00
2026-06-13 17:15:00+00:00,ADA-USD,15m,0.17309999465942383,0.1736000031232834,0.17309999465942383,0.17350000143051147,0,0,yfinance,2026-07-10T06:58:17.136516+00:00
2026-06-13 17:30:00+00:00,ADA-USD,15m,0.1736000031232834,0.17389999330043793,0.17329999804496765,0.1738000065088272,0,0,yfinance,2026-07-10T06:58:17.136516+00:00
2026-06-13 17:45:00+00:00,ADA-USD,15m,0.1738000065088272,0.17399999499320984,0.17170000076293945,0.1720999926328659,819776,819776,yfinance,2026-07-10T06:58:17.136516+00:00
2026-06-13 18:00:00+00:00,ADA-USD,15m,0.17219999432563782,0.1728000044822693,0.1720999926328659,0.17260000109672546,115552,115552,yfinance,2026-07-10T06:58:17.136516+00:00
2026-06-13 18:15:00+00:00,ADA-USD,15m,0.17260000109672546,0.17309999465942383,0.17239999771118164,0.17270000278949738,0,0,yfinance,2026-07-10T06:58:17.136516+00:00
2026-06-13 18:30:00+00:00,ADA-USD,15m,0.17270000278949738,0.1729000061750412,0.17249999940395355,0.17270000278949738,255904,255904,yfinance,2026-07-10T06:58:17.136516+00:00
2026-06-13 18:45:00+00:00,ADA-USD,15m,0.17270000278949738,0.17270000278949738,0.17170000076293945,0.1720000058412552,202816,202816,yfinance,2026-07-10T06:58:17.136516+00:00
2026-06-13 19:00:00+00:00,ADA-USD,15m,0.1720000058412552,0.17229999601840973,0.17180000245571136,0.1720000058412552,40192,40192,yfinance,2026-07-10T06:58:17.136516+00:00
2026-06-13 19:15:00+00:00,ADA-USD,15m,0.1720000058412552,0.17219999432563782,0.17149999737739563,0.1720000058412552,112064,112064,yfinance,2026-07-10T06:58:17.136516+00:00
2026-06-13 19:30:00+00:00,ADA-USD,15m,0.1720000058412552,0.17270000278949738,0.17180000245571136,0.17239999771118164,0,0,yfinance,2026-07-10T06:58:17.136516+00:00
2026-06-13 19:45:00+00:00,ADA-USD,15m,0.17239999771118164,0.17270000278949738,0.1720999926328659,0.1720999926328659,0,0,yfinance,2026-07-10T06:58:17.136516+00:00
2026-06-13 20:00:00+00:00,ADA-USD,15m,0.1720999926328659,0.17219999432563782,0.17180000245571136,0.1720999926328659,0,0,yfinance,2026-07-10T06:58:17.136516+00:00
2026-06-13 20:15:00+00:00,ADA-USD,15m,0.1720999926328659,0.1720999926328659,0.1712999939918518,0.1712999939918518,122016,122016,yfinance,2026-07-10T06:58:17.136516+00:00
2026-06-13 20:30:00+00:00,ADA-USD,15m,0.17139999568462372,0.17159999907016754,0.17110000550746918,0.17139999568462372,712096,712096,yfinance,2026-07-10T06:58:17.136516+00:00
2026-06-13 20:45:00+00:00,ADA-USD,15m,0.17139999568462372,0.17170000076293945,0.1712999939918518,0.17170000076293945,0,0,yfinance,2026-07-10T06:58:17.136516+00:00
2026-06-13 21:00:00+00:00,ADA-USD,15m,0.17159999907016754,0.1720000058412552,0.17139999568462372,0.17149999737739563,0,0,yfinance,2026-07-10T06:58:17.136516+00:00
2026-06-13 21:15:00+00:00,ADA-USD,15m,0.17149999737739563,0.17170000076293945,0.1712999939918518,0.17149999737739563,252864,252864,yfinance,2026-07-10T06:58:17.136516+00:00
2026-06-13 21:30:00+00:00,ADA-USD,15m,0.17149999737739563,0.17329999804496765,0.17139999568462372,0.1728000044822693,1873920,1873920,yfinance,2026-07-10T06:58:17.136516+00:00
2026-06-13 21:45:00+00:00,ADA-USD,15m,0.1729000061750412,0.17350000143051147,0.17260000109672546,0.17270000278949738,2245728,2245728,yfinance,2026-07-10T06:58:17.136516+00:00
2026-06-13 22:00:00+00:00,ADA-USD,15m,0.1728000044822693,0.1728000044822693,0.1720000058412552,0.1720999926328659,111424,111424,yfinance,2026-07-10T06:58:17.136516+00:00
2026-06-13 22:15:00+00:00,ADA-USD,15m,0.17219999432563782,0.17260000109672546,0.1720000058412552,0.17239999771118164,1246528,1246528,yfinance,2026-07-10T06:58:17.136516+00:00
2026-06-13 22:30:00+00:00,ADA-USD,15m,0.17229999601840973,0.17249999940395355,0.17180000245571136,0.17180000245571136,599968,599968,yfinance,2026-07-10T06:58:17.136516+00:00
2026-06-13 22:45:00+00:00,ADA-USD,15m,0.17180000245571136,0.17190000414848328,0.17159999907016754,0.17159999907016754,265952,265952,yfinance,2026-07-10T06:58:17.136516+00:00
2026-06-13 23:00:00+00:00,ADA-USD,15m,0.17149999737739563,0.17190000414848328,0.17149999737739563,0.17170000076293945,249952,249952,yfinance,2026-07-10T06:58:17.136516+00:00
2026-06-13 23:15:00+00:00,ADA-USD,15m,0.17170000076293945,0.17239999771118164,0.17170000076293945,0.17190000414848328,3386368,3386368,yfinance,2026-07-10T06:58:17.136516+00:00
2026-06-13 23:30:00+00:00,ADA-USD,15m,0.17180000245571136,0.17229999601840973,0.17180000245571136,0.17180000245571136,640992,640992,yfinance,2026-07-10T06:58:17.136516+00:00
2026-06-13 23:45:00+00:00,ADA-USD,15m,0.17190000414848328,0.17190000414848328,0.17149999737739563,0.17170000076293945,124544,124544,yfinance,2026-07-10T06:58:17.136516+00:00
2026-06-14 00:00:00+00:00,ADA-USD,15m,0.17170000076293945,0.1720000058412552,0.17159999907016754,0.1720000058412552,809856,809856,yfinance,2026-07-10T06:58:17.136516+00:00
2026-06-14 00:15:00+00:00,ADA-USD,15m,0.1720000058412552,0.17239999771118164,0.17190000414848328,0.1720999926328659,681664,681664,yfinance,2026-07-10T06:58:17.136516+00:00
2026-06-14 00:30:00+00:00,ADA-USD,15m,0.1720999926328659,0.17239999771118164,0.17180000245571136,0.17180000245571136,170176,170176,yfinance,2026-07-10T06:58:17.136516+00:00
2026-06-14 00:45:00+00:00,ADA-USD,15m,0.17180000245571136,0.17180000245571136,0.17139999568462372,0.17149999737739563,0,0,yfinance,2026-07-10T06:58:17.136516+00:00
2026-06-14 01:00:00+00:00,ADA-USD,15m,0.17139999568462372,0.17239999771118164,0.1712999939918518,0.17229999601840973,487392,487392,yfinance,2026-07-10T06:58:17.136516+00:00
2026-06-14 01:15:00+00:00,ADA-USD,15m,0.17229999601840973,0.17299999296665192,0.17229999601840973,0.17270000278949738,490400,490400,yfinance,2026-07-10T06:58:17.136516+00:00
2026-06-14 01:30:00+00:00,ADA-USD,15m,0.1729000061750412,0.1729000061750412,0.17260000109672546,0.1729000061750412,0,0,yfinance,2026-07-10T06:58:17.136516+00:00
2026-06-14 01:45:00+00:00,ADA-USD,15m,0.1728000044822693,0.17319999635219574,0.17260000109672546,0.17260000109672546,128288,128288,yfinance,2026-07-10T06:58:17.136516+00:00
2026-06-14 02:00:00+00:00,ADA-USD,15m,0.17260000109672546,0.17329999804496765,0.17260000109672546,0.17319999635219574,0,0,yfinance,2026-07-10T06:58:17.136516+00:00
2026-06-14 02:15:00+00:00,ADA-USD,15m,0.17319999635219574,0.17350000143051147,0.1728000044822693,0.17299999296665192,0,0,yfinance,2026-07-10T06:58:17.136516+00:00
2026-06-14 02:30:00+00:00,ADA-USD,15m,0.17299999296665192,0.17299999296665192,0.17229999601840973,0.17239999771118164,0,0,yfinance,2026-07-10T06:58:17.136516+00:00
2026-06-14 02:45:00+00:00,ADA-USD,15m,0.17239999771118164,0.17249999940395355,0.1720999926328659,0.17229999601840973,0,0,yfinance,2026-07-10T06:58:17.136516+00:00
2026-06-14 03:00:00+00:00,ADA-USD,15m,0.17229999601840973,0.17249999940395355,0.1720000058412552,0.17239999771118164,0,0,yfinance,2026-07-10T06:58:17.136516+00:00
2026-06-14 03:15:00+00:00,ADA-USD,15m,0.17239999771118164,0.17319999635219574,0.17239999771118164,0.17309999465942383,0,0,yfinance,2026-07-10T06:58:17.136516+00:00
2026-06-14 03:30:00+00:00,ADA-USD,15m,0.17309999465942383,0.17309999465942383,0.17270000278949738,0.1728000044822693,0,0,yfinance,2026-07-10T06:58:17.136516+00:00
2026-06-14 03:45:00+00:00,ADA-USD,15m,0.17270000278949738,0.17339999973773956,0.17260000109672546,0.17299999296665192,139712,139712,yfinance,2026-07-10T06:58:17.136516+00:00
2026-06-14 04:00:00+00:00,ADA-USD,15m,0.1729000061750412,0.17319999635219574,0.17249999940395355,0.17270000278949738,0,0,yfinance,2026-07-10T06:58:17.136516+00:00
2026-06-14 04:15:00+00:00,ADA-USD,15m,0.1728000044822693,0.1729000061750412,0.1720999926328659,0.17219999432563782,0,0,yfinance,2026-07-10T06:58:17.136516+00:00
2026-06-14 04:30:00+00:00,ADA-USD,15m,0.1720999926328659,0.17229999601840973,0.17170000076293945,0.17190000414848328,0,0,yfinance,2026-07-10T06:58:17.136516+00:00
2026-06-14 04:45:00+00:00,ADA-USD,15m,0.17180000245571136,0.1720000058412552,0.17159999907016754,0.17180000245571136,1448928,1448928,yfinance,2026-07-10T06:58:17.136516+00:00
2026-06-14 05:00:00+00:00,ADA-USD,15m,0.17190000414848328,0.17219999432563782,0.17190000414848328,0.17190000414848328,0,0,yfinance,2026-07-10T06:58:17.136516+00:00
2026-06-14 05:15:00+00:00,ADA-USD,15m,0.17190000414848328,0.17190000414848328,0.17139999568462372,0.17149999737739563,0,0,yfinance,2026-07-10T06:58:17.136516+00:00
2026-06-14 05:30:00+00:00,ADA-USD,15m,0.17149999737739563,0.1720999926328659,0.1712999939918518,0.1720999926328659,653856,653856,yfinance,2026-07-10T06:58:17.136516+00:00
2026-06-14 05:45:00+00:00,ADA-USD,15m,0.1720999926328659,0.17239999771118164,0.1720000058412552,0.1720000058412552,0,0,yfinance,2026-07-10T06:58:17.136516+00:00
2026-06-14 06:00:00+00:00,ADA-USD,15m,0.1720000058412552,0.17270000278949738,0.1720000058412552,0.17270000278949738,0,0,yfinance,2026-07-10T06:58:17.136516+00:00
2026-06-14 06:15:00+00:00,ADA-USD,15m,0.17270000278949738,0.17270000278949738,0.1720999926328659,0.17229999601840973,0,0,yfinance,2026-07-10T06:58:17.136516+00:00
2026-06-14 06:30:00+00:00,ADA-USD,15m,0.17229999601840973,0.17229999601840973,0.17139999568462372,0.17149999737739563,0,0,yfinance,2026-07-10T06:58:17.136516+00:00
2026-06-14 06:45:00+00:00,ADA-USD,15m,0.17139999568462372,0.17149999737739563,0.17110000550746918,0.17139999568462372,0,0,yfinance,2026-07-10T06:58:17.136516+00:00
2026-06-14 07:00:00+00:00,ADA-USD,15m,0.17149999737739563,0.17149999737739563,0.17090000212192535,0.1712000072002411,0,0,yfinance,2026-07-10T06:58:17.136516+00:00
2026-06-14 07:15:00+00:00,ADA-USD,15m,0.1712000072002411,0.17159999907016754,0.1712000072002411,0.17139999568462372,0,0,yfinance,2026-07-10T06:58:17.136516+00:00
2026-06-14 07:30:00+00:00,ADA-USD,15m,0.17139999568462372,0.17139999568462372,0.17080000042915344,0.17080000042915344,0,0,yfinance,2026-07-10T06:58:17.136516+00:00
2026-06-14 07:45:00+00:00,ADA-USD,15m,0.17080000042915344,0.17149999737739563,0.17080000042915344,0.17100000381469727,0,0,yfinance,2026-07-10T06:58:17.136516+00:00
2026-06-14 08:00:00+00:00,ADA-USD,15m,0.17090000212192535,0.17110000550746918,0.17080000042915344,0.17110000550746918,0,0,yfinance,2026-07-10T06:58:17.136516+00:00
2026-06-14 08:15:00+00:00,ADA-USD,15m,0.17110000550746918,0.17149999737739563,0.17100000381469727,0.17110000550746918,0,0,yfinance,2026-07-10T06:58:17.136516+00:00
2026-06-14 08:30:00+00:00,ADA-USD,15m,0.17110000550746918,0.1712000072002411,0.17090000212192535,0.1712000072002411,175712,175712,yfinance,2026-07-10T06:58:17.136516+00:00
2026-06-14 08:45:00+00:00,ADA-USD,15m,0.1712000072002411,0.17139999568462372,0.17090000212192535,0.17090000212192535,0,0,yfinance,2026-07-10T06:58:17.136516+00:00
2026-06-14 09:00:00+00:00,ADA-USD,15m,0.17090000212192535,0.17100000381469727,0.1704999953508377,0.1704999953508377,0,0,yfinance,2026-07-10T06:58:17.136516+00:00
2026-06-14 09:15:00+00:00,ADA-USD,15m,0.1704999953508377,0.17059999704360962,0.17000000178813934,0.1704999953508377,851200,851200,yfinance,2026-07-10T06:58:17.136516+00:00
2026-06-14 09:30:00+00:00,ADA-USD,15m,0.1704999953508377,0.17170000076293945,0.1704999953508377,0.17149999737739563,1644896,1644896,yfinance,2026-07-10T06:58:17.136516+00:00
2026-06-14 09:45:00+00:00,ADA-USD,15m,0.17149999737739563,0.17180000245571136,0.17100000381469727,0.17100000381469727,571616,571616,yfinance,2026-07-10T06:58:17.136516+00:00
2026-06-14 10:00:00+00:00,ADA-USD,15m,0.17100000381469727,0.17100000381469727,0.1703999936580658,0.17059999704360962,714944,714944,yfinance,2026-07-10T06:58:17.136516+00:00
2026-06-14 10:15:00+00:00,ADA-USD,15m,0.17059999704360962,0.17080000042915344,0.17010000348091125,0.17020000517368317,215296,215296,yfinance,2026-07-10T06:58:17.136516+00:00
2026-06-14 10:30:00+00:00,ADA-USD,15m,0.17020000517368317,0.17069999873638153,0.17020000517368317,0.17030000686645508,4299232,4299232,yfinance,2026-07-10T06:58:17.136516+00:00
2026-06-14 10:45:00+00:00,ADA-USD,15m,0.17030000686645508,0.17030000686645508,0.1696999967098236,0.1696999967098236,0,0,yfinance,2026-07-10T06:58:17.136516+00:00
2026-06-14 11:00:00+00:00,ADA-USD,15m,0.1696999967098236,0.16990000009536743,0.16940000653266907,0.16979999840259552,346528,346528,yfinance,2026-07-10T06:58:17.136516+00:00
2026-06-14 11:15:00+00:00,ADA-USD,15m,0.16990000009536743,0.17000000178813934,0.1696999967098236,0.16990000009536743,0,0,yfinance,2026-07-10T06:58:17.136516+00:00
2026-06-14 11:30:00+00:00,ADA-USD,15m,0.16990000009536743,0.17020000517368317,0.16990000009536743,0.17010000348091125,360640,360640,yfinance,2026-07-10T06:58:17.136516+00:00
2026-06-14 11:45:00+00:00,ADA-USD,15m,0.17010000348091125,0.17020000517368317,0.1696999967098236,0.16979999840259552,487744,487744,yfinance,2026-07-10T06:58:17.136516+00:00
2026-06-14 12:00:00+00:00,ADA-USD,15m,0.16979999840259552,0.16990000009536743,0.16940000653266907,0.1695999950170517,1999232,1999232,yfinance,2026-07-10T06:58:17.136516+00:00
2026-06-14 12:15:00+00:00,ADA-USD,15m,0.1695999950170517,0.1695999950170517,0.16920000314712524,0.16930000483989716,1508608,1508608,yfinance,2026-07-10T06:58:17.136516+00:00
2026-06-14 12:30:00+00:00,ADA-USD,15m,0.16920000314712524,0.16949999332427979,0.16830000281333923,0.16859999299049377,2890400,2890400,yfinance,2026-07-10T06:58:17.136516+00:00
2026-06-14 12:45:00+00:00,ADA-USD,15m,0.16850000619888306,0.16859999299049377,0.1678999960422516,0.16840000450611115,1217952,1217952,yfinance,2026-07-10T06:58:17.136516+00:00
2026-06-14 13:00:00+00:00,ADA-USD,15m,0.16830000281333923,0.16850000619888306,0.1680999994277954,0.16820000112056732,672512,672512,yfinance,2026-07-10T06:58:17.136516+00:00
2026-06-14 13:15:00+00:00,ADA-USD,15m,0.16820000112056732,0.16859999299049377,0.1670999974012375,0.1670999974012375,368352,368352,yfinance,2026-07-10T06:58:17.136516+00:00
2026-06-14 13:30:00+00:00,ADA-USD,15m,0.1673000007867813,0.1678999960422516,0.16689999401569366,0.1678999960422516,2535584,2535584,yfinance,2026-07-10T06:58:17.136516+00:00
2026-06-14 13:45:00+00:00,ADA-USD,15m,0.1678999960422516,0.1679999977350235,0.1673000007867813,0.16750000417232513,2511872,2511872,yfinance,2026-07-10T06:58:17.136516+00:00
2026-06-14 14:00:00+00:00,ADA-USD,15m,0.16760000586509705,0.16769999265670776,0.1671999990940094,0.16750000417232513,34016,34016,yfinance,2026-07-10T06:58:17.136516+00:00
2026-06-14 14:15:00+00:00,ADA-USD,15m,0.16760000586509705,0.1678999960422516,0.16680000722408295,0.16689999401569366,106688,106688,yfinance,2026-07-10T06:58:17.136516+00:00
2026-06-14 14:30:00+00:00,ADA-USD,15m,0.16670000553131104,0.16680000722408295,0.16539999842643738,0.16599999368190765,7618144,7618144,yfinance,2026-07-10T06:58:17.136516+00:00
2026-06-14 14:45:00+00:00,ADA-USD,15m,0.16609999537467957,0.16689999401569366,0.16609999537467957,0.16680000722408295,2836320,2836320,yfinance,2026-07-10T06:58:17.136516+00:00
2026-06-14 15:00:00+00:00,ADA-USD,15m,0.16680000722408295,0.1671999990940094,0.16680000722408295,0.16689999401569366,696992,696992,yfinance,2026-07-10T06:58:17.136516+00:00
2026-06-14 15:15:00+00:00,ADA-USD,15m,0.16689999401569366,0.1671999990940094,0.1662999987602234,0.16670000553131104,380032,380032,yfinance,2026-07-10T06:58:17.136516+00:00
2026-06-14 15:30:00+00:00,ADA-USD,15m,0.16670000553131104,0.1671999990940094,0.16670000553131104,0.16680000722408295,118624,118624,yfinance,2026-07-10T06:58:17.136516+00:00
2026-06-14 15:45:00+00:00,ADA-USD,15m,0.16689999401569366,0.16699999570846558,0.16660000383853912,0.16699999570846558,16288,16288,yfinance,2026-07-10T06:58:17.136516+00:00
2026-06-14 16:00:00+00:00,ADA-USD,15m,0.16680000722408295,0.1673000007867813,0.16680000722408295,0.1673000007867813,0,0,yfinance,2026-07-10T06:58:17.136516+00:00
2026-06-14 16:15:00+00:00,ADA-USD,15m,0.1671999990940094,0.16750000417232513,0.1671999990940094,0.16750000417232513,0,0,yfinance,2026-07-10T06:58:17.136516+00:00
2026-06-14 16:30:00+00:00,ADA-USD,15m,0.16750000417232513,0.16750000417232513,0.1671999990940094,0.1673000007867813,0,0,yfinance,2026-07-10T06:58:17.136516+00:00
2026-06-14 16:45:00+00:00,ADA-USD,15m,0.1673000007867813,0.1673000007867813,0.16670000553131104,0.16699999570846558,49696,49696,yfinance,2026-07-10T06:58:17.136516+00:00
2026-06-14 17:00:00+00:00,ADA-USD,15m,0.16699999570846558,0.1671999990940094,0.16670000553131104,0.16699999570846558,0,0,yfinance,2026-07-10T06:58:17.136516+00:00
2026-06-14 17:15:00+00:00,ADA-USD,15m,0.1670999974012375,0.16740000247955322,0.16699999570846558,0.1670999974012375,584864,584864,yfinance,2026-07-10T06:58:17.136516+00:00
2026-06-14 17:30:00+00:00,ADA-USD,15m,0.1670999974012375,0.1670999974012375,0.1665000021457672,0.16689999401569366,180544,180544,yfinance,2026-07-10T06:58:17.136516+00:00
2026-06-14 17:45:00+00:00,ADA-USD,15m,0.16689999401569366,0.16699999570846558,0.1662999987602234,0.1665000021457672,146080,146080,yfinance,2026-07-10T06:58:17.136516+00:00
2026-06-14 18:00:00+00:00,ADA-USD,15m,0.1665000021457672,0.16680000722408295,0.1662999987602234,0.16680000722408295,208704,208704,yfinance,2026-07-10T06:58:17.136516+00:00
2026-06-14 18:15:00+00:00,ADA-USD,15m,0.16680000722408295,0.16689999401569366,0.16599999368190765,0.16609999537467957,914944,914944,yfinance,2026-07-10T06:58:17.136516+00:00
2026-06-14 18:30:00+00:00,ADA-USD,15m,0.16609999537467957,0.1665000021457672,0.16599999368190765,0.1664000004529953,955072,955072,yfinance,2026-07-10T06:58:17.136516+00:00
2026-06-14 18:45:00+00:00,ADA-USD,15m,0.1664000004529953,0.1665000021457672,0.16590000689029694,0.16609999537467957,0,0,yfinance,2026-07-10T06:58:17.136516+00:00
2026-06-14 19:00:00+00:00,ADA-USD,15m,0.16599999368190765,0.1664000004529953,0.16590000689029694,0.1662999987602234,886304,886304,yfinance,2026-07-10T06:58:17.136516+00:00
2026-06-14 19:15:00+00:00,ADA-USD,15m,0.1662999987602234,0.1665000021457672,0.16609999537467957,0.1664000004529953,0,0,yfinance,2026-07-10T06:58:17.136516+00:00
2026-06-14 19:30:00+00:00,ADA-USD,15m,0.1664000004529953,0.16660000383853912,0.16590000689029694,0.16590000689029694,543680,543680,yfinance,2026-07-10T06:58:17.136516+00:00
2026-06-14 19:45:00+00:00,ADA-USD,15m,0.16599999368190765,0.16609999537467957,0.16580000519752502,0.16609999537467957,325600,325600,yfinance,2026-07-10T06:58:17.136516+00:00
2026-06-14 20:00:00+00:00,ADA-USD,15m,0.16609999537467957,0.16619999706745148,0.16580000519752502,0.16609999537467957,36000,36000,yfinance,2026-07-10T06:58:17.136516+00:00
2026-06-14 20:15:00+00:00,ADA-USD,15m,0.16609999537467957,0.16670000553131104,0.16609999537467957,0.16660000383853912,472832,472832,yfinance,2026-07-10T06:58:17.136516+00:00
2026-06-14 20:30:00+00:00,ADA-USD,15m,0.16660000383853912,0.1673000007867813,0.1665000021457672,0.1670999974012375,284768,284768,yfinance,2026-07-10T06:58:17.136516+00:00
2026-06-14 20:45:00+00:00,ADA-USD,15m,0.1670999974012375,0.1673000007867813,0.16689999401569366,0.16689999401569366,134016,134016,yfinance,2026-07-10T06:58:17.136516+00:00
2026-06-14 21:00:00+00:00,ADA-USD,15m,0.16689999401569366,0.16760000586509705,0.16670000553131104,0.16760000586509705,484672,484672,yfinance,2026-07-10T06:58:17.136516+00:00
2026-06-14 21:15:00+00:00,ADA-USD,15m,0.16769999265670776,0.17159999907016754,0.16769999265670776,0.1712000072002411,9082944,9082944,yfinance,2026-07-10T06:58:17.136516+00:00
2026-06-14 21:30:00+00:00,ADA-USD,15m,0.1712999939918518,0.17440000176429749,0.17080000042915344,0.17389999330043793,9651104,9651104,yfinance,2026-07-10T06:58:17.136516+00:00
2026-06-14 21:45:00+00:00,ADA-USD,15m,0.17389999330043793,0.17589999735355377,0.17389999330043793,0.17399999499320984,12359744,12359744,yfinance,2026-07-10T06:58:17.136516+00:00
2026-06-14 22:00:00+00:00,ADA-USD,15m,0.17419999837875366,0.17489999532699585,0.17270000278949738,0.17419999837875366,6921952,6921952,yfinance,2026-07-10T06:58:17.136516+00:00
2026-06-14 22:15:00+00:00,ADA-USD,15m,0.17419999837875366,0.1754000037908554,0.1737000048160553,0.1754000037908554,6866592,6866592,yfinance,2026-07-10T06:58:17.136516+00:00
2026-06-14 22:30:00+00:00,ADA-USD,15m,0.17560000717639923,0.17679999768733978,0.1753000020980835,0.17630000412464142,8608384,8608384,yfinance,2026-07-10T06:58:17.136516+00:00
2026-06-14 22:45:00+00:00,ADA-USD,15m,0.17630000412464142,0.17630000412464142,0.1746000051498413,0.17499999701976776,7211264,7211264,yfinance,2026-07-10T06:58:17.136516+00:00
2026-06-14 23:00:00+00:00,ADA-USD,15m,0.17499999701976776,0.1762000024318695,0.17389999330043793,0.17589999735355377,5146144,5146144,yfinance,2026-07-10T06:58:17.136516+00:00
2026-06-14 23:15:00+00:00,ADA-USD,15m,0.17599999904632568,0.1785999983549118,0.17599999904632568,0.17839999496936798,4593344,4593344,yfinance,2026-07-10T06:58:17.136516+00:00
2026-06-14 23:30:00+00:00,ADA-USD,15m,0.17839999496936798,0.179299995303154,0.17800000309944153,0.17919999361038208,8304928,8304928,yfinance,2026-07-10T06:58:17.136516+00:00
2026-06-14 23:45:00+00:00,ADA-USD,15m,0.179299995303154,0.18369999527931213,0.179299995303154,0.18289999663829803,17244896,17244896,yfinance,2026-07-10T06:58:17.136516+00:00
2026-06-15 00:00:00+00:00,ADA-USD,15m,0.18289999663829803,0.1868000030517578,0.18289999663829803,0.1868000030517578,22805696,22805696,yfinance,2026-07-10T06:58:17.136516+00:00
2026-06-15 00:15:00+00:00,ADA-USD,15m,0.186599999666214,0.186599999666214,0.18310000002384186,0.18379999697208405,17538336,17538336,yfinance,2026-07-10T06:58:17.136516+00:00
2026-06-15 00:30:00+00:00,ADA-USD,15m,0.1835000067949295,0.18369999527931213,0.18160000443458557,0.18219999969005585,7668672,7668672,yfinance,2026-07-10T06:58:17.136516+00:00
2026-06-15 00:45:00+00:00,ADA-USD,15m,0.18230000138282776,0.18320000171661377,0.18170000612735748,0.18299999833106995,11182272,11182272,yfinance,2026-07-10T06:58:17.136516+00:00
2026-06-15 01:00:00+00:00,ADA-USD,15m,0.18310000002384186,0.18310000002384186,0.18050000071525574,0.18209999799728394,5770400,5770400,yfinance,2026-07-10T06:58:17.136516+00:00
2026-06-15 01:15:00+00:00,ADA-USD,15m,0.18219999969005585,0.18219999969005585,0.18050000071525574,0.181099995970726,1382912,1382912,yfinance,2026-07-10T06:58:17.136516+00:00
2026-06-15 01:30:00+00:00,ADA-USD,15m,0.18119999766349792,0.18320000171661377,0.1808999925851822,0.18209999799728394,7050464,7050464,yfinance,2026-07-10T06:58:17.136516+00:00
2026-06-15 01:45:00+00:00,ADA-USD,15m,0.18219999969005585,0.18219999969005585,0.18000000715255737,0.18039999902248383,2543904,2543904,yfinance,2026-07-10T06:58:17.136516+00:00
2026-06-15 02:00:00+00:00,ADA-USD,15m,0.18029999732971191,0.18170000612735748,0.18000000715255737,0.18150000274181366,4391808,4391808,yfinance,2026-07-10T06:58:17.136516+00:00
2026-06-15 02:15:00+00:00,ADA-USD,15m,0.18170000612735748,0.18230000138282776,0.18140000104904175,0.18140000104904175,4409344,4409344,yfinance,2026-07-10T06:58:17.136516+00:00
2026-06-15 02:30:00+00:00,ADA-USD,15m,0.18129999935626984,0.18129999935626984,0.17990000545978546,0.17990000545978546,4369824,4369824,yfinance,2026-07-10T06:58:17.136516+00:00
2026-06-15 02:45:00+00:00,ADA-USD,15m,0.17990000545978546,0.18050000071525574,0.1793999969959259,0.18000000715255737,5009376,5009376,yfinance,2026-07-10T06:58:17.136516+00:00
2026-06-15 03:00:00+00:00,ADA-USD,15m,0.17990000545978546,0.181099995970726,0.17960000038146973,0.1809999942779541,2243968,2243968,yfinance,2026-07-10T06:58:17.136516+00:00
2026-06-15 03:15:00+00:00,ADA-USD,15m,0.1809999942779541,0.18129999935626984,0.18029999732971191,0.1808999925851822,2014400,2014400,yfinance,2026-07-10T06:58:17.136516+00:00
2026-06-15 03:30:00+00:00,ADA-USD,15m,0.1808999925851822,0.1817999929189682,0.18039999902248383,0.18170000612735748,1346048,1346048,yfinance,2026-07-10T06:58:17.136516+00:00
2026-06-15 03:45:00+00:00,ADA-USD,15m,0.18160000443458557,0.1818999946117401,0.181099995970726,0.18119999766349792,5011072,5011072,yfinance,2026-07-10T06:58:17.136516+00:00
2026-06-15 04:00:00+00:00,ADA-USD,15m,0.181099995970726,0.18119999766349792,0.18050000071525574,0.181099995970726,1331104,1331104,yfinance,2026-07-10T06:58:17.136516+00:00
2026-06-15 04:15:00+00:00,ADA-USD,15m,0.1809999942779541,0.18160000443458557,0.1808999925851822,0.181099995970726,2077504,2077504,yfinance,2026-07-10T06:58:17.136516+00:00
2026-06-15 04:30:00+00:00,ADA-USD,15m,0.181099995970726,0.181099995970726,0.17980000376701355,0.17990000545978546,374720,374720,yfinance,2026-07-10T06:58:17.136516+00:00
2026-06-15 04:45:00+00:00,ADA-USD,15m,0.17980000376701355,0.1800999939441681,0.17949999868869781,0.17960000038146973,1337728,1337728,yfinance,2026-07-10T06:58:17.136516+00:00
2026-06-15 05:00:00+00:00,ADA-USD,15m,0.17960000038146973,0.18019999563694,0.17949999868869781,0.18019999563694,1560384,1560384,yfinance,2026-07-10T06:58:17.136516+00:00
2026-06-15 05:15:00+00:00,ADA-USD,15m,0.1800999939441681,0.18129999935626984,0.1800999939441681,0.1809999942779541,1840928,1840928,yfinance,2026-07-10T06:58:17.136516+00:00
2026-06-15 05:30:00+00:00,ADA-USD,15m,0.1809999942779541,0.1809999942779541,0.18019999563694,0.18039999902248383,2338976,2338976,yfinance,2026-07-10T06:58:17.136516+00:00
2026-06-15 05:45:00+00:00,ADA-USD,15m,0.18039999902248383,0.181099995970726,0.18039999902248383,0.18080000579357147,1190624,1190624,yfinance,2026-07-10T06:58:17.136516+00:00
2026-06-15 06:00:00+00:00,ADA-USD,15m,0.18070000410079956,0.18129999935626984,0.18050000071525574,0.1808999925851822,1470112,1470112,yfinance,2026-07-10T06:58:17.136516+00:00
2026-06-15 06:15:00+00:00,ADA-USD,15m,0.181099995970726,0.18170000612735748,0.1809999942779541,0.18160000443458557,2064800,2064800,yfinance,2026-07-10T06:58:17.136516+00:00
2026-06-15 06:30:00+00:00,ADA-USD,15m,0.18160000443458557,0.18160000443458557,0.18060000240802765,0.1809999942779541,546656,546656,yfinance,2026-07-10T06:58:17.136516+00:00
2026-06-15 06:45:00+00:00,ADA-USD,15m,0.1808999925851822,0.18160000443458557,0.1808999925851822,0.181099995970726,938496,938496,yfinance,2026-07-10T06:58:17.136516+00:00
2026-06-15 07:00:00+00:00,ADA-USD,15m,0.181099995970726,0.18140000104904175,0.18039999902248383,0.18129999935626984,913536,913536,yfinance,2026-07-10T06:58:17.136516+00:00
2026-06-15 07:15:00+00:00,ADA-USD,15m,0.18129999935626984,0.1817999929189682,0.181099995970726,0.18150000274181366,3386784,3386784,yfinance,2026-07-10T06:58:17.136516+00:00
2026-06-15 07:30:00+00:00,ADA-USD,15m,0.18150000274181366,0.18150000274181366,0.18050000071525574,0.18050000071525574,1599744,1599744,yfinance,2026-07-10T06:58:17.136516+00:00
2026-06-15 07:45:00+00:00,ADA-USD,15m,0.18039999902248383,0.18070000410079956,0.18000000715255737,0.1800999939441681,1362688,1362688,yfinance,2026-07-10T06:58:17.136516+00:00
2026-06-15 08:00:00+00:00,ADA-USD,15m,0.1800999939441681,0.1809999942779541,0.17990000545978546,0.18070000410079956,2034528,2034528,yfinance,2026-07-10T06:58:17.136516+00:00
2026-06-15 08:15:00+00:00,ADA-USD,15m,0.18080000579357147,0.1808999925851822,0.18000000715255737,0.18060000240802765,475104,475104,yfinance,2026-07-10T06:58:17.136516+00:00
2026-06-15 08:30:00+00:00,ADA-USD,15m,0.18060000240802765,0.18129999935626984,0.18060000240802765,0.18129999935626984,2192160,2192160,yfinance,2026-07-10T06:58:17.136516+00:00
2026-06-15 08:45:00+00:00,ADA-USD,15m,0.18129999935626984,0.18160000443458557,0.1808999925851822,0.1808999925851822,2612512,2612512,yfinance,2026-07-10T06:58:17.136516+00:00
2026-06-15 09:00:00+00:00,ADA-USD,15m,0.1809999942779541,0.18160000443458557,0.1808999925851822,0.18119999766349792,1888224,1888224,yfinance,2026-07-10T06:58:17.136516+00:00
2026-06-15 09:15:00+00:00,ADA-USD,15m,0.181099995970726,0.1817999929189682,0.1808999925851822,0.18140000104904175,1152416,1152416,yfinance,2026-07-10T06:58:17.136516+00:00
2026-06-15 09:30:00+00:00,ADA-USD,15m,0.18140000104904175,0.18170000612735748,0.18039999902248383,0.18170000612735748,850464,850464,yfinance,2026-07-10T06:58:17.136516+00:00
2026-06-15 09:45:00+00:00,ADA-USD,15m,0.18170000612735748,0.18170000612735748,0.1809999942779541,0.18140000104904175,1612608,1612608,yfinance,2026-07-10T06:58:17.136516+00:00
2026-06-15 10:00:00+00:00,ADA-USD,15m,0.18140000104904175,0.1817999929189682,0.1809999942779541,0.18129999935626984,419360,419360,yfinance,2026-07-10T06:58:17.136516+00:00
2026-06-15 10:15:00+00:00,ADA-USD,15m,0.18129999935626984,0.1817999929189682,0.18039999902248383,0.18080000579357147,2661632,2661632,yfinance,2026-07-10T06:58:17.136516+00:00
2026-06-15 10:30:00+00:00,ADA-USD,15m,0.18080000579357147,0.1818999946117401,0.18080000579357147,0.18119999766349792,1293792,1293792,yfinance,2026-07-10T06:58:17.136516+00:00
2026-06-15 10:45:00+00:00,ADA-USD,15m,0.18119999766349792,0.18289999663829803,0.18070000410079956,0.1826000064611435,9057408,9057408,yfinance,2026-07-10T06:58:17.136516+00:00
2026-06-15 11:00:00+00:00,ADA-USD,15m,0.1826000064611435,0.18310000002384186,0.18230000138282776,0.18289999663829803,7558432,7558432,yfinance,2026-07-10T06:58:17.136516+00:00
2026-06-15 11:15:00+00:00,ADA-USD,15m,0.18279999494552612,0.18520000576972961,0.1826999932527542,0.18469999730587006,5730176,5730176,yfinance,2026-07-10T06:58:17.136516+00:00
2026-06-15 11:30:00+00:00,ADA-USD,15m,0.18490000069141388,0.18549999594688416,0.1835000067949295,0.18359999358654022,10479936,10479936,yfinance,2026-07-10T06:58:17.136516+00:00
2026-06-15 11:45:00+00:00,ADA-USD,15m,0.18359999358654022,0.18529999256134033,0.1834000051021576,0.18529999256134033,4592256,4592256,yfinance,2026-07-10T06:58:17.136516+00:00
2026-06-15 12:00:00+00:00,ADA-USD,15m,0.18539999425411224,0.1858000010251999,0.1843000054359436,0.18549999594688416,6404480,6404480,yfinance,2026-07-10T06:58:17.136516+00:00
2026-06-15 12:15:00+00:00,ADA-USD,15m,0.18549999594688416,0.18649999797344208,0.18479999899864197,0.18649999797344208,5455168,5455168,yfinance,2026-07-10T06:58:17.136516+00:00
2026-06-15 12:30:00+00:00,ADA-USD,15m,0.18639999628067017,0.1890999972820282,0.18559999763965607,0.1890999972820282,6456640,6456640,yfinance,2026-07-10T06:58:17.136516+00:00
2026-06-15 12:45:00+00:00,ADA-USD,15m,0.1889999955892563,0.18940000236034393,0.1868000030517578,0.18719999492168427,11294016,11294016,yfinance,2026-07-10T06:58:17.136516+00:00
2026-06-15 13:00:00+00:00,ADA-USD,15m,0.18709999322891235,0.1875,0.1859000027179718,0.18719999492168427,5936000,5936000,yfinance,2026-07-10T06:58:17.136516+00:00
2026-06-15 13:15:00+00:00,ADA-USD,15m,0.18709999322891235,0.18930000066757202,0.18709999322891235,0.18860000371932983,14713152,14713152,yfinance,2026-07-10T06:58:17.136516+00:00
2026-06-15 13:30:00+00:00,ADA-USD,15m,0.18880000710487366,0.18880000710487366,0.1867000013589859,0.18790000677108765,6963904,6963904,yfinance,2026-07-10T06:58:17.136516+00:00
2026-06-15 13:45:00+00:00,ADA-USD,15m,0.1881999969482422,0.18970000743865967,0.1876000016927719,0.1890999972820282,8433408,8433408,yfinance,2026-07-10T06:58:17.136516+00:00
2026-06-15 14:00:00+00:00,ADA-USD,15m,0.1891999989748001,0.18950000405311584,0.1876000016927719,0.18799999356269836,5632768,5632768,yfinance,2026-07-10T06:58:17.136516+00:00
2026-06-15 14:15:00+00:00,ADA-USD,15m,0.18799999356269836,0.18860000371932983,0.1873999983072281,0.188400000333786,4920320,4920320,yfinance,2026-07-10T06:58:17.136516+00:00
2026-06-15 14:30:00+00:00,ADA-USD,15m,0.1882999986410141,0.18860000371932983,0.1873999983072281,0.18790000677108765,0,0,yfinance,2026-07-10T06:58:17.136516+00:00
2026-06-15 14:45:00+00:00,ADA-USD,15m,0.18780000507831573,0.18850000202655792,0.18709999322891235,0.18729999661445618,1906112,1906112,yfinance,2026-07-10T06:58:17.136516+00:00
2026-06-15 15:00:00+00:00,ADA-USD,15m,0.18719999492168427,0.18790000677108765,0.18639999628067017,0.18709999322891235,1147712,1147712,yfinance,2026-07-10T06:58:17.136516+00:00
2026-06-15 15:15:00+00:00,ADA-USD,15m,0.18709999322891235,0.1881999969482422,0.1868000030517578,0.1873999983072281,3244800,3244800,yfinance,2026-07-10T06:58:17.136516+00:00
2026-06-15 15:30:00+00:00,ADA-USD,15m,0.18729999661445618,0.18780000507831573,0.1859000027179718,0.18770000338554382,5434112,5434112,yfinance,2026-07-10T06:58:17.136516+00:00
2026-06-15 15:45:00+00:00,ADA-USD,15m,0.18770000338554382,0.18930000066757202,0.1876000016927719,0.18880000710487366,10794496,10794496,yfinance,2026-07-10T06:58:17.136516+00:00
2026-06-15 16:00:00+00:00,ADA-USD,15m,0.18880000710487366,0.18880000710487366,0.1875,0.18770000338554382,4555392,4555392,yfinance,2026-07-10T06:58:17.136516+00:00
2026-06-15 16:15:00+00:00,ADA-USD,15m,0.1876000016927719,0.1891999989748001,0.18690000474452972,0.1889999955892563,5811200,5811200,yfinance,2026-07-10T06:58:17.136516+00:00
2026-06-15 16:30:00+00:00,ADA-USD,15m,0.1890999972820282,0.18960000574588776,0.1881999969482422,0.18880000710487366,5685696,5685696,yfinance,2026-07-10T06:58:17.136516+00:00
2026-06-15 16:45:00+00:00,ADA-USD,15m,0.18889999389648438,0.18889999389648438,0.18770000338554382,0.18780000507831573,2209920,2209920,yfinance,2026-07-10T06:58:17.136516+00:00
2026-06-15 17:00:00+00:00,ADA-USD,15m,0.18770000338554382,0.18770000338554382,0.1860000044107437,0.1867000013589859,6171840,6171840,yfinance,2026-07-10T06:58:17.136516+00:00
2026-06-15 17:15:00+00:00,ADA-USD,15m,0.186599999666214,0.18729999661445618,0.18629999458789825,0.18700000643730164,2678208,2678208,yfinance,2026-07-10T06:58:17.136516+00:00
2026-06-15 17:30:00+00:00,ADA-USD,15m,0.1868000030517578,0.1876000016927719,0.18569999933242798,0.18700000643730164,6432768,6432768,yfinance,2026-07-10T06:58:17.136516+00:00
2026-06-15 17:45:00+00:00,ADA-USD,15m,0.18709999322891235,0.18809999525547028,0.18709999322891235,0.1875,4178752,4178752,yfinance,2026-07-10T06:58:17.136516+00:00
2026-06-15 18:00:00+00:00,ADA-USD,15m,0.1876000016927719,0.18780000507831573,0.1867000013589859,0.1875,2138368,2138368,yfinance,2026-07-10T06:58:17.136516+00:00
2026-06-15 18:15:00+00:00,ADA-USD,15m,0.1875,0.1882999986410141,0.1873999983072281,0.18780000507831573,1374336,1374336,yfinance,2026-07-10T06:58:17.136516+00:00
2026-06-15 18:30:00+00:00,ADA-USD,15m,0.18770000338554382,0.18809999525547028,0.18709999322891235,0.18770000338554382,679104,679104,yfinance,2026-07-10T06:58:17.136516+00:00
2026-06-15 18:45:00+00:00,ADA-USD,15m,0.1876000016927719,0.18850000202655792,0.18709999322891235,0.18729999661445618,2694720,2694720,yfinance,2026-07-10T06:58:17.136516+00:00
2026-06-15 19:00:00+00:00,ADA-USD,15m,0.18709999322891235,0.18860000371932983,0.18700000643730164,0.1881999969482422,596480,596480,yfinance,2026-07-10T06:58:17.136516+00:00
2026-06-15 19:15:00+00:00,ADA-USD,15m,0.18809999525547028,0.188400000333786,0.1851000040769577,0.18529999256134033,5037184,5037184,yfinance,2026-07-10T06:58:17.136516+00:00
2026-06-15 19:30:00+00:00,ADA-USD,15m,0.18529999256134033,0.1868000030517578,0.18529999256134033,0.1868000030517578,3933248,3933248,yfinance,2026-07-10T06:58:17.136516+00:00
2026-06-15 19:45:00+00:00,ADA-USD,15m,0.1868000030517578,0.1868000030517578,0.18539999425411224,0.1858000010251999,2939008,2939008,yfinance,2026-07-10T06:58:17.136516+00:00
2026-06-15 20:00:00+00:00,ADA-USD,15m,0.1859000027179718,0.18649999797344208,0.18529999256134033,0.1858000010251999,2041408,2041408,yfinance,2026-07-10T06:58:17.136516+00:00
2026-06-15 20:15:00+00:00,ADA-USD,15m,0.1859000027179718,0.1859000027179718,0.1843000054359436,0.18449999392032623,3641280,3641280,yfinance,2026-07-10T06:58:17.136516+00:00
2026-06-15 20:30:00+00:00,ADA-USD,15m,0.18449999392032623,0.18469999730587006,0.18330000340938568,0.18330000340938568,3042880,3042880,yfinance,2026-07-10T06:58:17.136516+00:00
2026-06-15 20:45:00+00:00,ADA-USD,15m,0.18310000002384186,0.18359999358654022,0.17980000376701355,0.18039999902248383,12055872,12055872,yfinance,2026-07-10T06:58:17.136516+00:00
2026-06-15 21:00:00+00:00,ADA-USD,15m,0.18060000240802765,0.18070000410079956,0.17970000207424164,0.18070000410079956,7430080,7430080,yfinance,2026-07-10T06:58:17.136516+00:00
2026-06-15 21:15:00+00:00,ADA-USD,15m,0.18060000240802765,0.18119999766349792,0.18050000071525574,0.18050000071525574,1116160,1116160,yfinance,2026-07-10T06:58:17.136516+00:00
2026-06-15 21:30:00+00:00,ADA-USD,15m,0.18039999902248383,0.18060000240802765,0.18029999732971191,0.18039999902248383,0,0,yfinance,2026-07-10T06:58:17.136516+00:00
2026-06-15 21:45:00+00:00,ADA-USD,15m,0.18039999902248383,0.18060000240802765,0.17960000038146973,0.17960000038146973,0,0,yfinance,2026-07-10T06:58:17.136516+00:00
2026-06-15 22:00:00+00:00,ADA-USD,15m,0.1793999969959259,0.18039999902248383,0.1793999969959259,0.17990000545978546,0,0,yfinance,2026-07-10T06:58:17.136516+00:00
2026-06-15 22:15:00+00:00,ADA-USD,15m,0.17970000207424164,0.1800999939441681,0.17749999463558197,0.1777999997138977,0,0,yfinance,2026-07-10T06:58:17.136516+00:00
2026-06-15 22:30:00+00:00,ADA-USD,15m,0.17749999463558197,0.17900000512599945,0.17679999768733978,0.1784999966621399,0,0,yfinance,2026-07-10T06:58:17.136516+00:00
2026-06-15 22:45:00+00:00,ADA-USD,15m,0.17839999496936798,0.17880000174045563,0.17790000140666962,0.17820000648498535,0,0,yfinance,2026-07-10T06:58:17.136516+00:00
2026-06-15 23:00:00+00:00,ADA-USD,15m,0.17820000648498535,0.1785999983549118,0.1776999980211258,0.17839999496936798,0,0,yfinance,2026-07-10T06:58:17.136516+00:00
2026-06-15 23:15:00+00:00,ADA-USD,15m,0.17829999327659607,0.1785999983549118,0.17790000140666962,0.17829999327659607,0,0,yfinance,2026-07-10T06:58:17.136516+00:00
2026-06-15 23:30:00+00:00,ADA-USD,15m,0.17839999496936798,0.17839999496936798,0.17749999463558197,0.17829999327659607,0,0,yfinance,2026-07-10T06:58:17.136516+00:00
2026-06-15 23:45:00+00:00,ADA-USD,15m,0.17829999327659607,0.17870000004768372,0.17810000479221344,0.17839999496936798,0,0,yfinance,2026-07-10T06:58:17.136516+00:00
2026-06-16 00:00:00+00:00,ADA-USD,15m,0.17839999496936798,0.17910000681877136,0.17790000140666962,0.17890000343322754,0,0,yfinance,2026-07-10T06:58:17.136516+00:00
2026-06-16 00:15:00+00:00,ADA-USD,15m,0.17900000512599945,0.17919999361038208,0.17759999632835388,0.1776999980211258,0,0,yfinance,2026-07-10T06:58:17.136516+00:00
2026-06-16 00:30:00+00:00,ADA-USD,15m,0.1776999980211258,0.17900000512599945,0.1776999980211258,0.1785999983549118,0,0,yfinance,2026-07-10T06:58:17.136516+00:00
2026-06-16 00:45:00+00:00,ADA-USD,15m,0.1784999966621399,0.1784999966621399,0.17759999632835388,0.1777999997138977,0,0,yfinance,2026-07-10T06:58:17.136516+00:00
2026-06-16 01:00:00+00:00,ADA-USD,15m,0.1777999997138977,0.1784999966621399,0.17749999463558197,0.1777999997138977,0,0,yfinance,2026-07-10T06:58:17.136516+00:00
2026-06-16 01:15:00+00:00,ADA-USD,15m,0.1776999980211258,0.17800000309944153,0.17749999463558197,0.1777999997138977,0,0,yfinance,2026-07-10T06:58:17.136516+00:00
2026-06-16 01:30:00+00:00,ADA-USD,15m,0.1776999980211258,0.17790000140666962,0.17710000276565552,0.1777999997138977,0,0,yfinance,2026-07-10T06:58:17.136516+00:00
2026-06-16 01:45:00+00:00,ADA-USD,15m,0.1777999997138977,0.17800000309944153,0.1770000010728836,0.17710000276565552,0,0,yfinance,2026-07-10T06:58:17.136516+00:00
2026-06-16 02:00:00+00:00,ADA-USD,15m,0.17710000276565552,0.17759999632835388,0.1762000024318695,0.17630000412464142,0,0,yfinance,2026-07-10T06:58:17.136516+00:00
2026-06-16 02:15:00+00:00,ADA-USD,15m,0.17640000581741333,0.1768999993801117,0.1754000037908554,0.17560000717639923,0,0,yfinance,2026-07-10T06:58:17.136516+00:00
2026-06-16 02:30:00+00:00,ADA-USD,15m,0.17560000717639923,0.17640000581741333,0.17550000548362732,0.1761000007390976,703872,703872,yfinance,2026-07-10T06:58:17.136516+00:00
2026-06-16 02:45:00+00:00,ADA-USD,15m,0.1761000007390976,0.17659999430179596,0.17579999566078186,0.1761000007390976,0,0,yfinance,2026-07-10T06:58:17.136516+00:00
2026-06-16 03:00:00+00:00,ADA-USD,15m,0.17599999904632568,0.17640000581741333,0.17569999396800995,0.17630000412464142,0,0,yfinance,2026-07-10T06:58:17.136516+00:00
2026-06-16 03:15:00+00:00,ADA-USD,15m,0.17630000412464142,0.17720000445842743,0.17569999396800995,0.17710000276565552,570176,570176,yfinance,2026-07-10T06:58:17.136516+00:00
2026-06-16 03:30:00+00:00,ADA-USD,15m,0.17720000445842743,0.17739999294281006,0.1768999993801117,0.17720000445842743,0,0,yfinance,2026-07-10T06:58:17.136516+00:00
2026-06-16 03:45:00+00:00,ADA-USD,15m,0.17739999294281006,0.17739999294281006,0.1770000010728836,0.17720000445842743,0,0,yfinance,2026-07-10T06:58:17.136516+00:00
2026-06-16 04:00:00+00:00,ADA-USD,15m,0.17720000445842743,0.17730000615119934,0.17659999430179596,0.1768999993801117,0,0,yfinance,2026-07-10T06:58:17.136516+00:00
2026-06-16 04:15:00+00:00,ADA-USD,15m,0.17679999768733978,0.1770000010728836,0.17630000412464142,0.17649999260902405,0,0,yfinance,2026-07-10T06:58:17.136516+00:00
2026-06-16 04:30:00+00:00,ADA-USD,15m,0.17630000412464142,0.17630000412464142,0.17569999396800995,0.17569999396800995,0,0,yfinance,2026-07-10T06:58:17.136516+00:00
2026-06-16 04:45:00+00:00,ADA-USD,15m,0.17579999566078186,0.17599999904632568,0.17560000717639923,0.17589999735355377,0,0,yfinance,2026-07-10T06:58:17.136516+00:00
2026-06-16 05:00:00+00:00,ADA-USD,15m,0.17579999566078186,0.17659999430179596,0.17579999566078186,0.17640000581741333,511104,511104,yfinance,2026-07-10T06:58:17.136516+00:00
2026-06-16 05:15:00+00:00,ADA-USD,15m,0.17630000412464142,0.1768999993801117,0.17599999904632568,0.17679999768733978,467840,467840,yfinance,2026-07-10T06:58:17.136516+00:00
2026-06-16 05:30:00+00:00,ADA-USD,15m,0.17679999768733978,0.17710000276565552,0.17649999260902405,0.1768999993801117,198912,198912,yfinance,2026-07-10T06:58:17.136516+00:00
2026-06-16 05:45:00+00:00,ADA-USD,15m,0.1768999993801117,0.17720000445842743,0.17679999768733978,0.1768999993801117,227776,227776,yfinance,2026-07-10T06:58:17.136516+00:00
2026-06-16 06:00:00+00:00,ADA-USD,15m,0.1768999993801117,0.1777999997138977,0.1768999993801117,0.1776999980211258,272896,272896,yfinance,2026-07-10T06:58:17.136516+00:00
2026-06-16 06:15:00+00:00,ADA-USD,15m,0.17759999632835388,0.17800000309944153,0.17720000445842743,0.17730000615119934,456704,456704,yfinance,2026-07-10T06:58:17.136516+00:00
2026-06-16 06:30:00+00:00,ADA-USD,15m,0.17739999294281006,0.17829999327659607,0.17730000615119934,0.17829999327659607,1815808,1815808,yfinance,2026-07-10T06:58:17.136516+00:00
2026-06-16 06:45:00+00:00,ADA-USD,15m,0.17829999327659607,0.1785999983549118,0.17810000479221344,0.17820000648498535,1152640,1152640,yfinance,2026-07-10T06:58:17.136516+00:00
2026-06-16 07:00:00+00:00,ADA-USD,15m,0.17820000648498535,0.17880000174045563,0.17790000140666962,0.17790000140666962,0,0,yfinance,2026-07-10T06:58:17.136516+00:00
2026-06-16 07:15:00+00:00,ADA-USD,15m,0.1777999997138977,0.17820000648498535,0.17749999463558197,0.17810000479221344,1448512,1448512,yfinance,2026-07-10T06:58:17.136516+00:00
2026-06-16 07:30:00+00:00,ADA-USD,15m,0.17810000479221344,0.17910000681877136,0.17810000479221344,0.17839999496936798,1295104,1295104,yfinance,2026-07-10T06:58:17.136516+00:00
2026-06-16 07:45:00+00:00,ADA-USD,15m,0.17839999496936798,0.17880000174045563,0.17829999327659607,0.1785999983549118,0,0,yfinance,2026-07-10T06:58:17.136516+00:00
2026-06-16 08:00:00+00:00,ADA-USD,15m,0.1785999983549118,0.179299995303154,0.17820000648498535,0.179299995303154,2082880,2082880,yfinance,2026-07-10T06:58:17.136516+00:00
2026-06-16 08:15:00+00:00,ADA-USD,15m,0.179299995303154,0.17980000376701355,0.17890000343322754,0.1793999969959259,3250048,3250048,yfinance,2026-07-10T06:58:17.136516+00:00
2026-06-16 08:30:00+00:00,ADA-USD,15m,0.1793999969959259,0.17980000376701355,0.17890000343322754,0.17980000376701355,1971072,1971072,yfinance,2026-07-10T06:58:17.136516+00:00
2026-06-16 08:45:00+00:00,ADA-USD,15m,0.17980000376701355,0.18129999935626984,0.17949999868869781,0.1808999925851822,3955840,3955840,yfinance,2026-07-10T06:58:17.136516+00:00
2026-06-16 09:00:00+00:00,ADA-USD,15m,0.18080000579357147,0.181099995970726,0.18029999732971191,0.18039999902248383,1069504,1069504,yfinance,2026-07-10T06:58:17.136516+00:00
2026-06-16 09:15:00+00:00,ADA-USD,15m,0.18029999732971191,0.18029999732971191,0.17900000512599945,0.18000000715255737,780544,780544,yfinance,2026-07-10T06:58:17.136516+00:00
2026-06-16 09:30:00+00:00,ADA-USD,15m,0.18000000715255737,0.1800999939441681,0.1793999969959259,0.17990000545978546,0,0,yfinance,2026-07-10T06:58:17.136516+00:00
2026-06-16 09:45:00+00:00,ADA-USD,15m,0.18000000715255737,0.1800999939441681,0.17919999361038208,0.17980000376701355,470400,470400,yfinance,2026-07-10T06:58:17.136516+00:00
2026-06-16 10:00:00+00:00,ADA-USD,15m,0.17990000545978546,0.18000000715255737,0.17919999361038208,0.179299995303154,173504,173504,yfinance,2026-07-10T06:58:17.136516+00:00
2026-06-16 10:15:00+00:00,ADA-USD,15m,0.179299995303154,0.1800999939441681,0.179299995303154,0.1800999939441681,0,0,yfinance,2026-07-10T06:58:17.136516+00:00
2026-06-16 10:30:00+00:00,ADA-USD,15m,0.18000000715255737,0.18039999902248383,0.17980000376701355,0.18000000715255737,0,0,yfinance,2026-07-10T06:58:17.136516+00:00
2026-06-16 10:45:00+00:00,ADA-USD,15m,0.1800999939441681,0.1800999939441681,0.17910000681877136,0.17919999361038208,0,0,yfinance,2026-07-10T06:58:17.136516+00:00
2026-06-16 11:00:00+00:00,ADA-USD,15m,0.17919999361038208,0.17949999868869781,0.17870000004768372,0.17900000512599945,0,0,yfinance,2026-07-10T06:58:17.136516+00:00
2026-06-16 11:15:00+00:00,ADA-USD,15m,0.17910000681877136,0.1793999969959259,0.17839999496936798,0.17870000004768372,0,0,yfinance,2026-07-10T06:58:17.136516+00:00
2026-06-16 11:30:00+00:00,ADA-USD,15m,0.17870000004768372,0.17870000004768372,0.17820000648498535,0.17829999327659607,0,0,yfinance,2026-07-10T06:58:17.136516+00:00
2026-06-16 11:45:00+00:00,ADA-USD,15m,0.17829999327659607,0.17880000174045563,0.17820000648498535,0.17880000174045563,0,0,yfinance,2026-07-10T06:58:17.136516+00:00
2026-06-16 12:00:00+00:00,ADA-USD,15m,0.17880000174045563,0.17970000207424164,0.17839999496936798,0.179299995303154,0,0,yfinance,2026-07-10T06:58:17.136516+00:00
2026-06-16 12:15:00+00:00,ADA-USD,15m,0.17949999868869781,0.18019999563694,0.17949999868869781,0.17990000545978546,0,0,yfinance,2026-07-10T06:58:17.136516+00:00
2026-06-16 12:30:00+00:00,ADA-USD,15m,0.17990000545978546,0.181099995970726,0.17980000376701355,0.18039999902248383,0,0,yfinance,2026-07-10T06:58:17.136516+00:00
2026-06-16 12:45:00+00:00,ADA-USD,15m,0.18029999732971191,0.18029999732971191,0.179299995303154,0.18000000715255737,0,0,yfinance,2026-07-10T06:58:17.136516+00:00
2026-06-16 13:00:00+00:00,ADA-USD,15m,0.18000000715255737,0.1800999939441681,0.1770000010728836,0.17790000140666962,0,0,yfinance,2026-07-10T06:58:17.136516+00:00
2026-06-16 13:15:00+00:00,ADA-USD,15m,0.17800000309944153,0.17820000648498535,0.1768999993801117,0.1770000010728836,0,0,yfinance,2026-07-10T06:58:17.136516+00:00
2026-06-16 13:30:00+00:00,ADA-USD,15m,0.17710000276565552,0.1776999980211258,0.17659999430179596,0.17749999463558197,0,0,yfinance,2026-07-10T06:58:17.136516+00:00
2026-06-16 13:45:00+00:00,ADA-USD,15m,0.17749999463558197,0.17759999632835388,0.17659999430179596,0.17710000276565552,0,0,yfinance,2026-07-10T06:58:17.136516+00:00
2026-06-16 14:00:00+00:00,ADA-USD,15m,0.17710000276565552,0.17749999463558197,0.17669999599456787,0.1768999993801117,0,0,yfinance,2026-07-10T06:58:17.136516+00:00
2026-06-16 14:15:00+00:00,ADA-USD,15m,0.1770000010728836,0.17710000276565552,0.1738000065088272,0.1738000065088272,2332384,2332384,yfinance,2026-07-10T06:58:17.136516+00:00
2026-06-16 14:30:00+00:00,ADA-USD,15m,0.17409999668598175,0.17430000007152557,0.1728000044822693,0.17399999499320984,6092480,6092480,yfinance,2026-07-10T06:58:17.136516+00:00
2026-06-16 14:45:00+00:00,ADA-USD,15m,0.17409999668598175,0.1746000051498413,0.1737000048160553,0.17389999330043793,281440,281440,yfinance,2026-07-10T06:58:17.136516+00:00
2026-06-16 15:00:00+00:00,ADA-USD,15m,0.1738000065088272,0.17470000684261322,0.1738000065088272,0.17470000684261322,0,0,yfinance,2026-07-10T06:58:17.136516+00:00
2026-06-16 15:15:00+00:00,ADA-USD,15m,0.1746000051498413,0.17470000684261322,0.1738000065088272,0.17430000007152557,0,0,yfinance,2026-07-10T06:58:17.136516+00:00
2026-06-16 15:30:00+00:00,ADA-USD,15m,0.17419999837875366,0.1746000051498413,0.1737000048160553,0.1737000048160553,0,0,yfinance,2026-07-10T06:58:17.136516+00:00
2026-06-16 15:45:00+00:00,ADA-USD,15m,0.17350000143051147,0.1745000034570694,0.17319999635219574,0.17399999499320984,0,0,yfinance,2026-07-10T06:58:17.136516+00:00
2026-06-16 16:00:00+00:00,ADA-USD,15m,0.17389999330043793,0.1745000034570694,0.1738000065088272,0.17440000176429749,0,0,yfinance,2026-07-10T06:58:17.136516+00:00
2026-06-16 16:15:00+00:00,ADA-USD,15m,0.17440000176429749,0.17479999363422394,0.17350000143051147,0.1736000031232834,0,0,yfinance,2026-07-10T06:58:17.136516+00:00
2026-06-16 16:30:00+00:00,ADA-USD,15m,0.1737000048160553,0.1738000065088272,0.1728000044822693,0.17350000143051147,388224,388224,yfinance,2026-07-10T06:58:17.136516+00:00
2026-06-16 16:45:00+00:00,ADA-USD,15m,0.17350000143051147,0.17350000143051147,0.17270000278949738,0.17299999296665192,0,0,yfinance,2026-07-10T06:58:17.136516+00:00
2026-06-16 17:00:00+00:00,ADA-USD,15m,0.17299999296665192,0.1737000048160553,0.1729000061750412,0.17329999804496765,0,0,yfinance,2026-07-10T06:58:17.136516+00:00
2026-06-16 17:15:00+00:00,ADA-USD,15m,0.17319999635219574,0.17399999499320984,0.1729000061750412,0.17339999973773956,0,0,yfinance,2026-07-10T06:58:17.136516+00:00
2026-06-16 17:30:00+00:00,ADA-USD,15m,0.17329999804496765,0.1736000031232834,0.17270000278949738,0.17319999635219574,0,0,yfinance,2026-07-10T06:58:17.136516+00:00
2026-06-16 17:45:00+00:00,ADA-USD,15m,0.17319999635219574,0.1746000051498413,0.17299999296665192,0.1745000034570694,1700352,1700352,yfinance,2026-07-10T06:58:17.136516+00:00
2026-06-16 18:00:00+00:00,ADA-USD,15m,0.1746000051498413,0.17640000581741333,0.1746000051498413,0.1761000007390976,2076672,2076672,yfinance,2026-07-10T06:58:17.136516+00:00
2026-06-16 18:15:00+00:00,ADA-USD,15m,0.1761000007390976,0.1761000007390976,0.17479999363422394,0.17489999532699585,752800,752800,yfinance,2026-07-10T06:58:17.136516+00:00
2026-06-16 18:30:00+00:00,ADA-USD,15m,0.17489999532699585,0.17550000548362732,0.17389999330043793,0.17419999837875366,3087904,3087904,yfinance,2026-07-10T06:58:17.136516+00:00
2026-06-16 18:45:00+00:00,ADA-USD,15m,0.17419999837875366,0.17509999871253967,0.17409999668598175,0.17479999363422394,191136,191136,yfinance,2026-07-10T06:58:17.136516+00:00
2026-06-16 19:00:00+00:00,ADA-USD,15m,0.17479999363422394,0.17479999363422394,0.17309999465942383,0.17309999465942383,466432,466432,yfinance,2026-07-10T06:58:17.136516+00:00
2026-06-16 19:15:00+00:00,ADA-USD,15m,0.17319999635219574,0.17319999635219574,0.1720000058412552,0.17299999296665192,1385728,1385728,yfinance,2026-07-10T06:58:17.136516+00:00
2026-06-16 19:30:00+00:00,ADA-USD,15m,0.17309999465942383,0.17389999330043793,0.1729000061750412,0.17350000143051147,635904,635904,yfinance,2026-07-10T06:58:17.136516+00:00
2026-06-16 19:45:00+00:00,ADA-USD,15m,0.17350000143051147,0.1738000065088272,0.17249999940395355,0.17309999465942383,746816,746816,yfinance,2026-07-10T06:58:17.136516+00:00
2026-06-16 20:00:00+00:00,ADA-USD,15m,0.17260000109672546,0.17389999330043793,0.1720999926328659,0.17350000143051147,173792,173792,yfinance,2026-07-10T06:58:17.136516+00:00
2026-06-16 20:15:00+00:00,ADA-USD,15m,0.17350000143051147,0.1746000051498413,0.17350000143051147,0.17440000176429749,563264,563264,yfinance,2026-07-10T06:58:17.136516+00:00
2026-06-16 20:30:00+00:00,ADA-USD,15m,0.17440000176429749,0.17499999701976776,0.17430000007152557,0.17470000684261322,67200,67200,yfinance,2026-07-10T06:58:17.136516+00:00
2026-06-16 20:45:00+00:00,ADA-USD,15m,0.17470000684261322,0.1754000037908554,0.1745000034570694,0.17479999363422394,0,0,yfinance,2026-07-10T06:58:17.136516+00:00
2026-06-16 21:00:00+00:00,ADA-USD,15m,0.17479999363422394,0.17489999532699585,0.17409999668598175,0.17440000176429749,0,0,yfinance,2026-07-10T06:58:17.136516+00:00
2026-06-16 21:15:00+00:00,ADA-USD,15m,0.17440000176429749,0.17440000176429749,0.17339999973773956,0.1736000031232834,0,0,yfinance,2026-07-10T06:58:17.136516+00:00
2026-06-16 21:30:00+00:00,ADA-USD,15m,0.1736000031232834,0.17399999499320984,0.17309999465942383,0.17399999499320984,405440,405440,yfinance,2026-07-10T06:58:17.136516+00:00
2026-06-16 21:45:00+00:00,ADA-USD,15m,0.17399999499320984,0.17419999837875366,0.1736000031232834,0.1737000048160553,347296,347296,yfinance,2026-07-10T06:58:17.136516+00:00
2026-06-16 22:00:00+00:00,ADA-USD,15m,0.1736000031232834,0.17399999499320984,0.17319999635219574,0.17319999635219574,0,0,yfinance,2026-07-10T06:58:17.136516+00:00
2026-06-16 22:15:00+00:00,ADA-USD,15m,0.17329999804496765,0.17350000143051147,0.1729000061750412,0.17329999804496765,1205216,1205216,yfinance,2026-07-10T06:58:17.136516+00:00
2026-06-16 22:30:00+00:00,ADA-USD,15m,0.17319999635219574,0.17329999804496765,0.17270000278949738,0.1729000061750412,0,0,yfinance,2026-07-10T06:58:17.136516+00:00
2026-06-16 22:45:00+00:00,ADA-USD,15m,0.1728000044822693,0.17329999804496765,0.17260000109672546,0.17319999635219574,229088,229088,yfinance,2026-07-10T06:58:17.136516+00:00
2026-06-16 23:00:00+00:00,ADA-USD,15m,0.17329999804496765,0.17350000143051147,0.17249999940395355,0.17260000109672546,1276832,1276832,yfinance,2026-07-10T06:58:17.136516+00:00
2026-06-16 23:15:00+00:00,ADA-USD,15m,0.17260000109672546,0.17270000278949738,0.17190000414848328,0.17229999601840973,735776,735776,yfinance,2026-07-10T06:58:17.136516+00:00
2026-06-16 23:30:00+00:00,ADA-USD,15m,0.17229999601840973,0.1729000061750412,0.17229999601840973,0.17270000278949738,160384,160384,yfinance,2026-07-10T06:58:17.136516+00:00
2026-06-16 23:45:00+00:00,ADA-USD,15m,0.17260000109672546,0.17260000109672546,0.17190000414848328,0.17219999432563782,58144,58144,yfinance,2026-07-10T06:58:17.136516+00:00
2026-06-17 00:00:00+00:00,ADA-USD,15m,0.17249999940395355,0.1728000044822693,0.1720999926328659,0.17239999771118164,0,0,yfinance,2026-07-10T06:58:17.136516+00:00
2026-06-17 00:15:00+00:00,ADA-USD,15m,0.17229999601840973,0.17270000278949738,0.1720999926328659,0.17229999601840973,311968,311968,yfinance,2026-07-10T06:58:17.136516+00:00
2026-06-17 00:30:00+00:00,ADA-USD,15m,0.17229999601840973,0.1728000044822693,0.1720999926328659,0.17270000278949738,1071264,1071264,yfinance,2026-07-10T06:58:17.136516+00:00
2026-06-17 00:45:00+00:00,ADA-USD,15m,0.17270000278949738,0.17319999635219574,0.17170000076293945,0.17190000414848328,746752,746752,yfinance,2026-07-10T06:58:17.136516+00:00
2026-06-17 01:00:00+00:00,ADA-USD,15m,0.17180000245571136,0.17260000109672546,0.17149999737739563,0.17219999432563782,750880,750880,yfinance,2026-07-10T06:58:17.136516+00:00
2026-06-17 01:15:00+00:00,ADA-USD,15m,0.17229999601840973,0.17229999601840973,0.17090000212192535,0.17159999907016754,4467808,4467808,yfinance,2026-07-10T06:58:17.136516+00:00
2026-06-17 01:30:00+00:00,ADA-USD,15m,0.17170000076293945,0.17260000109672546,0.17110000550746918,0.17229999601840973,1965728,1965728,yfinance,2026-07-10T06:58:17.136516+00:00
2026-06-17 01:45:00+00:00,ADA-USD,15m,0.17229999601840973,0.1738000065088272,0.17229999601840973,0.17339999973773956,3381344,3381344,yfinance,2026-07-10T06:58:17.136516+00:00
2026-06-17 02:00:00+00:00,ADA-USD,15m,0.17350000143051147,0.1736000031232834,0.17309999465942383,0.17339999973773956,2086688,2086688,yfinance,2026-07-10T06:58:17.136516+00:00
2026-06-17 02:15:00+00:00,ADA-USD,15m,0.17339999973773956,0.17479999363422394,0.17329999804496765,0.17470000684261322,2171552,2171552,yfinance,2026-07-10T06:58:17.136516+00:00
2026-06-17 02:30:00+00:00,ADA-USD,15m,0.1746000051498413,0.1746000051498413,0.17319999635219574,0.1738000065088272,853152,853152,yfinance,2026-07-10T06:58:17.136516+00:00
2026-06-17 02:45:00+00:00,ADA-USD,15m,0.1738000065088272,0.17430000007152557,0.1736000031232834,0.17430000007152557,119904,119904,yfinance,2026-07-10T06:58:17.136516+00:00
2026-06-17 03:00:00+00:00,ADA-USD,15m,0.17419999837875366,0.17430000007152557,0.17350000143051147,0.17350000143051147,1064960,1064960,yfinance,2026-07-10T06:58:17.136516+00:00
2026-06-17 03:15:00+00:00,ADA-USD,15m,0.17350000143051147,0.17350000143051147,0.17270000278949738,0.17319999635219574,1050464,1050464,yfinance,2026-07-10T06:58:17.136516+00:00
2026-06-17 03:30:00+00:00,ADA-USD,15m,0.17319999635219574,0.1736000031232834,0.17249999940395355,0.17260000109672546,723936,723936,yfinance,2026-07-10T06:58:17.136516+00:00
2026-06-17 03:45:00+00:00,ADA-USD,15m,0.17270000278949738,0.1729000061750412,0.17219999432563782,0.1729000061750412,1143840,1143840,yfinance,2026-07-10T06:58:17.136516+00:00
2026-06-17 04:00:00+00:00,ADA-USD,15m,0.1729000061750412,0.17350000143051147,0.1728000044822693,0.1728000044822693,258208,258208,yfinance,2026-07-10T06:58:17.136516+00:00
2026-06-17 04:15:00+00:00,ADA-USD,15m,0.17270000278949738,0.17299999296665192,0.17239999771118164,0.17299999296665192,20544,20544,yfinance,2026-07-10T06:58:17.136516+00:00
2026-06-17 04:30:00+00:00,ADA-USD,15m,0.1728000044822693,0.17339999973773956,0.17270000278949738,0.1729000061750412,752800,752800,yfinance,2026-07-10T06:58:17.136516+00:00
2026-06-17 04:45:00+00:00,ADA-USD,15m,0.1729000061750412,0.1736000031232834,0.17270000278949738,0.1728000044822693,282784,282784,yfinance,2026-07-10T06:58:17.136516+00:00
2026-06-17 05:00:00+00:00,ADA-USD,15m,0.1728000044822693,0.17299999296665192,0.1720000058412552,0.17239999771118164,310912,310912,yfinance,2026-07-10T06:58:17.136516+00:00
2026-06-17 05:15:00+00:00,ADA-USD,15m,0.17229999601840973,0.17270000278949738,0.17170000076293945,0.17270000278949738,430592,430592,yfinance,2026-07-10T06:58:17.136516+00:00
2026-06-17 05:30:00+00:00,ADA-USD,15m,0.17270000278949738,0.17309999465942383,0.17239999771118164,0.17299999296665192,828640,828640,yfinance,2026-07-10T06:58:17.136516+00:00
2026-06-17 05:45:00+00:00,ADA-USD,15m,0.1729000061750412,0.17309999465942383,0.17219999432563782,0.17239999771118164,268896,268896,yfinance,2026-07-10T06:58:17.136516+00:00
2026-06-17 06:00:00+00:00,ADA-USD,15m,0.17260000109672546,0.1728000044822693,0.17239999771118164,0.17260000109672546,0,0,yfinance,2026-07-10T06:58:17.136516+00:00
2026-06-17 06:15:00+00:00,ADA-USD,15m,0.17260000109672546,0.1728000044822693,0.17170000076293945,0.17170000076293945,15648,15648,yfinance,2026-07-10T06:58:17.136516+00:00
2026-06-17 06:30:00+00:00,ADA-USD,15m,0.17159999907016754,0.17180000245571136,0.17110000550746918,0.17139999568462372,478144,478144,yfinance,2026-07-10T06:58:17.136516+00:00
2026-06-17 06:45:00+00:00,ADA-USD,15m,0.17139999568462372,0.17159999907016754,0.17100000381469727,0.1712999939918518,711456,711456,yfinance,2026-07-10T06:58:17.136516+00:00
2026-06-17 07:00:00+00:00,ADA-USD,15m,0.1712000072002411,0.17170000076293945,0.17069999873638153,0.17159999907016754,1960736,1960736,yfinance,2026-07-10T06:58:17.136516+00:00
2026-06-17 07:15:00+00:00,ADA-USD,15m,0.17159999907016754,0.17190000414848328,0.17080000042915344,0.17080000042915344,263392,263392,yfinance,2026-07-10T06:58:17.136516+00:00
2026-06-17 07:30:00+00:00,ADA-USD,15m,0.17090000212192535,0.17110000550746918,0.17020000517368317,0.17090000212192535,1988960,1988960,yfinance,2026-07-10T06:58:17.136516+00:00
2026-06-17 07:45:00+00:00,ADA-USD,15m,0.17090000212192535,0.1712999939918518,0.17010000348091125,0.17110000550746918,3401216,3401216,yfinance,2026-07-10T06:58:17.136516+00:00
2026-06-17 08:00:00+00:00,ADA-USD,15m,0.17110000550746918,0.17110000550746918,0.16990000009536743,0.17000000178813934,2443520,2443520,yfinance,2026-07-10T06:58:17.136516+00:00
2026-06-17 08:15:00+00:00,ADA-USD,15m,0.17010000348091125,0.17010000348091125,0.16940000653266907,0.16990000009536743,594880,594880,yfinance,2026-07-10T06:58:17.136516+00:00
2026-06-17 08:30:00+00:00,ADA-USD,15m,0.16979999840259552,0.16979999840259552,0.1687999963760376,0.1688999980688095,4989472,4989472,yfinance,2026-07-10T06:58:17.136516+00:00
2026-06-17 08:45:00+00:00,ADA-USD,15m,0.1687999963760376,0.16949999332427979,0.16859999299049377,0.1688999980688095,473120,473120,yfinance,2026-07-10T06:58:17.136516+00:00
2026-06-17 09:00:00+00:00,ADA-USD,15m,0.1687999963760376,0.16910000145435333,0.16859999299049377,0.16910000145435333,1261152,1261152,yfinance,2026-07-10T06:58:17.136516+00:00
2026-06-17 09:15:00+00:00,ADA-USD,15m,0.16910000145435333,0.16940000653266907,0.16850000619888306,0.1687999963760376,0,0,yfinance,2026-07-10T06:58:17.136516+00:00
2026-06-17 09:30:00+00:00,ADA-USD,15m,0.1687999963760376,0.16930000483989716,0.16869999468326569,0.16930000483989716,129408,129408,yfinance,2026-07-10T06:58:17.136516+00:00
2026-06-17 09:45:00+00:00,ADA-USD,15m,0.16930000483989716,0.16949999332427979,0.16859999299049377,0.16899999976158142,948416,948416,yfinance,2026-07-10T06:58:17.136516+00:00
2026-06-17 10:00:00+00:00,ADA-USD,15m,0.16920000314712524,0.1696999967098236,0.16869999468326569,0.16930000483989716,126048,126048,yfinance,2026-07-10T06:58:17.136516+00:00
2026-06-17 10:15:00+00:00,ADA-USD,15m,0.16940000653266907,0.16940000653266907,0.1687999963760376,0.16920000314712524,609216,609216,yfinance,2026-07-10T06:58:17.136516+00:00
2026-06-17 10:30:00+00:00,ADA-USD,15m,0.16920000314712524,0.16949999332427979,0.1687999963760376,0.16899999976158142,175072,175072,yfinance,2026-07-10T06:58:17.136516+00:00
2026-06-17 10:45:00+00:00,ADA-USD,15m,0.16899999976158142,0.16940000653266907,0.1688999980688095,0.1688999980688095,0,0,yfinance,2026-07-10T06:58:17.136516+00:00
2026-06-17 11:00:00+00:00,ADA-USD,15m,0.16910000145435333,0.16920000314712524,0.16750000417232513,0.16859999299049377,3017408,3017408,yfinance,2026-07-10T06:58:17.136516+00:00
2026-06-17 11:15:00+00:00,ADA-USD,15m,0.16859999299049377,0.1687999963760376,0.1680999994277954,0.1687999963760376,735488,735488,yfinance,2026-07-10T06:58:17.136516+00:00
2026-06-17 11:30:00+00:00,ADA-USD,15m,0.16869999468326569,0.16910000145435333,0.16840000450611115,0.16910000145435333,1113280,1113280,yfinance,2026-07-10T06:58:17.136516+00:00
2026-06-17 11:45:00+00:00,ADA-USD,15m,0.16910000145435333,0.16930000483989716,0.16869999468326569,0.16869999468326569,782720,782720,yfinance,2026-07-10T06:58:17.136516+00:00
2026-06-17 12:00:00+00:00,ADA-USD,15m,0.16869999468326569,0.16899999976158142,0.16830000281333923,0.16899999976158142,169248,169248,yfinance,2026-07-10T06:58:17.136516+00:00
2026-06-17 12:15:00+00:00,ADA-USD,15m,0.16899999976158142,0.16910000145435333,0.16760000586509705,0.16769999265670776,1490368,1490368,yfinance,2026-07-10T06:58:17.136516+00:00
2026-06-17 12:30:00+00:00,ADA-USD,15m,0.16769999265670776,0.16899999976158142,0.16740000247955322,0.16899999976158142,598816,598816,yfinance,2026-07-10T06:58:17.136516+00:00
2026-06-17 12:45:00+00:00,ADA-USD,15m,0.16899999976158142,0.16940000653266907,0.16869999468326569,0.16930000483989716,606240,606240,yfinance,2026-07-10T06:58:17.136516+00:00
2026-06-17 13:00:00+00:00,ADA-USD,15m,0.16920000314712524,0.16940000653266907,0.1688999980688095,0.16920000314712524,1016192,1016192,yfinance,2026-07-10T06:58:17.136516+00:00
2026-06-17 13:15:00+00:00,ADA-USD,15m,0.16910000145435333,0.16930000483989716,0.16830000281333923,0.16859999299049377,0,0,yfinance,2026-07-10T06:58:17.136516+00:00
2026-06-17 13:30:00+00:00,ADA-USD,15m,0.16840000450611115,0.16930000483989716,0.16820000112056732,0.16920000314712524,5723648,5723648,yfinance,2026-07-10T06:58:17.136516+00:00
2026-06-17 13:45:00+00:00,ADA-USD,15m,0.16910000145435333,0.16949999332427979,0.1680999994277954,0.16820000112056732,4325312,4325312,yfinance,2026-07-10T06:58:17.136516+00:00
2026-06-17 14:00:00+00:00,ADA-USD,15m,0.1679999977350235,0.16869999468326569,0.16750000417232513,0.16859999299049377,1895136,1895136,yfinance,2026-07-10T06:58:17.136516+00:00
2026-06-17 14:15:00+00:00,ADA-USD,15m,0.1687999963760376,0.16920000314712524,0.16830000281333923,0.1687999963760376,2551904,2551904,yfinance,2026-07-10T06:58:17.136516+00:00
2026-06-17 14:30:00+00:00,ADA-USD,15m,0.1688999980688095,0.16899999976158142,0.16820000112056732,0.16859999299049377,0,0,yfinance,2026-07-10T06:58:17.136516+00:00
2026-06-17 14:45:00+00:00,ADA-USD,15m,0.16859999299049377,0.16869999468326569,0.1670999974012375,0.1679999977350235,4628512,4628512,yfinance,2026-07-10T06:58:17.136516+00:00
2026-06-17 15:00:00+00:00,ADA-USD,15m,0.1678999960422516,0.16850000619888306,0.16769999265670776,0.16840000450611115,588544,588544,yfinance,2026-07-10T06:58:17.136516+00:00
2026-06-17 15:15:00+00:00,ADA-USD,15m,0.16830000281333923,0.16910000145435333,0.16820000112056732,0.16899999976158142,2917408,2917408,yfinance,2026-07-10T06:58:17.136516+00:00
2026-06-17 15:30:00+00:00,ADA-USD,15m,0.16899999976158142,0.1695999950170517,0.16869999468326569,0.16920000314712524,4501408,4501408,yfinance,2026-07-10T06:58:17.136516+00:00
2026-06-17 15:45:00+00:00,ADA-USD,15m,0.16940000653266907,0.17139999568462372,0.16920000314712524,0.1712999939918518,3480512,3480512,yfinance,2026-07-10T06:58:17.136516+00:00
2026-06-17 16:00:00+00:00,ADA-USD,15m,0.17139999568462372,0.17149999737739563,0.17069999873638153,0.1712999939918518,2961216,2961216,yfinance,2026-07-10T06:58:17.136516+00:00
2026-06-17 16:15:00+00:00,ADA-USD,15m,0.1712000072002411,0.1728000044822693,0.17080000042915344,0.17260000109672546,1697120,1697120,yfinance,2026-07-10T06:58:17.136516+00:00
2026-06-17 16:30:00+00:00,ADA-USD,15m,0.17260000109672546,0.17260000109672546,0.1712000072002411,0.17139999568462372,2362272,2362272,yfinance,2026-07-10T06:58:17.136516+00:00
2026-06-17 16:45:00+00:00,ADA-USD,15m,0.1712999939918518,0.17139999568462372,0.17059999704360962,0.17090000212192535,722976,722976,yfinance,2026-07-10T06:58:17.136516+00:00
2026-06-17 17:00:00+00:00,ADA-USD,15m,0.17090000212192535,0.17110000550746918,0.17030000686645508,0.1703999936580658,1930240,1930240,yfinance,2026-07-10T06:58:17.136516+00:00
2026-06-17 17:15:00+00:00,ADA-USD,15m,0.1703999936580658,0.17170000076293945,0.17030000686645508,0.17170000076293945,1074816,1074816,yfinance,2026-07-10T06:58:17.136516+00:00
2026-06-17 17:30:00+00:00,ADA-USD,15m,0.17170000076293945,0.1720000058412552,0.17059999704360962,0.17080000042915344,1120000,1120000,yfinance,2026-07-10T06:58:17.136516+00:00
2026-06-17 17:45:00+00:00,ADA-USD,15m,0.17080000042915344,0.17229999601840973,0.17030000686645508,0.1720000058412552,2248576,2248576,yfinance,2026-07-10T06:58:17.136516+00:00
2026-06-17 18:00:00+00:00,ADA-USD,15m,0.1720000058412552,0.1720000058412552,0.16740000247955322,0.16899999976158142,15251136,15251136,yfinance,2026-07-10T06:58:17.136516+00:00
2026-06-17 18:15:00+00:00,ADA-USD,15m,0.16910000145435333,0.16920000314712524,0.1680999994277954,0.16850000619888306,1880064,1880064,yfinance,2026-07-10T06:58:17.136516+00:00
2026-06-17 18:30:00+00:00,ADA-USD,15m,0.16859999299049377,0.17170000076293945,0.1679999977350235,0.17159999907016754,4656864,4656864,yfinance,2026-07-10T06:58:17.136516+00:00
2026-06-17 18:45:00+00:00,ADA-USD,15m,0.1712000072002411,0.17149999737739563,0.16920000314712524,0.1696999967098236,5645536,5645536,yfinance,2026-07-10T06:58:17.136516+00:00
2026-06-17 19:00:00+00:00,ADA-USD,15m,0.1696999967098236,0.17000000178813934,0.16830000281333923,0.16990000009536743,848480,848480,yfinance,2026-07-10T06:58:17.136516+00:00
2026-06-17 19:15:00+00:00,ADA-USD,15m,0.1696999967098236,0.16979999840259552,0.1656000018119812,0.1662999987602234,2411328,2411328,yfinance,2026-07-10T06:58:17.136516+00:00
2026-06-17 19:30:00+00:00,ADA-USD,15m,0.1664000004529953,0.1670999974012375,0.1648000031709671,0.16519999504089355,3776800,3776800,yfinance,2026-07-10T06:58:17.136516+00:00
2026-06-17 19:45:00+00:00,ADA-USD,15m,0.16539999842643738,0.1665000021457672,0.16500000655651093,0.1655000001192093,13188064,13188064,yfinance,2026-07-10T06:58:17.136516+00:00
2026-06-17 20:00:00+00:00,ADA-USD,15m,0.16529999673366547,0.16680000722408295,0.16509999334812164,0.16609999537467957,2877408,2877408,yfinance,2026-07-10T06:58:17.136516+00:00
2026-06-17 20:15:00+00:00,ADA-USD,15m,0.16609999537467957,0.1670999974012375,0.16609999537467957,0.16680000722408295,1264480,1264480,yfinance,2026-07-10T06:58:17.136516+00:00
2026-06-17 20:30:00+00:00,ADA-USD,15m,0.16680000722408295,0.16740000247955322,0.16590000689029694,0.16609999537467957,0,0,yfinance,2026-07-10T06:58:17.136516+00:00
2026-06-17 20:45:00+00:00,ADA-USD,15m,0.16590000689029694,0.1671999990940094,0.16580000519752502,0.1671999990940094,0,0,yfinance,2026-07-10T06:58:17.136516+00:00
2026-06-17 21:00:00+00:00,ADA-USD,15m,0.1671999990940094,0.1671999990940094,0.16660000383853912,0.16660000383853912,914496,914496,yfinance,2026-07-10T06:58:17.136516+00:00
2026-06-17 21:15:00+00:00,ADA-USD,15m,0.1665000021457672,0.1670999974012375,0.1664000004529953,0.16670000553131104,0,0,yfinance,2026-07-10T06:58:17.136516+00:00
2026-06-17 21:30:00+00:00,ADA-USD,15m,0.1665000021457672,0.1670999974012375,0.16609999537467957,0.16609999537467957,30048,30048,yfinance,2026-07-10T06:58:17.136516+00:00
2026-06-17 21:45:00+00:00,ADA-USD,15m,0.16609999537467957,0.16619999706745148,0.1655000001192093,0.16599999368190765,267392,267392,yfinance,2026-07-10T06:58:17.136516+00:00
2026-06-17 22:00:00+00:00,ADA-USD,15m,0.16609999537467957,0.16609999537467957,0.16369999945163727,0.16539999842643738,6980640,6980640,yfinance,2026-07-10T06:58:17.136516+00:00
2026-06-17 22:15:00+00:00,ADA-USD,15m,0.16539999842643738,0.16670000553131104,0.16539999842643738,0.16670000553131104,897312,897312,yfinance,2026-07-10T06:58:17.136516+00:00
2026-06-17 22:30:00+00:00,ADA-USD,15m,0.1665000021457672,0.1670999974012375,0.1664000004529953,0.1665000021457672,2890944,2890944,yfinance,2026-07-10T06:58:17.136516+00:00
2026-06-17 22:45:00+00:00,ADA-USD,15m,0.1665000021457672,0.1670999974012375,0.1664000004529953,0.1665000021457672,538784,538784,yfinance,2026-07-10T06:58:17.136516+00:00
2026-06-17 23:00:00+00:00,ADA-USD,15m,0.1664000004529953,0.1670999974012375,0.1664000004529953,0.1665000021457672,0,0,yfinance,2026-07-10T06:58:17.136516+00:00
2026-06-17 23:15:00+00:00,ADA-USD,15m,0.1665000021457672,0.1671999990940094,0.1665000021457672,0.16680000722408295,0,0,yfinance,2026-07-10T06:58:17.136516+00:00
2026-06-17 23:30:00+00:00,ADA-USD,15m,0.16670000553131104,0.16680000722408295,0.1662999987602234,0.16660000383853912,445344,445344,yfinance,2026-07-10T06:58:17.136516+00:00
2026-06-17 23:45:00+00:00,ADA-USD,15m,0.1664000004529953,0.16689999401569366,0.16619999706745148,0.16670000553131104,89184,89184,yfinance,2026-07-10T06:58:17.136516+00:00
2026-06-18 00:00:00+00:00,ADA-USD,15m,0.16670000553131104,0.16750000417232513,0.16660000383853912,0.1673000007867813,0,0,yfinance,2026-07-10T06:58:17.136516+00:00
2026-06-18 00:15:00+00:00,ADA-USD,15m,0.1673000007867813,0.16740000247955322,0.16689999401569366,0.1671999990940094,0,0,yfinance,2026-07-10T06:58:17.136516+00:00
2026-06-18 00:30:00+00:00,ADA-USD,15m,0.1671999990940094,0.16769999265670776,0.1670999974012375,0.16740000247955322,87424,87424,yfinance,2026-07-10T06:58:17.136516+00:00
2026-06-18 00:45:00+00:00,ADA-USD,15m,0.16750000417232513,0.16769999265670776,0.16689999401569366,0.16699999570846558,0,0,yfinance,2026-07-10T06:58:17.136516+00:00
2026-06-18 01:00:00+00:00,ADA-USD,15m,0.16699999570846558,0.16820000112056732,0.16699999570846558,0.1679999977350235,0,0,yfinance,2026-07-10T06:58:17.136516+00:00
2026-06-18 01:15:00+00:00,ADA-USD,15m,0.1679999977350235,0.16820000112056732,0.16779999434947968,0.1679999977350235,0,0,yfinance,2026-07-10T06:58:17.136516+00:00
2026-06-18 01:30:00+00:00,ADA-USD,15m,0.1680999994277954,0.16830000281333923,0.16750000417232513,0.16769999265670776,0,0,yfinance,2026-07-10T06:58:17.136516+00:00
2026-06-18 01:45:00+00:00,ADA-USD,15m,0.16760000586509705,0.1679999977350235,0.16740000247955322,0.16779999434947968,0,0,yfinance,2026-07-10T06:58:17.136516+00:00
2026-06-18 02:00:00+00:00,ADA-USD,15m,0.16779999434947968,0.16830000281333923,0.16769999265670776,0.16779999434947968,0,0,yfinance,2026-07-10T06:58:17.136516+00:00
2026-06-18 02:15:00+00:00,ADA-USD,15m,0.16769999265670776,0.16859999299049377,0.16750000417232513,0.16850000619888306,0,0,yfinance,2026-07-10T06:58:17.136516+00:00
2026-06-18 02:30:00+00:00,ADA-USD,15m,0.16859999299049377,0.16869999468326569,0.1680999994277954,0.16850000619888306,0,0,yfinance,2026-07-10T06:58:17.136516+00:00
2026-06-18 02:45:00+00:00,ADA-USD,15m,0.16850000619888306,0.16859999299049377,0.16820000112056732,0.16840000450611115,501824,501824,yfinance,2026-07-10T06:58:17.136516+00:00
2026-06-18 03:00:00+00:00,ADA-USD,15m,0.16840000450611115,0.16850000619888306,0.1679999977350235,0.1680999994277954,0,0,yfinance,2026-07-10T06:58:17.136516+00:00
2026-06-18 03:15:00+00:00,ADA-USD,15m,0.1679999977350235,0.1679999977350235,0.16660000383853912,0.16680000722408295,0,0,yfinance,2026-07-10T06:58:17.136516+00:00
2026-06-18 03:30:00+00:00,ADA-USD,15m,0.16680000722408295,0.16699999570846558,0.1664000004529953,0.16660000383853912,81696,81696,yfinance,2026-07-10T06:58:17.136516+00:00
2026-06-18 03:45:00+00:00,ADA-USD,15m,0.16660000383853912,0.1670999974012375,0.16660000383853912,0.16670000553131104,699840,699840,yfinance,2026-07-10T06:58:17.136516+00:00
2026-06-18 04:00:00+00:00,ADA-USD,15m,0.16670000553131104,0.16680000722408295,0.16519999504089355,0.1657000035047531,2040800,2040800,yfinance,2026-07-10T06:58:17.136516+00:00
2026-06-18 04:15:00+00:00,ADA-USD,15m,0.16580000519752502,0.16619999706745148,0.16509999334812164,0.1657000035047531,2319008,2319008,yfinance,2026-07-10T06:58:17.136516+00:00
2026-06-18 04:30:00+00:00,ADA-USD,15m,0.1657000035047531,0.16580000519752502,0.16539999842643738,0.1655000001192093,0,0,yfinance,2026-07-10T06:58:17.136516+00:00
2026-06-18 04:45:00+00:00,ADA-USD,15m,0.1655000001192093,0.1657000035047531,0.16519999504089355,0.16529999673366547,98688,98688,yfinance,2026-07-10T06:58:17.136516+00:00
2026-06-18 05:00:00+00:00,ADA-USD,15m,0.16529999673366547,0.16529999673366547,0.164000004529953,0.16439999639987946,2863808,2863808,yfinance,2026-07-10T06:58:17.136516+00:00
2026-06-18 05:15:00+00:00,ADA-USD,15m,0.16449999809265137,0.1648000031709671,0.16439999639987946,0.16459999978542328,1586432,1586432,yfinance,2026-07-10T06:58:17.136516+00:00
2026-06-18 05:30:00+00:00,ADA-USD,15m,0.16459999978542328,0.164900004863739,0.16380000114440918,0.16429999470710754,1186976,1186976,yfinance,2026-07-10T06:58:17.136516+00:00
2026-06-18 05:45:00+00:00,ADA-USD,15m,0.16429999470710754,0.164900004863739,0.16410000622272491,0.164900004863739,1284864,1284864,yfinance,2026-07-10T06:58:17.136516+00:00
2026-06-18 06:00:00+00:00,ADA-USD,15m,0.1647000014781952,0.16519999504089355,0.16439999639987946,0.16459999978542328,401280,401280,yfinance,2026-07-10T06:58:17.136516+00:00
2026-06-18 06:15:00+00:00,ADA-USD,15m,0.1647000014781952,0.164900004863739,0.16419999301433563,0.16459999978542328,58112,58112,yfinance,2026-07-10T06:58:17.136516+00:00
2026-06-18 06:30:00+00:00,ADA-USD,15m,0.16459999978542328,0.16509999334812164,0.16459999978542328,0.16509999334812164,0,0,yfinance,2026-07-10T06:58:17.136516+00:00
2026-06-18 06:45:00+00:00,ADA-USD,15m,0.16509999334812164,0.1655000001192093,0.164900004863739,0.16539999842643738,81472,81472,yfinance,2026-07-10T06:58:17.136516+00:00
2026-06-18 07:00:00+00:00,ADA-USD,15m,0.16539999842643738,0.16539999842643738,0.1648000031709671,0.164900004863739,0,0,yfinance,2026-07-10T06:58:17.136516+00:00
2026-06-18 07:15:00+00:00,ADA-USD,15m,0.16509999334812164,0.16660000383853912,0.16509999334812164,0.16660000383853912,535168,535168,yfinance,2026-07-10T06:58:17.136516+00:00
2026-06-18 07:30:00+00:00,ADA-USD,15m,0.16660000383853912,0.16689999401569366,0.16619999706745148,0.16680000722408295,0,0,yfinance,2026-07-10T06:58:17.136516+00:00
2026-06-18 07:45:00+00:00,ADA-USD,15m,0.16670000553131104,0.1670999974012375,0.1664000004529953,0.16660000383853912,993120,993120,yfinance,2026-07-10T06:58:17.136516+00:00
2026-06-18 08:00:00+00:00,ADA-USD,15m,0.16670000553131104,0.16699999570846558,0.16609999537467957,0.16670000553131104,0,0,yfinance,2026-07-10T06:58:17.136516+00:00
2026-06-18 08:15:00+00:00,ADA-USD,15m,0.16680000722408295,0.1670999974012375,0.16670000553131104,0.16699999570846558,0,0,yfinance,2026-07-10T06:58:17.136516+00:00
2026-06-18 08:30:00+00:00,ADA-USD,15m,0.1670999974012375,0.16740000247955322,0.16680000722408295,0.16689999401569366,0,0,yfinance,2026-07-10T06:58:17.136516+00:00
2026-06-18 08:45:00+00:00,ADA-USD,15m,0.16699999570846558,0.1671999990940094,0.1665000021457672,0.1665000021457672,0,0,yfinance,2026-07-10T06:58:17.136516+00:00
2026-06-18 09:00:00+00:00,ADA-USD,15m,0.1665000021457672,0.16680000722408295,0.16619999706745148,0.16680000722408295,0,0,yfinance,2026-07-10T06:58:17.136516+00:00
2026-06-18 09:15:00+00:00,ADA-USD,15m,0.16680000722408295,0.1673000007867813,0.1664000004529953,0.1664000004529953,0,0,yfinance,2026-07-10T06:58:17.136516+00:00
2026-06-18 09:30:00+00:00,ADA-USD,15m,0.1664000004529953,0.1670999974012375,0.16619999706745148,0.1670999974012375,232576,232576,yfinance,2026-07-10T06:58:17.136516+00:00
2026-06-18 09:45:00+00:00,ADA-USD,15m,0.1673000007867813,0.16740000247955322,0.16680000722408295,0.1670999974012375,446560,446560,yfinance,2026-07-10T06:58:17.136516+00:00
2026-06-18 10:00:00+00:00,ADA-USD,15m,0.1670999974012375,0.1670999974012375,0.16599999368190765,0.16599999368190765,574144,574144,yfinance,2026-07-10T06:58:17.136516+00:00
2026-06-18 10:15:00+00:00,ADA-USD,15m,0.16590000689029694,0.1665000021457672,0.16590000689029694,0.1665000021457672,949280,949280,yfinance,2026-07-10T06:58:17.136516+00:00
2026-06-18 10:30:00+00:00,ADA-USD,15m,0.1665000021457672,0.16680000722408295,0.16619999706745148,0.16619999706745148,974560,974560,yfinance,2026-07-10T06:58:17.136516+00:00
2026-06-18 10:45:00+00:00,ADA-USD,15m,0.1662999987602234,0.1670999974012375,0.1662999987602234,0.1664000004529953,953888,953888,yfinance,2026-07-10T06:58:17.136516+00:00
2026-06-18 11:00:00+00:00,ADA-USD,15m,0.1664000004529953,0.16670000553131104,0.1657000035047531,0.16599999368190765,0,0,yfinance,2026-07-10T06:58:17.136516+00:00
2026-06-18 11:15:00+00:00,ADA-USD,15m,0.16599999368190765,0.16609999537467957,0.164900004863739,0.16519999504089355,1130144,1130144,yfinance,2026-07-10T06:58:17.136516+00:00
2026-06-18 11:30:00+00:00,ADA-USD,15m,0.16529999673366547,0.1656000018119812,0.16459999978542328,0.164900004863739,418784,418784,yfinance,2026-07-10T06:58:17.136516+00:00
2026-06-18 11:45:00+00:00,ADA-USD,15m,0.164900004863739,0.16509999334812164,0.16449999809265137,0.164900004863739,1204512,1204512,yfinance,2026-07-10T06:58:17.136516+00:00
2026-06-18 12:00:00+00:00,ADA-USD,15m,0.16500000655651093,0.16500000655651093,0.1647000014781952,0.16500000655651093,350176,350176,yfinance,2026-07-10T06:58:17.136516+00:00
2026-06-18 12:15:00+00:00,ADA-USD,15m,0.16500000655651093,0.16580000519752502,0.16500000655651093,0.16580000519752502,418208,418208,yfinance,2026-07-10T06:58:17.136516+00:00
2026-06-18 12:30:00+00:00,ADA-USD,15m,0.16599999368190765,0.16609999537467957,0.16519999504089355,0.1657000035047531,186720,186720,yfinance,2026-07-10T06:58:17.136516+00:00
2026-06-18 12:45:00+00:00,ADA-USD,15m,0.16580000519752502,0.16590000689029694,0.16539999842643738,0.16580000519752502,0,0,yfinance,2026-07-10T06:58:17.136516+00:00
2026-06-18 13:00:00+00:00,ADA-USD,15m,0.16580000519752502,0.16609999537467957,0.1655000001192093,0.16580000519752502,5664,5664,yfinance,2026-07-10T06:58:17.136516+00:00
2026-06-18 13:15:00+00:00,ADA-USD,15m,0.16580000519752502,0.1662999987602234,0.1655000001192093,0.16619999706745148,18368,18368,yfinance,2026-07-10T06:58:17.136516+00:00
2026-06-18 13:30:00+00:00,ADA-USD,15m,0.16609999537467957,0.16619999706745148,0.16380000114440918,0.16380000114440918,0,0,yfinance,2026-07-10T06:58:17.136516+00:00
2026-06-18 13:45:00+00:00,ADA-USD,15m,0.16380000114440918,0.16529999673366547,0.16359999775886536,0.1647000014781952,464320,464320,yfinance,2026-07-10T06:58:17.136516+00:00
2026-06-18 14:00:00+00:00,ADA-USD,15m,0.1647000014781952,0.16500000655651093,0.16419999301433563,0.16429999470710754,0,0,yfinance,2026-07-10T06:58:17.136516+00:00
2026-06-18 14:15:00+00:00,ADA-USD,15m,0.1639000028371811,0.16599999368190765,0.1639000028371811,0.16509999334812164,5792,5792,yfinance,2026-07-10T06:58:17.136516+00:00
2026-06-18 14:30:00+00:00,ADA-USD,15m,0.164900004863739,0.1655000001192093,0.16439999639987946,0.16459999978542328,101792,101792,yfinance,2026-07-10T06:58:17.136516+00:00
2026-06-18 14:45:00+00:00,ADA-USD,15m,0.16459999978542328,0.16509999334812164,0.16380000114440918,0.16449999809265137,0,0,yfinance,2026-07-10T06:58:17.136516+00:00
2026-06-18 15:00:00+00:00,ADA-USD,15m,0.16449999809265137,0.16449999809265137,0.16339999437332153,0.16359999775886536,0,0,yfinance,2026-07-10T06:58:17.136516+00:00
2026-06-18 15:15:00+00:00,ADA-USD,15m,0.16349999606609344,0.16369999945163727,0.16200000047683716,0.16220000386238098,6529664,6529664,yfinance,2026-07-10T06:58:17.136516+00:00
2026-06-18 15:30:00+00:00,ADA-USD,15m,0.16210000216960907,0.16269999742507935,0.1606999933719635,0.16089999675750732,5087168,5087168,yfinance,2026-07-10T06:58:17.136516+00:00
2026-06-18 15:45:00+00:00,ADA-USD,15m,0.16089999675750732,0.16130000352859497,0.15970000624656677,0.16019999980926514,3747904,3747904,yfinance,2026-07-10T06:58:17.136516+00:00
2026-06-18 16:00:00+00:00,ADA-USD,15m,0.1599999964237213,0.16140000522136688,0.1599999964237213,0.16110000014305115,2991776,2991776,yfinance,2026-07-10T06:58:17.136516+00:00
2026-06-18 16:15:00+00:00,ADA-USD,15m,0.16099999845027924,0.16120000183582306,0.1599999964237213,0.1606999933719635,906688,906688,yfinance,2026-07-10T06:58:17.136516+00:00
2026-06-18 16:30:00+00:00,ADA-USD,15m,0.16050000488758087,0.16110000014305115,0.16009999811649323,0.16099999845027924,0,0,yfinance,2026-07-10T06:58:17.136516+00:00
2026-06-18 16:45:00+00:00,ADA-USD,15m,0.16089999675750732,0.16220000386238098,0.16089999675750732,0.16210000216960907,1686816,1686816,yfinance,2026-07-10T06:58:17.136516+00:00
2026-06-18 17:00:00+00:00,ADA-USD,15m,0.16220000386238098,0.16220000386238098,0.1606999933719635,0.16099999845027924,0,0,yfinance,2026-07-10T06:58:17.136516+00:00
2026-06-18 17:15:00+00:00,ADA-USD,15m,0.16099999845027924,0.16140000522136688,0.16009999811649323,0.16089999675750732,378016,378016,yfinance,2026-07-10T06:58:17.136516+00:00
2026-06-18 17:30:00+00:00,ADA-USD,15m,0.16099999845027924,0.16179999709129333,0.1606999933719635,0.16120000183582306,4620544,4620544,yfinance,2026-07-10T06:58:17.136516+00:00
2026-06-18 17:45:00+00:00,ADA-USD,15m,0.16110000014305115,0.1615000069141388,0.1606999933719635,0.16120000183582306,0,0,yfinance,2026-07-10T06:58:17.136516+00:00
2026-06-18 18:00:00+00:00,ADA-USD,15m,0.16140000522136688,0.16140000522136688,0.1607999950647354,0.16099999845027924,0,0,yfinance,2026-07-10T06:58:17.136516+00:00
2026-06-18 18:15:00+00:00,ADA-USD,15m,0.16099999845027924,0.16210000216960907,0.1606999933719635,0.16189999878406525,142464,142464,yfinance,2026-07-10T06:58:17.136516+00:00
2026-06-18 18:30:00+00:00,ADA-USD,15m,0.16189999878406525,0.16220000386238098,0.16140000522136688,0.16220000386238098,0,0,yfinance,2026-07-10T06:58:17.136516+00:00
2026-06-18 18:45:00+00:00,ADA-USD,15m,0.16220000386238098,0.16259999573230743,0.16179999709129333,0.16210000216960907,0,0,yfinance,2026-07-10T06:58:17.136516+00:00
2026-06-18 19:00:00+00:00,ADA-USD,15m,0.16200000047683716,0.16210000216960907,0.16120000183582306,0.1615000069141388,0,0,yfinance,2026-07-10T06:58:17.136516+00:00
2026-06-18 19:15:00+00:00,ADA-USD,15m,0.1615999937057495,0.16249999403953552,0.1615999937057495,0.1623000055551529,0,0,yfinance,2026-07-10T06:58:17.136516+00:00
2026-06-18 19:30:00+00:00,ADA-USD,15m,0.1623000055551529,0.16300000250339508,0.16210000216960907,0.16290000081062317,0,0,yfinance,2026-07-10T06:58:17.136516+00:00
2026-06-18 19:45:00+00:00,ADA-USD,15m,0.16300000250339508,0.1632000058889389,0.16279999911785126,0.16290000081062317,0,0,yfinance,2026-07-10T06:58:17.136516+00:00
2026-06-18 20:00:00+00:00,ADA-USD,15m,0.16290000081062317,0.16369999945163727,0.16290000081062317,0.16339999437332153,0,0,yfinance,2026-07-10T06:58:17.136516+00:00
2026-06-18 20:15:00+00:00,ADA-USD,15m,0.16339999437332153,0.1639000028371811,0.16329999268054962,0.16380000114440918,0,0,yfinance,2026-07-10T06:58:17.136516+00:00
2026-06-18 20:30:00+00:00,ADA-USD,15m,0.16380000114440918,0.1639000028371811,0.16329999268054962,0.16339999437332153,189088,189088,yfinance,2026-07-10T06:58:17.136516+00:00
2026-06-18 20:45:00+00:00,ADA-USD,15m,0.16339999437332153,0.16349999606609344,0.16300000250339508,0.16329999268054962,47072,47072,yfinance,2026-07-10T06:58:17.136516+00:00
2026-06-18 21:00:00+00:00,ADA-USD,15m,0.16329999268054962,0.16339999437332153,0.16259999573230743,0.16269999742507935,13152,13152,yfinance,2026-07-10T06:58:17.136516+00:00
2026-06-18 21:15:00+00:00,ADA-USD,15m,0.16259999573230743,0.16290000081062317,0.16220000386238098,0.16279999911785126,0,0,yfinance,2026-07-10T06:58:17.136516+00:00
2026-06-18 21:30:00+00:00,ADA-USD,15m,0.16279999911785126,0.163100004196167,0.16249999403953552,0.16269999742507935,0,0,yfinance,2026-07-10T06:58:17.136516+00:00
2026-06-18 21:45:00+00:00,ADA-USD,15m,0.16269999742507935,0.1632000058889389,0.16259999573230743,0.163100004196167,0,0,yfinance,2026-07-10T06:58:17.136516+00:00
2026-06-18 22:00:00+00:00,ADA-USD,15m,0.16290000081062317,0.163100004196167,0.16259999573230743,0.16279999911785126,0,0,yfinance,2026-07-10T06:58:17.136516+00:00
2026-06-18 22:15:00+00:00,ADA-USD,15m,0.16269999742507935,0.16279999911785126,0.1624000072479248,0.16259999573230743,0,0,yfinance,2026-07-10T06:58:17.136516+00:00
2026-06-18 22:30:00+00:00,ADA-USD,15m,0.16259999573230743,0.16269999742507935,0.16220000386238098,0.16269999742507935,0,0,yfinance,2026-07-10T06:58:17.136516+00:00
2026-06-18 22:45:00+00:00,ADA-USD,15m,0.16269999742507935,0.1632000058889389,0.16259999573230743,0.16279999911785126,62176,62176,yfinance,2026-07-10T06:58:17.136516+00:00
2026-06-18 23:00:00+00:00,ADA-USD,15m,0.16279999911785126,0.16290000081062317,0.1624000072479248,0.1624000072479248,0,0,yfinance,2026-07-10T06:58:17.136516+00:00
2026-06-18 23:15:00+00:00,ADA-USD,15m,0.1624000072479248,0.16290000081062317,0.1624000072479248,0.16290000081062317,0,0,yfinance,2026-07-10T06:58:17.136516+00:00
2026-06-18 23:30:00+00:00,ADA-USD,15m,0.16300000250339508,0.16329999268054962,0.16279999911785126,0.1632000058889389,0,0,yfinance,2026-07-10T06:58:17.136516+00:00
2026-06-18 23:45:00+00:00,ADA-USD,15m,0.163100004196167,0.16369999945163727,0.16300000250339508,0.16349999606609344,0,0,yfinance,2026-07-10T06:58:17.136516+00:00
2026-06-19 00:00:00+00:00,ADA-USD,15m,0.16339999437332153,0.16359999775886536,0.1632000058889389,0.16329999268054962,0,0,yfinance,2026-07-10T06:58:17.136516+00:00
2026-06-19 00:15:00+00:00,ADA-USD,15m,0.16329999268054962,0.164000004529953,0.1632000058889389,0.16380000114440918,479744,479744,yfinance,2026-07-10T06:58:17.136516+00:00
2026-06-19 00:30:00+00:00,ADA-USD,15m,0.16380000114440918,0.16410000622272491,0.16369999945163727,0.16410000622272491,17440,17440,yfinance,2026-07-10T06:58:17.136516+00:00
2026-06-19 00:45:00+00:00,ADA-USD,15m,0.16419999301433563,0.16419999301433563,0.16359999775886536,0.16369999945163727,1202624,1202624,yfinance,2026-07-10T06:58:17.136516+00:00
2026-06-19 01:00:00+00:00,ADA-USD,15m,0.16369999945163727,0.16459999978542328,0.16359999775886536,0.16380000114440918,5304384,5304384,yfinance,2026-07-10T06:58:17.136516+00:00
2026-06-19 01:15:00+00:00,ADA-USD,15m,0.16380000114440918,0.16439999639987946,0.16380000114440918,0.1639000028371811,534944,534944,yfinance,2026-07-10T06:58:17.136516+00:00
2026-06-19 01:30:00+00:00,ADA-USD,15m,0.1639000028371811,0.16410000622272491,0.16359999775886536,0.164000004529953,956480,956480,yfinance,2026-07-10T06:58:17.136516+00:00
2026-06-19 01:45:00+00:00,ADA-USD,15m,0.164000004529953,0.16449999809265137,0.164000004529953,0.16439999639987946,347968,347968,yfinance,2026-07-10T06:58:17.136516+00:00
2026-06-19 02:00:00+00:00,ADA-USD,15m,0.16439999639987946,0.1648000031709671,0.16410000622272491,0.16419999301433563,0,0,yfinance,2026-07-10T06:58:17.136516+00:00
2026-06-19 02:15:00+00:00,ADA-USD,15m,0.16419999301433563,0.16439999639987946,0.16339999437332153,0.16339999437332153,0,0,yfinance,2026-07-10T06:58:17.136516+00:00
2026-06-19 02:30:00+00:00,ADA-USD,15m,0.16339999437332153,0.16369999945163727,0.16329999268054962,0.16359999775886536,966272,966272,yfinance,2026-07-10T06:58:17.136516+00:00
2026-06-19 02:45:00+00:00,ADA-USD,15m,0.16359999775886536,0.16419999301433563,0.16339999437332153,0.16410000622272491,356256,356256,yfinance,2026-07-10T06:58:17.136516+00:00
2026-06-19 03:00:00+00:00,ADA-USD,15m,0.16410000622272491,0.16429999470710754,0.163100004196167,0.163100004196167,0,0,yfinance,2026-07-10T06:58:17.136516+00:00
2026-06-19 03:15:00+00:00,ADA-USD,15m,0.163100004196167,0.1632000058889389,0.16089999675750732,0.1624000072479248,10552832,10552832,yfinance,2026-07-10T06:58:17.136516+00:00
2026-06-19 03:30:00+00:00,ADA-USD,15m,0.1624000072479248,0.1624000072479248,0.16169999539852142,0.16210000216960907,719904,719904,yfinance,2026-07-10T06:58:17.136516+00:00
2026-06-19 03:45:00+00:00,ADA-USD,15m,0.16200000047683716,0.1623000055551529,0.16179999709129333,0.16189999878406525,0,0,yfinance,2026-07-10T06:58:17.136516+00:00
2026-06-19 04:00:00+00:00,ADA-USD,15m,0.16200000047683716,0.16200000047683716,0.16110000014305115,0.16200000047683716,0,0,yfinance,2026-07-10T06:58:17.136516+00:00
2026-06-19 04:15:00+00:00,ADA-USD,15m,0.16189999878406525,0.1623000055551529,0.16089999675750732,0.16110000014305115,0,0,yfinance,2026-07-10T06:58:17.136516+00:00
2026-06-19 04:30:00+00:00,ADA-USD,15m,0.16110000014305115,0.16110000014305115,0.15940000116825104,0.16009999811649323,3133280,3133280,yfinance,2026-07-10T06:58:17.136516+00:00
2026-06-19 04:45:00+00:00,ADA-USD,15m,0.1599999964237213,0.16040000319480896,0.15960000455379486,0.1599999964237213,1884800,1884800,yfinance,2026-07-10T06:58:17.136516+00:00
2026-06-19 05:00:00+00:00,ADA-USD,15m,0.16009999811649323,0.16099999845027924,0.16009999811649323,0.16089999675750732,0,0,yfinance,2026-07-10T06:58:17.136516+00:00
2026-06-19 05:15:00+00:00,ADA-USD,15m,0.1607999950647354,0.1607999950647354,0.16030000150203705,0.1607999950647354,0,0,yfinance,2026-07-10T06:58:17.136516+00:00
2026-06-19 05:30:00+00:00,ADA-USD,15m,0.1607999950647354,0.1607999950647354,0.16009999811649323,0.16050000488758087,0,0,yfinance,2026-07-10T06:58:17.136516+00:00
2026-06-19 05:45:00+00:00,ADA-USD,15m,0.16050000488758087,0.16089999675750732,0.16040000319480896,0.1606999933719635,118240,118240,yfinance,2026-07-10T06:58:17.136516+00:00
2026-06-19 06:00:00+00:00,ADA-USD,15m,0.1606999933719635,0.16089999675750732,0.16040000319480896,0.1607999950647354,0,0,yfinance,2026-07-10T06:58:17.136516+00:00
2026-06-19 06:15:00+00:00,ADA-USD,15m,0.1606999933719635,0.16089999675750732,0.16050000488758087,0.16060000658035278,100224,100224,yfinance,2026-07-10T06:58:17.136516+00:00
2026-06-19 06:30:00+00:00,ADA-USD,15m,0.1606999933719635,0.16089999675750732,0.16009999811649323,0.16060000658035278,396096,396096,yfinance,2026-07-10T06:58:17.136516+00:00
2026-06-19 06:45:00+00:00,ADA-USD,15m,0.16060000658035278,0.1607999950647354,0.16009999811649323,0.1606999933719635,666784,666784,yfinance,2026-07-10T06:58:17.136516+00:00
2026-06-19 07:00:00+00:00,ADA-USD,15m,0.16050000488758087,0.1606999933719635,0.16019999980926514,0.16030000150203705,132864,132864,yfinance,2026-07-10T06:58:17.136516+00:00
2026-06-19 07:15:00+00:00,ADA-USD,15m,0.16009999811649323,0.16040000319480896,0.1598999947309494,0.1599999964237213,0,0,yfinance,2026-07-10T06:58:17.136516+00:00
2026-06-19 07:30:00+00:00,ADA-USD,15m,0.1599999964237213,0.16019999980926514,0.15860000252723694,0.15929999947547913,4157376,4157376,yfinance,2026-07-10T06:58:17.136516+00:00
2026-06-19 07:45:00+00:00,ADA-USD,15m,0.15929999947547913,0.15950000286102295,0.15870000422000885,0.15940000116825104,103872,103872,yfinance,2026-07-10T06:58:17.136516+00:00
2026-06-19 08:00:00+00:00,ADA-USD,15m,0.15940000116825104,0.1599999964237213,0.15940000116825104,0.1598999947309494,203616,203616,yfinance,2026-07-10T06:58:17.136516+00:00
2026-06-19 08:15:00+00:00,ADA-USD,15m,0.1598999947309494,0.16019999980926514,0.15970000624656677,0.16009999811649323,2495072,2495072,yfinance,2026-07-10T06:58:17.136516+00:00
2026-06-19 08:30:00+00:00,ADA-USD,15m,0.16019999980926514,0.16089999675750732,0.16019999980926514,0.16030000150203705,503680,503680,yfinance,2026-07-10T06:58:17.136516+00:00
2026-06-19 08:45:00+00:00,ADA-USD,15m,0.16030000150203705,0.16050000488758087,0.16019999980926514,0.16040000319480896,352736,352736,yfinance,2026-07-10T06:58:17.136516+00:00
2026-06-19 09:00:00+00:00,ADA-USD,15m,0.16050000488758087,0.16060000658035278,0.15929999947547913,0.15940000116825104,100704,100704,yfinance,2026-07-10T06:58:17.136516+00:00
2026-06-19 09:15:00+00:00,ADA-USD,15m,0.15950000286102295,0.1597999930381775,0.15940000116825104,0.15970000624656677,539616,539616,yfinance,2026-07-10T06:58:17.136516+00:00
2026-06-19 09:30:00+00:00,ADA-USD,15m,0.15970000624656677,0.16030000150203705,0.15970000624656677,0.1598999947309494,321664,321664,yfinance,2026-07-10T06:58:17.136516+00:00
2026-06-19 09:45:00+00:00,ADA-USD,15m,0.1598999947309494,0.1598999947309494,0.15929999947547913,0.15960000455379486,10112,10112,yfinance,2026-07-10T06:58:17.136516+00:00
2026-06-19 10:00:00+00:00,ADA-USD,15m,0.15960000455379486,0.1597999930381775,0.15919999778270721,0.15970000624656677,0,0,yfinance,2026-07-10T06:58:17.136516+00:00
2026-06-19 10:15:00+00:00,ADA-USD,15m,0.15960000455379486,0.15970000624656677,0.1589999943971634,0.15960000455379486,111200,111200,yfinance,2026-07-10T06:58:17.136516+00:00
2026-06-19 10:30:00+00:00,ADA-USD,15m,0.15960000455379486,0.15970000624656677,0.1590999960899353,0.15940000116825104,0,0,yfinance,2026-07-10T06:58:17.136516+00:00
2026-06-19 10:45:00+00:00,ADA-USD,15m,0.15929999947547913,0.16040000319480896,0.15929999947547913,0.1599999964237213,427296,427296,yfinance,2026-07-10T06:58:17.136516+00:00
2026-06-19 11:00:00+00:00,ADA-USD,15m,0.16009999811649323,0.16030000150203705,0.15960000455379486,0.1597999930381775,475232,475232,yfinance,2026-07-10T06:58:17.136516+00:00
2026-06-19 11:15:00+00:00,ADA-USD,15m,0.1598999947309494,0.16019999980926514,0.15960000455379486,0.1598999947309494,0,0,yfinance,2026-07-10T06:58:17.136516+00:00
2026-06-19 11:30:00+00:00,ADA-USD,15m,0.1598999947309494,0.16009999811649323,0.15970000624656677,0.16009999811649323,0,0,yfinance,2026-07-10T06:58:17.136516+00:00
2026-06-19 11:45:00+00:00,ADA-USD,15m,0.1599999964237213,0.16019999980926514,0.15970000624656677,0.1597999930381775,0,0,yfinance,2026-07-10T06:58:17.136516+00:00
2026-06-19 12:00:00+00:00,ADA-USD,15m,0.1597999930381775,0.16009999811649323,0.1597999930381775,0.1598999947309494,0,0,yfinance,2026-07-10T06:58:17.136516+00:00
2026-06-19 12:15:00+00:00,ADA-USD,15m,0.1597999930381775,0.1597999930381775,0.15919999778270721,0.15940000116825104,0,0,yfinance,2026-07-10T06:58:17.136516+00:00
2026-06-19 12:30:00+00:00,ADA-USD,15m,0.15929999947547913,0.15950000286102295,0.15889999270439148,0.15940000116825104,745248,745248,yfinance,2026-07-10T06:58:17.136516+00:00
2026-06-19 12:45:00+00:00,ADA-USD,15m,0.15919999778270721,0.16060000658035278,0.15870000422000885,0.16060000658035278,985760,985760,yfinance,2026-07-10T06:58:17.136516+00:00
2026-06-19 13:00:00+00:00,ADA-USD,15m,0.16060000658035278,0.16099999845027924,0.16040000319480896,0.16060000658035278,790848,790848,yfinance,2026-07-10T06:58:17.136516+00:00
2026-06-19 13:15:00+00:00,ADA-USD,15m,0.16060000658035278,0.16089999675750732,0.16030000150203705,0.16089999675750732,240352,240352,yfinance,2026-07-10T06:58:17.136516+00:00
2026-06-19 13:30:00+00:00,ADA-USD,15m,0.16089999675750732,0.1615999937057495,0.1607999950647354,0.1615999937057495,0,0,yfinance,2026-07-10T06:58:17.136516+00:00
2026-06-19 13:45:00+00:00,ADA-USD,15m,0.1615999937057495,0.16259999573230743,0.1615999937057495,0.16220000386238098,1536352,1536352,yfinance,2026-07-10T06:58:17.136516+00:00
2026-06-19 14:00:00+00:00,ADA-USD,15m,0.16210000216960907,0.1624000072479248,0.16179999709129333,0.16189999878406525,701952,701952,yfinance,2026-07-10T06:58:17.136516+00:00
2026-06-19 14:15:00+00:00,ADA-USD,15m,0.16169999539852142,0.1624000072479248,0.16140000522136688,0.1623000055551529,39712,39712,yfinance,2026-07-10T06:58:17.136516+00:00
2026-06-19 14:30:00+00:00,ADA-USD,15m,0.1624000072479248,0.16249999403953552,0.16200000047683716,0.16220000386238098,224,224,yfinance,2026-07-10T06:58:17.136516+00:00
2026-06-19 14:45:00+00:00,ADA-USD,15m,0.16220000386238098,0.1623000055551529,0.1615999937057495,0.1615999937057495,0,0,yfinance,2026-07-10T06:58:17.136516+00:00
2026-06-19 15:00:00+00:00,ADA-USD,15m,0.1615999937057495,0.16189999878406525,0.16120000183582306,0.16179999709129333,305216,305216,yfinance,2026-07-10T06:58:17.136516+00:00
2026-06-19 15:15:00+00:00,ADA-USD,15m,0.16179999709129333,0.16179999709129333,0.16099999845027924,0.16130000352859497,0,0,yfinance,2026-07-10T06:58:17.136516+00:00
2026-06-19 15:30:00+00:00,ADA-USD,15m,0.16120000183582306,0.16200000047683716,0.16110000014305115,0.16189999878406525,0,0,yfinance,2026-07-10T06:58:17.136516+00:00
2026-06-19 15:45:00+00:00,ADA-USD,15m,0.16189999878406525,0.16189999878406525,0.1615000069141388,0.1615999937057495,0,0,yfinance,2026-07-10T06:58:17.136516+00:00
2026-06-19 16:00:00+00:00,ADA-USD,15m,0.1615999937057495,0.16220000386238098,0.16140000522136688,0.16220000386238098,0,0,yfinance,2026-07-10T06:58:17.136516+00:00
2026-06-19 16:15:00+00:00,ADA-USD,15m,0.16210000216960907,0.16210000216960907,0.16169999539852142,0.16179999709129333,0,0,yfinance,2026-07-10T06:58:17.136516+00:00
2026-06-19 16:30:00+00:00,ADA-USD,15m,0.16179999709129333,0.16189999878406525,0.16140000522136688,0.1615000069141388,0,0,yfinance,2026-07-10T06:58:17.136516+00:00
2026-06-19 16:45:00+00:00,ADA-USD,15m,0.16140000522136688,0.1615000069141388,0.16030000150203705,0.16040000319480896,0,0,yfinance,2026-07-10T06:58:17.136516+00:00
2026-06-19 17:00:00+00:00,ADA-USD,15m,0.16040000319480896,0.16060000658035278,0.16009999811649323,0.16060000658035278,439168,439168,yfinance,2026-07-10T06:58:17.136516+00:00
2026-06-19 17:15:00+00:00,ADA-USD,15m,0.16060000658035278,0.16140000522136688,0.16060000658035278,0.16089999675750732,0,0,yfinance,2026-07-10T06:58:17.136516+00:00
2026-06-19 17:30:00+00:00,ADA-USD,15m,0.1607999950647354,0.16169999539852142,0.1607999950647354,0.1615999937057495,0,0,yfinance,2026-07-10T06:58:17.136516+00:00
2026-06-19 17:45:00+00:00,ADA-USD,15m,0.1615999937057495,0.16200000047683716,0.16140000522136688,0.1615999937057495,0,0,yfinance,2026-07-10T06:58:17.136516+00:00
2026-06-19 18:00:00+00:00,ADA-USD,15m,0.1615999937057495,0.16179999709129333,0.1615000069141388,0.16169999539852142,0,0,yfinance,2026-07-10T06:58:17.136516+00:00
2026-06-19 18:15:00+00:00,ADA-USD,15m,0.16169999539852142,0.16179999709129333,0.16140000522136688,0.16140000522136688,0,0,yfinance,2026-07-10T06:58:17.136516+00:00
2026-06-19 18:30:00+00:00,ADA-USD,15m,0.16140000522136688,0.1615999937057495,0.16019999980926514,0.16060000658035278,31712,31712,yfinance,2026-07-10T06:58:17.136516+00:00
2026-06-19 18:45:00+00:00,ADA-USD,15m,0.16060000658035278,0.16110000014305115,0.16050000488758087,0.16110000014305115,603584,603584,yfinance,2026-07-10T06:58:17.136516+00:00
2026-06-19 19:00:00+00:00,ADA-USD,15m,0.16110000014305115,0.16140000522136688,0.16060000658035278,0.16089999675750732,0,0,yfinance,2026-07-10T06:58:17.136516+00:00
2026-06-19 19:15:00+00:00,ADA-USD,15m,0.16089999675750732,0.16089999675750732,0.16040000319480896,0.1606999933719635,0,0,yfinance,2026-07-10T06:58:17.136516+00:00
2026-06-19 19:30:00+00:00,ADA-USD,15m,0.16060000658035278,0.1606999933719635,0.16030000150203705,0.1606999933719635,0,0,yfinance,2026-07-10T06:58:17.136516+00:00
2026-06-19 19:45:00+00:00,ADA-USD,15m,0.16060000658035278,0.16120000183582306,0.16050000488758087,0.1606999933719635,184640,184640,yfinance,2026-07-10T06:58:17.136516+00:00
2026-06-19 20:00:00+00:00,ADA-USD,15m,0.1607999950647354,0.16120000183582306,0.1607999950647354,0.16120000183582306,0,0,yfinance,2026-07-10T06:58:17.136516+00:00
2026-06-19 20:15:00+00:00,ADA-USD,15m,0.16099999845027924,0.16099999845027924,0.16030000150203705,0.16089999675750732,316000,316000,yfinance,2026-07-10T06:58:17.136516+00:00
2026-06-19 20:30:00+00:00,ADA-USD,15m,0.16089999675750732,0.16099999845027924,0.16050000488758087,0.1607999950647354,0,0,yfinance,2026-07-10T06:58:17.136516+00:00
2026-06-19 20:45:00+00:00,ADA-USD,15m,0.1607999950647354,0.16189999878406525,0.1607999950647354,0.16179999709129333,285920,285920,yfinance,2026-07-10T06:58:17.136516+00:00
2026-06-19 21:00:00+00:00,ADA-USD,15m,0.16179999709129333,0.16179999709129333,0.16120000183582306,0.16179999709129333,106384,106384,yfinance,2026-07-10T06:58:17.136516+00:00
2026-06-19 21:15:00+00:00,ADA-USD,15m,0.16179999709129333,0.16179999709129333,0.16110000014305115,0.16120000183582306,0,0,yfinance,2026-07-10T06:58:17.136516+00:00
2026-06-19 21:30:00+00:00,ADA-USD,15m,0.16110000014305115,0.16110000014305115,0.16060000658035278,0.1606999933719635,48432,48432,yfinance,2026-07-10T06:58:17.136516+00:00
2026-06-19 21:45:00+00:00,ADA-USD,15m,0.1606999933719635,0.16089999675750732,0.16040000319480896,0.16060000658035278,319104,319104,yfinance,2026-07-10T06:58:17.136516+00:00
2026-06-19 22:00:00+00:00,ADA-USD,15m,0.16060000658035278,0.16089999675750732,0.16040000319480896,0.1606999933719635,228656,228656,yfinance,2026-07-10T06:58:17.136516+00:00
2026-06-19 22:15:00+00:00,ADA-USD,15m,0.1607999950647354,0.1615000069141388,0.1606999933719635,0.16130000352859497,192944,192944,yfinance,2026-07-10T06:58:17.136516+00:00
2026-06-19 22:30:00+00:00,ADA-USD,15m,0.16130000352859497,0.1615999937057495,0.16120000183582306,0.1615999937057495,455392,455392,yfinance,2026-07-10T06:58:17.136516+00:00
2026-06-19 22:45:00+00:00,ADA-USD,15m,0.1615999937057495,0.16179999709129333,0.1615000069141388,0.1615999937057495,68816,68816,yfinance,2026-07-10T06:58:17.136516+00:00
2026-06-19 23:00:00+00:00,ADA-USD,15m,0.1615999937057495,0.1615999937057495,0.16110000014305115,0.16110000014305115,13472,13472,yfinance,2026-07-10T06:58:17.136516+00:00
2026-06-19 23:15:00+00:00,ADA-USD,15m,0.16120000183582306,0.16189999878406525,0.16110000014305115,0.16179999709129333,0,0,yfinance,2026-07-10T06:58:17.136516+00:00
2026-06-19 23:30:00+00:00,ADA-USD,15m,0.16169999539852142,0.16210000216960907,0.1615000069141388,0.1615000069141388,1167200,1167200,yfinance,2026-07-10T06:58:17.136516+00:00
2026-06-19 23:45:00+00:00,ADA-USD,15m,0.1615000069141388,0.16220000386238098,0.16140000522136688,0.16200000047683716,1451488,1451488,yfinance,2026-07-10T06:58:17.136516+00:00
2026-06-20 00:00:00+00:00,ADA-USD,15m,0.16189999878406525,0.1623000055551529,0.16179999709129333,0.16210000216960907,380672,380672,yfinance,2026-07-10T06:58:17.136516+00:00
2026-06-20 00:15:00+00:00,ADA-USD,15m,0.16220000386238098,0.16339999437332153,0.16220000386238098,0.1632000058889389,233888,233888,yfinance,2026-07-10T06:58:17.136516+00:00
2026-06-20 00:30:00+00:00,ADA-USD,15m,0.163100004196167,0.1639000028371811,0.16300000250339508,0.16329999268054962,3348800,3348800,yfinance,2026-07-10T06:58:17.136516+00:00
2026-06-20 00:45:00+00:00,ADA-USD,15m,0.1632000058889389,0.16329999268054962,0.16220000386238098,0.16220000386238098,0,0,yfinance,2026-07-10T06:58:17.136516+00:00
2026-06-20 01:00:00+00:00,ADA-USD,15m,0.16220000386238098,0.16249999403953552,0.16179999709129333,0.16210000216960907,0,0,yfinance,2026-07-10T06:58:17.136516+00:00
2026-06-20 01:15:00+00:00,ADA-USD,15m,0.16210000216960907,0.1624000072479248,0.16189999878406525,0.16200000047683716,191392,191392,yfinance,2026-07-10T06:58:17.136516+00:00
2026-06-20 01:30:00+00:00,ADA-USD,15m,0.16200000047683716,0.16259999573230743,0.16189999878406525,0.16210000216960907,546416,546416,yfinance,2026-07-10T06:58:17.136516+00:00
2026-06-20 01:45:00+00:00,ADA-USD,15m,0.16210000216960907,0.16259999573230743,0.16210000216960907,0.1623000055551529,100800,100800,yfinance,2026-07-10T06:58:17.136516+00:00
2026-06-20 02:00:00+00:00,ADA-USD,15m,0.1623000055551529,0.1624000072479248,0.16169999539852142,0.16189999878406525,159664,159664,yfinance,2026-07-10T06:58:17.136516+00:00
2026-06-20 02:15:00+00:00,ADA-USD,15m,0.16179999709129333,0.16189999878406525,0.1615000069141388,0.16179999709129333,330272,330272,yfinance,2026-07-10T06:58:17.136516+00:00
2026-06-20 02:30:00+00:00,ADA-USD,15m,0.16169999539852142,0.16200000047683716,0.1615999937057495,0.16169999539852142,11712,11712,yfinance,2026-07-10T06:58:17.136516+00:00
2026-06-20 02:45:00+00:00,ADA-USD,15m,0.16179999709129333,0.16210000216960907,0.16169999539852142,0.16200000047683716,401408,401408,yfinance,2026-07-10T06:58:17.136516+00:00
2026-06-20 03:00:00+00:00,ADA-USD,15m,0.16200000047683716,0.1623000055551529,0.16169999539852142,0.16169999539852142,56480,56480,yfinance,2026-07-10T06:58:17.136516+00:00
2026-06-20 03:15:00+00:00,ADA-USD,15m,0.16169999539852142,0.16210000216960907,0.16169999539852142,0.16189999878406525,0,0,yfinance,2026-07-10T06:58:17.136516+00:00
2026-06-20 03:30:00+00:00,ADA-USD,15m,0.16189999878406525,0.1624000072479248,0.16169999539852142,0.16220000386238098,0,0,yfinance,2026-07-10T06:58:17.136516+00:00
2026-06-20 03:45:00+00:00,ADA-USD,15m,0.16210000216960907,0.1623000055551529,0.16210000216960907,0.1623000055551529,0,0,yfinance,2026-07-10T06:58:17.136516+00:00
2026-06-20 04:00:00+00:00,ADA-USD,15m,0.16249999403953552,0.16249999403953552,0.16210000216960907,0.16210000216960907,0,0,yfinance,2026-07-10T06:58:17.136516+00:00
2026-06-20 04:15:00+00:00,ADA-USD,15m,0.16220000386238098,0.16290000081062317,0.16220000386238098,0.16290000081062317,0,0,yfinance,2026-07-10T06:58:17.136516+00:00
2026-06-20 04:30:00+00:00,ADA-USD,15m,0.16290000081062317,0.163100004196167,0.16249999403953552,0.16279999911785126,0,0,yfinance,2026-07-10T06:58:17.136516+00:00
2026-06-20 04:45:00+00:00,ADA-USD,15m,0.16279999911785126,0.16290000081062317,0.16249999403953552,0.16290000081062317,0,0,yfinance,2026-07-10T06:58:17.136516+00:00
2026-06-20 05:00:00+00:00,ADA-USD,15m,0.16290000081062317,0.1648000031709671,0.16269999742507935,0.16419999301433563,1677824,1677824,yfinance,2026-07-10T06:58:17.136516+00:00
2026-06-20 05:15:00+00:00,ADA-USD,15m,0.16419999301433563,0.16429999470710754,0.16329999268054962,0.16339999437332153,2492256,2492256,yfinance,2026-07-10T06:58:17.136516+00:00
2026-06-20 05:30:00+00:00,ADA-USD,15m,0.16339999437332153,0.16359999775886536,0.163100004196167,0.16349999606609344,147360,147360,yfinance,2026-07-10T06:58:17.136516+00:00
2026-06-20 05:45:00+00:00,ADA-USD,15m,0.16329999268054962,0.16339999437332153,0.16290000081062317,0.16339999437332153,258432,258432,yfinance,2026-07-10T06:58:17.136516+00:00
2026-06-20 06:00:00+00:00,ADA-USD,15m,0.16339999437332153,0.16349999606609344,0.163100004196167,0.1632000058889389,0,0,yfinance,2026-07-10T06:58:17.136516+00:00
2026-06-20 06:15:00+00:00,ADA-USD,15m,0.163100004196167,0.16369999945163727,0.16290000081062317,0.16339999437332153,377840,377840,yfinance,2026-07-10T06:58:17.136516+00:00
2026-06-20 06:30:00+00:00,ADA-USD,15m,0.16339999437332153,0.16349999606609344,0.1632000058889389,0.16349999606609344,121760,121760,yfinance,2026-07-10T06:58:17.136516+00:00
2026-06-20 06:45:00+00:00,ADA-USD,15m,0.16339999437332153,0.16359999775886536,0.1632000058889389,0.16349999606609344,412976,412976,yfinance,2026-07-10T06:58:17.136516+00:00
2026-06-20 07:00:00+00:00,ADA-USD,15m,0.16349999606609344,0.16369999945163727,0.16279999911785126,0.163100004196167,383184,383184,yfinance,2026-07-10T06:58:17.136516+00:00
2026-06-20 07:15:00+00:00,ADA-USD,15m,0.163100004196167,0.16369999945163727,0.16300000250339508,0.16359999775886536,14976,14976,yfinance,2026-07-10T06:58:17.136516+00:00
2026-06-20 07:30:00+00:00,ADA-USD,15m,0.16359999775886536,0.16369999945163727,0.163100004196167,0.163100004196167,0,0,yfinance,2026-07-10T06:58:17.136516+00:00
2026-06-20 07:45:00+00:00,ADA-USD,15m,0.163100004196167,0.1632000058889389,0.16269999742507935,0.16279999911785126,0,0,yfinance,2026-07-10T06:58:17.136516+00:00
2026-06-20 08:00:00+00:00,ADA-USD,15m,0.16290000081062317,0.16290000081062317,0.16210000216960907,0.16269999742507935,0,0,yfinance,2026-07-10T06:58:17.136516+00:00
2026-06-20 08:15:00+00:00,ADA-USD,15m,0.16279999911785126,0.16300000250339508,0.16269999742507935,0.16300000250339508,0,0,yfinance,2026-07-10T06:58:17.136516+00:00
2026-06-20 08:30:00+00:00,ADA-USD,15m,0.16300000250339508,0.163100004196167,0.1624000072479248,0.16269999742507935,237232,237232,yfinance,2026-07-10T06:58:17.136516+00:00
2026-06-20 08:45:00+00:00,ADA-USD,15m,0.16269999742507935,0.16290000081062317,0.16249999403953552,0.16279999911785126,100224,100224,yfinance,2026-07-10T06:58:17.136516+00:00
2026-06-20 09:00:00+00:00,ADA-USD,15m,0.16279999911785126,0.1632000058889389,0.16279999911785126,0.163100004196167,47216,47216,yfinance,2026-07-10T06:58:17.136516+00:00
2026-06-20 09:15:00+00:00,ADA-USD,15m,0.163100004196167,0.1632000058889389,0.16300000250339508,0.16300000250339508,0,0,yfinance,2026-07-10T06:58:17.136516+00:00
2026-06-20 09:30:00+00:00,ADA-USD,15m,0.16300000250339508,0.16349999606609344,0.16300000250339508,0.16339999437332153,39888,39888,yfinance,2026-07-10T06:58:17.136516+00:00
2026-06-20 09:45:00+00:00,ADA-USD,15m,0.16339999437332153,0.16380000114440918,0.16329999268054962,0.16369999945163727,12784,12784,yfinance,2026-07-10T06:58:17.136516+00:00
2026-06-20 10:00:00+00:00,ADA-USD,15m,0.16369999945163727,0.16369999945163727,0.16329999268054962,0.16349999606609344,77856,77856,yfinance,2026-07-10T06:58:17.136516+00:00
2026-06-20 10:15:00+00:00,ADA-USD,15m,0.16349999606609344,0.16359999775886536,0.16300000250339508,0.1632000058889389,72672,72672,yfinance,2026-07-10T06:58:17.136516+00:00
2026-06-20 10:30:00+00:00,ADA-USD,15m,0.1632000058889389,0.1632000058889389,0.16269999742507935,0.16269999742507935,0,0,yfinance,2026-07-10T06:58:17.136516+00:00
2026-06-20 10:45:00+00:00,ADA-USD,15m,0.16269999742507935,0.16300000250339508,0.16269999742507935,0.16300000250339508,0,0,yfinance,2026-07-10T06:58:17.136516+00:00
2026-06-20 11:00:00+00:00,ADA-USD,15m,0.163100004196167,0.163100004196167,0.1623000055551529,0.16249999403953552,0,0,yfinance,2026-07-10T06:58:17.136516+00:00
2026-06-20 11:15:00+00:00,ADA-USD,15m,0.16249999403953552,0.16269999742507935,0.1624000072479248,0.16259999573230743,208208,208208,yfinance,2026-07-10T06:58:17.136516+00:00
2026-06-20 11:30:00+00:00,ADA-USD,15m,0.16259999573230743,0.16290000081062317,0.16259999573230743,0.16290000081062317,0,0,yfinance,2026-07-10T06:58:17.136516+00:00
2026-06-20 11:45:00+00:00,ADA-USD,15m,0.16290000081062317,0.163100004196167,0.16269999742507935,0.16269999742507935,0,0,yfinance,2026-07-10T06:58:17.136516+00:00
2026-06-20 12:00:00+00:00,ADA-USD,15m,0.16269999742507935,0.163100004196167,0.16259999573230743,0.16300000250339508,42784,42784,yfinance,2026-07-10T06:58:17.136516+00:00
2026-06-20 12:15:00+00:00,ADA-USD,15m,0.16300000250339508,0.16300000250339508,0.16279999911785126,0.16300000250339508,0,0,yfinance,2026-07-10T06:58:17.136516+00:00
2026-06-20 12:30:00+00:00,ADA-USD,15m,0.16300000250339508,0.16300000250339508,0.16249999403953552,0.16269999742507935,0,0,yfinance,2026-07-10T06:58:17.136516+00:00
2026-06-20 12:45:00+00:00,ADA-USD,15m,0.16269999742507935,0.16279999911785126,0.16220000386238098,0.16259999573230743,6144,6144,yfinance,2026-07-10T06:58:17.136516+00:00
2026-06-20 13:00:00+00:00,ADA-USD,15m,0.16249999403953552,0.16259999573230743,0.1623000055551529,0.1623000055551529,0,0,yfinance,2026-07-10T06:58:17.136516+00:00
2026-06-20 13:15:00+00:00,ADA-USD,15m,0.1623000055551529,0.1624000072479248,0.16110000014305115,0.16120000183582306,1640352,1640352,yfinance,2026-07-10T06:58:17.136516+00:00
2026-06-20 13:30:00+00:00,ADA-USD,15m,0.16120000183582306,0.1615999937057495,0.16099999845027924,0.16140000522136688,1342464,1342464,yfinance,2026-07-10T06:58:17.136516+00:00
2026-06-20 13:45:00+00:00,ADA-USD,15m,0.16140000522136688,0.1615999937057495,0.16120000183582306,0.16140000522136688,0,0,yfinance,2026-07-10T06:58:17.136516+00:00
2026-06-20 14:00:00+00:00,ADA-USD,15m,0.16120000183582306,0.16120000183582306,0.1598999947309494,0.1598999947309494,713392,713392,yfinance,2026-07-10T06:58:17.136516+00:00
2026-06-20 14:15:00+00:00,ADA-USD,15m,0.1599999964237213,0.16060000658035278,0.1599999964237213,0.16060000658035278,859296,859296,yfinance,2026-07-10T06:58:17.136516+00:00
2026-06-20 14:30:00+00:00,ADA-USD,15m,0.16060000658035278,0.1607999950647354,0.16019999980926514,0.1607999950647354,32688,32688,yfinance,2026-07-10T06:58:17.136516+00:00
2026-06-20 14:45:00+00:00,ADA-USD,15m,0.1607999950647354,0.16300000250339508,0.1606999933719635,0.16189999878406525,5477824,5477824,yfinance,2026-07-10T06:58:17.136516+00:00
2026-06-20 15:00:00+00:00,ADA-USD,15m,0.16189999878406525,0.1623000055551529,0.16140000522136688,0.16210000216960907,550816,550816,yfinance,2026-07-10T06:58:17.136516+00:00
2026-06-20 15:15:00+00:00,ADA-USD,15m,0.16200000047683716,0.1632000058889389,0.1615999937057495,0.1624000072479248,4886816,4886816,yfinance,2026-07-10T06:58:17.136516+00:00
2026-06-20 15:30:00+00:00,ADA-USD,15m,0.16259999573230743,0.16259999573230743,0.16189999878406525,0.16189999878406525,307280,307280,yfinance,2026-07-10T06:58:17.136516+00:00
2026-06-20 15:45:00+00:00,ADA-USD,15m,0.16200000047683716,0.16220000386238098,0.16189999878406525,0.16200000047683716,189056,189056,yfinance,2026-07-10T06:58:17.136516+00:00
2026-06-20 16:00:00+00:00,ADA-USD,15m,0.16210000216960907,0.1623000055551529,0.1615000069141388,0.16210000216960907,696416,696416,yfinance,2026-07-10T06:58:17.136516+00:00
2026-06-20 16:15:00+00:00,ADA-USD,15m,0.16210000216960907,0.1623000055551529,0.16130000352859497,0.16140000522136688,335984,335984,yfinance,2026-07-10T06:58:17.136516+00:00
2026-06-20 16:30:00+00:00,ADA-USD,15m,0.16140000522136688,0.1615000069141388,0.16089999675750732,0.16140000522136688,655152,655152,yfinance,2026-07-10T06:58:17.136516+00:00
2026-06-20 16:45:00+00:00,ADA-USD,15m,0.16130000352859497,0.16179999709129333,0.16130000352859497,0.16179999709129333,0,0,yfinance,2026-07-10T06:58:17.136516+00:00
2026-06-20 17:00:00+00:00,ADA-USD,15m,0.16179999709129333,0.16179999709129333,0.16140000522136688,0.1615000069141388,0,0,yfinance,2026-07-10T06:58:17.136516+00:00
2026-06-20 17:15:00+00:00,ADA-USD,15m,0.1615000069141388,0.1615000069141388,0.16089999675750732,0.16130000352859497,111632,111632,yfinance,2026-07-10T06:58:17.136516+00:00
2026-06-20 17:30:00+00:00,ADA-USD,15m,0.16120000183582306,0.16130000352859497,0.16009999811649323,0.1607999950647354,1512704,1512704,yfinance,2026-07-10T06:58:17.136516+00:00
2026-06-20 17:45:00+00:00,ADA-USD,15m,0.1607999950647354,0.16110000014305115,0.16050000488758087,0.16089999675750732,783296,783296,yfinance,2026-07-10T06:58:17.136516+00:00
2026-06-20 18:00:00+00:00,ADA-USD,15m,0.16089999675750732,0.16130000352859497,0.1607999950647354,0.16089999675750732,0,0,yfinance,2026-07-10T06:58:17.136516+00:00
2026-06-20 18:15:00+00:00,ADA-USD,15m,0.16089999675750732,0.16120000183582306,0.16089999675750732,0.16110000014305115,2241136,2241136,yfinance,2026-07-10T06:58:17.136516+00:00
2026-06-20 18:30:00+00:00,ADA-USD,15m,0.16110000014305115,0.16120000183582306,0.1606999933719635,0.1606999933719635,813984,813984,yfinance,2026-07-10T06:58:17.136516+00:00
2026-06-20 18:45:00+00:00,ADA-USD,15m,0.1606999933719635,0.16099999845027924,0.16060000658035278,0.1606999933719635,0,0,yfinance,2026-07-10T06:58:17.136516+00:00
2026-06-20 19:00:00+00:00,ADA-USD,15m,0.1606999933719635,0.16110000014305115,0.1606999933719635,0.16089999675750732,115360,115360,yfinance,2026-07-10T06:58:17.136516+00:00
2026-06-20 19:15:00+00:00,ADA-USD,15m,0.16089999675750732,0.16099999845027924,0.16060000658035278,0.1607999950647354,1209040,1209040,yfinance,2026-07-10T06:58:17.136516+00:00
2026-06-20 19:30:00+00:00,ADA-USD,15m,0.1607999950647354,0.16130000352859497,0.1607999950647354,0.16130000352859497,917200,917200,yfinance,2026-07-10T06:58:17.136516+00:00
2026-06-20 19:45:00+00:00,ADA-USD,15m,0.16130000352859497,0.16140000522136688,0.16099999845027924,0.16120000183582306,855248,855248,yfinance,2026-07-10T06:58:17.136516+00:00
2026-06-20 20:00:00+00:00,ADA-USD,15m,0.16120000183582306,0.16130000352859497,0.16110000014305115,0.16130000352859497,254896,254896,yfinance,2026-07-10T06:58:17.136516+00:00
2026-06-20 20:15:00+00:00,ADA-USD,15m,0.16120000183582306,0.1615000069141388,0.16110000014305115,0.16120000183582306,733328,733328,yfinance,2026-07-10T06:58:17.136516+00:00
2026-06-20 20:30:00+00:00,ADA-USD,15m,0.16120000183582306,0.16130000352859497,0.16089999675750732,0.16120000183582306,0,0,yfinance,2026-07-10T06:58:17.136516+00:00
2026-06-20 20:45:00+00:00,ADA-USD,15m,0.16120000183582306,0.1615000069141388,0.16120000183582306,0.16130000352859497,15328,15328,yfinance,2026-07-10T06:58:17.136516+00:00
2026-06-20 21:00:00+00:00,ADA-USD,15m,0.16130000352859497,0.1624000072479248,0.16120000183582306,0.16210000216960907,0,0,yfinance,2026-07-10T06:58:17.136516+00:00
2026-06-20 21:15:00+00:00,ADA-USD,15m,0.16210000216960907,0.16220000386238098,0.16179999709129333,0.16189999878406525,3106448,3106448,yfinance,2026-07-10T06:58:17.136516+00:00
2026-06-20 21:30:00+00:00,ADA-USD,15m,0.16179999709129333,0.1623000055551529,0.16179999709129333,0.16220000386238098,365216,365216,yfinance,2026-07-10T06:58:17.136516+00:00
2026-06-20 21:45:00+00:00,ADA-USD,15m,0.16220000386238098,0.1623000055551529,0.1615999937057495,0.16189999878406525,261616,261616,yfinance,2026-07-10T06:58:17.136516+00:00
2026-06-20 22:00:00+00:00,ADA-USD,15m,0.16189999878406525,0.163100004196167,0.16169999539852142,0.16290000081062317,159104,159104,yfinance,2026-07-10T06:58:17.136516+00:00
2026-06-20 22:15:00+00:00,ADA-USD,15m,0.16290000081062317,0.16329999268054962,0.16249999403953552,0.163100004196167,1283632,1283632,yfinance,2026-07-10T06:58:17.136516+00:00
2026-06-20 22:30:00+00:00,ADA-USD,15m,0.163100004196167,0.16329999268054962,0.16290000081062317,0.16300000250339508,953776,953776,yfinance,2026-07-10T06:58:17.136516+00:00
2026-06-20 22:45:00+00:00,ADA-USD,15m,0.1632000058889389,0.16339999437332153,0.16279999911785126,0.16300000250339508,422288,422288,yfinance,2026-07-10T06:58:17.136516+00:00
2026-06-20 23:00:00+00:00,ADA-USD,15m,0.16290000081062317,0.16329999268054962,0.16290000081062317,0.16329999268054962,30816,30816,yfinance,2026-07-10T06:58:17.136516+00:00
2026-06-20 23:15:00+00:00,ADA-USD,15m,0.16329999268054962,0.16369999945163727,0.163100004196167,0.163100004196167,365344,365344,yfinance,2026-07-10T06:58:17.136516+00:00
2026-06-20 23:30:00+00:00,ADA-USD,15m,0.163100004196167,0.16339999437332153,0.163100004196167,0.16329999268054962,340496,340496,yfinance,2026-07-10T06:58:17.136516+00:00
2026-06-20 23:45:00+00:00,ADA-USD,15m,0.163100004196167,0.163100004196167,0.16290000081062317,0.16290000081062317,59856,59856,yfinance,2026-07-10T06:58:17.136516+00:00
2026-06-21 00:00:00+00:00,ADA-USD,15m,0.16290000081062317,0.16339999437332153,0.16290000081062317,0.16339999437332153,68384,68384,yfinance,2026-07-10T06:58:17.136516+00:00
2026-06-21 00:15:00+00:00,ADA-USD,15m,0.16329999268054962,0.16329999268054962,0.16290000081062317,0.16300000250339508,118464,118464,yfinance,2026-07-10T06:58:17.136516+00:00
2026-06-21 00:30:00+00:00,ADA-USD,15m,0.16300000250339508,0.163100004196167,0.16279999911785126,0.16290000081062317,14640,14640,yfinance,2026-07-10T06:58:17.136516+00:00
2026-06-21 00:45:00+00:00,ADA-USD,15m,0.16290000081062317,0.16329999268054962,0.16279999911785126,0.16329999268054962,131488,131488,yfinance,2026-07-10T06:58:17.136516+00:00
2026-06-21 01:00:00+00:00,ADA-USD,15m,0.16329999268054962,0.16329999268054962,0.16269999742507935,0.16269999742507935,0,0,yfinance,2026-07-10T06:58:17.136516+00:00
2026-06-21 01:15:00+00:00,ADA-USD,15m,0.16269999742507935,0.163100004196167,0.16269999742507935,0.16269999742507935,0,0,yfinance,2026-07-10T06:58:17.136516+00:00
2026-06-21 01:30:00+00:00,ADA-USD,15m,0.16269999742507935,0.163100004196167,0.1624000072479248,0.16279999911785126,171680,171680,yfinance,2026-07-10T06:58:17.136516+00:00
2026-06-21 01:45:00+00:00,ADA-USD,15m,0.16269999742507935,0.16290000081062317,0.16269999742507935,0.16279999911785126,202304,202304,yfinance,2026-07-10T06:58:17.136516+00:00
2026-06-21 02:00:00+00:00,ADA-USD,15m,0.16279999911785126,0.16279999911785126,0.16249999403953552,0.16259999573230743,0,0,yfinance,2026-07-10T06:58:17.136516+00:00
2026-06-21 02:15:00+00:00,ADA-USD,15m,0.16259999573230743,0.16259999573230743,0.1623000055551529,0.1624000072479248,0,0,yfinance,2026-07-10T06:58:17.136516+00:00
2026-06-21 02:30:00+00:00,ADA-USD,15m,0.1624000072479248,0.1624000072479248,0.16210000216960907,0.16220000386238098,80416,80416,yfinance,2026-07-10T06:58:17.136516+00:00
2026-06-21 02:45:00+00:00,ADA-USD,15m,0.16220000386238098,0.1624000072479248,0.16210000216960907,0.16220000386238098,41376,41376,yfinance,2026-07-10T06:58:17.136516+00:00
2026-06-21 03:00:00+00:00,ADA-USD,15m,0.16220000386238098,0.16220000386238098,0.16189999878406525,0.16220000386238098,160944,160944,yfinance,2026-07-10T06:58:17.136516+00:00
2026-06-21 03:15:00+00:00,ADA-USD,15m,0.16220000386238098,0.16300000250339508,0.16200000047683716,0.16269999742507935,922816,922816,yfinance,2026-07-10T06:58:17.136516+00:00
2026-06-21 03:30:00+00:00,ADA-USD,15m,0.16269999742507935,0.16279999911785126,0.16220000386238098,0.16259999573230743,400880,400880,yfinance,2026-07-10T06:58:17.136516+00:00
2026-06-21 03:45:00+00:00,ADA-USD,15m,0.16259999573230743,0.16259999573230743,0.1623000055551529,0.16249999403953552,883024,883024,yfinance,2026-07-10T06:58:17.136516+00:00
2026-06-21 04:00:00+00:00,ADA-USD,15m,0.16249999403953552,0.16249999403953552,0.1615999937057495,0.16169999539852142,386656,386656,yfinance,2026-07-10T06:58:17.136516+00:00
2026-06-21 04:15:00+00:00,ADA-USD,15m,0.16179999709129333,0.16179999709129333,0.1615000069141388,0.1615999937057495,472512,472512,yfinance,2026-07-10T06:58:17.136516+00:00
2026-06-21 04:30:00+00:00,ADA-USD,15m,0.1615999937057495,0.16179999709129333,0.16140000522136688,0.16140000522136688,1011824,1011824,yfinance,2026-07-10T06:58:17.136516+00:00
2026-06-21 04:45:00+00:00,ADA-USD,15m,0.16140000522136688,0.16140000522136688,0.1606999933719635,0.1607999950647354,2538176,2538176,yfinance,2026-07-10T06:58:17.136516+00:00
2026-06-21 05:00:00+00:00,ADA-USD,15m,0.16060000658035278,0.1606999933719635,0.16019999980926514,0.16019999980926514,380192,380192,yfinance,2026-07-10T06:58:17.136516+00:00
2026-06-21 05:15:00+00:00,ADA-USD,15m,0.16019999980926514,0.16050000488758087,0.1599999964237213,0.16050000488758087,486720,486720,yfinance,2026-07-10T06:58:17.136516+00:00
2026-06-21 05:30:00+00:00,ADA-USD,15m,0.16050000488758087,0.1606999933719635,0.16040000319480896,0.16060000658035278,1222832,1222832,yfinance,2026-07-10T06:58:17.136516+00:00
2026-06-21 05:45:00+00:00,ADA-USD,15m,0.16050000488758087,0.16050000488758087,0.1599999964237213,0.16030000150203705,338912,338912,yfinance,2026-07-10T06:58:17.136516+00:00
2026-06-21 06:00:00+00:00,ADA-USD,15m,0.16040000319480896,0.1606999933719635,0.16040000319480896,0.16060000658035278,296176,296176,yfinance,2026-07-10T06:58:17.136516+00:00
2026-06-21 06:15:00+00:00,ADA-USD,15m,0.16050000488758087,0.1607999950647354,0.16050000488758087,0.1606999933719635,0,0,yfinance,2026-07-10T06:58:17.136516+00:00
2026-06-21 06:30:00+00:00,ADA-USD,15m,0.1607999950647354,0.16120000183582306,0.16060000658035278,0.16110000014305115,46704,46704,yfinance,2026-07-10T06:58:17.136516+00:00
2026-06-21 06:45:00+00:00,ADA-USD,15m,0.16110000014305115,0.16140000522136688,0.16089999675750732,0.16130000352859497,360432,360432,yfinance,2026-07-10T06:58:17.136516+00:00
2026-06-21 07:00:00+00:00,ADA-USD,15m,0.16130000352859497,0.16140000522136688,0.16089999675750732,0.16099999845027924,269248,269248,yfinance,2026-07-10T06:58:17.136516+00:00
2026-06-21 07:15:00+00:00,ADA-USD,15m,0.16099999845027924,0.16110000014305115,0.1606999933719635,0.16099999845027924,25392,25392,yfinance,2026-07-10T06:58:17.136516+00:00
2026-06-21 07:30:00+00:00,ADA-USD,15m,0.16099999845027924,0.16189999878406525,0.16099999845027924,0.16189999878406525,1019632,1019632,yfinance,2026-07-10T06:58:17.136516+00:00
2026-06-21 07:45:00+00:00,ADA-USD,15m,0.16189999878406525,0.16210000216960907,0.16130000352859497,0.16140000522136688,1700432,1700432,yfinance,2026-07-10T06:58:17.136516+00:00
2026-06-21 08:00:00+00:00,ADA-USD,15m,0.16140000522136688,0.1615000069141388,0.16110000014305115,0.16120000183582306,0,0,yfinance,2026-07-10T06:58:17.136516+00:00
2026-06-21 08:15:00+00:00,ADA-USD,15m,0.16110000014305115,0.16110000014305115,0.16040000319480896,0.16040000319480896,156320,156320,yfinance,2026-07-10T06:58:17.136516+00:00
2026-06-21 08:30:00+00:00,ADA-USD,15m,0.16040000319480896,0.16060000658035278,0.1598999947309494,0.16060000658035278,1624688,1624688,yfinance,2026-07-10T06:58:17.136516+00:00
2026-06-21 08:45:00+00:00,ADA-USD,15m,0.16060000658035278,0.16089999675750732,0.16040000319480896,0.1607999950647354,265680,265680,yfinance,2026-07-10T06:58:17.136516+00:00
2026-06-21 09:00:00+00:00,ADA-USD,15m,0.16099999845027924,0.16099999845027924,0.16050000488758087,0.1606999933719635,386784,386784,yfinance,2026-07-10T06:58:17.136516+00:00
2026-06-21 09:15:00+00:00,ADA-USD,15m,0.16060000658035278,0.16099999845027924,0.16060000658035278,0.1606999933719635,345600,345600,yfinance,2026-07-10T06:58:17.136516+00:00
2026-06-21 09:30:00+00:00,ADA-USD,15m,0.1606999933719635,0.1615999937057495,0.1606999933719635,0.1615000069141388,720016,720016,yfinance,2026-07-10T06:58:17.136516+00:00
2026-06-21 09:45:00+00:00,ADA-USD,15m,0.1615000069141388,0.16179999709129333,0.1615000069141388,0.16179999709129333,1316544,1316544,yfinance,2026-07-10T06:58:17.136516+00:00
2026-06-21 10:00:00+00:00,ADA-USD,15m,0.16179999709129333,0.16210000216960907,0.1615999937057495,0.16210000216960907,184016,184016,yfinance,2026-07-10T06:58:17.136516+00:00
2026-06-21 10:15:00+00:00,ADA-USD,15m,0.16210000216960907,0.1623000055551529,0.16200000047683716,0.16200000047683716,2364304,2364304,yfinance,2026-07-10T06:58:17.136516+00:00
2026-06-21 10:30:00+00:00,ADA-USD,15m,0.16200000047683716,0.16200000047683716,0.16169999539852142,0.16200000047683716,761056,761056,yfinance,2026-07-10T06:58:17.136516+00:00
2026-06-21 10:45:00+00:00,ADA-USD,15m,0.16189999878406525,0.16200000047683716,0.16110000014305115,0.16120000183582306,598208,598208,yfinance,2026-07-10T06:58:17.136516+00:00
2026-06-21 11:00:00+00:00,ADA-USD,15m,0.16120000183582306,0.16169999539852142,0.16099999845027924,0.1615999937057495,477264,477264,yfinance,2026-07-10T06:58:17.136516+00:00
2026-06-21 11:15:00+00:00,ADA-USD,15m,0.1615999937057495,0.1615999937057495,0.1606999933719635,0.16140000522136688,1624576,1624576,yfinance,2026-07-10T06:58:17.136516+00:00
2026-06-21 11:30:00+00:00,ADA-USD,15m,0.16140000522136688,0.16140000522136688,0.16110000014305115,0.16130000352859497,180784,180784,yfinance,2026-07-10T06:58:17.136516+00:00
2026-06-21 11:45:00+00:00,ADA-USD,15m,0.16130000352859497,0.16140000522136688,0.1606999933719635,0.1606999933719635,292240,292240,yfinance,2026-07-10T06:58:17.136516+00:00
2026-06-21 12:00:00+00:00,ADA-USD,15m,0.1606999933719635,0.16089999675750732,0.16060000658035278,0.1606999933719635,4624,4624,yfinance,2026-07-10T06:58:17.136516+00:00
2026-06-21 12:15:00+00:00,ADA-USD,15m,0.16060000658035278,0.1606999933719635,0.16030000150203705,0.16050000488758087,879072,879072,yfinance,2026-07-10T06:58:17.136516+00:00
2026-06-21 12:30:00+00:00,ADA-USD,15m,0.16050000488758087,0.16060000658035278,0.16009999811649323,0.16040000319480896,204848,204848,yfinance,2026-07-10T06:58:17.136516+00:00
2026-06-21 12:45:00+00:00,ADA-USD,15m,0.16040000319480896,0.16110000014305115,0.16030000150203705,0.16099999845027924,574672,574672,yfinance,2026-07-10T06:58:17.136516+00:00
2026-06-21 13:00:00+00:00,ADA-USD,15m,0.16099999845027924,0.1615000069141388,0.1607999950647354,0.16130000352859497,702528,702528,yfinance,2026-07-10T06:58:17.136516+00:00
2026-06-21 13:15:00+00:00,ADA-USD,15m,0.16130000352859497,0.1615999937057495,0.16120000183582306,0.1615000069141388,0,0,yfinance,2026-07-10T06:58:17.136516+00:00
2026-06-21 13:30:00+00:00,ADA-USD,15m,0.1615999937057495,0.16169999539852142,0.16120000183582306,0.16130000352859497,0,0,yfinance,2026-07-10T06:58:17.136516+00:00
2026-06-21 13:45:00+00:00,ADA-USD,15m,0.16130000352859497,0.1615999937057495,0.16120000183582306,0.1615999937057495,118480,118480,yfinance,2026-07-10T06:58:17.136516+00:00
2026-06-21 14:00:00+00:00,ADA-USD,15m,0.1615999937057495,0.16169999539852142,0.16130000352859497,0.16140000522136688,0,0,yfinance,2026-07-10T06:58:17.136516+00:00
2026-06-21 14:15:00+00:00,ADA-USD,15m,0.16140000522136688,0.16200000047683716,0.16120000183582306,0.1615999937057495,135984,135984,yfinance,2026-07-10T06:58:17.136516+00:00
2026-06-21 14:30:00+00:00,ADA-USD,15m,0.1615000069141388,0.16189999878406525,0.1615000069141388,0.1615999937057495,0,0,yfinance,2026-07-10T06:58:17.136516+00:00
2026-06-21 14:45:00+00:00,ADA-USD,15m,0.16169999539852142,0.16200000047683716,0.1615999937057495,0.16200000047683716,0,0,yfinance,2026-07-10T06:58:17.136516+00:00
2026-06-21 15:00:00+00:00,ADA-USD,15m,0.16200000047683716,0.16259999573230743,0.16200000047683716,0.16200000047683716,152416,152416,yfinance,2026-07-10T06:58:17.136516+00:00
2026-06-21 15:15:00+00:00,ADA-USD,15m,0.16200000047683716,0.16249999403953552,0.16200000047683716,0.1623000055551529,0,0,yfinance,2026-07-10T06:58:17.136516+00:00
2026-06-21 15:30:00+00:00,ADA-USD,15m,0.16220000386238098,0.16249999403953552,0.16200000047683716,0.16249999403953552,58704,58704,yfinance,2026-07-10T06:58:17.136516+00:00
2026-06-21 15:45:00+00:00,ADA-USD,15m,0.16249999403953552,0.16249999403953552,0.16200000047683716,0.16210000216960907,869376,869376,yfinance,2026-07-10T06:58:17.136516+00:00
2026-06-21 16:00:00+00:00,ADA-USD,15m,0.16220000386238098,0.16220000386238098,0.1615000069141388,0.1615999937057495,0,0,yfinance,2026-07-10T06:58:17.136516+00:00
2026-06-21 16:15:00+00:00,ADA-USD,15m,0.1615999937057495,0.16179999709129333,0.16140000522136688,0.1615000069141388,84416,84416,yfinance,2026-07-10T06:58:17.136516+00:00
2026-06-21 16:30:00+00:00,ADA-USD,15m,0.16140000522136688,0.1615000069141388,0.1607999950647354,0.16120000183582306,0,0,yfinance,2026-07-10T06:58:17.136516+00:00
2026-06-21 16:45:00+00:00,ADA-USD,15m,0.16120000183582306,0.1615999937057495,0.16110000014305115,0.16140000522136688,507840,507840,yfinance,2026-07-10T06:58:17.136516+00:00
2026-06-21 17:00:00+00:00,ADA-USD,15m,0.16130000352859497,0.16220000386238098,0.16130000352859497,0.16210000216960907,748208,748208,yfinance,2026-07-10T06:58:17.136516+00:00
2026-06-21 17:15:00+00:00,ADA-USD,15m,0.16210000216960907,0.16210000216960907,0.16169999539852142,0.16179999709129333,0,0,yfinance,2026-07-10T06:58:17.136516+00:00
2026-06-21 17:30:00+00:00,ADA-USD,15m,0.16179999709129333,0.16179999709129333,0.16110000014305115,0.1615000069141388,0,0,yfinance,2026-07-10T06:58:17.136516+00:00
2026-06-21 17:45:00+00:00,ADA-USD,15m,0.1615000069141388,0.16169999539852142,0.16130000352859497,0.16130000352859497,171872,171872,yfinance,2026-07-10T06:58:17.136516+00:00
2026-06-21 18:00:00+00:00,ADA-USD,15m,0.16140000522136688,0.16140000522136688,0.1607999950647354,0.16110000014305115,218992,218992,yfinance,2026-07-10T06:58:17.136516+00:00
2026-06-21 18:15:00+00:00,ADA-USD,15m,0.16110000014305115,0.16140000522136688,0.16099999845027924,0.16120000183582306,0,0,yfinance,2026-07-10T06:58:17.136516+00:00
2026-06-21 18:30:00+00:00,ADA-USD,15m,0.16120000183582306,0.16179999709129333,0.16110000014305115,0.16169999539852142,103744,103744,yfinance,2026-07-10T06:58:17.136516+00:00
2026-06-21 18:45:00+00:00,ADA-USD,15m,0.1615999937057495,0.16189999878406525,0.16140000522136688,0.16189999878406525,346816,346816,yfinance,2026-07-10T06:58:17.136516+00:00
2026-06-21 19:00:00+00:00,ADA-USD,15m,0.16189999878406525,0.1623000055551529,0.16189999878406525,0.16220000386238098,595904,595904,yfinance,2026-07-10T06:58:17.136516+00:00
2026-06-21 19:15:00+00:00,ADA-USD,15m,0.16220000386238098,0.16220000386238098,0.1615999937057495,0.16189999878406525,173968,173968,yfinance,2026-07-10T06:58:17.136516+00:00
2026-06-21 19:30:00+00:00,ADA-USD,15m,0.16189999878406525,0.16200000047683716,0.1615999937057495,0.16189999878406525,332352,332352,yfinance,2026-07-10T06:58:17.136516+00:00
2026-06-21 19:45:00+00:00,ADA-USD,15m,0.16189999878406525,0.16200000047683716,0.16179999709129333,0.16189999878406525,0,0,yfinance,2026-07-10T06:58:17.136516+00:00
2026-06-21 20:00:00+00:00,ADA-USD,15m,0.16189999878406525,0.16210000216960907,0.1615000069141388,0.1615000069141388,174640,174640,yfinance,2026-07-10T06:58:17.136516+00:00
2026-06-21 20:15:00+00:00,ADA-USD,15m,0.1615000069141388,0.1615000069141388,0.16099999845027924,0.16130000352859497,50544,50544,yfinance,2026-07-10T06:58:17.136516+00:00
2026-06-21 20:30:00+00:00,ADA-USD,15m,0.16130000352859497,0.1615000069141388,0.16089999675750732,0.16089999675750732,356576,356576,yfinance,2026-07-10T06:58:17.136516+00:00
2026-06-21 20:45:00+00:00,ADA-USD,15m,0.16089999675750732,0.16099999845027924,0.16019999980926514,0.16050000488758087,1191888,1191888,yfinance,2026-07-10T06:58:17.136516+00:00
2026-06-21 21:00:00+00:00,ADA-USD,15m,0.16050000488758087,0.16050000488758087,0.15870000422000885,0.15919999778270721,5095856,5095856,yfinance,2026-07-10T06:58:17.136516+00:00
2026-06-21 21:15:00+00:00,ADA-USD,15m,0.15919999778270721,0.15970000624656677,0.15860000252723694,0.1589999943971634,5540912,5540912,yfinance,2026-07-10T06:58:17.136516+00:00
2026-06-21 21:30:00+00:00,ADA-USD,15m,0.1589999943971634,0.16030000150203705,0.15870000422000885,0.1599999964237213,4660624,4660624,yfinance,2026-07-10T06:58:17.136516+00:00
2026-06-21 21:45:00+00:00,ADA-USD,15m,0.1597999930381775,0.1599999964237213,0.15919999778270721,0.15940000116825104,3457344,3457344,yfinance,2026-07-10T06:58:17.136516+00:00
2026-06-21 22:00:00+00:00,ADA-USD,15m,0.15919999778270721,0.15970000624656677,0.15870000422000885,0.1589999943971634,2101392,2101392,yfinance,2026-07-10T06:58:17.136516+00:00
2026-06-21 22:15:00+00:00,ADA-USD,15m,0.1590999960899353,0.15960000455379486,0.1589999943971634,0.1590999960899353,1553936,1553936,yfinance,2026-07-10T06:58:17.136516+00:00
2026-06-21 22:30:00+00:00,ADA-USD,15m,0.1589999943971634,0.1589999943971634,0.15809999406337738,0.15870000422000885,4179536,4179536,yfinance,2026-07-10T06:58:17.136516+00:00
2026-06-21 22:45:00+00:00,ADA-USD,15m,0.15860000252723694,0.15919999778270721,0.15839999914169312,0.15889999270439148,807168,807168,yfinance,2026-07-10T06:58:17.136516+00:00
2026-06-21 23:00:00+00:00,ADA-USD,15m,0.15880000591278076,0.15880000591278076,0.15770000219345093,0.15790000557899475,2658352,2658352,yfinance,2026-07-10T06:58:17.136516+00:00
2026-06-21 23:15:00+00:00,ADA-USD,15m,0.15780000388622284,0.15850000083446503,0.15780000388622284,0.15809999406337738,4771312,4771312,yfinance,2026-07-10T06:58:17.136516+00:00
2026-06-21 23:30:00+00:00,ADA-USD,15m,0.15809999406337738,0.1581999957561493,0.15690000355243683,0.15719999372959137,6506624,6506624,yfinance,2026-07-10T06:58:17.136516+00:00
2026-06-21 23:45:00+00:00,ADA-USD,15m,0.15729999542236328,0.1573999971151352,0.15639999508857727,0.15649999678134918,4759136,4759136,yfinance,2026-07-10T06:58:17.136516+00:00
2026-06-22 00:00:00+00:00,ADA-USD,15m,0.15649999678134918,0.15729999542236328,0.15649999678134918,0.15710000693798065,4472064,4472064,yfinance,2026-07-10T06:58:17.136516+00:00
2026-06-22 00:15:00+00:00,ADA-USD,15m,0.15700000524520874,0.15839999914169312,0.15700000524520874,0.15839999914169312,3729760,3729760,yfinance,2026-07-10T06:58:17.136516+00:00
2026-06-22 00:30:00+00:00,ADA-USD,15m,0.15850000083446503,0.15950000286102295,0.1582999974489212,0.1589999943971634,3606416,3606416,yfinance,2026-07-10T06:58:17.136516+00:00
2026-06-22 00:45:00+00:00,ADA-USD,15m,0.15919999778270721,0.15950000286102295,0.15870000422000885,0.15929999947547913,1821360,1821360,yfinance,2026-07-10T06:58:17.136516+00:00
2026-06-22 01:00:00+00:00,ADA-USD,15m,0.15940000116825104,0.1598999947309494,0.1589999943971634,0.1590999960899353,1986000,1986000,yfinance,2026-07-10T06:58:17.136516+00:00
2026-06-22 01:15:00+00:00,ADA-USD,15m,0.15919999778270721,0.16249999403953552,0.15919999778270721,0.1615999937057495,8820640,8820640,yfinance,2026-07-10T06:58:17.136516+00:00
2026-06-22 01:30:00+00:00,ADA-USD,15m,0.16169999539852142,0.16169999539852142,0.16060000658035278,0.16099999845027924,3067648,3067648,yfinance,2026-07-10T06:58:17.136516+00:00
2026-06-22 01:45:00+00:00,ADA-USD,15m,0.16099999845027924,0.16110000014305115,0.1606999933719635,0.16099999845027924,2937920,2937920,yfinance,2026-07-10T06:58:17.136516+00:00
2026-06-22 02:00:00+00:00,ADA-USD,15m,0.16099999845027924,0.16099999845027924,0.16019999980926514,0.16019999980926514,965536,965536,yfinance,2026-07-10T06:58:17.136516+00:00
2026-06-22 02:15:00+00:00,ADA-USD,15m,0.16009999811649323,0.1606999933719635,0.1599999964237213,0.16040000319480896,1585760,1585760,yfinance,2026-07-10T06:58:17.136516+00:00
2026-06-22 02:30:00+00:00,ADA-USD,15m,0.16040000319480896,0.16050000488758087,0.16009999811649323,0.16030000150203705,1058624,1058624,yfinance,2026-07-10T06:58:17.136516+00:00
2026-06-22 02:45:00+00:00,ADA-USD,15m,0.16030000150203705,0.16030000150203705,0.15950000286102295,0.15950000286102295,1145312,1145312,yfinance,2026-07-10T06:58:17.136516+00:00
2026-06-22 03:00:00+00:00,ADA-USD,15m,0.15950000286102295,0.15950000286102295,0.15870000422000885,0.1589999943971634,352768,352768,yfinance,2026-07-10T06:58:17.136516+00:00
2026-06-22 03:15:00+00:00,ADA-USD,15m,0.1589999943971634,0.1597999930381775,0.1589999943971634,0.15950000286102295,269824,269824,yfinance,2026-07-10T06:58:17.136516+00:00
2026-06-22 03:30:00+00:00,ADA-USD,15m,0.15950000286102295,0.1599999964237213,0.15860000252723694,0.15870000422000885,476416,476416,yfinance,2026-07-10T06:58:17.136516+00:00
2026-06-22 03:45:00+00:00,ADA-USD,15m,0.15870000422000885,0.15880000591278076,0.15780000388622284,0.15800000727176666,1884288,1884288,yfinance,2026-07-10T06:58:17.136516+00:00
2026-06-22 04:00:00+00:00,ADA-USD,15m,0.15800000727176666,0.15860000252723694,0.15770000219345093,0.1582999974489212,634080,634080,yfinance,2026-07-10T06:58:17.136516+00:00
2026-06-22 04:15:00+00:00,ADA-USD,15m,0.1582999974489212,0.15880000591278076,0.1581999957561493,0.15870000422000885,134624,134624,yfinance,2026-07-10T06:58:17.136516+00:00
2026-06-22 04:30:00+00:00,ADA-USD,15m,0.15880000591278076,0.1589999943971634,0.1581999957561493,0.1582999974489212,212192,212192,yfinance,2026-07-10T06:58:17.136516+00:00
2026-06-22 04:45:00+00:00,ADA-USD,15m,0.15839999914169312,0.15919999778270721,0.15839999914169312,0.1590999960899353,160576,160576,yfinance,2026-07-10T06:58:17.136516+00:00
2026-06-22 05:00:00+00:00,ADA-USD,15m,0.1590999960899353,0.1598999947309494,0.1590999960899353,0.1597999930381775,179360,179360,yfinance,2026-07-10T06:58:17.136516+00:00
2026-06-22 05:15:00+00:00,ADA-USD,15m,0.15970000624656677,0.1599999964237213,0.15960000455379486,0.15970000624656677,0,0,yfinance,2026-07-10T06:58:17.136516+00:00
2026-06-22 05:30:00+00:00,ADA-USD,15m,0.15970000624656677,0.16009999811649323,0.15960000455379486,0.16009999811649323,60544,60544,yfinance,2026-07-10T06:58:17.136516+00:00
2026-06-22 05:45:00+00:00,ADA-USD,15m,0.16009999811649323,0.16040000319480896,0.1599999964237213,0.16030000150203705,677056,677056,yfinance,2026-07-10T06:58:17.136516+00:00
2026-06-22 06:00:00+00:00,ADA-USD,15m,0.16060000658035278,0.16060000658035278,0.1597999930381775,0.16009999811649323,1215136,1215136,yfinance,2026-07-10T06:58:17.136516+00:00
2026-06-22 06:15:00+00:00,ADA-USD,15m,0.16009999811649323,0.16030000150203705,0.15950000286102295,0.1599999964237213,1003520,1003520,yfinance,2026-07-10T06:58:17.136516+00:00
2026-06-22 06:30:00+00:00,ADA-USD,15m,0.1599999964237213,0.16030000150203705,0.15970000624656677,0.16019999980926514,996192,996192,yfinance,2026-07-10T06:58:17.136516+00:00
2026-06-22 06:45:00+00:00,ADA-USD,15m,0.16019999980926514,0.16040000319480896,0.1598999947309494,0.16019999980926514,1175232,1175232,yfinance,2026-07-10T06:58:17.136516+00:00
2026-06-22 07:00:00+00:00,ADA-USD,15m,0.16009999811649323,0.16130000352859497,0.16009999811649323,0.16130000352859497,1413856,1413856,yfinance,2026-07-10T06:58:17.136516+00:00
2026-06-22 07:15:00+00:00,ADA-USD,15m,0.16110000014305115,0.1615999937057495,0.16110000014305115,0.1615000069141388,1857760,1857760,yfinance,2026-07-10T06:58:17.136516+00:00
2026-06-22 07:30:00+00:00,ADA-USD,15m,0.1615999937057495,0.16179999709129333,0.16120000183582306,0.16120000183582306,2082336,2082336,yfinance,2026-07-10T06:58:17.136516+00:00
2026-06-22 07:45:00+00:00,ADA-USD,15m,0.16120000183582306,0.16179999709129333,0.16120000183582306,0.1615000069141388,0,0,yfinance,2026-07-10T06:58:17.136516+00:00
2026-06-22 08:00:00+00:00,ADA-USD,15m,0.1615999937057495,0.1615999937057495,0.1607999950647354,0.16130000352859497,560864,560864,yfinance,2026-07-10T06:58:17.136516+00:00
2026-06-22 08:15:00+00:00,ADA-USD,15m,0.16120000183582306,0.1615000069141388,0.16099999845027924,0.16110000014305115,523456,523456,yfinance,2026-07-10T06:58:17.136516+00:00
2026-06-22 08:30:00+00:00,ADA-USD,15m,0.16099999845027924,0.16110000014305115,0.16060000658035278,0.16110000014305115,0,0,yfinance,2026-07-10T06:58:17.136516+00:00
2026-06-22 08:45:00+00:00,ADA-USD,15m,0.16110000014305115,0.16130000352859497,0.16089999675750732,0.16099999845027924,147168,147168,yfinance,2026-07-10T06:58:17.136516+00:00
2026-06-22 09:00:00+00:00,ADA-USD,15m,0.16099999845027924,0.16099999845027924,0.16060000658035278,0.16060000658035278,0,0,yfinance,2026-07-10T06:58:17.136516+00:00
2026-06-22 09:15:00+00:00,ADA-USD,15m,0.16050000488758087,0.16060000658035278,0.16019999980926514,0.16019999980926514,2209216,2209216,yfinance,2026-07-10T06:58:17.136516+00:00
2026-06-22 09:30:00+00:00,ADA-USD,15m,0.16019999980926514,0.16060000658035278,0.1599999964237213,0.16019999980926514,409088,409088,yfinance,2026-07-10T06:58:17.136516+00:00
2026-06-22 09:45:00+00:00,ADA-USD,15m,0.16019999980926514,0.16030000150203705,0.1599999964237213,0.16019999980926514,141344,141344,yfinance,2026-07-10T06:58:17.136516+00:00
2026-06-22 10:00:00+00:00,ADA-USD,15m,0.16019999980926514,0.16060000658035278,0.16019999980926514,0.16050000488758087,595296,595296,yfinance,2026-07-10T06:58:17.136516+00:00
2026-06-22 10:15:00+00:00,ADA-USD,15m,0.16050000488758087,0.16050000488758087,0.16030000150203705,0.16050000488758087,0,0,yfinance,2026-07-10T06:58:17.136516+00:00
2026-06-22 10:30:00+00:00,ADA-USD,15m,0.16050000488758087,0.16050000488758087,0.15960000455379486,0.15960000455379486,462624,462624,yfinance,2026-07-10T06:58:17.136516+00:00
2026-06-22 10:45:00+00:00,ADA-USD,15m,0.1597999930381775,0.16040000319480896,0.1597999930381775,0.1599999964237213,1284800,1284800,yfinance,2026-07-10T06:58:17.136516+00:00
2026-06-22 11:00:00+00:00,ADA-USD,15m,0.16030000150203705,0.16140000522136688,0.1599999964237213,0.16120000183582306,2284672,2284672,yfinance,2026-07-10T06:58:17.136516+00:00
2026-06-22 11:15:00+00:00,ADA-USD,15m,0.16099999845027924,0.16169999539852142,0.1607999950647354,0.16130000352859497,1961184,1961184,yfinance,2026-07-10T06:58:17.136516+00:00
2026-06-22 11:30:00+00:00,ADA-USD,15m,0.16130000352859497,0.1623000055551529,0.16130000352859497,0.16179999709129333,4203424,4203424,yfinance,2026-07-10T06:58:17.136516+00:00
2026-06-22 11:45:00+00:00,ADA-USD,15m,0.16179999709129333,0.16200000047683716,0.16140000522136688,0.1615999937057495,1686080,1686080,yfinance,2026-07-10T06:58:17.136516+00:00
2026-06-22 12:00:00+00:00,ADA-USD,15m,0.1615999937057495,0.16200000047683716,0.16130000352859497,0.16179999709129333,2777664,2777664,yfinance,2026-07-10T06:58:17.136516+00:00
2026-06-22 12:15:00+00:00,ADA-USD,15m,0.16169999539852142,0.16210000216960907,0.1615999937057495,0.16179999709129333,753472,753472,yfinance,2026-07-10T06:58:17.136516+00:00
2026-06-22 12:30:00+00:00,ADA-USD,15m,0.16179999709129333,0.1623000055551529,0.1615000069141388,0.16169999539852142,776576,776576,yfinance,2026-07-10T06:58:17.136516+00:00
2026-06-22 12:45:00+00:00,ADA-USD,15m,0.16179999709129333,0.16200000047683716,0.1615000069141388,0.16169999539852142,1115520,1115520,yfinance,2026-07-10T06:58:17.136516+00:00
2026-06-22 13:00:00+00:00,ADA-USD,15m,0.16179999709129333,0.16179999709129333,0.16120000183582306,0.1615999937057495,1038272,1038272,yfinance,2026-07-10T06:58:17.136516+00:00
2026-06-22 13:15:00+00:00,ADA-USD,15m,0.1615999937057495,0.16189999878406525,0.16140000522136688,0.1615000069141388,1564192,1564192,yfinance,2026-07-10T06:58:17.136516+00:00
2026-06-22 13:30:00+00:00,ADA-USD,15m,0.16140000522136688,0.16269999742507935,0.16140000522136688,0.16220000386238098,3398464,3398464,yfinance,2026-07-10T06:58:17.136516+00:00
2026-06-22 13:45:00+00:00,ADA-USD,15m,0.1623000055551529,0.163100004196167,0.1623000055551529,0.16290000081062317,4135200,4135200,yfinance,2026-07-10T06:58:17.136516+00:00
2026-06-22 14:00:00+00:00,ADA-USD,15m,0.16290000081062317,0.16290000081062317,0.1615000069141388,0.1615999937057495,1929280,1929280,yfinance,2026-07-10T06:58:17.136516+00:00
2026-06-22 14:15:00+00:00,ADA-USD,15m,0.1615000069141388,0.1615000069141388,0.16040000319480896,0.16050000488758087,2840480,2840480,yfinance,2026-07-10T06:58:17.136516+00:00
2026-06-22 14:30:00+00:00,ADA-USD,15m,0.16040000319480896,0.16060000658035278,0.15960000455379486,0.1597999930381775,2817312,2817312,yfinance,2026-07-10T06:58:17.136516+00:00
2026-06-22 14:45:00+00:00,ADA-USD,15m,0.15970000624656677,0.16030000150203705,0.15940000116825104,0.1599999964237213,2361568,2361568,yfinance,2026-07-10T06:58:17.136516+00:00
2026-06-22 15:00:00+00:00,ADA-USD,15m,0.1598999947309494,0.16040000319480896,0.15929999947547913,0.16009999811649323,1302144,1302144,yfinance,2026-07-10T06:58:17.136516+00:00
2026-06-22 15:15:00+00:00,ADA-USD,15m,0.1599999964237213,0.16019999980926514,0.15950000286102295,0.15970000624656677,2261408,2261408,yfinance,2026-07-10T06:58:17.136516+00:00
2026-06-22 15:30:00+00:00,ADA-USD,15m,0.15960000455379486,0.16009999811649323,0.15960000455379486,0.15970000624656677,2632672,2632672,yfinance,2026-07-10T06:58:17.136516+00:00
2026-06-22 15:45:00+00:00,ADA-USD,15m,0.15960000455379486,0.1597999930381775,0.15870000422000885,0.15929999947547913,1816544,1816544,yfinance,2026-07-10T06:58:17.136516+00:00
2026-06-22 16:00:00+00:00,ADA-USD,15m,0.15940000116825104,0.15940000116825104,0.15870000422000885,0.15870000422000885,1456704,1456704,yfinance,2026-07-10T06:58:17.136516+00:00
2026-06-22 16:15:00+00:00,ADA-USD,15m,0.15870000422000885,0.15940000116825104,0.15850000083446503,0.15919999778270721,1571616,1571616,yfinance,2026-07-10T06:58:17.136516+00:00
2026-06-22 16:30:00+00:00,ADA-USD,15m,0.15919999778270721,0.15919999778270721,0.15870000422000885,0.15889999270439148,497696,497696,yfinance,2026-07-10T06:58:17.136516+00:00
2026-06-22 16:45:00+00:00,ADA-USD,15m,0.15889999270439148,0.15950000286102295,0.15860000252723694,0.15929999947547913,982560,982560,yfinance,2026-07-10T06:58:17.136516+00:00
2026-06-22 17:00:00+00:00,ADA-USD,15m,0.15929999947547913,0.15960000455379486,0.15889999270439148,0.1589999943971634,1973056,1973056,yfinance,2026-07-10T06:58:17.136516+00:00
2026-06-22 17:15:00+00:00,ADA-USD,15m,0.1590999960899353,0.1590999960899353,0.15870000422000885,0.15870000422000885,1582592,1582592,yfinance,2026-07-10T06:58:17.136516+00:00
2026-06-22 17:30:00+00:00,ADA-USD,15m,0.15850000083446503,0.1589999943971634,0.1581999957561493,0.15889999270439148,1071360,1071360,yfinance,2026-07-10T06:58:17.136516+00:00
2026-06-22 17:45:00+00:00,ADA-USD,15m,0.1589999943971634,0.1597999930381775,0.1589999943971634,0.15940000116825104,1517696,1517696,yfinance,2026-07-10T06:58:17.136516+00:00
2026-06-22 18:00:00+00:00,ADA-USD,15m,0.15940000116825104,0.1598999947309494,0.15940000116825104,0.15970000624656677,35200,35200,yfinance,2026-07-10T06:58:17.136516+00:00
2026-06-22 18:15:00+00:00,ADA-USD,15m,0.15970000624656677,0.1598999947309494,0.15919999778270721,0.15929999947547913,305920,305920,yfinance,2026-07-10T06:58:17.136516+00:00
2026-06-22 18:30:00+00:00,ADA-USD,15m,0.15929999947547913,0.15970000624656677,0.1590999960899353,0.15950000286102295,429120,429120,yfinance,2026-07-10T06:58:17.136516+00:00
2026-06-22 18:45:00+00:00,ADA-USD,15m,0.15960000455379486,0.15960000455379486,0.1581999957561493,0.15839999914169312,1248,1248,yfinance,2026-07-10T06:58:17.136516+00:00
2026-06-22 19:00:00+00:00,ADA-USD,15m,0.1582999974489212,0.15839999914169312,0.15760000050067902,0.15809999406337738,1802144,1802144,yfinance,2026-07-10T06:58:17.136516+00:00
2026-06-22 19:15:00+00:00,ADA-USD,15m,0.1581999957561493,0.15850000083446503,0.15809999406337738,0.15839999914169312,3262688,3262688,yfinance,2026-07-10T06:58:17.136516+00:00
2026-06-22 19:30:00+00:00,ADA-USD,15m,0.15839999914169312,0.15880000591278076,0.1582999974489212,0.15860000252723694,659424,659424,yfinance,2026-07-10T06:58:17.136516+00:00
2026-06-22 19:45:00+00:00,ADA-USD,15m,0.15850000083446503,0.1589999943971634,0.15809999406337738,0.15880000591278076,1507104,1507104,yfinance,2026-07-10T06:58:17.136516+00:00
2026-06-22 20:00:00+00:00,ADA-USD,15m,0.15880000591278076,0.15950000286102295,0.15880000591278076,0.15919999778270721,8831360,8831360,yfinance,2026-07-10T06:58:17.136516+00:00
2026-06-22 20:15:00+00:00,ADA-USD,15m,0.15919999778270721,0.15929999947547913,0.15860000252723694,0.15889999270439148,1766848,1766848,yfinance,2026-07-10T06:58:17.136516+00:00
2026-06-22 20:30:00+00:00,ADA-USD,15m,0.1589999943971634,0.15929999947547913,0.1589999943971634,0.1589999943971634,531424,531424,yfinance,2026-07-10T06:58:17.136516+00:00
2026-06-22 20:45:00+00:00,ADA-USD,15m,0.1589999943971634,0.1590999960899353,0.15860000252723694,0.15889999270439148,0,0,yfinance,2026-07-10T06:58:17.136516+00:00
2026-06-22 21:00:00+00:00,ADA-USD,15m,0.15889999270439148,0.1590999960899353,0.15860000252723694,0.15889999270439148,155136,155136,yfinance,2026-07-10T06:58:17.136516+00:00
2026-06-22 21:15:00+00:00,ADA-USD,15m,0.15889999270439148,0.15889999270439148,0.15850000083446503,0.15860000252723694,0,0,yfinance,2026-07-10T06:58:17.136516+00:00
2026-06-22 21:30:00+00:00,ADA-USD,15m,0.15860000252723694,0.15870000422000885,0.15809999406337738,0.15839999914169312,0,0,yfinance,2026-07-10T06:58:17.136516+00:00
2026-06-22 21:45:00+00:00,ADA-USD,15m,0.15839999914169312,0.15919999778270721,0.1582999974489212,0.1590999960899353,0,0,yfinance,2026-07-10T06:58:17.136516+00:00
2026-06-22 22:00:00+00:00,ADA-USD,15m,0.15919999778270721,0.1597999930381775,0.15919999778270721,0.15940000116825104,0,0,yfinance,2026-07-10T06:58:17.136516+00:00
2026-06-22 22:15:00+00:00,ADA-USD,15m,0.15950000286102295,0.15950000286102295,0.15800000727176666,0.15800000727176666,0,0,yfinance,2026-07-10T06:58:17.136516+00:00
2026-06-22 22:30:00+00:00,ADA-USD,15m,0.15790000557899475,0.1581999957561493,0.15710000693798065,0.1574999988079071,5061408,5061408,yfinance,2026-07-10T06:58:17.136516+00:00
2026-06-22 22:45:00+00:00,ADA-USD,15m,0.15760000050067902,0.15800000727176666,0.1574999988079071,0.15800000727176666,635936,635936,yfinance,2026-07-10T06:58:17.136516+00:00
2026-06-22 23:00:00+00:00,ADA-USD,15m,0.15790000557899475,0.15800000727176666,0.15760000050067902,0.15770000219345093,0,0,yfinance,2026-07-10T06:58:17.136516+00:00
2026-06-22 23:15:00+00:00,ADA-USD,15m,0.15770000219345093,0.15850000083446503,0.15760000050067902,0.15839999914169312,0,0,yfinance,2026-07-10T06:58:17.136516+00:00
2026-06-22 23:30:00+00:00,ADA-USD,15m,0.15839999914169312,0.15839999914169312,0.15809999406337738,0.1581999957561493,0,0,yfinance,2026-07-10T06:58:17.136516+00:00
2026-06-22 23:45:00+00:00,ADA-USD,15m,0.1581999957561493,0.15850000083446503,0.15809999406337738,0.15839999914169312,0,0,yfinance,2026-07-10T06:58:17.136516+00:00
2026-06-23 00:00:00+00:00,ADA-USD,15m,0.1582999974489212,0.15850000083446503,0.1581999957561493,0.15839999914169312,0,0,yfinance,2026-07-10T06:58:17.136516+00:00
2026-06-23 00:15:00+00:00,ADA-USD,15m,0.15850000083446503,0.15860000252723694,0.15790000557899475,0.15809999406337738,0,0,yfinance,2026-07-10T06:58:17.136516+00:00
2026-06-23 00:30:00+00:00,ADA-USD,15m,0.15809999406337738,0.15889999270439148,0.15809999406337738,0.15880000591278076,0,0,yfinance,2026-07-10T06:58:17.136516+00:00
2026-06-23 00:45:00+00:00,ADA-USD,15m,0.15889999270439148,0.1590999960899353,0.15870000422000885,0.1589999943971634,42112,42112,yfinance,2026-07-10T06:58:17.136516+00:00
2026-06-23 01:00:00+00:00,ADA-USD,15m,0.1589999943971634,0.15950000286102295,0.1589999943971634,0.1590999960899353,0,0,yfinance,2026-07-10T06:58:17.136516+00:00
2026-06-23 01:15:00+00:00,ADA-USD,15m,0.1590999960899353,0.15940000116825104,0.1589999943971634,0.15940000116825104,0,0,yfinance,2026-07-10T06:58:17.136516+00:00
2026-06-23 01:30:00+00:00,ADA-USD,15m,0.15940000116825104,0.15960000455379486,0.15809999406337738,0.15839999914169312,0,0,yfinance,2026-07-10T06:58:17.136516+00:00
2026-06-23 01:45:00+00:00,ADA-USD,15m,0.15839999914169312,0.15889999270439148,0.1573999971151352,0.15880000591278076,1682080,1682080,yfinance,2026-07-10T06:58:17.136516+00:00
2026-06-23 02:00:00+00:00,ADA-USD,15m,0.15889999270439148,0.15889999270439148,0.15809999406337738,0.15860000252723694,0,0,yfinance,2026-07-10T06:58:17.136516+00:00
2026-06-23 02:15:00+00:00,ADA-USD,15m,0.15860000252723694,0.1589999943971634,0.15860000252723694,0.15880000591278076,256768,256768,yfinance,2026-07-10T06:58:17.136516+00:00
2026-06-23 02:30:00+00:00,ADA-USD,15m,0.15880000591278076,0.15919999778270721,0.15880000591278076,0.1590999960899353,4736,4736,yfinance,2026-07-10T06:58:17.136516+00:00
2026-06-23 02:45:00+00:00,ADA-USD,15m,0.15889999270439148,0.15919999778270721,0.15880000591278076,0.1590999960899353,2720,2720,yfinance,2026-07-10T06:58:17.136516+00:00
2026-06-23 03:00:00+00:00,ADA-USD,15m,0.1590999960899353,0.1590999960899353,0.15860000252723694,0.1589999943971634,0,0,yfinance,2026-07-10T06:58:17.136516+00:00
2026-06-23 03:15:00+00:00,ADA-USD,15m,0.1589999943971634,0.15929999947547913,0.15870000422000885,0.1590999960899353,70784,70784,yfinance,2026-07-10T06:58:17.136516+00:00
2026-06-23 03:30:00+00:00,ADA-USD,15m,0.1590999960899353,0.15940000116825104,0.15889999270439148,0.15929999947547913,585472,585472,yfinance,2026-07-10T06:58:17.136516+00:00
2026-06-23 03:45:00+00:00,ADA-USD,15m,0.15929999947547913,0.15970000624656677,0.15929999947547913,0.15970000624656677,14496,14496,yfinance,2026-07-10T06:58:17.136516+00:00
2026-06-23 04:00:00+00:00,ADA-USD,15m,0.15970000624656677,0.1598999947309494,0.15940000116825104,0.15960000455379486,60192,60192,yfinance,2026-07-10T06:58:17.136516+00:00
2026-06-23 04:15:00+00:00,ADA-USD,15m,0.15960000455379486,0.15970000624656677,0.1589999943971634,0.15919999778270721,469888,469888,yfinance,2026-07-10T06:58:17.136516+00:00
2026-06-23 04:30:00+00:00,ADA-USD,15m,0.15919999778270721,0.15919999778270721,0.1582999974489212,0.1582999974489212,168736,168736,yfinance,2026-07-10T06:58:17.136516+00:00
2026-06-23 04:45:00+00:00,ADA-USD,15m,0.1582999974489212,0.15850000083446503,0.15790000557899475,0.1581999957561493,519744,519744,yfinance,2026-07-10T06:58:17.136516+00:00
2026-06-23 05:00:00+00:00,ADA-USD,15m,0.1581999957561493,0.15870000422000885,0.1581999957561493,0.15839999914169312,333440,333440,yfinance,2026-07-10T06:58:17.136516+00:00
2026-06-23 05:15:00+00:00,ADA-USD,15m,0.1582999974489212,0.15860000252723694,0.15770000219345093,0.15770000219345093,288768,288768,yfinance,2026-07-10T06:58:17.136516+00:00
2026-06-23 05:30:00+00:00,ADA-USD,15m,0.15760000050067902,0.15780000388622284,0.15729999542236328,0.1574999988079071,777184,777184,yfinance,2026-07-10T06:58:17.136516+00:00
2026-06-23 05:45:00+00:00,ADA-USD,15m,0.1574999988079071,0.15760000050067902,0.15719999372959137,0.1573999971151352,662144,662144,yfinance,2026-07-10T06:58:17.136516+00:00
2026-06-23 06:00:00+00:00,ADA-USD,15m,0.15770000219345093,0.15770000219345093,0.15629999339580536,0.15680000185966492,1074240,1074240,yfinance,2026-07-10T06:58:17.136516+00:00
2026-06-23 06:15:00+00:00,ADA-USD,15m,0.15680000185966492,0.15700000524520874,0.1535000056028366,0.15449999272823334,12326240,12326240,yfinance,2026-07-10T06:58:17.136516+00:00
2026-06-23 06:30:00+00:00,ADA-USD,15m,0.1543000042438507,0.15489999949932098,0.15389999747276306,0.15449999272823334,10616192,10616192,yfinance,2026-07-10T06:58:17.136516+00:00
2026-06-23 06:45:00+00:00,ADA-USD,15m,0.15440000593662262,0.15489999949932098,0.1543000042438507,0.15449999272823334,1995520,1995520,yfinance,2026-07-10T06:58:17.136516+00:00
2026-06-23 07:00:00+00:00,ADA-USD,15m,0.15449999272823334,0.15549999475479126,0.15449999272823334,0.15549999475479126,678016,678016,yfinance,2026-07-10T06:58:17.136516+00:00
2026-06-23 07:15:00+00:00,ADA-USD,15m,0.15539999306201935,0.15569999814033508,0.15520000457763672,0.15549999475479126,648096,648096,yfinance,2026-07-10T06:58:17.136516+00:00
2026-06-23 07:30:00+00:00,ADA-USD,15m,0.15539999306201935,0.15539999306201935,0.15489999949932098,0.1550000011920929,1123520,1123520,yfinance,2026-07-10T06:58:17.136516+00:00
2026-06-23 07:45:00+00:00,ADA-USD,15m,0.1550000011920929,0.15520000457763672,0.15440000593662262,0.15440000593662262,1049920,1049920,yfinance,2026-07-10T06:58:17.136516+00:00
2026-06-23 08:00:00+00:00,ADA-USD,15m,0.15449999272823334,0.15459999442100525,0.15369999408721924,0.15389999747276306,2070624,2070624,yfinance,2026-07-10T06:58:17.136516+00:00
2026-06-23 08:15:00+00:00,ADA-USD,15m,0.15389999747276306,0.15389999747276306,0.1509000062942505,0.15150000154972076,11064704,11064704,yfinance,2026-07-10T06:58:17.136516+00:00
2026-06-23 08:30:00+00:00,ADA-USD,15m,0.15119999647140503,0.15299999713897705,0.15119999647140503,0.1527000069618225,9315968,9315968,yfinance,2026-07-10T06:58:17.136516+00:00
2026-06-23 08:45:00+00:00,ADA-USD,15m,0.1526000052690506,0.1527000069618225,0.15199999511241913,0.15240000188350677,3087872,3087872,yfinance,2026-07-10T06:58:17.136516+00:00
2026-06-23 09:00:00+00:00,ADA-USD,15m,0.15230000019073486,0.15279999375343323,0.15230000019073486,0.1526000052690506,1484992,1484992,yfinance,2026-07-10T06:58:17.136516+00:00
2026-06-23 09:15:00+00:00,ADA-USD,15m,0.1526000052690506,0.15320000052452087,0.1526000052690506,0.15299999713897705,5521504,5521504,yfinance,2026-07-10T06:58:17.136516+00:00
2026-06-23 09:30:00+00:00,ADA-USD,15m,0.15309999883174896,0.15309999883174896,0.15209999680519104,0.15219999849796295,213952,213952,yfinance,2026-07-10T06:58:17.136516+00:00
2026-06-23 09:45:00+00:00,ADA-USD,15m,0.15219999849796295,0.1525000035762787,0.15199999511241913,0.15240000188350677,2212288,2212288,yfinance,2026-07-10T06:58:17.136516+00:00
2026-06-23 10:00:00+00:00,ADA-USD,15m,0.1525000035762787,0.15320000052452087,0.1525000035762787,0.15289999544620514,996192,996192,yfinance,2026-07-10T06:58:17.136516+00:00
2026-06-23 10:15:00+00:00,ADA-USD,15m,0.15289999544620514,0.15299999713897705,0.15240000188350677,0.15240000188350677,661536,661536,yfinance,2026-07-10T06:58:17.136516+00:00
2026-06-23 10:30:00+00:00,ADA-USD,15m,0.1525000035762787,0.1526000052690506,0.15230000019073486,0.15240000188350677,432704,432704,yfinance,2026-07-10T06:58:17.136516+00:00
2026-06-23 10:45:00+00:00,ADA-USD,15m,0.1525000035762787,0.1527000069618225,0.15219999849796295,0.1526000052690506,428288,428288,yfinance,2026-07-10T06:58:17.136516+00:00
2026-06-23 11:00:00+00:00,ADA-USD,15m,0.1525000035762787,0.15320000052452087,0.1525000035762787,0.15309999883174896,0,0,yfinance,2026-07-10T06:58:17.136516+00:00
2026-06-23 11:15:00+00:00,ADA-USD,15m,0.15299999713897705,0.15389999747276306,0.15299999713897705,0.15369999408721924,1626848,1626848,yfinance,2026-07-10T06:58:17.136516+00:00
2026-06-23 11:30:00+00:00,ADA-USD,15m,0.15369999408721924,0.15399999916553497,0.1535000056028366,0.15360000729560852,0,0,yfinance,2026-07-10T06:58:17.136516+00:00
2026-06-23 11:45:00+00:00,ADA-USD,15m,0.15360000729560852,0.15379999577999115,0.15309999883174896,0.15360000729560852,137824,137824,yfinance,2026-07-10T06:58:17.136516+00:00
2026-06-23 12:00:00+00:00,ADA-USD,15m,0.1535000056028366,0.1535000056028366,0.15240000188350677,0.15240000188350677,3810528,3810528,yfinance,2026-07-10T06:58:17.136516+00:00
2026-06-23 12:15:00+00:00,ADA-USD,15m,0.15219999849796295,0.15219999849796295,0.15129999816417694,0.1517000049352646,3477184,3477184,yfinance,2026-07-10T06:58:17.136516+00:00
2026-06-23 12:30:00+00:00,ADA-USD,15m,0.1517000049352646,0.15209999680519104,0.15150000154972076,0.15150000154972076,1969504,1969504,yfinance,2026-07-10T06:58:17.136516+00:00
2026-06-23 12:45:00+00:00,ADA-USD,15m,0.15160000324249268,0.15160000324249268,0.1501999944448471,0.1501999944448471,4338976,4338976,yfinance,2026-07-10T06:58:17.136516+00:00
2026-06-23 13:00:00+00:00,ADA-USD,15m,0.1501999944448471,0.15070000290870667,0.14980000257492065,0.15070000290870667,10213632,10213632,yfinance,2026-07-10T06:58:17.136516+00:00
2026-06-23 13:15:00+00:00,ADA-USD,15m,0.15070000290870667,0.15070000290870667,0.15029999613761902,0.15060000121593475,2161408,2161408,yfinance,2026-07-10T06:58:17.136516+00:00
2026-06-23 13:30:00+00:00,ADA-USD,15m,0.15049999952316284,0.15219999849796295,0.1501999944448471,0.1518000066280365,7709376,7709376,yfinance,2026-07-10T06:58:17.136516+00:00
2026-06-23 13:45:00+00:00,ADA-USD,15m,0.15150000154972076,0.15219999849796295,0.15129999816417694,0.15139999985694885,9760,9760,yfinance,2026-07-10T06:58:17.136516+00:00
2026-06-23 14:00:00+00:00,ADA-USD,15m,0.15150000154972076,0.15189999341964722,0.1509000062942505,0.15189999341964722,328640,328640,yfinance,2026-07-10T06:58:17.136516+00:00
2026-06-23 14:15:00+00:00,ADA-USD,15m,0.1518000066280365,0.15219999849796295,0.15119999647140503,0.1517000049352646,1488192,1488192,yfinance,2026-07-10T06:58:17.136516+00:00
2026-06-23 14:30:00+00:00,ADA-USD,15m,0.1517000049352646,0.15240000188350677,0.15129999816417694,0.15150000154972076,472864,472864,yfinance,2026-07-10T06:58:17.136516+00:00
2026-06-23 14:45:00+00:00,ADA-USD,15m,0.15150000154972076,0.15150000154972076,0.15070000290870667,0.1509000062942505,0,0,yfinance,2026-07-10T06:58:17.136516+00:00
2026-06-23 15:00:00+00:00,ADA-USD,15m,0.15080000460147858,0.15109999477863312,0.15039999783039093,0.15080000460147858,688640,688640,yfinance,2026-07-10T06:58:17.136516+00:00
2026-06-23 15:15:00+00:00,ADA-USD,15m,0.15080000460147858,0.1509000062942505,0.1501999944448471,0.15029999613761902,619776,619776,yfinance,2026-07-10T06:58:17.136516+00:00
2026-06-23 15:30:00+00:00,ADA-USD,15m,0.15049999952316284,0.15119999647140503,0.1501999944448471,0.15039999783039093,242336,242336,yfinance,2026-07-10T06:58:17.136516+00:00
2026-06-23 15:45:00+00:00,ADA-USD,15m,0.15039999783039093,0.15080000460147858,0.15000000596046448,0.15080000460147858,454496,454496,yfinance,2026-07-10T06:58:17.136516+00:00
2026-06-23 16:00:00+00:00,ADA-USD,15m,0.1509000062942505,0.15189999341964722,0.15049999952316284,0.15160000324249268,4295712,4295712,yfinance,2026-07-10T06:58:17.136516+00:00
2026-06-23 16:15:00+00:00,ADA-USD,15m,0.1517000049352646,0.1517000049352646,0.15070000290870667,0.1509000062942505,3868864,3868864,yfinance,2026-07-10T06:58:17.136516+00:00
2026-06-23 16:30:00+00:00,ADA-USD,15m,0.15080000460147858,0.15109999477863312,0.15080000460147858,0.1509999930858612,2974656,2974656,yfinance,2026-07-10T06:58:17.136516+00:00
2026-06-23 16:45:00+00:00,ADA-USD,15m,0.1509999930858612,0.15109999477863312,0.15060000121593475,0.15080000460147858,847200,847200,yfinance,2026-07-10T06:58:17.136516+00:00
2026-06-23 17:00:00+00:00,ADA-USD,15m,0.15080000460147858,0.15080000460147858,0.14980000257492065,0.15000000596046448,3096352,3096352,yfinance,2026-07-10T06:58:17.136516+00:00
2026-06-23 17:15:00+00:00,ADA-USD,15m,0.1500999927520752,0.15080000460147858,0.1500999927520752,0.15070000290870667,1932096,1932096,yfinance,2026-07-10T06:58:17.136516+00:00
2026-06-23 17:30:00+00:00,ADA-USD,15m,0.15070000290870667,0.1509999930858612,0.15029999613761902,0.15039999783039093,852928,852928,yfinance,2026-07-10T06:58:17.136516+00:00
2026-06-23 17:45:00+00:00,ADA-USD,15m,0.15039999783039093,0.15049999952316284,0.14980000257492065,0.1500999927520752,906176,906176,yfinance,2026-07-10T06:58:17.136516+00:00
2026-06-23 18:00:00+00:00,ADA-USD,15m,0.1500999927520752,0.15029999613761902,0.14970000088214874,0.1500999927520752,1988224,1988224,yfinance,2026-07-10T06:58:17.136516+00:00
2026-06-23 18:15:00+00:00,ADA-USD,15m,0.1500999927520752,0.15060000121593475,0.15000000596046448,0.15039999783039093,2263744,2263744,yfinance,2026-07-10T06:58:17.136516+00:00
2026-06-23 18:30:00+00:00,ADA-USD,15m,0.15029999613761902,0.15029999613761902,0.14920000731945038,0.149399995803833,1023936,1023936,yfinance,2026-07-10T06:58:17.136516+00:00
2026-06-23 18:45:00+00:00,ADA-USD,15m,0.149399995803833,0.15000000596046448,0.14920000731945038,0.14990000426769257,3674528,3674528,yfinance,2026-07-10T06:58:17.136516+00:00
2026-06-23 19:00:00+00:00,ADA-USD,15m,0.14990000426769257,0.15049999952316284,0.14980000257492065,0.1501999944448471,0,0,yfinance,2026-07-10T06:58:17.136516+00:00
2026-06-23 19:15:00+00:00,ADA-USD,15m,0.1501999944448471,0.15039999783039093,0.14980000257492065,0.15039999783039093,450976,450976,yfinance,2026-07-10T06:58:17.136516+00:00
2026-06-23 19:30:00+00:00,ADA-USD,15m,0.15060000121593475,0.15060000121593475,0.14949999749660492,0.14970000088214874,1337600,1337600,yfinance,2026-07-10T06:58:17.136516+00:00
2026-06-23 19:45:00+00:00,ADA-USD,15m,0.14959999918937683,0.1501999944448471,0.14949999749660492,0.15000000596046448,1284352,1284352,yfinance,2026-07-10T06:58:17.136516+00:00
2026-06-23 20:00:00+00:00,ADA-USD,15m,0.1500999927520752,0.15060000121593475,0.1500999927520752,0.15029999613761902,187392,187392,yfinance,2026-07-10T06:58:17.136516+00:00
2026-06-23 20:15:00+00:00,ADA-USD,15m,0.15039999783039093,0.1509000062942505,0.15029999613761902,0.15039999783039093,1290720,1290720,yfinance,2026-07-10T06:58:17.136516+00:00
2026-06-23 20:30:00+00:00,ADA-USD,15m,0.15039999783039093,0.15049999952316284,0.1501999944448471,0.15029999613761902,304000,304000,yfinance,2026-07-10T06:58:17.136516+00:00
2026-06-23 20:45:00+00:00,ADA-USD,15m,0.1501999944448471,0.1501999944448471,0.14990000426769257,0.14990000426769257,1718112,1718112,yfinance,2026-07-10T06:58:17.136516+00:00
2026-06-23 21:00:00+00:00,ADA-USD,15m,0.15000000596046448,0.15049999952316284,0.14990000426769257,0.15049999952316284,1384448,1384448,yfinance,2026-07-10T06:58:17.136516+00:00
2026-06-23 21:15:00+00:00,ADA-USD,15m,0.15060000121593475,0.15070000290870667,0.15000000596046448,0.1501999944448471,843392,843392,yfinance,2026-07-10T06:58:17.136516+00:00
2026-06-23 21:30:00+00:00,ADA-USD,15m,0.15029999613761902,0.15080000460147858,0.15029999613761902,0.15080000460147858,1029952,1029952,yfinance,2026-07-10T06:58:17.136516+00:00
2026-06-23 21:45:00+00:00,ADA-USD,15m,0.15080000460147858,0.15139999985694885,0.15080000460147858,0.15119999647140503,1750720,1750720,yfinance,2026-07-10T06:58:17.136516+00:00
2026-06-23 22:00:00+00:00,ADA-USD,15m,0.15129999816417694,0.15189999341964722,0.15129999816417694,0.15189999341964722,1251680,1251680,yfinance,2026-07-10T06:58:17.136516+00:00
2026-06-23 22:15:00+00:00,ADA-USD,15m,0.15189999341964722,0.15219999849796295,0.15139999985694885,0.1517000049352646,652576,652576,yfinance,2026-07-10T06:58:17.136516+00:00
2026-06-23 22:30:00+00:00,ADA-USD,15m,0.1517000049352646,0.1518000066280365,0.15119999647140503,0.15139999985694885,0,0,yfinance,2026-07-10T06:58:17.136516+00:00
2026-06-23 22:45:00+00:00,ADA-USD,15m,0.15139999985694885,0.1517000049352646,0.15129999816417694,0.15150000154972076,63264,63264,yfinance,2026-07-10T06:58:17.136516+00:00
2026-06-23 23:00:00+00:00,ADA-USD,15m,0.15150000154972076,0.15150000154972076,0.15070000290870667,0.1509000062942505,0,0,yfinance,2026-07-10T06:58:17.136516+00:00
2026-06-23 23:15:00+00:00,ADA-USD,15m,0.1509999930858612,0.15139999985694885,0.1509000062942505,0.15109999477863312,81760,81760,yfinance,2026-07-10T06:58:17.136516+00:00
2026-06-23 23:30:00+00:00,ADA-USD,15m,0.15109999477863312,0.15119999647140503,0.15080000460147858,0.1509000062942505,428800,428800,yfinance,2026-07-10T06:58:17.136516+00:00
2026-06-23 23:45:00+00:00,ADA-USD,15m,0.1509000062942505,0.15150000154972076,0.1509000062942505,0.15139999985694885,2081248,2081248,yfinance,2026-07-10T06:58:17.136516+00:00
2026-06-24 00:00:00+00:00,ADA-USD,15m,0.15129999816417694,0.1518000066280365,0.15109999477863312,0.1518000066280365,627616,627616,yfinance,2026-07-10T06:58:17.136516+00:00
2026-06-24 00:15:00+00:00,ADA-USD,15m,0.15199999511241913,0.15209999680519104,0.15160000324249268,0.15189999341964722,521856,521856,yfinance,2026-07-10T06:58:17.136516+00:00
2026-06-24 00:30:00+00:00,ADA-USD,15m,0.15189999341964722,0.15289999544620514,0.1518000066280365,0.1526000052690506,1860288,1860288,yfinance,2026-07-10T06:58:17.136516+00:00
2026-06-24 00:45:00+00:00,ADA-USD,15m,0.1526000052690506,0.15279999375343323,0.1525000035762787,0.1527000069618225,2213120,2213120,yfinance,2026-07-10T06:58:17.136516+00:00
2026-06-24 01:00:00+00:00,ADA-USD,15m,0.15279999375343323,0.15309999883174896,0.15240000188350677,0.1527000069618225,99648,99648,yfinance,2026-07-10T06:58:17.136516+00:00
2026-06-24 01:15:00+00:00,ADA-USD,15m,0.1527000069618225,0.15299999713897705,0.15219999849796295,0.15299999713897705,1913440,1913440,yfinance,2026-07-10T06:58:17.136516+00:00
2026-06-24 01:30:00+00:00,ADA-USD,15m,0.15320000052452087,0.15410000085830688,0.15309999883174896,0.15360000729560852,2984416,2984416,yfinance,2026-07-10T06:58:17.136516+00:00
2026-06-24 01:45:00+00:00,ADA-USD,15m,0.15369999408721924,0.15379999577999115,0.1527000069618225,0.15279999375343323,102368,102368,yfinance,2026-07-10T06:58:17.136516+00:00
2026-06-24 02:00:00+00:00,ADA-USD,15m,0.15289999544620514,0.15289999544620514,0.15230000019073486,0.1525000035762787,0,0,yfinance,2026-07-10T06:58:17.136516+00:00
2026-06-24 02:15:00+00:00,ADA-USD,15m,0.1525000035762787,0.1526000052690506,0.15199999511241913,0.1525000035762787,612064,612064,yfinance,2026-07-10T06:58:17.136516+00:00
2026-06-24 02:30:00+00:00,ADA-USD,15m,0.1526000052690506,0.15299999713897705,0.15230000019073486,0.15279999375343323,1188608,1188608,yfinance,2026-07-10T06:58:17.136516+00:00
2026-06-24 02:45:00+00:00,ADA-USD,15m,0.15279999375343323,0.15299999713897705,0.15230000019073486,0.15240000188350677,1251328,1251328,yfinance,2026-07-10T06:58:17.136516+00:00
2026-06-24 03:00:00+00:00,ADA-USD,15m,0.1525000035762787,0.1526000052690506,0.15209999680519104,0.1525000035762787,437760,437760,yfinance,2026-07-10T06:58:17.136516+00:00
2026-06-24 03:15:00+00:00,ADA-USD,15m,0.15230000019073486,0.15230000019073486,0.15129999816417694,0.15199999511241913,1292864,1292864,yfinance,2026-07-10T06:58:17.136516+00:00
2026-06-24 03:30:00+00:00,ADA-USD,15m,0.15199999511241913,0.1525000035762787,0.15189999341964722,0.15219999849796295,1152128,1152128,yfinance,2026-07-10T06:58:17.136516+00:00
2026-06-24 03:45:00+00:00,ADA-USD,15m,0.15219999849796295,0.15219999849796295,0.15189999341964722,0.15199999511241913,50765856,50765856,yfinance,2026-07-10T06:58:17.136516+00:00
2026-06-24 04:00:00+00:00,ADA-USD,15m,0.15219999849796295,0.15219999849796295,0.15160000324249268,0.1518000066280365,0,0,yfinance,2026-07-10T06:58:17.136516+00:00
2026-06-24 04:15:00+00:00,ADA-USD,15m,0.1518000066280365,0.15189999341964722,0.15049999952316284,0.1509000062942505,422368,422368,yfinance,2026-07-10T06:58:17.136516+00:00
2026-06-24 04:30:00+00:00,ADA-USD,15m,0.1509000062942505,0.15150000154972076,0.15060000121593475,0.15150000154972076,1152864,1152864,yfinance,2026-07-10T06:58:17.136516+00:00
2026-06-24 04:45:00+00:00,ADA-USD,15m,0.15160000324249268,0.15230000019073486,0.15160000324249268,0.15219999849796295,593280,593280,yfinance,2026-07-10T06:58:17.136516+00:00
2026-06-24 05:00:00+00:00,ADA-USD,15m,0.15219999849796295,0.1525000035762787,0.15199999511241913,0.15230000019073486,1530208,1530208,yfinance,2026-07-10T06:58:17.136516+00:00
2026-06-24 05:15:00+00:00,ADA-USD,15m,0.15230000019073486,0.1525000035762787,0.15219999849796295,0.1525000035762787,546848,546848,yfinance,2026-07-10T06:58:17.136516+00:00
2026-06-24 05:30:00+00:00,ADA-USD,15m,0.1525000035762787,0.15289999544620514,0.15230000019073486,0.15230000019073486,0,0,yfinance,2026-07-10T06:58:17.136516+00:00
2026-06-24 05:45:00+00:00,ADA-USD,15m,0.15240000188350677,0.15240000188350677,0.15189999341964722,0.15199999511241913,0,0,yfinance,2026-07-10T06:58:17.136516+00:00
2026-06-24 06:00:00+00:00,ADA-USD,15m,0.15199999511241913,0.15199999511241913,0.15129999816417694,0.15139999985694885,0,0,yfinance,2026-07-10T06:58:17.136516+00:00
2026-06-24 06:15:00+00:00,ADA-USD,15m,0.15129999816417694,0.15139999985694885,0.1509999930858612,0.15119999647140503,385760,385760,yfinance,2026-07-10T06:58:17.136516+00:00
2026-06-24 06:30:00+00:00,ADA-USD,15m,0.15119999647140503,0.15150000154972076,0.1509999930858612,0.15109999477863312,0,0,yfinance,2026-07-10T06:58:17.136516+00:00
2026-06-24 06:45:00+00:00,ADA-USD,15m,0.1509999930858612,0.15150000154972076,0.1509999930858612,0.15129999816417694,0,0,yfinance,2026-07-10T06:58:17.136516+00:00
2026-06-24 07:00:00+00:00,ADA-USD,15m,0.15129999816417694,0.15129999816417694,0.15080000460147858,0.1509999930858612,130944,130944,yfinance,2026-07-10T06:58:17.136516+00:00
2026-06-24 07:15:00+00:00,ADA-USD,15m,0.1509999930858612,0.1509999930858612,0.15060000121593475,0.15060000121593475,244832,244832,yfinance,2026-07-10T06:58:17.136516+00:00
2026-06-24 07:30:00+00:00,ADA-USD,15m,0.15049999952316284,0.15080000460147858,0.15029999613761902,0.15039999783039093,0,0,yfinance,2026-07-10T06:58:17.136516+00:00
2026-06-24 07:45:00+00:00,ADA-USD,15m,0.15039999783039093,0.15060000121593475,0.15000000596046448,0.15039999783039093,139072,139072,yfinance,2026-07-10T06:58:17.136516+00:00
2026-06-24 08:00:00+00:00,ADA-USD,15m,0.15039999783039093,0.15060000121593475,0.1501999944448471,0.15049999952316284,0,0,yfinance,2026-07-10T06:58:17.136516+00:00
2026-06-24 08:15:00+00:00,ADA-USD,15m,0.15060000121593475,0.15080000460147858,0.15029999613761902,0.15039999783039093,0,0,yfinance,2026-07-10T06:58:17.136516+00:00
2026-06-24 08:30:00+00:00,ADA-USD,15m,0.15039999783039093,0.15080000460147858,0.15029999613761902,0.15070000290870667,0,0,yfinance,2026-07-10T06:58:17.136516+00:00
2026-06-24 08:45:00+00:00,ADA-USD,15m,0.15070000290870667,0.15109999477863312,0.15049999952316284,0.15109999477863312,0,0,yfinance,2026-07-10T06:58:17.136516+00:00
2026-06-24 09:00:00+00:00,ADA-USD,15m,0.1509000062942505,0.1509000062942505,0.15029999613761902,0.15049999952316284,0,0,yfinance,2026-07-10T06:58:17.136516+00:00
2026-06-24 09:15:00+00:00,ADA-USD,15m,0.15049999952316284,0.15049999952316284,0.1500999927520752,0.1500999927520752,0,0,yfinance,2026-07-10T06:58:17.136516+00:00
2026-06-24 09:30:00+00:00,ADA-USD,15m,0.1500999927520752,0.1501999944448471,0.14990000426769257,0.1500999927520752,1241600,1241600,yfinance,2026-07-10T06:58:17.136516+00:00
2026-06-24 09:45:00+00:00,ADA-USD,15m,0.1500999927520752,0.15029999613761902,0.15000000596046448,0.1501999944448471,9188864,9188864,yfinance,2026-07-10T06:58:17.136516+00:00
2026-06-24 10:00:00+00:00,ADA-USD,15m,0.1501999944448471,0.1501999944448471,0.14749999344348907,0.1477999985218048,10743040,10743040,yfinance,2026-07-10T06:58:17.136516+00:00
2026-06-24 10:15:00+00:00,ADA-USD,15m,0.147599995136261,0.1476999968290329,0.14569999277591705,0.14730000495910645,27692608,27692608,yfinance,2026-07-10T06:58:17.136516+00:00
2026-06-24 10:30:00+00:00,ADA-USD,15m,0.14730000495910645,0.147599995136261,0.1467999964952469,0.14749999344348907,6656384,6656384,yfinance,2026-07-10T06:58:17.136516+00:00
2026-06-24 10:45:00+00:00,ADA-USD,15m,0.14749999344348907,0.147599995136261,0.1467999964952469,0.14710000157356262,5033760,5033760,yfinance,2026-07-10T06:58:17.136516+00:00
2026-06-24 11:00:00+00:00,ADA-USD,15m,0.1468999981880188,0.14720000326633453,0.1462000012397766,0.14630000293254852,12671776,12671776,yfinance,2026-07-10T06:58:17.136516+00:00
2026-06-24 11:15:00+00:00,ADA-USD,15m,0.14640000462532043,0.14710000157356262,0.14630000293254852,0.1467999964952469,1541472,1541472,yfinance,2026-07-10T06:58:17.136516+00:00
2026-06-24 11:30:00+00:00,ADA-USD,15m,0.14669999480247498,0.1476999968290329,0.14669999480247498,0.1476999968290329,2927520,2927520,yfinance,2026-07-10T06:58:17.136516+00:00
2026-06-24 11:45:00+00:00,ADA-USD,15m,0.1476999968290329,0.14959999918937683,0.14749999344348907,0.14810000360012054,7060256,7060256,yfinance,2026-07-10T06:58:17.136516+00:00
2026-06-24 12:00:00+00:00,ADA-USD,15m,0.14820000529289246,0.14839999377727509,0.1477999985218048,0.14830000698566437,0,0,yfinance,2026-07-10T06:58:17.136516+00:00
2026-06-24 12:15:00+00:00,ADA-USD,15m,0.14830000698566437,0.1485999971628189,0.14810000360012054,0.148499995470047,439392,439392,yfinance,2026-07-10T06:58:17.136516+00:00
2026-06-24 12:30:00+00:00,ADA-USD,15m,0.1485999971628189,0.14880000054836273,0.14830000698566437,0.14839999377727509,558528,558528,yfinance,2026-07-10T06:58:17.136516+00:00
2026-06-24 12:45:00+00:00,ADA-USD,15m,0.14839999377727509,0.148499995470047,0.1476999968290329,0.1477999985218048,239648,239648,yfinance,2026-07-10T06:58:17.136516+00:00
2026-06-24 13:00:00+00:00,ADA-USD,15m,0.14790000021457672,0.14790000021457672,0.14569999277591705,0.14630000293254852,0,0,yfinance,2026-07-10T06:58:17.136516+00:00
2026-06-24 13:15:00+00:00,ADA-USD,15m,0.1462000012397766,0.14659999310970306,0.1451999992132187,0.14579999446868896,9044512,9044512,yfinance,2026-07-10T06:58:17.136516+00:00
2026-06-24 13:30:00+00:00,ADA-USD,15m,0.14509999752044678,0.1469999998807907,0.14489999413490295,0.14569999277591705,4962976,4962976,yfinance,2026-07-10T06:58:17.136516+00:00
2026-06-24 13:45:00+00:00,ADA-USD,15m,0.14560000598430634,0.14589999616146088,0.1445000022649765,0.14509999752044678,8365856,8365856,yfinance,2026-07-10T06:58:17.136516+00:00
2026-06-24 14:00:00+00:00,ADA-USD,15m,0.14499999582767487,0.1459999978542328,0.14480000734329224,0.14569999277591705,10202848,10202848,yfinance,2026-07-10T06:58:17.136516+00:00
2026-06-24 14:15:00+00:00,ADA-USD,15m,0.14560000598430634,0.14589999616146088,0.14489999413490295,0.1453000009059906,1852512,1852512,yfinance,2026-07-10T06:58:17.136516+00:00
2026-06-24 14:30:00+00:00,ADA-USD,15m,0.14560000598430634,0.1460999995470047,0.14489999413490295,0.1454000025987625,3550880,3550880,yfinance,2026-07-10T06:58:17.136516+00:00
2026-06-24 14:45:00+00:00,ADA-USD,15m,0.1454000025987625,0.14569999277591705,0.14470000565052032,0.1451999992132187,1857888,1857888,yfinance,2026-07-10T06:58:17.136516+00:00
2026-06-24 15:00:00+00:00,ADA-USD,15m,0.1451999992132187,0.1453000009059906,0.1445000022649765,0.14489999413490295,1716736,1716736,yfinance,2026-07-10T06:58:17.136516+00:00
2026-06-24 15:15:00+00:00,ADA-USD,15m,0.14470000565052032,0.1451999992132187,0.1445000022649765,0.1445000022649765,362560,362560,yfinance,2026-07-10T06:58:17.136516+00:00
2026-06-24 15:30:00+00:00,ADA-USD,15m,0.1444000005722046,0.14470000565052032,0.1436000019311905,0.14399999380111694,2179104,2179104,yfinance,2026-07-10T06:58:17.136516+00:00
2026-06-24 15:45:00+00:00,ADA-USD,15m,0.14390000700950623,0.14399999380111694,0.14339999854564667,0.1436000019311905,4006720,4006720,yfinance,2026-07-10T06:58:17.136516+00:00
2026-06-24 16:00:00+00:00,ADA-USD,15m,0.1436000019311905,0.14419999718666077,0.14329999685287476,0.14399999380111694,27040,27040,yfinance,2026-07-10T06:58:17.136516+00:00
2026-06-24 16:15:00+00:00,ADA-USD,15m,0.14409999549388885,0.14429999887943268,0.14339999854564667,0.14390000700950623,504768,504768,yfinance,2026-07-10T06:58:17.136516+00:00
2026-06-24 16:30:00+00:00,ADA-USD,15m,0.14390000700950623,0.14399999380111694,0.1429000049829483,0.14309999346733093,2706368,2706368,yfinance,2026-07-10T06:58:17.136516+00:00
2026-06-24 16:45:00+00:00,ADA-USD,15m,0.14309999346733093,0.14309999346733093,0.14059999585151672,0.14139999449253082,15134400,15134400,yfinance,2026-07-10T06:58:17.136516+00:00
2026-06-24 17:00:00+00:00,ADA-USD,15m,0.14139999449253082,0.14229999482631683,0.14139999449253082,0.1420000046491623,4878976,4878976,yfinance,2026-07-10T06:58:17.136516+00:00
2026-06-24 17:15:00+00:00,ADA-USD,15m,0.1421000063419342,0.14219999313354492,0.13979999721050262,0.1404000073671341,5676416,5676416,yfinance,2026-07-10T06:58:17.136516+00:00
2026-06-24 17:30:00+00:00,ADA-USD,15m,0.1404000073671341,0.14069999754428864,0.14000000059604645,0.14030000567436218,9435424,9435424,yfinance,2026-07-10T06:58:17.136516+00:00
2026-06-24 17:45:00+00:00,ADA-USD,15m,0.14030000567436218,0.1404000073671341,0.13950000703334808,0.13989999890327454,4339392,4339392,yfinance,2026-07-10T06:58:17.136516+00:00
2026-06-24 18:00:00+00:00,ADA-USD,15m,0.14000000059604645,0.14100000262260437,0.1395999938249588,0.14069999754428864,5134176,5134176,yfinance,2026-07-10T06:58:17.136516+00:00
2026-06-24 18:15:00+00:00,ADA-USD,15m,0.14100000262260437,0.14249999821186066,0.14090000092983246,0.1420000046491623,5556096,5556096,yfinance,2026-07-10T06:58:17.136516+00:00
2026-06-24 18:30:00+00:00,ADA-USD,15m,0.1420000046491623,0.14219999313354492,0.14149999618530273,0.14180000126361847,1146816,1146816,yfinance,2026-07-10T06:58:17.136516+00:00
2026-06-24 18:45:00+00:00,ADA-USD,15m,0.14169999957084656,0.14190000295639038,0.1412000060081482,0.14149999618530273,2229504,2229504,yfinance,2026-07-10T06:58:17.136516+00:00
2026-06-24 19:00:00+00:00,ADA-USD,15m,0.14149999618530273,0.14180000126361847,0.14059999585151672,0.14059999585151672,1198592,1198592,yfinance,2026-07-10T06:58:17.136516+00:00
2026-06-24 19:15:00+00:00,ADA-USD,15m,0.1404999941587448,0.14100000262260437,0.13979999721050262,0.14090000092983246,8106240,8106240,yfinance,2026-07-10T06:58:17.136516+00:00
2026-06-24 19:30:00+00:00,ADA-USD,15m,0.14069999754428864,0.14090000092983246,0.14020000398159027,0.14030000567436218,6692928,6692928,yfinance,2026-07-10T06:58:17.136516+00:00
2026-06-24 19:45:00+00:00,ADA-USD,15m,0.14030000567436218,0.14110000431537628,0.14020000398159027,0.14090000092983246,7441280,7441280,yfinance,2026-07-10T06:58:17.136516+00:00
2026-06-24 20:00:00+00:00,ADA-USD,15m,0.14100000262260437,0.14350000023841858,0.14069999754428864,0.14319999516010284,25265792,25265792,yfinance,2026-07-10T06:58:17.136516+00:00
2026-06-24 20:15:00+00:00,ADA-USD,15m,0.14329999685287476,0.14399999380111694,0.14300000667572021,0.14390000700950623,6182016,6182016,yfinance,2026-07-10T06:58:17.136516+00:00
2026-06-24 20:30:00+00:00,ADA-USD,15m,0.14390000700950623,0.14429999887943268,0.1436000019311905,0.14429999887943268,5046144,5046144,yfinance,2026-07-10T06:58:17.136516+00:00
2026-06-24 20:45:00+00:00,ADA-USD,15m,0.14429999887943268,0.1453000009059906,0.14419999718666077,0.14499999582767487,6976576,6976576,yfinance,2026-07-10T06:58:17.136516+00:00
2026-06-24 21:00:00+00:00,ADA-USD,15m,0.14509999752044678,0.14550000429153442,0.1446000039577484,0.1453000009059906,6433344,6433344,yfinance,2026-07-10T06:58:17.136516+00:00
2026-06-24 21:15:00+00:00,ADA-USD,15m,0.14509999752044678,0.14589999616146088,0.14509999752044678,0.14589999616146088,3246400,3246400,yfinance,2026-07-10T06:58:17.136516+00:00
2026-06-24 21:30:00+00:00,ADA-USD,15m,0.14589999616146088,0.14640000462532043,0.14560000598430634,0.14579999446868896,3066496,3066496,yfinance,2026-07-10T06:58:17.136516+00:00
2026-06-24 21:45:00+00:00,ADA-USD,15m,0.14579999446868896,0.1469999998807907,0.14579999446868896,0.1468999981880188,2623808,2623808,yfinance,2026-07-10T06:58:17.136516+00:00
2026-06-24 22:00:00+00:00,ADA-USD,15m,0.14720000326633453,0.14900000393390656,0.14720000326633453,0.14800000190734863,11898432,11898432,yfinance,2026-07-10T06:58:17.136516+00:00
2026-06-24 22:15:00+00:00,ADA-USD,15m,0.14790000021457672,0.14800000190734863,0.14720000326633453,0.14730000495910645,3638464,3638464,yfinance,2026-07-10T06:58:17.136516+00:00
2026-06-24 22:30:00+00:00,ADA-USD,15m,0.14730000495910645,0.147599995136261,0.14710000157356262,0.14749999344348907,1856256,1856256,yfinance,2026-07-10T06:58:17.136516+00:00
2026-06-24 22:45:00+00:00,ADA-USD,15m,0.14749999344348907,0.14749999344348907,0.14669999480247498,0.1469999998807907,2977408,2977408,yfinance,2026-07-10T06:58:17.136516+00:00
2026-06-24 23:00:00+00:00,ADA-USD,15m,0.1469999998807907,0.14749999344348907,0.14669999480247498,0.14749999344348907,4587968,4587968,yfinance,2026-07-10T06:58:17.136516+00:00
2026-06-24 23:15:00+00:00,ADA-USD,15m,0.14749999344348907,0.1477999985218048,0.14730000495910645,0.14749999344348907,1610112,1610112,yfinance,2026-07-10T06:58:17.136516+00:00
2026-06-24 23:30:00+00:00,ADA-USD,15m,0.14749999344348907,0.147599995136261,0.14720000326633453,0.147599995136261,762240,762240,yfinance,2026-07-10T06:58:17.136516+00:00
2026-06-24 23:45:00+00:00,ADA-USD,15m,0.147599995136261,0.1476999968290329,0.14720000326633453,0.14749999344348907,307008,307008,yfinance,2026-07-10T06:58:17.136516+00:00
2026-06-25 00:00:00+00:00,ADA-USD,15m,0.14749999344348907,0.14890000224113464,0.14749999344348907,0.14810000360012054,8550912,8550912,yfinance,2026-07-10T06:58:17.136516+00:00
2026-06-25 00:15:00+00:00,ADA-USD,15m,0.14810000360012054,0.14820000529289246,0.14740000665187836,0.1476999968290329,5951872,5951872,yfinance,2026-07-10T06:58:17.136516+00:00
2026-06-25 00:30:00+00:00,ADA-USD,15m,0.1476999968290329,0.14790000021457672,0.14749999344348907,0.147599995136261,724416,724416,yfinance,2026-07-10T06:58:17.136516+00:00
2026-06-25 00:45:00+00:00,ADA-USD,15m,0.1476999968290329,0.14800000190734863,0.14710000157356262,0.14740000665187836,279296,279296,yfinance,2026-07-10T06:58:17.136516+00:00
2026-06-25 01:00:00+00:00,ADA-USD,15m,0.14740000665187836,0.14790000021457672,0.1468999981880188,0.14740000665187836,2571840,2571840,yfinance,2026-07-10T06:58:17.136516+00:00
2026-06-25 01:15:00+00:00,ADA-USD,15m,0.14730000495910645,0.1477999985218048,0.14730000495910645,0.147599995136261,534144,534144,yfinance,2026-07-10T06:58:17.136516+00:00
2026-06-25 01:30:00+00:00,ADA-USD,15m,0.14749999344348907,0.14810000360012054,0.14749999344348907,0.1477999985218048,0,0,yfinance,2026-07-10T06:58:17.136516+00:00
2026-06-25 01:45:00+00:00,ADA-USD,15m,0.1477999985218048,0.14800000190734863,0.147599995136261,0.1476999968290329,0,0,yfinance,2026-07-10T06:58:17.136516+00:00
2026-06-25 02:00:00+00:00,ADA-USD,15m,0.14749999344348907,0.14790000021457672,0.14710000157356262,0.14720000326633453,0,0,yfinance,2026-07-10T06:58:17.136516+00:00
2026-06-25 02:15:00+00:00,ADA-USD,15m,0.14740000665187836,0.1477999985218048,0.14720000326633453,0.1477999985218048,543296,543296,yfinance,2026-07-10T06:58:17.136516+00:00
2026-06-25 02:30:00+00:00,ADA-USD,15m,0.1476999968290329,0.1477999985218048,0.14720000326633453,0.14720000326633453,989504,989504,yfinance,2026-07-10T06:58:17.136516+00:00
2026-06-25 02:45:00+00:00,ADA-USD,15m,0.14730000495910645,0.1476999968290329,0.14720000326633453,0.1476999968290329,29824,29824,yfinance,2026-07-10T06:58:17.136516+00:00
2026-06-25 03:00:00+00:00,ADA-USD,15m,0.1476999968290329,0.14800000190734863,0.14749999344348907,0.14749999344348907,688320,688320,yfinance,2026-07-10T06:58:17.136516+00:00
2026-06-25 03:15:00+00:00,ADA-USD,15m,0.14720000326633453,0.14740000665187836,0.14720000326633453,0.14720000326633453,0,0,yfinance,2026-07-10T06:58:17.136516+00:00
2026-06-25 03:30:00+00:00,ADA-USD,15m,0.14720000326633453,0.14740000665187836,0.1469999998807907,0.14710000157356262,354048,354048,yfinance,2026-07-10T06:58:17.136516+00:00
2026-06-25 03:45:00+00:00,ADA-USD,15m,0.1469999998807907,0.14740000665187836,0.1467999964952469,0.14740000665187836,655808,655808,yfinance,2026-07-10T06:58:17.136516+00:00
2026-06-25 04:00:00+00:00,ADA-USD,15m,0.14740000665187836,0.14749999344348907,0.1468999981880188,0.1468999981880188,232128,232128,yfinance,2026-07-10T06:58:17.136516+00:00
2026-06-25 04:15:00+00:00,ADA-USD,15m,0.1468999981880188,0.14730000495910645,0.1468999981880188,0.14710000157356262,924608,924608,yfinance,2026-07-10T06:58:17.136516+00:00
2026-06-25 04:30:00+00:00,ADA-USD,15m,0.14710000157356262,0.14749999344348907,0.1468999981880188,0.14749999344348907,41344,41344,yfinance,2026-07-10T06:58:17.136516+00:00
2026-06-25 04:45:00+00:00,ADA-USD,15m,0.14749999344348907,0.14890000224113464,0.14740000665187836,0.14890000224113464,3332416,3332416,yfinance,2026-07-10T06:58:17.136516+00:00
2026-06-25 05:00:00+00:00,ADA-USD,15m,0.14880000054836273,0.1501999944448471,0.1485999971628189,0.14990000426769257,7197760,7197760,yfinance,2026-07-10T06:58:17.136516+00:00
2026-06-25 05:15:00+00:00,ADA-USD,15m,0.14990000426769257,0.15060000121593475,0.14959999918937683,0.1501999944448471,3729728,3729728,yfinance,2026-07-10T06:58:17.136516+00:00
2026-06-25 05:30:00+00:00,ADA-USD,15m,0.1501999944448471,0.15039999783039093,0.14970000088214874,0.14980000257492065,2127552,2127552,yfinance,2026-07-10T06:58:17.136516+00:00
2026-06-25 05:45:00+00:00,ADA-USD,15m,0.14980000257492065,0.15000000596046448,0.14970000088214874,0.14980000257492065,135872,135872,yfinance,2026-07-10T06:58:17.136516+00:00
2026-06-25 06:00:00+00:00,ADA-USD,15m,0.14980000257492065,0.1500999927520752,0.14970000088214874,0.15000000596046448,393280,393280,yfinance,2026-07-10T06:58:17.136516+00:00
2026-06-25 06:15:00+00:00,ADA-USD,15m,0.14990000426769257,0.1501999944448471,0.14959999918937683,0.14970000088214874,73536,73536,yfinance,2026-07-10T06:58:17.136516+00:00
2026-06-25 06:30:00+00:00,ADA-USD,15m,0.14970000088214874,0.14970000088214874,0.149399995803833,0.14970000088214874,0,0,yfinance,2026-07-10T06:58:17.136516+00:00
2026-06-25 06:45:00+00:00,ADA-USD,15m,0.14970000088214874,0.14990000426769257,0.14949999749660492,0.14970000088214874,301440,301440,yfinance,2026-07-10T06:58:17.136516+00:00
2026-06-25 07:00:00+00:00,ADA-USD,15m,0.14970000088214874,0.14990000426769257,0.14890000224113464,0.14920000731945038,861184,861184,yfinance,2026-07-10T06:58:17.136516+00:00
2026-06-25 07:15:00+00:00,ADA-USD,15m,0.14920000731945038,0.14949999749660492,0.14910000562667847,0.1492999941110611,744512,744512,yfinance,2026-07-10T06:58:17.136516+00:00
2026-06-25 07:30:00+00:00,ADA-USD,15m,0.1492999941110611,0.14959999918937683,0.1492999941110611,0.14959999918937683,9344,9344,yfinance,2026-07-10T06:58:17.136516+00:00
2026-06-25 07:45:00+00:00,ADA-USD,15m,0.149399995803833,0.14959999918937683,0.14920000731945038,0.14959999918937683,283904,283904,yfinance,2026-07-10T06:58:17.136516+00:00
2026-06-25 08:00:00+00:00,ADA-USD,15m,0.14959999918937683,0.14980000257492065,0.14920000731945038,0.1492999941110611,9088,9088,yfinance,2026-07-10T06:58:17.136516+00:00
2026-06-25 08:15:00+00:00,ADA-USD,15m,0.1492999941110611,0.14949999749660492,0.14900000393390656,0.14949999749660492,156096,156096,yfinance,2026-07-10T06:58:17.136516+00:00
2026-06-25 08:30:00+00:00,ADA-USD,15m,0.14949999749660492,0.14959999918937683,0.14920000731945038,0.149399995803833,264640,264640,yfinance,2026-07-10T06:58:17.136516+00:00
2026-06-25 08:45:00+00:00,ADA-USD,15m,0.14949999749660492,0.14959999918937683,0.14900000393390656,0.14900000393390656,0,0,yfinance,2026-07-10T06:58:17.136516+00:00
2026-06-25 09:00:00+00:00,ADA-USD,15m,0.14900000393390656,0.149399995803833,0.14900000393390656,0.14920000731945038,406144,406144,yfinance,2026-07-10T06:58:17.136516+00:00
2026-06-25 09:15:00+00:00,ADA-USD,15m,0.14920000731945038,0.1492999941110611,0.14869999885559082,0.14900000393390656,77376,77376,yfinance,2026-07-10T06:58:17.136516+00:00
2026-06-25 09:30:00+00:00,ADA-USD,15m,0.14900000393390656,0.1492999941110611,0.14890000224113464,0.14910000562667847,0,0,yfinance,2026-07-10T06:58:17.136516+00:00
2026-06-25 09:45:00+00:00,ADA-USD,15m,0.14920000731945038,0.14920000731945038,0.14900000393390656,0.14900000393390656,0,0,yfinance,2026-07-10T06:58:17.136516+00:00
2026-06-25 10:00:00+00:00,ADA-USD,15m,0.14900000393390656,0.1492999941110611,0.14880000054836273,0.14880000054836273,0,0,yfinance,2026-07-10T06:58:17.136516+00:00
2026-06-25 10:15:00+00:00,ADA-USD,15m,0.14880000054836273,0.14890000224113464,0.14820000529289246,0.14830000698566437,0,0,yfinance,2026-07-10T06:58:17.136516+00:00
2026-06-25 10:30:00+00:00,ADA-USD,15m,0.14839999377727509,0.14839999377727509,0.14800000190734863,0.14800000190734863,0,0,yfinance,2026-07-10T06:58:17.136516+00:00
2026-06-25 10:45:00+00:00,ADA-USD,15m,0.14810000360012054,0.14810000360012054,0.1477999985218048,0.14790000021457672,0,0,yfinance,2026-07-10T06:58:17.136516+00:00
2026-06-25 11:00:00+00:00,ADA-USD,15m,0.14800000190734863,0.14810000360012054,0.14740000665187836,0.1477999985218048,0,0,yfinance,2026-07-10T06:58:17.136516+00:00
2026-06-25 11:15:00+00:00,ADA-USD,15m,0.1477999985218048,0.14800000190734863,0.14730000495910645,0.14749999344348907,220224,220224,yfinance,2026-07-10T06:58:17.136516+00:00
2026-06-25 11:30:00+00:00,ADA-USD,15m,0.14740000665187836,0.1477999985218048,0.14730000495910645,0.14749999344348907,267456,267456,yfinance,2026-07-10T06:58:17.136516+00:00
2026-06-25 11:45:00+00:00,ADA-USD,15m,0.147599995136261,0.147599995136261,0.14720000326633453,0.14749999344348907,0,0,yfinance,2026-07-10T06:58:17.136516+00:00
2026-06-25 12:00:00+00:00,ADA-USD,15m,0.14749999344348907,0.147599995136261,0.14730000495910645,0.14730000495910645,0,0,yfinance,2026-07-10T06:58:17.136516+00:00
2026-06-25 12:15:00+00:00,ADA-USD,15m,0.14730000495910645,0.14730000495910645,0.1459999978542328,0.1460999995470047,0,0,yfinance,2026-07-10T06:58:17.136516+00:00
2026-06-25 12:30:00+00:00,ADA-USD,15m,0.1460999995470047,0.14820000529289246,0.1460999995470047,0.147599995136261,9059072,9059072,yfinance,2026-07-10T06:58:17.136516+00:00
2026-06-25 12:45:00+00:00,ADA-USD,15m,0.14740000665187836,0.14810000360012054,0.14730000495910645,0.14810000360012054,1592256,1592256,yfinance,2026-07-10T06:58:17.136516+00:00
2026-06-25 13:00:00+00:00,ADA-USD,15m,0.14810000360012054,0.14830000698566437,0.14800000190734863,0.14800000190734863,796160,796160,yfinance,2026-07-10T06:58:17.136516+00:00
2026-06-25 13:15:00+00:00,ADA-USD,15m,0.14790000021457672,0.14820000529289246,0.1477999985218048,0.14800000190734863,0,0,yfinance,2026-07-10T06:58:17.136516+00:00
2026-06-25 13:30:00+00:00,ADA-USD,15m,0.14830000698566437,0.148499995470047,0.14480000734329224,0.14489999413490295,0,0,yfinance,2026-07-10T06:58:17.136516+00:00
2026-06-25 13:45:00+00:00,ADA-USD,15m,0.14489999413490295,0.1454000025987625,0.13819999992847443,0.13830000162124634,4484288,4484288,yfinance,2026-07-10T06:58:17.136516+00:00
2026-06-25 14:00:00+00:00,ADA-USD,15m,0.1387999951839447,0.14319999516010284,0.1387999951839447,0.14270000159740448,17253120,17253120,yfinance,2026-07-10T06:58:17.136516+00:00
2026-06-25 14:15:00+00:00,ADA-USD,15m,0.14270000159740448,0.14339999854564667,0.1412999927997589,0.14259999990463257,5281088,5281088,yfinance,2026-07-10T06:58:17.136516+00:00
2026-06-25 14:30:00+00:00,ADA-USD,15m,0.14270000159740448,0.1454000025987625,0.1421000063419342,0.14270000159740448,7644224,7644224,yfinance,2026-07-10T06:58:17.136516+00:00
2026-06-25 14:45:00+00:00,ADA-USD,15m,0.1429000049829483,0.1437000036239624,0.14229999482631683,0.14259999990463257,1962368,1962368,yfinance,2026-07-10T06:58:17.136516+00:00
2026-06-25 15:00:00+00:00,ADA-USD,15m,0.14249999821186066,0.14259999990463257,0.14149999618530273,0.14169999957084656,5122240,5122240,yfinance,2026-07-10T06:58:17.136516+00:00
2026-06-25 15:15:00+00:00,ADA-USD,15m,0.14149999618530273,0.14229999482631683,0.14100000262260437,0.14190000295639038,2758528,2758528,yfinance,2026-07-10T06:58:17.136516+00:00
2026-06-25 15:30:00+00:00,ADA-USD,15m,0.14219999313354492,0.1429000049829483,0.14180000126361847,0.14219999313354492,743360,743360,yfinance,2026-07-10T06:58:17.136516+00:00
2026-06-25 15:45:00+00:00,ADA-USD,15m,0.14229999482631683,0.14319999516010284,0.14219999313354492,0.14300000667572021,0,0,yfinance,2026-07-10T06:58:17.136516+00:00
2026-06-25 16:00:00+00:00,ADA-USD,15m,0.14309999346733093,0.14499999582767487,0.1428000032901764,0.14409999549388885,1345600,1345600,yfinance,2026-07-10T06:58:17.136516+00:00
2026-06-25 16:15:00+00:00,ADA-USD,15m,0.14399999380111694,0.14409999549388885,0.14339999854564667,0.1436000019311905,776384,776384,yfinance,2026-07-10T06:58:17.136516+00:00
2026-06-25 16:30:00+00:00,ADA-USD,15m,0.14329999685287476,0.14329999685287476,0.14219999313354492,0.14229999482631683,0,0,yfinance,2026-07-10T06:58:17.136516+00:00
2026-06-25 16:45:00+00:00,ADA-USD,15m,0.14229999482631683,0.1428000032901764,0.14190000295639038,0.14270000159740448,0,0,yfinance,2026-07-10T06:58:17.136516+00:00
2026-06-25 17:00:00+00:00,ADA-USD,15m,0.14270000159740448,0.14350000023841858,0.14219999313354492,0.14350000023841858,0,0,yfinance,2026-07-10T06:58:17.136516+00:00
2026-06-25 17:15:00+00:00,ADA-USD,15m,0.14350000023841858,0.1444000005722046,0.14350000023841858,0.14419999718666077,0,0,yfinance,2026-07-10T06:58:17.136516+00:00
2026-06-25 17:30:00+00:00,ADA-USD,15m,0.14419999718666077,0.1445000022649765,0.14390000700950623,0.14409999549388885,0,0,yfinance,2026-07-10T06:58:17.136516+00:00
2026-06-25 17:45:00+00:00,ADA-USD,15m,0.14399999380111694,0.14429999887943268,0.14350000023841858,0.14429999887943268,0,0,yfinance,2026-07-10T06:58:17.136516+00:00
2026-06-25 18:00:00+00:00,ADA-USD,15m,0.1444000005722046,0.1444000005722046,0.14309999346733093,0.14309999346733093,0,0,yfinance,2026-07-10T06:58:17.136516+00:00
2026-06-25 18:15:00+00:00,ADA-USD,15m,0.14319999516010284,0.14419999718666077,0.14309999346733093,0.14339999854564667,0,0,yfinance,2026-07-10T06:58:17.136516+00:00
2026-06-25 18:30:00+00:00,ADA-USD,15m,0.14329999685287476,0.14329999685287476,0.1420000046491623,0.1421000063419342,123840,123840,yfinance,2026-07-10T06:58:17.136516+00:00
2026-06-25 18:45:00+00:00,ADA-USD,15m,0.1420000046491623,0.14229999482631683,0.14169999957084656,0.1420000046491623,0,0,yfinance,2026-07-10T06:58:17.136516+00:00
2026-06-25 19:00:00+00:00,ADA-USD,15m,0.1420000046491623,0.1420000046491623,0.14090000092983246,0.14100000262260437,0,0,yfinance,2026-07-10T06:58:17.136516+00:00
2026-06-25 19:15:00+00:00,ADA-USD,15m,0.14110000431537628,0.1412000060081482,0.14059999585151672,0.14100000262260437,0,0,yfinance,2026-07-10T06:58:17.136516+00:00
2026-06-25 19:30:00+00:00,ADA-USD,15m,0.1412000060081482,0.1412999927997589,0.14090000092983246,0.1412000060081482,486592,486592,yfinance,2026-07-10T06:58:17.136516+00:00
2026-06-25 19:45:00+00:00,ADA-USD,15m,0.14100000262260437,0.14100000262260437,0.14030000567436218,0.14090000092983246,687808,687808,yfinance,2026-07-10T06:58:17.136516+00:00
2026-06-25 20:00:00+00:00,ADA-USD,15m,0.14100000262260437,0.14190000295639038,0.14100000262260437,0.1412999927997589,0,0,yfinance,2026-07-10T06:58:17.136516+00:00
2026-06-25 20:15:00+00:00,ADA-USD,15m,0.14139999449253082,0.14169999957084656,0.1412999927997589,0.14159999787807465,0,0,yfinance,2026-07-10T06:58:17.136516+00:00
2026-06-25 20:30:00+00:00,ADA-USD,15m,0.14159999787807465,0.14159999787807465,0.14090000092983246,0.14149999618530273,0,0,yfinance,2026-07-10T06:58:17.136516+00:00
2026-06-25 20:45:00+00:00,ADA-USD,15m,0.14149999618530273,0.14149999618530273,0.14100000262260437,0.1412000060081482,0,0,yfinance,2026-07-10T06:58:17.136516+00:00
2026-06-25 21:00:00+00:00,ADA-USD,15m,0.1412999927997589,0.1420000046491623,0.1412999927997589,0.1420000046491623,0,0,yfinance,2026-07-10T06:58:17.136516+00:00
2026-06-25 21:15:00+00:00,ADA-USD,15m,0.1421000063419342,0.14259999990463257,0.14190000295639038,0.14249999821186066,0,0,yfinance,2026-07-10T06:58:17.136516+00:00
2026-06-25 21:30:00+00:00,ADA-USD,15m,0.14249999821186066,0.14380000531673431,0.14239999651908875,0.14339999854564667,1942240,1942240,yfinance,2026-07-10T06:58:17.136516+00:00
2026-06-25 21:45:00+00:00,ADA-USD,15m,0.14319999516010284,0.14390000700950623,0.14309999346733093,0.1437000036239624,0,0,yfinance,2026-07-10T06:58:17.136516+00:00
2026-06-25 22:00:00+00:00,ADA-USD,15m,0.1436000019311905,0.14390000700950623,0.1429000049829483,0.14319999516010284,0,0,yfinance,2026-07-10T06:58:17.136516+00:00
2026-06-25 22:15:00+00:00,ADA-USD,15m,0.14329999685287476,0.1436000019311905,0.14300000667572021,0.14329999685287476,0,0,yfinance,2026-07-10T06:58:17.136516+00:00
2026-06-25 22:30:00+00:00,ADA-USD,15m,0.14329999685287476,0.1436000019311905,0.14319999516010284,0.14329999685287476,0,0,yfinance,2026-07-10T06:58:17.136516+00:00
2026-06-25 22:45:00+00:00,ADA-USD,15m,0.14329999685287476,0.1436000019311905,0.14300000667572021,0.14309999346733093,0,0,yfinance,2026-07-10T06:58:17.136516+00:00
2026-06-25 23:00:00+00:00,ADA-USD,15m,0.14309999346733093,0.14329999685287476,0.1429000049829483,0.14329999685287476,0,0,yfinance,2026-07-10T06:58:17.136516+00:00
2026-06-25 23:15:00+00:00,ADA-USD,15m,0.14329999685287476,0.14409999549388885,0.14319999516010284,0.14380000531673431,1389856,1389856,yfinance,2026-07-10T06:58:17.136516+00:00
2026-06-25 23:30:00+00:00,ADA-USD,15m,0.14380000531673431,0.14419999718666077,0.1436000019311905,0.1437000036239624,851744,851744,yfinance,2026-07-10T06:58:17.136516+00:00
2026-06-25 23:45:00+00:00,ADA-USD,15m,0.1437000036239624,0.1437000036239624,0.14319999516010284,0.14350000023841858,0,0,yfinance,2026-07-10T06:58:17.136516+00:00
2026-06-26 00:00:00+00:00,ADA-USD,15m,0.1436000019311905,0.14419999718666077,0.14350000023841858,0.14419999718666077,0,0,yfinance,2026-07-10T06:58:17.136516+00:00
2026-06-26 00:15:00+00:00,ADA-USD,15m,0.14399999380111694,0.14409999549388885,0.14319999516010284,0.14329999685287476,0,0,yfinance,2026-07-10T06:58:17.136516+00:00
2026-06-26 00:30:00+00:00,ADA-USD,15m,0.14329999685287476,0.1437000036239624,0.14319999516010284,0.14339999854564667,0,0,yfinance,2026-07-10T06:58:17.136516+00:00
2026-06-26 00:45:00+00:00,ADA-USD,15m,0.14339999854564667,0.14350000023841858,0.14300000667572021,0.14300000667572021,0,0,yfinance,2026-07-10T06:58:17.136516+00:00
2026-06-26 01:00:00+00:00,ADA-USD,15m,0.14300000667572021,0.14319999516010284,0.14249999821186066,0.1428000032901764,0,0,yfinance,2026-07-10T06:58:17.136516+00:00
2026-06-26 01:15:00+00:00,ADA-USD,15m,0.14270000159740448,0.14309999346733093,0.14229999482631683,0.14229999482631683,0,0,yfinance,2026-07-10T06:58:17.136516+00:00
2026-06-26 01:30:00+00:00,ADA-USD,15m,0.14229999482631683,0.14229999482631683,0.14169999957084656,0.14180000126361847,602336,602336,yfinance,2026-07-10T06:58:17.136516+00:00
2026-06-26 01:45:00+00:00,ADA-USD,15m,0.14169999957084656,0.1421000063419342,0.14169999957084656,0.14190000295639038,399200,399200,yfinance,2026-07-10T06:58:17.136516+00:00
2026-06-26 02:00:00+00:00,ADA-USD,15m,0.1420000046491623,0.1420000046491623,0.13920000195503235,0.13930000364780426,670944,670944,yfinance,2026-07-10T06:58:17.136516+00:00
2026-06-26 02:15:00+00:00,ADA-USD,15m,0.1395999938249588,0.1404999941587448,0.1388999968767166,0.1404000073671341,7281952,7281952,yfinance,2026-07-10T06:58:17.136516+00:00
2026-06-26 02:30:00+00:00,ADA-USD,15m,0.1404000073671341,0.14079999923706055,0.14000000059604645,0.14030000567436218,3674432,3674432,yfinance,2026-07-10T06:58:17.136516+00:00
2026-06-26 02:45:00+00:00,ADA-USD,15m,0.14030000567436218,0.14030000567436218,0.13899999856948853,0.13930000364780426,802496,802496,yfinance,2026-07-10T06:58:17.136516+00:00
2026-06-26 03:00:00+00:00,ADA-USD,15m,0.13950000703334808,0.1404999941587448,0.13840000331401825,0.14030000567436218,7275552,7275552,yfinance,2026-07-10T06:58:17.136516+00:00
2026-06-26 03:15:00+00:00,ADA-USD,15m,0.14020000398159027,0.1404000073671341,0.13940000534057617,0.14020000398159027,474656,474656,yfinance,2026-07-10T06:58:17.136516+00:00
2026-06-26 03:30:00+00:00,ADA-USD,15m,0.14030000567436218,0.14110000431537628,0.1396999955177307,0.14110000431537628,3873568,3873568,yfinance,2026-07-10T06:58:17.136516+00:00
2026-06-26 03:45:00+00:00,ADA-USD,15m,0.14110000431537628,0.1429000049829483,0.14110000431537628,0.14249999821186066,5440864,5440864,yfinance,2026-07-10T06:58:17.136516+00:00
2026-06-26 04:00:00+00:00,ADA-USD,15m,0.14259999990463257,0.14270000159740448,0.1421000063419342,0.14229999482631683,3388672,3388672,yfinance,2026-07-10T06:58:17.136516+00:00
2026-06-26 04:15:00+00:00,ADA-USD,15m,0.14229999482631683,0.14300000667572021,0.1420000046491623,0.14229999482631683,153824,153824,yfinance,2026-07-10T06:58:17.136516+00:00
2026-06-26 04:30:00+00:00,ADA-USD,15m,0.14229999482631683,0.14249999821186066,0.1420000046491623,0.14219999313354492,1032800,1032800,yfinance,2026-07-10T06:58:17.136516+00:00
2026-06-26 04:45:00+00:00,ADA-USD,15m,0.14219999313354492,0.14219999313354492,0.14159999787807465,0.14159999787807465,0,0,yfinance,2026-07-10T06:58:17.136516+00:00
2026-06-26 05:00:00+00:00,ADA-USD,15m,0.14139999449253082,0.1420000046491623,0.1412999927997589,0.1420000046491623,77760,77760,yfinance,2026-07-10T06:58:17.136516+00:00
2026-06-26 05:15:00+00:00,ADA-USD,15m,0.1421000063419342,0.14229999482631683,0.14169999957084656,0.14229999482631683,0,0,yfinance,2026-07-10T06:58:17.136516+00:00
2026-06-26 05:30:00+00:00,ADA-USD,15m,0.14239999651908875,0.14300000667572021,0.14219999313354492,0.14259999990463257,2470464,2470464,yfinance,2026-07-10T06:58:17.136516+00:00
2026-06-26 05:45:00+00:00,ADA-USD,15m,0.14270000159740448,0.14300000667572021,0.14249999821186066,0.1428000032901764,597792,597792,yfinance,2026-07-10T06:58:17.136516+00:00
2026-06-26 06:00:00+00:00,ADA-USD,15m,0.14270000159740448,0.14270000159740448,0.1420000046491623,0.1421000063419342,628000,628000,yfinance,2026-07-10T06:58:17.136516+00:00
2026-06-26 06:15:00+00:00,ADA-USD,15m,0.1420000046491623,0.14380000531673431,0.1420000046491623,0.14350000023841858,3146496,3146496,yfinance,2026-07-10T06:58:17.136516+00:00
2026-06-26 06:30:00+00:00,ADA-USD,15m,0.14350000023841858,0.14480000734329224,0.14329999685287476,0.14480000734329224,2511840,2511840,yfinance,2026-07-10T06:58:17.136516+00:00
2026-06-26 06:45:00+00:00,ADA-USD,15m,0.14480000734329224,0.14499999582767487,0.1445000022649765,0.14489999413490295,5328064,5328064,yfinance,2026-07-10T06:58:17.136516+00:00
2026-06-26 07:00:00+00:00,ADA-USD,15m,0.14499999582767487,0.1469999998807907,0.14480000734329224,0.1467999964952469,4002592,4002592,yfinance,2026-07-10T06:58:17.136516+00:00
2026-06-26 07:15:00+00:00,ADA-USD,15m,0.14669999480247498,0.14720000326633453,0.14630000293254852,0.14630000293254852,3964928,3964928,yfinance,2026-07-10T06:58:17.136516+00:00
2026-06-26 07:30:00+00:00,ADA-USD,15m,0.14630000293254852,0.14669999480247498,0.1460999995470047,0.1460999995470047,3959584,3959584,yfinance,2026-07-10T06:58:17.136516+00:00
2026-06-26 07:45:00+00:00,ADA-USD,15m,0.1460999995470047,0.14640000462532043,0.14579999446868896,0.14640000462532043,683936,683936,yfinance,2026-07-10T06:58:17.136516+00:00
2026-06-26 08:00:00+00:00,ADA-USD,15m,0.14640000462532043,0.14669999480247498,0.1451999992132187,0.1453000009059906,1914976,1914976,yfinance,2026-07-10T06:58:17.136516+00:00
2026-06-26 08:15:00+00:00,ADA-USD,15m,0.1453000009059906,0.1453000009059906,0.14480000734329224,0.14480000734329224,989088,989088,yfinance,2026-07-10T06:58:17.136516+00:00
2026-06-26 08:30:00+00:00,ADA-USD,15m,0.14480000734329224,0.14489999413490295,0.1444000005722046,0.1446000039577484,1523808,1523808,yfinance,2026-07-10T06:58:17.136516+00:00
2026-06-26 08:45:00+00:00,ADA-USD,15m,0.1446000039577484,0.14489999413490295,0.1445000022649765,0.14470000565052032,780352,780352,yfinance,2026-07-10T06:58:17.136516+00:00
2026-06-26 09:00:00+00:00,ADA-USD,15m,0.14480000734329224,0.14489999413490295,0.14419999718666077,0.1445000022649765,1058208,1058208,yfinance,2026-07-10T06:58:17.136516+00:00
2026-06-26 09:15:00+00:00,ADA-USD,15m,0.1445000022649765,0.1445000022649765,0.14399999380111694,0.1444000005722046,2022848,2022848,yfinance,2026-07-10T06:58:17.136516+00:00
2026-06-26 09:30:00+00:00,ADA-USD,15m,0.1444000005722046,0.14499999582767487,0.1444000005722046,0.1446000039577484,1882848,1882848,yfinance,2026-07-10T06:58:17.136516+00:00
2026-06-26 09:45:00+00:00,ADA-USD,15m,0.1445000022649765,0.1446000039577484,0.14339999854564667,0.14350000023841858,334240,334240,yfinance,2026-07-10T06:58:17.136516+00:00
2026-06-26 10:00:00+00:00,ADA-USD,15m,0.1436000019311905,0.14399999380111694,0.14329999685287476,0.14390000700950623,4540320,4540320,yfinance,2026-07-10T06:58:17.136516+00:00
2026-06-26 10:15:00+00:00,ADA-USD,15m,0.14390000700950623,0.14409999549388885,0.1437000036239624,0.14390000700950623,132064,132064,yfinance,2026-07-10T06:58:17.136516+00:00
2026-06-26 10:30:00+00:00,ADA-USD,15m,0.14380000531673431,0.14409999549388885,0.14319999516010284,0.14350000023841858,0,0,yfinance,2026-07-10T06:58:17.136516+00:00
2026-06-26 10:45:00+00:00,ADA-USD,15m,0.1436000019311905,0.1437000036239624,0.14319999516010284,0.14339999854564667,239296,239296,yfinance,2026-07-10T06:58:17.136516+00:00
2026-06-26 11:00:00+00:00,ADA-USD,15m,0.14350000023841858,0.14429999887943268,0.14350000023841858,0.14399999380111694,465856,465856,yfinance,2026-07-10T06:58:17.136516+00:00
2026-06-26 11:15:00+00:00,ADA-USD,15m,0.14399999380111694,0.14399999380111694,0.14329999685287476,0.14339999854564667,116288,116288,yfinance,2026-07-10T06:58:17.136516+00:00
2026-06-26 11:30:00+00:00,ADA-USD,15m,0.14339999854564667,0.1437000036239624,0.14309999346733093,0.14329999685287476,0,0,yfinance,2026-07-10T06:58:17.136516+00:00
2026-06-26 11:45:00+00:00,ADA-USD,15m,0.14329999685287476,0.14339999854564667,0.14249999821186066,0.14319999516010284,102272,102272,yfinance,2026-07-10T06:58:17.136516+00:00
2026-06-26 12:00:00+00:00,ADA-USD,15m,0.14319999516010284,0.14350000023841858,0.14309999346733093,0.14339999854564667,372224,372224,yfinance,2026-07-10T06:58:17.136516+00:00
2026-06-26 12:15:00+00:00,ADA-USD,15m,0.14339999854564667,0.14409999549388885,0.14339999854564667,0.14409999549388885,1238688,1238688,yfinance,2026-07-10T06:58:17.136516+00:00
2026-06-26 12:30:00+00:00,ADA-USD,15m,0.14399999380111694,0.14489999413490295,0.14239999651908875,0.14259999990463257,0,0,yfinance,2026-07-10T06:58:17.136516+00:00
2026-06-26 12:45:00+00:00,ADA-USD,15m,0.14270000159740448,0.1437000036239624,0.14239999651908875,0.14259999990463257,1140384,1140384,yfinance,2026-07-10T06:58:17.136516+00:00
2026-06-26 13:00:00+00:00,ADA-USD,15m,0.14270000159740448,0.14309999346733093,0.14229999482631683,0.14259999990463257,0,0,yfinance,2026-07-10T06:58:17.136516+00:00
2026-06-26 13:15:00+00:00,ADA-USD,15m,0.14259999990463257,0.1428000032901764,0.1412999927997589,0.14229999482631683,4333696,4333696,yfinance,2026-07-10T06:58:17.136516+00:00
2026-06-26 13:30:00+00:00,ADA-USD,15m,0.1421000063419342,0.14380000531673431,0.1421000063419342,0.1437000036239624,0,0,yfinance,2026-07-10T06:58:17.136516+00:00
2026-06-26 13:45:00+00:00,ADA-USD,15m,0.1436000019311905,0.14560000598430634,0.14319999516010284,0.14550000429153442,0,0,yfinance,2026-07-10T06:58:17.136516+00:00
2026-06-26 14:00:00+00:00,ADA-USD,15m,0.1454000025987625,0.14579999446868896,0.14419999718666077,0.14489999413490295,0,0,yfinance,2026-07-10T06:58:17.136516+00:00
2026-06-26 14:15:00+00:00,ADA-USD,15m,0.14499999582767487,0.14589999616146088,0.1444000005722046,0.14560000598430634,131456,131456,yfinance,2026-07-10T06:58:17.136516+00:00
2026-06-26 14:30:00+00:00,ADA-USD,15m,0.14560000598430634,0.1459999978542328,0.14419999718666077,0.1446000039577484,0,0,yfinance,2026-07-10T06:58:17.136516+00:00
2026-06-26 14:45:00+00:00,ADA-USD,15m,0.1446000039577484,0.1454000025987625,0.14429999887943268,0.14429999887943268,401312,401312,yfinance,2026-07-10T06:58:17.136516+00:00
2026-06-26 15:00:00+00:00,ADA-USD,15m,0.14429999887943268,0.1453000009059906,0.14390000700950623,0.14470000565052032,746880,746880,yfinance,2026-07-10T06:58:17.136516+00:00
2026-06-26 15:15:00+00:00,ADA-USD,15m,0.14470000565052032,0.1469999998807907,0.1445000022649765,0.1467999964952469,1575840,1575840,yfinance,2026-07-10T06:58:17.136516+00:00
2026-06-26 15:30:00+00:00,ADA-USD,15m,0.1467999964952469,0.14810000360012054,0.14659999310970306,0.14790000021457672,2085728,2085728,yfinance,2026-07-10T06:58:17.136516+00:00
2026-06-26 15:45:00+00:00,ADA-USD,15m,0.14800000190734863,0.14800000190734863,0.14630000293254852,0.14790000021457672,5191200,5191200,yfinance,2026-07-10T06:58:17.136516+00:00
2026-06-26 16:00:00+00:00,ADA-USD,15m,0.14790000021457672,0.14970000088214874,0.14790000021457672,0.14800000190734863,6084032,6084032,yfinance,2026-07-10T06:58:17.136516+00:00
2026-06-26 16:15:00+00:00,ADA-USD,15m,0.14810000360012054,0.148499995470047,0.1468999981880188,0.147599995136261,1117856,1117856,yfinance,2026-07-10T06:58:17.136516+00:00
2026-06-26 16:30:00+00:00,ADA-USD,15m,0.1476999968290329,0.14880000054836273,0.1476999968290329,0.1477999985218048,3115072,3115072,yfinance,2026-07-10T06:58:17.136516+00:00
2026-06-26 16:45:00+00:00,ADA-USD,15m,0.1476999968290329,0.148499995470047,0.1476999968290329,0.1477999985218048,702432,702432,yfinance,2026-07-10T06:58:17.136516+00:00
2026-06-26 17:00:00+00:00,ADA-USD,15m,0.1477999985218048,0.14890000224113464,0.1476999968290329,0.14869999885559082,2431168,2431168,yfinance,2026-07-10T06:58:17.136516+00:00
2026-06-26 17:15:00+00:00,ADA-USD,15m,0.148499995470047,0.14869999885559082,0.14800000190734863,0.148499995470047,162240,162240,yfinance,2026-07-10T06:58:17.136516+00:00
2026-06-26 17:30:00+00:00,ADA-USD,15m,0.148499995470047,0.14869999885559082,0.14790000021457672,0.14830000698566437,0,0,yfinance,2026-07-10T06:58:17.136516+00:00
2026-06-26 17:45:00+00:00,ADA-USD,15m,0.14839999377727509,0.14839999377727509,0.1476999968290329,0.14800000190734863,548288,548288,yfinance,2026-07-10T06:58:17.136516+00:00
2026-06-26 18:00:00+00:00,ADA-USD,15m,0.14790000021457672,0.1485999971628189,0.14790000021457672,0.14820000529289246,1026112,1026112,yfinance,2026-07-10T06:58:17.136516+00:00
2026-06-26 18:15:00+00:00,ADA-USD,15m,0.14820000529289246,0.14820000529289246,0.14710000157356262,0.14720000326633453,0,0,yfinance,2026-07-10T06:58:17.136516+00:00
2026-06-26 18:30:00+00:00,ADA-USD,15m,0.1469999998807907,0.14740000665187836,0.1468999981880188,0.14720000326633453,0,0,yfinance,2026-07-10T06:58:17.136516+00:00
2026-06-26 18:45:00+00:00,ADA-USD,15m,0.1469999998807907,0.1469999998807907,0.14659999310970306,0.14669999480247498,0,0,yfinance,2026-07-10T06:58:17.136516+00:00
2026-06-26 19:00:00+00:00,ADA-USD,15m,0.14669999480247498,0.14800000190734863,0.14630000293254852,0.1476999968290329,809440,809440,yfinance,2026-07-10T06:58:17.136516+00:00
2026-06-26 19:15:00+00:00,ADA-USD,15m,0.14749999344348907,0.1477999985218048,0.14720000326633453,0.1476999968290329,263616,263616,yfinance,2026-07-10T06:58:17.136516+00:00
2026-06-26 19:30:00+00:00,ADA-USD,15m,0.1477999985218048,0.14830000698566437,0.1476999968290329,0.14810000360012054,0,0,yfinance,2026-07-10T06:58:17.136516+00:00
2026-06-26 19:45:00+00:00,ADA-USD,15m,0.14810000360012054,0.14830000698566437,0.14740000665187836,0.14740000665187836,101536,101536,yfinance,2026-07-10T06:58:17.136516+00:00
2026-06-26 20:00:00+00:00,ADA-USD,15m,0.147599995136261,0.14910000562667847,0.147599995136261,0.14810000360012054,3943104,3943104,yfinance,2026-07-10T06:58:17.136516+00:00
2026-06-26 20:15:00+00:00,ADA-USD,15m,0.14820000529289246,0.14839999377727509,0.14790000021457672,0.14820000529289246,1879360,1879360,yfinance,2026-07-10T06:58:17.136516+00:00
2026-06-26 20:30:00+00:00,ADA-USD,15m,0.14800000190734863,0.14800000190734863,0.1469999998807907,0.14710000157356262,1504288,1504288,yfinance,2026-07-10T06:58:17.136516+00:00
2026-06-26 20:45:00+00:00,ADA-USD,15m,0.14720000326633453,0.14749999344348907,0.1469999998807907,0.14720000326633453,2062816,2062816,yfinance,2026-07-10T06:58:17.136516+00:00
2026-06-26 21:00:00+00:00,ADA-USD,15m,0.14720000326633453,0.14720000326633453,0.14669999480247498,0.14710000157356262,2047360,2047360,yfinance,2026-07-10T06:58:17.136516+00:00
2026-06-26 21:15:00+00:00,ADA-USD,15m,0.14710000157356262,0.14730000495910645,0.1467999964952469,0.14730000495910645,412768,412768,yfinance,2026-07-10T06:58:17.136516+00:00
2026-06-26 21:30:00+00:00,ADA-USD,15m,0.14730000495910645,0.14790000021457672,0.14730000495910645,0.1477999985218048,206432,206432,yfinance,2026-07-10T06:58:17.136516+00:00
2026-06-26 21:45:00+00:00,ADA-USD,15m,0.1477999985218048,0.1477999985218048,0.1469999998807907,0.1469999998807907,303936,303936,yfinance,2026-07-10T06:58:17.136516+00:00
2026-06-26 22:00:00+00:00,ADA-USD,15m,0.1468999981880188,0.14720000326633453,0.1462000012397766,0.1469999998807907,0,0,yfinance,2026-07-10T06:58:17.136516+00:00
2026-06-26 22:15:00+00:00,ADA-USD,15m,0.1468999981880188,0.1469999998807907,0.14669999480247498,0.1467999964952469,6624,6624,yfinance,2026-07-10T06:58:17.136516+00:00
2026-06-26 22:30:00+00:00,ADA-USD,15m,0.1467999964952469,0.14720000326633453,0.1467999964952469,0.1469999998807907,575488,575488,yfinance,2026-07-10T06:58:17.136516+00:00
2026-06-26 22:45:00+00:00,ADA-USD,15m,0.1469999998807907,0.14800000190734863,0.1468999981880188,0.14790000021457672,1618048,1618048,yfinance,2026-07-10T06:58:17.136516+00:00
2026-06-26 23:00:00+00:00,ADA-USD,15m,0.14790000021457672,0.14910000562667847,0.1477999985218048,0.14880000054836273,2101984,2101984,yfinance,2026-07-10T06:58:17.136516+00:00
2026-06-26 23:15:00+00:00,ADA-USD,15m,0.14880000054836273,0.14900000393390656,0.14820000529289246,0.14820000529289246,4560416,4560416,yfinance,2026-07-10T06:58:17.136516+00:00
2026-06-26 23:30:00+00:00,ADA-USD,15m,0.14810000360012054,0.148499995470047,0.14810000360012054,0.14839999377727509,0,0,yfinance,2026-07-10T06:58:17.136516+00:00
2026-06-26 23:45:00+00:00,ADA-USD,15m,0.148499995470047,0.1485999971628189,0.14810000360012054,0.14820000529289246,8256,8256,yfinance,2026-07-10T06:58:17.136516+00:00
2026-06-27 00:00:00+00:00,ADA-USD,15m,0.14830000698566437,0.14890000224113464,0.14830000698566437,0.148499995470047,1711616,1711616,yfinance,2026-07-10T06:58:17.136516+00:00
2026-06-27 00:15:00+00:00,ADA-USD,15m,0.148499995470047,0.1485999971628189,0.14790000021457672,0.14800000190734863,417248,417248,yfinance,2026-07-10T06:58:17.136516+00:00
2026-06-27 00:30:00+00:00,ADA-USD,15m,0.14800000190734863,0.14800000190734863,0.14710000157356262,0.14749999344348907,0,0,yfinance,2026-07-10T06:58:17.136516+00:00
2026-06-27 00:45:00+00:00,ADA-USD,15m,0.14749999344348907,0.14810000360012054,0.14720000326633453,0.14800000190734863,496896,496896,yfinance,2026-07-10T06:58:17.136516+00:00
2026-06-27 01:00:00+00:00,ADA-USD,15m,0.14800000190734863,0.14800000190734863,0.14749999344348907,0.147599995136261,0,0,yfinance,2026-07-10T06:58:17.136516+00:00
2026-06-27 01:15:00+00:00,ADA-USD,15m,0.147599995136261,0.14790000021457672,0.147599995136261,0.14790000021457672,308608,308608,yfinance,2026-07-10T06:58:17.136516+00:00
2026-06-27 01:30:00+00:00,ADA-USD,15m,0.14790000021457672,0.14820000529289246,0.1476999968290329,0.14820000529289246,0,0,yfinance,2026-07-10T06:58:17.136516+00:00
2026-06-27 01:45:00+00:00,ADA-USD,15m,0.14820000529289246,0.14820000529289246,0.14790000021457672,0.14800000190734863,0,0,yfinance,2026-07-10T06:58:17.136516+00:00
2026-06-27 02:00:00+00:00,ADA-USD,15m,0.14800000190734863,0.14830000698566437,0.147599995136261,0.14830000698566437,1047648,1047648,yfinance,2026-07-10T06:58:17.136516+00:00
2026-06-27 02:15:00+00:00,ADA-USD,15m,0.14830000698566437,0.14920000731945038,0.14820000529289246,0.14890000224113464,0,0,yfinance,2026-07-10T06:58:17.136516+00:00
2026-06-27 02:30:00+00:00,ADA-USD,15m,0.14880000054836273,0.149399995803833,0.1485999971628189,0.1492999941110611,0,0,yfinance,2026-07-10T06:58:17.136516+00:00
2026-06-27 02:45:00+00:00,ADA-USD,15m,0.14920000731945038,0.1492999941110611,0.14869999885559082,0.14890000224113464,281888,281888,yfinance,2026-07-10T06:58:17.136516+00:00
2026-06-27 03:00:00+00:00,ADA-USD,15m,0.14869999885559082,0.14910000562667847,0.14800000190734863,0.14830000698566437,0,0,yfinance,2026-07-10T06:58:17.136516+00:00
2026-06-27 03:15:00+00:00,ADA-USD,15m,0.14830000698566437,0.14900000393390656,0.14830000698566437,0.148499995470047,274816,274816,yfinance,2026-07-10T06:58:17.136516+00:00
2026-06-27 03:30:00+00:00,ADA-USD,15m,0.14839999377727509,0.148499995470047,0.14810000360012054,0.14830000698566437,0,0,yfinance,2026-07-10T06:58:17.136516+00:00
2026-06-27 03:45:00+00:00,ADA-USD,15m,0.14820000529289246,0.14839999377727509,0.14790000021457672,0.14800000190734863,0,0,yfinance,2026-07-10T06:58:17.136516+00:00
2026-06-27 04:00:00+00:00,ADA-USD,15m,0.14810000360012054,0.14869999885559082,0.14800000190734863,0.1485999971628189,0,0,yfinance,2026-07-10T06:58:17.136516+00:00
2026-06-27 04:15:00+00:00,ADA-USD,15m,0.148499995470047,0.14880000054836273,0.14839999377727509,0.14839999377727509,706336,706336,yfinance,2026-07-10T06:58:17.136516+00:00
2026-06-27 04:30:00+00:00,ADA-USD,15m,0.14830000698566437,0.14839999377727509,0.14810000360012054,0.14810000360012054,0,0,yfinance,2026-07-10T06:58:17.136516+00:00
2026-06-27 04:45:00+00:00,ADA-USD,15m,0.14810000360012054,0.14830000698566437,0.14790000021457672,0.14800000190734863,0,0,yfinance,2026-07-10T06:58:17.136516+00:00
2026-06-27 05:00:00+00:00,ADA-USD,15m,0.14810000360012054,0.14820000529289246,0.147599995136261,0.14800000190734863,0,0,yfinance,2026-07-10T06:58:17.136516+00:00
2026-06-27 05:15:00+00:00,ADA-USD,15m,0.1477999985218048,0.1477999985218048,0.14710000157356262,0.14720000326633453,0,0,yfinance,2026-07-10T06:58:17.136516+00:00
2026-06-27 05:30:00+00:00,ADA-USD,15m,0.14720000326633453,0.1476999968290329,0.14720000326633453,0.1476999968290329,0,0,yfinance,2026-07-10T06:58:17.136516+00:00
2026-06-27 05:45:00+00:00,ADA-USD,15m,0.1476999968290329,0.14800000190734863,0.147599995136261,0.1477999985218048,461728,461728,yfinance,2026-07-10T06:58:17.136516+00:00
2026-06-27 06:00:00+00:00,ADA-USD,15m,0.1476999968290329,0.1476999968290329,0.1469999998807907,0.14710000157356262,0,0,yfinance,2026-07-10T06:58:17.136516+00:00
2026-06-27 06:15:00+00:00,ADA-USD,15m,0.14710000157356262,0.14740000665187836,0.14710000157356262,0.14730000495910645,0,0,yfinance,2026-07-10T06:58:17.136516+00:00
2026-06-27 06:30:00+00:00,ADA-USD,15m,0.14730000495910645,0.14790000021457672,0.14720000326633453,0.1476999968290329,0,0,yfinance,2026-07-10T06:58:17.136516+00:00
2026-06-27 06:45:00+00:00,ADA-USD,15m,0.1477999985218048,0.14800000190734863,0.14740000665187836,0.147599995136261,0,0,yfinance,2026-07-10T06:58:17.136516+00:00
2026-06-27 07:00:00+00:00,ADA-USD,15m,0.147599995136261,0.1476999968290329,0.14740000665187836,0.14749999344348907,0,0,yfinance,2026-07-10T06:58:17.136516+00:00
2026-06-27 07:15:00+00:00,ADA-USD,15m,0.14740000665187836,0.14790000021457672,0.14740000665187836,0.1476999968290329,0,0,yfinance,2026-07-10T06:58:17.136516+00:00
2026-06-27 07:30:00+00:00,ADA-USD,15m,0.1476999968290329,0.1476999968290329,0.14749999344348907,0.147599995136261,0,0,yfinance,2026-07-10T06:58:17.136516+00:00
2026-06-27 07:45:00+00:00,ADA-USD,15m,0.147599995136261,0.1476999968290329,0.14740000665187836,0.14749999344348907,0,0,yfinance,2026-07-10T06:58:17.136516+00:00
2026-06-27 08:00:00+00:00,ADA-USD,15m,0.14730000495910645,0.14749999344348907,0.14720000326633453,0.14730000495910645,0,0,yfinance,2026-07-10T06:58:17.136516+00:00
2026-06-27 08:15:00+00:00,ADA-USD,15m,0.14730000495910645,0.14740000665187836,0.14720000326633453,0.14740000665187836,0,0,yfinance,2026-07-10T06:58:17.136516+00:00
2026-06-27 08:30:00+00:00,ADA-USD,15m,0.14740000665187836,0.14749999344348907,0.1467999964952469,0.1468999981880188,0,0,yfinance,2026-07-10T06:58:17.136516+00:00
2026-06-27 08:45:00+00:00,ADA-USD,15m,0.1468999981880188,0.14749999344348907,0.1468999981880188,0.14710000157356262,229760,229760,yfinance,2026-07-10T06:58:17.136516+00:00
2026-06-27 09:00:00+00:00,ADA-USD,15m,0.14710000157356262,0.14730000495910645,0.14669999480247498,0.14669999480247498,0,0,yfinance,2026-07-10T06:58:17.136516+00:00
2026-06-27 09:15:00+00:00,ADA-USD,15m,0.14659999310970306,0.1467999964952469,0.14650000631809235,0.14659999310970306,312608,312608,yfinance,2026-07-10T06:58:17.136516+00:00
2026-06-27 09:30:00+00:00,ADA-USD,15m,0.14659999310970306,0.1468999981880188,0.14650000631809235,0.14669999480247498,0,0,yfinance,2026-07-10T06:58:17.136516+00:00
2026-06-27 09:45:00+00:00,ADA-USD,15m,0.14669999480247498,0.1469999998807907,0.14669999480247498,0.1469999998807907,0,0,yfinance,2026-07-10T06:58:17.136516+00:00
2026-06-27 10:00:00+00:00,ADA-USD,15m,0.1469999998807907,0.14710000157356262,0.1468999981880188,0.1469999998807907,0,0,yfinance,2026-07-10T06:58:17.136516+00:00
2026-06-27 10:15:00+00:00,ADA-USD,15m,0.1469999998807907,0.14710000157356262,0.1467999964952469,0.1468999981880188,0,0,yfinance,2026-07-10T06:58:17.136516+00:00
2026-06-27 10:30:00+00:00,ADA-USD,15m,0.1468999981880188,0.14720000326633453,0.1467999964952469,0.1469999998807907,395936,395936,yfinance,2026-07-10T06:58:17.136516+00:00
2026-06-27 10:45:00+00:00,ADA-USD,15m,0.14710000157356262,0.14720000326633453,0.1469999998807907,0.14720000326633453,0,0,yfinance,2026-07-10T06:58:17.136516+00:00
2026-06-27 11:00:00+00:00,ADA-USD,15m,0.14720000326633453,0.14730000495910645,0.1467999964952469,0.14710000157356262,0,0,yfinance,2026-07-10T06:58:17.136516+00:00
2026-06-27 11:15:00+00:00,ADA-USD,15m,0.1469999998807907,0.1469999998807907,0.1462000012397766,0.1462000012397766,555744,555744,yfinance,2026-07-10T06:58:17.136516+00:00
2026-06-27 11:30:00+00:00,ADA-USD,15m,0.1462000012397766,0.1467999964952469,0.1462000012397766,0.14669999480247498,2401984,2401984,yfinance,2026-07-10T06:58:17.136516+00:00
2026-06-27 11:45:00+00:00,ADA-USD,15m,0.14669999480247498,0.14710000157356262,0.14669999480247498,0.14710000157356262,186624,186624,yfinance,2026-07-10T06:58:17.136516+00:00
2026-06-27 12:00:00+00:00,ADA-USD,15m,0.14710000157356262,0.14710000157356262,0.14659999310970306,0.14669999480247498,0,0,yfinance,2026-07-10T06:58:17.136516+00:00
2026-06-27 12:15:00+00:00,ADA-USD,15m,0.14669999480247498,0.1468999981880188,0.14659999310970306,0.14669999480247498,0,0,yfinance,2026-07-10T06:58:17.136516+00:00
2026-06-27 12:30:00+00:00,ADA-USD,15m,0.14669999480247498,0.1467999964952469,0.14650000631809235,0.1467999964952469,0,0,yfinance,2026-07-10T06:58:17.136516+00:00
2026-06-27 12:45:00+00:00,ADA-USD,15m,0.14669999480247498,0.14720000326633453,0.14659999310970306,0.14720000326633453,0,0,yfinance,2026-07-10T06:58:17.136516+00:00
2026-06-27 13:00:00+00:00,ADA-USD,15m,0.14720000326633453,0.14730000495910645,0.14710000157356262,0.14730000495910645,0,0,yfinance,2026-07-10T06:58:17.136516+00:00
2026-06-27 13:15:00+00:00,ADA-USD,15m,0.14730000495910645,0.147599995136261,0.14710000157356262,0.147599995136261,0,0,yfinance,2026-07-10T06:58:17.136516+00:00
2026-06-27 13:30:00+00:00,ADA-USD,15m,0.14740000665187836,0.14810000360012054,0.14740000665187836,0.14810000360012054,0,0,yfinance,2026-07-10T06:58:17.136516+00:00
2026-06-27 13:45:00+00:00,ADA-USD,15m,0.14790000021457672,0.14810000360012054,0.147599995136261,0.1476999968290329,0,0,yfinance,2026-07-10T06:58:17.136516+00:00
2026-06-27 14:00:00+00:00,ADA-USD,15m,0.1476999968290329,0.148499995470047,0.147599995136261,0.148499995470047,0,0,yfinance,2026-07-10T06:58:17.136516+00:00
2026-06-27 14:15:00+00:00,ADA-USD,15m,0.148499995470047,0.1485999971628189,0.14820000529289246,0.148499995470047,0,0,yfinance,2026-07-10T06:58:17.136516+00:00
2026-06-27 14:30:00+00:00,ADA-USD,15m,0.148499995470047,0.1485999971628189,0.14800000190734863,0.1485999971628189,0,0,yfinance,2026-07-10T06:58:17.136516+00:00
2026-06-27 14:45:00+00:00,ADA-USD,15m,0.1485999971628189,0.14880000054836273,0.14830000698566437,0.14830000698566437,17632,17632,yfinance,2026-07-10T06:58:17.136516+00:00
2026-06-27 15:00:00+00:00,ADA-USD,15m,0.14839999377727509,0.14900000393390656,0.14820000529289246,0.14890000224113464,0,0,yfinance,2026-07-10T06:58:17.136516+00:00
2026-06-27 15:15:00+00:00,ADA-USD,15m,0.14880000054836273,0.14880000054836273,0.14830000698566437,0.14880000054836273,322016,322016,yfinance,2026-07-10T06:58:17.136516+00:00
2026-06-27 15:30:00+00:00,ADA-USD,15m,0.14880000054836273,0.14910000562667847,0.1485999971628189,0.14880000054836273,0,0,yfinance,2026-07-10T06:58:17.136516+00:00
2026-06-27 15:45:00+00:00,ADA-USD,15m,0.14880000054836273,0.14890000224113464,0.148499995470047,0.14869999885559082,0,0,yfinance,2026-07-10T06:58:17.136516+00:00
2026-06-27 16:00:00+00:00,ADA-USD,15m,0.14869999885559082,0.14880000054836273,0.14839999377727509,0.14839999377727509,0,0,yfinance,2026-07-10T06:58:17.136516+00:00
2026-06-27 16:15:00+00:00,ADA-USD,15m,0.14839999377727509,0.14839999377727509,0.14790000021457672,0.14830000698566437,0,0,yfinance,2026-07-10T06:58:17.136516+00:00
2026-06-27 16:30:00+00:00,ADA-USD,15m,0.14830000698566437,0.14839999377727509,0.14810000360012054,0.14820000529289246,0,0,yfinance,2026-07-10T06:58:17.136516+00:00
2026-06-27 16:45:00+00:00,ADA-USD,15m,0.14810000360012054,0.14830000698566437,0.14790000021457672,0.14820000529289246,0,0,yfinance,2026-07-10T06:58:17.136516+00:00
2026-06-27 17:00:00+00:00,ADA-USD,15m,0.14820000529289246,0.14820000529289246,0.1467999964952469,0.14730000495910645,1269856,1269856,yfinance,2026-07-10T06:58:17.136516+00:00
2026-06-27 17:15:00+00:00,ADA-USD,15m,0.14730000495910645,0.14730000495910645,0.1468999981880188,0.1469999998807907,207712,207712,yfinance,2026-07-10T06:58:17.136516+00:00
2026-06-27 17:30:00+00:00,ADA-USD,15m,0.1469999998807907,0.14730000495910645,0.1467999964952469,0.1469999998807907,768224,768224,yfinance,2026-07-10T06:58:17.136516+00:00
2026-06-27 17:45:00+00:00,ADA-USD,15m,0.1469999998807907,0.1469999998807907,0.14640000462532043,0.14640000462532043,71648,71648,yfinance,2026-07-10T06:58:17.136516+00:00
2026-06-27 18:00:00+00:00,ADA-USD,15m,0.14650000631809235,0.14659999310970306,0.14630000293254852,0.14640000462532043,403072,403072,yfinance,2026-07-10T06:58:17.136516+00:00
2026-06-27 18:15:00+00:00,ADA-USD,15m,0.14640000462532043,0.14659999310970306,0.1459999978542328,0.14640000462532043,459968,459968,yfinance,2026-07-10T06:58:17.136516+00:00
2026-06-27 18:30:00+00:00,ADA-USD,15m,0.14630000293254852,0.14669999480247498,0.14630000293254852,0.14650000631809235,322784,322784,yfinance,2026-07-10T06:58:17.136516+00:00
2026-06-27 18:45:00+00:00,ADA-USD,15m,0.14650000631809235,0.1467999964952469,0.14650000631809235,0.14669999480247498,24992,24992,yfinance,2026-07-10T06:58:17.136516+00:00
2026-06-27 19:00:00+00:00,ADA-USD,15m,0.14669999480247498,0.1467999964952469,0.14659999310970306,0.14659999310970306,0,0,yfinance,2026-07-10T06:58:17.136516+00:00
2026-06-27 19:15:00+00:00,ADA-USD,15m,0.14659999310970306,0.14669999480247498,0.1454000025987625,0.14569999277591705,0,0,yfinance,2026-07-10T06:58:17.136516+00:00
2026-06-27 19:30:00+00:00,ADA-USD,15m,0.14569999277591705,0.14569999277591705,0.14480000734329224,0.1453000009059906,1677568,1677568,yfinance,2026-07-10T06:58:17.136516+00:00
2026-06-27 19:45:00+00:00,ADA-USD,15m,0.1453000009059906,0.14550000429153442,0.14509999752044678,0.14509999752044678,0,0,yfinance,2026-07-10T06:58:17.136516+00:00
2026-06-27 20:00:00+00:00,ADA-USD,15m,0.14509999752044678,0.14569999277591705,0.14509999752044678,0.14550000429153442,0,0,yfinance,2026-07-10T06:58:17.136516+00:00
2026-06-27 20:15:00+00:00,ADA-USD,15m,0.14550000429153442,0.14560000598430634,0.1454000025987625,0.1454000025987625,0,0,yfinance,2026-07-10T06:58:17.136516+00:00
2026-06-27 20:30:00+00:00,ADA-USD,15m,0.1454000025987625,0.14560000598430634,0.1453000009059906,0.1453000009059906,0,0,yfinance,2026-07-10T06:58:17.136516+00:00
2026-06-27 20:45:00+00:00,ADA-USD,15m,0.1453000009059906,0.14550000429153442,0.1451999992132187,0.1453000009059906,0,0,yfinance,2026-07-10T06:58:17.136516+00:00
2026-06-27 21:00:00+00:00,ADA-USD,15m,0.1454000025987625,0.14579999446868896,0.1453000009059906,0.14579999446868896,0,0,yfinance,2026-07-10T06:58:17.136516+00:00
2026-06-27 21:15:00+00:00,ADA-USD,15m,0.14579999446868896,0.14579999446868896,0.14550000429153442,0.14560000598430634,576032,576032,yfinance,2026-07-10T06:58:17.136516+00:00
2026-06-27 21:30:00+00:00,ADA-USD,15m,0.14560000598430634,0.14589999616146088,0.1446000039577484,0.14480000734329224,15328,15328,yfinance,2026-07-10T06:58:17.136516+00:00
2026-06-27 21:45:00+00:00,ADA-USD,15m,0.14489999413490295,0.1451999992132187,0.1445000022649765,0.14470000565052032,472752,472752,yfinance,2026-07-10T06:58:17.136516+00:00
2026-06-27 22:00:00+00:00,ADA-USD,15m,0.1446000039577484,0.14489999413490295,0.14429999887943268,0.1446000039577484,318976,318976,yfinance,2026-07-10T06:58:17.136516+00:00
2026-06-27 22:15:00+00:00,ADA-USD,15m,0.1444000005722046,0.14470000565052032,0.1437000036239624,0.1446000039577484,2171568,2171568,yfinance,2026-07-10T06:58:17.136516+00:00
2026-06-27 22:30:00+00:00,ADA-USD,15m,0.1445000022649765,0.1451999992132187,0.1445000022649765,0.14499999582767487,2137488,2137488,yfinance,2026-07-10T06:58:17.136516+00:00
2026-06-27 22:45:00+00:00,ADA-USD,15m,0.14489999413490295,0.14550000429153442,0.14489999413490295,0.14550000429153442,116576,116576,yfinance,2026-07-10T06:58:17.136516+00:00
2026-06-27 23:00:00+00:00,ADA-USD,15m,0.14550000429153442,0.14579999446868896,0.14499999582767487,0.14509999752044678,0,0,yfinance,2026-07-10T06:58:17.136516+00:00
2026-06-27 23:15:00+00:00,ADA-USD,15m,0.14509999752044678,0.1454000025987625,0.14489999413490295,0.14489999413490295,0,0,yfinance,2026-07-10T06:58:17.136516+00:00
2026-06-27 23:30:00+00:00,ADA-USD,15m,0.14489999413490295,0.1453000009059906,0.14489999413490295,0.1453000009059906,71760,71760,yfinance,2026-07-10T06:58:17.136516+00:00
2026-06-27 23:45:00+00:00,ADA-USD,15m,0.1451999992132187,0.1453000009059906,0.14499999582767487,0.14509999752044678,0,0,yfinance,2026-07-10T06:58:17.136516+00:00
2026-06-28 00:00:00+00:00,ADA-USD,15m,0.14509999752044678,0.1454000025987625,0.14499999582767487,0.1453000009059906,0,0,yfinance,2026-07-10T06:58:17.136516+00:00
2026-06-28 00:15:00+00:00,ADA-USD,15m,0.1453000009059906,0.14579999446868896,0.1453000009059906,0.14550000429153442,0,0,yfinance,2026-07-10T06:58:17.136516+00:00
2026-06-28 00:30:00+00:00,ADA-USD,15m,0.14550000429153442,0.14569999277591705,0.1453000009059906,0.14569999277591705,150528,150528,yfinance,2026-07-10T06:58:17.136516+00:00
2026-06-28 00:45:00+00:00,ADA-USD,15m,0.14569999277591705,0.14569999277591705,0.1454000025987625,0.1454000025987625,130864,130864,yfinance,2026-07-10T06:58:17.136516+00:00
2026-06-28 01:00:00+00:00,ADA-USD,15m,0.1454000025987625,0.1454000025987625,0.14470000565052032,0.14489999413490295,89536,89536,yfinance,2026-07-10T06:58:17.136516+00:00
2026-06-28 01:15:00+00:00,ADA-USD,15m,0.14489999413490295,0.1453000009059906,0.14489999413490295,0.1451999992132187,0,0,yfinance,2026-07-10T06:58:17.136516+00:00
2026-06-28 01:30:00+00:00,ADA-USD,15m,0.1451999992132187,0.1453000009059906,0.14499999582767487,0.1451999992132187,0,0,yfinance,2026-07-10T06:58:17.136516+00:00
2026-06-28 01:45:00+00:00,ADA-USD,15m,0.1451999992132187,0.1453000009059906,0.14509999752044678,0.1451999992132187,385600,385600,yfinance,2026-07-10T06:58:17.136516+00:00
2026-06-28 02:00:00+00:00,ADA-USD,15m,0.1453000009059906,0.14550000429153442,0.1453000009059906,0.14550000429153442,0,0,yfinance,2026-07-10T06:58:17.136516+00:00
2026-06-28 02:15:00+00:00,ADA-USD,15m,0.14550000429153442,0.14560000598430634,0.1445000022649765,0.14480000734329224,0,0,yfinance,2026-07-10T06:58:17.136516+00:00
2026-06-28 02:30:00+00:00,ADA-USD,15m,0.14480000734329224,0.14480000734329224,0.1446000039577484,0.14480000734329224,0,0,yfinance,2026-07-10T06:58:17.136516+00:00
2026-06-28 02:45:00+00:00,ADA-USD,15m,0.14480000734329224,0.14480000734329224,0.1444000005722046,0.14470000565052032,0,0,yfinance,2026-07-10T06:58:17.136516+00:00
2026-06-28 03:00:00+00:00,ADA-USD,15m,0.14470000565052032,0.1453000009059906,0.14470000565052032,0.1451999992132187,0,0,yfinance,2026-07-10T06:58:17.136516+00:00
2026-06-28 03:15:00+00:00,ADA-USD,15m,0.14509999752044678,0.1451999992132187,0.14499999582767487,0.14509999752044678,0,0,yfinance,2026-07-10T06:58:17.136516+00:00
2026-06-28 03:30:00+00:00,ADA-USD,15m,0.14509999752044678,0.1451999992132187,0.14480000734329224,0.14489999413490295,0,0,yfinance,2026-07-10T06:58:17.136516+00:00
2026-06-28 03:45:00+00:00,ADA-USD,15m,0.14489999413490295,0.1453000009059906,0.14489999413490295,0.1453000009059906,0,0,yfinance,2026-07-10T06:58:17.136516+00:00
2026-06-28 04:00:00+00:00,ADA-USD,15m,0.1453000009059906,0.1453000009059906,0.14489999413490295,0.14499999582767487,0,0,yfinance,2026-07-10T06:58:17.136516+00:00
2026-06-28 04:15:00+00:00,ADA-USD,15m,0.14499999582767487,0.1453000009059906,0.14489999413490295,0.14509999752044678,0,0,yfinance,2026-07-10T06:58:17.136516+00:00
2026-06-28 04:30:00+00:00,ADA-USD,15m,0.14499999582767487,0.14509999752044678,0.1445000022649765,0.14499999582767487,158480,158480,yfinance,2026-07-10T06:58:17.136516+00:00
2026-06-28 04:45:00+00:00,ADA-USD,15m,0.14499999582767487,0.14509999752044678,0.14480000734329224,0.14480000734329224,0,0,yfinance,2026-07-10T06:58:17.136516+00:00
2026-06-28 05:00:00+00:00,ADA-USD,15m,0.14480000734329224,0.14499999582767487,0.1444000005722046,0.1446000039577484,0,0,yfinance,2026-07-10T06:58:17.136516+00:00
2026-06-28 05:15:00+00:00,ADA-USD,15m,0.1446000039577484,0.1446000039577484,0.1437000036239624,0.14399999380111694,0,0,yfinance,2026-07-10T06:58:17.136516+00:00
2026-06-28 05:30:00+00:00,ADA-USD,15m,0.14390000700950623,0.14429999887943268,0.14380000531673431,0.14429999887943268,17600,17600,yfinance,2026-07-10T06:58:17.136516+00:00
2026-06-28 05:45:00+00:00,ADA-USD,15m,0.14429999887943268,0.1444000005722046,0.14419999718666077,0.14429999887943268,171504,171504,yfinance,2026-07-10T06:58:17.136516+00:00
2026-06-28 06:00:00+00:00,ADA-USD,15m,0.14429999887943268,0.1444000005722046,0.14329999685287476,0.14329999685287476,0,0,yfinance,2026-07-10T06:58:17.136516+00:00
2026-06-28 06:15:00+00:00,ADA-USD,15m,0.14329999685287476,0.14380000531673431,0.14319999516010284,0.14380000531673431,915312,915312,yfinance,2026-07-10T06:58:17.136516+00:00
2026-06-28 06:30:00+00:00,ADA-USD,15m,0.1437000036239624,0.14399999380111694,0.1437000036239624,0.14380000531673431,126800,126800,yfinance,2026-07-10T06:58:17.136516+00:00
2026-06-28 06:45:00+00:00,ADA-USD,15m,0.14380000531673431,0.14409999549388885,0.1437000036239624,0.14399999380111694,0,0,yfinance,2026-07-10T06:58:17.136516+00:00
2026-06-28 07:00:00+00:00,ADA-USD,15m,0.14409999549388885,0.14480000734329224,0.14399999380111694,0.1446000039577484,850496,850496,yfinance,2026-07-10T06:58:17.136516+00:00
2026-06-28 07:15:00+00:00,ADA-USD,15m,0.1446000039577484,0.14470000565052032,0.14429999887943268,0.14429999887943268,0,0,yfinance,2026-07-10T06:58:17.136516+00:00
2026-06-28 07:30:00+00:00,ADA-USD,15m,0.14429999887943268,0.14489999413490295,0.14419999718666077,0.14470000565052032,397904,397904,yfinance,2026-07-10T06:58:17.136516+00:00
2026-06-28 07:45:00+00:00,ADA-USD,15m,0.14470000565052032,0.14509999752044678,0.14470000565052032,0.14509999752044678,891728,891728,yfinance,2026-07-10T06:58:17.136516+00:00
2026-06-28 08:00:00+00:00,ADA-USD,15m,0.14509999752044678,0.1454000025987625,0.14480000734329224,0.14480000734329224,104512,104512,yfinance,2026-07-10T06:58:17.136516+00:00
2026-06-28 08:15:00+00:00,ADA-USD,15m,0.14480000734329224,0.1451999992132187,0.14480000734329224,0.14489999413490295,0,0,yfinance,2026-07-10T06:58:17.136516+00:00
2026-06-28 08:30:00+00:00,ADA-USD,15m,0.14489999413490295,0.14630000293254852,0.14489999413490295,0.1459999978542328,1817152,1817152,yfinance,2026-07-10T06:58:17.136516+00:00
2026-06-28 08:45:00+00:00,ADA-USD,15m,0.1460999995470047,0.1462000012397766,0.14569999277591705,0.14569999277591705,157920,157920,yfinance,2026-07-10T06:58:17.136516+00:00
2026-06-28 09:00:00+00:00,ADA-USD,15m,0.14560000598430634,0.14589999616146088,0.1453000009059906,0.14569999277591705,197344,197344,yfinance,2026-07-10T06:58:17.136516+00:00
2026-06-28 09:15:00+00:00,ADA-USD,15m,0.14569999277591705,0.14579999446868896,0.14560000598430634,0.14560000598430634,180000,180000,yfinance,2026-07-10T06:58:17.136516+00:00
2026-06-28 09:30:00+00:00,ADA-USD,15m,0.14560000598430634,0.14569999277591705,0.1454000025987625,0.14569999277591705,474928,474928,yfinance,2026-07-10T06:58:17.136516+00:00
2026-06-28 09:45:00+00:00,ADA-USD,15m,0.14569999277591705,0.14569999277591705,0.1445000022649765,0.14470000565052032,643376,643376,yfinance,2026-07-10T06:58:17.136516+00:00
2026-06-28 10:00:00+00:00,ADA-USD,15m,0.1446000039577484,0.14499999582767487,0.14429999887943268,0.14489999413490295,162768,162768,yfinance,2026-07-10T06:58:17.136516+00:00
2026-06-28 10:15:00+00:00,ADA-USD,15m,0.14489999413490295,0.14489999413490295,0.14409999549388885,0.14419999718666077,81968,81968,yfinance,2026-07-10T06:58:17.136516+00:00
2026-06-28 10:30:00+00:00,ADA-USD,15m,0.14419999718666077,0.1445000022649765,0.14419999718666077,0.1444000005722046,22912,22912,yfinance,2026-07-10T06:58:17.136516+00:00
2026-06-28 10:45:00+00:00,ADA-USD,15m,0.1445000022649765,0.14470000565052032,0.1444000005722046,0.14470000565052032,306096,306096,yfinance,2026-07-10T06:58:17.136516+00:00
2026-06-28 11:00:00+00:00,ADA-USD,15m,0.14480000734329224,0.14499999582767487,0.1445000022649765,0.1445000022649765,13296,13296,yfinance,2026-07-10T06:58:17.136516+00:00
2026-06-28 11:15:00+00:00,ADA-USD,15m,0.1445000022649765,0.14509999752044678,0.1444000005722046,0.14499999582767487,0,0,yfinance,2026-07-10T06:58:17.136516+00:00
2026-06-28 11:30:00+00:00,ADA-USD,15m,0.14489999413490295,0.14509999752044678,0.1445000022649765,0.14509999752044678,0,0,yfinance,2026-07-10T06:58:17.136516+00:00
2026-06-28 11:45:00+00:00,ADA-USD,15m,0.1451999992132187,0.1454000025987625,0.14489999413490295,0.1451999992132187,592128,592128,yfinance,2026-07-10T06:58:17.136516+00:00
2026-06-28 12:00:00+00:00,ADA-USD,15m,0.1451999992132187,0.1451999992132187,0.14470000565052032,0.14470000565052032,0,0,yfinance,2026-07-10T06:58:17.136516+00:00
2026-06-28 12:15:00+00:00,ADA-USD,15m,0.14480000734329224,0.1451999992132187,0.1444000005722046,0.1451999992132187,385360,385360,yfinance,2026-07-10T06:58:17.136516+00:00
2026-06-28 12:30:00+00:00,ADA-USD,15m,0.14509999752044678,0.14550000429153442,0.1445000022649765,0.14470000565052032,0,0,yfinance,2026-07-10T06:58:17.136516+00:00
2026-06-28 12:45:00+00:00,ADA-USD,15m,0.14470000565052032,0.14480000734329224,0.1446000039577484,0.14480000734329224,72656,72656,yfinance,2026-07-10T06:58:17.136516+00:00
2026-06-28 13:00:00+00:00,ADA-USD,15m,0.14480000734329224,0.14480000734329224,0.14390000700950623,0.1444000005722046,1587088,1587088,yfinance,2026-07-10T06:58:17.136516+00:00
2026-06-28 13:15:00+00:00,ADA-USD,15m,0.1444000005722046,0.1444000005722046,0.14399999380111694,0.14429999887943268,714560,714560,yfinance,2026-07-10T06:58:17.136516+00:00
2026-06-28 13:30:00+00:00,ADA-USD,15m,0.14419999718666077,0.1446000039577484,0.14419999718666077,0.1445000022649765,64224,64224,yfinance,2026-07-10T06:58:17.136516+00:00
2026-06-28 13:45:00+00:00,ADA-USD,15m,0.1446000039577484,0.1446000039577484,0.14399999380111694,0.14419999718666077,72336,72336,yfinance,2026-07-10T06:58:17.136516+00:00
2026-06-28 14:00:00+00:00,ADA-USD,15m,0.14419999718666077,0.1445000022649765,0.14399999380111694,0.1445000022649765,1157024,1157024,yfinance,2026-07-10T06:58:17.136516+00:00
2026-06-28 14:15:00+00:00,ADA-USD,15m,0.1445000022649765,0.1451999992132187,0.1445000022649765,0.14480000734329224,0,0,yfinance,2026-07-10T06:58:17.136516+00:00
2026-06-28 14:30:00+00:00,ADA-USD,15m,0.14470000565052032,0.14489999413490295,0.1446000039577484,0.14470000565052032,228064,228064,yfinance,2026-07-10T06:58:17.136516+00:00
2026-06-28 14:45:00+00:00,ADA-USD,15m,0.1446000039577484,0.14480000734329224,0.14429999887943268,0.14429999887943268,0,0,yfinance,2026-07-10T06:58:17.136516+00:00
2026-06-28 15:00:00+00:00,ADA-USD,15m,0.1444000005722046,0.14480000734329224,0.14399999380111694,0.1446000039577484,0,0,yfinance,2026-07-10T06:58:17.136516+00:00
2026-06-28 15:15:00+00:00,ADA-USD,15m,0.1446000039577484,0.14489999413490295,0.1444000005722046,0.1446000039577484,13936,13936,yfinance,2026-07-10T06:58:17.136516+00:00
2026-06-28 15:30:00+00:00,ADA-USD,15m,0.1446000039577484,0.14499999582767487,0.14429999887943268,0.1446000039577484,279024,279024,yfinance,2026-07-10T06:58:17.136516+00:00
2026-06-28 15:45:00+00:00,ADA-USD,15m,0.1446000039577484,0.1446000039577484,0.14399999380111694,0.14429999887943268,385360,385360,yfinance,2026-07-10T06:58:17.136516+00:00
2026-06-28 16:00:00+00:00,ADA-USD,15m,0.1444000005722046,0.1444000005722046,0.14399999380111694,0.14419999718666077,0,0,yfinance,2026-07-10T06:58:17.136516+00:00
2026-06-28 16:15:00+00:00,ADA-USD,15m,0.14399999380111694,0.14419999718666077,0.14329999685287476,0.1437000036239624,714112,714112,yfinance,2026-07-10T06:58:17.136516+00:00
2026-06-28 16:30:00+00:00,ADA-USD,15m,0.1437000036239624,0.1437000036239624,0.14300000667572021,0.14319999516010284,2062768,2062768,yfinance,2026-07-10T06:58:17.136516+00:00
2026-06-28 16:45:00+00:00,ADA-USD,15m,0.14309999346733093,0.14350000023841858,0.14309999346733093,0.14350000023841858,709664,709664,yfinance,2026-07-10T06:58:17.136516+00:00
2026-06-28 17:00:00+00:00,ADA-USD,15m,0.1436000019311905,0.14399999380111694,0.14300000667572021,0.14319999516010284,0,0,yfinance,2026-07-10T06:58:17.136516+00:00
2026-06-28 17:15:00+00:00,ADA-USD,15m,0.14319999516010284,0.14329999685287476,0.1428000032901764,0.1428000032901764,267840,267840,yfinance,2026-07-10T06:58:17.136516+00:00
2026-06-28 17:30:00+00:00,ADA-USD,15m,0.1428000032901764,0.14329999685287476,0.14259999990463257,0.14329999685287476,79728,79728,yfinance,2026-07-10T06:58:17.136516+00:00
2026-06-28 17:45:00+00:00,ADA-USD,15m,0.14329999685287476,0.14339999854564667,0.1428000032901764,0.14339999854564667,658496,658496,yfinance,2026-07-10T06:58:17.136516+00:00
2026-06-28 18:00:00+00:00,ADA-USD,15m,0.14329999685287476,0.1436000019311905,0.14309999346733093,0.14309999346733093,0,0,yfinance,2026-07-10T06:58:17.136516+00:00
2026-06-28 18:15:00+00:00,ADA-USD,15m,0.14300000667572021,0.14309999346733093,0.14270000159740448,0.1429000049829483,0,0,yfinance,2026-07-10T06:58:17.136516+00:00
2026-06-28 18:30:00+00:00,ADA-USD,15m,0.1429000049829483,0.14309999346733093,0.14270000159740448,0.14300000667572021,43376,43376,yfinance,2026-07-10T06:58:17.136516+00:00
2026-06-28 18:45:00+00:00,ADA-USD,15m,0.14300000667572021,0.14329999685287476,0.1429000049829483,0.14309999346733093,328016,328016,yfinance,2026-07-10T06:58:17.136516+00:00
2026-06-28 19:00:00+00:00,ADA-USD,15m,0.14309999346733093,0.14309999346733093,0.14270000159740448,0.14309999346733093,0,0,yfinance,2026-07-10T06:58:17.136516+00:00
2026-06-28 19:15:00+00:00,ADA-USD,15m,0.14309999346733093,0.14309999346733093,0.14270000159740448,0.14309999346733093,29632,29632,yfinance,2026-07-10T06:58:17.136516+00:00
2026-06-28 19:30:00+00:00,ADA-USD,15m,0.14309999346733093,0.1436000019311905,0.1429000049829483,0.1429000049829483,0,0,yfinance,2026-07-10T06:58:17.136516+00:00
2026-06-28 19:45:00+00:00,ADA-USD,15m,0.1429000049829483,0.1429000049829483,0.1421000063419342,0.14270000159740448,2488352,2488352,yfinance,2026-07-10T06:58:17.136516+00:00
2026-06-28 20:00:00+00:00,ADA-USD,15m,0.14259999990463257,0.14339999854564667,0.14259999990463257,0.14329999685287476,590512,590512,yfinance,2026-07-10T06:58:17.136516+00:00
2026-06-28 20:15:00+00:00,ADA-USD,15m,0.14319999516010284,0.1437000036239624,0.14319999516010284,0.14350000023841858,650656,650656,yfinance,2026-07-10T06:58:17.136516+00:00
2026-06-28 20:30:00+00:00,ADA-USD,15m,0.14350000023841858,0.1436000019311905,0.14309999346733093,0.14339999854564667,716896,716896,yfinance,2026-07-10T06:58:17.136516+00:00
2026-06-28 20:45:00+00:00,ADA-USD,15m,0.14350000023841858,0.1436000019311905,0.14319999516010284,0.14319999516010284,15072,15072,yfinance,2026-07-10T06:58:17.136516+00:00
2026-06-28 21:00:00+00:00,ADA-USD,15m,0.14309999346733093,0.1436000019311905,0.14309999346733093,0.14350000023841858,355472,355472,yfinance,2026-07-10T06:58:17.136516+00:00
2026-06-28 21:15:00+00:00,ADA-USD,15m,0.14350000023841858,0.14350000023841858,0.14300000667572021,0.14300000667572021,0,0,yfinance,2026-07-10T06:58:17.136516+00:00
2026-06-28 21:30:00+00:00,ADA-USD,15m,0.14309999346733093,0.14309999346733093,0.14259999990463257,0.1429000049829483,529504,529504,yfinance,2026-07-10T06:58:17.136516+00:00
2026-06-28 21:45:00+00:00,ADA-USD,15m,0.14270000159740448,0.14270000159740448,0.14149999618530273,0.14180000126361847,2079568,2079568,yfinance,2026-07-10T06:58:17.136516+00:00
2026-06-28 22:00:00+00:00,ADA-USD,15m,0.1420000046491623,0.14390000700950623,0.1420000046491623,0.14329999685287476,3668496,3668496,yfinance,2026-07-10T06:58:17.136516+00:00
2026-06-28 22:15:00+00:00,ADA-USD,15m,0.14309999346733093,0.14319999516010284,0.1421000063419342,0.14259999990463257,0,0,yfinance,2026-07-10T06:58:17.136516+00:00
2026-06-28 22:30:00+00:00,ADA-USD,15m,0.1428000032901764,0.14300000667572021,0.14219999313354492,0.14239999651908875,0,0,yfinance,2026-07-10T06:58:17.136516+00:00
2026-06-28 22:45:00+00:00,ADA-USD,15m,0.14229999482631683,0.14239999651908875,0.1412000060081482,0.14180000126361847,1086336,1086336,yfinance,2026-07-10T06:58:17.136516+00:00
2026-06-28 23:00:00+00:00,ADA-USD,15m,0.14159999787807465,0.1428000032901764,0.14159999787807465,0.14249999821186066,1913904,1913904,yfinance,2026-07-10T06:58:17.136516+00:00
2026-06-28 23:15:00+00:00,ADA-USD,15m,0.14249999821186066,0.14339999854564667,0.14239999651908875,0.14339999854564667,369488,369488,yfinance,2026-07-10T06:58:17.136516+00:00
2026-06-28 23:30:00+00:00,ADA-USD,15m,0.14319999516010284,0.14419999718666077,0.14319999516010284,0.14390000700950623,1929936,1929936,yfinance,2026-07-10T06:58:17.136516+00:00
2026-06-28 23:45:00+00:00,ADA-USD,15m,0.1437000036239624,0.14399999380111694,0.14350000023841858,0.1437000036239624,771568,771568,yfinance,2026-07-10T06:58:17.136516+00:00
2026-06-29 00:00:00+00:00,ADA-USD,15m,0.1437000036239624,0.14390000700950623,0.1429000049829483,0.1436000019311905,357536,357536,yfinance,2026-07-10T06:58:17.136516+00:00
2026-06-29 00:15:00+00:00,ADA-USD,15m,0.1437000036239624,0.1437000036239624,0.14219999313354492,0.14229999482631683,915216,915216,yfinance,2026-07-10T06:58:17.136516+00:00
2026-06-29 00:30:00+00:00,ADA-USD,15m,0.14219999313354492,0.14300000667572021,0.14169999957084656,0.1429000049829483,1410688,1410688,yfinance,2026-07-10T06:58:17.136516+00:00
2026-06-29 00:45:00+00:00,ADA-USD,15m,0.14300000667572021,0.14399999380111694,0.14249999821186066,0.14399999380111694,1648640,1648640,yfinance,2026-07-10T06:58:17.136516+00:00
2026-06-29 01:00:00+00:00,ADA-USD,15m,0.14380000531673431,0.14390000700950623,0.14329999685287476,0.14329999685287476,937120,937120,yfinance,2026-07-10T06:58:17.136516+00:00
2026-06-29 01:15:00+00:00,ADA-USD,15m,0.14329999685287476,0.14350000023841858,0.1428000032901764,0.14300000667572021,307024,307024,yfinance,2026-07-10T06:58:17.136516+00:00
2026-06-29 01:30:00+00:00,ADA-USD,15m,0.1429000049829483,0.14380000531673431,0.14270000159740448,0.14380000531673431,716832,716832,yfinance,2026-07-10T06:58:17.136516+00:00
2026-06-29 01:45:00+00:00,ADA-USD,15m,0.14380000531673431,0.14390000700950623,0.14329999685287476,0.14329999685287476,1136752,1136752,yfinance,2026-07-10T06:58:17.136516+00:00
2026-06-29 02:00:00+00:00,ADA-USD,15m,0.14329999685287476,0.14350000023841858,0.14180000126361847,0.14190000295639038,19408,19408,yfinance,2026-07-10T06:58:17.136516+00:00
2026-06-29 02:15:00+00:00,ADA-USD,15m,0.1420000046491623,0.1436000019311905,0.1420000046491623,0.1436000019311905,1362720,1362720,yfinance,2026-07-10T06:58:17.136516+00:00
2026-06-29 02:30:00+00:00,ADA-USD,15m,0.1436000019311905,0.14419999718666077,0.14339999854564667,0.14399999380111694,3081920,3081920,yfinance,2026-07-10T06:58:17.136516+00:00
2026-06-29 02:45:00+00:00,ADA-USD,15m,0.14399999380111694,0.14429999887943268,0.14390000700950623,0.14419999718666077,881616,881616,yfinance,2026-07-10T06:58:17.136516+00:00
2026-06-29 03:00:00+00:00,ADA-USD,15m,0.14409999549388885,0.1454000025987625,0.14409999549388885,0.14499999582767487,2624384,2624384,yfinance,2026-07-10T06:58:17.136516+00:00
2026-06-29 03:15:00+00:00,ADA-USD,15m,0.14499999582767487,0.14569999277591705,0.14470000565052032,0.14560000598430634,2920208,2920208,yfinance,2026-07-10T06:58:17.136516+00:00
2026-06-29 03:30:00+00:00,ADA-USD,15m,0.14569999277591705,0.14569999277591705,0.1446000039577484,0.1446000039577484,1725696,1725696,yfinance,2026-07-10T06:58:17.136516+00:00
2026-06-29 03:45:00+00:00,ADA-USD,15m,0.1446000039577484,0.14499999582767487,0.1445000022649765,0.14489999413490295,735936,735936,yfinance,2026-07-10T06:58:17.136516+00:00
2026-06-29 04:00:00+00:00,ADA-USD,15m,0.14480000734329224,0.14480000734329224,0.14419999718666077,0.14419999718666077,1335792,1335792,yfinance,2026-07-10T06:58:17.136516+00:00
2026-06-29 04:15:00+00:00,ADA-USD,15m,0.14419999718666077,0.14470000565052032,0.14409999549388885,0.1445000022649765,296576,296576,yfinance,2026-07-10T06:58:17.136516+00:00
2026-06-29 04:30:00+00:00,ADA-USD,15m,0.1445000022649765,0.14470000565052032,0.14390000700950623,0.14399999380111694,740976,740976,yfinance,2026-07-10T06:58:17.136516+00:00
2026-06-29 04:45:00+00:00,ADA-USD,15m,0.14390000700950623,0.14409999549388885,0.1436000019311905,0.14390000700950623,801648,801648,yfinance,2026-07-10T06:58:17.136516+00:00
2026-06-29 05:00:00+00:00,ADA-USD,15m,0.14390000700950623,0.14390000700950623,0.14249999821186066,0.14300000667572021,565488,565488,yfinance,2026-07-10T06:58:17.136516+00:00
2026-06-29 05:15:00+00:00,ADA-USD,15m,0.14309999346733093,0.14350000023841858,0.1429000049829483,0.14319999516010284,4586816,4586816,yfinance,2026-07-10T06:58:17.136516+00:00
2026-06-29 05:30:00+00:00,ADA-USD,15m,0.14319999516010284,0.1444000005722046,0.14319999516010284,0.1444000005722046,408944,408944,yfinance,2026-07-10T06:58:17.136516+00:00
2026-06-29 05:45:00+00:00,ADA-USD,15m,0.14419999718666077,0.14480000734329224,0.14409999549388885,0.14480000734329224,956208,956208,yfinance,2026-07-10T06:58:17.136516+00:00
2026-06-29 06:00:00+00:00,ADA-USD,15m,0.14480000734329224,0.14579999446868896,0.14480000734329224,0.14560000598430634,1813408,1813408,yfinance,2026-07-10T06:58:17.136516+00:00
2026-06-29 06:15:00+00:00,ADA-USD,15m,0.14560000598430634,0.1460999995470047,0.14560000598430634,0.14569999277591705,428400,428400,yfinance,2026-07-10T06:58:17.136516+00:00
2026-06-29 06:30:00+00:00,ADA-USD,15m,0.14569999277591705,0.14569999277591705,0.14480000734329224,0.14499999582767487,569392,569392,yfinance,2026-07-10T06:58:17.136516+00:00
2026-06-29 06:45:00+00:00,ADA-USD,15m,0.14499999582767487,0.1451999992132187,0.14480000734329224,0.14499999582767487,358176,358176,yfinance,2026-07-10T06:58:17.136516+00:00
2026-06-29 07:00:00+00:00,ADA-USD,15m,0.14499999582767487,0.14499999582767487,0.1444000005722046,0.14489999413490295,151504,151504,yfinance,2026-07-10T06:58:17.136516+00:00
2026-06-29 07:15:00+00:00,ADA-USD,15m,0.14499999582767487,0.1451999992132187,0.14470000565052032,0.14499999582767487,338496,338496,yfinance,2026-07-10T06:58:17.136516+00:00
2026-06-29 07:30:00+00:00,ADA-USD,15m,0.14499999582767487,0.14499999582767487,0.14470000565052032,0.14489999413490295,545184,545184,yfinance,2026-07-10T06:58:17.136516+00:00
2026-06-29 07:45:00+00:00,ADA-USD,15m,0.14480000734329224,0.14509999752044678,0.14470000565052032,0.14480000734329224,0,0,yfinance,2026-07-10T06:58:17.136516+00:00
2026-06-29 08:00:00+00:00,ADA-USD,15m,0.14480000734329224,0.14499999582767487,0.1444000005722046,0.1445000022649765,0,0,yfinance,2026-07-10T06:58:17.136516+00:00
2026-06-29 08:15:00+00:00,ADA-USD,15m,0.1446000039577484,0.14480000734329224,0.1437000036239624,0.1437000036239624,1243344,1243344,yfinance,2026-07-10T06:58:17.136516+00:00
2026-06-29 08:30:00+00:00,ADA-USD,15m,0.1437000036239624,0.14409999549388885,0.14350000023841858,0.14399999380111694,1037632,1037632,yfinance,2026-07-10T06:58:17.136516+00:00
2026-06-29 08:45:00+00:00,ADA-USD,15m,0.14399999380111694,0.14429999887943268,0.14390000700950623,0.14390000700950623,255152,255152,yfinance,2026-07-10T06:58:17.136516+00:00
2026-06-29 09:00:00+00:00,ADA-USD,15m,0.14380000531673431,0.14429999887943268,0.14380000531673431,0.14429999887943268,106416,106416,yfinance,2026-07-10T06:58:17.136516+00:00
2026-06-29 09:15:00+00:00,ADA-USD,15m,0.14429999887943268,0.14480000734329224,0.14399999380111694,0.14470000565052032,922400,922400,yfinance,2026-07-10T06:58:17.136516+00:00
2026-06-29 09:30:00+00:00,ADA-USD,15m,0.14470000565052032,0.14480000734329224,0.14429999887943268,0.1446000039577484,366160,366160,yfinance,2026-07-10T06:58:17.136516+00:00
2026-06-29 09:45:00+00:00,ADA-USD,15m,0.1446000039577484,0.14489999413490295,0.14429999887943268,0.14489999413490295,776592,776592,yfinance,2026-07-10T06:58:17.136516+00:00
2026-06-29 10:00:00+00:00,ADA-USD,15m,0.14489999413490295,0.14550000429153442,0.14489999413490295,0.14550000429153442,944112,944112,yfinance,2026-07-10T06:58:17.136516+00:00
2026-06-29 10:15:00+00:00,ADA-USD,15m,0.14550000429153442,0.14560000598430634,0.1451999992132187,0.1454000025987625,577008,577008,yfinance,2026-07-10T06:58:17.136516+00:00
2026-06-29 10:30:00+00:00,ADA-USD,15m,0.14550000429153442,0.14550000429153442,0.14489999413490295,0.14489999413490295,754944,754944,yfinance,2026-07-10T06:58:17.136516+00:00
2026-06-29 10:45:00+00:00,ADA-USD,15m,0.14489999413490295,0.1451999992132187,0.14480000734329224,0.1451999992132187,1301136,1301136,yfinance,2026-07-10T06:58:17.136516+00:00
2026-06-29 11:00:00+00:00,ADA-USD,15m,0.1451999992132187,0.1451999992132187,0.14429999887943268,0.1444000005722046,62656,62656,yfinance,2026-07-10T06:58:17.136516+00:00
2026-06-29 11:15:00+00:00,ADA-USD,15m,0.14429999887943268,0.1446000039577484,0.14409999549388885,0.1446000039577484,2088432,2088432,yfinance,2026-07-10T06:58:17.136516+00:00
2026-06-29 11:30:00+00:00,ADA-USD,15m,0.1445000022649765,0.14560000598430634,0.1444000005722046,0.1446000039577484,5214448,5214448,yfinance,2026-07-10T06:58:17.136516+00:00
2026-06-29 11:45:00+00:00,ADA-USD,15m,0.1446000039577484,0.14480000734329224,0.1445000022649765,0.1446000039577484,189552,189552,yfinance,2026-07-10T06:58:17.136516+00:00
2026-06-29 12:00:00+00:00,ADA-USD,15m,0.14480000734329224,0.14659999310970306,0.14380000531673431,0.14659999310970306,8066464,8066464,yfinance,2026-07-10T06:58:17.136516+00:00
2026-06-29 12:15:00+00:00,ADA-USD,15m,0.14659999310970306,0.14659999310970306,0.14579999446868896,0.14630000293254852,5429200,5429200,yfinance,2026-07-10T06:58:17.136516+00:00
2026-06-29 12:30:00+00:00,ADA-USD,15m,0.1462000012397766,0.14630000293254852,0.1446000039577484,0.14470000565052032,3778080,3778080,yfinance,2026-07-10T06:58:17.136516+00:00
2026-06-29 12:45:00+00:00,ADA-USD,15m,0.14470000565052032,0.14509999752044678,0.14429999887943268,0.14470000565052032,1959552,1959552,yfinance,2026-07-10T06:58:17.136516+00:00
2026-06-29 13:00:00+00:00,ADA-USD,15m,0.14480000734329224,0.14589999616146088,0.14480000734329224,0.14560000598430634,2338112,2338112,yfinance,2026-07-10T06:58:17.136516+00:00
2026-06-29 13:15:00+00:00,ADA-USD,15m,0.14560000598430634,0.14560000598430634,0.1445000022649765,0.1445000022649765,1317728,1317728,yfinance,2026-07-10T06:58:17.136516+00:00
2026-06-29 13:30:00+00:00,ADA-USD,15m,0.14429999887943268,0.1453000009059906,0.1437000036239624,0.14390000700950623,3350208,3350208,yfinance,2026-07-10T06:58:17.136516+00:00
2026-06-29 13:45:00+00:00,ADA-USD,15m,0.14380000531673431,0.14470000565052032,0.14339999854564667,0.1446000039577484,6900448,6900448,yfinance,2026-07-10T06:58:17.136516+00:00
2026-06-29 14:00:00+00:00,ADA-USD,15m,0.1444000005722046,0.1445000022649765,0.14339999854564667,0.14350000023841858,2973952,2973952,yfinance,2026-07-10T06:58:17.136516+00:00
2026-06-29 14:15:00+00:00,ADA-USD,15m,0.14319999516010284,0.14419999718666077,0.14300000667572021,0.14409999549388885,4081024,4081024,yfinance,2026-07-10T06:58:17.136516+00:00
2026-06-29 14:30:00+00:00,ADA-USD,15m,0.14409999549388885,0.14489999413490295,0.14380000531673431,0.14390000700950623,3242304,3242304,yfinance,2026-07-10T06:58:17.136516+00:00
2026-06-29 14:45:00+00:00,ADA-USD,15m,0.14390000700950623,0.14480000734329224,0.1437000036239624,0.14470000565052032,1579392,1579392,yfinance,2026-07-10T06:58:17.136516+00:00
2026-06-29 15:00:00+00:00,ADA-USD,15m,0.14480000734329224,0.14480000734329224,0.14329999685287476,0.14390000700950623,1209760,1209760,yfinance,2026-07-10T06:58:17.136516+00:00
2026-06-29 15:15:00+00:00,ADA-USD,15m,0.14390000700950623,0.14470000565052032,0.1437000036239624,0.14470000565052032,779424,779424,yfinance,2026-07-10T06:58:17.136516+00:00
2026-06-29 15:30:00+00:00,ADA-USD,15m,0.14480000734329224,0.14560000598430634,0.14480000734329224,0.14560000598430634,2772448,2772448,yfinance,2026-07-10T06:58:17.136516+00:00
2026-06-29 15:45:00+00:00,ADA-USD,15m,0.14550000429153442,0.14569999277591705,0.14509999752044678,0.1453000009059906,3331104,3331104,yfinance,2026-07-10T06:58:17.136516+00:00
2026-06-29 16:00:00+00:00,ADA-USD,15m,0.1454000025987625,0.14550000429153442,0.14509999752044678,0.14509999752044678,730528,730528,yfinance,2026-07-10T06:58:17.136516+00:00
2026-06-29 16:15:00+00:00,ADA-USD,15m,0.1453000009059906,0.1453000009059906,0.1445000022649765,0.1446000039577484,0,0,yfinance,2026-07-10T06:58:17.136516+00:00
2026-06-29 16:30:00+00:00,ADA-USD,15m,0.14470000565052032,0.1453000009059906,0.1445000022649765,0.1453000009059906,0,0,yfinance,2026-07-10T06:58:17.136516+00:00
2026-06-29 16:45:00+00:00,ADA-USD,15m,0.1451999992132187,0.14560000598430634,0.14509999752044678,0.1453000009059906,1136576,1136576,yfinance,2026-07-10T06:58:17.136516+00:00
2026-06-29 17:00:00+00:00,ADA-USD,15m,0.1451999992132187,0.1476999968290329,0.1451999992132187,0.14749999344348907,1598784,1598784,yfinance,2026-07-10T06:58:17.136516+00:00
2026-06-29 17:15:00+00:00,ADA-USD,15m,0.14749999344348907,0.14839999377727509,0.14730000495910645,0.14810000360012054,5416704,5416704,yfinance,2026-07-10T06:58:17.136516+00:00
2026-06-29 17:30:00+00:00,ADA-USD,15m,0.14820000529289246,0.148499995470047,0.14740000665187836,0.14810000360012054,1752480,1752480,yfinance,2026-07-10T06:58:17.136516+00:00
2026-06-29 17:45:00+00:00,ADA-USD,15m,0.14800000190734863,0.14810000360012054,0.147599995136261,0.147599995136261,2072864,2072864,yfinance,2026-07-10T06:58:17.136516+00:00
2026-06-29 18:00:00+00:00,ADA-USD,15m,0.147599995136261,0.14790000021457672,0.14740000665187836,0.1476999968290329,906656,906656,yfinance,2026-07-10T06:58:17.136516+00:00
2026-06-29 18:15:00+00:00,ADA-USD,15m,0.147599995136261,0.147599995136261,0.1469999998807907,0.14710000157356262,511744,511744,yfinance,2026-07-10T06:58:17.136516+00:00
2026-06-29 18:30:00+00:00,ADA-USD,15m,0.14710000157356262,0.14730000495910645,0.1469999998807907,0.14730000495910645,561504,561504,yfinance,2026-07-10T06:58:17.136516+00:00
2026-06-29 18:45:00+00:00,ADA-USD,15m,0.14730000495910645,0.14740000665187836,0.1468999981880188,0.1469999998807907,182112,182112,yfinance,2026-07-10T06:58:17.136516+00:00
2026-06-29 19:00:00+00:00,ADA-USD,15m,0.1469999998807907,0.1469999998807907,0.14659999310970306,0.14669999480247498,339872,339872,yfinance,2026-07-10T06:58:17.136516+00:00
2026-06-29 19:15:00+00:00,ADA-USD,15m,0.1467999964952469,0.1476999968290329,0.14669999480247498,0.147599995136261,950080,950080,yfinance,2026-07-10T06:58:17.136516+00:00
2026-06-29 19:30:00+00:00,ADA-USD,15m,0.14740000665187836,0.1476999968290329,0.14730000495910645,0.147599995136261,427328,427328,yfinance,2026-07-10T06:58:17.136516+00:00
2026-06-29 19:45:00+00:00,ADA-USD,15m,0.147599995136261,0.1476999968290329,0.14720000326633453,0.14740000665187836,0,0,yfinance,2026-07-10T06:58:17.136516+00:00
2026-06-29 20:00:00+00:00,ADA-USD,15m,0.14740000665187836,0.14749999344348907,0.14710000157356262,0.14720000326633453,0,0,yfinance,2026-07-10T06:58:17.136516+00:00
2026-06-29 20:15:00+00:00,ADA-USD,15m,0.14720000326633453,0.14730000495910645,0.1469999998807907,0.1469999998807907,698944,698944,yfinance,2026-07-10T06:58:17.136516+00:00
2026-06-29 20:30:00+00:00,ADA-USD,15m,0.1469999998807907,0.14720000326633453,0.1468999981880188,0.14710000157356262,268928,268928,yfinance,2026-07-10T06:58:17.136516+00:00
2026-06-29 20:45:00+00:00,ADA-USD,15m,0.14710000157356262,0.14710000157356262,0.14669999480247498,0.1467999964952469,193088,193088,yfinance,2026-07-10T06:58:17.136516+00:00
2026-06-29 21:00:00+00:00,ADA-USD,15m,0.1467999964952469,0.14720000326633453,0.14640000462532043,0.14710000157356262,15328,15328,yfinance,2026-07-10T06:58:17.136516+00:00
2026-06-29 21:15:00+00:00,ADA-USD,15m,0.14710000157356262,0.14710000157356262,0.14659999310970306,0.14710000157356262,505984,505984,yfinance,2026-07-10T06:58:17.136516+00:00
2026-06-29 21:30:00+00:00,ADA-USD,15m,0.14710000157356262,0.147599995136261,0.14710000157356262,0.14740000665187836,107616,107616,yfinance,2026-07-10T06:58:17.136516+00:00
2026-06-29 21:45:00+00:00,ADA-USD,15m,0.14740000665187836,0.147599995136261,0.14710000157356262,0.14710000157356262,0,0,yfinance,2026-07-10T06:58:17.136516+00:00
2026-06-29 22:00:00+00:00,ADA-USD,15m,0.14710000157356262,0.14730000495910645,0.14669999480247498,0.1468999981880188,0,0,yfinance,2026-07-10T06:58:17.136516+00:00
2026-06-29 22:15:00+00:00,ADA-USD,15m,0.1468999981880188,0.14710000157356262,0.14659999310970306,0.14659999310970306,0,0,yfinance,2026-07-10T06:58:17.136516+00:00
2026-06-29 22:30:00+00:00,ADA-USD,15m,0.14659999310970306,0.14669999480247498,0.1462000012397766,0.14640000462532043,28896,28896,yfinance,2026-07-10T06:58:17.136516+00:00
2026-06-29 22:45:00+00:00,ADA-USD,15m,0.14640000462532043,0.14650000631809235,0.1459999978542328,0.1460999995470047,0,0,yfinance,2026-07-10T06:58:17.136516+00:00
2026-06-29 23:00:00+00:00,ADA-USD,15m,0.1459999978542328,0.1462000012397766,0.14579999446868896,0.1459999978542328,0,0,yfinance,2026-07-10T06:58:17.136516+00:00
2026-06-29 23:15:00+00:00,ADA-USD,15m,0.1459999978542328,0.1460999995470047,0.14560000598430634,0.14560000598430634,517952,517952,yfinance,2026-07-10T06:58:17.136516+00:00
2026-06-29 23:30:00+00:00,ADA-USD,15m,0.14550000429153442,0.14579999446868896,0.1453000009059906,0.14569999277591705,290656,290656,yfinance,2026-07-10T06:58:17.136516+00:00
2026-06-29 23:45:00+00:00,ADA-USD,15m,0.14569999277591705,0.14589999616146088,0.14550000429153442,0.14560000598430634,597728,597728,yfinance,2026-07-10T06:58:17.136516+00:00
2026-06-30 00:00:00+00:00,ADA-USD,15m,0.14560000598430634,0.14569999277591705,0.1453000009059906,0.14560000598430634,0,0,yfinance,2026-07-10T06:58:17.136516+00:00
2026-06-30 00:15:00+00:00,ADA-USD,15m,0.14560000598430634,0.14569999277591705,0.14489999413490295,0.14489999413490295,0,0,yfinance,2026-07-10T06:58:17.136516+00:00
2026-06-30 00:30:00+00:00,ADA-USD,15m,0.14499999582767487,0.14499999582767487,0.14429999887943268,0.1444000005722046,612512,612512,yfinance,2026-07-10T06:58:17.136516+00:00
2026-06-30 00:45:00+00:00,ADA-USD,15m,0.1445000022649765,0.14470000565052032,0.14429999887943268,0.14429999887943268,0,0,yfinance,2026-07-10T06:58:17.136516+00:00
2026-06-30 01:00:00+00:00,ADA-USD,15m,0.14419999718666077,0.14429999887943268,0.14380000531673431,0.14399999380111694,574336,574336,yfinance,2026-07-10T06:58:17.136516+00:00
2026-06-30 01:15:00+00:00,ADA-USD,15m,0.14390000700950623,0.1445000022649765,0.14390000700950623,0.1445000022649765,938464,938464,yfinance,2026-07-10T06:58:17.136516+00:00
2026-06-30 01:30:00+00:00,ADA-USD,15m,0.1445000022649765,0.1445000022649765,0.14380000531673431,0.14399999380111694,303008,303008,yfinance,2026-07-10T06:58:17.136516+00:00
2026-06-30 01:45:00+00:00,ADA-USD,15m,0.14409999549388885,0.14419999718666077,0.14399999380111694,0.14419999718666077,445088,445088,yfinance,2026-07-10T06:58:17.136516+00:00
2026-06-30 02:00:00+00:00,ADA-USD,15m,0.14419999718666077,0.14419999718666077,0.14350000023841858,0.1436000019311905,505632,505632,yfinance,2026-07-10T06:58:17.136516+00:00
2026-06-30 02:15:00+00:00,ADA-USD,15m,0.1436000019311905,0.14419999718666077,0.1436000019311905,0.14409999549388885,406400,406400,yfinance,2026-07-10T06:58:17.136516+00:00
2026-06-30 02:30:00+00:00,ADA-USD,15m,0.14409999549388885,0.1444000005722046,0.14399999380111694,0.14429999887943268,0,0,yfinance,2026-07-10T06:58:17.136516+00:00
2026-06-30 02:45:00+00:00,ADA-USD,15m,0.14429999887943268,0.14470000565052032,0.14429999887943268,0.1444000005722046,38208,38208,yfinance,2026-07-10T06:58:17.136516+00:00
2026-06-30 03:00:00+00:00,ADA-USD,15m,0.1444000005722046,0.14470000565052032,0.1444000005722046,0.14470000565052032,0,0,yfinance,2026-07-10T06:58:17.136516+00:00
2026-06-30 03:15:00+00:00,ADA-USD,15m,0.14470000565052032,0.14489999413490295,0.1445000022649765,0.1446000039577484,0,0,yfinance,2026-07-10T06:58:17.136516+00:00
2026-06-30 03:30:00+00:00,ADA-USD,15m,0.14470000565052032,0.14470000565052032,0.14419999718666077,0.1445000022649765,0,0,yfinance,2026-07-10T06:58:17.136516+00:00
2026-06-30 03:45:00+00:00,ADA-USD,15m,0.1444000005722046,0.1445000022649765,0.14409999549388885,0.14429999887943268,68896,68896,yfinance,2026-07-10T06:58:17.136516+00:00
2026-06-30 04:00:00+00:00,ADA-USD,15m,0.14429999887943268,0.1445000022649765,0.14390000700950623,0.1444000005722046,0,0,yfinance,2026-07-10T06:58:17.136516+00:00
2026-06-30 04:15:00+00:00,ADA-USD,15m,0.1444000005722046,0.1444000005722046,0.14409999549388885,0.14429999887943268,1439392,1439392,yfinance,2026-07-10T06:58:17.136516+00:00
2026-06-30 04:30:00+00:00,ADA-USD,15m,0.1444000005722046,0.14470000565052032,0.1444000005722046,0.1445000022649765,272032,272032,yfinance,2026-07-10T06:58:17.136516+00:00
2026-06-30 04:45:00+00:00,ADA-USD,15m,0.1445000022649765,0.1446000039577484,0.1445000022649765,0.1446000039577484,0,0,yfinance,2026-07-10T06:58:17.136516+00:00
2026-06-30 05:00:00+00:00,ADA-USD,15m,0.1444000005722046,0.1445000022649765,0.14409999549388885,0.14429999887943268,60736,60736,yfinance,2026-07-10T06:58:17.136516+00:00
2026-06-30 05:15:00+00:00,ADA-USD,15m,0.14429999887943268,0.14429999887943268,0.14390000700950623,0.14390000700950623,0,0,yfinance,2026-07-10T06:58:17.136516+00:00
2026-06-30 05:30:00+00:00,ADA-USD,15m,0.14390000700950623,0.14429999887943268,0.14390000700950623,0.14419999718666077,322368,322368,yfinance,2026-07-10T06:58:17.136516+00:00
2026-06-30 05:45:00+00:00,ADA-USD,15m,0.14419999718666077,0.14480000734329224,0.14409999549388885,0.14470000565052032,92640,92640,yfinance,2026-07-10T06:58:17.136516+00:00
2026-06-30 06:00:00+00:00,ADA-USD,15m,0.14480000734329224,0.14480000734329224,0.1446000039577484,0.14480000734329224,0,0,yfinance,2026-07-10T06:58:17.136516+00:00
2026-06-30 06:15:00+00:00,ADA-USD,15m,0.14480000734329224,0.1451999992132187,0.1446000039577484,0.1451999992132187,710496,710496,yfinance,2026-07-10T06:58:17.136516+00:00
2026-06-30 06:30:00+00:00,ADA-USD,15m,0.1451999992132187,0.1454000025987625,0.14509999752044678,0.1451999992132187,261920,261920,yfinance,2026-07-10T06:58:17.136516+00:00
2026-06-30 06:45:00+00:00,ADA-USD,15m,0.1451999992132187,0.1453000009059906,0.14509999752044678,0.1453000009059906,322368,322368,yfinance,2026-07-10T06:58:17.136516+00:00
2026-06-30 07:00:00+00:00,ADA-USD,15m,0.1453000009059906,0.1454000025987625,0.14499999582767487,0.1453000009059906,11552,11552,yfinance,2026-07-10T06:58:17.136516+00:00
2026-06-30 07:15:00+00:00,ADA-USD,15m,0.1453000009059906,0.14550000429153442,0.14499999582767487,0.14499999582767487,448000,448000,yfinance,2026-07-10T06:58:17.136516+00:00
2026-06-30 07:30:00+00:00,ADA-USD,15m,0.14499999582767487,0.14499999582767487,0.14470000565052032,0.14470000565052032,100544,100544,yfinance,2026-07-10T06:58:17.136516+00:00
2026-06-30 07:45:00+00:00,ADA-USD,15m,0.14470000565052032,0.14489999413490295,0.14470000565052032,0.14489999413490295,1009344,1009344,yfinance,2026-07-10T06:58:17.136516+00:00
2026-06-30 08:00:00+00:00,ADA-USD,15m,0.14489999413490295,0.14499999582767487,0.14470000565052032,0.14470000565052032,0,0,yfinance,2026-07-10T06:58:17.136516+00:00
2026-06-30 08:15:00+00:00,ADA-USD,15m,0.14470000565052032,0.14470000565052032,0.1446000039577484,0.1446000039577484,0,0,yfinance,2026-07-10T06:58:17.136516+00:00
2026-06-30 08:30:00+00:00,ADA-USD,15m,0.1446000039577484,0.1446000039577484,0.14390000700950623,0.14419999718666077,949088,949088,yfinance,2026-07-10T06:58:17.136516+00:00
2026-06-30 08:45:00+00:00,ADA-USD,15m,0.14419999718666077,0.1445000022649765,0.14390000700950623,0.14429999887943268,819264,819264,yfinance,2026-07-10T06:58:17.136516+00:00
2026-06-30 09:00:00+00:00,ADA-USD,15m,0.14429999887943268,0.14470000565052032,0.14429999887943268,0.1446000039577484,592288,592288,yfinance,2026-07-10T06:58:17.136516+00:00
2026-06-30 09:15:00+00:00,ADA-USD,15m,0.1446000039577484,0.1446000039577484,0.14419999718666077,0.14429999887943268,2059744,2059744,yfinance,2026-07-10T06:58:17.136516+00:00
2026-06-30 09:30:00+00:00,ADA-USD,15m,0.14429999887943268,0.1444000005722046,0.14409999549388885,0.1444000005722046,66880,66880,yfinance,2026-07-10T06:58:17.136516+00:00
2026-06-30 09:45:00+00:00,ADA-USD,15m,0.1444000005722046,0.14480000734329224,0.1444000005722046,0.14470000565052032,0,0,yfinance,2026-07-10T06:58:17.136516+00:00
2026-06-30 10:00:00+00:00,ADA-USD,15m,0.14470000565052032,0.14470000565052032,0.1445000022649765,0.1446000039577484,229728,229728,yfinance,2026-07-10T06:58:17.136516+00:00
2026-06-30 10:15:00+00:00,ADA-USD,15m,0.14470000565052032,0.14480000734329224,0.14470000565052032,0.14470000565052032,365056,365056,yfinance,2026-07-10T06:58:17.136516+00:00
2026-06-30 10:30:00+00:00,ADA-USD,15m,0.14480000734329224,0.14480000734329224,0.1445000022649765,0.1446000039577484,491904,491904,yfinance,2026-07-10T06:58:17.136516+00:00
2026-06-30 10:45:00+00:00,ADA-USD,15m,0.1446000039577484,0.14470000565052032,0.1445000022649765,0.14470000565052032,117984,117984,yfinance,2026-07-10T06:58:17.136516+00:00
2026-06-30 11:00:00+00:00,ADA-USD,15m,0.1445000022649765,0.14470000565052032,0.1444000005722046,0.1446000039577484,0,0,yfinance,2026-07-10T06:58:17.136516+00:00
2026-06-30 11:15:00+00:00,ADA-USD,15m,0.1446000039577484,0.1446000039577484,0.14399999380111694,0.14409999549388885,0,0,yfinance,2026-07-10T06:58:17.136516+00:00
2026-06-30 11:30:00+00:00,ADA-USD,15m,0.14409999549388885,0.14419999718666077,0.14380000531673431,0.14419999718666077,0,0,yfinance,2026-07-10T06:58:17.136516+00:00
2026-06-30 11:45:00+00:00,ADA-USD,15m,0.14419999718666077,0.1445000022649765,0.1437000036239624,0.14380000531673431,735904,735904,yfinance,2026-07-10T06:58:17.136516+00:00
2026-06-30 12:00:00+00:00,ADA-USD,15m,0.1437000036239624,0.14380000531673431,0.14309999346733093,0.14309999346733093,0,0,yfinance,2026-07-10T06:58:17.136516+00:00
2026-06-30 12:15:00+00:00,ADA-USD,15m,0.14309999346733093,0.14329999685287476,0.14229999482631683,0.14259999990463257,302944,302944,yfinance,2026-07-10T06:58:17.136516+00:00
2026-06-30 12:30:00+00:00,ADA-USD,15m,0.14249999821186066,0.1428000032901764,0.14229999482631683,0.14249999821186066,690656,690656,yfinance,2026-07-10T06:58:17.136516+00:00
2026-06-30 12:45:00+00:00,ADA-USD,15m,0.14239999651908875,0.14249999821186066,0.14190000295639038,0.14190000295639038,2973568,2973568,yfinance,2026-07-10T06:58:17.136516+00:00
2026-06-30 13:00:00+00:00,ADA-USD,15m,0.14190000295639038,0.1429000049829483,0.14190000295639038,0.14259999990463257,2229056,2229056,yfinance,2026-07-10T06:58:17.136516+00:00
2026-06-30 13:15:00+00:00,ADA-USD,15m,0.14259999990463257,0.1429000049829483,0.14259999990463257,0.14259999990463257,490080,490080,yfinance,2026-07-10T06:58:17.136516+00:00
2026-06-30 13:30:00+00:00,ADA-USD,15m,0.14309999346733093,0.14350000023841858,0.14229999482631683,0.14319999516010284,0,0,yfinance,2026-07-10T06:58:17.136516+00:00
2026-06-30 13:45:00+00:00,ADA-USD,15m,0.14319999516010284,0.14399999380111694,0.14300000667572021,0.14380000531673431,953728,953728,yfinance,2026-07-10T06:58:17.136516+00:00
2026-06-30 14:00:00+00:00,ADA-USD,15m,0.14380000531673431,0.1453000009059906,0.1437000036239624,0.1446000039577484,1662880,1662880,yfinance,2026-07-10T06:58:17.136516+00:00
2026-06-30 14:15:00+00:00,ADA-USD,15m,0.1446000039577484,0.14489999413490295,0.1444000005722046,0.14470000565052032,561536,561536,yfinance,2026-07-10T06:58:17.136516+00:00
2026-06-30 14:30:00+00:00,ADA-USD,15m,0.14480000734329224,0.14509999752044678,0.14409999549388885,0.1446000039577484,460736,460736,yfinance,2026-07-10T06:58:17.136516+00:00
2026-06-30 14:45:00+00:00,ADA-USD,15m,0.1446000039577484,0.1446000039577484,0.14329999685287476,0.14350000023841858,779232,779232,yfinance,2026-07-10T06:58:17.136516+00:00
2026-06-30 15:00:00+00:00,ADA-USD,15m,0.1436000019311905,0.1437000036239624,0.1428000032901764,0.1437000036239624,591424,591424,yfinance,2026-07-10T06:58:17.136516+00:00
2026-06-30 15:15:00+00:00,ADA-USD,15m,0.1437000036239624,0.14409999549388885,0.14339999854564667,0.14380000531673431,6584640,6584640,yfinance,2026-07-10T06:58:17.136516+00:00
2026-06-30 15:30:00+00:00,ADA-USD,15m,0.14380000531673431,0.14399999380111694,0.14350000023841858,0.14399999380111694,1925088,1925088,yfinance,2026-07-10T06:58:17.136516+00:00
2026-06-30 15:45:00+00:00,ADA-USD,15m,0.14399999380111694,0.14499999582767487,0.14399999380111694,0.14399999380111694,290464,290464,yfinance,2026-07-10T06:58:17.136516+00:00
2026-06-30 16:00:00+00:00,ADA-USD,15m,0.14399999380111694,0.1445000022649765,0.1437000036239624,0.1437000036239624,2993376,2993376,yfinance,2026-07-10T06:58:17.136516+00:00
2026-06-30 16:15:00+00:00,ADA-USD,15m,0.1436000019311905,0.14409999549388885,0.14339999854564667,0.1437000036239624,1803232,1803232,yfinance,2026-07-10T06:58:17.136516+00:00
2026-06-30 16:30:00+00:00,ADA-USD,15m,0.1437000036239624,0.1446000039577484,0.14339999854564667,0.14429999887943268,3052576,3052576,yfinance,2026-07-10T06:58:17.136516+00:00
2026-06-30 16:45:00+00:00,ADA-USD,15m,0.14429999887943268,0.14550000429153442,0.14429999887943268,0.1451999992132187,2170400,2170400,yfinance,2026-07-10T06:58:17.136516+00:00
2026-06-30 17:00:00+00:00,ADA-USD,15m,0.1453000009059906,0.1462000012397766,0.1453000009059906,0.14569999277591705,2665760,2665760,yfinance,2026-07-10T06:58:17.136516+00:00
2026-06-30 17:15:00+00:00,ADA-USD,15m,0.14569999277591705,0.1459999978542328,0.14509999752044678,0.1451999992132187,0,0,yfinance,2026-07-10T06:58:17.136516+00:00
2026-06-30 17:30:00+00:00,ADA-USD,15m,0.14509999752044678,0.1453000009059906,0.1446000039577484,0.14489999413490295,0,0,yfinance,2026-07-10T06:58:17.136516+00:00
2026-06-30 17:45:00+00:00,ADA-USD,15m,0.14489999413490295,0.14489999413490295,0.1444000005722046,0.1444000005722046,0,0,yfinance,2026-07-10T06:58:17.136516+00:00
2026-06-30 18:00:00+00:00,ADA-USD,15m,0.14429999887943268,0.14489999413490295,0.14399999380111694,0.14470000565052032,20416,20416,yfinance,2026-07-10T06:58:17.136516+00:00
2026-06-30 18:15:00+00:00,ADA-USD,15m,0.1446000039577484,0.14579999446868896,0.1446000039577484,0.14499999582767487,1653888,1653888,yfinance,2026-07-10T06:58:17.136516+00:00
2026-06-30 18:30:00+00:00,ADA-USD,15m,0.14499999582767487,0.14499999582767487,0.14429999887943268,0.1445000022649765,18816,18816,yfinance,2026-07-10T06:58:17.136516+00:00
2026-06-30 18:45:00+00:00,ADA-USD,15m,0.1446000039577484,0.14560000598430634,0.1446000039577484,0.1453000009059906,1547968,1547968,yfinance,2026-07-10T06:58:17.136516+00:00
2026-06-30 19:00:00+00:00,ADA-USD,15m,0.1451999992132187,0.1454000025987625,0.14480000734329224,0.14489999413490295,929120,929120,yfinance,2026-07-10T06:58:17.136516+00:00
2026-06-30 19:15:00+00:00,ADA-USD,15m,0.14489999413490295,0.14489999413490295,0.14429999887943268,0.14470000565052032,788704,788704,yfinance,2026-07-10T06:58:17.136516+00:00
2026-06-30 19:30:00+00:00,ADA-USD,15m,0.14470000565052032,0.14550000429153442,0.14470000565052032,0.14509999752044678,1883680,1883680,yfinance,2026-07-10T06:58:17.136516+00:00
2026-06-30 19:45:00+00:00,ADA-USD,15m,0.14499999582767487,0.14509999752044678,0.1445000022649765,0.1446000039577484,55232,55232,yfinance,2026-07-10T06:58:17.136516+00:00
2026-06-30 20:00:00+00:00,ADA-USD,15m,0.1446000039577484,0.14470000565052032,0.14429999887943268,0.1446000039577484,1138112,1138112,yfinance,2026-07-10T06:58:17.136516+00:00
2026-06-30 20:15:00+00:00,ADA-USD,15m,0.1446000039577484,0.1446000039577484,0.14390000700950623,0.14399999380111694,448544,448544,yfinance,2026-07-10T06:58:17.136516+00:00
2026-06-30 20:30:00+00:00,ADA-USD,15m,0.14390000700950623,0.14390000700950623,0.14350000023841858,0.1436000019311905,938304,938304,yfinance,2026-07-10T06:58:17.136516+00:00
2026-06-30 20:45:00+00:00,ADA-USD,15m,0.14350000023841858,0.14399999380111694,0.14350000023841858,0.1436000019311905,574208,574208,yfinance,2026-07-10T06:58:17.136516+00:00
2026-06-30 21:00:00+00:00,ADA-USD,15m,0.1436000019311905,0.14380000531673431,0.14329999685287476,0.1436000019311905,230176,230176,yfinance,2026-07-10T06:58:17.136516+00:00
2026-06-30 21:15:00+00:00,ADA-USD,15m,0.1436000019311905,0.1437000036239624,0.14339999854564667,0.1437000036239624,189088,189088,yfinance,2026-07-10T06:58:17.136516+00:00
2026-06-30 21:30:00+00:00,ADA-USD,15m,0.1437000036239624,0.14409999549388885,0.1437000036239624,0.1437000036239624,41184,41184,yfinance,2026-07-10T06:58:17.136516+00:00
2026-06-30 21:45:00+00:00,ADA-USD,15m,0.1437000036239624,0.14399999380111694,0.1436000019311905,0.14399999380111694,256576,256576,yfinance,2026-07-10T06:58:17.136516+00:00
2026-06-30 22:00:00+00:00,ADA-USD,15m,0.14399999380111694,0.1445000022649765,0.14390000700950623,0.14419999718666077,671488,671488,yfinance,2026-07-10T06:58:17.136516+00:00
2026-06-30 22:15:00+00:00,ADA-USD,15m,0.14419999718666077,0.14429999887943268,0.14390000700950623,0.14390000700950623,243072,243072,yfinance,2026-07-10T06:58:17.136516+00:00
2026-06-30 22:30:00+00:00,ADA-USD,15m,0.14380000531673431,0.14380000531673431,0.14339999854564667,0.1437000036239624,141024,141024,yfinance,2026-07-10T06:58:17.136516+00:00
2026-06-30 22:45:00+00:00,ADA-USD,15m,0.1437000036239624,0.14399999380111694,0.1436000019311905,0.14399999380111694,176992,176992,yfinance,2026-07-10T06:58:17.136516+00:00
2026-06-30 23:00:00+00:00,ADA-USD,15m,0.14399999380111694,0.14399999380111694,0.1437000036239624,0.14390000700950623,0,0,yfinance,2026-07-10T06:58:17.136516+00:00
2026-06-30 23:15:00+00:00,ADA-USD,15m,0.14390000700950623,0.14409999549388885,0.14390000700950623,0.14399999380111694,333792,333792,yfinance,2026-07-10T06:58:17.136516+00:00
2026-06-30 23:30:00+00:00,ADA-USD,15m,0.14399999380111694,0.14409999549388885,0.14380000531673431,0.14409999549388885,270624,270624,yfinance,2026-07-10T06:58:17.136516+00:00
2026-06-30 23:45:00+00:00,ADA-USD,15m,0.14409999549388885,0.14429999887943268,0.14409999549388885,0.14409999549388885,0,0,yfinance,2026-07-10T06:58:17.136516+00:00
2026-07-01 00:00:00+00:00,ADA-USD,15m,0.14419999718666077,0.14429999887943268,0.14380000531673431,0.14390000700950623,0,0,yfinance,2026-07-10T06:58:17.136516+00:00
2026-07-01 00:15:00+00:00,ADA-USD,15m,0.14390000700950623,0.14399999380111694,0.14319999516010284,0.14339999854564667,82016,82016,yfinance,2026-07-10T06:58:17.136516+00:00
2026-07-01 00:30:00+00:00,ADA-USD,15m,0.14339999854564667,0.14419999718666077,0.14339999854564667,0.14409999549388885,400864,400864,yfinance,2026-07-10T06:58:17.136516+00:00
2026-07-01 00:45:00+00:00,ADA-USD,15m,0.14409999549388885,0.1444000005722046,0.14399999380111694,0.14419999718666077,272608,272608,yfinance,2026-07-10T06:58:17.136516+00:00
2026-07-01 01:00:00+00:00,ADA-USD,15m,0.1444000005722046,0.1444000005722046,0.14180000126361847,0.1428000032901764,228128,228128,yfinance,2026-07-10T06:58:17.136516+00:00
2026-07-01 01:15:00+00:00,ADA-USD,15m,0.1429000049829483,0.1436000019311905,0.14249999821186066,0.14350000023841858,6055872,6055872,yfinance,2026-07-10T06:58:17.136516+00:00
2026-07-01 01:30:00+00:00,ADA-USD,15m,0.14339999854564667,0.14509999752044678,0.14339999854564667,0.14480000734329224,3549120,3549120,yfinance,2026-07-10T06:58:17.136516+00:00
2026-07-01 01:45:00+00:00,ADA-USD,15m,0.14480000734329224,0.14499999582767487,0.1444000005722046,0.14470000565052032,2387296,2387296,yfinance,2026-07-10T06:58:17.136516+00:00
2026-07-01 02:00:00+00:00,ADA-USD,15m,0.14470000565052032,0.1451999992132187,0.1445000022649765,0.14509999752044678,1456192,1456192,yfinance,2026-07-10T06:58:17.136516+00:00
2026-07-01 02:15:00+00:00,ADA-USD,15m,0.14509999752044678,0.14569999277591705,0.14509999752044678,0.14560000598430634,3586624,3586624,yfinance,2026-07-10T06:58:17.136516+00:00
2026-07-01 02:30:00+00:00,ADA-USD,15m,0.14560000598430634,0.14640000462532043,0.14560000598430634,0.14630000293254852,3898016,3898016,yfinance,2026-07-10T06:58:17.136516+00:00
2026-07-01 02:45:00+00:00,ADA-USD,15m,0.14640000462532043,0.14640000462532043,0.14589999616146088,0.14630000293254852,3376224,3376224,yfinance,2026-07-10T06:58:17.136516+00:00
2026-07-01 03:00:00+00:00,ADA-USD,15m,0.14640000462532043,0.1476999968290329,0.14630000293254852,0.1467999964952469,4931584,4931584,yfinance,2026-07-10T06:58:17.136516+00:00
2026-07-01 03:15:00+00:00,ADA-USD,15m,0.1467999964952469,0.1467999964952469,0.14640000462532043,0.1467999964952469,2890304,2890304,yfinance,2026-07-10T06:58:17.136516+00:00
2026-07-01 03:30:00+00:00,ADA-USD,15m,0.1468999981880188,0.14980000257492065,0.14669999480247498,0.14890000224113464,12688544,12688544,yfinance,2026-07-10T06:58:17.136516+00:00
2026-07-01 03:45:00+00:00,ADA-USD,15m,0.14880000054836273,0.15049999952316284,0.14880000054836273,0.14920000731945038,13002464,13002464,yfinance,2026-07-10T06:58:17.136516+00:00
2026-07-01 04:00:00+00:00,ADA-USD,15m,0.1492999941110611,0.14970000088214874,0.14880000054836273,0.14900000393390656,10495424,10495424,yfinance,2026-07-10T06:58:17.136516+00:00
2026-07-01 04:15:00+00:00,ADA-USD,15m,0.14890000224113464,0.15219999849796295,0.14869999885559082,0.15209999680519104,4780832,4780832,yfinance,2026-07-10T06:58:17.136516+00:00
2026-07-01 04:30:00+00:00,ADA-USD,15m,0.15209999680519104,0.15219999849796295,0.15060000121593475,0.15160000324249268,20258432,20258432,yfinance,2026-07-10T06:58:17.136516+00:00
2026-07-01 04:45:00+00:00,ADA-USD,15m,0.15150000154972076,0.15230000019073486,0.15060000121593475,0.15070000290870667,6705728,6705728,yfinance,2026-07-10T06:58:17.136516+00:00
2026-07-01 05:00:00+00:00,ADA-USD,15m,0.15080000460147858,0.15209999680519104,0.15049999952316284,0.15080000460147858,9902208,9902208,yfinance,2026-07-10T06:58:17.136516+00:00
2026-07-01 05:15:00+00:00,ADA-USD,15m,0.15070000290870667,0.15139999985694885,0.15070000290870667,0.15129999816417694,3655040,3655040,yfinance,2026-07-10T06:58:17.136516+00:00
2026-07-01 05:30:00+00:00,ADA-USD,15m,0.15129999816417694,0.15160000324249268,0.1501999944448471,0.15039999783039093,1994528,1994528,yfinance,2026-07-10T06:58:17.136516+00:00
2026-07-01 05:45:00+00:00,ADA-USD,15m,0.15049999952316284,0.15150000154972076,0.15029999613761902,0.15150000154972076,4816896,4816896,yfinance,2026-07-10T06:58:17.136516+00:00
2026-07-01 06:00:00+00:00,ADA-USD,15m,0.15139999985694885,0.15150000154972076,0.15039999783039093,0.1509000062942505,8096928,8096928,yfinance,2026-07-10T06:58:17.136516+00:00
2026-07-01 06:15:00+00:00,ADA-USD,15m,0.15080000460147858,0.15119999647140503,0.14959999918937683,0.1500999927520752,3448288,3448288,yfinance,2026-07-10T06:58:17.136516+00:00
2026-07-01 06:30:00+00:00,ADA-USD,15m,0.1501999944448471,0.1501999944448471,0.14890000224113464,0.14920000731945038,5860544,5860544,yfinance,2026-07-10T06:58:17.136516+00:00
2026-07-01 06:45:00+00:00,ADA-USD,15m,0.14920000731945038,0.1501999944448471,0.148499995470047,0.1501999944448471,2313696,2313696,yfinance,2026-07-10T06:58:17.136516+00:00
2026-07-01 07:00:00+00:00,ADA-USD,15m,0.1501999944448471,0.1501999944448471,0.14949999749660492,0.15000000596046448,7349664,7349664,yfinance,2026-07-10T06:58:17.136516+00:00
2026-07-01 07:15:00+00:00,ADA-USD,15m,0.15000000596046448,0.15060000121593475,0.14970000088214874,0.1501999944448471,2946048,2946048,yfinance,2026-07-10T06:58:17.136516+00:00
2026-07-01 07:30:00+00:00,ADA-USD,15m,0.14990000426769257,0.15029999613761902,0.14970000088214874,0.14980000257492065,2483552,2483552,yfinance,2026-07-10T06:58:17.136516+00:00
2026-07-01 07:45:00+00:00,ADA-USD,15m,0.14970000088214874,0.1501999944448471,0.149399995803833,0.15000000596046448,1826272,1826272,yfinance,2026-07-10T06:58:17.136516+00:00
2026-07-01 08:00:00+00:00,ADA-USD,15m,0.14990000426769257,0.15070000290870667,0.14980000257492065,0.15039999783039093,4340992,4340992,yfinance,2026-07-10T06:58:17.136516+00:00
2026-07-01 08:15:00+00:00,ADA-USD,15m,0.15039999783039093,0.15039999783039093,0.14920000731945038,0.14920000731945038,3844000,3844000,yfinance,2026-07-10T06:58:17.136516+00:00
2026-07-01 08:30:00+00:00,ADA-USD,15m,0.1492999941110611,0.14990000426769257,0.14890000224113464,0.14990000426769257,2951072,2951072,yfinance,2026-07-10T06:58:17.136516+00:00
2026-07-01 08:45:00+00:00,ADA-USD,15m,0.14990000426769257,0.15060000121593475,0.14949999749660492,0.15060000121593475,2292864,2292864,yfinance,2026-07-10T06:58:17.136516+00:00
2026-07-01 09:00:00+00:00,ADA-USD,15m,0.15029999613761902,0.15070000290870667,0.14990000426769257,0.15049999952316284,5498848,5498848,yfinance,2026-07-10T06:58:17.136516+00:00
2026-07-01 09:15:00+00:00,ADA-USD,15m,0.15049999952316284,0.15109999477863312,0.15049999952316284,0.1509000062942505,495712,495712,yfinance,2026-07-10T06:58:17.136516+00:00
2026-07-01 09:30:00+00:00,ADA-USD,15m,0.1509000062942505,0.1509000062942505,0.15039999783039093,0.15039999783039093,678592,678592,yfinance,2026-07-10T06:58:17.136516+00:00
2026-07-01 09:45:00+00:00,ADA-USD,15m,0.15039999783039093,0.15039999783039093,0.14990000426769257,0.15029999613761902,1565696,1565696,yfinance,2026-07-10T06:58:17.136516+00:00
2026-07-01 10:00:00+00:00,ADA-USD,15m,0.15029999613761902,0.1509000062942505,0.14990000426769257,0.14990000426769257,2203328,2203328,yfinance,2026-07-10T06:58:17.136516+00:00
2026-07-01 10:15:00+00:00,ADA-USD,15m,0.14990000426769257,0.15049999952316284,0.14980000257492065,0.1501999944448471,1598784,1598784,yfinance,2026-07-10T06:58:17.136516+00:00
2026-07-01 10:30:00+00:00,ADA-USD,15m,0.15029999613761902,0.1509000062942505,0.1501999944448471,0.15039999783039093,1219680,1219680,yfinance,2026-07-10T06:58:17.136516+00:00
2026-07-01 10:45:00+00:00,ADA-USD,15m,0.15049999952316284,0.15129999816417694,0.15049999952316284,0.15060000121593475,1815232,1815232,yfinance,2026-07-10T06:58:17.136516+00:00
2026-07-01 11:00:00+00:00,ADA-USD,15m,0.15070000290870667,0.15209999680519104,0.15039999783039093,0.15199999511241913,3361504,3361504,yfinance,2026-07-10T06:58:17.136516+00:00
2026-07-01 11:15:00+00:00,ADA-USD,15m,0.15199999511241913,0.15219999849796295,0.15109999477863312,0.15109999477863312,2344992,2344992,yfinance,2026-07-10T06:58:17.136516+00:00
2026-07-01 11:30:00+00:00,ADA-USD,15m,0.15109999477863312,0.15119999647140503,0.15049999952316284,0.15070000290870667,1857088,1857088,yfinance,2026-07-10T06:58:17.136516+00:00
2026-07-01 11:45:00+00:00,ADA-USD,15m,0.15080000460147858,0.15080000460147858,0.1501999944448471,0.15060000121593475,536576,536576,yfinance,2026-07-10T06:58:17.136516+00:00
2026-07-01 12:00:00+00:00,ADA-USD,15m,0.15070000290870667,0.15080000460147858,0.1501999944448471,0.15039999783039093,1599264,1599264,yfinance,2026-07-10T06:58:17.136516+00:00
2026-07-01 12:15:00+00:00,ADA-USD,15m,0.15039999783039093,0.15109999477863312,0.15039999783039093,0.1509999930858612,0,0,yfinance,2026-07-10T06:58:17.136516+00:00
2026-07-01 12:30:00+00:00,ADA-USD,15m,0.1509000062942505,0.15219999849796295,0.15060000121593475,0.15139999985694885,7205792,7205792,yfinance,2026-07-10T06:58:17.136516+00:00
2026-07-01 12:45:00+00:00,ADA-USD,15m,0.15139999985694885,0.15150000154972076,0.1509999930858612,0.15139999985694885,59392,59392,yfinance,2026-07-10T06:58:17.136516+00:00
2026-07-01 13:00:00+00:00,ADA-USD,15m,0.15139999985694885,0.15199999511241913,0.15109999477863312,0.15199999511241913,1725120,1725120,yfinance,2026-07-10T06:58:17.136516+00:00
2026-07-01 13:15:00+00:00,ADA-USD,15m,0.15199999511241913,0.1527000069618225,0.15189999341964722,0.1527000069618225,5233760,5233760,yfinance,2026-07-10T06:58:17.136516+00:00
2026-07-01 13:30:00+00:00,ADA-USD,15m,0.15219999849796295,0.1526000052690506,0.15070000290870667,0.15240000188350677,3464832,3464832,yfinance,2026-07-10T06:58:17.136516+00:00
2026-07-01 13:45:00+00:00,ADA-USD,15m,0.15219999849796295,0.15379999577999115,0.15199999511241913,0.15369999408721924,4251616,4251616,yfinance,2026-07-10T06:58:17.136516+00:00
2026-07-01 14:00:00+00:00,ADA-USD,15m,0.15360000729560852,0.15680000185966492,0.1534000039100647,0.1565999984741211,10837568,10837568,yfinance,2026-07-10T06:58:17.136516+00:00
2026-07-01 14:15:00+00:00,ADA-USD,15m,0.15649999678134918,0.15710000693798065,0.1543000042438507,0.15440000593662262,11395296,11395296,yfinance,2026-07-10T06:58:17.136516+00:00
2026-07-01 14:30:00+00:00,ADA-USD,15m,0.15459999442100525,0.1551000028848648,0.1534000039100647,0.15479999780654907,5711648,5711648,yfinance,2026-07-10T06:58:17.136516+00:00
2026-07-01 14:45:00+00:00,ADA-USD,15m,0.15469999611377716,0.15569999814033508,0.15399999916553497,0.15539999306201935,6810592,6810592,yfinance,2026-07-10T06:58:17.136516+00:00
2026-07-01 15:00:00+00:00,ADA-USD,15m,0.15549999475479126,0.15700000524520874,0.15539999306201935,0.15629999339580536,9165440,9165440,yfinance,2026-07-10T06:58:17.136516+00:00
2026-07-01 15:15:00+00:00,ADA-USD,15m,0.15620000660419464,0.15780000388622284,0.15610000491142273,0.15680000185966492,4645184,4645184,yfinance,2026-07-10T06:58:17.136516+00:00
2026-07-01 15:30:00+00:00,ADA-USD,15m,0.15680000185966492,0.15680000185966492,0.15530000627040863,0.1559000015258789,2975552,2975552,yfinance,2026-07-10T06:58:17.136516+00:00
2026-07-01 15:45:00+00:00,ADA-USD,15m,0.15569999814033508,0.155799999833107,0.15489999949932098,0.1551000028848648,1550848,1550848,yfinance,2026-07-10T06:58:17.136516+00:00
2026-07-01 16:00:00+00:00,ADA-USD,15m,0.1551000028848648,0.15569999814033508,0.15479999780654907,0.15559999644756317,1979840,1979840,yfinance,2026-07-10T06:58:17.136516+00:00
2026-07-01 16:15:00+00:00,ADA-USD,15m,0.15549999475479126,0.15569999814033508,0.15489999949932098,0.15559999644756317,2381376,2381376,yfinance,2026-07-10T06:58:17.136516+00:00
2026-07-01 16:30:00+00:00,ADA-USD,15m,0.15539999306201935,0.15549999475479126,0.1550000011920929,0.1551000028848648,655360,655360,yfinance,2026-07-10T06:58:17.136516+00:00
2026-07-01 16:45:00+00:00,ADA-USD,15m,0.1551000028848648,0.1551000028848648,0.1543000042438507,0.15489999949932098,0,0,yfinance,2026-07-10T06:58:17.136516+00:00
2026-07-01 17:00:00+00:00,ADA-USD,15m,0.1550000011920929,0.1550000011920929,0.15369999408721924,0.15389999747276306,331840,331840,yfinance,2026-07-10T06:58:17.136516+00:00
2026-07-01 17:15:00+00:00,ADA-USD,15m,0.15389999747276306,0.15469999611377716,0.15379999577999115,0.15440000593662262,2250048,2250048,yfinance,2026-07-10T06:58:17.136516+00:00
2026-07-01 17:30:00+00:00,ADA-USD,15m,0.15440000593662262,0.15440000593662262,0.15399999916553497,0.1542000025510788,1477504,1477504,yfinance,2026-07-10T06:58:17.136516+00:00
2026-07-01 17:45:00+00:00,ADA-USD,15m,0.1542000025510788,0.15489999949932098,0.1542000025510788,0.15469999611377716,1289664,1289664,yfinance,2026-07-10T06:58:17.136516+00:00
2026-07-01 18:00:00+00:00,ADA-USD,15m,0.15459999442100525,0.15489999949932098,0.15410000085830688,0.15440000593662262,609088,609088,yfinance,2026-07-10T06:58:17.136516+00:00
2026-07-01 18:15:00+00:00,ADA-USD,15m,0.1543000042438507,0.15449999272823334,0.15399999916553497,0.15440000593662262,1521088,1521088,yfinance,2026-07-10T06:58:17.136516+00:00
2026-07-01 18:30:00+00:00,ADA-USD,15m,0.15440000593662262,0.15449999272823334,0.15389999747276306,0.1542000025510788,265344,265344,yfinance,2026-07-10T06:58:17.136516+00:00
2026-07-01 18:45:00+00:00,ADA-USD,15m,0.1542000025510788,0.1542000025510788,0.1534000039100647,0.15389999747276306,466496,466496,yfinance,2026-07-10T06:58:17.136516+00:00
2026-07-01 19:00:00+00:00,ADA-USD,15m,0.15389999747276306,0.15469999611377716,0.15389999747276306,0.15449999272823334,487040,487040,yfinance,2026-07-10T06:58:17.136516+00:00
2026-07-01 19:15:00+00:00,ADA-USD,15m,0.15449999272823334,0.15459999442100525,0.1534000039100647,0.1534000039100647,246720,246720,yfinance,2026-07-10T06:58:17.136516+00:00
2026-07-01 19:30:00+00:00,ADA-USD,15m,0.15330000221729279,0.1534000039100647,0.15279999375343323,0.15309999883174896,883200,883200,yfinance,2026-07-10T06:58:17.136516+00:00
2026-07-01 19:45:00+00:00,ADA-USD,15m,0.15279999375343323,0.15330000221729279,0.1525000035762787,0.15320000052452087,802368,802368,yfinance,2026-07-10T06:58:17.136516+00:00
2026-07-01 20:00:00+00:00,ADA-USD,15m,0.15330000221729279,0.15360000729560852,0.15299999713897705,0.15360000729560852,1073664,1073664,yfinance,2026-07-10T06:58:17.136516+00:00
2026-07-01 20:15:00+00:00,ADA-USD,15m,0.15360000729560852,0.15360000729560852,0.15279999375343323,0.1534000039100647,462464,462464,yfinance,2026-07-10T06:58:17.136516+00:00
2026-07-01 20:30:00+00:00,ADA-USD,15m,0.1534000039100647,0.1535000056028366,0.15309999883174896,0.1535000056028366,1041856,1041856,yfinance,2026-07-10T06:58:17.136516+00:00
2026-07-01 20:45:00+00:00,ADA-USD,15m,0.15360000729560852,0.15389999747276306,0.15360000729560852,0.15379999577999115,1083968,1083968,yfinance,2026-07-10T06:58:17.136516+00:00
2026-07-01 21:00:00+00:00,ADA-USD,15m,0.15389999747276306,0.15520000457763672,0.15389999747276306,0.15489999949932098,2649344,2649344,yfinance,2026-07-10T06:58:17.136516+00:00
2026-07-01 21:15:00+00:00,ADA-USD,15m,0.15489999949932098,0.155799999833107,0.15469999611377716,0.155799999833107,2738240,2738240,yfinance,2026-07-10T06:58:17.136516+00:00
2026-07-01 21:30:00+00:00,ADA-USD,15m,0.1559000015258789,0.1573999971151352,0.1559000015258789,0.15710000693798065,5038656,5038656,yfinance,2026-07-10T06:58:17.136516+00:00
2026-07-01 21:45:00+00:00,ADA-USD,15m,0.15719999372959137,0.15780000388622284,0.15710000693798065,0.15729999542236328,2787008,2787008,yfinance,2026-07-10T06:58:17.136516+00:00
2026-07-01 22:00:00+00:00,ADA-USD,15m,0.15719999372959137,0.15770000219345093,0.1565999984741211,0.156700000166893,2545088,2545088,yfinance,2026-07-10T06:58:17.136516+00:00
2026-07-01 22:15:00+00:00,ADA-USD,15m,0.1565999984741211,0.15760000050067902,0.1559000015258789,0.1559000015258789,9649856,9649856,yfinance,2026-07-10T06:58:17.136516+00:00
2026-07-01 22:30:00+00:00,ADA-USD,15m,0.15600000321865082,0.15639999508857727,0.155799999833107,0.15600000321865082,2894720,2894720,yfinance,2026-07-10T06:58:17.136516+00:00
2026-07-01 22:45:00+00:00,ADA-USD,15m,0.15600000321865082,0.15600000321865082,0.15549999475479126,0.155799999833107,977216,977216,yfinance,2026-07-10T06:58:17.136516+00:00
2026-07-01 23:00:00+00:00,ADA-USD,15m,0.15569999814033508,0.15569999814033508,0.15469999611377716,0.1550000011920929,3366272,3366272,yfinance,2026-07-10T06:58:17.136516+00:00
2026-07-01 23:15:00+00:00,ADA-USD,15m,0.15489999949932098,0.1550000011920929,0.15449999272823334,0.15459999442100525,1009152,1009152,yfinance,2026-07-10T06:58:17.136516+00:00
2026-07-01 23:30:00+00:00,ADA-USD,15m,0.15459999442100525,0.15459999442100525,0.15389999747276306,0.1542000025510788,626432,626432,yfinance,2026-07-10T06:58:17.136516+00:00
2026-07-01 23:45:00+00:00,ADA-USD,15m,0.1542000025510788,0.15440000593662262,0.15379999577999115,0.15379999577999115,2366464,2366464,yfinance,2026-07-10T06:58:17.136516+00:00
2026-07-02 00:00:00+00:00,ADA-USD,15m,0.15369999408721924,0.15389999747276306,0.15330000221729279,0.15330000221729279,2234112,2234112,yfinance,2026-07-10T06:58:17.136516+00:00
2026-07-02 00:15:00+00:00,ADA-USD,15m,0.1534000039100647,0.15360000729560852,0.15279999375343323,0.15320000052452087,658752,658752,yfinance,2026-07-10T06:58:17.136516+00:00
2026-07-02 00:30:00+00:00,ADA-USD,15m,0.15299999713897705,0.15299999713897705,0.1525000035762787,0.1525000035762787,214528,214528,yfinance,2026-07-10T06:58:17.136516+00:00
2026-07-02 00:45:00+00:00,ADA-USD,15m,0.1526000052690506,0.15299999713897705,0.1525000035762787,0.15279999375343323,2155072,2155072,yfinance,2026-07-10T06:58:17.136516+00:00
2026-07-02 01:00:00+00:00,ADA-USD,15m,0.15279999375343323,0.15369999408721924,0.15279999375343323,0.15369999408721924,769600,769600,yfinance,2026-07-10T06:58:17.136516+00:00
2026-07-02 01:15:00+00:00,ADA-USD,15m,0.15369999408721924,0.15389999747276306,0.1535000056028366,0.15379999577999115,0,0,yfinance,2026-07-10T06:58:17.136516+00:00
2026-07-02 01:30:00+00:00,ADA-USD,15m,0.15389999747276306,0.1551000028848648,0.15389999747276306,0.15469999611377716,72384,72384,yfinance,2026-07-10T06:58:17.136516+00:00
2026-07-02 01:45:00+00:00,ADA-USD,15m,0.15459999442100525,0.15539999306201935,0.15440000593662262,0.15449999272823334,1577792,1577792,yfinance,2026-07-10T06:58:17.136516+00:00
2026-07-02 02:00:00+00:00,ADA-USD,15m,0.15449999272823334,0.1550000011920929,0.15410000085830688,0.15440000593662262,1737088,1737088,yfinance,2026-07-10T06:58:17.136516+00:00
2026-07-02 02:15:00+00:00,ADA-USD,15m,0.15440000593662262,0.15479999780654907,0.15399999916553497,0.15410000085830688,0,0,yfinance,2026-07-10T06:58:17.136516+00:00
2026-07-02 02:30:00+00:00,ADA-USD,15m,0.15410000085830688,0.15489999949932098,0.15410000085830688,0.15489999949932098,91520,91520,yfinance,2026-07-10T06:58:17.136516+00:00
2026-07-02 02:45:00+00:00,ADA-USD,15m,0.15479999780654907,0.15489999949932098,0.1542000025510788,0.15449999272823334,0,0,yfinance,2026-07-10T06:58:17.136516+00:00
2026-07-02 03:00:00+00:00,ADA-USD,15m,0.15449999272823334,0.15459999442100525,0.15389999747276306,0.1542000025510788,0,0,yfinance,2026-07-10T06:58:17.136516+00:00
2026-07-02 03:15:00+00:00,ADA-USD,15m,0.1543000042438507,0.1551000028848648,0.15360000729560852,0.15479999780654907,0,0,yfinance,2026-07-10T06:58:17.136516+00:00
2026-07-02 03:30:00+00:00,ADA-USD,15m,0.15459999442100525,0.15559999644756317,0.15459999442100525,0.15539999306201935,4435776,4435776,yfinance,2026-07-10T06:58:17.136516+00:00
2026-07-02 03:45:00+00:00,ADA-USD,15m,0.15539999306201935,0.15629999339580536,0.15520000457763672,0.15600000321865082,0,0,yfinance,2026-07-10T06:58:17.136516+00:00
2026-07-02 04:00:00+00:00,ADA-USD,15m,0.1559000015258789,0.1559000015258789,0.15520000457763672,0.15530000627040863,0,0,yfinance,2026-07-10T06:58:17.136516+00:00
2026-07-02 04:15:00+00:00,ADA-USD,15m,0.15520000457763672,0.15520000457763672,0.15459999442100525,0.15479999780654907,0,0,yfinance,2026-07-10T06:58:17.136516+00:00
2026-07-02 04:30:00+00:00,ADA-USD,15m,0.15479999780654907,0.15539999306201935,0.15459999442100525,0.15539999306201935,0,0,yfinance,2026-07-10T06:58:17.136516+00:00
2026-07-02 04:45:00+00:00,ADA-USD,15m,0.15549999475479126,0.1559000015258789,0.15530000627040863,0.155799999833107,0,0,yfinance,2026-07-10T06:58:17.136516+00:00
2026-07-02 05:00:00+00:00,ADA-USD,15m,0.155799999833107,0.155799999833107,0.15539999306201935,0.15569999814033508,0,0,yfinance,2026-07-10T06:58:17.136516+00:00
2026-07-02 05:15:00+00:00,ADA-USD,15m,0.15559999644756317,0.15569999814033508,0.15479999780654907,0.15489999949932098,0,0,yfinance,2026-07-10T06:58:17.136516+00:00
2026-07-02 05:30:00+00:00,ADA-USD,15m,0.15489999949932098,0.1550000011920929,0.1542000025510788,0.1543000042438507,0,0,yfinance,2026-07-10T06:58:17.136516+00:00
2026-07-02 05:45:00+00:00,ADA-USD,15m,0.1543000042438507,0.15449999272823334,0.15410000085830688,0.1543000042438507,0,0,yfinance,2026-07-10T06:58:17.136516+00:00
2026-07-02 06:00:00+00:00,ADA-USD,15m,0.1543000042438507,0.1543000042438507,0.15399999916553497,0.1542000025510788,0,0,yfinance,2026-07-10T06:58:17.136516+00:00
2026-07-02 06:15:00+00:00,ADA-USD,15m,0.1542000025510788,0.15479999780654907,0.1542000025510788,0.15459999442100525,0,0,yfinance,2026-07-10T06:58:17.136516+00:00
2026-07-02 06:30:00+00:00,ADA-USD,15m,0.15459999442100525,0.15559999644756317,0.15459999442100525,0.15559999644756317,0,0,yfinance,2026-07-10T06:58:17.136516+00:00
2026-07-02 06:45:00+00:00,ADA-USD,15m,0.15549999475479126,0.15549999475479126,0.1542000025510788,0.15459999442100525,0,0,yfinance,2026-07-10T06:58:17.136516+00:00
2026-07-02 07:00:00+00:00,ADA-USD,15m,0.15459999442100525,0.15469999611377716,0.1543000042438507,0.15449999272823334,0,0,yfinance,2026-07-10T06:58:17.136516+00:00
2026-07-02 07:15:00+00:00,ADA-USD,15m,0.15449999272823334,0.15479999780654907,0.1543000042438507,0.15459999442100525,0,0,yfinance,2026-07-10T06:58:17.136516+00:00
2026-07-02 07:30:00+00:00,ADA-USD,15m,0.15469999611377716,0.15569999814033508,0.15469999611377716,0.15549999475479126,1764736,1764736,yfinance,2026-07-10T06:58:17.136516+00:00
2026-07-02 07:45:00+00:00,ADA-USD,15m,0.15549999475479126,0.15549999475479126,0.15489999949932098,0.15489999949932098,734080,734080,yfinance,2026-07-10T06:58:17.136516+00:00
2026-07-02 08:00:00+00:00,ADA-USD,15m,0.1550000011920929,0.15600000321865082,0.15479999780654907,0.15559999644756317,1955232,1955232,yfinance,2026-07-10T06:58:17.136516+00:00
2026-07-02 08:15:00+00:00,ADA-USD,15m,0.15559999644756317,0.15600000321865082,0.15559999644756317,0.155799999833107,223968,223968,yfinance,2026-07-10T06:58:17.136516+00:00
2026-07-02 08:30:00+00:00,ADA-USD,15m,0.15569999814033508,0.15639999508857727,0.15559999644756317,0.15629999339580536,155328,155328,yfinance,2026-07-10T06:58:17.136516+00:00
2026-07-02 08:45:00+00:00,ADA-USD,15m,0.15629999339580536,0.15649999678134918,0.15620000660419464,0.15639999508857727,212800,212800,yfinance,2026-07-10T06:58:17.136516+00:00
2026-07-02 09:00:00+00:00,ADA-USD,15m,0.15639999508857727,0.15639999508857727,0.15559999644756317,0.15559999644756317,0,0,yfinance,2026-07-10T06:58:17.136516+00:00
2026-07-02 09:15:00+00:00,ADA-USD,15m,0.15559999644756317,0.15629999339580536,0.15559999644756317,0.15629999339580536,0,0,yfinance,2026-07-10T06:58:17.136516+00:00
2026-07-02 09:30:00+00:00,ADA-USD,15m,0.15629999339580536,0.1581999957561493,0.15629999339580536,0.15770000219345093,4223264,4223264,yfinance,2026-07-10T06:58:17.136516+00:00
2026-07-02 09:45:00+00:00,ADA-USD,15m,0.1574999988079071,0.15809999406337738,0.15680000185966492,0.1574999988079071,3419328,3419328,yfinance,2026-07-10T06:58:17.136516+00:00
2026-07-02 10:00:00+00:00,ADA-USD,15m,0.1573999971151352,0.15800000727176666,0.1573999971151352,0.15790000557899475,969984,969984,yfinance,2026-07-10T06:58:17.136516+00:00
2026-07-02 10:15:00+00:00,ADA-USD,15m,0.15780000388622284,0.15809999406337738,0.1574999988079071,0.15809999406337738,800256,800256,yfinance,2026-07-10T06:58:17.136516+00:00
2026-07-02 10:30:00+00:00,ADA-USD,15m,0.1581999957561493,0.1590999960899353,0.1581999957561493,0.15839999914169312,4742496,4742496,yfinance,2026-07-10T06:58:17.136516+00:00
2026-07-02 10:45:00+00:00,ADA-USD,15m,0.15839999914169312,0.1590999960899353,0.1581999957561493,0.1589999943971634,856864,856864,yfinance,2026-07-10T06:58:17.136516+00:00
2026-07-02 11:00:00+00:00,ADA-USD,15m,0.1589999943971634,0.15960000455379486,0.15870000422000885,0.15919999778270721,81792,81792,yfinance,2026-07-10T06:58:17.136516+00:00
2026-07-02 11:15:00+00:00,ADA-USD,15m,0.15919999778270721,0.15940000116825104,0.15860000252723694,0.15919999778270721,2380384,2380384,yfinance,2026-07-10T06:58:17.136516+00:00
2026-07-02 11:30:00+00:00,ADA-USD,15m,0.15919999778270721,0.1597999930381775,0.15919999778270721,0.1597999930381775,387648,387648,yfinance,2026-07-10T06:58:17.136516+00:00
2026-07-02 11:45:00+00:00,ADA-USD,15m,0.1597999930381775,0.16009999811649323,0.15870000422000885,0.15940000116825104,6458432,6458432,yfinance,2026-07-10T06:58:17.136516+00:00
2026-07-02 12:00:00+00:00,ADA-USD,15m,0.15940000116825104,0.16110000014305115,0.15929999947547913,0.16110000014305115,3037312,3037312,yfinance,2026-07-10T06:58:17.136516+00:00
2026-07-02 12:15:00+00:00,ADA-USD,15m,0.16120000183582306,0.16120000183582306,0.15940000116825104,0.16040000319480896,2629600,2629600,yfinance,2026-07-10T06:58:17.136516+00:00
2026-07-02 12:30:00+00:00,ADA-USD,15m,0.1607999950647354,0.1615000069141388,0.16040000319480896,0.16050000488758087,1975456,1975456,yfinance,2026-07-10T06:58:17.136516+00:00
2026-07-02 12:45:00+00:00,ADA-USD,15m,0.16050000488758087,0.1607999950647354,0.1599999964237213,0.16019999980926514,1471264,1471264,yfinance,2026-07-10T06:58:17.136516+00:00
2026-07-02 13:00:00+00:00,ADA-USD,15m,0.16019999980926514,0.16099999845027924,0.15970000624656677,0.1606999933719635,711328,711328,yfinance,2026-07-10T06:58:17.136516+00:00
2026-07-02 13:15:00+00:00,ADA-USD,15m,0.1606999933719635,0.16200000047683716,0.1606999933719635,0.1606999933719635,633344,633344,yfinance,2026-07-10T06:58:17.136516+00:00
2026-07-02 13:30:00+00:00,ADA-USD,15m,0.16089999675750732,0.16249999403953552,0.16040000319480896,0.16179999709129333,1718304,1718304,yfinance,2026-07-10T06:58:17.136516+00:00
2026-07-02 13:45:00+00:00,ADA-USD,15m,0.16179999709129333,0.16189999878406525,0.1615000069141388,0.16169999539852142,410880,410880,yfinance,2026-07-10T06:58:17.136516+00:00
2026-07-02 14:00:00+00:00,ADA-USD,15m,0.16179999709129333,0.16220000386238098,0.16089999675750732,0.16189999878406525,0,0,yfinance,2026-07-10T06:58:17.136516+00:00
2026-07-02 14:15:00+00:00,ADA-USD,15m,0.16179999709129333,0.16200000047683716,0.1597999930381775,0.16009999811649323,0,0,yfinance,2026-07-10T06:58:17.136516+00:00
2026-07-02 14:30:00+00:00,ADA-USD,15m,0.1599999964237213,0.16050000488758087,0.15929999947547913,0.15960000455379486,0,0,yfinance,2026-07-10T06:58:17.136516+00:00
2026-07-02 14:45:00+00:00,ADA-USD,15m,0.15960000455379486,0.16030000150203705,0.15950000286102295,0.1599999964237213,0,0,yfinance,2026-07-10T06:58:17.136516+00:00
2026-07-02 15:00:00+00:00,ADA-USD,15m,0.1598999947309494,0.1598999947309494,0.15860000252723694,0.15940000116825104,51328,51328,yfinance,2026-07-10T06:58:17.136516+00:00
2026-07-02 15:15:00+00:00,ADA-USD,15m,0.15940000116825104,0.16030000150203705,0.1590999960899353,0.1599999964237213,0,0,yfinance,2026-07-10T06:58:17.136516+00:00
2026-07-02 15:30:00+00:00,ADA-USD,15m,0.16009999811649323,0.16110000014305115,0.16009999811649323,0.1606999933719635,0,0,yfinance,2026-07-10T06:58:17.136516+00:00
2026-07-02 15:45:00+00:00,ADA-USD,15m,0.1606999933719635,0.1607999950647354,0.16030000150203705,0.1606999933719635,0,0,yfinance,2026-07-10T06:58:17.136516+00:00
2026-07-02 16:00:00+00:00,ADA-USD,15m,0.1606999933719635,0.1623000055551529,0.16030000150203705,0.16099999845027924,3408000,3408000,yfinance,2026-07-10T06:58:17.136516+00:00
2026-07-02 16:15:00+00:00,ADA-USD,15m,0.16099999845027924,0.16099999845027924,0.15929999947547913,0.15940000116825104,0,0,yfinance,2026-07-10T06:58:17.136516+00:00
2026-07-02 16:30:00+00:00,ADA-USD,15m,0.15960000455379486,0.16009999811649323,0.15960000455379486,0.1598999947309494,733696,733696,yfinance,2026-07-10T06:58:17.136516+00:00
2026-07-02 16:45:00+00:00,ADA-USD,15m,0.16019999980926514,0.16040000319480896,0.15970000624656677,0.1598999947309494,1882368,1882368,yfinance,2026-07-10T06:58:17.136516+00:00
2026-07-02 17:00:00+00:00,ADA-USD,15m,0.1598999947309494,0.1599999964237213,0.15950000286102295,0.1598999947309494,0,0,yfinance,2026-07-10T06:58:17.136516+00:00
2026-07-02 17:15:00+00:00,ADA-USD,15m,0.1597999930381775,0.1597999930381775,0.15960000455379486,0.15970000624656677,9056,9056,yfinance,2026-07-10T06:58:17.136516+00:00
2026-07-02 17:30:00+00:00,ADA-USD,15m,0.15970000624656677,0.1597999930381775,0.15880000591278076,0.15929999947547913,465120,465120,yfinance,2026-07-10T06:58:17.136516+00:00
2026-07-02 17:45:00+00:00,ADA-USD,15m,0.15929999947547913,0.15940000116825104,0.15880000591278076,0.15889999270439148,206240,206240,yfinance,2026-07-10T06:58:17.136516+00:00
2026-07-02 18:00:00+00:00,ADA-USD,15m,0.15880000591278076,0.15970000624656677,0.15870000422000885,0.15960000455379486,335840,335840,yfinance,2026-07-10T06:58:17.136516+00:00
2026-07-02 18:15:00+00:00,ADA-USD,15m,0.15960000455379486,0.15960000455379486,0.15919999778270721,0.15960000455379486,0,0,yfinance,2026-07-10T06:58:17.136516+00:00
2026-07-02 18:30:00+00:00,ADA-USD,15m,0.15960000455379486,0.15970000624656677,0.15940000116825104,0.15970000624656677,249248,249248,yfinance,2026-07-10T06:58:17.136516+00:00
2026-07-02 18:45:00+00:00,ADA-USD,15m,0.15970000624656677,0.16050000488758087,0.15950000286102295,0.15970000624656677,3045760,3045760,yfinance,2026-07-10T06:58:17.136516+00:00
2026-07-02 19:00:00+00:00,ADA-USD,15m,0.15970000624656677,0.1597999930381775,0.1590999960899353,0.15950000286102295,353920,353920,yfinance,2026-07-10T06:58:17.136516+00:00
2026-07-02 19:15:00+00:00,ADA-USD,15m,0.15950000286102295,0.15950000286102295,0.15880000591278076,0.1589999943971634,253280,253280,yfinance,2026-07-10T06:58:17.136516+00:00
2026-07-02 19:30:00+00:00,ADA-USD,15m,0.1589999943971634,0.15960000455379486,0.15889999270439148,0.15940000116825104,0,0,yfinance,2026-07-10T06:58:17.136516+00:00
2026-07-02 19:45:00+00:00,ADA-USD,15m,0.15940000116825104,0.16019999980926514,0.15940000116825104,0.15970000624656677,701120,701120,yfinance,2026-07-10T06:58:17.136516+00:00
2026-07-02 20:00:00+00:00,ADA-USD,15m,0.15970000624656677,0.16009999811649323,0.15940000116825104,0.16009999811649323,0,0,yfinance,2026-07-10T06:58:17.136516+00:00
2026-07-02 20:15:00+00:00,ADA-USD,15m,0.16019999980926514,0.1607999950647354,0.16019999980926514,0.16050000488758087,1842784,1842784,yfinance,2026-07-10T06:58:17.136516+00:00
2026-07-02 20:30:00+00:00,ADA-USD,15m,0.16060000658035278,0.16189999878406525,0.16060000658035278,0.16140000522136688,6861888,6861888,yfinance,2026-07-10T06:58:17.136516+00:00
2026-07-02 20:45:00+00:00,ADA-USD,15m,0.16140000522136688,0.16179999709129333,0.16099999845027924,0.16099999845027924,2758240,2758240,yfinance,2026-07-10T06:58:17.136516+00:00
2026-07-02 21:00:00+00:00,ADA-USD,15m,0.16099999845027924,0.1615999937057495,0.16099999845027924,0.1615999937057495,1663872,1663872,yfinance,2026-07-10T06:58:17.136516+00:00
2026-07-02 21:15:00+00:00,ADA-USD,15m,0.1615999937057495,0.16169999539852142,0.16130000352859497,0.16140000522136688,0,0,yfinance,2026-07-10T06:58:17.136516+00:00
2026-07-02 21:30:00+00:00,ADA-USD,15m,0.1615000069141388,0.1615000069141388,0.16050000488758087,0.16060000658035278,0,0,yfinance,2026-07-10T06:58:17.136516+00:00
2026-07-02 21:45:00+00:00,ADA-USD,15m,0.16060000658035278,0.16099999845027924,0.16030000150203705,0.1607999950647354,0,0,yfinance,2026-07-10T06:58:17.136516+00:00
2026-07-02 22:00:00+00:00,ADA-USD,15m,0.1606999933719635,0.16120000183582306,0.16040000319480896,0.16050000488758087,0,0,yfinance,2026-07-10T06:58:17.136516+00:00
2026-07-02 22:15:00+00:00,ADA-USD,15m,0.16050000488758087,0.1606999933719635,0.16030000150203705,0.16030000150203705,0,0,yfinance,2026-07-10T06:58:17.136516+00:00
2026-07-02 22:30:00+00:00,ADA-USD,15m,0.16030000150203705,0.1607999950647354,0.16019999980926514,0.1606999933719635,0,0,yfinance,2026-07-10T06:58:17.136516+00:00
2026-07-02 22:45:00+00:00,ADA-USD,15m,0.1606999933719635,0.16189999878406525,0.1606999933719635,0.16130000352859497,3601344,3601344,yfinance,2026-07-10T06:58:17.136516+00:00
2026-07-02 23:00:00+00:00,ADA-USD,15m,0.16120000183582306,0.16120000183582306,0.1606999933719635,0.1606999933719635,29120,29120,yfinance,2026-07-10T06:58:17.136516+00:00
2026-07-02 23:15:00+00:00,ADA-USD,15m,0.1606999933719635,0.1615999937057495,0.1606999933719635,0.1615999937057495,197984,197984,yfinance,2026-07-10T06:58:17.136516+00:00
2026-07-02 23:30:00+00:00,ADA-USD,15m,0.1615999937057495,0.16269999742507935,0.16130000352859497,0.16200000047683716,6022080,6022080,yfinance,2026-07-10T06:58:17.136516+00:00
2026-07-02 23:45:00+00:00,ADA-USD,15m,0.16210000216960907,0.16220000386238098,0.16110000014305115,0.16130000352859497,2362880,2362880,yfinance,2026-07-10T06:58:17.136516+00:00
2026-07-03 00:00:00+00:00,ADA-USD,15m,0.16140000522136688,0.1615999937057495,0.16050000488758087,0.16099999845027924,912256,912256,yfinance,2026-07-10T06:58:17.136516+00:00
2026-07-03 00:15:00+00:00,ADA-USD,15m,0.16099999845027924,0.16110000014305115,0.16050000488758087,0.16060000658035278,765952,765952,yfinance,2026-07-10T06:58:17.136516+00:00
2026-07-03 00:30:00+00:00,ADA-USD,15m,0.16060000658035278,0.16120000183582306,0.16060000658035278,0.16099999845027924,1135328,1135328,yfinance,2026-07-10T06:58:17.136516+00:00
2026-07-03 00:45:00+00:00,ADA-USD,15m,0.16099999845027924,0.16140000522136688,0.1607999950647354,0.16120000183582306,649920,649920,yfinance,2026-07-10T06:58:17.136516+00:00
2026-07-03 01:00:00+00:00,ADA-USD,15m,0.16130000352859497,0.16300000250339508,0.16130000352859497,0.16290000081062317,855360,855360,yfinance,2026-07-10T06:58:17.136516+00:00
2026-07-03 01:15:00+00:00,ADA-USD,15m,0.16290000081062317,0.1647000014781952,0.16259999573230743,0.16419999301433563,6107008,6107008,yfinance,2026-07-10T06:58:17.136516+00:00
2026-07-03 01:30:00+00:00,ADA-USD,15m,0.16449999809265137,0.1657000035047531,0.16410000622272491,0.16500000655651093,5755904,5755904,yfinance,2026-07-10T06:58:17.136516+00:00
2026-07-03 01:45:00+00:00,ADA-USD,15m,0.16500000655651093,0.16590000689029694,0.16429999470710754,0.1656000018119812,5555008,5555008,yfinance,2026-07-10T06:58:17.136516+00:00
2026-07-03 02:00:00+00:00,ADA-USD,15m,0.16590000689029694,0.16609999537467957,0.16449999809265137,0.16580000519752502,3134496,3134496,yfinance,2026-07-10T06:58:17.136516+00:00
2026-07-03 02:15:00+00:00,ADA-USD,15m,0.16609999537467957,0.16830000281333923,0.16609999537467957,0.1665000021457672,10396864,10396864,yfinance,2026-07-10T06:58:17.136516+00:00
2026-07-03 02:30:00+00:00,ADA-USD,15m,0.1664000004529953,0.16699999570846558,0.16519999504089355,0.16590000689029694,5001632,5001632,yfinance,2026-07-10T06:58:17.136516+00:00
2026-07-03 02:45:00+00:00,ADA-USD,15m,0.16590000689029694,0.1680999994277954,0.16529999673366547,0.1678999960422516,5027872,5027872,yfinance,2026-07-10T06:58:17.136516+00:00
2026-07-03 03:00:00+00:00,ADA-USD,15m,0.16779999434947968,0.16779999434947968,0.16590000689029694,0.16590000689029694,10891008,10891008,yfinance,2026-07-10T06:58:17.136516+00:00
2026-07-03 03:15:00+00:00,ADA-USD,15m,0.16590000689029694,0.1671999990940094,0.16590000689029694,0.16660000383853912,4293824,4293824,yfinance,2026-07-10T06:58:17.136516+00:00
2026-07-03 03:30:00+00:00,ADA-USD,15m,0.16660000383853912,0.1673000007867813,0.16619999706745148,0.1662999987602234,2104320,2104320,yfinance,2026-07-10T06:58:17.136516+00:00
2026-07-03 03:45:00+00:00,ADA-USD,15m,0.1664000004529953,0.1671999990940094,0.16599999368190765,0.16660000383853912,4155264,4155264,yfinance,2026-07-10T06:58:17.136516+00:00
2026-07-03 04:00:00+00:00,ADA-USD,15m,0.16660000383853912,0.16680000722408295,0.16509999334812164,0.1655000001192093,3469440,3469440,yfinance,2026-07-10T06:58:17.136516+00:00
2026-07-03 04:15:00+00:00,ADA-USD,15m,0.1655000001192093,0.1655000001192093,0.16410000622272491,0.16449999809265137,4736768,4736768,yfinance,2026-07-10T06:58:17.136516+00:00
2026-07-03 04:30:00+00:00,ADA-USD,15m,0.16439999639987946,0.16459999978542328,0.16410000622272491,0.16459999978542328,624480,624480,yfinance,2026-07-10T06:58:17.136516+00:00
2026-07-03 04:45:00+00:00,ADA-USD,15m,0.1647000014781952,0.1647000014781952,0.16369999945163727,0.1639000028371811,386944,386944,yfinance,2026-07-10T06:58:17.136516+00:00
2026-07-03 05:00:00+00:00,ADA-USD,15m,0.1639000028371811,0.16410000622272491,0.16339999437332153,0.16339999437332153,2929056,2929056,yfinance,2026-07-10T06:58:17.136516+00:00
2026-07-03 05:15:00+00:00,ADA-USD,15m,0.16339999437332153,0.16359999775886536,0.163100004196167,0.16339999437332153,1647712,1647712,yfinance,2026-07-10T06:58:17.136516+00:00
2026-07-03 05:30:00+00:00,ADA-USD,15m,0.16339999437332153,0.164000004529953,0.16339999437332153,0.16359999775886536,1358752,1358752,yfinance,2026-07-10T06:58:17.136516+00:00
2026-07-03 05:45:00+00:00,ADA-USD,15m,0.16369999945163727,0.164000004529953,0.16349999606609344,0.16369999945163727,2507424,2507424,yfinance,2026-07-10T06:58:17.136516+00:00
2026-07-03 06:00:00+00:00,ADA-USD,15m,0.16359999775886536,0.16500000655651093,0.16359999775886536,0.164900004863739,3452512,3452512,yfinance,2026-07-10T06:58:17.136516+00:00
2026-07-03 06:15:00+00:00,ADA-USD,15m,0.164900004863739,0.16619999706745148,0.164900004863739,0.16529999673366547,3744640,3744640,yfinance,2026-07-10T06:58:17.136516+00:00
2026-07-03 06:30:00+00:00,ADA-USD,15m,0.16529999673366547,0.16539999842643738,0.16459999978542328,0.1648000031709671,1549600,1549600,yfinance,2026-07-10T06:58:17.136516+00:00
2026-07-03 06:45:00+00:00,ADA-USD,15m,0.1648000031709671,0.1656000018119812,0.1648000031709671,0.1648000031709671,1765856,1765856,yfinance,2026-07-10T06:58:17.136516+00:00
2026-07-03 07:00:00+00:00,ADA-USD,15m,0.1648000031709671,0.16509999334812164,0.16449999809265137,0.1648000031709671,1813472,1813472,yfinance,2026-07-10T06:58:17.136516+00:00
2026-07-03 07:15:00+00:00,ADA-USD,15m,0.1648000031709671,0.164900004863739,0.16439999639987946,0.164900004863739,3584768,3584768,yfinance,2026-07-10T06:58:17.136516+00:00
2026-07-03 07:30:00+00:00,ADA-USD,15m,0.16500000655651093,0.1655000001192093,0.16459999978542328,0.16519999504089355,6144,6144,yfinance,2026-07-10T06:58:17.136516+00:00
2026-07-03 07:45:00+00:00,ADA-USD,15m,0.16509999334812164,0.16529999673366547,0.164900004863739,0.164900004863739,995424,995424,yfinance,2026-07-10T06:58:17.136516+00:00
2026-07-03 08:00:00+00:00,ADA-USD,15m,0.164900004863739,0.16500000655651093,0.16459999978542328,0.16500000655651093,0,0,yfinance,2026-07-10T06:58:17.136516+00:00
2026-07-03 08:15:00+00:00,ADA-USD,15m,0.164900004863739,0.16529999673366547,0.1647000014781952,0.16529999673366547,137568,137568,yfinance,2026-07-10T06:58:17.136516+00:00
2026-07-03 08:30:00+00:00,ADA-USD,15m,0.16519999504089355,0.1665000021457672,0.16509999334812164,0.1665000021457672,2230016,2230016,yfinance,2026-07-10T06:58:17.136516+00:00
2026-07-03 08:45:00+00:00,ADA-USD,15m,0.1665000021457672,0.1665000021457672,0.1657000035047531,0.1665000021457672,2193952,2193952,yfinance,2026-07-10T06:58:17.136516+00:00
2026-07-03 09:00:00+00:00,ADA-USD,15m,0.1665000021457672,0.16769999265670776,0.1664000004529953,0.16760000586509705,3980512,3980512,yfinance,2026-07-10T06:58:17.136516+00:00
2026-07-03 09:15:00+00:00,ADA-USD,15m,0.16769999265670776,0.16769999265670776,0.16599999368190765,0.16670000553131104,5892800,5892800,yfinance,2026-07-10T06:58:17.136516+00:00
2026-07-03 09:30:00+00:00,ADA-USD,15m,0.16670000553131104,0.16750000417232513,0.16580000519752502,0.1664000004529953,2184960,2184960,yfinance,2026-07-10T06:58:17.136516+00:00
2026-07-03 09:45:00+00:00,ADA-USD,15m,0.1665000021457672,0.16750000417232513,0.1665000021457672,0.16660000383853912,599808,599808,yfinance,2026-07-10T06:58:17.136516+00:00
2026-07-03 10:00:00+00:00,ADA-USD,15m,0.16660000383853912,0.1673000007867813,0.16660000383853912,0.1670999974012375,3317056,3317056,yfinance,2026-07-10T06:58:17.136516+00:00
2026-07-03 10:15:00+00:00,ADA-USD,15m,0.1670999974012375,0.1671999990940094,0.16670000553131104,0.16680000722408295,3764672,3764672,yfinance,2026-07-10T06:58:17.136516+00:00
2026-07-03 10:30:00+00:00,ADA-USD,15m,0.16680000722408295,0.16850000619888306,0.16680000722408295,0.16840000450611115,2081728,2081728,yfinance,2026-07-10T06:58:17.136516+00:00
2026-07-03 10:45:00+00:00,ADA-USD,15m,0.16850000619888306,0.16899999976158142,0.1680999994277954,0.1680999994277954,6327744,6327744,yfinance,2026-07-10T06:58:17.136516+00:00
2026-07-03 11:00:00+00:00,ADA-USD,15m,0.1680999994277954,0.1688999980688095,0.16779999434947968,0.16850000619888306,3093696,3093696,yfinance,2026-07-10T06:58:17.136516+00:00
2026-07-03 11:15:00+00:00,ADA-USD,15m,0.16859999299049377,0.16910000145435333,0.16830000281333923,0.16850000619888306,844992,844992,yfinance,2026-07-10T06:58:17.136516+00:00
2026-07-03 11:30:00+00:00,ADA-USD,15m,0.1687999963760376,0.16949999332427979,0.16840000450611115,0.1687999963760376,682176,682176,yfinance,2026-07-10T06:58:17.136516+00:00
2026-07-03 11:45:00+00:00,ADA-USD,15m,0.1688999980688095,0.1696999967098236,0.1688999980688095,0.16940000653266907,0,0,yfinance,2026-07-10T06:58:17.136516+00:00
2026-07-03 12:00:00+00:00,ADA-USD,15m,0.16930000483989716,0.17030000686645508,0.16899999976158142,0.16940000653266907,1373888,1373888,yfinance,2026-07-10T06:58:17.136516+00:00
2026-07-03 12:15:00+00:00,ADA-USD,15m,0.16940000653266907,0.16940000653266907,0.16779999434947968,0.16830000281333923,1345600,1345600,yfinance,2026-07-10T06:58:17.136516+00:00
2026-07-03 12:30:00+00:00,ADA-USD,15m,0.16830000281333923,0.16850000619888306,0.1680999994277954,0.16830000281333923,0,0,yfinance,2026-07-10T06:58:17.136516+00:00
2026-07-03 12:45:00+00:00,ADA-USD,15m,0.16840000450611115,0.16910000145435333,0.1680999994277954,0.16910000145435333,551168,551168,yfinance,2026-07-10T06:58:17.136516+00:00
2026-07-03 13:00:00+00:00,ADA-USD,15m,0.16910000145435333,0.16979999840259552,0.1688999980688095,0.1696999967098236,0,0,yfinance,2026-07-10T06:58:17.136516+00:00
2026-07-03 13:15:00+00:00,ADA-USD,15m,0.1696999967098236,0.17059999704360962,0.1695999950170517,0.1703999936580658,1042112,1042112,yfinance,2026-07-10T06:58:17.136516+00:00
2026-07-03 13:30:00+00:00,ADA-USD,15m,0.1704999953508377,0.17059999704360962,0.1695999950170517,0.17020000517368317,85152,85152,yfinance,2026-07-10T06:58:17.136516+00:00
2026-07-03 13:45:00+00:00,ADA-USD,15m,0.17020000517368317,0.17090000212192535,0.16979999840259552,0.17069999873638153,1125088,1125088,yfinance,2026-07-10T06:58:17.136516+00:00
2026-07-03 14:00:00+00:00,ADA-USD,15m,0.17059999704360962,0.17139999568462372,0.1696999967098236,0.17030000686645508,1823968,1823968,yfinance,2026-07-10T06:58:17.136516+00:00
2026-07-03 14:15:00+00:00,ADA-USD,15m,0.1703999936580658,0.17080000042915344,0.1696999967098236,0.17069999873638153,126400,126400,yfinance,2026-07-10T06:58:17.136516+00:00
2026-07-03 14:30:00+00:00,ADA-USD,15m,0.17080000042915344,0.17080000042915344,0.1696999967098236,0.1703999936580658,0,0,yfinance,2026-07-10T06:58:17.136516+00:00
2026-07-03 14:45:00+00:00,ADA-USD,15m,0.1703999936580658,0.17090000212192535,0.16990000009536743,0.17069999873638153,0,0,yfinance,2026-07-10T06:58:17.136516+00:00
2026-07-03 15:00:00+00:00,ADA-USD,15m,0.17090000212192535,0.17149999737739563,0.17059999704360962,0.17090000212192535,3131072,3131072,yfinance,2026-07-10T06:58:17.136516+00:00
2026-07-03 15:15:00+00:00,ADA-USD,15m,0.17110000550746918,0.17170000076293945,0.17069999873638153,0.17170000076293945,2133920,2133920,yfinance,2026-07-10T06:58:17.136516+00:00
2026-07-03 15:30:00+00:00,ADA-USD,15m,0.1712999939918518,0.17190000414848328,0.17110000550746918,0.17170000076293945,502080,502080,yfinance,2026-07-10T06:58:17.136516+00:00
2026-07-03 15:45:00+00:00,ADA-USD,15m,0.17170000076293945,0.1736000031232834,0.17170000076293945,0.1736000031232834,4653952,4653952,yfinance,2026-07-10T06:58:17.136516+00:00
2026-07-03 16:00:00+00:00,ADA-USD,15m,0.17350000143051147,0.17470000684261322,0.17190000414848328,0.17229999601840973,13478720,13478720,yfinance,2026-07-10T06:58:17.136516+00:00
2026-07-03 16:15:00+00:00,ADA-USD,15m,0.17229999601840973,0.17339999973773956,0.1720999926328659,0.17299999296665192,4554944,4554944,yfinance,2026-07-10T06:58:17.136516+00:00
2026-07-03 16:30:00+00:00,ADA-USD,15m,0.17299999296665192,0.17350000143051147,0.17170000076293945,0.17339999973773956,2272384,2272384,yfinance,2026-07-10T06:58:17.136516+00:00
2026-07-03 16:45:00+00:00,ADA-USD,15m,0.17339999973773956,0.17419999837875366,0.1729000061750412,0.17419999837875366,6291008,6291008,yfinance,2026-07-10T06:58:17.136516+00:00
2026-07-03 17:00:00+00:00,ADA-USD,15m,0.17430000007152557,0.17679999768733978,0.17389999330043793,0.17599999904632568,17493952,17493952,yfinance,2026-07-10T06:58:17.136516+00:00
2026-07-03 17:15:00+00:00,ADA-USD,15m,0.17599999904632568,0.17669999599456787,0.17489999532699585,0.17589999735355377,7621952,7621952,yfinance,2026-07-10T06:58:17.136516+00:00
2026-07-03 17:30:00+00:00,ADA-USD,15m,0.17579999566078186,0.17679999768733978,0.17550000548362732,0.17550000548362732,14469760,14469760,yfinance,2026-07-10T06:58:17.136516+00:00
2026-07-03 17:45:00+00:00,ADA-USD,15m,0.17560000717639923,0.17589999735355377,0.1746000051498413,0.17560000717639923,5014464,5014464,yfinance,2026-07-10T06:58:17.136516+00:00
2026-07-03 18:00:00+00:00,ADA-USD,15m,0.17569999396800995,0.17599999904632568,0.1753000020980835,0.1753000020980835,9809344,9809344,yfinance,2026-07-10T06:58:17.136516+00:00
2026-07-03 18:15:00+00:00,ADA-USD,15m,0.1753000020980835,0.17890000343322754,0.1753000020980835,0.17790000140666962,10362880,10362880,yfinance,2026-07-10T06:58:17.136516+00:00
2026-07-03 18:30:00+00:00,ADA-USD,15m,0.17800000309944153,0.18060000240802765,0.1776999980211258,0.1800999939441681,18677888,18677888,yfinance,2026-07-10T06:58:17.136516+00:00
2026-07-03 18:45:00+00:00,ADA-USD,15m,0.17990000545978546,0.18019999563694,0.1785999983549118,0.1785999983549118,5316672,5316672,yfinance,2026-07-10T06:58:17.136516+00:00
2026-07-03 19:00:00+00:00,ADA-USD,15m,0.1784999966621399,0.18160000443458557,0.17810000479221344,0.18080000579357147,12956800,12956800,yfinance,2026-07-10T06:58:17.136516+00:00
2026-07-03 19:15:00+00:00,ADA-USD,15m,0.181099995970726,0.18299999833106995,0.181099995970726,0.1826000064611435,16048192,16048192,yfinance,2026-07-10T06:58:17.136516+00:00
2026-07-03 19:30:00+00:00,ADA-USD,15m,0.1826999932527542,0.18299999833106995,0.1800999939441681,0.1800999939441681,9622784,9622784,yfinance,2026-07-10T06:58:17.136516+00:00
2026-07-03 19:45:00+00:00,ADA-USD,15m,0.17980000376701355,0.18129999935626984,0.17980000376701355,0.1809999942779541,5900672,5900672,yfinance,2026-07-10T06:58:17.136516+00:00
2026-07-03 20:00:00+00:00,ADA-USD,15m,0.1808999925851822,0.1818999946117401,0.1800999939441681,0.1818999946117401,14525248,14525248,yfinance,2026-07-10T06:58:17.136516+00:00
2026-07-03 20:15:00+00:00,ADA-USD,15m,0.18209999799728394,0.18230000138282776,0.18140000104904175,0.18160000443458557,7681216,7681216,yfinance,2026-07-10T06:58:17.136516+00:00
2026-07-03 20:30:00+00:00,ADA-USD,15m,0.18160000443458557,0.18160000443458557,0.18019999563694,0.18129999935626984,756608,756608,yfinance,2026-07-10T06:58:17.136516+00:00
2026-07-03 20:45:00+00:00,ADA-USD,15m,0.181099995970726,0.18279999494552612,0.18060000240802765,0.18279999494552612,2228288,2228288,yfinance,2026-07-10T06:58:17.136516+00:00
2026-07-03 21:00:00+00:00,ADA-USD,15m,0.1826999932527542,0.1826999932527542,0.1800999939441681,0.18039999902248383,6226752,6226752,yfinance,2026-07-10T06:58:17.136516+00:00
2026-07-03 21:15:00+00:00,ADA-USD,15m,0.18039999902248383,0.18070000410079956,0.17910000681877136,0.179299995303154,4534976,4534976,yfinance,2026-07-10T06:58:17.136516+00:00
2026-07-03 21:30:00+00:00,ADA-USD,15m,0.1793999969959259,0.1793999969959259,0.17810000479221344,0.17900000512599945,5365888,5365888,yfinance,2026-07-10T06:58:17.136516+00:00
2026-07-03 21:45:00+00:00,ADA-USD,15m,0.17890000343322754,0.17990000545978546,0.17890000343322754,0.17910000681877136,2710464,2710464,yfinance,2026-07-10T06:58:17.136516+00:00
2026-07-03 22:00:00+00:00,ADA-USD,15m,0.17910000681877136,0.17949999868869781,0.17829999327659607,0.17910000681877136,4988864,4988864,yfinance,2026-07-10T06:58:17.136516+00:00
2026-07-03 22:15:00+00:00,ADA-USD,15m,0.17910000681877136,0.17960000038146973,0.17900000512599945,0.17900000512599945,1624256,1624256,yfinance,2026-07-10T06:58:17.136516+00:00
2026-07-03 22:30:00+00:00,ADA-USD,15m,0.17910000681877136,0.17919999361038208,0.1785999983549118,0.17890000343322754,1746496,1746496,yfinance,2026-07-10T06:58:17.136516+00:00
2026-07-03 22:45:00+00:00,ADA-USD,15m,0.17890000343322754,0.18070000410079956,0.17890000343322754,0.18070000410079956,4046144,4046144,yfinance,2026-07-10T06:58:17.136516+00:00
2026-07-03 23:00:00+00:00,ADA-USD,15m,0.18060000240802765,0.181099995970726,0.1793999969959259,0.17990000545978546,3009536,3009536,yfinance,2026-07-10T06:58:17.136516+00:00
2026-07-03 23:15:00+00:00,ADA-USD,15m,0.17990000545978546,0.18050000071525574,0.1793999969959259,0.17960000038146973,3445888,3445888,yfinance,2026-07-10T06:58:17.136516+00:00
2026-07-03 23:30:00+00:00,ADA-USD,15m,0.17970000207424164,0.17990000545978546,0.17919999361038208,0.1793999969959259,388224,388224,yfinance,2026-07-10T06:58:17.136516+00:00
2026-07-03 23:45:00+00:00,ADA-USD,15m,0.17949999868869781,0.18039999902248383,0.17949999868869781,0.17970000207424164,814528,814528,yfinance,2026-07-10T06:58:17.136516+00:00
2026-07-04 00:00:00+00:00,ADA-USD,15m,0.17970000207424164,0.18000000715255737,0.1793999969959259,0.1793999969959259,201472,201472,yfinance,2026-07-10T06:58:17.136516+00:00
2026-07-04 00:15:00+00:00,ADA-USD,15m,0.1793999969959259,0.17949999868869781,0.1784999966621399,0.17870000004768372,1573440,1573440,yfinance,2026-07-10T06:58:17.136516+00:00
2026-07-04 00:30:00+00:00,ADA-USD,15m,0.17870000004768372,0.17880000174045563,0.17829999327659607,0.17880000174045563,1069504,1069504,yfinance,2026-07-10T06:58:17.136516+00:00
2026-07-04 00:45:00+00:00,ADA-USD,15m,0.17870000004768372,0.17970000207424164,0.17870000004768372,0.179299995303154,4040320,4040320,yfinance,2026-07-10T06:58:17.136516+00:00
2026-07-04 01:00:00+00:00,ADA-USD,15m,0.17910000681877136,0.17960000038146973,0.1776999980211258,0.17810000479221344,5150656,5150656,yfinance,2026-07-10T06:58:17.136516+00:00
2026-07-04 01:15:00+00:00,ADA-USD,15m,0.17810000479221344,0.17890000343322754,0.17790000140666962,0.17820000648498535,2476992,2476992,yfinance,2026-07-10T06:58:17.136516+00:00
2026-07-04 01:30:00+00:00,ADA-USD,15m,0.17820000648498535,0.17829999327659607,0.1770000010728836,0.17720000445842743,0,0,yfinance,2026-07-10T06:58:17.136516+00:00
2026-07-04 01:45:00+00:00,ADA-USD,15m,0.17710000276565552,0.17790000140666962,0.1770000010728836,0.17790000140666962,0,0,yfinance,2026-07-10T06:58:17.136516+00:00
2026-07-04 02:00:00+00:00,ADA-USD,15m,0.17800000309944153,0.17800000309944153,0.1770000010728836,0.17790000140666962,473280,473280,yfinance,2026-07-10T06:58:17.136516+00:00
2026-07-04 02:15:00+00:00,ADA-USD,15m,0.17800000309944153,0.17820000648498535,0.1770000010728836,0.17730000615119934,0,0,yfinance,2026-07-10T06:58:17.136516+00:00
2026-07-04 02:30:00+00:00,ADA-USD,15m,0.17730000615119934,0.17759999632835388,0.1768999993801117,0.17759999632835388,377472,377472,yfinance,2026-07-10T06:58:17.136516+00:00
2026-07-04 02:45:00+00:00,ADA-USD,15m,0.17759999632835388,0.17759999632835388,0.1770000010728836,0.17720000445842743,0,0,yfinance,2026-07-10T06:58:17.136516+00:00
2026-07-04 03:00:00+00:00,ADA-USD,15m,0.17720000445842743,0.17739999294281006,0.1762000024318695,0.1768999993801117,0,0,yfinance,2026-07-10T06:58:17.136516+00:00
2026-07-04 03:15:00+00:00,ADA-USD,15m,0.17669999599456787,0.1770000010728836,0.17640000581741333,0.17640000581741333,0,0,yfinance,2026-07-10T06:58:17.136516+00:00
2026-07-04 03:30:00+00:00,ADA-USD,15m,0.17640000581741333,0.17730000615119934,0.17630000412464142,0.1770000010728836,77248,77248,yfinance,2026-07-10T06:58:17.136516+00:00
2026-07-04 03:45:00+00:00,ADA-USD,15m,0.17710000276565552,0.17759999632835388,0.17679999768733978,0.1768999993801117,272896,272896,yfinance,2026-07-10T06:58:17.136516+00:00
2026-07-04 04:00:00+00:00,ADA-USD,15m,0.1768999993801117,0.17790000140666962,0.17679999768733978,0.17759999632835388,0,0,yfinance,2026-07-10T06:58:17.136516+00:00
2026-07-04 04:15:00+00:00,ADA-USD,15m,0.17749999463558197,0.1777999997138977,0.1770000010728836,0.1777999997138977,225664,225664,yfinance,2026-07-10T06:58:17.136516+00:00
2026-07-04 04:30:00+00:00,ADA-USD,15m,0.17790000140666962,0.17960000038146973,0.17790000140666962,0.17949999868869781,4829888,4829888,yfinance,2026-07-10T06:58:17.136516+00:00
2026-07-04 04:45:00+00:00,ADA-USD,15m,0.17960000038146973,0.17990000545978546,0.1785999983549118,0.17919999361038208,3800128,3800128,yfinance,2026-07-10T06:58:17.136516+00:00
2026-07-04 05:00:00+00:00,ADA-USD,15m,0.17919999361038208,0.17919999361038208,0.17800000309944153,0.1785999983549118,0,0,yfinance,2026-07-10T06:58:17.136516+00:00
2026-07-04 05:15:00+00:00,ADA-USD,15m,0.1785999983549118,0.17880000174045563,0.17739999294281006,0.1776999980211258,1402624,1402624,yfinance,2026-07-10T06:58:17.136516+00:00
2026-07-04 05:30:00+00:00,ADA-USD,15m,0.1776999980211258,0.17790000140666962,0.17730000615119934,0.17749999463558197,620800,620800,yfinance,2026-07-10T06:58:17.136516+00:00
2026-07-04 05:45:00+00:00,ADA-USD,15m,0.17759999632835388,0.1777999997138977,0.17720000445842743,0.17739999294281006,0,0,yfinance,2026-07-10T06:58:17.136516+00:00
2026-07-04 06:00:00+00:00,ADA-USD,15m,0.17739999294281006,0.17829999327659607,0.17739999294281006,0.1777999997138977,941760,941760,yfinance,2026-07-10T06:58:17.136516+00:00
2026-07-04 06:15:00+00:00,ADA-USD,15m,0.1777999997138977,0.1777999997138977,0.17649999260902405,0.17669999599456787,0,0,yfinance,2026-07-10T06:58:17.136516+00:00
2026-07-04 06:30:00+00:00,ADA-USD,15m,0.17659999430179596,0.17710000276565552,0.17659999430179596,0.17679999768733978,199488,199488,yfinance,2026-07-10T06:58:17.136516+00:00
2026-07-04 06:45:00+00:00,ADA-USD,15m,0.17679999768733978,0.17679999768733978,0.17649999260902405,0.17669999599456787,44416,44416,yfinance,2026-07-10T06:58:17.136516+00:00
2026-07-04 07:00:00+00:00,ADA-USD,15m,0.17669999599456787,0.17679999768733978,0.17589999735355377,0.17599999904632568,420608,420608,yfinance,2026-07-10T06:58:17.136516+00:00
2026-07-04 07:15:00+00:00,ADA-USD,15m,0.17599999904632568,0.17630000412464142,0.17569999396800995,0.17589999735355377,126592,126592,yfinance,2026-07-10T06:58:17.136516+00:00
2026-07-04 07:30:00+00:00,ADA-USD,15m,0.17589999735355377,0.17599999904632568,0.17509999871253967,0.17520000040531158,2680000,2680000,yfinance,2026-07-10T06:58:17.136516+00:00
2026-07-04 07:45:00+00:00,ADA-USD,15m,0.17520000040531158,0.17589999735355377,0.17499999701976776,0.17579999566078186,940416,940416,yfinance,2026-07-10T06:58:17.136516+00:00
2026-07-04 08:00:00+00:00,ADA-USD,15m,0.17579999566078186,0.17649999260902405,0.17569999396800995,0.1761000007390976,1362496,1362496,yfinance,2026-07-10T06:58:17.136516+00:00
2026-07-04 08:15:00+00:00,ADA-USD,15m,0.1762000024318695,0.1762000024318695,0.17560000717639923,0.17599999904632568,0,0,yfinance,2026-07-10T06:58:17.136516+00:00
2026-07-04 08:30:00+00:00,ADA-USD,15m,0.17579999566078186,0.17599999904632568,0.17560000717639923,0.17569999396800995,0,0,yfinance,2026-07-10T06:58:17.136516+00:00
2026-07-04 08:45:00+00:00,ADA-USD,15m,0.17569999396800995,0.1761000007390976,0.17569999396800995,0.1761000007390976,421440,421440,yfinance,2026-07-10T06:58:17.136516+00:00
2026-07-04 09:00:00+00:00,ADA-USD,15m,0.1761000007390976,0.17669999599456787,0.17579999566078186,0.17640000581741333,0,0,yfinance,2026-07-10T06:58:17.136516+00:00
2026-07-04 09:15:00+00:00,ADA-USD,15m,0.1761000007390976,0.17630000412464142,0.17560000717639923,0.17569999396800995,7486080,7486080,yfinance,2026-07-10T06:58:17.136516+00:00
2026-07-04 09:30:00+00:00,ADA-USD,15m,0.17569999396800995,0.17579999566078186,0.17520000040531158,0.1753000020980835,0,0,yfinance,2026-07-10T06:58:17.136516+00:00
2026-07-04 09:45:00+00:00,ADA-USD,15m,0.1753000020980835,0.17569999396800995,0.1753000020980835,0.1754000037908554,0,0,yfinance,2026-07-10T06:58:17.136516+00:00
2026-07-04 10:00:00+00:00,ADA-USD,15m,0.1754000037908554,0.17589999735355377,0.1753000020980835,0.17550000548362732,0,0,yfinance,2026-07-10T06:58:17.136516+00:00
2026-07-04 10:15:00+00:00,ADA-USD,15m,0.1754000037908554,0.17560000717639923,0.17509999871253967,0.1753000020980835,0,0,yfinance,2026-07-10T06:58:17.136516+00:00
2026-07-04 10:30:00+00:00,ADA-USD,15m,0.17520000040531158,0.1753000020980835,0.17489999532699585,0.17520000040531158,0,0,yfinance,2026-07-10T06:58:17.136516+00:00
2026-07-04 10:45:00+00:00,ADA-USD,15m,0.17520000040531158,0.1761000007390976,0.17520000040531158,0.17579999566078186,143040,143040,yfinance,2026-07-10T06:58:17.136516+00:00
2026-07-04 11:00:00+00:00,ADA-USD,15m,0.17569999396800995,0.17649999260902405,0.17569999396800995,0.17640000581741333,97408,97408,yfinance,2026-07-10T06:58:17.136516+00:00
2026-07-04 11:15:00+00:00,ADA-USD,15m,0.1762000024318695,0.17649999260902405,0.17599999904632568,0.1761000007390976,0,0,yfinance,2026-07-10T06:58:17.136516+00:00
2026-07-04 11:30:00+00:00,ADA-USD,15m,0.1761000007390976,0.17669999599456787,0.17599999904632568,0.17669999599456787,0,0,yfinance,2026-07-10T06:58:17.136516+00:00
2026-07-04 11:45:00+00:00,ADA-USD,15m,0.1770000010728836,0.17739999294281006,0.17640000581741333,0.17640000581741333,2637440,2637440,yfinance,2026-07-10T06:58:17.136516+00:00
2026-07-04 12:00:00+00:00,ADA-USD,15m,0.17640000581741333,0.17710000276565552,0.17640000581741333,0.1770000010728836,0,0,yfinance,2026-07-10T06:58:17.136516+00:00
2026-07-04 12:15:00+00:00,ADA-USD,15m,0.1768999993801117,0.17749999463558197,0.17649999260902405,0.17739999294281006,61568,61568,yfinance,2026-07-10T06:58:17.136516+00:00
2026-07-04 12:30:00+00:00,ADA-USD,15m,0.17749999463558197,0.17820000648498535,0.17730000615119934,0.1777999997138977,2518464,2518464,yfinance,2026-07-10T06:58:17.136516+00:00
2026-07-04 12:45:00+00:00,ADA-USD,15m,0.1776999980211258,0.17790000140666962,0.17710000276565552,0.17790000140666962,543232,543232,yfinance,2026-07-10T06:58:17.136516+00:00
2026-07-04 13:00:00+00:00,ADA-USD,15m,0.1777999997138977,0.17790000140666962,0.1770000010728836,0.1777999997138977,1099968,1099968,yfinance,2026-07-10T06:58:17.136516+00:00
2026-07-04 13:15:00+00:00,ADA-USD,15m,0.1777999997138977,0.17890000343322754,0.1777999997138977,0.1785999983549118,6345856,6345856,yfinance,2026-07-10T06:58:17.136516+00:00
2026-07-04 13:30:00+00:00,ADA-USD,15m,0.1785999983549118,0.1785999983549118,0.1777999997138977,0.17810000479221344,0,0,yfinance,2026-07-10T06:58:17.136516+00:00
2026-07-04 13:45:00+00:00,ADA-USD,15m,0.17790000140666962,0.17900000512599945,0.17759999632835388,0.17880000174045563,564992,564992,yfinance,2026-07-10T06:58:17.136516+00:00
2026-07-04 14:00:00+00:00,ADA-USD,15m,0.17880000174045563,0.18219999969005585,0.17880000174045563,0.181099995970726,3116416,3116416,yfinance,2026-07-10T06:58:17.136516+00:00
2026-07-04 14:15:00+00:00,ADA-USD,15m,0.1809999942779541,0.18150000274181366,0.1800999939441681,0.18070000410079956,7873984,7873984,yfinance,2026-07-10T06:58:17.136516+00:00
2026-07-04 14:30:00+00:00,ADA-USD,15m,0.18070000410079956,0.1817999929189682,0.18029999732971191,0.18160000443458557,588160,588160,yfinance,2026-07-10T06:58:17.136516+00:00
2026-07-04 14:45:00+00:00,ADA-USD,15m,0.18170000612735748,0.18549999594688416,0.1809999942779541,0.18410000205039978,4064832,4064832,yfinance,2026-07-10T06:58:17.136516+00:00
2026-07-04 15:00:00+00:00,ADA-USD,15m,0.18449999392032623,0.18709999322891235,0.18449999392032623,0.18709999322891235,31081152,31081152,yfinance,2026-07-10T06:58:17.136516+00:00
2026-07-04 15:15:00+00:00,ADA-USD,15m,0.18719999492168427,0.18889999389648438,0.18649999797344208,0.18870000541210175,14782976,14782976,yfinance,2026-07-10T06:58:17.136516+00:00
2026-07-04 15:30:00+00:00,ADA-USD,15m,0.18880000710487366,0.19020000100135803,0.1876000016927719,0.19020000100135803,13684800,13684800,yfinance,2026-07-10T06:58:17.136516+00:00
2026-07-04 15:45:00+00:00,ADA-USD,15m,0.19050000607967377,0.19189999997615814,0.1891999989748001,0.1906999945640564,17320640,17320640,yfinance,2026-07-10T06:58:17.136516+00:00
2026-07-04 16:00:00+00:00,ADA-USD,15m,0.19089999794960022,0.19439999759197235,0.19089999794960022,0.19359999895095825,39555712,39555712,yfinance,2026-07-10T06:58:17.136516+00:00
2026-07-04 16:15:00+00:00,ADA-USD,15m,0.19370000064373016,0.19779999554157257,0.19370000064373016,0.19750000536441803,31588672,31588672,yfinance,2026-07-10T06:58:17.136516+00:00
2026-07-04 16:30:00+00:00,ADA-USD,15m,0.19760000705718994,0.19840000569820404,0.19269999861717224,0.19359999895095825,18384448,18384448,yfinance,2026-07-10T06:58:17.136516+00:00
2026-07-04 16:45:00+00:00,ADA-USD,15m,0.19329999387264252,0.19539999961853027,0.19249999523162842,0.19539999961853027,14318912,14318912,yfinance,2026-07-10T06:58:17.136516+00:00
2026-07-04 17:00:00+00:00,ADA-USD,15m,0.19539999961853027,0.19750000536441803,0.19359999895095825,0.1965000033378601,22666240,22666240,yfinance,2026-07-10T06:58:17.136516+00:00
2026-07-04 17:15:00+00:00,ADA-USD,15m,0.19660000503063202,0.19760000705718994,0.19429999589920044,0.19629999995231628,7112768,7112768,yfinance,2026-07-10T06:58:17.136516+00:00
2026-07-04 17:30:00+00:00,ADA-USD,15m,0.1965000033378601,0.19840000569820404,0.195700004696846,0.1979999989271164,4782848,4782848,yfinance,2026-07-10T06:58:17.136516+00:00
2026-07-04 17:45:00+00:00,ADA-USD,15m,0.1979999989271164,0.1996999979019165,0.1964000016450882,0.1996999979019165,12280128,12280128,yfinance,2026-07-10T06:58:17.136516+00:00
2026-07-04 18:00:00+00:00,ADA-USD,15m,0.1995999962091446,0.19979999959468842,0.19740000367164612,0.19789999723434448,13711360,13711360,yfinance,2026-07-10T06:58:17.136516+00:00
2026-07-04 18:15:00+00:00,ADA-USD,15m,0.19820000231266022,0.19820000231266022,0.19529999792575836,0.19609999656677246,1705152,1705152,yfinance,2026-07-10T06:58:17.136516+00:00
2026-07-04 18:30:00+00:00,ADA-USD,15m,0.19609999656677246,0.19609999656677246,0.19460000097751617,0.19460000097751617,123712,123712,yfinance,2026-07-10T06:58:17.136516+00:00
2026-07-04 18:45:00+00:00,ADA-USD,15m,0.19470000267028809,0.195700004696846,0.19419999420642853,0.19539999961853027,726272,726272,yfinance,2026-07-10T06:58:17.136516+00:00
2026-07-04 19:00:00+00:00,ADA-USD,15m,0.19529999792575836,0.19599999487400055,0.19439999759197235,0.19439999759197235,0,0,yfinance,2026-07-10T06:58:17.136516+00:00
2026-07-04 19:15:00+00:00,ADA-USD,15m,0.19460000097751617,0.1949000060558319,0.1941000074148178,0.1941000074148178,0,0,yfinance,2026-07-10T06:58:17.136516+00:00
2026-07-04 19:30:00+00:00,ADA-USD,15m,0.19370000064373016,0.19370000064373016,0.1923999935388565,0.19349999725818634,0,0,yfinance,2026-07-10T06:58:17.136516+00:00
2026-07-04 19:45:00+00:00,ADA-USD,15m,0.19339999556541443,0.19359999895095825,0.19269999861717224,0.1931000053882599,1199424,1199424,yfinance,2026-07-10T06:58:17.136516+00:00
2026-07-04 20:00:00+00:00,ADA-USD,15m,0.1931000053882599,0.1940000057220459,0.19300000369548798,0.19359999895095825,0,0,yfinance,2026-07-10T06:58:17.136516+00:00
2026-07-04 20:15:00+00:00,ADA-USD,15m,0.19339999556541443,0.19359999895095825,0.19099999964237213,0.1915999948978424,0,0,yfinance,2026-07-10T06:58:17.136516+00:00
2026-07-04 20:30:00+00:00,ADA-USD,15m,0.19169999659061432,0.19220000505447388,0.1914999932050705,0.1915999948978424,0,0,yfinance,2026-07-10T06:58:17.136516+00:00
2026-07-04 20:45:00+00:00,ADA-USD,15m,0.1915999948978424,0.19200000166893005,0.19110000133514404,0.19130000472068787,0,0,yfinance,2026-07-10T06:58:17.136516+00:00
2026-07-04 21:00:00+00:00,ADA-USD,15m,0.19130000472068787,0.19259999692440033,0.19130000472068787,0.1923999935388565,0,0,yfinance,2026-07-10T06:58:17.136516+00:00
2026-07-04 21:15:00+00:00,ADA-USD,15m,0.19249999523162842,0.1940000057220459,0.19249999523162842,0.19290000200271606,1703680,1703680,yfinance,2026-07-10T06:58:17.136516+00:00
2026-07-04 21:30:00+00:00,ADA-USD,15m,0.19290000200271606,0.19339999556541443,0.19120000302791595,0.19120000302791595,0,0,yfinance,2026-07-10T06:58:17.136516+00:00
2026-07-04 21:45:00+00:00,ADA-USD,15m,0.19120000302791595,0.19329999387264252,0.19120000302791595,0.19259999692440033,3047104,3047104,yfinance,2026-07-10T06:58:17.136516+00:00
2026-07-04 22:00:00+00:00,ADA-USD,15m,0.1923000067472458,0.19269999861717224,0.19140000641345978,0.19140000641345978,1926784,1926784,yfinance,2026-07-10T06:58:17.136516+00:00
2026-07-04 22:15:00+00:00,ADA-USD,15m,0.19140000641345978,0.1914999932050705,0.19050000607967377,0.1907999962568283,174592,174592,yfinance,2026-07-10T06:58:17.136516+00:00
2026-07-04 22:30:00+00:00,ADA-USD,15m,0.1906999945640564,0.1923000067472458,0.19059999287128448,0.19169999659061432,4151360,4151360,yfinance,2026-07-10T06:58:17.136516+00:00
2026-07-04 22:45:00+00:00,ADA-USD,15m,0.19169999659061432,0.19210000336170197,0.19140000641345978,0.19210000336170197,467904,467904,yfinance,2026-07-10T06:58:17.136516+00:00
2026-07-04 23:00:00+00:00,ADA-USD,15m,0.1923999935388565,0.1923999935388565,0.19110000133514404,0.19110000133514404,99840,99840,yfinance,2026-07-10T06:58:17.136516+00:00
2026-07-04 23:15:00+00:00,ADA-USD,15m,0.19110000133514404,0.1923999935388565,0.19059999287128448,0.19189999997615814,1193216,1193216,yfinance,2026-07-10T06:58:17.136516+00:00
2026-07-04 23:30:00+00:00,ADA-USD,15m,0.19210000336170197,0.19249999523162842,0.1914999932050705,0.19249999523162842,178112,178112,yfinance,2026-07-10T06:58:17.136516+00:00
2026-07-04 23:45:00+00:00,ADA-USD,15m,0.19249999523162842,0.19259999692440033,0.19179999828338623,0.19200000166893005,1658432,1658432,yfinance,2026-07-10T06:58:17.136516+00:00
2026-07-05 00:00:00+00:00,ADA-USD,15m,0.19200000166893005,0.19339999556541443,0.1914999932050705,0.19339999556541443,470464,470464,yfinance,2026-07-10T06:58:17.136516+00:00
2026-07-05 00:15:00+00:00,ADA-USD,15m,0.1932000070810318,0.19349999725818634,0.19179999828338623,0.19189999997615814,3201728,3201728,yfinance,2026-07-10T06:58:17.136516+00:00
2026-07-05 00:30:00+00:00,ADA-USD,15m,0.19169999659061432,0.1923999935388565,0.18940000236034393,0.19220000505447388,7454528,7454528,yfinance,2026-07-10T06:58:17.136516+00:00
2026-07-05 00:45:00+00:00,ADA-USD,15m,0.19259999692440033,0.1932000070810318,0.19200000166893005,0.19290000200271606,4600192,4600192,yfinance,2026-07-10T06:58:17.136516+00:00
2026-07-05 01:00:00+00:00,ADA-USD,15m,0.1931000053882599,0.19480000436306,0.19269999861717224,0.19280000030994415,12079552,12079552,yfinance,2026-07-10T06:58:17.136516+00:00
2026-07-05 01:15:00+00:00,ADA-USD,15m,0.1923999935388565,0.19269999861717224,0.19089999794960022,0.19220000505447388,1271424,1271424,yfinance,2026-07-10T06:58:17.136516+00:00
2026-07-05 01:30:00+00:00,ADA-USD,15m,0.19210000336170197,0.19210000336170197,0.1907999962568283,0.19130000472068787,3003136,3003136,yfinance,2026-07-10T06:58:17.136516+00:00
2026-07-05 01:45:00+00:00,ADA-USD,15m,0.19099999964237213,0.19210000336170197,0.1907999962568283,0.19120000302791595,1962176,1962176,yfinance,2026-07-10T06:58:17.136516+00:00
2026-07-05 02:00:00+00:00,ADA-USD,15m,0.19110000133514404,0.19130000472068787,0.1899999976158142,0.19009999930858612,2236352,2236352,yfinance,2026-07-10T06:58:17.136516+00:00
2026-07-05 02:15:00+00:00,ADA-USD,15m,0.1899999976158142,0.19050000607967377,0.18930000066757202,0.18970000743865967,1735360,1735360,yfinance,2026-07-10T06:58:17.136516+00:00
2026-07-05 02:30:00+00:00,ADA-USD,15m,0.18970000743865967,0.19059999287128448,0.1891999989748001,0.1898999959230423,2118208,2118208,yfinance,2026-07-10T06:58:17.136516+00:00
2026-07-05 02:45:00+00:00,ADA-USD,15m,0.18970000743865967,0.19140000641345978,0.18950000405311584,0.19130000472068787,2342912,2342912,yfinance,2026-07-10T06:58:17.136516+00:00
2026-07-05 03:00:00+00:00,ADA-USD,15m,0.1914999932050705,0.1914999932050705,0.19009999930858612,0.19059999287128448,3287104,3287104,yfinance,2026-07-10T06:58:17.136516+00:00
2026-07-05 03:15:00+00:00,ADA-USD,15m,0.19040000438690186,0.1906999945640564,0.1891999989748001,0.18970000743865967,169280,169280,yfinance,2026-07-10T06:58:17.136516+00:00
2026-07-05 03:30:00+00:00,ADA-USD,15m,0.18970000743865967,0.1906999945640564,0.18960000574588776,0.19020000100135803,1992064,1992064,yfinance,2026-07-10T06:58:17.136516+00:00
2026-07-05 03:45:00+00:00,ADA-USD,15m,0.19009999930858612,0.1907999962568283,0.19009999930858612,0.19020000100135803,342208,342208,yfinance,2026-07-10T06:58:17.136516+00:00
2026-07-05 04:00:00+00:00,ADA-USD,15m,0.19009999930858612,0.19089999794960022,0.18970000743865967,0.19009999930858612,1609792,1609792,yfinance,2026-07-10T06:58:17.136516+00:00
2026-07-05 04:15:00+00:00,ADA-USD,15m,0.19020000100135803,0.19120000302791595,0.1899999976158142,0.19120000302791595,2116992,2116992,yfinance,2026-07-10T06:58:17.136516+00:00
2026-07-05 04:30:00+00:00,ADA-USD,15m,0.19130000472068787,0.1923000067472458,0.19130000472068787,0.1914999932050705,1788288,1788288,yfinance,2026-07-10T06:58:17.136516+00:00
2026-07-05 04:45:00+00:00,ADA-USD,15m,0.1914999932050705,0.1915999948978424,0.19020000100135803,0.19030000269412994,0,0,yfinance,2026-07-10T06:58:17.136516+00:00
2026-07-05 05:00:00+00:00,ADA-USD,15m,0.19020000100135803,0.19020000100135803,0.1891999989748001,0.18979999423027039,281152,281152,yfinance,2026-07-10T06:58:17.136516+00:00
2026-07-05 05:15:00+00:00,ADA-USD,15m,0.19009999930858612,0.19040000438690186,0.18940000236034393,0.18940000236034393,1538304,1538304,yfinance,2026-07-10T06:58:17.136516+00:00
2026-07-05 05:30:00+00:00,ADA-USD,15m,0.18940000236034393,0.18970000743865967,0.1881999969482422,0.1881999969482422,332544,332544,yfinance,2026-07-10T06:58:17.136516+00:00
2026-07-05 05:45:00+00:00,ADA-USD,15m,0.1881999969482422,0.1890999972820282,0.1881999969482422,0.18880000710487366,735552,735552,yfinance,2026-07-10T06:58:17.136516+00:00
2026-07-05 06:00:00+00:00,ADA-USD,15m,0.18880000710487366,0.18940000236034393,0.18870000541210175,0.1891999989748001,36160,36160,yfinance,2026-07-10T06:58:17.136516+00:00
2026-07-05 06:15:00+00:00,ADA-USD,15m,0.1891999989748001,0.18940000236034393,0.18860000371932983,0.1889999955892563,185344,185344,yfinance,2026-07-10T06:58:17.136516+00:00
2026-07-05 06:30:00+00:00,ADA-USD,15m,0.1889999955892563,0.18940000236034393,0.18889999389648438,0.1890999972820282,991488,991488,yfinance,2026-07-10T06:58:17.136516+00:00
2026-07-05 06:45:00+00:00,ADA-USD,15m,0.1889999955892563,0.1898999959230423,0.1889999955892563,0.18970000743865967,1308224,1308224,yfinance,2026-07-10T06:58:17.136516+00:00
2026-07-05 07:00:00+00:00,ADA-USD,15m,0.18979999423027039,0.19140000641345978,0.18970000743865967,0.19130000472068787,0,0,yfinance,2026-07-10T06:58:17.136516+00:00
2026-07-05 07:15:00+00:00,ADA-USD,15m,0.19110000133514404,0.1923000067472458,0.19110000133514404,0.19189999997615814,7272192,7272192,yfinance,2026-07-10T06:58:17.136516+00:00
2026-07-05 07:30:00+00:00,ADA-USD,15m,0.19200000166893005,0.19380000233650208,0.19200000166893005,0.19259999692440033,5939648,5939648,yfinance,2026-07-10T06:58:17.136516+00:00
2026-07-05 07:45:00+00:00,ADA-USD,15m,0.19249999523162842,0.1931000053882599,0.19140000641345978,0.19290000200271606,3290560,3290560,yfinance,2026-07-10T06:58:17.136516+00:00
2026-07-05 08:00:00+00:00,ADA-USD,15m,0.19280000030994415,0.19300000369548798,0.19130000472068787,0.19210000336170197,2975104,2975104,yfinance,2026-07-10T06:58:17.136516+00:00
2026-07-05 08:15:00+00:00,ADA-USD,15m,0.19189999997615814,0.19280000030994415,0.19169999659061432,0.19280000030994415,2233152,2233152,yfinance,2026-07-10T06:58:17.136516+00:00
2026-07-05 08:30:00+00:00,ADA-USD,15m,0.19269999861717224,0.1931000053882599,0.19200000166893005,0.19290000200271606,793152,793152,yfinance,2026-07-10T06:58:17.136516+00:00
2026-07-05 08:45:00+00:00,ADA-USD,15m,0.19280000030994415,0.19359999895095825,0.1915999948978424,0.1915999948978424,2365568,2365568,yfinance,2026-07-10T06:58:17.136516+00:00
2026-07-05 09:00:00+00:00,ADA-USD,15m,0.1915999948978424,0.19269999861717224,0.19130000472068787,0.19130000472068787,1720448,1720448,yfinance,2026-07-10T06:58:17.136516+00:00
2026-07-05 09:15:00+00:00,ADA-USD,15m,0.19140000641345978,0.1915999948978424,0.19030000269412994,0.19050000607967377,915584,915584,yfinance,2026-07-10T06:58:17.136516+00:00
2026-07-05 09:30:00+00:00,ADA-USD,15m,0.19059999287128448,0.1906999945640564,0.1881999969482422,0.18870000541210175,2986112,2986112,yfinance,2026-07-10T06:58:17.136516+00:00
2026-07-05 09:45:00+00:00,ADA-USD,15m,0.18880000710487366,0.1891999989748001,0.1876000016927719,0.1876000016927719,5656640,5656640,yfinance,2026-07-10T06:58:17.136516+00:00
2026-07-05 10:00:00+00:00,ADA-USD,15m,0.18719999492168427,0.18729999661445618,0.18549999594688416,0.18619999289512634,11267712,11267712,yfinance,2026-07-10T06:58:17.136516+00:00
2026-07-05 10:15:00+00:00,ADA-USD,15m,0.1860000044107437,0.186599999666214,0.18529999256134033,0.1860000044107437,6019392,6019392,yfinance,2026-07-10T06:58:17.136516+00:00
2026-07-05 10:30:00+00:00,ADA-USD,15m,0.1859000027179718,0.1867000013589859,0.1859000027179718,0.18649999797344208,1502144,1502144,yfinance,2026-07-10T06:58:17.136516+00:00
2026-07-05 10:45:00+00:00,ADA-USD,15m,0.18649999797344208,0.18729999661445618,0.18639999628067017,0.18690000474452972,1568704,1568704,yfinance,2026-07-10T06:58:17.136516+00:00
2026-07-05 11:00:00+00:00,ADA-USD,15m,0.18690000474452972,0.18700000643730164,0.1860000044107437,0.18639999628067017,3694592,3694592,yfinance,2026-07-10T06:58:17.136516+00:00
2026-07-05 11:15:00+00:00,ADA-USD,15m,0.18639999628067017,0.1868000030517578,0.18610000610351562,0.18619999289512634,1082368,1082368,yfinance,2026-07-10T06:58:17.136516+00:00
2026-07-05 11:30:00+00:00,ADA-USD,15m,0.18610000610351562,0.18700000643730164,0.18610000610351562,0.18690000474452972,1323200,1323200,yfinance,2026-07-10T06:58:17.136516+00:00
2026-07-05 11:45:00+00:00,ADA-USD,15m,0.1868000030517578,0.18709999322891235,0.18649999797344208,0.18690000474452972,0,0,yfinance,2026-07-10T06:58:17.136516+00:00
2026-07-05 12:00:00+00:00,ADA-USD,15m,0.18649999797344208,0.18649999797344208,0.18529999256134033,0.18539999425411224,1640896,1640896,yfinance,2026-07-10T06:58:17.136516+00:00
2026-07-05 12:15:00+00:00,ADA-USD,15m,0.18539999425411224,0.1867000013589859,0.18539999425411224,0.1867000013589859,1737344,1737344,yfinance,2026-07-10T06:58:17.136516+00:00
2026-07-05 12:30:00+00:00,ADA-USD,15m,0.1868000030517578,0.18719999492168427,0.18649999797344208,0.1868000030517578,1609408,1609408,yfinance,2026-07-10T06:58:17.136516+00:00
2026-07-05 12:45:00+00:00,ADA-USD,15m,0.1867000013589859,0.18780000507831573,0.1867000013589859,0.1876000016927719,2936896,2936896,yfinance,2026-07-10T06:58:17.136516+00:00
2026-07-05 13:00:00+00:00,ADA-USD,15m,0.18770000338554382,0.18860000371932983,0.18729999661445618,0.188400000333786,379648,379648,yfinance,2026-07-10T06:58:17.136516+00:00
2026-07-05 13:15:00+00:00,ADA-USD,15m,0.188400000333786,0.188400000333786,0.18719999492168427,0.18770000338554382,0,0,yfinance,2026-07-10T06:58:17.136516+00:00
2026-07-05 13:30:00+00:00,ADA-USD,15m,0.18770000338554382,0.1882999986410141,0.18729999661445618,0.18799999356269836,887616,887616,yfinance,2026-07-10T06:58:17.136516+00:00
2026-07-05 13:45:00+00:00,ADA-USD,15m,0.188400000333786,0.1891999989748001,0.18809999525547028,0.18880000710487366,2451776,2451776,yfinance,2026-07-10T06:58:17.136516+00:00
2026-07-05 14:00:00+00:00,ADA-USD,15m,0.18880000710487366,0.1889999955892563,0.188400000333786,0.18880000710487366,0,0,yfinance,2026-07-10T06:58:17.136516+00:00
2026-07-05 14:15:00+00:00,ADA-USD,15m,0.18880000710487366,0.18889999389648438,0.18799999356269836,0.18850000202655792,0,0,yfinance,2026-07-10T06:58:17.136516+00:00
2026-07-05 14:30:00+00:00,ADA-USD,15m,0.18850000202655792,0.1899999976158142,0.1881999969482422,0.1898999959230423,609216,609216,yfinance,2026-07-10T06:58:17.136516+00:00
2026-07-05 14:45:00+00:00,ADA-USD,15m,0.18979999423027039,0.18979999423027039,0.18889999389648438,0.1891999989748001,1453184,1453184,yfinance,2026-07-10T06:58:17.136516+00:00
2026-07-05 15:00:00+00:00,ADA-USD,15m,0.18930000066757202,0.19040000438690186,0.1889999955892563,0.1890999972820282,0,0,yfinance,2026-07-10T06:58:17.136516+00:00
2026-07-05 15:15:00+00:00,ADA-USD,15m,0.1890999972820282,0.18960000574588776,0.1881999969482422,0.18870000541210175,0,0,yfinance,2026-07-10T06:58:17.136516+00:00
2026-07-05 15:30:00+00:00,ADA-USD,15m,0.18870000541210175,0.1891999989748001,0.1881999969482422,0.1882999986410141,0,0,yfinance,2026-07-10T06:58:17.136516+00:00
2026-07-05 15:45:00+00:00,ADA-USD,15m,0.1881999969482422,0.18930000066757202,0.1881999969482422,0.1889999955892563,0,0,yfinance,2026-07-10T06:58:17.136516+00:00
2026-07-05 16:00:00+00:00,ADA-USD,15m,0.1889999955892563,0.18970000743865967,0.18870000541210175,0.1889999955892563,0,0,yfinance,2026-07-10T06:58:17.136516+00:00
2026-07-05 16:15:00+00:00,ADA-USD,15m,0.1889999955892563,0.18950000405311584,0.18880000710487366,0.1889999955892563,0,0,yfinance,2026-07-10T06:58:17.136516+00:00
2026-07-05 16:30:00+00:00,ADA-USD,15m,0.18930000066757202,0.19089999794960022,0.1891999989748001,0.19089999794960022,0,0,yfinance,2026-07-10T06:58:17.136516+00:00
2026-07-05 16:45:00+00:00,ADA-USD,15m,0.19099999964237213,0.19110000133514404,0.18950000405311584,0.18960000574588776,0,0,yfinance,2026-07-10T06:58:17.136516+00:00
2026-07-05 17:00:00+00:00,ADA-USD,15m,0.18960000574588776,0.19020000100135803,0.18960000574588776,0.19009999930858612,0,0,yfinance,2026-07-10T06:58:17.136516+00:00
2026-07-05 17:15:00+00:00,ADA-USD,15m,0.19009999930858612,0.19099999964237213,0.19009999930858612,0.19020000100135803,0,0,yfinance,2026-07-10T06:58:17.136516+00:00
2026-07-05 17:30:00+00:00,ADA-USD,15m,0.19020000100135803,0.19050000607967377,0.18979999423027039,0.1899999976158142,0,0,yfinance,2026-07-10T06:58:17.136516+00:00
2026-07-05 17:45:00+00:00,ADA-USD,15m,0.1899999976158142,0.1906999945640564,0.1898999959230423,0.19020000100135803,0,0,yfinance,2026-07-10T06:58:17.136516+00:00
2026-07-05 18:00:00+00:00,ADA-USD,15m,0.19020000100135803,0.19040000438690186,0.18979999423027039,0.1898999959230423,0,0,yfinance,2026-07-10T06:58:17.136516+00:00
2026-07-05 18:15:00+00:00,ADA-USD,15m,0.1898999959230423,0.19030000269412994,0.18960000574588776,0.18960000574588776,0,0,yfinance,2026-07-10T06:58:17.136516+00:00
2026-07-05 18:30:00+00:00,ADA-USD,15m,0.18960000574588776,0.1898999959230423,0.1891999989748001,0.1898999959230423,0,0,yfinance,2026-07-10T06:58:17.136516+00:00
2026-07-05 18:45:00+00:00,ADA-USD,15m,0.18970000743865967,0.19040000438690186,0.18940000236034393,0.18960000574588776,0,0,yfinance,2026-07-10T06:58:17.136516+00:00
2026-07-05 19:00:00+00:00,ADA-USD,15m,0.18960000574588776,0.19020000100135803,0.18960000574588776,0.1899999976158142,0,0,yfinance,2026-07-10T06:58:17.136516+00:00
2026-07-05 19:15:00+00:00,ADA-USD,15m,0.1899999976158142,0.19020000100135803,0.188400000333786,0.18889999389648438,605952,605952,yfinance,2026-07-10T06:58:17.136516+00:00
2026-07-05 19:30:00+00:00,ADA-USD,15m,0.18889999389648438,0.18930000066757202,0.18850000202655792,0.18880000710487366,1018816,1018816,yfinance,2026-07-10T06:58:17.136516+00:00
2026-07-05 19:45:00+00:00,ADA-USD,15m,0.18880000710487366,0.18889999389648438,0.188400000333786,0.18889999389648438,0,0,yfinance,2026-07-10T06:58:17.136516+00:00
2026-07-05 20:00:00+00:00,ADA-USD,15m,0.18889999389648438,0.1890999972820282,0.18870000541210175,0.18870000541210175,0,0,yfinance,2026-07-10T06:58:17.136516+00:00
2026-07-05 20:15:00+00:00,ADA-USD,15m,0.18870000541210175,0.18870000541210175,0.1881999969482422,0.188400000333786,0,0,yfinance,2026-07-10T06:58:17.136516+00:00
2026-07-05 20:30:00+00:00,ADA-USD,15m,0.188400000333786,0.188400000333786,0.1873999983072281,0.18780000507831573,608000,608000,yfinance,2026-07-10T06:58:17.136516+00:00
2026-07-05 20:45:00+00:00,ADA-USD,15m,0.18780000507831573,0.18860000371932983,0.18780000507831573,0.18850000202655792,968128,968128,yfinance,2026-07-10T06:58:17.136516+00:00
2026-07-05 21:00:00+00:00,ADA-USD,15m,0.18850000202655792,0.18850000202655792,0.18790000677108765,0.18799999356269836,8209856,8209856,yfinance,2026-07-10T06:58:17.136516+00:00
2026-07-05 21:15:00+00:00,ADA-USD,15m,0.18790000677108765,0.1889999955892563,0.18770000338554382,0.18880000710487366,0,0,yfinance,2026-07-10T06:58:17.136516+00:00
2026-07-05 21:30:00+00:00,ADA-USD,15m,0.18880000710487366,0.18970000743865967,0.18850000202655792,0.18970000743865967,732224,732224,yfinance,2026-07-10T06:58:17.136516+00:00
2026-07-05 21:45:00+00:00,ADA-USD,15m,0.18970000743865967,0.19130000472068787,0.18970000743865967,0.19020000100135803,4645184,4645184,yfinance,2026-07-10T06:58:17.136516+00:00
2026-07-05 22:00:00+00:00,ADA-USD,15m,0.19030000269412994,0.19030000269412994,0.1891999989748001,0.19009999930858612,107008,107008,yfinance,2026-07-10T06:58:17.136516+00:00
2026-07-05 22:15:00+00:00,ADA-USD,15m,0.1899999976158142,0.19179999828338623,0.1899999976158142,0.19169999659061432,5161920,5161920,yfinance,2026-07-10T06:58:17.136516+00:00
2026-07-05 22:30:00+00:00,ADA-USD,15m,0.19189999997615814,0.1923999935388565,0.19050000607967377,0.19059999287128448,6221376,6221376,yfinance,2026-07-10T06:58:17.136516+00:00
2026-07-05 22:45:00+00:00,ADA-USD,15m,0.19059999287128448,0.19099999964237213,0.18950000405311584,0.19030000269412994,880064,880064,yfinance,2026-07-10T06:58:17.136516+00:00
2026-07-05 23:00:00+00:00,ADA-USD,15m,0.19030000269412994,0.19099999964237213,0.1898999959230423,0.1906999945640564,3888768,3888768,yfinance,2026-07-10T06:58:17.136516+00:00
2026-07-05 23:15:00+00:00,ADA-USD,15m,0.1906999945640564,0.19089999794960022,0.18880000710487366,0.18930000066757202,1275328,1275328,yfinance,2026-07-10T06:58:17.136516+00:00
2026-07-05 23:30:00+00:00,ADA-USD,15m,0.1891999989748001,0.1899999976158142,0.1891999989748001,0.18979999423027039,2388096,2388096,yfinance,2026-07-10T06:58:17.136516+00:00
2026-07-05 23:45:00+00:00,ADA-USD,15m,0.18950000405311584,0.1898999959230423,0.1890999972820282,0.18940000236034393,63424,63424,yfinance,2026-07-10T06:58:17.136516+00:00
2026-07-06 00:00:00+00:00,ADA-USD,15m,0.18940000236034393,0.18979999423027039,0.18860000371932983,0.1891999989748001,1007360,1007360,yfinance,2026-07-10T06:58:17.136516+00:00
2026-07-06 00:15:00+00:00,ADA-USD,15m,0.18930000066757202,0.18940000236034393,0.1876000016927719,0.18780000507831573,0,0,yfinance,2026-07-10T06:58:17.136516+00:00
2026-07-06 00:30:00+00:00,ADA-USD,15m,0.18770000338554382,0.1898999959230423,0.1875,0.1898999959230423,0,0,yfinance,2026-07-10T06:58:17.136516+00:00
2026-07-06 00:45:00+00:00,ADA-USD,15m,0.19009999930858612,0.19030000269412994,0.18950000405311584,0.1898999959230423,135680,135680,yfinance,2026-07-10T06:58:17.136516+00:00
2026-07-06 01:00:00+00:00,ADA-USD,15m,0.18979999423027039,0.19020000100135803,0.1891999989748001,0.18950000405311584,0,0,yfinance,2026-07-10T06:58:17.136516+00:00
2026-07-06 01:15:00+00:00,ADA-USD,15m,0.18950000405311584,0.19009999930858612,0.18940000236034393,0.1898999959230423,0,0,yfinance,2026-07-10T06:58:17.136516+00:00
2026-07-06 01:30:00+00:00,ADA-USD,15m,0.1898999959230423,0.19050000607967377,0.18970000743865967,0.1899999976158142,236544,236544,yfinance,2026-07-10T06:58:17.136516+00:00
2026-07-06 01:45:00+00:00,ADA-USD,15m,0.1899999976158142,0.1899999976158142,0.1891999989748001,0.1891999989748001,0,0,yfinance,2026-07-10T06:58:17.136516+00:00
2026-07-06 02:00:00+00:00,ADA-USD,15m,0.1890999972820282,0.18960000574588776,0.1882999986410141,0.188400000333786,0,0,yfinance,2026-07-10T06:58:17.136516+00:00
2026-07-06 02:15:00+00:00,ADA-USD,15m,0.188400000333786,0.19009999930858612,0.188400000333786,0.18930000066757202,0,0,yfinance,2026-07-10T06:58:17.136516+00:00
2026-07-06 02:30:00+00:00,ADA-USD,15m,0.18889999389648438,0.18930000066757202,0.18870000541210175,0.18870000541210175,0,0,yfinance,2026-07-10T06:58:17.136516+00:00
2026-07-06 02:45:00+00:00,ADA-USD,15m,0.18889999389648438,0.18940000236034393,0.18860000371932983,0.1889999955892563,92320,92320,yfinance,2026-07-10T06:58:17.136516+00:00
2026-07-06 03:00:00+00:00,ADA-USD,15m,0.18880000710487366,0.18940000236034393,0.18850000202655792,0.18880000710487366,753760,753760,yfinance,2026-07-10T06:58:17.136516+00:00
2026-07-06 03:15:00+00:00,ADA-USD,15m,0.18880000710487366,0.1890999972820282,0.18790000677108765,0.18790000677108765,715360,715360,yfinance,2026-07-10T06:58:17.136516+00:00
2026-07-06 03:30:00+00:00,ADA-USD,15m,0.18790000677108765,0.188400000333786,0.1873999983072281,0.18770000338554382,31168,31168,yfinance,2026-07-10T06:58:17.136516+00:00
2026-07-06 03:45:00+00:00,ADA-USD,15m,0.1876000016927719,0.18790000677108765,0.18719999492168427,0.18790000677108765,825568,825568,yfinance,2026-07-10T06:58:17.136516+00:00
2026-07-06 04:00:00+00:00,ADA-USD,15m,0.18790000677108765,0.1882999986410141,0.1875,0.1882999986410141,0,0,yfinance,2026-07-10T06:58:17.136516+00:00
2026-07-06 04:15:00+00:00,ADA-USD,15m,0.1882999986410141,0.1882999986410141,0.18690000474452972,0.18719999492168427,41888,41888,yfinance,2026-07-10T06:58:17.136516+00:00
2026-07-06 04:30:00+00:00,ADA-USD,15m,0.18709999322891235,0.1873999983072281,0.186599999666214,0.18719999492168427,0,0,yfinance,2026-07-10T06:58:17.136516+00:00
2026-07-06 04:45:00+00:00,ADA-USD,15m,0.18719999492168427,0.18719999492168427,0.18639999628067017,0.18639999628067017,0,0,yfinance,2026-07-10T06:58:17.136516+00:00
2026-07-06 05:00:00+00:00,ADA-USD,15m,0.18649999797344208,0.18649999797344208,0.18569999933242798,0.1859000027179718,0,0,yfinance,2026-07-10T06:58:17.136516+00:00
2026-07-06 05:15:00+00:00,ADA-USD,15m,0.1859000027179718,0.18619999289512634,0.18539999425411224,0.18559999763965607,141408,141408,yfinance,2026-07-10T06:58:17.136516+00:00
2026-07-06 05:30:00+00:00,ADA-USD,15m,0.18539999425411224,0.18539999425411224,0.1835000067949295,0.18479999899864197,8224608,8224608,yfinance,2026-07-10T06:58:17.136516+00:00
2026-07-06 05:45:00+00:00,ADA-USD,15m,0.18490000069141388,0.18529999256134033,0.18490000069141388,0.18490000069141388,1408864,1408864,yfinance,2026-07-10T06:58:17.136516+00:00
2026-07-06 06:00:00+00:00,ADA-USD,15m,0.18490000069141388,0.1851000040769577,0.1843000054359436,0.18440000712871552,1215328,1215328,yfinance,2026-07-10T06:58:17.136516+00:00
2026-07-06 06:15:00+00:00,ADA-USD,15m,0.18440000712871552,0.18459999561309814,0.18379999697208405,0.18389999866485596,1135936,1135936,yfinance,2026-07-10T06:58:17.136516+00:00
2026-07-06 06:30:00+00:00,ADA-USD,15m,0.18379999697208405,0.18379999697208405,0.1834000051021576,0.18379999697208405,1088960,1088960,yfinance,2026-07-10T06:58:17.136516+00:00
2026-07-06 06:45:00+00:00,ADA-USD,15m,0.18379999697208405,0.18389999866485596,0.18320000171661377,0.1835000067949295,683904,683904,yfinance,2026-07-10T06:58:17.136516+00:00
2026-07-06 07:00:00+00:00,ADA-USD,15m,0.1835000067949295,0.1835000067949295,0.18279999494552612,0.18299999833106995,1225344,1225344,yfinance,2026-07-10T06:58:17.136516+00:00
2026-07-06 07:15:00+00:00,ADA-USD,15m,0.18299999833106995,0.18400000035762787,0.18299999833106995,0.18379999697208405,0,0,yfinance,2026-07-10T06:58:17.136516+00:00
2026-07-06 07:30:00+00:00,ADA-USD,15m,0.18369999527931213,0.18459999561309814,0.18359999358654022,0.18459999561309814,36704,36704,yfinance,2026-07-10T06:58:17.136516+00:00
2026-07-06 07:45:00+00:00,ADA-USD,15m,0.18459999561309814,0.18459999561309814,0.18379999697208405,0.18410000205039978,0,0,yfinance,2026-07-10T06:58:17.136516+00:00
2026-07-06 08:00:00+00:00,ADA-USD,15m,0.18400000035762787,0.18459999561309814,0.18389999866485596,0.18410000205039978,0,0,yfinance,2026-07-10T06:58:17.136516+00:00
2026-07-06 08:15:00+00:00,ADA-USD,15m,0.18410000205039978,0.18610000610351562,0.18369999527931213,0.1859000027179718,801856,801856,yfinance,2026-07-10T06:58:17.136516+00:00
2026-07-06 08:30:00+00:00,ADA-USD,15m,0.1858000010251999,0.18610000610351562,0.18479999899864197,0.18549999594688416,3572768,3572768,yfinance,2026-07-10T06:58:17.136516+00:00
2026-07-06 08:45:00+00:00,ADA-USD,15m,0.18549999594688416,0.18549999594688416,0.18440000712871552,0.18459999561309814,0,0,yfinance,2026-07-10T06:58:17.136516+00:00
2026-07-06 09:00:00+00:00,ADA-USD,15m,0.18459999561309814,0.18479999899864197,0.18379999697208405,0.1842000037431717,0,0,yfinance,2026-07-10T06:58:17.136516+00:00
2026-07-06 09:15:00+00:00,ADA-USD,15m,0.1842000037431717,0.1842000037431717,0.18320000171661377,0.18320000171661377,0,0,yfinance,2026-07-10T06:58:17.136516+00:00
2026-07-06 09:30:00+00:00,ADA-USD,15m,0.18320000171661377,0.18320000171661377,0.18240000307559967,0.18279999494552612,0,0,yfinance,2026-07-10T06:58:17.136516+00:00
2026-07-06 09:45:00+00:00,ADA-USD,15m,0.1826999932527542,0.1826999932527542,0.18160000443458557,0.18199999630451202,1416960,1416960,yfinance,2026-07-10T06:58:17.136516+00:00
2026-07-06 10:00:00+00:00,ADA-USD,15m,0.1818999946117401,0.18279999494552612,0.1817999929189682,0.1826999932527542,0,0,yfinance,2026-07-10T06:58:17.136516+00:00
2026-07-06 10:15:00+00:00,ADA-USD,15m,0.1826999932527542,0.18279999494552612,0.18240000307559967,0.18250000476837158,0,0,yfinance,2026-07-10T06:58:17.136516+00:00
2026-07-06 10:30:00+00:00,ADA-USD,15m,0.18230000138282776,0.18310000002384186,0.18230000138282776,0.18289999663829803,122688,122688,yfinance,2026-07-10T06:58:17.136516+00:00
2026-07-06 10:45:00+00:00,ADA-USD,15m,0.18279999494552612,0.18289999663829803,0.18230000138282776,0.18240000307559967,0,0,yfinance,2026-07-10T06:58:17.136516+00:00
2026-07-06 11:00:00+00:00,ADA-USD,15m,0.1826000064611435,0.18289999663829803,0.18230000138282776,0.18240000307559967,0,0,yfinance,2026-07-10T06:58:17.136516+00:00
2026-07-06 11:15:00+00:00,ADA-USD,15m,0.18250000476837158,0.18279999494552612,0.18230000138282776,0.18240000307559967,0,0,yfinance,2026-07-10T06:58:17.136516+00:00
2026-07-06 11:30:00+00:00,ADA-USD,15m,0.18240000307559967,0.18279999494552612,0.18230000138282776,0.18250000476837158,0,0,yfinance,2026-07-10T06:58:17.136516+00:00
2026-07-06 11:45:00+00:00,ADA-USD,15m,0.1826999932527542,0.1835000067949295,0.18219999969005585,0.18219999969005585,1443456,1443456,yfinance,2026-07-10T06:58:17.136516+00:00
2026-07-06 12:00:00+00:00,ADA-USD,15m,0.1818999946117401,0.18230000138282776,0.17980000376701355,0.18150000274181366,5318592,5318592,yfinance,2026-07-10T06:58:17.136516+00:00
2026-07-06 12:15:00+00:00,ADA-USD,15m,0.18140000104904175,0.18170000612735748,0.18070000410079956,0.18150000274181366,2055072,2055072,yfinance,2026-07-10T06:58:17.136516+00:00
2026-07-06 12:30:00+00:00,ADA-USD,15m,0.18150000274181366,0.18170000612735748,0.18019999563694,0.18019999563694,154944,154944,yfinance,2026-07-10T06:58:17.136516+00:00
2026-07-06 12:45:00+00:00,ADA-USD,15m,0.1800999939441681,0.18029999732971191,0.17880000174045563,0.17890000343322754,1824224,1824224,yfinance,2026-07-10T06:58:17.136516+00:00
2026-07-06 13:00:00+00:00,ADA-USD,15m,0.17880000174045563,0.179299995303154,0.1777999997138977,0.17829999327659607,6041216,6041216,yfinance,2026-07-10T06:58:17.136516+00:00
2026-07-06 13:15:00+00:00,ADA-USD,15m,0.17829999327659607,0.17910000681877136,0.17820000648498535,0.17839999496936798,2094944,2094944,yfinance,2026-07-10T06:58:17.136516+00:00
2026-07-06 13:30:00+00:00,ADA-USD,15m,0.17810000479221344,0.1793999969959259,0.17810000479221344,0.1793999969959259,4108992,4108992,yfinance,2026-07-10T06:58:17.136516+00:00
2026-07-06 13:45:00+00:00,ADA-USD,15m,0.179299995303154,0.1808999925851822,0.179299995303154,0.17960000038146973,6907680,6907680,yfinance,2026-07-10T06:58:17.136516+00:00
2026-07-06 14:00:00+00:00,ADA-USD,15m,0.17960000038146973,0.1809999942779541,0.1793999969959259,0.18050000071525574,2906208,2906208,yfinance,2026-07-10T06:58:17.136516+00:00
2026-07-06 14:15:00+00:00,ADA-USD,15m,0.18050000071525574,0.18219999969005585,0.18000000715255737,0.18119999766349792,3218240,3218240,yfinance,2026-07-10T06:58:17.136516+00:00
2026-07-06 14:30:00+00:00,ADA-USD,15m,0.18119999766349792,0.18230000138282776,0.18119999766349792,0.1817999929189682,6044832,6044832,yfinance,2026-07-10T06:58:17.136516+00:00
2026-07-06 14:45:00+00:00,ADA-USD,15m,0.18170000612735748,0.1817999929189682,0.1809999942779541,0.1817999929189682,353024,353024,yfinance,2026-07-10T06:58:17.136516+00:00
2026-07-06 15:00:00+00:00,ADA-USD,15m,0.18199999630451202,0.18299999833106995,0.18140000104904175,0.18219999969005585,2934944,2934944,yfinance,2026-07-10T06:58:17.136516+00:00
2026-07-06 15:15:00+00:00,ADA-USD,15m,0.18209999799728394,0.18209999799728394,0.18150000274181366,0.18199999630451202,927616,927616,yfinance,2026-07-10T06:58:17.136516+00:00
2026-07-06 15:30:00+00:00,ADA-USD,15m,0.18199999630451202,0.18400000035762787,0.18150000274181366,0.18379999697208405,527232,527232,yfinance,2026-07-10T06:58:17.136516+00:00
2026-07-06 15:45:00+00:00,ADA-USD,15m,0.18359999358654022,0.18629999458789825,0.18359999358654022,0.1858000010251999,12511520,12511520,yfinance,2026-07-10T06:58:17.136516+00:00
2026-07-06 16:00:00+00:00,ADA-USD,15m,0.1859000027179718,0.18639999628067017,0.18479999899864197,0.18559999763965607,7645056,7645056,yfinance,2026-07-10T06:58:17.136516+00:00
2026-07-06 16:15:00+00:00,ADA-USD,15m,0.18569999933242798,0.1859000027179718,0.18410000205039978,0.18410000205039978,6059552,6059552,yfinance,2026-07-10T06:58:17.136516+00:00
2026-07-06 16:30:00+00:00,ADA-USD,15m,0.1843000054359436,0.18539999425411224,0.18410000205039978,0.18490000069141388,5795008,5795008,yfinance,2026-07-10T06:58:17.136516+00:00
2026-07-06 16:45:00+00:00,ADA-USD,15m,0.18449999392032623,0.18490000069141388,0.18410000205039978,0.18459999561309814,0,0,yfinance,2026-07-10T06:58:17.136516+00:00
2026-07-06 17:00:00+00:00,ADA-USD,15m,0.18459999561309814,0.18469999730587006,0.18379999697208405,0.18400000035762787,2842144,2842144,yfinance,2026-07-10T06:58:17.136516+00:00
2026-07-06 17:15:00+00:00,ADA-USD,15m,0.18400000035762787,0.18459999561309814,0.18359999358654022,0.1843000054359436,12640,12640,yfinance,2026-07-10T06:58:17.136516+00:00
2026-07-06 17:30:00+00:00,ADA-USD,15m,0.1842000037431717,0.1843000054359436,0.18289999663829803,0.18330000340938568,1219072,1219072,yfinance,2026-07-10T06:58:17.136516+00:00
2026-07-06 17:45:00+00:00,ADA-USD,15m,0.18320000171661377,0.18410000205039978,0.18289999663829803,0.18330000340938568,2158592,2158592,yfinance,2026-07-10T06:58:17.136516+00:00
2026-07-06 18:00:00+00:00,ADA-USD,15m,0.18330000340938568,0.18359999358654022,0.18289999663829803,0.18299999833106995,32064,32064,yfinance,2026-07-10T06:58:17.136516+00:00
2026-07-06 18:15:00+00:00,ADA-USD,15m,0.18299999833106995,0.18359999358654022,0.18289999663829803,0.18289999663829803,818080,818080,yfinance,2026-07-10T06:58:17.136516+00:00
2026-07-06 18:30:00+00:00,ADA-USD,15m,0.18279999494552612,0.18320000171661377,0.18279999494552612,0.18279999494552612,0,0,yfinance,2026-07-10T06:58:17.136516+00:00
2026-07-06 18:45:00+00:00,ADA-USD,15m,0.18289999663829803,0.18449999392032623,0.18289999663829803,0.1835000067949295,6193792,6193792,yfinance,2026-07-10T06:58:17.136516+00:00
2026-07-06 19:00:00+00:00,ADA-USD,15m,0.1834000051021576,0.18369999527931213,0.18320000171661377,0.18369999527931213,1944832,1944832,yfinance,2026-07-10T06:58:17.136516+00:00
2026-07-06 19:15:00+00:00,ADA-USD,15m,0.18369999527931213,0.18459999561309814,0.18359999358654022,0.18449999392032623,0,0,yfinance,2026-07-10T06:58:17.136516+00:00
2026-07-06 19:30:00+00:00,ADA-USD,15m,0.1843000054359436,0.18449999392032623,0.18389999866485596,0.18400000035762787,102528,102528,yfinance,2026-07-10T06:58:17.136516+00:00
2026-07-06 19:45:00+00:00,ADA-USD,15m,0.18389999866485596,0.1842000037431717,0.18359999358654022,0.18410000205039978,1189504,1189504,yfinance,2026-07-10T06:58:17.136516+00:00
2026-07-06 20:00:00+00:00,ADA-USD,15m,0.18410000205039978,0.18410000205039978,0.18310000002384186,0.18320000171661377,146240,146240,yfinance,2026-07-10T06:58:17.136516+00:00
2026-07-06 20:15:00+00:00,ADA-USD,15m,0.18320000171661377,0.18330000340938568,0.18289999663829803,0.18320000171661377,491424,491424,yfinance,2026-07-10T06:58:17.136516+00:00
2026-07-06 20:30:00+00:00,ADA-USD,15m,0.18320000171661377,0.18359999358654022,0.18310000002384186,0.18330000340938568,93952,93952,yfinance,2026-07-10T06:58:17.136516+00:00
2026-07-06 20:45:00+00:00,ADA-USD,15m,0.18310000002384186,0.18330000340938568,0.1826999932527542,0.18299999833106995,615072,615072,yfinance,2026-07-10T06:58:17.136516+00:00
2026-07-06 21:00:00+00:00,ADA-USD,15m,0.18299999833106995,0.1868000030517578,0.18299999833106995,0.18539999425411224,4405184,4405184,yfinance,2026-07-10T06:58:17.136516+00:00
2026-07-06 21:15:00+00:00,ADA-USD,15m,0.18520000576972961,0.18549999594688416,0.18440000712871552,0.1850000023841858,5596800,5596800,yfinance,2026-07-10T06:58:17.136516+00:00
2026-07-06 21:30:00+00:00,ADA-USD,15m,0.18490000069141388,0.1858000010251999,0.18490000069141388,0.18549999594688416,1240960,1240960,yfinance,2026-07-10T06:58:17.136516+00:00
2026-07-06 21:45:00+00:00,ADA-USD,15m,0.18549999594688416,0.1860000044107437,0.18529999256134033,0.18569999933242798,0,0,yfinance,2026-07-10T06:58:17.136516+00:00
2026-07-06 22:00:00+00:00,ADA-USD,15m,0.1858000010251999,0.1858000010251999,0.1850000023841858,0.1851000040769577,6528,6528,yfinance,2026-07-10T06:58:17.136516+00:00
2026-07-06 22:15:00+00:00,ADA-USD,15m,0.1851000040769577,0.18549999594688416,0.18469999730587006,0.18479999899864197,0,0,yfinance,2026-07-10T06:58:17.136516+00:00
2026-07-06 22:30:00+00:00,ADA-USD,15m,0.18479999899864197,0.1850000023841858,0.18449999392032623,0.18459999561309814,0,0,yfinance,2026-07-10T06:58:17.136516+00:00
2026-07-06 22:45:00+00:00,ADA-USD,15m,0.18459999561309814,0.18490000069141388,0.18410000205039978,0.1842000037431717,0,0,yfinance,2026-07-10T06:58:17.136516+00:00
2026-07-06 23:00:00+00:00,ADA-USD,15m,0.1842000037431717,0.18490000069141388,0.18410000205039978,0.18469999730587006,0,0,yfinance,2026-07-10T06:58:17.136516+00:00
2026-07-06 23:15:00+00:00,ADA-USD,15m,0.18469999730587006,0.18469999730587006,0.1842000037431717,0.18459999561309814,0,0,yfinance,2026-07-10T06:58:17.136516+00:00
2026-07-06 23:30:00+00:00,ADA-USD,15m,0.18459999561309814,0.18479999899864197,0.18440000712871552,0.18440000712871552,0,0,yfinance,2026-07-10T06:58:17.136516+00:00
2026-07-06 23:45:00+00:00,ADA-USD,15m,0.18440000712871552,0.18440000712871552,0.18389999866485596,0.18400000035762787,0,0,yfinance,2026-07-10T06:58:17.136516+00:00
2026-07-07 00:00:00+00:00,ADA-USD,15m,0.18400000035762787,0.1843000054359436,0.18359999358654022,0.18389999866485596,0,0,yfinance,2026-07-10T06:58:17.136516+00:00
2026-07-07 00:15:00+00:00,ADA-USD,15m,0.18379999697208405,0.1850000023841858,0.18369999527931213,0.18440000712871552,0,0,yfinance,2026-07-10T06:58:17.136516+00:00
2026-07-07 00:30:00+00:00,ADA-USD,15m,0.1843000054359436,0.18459999561309814,0.18389999866485596,0.1842000037431717,0,0,yfinance,2026-07-10T06:58:17.136516+00:00
2026-07-07 00:45:00+00:00,ADA-USD,15m,0.1842000037431717,0.18479999899864197,0.18400000035762787,0.18459999561309814,0,0,yfinance,2026-07-10T06:58:17.136516+00:00
2026-07-07 01:00:00+00:00,ADA-USD,15m,0.18459999561309814,0.18459999561309814,0.1835000067949295,0.18440000712871552,0,0,yfinance,2026-07-10T06:58:17.136516+00:00
2026-07-07 01:15:00+00:00,ADA-USD,15m,0.18440000712871552,0.18440000712871552,0.18299999833106995,0.18299999833106995,29952,29952,yfinance,2026-07-10T06:58:17.136516+00:00
2026-07-07 01:30:00+00:00,ADA-USD,15m,0.18320000171661377,0.1834000051021576,0.18279999494552612,0.18320000171661377,337440,337440,yfinance,2026-07-10T06:58:17.136516+00:00
2026-07-07 01:45:00+00:00,ADA-USD,15m,0.18330000340938568,0.18410000205039978,0.18330000340938568,0.18359999358654022,380640,380640,yfinance,2026-07-10T06:58:17.136516+00:00
2026-07-07 02:00:00+00:00,ADA-USD,15m,0.18359999358654022,0.18379999697208405,0.1834000051021576,0.1834000051021576,0,0,yfinance,2026-07-10T06:58:17.136516+00:00
2026-07-07 02:15:00+00:00,ADA-USD,15m,0.18330000340938568,0.1835000067949295,0.18219999969005585,0.18230000138282776,0,0,yfinance,2026-07-10T06:58:17.136516+00:00
2026-07-07 02:30:00+00:00,ADA-USD,15m,0.18230000138282776,0.18230000138282776,0.18150000274181366,0.18199999630451202,1035968,1035968,yfinance,2026-07-10T06:58:17.136516+00:00
2026-07-07 02:45:00+00:00,ADA-USD,15m,0.1818999946117401,0.18199999630451202,0.1808999925851822,0.18119999766349792,134144,134144,yfinance,2026-07-10T06:58:17.136516+00:00
2026-07-07 03:00:00+00:00,ADA-USD,15m,0.18119999766349792,0.18219999969005585,0.18119999766349792,0.18150000274181366,2085152,2085152,yfinance,2026-07-10T06:58:17.136516+00:00
2026-07-07 03:15:00+00:00,ADA-USD,15m,0.18150000274181366,0.18170000612735748,0.18080000579357147,0.18080000579357147,43008,43008,yfinance,2026-07-10T06:58:17.136516+00:00
2026-07-07 03:30:00+00:00,ADA-USD,15m,0.18080000579357147,0.18140000104904175,0.18070000410079956,0.1808999925851822,240928,240928,yfinance,2026-07-10T06:58:17.136516+00:00
2026-07-07 03:45:00+00:00,ADA-USD,15m,0.1808999925851822,0.18119999766349792,0.18060000240802765,0.18119999766349792,124832,124832,yfinance,2026-07-10T06:58:17.136516+00:00
2026-07-07 04:00:00+00:00,ADA-USD,15m,0.1809999942779541,0.181099995970726,0.18060000240802765,0.18060000240802765,609024,609024,yfinance,2026-07-10T06:58:17.136516+00:00
2026-07-07 04:15:00+00:00,ADA-USD,15m,0.18060000240802765,0.18070000410079956,0.18000000715255737,0.18019999563694,348896,348896,yfinance,2026-07-10T06:58:17.136516+00:00
2026-07-07 04:30:00+00:00,ADA-USD,15m,0.17990000545978546,0.18039999902248383,0.17970000207424164,0.17980000376701355,367360,367360,yfinance,2026-07-10T06:58:17.136516+00:00
2026-07-07 04:45:00+00:00,ADA-USD,15m,0.17980000376701355,0.17990000545978546,0.1793999969959259,0.17960000038146973,640128,640128,yfinance,2026-07-10T06:58:17.136516+00:00
2026-07-07 05:00:00+00:00,ADA-USD,15m,0.17960000038146973,0.17970000207424164,0.17890000343322754,0.17890000343322754,440896,440896,yfinance,2026-07-10T06:58:17.136516+00:00
2026-07-07 05:15:00+00:00,ADA-USD,15m,0.17910000681877136,0.1793999969959259,0.1785999983549118,0.17900000512599945,339712,339712,yfinance,2026-07-10T06:58:17.136516+00:00
2026-07-07 05:30:00+00:00,ADA-USD,15m,0.17910000681877136,0.1800999939441681,0.17910000681877136,0.1800999939441681,57952,57952,yfinance,2026-07-10T06:58:17.136516+00:00
2026-07-07 05:45:00+00:00,ADA-USD,15m,0.1800999939441681,0.18039999902248383,0.17960000038146973,0.18000000715255737,321184,321184,yfinance,2026-07-10T06:58:17.136516+00:00
2026-07-07 06:00:00+00:00,ADA-USD,15m,0.18000000715255737,0.18019999563694,0.17919999361038208,0.17919999361038208,930752,930752,yfinance,2026-07-10T06:58:17.136516+00:00
2026-07-07 06:15:00+00:00,ADA-USD,15m,0.179299995303154,0.17960000038146973,0.17919999361038208,0.17949999868869781,0,0,yfinance,2026-07-10T06:58:17.136516+00:00
2026-07-07 06:30:00+00:00,ADA-USD,15m,0.1793999969959259,0.18050000071525574,0.17919999361038208,0.18050000071525574,707808,707808,yfinance,2026-07-10T06:58:17.136516+00:00
2026-07-07 06:45:00+00:00,ADA-USD,15m,0.18050000071525574,0.18129999935626984,0.18039999902248383,0.181099995970726,674048,674048,yfinance,2026-07-10T06:58:17.136516+00:00
2026-07-07 07:00:00+00:00,ADA-USD,15m,0.1809999942779541,0.18129999935626984,0.18060000240802765,0.1809999942779541,0,0,yfinance,2026-07-10T06:58:17.136516+00:00
2026-07-07 07:15:00+00:00,ADA-USD,15m,0.1809999942779541,0.1809999942779541,0.18050000071525574,0.18050000071525574,0,0,yfinance,2026-07-10T06:58:17.136516+00:00
2026-07-07 07:30:00+00:00,ADA-USD,15m,0.18039999902248383,0.18039999902248383,0.17949999868869781,0.18000000715255737,321568,321568,yfinance,2026-07-10T06:58:17.136516+00:00
2026-07-07 07:45:00+00:00,ADA-USD,15m,0.17990000545978546,0.18000000715255737,0.17949999868869781,0.17949999868869781,1289760,1289760,yfinance,2026-07-10T06:58:17.136516+00:00
2026-07-07 08:00:00+00:00,ADA-USD,15m,0.1793999969959259,0.17949999868869781,0.17900000512599945,0.17910000681877136,41600,41600,yfinance,2026-07-10T06:58:17.136516+00:00
2026-07-07 08:15:00+00:00,ADA-USD,15m,0.17910000681877136,0.17960000038146973,0.17900000512599945,0.17949999868869781,147872,147872,yfinance,2026-07-10T06:58:17.136516+00:00
2026-07-07 08:30:00+00:00,ADA-USD,15m,0.17960000038146973,0.17960000038146973,0.1785999983549118,0.17880000174045563,0,0,yfinance,2026-07-10T06:58:17.136516+00:00
2026-07-07 08:45:00+00:00,ADA-USD,15m,0.17890000343322754,0.179299995303154,0.17870000004768372,0.179299995303154,607968,607968,yfinance,2026-07-10T06:58:17.136516+00:00
2026-07-07 09:00:00+00:00,ADA-USD,15m,0.17910000681877136,0.17949999868869781,0.17910000681877136,0.1793999969959259,32480,32480,yfinance,2026-07-10T06:58:17.136516+00:00
2026-07-07 09:15:00+00:00,ADA-USD,15m,0.1793999969959259,0.1793999969959259,0.1784999966621399,0.1784999966621399,895648,895648,yfinance,2026-07-10T06:58:17.136516+00:00
2026-07-07 09:30:00+00:00,ADA-USD,15m,0.1784999966621399,0.17890000343322754,0.1784999966621399,0.17880000174045563,0,0,yfinance,2026-07-10T06:58:17.136516+00:00
2026-07-07 09:45:00+00:00,ADA-USD,15m,0.17880000174045563,0.17890000343322754,0.17829999327659607,0.1785999983549118,0,0,yfinance,2026-07-10T06:58:17.136516+00:00
2026-07-07 10:00:00+00:00,ADA-USD,15m,0.17870000004768372,0.17949999868869781,0.1784999966621399,0.17890000343322754,273856,273856,yfinance,2026-07-10T06:58:17.136516+00:00
2026-07-07 10:15:00+00:00,ADA-USD,15m,0.17900000512599945,0.17900000512599945,0.17810000479221344,0.17810000479221344,1155648,1155648,yfinance,2026-07-10T06:58:17.136516+00:00
2026-07-07 10:30:00+00:00,ADA-USD,15m,0.17810000479221344,0.17810000479221344,0.17730000615119934,0.17739999294281006,1933952,1933952,yfinance,2026-07-10T06:58:17.136516+00:00
2026-07-07 10:45:00+00:00,ADA-USD,15m,0.17739999294281006,0.17759999632835388,0.1770000010728836,0.17720000445842743,1364896,1364896,yfinance,2026-07-10T06:58:17.136516+00:00
2026-07-07 11:00:00+00:00,ADA-USD,15m,0.17710000276565552,0.17730000615119934,0.17640000581741333,0.1768999993801117,3070368,3070368,yfinance,2026-07-10T06:58:17.136516+00:00
2026-07-07 11:15:00+00:00,ADA-USD,15m,0.17679999768733978,0.17720000445842743,0.17679999768733978,0.17710000276565552,1478400,1478400,yfinance,2026-07-10T06:58:17.136516+00:00
2026-07-07 11:30:00+00:00,ADA-USD,15m,0.1770000010728836,0.17739999294281006,0.1770000010728836,0.17739999294281006,1432672,1432672,yfinance,2026-07-10T06:58:17.136516+00:00
2026-07-07 11:45:00+00:00,ADA-USD,15m,0.17749999463558197,0.1777999997138977,0.17730000615119934,0.17730000615119934,1200416,1200416,yfinance,2026-07-10T06:58:17.136516+00:00
2026-07-07 12:00:00+00:00,ADA-USD,15m,0.17739999294281006,0.17910000681877136,0.17730000615119934,0.17910000681877136,0,0,yfinance,2026-07-10T06:58:17.136516+00:00
2026-07-07 12:15:00+00:00,ADA-USD,15m,0.17910000681877136,0.1793999969959259,0.17870000004768372,0.179299995303154,418560,418560,yfinance,2026-07-10T06:58:17.136516+00:00
2026-07-07 12:30:00+00:00,ADA-USD,15m,0.1793999969959259,0.17970000207424164,0.17900000512599945,0.17949999868869781,0,0,yfinance,2026-07-10T06:58:17.136516+00:00
2026-07-07 12:45:00+00:00,ADA-USD,15m,0.1793999969959259,0.1793999969959259,0.17870000004768372,0.17880000174045563,0,0,yfinance,2026-07-10T06:58:17.136516+00:00
2026-07-07 13:00:00+00:00,ADA-USD,15m,0.17870000004768372,0.17900000512599945,0.17829999327659607,0.17890000343322754,0,0,yfinance,2026-07-10T06:58:17.136516+00:00
2026-07-07 13:15:00+00:00,ADA-USD,15m,0.17890000343322754,0.17890000343322754,0.17759999632835388,0.1776999980211258,0,0,yfinance,2026-07-10T06:58:17.136516+00:00
2026-07-07 13:30:00+00:00,ADA-USD,15m,0.1777999997138977,0.17820000648498535,0.1770000010728836,0.1776999980211258,0,0,yfinance,2026-07-10T06:58:17.136516+00:00
2026-07-07 13:45:00+00:00,ADA-USD,15m,0.1776999980211258,0.1785999983549118,0.17710000276565552,0.17749999463558197,0,0,yfinance,2026-07-10T06:58:17.136516+00:00
2026-07-07 14:00:00+00:00,ADA-USD,15m,0.17720000445842743,0.1784999966621399,0.1768999993801117,0.17759999632835388,0,0,yfinance,2026-07-10T06:58:17.136516+00:00
2026-07-07 14:15:00+00:00,ADA-USD,15m,0.17749999463558197,0.1777999997138977,0.17679999768733978,0.17720000445842743,4288,4288,yfinance,2026-07-10T06:58:17.136516+00:00
2026-07-07 14:30:00+00:00,ADA-USD,15m,0.17730000615119934,0.17790000140666962,0.17550000548362732,0.17550000548362732,978720,978720,yfinance,2026-07-10T06:58:17.136516+00:00
2026-07-07 14:45:00+00:00,ADA-USD,15m,0.17550000548362732,0.1770000010728836,0.1753000020980835,0.17679999768733978,2189152,2189152,yfinance,2026-07-10T06:58:17.136516+00:00
2026-07-07 15:00:00+00:00,ADA-USD,15m,0.17669999599456787,0.1768999993801117,0.17589999735355377,0.1762000024318695,0,0,yfinance,2026-07-10T06:58:17.136516+00:00
2026-07-07 15:15:00+00:00,ADA-USD,15m,0.1761000007390976,0.1770000010728836,0.17560000717639923,0.17649999260902405,2003200,2003200,yfinance,2026-07-10T06:58:17.136516+00:00
2026-07-07 15:30:00+00:00,ADA-USD,15m,0.17659999430179596,0.1777999997138977,0.17640000581741333,0.1768999993801117,896864,896864,yfinance,2026-07-10T06:58:17.136516+00:00
2026-07-07 15:45:00+00:00,ADA-USD,15m,0.17730000615119934,0.17810000479221344,0.17720000445842743,0.17720000445842743,0,0,yfinance,2026-07-10T06:58:17.136516+00:00
2026-07-07 16:00:00+00:00,ADA-USD,15m,0.17720000445842743,0.1777999997138977,0.17659999430179596,0.1768999993801117,0,0,yfinance,2026-07-10T06:58:17.136516+00:00
2026-07-07 16:15:00+00:00,ADA-USD,15m,0.1770000010728836,0.17820000648498535,0.17679999768733978,0.17790000140666962,0,0,yfinance,2026-07-10T06:58:17.136516+00:00
2026-07-07 16:30:00+00:00,ADA-USD,15m,0.17790000140666962,0.17800000309944153,0.17730000615119934,0.17739999294281006,0,0,yfinance,2026-07-10T06:58:17.136516+00:00
2026-07-07 16:45:00+00:00,ADA-USD,15m,0.17739999294281006,0.1784999966621399,0.17720000445842743,0.17720000445842743,230336,230336,yfinance,2026-07-10T06:58:17.136516+00:00
2026-07-07 17:00:00+00:00,ADA-USD,15m,0.17720000445842743,0.17739999294281006,0.17659999430179596,0.17669999599456787,16160,16160,yfinance,2026-07-10T06:58:17.136516+00:00
2026-07-07 17:15:00+00:00,ADA-USD,15m,0.17669999599456787,0.17730000615119934,0.17599999904632568,0.17730000615119934,0,0,yfinance,2026-07-10T06:58:17.136516+00:00
2026-07-07 17:30:00+00:00,ADA-USD,15m,0.17720000445842743,0.17790000140666962,0.1768999993801117,0.17790000140666962,0,0,yfinance,2026-07-10T06:58:17.136516+00:00
2026-07-07 17:45:00+00:00,ADA-USD,15m,0.17810000479221344,0.17810000479221344,0.17730000615119934,0.1776999980211258,42208,42208,yfinance,2026-07-10T06:58:17.136516+00:00
2026-07-07 18:00:00+00:00,ADA-USD,15m,0.1776999980211258,0.1777999997138977,0.1768999993801117,0.1768999993801117,0,0,yfinance,2026-07-10T06:58:17.136516+00:00
2026-07-07 18:15:00+00:00,ADA-USD,15m,0.1768999993801117,0.17759999632835388,0.17659999430179596,0.17679999768733978,593696,593696,yfinance,2026-07-10T06:58:17.136516+00:00
2026-07-07 18:30:00+00:00,ADA-USD,15m,0.17679999768733978,0.1776999980211258,0.17679999768733978,0.1776999980211258,2037856,2037856,yfinance,2026-07-10T06:58:17.136516+00:00
2026-07-07 18:45:00+00:00,ADA-USD,15m,0.1776999980211258,0.1777999997138977,0.17550000548362732,0.17550000548362732,0,0,yfinance,2026-07-10T06:58:17.136516+00:00
2026-07-07 19:00:00+00:00,ADA-USD,15m,0.1754000037908554,0.17569999396800995,0.17479999363422394,0.17560000717639923,1010528,1010528,yfinance,2026-07-10T06:58:17.136516+00:00
2026-07-07 19:15:00+00:00,ADA-USD,15m,0.1754000037908554,0.17599999904632568,0.17489999532699585,0.17579999566078186,690112,690112,yfinance,2026-07-10T06:58:17.136516+00:00
2026-07-07 19:30:00+00:00,ADA-USD,15m,0.17579999566078186,0.17669999599456787,0.17579999566078186,0.17659999430179596,0,0,yfinance,2026-07-10T06:58:17.136516+00:00
2026-07-07 19:45:00+00:00,ADA-USD,15m,0.17659999430179596,0.17679999768733978,0.17640000581741333,0.17649999260902405,458720,458720,yfinance,2026-07-10T06:58:17.136516+00:00
2026-07-07 20:00:00+00:00,ADA-USD,15m,0.17649999260902405,0.17679999768733978,0.1762000024318695,0.17659999430179596,0,0,yfinance,2026-07-10T06:58:17.136516+00:00
2026-07-07 20:15:00+00:00,ADA-USD,15m,0.17659999430179596,0.17679999768733978,0.17630000412464142,0.17649999260902405,204992,204992,yfinance,2026-07-10T06:58:17.136516+00:00
2026-07-07 20:30:00+00:00,ADA-USD,15m,0.17649999260902405,0.17649999260902405,0.17560000717639923,0.17560000717639923,275200,275200,yfinance,2026-07-10T06:58:17.136516+00:00
2026-07-07 20:45:00+00:00,ADA-USD,15m,0.17560000717639923,0.17599999904632568,0.17560000717639923,0.17589999735355377,0,0,yfinance,2026-07-10T06:58:17.136516+00:00
2026-07-07 21:00:00+00:00,ADA-USD,15m,0.17589999735355377,0.1762000024318695,0.17550000548362732,0.17589999735355377,0,0,yfinance,2026-07-10T06:58:17.136516+00:00
2026-07-07 21:15:00+00:00,ADA-USD,15m,0.17599999904632568,0.17599999904632568,0.17479999363422394,0.17509999871253967,0,0,yfinance,2026-07-10T06:58:17.136516+00:00
2026-07-07 21:30:00+00:00,ADA-USD,15m,0.17520000040531158,0.1753000020980835,0.17440000176429749,0.17489999532699585,749600,749600,yfinance,2026-07-10T06:58:17.136516+00:00
2026-07-07 21:45:00+00:00,ADA-USD,15m,0.17489999532699585,0.17509999871253967,0.17430000007152557,0.17440000176429749,404608,404608,yfinance,2026-07-10T06:58:17.136516+00:00
2026-07-07 22:00:00+00:00,ADA-USD,15m,0.17419999837875366,0.17440000176429749,0.17329999804496765,0.17419999837875366,187040,187040,yfinance,2026-07-10T06:58:17.136516+00:00
2026-07-07 22:15:00+00:00,ADA-USD,15m,0.17419999837875366,0.1745000034570694,0.17399999499320984,0.17430000007152557,38112,38112,yfinance,2026-07-10T06:58:17.136516+00:00
2026-07-07 22:30:00+00:00,ADA-USD,15m,0.17419999837875366,0.17479999363422394,0.17409999668598175,0.1746000051498413,25344,25344,yfinance,2026-07-10T06:58:17.136516+00:00
2026-07-07 22:45:00+00:00,ADA-USD,15m,0.1745000034570694,0.17470000684261322,0.17430000007152557,0.1746000051498413,0,0,yfinance,2026-07-10T06:58:17.136516+00:00
2026-07-07 23:00:00+00:00,ADA-USD,15m,0.1745000034570694,0.17479999363422394,0.17440000176429749,0.1745000034570694,0,0,yfinance,2026-07-10T06:58:17.136516+00:00
2026-07-07 23:15:00+00:00,ADA-USD,15m,0.1746000051498413,0.1753000020980835,0.1746000051498413,0.1753000020980835,271872,271872,yfinance,2026-07-10T06:58:17.136516+00:00
2026-07-07 23:30:00+00:00,ADA-USD,15m,0.1754000037908554,0.1754000037908554,0.17440000176429749,0.17440000176429749,2270112,2270112,yfinance,2026-07-10T06:58:17.136516+00:00
2026-07-07 23:45:00+00:00,ADA-USD,15m,0.17430000007152557,0.1746000051498413,0.17430000007152557,0.17430000007152557,2052864,2052864,yfinance,2026-07-10T06:58:17.136516+00:00
2026-07-08 00:00:00+00:00,ADA-USD,15m,0.17479999363422394,0.17499999701976776,0.17440000176429749,0.17489999532699585,220320,220320,yfinance,2026-07-10T06:58:17.136516+00:00
2026-07-08 00:15:00+00:00,ADA-USD,15m,0.17499999701976776,0.1754000037908554,0.17479999363422394,0.1753000020980835,0,0,yfinance,2026-07-10T06:58:17.136516+00:00
2026-07-08 00:30:00+00:00,ADA-USD,15m,0.1754000037908554,0.17569999396800995,0.17489999532699585,0.1754000037908554,787584,787584,yfinance,2026-07-10T06:58:17.136516+00:00
2026-07-08 00:45:00+00:00,ADA-USD,15m,0.1754000037908554,0.17579999566078186,0.1754000037908554,0.17579999566078186,586208,586208,yfinance,2026-07-10T06:58:17.136516+00:00
2026-07-08 01:00:00+00:00,ADA-USD,15m,0.17569999396800995,0.1761000007390976,0.1753000020980835,0.1761000007390976,337888,337888,yfinance,2026-07-10T06:58:17.136516+00:00
2026-07-08 01:15:00+00:00,ADA-USD,15m,0.1761000007390976,0.1761000007390976,0.17509999871253967,0.17509999871253967,551712,551712,yfinance,2026-07-10T06:58:17.136516+00:00
2026-07-08 01:30:00+00:00,ADA-USD,15m,0.17509999871253967,0.17520000040531158,0.1728000044822693,0.17339999973773956,3204352,3204352,yfinance,2026-07-10T06:58:17.136516+00:00
2026-07-08 01:45:00+00:00,ADA-USD,15m,0.17350000143051147,0.1737000048160553,0.17249999940395355,0.1728000044822693,2068608,2068608,yfinance,2026-07-10T06:58:17.136516+00:00
2026-07-08 02:00:00+00:00,ADA-USD,15m,0.17270000278949738,0.17270000278949738,0.17139999568462372,0.17170000076293945,5457024,5457024,yfinance,2026-07-10T06:58:17.136516+00:00
2026-07-08 02:15:00+00:00,ADA-USD,15m,0.17149999737739563,0.17170000076293945,0.1712000072002411,0.17139999568462372,2244512,2244512,yfinance,2026-07-10T06:58:17.136516+00:00
2026-07-08 02:30:00+00:00,ADA-USD,15m,0.1712999939918518,0.17170000076293945,0.1704999953508377,0.17159999907016754,1506944,1506944,yfinance,2026-07-10T06:58:17.136516+00:00
2026-07-08 02:45:00+00:00,ADA-USD,15m,0.17170000076293945,0.1720999926328659,0.17110000550746918,0.1712000072002411,1160320,1160320,yfinance,2026-07-10T06:58:17.136516+00:00
2026-07-08 03:00:00+00:00,ADA-USD,15m,0.1712999939918518,0.17249999940395355,0.1712999939918518,0.17249999940395355,18112,18112,yfinance,2026-07-10T06:58:17.136516+00:00
2026-07-08 03:15:00+00:00,ADA-USD,15m,0.17239999771118164,0.17270000278949738,0.17180000245571136,0.1720000058412552,5997952,5997952,yfinance,2026-07-10T06:58:17.136516+00:00
2026-07-08 03:30:00+00:00,ADA-USD,15m,0.1720000058412552,0.1720999926328659,0.17090000212192535,0.17090000212192535,225408,225408,yfinance,2026-07-10T06:58:17.136516+00:00
2026-07-08 03:45:00+00:00,ADA-USD,15m,0.17090000212192535,0.1712000072002411,0.1703999936580658,0.17059999704360962,477888,477888,yfinance,2026-07-10T06:58:17.136516+00:00
2026-07-08 04:00:00+00:00,ADA-USD,15m,0.1704999953508377,0.17080000042915344,0.17030000686645508,0.1704999953508377,1555104,1555104,yfinance,2026-07-10T06:58:17.136516+00:00
2026-07-08 04:15:00+00:00,ADA-USD,15m,0.17059999704360962,0.1712000072002411,0.17020000517368317,0.1712000072002411,663296,663296,yfinance,2026-07-10T06:58:17.136516+00:00
2026-07-08 04:30:00+00:00,ADA-USD,15m,0.1712000072002411,0.1712999939918518,0.1703999936580658,0.1704999953508377,825920,825920,yfinance,2026-07-10T06:58:17.136516+00:00
2026-07-08 04:45:00+00:00,ADA-USD,15m,0.1704999953508377,0.17059999704360962,0.17000000178813934,0.1704999953508377,478496,478496,yfinance,2026-07-10T06:58:17.136516+00:00
2026-07-08 05:00:00+00:00,ADA-USD,15m,0.1704999953508377,0.17069999873638153,0.17020000517368317,0.17030000686645508,1021152,1021152,yfinance,2026-07-10T06:58:17.136516+00:00
2026-07-08 05:15:00+00:00,ADA-USD,15m,0.17030000686645508,0.17069999873638153,0.17030000686645508,0.1703999936580658,0,0,yfinance,2026-07-10T06:58:17.136516+00:00
2026-07-08 05:30:00+00:00,ADA-USD,15m,0.1704999953508377,0.1704999953508377,0.17000000178813934,0.17010000348091125,0,0,yfinance,2026-07-10T06:58:17.136516+00:00
2026-07-08 05:45:00+00:00,ADA-USD,15m,0.17010000348091125,0.17010000348091125,0.16949999332427979,0.16979999840259552,942144,942144,yfinance,2026-07-10T06:58:17.136516+00:00
2026-07-08 06:00:00+00:00,ADA-USD,15m,0.16979999840259552,0.16979999840259552,0.16899999976158142,0.16930000483989716,0,0,yfinance,2026-07-10T06:58:17.136516+00:00
2026-07-08 06:15:00+00:00,ADA-USD,15m,0.16930000483989716,0.1696999967098236,0.16899999976158142,0.16910000145435333,539840,539840,yfinance,2026-07-10T06:58:17.136516+00:00
2026-07-08 06:30:00+00:00,ADA-USD,15m,0.16920000314712524,0.16920000314712524,0.16830000281333923,0.1687999963760376,2299712,2299712,yfinance,2026-07-10T06:58:17.136516+00:00
2026-07-08 06:45:00+00:00,ADA-USD,15m,0.1687999963760376,0.16930000483989716,0.16869999468326569,0.16899999976158142,1318688,1318688,yfinance,2026-07-10T06:58:17.136516+00:00
2026-07-08 07:00:00+00:00,ADA-USD,15m,0.16899999976158142,0.16899999976158142,0.16820000112056732,0.1688999980688095,612896,612896,yfinance,2026-07-10T06:58:17.136516+00:00
2026-07-08 07:15:00+00:00,ADA-USD,15m,0.16869999468326569,0.16930000483989716,0.16859999299049377,0.16930000483989716,1417952,1417952,yfinance,2026-07-10T06:58:17.136516+00:00
2026-07-08 07:30:00+00:00,ADA-USD,15m,0.16930000483989716,0.1695999950170517,0.16920000314712524,0.16949999332427979,210336,210336,yfinance,2026-07-10T06:58:17.136516+00:00
2026-07-08 07:45:00+00:00,ADA-USD,15m,0.16949999332427979,0.1695999950170517,0.16899999976158142,0.16930000483989716,0,0,yfinance,2026-07-10T06:58:17.136516+00:00
2026-07-08 08:00:00+00:00,ADA-USD,15m,0.16940000653266907,0.16940000653266907,0.1687999963760376,0.1688999980688095,175392,175392,yfinance,2026-07-10T06:58:17.136516+00:00
2026-07-08 08:15:00+00:00,ADA-USD,15m,0.16899999976158142,0.16899999976158142,0.16619999706745148,0.1662999987602234,4157312,4157312,yfinance,2026-07-10T06:58:17.136516+00:00
2026-07-08 08:30:00+00:00,ADA-USD,15m,0.16619999706745148,0.16670000553131104,0.16580000519752502,0.1662999987602234,2708160,2708160,yfinance,2026-07-10T06:58:17.136516+00:00
2026-07-08 08:45:00+00:00,ADA-USD,15m,0.1664000004529953,0.16740000247955322,0.16580000519752502,0.16580000519752502,3330304,3330304,yfinance,2026-07-10T06:58:17.136516+00:00
2026-07-08 09:00:00+00:00,ADA-USD,15m,0.16580000519752502,0.16609999537467957,0.1656000018119812,0.16580000519752502,2544928,2544928,yfinance,2026-07-10T06:58:17.136516+00:00
2026-07-08 09:15:00+00:00,ADA-USD,15m,0.1657000035047531,0.1657000035047531,0.16500000655651093,0.16539999842643738,2240160,2240160,yfinance,2026-07-10T06:58:17.136516+00:00
2026-07-08 09:30:00+00:00,ADA-USD,15m,0.16539999842643738,0.16609999537467957,0.16539999842643738,0.16599999368190765,3797568,3797568,yfinance,2026-07-10T06:58:17.136516+00:00
2026-07-08 09:45:00+00:00,ADA-USD,15m,0.16599999368190765,0.16609999537467957,0.1657000035047531,0.1657000035047531,1142336,1142336,yfinance,2026-07-10T06:58:17.136516+00:00
2026-07-08 10:00:00+00:00,ADA-USD,15m,0.16580000519752502,0.16599999368190765,0.16519999504089355,0.1656000018119812,669600,669600,yfinance,2026-07-10T06:58:17.136516+00:00
2026-07-08 10:15:00+00:00,ADA-USD,15m,0.1656000018119812,0.16680000722408295,0.1655000001192093,0.16670000553131104,876736,876736,yfinance,2026-07-10T06:58:17.136516+00:00
2026-07-08 10:30:00+00:00,ADA-USD,15m,0.16670000553131104,0.1670999974012375,0.1665000021457672,0.16689999401569366,0,0,yfinance,2026-07-10T06:58:17.136516+00:00
2026-07-08 10:45:00+00:00,ADA-USD,15m,0.16680000722408295,0.16699999570846558,0.16670000553131104,0.16699999570846558,12864,12864,yfinance,2026-07-10T06:58:17.136516+00:00
2026-07-08 11:00:00+00:00,ADA-USD,15m,0.16689999401569366,0.1673000007867813,0.1662999987602234,0.1665000021457672,0,0,yfinance,2026-07-10T06:58:17.136516+00:00
2026-07-08 11:15:00+00:00,ADA-USD,15m,0.1665000021457672,0.1670999974012375,0.16599999368190765,0.1662999987602234,5061632,5061632,yfinance,2026-07-10T06:58:17.136516+00:00
2026-07-08 11:30:00+00:00,ADA-USD,15m,0.1664000004529953,0.1678999960422516,0.16619999706745148,0.1671999990940094,204928,204928,yfinance,2026-07-10T06:58:17.136516+00:00
2026-07-08 11:45:00+00:00,ADA-USD,15m,0.1670999974012375,0.1673000007867813,0.16689999401569366,0.16699999570846558,1583360,1583360,yfinance,2026-07-10T06:58:17.136516+00:00
2026-07-08 12:00:00+00:00,ADA-USD,15m,0.16699999570846558,0.16750000417232513,0.16660000383853912,0.1671999990940094,774784,774784,yfinance,2026-07-10T06:58:17.136516+00:00
2026-07-08 12:15:00+00:00,ADA-USD,15m,0.1671999990940094,0.1673000007867813,0.16699999570846558,0.1670999974012375,0,0,yfinance,2026-07-10T06:58:17.136516+00:00
2026-07-08 12:30:00+00:00,ADA-USD,15m,0.16699999570846558,0.1670999974012375,0.16670000553131104,0.1670999974012375,464352,464352,yfinance,2026-07-10T06:58:17.136516+00:00
2026-07-08 12:45:00+00:00,ADA-USD,15m,0.1671999990940094,0.1673000007867813,0.16660000383853912,0.16660000383853912,12544,12544,yfinance,2026-07-10T06:58:17.136516+00:00
2026-07-08 13:00:00+00:00,ADA-USD,15m,0.16660000383853912,0.16689999401569366,0.1662999987602234,0.16680000722408295,0,0,yfinance,2026-07-10T06:58:17.136516+00:00
2026-07-08 13:15:00+00:00,ADA-USD,15m,0.16680000722408295,0.16680000722408295,0.16609999537467957,0.1662999987602234,0,0,yfinance,2026-07-10T06:58:17.136516+00:00
2026-07-08 13:30:00+00:00,ADA-USD,15m,0.16680000722408295,0.16820000112056732,0.1664000004529953,0.1679999977350235,963872,963872,yfinance,2026-07-10T06:58:17.136516+00:00
2026-07-08 13:45:00+00:00,ADA-USD,15m,0.1678999960422516,0.1680999994277954,0.16670000553131104,0.1679999977350235,1008000,1008000,yfinance,2026-07-10T06:58:17.136516+00:00
2026-07-08 14:00:00+00:00,ADA-USD,15m,0.1678999960422516,0.16910000145435333,0.16769999265670776,0.16779999434947968,3402560,3402560,yfinance,2026-07-10T06:58:17.136516+00:00
2026-07-08 14:15:00+00:00,ADA-USD,15m,0.16769999265670776,0.1679999977350235,0.16699999570846558,0.1670999974012375,704896,704896,yfinance,2026-07-10T06:58:17.136516+00:00
2026-07-08 14:30:00+00:00,ADA-USD,15m,0.16699999570846558,0.1671999990940094,0.16619999706745148,0.16660000383853912,0,0,yfinance,2026-07-10T06:58:17.136516+00:00
2026-07-08 14:45:00+00:00,ADA-USD,15m,0.1665000021457672,0.16699999570846558,0.16590000689029694,0.16670000553131104,143968,143968,yfinance,2026-07-10T06:58:17.136516+00:00
2026-07-08 15:00:00+00:00,ADA-USD,15m,0.16670000553131104,0.16670000553131104,0.164900004863739,0.164900004863739,0,0,yfinance,2026-07-10T06:58:17.136516+00:00
2026-07-08 15:15:00+00:00,ADA-USD,15m,0.16500000655651093,0.1657000035047531,0.1647000014781952,0.16500000655651093,598912,598912,yfinance,2026-07-10T06:58:17.136516+00:00
2026-07-08 15:30:00+00:00,ADA-USD,15m,0.164900004863739,0.16580000519752502,0.164900004863739,0.16539999842643738,0,0,yfinance,2026-07-10T06:58:17.136516+00:00
2026-07-08 15:45:00+00:00,ADA-USD,15m,0.1655000001192093,0.1656000018119812,0.16529999673366547,0.1656000018119812,0,0,yfinance,2026-07-10T06:58:17.136516+00:00
2026-07-08 16:00:00+00:00,ADA-USD,15m,0.16539999842643738,0.1670999974012375,0.16539999842643738,0.16699999570846558,0,0,yfinance,2026-07-10T06:58:17.136516+00:00
2026-07-08 16:15:00+00:00,ADA-USD,15m,0.16689999401569366,0.1671999990940094,0.16660000383853912,0.16660000383853912,846240,846240,yfinance,2026-07-10T06:58:17.136516+00:00
2026-07-08 16:30:00+00:00,ADA-USD,15m,0.1665000021457672,0.1670999974012375,0.16599999368190765,0.16699999570846558,1040608,1040608,yfinance,2026-07-10T06:58:17.136516+00:00
2026-07-08 16:45:00+00:00,ADA-USD,15m,0.16689999401569366,0.1670999974012375,0.1665000021457672,0.16689999401569366,1631008,1631008,yfinance,2026-07-10T06:58:17.136516+00:00
2026-07-08 17:00:00+00:00,ADA-USD,15m,0.16699999570846558,0.16699999570846558,0.1665000021457672,0.1665000021457672,0,0,yfinance,2026-07-10T06:58:17.136516+00:00
2026-07-08 17:15:00+00:00,ADA-USD,15m,0.1662999987602234,0.1671999990940094,0.1662999987602234,0.1670999974012375,406784,406784,yfinance,2026-07-10T06:58:17.136516+00:00
2026-07-08 17:30:00+00:00,ADA-USD,15m,0.1670999974012375,0.1671999990940094,0.16609999537467957,0.16609999537467957,430592,430592,yfinance,2026-07-10T06:58:17.136516+00:00
2026-07-08 17:45:00+00:00,ADA-USD,15m,0.16599999368190765,0.16619999706745148,0.1655000001192093,0.1656000018119812,80352,80352,yfinance,2026-07-10T06:58:17.136516+00:00
2026-07-08 18:00:00+00:00,ADA-USD,15m,0.1656000018119812,0.1662999987602234,0.1655000001192093,0.1662999987602234,0,0,yfinance,2026-07-10T06:58:17.136516+00:00
2026-07-08 18:15:00+00:00,ADA-USD,15m,0.1662999987602234,0.1662999987602234,0.16590000689029694,0.16590000689029694,58240,58240,yfinance,2026-07-10T06:58:17.136516+00:00
2026-07-08 18:30:00+00:00,ADA-USD,15m,0.16590000689029694,0.1662999987602234,0.1657000035047531,0.16619999706745148,0,0,yfinance,2026-07-10T06:58:17.136516+00:00
2026-07-08 18:45:00+00:00,ADA-USD,15m,0.16619999706745148,0.1670999974012375,0.16619999706745148,0.1664000004529953,701760,701760,yfinance,2026-07-10T06:58:17.136516+00:00
2026-07-08 19:00:00+00:00,ADA-USD,15m,0.1664000004529953,0.16670000553131104,0.1662999987602234,0.1665000021457672,0,0,yfinance,2026-07-10T06:58:17.136516+00:00
2026-07-08 19:15:00+00:00,ADA-USD,15m,0.1665000021457672,0.16689999401569366,0.1664000004529953,0.16689999401569366,0,0,yfinance,2026-07-10T06:58:17.136516+00:00
2026-07-08 19:30:00+00:00,ADA-USD,15m,0.16680000722408295,0.16680000722408295,0.16660000383853912,0.16670000553131104,92288,92288,yfinance,2026-07-10T06:58:17.136516+00:00
2026-07-08 19:45:00+00:00,ADA-USD,15m,0.16670000553131104,0.16689999401569366,0.16619999706745148,0.16660000383853912,551840,551840,yfinance,2026-07-10T06:58:17.136516+00:00
2026-07-08 20:00:00+00:00,ADA-USD,15m,0.1665000021457672,0.16689999401569366,0.1665000021457672,0.16670000553131104,1484576,1484576,yfinance,2026-07-10T06:58:17.136516+00:00
2026-07-08 20:15:00+00:00,ADA-USD,15m,0.1665000021457672,0.1665000021457672,0.16609999537467957,0.1665000021457672,795776,795776,yfinance,2026-07-10T06:58:17.136516+00:00
2026-07-08 20:30:00+00:00,ADA-USD,15m,0.1665000021457672,0.16660000383853912,0.16609999537467957,0.1665000021457672,202400,202400,yfinance,2026-07-10T06:58:17.136516+00:00
2026-07-08 20:45:00+00:00,ADA-USD,15m,0.1665000021457672,0.1665000021457672,0.16580000519752502,0.16590000689029694,116832,116832,yfinance,2026-07-10T06:58:17.136516+00:00
2026-07-08 21:00:00+00:00,ADA-USD,15m,0.16590000689029694,0.16619999706745148,0.16529999673366547,0.16539999842643738,76288,76288,yfinance,2026-07-10T06:58:17.136516+00:00
2026-07-08 21:15:00+00:00,ADA-USD,15m,0.16539999842643738,0.16609999537467957,0.16539999842643738,0.16590000689029694,1021472,1021472,yfinance,2026-07-10T06:58:17.136516+00:00
2026-07-08 21:30:00+00:00,ADA-USD,15m,0.16599999368190765,0.16670000553131104,0.16599999368190765,0.1662999987602234,74432,74432,yfinance,2026-07-10T06:58:17.136516+00:00
2026-07-08 21:45:00+00:00,ADA-USD,15m,0.1662999987602234,0.16680000722408295,0.1662999987602234,0.16660000383853912,51200,51200,yfinance,2026-07-10T06:58:17.136516+00:00
2026-07-08 22:00:00+00:00,ADA-USD,15m,0.1665000021457672,0.16689999401569366,0.1665000021457672,0.16660000383853912,0,0,yfinance,2026-07-10T06:58:17.136516+00:00
2026-07-08 22:15:00+00:00,ADA-USD,15m,0.16670000553131104,0.16689999401569366,0.16660000383853912,0.16689999401569366,0,0,yfinance,2026-07-10T06:58:17.136516+00:00
2026-07-08 22:30:00+00:00,ADA-USD,15m,0.16689999401569366,0.16699999570846558,0.16670000553131104,0.16680000722408295,0,0,yfinance,2026-07-10T06:58:17.136516+00:00
2026-07-08 22:45:00+00:00,ADA-USD,15m,0.16680000722408295,0.16680000722408295,0.16670000553131104,0.16680000722408295,15776,15776,yfinance,2026-07-10T06:58:17.136516+00:00
2026-07-08 23:00:00+00:00,ADA-USD,15m,0.16680000722408295,0.1670999974012375,0.16670000553131104,0.16699999570846558,18176,18176,yfinance,2026-07-10T06:58:17.136516+00:00
2026-07-08 23:15:00+00:00,ADA-USD,15m,0.16699999570846558,0.16699999570846558,0.1664000004529953,0.1665000021457672,84416,84416,yfinance,2026-07-10T06:58:17.136516+00:00
2026-07-08 23:30:00+00:00,ADA-USD,15m,0.1665000021457672,0.16680000722408295,0.1665000021457672,0.16680000722408295,300768,300768,yfinance,2026-07-10T06:58:17.136516+00:00
2026-07-08 23:45:00+00:00,ADA-USD,15m,0.16680000722408295,0.16699999570846558,0.1664000004529953,0.16699999570846558,126304,126304,yfinance,2026-07-10T06:58:17.136516+00:00
2026-07-09 00:00:00+00:00,ADA-USD,15m,0.16699999570846558,0.16699999570846558,0.16660000383853912,0.16680000722408295,0,0,yfinance,2026-07-10T06:58:17.136516+00:00
2026-07-09 00:15:00+00:00,ADA-USD,15m,0.16680000722408295,0.16680000722408295,0.1665000021457672,0.1665000021457672,698752,698752,yfinance,2026-07-10T06:58:17.136516+00:00
2026-07-09 00:30:00+00:00,ADA-USD,15m,0.16670000553131104,0.16689999401569366,0.1664000004529953,0.16660000383853912,0,0,yfinance,2026-07-10T06:58:17.136516+00:00
2026-07-09 00:45:00+00:00,ADA-USD,15m,0.16660000383853912,0.16689999401569366,0.1665000021457672,0.16689999401569366,272032,272032,yfinance,2026-07-10T06:58:17.136516+00:00
2026-07-09 01:00:00+00:00,ADA-USD,15m,0.16689999401569366,0.16859999299049377,0.16670000553131104,0.1679999977350235,736480,736480,yfinance,2026-07-10T06:58:17.136516+00:00
2026-07-09 01:15:00+00:00,ADA-USD,15m,0.1679999977350235,0.16850000619888306,0.16779999434947968,0.1680999994277954,2607904,2607904,yfinance,2026-07-10T06:58:17.136516+00:00
2026-07-09 01:30:00+00:00,ADA-USD,15m,0.1680999994277954,0.1680999994277954,0.16660000383853912,0.16660000383853912,0,0,yfinance,2026-07-10T06:58:17.136516+00:00
2026-07-09 01:45:00+00:00,ADA-USD,15m,0.16660000383853912,0.16670000553131104,0.16590000689029694,0.16599999368190765,0,0,yfinance,2026-07-10T06:58:17.136516+00:00
2026-07-09 02:00:00+00:00,ADA-USD,15m,0.16599999368190765,0.16699999570846558,0.1656000018119812,0.16680000722408295,0,0,yfinance,2026-07-10T06:58:17.136516+00:00
2026-07-09 02:15:00+00:00,ADA-USD,15m,0.16680000722408295,0.16680000722408295,0.1664000004529953,0.16660000383853912,0,0,yfinance,2026-07-10T06:58:17.136516+00:00
2026-07-09 02:30:00+00:00,ADA-USD,15m,0.16660000383853912,0.16670000553131104,0.16580000519752502,0.16619999706745148,0,0,yfinance,2026-07-10T06:58:17.136516+00:00
2026-07-09 02:45:00+00:00,ADA-USD,15m,0.16619999706745148,0.1664000004529953,0.16590000689029694,0.1662999987602234,876928,876928,yfinance,2026-07-10T06:58:17.136516+00:00
2026-07-09 03:00:00+00:00,ADA-USD,15m,0.1664000004529953,0.1665000021457672,0.16619999706745148,0.1665000021457672,0,0,yfinance,2026-07-10T06:58:17.136516+00:00
2026-07-09 03:15:00+00:00,ADA-USD,15m,0.1665000021457672,0.1665000021457672,0.16590000689029694,0.16619999706745148,0,0,yfinance,2026-07-10T06:58:17.136516+00:00
2026-07-09 03:30:00+00:00,ADA-USD,15m,0.1662999987602234,0.16689999401569366,0.16619999706745148,0.16660000383853912,0,0,yfinance,2026-07-10T06:58:17.136516+00:00
2026-07-09 03:45:00+00:00,ADA-USD,15m,0.1665000021457672,0.1665000021457672,0.1662999987602234,0.1664000004529953,0,0,yfinance,2026-07-10T06:58:17.136516+00:00
2026-07-09 04:00:00+00:00,ADA-USD,15m,0.1664000004529953,0.1664000004529953,0.16609999537467957,0.16609999537467957,0,0,yfinance,2026-07-10T06:58:17.136516+00:00
2026-07-09 04:15:00+00:00,ADA-USD,15m,0.16609999537467957,0.1665000021457672,0.16599999368190765,0.1662999987602234,104032,104032,yfinance,2026-07-10T06:58:17.136516+00:00
2026-07-09 04:30:00+00:00,ADA-USD,15m,0.1664000004529953,0.16769999265670776,0.1664000004529953,0.16769999265670776,2784096,2784096,yfinance,2026-07-10T06:58:17.136516+00:00
2026-07-09 04:45:00+00:00,ADA-USD,15m,0.16769999265670776,0.16830000281333923,0.16769999265670776,0.16820000112056732,1506304,1506304,yfinance,2026-07-10T06:58:17.136516+00:00
2026-07-09 05:00:00+00:00,ADA-USD,15m,0.16820000112056732,0.1687999963760376,0.16769999265670776,0.16840000450611115,549728,549728,yfinance,2026-07-10T06:58:17.136516+00:00
2026-07-09 05:15:00+00:00,ADA-USD,15m,0.16840000450611115,0.16840000450611115,0.16750000417232513,0.16760000586509705,1837120,1837120,yfinance,2026-07-10T06:58:17.136516+00:00
2026-07-09 05:30:00+00:00,ADA-USD,15m,0.16760000586509705,0.16769999265670776,0.1671999990940094,0.16769999265670776,1312224,1312224,yfinance,2026-07-10T06:58:17.136516+00:00
2026-07-09 05:45:00+00:00,ADA-USD,15m,0.16769999265670776,0.16850000619888306,0.16769999265670776,0.16850000619888306,125408,125408,yfinance,2026-07-10T06:58:17.136516+00:00
2026-07-09 06:00:00+00:00,ADA-USD,15m,0.16850000619888306,0.1688999980688095,0.1680999994277954,0.16820000112056732,1727008,1727008,yfinance,2026-07-10T06:58:17.136516+00:00
2026-07-09 06:15:00+00:00,ADA-USD,15m,0.16820000112056732,0.16949999332427979,0.1680999994277954,0.16949999332427979,588448,588448,yfinance,2026-07-10T06:58:17.136516+00:00
2026-07-09 06:30:00+00:00,ADA-USD,15m,0.16949999332427979,0.16990000009536743,0.16940000653266907,0.1696999967098236,2076256,2076256,yfinance,2026-07-10T06:58:17.136516+00:00
2026-07-09 06:45:00+00:00,ADA-USD,15m,0.1696999967098236,0.16979999840259552,0.16930000483989716,0.16949999332427979,312576,312576,yfinance,2026-07-10T06:58:17.136516+00:00
2026-07-09 07:00:00+00:00,ADA-USD,15m,0.1695999950170517,0.1696999967098236,0.16840000450611115,0.16850000619888306,178240,178240,yfinance,2026-07-10T06:58:17.136516+00:00
2026-07-09 07:15:00+00:00,ADA-USD,15m,0.16850000619888306,0.16859999299049377,0.1678999960422516,0.16830000281333923,120544,120544,yfinance,2026-07-10T06:58:17.136516+00:00
2026-07-09 07:30:00+00:00,ADA-USD,15m,0.16820000112056732,0.16830000281333923,0.1678999960422516,0.16830000281333923,59904,59904,yfinance,2026-07-10T06:58:17.136516+00:00
2026-07-09 07:45:00+00:00,ADA-USD,15m,0.16830000281333923,0.1688999980688095,0.1680999994277954,0.16820000112056732,572960,572960,yfinance,2026-07-10T06:58:17.136516+00:00
2026-07-09 08:00:00+00:00,ADA-USD,15m,0.16820000112056732,0.16830000281333923,0.16779999434947968,0.1678999960422516,605728,605728,yfinance,2026-07-10T06:58:17.136516+00:00
2026-07-09 08:15:00+00:00,ADA-USD,15m,0.1678999960422516,0.1679999977350235,0.16769999265670776,0.16769999265670776,0,0,yfinance,2026-07-10T06:58:17.136516+00:00
2026-07-09 08:30:00+00:00,ADA-USD,15m,0.16769999265670776,0.16779999434947968,0.1671999990940094,0.1673000007867813,0,0,yfinance,2026-07-10T06:58:17.136516+00:00
2026-07-09 08:45:00+00:00,ADA-USD,15m,0.1673000007867813,0.16740000247955322,0.16680000722408295,0.1670999974012375,0,0,yfinance,2026-07-10T06:58:17.136516+00:00
2026-07-09 09:00:00+00:00,ADA-USD,15m,0.1670999974012375,0.1673000007867813,0.16689999401569366,0.1671999990940094,0,0,yfinance,2026-07-10T06:58:17.136516+00:00
2026-07-09 09:15:00+00:00,ADA-USD,15m,0.1671999990940094,0.16740000247955322,0.16689999401569366,0.16740000247955322,0,0,yfinance,2026-07-10T06:58:17.136516+00:00
2026-07-09 09:30:00+00:00,ADA-USD,15m,0.1670999974012375,0.16750000417232513,0.16680000722408295,0.16699999570846558,802336,802336,yfinance,2026-07-10T06:58:17.136516+00:00
2026-07-09 09:45:00+00:00,ADA-USD,15m,0.16689999401569366,0.16840000450611115,0.16680000722408295,0.16840000450611115,2353408,2353408,yfinance,2026-07-10T06:58:17.136516+00:00
2026-07-09 10:00:00+00:00,ADA-USD,15m,0.16830000281333923,0.16830000281333923,0.16769999265670776,0.1680999994277954,4498208,4498208,yfinance,2026-07-10T06:58:17.136516+00:00
2026-07-09 10:15:00+00:00,ADA-USD,15m,0.1680999994277954,0.1680999994277954,0.16760000586509705,0.16779999434947968,655552,655552,yfinance,2026-07-10T06:58:17.136516+00:00
2026-07-09 10:30:00+00:00,ADA-USD,15m,0.16769999265670776,0.16769999265670776,0.1673000007867813,0.16750000417232513,1302080,1302080,yfinance,2026-07-10T06:58:17.136516+00:00
2026-07-09 10:45:00+00:00,ADA-USD,15m,0.16750000417232513,0.16869999468326569,0.16740000247955322,0.16830000281333923,3651296,3651296,yfinance,2026-07-10T06:58:17.136516+00:00
2026-07-09 11:00:00+00:00,ADA-USD,15m,0.16820000112056732,0.16859999299049377,0.1679999977350235,0.16850000619888306,119232,119232,yfinance,2026-07-10T06:58:17.136516+00:00
2026-07-09 11:15:00+00:00,ADA-USD,15m,0.16850000619888306,0.1687999963760376,0.16840000450611115,0.16850000619888306,0,0,yfinance,2026-07-10T06:58:17.136516+00:00
2026-07-09 11:30:00+00:00,ADA-USD,15m,0.16850000619888306,0.16899999976158142,0.16820000112056732,0.16899999976158142,239584,239584,yfinance,2026-07-10T06:58:17.136516+00:00
2026-07-09 11:45:00+00:00,ADA-USD,15m,0.16910000145435333,0.1696999967098236,0.16910000145435333,0.16949999332427979,2102400,2102400,yfinance,2026-07-10T06:58:17.136516+00:00
2026-07-09 12:00:00+00:00,ADA-USD,15m,0.16930000483989716,0.1695999950170517,0.16850000619888306,0.1687999963760376,64448,64448,yfinance,2026-07-10T06:58:17.136516+00:00
2026-07-09 12:15:00+00:00,ADA-USD,15m,0.1687999963760376,0.16979999840259552,0.1687999963760376,0.1695999950170517,786176,786176,yfinance,2026-07-10T06:58:17.136516+00:00
2026-07-09 12:30:00+00:00,ADA-USD,15m,0.16949999332427979,0.16979999840259552,0.1688999980688095,0.16910000145435333,3801504,3801504,yfinance,2026-07-10T06:58:17.136516+00:00
2026-07-09 12:45:00+00:00,ADA-USD,15m,0.16910000145435333,0.16910000145435333,0.16840000450611115,0.1687999963760376,1418592,1418592,yfinance,2026-07-10T06:58:17.136516+00:00
2026-07-09 13:00:00+00:00,ADA-USD,15m,0.1687999963760376,0.16979999840259552,0.1687999963760376,0.1695999950170517,1309440,1309440,yfinance,2026-07-10T06:58:17.136516+00:00
2026-07-09 13:15:00+00:00,ADA-USD,15m,0.1695999950170517,0.1695999950170517,0.16840000450611115,0.16840000450611115,421632,421632,yfinance,2026-07-10T06:58:17.136516+00:00
2026-07-09 13:30:00+00:00,ADA-USD,15m,0.16830000281333923,0.1687999963760376,0.16769999265670776,0.1687999963760376,0,0,yfinance,2026-07-10T06:58:17.136516+00:00
2026-07-09 13:45:00+00:00,ADA-USD,15m,0.1688999980688095,0.16979999840259552,0.16840000450611115,0.16940000653266907,0,0,yfinance,2026-07-10T06:58:17.136516+00:00
2026-07-09 14:00:00+00:00,ADA-USD,15m,0.16949999332427979,0.1696999967098236,0.1687999963760376,0.1687999963760376,0,0,yfinance,2026-07-10T06:58:17.136516+00:00
2026-07-09 14:15:00+00:00,ADA-USD,15m,0.16859999299049377,0.16859999299049377,0.1679999977350235,0.16840000450611115,376704,376704,yfinance,2026-07-10T06:58:17.136516+00:00
2026-07-09 14:30:00+00:00,ADA-USD,15m,0.16840000450611115,0.1688999980688095,0.16779999434947968,0.1688999980688095,0,0,yfinance,2026-07-10T06:58:17.136516+00:00
2026-07-09 14:45:00+00:00,ADA-USD,15m,0.1687999963760376,0.16930000483989716,0.1687999963760376,0.16899999976158142,374688,374688,yfinance,2026-07-10T06:58:17.136516+00:00
2026-07-09 15:00:00+00:00,ADA-USD,15m,0.16910000145435333,0.16910000145435333,0.16840000450611115,0.16859999299049377,0,0,yfinance,2026-07-10T06:58:17.136516+00:00
2026-07-09 15:15:00+00:00,ADA-USD,15m,0.16869999468326569,0.1688999980688095,0.16750000417232513,0.16750000417232513,2092480,2092480,yfinance,2026-07-10T06:58:17.136516+00:00
2026-07-09 15:30:00+00:00,ADA-USD,15m,0.16750000417232513,0.16769999265670776,0.16599999368190765,0.16619999706745148,10392640,10392640,yfinance,2026-07-10T06:58:17.136516+00:00
2026-07-09 15:45:00+00:00,ADA-USD,15m,0.16619999706745148,0.16660000383853912,0.16619999706745148,0.1664000004529953,2627936,2627936,yfinance,2026-07-10T06:58:17.136516+00:00
2026-07-09 16:00:00+00:00,ADA-USD,15m,0.16660000383853912,0.16680000722408295,0.16619999706745148,0.16660000383853912,2499744,2499744,yfinance,2026-07-10T06:58:17.136516+00:00
2026-07-09 16:15:00+00:00,ADA-USD,15m,0.16660000383853912,0.16670000553131104,0.16509999334812164,0.1655000001192093,253728,253728,yfinance,2026-07-10T06:58:17.136516+00:00
2026-07-09 16:30:00+00:00,ADA-USD,15m,0.1656000018119812,0.16580000519752502,0.16529999673366547,0.1655000001192093,894464,894464,yfinance,2026-07-10T06:58:17.136516+00:00
2026-07-09 16:45:00+00:00,ADA-USD,15m,0.1655000001192093,0.1655000001192093,0.16500000655651093,0.16519999504089355,0,0,yfinance,2026-07-10T06:58:17.136516+00:00
2026-07-09 17:00:00+00:00,ADA-USD,15m,0.16519999504089355,0.16539999842643738,0.164900004863739,0.16500000655651093,1922016,1922016,yfinance,2026-07-10T06:58:17.136516+00:00
2026-07-09 17:15:00+00:00,ADA-USD,15m,0.16500000655651093,0.1657000035047531,0.16500000655651093,0.1656000018119812,2306976,2306976,yfinance,2026-07-10T06:58:17.136516+00:00
2026-07-09 17:30:00+00:00,ADA-USD,15m,0.16580000519752502,0.16689999401569366,0.16539999842643738,0.16680000722408295,991968,991968,yfinance,2026-07-10T06:58:17.136516+00:00
2026-07-09 17:45:00+00:00,ADA-USD,15m,0.16680000722408295,0.16680000722408295,0.16609999537467957,0.1664000004529953,846080,846080,yfinance,2026-07-10T06:58:17.136516+00:00
2026-07-09 18:00:00+00:00,ADA-USD,15m,0.1665000021457672,0.1671999990940094,0.16619999706745148,0.1671999990940094,905568,905568,yfinance,2026-07-10T06:58:17.136516+00:00
2026-07-09 18:15:00+00:00,ADA-USD,15m,0.1671999990940094,0.16760000586509705,0.1665000021457672,0.1670999974012375,1967328,1967328,yfinance,2026-07-10T06:58:17.136516+00:00
2026-07-09 18:30:00+00:00,ADA-USD,15m,0.1670999974012375,0.1671999990940094,0.1665000021457672,0.16680000722408295,1777472,1777472,yfinance,2026-07-10T06:58:17.136516+00:00
2026-07-09 18:45:00+00:00,ADA-USD,15m,0.16689999401569366,0.16699999570846558,0.16619999706745148,0.16619999706745148,0,0,yfinance,2026-07-10T06:58:17.136516+00:00
2026-07-09 19:00:00+00:00,ADA-USD,15m,0.16609999537467957,0.1662999987602234,0.16539999842643738,0.1655000001192093,886784,886784,yfinance,2026-07-10T06:58:17.136516+00:00
2026-07-09 19:15:00+00:00,ADA-USD,15m,0.1655000001192093,0.16609999537467957,0.16519999504089355,0.16599999368190765,1179680,1179680,yfinance,2026-07-10T06:58:17.136516+00:00
2026-07-09 19:30:00+00:00,ADA-USD,15m,0.16599999368190765,0.1662999987602234,0.1657000035047531,0.16609999537467957,1525984,1525984,yfinance,2026-07-10T06:58:17.136516+00:00
2026-07-09 19:45:00+00:00,ADA-USD,15m,0.16609999537467957,0.1662999987602234,0.1655000001192093,0.1656000018119812,569184,569184,yfinance,2026-07-10T06:58:17.136516+00:00
2026-07-09 20:00:00+00:00,ADA-USD,15m,0.1657000035047531,0.1662999987602234,0.16529999673366547,0.1662999987602234,781280,781280,yfinance,2026-07-10T06:58:17.136516+00:00
2026-07-09 20:15:00+00:00,ADA-USD,15m,0.1662999987602234,0.16660000383853912,0.16599999368190765,0.16660000383853912,113120,113120,yfinance,2026-07-10T06:58:17.136516+00:00
2026-07-09 20:30:00+00:00,ADA-USD,15m,0.16660000383853912,0.16699999570846558,0.1665000021457672,0.16680000722408295,654464,654464,yfinance,2026-07-10T06:58:17.136516+00:00
2026-07-09 20:45:00+00:00,ADA-USD,15m,0.16680000722408295,0.16689999401569366,0.1665000021457672,0.16680000722408295,87488,87488,yfinance,2026-07-10T06:58:17.136516+00:00
2026-07-09 21:00:00+00:00,ADA-USD,15m,0.16689999401569366,0.16740000247955322,0.16670000553131104,0.16740000247955322,252672,252672,yfinance,2026-07-10T06:58:17.136516+00:00
2026-07-09 21:15:00+00:00,ADA-USD,15m,0.1673000007867813,0.1673000007867813,0.1665000021457672,0.1665000021457672,0,0,yfinance,2026-07-10T06:58:17.136516+00:00
2026-07-09 21:30:00+00:00,ADA-USD,15m,0.1665000021457672,0.1671999990940094,0.1665000021457672,0.16699999570846558,429792,429792,yfinance,2026-07-10T06:58:17.136516+00:00
2026-07-09 21:45:00+00:00,ADA-USD,15m,0.16699999570846558,0.1673000007867813,0.16680000722408295,0.16680000722408295,112832,112832,yfinance,2026-07-10T06:58:17.136516+00:00
2026-07-09 22:00:00+00:00,ADA-USD,15m,0.16680000722408295,0.16699999570846558,0.1665000021457672,0.16680000722408295,75424,75424,yfinance,2026-07-10T06:58:17.136516+00:00
2026-07-09 22:15:00+00:00,ADA-USD,15m,0.16680000722408295,0.1673000007867813,0.16670000553131104,0.16670000553131104,550304,550304,yfinance,2026-07-10T06:58:17.136516+00:00
2026-07-09 22:30:00+00:00,ADA-USD,15m,0.16660000383853912,0.1673000007867813,0.1665000021457672,0.16699999570846558,764512,764512,yfinance,2026-07-10T06:58:17.136516+00:00
2026-07-09 22:45:00+00:00,ADA-USD,15m,0.16699999570846558,0.1673000007867813,0.16699999570846558,0.16699999570846558,702944,702944,yfinance,2026-07-10T06:58:17.136516+00:00
2026-07-09 23:00:00+00:00,ADA-USD,15m,0.16689999401569366,0.16699999570846558,0.16670000553131104,0.16670000553131104,468832,468832,yfinance,2026-07-10T06:58:17.136516+00:00
2026-07-09 23:15:00+00:00,ADA-USD,15m,0.1665000021457672,0.16680000722408295,0.16609999537467957,0.16660000383853912,335456,335456,yfinance,2026-07-10T06:58:17.136516+00:00
2026-07-09 23:30:00+00:00,ADA-USD,15m,0.1664000004529953,0.1665000021457672,0.16609999537467957,0.1665000021457672,56640,56640,yfinance,2026-07-10T06:58:17.136516+00:00
2026-07-09 23:45:00+00:00,ADA-USD,15m,0.1665000021457672,0.16660000383853912,0.1662999987602234,0.1662999987602234,928,928,yfinance,2026-07-10T06:58:17.136516+00:00
2026-07-10 00:00:00+00:00,ADA-USD,15m,0.1665000021457672,0.16660000383853912,0.16599999368190765,0.1662999987602234,0,0,yfinance,2026-07-10T06:58:17.136516+00:00
2026-07-10 00:15:00+00:00,ADA-USD,15m,0.1662999987602234,0.1664000004529953,0.16580000519752502,0.16609999537467957,7648,7648,yfinance,2026-07-10T06:58:17.136516+00:00
2026-07-10 00:30:00+00:00,ADA-USD,15m,0.16599999368190765,0.1664000004529953,0.1656000018119812,0.16599999368190765,920928,920928,yfinance,2026-07-10T06:58:17.136516+00:00
2026-07-10 00:45:00+00:00,ADA-USD,15m,0.16599999368190765,0.1665000021457672,0.16599999368190765,0.1665000021457672,843232,843232,yfinance,2026-07-10T06:58:17.136516+00:00
2026-07-10 01:00:00+00:00,ADA-USD,15m,0.1665000021457672,0.16689999401569366,0.16619999706745148,0.16689999401569366,8928,8928,yfinance,2026-07-10T06:58:17.136516+00:00
2026-07-10 01:15:00+00:00,ADA-USD,15m,0.16680000722408295,0.16750000417232513,0.16680000722408295,0.16740000247955322,0,0,yfinance,2026-07-10T06:58:17.136516+00:00
2026-07-10 01:30:00+00:00,ADA-USD,15m,0.16740000247955322,0.16779999434947968,0.1670999974012375,0.1673000007867813,349184,349184,yfinance,2026-07-10T06:58:17.136516+00:00
2026-07-10 01:45:00+00:00,ADA-USD,15m,0.1673000007867813,0.1695999950170517,0.1673000007867813,0.16830000281333923,5687744,5687744,yfinance,2026-07-10T06:58:17.136516+00:00
2026-07-10 02:00:00+00:00,ADA-USD,15m,0.16840000450611115,0.16850000619888306,0.1679999977350235,0.16850000619888306,1415072,1415072,yfinance,2026-07-10T06:58:17.136516+00:00
2026-07-10 02:15:00+00:00,ADA-USD,15m,0.16840000450611115,0.16840000450611115,0.1679999977350235,0.1680999994277954,955904,955904,yfinance,2026-07-10T06:58:17.136516+00:00
2026-07-10 02:30:00+00:00,ADA-USD,15m,0.1680999994277954,0.16850000619888306,0.1679999977350235,0.16830000281333923,517792,517792,yfinance,2026-07-10T06:58:17.136516+00:00
2026-07-10 02:45:00+00:00,ADA-USD,15m,0.16820000112056732,0.1688999980688095,0.1680999994277954,0.16869999468326569,359648,359648,yfinance,2026-07-10T06:58:17.136516+00:00
2026-07-10 03:00:00+00:00,ADA-USD,15m,0.16869999468326569,0.1687999963760376,0.16820000112056732,0.16869999468326569,859456,859456,yfinance,2026-07-10T06:58:17.136516+00:00
2026-07-10 03:15:00+00:00,ADA-USD,15m,0.16850000619888306,0.16869999468326569,0.16840000450611115,0.16840000450611115,597888,597888,yfinance,2026-07-10T06:58:17.136516+00:00
2026-07-10 03:30:00+00:00,ADA-USD,15m,0.16840000450611115,0.16899999976158142,0.16820000112056732,0.1688999980688095,469376,469376,yfinance,2026-07-10T06:58:17.136516+00:00
2026-07-10 03:45:00+00:00,ADA-USD,15m,0.1688999980688095,0.16920000314712524,0.1670999974012375,0.1671999990940094,6924384,6924384,yfinance,2026-07-10T06:58:17.136516+00:00
2026-07-10 04:00:00+00:00,ADA-USD,15m,0.1673000007867813,0.16820000112056732,0.1671999990940094,0.16820000112056732,10678688,10678688,yfinance,2026-07-10T06:58:17.136516+00:00
2026-07-10 04:15:00+00:00,ADA-USD,15m,0.16820000112056732,0.16820000112056732,0.16760000586509705,0.16760000586509705,115744,115744,yfinance,2026-07-10T06:58:17.136516+00:00
2026-07-10 04:30:00+00:00,ADA-USD,15m,0.16760000586509705,0.1678999960422516,0.16680000722408295,0.16680000722408295,891872,891872,yfinance,2026-07-10T06:58:17.136516+00:00
2026-07-10 04:45:00+00:00,ADA-USD,15m,0.16699999570846558,0.16760000586509705,0.16699999570846558,0.1673000007867813,4361792,4361792,yfinance,2026-07-10T06:58:17.136516+00:00
2026-07-10 05:00:00+00:00,ADA-USD,15m,0.1673000007867813,0.1678999960422516,0.1673000007867813,0.16760000586509705,1380256,1380256,yfinance,2026-07-10T06:58:17.136516+00:00
2026-07-10 05:15:00+00:00,ADA-USD,15m,0.16760000586509705,0.16779999434947968,0.16680000722408295,0.16680000722408295,2679232,2679232,yfinance,2026-07-10T06:58:17.136516+00:00
2026-07-10 05:30:00+00:00,ADA-USD,15m,0.16689999401569366,0.16740000247955322,0.16670000553131104,0.1671999990940094,8041824,8041824,yfinance,2026-07-10T06:58:17.136516+00:00
2026-07-10 05:45:00+00:00,ADA-USD,15m,0.1671999990940094,0.1671999990940094,0.16689999401569366,0.1671999990940094,2020192,2020192,yfinance,2026-07-10T06:58:17.136516+00:00
2026-07-10 06:00:00+00:00,ADA-USD,15m,0.1670999974012375,0.1671999990940094,0.16680000722408295,0.1671999990940094,6888672,6888672,yfinance,2026-07-10T06:58:17.136516+00:00
2026-07-10 06:15:00+00:00,ADA-USD,15m,0.16699999570846558,0.16699999570846558,0.16599999368190765,0.16609999537467957,8301568,8301568,yfinance,2026-07-10T06:58:17.136516+00:00
2026-07-10 06:30:00+00:00,ADA-USD,15m,0.16609999537467957,0.1665000021457672,0.16609999537467957,0.1662999987602234,4954976,4954976,yfinance,2026-07-10T06:58:17.136516+00:00
2026-07-10 06:45:00+00:00,ADA-USD,15m,0.16619999706745148,0.16660000383853912,0.16609999537467957,0.1665000021457672,2941088,2941088,yfinance,2026-07-10T06:58:17.136516+00:00
