timestamp,asset,timeframe,open,high,low,close,volume,dollar_volume,provider,fetched_at
2026-05-12 00:00:00+00:00,XRP-USD,15m,1.4767999649047852,1.4800000190734863,1.4758000373840332,1.4780000448226929,0,0,yfinance,2026-07-10T06:58:05.450587+00:00
2026-05-12 00:15:00+00:00,XRP-USD,15m,1.4779000282287598,1.4800000190734863,1.4765000343322754,1.4793000221252441,0,0,yfinance,2026-07-10T06:58:05.450587+00:00
2026-05-12 00:30:00+00:00,XRP-USD,15m,1.4793000221252441,1.4845999479293823,1.478600025177002,1.4794000387191772,630272,630272,yfinance,2026-07-10T06:58:05.450587+00:00
2026-05-12 00:45:00+00:00,XRP-USD,15m,1.479099988937378,1.4833999872207642,1.479099988937378,1.479699969291687,0,0,yfinance,2026-07-10T06:58:05.450587+00:00
2026-05-12 01:00:00+00:00,XRP-USD,15m,1.479599952697754,1.4819999933242798,1.475000023841858,1.4767999649047852,0,0,yfinance,2026-07-10T06:58:05.450587+00:00
2026-05-12 01:15:00+00:00,XRP-USD,15m,1.4769999980926514,1.4769999980926514,1.4699000120162964,1.4739999771118164,0,0,yfinance,2026-07-10T06:58:05.450587+00:00
2026-05-12 01:30:00+00:00,XRP-USD,15m,1.4730000495910645,1.4735000133514404,1.4565000534057617,1.4636000394821167,18737920,18737920,yfinance,2026-07-10T06:58:05.450587+00:00
2026-05-12 01:45:00+00:00,XRP-USD,15m,1.4637000560760498,1.469599962234497,1.4620000123977661,1.4671000242233276,27564032,27564032,yfinance,2026-07-10T06:58:05.450587+00:00
2026-05-12 02:00:00+00:00,XRP-USD,15m,1.4668999910354614,1.4707000255584717,1.46589994430542,1.4697999954223633,1436672,1436672,yfinance,2026-07-10T06:58:05.450587+00:00
2026-05-12 02:15:00+00:00,XRP-USD,15m,1.4700000286102295,1.4700000286102295,1.4632999897003174,1.4670000076293945,589056,589056,yfinance,2026-07-10T06:58:05.450587+00:00
2026-05-12 02:30:00+00:00,XRP-USD,15m,1.4672000408172607,1.4673000574111938,1.4602999687194824,1.4602999687194824,0,0,yfinance,2026-07-10T06:58:05.450587+00:00
2026-05-12 02:45:00+00:00,XRP-USD,15m,1.4605000019073486,1.4665000438690186,1.4605000019073486,1.464400053024292,3522560,3522560,yfinance,2026-07-10T06:58:05.450587+00:00
2026-05-12 03:00:00+00:00,XRP-USD,15m,1.4638999700546265,1.4652999639511108,1.4615000486373901,1.4625999927520752,0,0,yfinance,2026-07-10T06:58:05.450587+00:00
2026-05-12 03:15:00+00:00,XRP-USD,15m,1.4620000123977661,1.4634000062942505,1.4591000080108643,1.4602999687194824,0,0,yfinance,2026-07-10T06:58:05.450587+00:00
2026-05-12 03:30:00+00:00,XRP-USD,15m,1.4609999656677246,1.4632999897003174,1.4603999853134155,1.4630999565124512,0,0,yfinance,2026-07-10T06:58:05.450587+00:00
2026-05-12 03:45:00+00:00,XRP-USD,15m,1.4627000093460083,1.4627000093460083,1.458299994468689,1.4596999883651733,133376,133376,yfinance,2026-07-10T06:58:05.450587+00:00
2026-05-12 04:00:00+00:00,XRP-USD,15m,1.4593000411987305,1.4607000350952148,1.4574999809265137,1.4577000141143799,0,0,yfinance,2026-07-10T06:58:05.450587+00:00
2026-05-12 04:15:00+00:00,XRP-USD,15m,1.4575999975204468,1.4638999700546265,1.4575999975204468,1.4632999897003174,4913664,4913664,yfinance,2026-07-10T06:58:05.450587+00:00
2026-05-12 04:30:00+00:00,XRP-USD,15m,1.4630000591278076,1.465399980545044,1.462499976158142,1.4639999866485596,0,0,yfinance,2026-07-10T06:58:05.450587+00:00
2026-05-12 04:45:00+00:00,XRP-USD,15m,1.4641000032424927,1.4661999940872192,1.462399959564209,1.462499976158142,0,0,yfinance,2026-07-10T06:58:05.450587+00:00
2026-05-12 05:00:00+00:00,XRP-USD,15m,1.4622999429702759,1.4643000364303589,1.4600000381469727,1.4607000350952148,0,0,yfinance,2026-07-10T06:58:05.450587+00:00
2026-05-12 05:15:00+00:00,XRP-USD,15m,1.460800051689148,1.464400053024292,1.4605000019073486,1.4639999866485596,989184,989184,yfinance,2026-07-10T06:58:05.450587+00:00
2026-05-12 05:30:00+00:00,XRP-USD,15m,1.4642000198364258,1.4687000513076782,1.4629000425338745,1.4639999866485596,3161856,3161856,yfinance,2026-07-10T06:58:05.450587+00:00
2026-05-12 05:45:00+00:00,XRP-USD,15m,1.464900016784668,1.464900016784668,1.461400032043457,1.4616999626159668,12589824,12589824,yfinance,2026-07-10T06:58:05.450587+00:00
2026-05-12 06:00:00+00:00,XRP-USD,15m,1.4610999822616577,1.4631999731063843,1.4608999490737915,1.4627000093460083,1732864,1732864,yfinance,2026-07-10T06:58:05.450587+00:00
2026-05-12 06:15:00+00:00,XRP-USD,15m,1.4625999927520752,1.466599941253662,1.4625999927520752,1.4634000062942505,461568,461568,yfinance,2026-07-10T06:58:05.450587+00:00
2026-05-12 06:30:00+00:00,XRP-USD,15m,1.4641000032424927,1.4641000032424927,1.4595999717712402,1.4596999883651733,10488576,10488576,yfinance,2026-07-10T06:58:05.450587+00:00
2026-05-12 06:45:00+00:00,XRP-USD,15m,1.4594000577926636,1.4609999656677246,1.455199956893921,1.4581999778747559,9083904,9083904,yfinance,2026-07-10T06:58:05.450587+00:00
2026-05-12 07:00:00+00:00,XRP-USD,15m,1.458299994468689,1.4615000486373901,1.454300045967102,1.4601999521255493,8663552,8663552,yfinance,2026-07-10T06:58:05.450587+00:00
2026-05-12 07:15:00+00:00,XRP-USD,15m,1.4602999687194824,1.4639999866485596,1.4581999778747559,1.4621000289916992,1993984,1993984,yfinance,2026-07-10T06:58:05.450587+00:00
2026-05-12 07:30:00+00:00,XRP-USD,15m,1.4625999927520752,1.464900016784668,1.4617999792099,1.4620000123977661,0,0,yfinance,2026-07-10T06:58:05.450587+00:00
2026-05-12 07:45:00+00:00,XRP-USD,15m,1.4620000123977661,1.464400053024292,1.4599000215530396,1.462499976158142,4608256,4608256,yfinance,2026-07-10T06:58:05.450587+00:00
2026-05-12 08:00:00+00:00,XRP-USD,15m,1.462499976158142,1.4656000137329102,1.4606000185012817,1.4610999822616577,0,0,yfinance,2026-07-10T06:58:05.450587+00:00
2026-05-12 08:15:00+00:00,XRP-USD,15m,1.4609999656677246,1.4692000150680542,1.4595999717712402,1.4692000150680542,11931648,11931648,yfinance,2026-07-10T06:58:05.450587+00:00
2026-05-12 08:30:00+00:00,XRP-USD,15m,1.4692000150680542,1.4707000255584717,1.4661999940872192,1.468400001525879,16174080,16174080,yfinance,2026-07-10T06:58:05.450587+00:00
2026-05-12 08:45:00+00:00,XRP-USD,15m,1.4680999517440796,1.469499945640564,1.464900016784668,1.465000033378601,8845056,8845056,yfinance,2026-07-10T06:58:05.450587+00:00
2026-05-12 09:00:00+00:00,XRP-USD,15m,1.4646999835968018,1.4648000001907349,1.4572999477386475,1.4572999477386475,2394368,2394368,yfinance,2026-07-10T06:58:05.450587+00:00
2026-05-12 09:15:00+00:00,XRP-USD,15m,1.4572999477386475,1.457900047302246,1.454699993133545,1.4551000595092773,15546624,15546624,yfinance,2026-07-10T06:58:05.450587+00:00
2026-05-12 09:30:00+00:00,XRP-USD,15m,1.455399990081787,1.4585000276565552,1.455299973487854,1.4559999704360962,11602176,11602176,yfinance,2026-07-10T06:58:05.450587+00:00
2026-05-12 09:45:00+00:00,XRP-USD,15m,1.4558000564575195,1.4567999839782715,1.4544999599456787,1.455399990081787,5936384,5936384,yfinance,2026-07-10T06:58:05.450587+00:00
2026-05-12 10:00:00+00:00,XRP-USD,15m,1.455299973487854,1.457800030708313,1.4509999752044678,1.4562000036239624,18883328,18883328,yfinance,2026-07-10T06:58:05.450587+00:00
2026-05-12 10:15:00+00:00,XRP-USD,15m,1.4560999870300293,1.4566999673843384,1.4539999961853027,1.454300045967102,3888896,3888896,yfinance,2026-07-10T06:58:05.450587+00:00
2026-05-12 10:30:00+00:00,XRP-USD,15m,1.4545999765396118,1.454699993133545,1.4484000205993652,1.4492000341415405,6664960,6664960,yfinance,2026-07-10T06:58:05.450587+00:00
2026-05-12 10:45:00+00:00,XRP-USD,15m,1.4492000341415405,1.4495999813079834,1.4470000267028809,1.4492000341415405,8093696,8093696,yfinance,2026-07-10T06:58:05.450587+00:00
2026-05-12 11:00:00+00:00,XRP-USD,15m,1.4494999647140503,1.4503999948501587,1.4467999935150146,1.447700023651123,10292480,10292480,yfinance,2026-07-10T06:58:05.450587+00:00
2026-05-12 11:15:00+00:00,XRP-USD,15m,1.4474999904632568,1.4474999904632568,1.4438999891281128,1.4458999633789062,12688384,12688384,yfinance,2026-07-10T06:58:05.450587+00:00
2026-05-12 11:30:00+00:00,XRP-USD,15m,1.4459999799728394,1.4483000040054321,1.4456000328063965,1.4483000040054321,8462080,8462080,yfinance,2026-07-10T06:58:05.450587+00:00
2026-05-12 11:45:00+00:00,XRP-USD,15m,1.4483000040054321,1.4493000507354736,1.4471999406814575,1.448699951171875,4541952,4541952,yfinance,2026-07-10T06:58:05.450587+00:00
2026-05-12 12:00:00+00:00,XRP-USD,15m,1.4486000537872314,1.4514000415802002,1.4465999603271484,1.4509999752044678,0,0,yfinance,2026-07-10T06:58:05.450587+00:00
2026-05-12 12:15:00+00:00,XRP-USD,15m,1.4508999586105347,1.452299952507019,1.4500999450683594,1.4521000385284424,505600,505600,yfinance,2026-07-10T06:58:05.450587+00:00
2026-05-12 12:30:00+00:00,XRP-USD,15m,1.4524999856948853,1.455399990081787,1.4464000463485718,1.4501999616622925,25287424,25287424,yfinance,2026-07-10T06:58:05.450587+00:00
2026-05-12 12:45:00+00:00,XRP-USD,15m,1.4502999782562256,1.4524999856948853,1.4496999979019165,1.4502999782562256,5518336,5518336,yfinance,2026-07-10T06:58:05.450587+00:00
2026-05-12 13:00:00+00:00,XRP-USD,15m,1.4502999782562256,1.4521000385284424,1.4500000476837158,1.4500000476837158,0,0,yfinance,2026-07-10T06:58:05.450587+00:00
2026-05-12 13:15:00+00:00,XRP-USD,15m,1.4500999450683594,1.4501999616622925,1.4470000267028809,1.4486000537872314,0,0,yfinance,2026-07-10T06:58:05.450587+00:00
2026-05-12 13:30:00+00:00,XRP-USD,15m,1.4479999542236328,1.4499000310897827,1.443600058555603,1.4483000040054321,0,0,yfinance,2026-07-10T06:58:05.450587+00:00
2026-05-12 13:45:00+00:00,XRP-USD,15m,1.4486000537872314,1.4495999813079834,1.432800054550171,1.434000015258789,12554240,12554240,yfinance,2026-07-10T06:58:05.450587+00:00
2026-05-12 14:00:00+00:00,XRP-USD,15m,1.434000015258789,1.4397000074386597,1.4330999851226807,1.4388999938964844,44811776,44811776,yfinance,2026-07-10T06:58:05.450587+00:00
2026-05-12 14:15:00+00:00,XRP-USD,15m,1.4387999773025513,1.4402999877929688,1.4319000244140625,1.4325000047683716,1288960,1288960,yfinance,2026-07-10T06:58:05.450587+00:00
2026-05-12 14:30:00+00:00,XRP-USD,15m,1.4329999685287476,1.4363000392913818,1.4264999628067017,1.4342000484466553,4851968,4851968,yfinance,2026-07-10T06:58:05.450587+00:00
2026-05-12 14:45:00+00:00,XRP-USD,15m,1.4337999820709229,1.433899998664856,1.4244999885559082,1.4279999732971191,3448576,3448576,yfinance,2026-07-10T06:58:05.450587+00:00
2026-05-12 15:00:00+00:00,XRP-USD,15m,1.4270999431610107,1.430899977684021,1.4249000549316406,1.4292000532150269,1967104,1967104,yfinance,2026-07-10T06:58:05.450587+00:00
2026-05-12 15:15:00+00:00,XRP-USD,15m,1.4287999868392944,1.4292999505996704,1.4183000326156616,1.419800043106079,2251776,2251776,yfinance,2026-07-10T06:58:05.450587+00:00
2026-05-12 15:30:00+00:00,XRP-USD,15m,1.4204000234603882,1.4249000549316406,1.420300006866455,1.424299955368042,0,0,yfinance,2026-07-10T06:58:05.450587+00:00
2026-05-12 15:45:00+00:00,XRP-USD,15m,1.424299955368042,1.4266999959945679,1.4220999479293823,1.423799991607666,0,0,yfinance,2026-07-10T06:58:05.450587+00:00
2026-05-12 16:00:00+00:00,XRP-USD,15m,1.4240000247955322,1.4271999597549438,1.4217000007629395,1.4261000156402588,0,0,yfinance,2026-07-10T06:58:05.450587+00:00
2026-05-12 16:15:00+00:00,XRP-USD,15m,1.4257999658584595,1.4286999702453613,1.424299955368042,1.4277000427246094,0,0,yfinance,2026-07-10T06:58:05.450587+00:00
2026-05-12 16:30:00+00:00,XRP-USD,15m,1.4278000593185425,1.4287999868392944,1.4248000383377075,1.4263999462127686,0,0,yfinance,2026-07-10T06:58:05.450587+00:00
2026-05-12 16:45:00+00:00,XRP-USD,15m,1.4264999628067017,1.426800012588501,1.4198999404907227,1.4221999645233154,7604224,7604224,yfinance,2026-07-10T06:58:05.450587+00:00
2026-05-12 17:00:00+00:00,XRP-USD,15m,1.4228999614715576,1.4292999505996704,1.4220999479293823,1.4292999505996704,0,0,yfinance,2026-07-10T06:58:05.450587+00:00
2026-05-12 17:15:00+00:00,XRP-USD,15m,1.4293999671936035,1.4328999519348145,1.4293999671936035,1.4311000108718872,11168512,11168512,yfinance,2026-07-10T06:58:05.450587+00:00
2026-05-12 17:30:00+00:00,XRP-USD,15m,1.4311000108718872,1.4337999820709229,1.430799961090088,1.433500051498413,3158528,3158528,yfinance,2026-07-10T06:58:05.450587+00:00
2026-05-12 17:45:00+00:00,XRP-USD,15m,1.4337999820709229,1.4348000288009644,1.4327000379562378,1.4336999654769897,0,0,yfinance,2026-07-10T06:58:05.450587+00:00
2026-05-12 18:00:00+00:00,XRP-USD,15m,1.4342000484466553,1.4347000122070312,1.43149995803833,1.4329999685287476,0,0,yfinance,2026-07-10T06:58:05.450587+00:00
2026-05-12 18:15:00+00:00,XRP-USD,15m,1.4333000183105469,1.4342999458312988,1.4322999715805054,1.43340003490448,0,0,yfinance,2026-07-10T06:58:05.450587+00:00
2026-05-12 18:30:00+00:00,XRP-USD,15m,1.4332000017166138,1.4357000589370728,1.4332000017166138,1.4352999925613403,0,0,yfinance,2026-07-10T06:58:05.450587+00:00
2026-05-12 18:45:00+00:00,XRP-USD,15m,1.4352999925613403,1.4378000497817993,1.434399962425232,1.4361000061035156,0,0,yfinance,2026-07-10T06:58:05.450587+00:00
2026-05-12 19:00:00+00:00,XRP-USD,15m,1.4363000392913818,1.4422999620437622,1.4362000226974487,1.4400999546051025,7039488,7039488,yfinance,2026-07-10T06:58:05.450587+00:00
2026-05-12 19:15:00+00:00,XRP-USD,15m,1.4404000043869019,1.4407999515533447,1.438099980354309,1.438099980354309,5221120,5221120,yfinance,2026-07-10T06:58:05.450587+00:00
2026-05-12 19:30:00+00:00,XRP-USD,15m,1.4383000135421753,1.4420000314712524,1.4383000135421753,1.441499948501587,2355200,2355200,yfinance,2026-07-10T06:58:05.450587+00:00
2026-05-12 19:45:00+00:00,XRP-USD,15m,1.44159996509552,1.4427000284194946,1.4397000074386597,1.4408999681472778,949760,949760,yfinance,2026-07-10T06:58:05.450587+00:00
2026-05-12 20:00:00+00:00,XRP-USD,15m,1.440999984741211,1.4427000284194946,1.4395999908447266,1.440500020980835,0,0,yfinance,2026-07-10T06:58:05.450587+00:00
2026-05-12 20:15:00+00:00,XRP-USD,15m,1.440500020980835,1.4424999952316284,1.440000057220459,1.4419000148773193,0,0,yfinance,2026-07-10T06:58:05.450587+00:00
2026-05-12 20:30:00+00:00,XRP-USD,15m,1.4417999982833862,1.4428000450134277,1.438599944114685,1.4397000074386597,1315584,1315584,yfinance,2026-07-10T06:58:05.450587+00:00
2026-05-12 20:45:00+00:00,XRP-USD,15m,1.4395999908447266,1.4413000345230103,1.438599944114685,1.4407000541687012,0,0,yfinance,2026-07-10T06:58:05.450587+00:00
2026-05-12 21:00:00+00:00,XRP-USD,15m,1.4407999515533447,1.441100001335144,1.4384000301361084,1.4386999607086182,0,0,yfinance,2026-07-10T06:58:05.450587+00:00
2026-05-12 21:15:00+00:00,XRP-USD,15m,1.4390000104904175,1.441100001335144,1.4378000497817993,1.4401999711990356,6508544,6508544,yfinance,2026-07-10T06:58:05.450587+00:00
2026-05-12 21:30:00+00:00,XRP-USD,15m,1.4404000043869019,1.4407999515533447,1.4383000135421753,1.4392999410629272,1623808,1623808,yfinance,2026-07-10T06:58:05.450587+00:00
2026-05-12 21:45:00+00:00,XRP-USD,15m,1.4392999410629272,1.4407000541687012,1.438599944114685,1.4407000541687012,2208000,2208000,yfinance,2026-07-10T06:58:05.450587+00:00
2026-05-12 22:00:00+00:00,XRP-USD,15m,1.441100001335144,1.444000005722046,1.4407999515533447,1.4417999982833862,1110272,1110272,yfinance,2026-07-10T06:58:05.450587+00:00
2026-05-12 22:15:00+00:00,XRP-USD,15m,1.4416999816894531,1.4434000253677368,1.4414000511169434,1.441499948501587,1014016,1014016,yfinance,2026-07-10T06:58:05.450587+00:00
2026-05-12 22:30:00+00:00,XRP-USD,15m,1.4414000511169434,1.4430999755859375,1.4404000043869019,1.4417999982833862,2866944,2866944,yfinance,2026-07-10T06:58:05.450587+00:00
2026-05-12 22:45:00+00:00,XRP-USD,15m,1.4419000148773193,1.4420000314712524,1.4394999742507935,1.4395999908447266,1186560,1186560,yfinance,2026-07-10T06:58:05.450587+00:00
2026-05-12 23:00:00+00:00,XRP-USD,15m,1.4394999742507935,1.4407000541687012,1.4371999502182007,1.437999963760376,0,0,yfinance,2026-07-10T06:58:05.450587+00:00
2026-05-12 23:15:00+00:00,XRP-USD,15m,1.4377000331878662,1.4393999576568604,1.4371999502182007,1.4391000270843506,349440,349440,yfinance,2026-07-10T06:58:05.450587+00:00
2026-05-12 23:30:00+00:00,XRP-USD,15m,1.4392000436782837,1.4393999576568604,1.434999942779541,1.4356000423431396,2216192,2216192,yfinance,2026-07-10T06:58:05.450587+00:00
2026-05-12 23:45:00+00:00,XRP-USD,15m,1.4355000257492065,1.437000036239624,1.4345999956130981,1.436900019645691,338432,338432,yfinance,2026-07-10T06:58:05.450587+00:00
2026-05-13 00:00:00+00:00,XRP-USD,15m,1.4365999698638916,1.4384000301361084,1.4347000122070312,1.4351999759674072,2089216,2089216,yfinance,2026-07-10T06:58:05.450587+00:00
2026-05-13 00:15:00+00:00,XRP-USD,15m,1.434999942779541,1.4392999410629272,1.434999942779541,1.437399983406067,3066368,3066368,yfinance,2026-07-10T06:58:05.450587+00:00
2026-05-13 00:30:00+00:00,XRP-USD,15m,1.437399983406067,1.440000057220459,1.4372999668121338,1.4385000467300415,0,0,yfinance,2026-07-10T06:58:05.450587+00:00
2026-05-13 00:45:00+00:00,XRP-USD,15m,1.438599944114685,1.4398000240325928,1.4361000061035156,1.4392999410629272,307456,307456,yfinance,2026-07-10T06:58:05.450587+00:00
2026-05-13 01:00:00+00:00,XRP-USD,15m,1.4392999410629272,1.4478000402450562,1.4388999938964844,1.4472999572753906,2926080,2926080,yfinance,2026-07-10T06:58:05.450587+00:00
2026-05-13 01:15:00+00:00,XRP-USD,15m,1.4465999603271484,1.4500999450683594,1.4457999467849731,1.448699951171875,8695552,8695552,yfinance,2026-07-10T06:58:05.450587+00:00
2026-05-13 01:30:00+00:00,XRP-USD,15m,1.448799967765808,1.451300024986267,1.448799967765808,1.4502999782562256,428288,428288,yfinance,2026-07-10T06:58:05.450587+00:00
2026-05-13 01:45:00+00:00,XRP-USD,15m,1.4507999420166016,1.451200008392334,1.448199987411499,1.4485000371932983,0,0,yfinance,2026-07-10T06:58:05.450587+00:00
2026-05-13 02:00:00+00:00,XRP-USD,15m,1.4486000537872314,1.4502999782562256,1.4469000101089478,1.4495999813079834,0,0,yfinance,2026-07-10T06:58:05.450587+00:00
2026-05-13 02:15:00+00:00,XRP-USD,15m,1.4498000144958496,1.4529000520706177,1.4479000568389893,1.4494999647140503,4423680,4423680,yfinance,2026-07-10T06:58:05.450587+00:00
2026-05-13 02:30:00+00:00,XRP-USD,15m,1.4500000476837158,1.4500999450683594,1.447100043296814,1.448099970817566,1251840,1251840,yfinance,2026-07-10T06:58:05.450587+00:00
2026-05-13 02:45:00+00:00,XRP-USD,15m,1.448199987411499,1.4484000205993652,1.4467999935150146,1.448199987411499,0,0,yfinance,2026-07-10T06:58:05.450587+00:00
2026-05-13 03:00:00+00:00,XRP-USD,15m,1.4479999542236328,1.4495999813079834,1.4469000101089478,1.4474999904632568,0,0,yfinance,2026-07-10T06:58:05.450587+00:00
2026-05-13 03:15:00+00:00,XRP-USD,15m,1.447700023651123,1.4499000310897827,1.4471999406814575,1.4495999813079834,3114496,3114496,yfinance,2026-07-10T06:58:05.450587+00:00
2026-05-13 03:30:00+00:00,XRP-USD,15m,1.4495999813079834,1.4526000022888184,1.4488999843597412,1.451799988746643,1801728,1801728,yfinance,2026-07-10T06:58:05.450587+00:00
2026-05-13 03:45:00+00:00,XRP-USD,15m,1.4520000219345093,1.4528000354766846,1.451200008392334,1.4520000219345093,0,0,yfinance,2026-07-10T06:58:05.450587+00:00
2026-05-13 04:00:00+00:00,XRP-USD,15m,1.4520000219345093,1.454699993133545,1.4508999586105347,1.4514000415802002,316416,316416,yfinance,2026-07-10T06:58:05.450587+00:00
2026-05-13 04:15:00+00:00,XRP-USD,15m,1.4515000581741333,1.452299952507019,1.4495999813079834,1.451300024986267,0,0,yfinance,2026-07-10T06:58:05.450587+00:00
2026-05-13 04:30:00+00:00,XRP-USD,15m,1.451300024986267,1.4596999883651733,1.4510999917984009,1.4580999612808228,22899712,22899712,yfinance,2026-07-10T06:58:05.450587+00:00
2026-05-13 04:45:00+00:00,XRP-USD,15m,1.458299994468689,1.4632999897003174,1.457800030708313,1.4622000455856323,20816896,20816896,yfinance,2026-07-10T06:58:05.450587+00:00
2026-05-13 05:00:00+00:00,XRP-USD,15m,1.4622000455856323,1.4646999835968018,1.4592000246047974,1.4599000215530396,4386048,4386048,yfinance,2026-07-10T06:58:05.450587+00:00
2026-05-13 05:15:00+00:00,XRP-USD,15m,1.4591000080108643,1.4593000411987305,1.4573999643325806,1.4579999446868896,25074688,25074688,yfinance,2026-07-10T06:58:05.450587+00:00
2026-05-13 05:30:00+00:00,XRP-USD,15m,1.4579999446868896,1.4581999778747559,1.4541000127792358,1.455899953842163,13312,13312,yfinance,2026-07-10T06:58:05.450587+00:00
2026-05-13 05:45:00+00:00,XRP-USD,15m,1.4560999870300293,1.4572999477386475,1.4539999961853027,1.454200029373169,0,0,yfinance,2026-07-10T06:58:05.450587+00:00
2026-05-13 06:00:00+00:00,XRP-USD,15m,1.454200029373169,1.4602999687194824,1.4524999856948853,1.4601000547409058,24757504,24757504,yfinance,2026-07-10T06:58:05.450587+00:00
2026-05-13 06:15:00+00:00,XRP-USD,15m,1.4599000215530396,1.4607000350952148,1.454800009727478,1.4564000368118286,15797504,15797504,yfinance,2026-07-10T06:58:05.450587+00:00
2026-05-13 06:30:00+00:00,XRP-USD,15m,1.4563000202178955,1.4565000534057617,1.4543999433517456,1.4557000398635864,3868928,3868928,yfinance,2026-07-10T06:58:05.450587+00:00
2026-05-13 06:45:00+00:00,XRP-USD,15m,1.455199956893921,1.455399990081787,1.4536999464035034,1.454300045967102,178944,178944,yfinance,2026-07-10T06:58:05.450587+00:00
2026-05-13 07:00:00+00:00,XRP-USD,15m,1.454300045967102,1.4589999914169312,1.454300045967102,1.4586000442504883,0,0,yfinance,2026-07-10T06:58:05.450587+00:00
2026-05-13 07:15:00+00:00,XRP-USD,15m,1.4586999416351318,1.4607000350952148,1.4569000005722046,1.4600000381469727,3440128,3440128,yfinance,2026-07-10T06:58:05.450587+00:00
2026-05-13 07:30:00+00:00,XRP-USD,15m,1.4601000547409058,1.4639999866485596,1.458899974822998,1.460800051689148,11317760,11317760,yfinance,2026-07-10T06:58:05.450587+00:00
2026-05-13 07:45:00+00:00,XRP-USD,15m,1.4610999822616577,1.4628000259399414,1.4595999717712402,1.4621000289916992,6731776,6731776,yfinance,2026-07-10T06:58:05.450587+00:00
2026-05-13 08:00:00+00:00,XRP-USD,15m,1.4622999429702759,1.4631999731063843,1.4595999717712402,1.461400032043457,1610240,1610240,yfinance,2026-07-10T06:58:05.450587+00:00
2026-05-13 08:15:00+00:00,XRP-USD,15m,1.4615000486373901,1.4630999565124512,1.4603999853134155,1.4605000019073486,0,0,yfinance,2026-07-10T06:58:05.450587+00:00
2026-05-13 08:30:00+00:00,XRP-USD,15m,1.4606000185012817,1.4652999639511108,1.458400011062622,1.4645999670028687,0,0,yfinance,2026-07-10T06:58:05.450587+00:00
2026-05-13 08:45:00+00:00,XRP-USD,15m,1.4644999504089355,1.4648000001907349,1.4621000289916992,1.462499976158142,2741248,2741248,yfinance,2026-07-10T06:58:05.450587+00:00
2026-05-13 09:00:00+00:00,XRP-USD,15m,1.462499976158142,1.4639999866485596,1.4621000289916992,1.4631999731063843,6012672,6012672,yfinance,2026-07-10T06:58:05.450587+00:00
2026-05-13 09:15:00+00:00,XRP-USD,15m,1.4637000560760498,1.4648000001907349,1.4630000591278076,1.4635000228881836,2258944,2258944,yfinance,2026-07-10T06:58:05.450587+00:00
2026-05-13 09:30:00+00:00,XRP-USD,15m,1.4636000394821167,1.465499997138977,1.4630000591278076,1.4651999473571777,247552,247552,yfinance,2026-07-10T06:58:05.450587+00:00
2026-05-13 09:45:00+00:00,XRP-USD,15m,1.4651999473571777,1.468999981880188,1.464900016784668,1.4681999683380127,4084736,4084736,yfinance,2026-07-10T06:58:05.450587+00:00
2026-05-13 10:00:00+00:00,XRP-USD,15m,1.4680999517440796,1.469099998474121,1.460800051689148,1.4610999822616577,0,0,yfinance,2026-07-10T06:58:05.450587+00:00
2026-05-13 10:15:00+00:00,XRP-USD,15m,1.4610999822616577,1.461400032043457,1.4565000534057617,1.4573999643325806,1192960,1192960,yfinance,2026-07-10T06:58:05.450587+00:00
2026-05-13 10:30:00+00:00,XRP-USD,15m,1.4581999778747559,1.4585000276565552,1.4563000202178955,1.4564000368118286,1925376,1925376,yfinance,2026-07-10T06:58:05.450587+00:00
2026-05-13 10:45:00+00:00,XRP-USD,15m,1.4567999839782715,1.4580999612808228,1.4560999870300293,1.4575999975204468,489728,489728,yfinance,2026-07-10T06:58:05.450587+00:00
2026-05-13 11:00:00+00:00,XRP-USD,15m,1.4577000141143799,1.4594000577926636,1.4493999481201172,1.4500000476837158,6946816,6946816,yfinance,2026-07-10T06:58:05.450587+00:00
2026-05-13 11:15:00+00:00,XRP-USD,15m,1.4498000144958496,1.4524999856948853,1.4496999979019165,1.4499000310897827,6471680,6471680,yfinance,2026-07-10T06:58:05.450587+00:00
2026-05-13 11:30:00+00:00,XRP-USD,15m,1.4498000144958496,1.4531999826431274,1.4496999979019165,1.4515000581741333,2705408,2705408,yfinance,2026-07-10T06:58:05.450587+00:00
2026-05-13 11:45:00+00:00,XRP-USD,15m,1.451200008392334,1.4520000219345093,1.4471999406814575,1.448199987411499,4433408,4433408,yfinance,2026-07-10T06:58:05.450587+00:00
2026-05-13 12:00:00+00:00,XRP-USD,15m,1.4479999542236328,1.4493000507354736,1.4462000131607056,1.4473999738693237,0,0,yfinance,2026-07-10T06:58:05.450587+00:00
2026-05-13 12:15:00+00:00,XRP-USD,15m,1.4478000402450562,1.4478000402450562,1.4391000270843506,1.4428999423980713,10440960,10440960,yfinance,2026-07-10T06:58:05.450587+00:00
2026-05-13 12:30:00+00:00,XRP-USD,15m,1.4407000541687012,1.4407000541687012,1.4257999658584595,1.4312000274658203,37720320,37720320,yfinance,2026-07-10T06:58:05.450587+00:00
2026-05-13 12:45:00+00:00,XRP-USD,15m,1.4313000440597534,1.4349000453948975,1.4311000108718872,1.4332000017166138,23485952,23485952,yfinance,2026-07-10T06:58:05.450587+00:00
2026-05-13 13:00:00+00:00,XRP-USD,15m,1.4333000183105469,1.4383000135421753,1.4333000183105469,1.4371000528335571,13039104,13039104,yfinance,2026-07-10T06:58:05.450587+00:00
2026-05-13 13:15:00+00:00,XRP-USD,15m,1.437000036239624,1.4387999773025513,1.434999942779541,1.4354000091552734,5361664,5361664,yfinance,2026-07-10T06:58:05.450587+00:00
2026-05-13 13:30:00+00:00,XRP-USD,15m,1.4355000257492065,1.4357999563217163,1.4280999898910522,1.4293999671936035,5992192,5992192,yfinance,2026-07-10T06:58:05.450587+00:00
2026-05-13 13:45:00+00:00,XRP-USD,15m,1.4289000034332275,1.4296000003814697,1.4228999614715576,1.4266999959945679,31087872,31087872,yfinance,2026-07-10T06:58:05.450587+00:00
2026-05-13 14:00:00+00:00,XRP-USD,15m,1.4253000020980835,1.4287999868392944,1.4214999675750732,1.4278000593185425,2914304,2914304,yfinance,2026-07-10T06:58:05.450587+00:00
2026-05-13 14:15:00+00:00,XRP-USD,15m,1.4277000427246094,1.4306000471115112,1.4261000156402588,1.4296000003814697,6694912,6694912,yfinance,2026-07-10T06:58:05.450587+00:00
2026-05-13 14:30:00+00:00,XRP-USD,15m,1.4292999505996704,1.4301999807357788,1.4259999990463257,1.426200032234192,0,0,yfinance,2026-07-10T06:58:05.450587+00:00
2026-05-13 14:45:00+00:00,XRP-USD,15m,1.4265999794006348,1.4291000366210938,1.4257999658584595,1.4284000396728516,0,0,yfinance,2026-07-10T06:58:05.450587+00:00
2026-05-13 15:00:00+00:00,XRP-USD,15m,1.4282000064849854,1.4318000078201294,1.4212000370025635,1.4213999509811401,2714112,2714112,yfinance,2026-07-10T06:58:05.450587+00:00
2026-05-13 15:15:00+00:00,XRP-USD,15m,1.4212000370025635,1.4234999418258667,1.4177000522613525,1.4198999404907227,11566592,11566592,yfinance,2026-07-10T06:58:05.450587+00:00
2026-05-13 15:30:00+00:00,XRP-USD,15m,1.4193999767303467,1.422700047492981,1.4180999994277954,1.4211000204086304,0,0,yfinance,2026-07-10T06:58:05.450587+00:00
2026-05-13 15:45:00+00:00,XRP-USD,15m,1.4208999872207642,1.4222999811172485,1.4113999605178833,1.412600040435791,3283712,3283712,yfinance,2026-07-10T06:58:05.450587+00:00
2026-05-13 16:00:00+00:00,XRP-USD,15m,1.4127000570297241,1.4184999465942383,1.4119999408721924,1.4155000448226929,39811072,39811072,yfinance,2026-07-10T06:58:05.450587+00:00
2026-05-13 16:15:00+00:00,XRP-USD,15m,1.4155999422073364,1.4199999570846558,1.4149999618530273,1.4193999767303467,15975936,15975936,yfinance,2026-07-10T06:58:05.450587+00:00
2026-05-13 16:30:00+00:00,XRP-USD,15m,1.4190000295639038,1.4225000143051147,1.4190000295639038,1.4219000339508057,11623168,11623168,yfinance,2026-07-10T06:58:05.450587+00:00
2026-05-13 16:45:00+00:00,XRP-USD,15m,1.4219000339508057,1.4240000247955322,1.4218000173568726,1.4227999448776245,1711616,1711616,yfinance,2026-07-10T06:58:05.450587+00:00
2026-05-13 17:00:00+00:00,XRP-USD,15m,1.423699975013733,1.4291000366210938,1.423699975013733,1.4286999702453613,7593728,7593728,yfinance,2026-07-10T06:58:05.450587+00:00
2026-05-13 17:15:00+00:00,XRP-USD,15m,1.4286999702453613,1.4300999641418457,1.42739999294281,1.4285000562667847,1240064,1240064,yfinance,2026-07-10T06:58:05.450587+00:00
2026-05-13 17:30:00+00:00,XRP-USD,15m,1.4289000034332275,1.4292000532150269,1.4265999794006348,1.4282000064849854,1968128,1968128,yfinance,2026-07-10T06:58:05.450587+00:00
2026-05-13 17:45:00+00:00,XRP-USD,15m,1.4282000064849854,1.430299997329712,1.4275000095367432,1.4290000200271606,6213120,6213120,yfinance,2026-07-10T06:58:05.450587+00:00
2026-05-13 18:00:00+00:00,XRP-USD,15m,1.4291000366210938,1.4313000440597534,1.4289000034332275,1.4305000305175781,813312,813312,yfinance,2026-07-10T06:58:05.450587+00:00
2026-05-13 18:15:00+00:00,XRP-USD,15m,1.4306999444961548,1.433500051498413,1.4289000034332275,1.4318000078201294,11460096,11460096,yfinance,2026-07-10T06:58:05.450587+00:00
2026-05-13 18:30:00+00:00,XRP-USD,15m,1.43149995803833,1.4320000410079956,1.4286999702453613,1.4286999702453613,7795712,7795712,yfinance,2026-07-10T06:58:05.450587+00:00
2026-05-13 18:45:00+00:00,XRP-USD,15m,1.4284000396728516,1.4285999536514282,1.4259999990463257,1.4259999990463257,5081088,5081088,yfinance,2026-07-10T06:58:05.450587+00:00
2026-05-13 19:00:00+00:00,XRP-USD,15m,1.4259999990463257,1.4264999628067017,1.4212000370025635,1.4214999675750732,0,0,yfinance,2026-07-10T06:58:05.450587+00:00
2026-05-13 19:15:00+00:00,XRP-USD,15m,1.4211000204086304,1.4215999841690063,1.4182000160217285,1.4187999963760376,1947904,1947904,yfinance,2026-07-10T06:58:05.450587+00:00
2026-05-13 19:30:00+00:00,XRP-USD,15m,1.419100046157837,1.4221999645233154,1.419100046157837,1.419100046157837,7803136,7803136,yfinance,2026-07-10T06:58:05.450587+00:00
2026-05-13 19:45:00+00:00,XRP-USD,15m,1.419100046157837,1.4198999404907227,1.4168000221252441,1.4184000492095947,1027328,1027328,yfinance,2026-07-10T06:58:05.450587+00:00
2026-05-13 20:00:00+00:00,XRP-USD,15m,1.4187999963760376,1.422700047492981,1.4184999465942383,1.4211000204086304,6624768,6624768,yfinance,2026-07-10T06:58:05.450587+00:00
2026-05-13 20:15:00+00:00,XRP-USD,15m,1.4214999675750732,1.4242000579833984,1.4213000535964966,1.422700047492981,4044032,4044032,yfinance,2026-07-10T06:58:05.450587+00:00
2026-05-13 20:30:00+00:00,XRP-USD,15m,1.4226000308990479,1.4251999855041504,1.4226000308990479,1.424299955368042,4000256,4000256,yfinance,2026-07-10T06:58:05.450587+00:00
2026-05-13 20:45:00+00:00,XRP-USD,15m,1.424299955368042,1.4255000352859497,1.4240000247955322,1.4249000549316406,67840,67840,yfinance,2026-07-10T06:58:05.450587+00:00
2026-05-13 21:00:00+00:00,XRP-USD,15m,1.4255000352859497,1.4255000352859497,1.4183000326156616,1.4213999509811401,3590656,3590656,yfinance,2026-07-10T06:58:05.450587+00:00
2026-05-13 21:15:00+00:00,XRP-USD,15m,1.4210000038146973,1.4213999509811401,1.4190000295639038,1.4194999933242798,2515200,2515200,yfinance,2026-07-10T06:58:05.450587+00:00
2026-05-13 21:30:00+00:00,XRP-USD,15m,1.4194999933242798,1.4200999736785889,1.4169000387191772,1.4179999828338623,7318016,7318016,yfinance,2026-07-10T06:58:05.450587+00:00
2026-05-13 21:45:00+00:00,XRP-USD,15m,1.4179999828338623,1.4206000566482544,1.4164999723434448,1.4180999994277954,5477120,5477120,yfinance,2026-07-10T06:58:05.450587+00:00
2026-05-13 22:00:00+00:00,XRP-USD,15m,1.4183000326156616,1.4198999404907227,1.4150999784469604,1.4198999404907227,5891072,5891072,yfinance,2026-07-10T06:58:05.450587+00:00
2026-05-13 22:15:00+00:00,XRP-USD,15m,1.4200999736785889,1.4215999841690063,1.417799949645996,1.4213999509811401,8188416,8188416,yfinance,2026-07-10T06:58:05.450587+00:00
2026-05-13 22:30:00+00:00,XRP-USD,15m,1.4213000535964966,1.423699975013733,1.420699954032898,1.4219000339508057,14261504,14261504,yfinance,2026-07-10T06:58:05.450587+00:00
2026-05-13 22:45:00+00:00,XRP-USD,15m,1.4219000339508057,1.4234999418258667,1.4219000339508057,1.4225000143051147,8874240,8874240,yfinance,2026-07-10T06:58:05.450587+00:00
2026-05-13 23:00:00+00:00,XRP-USD,15m,1.4230999946594238,1.4255000352859497,1.4206000566482544,1.4239000082015991,20208128,20208128,yfinance,2026-07-10T06:58:05.450587+00:00
2026-05-13 23:15:00+00:00,XRP-USD,15m,1.4239000082015991,1.4256000518798828,1.4229999780654907,1.4242000579833984,4827392,4827392,yfinance,2026-07-10T06:58:05.450587+00:00
2026-05-13 23:30:00+00:00,XRP-USD,15m,1.424299955368042,1.4251999855041504,1.4227999448776245,1.424399971961975,3125760,3125760,yfinance,2026-07-10T06:58:05.450587+00:00
2026-05-13 23:45:00+00:00,XRP-USD,15m,1.4246000051498413,1.427299976348877,1.424299955368042,1.426800012588501,1928960,1928960,yfinance,2026-07-10T06:58:05.450587+00:00
2026-05-14 00:00:00+00:00,XRP-USD,15m,1.4265999794006348,1.4313000440597534,1.4265999794006348,1.4284000396728516,16305408,16305408,yfinance,2026-07-10T06:58:05.450587+00:00
2026-05-14 00:15:00+00:00,XRP-USD,15m,1.4285999536514282,1.4319000244140625,1.4277000427246094,1.4297000169754028,17836544,17836544,yfinance,2026-07-10T06:58:05.450587+00:00
2026-05-14 00:30:00+00:00,XRP-USD,15m,1.430299997329712,1.4330999851226807,1.4296000003814697,1.4306999444961548,8097024,8097024,yfinance,2026-07-10T06:58:05.450587+00:00
2026-05-14 00:45:00+00:00,XRP-USD,15m,1.4312000274658203,1.4322999715805054,1.4297000169754028,1.4313000440597534,4145920,4145920,yfinance,2026-07-10T06:58:05.450587+00:00
2026-05-14 01:00:00+00:00,XRP-USD,15m,1.430999994277954,1.433500051498413,1.430999994277954,1.4322999715805054,695040,695040,yfinance,2026-07-10T06:58:05.450587+00:00
2026-05-14 01:15:00+00:00,XRP-USD,15m,1.4322999715805054,1.4330999851226807,1.4300999641418457,1.432800054550171,0,0,yfinance,2026-07-10T06:58:05.450587+00:00
2026-05-14 01:30:00+00:00,XRP-USD,15m,1.432800054550171,1.434399962425232,1.4258999824523926,1.4270000457763672,13291776,13291776,yfinance,2026-07-10T06:58:05.450587+00:00
2026-05-14 01:45:00+00:00,XRP-USD,15m,1.427299976348877,1.4325000047683716,1.4261000156402588,1.4320000410079956,12837376,12837376,yfinance,2026-07-10T06:58:05.450587+00:00
2026-05-14 02:00:00+00:00,XRP-USD,15m,1.4319000244140625,1.4335999488830566,1.4311000108718872,1.4316999912261963,0,0,yfinance,2026-07-10T06:58:05.450587+00:00
2026-05-14 02:15:00+00:00,XRP-USD,15m,1.4319000244140625,1.4332000017166138,1.430999994277954,1.4326000213623047,589056,589056,yfinance,2026-07-10T06:58:05.450587+00:00
2026-05-14 02:30:00+00:00,XRP-USD,15m,1.4321999549865723,1.4323999881744385,1.4283000230789185,1.429900050163269,0,0,yfinance,2026-07-10T06:58:05.450587+00:00
2026-05-14 02:45:00+00:00,XRP-USD,15m,1.4300999641418457,1.4301999807357788,1.4228999614715576,1.4254000186920166,6117376,6117376,yfinance,2026-07-10T06:58:05.450587+00:00
2026-05-14 03:00:00+00:00,XRP-USD,15m,1.4255000352859497,1.4287999868392944,1.422700047492981,1.4258999824523926,7956992,7956992,yfinance,2026-07-10T06:58:05.450587+00:00
2026-05-14 03:15:00+00:00,XRP-USD,15m,1.4258999824523926,1.4296000003814697,1.4219000339508057,1.4280999898910522,7540736,7540736,yfinance,2026-07-10T06:58:05.450587+00:00
2026-05-14 03:30:00+00:00,XRP-USD,15m,1.4282000064849854,1.429800033569336,1.4248000383377075,1.4257999658584595,8129536,8129536,yfinance,2026-07-10T06:58:05.450587+00:00
2026-05-14 03:45:00+00:00,XRP-USD,15m,1.4258999824523926,1.4258999824523926,1.4204000234603882,1.4220000505447388,2489856,2489856,yfinance,2026-07-10T06:58:05.450587+00:00
2026-05-14 04:00:00+00:00,XRP-USD,15m,1.4220999479293823,1.4256000518798828,1.4206000566482544,1.4251999855041504,4854272,4854272,yfinance,2026-07-10T06:58:05.450587+00:00
2026-05-14 04:15:00+00:00,XRP-USD,15m,1.4253000020980835,1.4275000095367432,1.4247000217437744,1.427299976348877,4089856,4089856,yfinance,2026-07-10T06:58:05.450587+00:00
2026-05-14 04:30:00+00:00,XRP-USD,15m,1.42739999294281,1.4283000230789185,1.426300048828125,1.4280999898910522,662528,662528,yfinance,2026-07-10T06:58:05.450587+00:00
2026-05-14 04:45:00+00:00,XRP-USD,15m,1.4282000064849854,1.431399941444397,1.427299976348877,1.4300999641418457,0,0,yfinance,2026-07-10T06:58:05.450587+00:00
2026-05-14 05:00:00+00:00,XRP-USD,15m,1.429900050163269,1.4318000078201294,1.4294999837875366,1.4297000169754028,491008,491008,yfinance,2026-07-10T06:58:05.450587+00:00
2026-05-14 05:15:00+00:00,XRP-USD,15m,1.4294999837875366,1.4327000379562378,1.4289000034332275,1.4321999549865723,0,0,yfinance,2026-07-10T06:58:05.450587+00:00
2026-05-14 05:30:00+00:00,XRP-USD,15m,1.4322999715805054,1.4337999820709229,1.43149995803833,1.4325000047683716,3587840,3587840,yfinance,2026-07-10T06:58:05.450587+00:00
2026-05-14 05:45:00+00:00,XRP-USD,15m,1.4328999519348145,1.4390000104904175,1.4328999519348145,1.4354000091552734,7919360,7919360,yfinance,2026-07-10T06:58:05.450587+00:00
2026-05-14 06:00:00+00:00,XRP-USD,15m,1.4352999925613403,1.4358999729156494,1.4329999685287476,1.434399962425232,0,0,yfinance,2026-07-10T06:58:05.450587+00:00
2026-05-14 06:15:00+00:00,XRP-USD,15m,1.4349000453948975,1.4349000453948975,1.4320000410079956,1.432800054550171,0,0,yfinance,2026-07-10T06:58:05.450587+00:00
2026-05-14 06:30:00+00:00,XRP-USD,15m,1.4325000047683716,1.434000015258789,1.4270000457763672,1.43340003490448,6714112,6714112,yfinance,2026-07-10T06:58:05.450587+00:00
2026-05-14 06:45:00+00:00,XRP-USD,15m,1.4332000017166138,1.4348000288009644,1.4329999685287476,1.4337999820709229,15909120,15909120,yfinance,2026-07-10T06:58:05.450587+00:00
2026-05-14 07:00:00+00:00,XRP-USD,15m,1.4336999654769897,1.434999942779541,1.4299999475479126,1.430400013923645,5118464,5118464,yfinance,2026-07-10T06:58:05.450587+00:00
2026-05-14 07:15:00+00:00,XRP-USD,15m,1.430400013923645,1.4342000484466553,1.429800033569336,1.4326000213623047,1024,1024,yfinance,2026-07-10T06:58:05.450587+00:00
2026-05-14 07:30:00+00:00,XRP-USD,15m,1.4326000213623047,1.4359999895095825,1.4321000576019287,1.434000015258789,19874816,19874816,yfinance,2026-07-10T06:58:05.450587+00:00
2026-05-14 07:45:00+00:00,XRP-USD,15m,1.433899998664856,1.4342999458312988,1.4313000440597534,1.4318000078201294,0,0,yfinance,2026-07-10T06:58:05.450587+00:00
2026-05-14 08:00:00+00:00,XRP-USD,15m,1.4319000244140625,1.4350999593734741,1.4290000200271606,1.433500051498413,0,0,yfinance,2026-07-10T06:58:05.450587+00:00
2026-05-14 08:15:00+00:00,XRP-USD,15m,1.434000015258789,1.434499979019165,1.43149995803833,1.4316999912261963,4940800,4940800,yfinance,2026-07-10T06:58:05.450587+00:00
2026-05-14 08:30:00+00:00,XRP-USD,15m,1.4316999912261963,1.436400055885315,1.4316999912261963,1.4349000453948975,944896,944896,yfinance,2026-07-10T06:58:05.450587+00:00
2026-05-14 08:45:00+00:00,XRP-USD,15m,1.4349000453948975,1.4352999925613403,1.4329999685287476,1.4342999458312988,0,0,yfinance,2026-07-10T06:58:05.450587+00:00
2026-05-14 09:00:00+00:00,XRP-USD,15m,1.434399962425232,1.4355000257492065,1.4332000017166138,1.43340003490448,0,0,yfinance,2026-07-10T06:58:05.450587+00:00
2026-05-14 09:15:00+00:00,XRP-USD,15m,1.4333000183105469,1.4341000318527222,1.43149995803833,1.4320000410079956,0,0,yfinance,2026-07-10T06:58:05.450587+00:00
2026-05-14 09:30:00+00:00,XRP-USD,15m,1.4318000078201294,1.4318000078201294,1.426800012588501,1.4292999505996704,3590144,3590144,yfinance,2026-07-10T06:58:05.450587+00:00
2026-05-14 09:45:00+00:00,XRP-USD,15m,1.4292000532150269,1.4292000532150269,1.4278000593185425,1.4289000034332275,474624,474624,yfinance,2026-07-10T06:58:05.450587+00:00
2026-05-14 10:00:00+00:00,XRP-USD,15m,1.4285999536514282,1.4326000213623047,1.4277000427246094,1.4301999807357788,333824,333824,yfinance,2026-07-10T06:58:05.450587+00:00
2026-05-14 10:15:00+00:00,XRP-USD,15m,1.430299997329712,1.4320000410079956,1.429900050163269,1.4315999746322632,1208320,1208320,yfinance,2026-07-10T06:58:05.450587+00:00
2026-05-14 10:30:00+00:00,XRP-USD,15m,1.4315999746322632,1.4321999549865723,1.4293999671936035,1.4306000471115112,0,0,yfinance,2026-07-10T06:58:05.450587+00:00
2026-05-14 10:45:00+00:00,XRP-USD,15m,1.4306999444961548,1.436900019645691,1.4306999444961548,1.4363000392913818,3996928,3996928,yfinance,2026-07-10T06:58:05.450587+00:00
2026-05-14 11:00:00+00:00,XRP-USD,15m,1.4361000061035156,1.4378999471664429,1.4349000453948975,1.4357000589370728,0,0,yfinance,2026-07-10T06:58:05.450587+00:00
2026-05-14 11:15:00+00:00,XRP-USD,15m,1.4357000589370728,1.4386999607086182,1.4356000423431396,1.4361000061035156,0,0,yfinance,2026-07-10T06:58:05.450587+00:00
2026-05-14 11:30:00+00:00,XRP-USD,15m,1.4358999729156494,1.4363000392913818,1.4321000576019287,1.4322999715805054,121088,121088,yfinance,2026-07-10T06:58:05.450587+00:00
2026-05-14 11:45:00+00:00,XRP-USD,15m,1.4321000576019287,1.4341000318527222,1.4313000440597534,1.4320000410079956,0,0,yfinance,2026-07-10T06:58:05.450587+00:00
2026-05-14 12:00:00+00:00,XRP-USD,15m,1.4319000244140625,1.4378000497817993,1.431399941444397,1.4375,0,0,yfinance,2026-07-10T06:58:05.450587+00:00
2026-05-14 12:15:00+00:00,XRP-USD,15m,1.4375,1.4419000148773193,1.4357000589370728,1.4419000148773193,1016064,1016064,yfinance,2026-07-10T06:58:05.450587+00:00
2026-05-14 12:30:00+00:00,XRP-USD,15m,1.442199945449829,1.4485000371932983,1.4399000406265259,1.4485000371932983,0,0,yfinance,2026-07-10T06:58:05.450587+00:00
2026-05-14 12:45:00+00:00,XRP-USD,15m,1.4484000205993652,1.451300024986267,1.4471999406814575,1.447700023651123,8347904,8347904,yfinance,2026-07-10T06:58:05.450587+00:00
2026-05-14 13:00:00+00:00,XRP-USD,15m,1.4493000507354736,1.4565999507904053,1.4472999572753906,1.4564000368118286,1643264,1643264,yfinance,2026-07-10T06:58:05.450587+00:00
2026-05-14 13:15:00+00:00,XRP-USD,15m,1.4564000368118286,1.4591000080108643,1.4492000341415405,1.4492000341415405,41007360,41007360,yfinance,2026-07-10T06:58:05.450587+00:00
2026-05-14 13:30:00+00:00,XRP-USD,15m,1.4495999813079834,1.4505000114440918,1.4448000192642212,1.4459999799728394,10304000,10304000,yfinance,2026-07-10T06:58:05.450587+00:00
2026-05-14 13:45:00+00:00,XRP-USD,15m,1.4458999633789062,1.4491000175476074,1.441499948501587,1.4417999982833862,1024000,1024000,yfinance,2026-07-10T06:58:05.450587+00:00
2026-05-14 14:00:00+00:00,XRP-USD,15m,1.441100001335144,1.4488999843597412,1.4384000301361084,1.447700023651123,3537920,3537920,yfinance,2026-07-10T06:58:05.450587+00:00
2026-05-14 14:15:00+00:00,XRP-USD,15m,1.4473999738693237,1.4550000429153442,1.4467999935150146,1.4541000127792358,13479936,13479936,yfinance,2026-07-10T06:58:05.450587+00:00
2026-05-14 14:30:00+00:00,XRP-USD,15m,1.4544999599456787,1.46589994430542,1.4527000188827515,1.4646999835968018,45762048,45762048,yfinance,2026-07-10T06:58:05.450587+00:00
2026-05-14 14:45:00+00:00,XRP-USD,15m,1.465000033378601,1.4738999605178833,1.4646999835968018,1.470900058746338,65877760,65877760,yfinance,2026-07-10T06:58:05.450587+00:00
2026-05-14 15:00:00+00:00,XRP-USD,15m,1.4707000255584717,1.472100019454956,1.4620000123977661,1.467900037765503,42906368,42906368,yfinance,2026-07-10T06:58:05.450587+00:00
2026-05-14 15:15:00+00:00,XRP-USD,15m,1.468000054359436,1.4722000360488892,1.464900016784668,1.467900037765503,18910976,18910976,yfinance,2026-07-10T06:58:05.450587+00:00
2026-05-14 15:30:00+00:00,XRP-USD,15m,1.4678000211715698,1.4713000059127808,1.4637999534606934,1.4687999486923218,10795008,10795008,yfinance,2026-07-10T06:58:05.450587+00:00
2026-05-14 15:45:00+00:00,XRP-USD,15m,1.468999981880188,1.4738999605178833,1.467900037765503,1.472599983215332,13882880,13882880,yfinance,2026-07-10T06:58:05.450587+00:00
2026-05-14 16:00:00+00:00,XRP-USD,15m,1.4730000495910645,1.4759999513626099,1.4702999591827393,1.475100040435791,0,0,yfinance,2026-07-10T06:58:05.450587+00:00
2026-05-14 16:15:00+00:00,XRP-USD,15m,1.4754999876022339,1.4758000373840332,1.4699000120162964,1.4726999998092651,15196672,15196672,yfinance,2026-07-10T06:58:05.450587+00:00
2026-05-14 16:30:00+00:00,XRP-USD,15m,1.473099946975708,1.4739999771118164,1.4687000513076782,1.4714000225067139,11149312,11149312,yfinance,2026-07-10T06:58:05.450587+00:00
2026-05-14 16:45:00+00:00,XRP-USD,15m,1.4710999727249146,1.4807000160217285,1.4644999504089355,1.4807000160217285,29788928,29788928,yfinance,2026-07-10T06:58:05.450587+00:00
2026-05-14 17:00:00+00:00,XRP-USD,15m,1.4801000356674194,1.4931000471115112,1.4769999980926514,1.4914000034332275,77726720,77726720,yfinance,2026-07-10T06:58:05.450587+00:00
2026-05-14 17:15:00+00:00,XRP-USD,15m,1.4907000064849854,1.4907000064849854,1.472100019454956,1.4740999937057495,77497856,77497856,yfinance,2026-07-10T06:58:05.450587+00:00
2026-05-14 17:30:00+00:00,XRP-USD,15m,1.4743000268936157,1.4904999732971191,1.4729000329971313,1.4896999597549438,51615232,51615232,yfinance,2026-07-10T06:58:05.450587+00:00
2026-05-14 17:45:00+00:00,XRP-USD,15m,1.4895000457763672,1.4996000528335571,1.4895000457763672,1.4914000034332275,75369472,75369472,yfinance,2026-07-10T06:58:05.450587+00:00
2026-05-14 18:00:00+00:00,XRP-USD,15m,1.4917999505996704,1.5115000009536743,1.4867000579833984,1.5115000009536743,68085760,68085760,yfinance,2026-07-10T06:58:05.450587+00:00
2026-05-14 18:15:00+00:00,XRP-USD,15m,1.5089999437332153,1.5348000526428223,1.5044000148773193,1.5348000526428223,150780928,150780928,yfinance,2026-07-10T06:58:05.450587+00:00
2026-05-14 18:30:00+00:00,XRP-USD,15m,1.5347000360488892,1.5347000360488892,1.5227999687194824,1.530900001525879,153698816,153698816,yfinance,2026-07-10T06:58:05.450587+00:00
2026-05-14 18:45:00+00:00,XRP-USD,15m,1.5306999683380127,1.5444999933242798,1.5298000574111938,1.5361000299453735,119531264,119531264,yfinance,2026-07-10T06:58:05.450587+00:00
2026-05-14 19:00:00+00:00,XRP-USD,15m,1.5362000465393066,1.5499999523162842,1.5326000452041626,1.5408999919891357,130826240,130826240,yfinance,2026-07-10T06:58:05.450587+00:00
2026-05-14 19:15:00+00:00,XRP-USD,15m,1.5392999649047852,1.5476000308990479,1.5219999551773071,1.5223000049591064,89302272,89302272,yfinance,2026-07-10T06:58:05.450587+00:00
2026-05-14 19:30:00+00:00,XRP-USD,15m,1.5224000215530396,1.527400016784668,1.5154999494552612,1.5181000232696533,121160704,121160704,yfinance,2026-07-10T06:58:05.450587+00:00
2026-05-14 19:45:00+00:00,XRP-USD,15m,1.5181000232696533,1.520300030708313,1.5109000205993652,1.5161999464035034,68813056,68813056,yfinance,2026-07-10T06:58:05.450587+00:00
2026-05-14 20:00:00+00:00,XRP-USD,15m,1.516800045967102,1.516800045967102,1.5054999589920044,1.5054999589920044,89770240,89770240,yfinance,2026-07-10T06:58:05.450587+00:00
2026-05-14 20:15:00+00:00,XRP-USD,15m,1.5055999755859375,1.5089999437332153,1.5016000270843506,1.5051000118255615,60738048,60738048,yfinance,2026-07-10T06:58:05.450587+00:00
2026-05-14 20:30:00+00:00,XRP-USD,15m,1.5055999755859375,1.5115000009536743,1.496899962425232,1.4996999502182007,59025664,59025664,yfinance,2026-07-10T06:58:05.450587+00:00
2026-05-14 20:45:00+00:00,XRP-USD,15m,1.4990999698638916,1.5084999799728394,1.4988000392913818,1.5080000162124634,44679168,44679168,yfinance,2026-07-10T06:58:05.450587+00:00
2026-05-14 21:00:00+00:00,XRP-USD,15m,1.5103000402450562,1.5109000205993652,1.4966000318527222,1.496899962425232,24152576,24152576,yfinance,2026-07-10T06:58:05.450587+00:00
2026-05-14 21:15:00+00:00,XRP-USD,15m,1.4972000122070312,1.5029000043869019,1.4970999956130981,1.5026999711990356,25721088,25721088,yfinance,2026-07-10T06:58:05.450587+00:00
2026-05-14 21:30:00+00:00,XRP-USD,15m,1.5027999877929688,1.5045000314712524,1.4989999532699585,1.4993000030517578,17875200,17875200,yfinance,2026-07-10T06:58:05.450587+00:00
2026-05-14 21:45:00+00:00,XRP-USD,15m,1.4991999864578247,1.5002000331878662,1.4937000274658203,1.4975999593734741,15574784,15574784,yfinance,2026-07-10T06:58:05.450587+00:00
2026-05-14 22:00:00+00:00,XRP-USD,15m,1.4972000122070312,1.498900055885315,1.4938000440597534,1.498900055885315,4210432,4210432,yfinance,2026-07-10T06:58:05.450587+00:00
2026-05-14 22:15:00+00:00,XRP-USD,15m,1.4986000061035156,1.5041999816894531,1.4966000318527222,1.5029000043869019,13180416,13180416,yfinance,2026-07-10T06:58:05.450587+00:00
2026-05-14 22:30:00+00:00,XRP-USD,15m,1.503000020980835,1.5053999423980713,1.5018999576568604,1.503000020980835,17581312,17581312,yfinance,2026-07-10T06:58:05.450587+00:00
2026-05-14 22:45:00+00:00,XRP-USD,15m,1.5025999546051025,1.504699945449829,1.4989999532699585,1.500599980354309,1336576,1336576,yfinance,2026-07-10T06:58:05.450587+00:00
2026-05-14 23:00:00+00:00,XRP-USD,15m,1.4993000030517578,1.499899983406067,1.4922000169754028,1.4950000047683716,1600768,1600768,yfinance,2026-07-10T06:58:05.450587+00:00
2026-05-14 23:15:00+00:00,XRP-USD,15m,1.4947999715805054,1.496500015258789,1.4910000562667847,1.4960999488830566,8945664,8945664,yfinance,2026-07-10T06:58:05.450587+00:00
2026-05-14 23:30:00+00:00,XRP-USD,15m,1.4962999820709229,1.4962999820709229,1.4909000396728516,1.4914000034332275,4458496,4458496,yfinance,2026-07-10T06:58:05.450587+00:00
2026-05-14 23:45:00+00:00,XRP-USD,15m,1.4902000427246094,1.4902000427246094,1.482800006866455,1.4852999448776245,14913280,14913280,yfinance,2026-07-10T06:58:05.450587+00:00
2026-05-15 00:00:00+00:00,XRP-USD,15m,1.4851000308990479,1.4938000440597534,1.4846999645233154,1.4938000440597534,0,0,yfinance,2026-07-10T06:58:05.450587+00:00
2026-05-15 00:15:00+00:00,XRP-USD,15m,1.4940999746322632,1.4979000091552734,1.4919999837875366,1.4970999956130981,5246208,5246208,yfinance,2026-07-10T06:58:05.450587+00:00
2026-05-15 00:30:00+00:00,XRP-USD,15m,1.4967999458312988,1.499899983406067,1.4904999732971191,1.4937000274658203,10002432,10002432,yfinance,2026-07-10T06:58:05.450587+00:00
2026-05-15 00:45:00+00:00,XRP-USD,15m,1.493899941444397,1.4983999729156494,1.4924999475479126,1.4952000379562378,10396160,10396160,yfinance,2026-07-10T06:58:05.450587+00:00
2026-05-15 01:00:00+00:00,XRP-USD,15m,1.4954999685287476,1.4983999729156494,1.495300054550171,1.496999979019165,12702720,12702720,yfinance,2026-07-10T06:58:05.450587+00:00
2026-05-15 01:15:00+00:00,XRP-USD,15m,1.4974000453948975,1.499400019645691,1.492400050163269,1.492799997329712,7606784,7606784,yfinance,2026-07-10T06:58:05.450587+00:00
2026-05-15 01:30:00+00:00,XRP-USD,15m,1.4921000003814697,1.4958000183105469,1.4874000549316406,1.4936000108718872,7554048,7554048,yfinance,2026-07-10T06:58:05.450587+00:00
2026-05-15 01:45:00+00:00,XRP-USD,15m,1.4940999746322632,1.4940999746322632,1.4838999509811401,1.4843000173568726,1334016,1334016,yfinance,2026-07-10T06:58:05.450587+00:00
2026-05-15 02:00:00+00:00,XRP-USD,15m,1.4844000339508057,1.4886000156402588,1.4831000566482544,1.4845999479293823,17799168,17799168,yfinance,2026-07-10T06:58:05.450587+00:00
2026-05-15 02:15:00+00:00,XRP-USD,15m,1.4845000505447388,1.48580002784729,1.4785000085830688,1.4785000085830688,13789440,13789440,yfinance,2026-07-10T06:58:05.450587+00:00
2026-05-15 02:30:00+00:00,XRP-USD,15m,1.4782999753952026,1.48580002784729,1.4759000539779663,1.485200047492981,22975744,22975744,yfinance,2026-07-10T06:58:05.450587+00:00
2026-05-15 02:45:00+00:00,XRP-USD,15m,1.4859000444412231,1.4915000200271606,1.4854999780654907,1.4904999732971191,21042944,21042944,yfinance,2026-07-10T06:58:05.450587+00:00
2026-05-15 03:00:00+00:00,XRP-USD,15m,1.48989999294281,1.4922000169754028,1.4865000247955322,1.4890999794006348,6636032,6636032,yfinance,2026-07-10T06:58:05.450587+00:00
2026-05-15 03:15:00+00:00,XRP-USD,15m,1.4890999794006348,1.4900000095367432,1.4869999885559082,1.4895999431610107,3887360,3887360,yfinance,2026-07-10T06:58:05.450587+00:00
2026-05-15 03:30:00+00:00,XRP-USD,15m,1.489300012588501,1.489300012588501,1.483299970626831,1.486299991607666,2125568,2125568,yfinance,2026-07-10T06:58:05.450587+00:00
2026-05-15 03:45:00+00:00,XRP-USD,15m,1.4860999584197998,1.4904999732971191,1.4859000444412231,1.4889999628067017,4476672,4476672,yfinance,2026-07-10T06:58:05.450587+00:00
2026-05-15 04:00:00+00:00,XRP-USD,15m,1.4889999628067017,1.4900000095367432,1.4855999946594238,1.4873000383377075,2365952,2365952,yfinance,2026-07-10T06:58:05.450587+00:00
2026-05-15 04:15:00+00:00,XRP-USD,15m,1.4872000217437744,1.4883999824523926,1.4824999570846558,1.482800006866455,696576,696576,yfinance,2026-07-10T06:58:05.450587+00:00
2026-05-15 04:30:00+00:00,XRP-USD,15m,1.482699990272522,1.4838999509811401,1.4789999723434448,1.4803999662399292,4957440,4957440,yfinance,2026-07-10T06:58:05.450587+00:00
2026-05-15 04:45:00+00:00,XRP-USD,15m,1.4801000356674194,1.4808000326156616,1.4726999998092651,1.473099946975708,13830912,13830912,yfinance,2026-07-10T06:58:05.450587+00:00
2026-05-15 05:00:00+00:00,XRP-USD,15m,1.4731999635696411,1.4746999740600586,1.469499945640564,1.4730000495910645,19821056,19821056,yfinance,2026-07-10T06:58:05.450587+00:00
2026-05-15 05:15:00+00:00,XRP-USD,15m,1.4729000329971313,1.4743000268936157,1.4639999866485596,1.4652999639511108,17645056,17645056,yfinance,2026-07-10T06:58:05.450587+00:00
2026-05-15 05:30:00+00:00,XRP-USD,15m,1.4657000303268433,1.4657000303268433,1.4531999826431274,1.461300015449524,65473536,65473536,yfinance,2026-07-10T06:58:05.450587+00:00
2026-05-15 05:45:00+00:00,XRP-USD,15m,1.4611999988555908,1.4637999534606934,1.4567999839782715,1.4602999687194824,47916288,47916288,yfinance,2026-07-10T06:58:05.450587+00:00
2026-05-15 06:00:00+00:00,XRP-USD,15m,1.4605000019073486,1.4648000001907349,1.4586000442504883,1.4629000425338745,23481600,23481600,yfinance,2026-07-10T06:58:05.450587+00:00
2026-05-15 06:15:00+00:00,XRP-USD,15m,1.4631999731063843,1.4663000106811523,1.4608999490737915,1.4660999774932861,19554560,19554560,yfinance,2026-07-10T06:58:05.450587+00:00
2026-05-15 06:30:00+00:00,XRP-USD,15m,1.4663000106811523,1.4687999486923218,1.465499997138977,1.4687999486923218,9389568,9389568,yfinance,2026-07-10T06:58:05.450587+00:00
2026-05-15 06:45:00+00:00,XRP-USD,15m,1.4687999486923218,1.472100019454956,1.4673999547958374,1.468400001525879,12578816,12578816,yfinance,2026-07-10T06:58:05.450587+00:00
2026-05-15 07:00:00+00:00,XRP-USD,15m,1.468500018119812,1.4699000120162964,1.465499997138977,1.469599962234497,13507840,13507840,yfinance,2026-07-10T06:58:05.450587+00:00
2026-05-15 07:15:00+00:00,XRP-USD,15m,1.469499945640564,1.472599983215332,1.4674999713897705,1.4704999923706055,17278464,17278464,yfinance,2026-07-10T06:58:05.450587+00:00
2026-05-15 07:30:00+00:00,XRP-USD,15m,1.4703999757766724,1.4706000089645386,1.4678000211715698,1.4687000513076782,5705728,5705728,yfinance,2026-07-10T06:58:05.450587+00:00
2026-05-15 07:45:00+00:00,XRP-USD,15m,1.4682999849319458,1.4704999923706055,1.4681999683380127,1.4694000482559204,6236160,6236160,yfinance,2026-07-10T06:58:05.450587+00:00
2026-05-15 08:00:00+00:00,XRP-USD,15m,1.4693000316619873,1.4699000120162964,1.4670000076293945,1.4678000211715698,0,0,yfinance,2026-07-10T06:58:05.450587+00:00
2026-05-15 08:15:00+00:00,XRP-USD,15m,1.4674999713897705,1.467900037765503,1.461300015449524,1.4656000137329102,6381056,6381056,yfinance,2026-07-10T06:58:05.450587+00:00
2026-05-15 08:30:00+00:00,XRP-USD,15m,1.4651999473571777,1.4706000089645386,1.4622000455856323,1.4706000089645386,36686336,36686336,yfinance,2026-07-10T06:58:05.450587+00:00
2026-05-15 08:45:00+00:00,XRP-USD,15m,1.4703999757766724,1.4718999862670898,1.4687000513076782,1.4707000255584717,22395904,22395904,yfinance,2026-07-10T06:58:05.450587+00:00
2026-05-15 09:00:00+00:00,XRP-USD,15m,1.470900058746338,1.472599983215332,1.4652999639511108,1.4663000106811523,21242880,21242880,yfinance,2026-07-10T06:58:05.450587+00:00
2026-05-15 09:15:00+00:00,XRP-USD,15m,1.4663000106811523,1.467900037765503,1.4660999774932861,1.4673999547958374,15240192,15240192,yfinance,2026-07-10T06:58:05.450587+00:00
2026-05-15 09:30:00+00:00,XRP-USD,15m,1.4673999547958374,1.467900037765503,1.4639999866485596,1.4639999866485596,1659904,1659904,yfinance,2026-07-10T06:58:05.450587+00:00
2026-05-15 09:45:00+00:00,XRP-USD,15m,1.4641000032424927,1.4651999473571777,1.461400032043457,1.4645999670028687,6563328,6563328,yfinance,2026-07-10T06:58:05.450587+00:00
2026-05-15 10:00:00+00:00,XRP-USD,15m,1.4643000364303589,1.4678000211715698,1.4632999897003174,1.4670000076293945,10964480,10964480,yfinance,2026-07-10T06:58:05.450587+00:00
2026-05-15 10:15:00+00:00,XRP-USD,15m,1.4667999744415283,1.4675999879837036,1.4643000364303589,1.4661999940872192,1817600,1817600,yfinance,2026-07-10T06:58:05.450587+00:00
2026-05-15 10:30:00+00:00,XRP-USD,15m,1.4658000469207764,1.469099998474121,1.4652999639511108,1.4681999683380127,4923392,4923392,yfinance,2026-07-10T06:58:05.450587+00:00
2026-05-15 10:45:00+00:00,XRP-USD,15m,1.468500018119812,1.4768999814987183,1.4682999849319458,1.4747999906539917,19326976,19326976,yfinance,2026-07-10T06:58:05.450587+00:00
2026-05-15 11:00:00+00:00,XRP-USD,15m,1.4746999740600586,1.4754999876022339,1.4718999862670898,1.4731999635696411,4586496,4586496,yfinance,2026-07-10T06:58:05.450587+00:00
2026-05-15 11:15:00+00:00,XRP-USD,15m,1.4732999801635742,1.4737999439239502,1.4709999561309814,1.4723000526428223,0,0,yfinance,2026-07-10T06:58:05.450587+00:00
2026-05-15 11:30:00+00:00,XRP-USD,15m,1.4718999862670898,1.4718999862670898,1.4694000482559204,1.4700000286102295,0,0,yfinance,2026-07-10T06:58:05.450587+00:00
2026-05-15 11:45:00+00:00,XRP-USD,15m,1.4700000286102295,1.4708000421524048,1.466599941253662,1.468000054359436,2341376,2341376,yfinance,2026-07-10T06:58:05.450587+00:00
2026-05-15 12:00:00+00:00,XRP-USD,15m,1.468000054359436,1.469099998474121,1.4643000364303589,1.4643000364303589,3553792,3553792,yfinance,2026-07-10T06:58:05.450587+00:00
2026-05-15 12:15:00+00:00,XRP-USD,15m,1.4638999700546265,1.46589994430542,1.4635000228881836,1.4648000001907349,6177792,6177792,yfinance,2026-07-10T06:58:05.450587+00:00
2026-05-15 12:30:00+00:00,XRP-USD,15m,1.4644999504089355,1.4644999504089355,1.4599000215530396,1.4615999460220337,0,0,yfinance,2026-07-10T06:58:05.450587+00:00
2026-05-15 12:45:00+00:00,XRP-USD,15m,1.4607000350952148,1.461400032043457,1.4585000276565552,1.4595999717712402,0,0,yfinance,2026-07-10T06:58:05.450587+00:00
2026-05-15 13:00:00+00:00,XRP-USD,15m,1.458899974822998,1.458899974822998,1.4556000232696533,1.457200050354004,4233728,4233728,yfinance,2026-07-10T06:58:05.450587+00:00
2026-05-15 13:15:00+00:00,XRP-USD,15m,1.4572999477386475,1.4581999778747559,1.454800009727478,1.4550000429153442,0,0,yfinance,2026-07-10T06:58:05.450587+00:00
2026-05-15 13:30:00+00:00,XRP-USD,15m,1.454699993133545,1.454699993133545,1.4383000135421753,1.4384000301361084,54598144,54598144,yfinance,2026-07-10T06:58:05.450587+00:00
2026-05-15 13:45:00+00:00,XRP-USD,15m,1.4394999742507935,1.44350004196167,1.429800033569336,1.431399941444397,82252800,82252800,yfinance,2026-07-10T06:58:05.450587+00:00
2026-05-15 14:00:00+00:00,XRP-USD,15m,1.4315999746322632,1.4366999864578247,1.4270000457763672,1.434999942779541,41135104,41135104,yfinance,2026-07-10T06:58:05.450587+00:00
2026-05-15 14:15:00+00:00,XRP-USD,15m,1.4349000453948975,1.4381999969482422,1.4335999488830566,1.4349000453948975,25256448,25256448,yfinance,2026-07-10T06:58:05.450587+00:00
2026-05-15 14:30:00+00:00,XRP-USD,15m,1.4361000061035156,1.440500020980835,1.4354000091552734,1.4378999471664429,3349504,3349504,yfinance,2026-07-10T06:58:05.450587+00:00
2026-05-15 14:45:00+00:00,XRP-USD,15m,1.4378999471664429,1.440600037574768,1.4342000484466553,1.4390000104904175,0,0,yfinance,2026-07-10T06:58:05.450587+00:00
2026-05-15 15:00:00+00:00,XRP-USD,15m,1.4398000240325928,1.4401999711990356,1.4357000589370728,1.438099980354309,0,0,yfinance,2026-07-10T06:58:05.450587+00:00
2026-05-15 15:15:00+00:00,XRP-USD,15m,1.438099980354309,1.4397000074386597,1.4335999488830566,1.434399962425232,0,0,yfinance,2026-07-10T06:58:05.450587+00:00
2026-05-15 15:30:00+00:00,XRP-USD,15m,1.4352999925613403,1.4365999698638916,1.4306000471115112,1.4312000274658203,0,0,yfinance,2026-07-10T06:58:05.450587+00:00
2026-05-15 15:45:00+00:00,XRP-USD,15m,1.4315999746322632,1.4357000589370728,1.4296000003814697,1.4348000288009644,562176,562176,yfinance,2026-07-10T06:58:05.450587+00:00
2026-05-15 16:00:00+00:00,XRP-USD,15m,1.4349000453948975,1.4375,1.4335999488830566,1.436900019645691,0,0,yfinance,2026-07-10T06:58:05.450587+00:00
2026-05-15 16:15:00+00:00,XRP-USD,15m,1.436400055885315,1.4453999996185303,1.4362000226974487,1.4453999996185303,0,0,yfinance,2026-07-10T06:58:05.450587+00:00
2026-05-15 16:30:00+00:00,XRP-USD,15m,1.4456000328063965,1.4469000101089478,1.4427000284194946,1.44350004196167,13513728,13513728,yfinance,2026-07-10T06:58:05.450587+00:00
2026-05-15 16:45:00+00:00,XRP-USD,15m,1.4436999559402466,1.4463000297546387,1.4407000541687012,1.4462000131607056,0,0,yfinance,2026-07-10T06:58:05.450587+00:00
2026-05-15 17:00:00+00:00,XRP-USD,15m,1.4458999633789062,1.4500999450683594,1.4453999996185303,1.4464999437332153,0,0,yfinance,2026-07-10T06:58:05.450587+00:00
2026-05-15 17:15:00+00:00,XRP-USD,15m,1.4464000463485718,1.4493000507354736,1.4456000328063965,1.4483000040054321,0,0,yfinance,2026-07-10T06:58:05.450587+00:00
2026-05-15 17:30:00+00:00,XRP-USD,15m,1.4479999542236328,1.4494999647140503,1.4453999996185303,1.4456000328063965,0,0,yfinance,2026-07-10T06:58:05.450587+00:00
2026-05-15 17:45:00+00:00,XRP-USD,15m,1.4457999467849731,1.4483000040054321,1.4453999996185303,1.4463000297546387,0,0,yfinance,2026-07-10T06:58:05.450587+00:00
2026-05-15 18:00:00+00:00,XRP-USD,15m,1.4462000131607056,1.448799967765808,1.4457999467849731,1.4465999603271484,0,0,yfinance,2026-07-10T06:58:05.450587+00:00
2026-05-15 18:15:00+00:00,XRP-USD,15m,1.4466999769210815,1.4472999572753906,1.4419000148773193,1.4428000450134277,0,0,yfinance,2026-07-10T06:58:05.450587+00:00
2026-05-15 18:30:00+00:00,XRP-USD,15m,1.4428000450134277,1.4428999423980713,1.4394999742507935,1.441499948501587,0,0,yfinance,2026-07-10T06:58:05.450587+00:00
2026-05-15 18:45:00+00:00,XRP-USD,15m,1.441100001335144,1.4414000511169434,1.4390000104904175,1.4400999546051025,0,0,yfinance,2026-07-10T06:58:05.450587+00:00
2026-05-15 19:00:00+00:00,XRP-USD,15m,1.4400999546051025,1.4400999546051025,1.4336999654769897,1.4341000318527222,0,0,yfinance,2026-07-10T06:58:05.450587+00:00
2026-05-15 19:15:00+00:00,XRP-USD,15m,1.434399962425232,1.4345999956130981,1.4320000410079956,1.4325000047683716,0,0,yfinance,2026-07-10T06:58:05.450587+00:00
2026-05-15 19:30:00+00:00,XRP-USD,15m,1.4325000047683716,1.4350999593734741,1.4315999746322632,1.4326000213623047,0,0,yfinance,2026-07-10T06:58:05.450587+00:00
2026-05-15 19:45:00+00:00,XRP-USD,15m,1.4325000047683716,1.4359999895095825,1.4320000410079956,1.433899998664856,0,0,yfinance,2026-07-10T06:58:05.450587+00:00
2026-05-15 20:00:00+00:00,XRP-USD,15m,1.434499979019165,1.4357000589370728,1.43149995803833,1.4336999654769897,0,0,yfinance,2026-07-10T06:58:05.450587+00:00
2026-05-15 20:15:00+00:00,XRP-USD,15m,1.4336999654769897,1.4361000061035156,1.4318000078201294,1.4361000061035156,0,0,yfinance,2026-07-10T06:58:05.450587+00:00
2026-05-15 20:30:00+00:00,XRP-USD,15m,1.436400055885315,1.436400055885315,1.4329999685287476,1.433899998664856,0,0,yfinance,2026-07-10T06:58:05.450587+00:00
2026-05-15 20:45:00+00:00,XRP-USD,15m,1.4336999654769897,1.4345999956130981,1.4321999549865723,1.434499979019165,0,0,yfinance,2026-07-10T06:58:05.450587+00:00
2026-05-15 21:00:00+00:00,XRP-USD,15m,1.434499979019165,1.4364999532699585,1.434000015258789,1.4357999563217163,0,0,yfinance,2026-07-10T06:58:05.450587+00:00
2026-05-15 21:15:00+00:00,XRP-USD,15m,1.4351999759674072,1.4364999532699585,1.434499979019165,1.4345999956130981,0,0,yfinance,2026-07-10T06:58:05.450587+00:00
2026-05-15 21:30:00+00:00,XRP-USD,15m,1.434499979019165,1.4347000122070312,1.4325000047683716,1.4342000484466553,0,0,yfinance,2026-07-10T06:58:05.450587+00:00
2026-05-15 21:45:00+00:00,XRP-USD,15m,1.4342000484466553,1.4351999759674072,1.4292999505996704,1.4294999837875366,0,0,yfinance,2026-07-10T06:58:05.450587+00:00
2026-05-15 22:00:00+00:00,XRP-USD,15m,1.4293999671936035,1.4328999519348145,1.4292999505996704,1.4315999746322632,0,0,yfinance,2026-07-10T06:58:05.450587+00:00
2026-05-15 22:15:00+00:00,XRP-USD,15m,1.4316999912261963,1.4323999881744385,1.430299997329712,1.43149995803833,0,0,yfinance,2026-07-10T06:58:05.450587+00:00
2026-05-15 22:30:00+00:00,XRP-USD,15m,1.4315999746322632,1.4329999685287476,1.4305000305175781,1.4321000576019287,0,0,yfinance,2026-07-10T06:58:05.450587+00:00
2026-05-15 22:45:00+00:00,XRP-USD,15m,1.4321000576019287,1.434000015258789,1.4321000576019287,1.4329999685287476,0,0,yfinance,2026-07-10T06:58:05.450587+00:00
2026-05-15 23:00:00+00:00,XRP-USD,15m,1.4328999519348145,1.434499979019165,1.4321999549865723,1.4327000379562378,0,0,yfinance,2026-07-10T06:58:05.450587+00:00
2026-05-15 23:15:00+00:00,XRP-USD,15m,1.4326000213623047,1.433899998664856,1.4321000576019287,1.43340003490448,0,0,yfinance,2026-07-10T06:58:05.450587+00:00
2026-05-15 23:30:00+00:00,XRP-USD,15m,1.4333000183105469,1.434999942779541,1.4316999912261963,1.4345999956130981,0,0,yfinance,2026-07-10T06:58:05.450587+00:00
2026-05-15 23:45:00+00:00,XRP-USD,15m,1.4341000318527222,1.4350999593734741,1.4332000017166138,1.433500051498413,0,0,yfinance,2026-07-10T06:58:05.450587+00:00
2026-05-16 00:00:00+00:00,XRP-USD,15m,1.4333000183105469,1.436900019645691,1.4318000078201294,1.436900019645691,0,0,yfinance,2026-07-10T06:58:05.450587+00:00
2026-05-16 00:15:00+00:00,XRP-USD,15m,1.4365999698638916,1.4372999668121338,1.434499979019165,1.4347000122070312,0,0,yfinance,2026-07-10T06:58:05.450587+00:00
2026-05-16 00:30:00+00:00,XRP-USD,15m,1.4348000288009644,1.437000036239624,1.4337999820709229,1.4356000423431396,0,0,yfinance,2026-07-10T06:58:05.450587+00:00
2026-05-16 00:45:00+00:00,XRP-USD,15m,1.4356000423431396,1.4362000226974487,1.4325000047683716,1.4333000183105469,0,0,yfinance,2026-07-10T06:58:05.450587+00:00
2026-05-16 01:00:00+00:00,XRP-USD,15m,1.43340003490448,1.4342000484466553,1.4323999881744385,1.4341000318527222,0,0,yfinance,2026-07-10T06:58:05.450587+00:00
2026-05-16 01:15:00+00:00,XRP-USD,15m,1.4341000318527222,1.4345999956130981,1.4313000440597534,1.4313000440597534,0,0,yfinance,2026-07-10T06:58:05.450587+00:00
2026-05-16 01:30:00+00:00,XRP-USD,15m,1.43149995803833,1.432800054550171,1.4312000274658203,1.4316999912261963,0,0,yfinance,2026-07-10T06:58:05.450587+00:00
2026-05-16 01:45:00+00:00,XRP-USD,15m,1.4319000244140625,1.4378999471664429,1.4319000244140625,1.4364999532699585,0,0,yfinance,2026-07-10T06:58:05.450587+00:00
2026-05-16 02:00:00+00:00,XRP-USD,15m,1.436900019645691,1.438599944114685,1.4358999729156494,1.437999963760376,0,0,yfinance,2026-07-10T06:58:05.450587+00:00
2026-05-16 02:15:00+00:00,XRP-USD,15m,1.437999963760376,1.4385000467300415,1.4364999532699585,1.4364999532699585,0,0,yfinance,2026-07-10T06:58:05.450587+00:00
2026-05-16 02:30:00+00:00,XRP-USD,15m,1.4363000392913818,1.437000036239624,1.4345999956130981,1.4355000257492065,0,0,yfinance,2026-07-10T06:58:05.450587+00:00
2026-05-16 02:45:00+00:00,XRP-USD,15m,1.4351999759674072,1.4363000392913818,1.4342000484466553,1.4357999563217163,0,0,yfinance,2026-07-10T06:58:05.450587+00:00
2026-05-16 03:00:00+00:00,XRP-USD,15m,1.4359999895095825,1.4378999471664429,1.4359999895095825,1.4368000030517578,0,0,yfinance,2026-07-10T06:58:05.450587+00:00
2026-05-16 03:15:00+00:00,XRP-USD,15m,1.4366999864578247,1.4378000497817993,1.4352999925613403,1.4356000423431396,0,0,yfinance,2026-07-10T06:58:05.450587+00:00
2026-05-16 03:30:00+00:00,XRP-USD,15m,1.4356000423431396,1.4362000226974487,1.4327000379562378,1.4327000379562378,0,0,yfinance,2026-07-10T06:58:05.450587+00:00
2026-05-16 03:45:00+00:00,XRP-USD,15m,1.4327000379562378,1.4357999563217163,1.4327000379562378,1.4349000453948975,0,0,yfinance,2026-07-10T06:58:05.450587+00:00
2026-05-16 04:00:00+00:00,XRP-USD,15m,1.4345999956130981,1.4357999563217163,1.4326000213623047,1.4347000122070312,0,0,yfinance,2026-07-10T06:58:05.450587+00:00
2026-05-16 04:15:00+00:00,XRP-USD,15m,1.4345999956130981,1.434999942779541,1.4296000003814697,1.4296000003814697,0,0,yfinance,2026-07-10T06:58:05.450587+00:00
2026-05-16 04:30:00+00:00,XRP-USD,15m,1.4297000169754028,1.429800033569336,1.4178999662399292,1.4230999946594238,55638528,55638528,yfinance,2026-07-10T06:58:05.450587+00:00
2026-05-16 04:45:00+00:00,XRP-USD,15m,1.4227999448776245,1.4250999689102173,1.4214999675750732,1.4250999689102173,19057920,19057920,yfinance,2026-07-10T06:58:05.450587+00:00
2026-05-16 05:00:00+00:00,XRP-USD,15m,1.4249000549316406,1.4261000156402588,1.4206000566482544,1.4258999824523926,0,0,yfinance,2026-07-10T06:58:05.450587+00:00
2026-05-16 05:15:00+00:00,XRP-USD,15m,1.4258999824523926,1.4283000230789185,1.4228999614715576,1.4258999824523926,45312,45312,yfinance,2026-07-10T06:58:05.450587+00:00
2026-05-16 05:30:00+00:00,XRP-USD,15m,1.4249999523162842,1.4284000396728516,1.424299955368042,1.427299976348877,0,0,yfinance,2026-07-10T06:58:05.450587+00:00
2026-05-16 05:45:00+00:00,XRP-USD,15m,1.4276000261306763,1.4285000562667847,1.4230999946594238,1.424399971961975,897536,897536,yfinance,2026-07-10T06:58:05.450587+00:00
2026-05-16 06:00:00+00:00,XRP-USD,15m,1.424399971961975,1.4256999492645264,1.419100046157837,1.419800043106079,0,0,yfinance,2026-07-10T06:58:05.450587+00:00
2026-05-16 06:15:00+00:00,XRP-USD,15m,1.419700026512146,1.4206000566482544,1.416700005531311,1.420199990272522,462336,462336,yfinance,2026-07-10T06:58:05.450587+00:00
2026-05-16 06:30:00+00:00,XRP-USD,15m,1.420300006866455,1.4220000505447388,1.416700005531311,1.4172999858856201,0,0,yfinance,2026-07-10T06:58:05.450587+00:00
2026-05-16 06:45:00+00:00,XRP-USD,15m,1.4175000190734863,1.4200999736785889,1.413100004196167,1.419100046157837,6765824,6765824,yfinance,2026-07-10T06:58:05.450587+00:00
2026-05-16 07:00:00+00:00,XRP-USD,15m,1.4190000295639038,1.4191999435424805,1.4062999486923218,1.4089000225067139,0,0,yfinance,2026-07-10T06:58:05.450587+00:00
2026-05-16 07:15:00+00:00,XRP-USD,15m,1.4089000225067139,1.4143999814987183,1.4042999744415283,1.414199948310852,48377856,48377856,yfinance,2026-07-10T06:58:05.450587+00:00
2026-05-16 07:30:00+00:00,XRP-USD,15m,1.413699984550476,1.417199969291687,1.4112000465393066,1.417199969291687,2594816,2594816,yfinance,2026-07-10T06:58:05.450587+00:00
2026-05-16 07:45:00+00:00,XRP-USD,15m,1.4174000024795532,1.4177000522613525,1.4144999980926514,1.4163000583648682,2425600,2425600,yfinance,2026-07-10T06:58:05.450587+00:00
2026-05-16 08:00:00+00:00,XRP-USD,15m,1.4157999753952026,1.4176000356674194,1.4148999452590942,1.4148999452590942,6946560,6946560,yfinance,2026-07-10T06:58:05.450587+00:00
2026-05-16 08:15:00+00:00,XRP-USD,15m,1.4148999452590942,1.4156999588012695,1.4141000509262085,1.4150999784469604,0,0,yfinance,2026-07-10T06:58:05.450587+00:00
2026-05-16 08:30:00+00:00,XRP-USD,15m,1.4149999618530273,1.4174000024795532,1.4143999814987183,1.4160000085830688,0,0,yfinance,2026-07-10T06:58:05.450587+00:00
2026-05-16 08:45:00+00:00,XRP-USD,15m,1.416100025177002,1.416200041770935,1.4140000343322754,1.4144999980926514,0,0,yfinance,2026-07-10T06:58:05.450587+00:00
2026-05-16 09:00:00+00:00,XRP-USD,15m,1.4144999980926514,1.4151999950408936,1.4110000133514404,1.4110000133514404,0,0,yfinance,2026-07-10T06:58:05.450587+00:00
2026-05-16 09:15:00+00:00,XRP-USD,15m,1.4108999967575073,1.4112999439239502,1.4032000303268433,1.4055999517440796,31957248,31957248,yfinance,2026-07-10T06:58:05.450587+00:00
2026-05-16 09:30:00+00:00,XRP-USD,15m,1.4062000513076782,1.4085999727249146,1.4049999713897705,1.406000018119812,9755904,9755904,yfinance,2026-07-10T06:58:05.450587+00:00
2026-05-16 09:45:00+00:00,XRP-USD,15m,1.405900001525879,1.4071999788284302,1.4010000228881836,1.4016000032424927,4733952,4733952,yfinance,2026-07-10T06:58:05.450587+00:00
2026-05-16 10:00:00+00:00,XRP-USD,15m,1.4013999700546265,1.4026999473571777,1.395799994468689,1.3983999490737915,26862080,26862080,yfinance,2026-07-10T06:58:05.450587+00:00
2026-05-16 10:15:00+00:00,XRP-USD,15m,1.3984999656677246,1.4004000425338745,1.396399974822998,1.3990999460220337,18360576,18360576,yfinance,2026-07-10T06:58:05.450587+00:00
2026-05-16 10:30:00+00:00,XRP-USD,15m,1.3990999460220337,1.4049999713897705,1.3990999460220337,1.4014999866485596,28176640,28176640,yfinance,2026-07-10T06:58:05.450587+00:00
2026-05-16 10:45:00+00:00,XRP-USD,15m,1.4014999866485596,1.4082000255584717,1.4011000394821167,1.406499981880188,5773568,5773568,yfinance,2026-07-10T06:58:05.450587+00:00
2026-05-16 11:00:00+00:00,XRP-USD,15m,1.407099962234497,1.4089000225067139,1.406599998474121,1.4068000316619873,3398400,3398400,yfinance,2026-07-10T06:58:05.450587+00:00
2026-05-16 11:15:00+00:00,XRP-USD,15m,1.4068000316619873,1.4097000360488892,1.4062000513076782,1.409500002861023,2190592,2190592,yfinance,2026-07-10T06:58:05.450587+00:00
2026-05-16 11:30:00+00:00,XRP-USD,15m,1.4092999696731567,1.4128999710083008,1.409000039100647,1.4114999771118164,7610624,7610624,yfinance,2026-07-10T06:58:05.450587+00:00
2026-05-16 11:45:00+00:00,XRP-USD,15m,1.4111000299453735,1.412500023841858,1.4101999998092651,1.4104000329971313,4705024,4705024,yfinance,2026-07-10T06:58:05.450587+00:00
2026-05-16 12:00:00+00:00,XRP-USD,15m,1.4103000164031982,1.4118000268936157,1.4088000059127808,1.4092999696731567,0,0,yfinance,2026-07-10T06:58:05.450587+00:00
2026-05-16 12:15:00+00:00,XRP-USD,15m,1.4093999862670898,1.410099983215332,1.4076999425888062,1.4084999561309814,0,0,yfinance,2026-07-10T06:58:05.450587+00:00
2026-05-16 12:30:00+00:00,XRP-USD,15m,1.4089000225067139,1.4119999408721924,1.4089000225067139,1.4113999605178833,0,0,yfinance,2026-07-10T06:58:05.450587+00:00
2026-05-16 12:45:00+00:00,XRP-USD,15m,1.4112000465393066,1.4127000570297241,1.4098999500274658,1.409999966621399,0,0,yfinance,2026-07-10T06:58:05.450587+00:00
2026-05-16 13:00:00+00:00,XRP-USD,15m,1.4098000526428223,1.4101999998092651,1.4072999954223633,1.409000039100647,0,0,yfinance,2026-07-10T06:58:05.450587+00:00
2026-05-16 13:15:00+00:00,XRP-USD,15m,1.40910005569458,1.4132000207901,1.4089000225067139,1.413100004196167,0,0,yfinance,2026-07-10T06:58:05.450587+00:00
2026-05-16 13:30:00+00:00,XRP-USD,15m,1.4128999710083008,1.4142999649047852,1.4119000434875488,1.4141000509262085,0,0,yfinance,2026-07-10T06:58:05.450587+00:00
2026-05-16 13:45:00+00:00,XRP-USD,15m,1.4141000509262085,1.4148000478744507,1.4091999530792236,1.4111000299453735,0,0,yfinance,2026-07-10T06:58:05.450587+00:00
2026-05-16 14:00:00+00:00,XRP-USD,15m,1.4115999937057495,1.4124000072479248,1.4072999954223633,1.4078999757766724,0,0,yfinance,2026-07-10T06:58:05.450587+00:00
2026-05-16 14:15:00+00:00,XRP-USD,15m,1.4078999757766724,1.4107999801635742,1.4061000347137451,1.4088000059127808,0,0,yfinance,2026-07-10T06:58:05.450587+00:00
2026-05-16 14:30:00+00:00,XRP-USD,15m,1.40910005569458,1.4097000360488892,1.4069000482559204,1.4089000225067139,0,0,yfinance,2026-07-10T06:58:05.450587+00:00
2026-05-16 14:45:00+00:00,XRP-USD,15m,1.4084999561309814,1.4120999574661255,1.4056999683380127,1.40910005569458,0,0,yfinance,2026-07-10T06:58:05.450587+00:00
2026-05-16 15:00:00+00:00,XRP-USD,15m,1.4091999530792236,1.4118000268936157,1.4091999530792236,1.4107999801635742,2522624,2522624,yfinance,2026-07-10T06:58:05.450587+00:00
2026-05-16 15:15:00+00:00,XRP-USD,15m,1.4111000299453735,1.412600040435791,1.409600019454956,1.4115999937057495,0,0,yfinance,2026-07-10T06:58:05.450587+00:00
2026-05-16 15:30:00+00:00,XRP-USD,15m,1.4121999740600586,1.4143999814987183,1.4113999605178833,1.4133000373840332,0,0,yfinance,2026-07-10T06:58:05.450587+00:00
2026-05-16 15:45:00+00:00,XRP-USD,15m,1.413100004196167,1.4143999814987183,1.412600040435791,1.414199948310852,0,0,yfinance,2026-07-10T06:58:05.450587+00:00
2026-05-16 16:00:00+00:00,XRP-USD,15m,1.4139000177383423,1.4191999435424805,1.413100004196167,1.4148000478744507,17810944,17810944,yfinance,2026-07-10T06:58:05.450587+00:00
2026-05-16 16:15:00+00:00,XRP-USD,15m,1.4147000312805176,1.4179999828338623,1.414199948310852,1.4174000024795532,0,0,yfinance,2026-07-10T06:58:05.450587+00:00
2026-05-16 16:30:00+00:00,XRP-USD,15m,1.4175000190734863,1.4182000160217285,1.4141000509262085,1.4143999814987183,0,0,yfinance,2026-07-10T06:58:05.450587+00:00
2026-05-16 16:45:00+00:00,XRP-USD,15m,1.4147000312805176,1.4170000553131104,1.4142999649047852,1.4163000583648682,0,0,yfinance,2026-07-10T06:58:05.450587+00:00
2026-05-16 17:00:00+00:00,XRP-USD,15m,1.4163000583648682,1.417799949645996,1.4154000282287598,1.416100025177002,3911680,3911680,yfinance,2026-07-10T06:58:05.450587+00:00
2026-05-16 17:15:00+00:00,XRP-USD,15m,1.416100025177002,1.4184999465942383,1.4148000478744507,1.4176000356674194,188416,188416,yfinance,2026-07-10T06:58:05.450587+00:00
2026-05-16 17:30:00+00:00,XRP-USD,15m,1.4176000356674194,1.4184999465942383,1.417099952697754,1.4178999662399292,0,0,yfinance,2026-07-10T06:58:05.450587+00:00
2026-05-16 17:45:00+00:00,XRP-USD,15m,1.4177000522613525,1.4186999797821045,1.4163999557495117,1.416599988937378,0,0,yfinance,2026-07-10T06:58:05.450587+00:00
2026-05-16 18:00:00+00:00,XRP-USD,15m,1.4163999557495117,1.4174000024795532,1.4148000478744507,1.4148000478744507,0,0,yfinance,2026-07-10T06:58:05.450587+00:00
2026-05-16 18:15:00+00:00,XRP-USD,15m,1.4148999452590942,1.4156999588012695,1.4142999649047852,1.4149999618530273,0,0,yfinance,2026-07-10T06:58:05.450587+00:00
2026-05-16 18:30:00+00:00,XRP-USD,15m,1.4149999618530273,1.4158999919891357,1.4133000373840332,1.4148000478744507,0,0,yfinance,2026-07-10T06:58:05.450587+00:00
2026-05-16 18:45:00+00:00,XRP-USD,15m,1.4148000478744507,1.4170000553131104,1.4143999814987183,1.4153000116348267,424960,424960,yfinance,2026-07-10T06:58:05.450587+00:00
2026-05-16 19:00:00+00:00,XRP-USD,15m,1.4154000282287598,1.416200041770935,1.4143999814987183,1.4160000085830688,0,0,yfinance,2026-07-10T06:58:05.450587+00:00
2026-05-16 19:15:00+00:00,XRP-USD,15m,1.4160000085830688,1.417199969291687,1.4150999784469604,1.4158999919891357,0,0,yfinance,2026-07-10T06:58:05.450587+00:00
2026-05-16 19:30:00+00:00,XRP-USD,15m,1.4156999588012695,1.416100025177002,1.4151999950408936,1.4156999588012695,0,0,yfinance,2026-07-10T06:58:05.450587+00:00
2026-05-16 19:45:00+00:00,XRP-USD,15m,1.4156999588012695,1.4172999858856201,1.4149999618530273,1.4158999919891357,0,0,yfinance,2026-07-10T06:58:05.450587+00:00
2026-05-16 20:00:00+00:00,XRP-USD,15m,1.4163000583648682,1.4177000522613525,1.4160000085830688,1.417099952697754,0,0,yfinance,2026-07-10T06:58:05.450587+00:00
2026-05-16 20:15:00+00:00,XRP-USD,15m,1.417099952697754,1.4185999631881714,1.4170000553131104,1.4170000553131104,713984,713984,yfinance,2026-07-10T06:58:05.450587+00:00
2026-05-16 20:30:00+00:00,XRP-USD,15m,1.4169000387191772,1.4169000387191772,1.4147000312805176,1.4153000116348267,0,0,yfinance,2026-07-10T06:58:05.450587+00:00
2026-05-16 20:45:00+00:00,XRP-USD,15m,1.4153000116348267,1.4164999723434448,1.4148999452590942,1.4154000282287598,0,0,yfinance,2026-07-10T06:58:05.450587+00:00
2026-05-16 21:00:00+00:00,XRP-USD,15m,1.4155000448226929,1.416100025177002,1.414199948310852,1.4154000282287598,0,0,yfinance,2026-07-10T06:58:05.450587+00:00
2026-05-16 21:15:00+00:00,XRP-USD,15m,1.4151999950408936,1.4151999950408936,1.4134000539779663,1.4144999980926514,1764224,1764224,yfinance,2026-07-10T06:58:05.450587+00:00
2026-05-16 21:30:00+00:00,XRP-USD,15m,1.4147000312805176,1.4149999618530273,1.4134000539779663,1.4143999814987183,0,0,yfinance,2026-07-10T06:58:05.450587+00:00
2026-05-16 21:45:00+00:00,XRP-USD,15m,1.4144999980926514,1.4153000116348267,1.4143999814987183,1.4147000312805176,0,0,yfinance,2026-07-10T06:58:05.450587+00:00
2026-05-16 22:00:00+00:00,XRP-USD,15m,1.4141000509262085,1.4150999784469604,1.4117000102996826,1.4134999513626099,0,0,yfinance,2026-07-10T06:58:05.450587+00:00
2026-05-16 22:15:00+00:00,XRP-USD,15m,1.4134000539779663,1.4148999452590942,1.4133000373840332,1.4144999980926514,232192,232192,yfinance,2026-07-10T06:58:05.450587+00:00
2026-05-16 22:30:00+00:00,XRP-USD,15m,1.4144999980926514,1.4149999618530273,1.4140000343322754,1.4148000478744507,0,0,yfinance,2026-07-10T06:58:05.450587+00:00
2026-05-16 22:45:00+00:00,XRP-USD,15m,1.4150999784469604,1.4150999784469604,1.4133000373840332,1.4133000373840332,0,0,yfinance,2026-07-10T06:58:05.450587+00:00
2026-05-16 23:00:00+00:00,XRP-USD,15m,1.4133000373840332,1.4140000343322754,1.4127999544143677,1.4129999876022339,333568,333568,yfinance,2026-07-10T06:58:05.450587+00:00
2026-05-16 23:15:00+00:00,XRP-USD,15m,1.4132000207901,1.4149999618530273,1.4132000207901,1.4134999513626099,100736,100736,yfinance,2026-07-10T06:58:05.450587+00:00
2026-05-16 23:30:00+00:00,XRP-USD,15m,1.413699984550476,1.4148000478744507,1.4134000539779663,1.4142999649047852,0,0,yfinance,2026-07-10T06:58:05.450587+00:00
2026-05-16 23:45:00+00:00,XRP-USD,15m,1.4150999784469604,1.4155000448226929,1.4132000207901,1.4132000207901,0,0,yfinance,2026-07-10T06:58:05.450587+00:00
2026-05-17 00:00:00+00:00,XRP-USD,15m,1.4133000373840332,1.4155999422073364,1.4133000373840332,1.4133000373840332,0,0,yfinance,2026-07-10T06:58:05.450587+00:00
2026-05-17 00:15:00+00:00,XRP-USD,15m,1.4134999513626099,1.4153000116348267,1.4128999710083008,1.4153000116348267,0,0,yfinance,2026-07-10T06:58:05.450587+00:00
2026-05-17 00:30:00+00:00,XRP-USD,15m,1.4151999950408936,1.417099952697754,1.4134999513626099,1.4134999513626099,478464,478464,yfinance,2026-07-10T06:58:05.450587+00:00
2026-05-17 00:45:00+00:00,XRP-USD,15m,1.4141000509262085,1.4146000146865845,1.4089000225067139,1.4110000133514404,404608,404608,yfinance,2026-07-10T06:58:05.450587+00:00
2026-05-17 01:00:00+00:00,XRP-USD,15m,1.4112000465393066,1.413699984550476,1.4072999954223633,1.4122999906539917,5042432,5042432,yfinance,2026-07-10T06:58:05.450587+00:00
2026-05-17 01:15:00+00:00,XRP-USD,15m,1.4122999906539917,1.413699984550476,1.4112000465393066,1.4124000072479248,2163968,2163968,yfinance,2026-07-10T06:58:05.450587+00:00
2026-05-17 01:30:00+00:00,XRP-USD,15m,1.4120999574661255,1.4132000207901,1.4036999940872192,1.4048000574111938,16358528,16358528,yfinance,2026-07-10T06:58:05.450587+00:00
2026-05-17 01:45:00+00:00,XRP-USD,15m,1.4043999910354614,1.4067000150680542,1.40339994430542,1.40339994430542,3348224,3348224,yfinance,2026-07-10T06:58:05.450587+00:00
2026-05-17 02:00:00+00:00,XRP-USD,15m,1.4033000469207764,1.4085999727249146,1.4033000469207764,1.407099962234497,1460608,1460608,yfinance,2026-07-10T06:58:05.450587+00:00
2026-05-17 02:15:00+00:00,XRP-USD,15m,1.407099962234497,1.4083000421524048,1.404099941253662,1.4053000211715698,2182400,2182400,yfinance,2026-07-10T06:58:05.450587+00:00
2026-05-17 02:30:00+00:00,XRP-USD,15m,1.4052000045776367,1.4088000059127808,1.4020999670028687,1.408400058746338,21157120,21157120,yfinance,2026-07-10T06:58:05.450587+00:00
2026-05-17 02:45:00+00:00,XRP-USD,15m,1.4088000059127808,1.4101999998092651,1.4056999683380127,1.406499981880188,19278464,19278464,yfinance,2026-07-10T06:58:05.450587+00:00
2026-05-17 03:00:00+00:00,XRP-USD,15m,1.4063999652862549,1.4091999530792236,1.4062999486923218,1.4084999561309814,4698752,4698752,yfinance,2026-07-10T06:58:05.450587+00:00
2026-05-17 03:15:00+00:00,XRP-USD,15m,1.408400058746338,1.4105000495910645,1.4076999425888062,1.4084999561309814,16768,16768,yfinance,2026-07-10T06:58:05.450587+00:00
2026-05-17 03:30:00+00:00,XRP-USD,15m,1.408400058746338,1.4113999605178833,1.4078999757766724,1.4107999801635742,2416512,2416512,yfinance,2026-07-10T06:58:05.450587+00:00
2026-05-17 03:45:00+00:00,XRP-USD,15m,1.4108999967575073,1.413599967956543,1.410599946975708,1.4117000102996826,1225088,1225088,yfinance,2026-07-10T06:58:05.450587+00:00
2026-05-17 04:00:00+00:00,XRP-USD,15m,1.4115999937057495,1.4143999814987183,1.4113999605178833,1.4141000509262085,0,0,yfinance,2026-07-10T06:58:05.450587+00:00
2026-05-17 04:15:00+00:00,XRP-USD,15m,1.4141000509262085,1.416700005531311,1.4139000177383423,1.4149999618530273,3007744,3007744,yfinance,2026-07-10T06:58:05.450587+00:00
2026-05-17 04:30:00+00:00,XRP-USD,15m,1.4148000478744507,1.4163999557495117,1.4138000011444092,1.4156999588012695,0,0,yfinance,2026-07-10T06:58:05.450587+00:00
2026-05-17 04:45:00+00:00,XRP-USD,15m,1.4157999753952026,1.4163999557495117,1.4147000312805176,1.4150999784469604,0,0,yfinance,2026-07-10T06:58:05.450587+00:00
2026-05-17 05:00:00+00:00,XRP-USD,15m,1.4149999618530273,1.4210000038146973,1.4149999618530273,1.419100046157837,3761664,3761664,yfinance,2026-07-10T06:58:05.450587+00:00
2026-05-17 05:15:00+00:00,XRP-USD,15m,1.419100046157837,1.4192999601364136,1.416599988937378,1.4169000387191772,1714816,1714816,yfinance,2026-07-10T06:58:05.450587+00:00
2026-05-17 05:30:00+00:00,XRP-USD,15m,1.4168000221252441,1.4184000492095947,1.4157999753952026,1.416100025177002,1357312,1357312,yfinance,2026-07-10T06:58:05.450587+00:00
2026-05-17 05:45:00+00:00,XRP-USD,15m,1.4163999557495117,1.417199969291687,1.4155999422073364,1.4158999919891357,0,0,yfinance,2026-07-10T06:58:05.450587+00:00
2026-05-17 06:00:00+00:00,XRP-USD,15m,1.4158999919891357,1.4184999465942383,1.4158999919891357,1.4182000160217285,0,0,yfinance,2026-07-10T06:58:05.450587+00:00
2026-05-17 06:15:00+00:00,XRP-USD,15m,1.4182000160217285,1.4183000326156616,1.4153000116348267,1.416700005531311,0,0,yfinance,2026-07-10T06:58:05.450587+00:00
2026-05-17 06:30:00+00:00,XRP-USD,15m,1.416700005531311,1.417199969291687,1.4153000116348267,1.4155999422073364,0,0,yfinance,2026-07-10T06:58:05.450587+00:00
2026-05-17 06:45:00+00:00,XRP-USD,15m,1.4156999588012695,1.417099952697754,1.4155000448226929,1.4170000553131104,0,0,yfinance,2026-07-10T06:58:05.450587+00:00
2026-05-17 07:00:00+00:00,XRP-USD,15m,1.4170000553131104,1.4178999662399292,1.4163000583648682,1.4172999858856201,0,0,yfinance,2026-07-10T06:58:05.450587+00:00
2026-05-17 07:15:00+00:00,XRP-USD,15m,1.417199969291687,1.4198999404907227,1.4164999723434448,1.4190000295639038,0,0,yfinance,2026-07-10T06:58:05.450587+00:00
2026-05-17 07:30:00+00:00,XRP-USD,15m,1.4184000492095947,1.4204000234603882,1.4174000024795532,1.4182000160217285,0,0,yfinance,2026-07-10T06:58:05.450587+00:00
2026-05-17 07:45:00+00:00,XRP-USD,15m,1.4182000160217285,1.4191999435424805,1.4176000356674194,1.417799949645996,0,0,yfinance,2026-07-10T06:58:05.450587+00:00
2026-05-17 08:00:00+00:00,XRP-USD,15m,1.4183000326156616,1.419700026512146,1.417199969291687,1.4184000492095947,0,0,yfinance,2026-07-10T06:58:05.450587+00:00
2026-05-17 08:15:00+00:00,XRP-USD,15m,1.4182000160217285,1.4186999797821045,1.4156999588012695,1.4160000085830688,0,0,yfinance,2026-07-10T06:58:05.450587+00:00
2026-05-17 08:30:00+00:00,XRP-USD,15m,1.4155000448226929,1.4168000221252441,1.4142999649047852,1.4151999950408936,701184,701184,yfinance,2026-07-10T06:58:05.450587+00:00
2026-05-17 08:45:00+00:00,XRP-USD,15m,1.4153000116348267,1.4154000282287598,1.4138000011444092,1.4141000509262085,916352,916352,yfinance,2026-07-10T06:58:05.450587+00:00
2026-05-17 09:00:00+00:00,XRP-USD,15m,1.4141000509262085,1.4156999588012695,1.413100004196167,1.4153000116348267,133376,133376,yfinance,2026-07-10T06:58:05.450587+00:00
2026-05-17 09:15:00+00:00,XRP-USD,15m,1.4153000116348267,1.4175000190734863,1.413599967956543,1.4174000024795532,0,0,yfinance,2026-07-10T06:58:05.450587+00:00
2026-05-17 09:30:00+00:00,XRP-USD,15m,1.4176000356674194,1.417799949645996,1.4168000221252441,1.4175000190734863,0,0,yfinance,2026-07-10T06:58:05.450587+00:00
2026-05-17 09:45:00+00:00,XRP-USD,15m,1.4172999858856201,1.420799970626831,1.4172999858856201,1.420300006866455,0,0,yfinance,2026-07-10T06:58:05.450587+00:00
2026-05-17 10:00:00+00:00,XRP-USD,15m,1.4205000400543213,1.4283000230789185,1.4205000400543213,1.4250999689102173,0,0,yfinance,2026-07-10T06:58:05.450587+00:00
2026-05-17 10:15:00+00:00,XRP-USD,15m,1.4247000217437744,1.4257999658584595,1.42330002784729,1.4239000082015991,5275264,5275264,yfinance,2026-07-10T06:58:05.450587+00:00
2026-05-17 10:30:00+00:00,XRP-USD,15m,1.4239000082015991,1.4249000549316406,1.4228999614715576,1.4241000413894653,0,0,yfinance,2026-07-10T06:58:05.450587+00:00
2026-05-17 10:45:00+00:00,XRP-USD,15m,1.4240000247955322,1.4247000217437744,1.420699954032898,1.4240000247955322,0,0,yfinance,2026-07-10T06:58:05.450587+00:00
2026-05-17 11:00:00+00:00,XRP-USD,15m,1.4234999418258667,1.4240000247955322,1.4204000234603882,1.4218000173568726,4270464,4270464,yfinance,2026-07-10T06:58:05.450587+00:00
2026-05-17 11:15:00+00:00,XRP-USD,15m,1.4220999479293823,1.4222999811172485,1.420300006866455,1.4211000204086304,0,0,yfinance,2026-07-10T06:58:05.450587+00:00
2026-05-17 11:30:00+00:00,XRP-USD,15m,1.4211000204086304,1.423699975013733,1.4205000400543213,1.4234999418258667,0,0,yfinance,2026-07-10T06:58:05.450587+00:00
2026-05-17 11:45:00+00:00,XRP-USD,15m,1.4235999584197998,1.424299955368042,1.4215999841690063,1.4222999811172485,0,0,yfinance,2026-07-10T06:58:05.450587+00:00
2026-05-17 12:00:00+00:00,XRP-USD,15m,1.4222999811172485,1.4241000413894653,1.4218000173568726,1.4227999448776245,0,0,yfinance,2026-07-10T06:58:05.450587+00:00
2026-05-17 12:15:00+00:00,XRP-USD,15m,1.4228999614715576,1.4247000217437744,1.4222999811172485,1.4235999584197998,0,0,yfinance,2026-07-10T06:58:05.450587+00:00
2026-05-17 12:30:00+00:00,XRP-USD,15m,1.4235999584197998,1.4256000518798828,1.4234000444412231,1.4255000352859497,1856384,1856384,yfinance,2026-07-10T06:58:05.450587+00:00
2026-05-17 12:45:00+00:00,XRP-USD,15m,1.4255000352859497,1.426300048828125,1.4223999977111816,1.4229999780654907,2239232,2239232,yfinance,2026-07-10T06:58:05.450587+00:00
2026-05-17 13:00:00+00:00,XRP-USD,15m,1.4229999780654907,1.423200011253357,1.4191999435424805,1.4191999435424805,0,0,yfinance,2026-07-10T06:58:05.450587+00:00
2026-05-17 13:15:00+00:00,XRP-USD,15m,1.4186999797821045,1.419800043106079,1.4164999723434448,1.419800043106079,3604608,3604608,yfinance,2026-07-10T06:58:05.450587+00:00
2026-05-17 13:30:00+00:00,XRP-USD,15m,1.4198999404907227,1.4211000204086304,1.4184999465942383,1.4192999601364136,214784,214784,yfinance,2026-07-10T06:58:05.450587+00:00
2026-05-17 13:45:00+00:00,XRP-USD,15m,1.4192999601364136,1.420300006866455,1.4172999858856201,1.4183000326156616,0,0,yfinance,2026-07-10T06:58:05.450587+00:00
2026-05-17 14:00:00+00:00,XRP-USD,15m,1.4183000326156616,1.4183000326156616,1.4148000478744507,1.4155999422073364,0,0,yfinance,2026-07-10T06:58:05.450587+00:00
2026-05-17 14:15:00+00:00,XRP-USD,15m,1.4155999422073364,1.4155999422073364,1.4104000329971313,1.4142999649047852,1864064,1864064,yfinance,2026-07-10T06:58:05.450587+00:00
2026-05-17 14:30:00+00:00,XRP-USD,15m,1.4143999814987183,1.4148000478744507,1.4110000133514404,1.4121999740600586,0,0,yfinance,2026-07-10T06:58:05.450587+00:00
2026-05-17 14:45:00+00:00,XRP-USD,15m,1.412600040435791,1.413599967956543,1.4118000268936157,1.4127999544143677,0,0,yfinance,2026-07-10T06:58:05.450587+00:00
2026-05-17 15:00:00+00:00,XRP-USD,15m,1.412500023841858,1.4144999980926514,1.4118000268936157,1.413100004196167,0,0,yfinance,2026-07-10T06:58:05.450587+00:00
2026-05-17 15:15:00+00:00,XRP-USD,15m,1.4127999544143677,1.4128999710083008,1.4097000360488892,1.4124000072479248,4374016,4374016,yfinance,2026-07-10T06:58:05.450587+00:00
2026-05-17 15:30:00+00:00,XRP-USD,15m,1.412500023841858,1.4143999814987183,1.4114999771118164,1.4124000072479248,0,0,yfinance,2026-07-10T06:58:05.450587+00:00
2026-05-17 15:45:00+00:00,XRP-USD,15m,1.4122999906539917,1.4134000539779663,1.4118000268936157,1.412500023841858,451200,451200,yfinance,2026-07-10T06:58:05.450587+00:00
2026-05-17 16:00:00+00:00,XRP-USD,15m,1.412500023841858,1.4139000177383423,1.412500023841858,1.4134999513626099,0,0,yfinance,2026-07-10T06:58:05.450587+00:00
2026-05-17 16:15:00+00:00,XRP-USD,15m,1.413100004196167,1.4146000146865845,1.4121999740600586,1.4142999649047852,0,0,yfinance,2026-07-10T06:58:05.450587+00:00
2026-05-17 16:30:00+00:00,XRP-USD,15m,1.4143999814987183,1.4155999422073364,1.414199948310852,1.4153000116348267,0,0,yfinance,2026-07-10T06:58:05.450587+00:00
2026-05-17 16:45:00+00:00,XRP-USD,15m,1.4153000116348267,1.4155000448226929,1.4103000164031982,1.4112000465393066,1679040,1679040,yfinance,2026-07-10T06:58:05.450587+00:00
2026-05-17 17:00:00+00:00,XRP-USD,15m,1.4115999937057495,1.4124000072479248,1.4091999530792236,1.4097000360488892,43648,43648,yfinance,2026-07-10T06:58:05.450587+00:00
2026-05-17 17:15:00+00:00,XRP-USD,15m,1.4097000360488892,1.410599946975708,1.4083000421524048,1.4105000495910645,6368064,6368064,yfinance,2026-07-10T06:58:05.450587+00:00
2026-05-17 17:30:00+00:00,XRP-USD,15m,1.4107999801635742,1.4108999967575073,1.4079999923706055,1.4108999967575073,2680512,2680512,yfinance,2026-07-10T06:58:05.450587+00:00
2026-05-17 17:45:00+00:00,XRP-USD,15m,1.4110000133514404,1.4115999937057495,1.4101999998092651,1.4106999635696411,2303488,2303488,yfinance,2026-07-10T06:58:05.450587+00:00
2026-05-17 18:00:00+00:00,XRP-USD,15m,1.4105000495910645,1.413100004196167,1.409600019454956,1.409600019454956,163072,163072,yfinance,2026-07-10T06:58:05.450587+00:00
2026-05-17 18:15:00+00:00,XRP-USD,15m,1.409500002861023,1.4104000329971313,1.4062000513076782,1.409999966621399,12451328,12451328,yfinance,2026-07-10T06:58:05.450587+00:00
2026-05-17 18:30:00+00:00,XRP-USD,15m,1.409999966621399,1.4108999967575073,1.409500002861023,1.409500002861023,6669184,6669184,yfinance,2026-07-10T06:58:05.450587+00:00
2026-05-17 18:45:00+00:00,XRP-USD,15m,1.40910005569458,1.413699984550476,1.4089000225067139,1.413599967956543,398848,398848,yfinance,2026-07-10T06:58:05.450587+00:00
2026-05-17 19:00:00+00:00,XRP-USD,15m,1.413599967956543,1.4157999753952026,1.4134000539779663,1.4151999950408936,2959744,2959744,yfinance,2026-07-10T06:58:05.450587+00:00
2026-05-17 19:15:00+00:00,XRP-USD,15m,1.4151999950408936,1.417099952697754,1.4144999980926514,1.4150999784469604,2548224,2548224,yfinance,2026-07-10T06:58:05.450587+00:00
2026-05-17 19:30:00+00:00,XRP-USD,15m,1.4153000116348267,1.4187999963760376,1.4151999950408936,1.4184999465942383,1224832,1224832,yfinance,2026-07-10T06:58:05.450587+00:00
2026-05-17 19:45:00+00:00,XRP-USD,15m,1.4186999797821045,1.4225000143051147,1.4183000326156616,1.4218000173568726,18791296,18791296,yfinance,2026-07-10T06:58:05.450587+00:00
2026-05-17 20:00:00+00:00,XRP-USD,15m,1.4218000173568726,1.4227999448776245,1.4183000326156616,1.4184000492095947,5998976,5998976,yfinance,2026-07-10T06:58:05.450587+00:00
2026-05-17 20:15:00+00:00,XRP-USD,15m,1.4184000492095947,1.419100046157837,1.417099952697754,1.4184000492095947,1752960,1752960,yfinance,2026-07-10T06:58:05.450587+00:00
2026-05-17 20:30:00+00:00,XRP-USD,15m,1.4184000492095947,1.4198999404907227,1.4178999662399292,1.4184000492095947,1563136,1563136,yfinance,2026-07-10T06:58:05.450587+00:00
2026-05-17 20:45:00+00:00,XRP-USD,15m,1.4183000326156616,1.419600009918213,1.4180999994277954,1.4187999963760376,1483904,1483904,yfinance,2026-07-10T06:58:05.450587+00:00
2026-05-17 21:00:00+00:00,XRP-USD,15m,1.4183000326156616,1.4204000234603882,1.417199969291687,1.4198999404907227,0,0,yfinance,2026-07-10T06:58:05.450587+00:00
2026-05-17 21:15:00+00:00,XRP-USD,15m,1.419800043106079,1.423799991607666,1.419100046157837,1.4234000444412231,4655488,4655488,yfinance,2026-07-10T06:58:05.450587+00:00
2026-05-17 21:30:00+00:00,XRP-USD,15m,1.4234000444412231,1.4256999492645264,1.4230999946594238,1.4250999689102173,4585600,4585600,yfinance,2026-07-10T06:58:05.450587+00:00
2026-05-17 21:45:00+00:00,XRP-USD,15m,1.4250999689102173,1.4254000186920166,1.4223999977111816,1.4223999977111816,4827904,4827904,yfinance,2026-07-10T06:58:05.450587+00:00
2026-05-17 22:00:00+00:00,XRP-USD,15m,1.4219000339508057,1.4221999645233154,1.4119999408721924,1.4138000011444092,9886976,9886976,yfinance,2026-07-10T06:58:05.450587+00:00
2026-05-17 22:15:00+00:00,XRP-USD,15m,1.4140000343322754,1.4148000478744507,1.4092999696731567,1.4112000465393066,11037568,11037568,yfinance,2026-07-10T06:58:05.450587+00:00
2026-05-17 22:30:00+00:00,XRP-USD,15m,1.4107999801635742,1.4150999784469604,1.410099983215332,1.4139000177383423,13095296,13095296,yfinance,2026-07-10T06:58:05.450587+00:00
2026-05-17 22:45:00+00:00,XRP-USD,15m,1.4127000570297241,1.413699984550476,1.4093999862670898,1.4115999937057495,8259968,8259968,yfinance,2026-07-10T06:58:05.450587+00:00
2026-05-17 23:00:00+00:00,XRP-USD,15m,1.4108999967575073,1.4127999544143677,1.4071999788284302,1.40910005569458,18380416,18380416,yfinance,2026-07-10T06:58:05.450587+00:00
2026-05-17 23:15:00+00:00,XRP-USD,15m,1.409000039100647,1.409000039100647,1.4026000499725342,1.405500054359436,14089088,14089088,yfinance,2026-07-10T06:58:05.450587+00:00
2026-05-17 23:30:00+00:00,XRP-USD,15m,1.4050999879837036,1.4071999788284302,1.3732000589370728,1.388700008392334,39734528,39734528,yfinance,2026-07-10T06:58:05.450587+00:00
2026-05-17 23:45:00+00:00,XRP-USD,15m,1.3876999616622925,1.402500033378601,1.3869999647140503,1.4007999897003174,170487168,170487168,yfinance,2026-07-10T06:58:05.450587+00:00
2026-05-18 00:00:00+00:00,XRP-USD,15m,1.4005000591278076,1.4009000062942505,1.388200044631958,1.3938000202178955,61826816,61826816,yfinance,2026-07-10T06:58:05.450587+00:00
2026-05-18 00:15:00+00:00,XRP-USD,15m,1.3942999839782715,1.3967000246047974,1.3912999629974365,1.3937000036239624,30126208,30126208,yfinance,2026-07-10T06:58:05.450587+00:00
2026-05-18 00:30:00+00:00,XRP-USD,15m,1.3931000232696533,1.395799994468689,1.3899999856948853,1.3902000188827515,45218688,45218688,yfinance,2026-07-10T06:58:05.450587+00:00
2026-05-18 00:45:00+00:00,XRP-USD,15m,1.3901000022888184,1.3967000246047974,1.3896000385284424,1.3956999778747559,25570688,25570688,yfinance,2026-07-10T06:58:05.450587+00:00
2026-05-18 01:00:00+00:00,XRP-USD,15m,1.395900011062622,1.3966000080108643,1.3910000324249268,1.3910000324249268,18288896,18288896,yfinance,2026-07-10T06:58:05.450587+00:00
2026-05-18 01:15:00+00:00,XRP-USD,15m,1.3904000520706177,1.3909000158309937,1.3841999769210815,1.3860000371932983,16412672,16412672,yfinance,2026-07-10T06:58:05.450587+00:00
2026-05-18 01:30:00+00:00,XRP-USD,15m,1.3854999542236328,1.388700008392334,1.3848999738693237,1.3863999843597412,1480576,1480576,yfinance,2026-07-10T06:58:05.450587+00:00
2026-05-18 01:45:00+00:00,XRP-USD,15m,1.386299967765808,1.3952000141143799,1.3845000267028809,1.3934999704360962,8748800,8748800,yfinance,2026-07-10T06:58:05.450587+00:00
2026-05-18 02:00:00+00:00,XRP-USD,15m,1.3931000232696533,1.4018000364303589,1.3926000595092773,1.4017000198364258,13218176,13218176,yfinance,2026-07-10T06:58:05.450587+00:00
2026-05-18 02:15:00+00:00,XRP-USD,15m,1.4014999866485596,1.4018000364303589,1.3978999853134155,1.398800015449524,13171584,13171584,yfinance,2026-07-10T06:58:05.450587+00:00
2026-05-18 02:30:00+00:00,XRP-USD,15m,1.398300051689148,1.3991999626159668,1.392699956893921,1.3940000534057617,1760128,1760128,yfinance,2026-07-10T06:58:05.450587+00:00
2026-05-18 02:45:00+00:00,XRP-USD,15m,1.3942999839782715,1.3948999643325806,1.3895000219345093,1.391700029373169,504576,504576,yfinance,2026-07-10T06:58:05.450587+00:00
2026-05-18 03:00:00+00:00,XRP-USD,15m,1.391700029373169,1.3986999988555908,1.391700029373169,1.3940999507904053,8262656,8262656,yfinance,2026-07-10T06:58:05.450587+00:00
2026-05-18 03:15:00+00:00,XRP-USD,15m,1.3935999870300293,1.3947999477386475,1.3907999992370605,1.3926000595092773,7181696,7181696,yfinance,2026-07-10T06:58:05.450587+00:00
2026-05-18 03:30:00+00:00,XRP-USD,15m,1.3926000595092773,1.3945000171661377,1.38919997215271,1.3941999673843384,10296576,10296576,yfinance,2026-07-10T06:58:05.450587+00:00
2026-05-18 03:45:00+00:00,XRP-USD,15m,1.3941999673843384,1.3944000005722046,1.3911999464035034,1.3924000263214111,10183040,10183040,yfinance,2026-07-10T06:58:05.450587+00:00
2026-05-18 04:00:00+00:00,XRP-USD,15m,1.3925000429153442,1.3950999975204468,1.3918999433517456,1.394700050354004,5164160,5164160,yfinance,2026-07-10T06:58:05.450587+00:00
2026-05-18 04:15:00+00:00,XRP-USD,15m,1.3946000337600708,1.3947999477386475,1.3870999813079834,1.3889000415802002,7375488,7375488,yfinance,2026-07-10T06:58:05.450587+00:00
2026-05-18 04:30:00+00:00,XRP-USD,15m,1.3883999586105347,1.3973000049591064,1.3877999782562256,1.3973000049591064,6442496,6442496,yfinance,2026-07-10T06:58:05.450587+00:00
2026-05-18 04:45:00+00:00,XRP-USD,15m,1.3970999717712402,1.3990000486373901,1.393399953842163,1.3942999839782715,12988416,12988416,yfinance,2026-07-10T06:58:05.450587+00:00
2026-05-18 05:00:00+00:00,XRP-USD,15m,1.3945000171661377,1.3955999612808228,1.3901000022888184,1.3945000171661377,3759232,3759232,yfinance,2026-07-10T06:58:05.450587+00:00
2026-05-18 05:15:00+00:00,XRP-USD,15m,1.3940999507904053,1.3940999507904053,1.3907999992370605,1.3925000429153442,15545984,15545984,yfinance,2026-07-10T06:58:05.450587+00:00
2026-05-18 05:30:00+00:00,XRP-USD,15m,1.3931000232696533,1.3938000202178955,1.3882999420166016,1.389299988746643,5518592,5518592,yfinance,2026-07-10T06:58:05.450587+00:00
2026-05-18 05:45:00+00:00,XRP-USD,15m,1.3894000053405762,1.3904999494552612,1.3873000144958496,1.388700008392334,12152832,12152832,yfinance,2026-07-10T06:58:05.450587+00:00
2026-05-18 06:00:00+00:00,XRP-USD,15m,1.388800024986267,1.3916000127792358,1.381100058555603,1.3849999904632568,23390976,23390976,yfinance,2026-07-10T06:58:05.450587+00:00
2026-05-18 06:15:00+00:00,XRP-USD,15m,1.3849999904632568,1.3875999450683594,1.3787000179290771,1.3808000087738037,36286464,36286464,yfinance,2026-07-10T06:58:05.450587+00:00
2026-05-18 06:30:00+00:00,XRP-USD,15m,1.3809000253677368,1.3854999542236328,1.3787000179290771,1.3854999542236328,22575104,22575104,yfinance,2026-07-10T06:58:05.450587+00:00
2026-05-18 06:45:00+00:00,XRP-USD,15m,1.3861000537872314,1.38919997215271,1.385200023651123,1.3869999647140503,12921728,12921728,yfinance,2026-07-10T06:58:05.450587+00:00
2026-05-18 07:00:00+00:00,XRP-USD,15m,1.388700008392334,1.3905999660491943,1.3839999437332153,1.38510000705719,10632704,10632704,yfinance,2026-07-10T06:58:05.450587+00:00
2026-05-18 07:15:00+00:00,XRP-USD,15m,1.3849999904632568,1.3883999586105347,1.379699945449829,1.3871999979019165,12658688,12658688,yfinance,2026-07-10T06:58:05.450587+00:00
2026-05-18 07:30:00+00:00,XRP-USD,15m,1.3873000144958496,1.3890000581741333,1.381600022315979,1.3823000192642212,11543424,11543424,yfinance,2026-07-10T06:58:05.450587+00:00
2026-05-18 07:45:00+00:00,XRP-USD,15m,1.382200002670288,1.3870999813079834,1.382200002670288,1.3860000371932983,7594240,7594240,yfinance,2026-07-10T06:58:05.450587+00:00
2026-05-18 08:00:00+00:00,XRP-USD,15m,1.386199951171875,1.3889000415802002,1.3859000205993652,1.3861000537872314,9836672,9836672,yfinance,2026-07-10T06:58:05.450587+00:00
2026-05-18 08:15:00+00:00,XRP-USD,15m,1.3859000205993652,1.3865000009536743,1.3839000463485718,1.3849999904632568,5436544,5436544,yfinance,2026-07-10T06:58:05.450587+00:00
2026-05-18 08:30:00+00:00,XRP-USD,15m,1.385200023651123,1.385200023651123,1.3812999725341797,1.3830000162124634,867328,867328,yfinance,2026-07-10T06:58:05.450587+00:00
2026-05-18 08:45:00+00:00,XRP-USD,15m,1.3830000162124634,1.3874000310897827,1.3823000192642212,1.3870999813079834,3431424,3431424,yfinance,2026-07-10T06:58:05.450587+00:00
2026-05-18 09:00:00+00:00,XRP-USD,15m,1.3873000144958496,1.3874000310897827,1.3818999528884888,1.3833999633789062,607872,607872,yfinance,2026-07-10T06:58:05.450587+00:00
2026-05-18 09:15:00+00:00,XRP-USD,15m,1.3832999467849731,1.3854999542236328,1.382699966430664,1.3844000101089478,6098432,6098432,yfinance,2026-07-10T06:58:05.450587+00:00
2026-05-18 09:30:00+00:00,XRP-USD,15m,1.3842999935150146,1.3861000537872314,1.3819999694824219,1.3847999572753906,1611392,1611392,yfinance,2026-07-10T06:58:05.450587+00:00
2026-05-18 09:45:00+00:00,XRP-USD,15m,1.3847999572753906,1.3860000371932983,1.3818999528884888,1.382099986076355,6028032,6028032,yfinance,2026-07-10T06:58:05.450587+00:00
2026-05-18 10:00:00+00:00,XRP-USD,15m,1.382599949836731,1.382599949836731,1.3776999711990356,1.3805999755859375,0,0,yfinance,2026-07-10T06:58:05.450587+00:00
2026-05-18 10:15:00+00:00,XRP-USD,15m,1.3802000284194946,1.381100058555603,1.3782000541687012,1.3788000345230103,4053376,4053376,yfinance,2026-07-10T06:58:05.450587+00:00
2026-05-18 10:30:00+00:00,XRP-USD,15m,1.3787000179290771,1.3801000118255615,1.3767999410629272,1.378100037574768,10400896,10400896,yfinance,2026-07-10T06:58:05.450587+00:00
2026-05-18 10:45:00+00:00,XRP-USD,15m,1.378100037574768,1.3806999921798706,1.3772000074386597,1.3773000240325928,6521088,6521088,yfinance,2026-07-10T06:58:05.450587+00:00
2026-05-18 11:00:00+00:00,XRP-USD,15m,1.378000020980835,1.378999948501587,1.3753000497817993,1.3777999877929688,2475776,2475776,yfinance,2026-07-10T06:58:05.450587+00:00
2026-05-18 11:15:00+00:00,XRP-USD,15m,1.3776999711990356,1.3819999694824219,1.3774000406265259,1.3811999559402466,8271488,8271488,yfinance,2026-07-10T06:58:05.450587+00:00
2026-05-18 11:30:00+00:00,XRP-USD,15m,1.3813999891281128,1.395799994468689,1.3796000480651855,1.3934999704360962,18887680,18887680,yfinance,2026-07-10T06:58:05.450587+00:00
2026-05-18 11:45:00+00:00,XRP-USD,15m,1.3934999704360962,1.3934999704360962,1.388800024986267,1.389799952507019,34472320,34472320,yfinance,2026-07-10T06:58:05.450587+00:00
2026-05-18 12:00:00+00:00,XRP-USD,15m,1.389799952507019,1.3945000171661377,1.3897000551223755,1.393399953842163,16796672,16796672,yfinance,2026-07-10T06:58:05.450587+00:00
2026-05-18 12:15:00+00:00,XRP-USD,15m,1.3938000202178955,1.396299958229065,1.3918999433517456,1.3935999870300293,12914560,12914560,yfinance,2026-07-10T06:58:05.450587+00:00
2026-05-18 12:30:00+00:00,XRP-USD,15m,1.393399953842163,1.4012000560760498,1.3925000429153442,1.4003000259399414,16089216,16089216,yfinance,2026-07-10T06:58:05.450587+00:00
2026-05-18 12:45:00+00:00,XRP-USD,15m,1.4005000591278076,1.4013999700546265,1.3964999914169312,1.3982000350952148,18920448,18920448,yfinance,2026-07-10T06:58:05.450587+00:00
2026-05-18 13:00:00+00:00,XRP-USD,15m,1.3983999490737915,1.3985999822616577,1.3894000053405762,1.3904999494552612,15100160,15100160,yfinance,2026-07-10T06:58:05.450587+00:00
2026-05-18 13:15:00+00:00,XRP-USD,15m,1.3906999826431274,1.3907999992370605,1.3875000476837158,1.3875999450683594,7780736,7780736,yfinance,2026-07-10T06:58:05.450587+00:00
2026-05-18 13:30:00+00:00,XRP-USD,15m,1.3868999481201172,1.3884999752044678,1.3767000436782837,1.3831000328063965,37940224,37940224,yfinance,2026-07-10T06:58:05.450587+00:00
2026-05-18 13:45:00+00:00,XRP-USD,15m,1.3823000192642212,1.3890999555587769,1.3811999559402466,1.3854999542236328,49572480,49572480,yfinance,2026-07-10T06:58:05.450587+00:00
2026-05-18 14:00:00+00:00,XRP-USD,15m,1.3847999572753906,1.3849999904632568,1.3789000511169434,1.3795000314712524,24882432,24882432,yfinance,2026-07-10T06:58:05.450587+00:00
2026-05-18 14:15:00+00:00,XRP-USD,15m,1.3792999982833862,1.3835999965667725,1.3752000331878662,1.3803999423980713,27704192,27704192,yfinance,2026-07-10T06:58:05.450587+00:00
2026-05-18 14:30:00+00:00,XRP-USD,15m,1.3808000087738037,1.3813999891281128,1.3720999956130981,1.3756999969482422,31026176,31026176,yfinance,2026-07-10T06:58:05.450587+00:00
2026-05-18 14:45:00+00:00,XRP-USD,15m,1.375599980354309,1.3782000541687012,1.3725999593734741,1.3766000270843506,19549696,19549696,yfinance,2026-07-10T06:58:05.450587+00:00
2026-05-18 15:00:00+00:00,XRP-USD,15m,1.3762999773025513,1.3768999576568604,1.370300054550171,1.3752000331878662,32202496,32202496,yfinance,2026-07-10T06:58:05.450587+00:00
2026-05-18 15:15:00+00:00,XRP-USD,15m,1.3747999668121338,1.3753000497817993,1.3697999715805054,1.3697999715805054,12601088,12601088,yfinance,2026-07-10T06:58:05.450587+00:00
2026-05-18 15:30:00+00:00,XRP-USD,15m,1.3696000576019287,1.3746000528335571,1.368499994277954,1.3732999563217163,30373376,30373376,yfinance,2026-07-10T06:58:05.450587+00:00
2026-05-18 15:45:00+00:00,XRP-USD,15m,1.3731000423431396,1.3783999681472778,1.3731000423431396,1.3756999969482422,15836416,15836416,yfinance,2026-07-10T06:58:05.450587+00:00
2026-05-18 16:00:00+00:00,XRP-USD,15m,1.3756999969482422,1.3791999816894531,1.3739999532699585,1.378000020980835,15088896,15088896,yfinance,2026-07-10T06:58:05.450587+00:00
2026-05-18 16:15:00+00:00,XRP-USD,15m,1.3782000541687012,1.3801000118255615,1.3705999851226807,1.371000051498413,14796032,14796032,yfinance,2026-07-10T06:58:05.450587+00:00
2026-05-18 16:30:00+00:00,XRP-USD,15m,1.3708000183105469,1.3768999576568604,1.3696000576019287,1.3767000436782837,15978496,15978496,yfinance,2026-07-10T06:58:05.450587+00:00
2026-05-18 16:45:00+00:00,XRP-USD,15m,1.3770999908447266,1.3798999786376953,1.3770999908447266,1.3779000043869019,9235968,9235968,yfinance,2026-07-10T06:58:05.450587+00:00
2026-05-18 17:00:00+00:00,XRP-USD,15m,1.3776999711990356,1.3823000192642212,1.3760000467300415,1.3799999952316284,9266176,9266176,yfinance,2026-07-10T06:58:05.450587+00:00
2026-05-18 17:15:00+00:00,XRP-USD,15m,1.3799999952316284,1.3830000162124634,1.3791999816894531,1.381500005722046,3132672,3132672,yfinance,2026-07-10T06:58:05.450587+00:00
2026-05-18 17:30:00+00:00,XRP-USD,15m,1.381500005722046,1.381700038909912,1.378499984741211,1.3803999423980713,2665216,2665216,yfinance,2026-07-10T06:58:05.450587+00:00
2026-05-18 17:45:00+00:00,XRP-USD,15m,1.3803999423980713,1.381500005722046,1.3794000148773193,1.3799999952316284,4852736,4852736,yfinance,2026-07-10T06:58:05.450587+00:00
2026-05-18 18:00:00+00:00,XRP-USD,15m,1.3798999786376953,1.3802000284194946,1.3738000392913818,1.3747999668121338,5097984,5097984,yfinance,2026-07-10T06:58:05.450587+00:00
2026-05-18 18:15:00+00:00,XRP-USD,15m,1.3741999864578247,1.3743000030517578,1.3634999990463257,1.3690999746322632,13688320,13688320,yfinance,2026-07-10T06:58:05.450587+00:00
2026-05-18 18:30:00+00:00,XRP-USD,15m,1.3688000440597534,1.371399998664856,1.367400050163269,1.3704999685287476,20396032,20396032,yfinance,2026-07-10T06:58:05.450587+00:00
2026-05-18 18:45:00+00:00,XRP-USD,15m,1.3704999685287476,1.3712999820709229,1.3664000034332275,1.3667999505996704,12650240,12650240,yfinance,2026-07-10T06:58:05.450587+00:00
2026-05-18 19:00:00+00:00,XRP-USD,15m,1.3662999868392944,1.3847999572753906,1.3662999868392944,1.378600001335144,43834368,43834368,yfinance,2026-07-10T06:58:05.450587+00:00
2026-05-18 19:15:00+00:00,XRP-USD,15m,1.3791999816894531,1.381500005722046,1.3768999576568604,1.3796000480651855,13209088,13209088,yfinance,2026-07-10T06:58:05.450587+00:00
2026-05-18 19:30:00+00:00,XRP-USD,15m,1.3794000148773193,1.3859000205993652,1.3791999816894531,1.385599970817566,11319296,11319296,yfinance,2026-07-10T06:58:05.450587+00:00
2026-05-18 19:45:00+00:00,XRP-USD,15m,1.3861000537872314,1.3898999691009521,1.38510000705719,1.3866000175476074,7143680,7143680,yfinance,2026-07-10T06:58:05.450587+00:00
2026-05-18 20:00:00+00:00,XRP-USD,15m,1.3871999979019165,1.3910000324249268,1.3849999904632568,1.3902000188827515,8009472,8009472,yfinance,2026-07-10T06:58:05.450587+00:00
2026-05-18 20:15:00+00:00,XRP-USD,15m,1.3899999856948853,1.3910000324249268,1.388800024986267,1.3902000188827515,6628096,6628096,yfinance,2026-07-10T06:58:05.450587+00:00
2026-05-18 20:30:00+00:00,XRP-USD,15m,1.3901000022888184,1.3911000490188599,1.3844000101089478,1.3854000568389893,3486720,3486720,yfinance,2026-07-10T06:58:05.450587+00:00
2026-05-18 20:45:00+00:00,XRP-USD,15m,1.385599970817566,1.385599970817566,1.382599949836731,1.3835999965667725,7115776,7115776,yfinance,2026-07-10T06:58:05.450587+00:00
2026-05-18 21:00:00+00:00,XRP-USD,15m,1.3835999965667725,1.3868000507354736,1.381100058555603,1.3863999843597412,4980480,4980480,yfinance,2026-07-10T06:58:05.450587+00:00
2026-05-18 21:15:00+00:00,XRP-USD,15m,1.3863999843597412,1.3895000219345093,1.385599970817566,1.3884999752044678,3733504,3733504,yfinance,2026-07-10T06:58:05.450587+00:00
2026-05-18 21:30:00+00:00,XRP-USD,15m,1.388800024986267,1.3944000005722046,1.388800024986267,1.391700029373169,12532480,12532480,yfinance,2026-07-10T06:58:05.450587+00:00
2026-05-18 21:45:00+00:00,XRP-USD,15m,1.392300009727478,1.3941999673843384,1.3907999992370605,1.3910000324249268,2879744,2879744,yfinance,2026-07-10T06:58:05.450587+00:00
2026-05-18 22:00:00+00:00,XRP-USD,15m,1.392799973487854,1.3934999704360962,1.3911999464035034,1.3933000564575195,394240,394240,yfinance,2026-07-10T06:58:05.450587+00:00
2026-05-18 22:15:00+00:00,XRP-USD,15m,1.392799973487854,1.3950999975204468,1.3905999660491943,1.3905999660491943,0,0,yfinance,2026-07-10T06:58:05.450587+00:00
2026-05-18 22:30:00+00:00,XRP-USD,15m,1.3930000066757202,1.3933000564575195,1.3889000415802002,1.3901000022888184,6189056,6189056,yfinance,2026-07-10T06:58:05.450587+00:00
2026-05-18 22:45:00+00:00,XRP-USD,15m,1.3899999856948853,1.391800045967102,1.3875000476837158,1.3914999961853027,1380608,1380608,yfinance,2026-07-10T06:58:05.450587+00:00
2026-05-18 23:00:00+00:00,XRP-USD,15m,1.3911999464035034,1.3934999704360962,1.3905999660491943,1.3906999826431274,0,0,yfinance,2026-07-10T06:58:05.450587+00:00
2026-05-18 23:15:00+00:00,XRP-USD,15m,1.3907999992370605,1.3909000158309937,1.389299988746643,1.3894000053405762,0,0,yfinance,2026-07-10T06:58:05.450587+00:00
2026-05-18 23:30:00+00:00,XRP-USD,15m,1.3890000581741333,1.392199993133545,1.3889000415802002,1.3918999433517456,0,0,yfinance,2026-07-10T06:58:05.450587+00:00
2026-05-18 23:45:00+00:00,XRP-USD,15m,1.3916000127792358,1.3916000127792358,1.3880000114440918,1.38919997215271,0,0,yfinance,2026-07-10T06:58:05.450587+00:00
2026-05-19 00:00:00+00:00,XRP-USD,15m,1.3896000385284424,1.3935999870300293,1.3882999420166016,1.3924000263214111,0,0,yfinance,2026-07-10T06:58:05.450587+00:00
2026-05-19 00:15:00+00:00,XRP-USD,15m,1.391800045967102,1.3967000246047974,1.391800045967102,1.3950999975204468,0,0,yfinance,2026-07-10T06:58:05.450587+00:00
2026-05-19 00:30:00+00:00,XRP-USD,15m,1.3952000141143799,1.3954999446868896,1.3913999795913696,1.392699956893921,0,0,yfinance,2026-07-10T06:58:05.450587+00:00
2026-05-19 00:45:00+00:00,XRP-USD,15m,1.392899990081787,1.3949999809265137,1.3918999433517456,1.3919999599456787,0,0,yfinance,2026-07-10T06:58:05.450587+00:00
2026-05-19 01:00:00+00:00,XRP-USD,15m,1.3919999599456787,1.3919999599456787,1.3897000551223755,1.3905999660491943,0,0,yfinance,2026-07-10T06:58:05.450587+00:00
2026-05-19 01:15:00+00:00,XRP-USD,15m,1.3907999992370605,1.3909000158309937,1.3838000297546387,1.3846999406814575,0,0,yfinance,2026-07-10T06:58:05.450587+00:00
2026-05-19 01:30:00+00:00,XRP-USD,15m,1.3845000267028809,1.3890999555587769,1.3834999799728394,1.3880000114440918,0,0,yfinance,2026-07-10T06:58:05.450587+00:00
2026-05-19 01:45:00+00:00,XRP-USD,15m,1.388200044631958,1.3882999420166016,1.3834999799728394,1.3834999799728394,0,0,yfinance,2026-07-10T06:58:05.450587+00:00
2026-05-19 02:00:00+00:00,XRP-USD,15m,1.3831000328063965,1.3831000328063965,1.3782999515533447,1.3811999559402466,0,0,yfinance,2026-07-10T06:58:05.450587+00:00
2026-05-19 02:15:00+00:00,XRP-USD,15m,1.3806999921798706,1.3873000144958496,1.3802000284194946,1.3840999603271484,718592,718592,yfinance,2026-07-10T06:58:05.450587+00:00
2026-05-19 02:30:00+00:00,XRP-USD,15m,1.3840999603271484,1.3841999769210815,1.3808000087738037,1.3811999559402466,0,0,yfinance,2026-07-10T06:58:05.450587+00:00
2026-05-19 02:45:00+00:00,XRP-USD,15m,1.381100058555603,1.3823000192642212,1.3770999908447266,1.3783999681472778,305536,305536,yfinance,2026-07-10T06:58:05.450587+00:00
2026-05-19 03:00:00+00:00,XRP-USD,15m,1.378000020980835,1.3803000450134277,1.3769999742507935,1.3803000450134277,0,0,yfinance,2026-07-10T06:58:05.450587+00:00
2026-05-19 03:15:00+00:00,XRP-USD,15m,1.3802000284194946,1.3824000358581543,1.3792999982833862,1.3802000284194946,0,0,yfinance,2026-07-10T06:58:05.450587+00:00
2026-05-19 03:30:00+00:00,XRP-USD,15m,1.3806999921798706,1.3835999965667725,1.3803999423980713,1.3832999467849731,0,0,yfinance,2026-07-10T06:58:05.450587+00:00
2026-05-19 03:45:00+00:00,XRP-USD,15m,1.3831000328063965,1.3839000463485718,1.381600022315979,1.3825000524520874,0,0,yfinance,2026-07-10T06:58:05.450587+00:00
2026-05-19 04:00:00+00:00,XRP-USD,15m,1.3825000524520874,1.385599970817566,1.381100058555603,1.3846999406814575,0,0,yfinance,2026-07-10T06:58:05.450587+00:00
2026-05-19 04:15:00+00:00,XRP-USD,15m,1.3842999935150146,1.3846999406814575,1.378100037574768,1.378499984741211,608256,608256,yfinance,2026-07-10T06:58:05.450587+00:00
2026-05-19 04:30:00+00:00,XRP-USD,15m,1.3789000511169434,1.3849999904632568,1.3787000179290771,1.3841999769210815,1969792,1969792,yfinance,2026-07-10T06:58:05.450587+00:00
2026-05-19 04:45:00+00:00,XRP-USD,15m,1.384600043296814,1.3865000009536743,1.3842999935150146,1.3861000537872314,2213888,2213888,yfinance,2026-07-10T06:58:05.450587+00:00
2026-05-19 05:00:00+00:00,XRP-USD,15m,1.3861000537872314,1.3869999647140503,1.382200002670288,1.3831000328063965,0,0,yfinance,2026-07-10T06:58:05.450587+00:00
2026-05-19 05:15:00+00:00,XRP-USD,15m,1.3833999633789062,1.3833999633789062,1.377500057220459,1.381100058555603,1233664,1233664,yfinance,2026-07-10T06:58:05.450587+00:00
2026-05-19 05:30:00+00:00,XRP-USD,15m,1.3809000253677368,1.3863999843597412,1.3798999786376953,1.3845000267028809,3307136,3307136,yfinance,2026-07-10T06:58:05.450587+00:00
2026-05-19 05:45:00+00:00,XRP-USD,15m,1.3845000267028809,1.3873000144958496,1.3813999891281128,1.3819999694824219,2956160,2956160,yfinance,2026-07-10T06:58:05.450587+00:00
2026-05-19 06:00:00+00:00,XRP-USD,15m,1.381700038909912,1.3845000267028809,1.3809000253677368,1.3840999603271484,4207616,4207616,yfinance,2026-07-10T06:58:05.450587+00:00
2026-05-19 06:15:00+00:00,XRP-USD,15m,1.3842999935150146,1.385599970817566,1.3828999996185303,1.3839000463485718,0,0,yfinance,2026-07-10T06:58:05.450587+00:00
2026-05-19 06:30:00+00:00,XRP-USD,15m,1.3839000463485718,1.3869999647140503,1.3839000463485718,1.3859000205993652,0,0,yfinance,2026-07-10T06:58:05.450587+00:00
2026-05-19 06:45:00+00:00,XRP-USD,15m,1.385699987411499,1.3858000040054321,1.3819999694824219,1.3840999603271484,781568,781568,yfinance,2026-07-10T06:58:05.450587+00:00
2026-05-19 07:00:00+00:00,XRP-USD,15m,1.3834999799728394,1.3865000009536743,1.382099986076355,1.3839999437332153,1538944,1538944,yfinance,2026-07-10T06:58:05.450587+00:00
2026-05-19 07:15:00+00:00,XRP-USD,15m,1.3842999935150146,1.3878999948501587,1.3832000494003296,1.3854000568389893,13310464,13310464,yfinance,2026-07-10T06:58:05.450587+00:00
2026-05-19 07:30:00+00:00,XRP-USD,15m,1.3854999542236328,1.3882999420166016,1.385200023651123,1.3877999782562256,0,0,yfinance,2026-07-10T06:58:05.450587+00:00
2026-05-19 07:45:00+00:00,XRP-USD,15m,1.3875000476837158,1.3885999917984009,1.3867000341415405,1.3876999616622925,100864,100864,yfinance,2026-07-10T06:58:05.450587+00:00
2026-05-19 08:00:00+00:00,XRP-USD,15m,1.3877999782562256,1.3878999948501587,1.3819999694824219,1.3832000494003296,1087360,1087360,yfinance,2026-07-10T06:58:05.450587+00:00
2026-05-19 08:15:00+00:00,XRP-USD,15m,1.3832999467849731,1.3845000267028809,1.37909996509552,1.38100004196167,1760256,1760256,yfinance,2026-07-10T06:58:05.450587+00:00
2026-05-19 08:30:00+00:00,XRP-USD,15m,1.3811999559402466,1.3867000341415405,1.3799999952316284,1.3834999799728394,8202880,8202880,yfinance,2026-07-10T06:58:05.450587+00:00
2026-05-19 08:45:00+00:00,XRP-USD,15m,1.3835999965667725,1.38510000705719,1.3818999528884888,1.3818999528884888,2669312,2669312,yfinance,2026-07-10T06:58:05.450587+00:00
2026-05-19 09:00:00+00:00,XRP-USD,15m,1.3811999559402466,1.3830000162124634,1.3802000284194946,1.3809000253677368,13794176,13794176,yfinance,2026-07-10T06:58:05.450587+00:00
2026-05-19 09:15:00+00:00,XRP-USD,15m,1.3806999921798706,1.3806999921798706,1.3717999458312988,1.3726999759674072,6543360,6543360,yfinance,2026-07-10T06:58:05.450587+00:00
2026-05-19 09:30:00+00:00,XRP-USD,15m,1.372499942779541,1.3747999668121338,1.3702000379562378,1.3746999502182007,15794048,15794048,yfinance,2026-07-10T06:58:05.450587+00:00
2026-05-19 09:45:00+00:00,XRP-USD,15m,1.375,1.3752000331878662,1.3730000257492065,1.373900055885315,6942080,6942080,yfinance,2026-07-10T06:58:05.450587+00:00
2026-05-19 10:00:00+00:00,XRP-USD,15m,1.3737000226974487,1.3747999668121338,1.3717999458312988,1.3733999729156494,0,0,yfinance,2026-07-10T06:58:05.450587+00:00
2026-05-19 10:15:00+00:00,XRP-USD,15m,1.3733999729156494,1.3739999532699585,1.371899962425232,1.373900055885315,0,0,yfinance,2026-07-10T06:58:05.450587+00:00
2026-05-19 10:30:00+00:00,XRP-USD,15m,1.374400019645691,1.3756999969482422,1.368299961090088,1.3693000078201294,1714816,1714816,yfinance,2026-07-10T06:58:05.450587+00:00
2026-05-19 10:45:00+00:00,XRP-USD,15m,1.3694000244140625,1.3746000528335571,1.367300033569336,1.3733999729156494,11554432,11554432,yfinance,2026-07-10T06:58:05.450587+00:00
2026-05-19 11:00:00+00:00,XRP-USD,15m,1.3734999895095825,1.375599980354309,1.3726999759674072,1.3733999729156494,0,0,yfinance,2026-07-10T06:58:05.450587+00:00
2026-05-19 11:15:00+00:00,XRP-USD,15m,1.3737000226974487,1.3743000030517578,1.370300054550171,1.3707000017166138,1099008,1099008,yfinance,2026-07-10T06:58:05.450587+00:00
2026-05-19 11:30:00+00:00,XRP-USD,15m,1.371000051498413,1.3729000091552734,1.3688000440597534,1.36899995803833,0,0,yfinance,2026-07-10T06:58:05.450587+00:00
2026-05-19 11:45:00+00:00,XRP-USD,15m,1.368899941444397,1.3720999956130981,1.368899941444397,1.3710999488830566,0,0,yfinance,2026-07-10T06:58:05.450587+00:00
2026-05-19 12:00:00+00:00,XRP-USD,15m,1.371000051498413,1.3732999563217163,1.3696000576019287,1.3732000589370728,0,0,yfinance,2026-07-10T06:58:05.450587+00:00
2026-05-19 12:15:00+00:00,XRP-USD,15m,1.3732000589370728,1.3740999698638916,1.3720999956130981,1.3732000589370728,0,0,yfinance,2026-07-10T06:58:05.450587+00:00
2026-05-19 12:30:00+00:00,XRP-USD,15m,1.3731000423431396,1.3759000301361084,1.3731000423431396,1.375499963760376,0,0,yfinance,2026-07-10T06:58:05.450587+00:00
2026-05-19 12:45:00+00:00,XRP-USD,15m,1.375599980354309,1.3768999576568604,1.374400019645691,1.3765000104904175,0,0,yfinance,2026-07-10T06:58:05.450587+00:00
2026-05-19 13:00:00+00:00,XRP-USD,15m,1.3767999410629272,1.378100037574768,1.3729000091552734,1.375100016593933,0,0,yfinance,2026-07-10T06:58:05.450587+00:00
2026-05-19 13:15:00+00:00,XRP-USD,15m,1.3752000331878662,1.3753999471664429,1.3697999715805054,1.370300054550171,3471104,3471104,yfinance,2026-07-10T06:58:05.450587+00:00
2026-05-19 13:30:00+00:00,XRP-USD,15m,1.37090003490448,1.3804999589920044,1.3702000379562378,1.3729000091552734,0,0,yfinance,2026-07-10T06:58:05.450587+00:00
2026-05-19 13:45:00+00:00,XRP-USD,15m,1.3727999925613403,1.3782999515533447,1.371999979019165,1.3756999969482422,0,0,yfinance,2026-07-10T06:58:05.450587+00:00
2026-05-19 14:00:00+00:00,XRP-USD,15m,1.3756999969482422,1.3782999515533447,1.3695000410079956,1.3698999881744385,0,0,yfinance,2026-07-10T06:58:05.450587+00:00
2026-05-19 14:15:00+00:00,XRP-USD,15m,1.3696000576019287,1.3703999519348145,1.364400029182434,1.367900013923645,4450944,4450944,yfinance,2026-07-10T06:58:05.450587+00:00
2026-05-19 14:30:00+00:00,XRP-USD,15m,1.368399977684021,1.3696000576019287,1.3645000457763672,1.3672000169754028,914944,914944,yfinance,2026-07-10T06:58:05.450587+00:00
2026-05-19 14:45:00+00:00,XRP-USD,15m,1.3671000003814697,1.3675999641418457,1.360200047492981,1.3655999898910522,6008448,6008448,yfinance,2026-07-10T06:58:05.450587+00:00
2026-05-19 15:00:00+00:00,XRP-USD,15m,1.3651000261306763,1.3688000440597534,1.3645000457763672,1.3688000440597534,0,0,yfinance,2026-07-10T06:58:05.450587+00:00
2026-05-19 15:15:00+00:00,XRP-USD,15m,1.3693000078201294,1.3704999685287476,1.36489999294281,1.3671000003814697,0,0,yfinance,2026-07-10T06:58:05.450587+00:00
2026-05-19 15:30:00+00:00,XRP-USD,15m,1.3668999671936035,1.3716000318527222,1.3667999505996704,1.3671000003814697,52096,52096,yfinance,2026-07-10T06:58:05.450587+00:00
2026-05-19 15:45:00+00:00,XRP-USD,15m,1.367300033569336,1.3674999475479126,1.3641999959945679,1.3660999536514282,1271424,1271424,yfinance,2026-07-10T06:58:05.450587+00:00
2026-05-19 16:00:00+00:00,XRP-USD,15m,1.3664000034332275,1.3672000169754028,1.3624999523162842,1.3631000518798828,2003712,2003712,yfinance,2026-07-10T06:58:05.450587+00:00
2026-05-19 16:15:00+00:00,XRP-USD,15m,1.3631000518798828,1.3654999732971191,1.3630000352859497,1.365399956703186,7294464,7294464,yfinance,2026-07-10T06:58:05.450587+00:00
2026-05-19 16:30:00+00:00,XRP-USD,15m,1.3654999732971191,1.3694000244140625,1.3652000427246094,1.3694000244140625,6860032,6860032,yfinance,2026-07-10T06:58:05.450587+00:00
2026-05-19 16:45:00+00:00,XRP-USD,15m,1.3695000410079956,1.3725999593734741,1.368299961090088,1.3712999820709229,10045184,10045184,yfinance,2026-07-10T06:58:05.450587+00:00
2026-05-19 17:00:00+00:00,XRP-USD,15m,1.3717000484466553,1.3729000091552734,1.3698999881744385,1.3708000183105469,1129600,1129600,yfinance,2026-07-10T06:58:05.450587+00:00
2026-05-19 17:15:00+00:00,XRP-USD,15m,1.37090003490448,1.3724000453948975,1.367799997329712,1.3680000305175781,9026048,9026048,yfinance,2026-07-10T06:58:05.450587+00:00
2026-05-19 17:30:00+00:00,XRP-USD,15m,1.3675999641418457,1.3680000305175781,1.364400029182434,1.364400029182434,10744960,10744960,yfinance,2026-07-10T06:58:05.450587+00:00
2026-05-19 17:45:00+00:00,XRP-USD,15m,1.3638999462127686,1.3640999794006348,1.3610999584197998,1.3628000020980835,14320384,14320384,yfinance,2026-07-10T06:58:05.450587+00:00
2026-05-19 18:00:00+00:00,XRP-USD,15m,1.3628000020980835,1.3653000593185425,1.361799955368042,1.3646999597549438,2014976,2014976,yfinance,2026-07-10T06:58:05.450587+00:00
2026-05-19 18:15:00+00:00,XRP-USD,15m,1.3650000095367432,1.3667999505996704,1.3615000247955322,1.361899971961975,2029184,2029184,yfinance,2026-07-10T06:58:05.450587+00:00
2026-05-19 18:30:00+00:00,XRP-USD,15m,1.3615000247955322,1.3638999462127686,1.3604999780654907,1.3622000217437744,1929344,1929344,yfinance,2026-07-10T06:58:05.450587+00:00
2026-05-19 18:45:00+00:00,XRP-USD,15m,1.3625999689102173,1.3639999628067017,1.3604999780654907,1.3614000082015991,6839296,6839296,yfinance,2026-07-10T06:58:05.450587+00:00
2026-05-19 19:00:00+00:00,XRP-USD,15m,1.3615000247955322,1.3651000261306763,1.3615000247955322,1.3651000261306763,0,0,yfinance,2026-07-10T06:58:05.450587+00:00
2026-05-19 19:15:00+00:00,XRP-USD,15m,1.36489999294281,1.3651000261306763,1.3559999465942383,1.357100009918213,13008896,13008896,yfinance,2026-07-10T06:58:05.450587+00:00
2026-05-19 19:30:00+00:00,XRP-USD,15m,1.357699990272522,1.3597999811172485,1.3565000295639038,1.357100009918213,24109696,24109696,yfinance,2026-07-10T06:58:05.450587+00:00
2026-05-19 19:45:00+00:00,XRP-USD,15m,1.357100009918213,1.3573999404907227,1.3551000356674194,1.3559999465942383,3228160,3228160,yfinance,2026-07-10T06:58:05.450587+00:00
2026-05-19 20:00:00+00:00,XRP-USD,15m,1.3561999797821045,1.3588000535964966,1.354599952697754,1.356600046157837,1883904,1883904,yfinance,2026-07-10T06:58:05.450587+00:00
2026-05-19 20:15:00+00:00,XRP-USD,15m,1.356600046157837,1.357100009918213,1.354699969291687,1.3559999465942383,8969088,8969088,yfinance,2026-07-10T06:58:05.450587+00:00
2026-05-19 20:30:00+00:00,XRP-USD,15m,1.3561999797821045,1.3589999675750732,1.3552000522613525,1.3567999601364136,15019008,15019008,yfinance,2026-07-10T06:58:05.450587+00:00
2026-05-19 20:45:00+00:00,XRP-USD,15m,1.3566999435424805,1.3587000370025635,1.3566999435424805,1.357300043106079,7207808,7207808,yfinance,2026-07-10T06:58:05.450587+00:00
2026-05-19 21:00:00+00:00,XRP-USD,15m,1.357200026512146,1.3621000051498413,1.3561999797821045,1.3616000413894653,11003392,11003392,yfinance,2026-07-10T06:58:05.450587+00:00
2026-05-19 21:15:00+00:00,XRP-USD,15m,1.3617000579833984,1.3617000579833984,1.3596999645233154,1.3602999448776245,10992000,10992000,yfinance,2026-07-10T06:58:05.450587+00:00
2026-05-19 21:30:00+00:00,XRP-USD,15m,1.360200047492981,1.3615000247955322,1.3601000308990479,1.36080002784729,3595264,3595264,yfinance,2026-07-10T06:58:05.450587+00:00
2026-05-19 21:45:00+00:00,XRP-USD,15m,1.36080002784729,1.3609000444412231,1.358199954032898,1.3588000535964966,10235264,10235264,yfinance,2026-07-10T06:58:05.450587+00:00
2026-05-19 22:00:00+00:00,XRP-USD,15m,1.3586000204086304,1.3586000204086304,1.3558000326156616,1.357200026512146,5857664,5857664,yfinance,2026-07-10T06:58:05.450587+00:00
2026-05-19 22:15:00+00:00,XRP-USD,15m,1.356600046157837,1.357300043106079,1.3538000583648682,1.3544000387191772,2708608,2708608,yfinance,2026-07-10T06:58:05.450587+00:00
2026-05-19 22:30:00+00:00,XRP-USD,15m,1.354200005531311,1.3575999736785889,1.3519999980926514,1.3569999933242798,2721664,2721664,yfinance,2026-07-10T06:58:05.450587+00:00
2026-05-19 22:45:00+00:00,XRP-USD,15m,1.3567999601364136,1.357699990272522,1.3564000129699707,1.3569999933242798,0,0,yfinance,2026-07-10T06:58:05.450587+00:00
2026-05-19 23:00:00+00:00,XRP-USD,15m,1.3565000295639038,1.3614000082015991,1.3559000492095947,1.3602999448776245,2726656,2726656,yfinance,2026-07-10T06:58:05.450587+00:00
2026-05-19 23:15:00+00:00,XRP-USD,15m,1.3605999946594238,1.3624999523162842,1.360200047492981,1.3624000549316406,4021120,4021120,yfinance,2026-07-10T06:58:05.450587+00:00
2026-05-19 23:30:00+00:00,XRP-USD,15m,1.3626999855041504,1.364400029182434,1.3617000579833984,1.3622000217437744,2130816,2130816,yfinance,2026-07-10T06:58:05.450587+00:00
2026-05-19 23:45:00+00:00,XRP-USD,15m,1.3621000051498413,1.3621000051498413,1.3597999811172485,1.3603999614715576,823808,823808,yfinance,2026-07-10T06:58:05.450587+00:00
2026-05-20 00:00:00+00:00,XRP-USD,15m,1.3604999780654907,1.3626999855041504,1.3552000522613525,1.3552000522613525,891648,891648,yfinance,2026-07-10T06:58:05.450587+00:00
2026-05-20 00:15:00+00:00,XRP-USD,15m,1.355299949645996,1.3559000492095947,1.3508000373840332,1.3551000356674194,9205248,9205248,yfinance,2026-07-10T06:58:05.450587+00:00
2026-05-20 00:30:00+00:00,XRP-USD,15m,1.3559000492095947,1.3589999675750732,1.3513000011444092,1.3530000448226929,13807488,13807488,yfinance,2026-07-10T06:58:05.450587+00:00
2026-05-20 00:45:00+00:00,XRP-USD,15m,1.3535000085830688,1.3552000522613525,1.3518999814987183,1.354699969291687,10437120,10437120,yfinance,2026-07-10T06:58:05.450587+00:00
2026-05-20 01:00:00+00:00,XRP-USD,15m,1.3545000553131104,1.3569999933242798,1.3513000011444092,1.3553999662399292,5294208,5294208,yfinance,2026-07-10T06:58:05.450587+00:00
2026-05-20 01:15:00+00:00,XRP-USD,15m,1.3551000356674194,1.3552000522613525,1.3478000164031982,1.3485000133514404,4795904,4795904,yfinance,2026-07-10T06:58:05.450587+00:00
2026-05-20 01:30:00+00:00,XRP-USD,15m,1.3487999439239502,1.3509999513626099,1.3466999530792236,1.3482999801635742,22675712,22675712,yfinance,2026-07-10T06:58:05.450587+00:00
2026-05-20 01:45:00+00:00,XRP-USD,15m,1.3488999605178833,1.3547999858856201,1.3473999500274658,1.3538999557495117,17556096,17556096,yfinance,2026-07-10T06:58:05.450587+00:00
2026-05-20 02:00:00+00:00,XRP-USD,15m,1.3539999723434448,1.3550000190734863,1.3502999544143677,1.3517999649047852,1707520,1707520,yfinance,2026-07-10T06:58:05.450587+00:00
2026-05-20 02:15:00+00:00,XRP-USD,15m,1.3516000509262085,1.3551000356674194,1.3503999710083008,1.3532999753952026,1464576,1464576,yfinance,2026-07-10T06:58:05.450587+00:00
2026-05-20 02:30:00+00:00,XRP-USD,15m,1.3530999422073364,1.3538999557495117,1.3496999740600586,1.3497999906539917,1979776,1979776,yfinance,2026-07-10T06:58:05.450587+00:00
2026-05-20 02:45:00+00:00,XRP-USD,15m,1.3494999408721924,1.3519999980926514,1.3494000434875488,1.3507000207901,1149696,1149696,yfinance,2026-07-10T06:58:05.450587+00:00
2026-05-20 03:00:00+00:00,XRP-USD,15m,1.3507000207901,1.3517999649047852,1.3483999967575073,1.3515000343322754,1289216,1289216,yfinance,2026-07-10T06:58:05.450587+00:00
2026-05-20 03:15:00+00:00,XRP-USD,15m,1.3514000177383423,1.3569999933242798,1.3509000539779663,1.3569999933242798,3001728,3001728,yfinance,2026-07-10T06:58:05.450587+00:00
2026-05-20 03:30:00+00:00,XRP-USD,15m,1.3567999601364136,1.3567999601364136,1.354599952697754,1.3555999994277954,5318912,5318912,yfinance,2026-07-10T06:58:05.450587+00:00
2026-05-20 03:45:00+00:00,XRP-USD,15m,1.3555999994277954,1.3558000326156616,1.3538999557495117,1.3547999858856201,911488,911488,yfinance,2026-07-10T06:58:05.450587+00:00
2026-05-20 04:00:00+00:00,XRP-USD,15m,1.3547999858856201,1.357100009918213,1.354699969291687,1.3567999601364136,0,0,yfinance,2026-07-10T06:58:05.450587+00:00
2026-05-20 04:15:00+00:00,XRP-USD,15m,1.3568999767303467,1.3569999933242798,1.354599952697754,1.3551000356674194,397952,397952,yfinance,2026-07-10T06:58:05.450587+00:00
2026-05-20 04:30:00+00:00,XRP-USD,15m,1.3552000522613525,1.3555999994277954,1.3519999980926514,1.3551000356674194,564480,564480,yfinance,2026-07-10T06:58:05.450587+00:00
2026-05-20 04:45:00+00:00,XRP-USD,15m,1.3550000190734863,1.3585000038146973,1.3550000190734863,1.3585000038146973,0,0,yfinance,2026-07-10T06:58:05.450587+00:00
2026-05-20 05:00:00+00:00,XRP-USD,15m,1.3590999841690063,1.3676999807357788,1.3590999841690063,1.3672000169754028,6021248,6021248,yfinance,2026-07-10T06:58:05.450587+00:00
2026-05-20 05:15:00+00:00,XRP-USD,15m,1.367300033569336,1.367300033569336,1.3632999658584595,1.3636000156402588,9769984,9769984,yfinance,2026-07-10T06:58:05.450587+00:00
2026-05-20 05:30:00+00:00,XRP-USD,15m,1.364300012588501,1.3687000274658203,1.364300012588501,1.3662999868392944,5261952,5261952,yfinance,2026-07-10T06:58:05.450587+00:00
2026-05-20 05:45:00+00:00,XRP-USD,15m,1.3664000034332275,1.3674999475479126,1.3660999536514282,1.3668999671936035,1786240,1786240,yfinance,2026-07-10T06:58:05.450587+00:00
2026-05-20 06:00:00+00:00,XRP-USD,15m,1.3672000169754028,1.367799997329712,1.3664000034332275,1.367300033569336,159104,159104,yfinance,2026-07-10T06:58:05.450587+00:00
2026-05-20 06:15:00+00:00,XRP-USD,15m,1.3676999807357788,1.368499994277954,1.3662999868392944,1.3665000200271606,10343936,10343936,yfinance,2026-07-10T06:58:05.450587+00:00
2026-05-20 06:30:00+00:00,XRP-USD,15m,1.3667000532150269,1.3686000108718872,1.3654999732971191,1.3686000108718872,4947840,4947840,yfinance,2026-07-10T06:58:05.450587+00:00
2026-05-20 06:45:00+00:00,XRP-USD,15m,1.368499994277954,1.3697999715805054,1.367300033569336,1.3694000244140625,3782272,3782272,yfinance,2026-07-10T06:58:05.450587+00:00
2026-05-20 07:00:00+00:00,XRP-USD,15m,1.3696000576019287,1.3698999881744385,1.3672000169754028,1.3686000108718872,0,0,yfinance,2026-07-10T06:58:05.450587+00:00
2026-05-20 07:15:00+00:00,XRP-USD,15m,1.368499994277954,1.3725999593734741,1.367900013923645,1.3708000183105469,584448,584448,yfinance,2026-07-10T06:58:05.450587+00:00
2026-05-20 07:30:00+00:00,XRP-USD,15m,1.3705999851226807,1.371000051498413,1.368899941444397,1.368899941444397,1119744,1119744,yfinance,2026-07-10T06:58:05.450587+00:00
2026-05-20 07:45:00+00:00,XRP-USD,15m,1.3688000440597534,1.3688000440597534,1.3661999702453613,1.3668999671936035,1068928,1068928,yfinance,2026-07-10T06:58:05.450587+00:00
2026-05-20 08:00:00+00:00,XRP-USD,15m,1.3672000169754028,1.3681000471115112,1.3655999898910522,1.3662999868392944,975744,975744,yfinance,2026-07-10T06:58:05.450587+00:00
2026-05-20 08:15:00+00:00,XRP-USD,15m,1.3660000562667847,1.3667000532150269,1.3645000457763672,1.3667000532150269,524800,524800,yfinance,2026-07-10T06:58:05.450587+00:00
2026-05-20 08:30:00+00:00,XRP-USD,15m,1.3667999505996704,1.3712999820709229,1.3667999505996704,1.3693000078201294,6526720,6526720,yfinance,2026-07-10T06:58:05.450587+00:00
2026-05-20 08:45:00+00:00,XRP-USD,15m,1.3693000078201294,1.3696999549865723,1.3676999807357788,1.36899995803833,4372224,4372224,yfinance,2026-07-10T06:58:05.450587+00:00
2026-05-20 09:00:00+00:00,XRP-USD,15m,1.368899941444397,1.3697999715805054,1.3680000305175781,1.3688000440597534,0,0,yfinance,2026-07-10T06:58:05.450587+00:00
2026-05-20 09:15:00+00:00,XRP-USD,15m,1.3688000440597534,1.3701000213623047,1.3672000169754028,1.3698999881744385,0,0,yfinance,2026-07-10T06:58:05.450587+00:00
2026-05-20 09:30:00+00:00,XRP-USD,15m,1.3700000047683716,1.3716000318527222,1.3698999881744385,1.3711999654769897,0,0,yfinance,2026-07-10T06:58:05.450587+00:00
2026-05-20 09:45:00+00:00,XRP-USD,15m,1.3712999820709229,1.3712999820709229,1.3681999444961548,1.3686000108718872,0,0,yfinance,2026-07-10T06:58:05.450587+00:00
2026-05-20 10:00:00+00:00,XRP-USD,15m,1.368499994277954,1.3703999519348145,1.3681999444961548,1.3696999549865723,1130880,1130880,yfinance,2026-07-10T06:58:05.450587+00:00
2026-05-20 10:15:00+00:00,XRP-USD,15m,1.3696000576019287,1.3716000318527222,1.3688000440597534,1.371399998664856,2124416,2124416,yfinance,2026-07-10T06:58:05.450587+00:00
2026-05-20 10:30:00+00:00,XRP-USD,15m,1.3712999820709229,1.3743000030517578,1.371000051498413,1.3717000484466553,3366016,3366016,yfinance,2026-07-10T06:58:05.450587+00:00
2026-05-20 10:45:00+00:00,XRP-USD,15m,1.3717000484466553,1.3720999956130981,1.36899995803833,1.3690999746322632,0,0,yfinance,2026-07-10T06:58:05.450587+00:00
2026-05-20 11:00:00+00:00,XRP-USD,15m,1.3691999912261963,1.370300054550171,1.3681000471115112,1.3688000440597534,0,0,yfinance,2026-07-10T06:58:05.450587+00:00
2026-05-20 11:15:00+00:00,XRP-USD,15m,1.368899941444397,1.3697999715805054,1.3672000169754028,1.3672000169754028,0,0,yfinance,2026-07-10T06:58:05.450587+00:00
2026-05-20 11:30:00+00:00,XRP-USD,15m,1.3675999641418457,1.368299961090088,1.3658000230789185,1.3667000532150269,778496,778496,yfinance,2026-07-10T06:58:05.450587+00:00
2026-05-20 11:45:00+00:00,XRP-USD,15m,1.3661999702453613,1.3667999505996704,1.3631000518798828,1.364300012588501,1109504,1109504,yfinance,2026-07-10T06:58:05.450587+00:00
2026-05-20 12:00:00+00:00,XRP-USD,15m,1.3639999628067017,1.3667000532150269,1.3626999855041504,1.3655999898910522,0,0,yfinance,2026-07-10T06:58:05.450587+00:00
2026-05-20 12:15:00+00:00,XRP-USD,15m,1.3654999732971191,1.367799997329712,1.3641999959945679,1.367799997329712,942080,942080,yfinance,2026-07-10T06:58:05.450587+00:00
2026-05-20 12:30:00+00:00,XRP-USD,15m,1.3681000471115112,1.3698999881744385,1.367300033569336,1.3696999549865723,1562240,1562240,yfinance,2026-07-10T06:58:05.450587+00:00
2026-05-20 12:45:00+00:00,XRP-USD,15m,1.3696000576019287,1.374500036239624,1.3696000576019287,1.3723000288009644,2573056,2573056,yfinance,2026-07-10T06:58:05.450587+00:00
2026-05-20 13:00:00+00:00,XRP-USD,15m,1.3724000453948975,1.3730000257492065,1.3690999746322632,1.3694000244140625,909184,909184,yfinance,2026-07-10T06:58:05.450587+00:00
2026-05-20 13:15:00+00:00,XRP-USD,15m,1.3694000244140625,1.3697999715805054,1.3660000562667847,1.3667000532150269,0,0,yfinance,2026-07-10T06:58:05.450587+00:00
2026-05-20 13:30:00+00:00,XRP-USD,15m,1.3664000034332275,1.3671000003814697,1.358199954032898,1.3624000549316406,3112576,3112576,yfinance,2026-07-10T06:58:05.450587+00:00
2026-05-20 13:45:00+00:00,XRP-USD,15m,1.3623000383377075,1.3665000200271606,1.3601000308990479,1.3630000352859497,8383360,8383360,yfinance,2026-07-10T06:58:05.450587+00:00
2026-05-20 14:00:00+00:00,XRP-USD,15m,1.3633999824523926,1.3645999431610107,1.357699990272522,1.3626999855041504,155776,155776,yfinance,2026-07-10T06:58:05.450587+00:00
2026-05-20 14:15:00+00:00,XRP-USD,15m,1.3631999492645264,1.3710999488830566,1.3626999855041504,1.367900013923645,12461696,12461696,yfinance,2026-07-10T06:58:05.450587+00:00
2026-05-20 14:30:00+00:00,XRP-USD,15m,1.3680000305175781,1.371000051498413,1.3666000366210938,1.36899995803833,3913216,3913216,yfinance,2026-07-10T06:58:05.450587+00:00
2026-05-20 14:45:00+00:00,XRP-USD,15m,1.3696999549865723,1.375,1.3687000274658203,1.3724000453948975,3080448,3080448,yfinance,2026-07-10T06:58:05.450587+00:00
2026-05-20 15:00:00+00:00,XRP-USD,15m,1.3724000453948975,1.372499942779541,1.3672000169754028,1.3675999641418457,4149120,4149120,yfinance,2026-07-10T06:58:05.450587+00:00
2026-05-20 15:15:00+00:00,XRP-USD,15m,1.3681000471115112,1.3789000511169434,1.3680000305175781,1.3732000589370728,34858624,34858624,yfinance,2026-07-10T06:58:05.450587+00:00
2026-05-20 15:30:00+00:00,XRP-USD,15m,1.3734999895095825,1.375,1.3700000047683716,1.3720999956130981,4358912,4358912,yfinance,2026-07-10T06:58:05.450587+00:00
2026-05-20 15:45:00+00:00,XRP-USD,15m,1.3723000288009644,1.3756999969482422,1.3717000484466553,1.3734999895095825,4371456,4371456,yfinance,2026-07-10T06:58:05.450587+00:00
2026-05-20 16:00:00+00:00,XRP-USD,15m,1.3736000061035156,1.3761999607086182,1.3733999729156494,1.373900055885315,537984,537984,yfinance,2026-07-10T06:58:05.450587+00:00
2026-05-20 16:15:00+00:00,XRP-USD,15m,1.3732999563217163,1.3734999895095825,1.3650000095367432,1.3667000532150269,3255040,3255040,yfinance,2026-07-10T06:58:05.450587+00:00
2026-05-20 16:30:00+00:00,XRP-USD,15m,1.3666000366210938,1.3732999563217163,1.3654999732971191,1.3732999563217163,4776192,4776192,yfinance,2026-07-10T06:58:05.450587+00:00
2026-05-20 16:45:00+00:00,XRP-USD,15m,1.3738000392913818,1.3765000104904175,1.371999979019165,1.3738000392913818,2167168,2167168,yfinance,2026-07-10T06:58:05.450587+00:00
2026-05-20 17:00:00+00:00,XRP-USD,15m,1.373900055885315,1.3741999864578247,1.3698999881744385,1.3740999698638916,0,0,yfinance,2026-07-10T06:58:05.450587+00:00
2026-05-20 17:15:00+00:00,XRP-USD,15m,1.3741999864578247,1.3772000074386597,1.3730000257492065,1.3758000135421753,6608768,6608768,yfinance,2026-07-10T06:58:05.450587+00:00
2026-05-20 17:30:00+00:00,XRP-USD,15m,1.3765000104904175,1.3789000511169434,1.374500036239624,1.3768999576568604,7882112,7882112,yfinance,2026-07-10T06:58:05.450587+00:00
2026-05-20 17:45:00+00:00,XRP-USD,15m,1.3769999742507935,1.378100037574768,1.3732999563217163,1.374400019645691,0,0,yfinance,2026-07-10T06:58:05.450587+00:00
2026-05-20 18:00:00+00:00,XRP-USD,15m,1.3738000392913818,1.3746999502182007,1.3720999956130981,1.3732000589370728,0,0,yfinance,2026-07-10T06:58:05.450587+00:00
2026-05-20 18:15:00+00:00,XRP-USD,15m,1.3732000589370728,1.3739999532699585,1.3697999715805054,1.371000051498413,7221248,7221248,yfinance,2026-07-10T06:58:05.450587+00:00
2026-05-20 18:30:00+00:00,XRP-USD,15m,1.3707000017166138,1.3712999820709229,1.3687000274658203,1.3687000274658203,0,0,yfinance,2026-07-10T06:58:05.450587+00:00
2026-05-20 18:45:00+00:00,XRP-USD,15m,1.368299961090088,1.368899941444397,1.363800048828125,1.3660999536514282,7287936,7287936,yfinance,2026-07-10T06:58:05.450587+00:00
2026-05-20 19:00:00+00:00,XRP-USD,15m,1.3657000064849854,1.3672000169754028,1.3639999628067017,1.3667000532150269,1650048,1650048,yfinance,2026-07-10T06:58:05.450587+00:00
2026-05-20 19:15:00+00:00,XRP-USD,15m,1.3667000532150269,1.3701000213623047,1.3653000593185425,1.3701000213623047,0,0,yfinance,2026-07-10T06:58:05.450587+00:00
2026-05-20 19:30:00+00:00,XRP-USD,15m,1.3701000213623047,1.3712999820709229,1.367900013923645,1.3701000213623047,0,0,yfinance,2026-07-10T06:58:05.450587+00:00
2026-05-20 19:45:00+00:00,XRP-USD,15m,1.3702000379562378,1.371500015258789,1.367900013923645,1.371500015258789,0,0,yfinance,2026-07-10T06:58:05.450587+00:00
2026-05-20 20:00:00+00:00,XRP-USD,15m,1.371000051498413,1.371500015258789,1.3668999671936035,1.371000051498413,0,0,yfinance,2026-07-10T06:58:05.450587+00:00
2026-05-20 20:15:00+00:00,XRP-USD,15m,1.371000051498413,1.3710999488830566,1.3629000186920166,1.3691999912261963,5540864,5540864,yfinance,2026-07-10T06:58:05.450587+00:00
2026-05-20 20:30:00+00:00,XRP-USD,15m,1.3691999912261963,1.3695000410079956,1.3659000396728516,1.3681000471115112,1545216,1545216,yfinance,2026-07-10T06:58:05.450587+00:00
2026-05-20 20:45:00+00:00,XRP-USD,15m,1.3680000305175781,1.3694000244140625,1.367400050163269,1.368499994277954,0,0,yfinance,2026-07-10T06:58:05.450587+00:00
2026-05-20 21:00:00+00:00,XRP-USD,15m,1.368299961090088,1.370300054550171,1.3671000003814697,1.3698999881744385,0,0,yfinance,2026-07-10T06:58:05.450587+00:00
2026-05-20 21:15:00+00:00,XRP-USD,15m,1.3697999715805054,1.3698999881744385,1.3666000366210938,1.3667000532150269,0,0,yfinance,2026-07-10T06:58:05.450587+00:00
2026-05-20 21:30:00+00:00,XRP-USD,15m,1.3662999868392944,1.368299961090088,1.3660000562667847,1.367400050163269,0,0,yfinance,2026-07-10T06:58:05.450587+00:00
2026-05-20 21:45:00+00:00,XRP-USD,15m,1.367400050163269,1.3680000305175781,1.3652000427246094,1.3652000427246094,0,0,yfinance,2026-07-10T06:58:05.450587+00:00
2026-05-20 22:00:00+00:00,XRP-USD,15m,1.3659000396728516,1.3659000396728516,1.3601000308990479,1.3621000051498413,1133824,1133824,yfinance,2026-07-10T06:58:05.450587+00:00
2026-05-20 22:15:00+00:00,XRP-USD,15m,1.3619999885559082,1.3655999898910522,1.3590999841690063,1.3651000261306763,5453568,5453568,yfinance,2026-07-10T06:58:05.450587+00:00
2026-05-20 22:30:00+00:00,XRP-USD,15m,1.3657000064849854,1.3666000366210938,1.3632999658584595,1.3646999597549438,0,0,yfinance,2026-07-10T06:58:05.450587+00:00
2026-05-20 22:45:00+00:00,XRP-USD,15m,1.3645000457763672,1.3657000064849854,1.3639999628067017,1.3646999597549438,1070336,1070336,yfinance,2026-07-10T06:58:05.450587+00:00
2026-05-20 23:00:00+00:00,XRP-USD,15m,1.363700032234192,1.3641999959945679,1.3622000217437744,1.3628000020980835,277504,277504,yfinance,2026-07-10T06:58:05.450587+00:00
2026-05-20 23:15:00+00:00,XRP-USD,15m,1.3630000352859497,1.363800048828125,1.3616000413894653,1.3629000186920166,1156480,1156480,yfinance,2026-07-10T06:58:05.450587+00:00
2026-05-20 23:30:00+00:00,XRP-USD,15m,1.3630000352859497,1.3646999597549438,1.3622000217437744,1.3640999794006348,684800,684800,yfinance,2026-07-10T06:58:05.450587+00:00
2026-05-20 23:45:00+00:00,XRP-USD,15m,1.3638999462127686,1.3660000562667847,1.363700032234192,1.3657000064849854,3172608,3172608,yfinance,2026-07-10T06:58:05.450587+00:00
2026-05-21 00:00:00+00:00,XRP-USD,15m,1.3652000427246094,1.368499994277954,1.3650000095367432,1.3681999444961548,0,0,yfinance,2026-07-10T06:58:05.450587+00:00
2026-05-21 00:15:00+00:00,XRP-USD,15m,1.3680000305175781,1.3701000213623047,1.3676999807357788,1.3701000213623047,150144,150144,yfinance,2026-07-10T06:58:05.450587+00:00
2026-05-21 00:30:00+00:00,XRP-USD,15m,1.3701000213623047,1.3722000122070312,1.3694000244140625,1.371999979019165,0,0,yfinance,2026-07-10T06:58:05.450587+00:00
2026-05-21 00:45:00+00:00,XRP-USD,15m,1.371999979019165,1.3766000270843506,1.371999979019165,1.3747999668121338,3412352,3412352,yfinance,2026-07-10T06:58:05.450587+00:00
2026-05-21 01:00:00+00:00,XRP-USD,15m,1.375,1.378100037574768,1.3746999502182007,1.378100037574768,0,0,yfinance,2026-07-10T06:58:05.450587+00:00
2026-05-21 01:15:00+00:00,XRP-USD,15m,1.378000020980835,1.3801000118255615,1.374500036239624,1.376099944114685,4380800,4380800,yfinance,2026-07-10T06:58:05.450587+00:00
2026-05-21 01:30:00+00:00,XRP-USD,15m,1.3760000467300415,1.3789000511169434,1.3746999502182007,1.3770999908447266,0,0,yfinance,2026-07-10T06:58:05.450587+00:00
2026-05-21 01:45:00+00:00,XRP-USD,15m,1.3768999576568604,1.3788000345230103,1.3753999471664429,1.3773000240325928,0,0,yfinance,2026-07-10T06:58:05.450587+00:00
2026-05-21 02:00:00+00:00,XRP-USD,15m,1.3770999908447266,1.3787000179290771,1.3765000104904175,1.3782000541687012,0,0,yfinance,2026-07-10T06:58:05.450587+00:00
2026-05-21 02:15:00+00:00,XRP-USD,15m,1.3782000541687012,1.3841999769210815,1.3775999546051025,1.3832000494003296,9885440,9885440,yfinance,2026-07-10T06:58:05.450587+00:00
2026-05-21 02:30:00+00:00,XRP-USD,15m,1.3832999467849731,1.3839999437332153,1.381600022315979,1.382200002670288,6599168,6599168,yfinance,2026-07-10T06:58:05.450587+00:00
2026-05-21 02:45:00+00:00,XRP-USD,15m,1.3818999528884888,1.382699966430664,1.3799999952316284,1.3803000450134277,826752,826752,yfinance,2026-07-10T06:58:05.450587+00:00
2026-05-21 03:00:00+00:00,XRP-USD,15m,1.3801000118255615,1.381100058555603,1.3788000345230103,1.3797999620437622,0,0,yfinance,2026-07-10T06:58:05.450587+00:00
2026-05-21 03:15:00+00:00,XRP-USD,15m,1.379699945449829,1.3823000192642212,1.3789000511169434,1.3818000555038452,7132416,7132416,yfinance,2026-07-10T06:58:05.450587+00:00
2026-05-21 03:30:00+00:00,XRP-USD,15m,1.381600022315979,1.3818999528884888,1.3802000284194946,1.381600022315979,0,0,yfinance,2026-07-10T06:58:05.450587+00:00
2026-05-21 03:45:00+00:00,XRP-USD,15m,1.381600022315979,1.3835999965667725,1.3809000253677368,1.3828999996185303,1046272,1046272,yfinance,2026-07-10T06:58:05.450587+00:00
2026-05-21 04:00:00+00:00,XRP-USD,15m,1.3832999467849731,1.3842999935150146,1.3804999589920044,1.3808000087738037,8173312,8173312,yfinance,2026-07-10T06:58:05.450587+00:00
2026-05-21 04:15:00+00:00,XRP-USD,15m,1.381100058555603,1.3832000494003296,1.381100058555603,1.3823000192642212,5174016,5174016,yfinance,2026-07-10T06:58:05.450587+00:00
2026-05-21 04:30:00+00:00,XRP-USD,15m,1.3824000358581543,1.382599949836731,1.3799999952316284,1.38100004196167,3028480,3028480,yfinance,2026-07-10T06:58:05.450587+00:00
2026-05-21 04:45:00+00:00,XRP-USD,15m,1.3808000087738037,1.3813999891281128,1.3802000284194946,1.3805999755859375,3486336,3486336,yfinance,2026-07-10T06:58:05.450587+00:00
2026-05-21 05:00:00+00:00,XRP-USD,15m,1.3805999755859375,1.382200002670288,1.377500057220459,1.3788000345230103,1278336,1278336,yfinance,2026-07-10T06:58:05.450587+00:00
2026-05-21 05:15:00+00:00,XRP-USD,15m,1.3788000345230103,1.3799999952316284,1.3768999576568604,1.3773000240325928,3936896,3936896,yfinance,2026-07-10T06:58:05.450587+00:00
2026-05-21 05:30:00+00:00,XRP-USD,15m,1.3769999742507935,1.3769999742507935,1.374400019645691,1.3752000331878662,1158016,1158016,yfinance,2026-07-10T06:58:05.450587+00:00
2026-05-21 05:45:00+00:00,XRP-USD,15m,1.3746000528335571,1.374899983406067,1.371000051498413,1.3732999563217163,9168000,9168000,yfinance,2026-07-10T06:58:05.450587+00:00
2026-05-21 06:00:00+00:00,XRP-USD,15m,1.3734999895095825,1.375100016593933,1.3712999820709229,1.3726999759674072,1749632,1749632,yfinance,2026-07-10T06:58:05.450587+00:00
2026-05-21 06:15:00+00:00,XRP-USD,15m,1.3725999593734741,1.3746999502182007,1.3717999458312988,1.3732000589370728,370432,370432,yfinance,2026-07-10T06:58:05.450587+00:00
2026-05-21 06:30:00+00:00,XRP-USD,15m,1.3732000589370728,1.3746999502182007,1.37090003490448,1.3710999488830566,0,0,yfinance,2026-07-10T06:58:05.450587+00:00
2026-05-21 06:45:00+00:00,XRP-USD,15m,1.3710999488830566,1.371500015258789,1.3681999444961548,1.3696999549865723,4217472,4217472,yfinance,2026-07-10T06:58:05.450587+00:00
2026-05-21 07:00:00+00:00,XRP-USD,15m,1.3690999746322632,1.3712999820709229,1.3687000274658203,1.3697999715805054,187776,187776,yfinance,2026-07-10T06:58:05.450587+00:00
2026-05-21 07:15:00+00:00,XRP-USD,15m,1.3696000576019287,1.371899962425232,1.368399977684021,1.371000051498413,3844608,3844608,yfinance,2026-07-10T06:58:05.450587+00:00
2026-05-21 07:30:00+00:00,XRP-USD,15m,1.3710999488830566,1.3740999698638916,1.371000051498413,1.3740999698638916,0,0,yfinance,2026-07-10T06:58:05.450587+00:00
2026-05-21 07:45:00+00:00,XRP-USD,15m,1.3738000392913818,1.376099944114685,1.3737000226974487,1.375100016593933,0,0,yfinance,2026-07-10T06:58:05.450587+00:00
2026-05-21 08:00:00+00:00,XRP-USD,15m,1.375,1.3825000524520874,1.374899983406067,1.3823000192642212,4060800,4060800,yfinance,2026-07-10T06:58:05.450587+00:00
2026-05-21 08:15:00+00:00,XRP-USD,15m,1.3831000328063965,1.384600043296814,1.3795000314712524,1.382099986076355,18039424,18039424,yfinance,2026-07-10T06:58:05.450587+00:00
2026-05-21 08:30:00+00:00,XRP-USD,15m,1.3818999528884888,1.3818999528884888,1.378100037574768,1.3799999952316284,18358016,18358016,yfinance,2026-07-10T06:58:05.450587+00:00
2026-05-21 08:45:00+00:00,XRP-USD,15m,1.3801000118255615,1.3801000118255615,1.378600001335144,1.3789000511169434,1122560,1122560,yfinance,2026-07-10T06:58:05.450587+00:00
2026-05-21 09:00:00+00:00,XRP-USD,15m,1.378600001335144,1.3806999921798706,1.378100037574768,1.3787000179290771,3756672,3756672,yfinance,2026-07-10T06:58:05.450587+00:00
2026-05-21 09:15:00+00:00,XRP-USD,15m,1.3787000179290771,1.3803999423980713,1.3787000179290771,1.3791999816894531,1686528,1686528,yfinance,2026-07-10T06:58:05.450587+00:00
2026-05-21 09:30:00+00:00,XRP-USD,15m,1.378999948501587,1.3795000314712524,1.3732000589370728,1.3743000030517578,3477120,3477120,yfinance,2026-07-10T06:58:05.450587+00:00
2026-05-21 09:45:00+00:00,XRP-USD,15m,1.3743000030517578,1.3746000528335571,1.3727999925613403,1.3730000257492065,447360,447360,yfinance,2026-07-10T06:58:05.450587+00:00
2026-05-21 10:00:00+00:00,XRP-USD,15m,1.3727999925613403,1.3736000061035156,1.3703999519348145,1.3707000017166138,1417600,1417600,yfinance,2026-07-10T06:58:05.450587+00:00
2026-05-21 10:15:00+00:00,XRP-USD,15m,1.37090003490448,1.3712999820709229,1.3626999855041504,1.3664000034332275,18103040,18103040,yfinance,2026-07-10T06:58:05.450587+00:00
2026-05-21 10:30:00+00:00,XRP-USD,15m,1.3659000396728516,1.3686000108718872,1.3640999794006348,1.3676999807357788,29018496,29018496,yfinance,2026-07-10T06:58:05.450587+00:00
2026-05-21 10:45:00+00:00,XRP-USD,15m,1.367799997329712,1.3686000108718872,1.364799976348877,1.3650000095367432,10933504,10933504,yfinance,2026-07-10T06:58:05.450587+00:00
2026-05-21 11:00:00+00:00,XRP-USD,15m,1.3651000261306763,1.3667999505996704,1.3640999794006348,1.3666000366210938,8384128,8384128,yfinance,2026-07-10T06:58:05.450587+00:00
2026-05-21 11:15:00+00:00,XRP-USD,15m,1.3665000200271606,1.3681000471115112,1.3660000562667847,1.3667000532150269,6828288,6828288,yfinance,2026-07-10T06:58:05.450587+00:00
2026-05-21 11:30:00+00:00,XRP-USD,15m,1.3666000366210938,1.3680000305175781,1.3645000457763672,1.3653000593185425,771584,771584,yfinance,2026-07-10T06:58:05.450587+00:00
2026-05-21 11:45:00+00:00,XRP-USD,15m,1.3653000593185425,1.3653000593185425,1.3623000383377075,1.3624999523162842,2448512,2448512,yfinance,2026-07-10T06:58:05.450587+00:00
2026-05-21 12:00:00+00:00,XRP-USD,15m,1.3624999523162842,1.3645999431610107,1.361199975013733,1.3615000247955322,2748288,2748288,yfinance,2026-07-10T06:58:05.450587+00:00
2026-05-21 12:15:00+00:00,XRP-USD,15m,1.3615000247955322,1.3625999689102173,1.3605999946594238,1.3609999418258667,5615104,5615104,yfinance,2026-07-10T06:58:05.450587+00:00
2026-05-21 12:30:00+00:00,XRP-USD,15m,1.360700011253357,1.365399956703186,1.3603999614715576,1.363700032234192,11795584,11795584,yfinance,2026-07-10T06:58:05.450587+00:00
2026-05-21 12:45:00+00:00,XRP-USD,15m,1.363800048828125,1.3646999597549438,1.3628000020980835,1.3639999628067017,2404992,2404992,yfinance,2026-07-10T06:58:05.450587+00:00
2026-05-21 13:00:00+00:00,XRP-USD,15m,1.3636000156402588,1.3666000366210938,1.3631000518798828,1.3660000562667847,692352,692352,yfinance,2026-07-10T06:58:05.450587+00:00
2026-05-21 13:15:00+00:00,XRP-USD,15m,1.3657000064849854,1.367300033569336,1.3650000095367432,1.3657000064849854,870528,870528,yfinance,2026-07-10T06:58:05.450587+00:00
2026-05-21 13:30:00+00:00,XRP-USD,15m,1.3658000230789185,1.3658000230789185,1.353700041770935,1.3545000553131104,8526720,8526720,yfinance,2026-07-10T06:58:05.450587+00:00
2026-05-21 13:45:00+00:00,XRP-USD,15m,1.3550000190734863,1.363700032234192,1.3550000190734863,1.3603999614715576,18340096,18340096,yfinance,2026-07-10T06:58:05.450587+00:00
2026-05-21 14:00:00+00:00,XRP-USD,15m,1.3604999780654907,1.3623000383377075,1.3569999933242798,1.357800006866455,4310400,4310400,yfinance,2026-07-10T06:58:05.450587+00:00
2026-05-21 14:15:00+00:00,XRP-USD,15m,1.3575999736785889,1.3575999736785889,1.350000023841858,1.3545000553131104,5783424,5783424,yfinance,2026-07-10T06:58:05.450587+00:00
2026-05-21 14:30:00+00:00,XRP-USD,15m,1.3549000024795532,1.3603999614715576,1.3549000024795532,1.3560999631881714,0,0,yfinance,2026-07-10T06:58:05.450587+00:00
2026-05-21 14:45:00+00:00,XRP-USD,15m,1.3557000160217285,1.3569999933242798,1.3535000085830688,1.3555999994277954,0,0,yfinance,2026-07-10T06:58:05.450587+00:00
2026-05-21 15:00:00+00:00,XRP-USD,15m,1.3559999465942383,1.361299991607666,1.3545000553131104,1.3595000505447388,2862464,2862464,yfinance,2026-07-10T06:58:05.450587+00:00
2026-05-21 15:15:00+00:00,XRP-USD,15m,1.3596999645233154,1.3645999431610107,1.3590999841690063,1.3638999462127686,4278912,4278912,yfinance,2026-07-10T06:58:05.450587+00:00
2026-05-21 15:30:00+00:00,XRP-USD,15m,1.363800048828125,1.3641999959945679,1.3575999736785889,1.360200047492981,1715584,1715584,yfinance,2026-07-10T06:58:05.450587+00:00
2026-05-21 15:45:00+00:00,XRP-USD,15m,1.3605999946594238,1.3640999794006348,1.3587000370025635,1.3601000308990479,0,0,yfinance,2026-07-10T06:58:05.450587+00:00
2026-05-21 16:00:00+00:00,XRP-USD,15m,1.3602999448776245,1.3631999492645264,1.3592000007629395,1.360200047492981,441984,441984,yfinance,2026-07-10T06:58:05.450587+00:00
2026-05-21 16:15:00+00:00,XRP-USD,15m,1.3603999614715576,1.3609999418258667,1.3587000370025635,1.3605999946594238,0,0,yfinance,2026-07-10T06:58:05.450587+00:00
2026-05-21 16:30:00+00:00,XRP-USD,15m,1.3604999780654907,1.363700032234192,1.357200026512146,1.357699990272522,0,0,yfinance,2026-07-10T06:58:05.450587+00:00
2026-05-21 16:45:00+00:00,XRP-USD,15m,1.3579000234603882,1.360200047492981,1.3557000160217285,1.3600000143051147,252800,252800,yfinance,2026-07-10T06:58:05.450587+00:00
2026-05-21 17:00:00+00:00,XRP-USD,15m,1.360700011253357,1.3696000576019287,1.3604999780654907,1.3674999475479126,4599808,4599808,yfinance,2026-07-10T06:58:05.450587+00:00
2026-05-21 17:15:00+00:00,XRP-USD,15m,1.3674999475479126,1.3797999620437622,1.3671000003814697,1.3791999816894531,35049216,35049216,yfinance,2026-07-10T06:58:05.450587+00:00
2026-05-21 17:30:00+00:00,XRP-USD,15m,1.3792999982833862,1.3802000284194946,1.3759000301361084,1.3782000541687012,29344256,29344256,yfinance,2026-07-10T06:58:05.450587+00:00
2026-05-21 17:45:00+00:00,XRP-USD,15m,1.3782999515533447,1.3848999738693237,1.3766000270843506,1.3797999620437622,17705472,17705472,yfinance,2026-07-10T06:58:05.450587+00:00
2026-05-21 18:00:00+00:00,XRP-USD,15m,1.3802000284194946,1.3806999921798706,1.3743000030517578,1.3753000497817993,15680768,15680768,yfinance,2026-07-10T06:58:05.450587+00:00
2026-05-21 18:15:00+00:00,XRP-USD,15m,1.375599980354309,1.3812999725341797,1.3743000030517578,1.3787000179290771,670464,670464,yfinance,2026-07-10T06:58:05.450587+00:00
2026-05-21 18:30:00+00:00,XRP-USD,15m,1.3783999681472778,1.3802000284194946,1.3768999576568604,1.378600001335144,3367168,3367168,yfinance,2026-07-10T06:58:05.450587+00:00
2026-05-21 18:45:00+00:00,XRP-USD,15m,1.378499984741211,1.378600001335144,1.3659000396728516,1.3702000379562378,2103680,2103680,yfinance,2026-07-10T06:58:05.450587+00:00
2026-05-21 19:00:00+00:00,XRP-USD,15m,1.3700000047683716,1.3767999410629272,1.3696999549865723,1.375499963760376,3536896,3536896,yfinance,2026-07-10T06:58:05.450587+00:00
2026-05-21 19:15:00+00:00,XRP-USD,15m,1.3758000135421753,1.3768999576568604,1.3740999698638916,1.3741999864578247,3351936,3351936,yfinance,2026-07-10T06:58:05.450587+00:00
2026-05-21 19:30:00+00:00,XRP-USD,15m,1.374400019645691,1.3776999711990356,1.374400019645691,1.3759000301361084,2940672,2940672,yfinance,2026-07-10T06:58:05.450587+00:00
2026-05-21 19:45:00+00:00,XRP-USD,15m,1.3759000301361084,1.3798999786376953,1.3752000331878662,1.3782000541687012,2493952,2493952,yfinance,2026-07-10T06:58:05.450587+00:00
2026-05-21 20:00:00+00:00,XRP-USD,15m,1.3782000541687012,1.3795000314712524,1.3766000270843506,1.3777999877929688,3337728,3337728,yfinance,2026-07-10T06:58:05.450587+00:00
2026-05-21 20:15:00+00:00,XRP-USD,15m,1.3777999877929688,1.3783999681472778,1.3763999938964844,1.3768999576568604,0,0,yfinance,2026-07-10T06:58:05.450587+00:00
2026-05-21 20:30:00+00:00,XRP-USD,15m,1.3769999742507935,1.3792999982833862,1.3766000270843506,1.3774000406265259,0,0,yfinance,2026-07-10T06:58:05.450587+00:00
2026-05-21 20:45:00+00:00,XRP-USD,15m,1.3782000541687012,1.379699945449829,1.3747999668121338,1.3760000467300415,1501568,1501568,yfinance,2026-07-10T06:58:05.450587+00:00
2026-05-21 21:00:00+00:00,XRP-USD,15m,1.3761999607086182,1.377500057220459,1.375499963760376,1.3768999576568604,0,0,yfinance,2026-07-10T06:58:05.450587+00:00
2026-05-21 21:15:00+00:00,XRP-USD,15m,1.3768999576568604,1.3773000240325928,1.375599980354309,1.3768999576568604,942080,942080,yfinance,2026-07-10T06:58:05.450587+00:00
2026-05-21 21:30:00+00:00,XRP-USD,15m,1.3770999908447266,1.3772000074386597,1.3746999502182007,1.3753999471664429,982784,982784,yfinance,2026-07-10T06:58:05.450587+00:00
2026-05-21 21:45:00+00:00,XRP-USD,15m,1.3753999471664429,1.3759000301361084,1.3740999698638916,1.374500036239624,1746944,1746944,yfinance,2026-07-10T06:58:05.450587+00:00
2026-05-21 22:00:00+00:00,XRP-USD,15m,1.375100016593933,1.375100016593933,1.3720999956130981,1.3725999593734741,965504,965504,yfinance,2026-07-10T06:58:05.450587+00:00
2026-05-21 22:15:00+00:00,XRP-USD,15m,1.372499942779541,1.3734999895095825,1.3708000183105469,1.3731000423431396,0,0,yfinance,2026-07-10T06:58:05.450587+00:00
2026-05-21 22:30:00+00:00,XRP-USD,15m,1.3729000091552734,1.3738000392913818,1.3695000410079956,1.371399998664856,111616,111616,yfinance,2026-07-10T06:58:05.450587+00:00
2026-05-21 22:45:00+00:00,XRP-USD,15m,1.3717999458312988,1.3720999956130981,1.3703999519348145,1.371399998664856,2527872,2527872,yfinance,2026-07-10T06:58:05.450587+00:00
2026-05-21 23:00:00+00:00,XRP-USD,15m,1.3708000183105469,1.3725999593734741,1.36899995803833,1.3691999912261963,0,0,yfinance,2026-07-10T06:58:05.450587+00:00
2026-05-21 23:15:00+00:00,XRP-USD,15m,1.3686000108718872,1.37090003490448,1.3681000471115112,1.3698999881744385,2022656,2022656,yfinance,2026-07-10T06:58:05.450587+00:00
2026-05-21 23:30:00+00:00,XRP-USD,15m,1.3698999881744385,1.3733999729156494,1.3696000576019287,1.371999979019165,4469376,4469376,yfinance,2026-07-10T06:58:05.450587+00:00
2026-05-21 23:45:00+00:00,XRP-USD,15m,1.371899962425232,1.3737000226974487,1.371399998664856,1.3726999759674072,4172288,4172288,yfinance,2026-07-10T06:58:05.450587+00:00
2026-05-22 00:00:00+00:00,XRP-USD,15m,1.3730000257492065,1.3732999563217163,1.3680000305175781,1.3681999444961548,317952,317952,yfinance,2026-07-10T06:58:05.450587+00:00
2026-05-22 00:15:00+00:00,XRP-USD,15m,1.368299961090088,1.370300054550171,1.367400050163269,1.3676999807357788,1087232,1087232,yfinance,2026-07-10T06:58:05.450587+00:00
2026-05-22 00:30:00+00:00,XRP-USD,15m,1.3675999641418457,1.3701000213623047,1.3664000034332275,1.3680000305175781,927488,927488,yfinance,2026-07-10T06:58:05.450587+00:00
2026-05-22 00:45:00+00:00,XRP-USD,15m,1.3676999807357788,1.3694000244140625,1.3660999536514282,1.3667999505996704,187264,187264,yfinance,2026-07-10T06:58:05.450587+00:00
2026-05-22 01:00:00+00:00,XRP-USD,15m,1.3661999702453613,1.3700000047683716,1.3659000396728516,1.3698999881744385,131200,131200,yfinance,2026-07-10T06:58:05.450587+00:00
2026-05-22 01:15:00+00:00,XRP-USD,15m,1.3698999881744385,1.3700000047683716,1.3667999505996704,1.3672000169754028,0,0,yfinance,2026-07-10T06:58:05.450587+00:00
2026-05-22 01:30:00+00:00,XRP-USD,15m,1.3669999837875366,1.368499994277954,1.363700032234192,1.3672000169754028,5006976,5006976,yfinance,2026-07-10T06:58:05.450587+00:00
2026-05-22 01:45:00+00:00,XRP-USD,15m,1.3672000169754028,1.3707000017166138,1.3672000169754028,1.3697999715805054,1379200,1379200,yfinance,2026-07-10T06:58:05.450587+00:00
2026-05-22 02:00:00+00:00,XRP-USD,15m,1.3698999881744385,1.3723000288009644,1.3697999715805054,1.3716000318527222,1570304,1570304,yfinance,2026-07-10T06:58:05.450587+00:00
2026-05-22 02:15:00+00:00,XRP-USD,15m,1.3717999458312988,1.3732000589370728,1.3700000047683716,1.3704999685287476,508928,508928,yfinance,2026-07-10T06:58:05.450587+00:00
2026-05-22 02:30:00+00:00,XRP-USD,15m,1.370300054550171,1.3712999820709229,1.3686000108718872,1.3694000244140625,389760,389760,yfinance,2026-07-10T06:58:05.450587+00:00
2026-05-22 02:45:00+00:00,XRP-USD,15m,1.3696000576019287,1.3725999593734741,1.3696000576019287,1.3717000484466553,11692544,11692544,yfinance,2026-07-10T06:58:05.450587+00:00
2026-05-22 03:00:00+00:00,XRP-USD,15m,1.371899962425232,1.3733999729156494,1.3707000017166138,1.3712999820709229,1152896,1152896,yfinance,2026-07-10T06:58:05.450587+00:00
2026-05-22 03:15:00+00:00,XRP-USD,15m,1.3712999820709229,1.371999979019165,1.3696999549865723,1.3716000318527222,0,0,yfinance,2026-07-10T06:58:05.450587+00:00
2026-05-22 03:30:00+00:00,XRP-USD,15m,1.371899962425232,1.372499942779541,1.3703999519348145,1.3707000017166138,4763264,4763264,yfinance,2026-07-10T06:58:05.450587+00:00
2026-05-22 03:45:00+00:00,XRP-USD,15m,1.3708000183105469,1.3722000122070312,1.3704999685287476,1.37090003490448,1855104,1855104,yfinance,2026-07-10T06:58:05.450587+00:00
2026-05-22 04:00:00+00:00,XRP-USD,15m,1.371000051498413,1.3741999864578247,1.371000051498413,1.3737000226974487,0,0,yfinance,2026-07-10T06:58:05.450587+00:00
2026-05-22 04:15:00+00:00,XRP-USD,15m,1.3740999698638916,1.3746999502182007,1.371399998664856,1.3716000318527222,0,0,yfinance,2026-07-10T06:58:05.450587+00:00
2026-05-22 04:30:00+00:00,XRP-USD,15m,1.3717999458312988,1.3720999956130981,1.368899941444397,1.3690999746322632,468224,468224,yfinance,2026-07-10T06:58:05.450587+00:00
2026-05-22 04:45:00+00:00,XRP-USD,15m,1.36899995803833,1.3694000244140625,1.3669999837875366,1.3690999746322632,3915392,3915392,yfinance,2026-07-10T06:58:05.450587+00:00
2026-05-22 05:00:00+00:00,XRP-USD,15m,1.36899995803833,1.3691999912261963,1.3672000169754028,1.368399977684021,1271040,1271040,yfinance,2026-07-10T06:58:05.450587+00:00
2026-05-22 05:15:00+00:00,XRP-USD,15m,1.368899941444397,1.3695000410079956,1.3660999536514282,1.3681000471115112,0,0,yfinance,2026-07-10T06:58:05.450587+00:00
2026-05-22 05:30:00+00:00,XRP-USD,15m,1.3681000471115112,1.370300054550171,1.367799997329712,1.3700000047683716,4104448,4104448,yfinance,2026-07-10T06:58:05.450587+00:00
2026-05-22 05:45:00+00:00,XRP-USD,15m,1.3701000213623047,1.3716000318527222,1.3661999702453613,1.3668999671936035,1258112,1258112,yfinance,2026-07-10T06:58:05.450587+00:00
2026-05-22 06:00:00+00:00,XRP-USD,15m,1.3668999671936035,1.368399977684021,1.3658000230789185,1.3675999641418457,0,0,yfinance,2026-07-10T06:58:05.450587+00:00
2026-05-22 06:15:00+00:00,XRP-USD,15m,1.367400050163269,1.367900013923645,1.364400029182434,1.3658000230789185,0,0,yfinance,2026-07-10T06:58:05.450587+00:00
2026-05-22 06:30:00+00:00,XRP-USD,15m,1.3659000396728516,1.3659000396728516,1.3614000082015991,1.361799955368042,20315392,20315392,yfinance,2026-07-10T06:58:05.450587+00:00
2026-05-22 06:45:00+00:00,XRP-USD,15m,1.3626999855041504,1.3628000020980835,1.3588999509811401,1.3593000173568726,4480000,4480000,yfinance,2026-07-10T06:58:05.450587+00:00
2026-05-22 07:00:00+00:00,XRP-USD,15m,1.3593000173568726,1.3625999689102173,1.3555999994277954,1.3614000082015991,31624064,31624064,yfinance,2026-07-10T06:58:05.450587+00:00
2026-05-22 07:15:00+00:00,XRP-USD,15m,1.3614000082015991,1.364400029182434,1.3614000082015991,1.364400029182434,8735616,8735616,yfinance,2026-07-10T06:58:05.450587+00:00
2026-05-22 07:30:00+00:00,XRP-USD,15m,1.364300012588501,1.3667999505996704,1.364300012588501,1.3657000064849854,5177472,5177472,yfinance,2026-07-10T06:58:05.450587+00:00
2026-05-22 07:45:00+00:00,XRP-USD,15m,1.3654999732971191,1.3654999732971191,1.3636000156402588,1.363800048828125,1633024,1633024,yfinance,2026-07-10T06:58:05.450587+00:00
2026-05-22 08:00:00+00:00,XRP-USD,15m,1.3632999658584595,1.3653000593185425,1.3621000051498413,1.363800048828125,5913472,5913472,yfinance,2026-07-10T06:58:05.450587+00:00
2026-05-22 08:15:00+00:00,XRP-USD,15m,1.3645000457763672,1.3671000003814697,1.3645000457763672,1.3662999868392944,0,0,yfinance,2026-07-10T06:58:05.450587+00:00
2026-05-22 08:30:00+00:00,XRP-USD,15m,1.3661999702453613,1.3662999868392944,1.3597999811172485,1.361299991607666,7377152,7377152,yfinance,2026-07-10T06:58:05.450587+00:00
2026-05-22 08:45:00+00:00,XRP-USD,15m,1.3614000082015991,1.3630000352859497,1.36080002784729,1.361299991607666,3060992,3060992,yfinance,2026-07-10T06:58:05.450587+00:00
2026-05-22 09:00:00+00:00,XRP-USD,15m,1.3609000444412231,1.3633999824523926,1.3603999614715576,1.361799955368042,0,0,yfinance,2026-07-10T06:58:05.450587+00:00
2026-05-22 09:15:00+00:00,XRP-USD,15m,1.361799955368042,1.3638999462127686,1.3605999946594238,1.3617000579833984,3176832,3176832,yfinance,2026-07-10T06:58:05.450587+00:00
2026-05-22 09:30:00+00:00,XRP-USD,15m,1.361899971961975,1.3624000549316406,1.3583999872207642,1.3598999977111816,1165952,1165952,yfinance,2026-07-10T06:58:05.450587+00:00
2026-05-22 09:45:00+00:00,XRP-USD,15m,1.3597999811172485,1.3605999946594238,1.3575999736785889,1.3586000204086304,3309440,3309440,yfinance,2026-07-10T06:58:05.450587+00:00
2026-05-22 10:00:00+00:00,XRP-USD,15m,1.3586000204086304,1.3595999479293823,1.3573999404907227,1.3585000038146973,3198080,3198080,yfinance,2026-07-10T06:58:05.450587+00:00
2026-05-22 10:15:00+00:00,XRP-USD,15m,1.3581000566482544,1.3586000204086304,1.3559999465942383,1.3581000566482544,0,0,yfinance,2026-07-10T06:58:05.450587+00:00
2026-05-22 10:30:00+00:00,XRP-USD,15m,1.358299970626831,1.3603999614715576,1.3574999570846558,1.3601000308990479,0,0,yfinance,2026-07-10T06:58:05.450587+00:00
2026-05-22 10:45:00+00:00,XRP-USD,15m,1.3598999977111816,1.3605999946594238,1.3579000234603882,1.3585000038146973,0,0,yfinance,2026-07-10T06:58:05.450587+00:00
2026-05-22 11:00:00+00:00,XRP-USD,15m,1.3594000339508057,1.3604999780654907,1.357300043106079,1.357699990272522,134784,134784,yfinance,2026-07-10T06:58:05.450587+00:00
2026-05-22 11:15:00+00:00,XRP-USD,15m,1.3575999736785889,1.3575999736785889,1.3538000583648682,1.3558000326156616,6102400,6102400,yfinance,2026-07-10T06:58:05.450587+00:00
2026-05-22 11:30:00+00:00,XRP-USD,15m,1.3555999994277954,1.3573999404907227,1.3551000356674194,1.3553999662399292,5524864,5524864,yfinance,2026-07-10T06:58:05.450587+00:00
2026-05-22 11:45:00+00:00,XRP-USD,15m,1.3553999662399292,1.3604999780654907,1.3551000356674194,1.3603999614715576,5121920,5121920,yfinance,2026-07-10T06:58:05.450587+00:00
2026-05-22 12:00:00+00:00,XRP-USD,15m,1.3604999780654907,1.363800048828125,1.3590999841690063,1.3624999523162842,3328256,3328256,yfinance,2026-07-10T06:58:05.450587+00:00
2026-05-22 12:15:00+00:00,XRP-USD,15m,1.3631000518798828,1.363700032234192,1.3601000308990479,1.36080002784729,14350336,14350336,yfinance,2026-07-10T06:58:05.450587+00:00
2026-05-22 12:30:00+00:00,XRP-USD,15m,1.36080002784729,1.3628000020980835,1.3598999977111816,1.3617000579833984,0,0,yfinance,2026-07-10T06:58:05.450587+00:00
2026-05-22 12:45:00+00:00,XRP-USD,15m,1.361899971961975,1.3646999597549438,1.3616000413894653,1.3646999597549438,6357760,6357760,yfinance,2026-07-10T06:58:05.450587+00:00
2026-05-22 13:00:00+00:00,XRP-USD,15m,1.364799976348877,1.367900013923645,1.363700032234192,1.3672000169754028,12080896,12080896,yfinance,2026-07-10T06:58:05.450587+00:00
2026-05-22 13:15:00+00:00,XRP-USD,15m,1.3669999837875366,1.36899995803833,1.3641999959945679,1.364400029182434,5009152,5009152,yfinance,2026-07-10T06:58:05.450587+00:00
2026-05-22 13:30:00+00:00,XRP-USD,15m,1.3638999462127686,1.3660000562667847,1.358199954032898,1.3592000007629395,0,0,yfinance,2026-07-10T06:58:05.450587+00:00
2026-05-22 13:45:00+00:00,XRP-USD,15m,1.3602999448776245,1.3619999885559082,1.356600046157837,1.361199975013733,319872,319872,yfinance,2026-07-10T06:58:05.450587+00:00
2026-05-22 14:00:00+00:00,XRP-USD,15m,1.3594000339508057,1.3600000143051147,1.3524999618530273,1.3558000326156616,15594368,15594368,yfinance,2026-07-10T06:58:05.450587+00:00
2026-05-22 14:15:00+00:00,XRP-USD,15m,1.3552000522613525,1.357200026512146,1.3485000133514404,1.3523000478744507,2843008,2843008,yfinance,2026-07-10T06:58:05.450587+00:00
2026-05-22 14:30:00+00:00,XRP-USD,15m,1.3522000312805176,1.354599952697754,1.3514000177383423,1.3530999422073364,13901440,13901440,yfinance,2026-07-10T06:58:05.450587+00:00
2026-05-22 14:45:00+00:00,XRP-USD,15m,1.3530999422073364,1.3531999588012695,1.3493000268936157,1.3504999876022339,7621248,7621248,yfinance,2026-07-10T06:58:05.450587+00:00
2026-05-22 15:00:00+00:00,XRP-USD,15m,1.3499000072479248,1.3544000387191772,1.3483999967575073,1.3488999605178833,4645376,4645376,yfinance,2026-07-10T06:58:05.450587+00:00
2026-05-22 15:15:00+00:00,XRP-USD,15m,1.3489999771118164,1.3538999557495117,1.3459999561309814,1.3538999557495117,9652224,9652224,yfinance,2026-07-10T06:58:05.450587+00:00
2026-05-22 15:30:00+00:00,XRP-USD,15m,1.3533999919891357,1.3565000295639038,1.351199984550476,1.3531999588012695,5250944,5250944,yfinance,2026-07-10T06:58:05.450587+00:00
2026-05-22 15:45:00+00:00,XRP-USD,15m,1.3531999588012695,1.3539999723434448,1.351199984550476,1.3518999814987183,4556032,4556032,yfinance,2026-07-10T06:58:05.450587+00:00
2026-05-22 16:00:00+00:00,XRP-USD,15m,1.3523999452590942,1.3544000387191772,1.3504999876022339,1.3514000177383423,1665664,1665664,yfinance,2026-07-10T06:58:05.450587+00:00
2026-05-22 16:15:00+00:00,XRP-USD,15m,1.351199984550476,1.3524999618530273,1.3494000434875488,1.3519999980926514,6827136,6827136,yfinance,2026-07-10T06:58:05.450587+00:00
2026-05-22 16:30:00+00:00,XRP-USD,15m,1.3521000146865845,1.3531999588012695,1.3494999408721924,1.3504999876022339,2055168,2055168,yfinance,2026-07-10T06:58:05.450587+00:00
2026-05-22 16:45:00+00:00,XRP-USD,15m,1.3508000373840332,1.3538000583648682,1.3507000207901,1.3531999588012695,0,0,yfinance,2026-07-10T06:58:05.450587+00:00
2026-05-22 17:00:00+00:00,XRP-USD,15m,1.3532999753952026,1.3560999631881714,1.3532999753952026,1.3547999858856201,0,0,yfinance,2026-07-10T06:58:05.450587+00:00
2026-05-22 17:15:00+00:00,XRP-USD,15m,1.354699969291687,1.357200026512146,1.3494999408721924,1.357200026512146,0,0,yfinance,2026-07-10T06:58:05.450587+00:00
2026-05-22 17:30:00+00:00,XRP-USD,15m,1.3574999570846558,1.3580000400543213,1.3545000553131104,1.357200026512146,0,0,yfinance,2026-07-10T06:58:05.450587+00:00
2026-05-22 17:45:00+00:00,XRP-USD,15m,1.357200026512146,1.357300043106079,1.3516000509262085,1.3517999649047852,0,0,yfinance,2026-07-10T06:58:05.450587+00:00
2026-05-22 18:00:00+00:00,XRP-USD,15m,1.351699948310852,1.3518999814987183,1.3489999771118164,1.3515000343322754,0,0,yfinance,2026-07-10T06:58:05.450587+00:00
2026-05-22 18:15:00+00:00,XRP-USD,15m,1.3513000011444092,1.3543000221252441,1.3509000539779663,1.3517999649047852,0,0,yfinance,2026-07-10T06:58:05.450587+00:00
2026-05-22 18:30:00+00:00,XRP-USD,15m,1.3518999814987183,1.3519999980926514,1.3438999652862549,1.344599962234497,20813824,20813824,yfinance,2026-07-10T06:58:05.450587+00:00
2026-05-22 18:45:00+00:00,XRP-USD,15m,1.3444000482559204,1.3493000268936157,1.3350000381469727,1.3487999439239502,59672832,59672832,yfinance,2026-07-10T06:58:05.450587+00:00
2026-05-22 19:00:00+00:00,XRP-USD,15m,1.3487000465393066,1.3509000539779663,1.3425999879837036,1.3438999652862549,8263296,8263296,yfinance,2026-07-10T06:58:05.450587+00:00
2026-05-22 19:15:00+00:00,XRP-USD,15m,1.3438999652862549,1.34660005569458,1.340499997138977,1.3418999910354614,8134784,8134784,yfinance,2026-07-10T06:58:05.450587+00:00
2026-05-22 19:30:00+00:00,XRP-USD,15m,1.3411999940872192,1.3422000408172607,1.3336000442504883,1.3372999429702759,38518528,38518528,yfinance,2026-07-10T06:58:05.450587+00:00
2026-05-22 19:45:00+00:00,XRP-USD,15m,1.3366999626159668,1.3414000272750854,1.3348000049591064,1.336899995803833,26326400,26326400,yfinance,2026-07-10T06:58:05.450587+00:00
2026-05-22 20:00:00+00:00,XRP-USD,15m,1.3372000455856323,1.3401999473571777,1.3370000123977661,1.3372999429702759,21349760,21349760,yfinance,2026-07-10T06:58:05.450587+00:00
2026-05-22 20:15:00+00:00,XRP-USD,15m,1.3372999429702759,1.3395999670028687,1.3359999656677246,1.3382999897003174,7014784,7014784,yfinance,2026-07-10T06:58:05.450587+00:00
2026-05-22 20:30:00+00:00,XRP-USD,15m,1.3379000425338745,1.3391000032424927,1.333899974822998,1.3377000093460083,19421440,19421440,yfinance,2026-07-10T06:58:05.450587+00:00
2026-05-22 20:45:00+00:00,XRP-USD,15m,1.337399959564209,1.3414000272750854,1.3367999792099,1.3401999473571777,8608384,8608384,yfinance,2026-07-10T06:58:05.450587+00:00
2026-05-22 21:00:00+00:00,XRP-USD,15m,1.3401000499725342,1.3415000438690186,1.3395999670028687,1.3396999835968018,9570688,9570688,yfinance,2026-07-10T06:58:05.450587+00:00
2026-05-22 21:15:00+00:00,XRP-USD,15m,1.3393000364303589,1.340399980545044,1.3388999700546265,1.340399980545044,4281856,4281856,yfinance,2026-07-10T06:58:05.450587+00:00
2026-05-22 21:30:00+00:00,XRP-USD,15m,1.3406000137329102,1.3423999547958374,1.3401000499725342,1.340499997138977,3987968,3987968,yfinance,2026-07-10T06:58:05.450587+00:00
2026-05-22 21:45:00+00:00,XRP-USD,15m,1.3408000469207764,1.3422000408172607,1.3402999639511108,1.34089994430542,2367488,2367488,yfinance,2026-07-10T06:58:05.450587+00:00
2026-05-22 22:00:00+00:00,XRP-USD,15m,1.340999960899353,1.3420000076293945,1.3393000364303589,1.3418999910354614,0,0,yfinance,2026-07-10T06:58:05.450587+00:00
2026-05-22 22:15:00+00:00,XRP-USD,15m,1.3417999744415283,1.3418999910354614,1.3387999534606934,1.3396999835968018,3947392,3947392,yfinance,2026-07-10T06:58:05.450587+00:00
2026-05-22 22:30:00+00:00,XRP-USD,15m,1.3395999670028687,1.340999960899353,1.3366999626159668,1.3377000093460083,2574208,2574208,yfinance,2026-07-10T06:58:05.450587+00:00
2026-05-22 22:45:00+00:00,XRP-USD,15m,1.3375999927520752,1.3389999866485596,1.336899995803833,1.3388999700546265,3534720,3534720,yfinance,2026-07-10T06:58:05.450587+00:00
2026-05-22 23:00:00+00:00,XRP-USD,15m,1.3395999670028687,1.3417999744415283,1.3394999504089355,1.3408000469207764,1413376,1413376,yfinance,2026-07-10T06:58:05.450587+00:00
2026-05-22 23:15:00+00:00,XRP-USD,15m,1.340999960899353,1.340999960899353,1.3346999883651733,1.3346999883651733,2224896,2224896,yfinance,2026-07-10T06:58:05.450587+00:00
2026-05-22 23:30:00+00:00,XRP-USD,15m,1.3349000215530396,1.3388999700546265,1.3341000080108643,1.3385000228881836,6915072,6915072,yfinance,2026-07-10T06:58:05.450587+00:00
2026-05-22 23:45:00+00:00,XRP-USD,15m,1.3380999565124512,1.3380999565124512,1.3286000490188599,1.3323999643325806,42496512,42496512,yfinance,2026-07-10T06:58:05.450587+00:00
2026-05-23 00:00:00+00:00,XRP-USD,15m,1.3330999612808228,1.3342000246047974,1.329699993133545,1.3309999704360962,2319744,2319744,yfinance,2026-07-10T06:58:05.450587+00:00
2026-05-23 00:15:00+00:00,XRP-USD,15m,1.3314000368118286,1.3335000276565552,1.3284000158309937,1.330299973487854,11731072,11731072,yfinance,2026-07-10T06:58:05.450587+00:00
2026-05-23 00:30:00+00:00,XRP-USD,15m,1.330199956893921,1.3315999507904053,1.325600028038025,1.3284000158309937,30240896,30240896,yfinance,2026-07-10T06:58:05.450587+00:00
2026-05-23 00:45:00+00:00,XRP-USD,15m,1.3277000188827515,1.333899974822998,1.3276000022888184,1.333400011062622,44929664,44929664,yfinance,2026-07-10T06:58:05.450587+00:00
2026-05-23 01:00:00+00:00,XRP-USD,15m,1.3331999778747559,1.3370000123977661,1.3331999778747559,1.3339999914169312,9163008,9163008,yfinance,2026-07-10T06:58:05.450587+00:00
2026-05-23 01:15:00+00:00,XRP-USD,15m,1.333899974822998,1.3358999490737915,1.3320000171661377,1.3353999853134155,974080,974080,yfinance,2026-07-10T06:58:05.450587+00:00
2026-05-23 01:30:00+00:00,XRP-USD,15m,1.3352999687194824,1.3372000455856323,1.3346999883651733,1.3366999626159668,206464,206464,yfinance,2026-07-10T06:58:05.450587+00:00
2026-05-23 01:45:00+00:00,XRP-USD,15m,1.3366999626159668,1.337399959564209,1.3344999551773071,1.3358999490737915,209664,209664,yfinance,2026-07-10T06:58:05.450587+00:00
2026-05-23 02:00:00+00:00,XRP-USD,15m,1.3359999656677246,1.337499976158142,1.3350000381469727,1.3360999822616577,0,0,yfinance,2026-07-10T06:58:05.450587+00:00
2026-05-23 02:15:00+00:00,XRP-USD,15m,1.336300015449524,1.3378000259399414,1.3355000019073486,1.3360999822616577,2056192,2056192,yfinance,2026-07-10T06:58:05.450587+00:00
2026-05-23 02:30:00+00:00,XRP-USD,15m,1.336300015449524,1.3384000062942505,1.3355000019073486,1.3381999731063843,0,0,yfinance,2026-07-10T06:58:05.450587+00:00
2026-05-23 02:45:00+00:00,XRP-USD,15m,1.3381999731063843,1.3391000032424927,1.3379000425338745,1.3385000228881836,0,0,yfinance,2026-07-10T06:58:05.450587+00:00
2026-05-23 03:00:00+00:00,XRP-USD,15m,1.3381999731063843,1.3391000032424927,1.3381999731063843,1.3388999700546265,0,0,yfinance,2026-07-10T06:58:05.450587+00:00
2026-05-23 03:15:00+00:00,XRP-USD,15m,1.3387999534606934,1.3396999835968018,1.3381999731063843,1.339400053024292,2173312,2173312,yfinance,2026-07-10T06:58:05.450587+00:00
2026-05-23 03:30:00+00:00,XRP-USD,15m,1.3393000364303589,1.3407000303268433,1.3393000364303589,1.339900016784668,557056,557056,yfinance,2026-07-10T06:58:05.450587+00:00
2026-05-23 03:45:00+00:00,XRP-USD,15m,1.3398000001907349,1.3401000499725342,1.3387999534606934,1.3394999504089355,0,0,yfinance,2026-07-10T06:58:05.450587+00:00
2026-05-23 04:00:00+00:00,XRP-USD,15m,1.3395999670028687,1.3396999835968018,1.3382999897003174,1.3387999534606934,0,0,yfinance,2026-07-10T06:58:05.450587+00:00
2026-05-23 04:15:00+00:00,XRP-USD,15m,1.3387999534606934,1.3388999700546265,1.3357000350952148,1.3361999988555908,1048192,1048192,yfinance,2026-07-10T06:58:05.450587+00:00
2026-05-23 04:30:00+00:00,XRP-USD,15m,1.336400032043457,1.3381999731063843,1.3336000442504883,1.333899974822998,31417088,31417088,yfinance,2026-07-10T06:58:05.450587+00:00
2026-05-23 04:45:00+00:00,XRP-USD,15m,1.3339999914169312,1.3353999853134155,1.3339999914169312,1.3346999883651733,0,0,yfinance,2026-07-10T06:58:05.450587+00:00
2026-05-23 05:00:00+00:00,XRP-USD,15m,1.3348000049591064,1.3350000381469727,1.3331999778747559,1.3336000442504883,0,0,yfinance,2026-07-10T06:58:05.450587+00:00
2026-05-23 05:15:00+00:00,XRP-USD,15m,1.3336999416351318,1.3341000080108643,1.3291000127792358,1.3291000127792358,192512,192512,yfinance,2026-07-10T06:58:05.450587+00:00
2026-05-23 05:30:00+00:00,XRP-USD,15m,1.329200029373169,1.3306000232696533,1.3279000520706177,1.330199956893921,275200,275200,yfinance,2026-07-10T06:58:05.450587+00:00
2026-05-23 05:45:00+00:00,XRP-USD,15m,1.3300000429153442,1.330399990081787,1.3284000158309937,1.329699993133545,1461760,1461760,yfinance,2026-07-10T06:58:05.450587+00:00
2026-05-23 06:00:00+00:00,XRP-USD,15m,1.329800009727478,1.3324999809265137,1.3271000385284424,1.3315000534057617,11820928,11820928,yfinance,2026-07-10T06:58:05.450587+00:00
2026-05-23 06:15:00+00:00,XRP-USD,15m,1.3315000534057617,1.3329999446868896,1.3315000534057617,1.3327000141143799,0,0,yfinance,2026-07-10T06:58:05.450587+00:00
2026-05-23 06:30:00+00:00,XRP-USD,15m,1.3327000141143799,1.3341000080108643,1.3316999673843384,1.3321000337600708,0,0,yfinance,2026-07-10T06:58:05.450587+00:00
2026-05-23 06:45:00+00:00,XRP-USD,15m,1.3322999477386475,1.3324999809265137,1.330899953842163,1.3315000534057617,0,0,yfinance,2026-07-10T06:58:05.450587+00:00
2026-05-23 07:00:00+00:00,XRP-USD,15m,1.3315999507904053,1.332200050354004,1.3278000354766846,1.3299000263214111,0,0,yfinance,2026-07-10T06:58:05.450587+00:00
2026-05-23 07:15:00+00:00,XRP-USD,15m,1.329800009727478,1.3301000595092773,1.3285000324249268,1.329200029373169,0,0,yfinance,2026-07-10T06:58:05.450587+00:00
2026-05-23 07:30:00+00:00,XRP-USD,15m,1.329200029373169,1.3310999870300293,1.3259999752044678,1.3295999765396118,11719936,11719936,yfinance,2026-07-10T06:58:05.450587+00:00
2026-05-23 07:45:00+00:00,XRP-USD,15m,1.3287999629974365,1.329300045967102,1.3013999462127686,1.3107999563217163,138148864,138148864,yfinance,2026-07-10T06:58:05.450587+00:00
2026-05-23 08:00:00+00:00,XRP-USD,15m,1.3104000091552734,1.3167999982833862,1.3104000091552734,1.3133000135421753,56863744,56863744,yfinance,2026-07-10T06:58:05.450587+00:00
2026-05-23 08:15:00+00:00,XRP-USD,15m,1.3131999969482422,1.315500020980835,1.309000015258789,1.309000015258789,31835136,31835136,yfinance,2026-07-10T06:58:05.450587+00:00
2026-05-23 08:30:00+00:00,XRP-USD,15m,1.3092999458312988,1.3106000423431396,1.305400013923645,1.3072999715805054,31744128,31744128,yfinance,2026-07-10T06:58:05.450587+00:00
2026-05-23 08:45:00+00:00,XRP-USD,15m,1.3071999549865723,1.3097000122070312,1.3070000410079956,1.3092000484466553,11337088,11337088,yfinance,2026-07-10T06:58:05.450587+00:00
2026-05-23 09:00:00+00:00,XRP-USD,15m,1.3091000318527222,1.3107000589370728,1.3085999488830566,1.308899998664856,26020352,26020352,yfinance,2026-07-10T06:58:05.450587+00:00
2026-05-23 09:15:00+00:00,XRP-USD,15m,1.3092000484466553,1.3127000331878662,1.3086999654769897,1.3127000331878662,12058368,12058368,yfinance,2026-07-10T06:58:05.450587+00:00
2026-05-23 09:30:00+00:00,XRP-USD,15m,1.312600016593933,1.315999984741211,1.3121000528335571,1.3158999681472778,13798656,13798656,yfinance,2026-07-10T06:58:05.450587+00:00
2026-05-23 09:45:00+00:00,XRP-USD,15m,1.315999984741211,1.3166999816894531,1.315500020980835,1.315500020980835,3183104,3183104,yfinance,2026-07-10T06:58:05.450587+00:00
2026-05-23 10:00:00+00:00,XRP-USD,15m,1.315600037574768,1.3183000087738037,1.315600037574768,1.3177000284194946,2190848,2190848,yfinance,2026-07-10T06:58:05.450587+00:00
2026-05-23 10:15:00+00:00,XRP-USD,15m,1.3178000450134277,1.31850004196167,1.3162000179290771,1.3183000087738037,568832,568832,yfinance,2026-07-10T06:58:05.450587+00:00
2026-05-23 10:30:00+00:00,XRP-USD,15m,1.3178000450134277,1.3216999769210815,1.3176000118255615,1.3214999437332153,3662592,3662592,yfinance,2026-07-10T06:58:05.450587+00:00
2026-05-23 10:45:00+00:00,XRP-USD,15m,1.3219000101089478,1.32260000705719,1.3207999467849731,1.3210999965667725,3150848,3150848,yfinance,2026-07-10T06:58:05.450587+00:00
2026-05-23 11:00:00+00:00,XRP-USD,15m,1.3208999633789062,1.3236000537872314,1.319700002670288,1.3217999935150146,3364608,3364608,yfinance,2026-07-10T06:58:05.450587+00:00
2026-05-23 11:15:00+00:00,XRP-USD,15m,1.3220000267028809,1.3248000144958496,1.3219000101089478,1.3243999481201172,0,0,yfinance,2026-07-10T06:58:05.450587+00:00
2026-05-23 11:30:00+00:00,XRP-USD,15m,1.3243999481201172,1.3244999647140503,1.3229999542236328,1.323099970817566,0,0,yfinance,2026-07-10T06:58:05.450587+00:00
2026-05-23 11:45:00+00:00,XRP-USD,15m,1.323099970817566,1.3243999481201172,1.3224999904632568,1.3233000040054321,0,0,yfinance,2026-07-10T06:58:05.450587+00:00
2026-05-23 12:00:00+00:00,XRP-USD,15m,1.323099970817566,1.325700044631958,1.3229000568389893,1.3233000040054321,134144,134144,yfinance,2026-07-10T06:58:05.450587+00:00
2026-05-23 12:15:00+00:00,XRP-USD,15m,1.323799967765808,1.3240000009536743,1.3228000402450562,1.3238999843597412,0,0,yfinance,2026-07-10T06:58:05.450587+00:00
2026-05-23 12:30:00+00:00,XRP-USD,15m,1.3238999843597412,1.3259999752044678,1.3235000371932983,1.3240000009536743,0,0,yfinance,2026-07-10T06:58:05.450587+00:00
2026-05-23 12:45:00+00:00,XRP-USD,15m,1.3240000009536743,1.3253999948501587,1.3235000371932983,1.3251999616622925,108288,108288,yfinance,2026-07-10T06:58:05.450587+00:00
2026-05-23 13:00:00+00:00,XRP-USD,15m,1.3250999450683594,1.329699993133545,1.3250999450683594,1.329699993133545,0,0,yfinance,2026-07-10T06:58:05.450587+00:00
2026-05-23 13:15:00+00:00,XRP-USD,15m,1.329699993133545,1.3356000185012817,1.329699993133545,1.3344000577926636,17251328,17251328,yfinance,2026-07-10T06:58:05.450587+00:00
2026-05-23 13:30:00+00:00,XRP-USD,15m,1.3349000215530396,1.3351999521255493,1.330299973487854,1.3313000202178955,0,0,yfinance,2026-07-10T06:58:05.450587+00:00
2026-05-23 13:45:00+00:00,XRP-USD,15m,1.3313000202178955,1.3344999551773071,1.3312000036239624,1.3317999839782715,0,0,yfinance,2026-07-10T06:58:05.450587+00:00
2026-05-23 14:00:00+00:00,XRP-USD,15m,1.3321000337600708,1.3329999446868896,1.3301000595092773,1.3322999477386475,0,0,yfinance,2026-07-10T06:58:05.450587+00:00
2026-05-23 14:15:00+00:00,XRP-USD,15m,1.3322999477386475,1.3336999416351318,1.3314000368118286,1.3317999839782715,0,0,yfinance,2026-07-10T06:58:05.450587+00:00
2026-05-23 14:30:00+00:00,XRP-USD,15m,1.332200050354004,1.3335000276565552,1.3312000036239624,1.3322999477386475,1478400,1478400,yfinance,2026-07-10T06:58:05.450587+00:00
2026-05-23 14:45:00+00:00,XRP-USD,15m,1.3321000337600708,1.339400053024292,1.3310999870300293,1.3382999897003174,9449216,9449216,yfinance,2026-07-10T06:58:05.450587+00:00
2026-05-23 15:00:00+00:00,XRP-USD,15m,1.3386000394821167,1.340499997138977,1.337499976158142,1.3401000499725342,16237440,16237440,yfinance,2026-07-10T06:58:05.450587+00:00
2026-05-23 15:15:00+00:00,XRP-USD,15m,1.3401000499725342,1.3401999473571777,1.3358999490737915,1.336300015449524,12813568,12813568,yfinance,2026-07-10T06:58:05.450587+00:00
2026-05-23 15:30:00+00:00,XRP-USD,15m,1.3361999988555908,1.3365999460220337,1.3336999416351318,1.3344000577926636,1124480,1124480,yfinance,2026-07-10T06:58:05.450587+00:00
2026-05-23 15:45:00+00:00,XRP-USD,15m,1.3344000577926636,1.3356000185012817,1.3336999416351318,1.3344000577926636,10371712,10371712,yfinance,2026-07-10T06:58:05.450587+00:00
2026-05-23 16:00:00+00:00,XRP-USD,15m,1.3346999883651733,1.336899995803833,1.3325999975204468,1.3357000350952148,20384384,20384384,yfinance,2026-07-10T06:58:05.450587+00:00
2026-05-23 16:15:00+00:00,XRP-USD,15m,1.3358999490737915,1.3365000486373901,1.3329999446868896,1.333799958229065,0,0,yfinance,2026-07-10T06:58:05.450587+00:00
2026-05-23 16:30:00+00:00,XRP-USD,15m,1.3344999551773071,1.3371000289916992,1.3341000080108643,1.3359999656677246,226688,226688,yfinance,2026-07-10T06:58:05.450587+00:00
2026-05-23 16:45:00+00:00,XRP-USD,15m,1.335800051689148,1.3372999429702759,1.3357000350952148,1.336300015449524,0,0,yfinance,2026-07-10T06:58:05.450587+00:00
2026-05-23 17:00:00+00:00,XRP-USD,15m,1.336300015449524,1.337499976158142,1.335800051689148,1.3366999626159668,516096,516096,yfinance,2026-07-10T06:58:05.450587+00:00
2026-05-23 17:15:00+00:00,XRP-USD,15m,1.3367999792099,1.3380000591278076,1.3352999687194824,1.3367999792099,128,128,yfinance,2026-07-10T06:58:05.450587+00:00
2026-05-23 17:30:00+00:00,XRP-USD,15m,1.3367999792099,1.337499976158142,1.3352999687194824,1.3361999988555908,0,0,yfinance,2026-07-10T06:58:05.450587+00:00
2026-05-23 17:45:00+00:00,XRP-USD,15m,1.3360999822616577,1.337499976158142,1.3341000080108643,1.336899995803833,932608,932608,yfinance,2026-07-10T06:58:05.450587+00:00
2026-05-23 18:00:00+00:00,XRP-USD,15m,1.3370000123977661,1.343500018119812,1.336899995803833,1.3431999683380127,3363200,3363200,yfinance,2026-07-10T06:58:05.450587+00:00
2026-05-23 18:15:00+00:00,XRP-USD,15m,1.344099998474121,1.3467999696731567,1.3421000242233276,1.3457000255584717,19055232,19055232,yfinance,2026-07-10T06:58:05.450587+00:00
2026-05-23 18:30:00+00:00,XRP-USD,15m,1.3456000089645386,1.3487000465393066,1.3451999425888062,1.3460999727249146,1490816,1490816,yfinance,2026-07-10T06:58:05.450587+00:00
2026-05-23 18:45:00+00:00,XRP-USD,15m,1.3464000225067139,1.3464000225067139,1.3437000513076782,1.343999981880188,0,0,yfinance,2026-07-10T06:58:05.450587+00:00
2026-05-23 19:00:00+00:00,XRP-USD,15m,1.344099998474121,1.344499945640564,1.3411999940872192,1.3423000574111938,0,0,yfinance,2026-07-10T06:58:05.450587+00:00
2026-05-23 19:15:00+00:00,XRP-USD,15m,1.3421000242233276,1.3447999954223633,1.3421000242233276,1.344599962234497,0,0,yfinance,2026-07-10T06:58:05.450587+00:00
2026-05-23 19:30:00+00:00,XRP-USD,15m,1.3447999954223633,1.3451999425888062,1.3432999849319458,1.3446999788284302,0,0,yfinance,2026-07-10T06:58:05.450587+00:00
2026-05-23 19:45:00+00:00,XRP-USD,15m,1.3446999788284302,1.345900058746338,1.3444000482559204,1.3451999425888062,0,0,yfinance,2026-07-10T06:58:05.450587+00:00
2026-05-23 20:00:00+00:00,XRP-USD,15m,1.3456000089645386,1.3463000059127808,1.343999981880188,1.3450000286102295,0,0,yfinance,2026-07-10T06:58:05.450587+00:00
2026-05-23 20:15:00+00:00,XRP-USD,15m,1.3449000120162964,1.347100019454956,1.343999981880188,1.3443000316619873,0,0,yfinance,2026-07-10T06:58:05.450587+00:00
2026-05-23 20:30:00+00:00,XRP-USD,15m,1.3443000316619873,1.3640999794006348,1.3438999652862549,1.3633999824523926,31277184,31277184,yfinance,2026-07-10T06:58:05.450587+00:00
2026-05-23 20:45:00+00:00,XRP-USD,15m,1.3639999628067017,1.3702000379562378,1.3609000444412231,1.3702000379562378,41030016,41030016,yfinance,2026-07-10T06:58:05.450587+00:00
2026-05-23 21:00:00+00:00,XRP-USD,15m,1.3711999654769897,1.3741999864578247,1.363700032234192,1.364300012588501,35705472,35705472,yfinance,2026-07-10T06:58:05.450587+00:00
2026-05-23 21:15:00+00:00,XRP-USD,15m,1.3633999824523926,1.3638999462127686,1.3559000492095947,1.3559000492095947,14509952,14509952,yfinance,2026-07-10T06:58:05.450587+00:00
2026-05-23 21:30:00+00:00,XRP-USD,15m,1.3547999858856201,1.3587000370025635,1.3525999784469604,1.3574999570846558,20218368,20218368,yfinance,2026-07-10T06:58:05.450587+00:00
2026-05-23 21:45:00+00:00,XRP-USD,15m,1.3574999570846558,1.358199954032898,1.353700041770935,1.3580000400543213,6401920,6401920,yfinance,2026-07-10T06:58:05.450587+00:00
2026-05-23 22:00:00+00:00,XRP-USD,15m,1.358299970626831,1.361899971961975,1.3579000234603882,1.3579000234603882,11438720,11438720,yfinance,2026-07-10T06:58:05.450587+00:00
2026-05-23 22:15:00+00:00,XRP-USD,15m,1.357800006866455,1.3587000370025635,1.355299949645996,1.3558000326156616,94336,94336,yfinance,2026-07-10T06:58:05.450587+00:00
2026-05-23 22:30:00+00:00,XRP-USD,15m,1.3558000326156616,1.3562999963760376,1.3515000343322754,1.3560999631881714,9923840,9923840,yfinance,2026-07-10T06:58:05.450587+00:00
2026-05-23 22:45:00+00:00,XRP-USD,15m,1.3559000492095947,1.357800006866455,1.354699969291687,1.3569999933242798,12966784,12966784,yfinance,2026-07-10T06:58:05.450587+00:00
2026-05-23 23:00:00+00:00,XRP-USD,15m,1.3560999631881714,1.358299970626831,1.3554999828338623,1.3565000295639038,5374080,5374080,yfinance,2026-07-10T06:58:05.450587+00:00
2026-05-23 23:15:00+00:00,XRP-USD,15m,1.356600046157837,1.357800006866455,1.3562999963760376,1.357200026512146,2657920,2657920,yfinance,2026-07-10T06:58:05.450587+00:00
2026-05-23 23:30:00+00:00,XRP-USD,15m,1.357200026512146,1.3597999811172485,1.357200026512146,1.358299970626831,1130112,1130112,yfinance,2026-07-10T06:58:05.450587+00:00
2026-05-23 23:45:00+00:00,XRP-USD,15m,1.3579000234603882,1.3585000038146973,1.3565000295639038,1.3565000295639038,0,0,yfinance,2026-07-10T06:58:05.450587+00:00
2026-05-24 00:00:00+00:00,XRP-USD,15m,1.3567999601364136,1.3581000566482544,1.3553999662399292,1.3569999933242798,888192,888192,yfinance,2026-07-10T06:58:05.450587+00:00
2026-05-24 00:15:00+00:00,XRP-USD,15m,1.3567999601364136,1.3592000007629395,1.3566999435424805,1.3592000007629395,0,0,yfinance,2026-07-10T06:58:05.450587+00:00
2026-05-24 00:30:00+00:00,XRP-USD,15m,1.3588000535964966,1.361899971961975,1.3588000535964966,1.3593000173568726,0,0,yfinance,2026-07-10T06:58:05.450587+00:00
2026-05-24 00:45:00+00:00,XRP-USD,15m,1.3593000173568726,1.3621000051498413,1.3593000173568726,1.360200047492981,0,0,yfinance,2026-07-10T06:58:05.450587+00:00
2026-05-24 01:00:00+00:00,XRP-USD,15m,1.3603999614715576,1.3615000247955322,1.360200047492981,1.3604999780654907,0,0,yfinance,2026-07-10T06:58:05.450587+00:00
2026-05-24 01:15:00+00:00,XRP-USD,15m,1.3604999780654907,1.3617000579833984,1.3592000007629395,1.360700011253357,2253184,2253184,yfinance,2026-07-10T06:58:05.450587+00:00
2026-05-24 01:30:00+00:00,XRP-USD,15m,1.360700011253357,1.3609000444412231,1.3583999872207642,1.3585000038146973,0,0,yfinance,2026-07-10T06:58:05.450587+00:00
2026-05-24 01:45:00+00:00,XRP-USD,15m,1.3588000535964966,1.3598999977111816,1.3579000234603882,1.3588000535964966,410112,410112,yfinance,2026-07-10T06:58:05.450587+00:00
2026-05-24 02:00:00+00:00,XRP-USD,15m,1.3589999675750732,1.3595000505447388,1.357300043106079,1.3592000007629395,27776,27776,yfinance,2026-07-10T06:58:05.450587+00:00
2026-05-24 02:15:00+00:00,XRP-USD,15m,1.3589999675750732,1.3598999977111816,1.3568999767303467,1.357800006866455,0,0,yfinance,2026-07-10T06:58:05.450587+00:00
2026-05-24 02:30:00+00:00,XRP-USD,15m,1.3575999736785889,1.3595999479293823,1.3575999736785889,1.3595000505447388,2431872,2431872,yfinance,2026-07-10T06:58:05.450587+00:00
2026-05-24 02:45:00+00:00,XRP-USD,15m,1.3595000505447388,1.3609999418258667,1.3593000173568726,1.3595999479293823,3541632,3541632,yfinance,2026-07-10T06:58:05.450587+00:00
2026-05-24 03:00:00+00:00,XRP-USD,15m,1.3594000339508057,1.3616000413894653,1.3588000535964966,1.3600000143051147,2721536,2721536,yfinance,2026-07-10T06:58:05.450587+00:00
2026-05-24 03:15:00+00:00,XRP-USD,15m,1.3595999479293823,1.361199975013733,1.3594000339508057,1.3603999614715576,1872640,1872640,yfinance,2026-07-10T06:58:05.450587+00:00
2026-05-24 03:30:00+00:00,XRP-USD,15m,1.3603999614715576,1.3604999780654907,1.3581000566482544,1.3586000204086304,0,0,yfinance,2026-07-10T06:58:05.450587+00:00
2026-05-24 03:45:00+00:00,XRP-USD,15m,1.3586000204086304,1.360200047492981,1.3585000038146973,1.3590999841690063,2053120,2053120,yfinance,2026-07-10T06:58:05.450587+00:00
2026-05-24 04:00:00+00:00,XRP-USD,15m,1.3596999645233154,1.360200047492981,1.357699990272522,1.3593000173568726,0,0,yfinance,2026-07-10T06:58:05.450587+00:00
2026-05-24 04:15:00+00:00,XRP-USD,15m,1.3594000339508057,1.3596999645233154,1.3579000234603882,1.3581000566482544,2892928,2892928,yfinance,2026-07-10T06:58:05.450587+00:00
2026-05-24 04:30:00+00:00,XRP-USD,15m,1.3581000566482544,1.3597999811172485,1.3579000234603882,1.3590999841690063,1054592,1054592,yfinance,2026-07-10T06:58:05.450587+00:00
2026-05-24 04:45:00+00:00,XRP-USD,15m,1.3590999841690063,1.3596999645233154,1.358199954032898,1.3595000505447388,0,0,yfinance,2026-07-10T06:58:05.450587+00:00
2026-05-24 05:00:00+00:00,XRP-USD,15m,1.3594000339508057,1.3596999645233154,1.3573999404907227,1.358199954032898,0,0,yfinance,2026-07-10T06:58:05.450587+00:00
2026-05-24 05:15:00+00:00,XRP-USD,15m,1.357699990272522,1.3579000234603882,1.354599952697754,1.3554999828338623,5986688,5986688,yfinance,2026-07-10T06:58:05.450587+00:00
2026-05-24 05:30:00+00:00,XRP-USD,15m,1.3555999994277954,1.3559999465942383,1.3533999919891357,1.3543000221252441,320000,320000,yfinance,2026-07-10T06:58:05.450587+00:00
2026-05-24 05:45:00+00:00,XRP-USD,15m,1.3543000221252441,1.358199954032898,1.3543000221252441,1.357800006866455,1405568,1405568,yfinance,2026-07-10T06:58:05.450587+00:00
2026-05-24 06:00:00+00:00,XRP-USD,15m,1.357699990272522,1.3595999479293823,1.357699990272522,1.3595999479293823,0,0,yfinance,2026-07-10T06:58:05.450587+00:00
2026-05-24 06:15:00+00:00,XRP-USD,15m,1.3595999479293823,1.3595999479293823,1.3569999933242798,1.3569999933242798,326656,326656,yfinance,2026-07-10T06:58:05.450587+00:00
2026-05-24 06:30:00+00:00,XRP-USD,15m,1.3568999767303467,1.357100009918213,1.3557000160217285,1.3567999601364136,0,0,yfinance,2026-07-10T06:58:05.450587+00:00
2026-05-24 06:45:00+00:00,XRP-USD,15m,1.3568999767303467,1.3615000247955322,1.356600046157837,1.361299991607666,4982272,4982272,yfinance,2026-07-10T06:58:05.450587+00:00
2026-05-24 07:00:00+00:00,XRP-USD,15m,1.3617000579833984,1.3626999855041504,1.3588000535964966,1.3588000535964966,0,0,yfinance,2026-07-10T06:58:05.450587+00:00
2026-05-24 07:15:00+00:00,XRP-USD,15m,1.3588999509811401,1.3589999675750732,1.3579000234603882,1.358199954032898,0,0,yfinance,2026-07-10T06:58:05.450587+00:00
2026-05-24 07:30:00+00:00,XRP-USD,15m,1.358199954032898,1.3588999509811401,1.357699990272522,1.3581000566482544,0,0,yfinance,2026-07-10T06:58:05.450587+00:00
2026-05-24 07:45:00+00:00,XRP-USD,15m,1.358299970626831,1.358299970626831,1.357300043106079,1.3579000234603882,0,0,yfinance,2026-07-10T06:58:05.450587+00:00
2026-05-24 08:00:00+00:00,XRP-USD,15m,1.3581000566482544,1.358199954032898,1.3559999465942383,1.3565000295639038,0,0,yfinance,2026-07-10T06:58:05.450587+00:00
2026-05-24 08:15:00+00:00,XRP-USD,15m,1.3565000295639038,1.3587000370025635,1.3565000295639038,1.358299970626831,0,0,yfinance,2026-07-10T06:58:05.450587+00:00
2026-05-24 08:30:00+00:00,XRP-USD,15m,1.3581000566482544,1.3596999645233154,1.3581000566482544,1.3586000204086304,0,0,yfinance,2026-07-10T06:58:05.450587+00:00
2026-05-24 08:45:00+00:00,XRP-USD,15m,1.3585000038146973,1.3595000505447388,1.3585000038146973,1.3593000173568726,0,0,yfinance,2026-07-10T06:58:05.450587+00:00
2026-05-24 09:00:00+00:00,XRP-USD,15m,1.3594000339508057,1.3638999462127686,1.3588999509811401,1.363700032234192,0,0,yfinance,2026-07-10T06:58:05.450587+00:00
2026-05-24 09:15:00+00:00,XRP-USD,15m,1.3634999990463257,1.364799976348877,1.3626999855041504,1.363800048828125,4623488,4623488,yfinance,2026-07-10T06:58:05.450587+00:00
2026-05-24 09:30:00+00:00,XRP-USD,15m,1.363800048828125,1.3639999628067017,1.3621000051498413,1.3628000020980835,0,0,yfinance,2026-07-10T06:58:05.450587+00:00
2026-05-24 09:45:00+00:00,XRP-USD,15m,1.3625999689102173,1.3633999824523926,1.3623000383377075,1.3630000352859497,0,0,yfinance,2026-07-10T06:58:05.450587+00:00
2026-05-24 10:00:00+00:00,XRP-USD,15m,1.3631999492645264,1.3639999628067017,1.3621000051498413,1.3639999628067017,0,0,yfinance,2026-07-10T06:58:05.450587+00:00
2026-05-24 10:15:00+00:00,XRP-USD,15m,1.3638999462127686,1.368899941444397,1.3634999990463257,1.3661999702453613,1570560,1570560,yfinance,2026-07-10T06:58:05.450587+00:00
2026-05-24 10:30:00+00:00,XRP-USD,15m,1.3658000230789185,1.367300033569336,1.3630000352859497,1.3636000156402588,19908224,19908224,yfinance,2026-07-10T06:58:05.450587+00:00
2026-05-24 10:45:00+00:00,XRP-USD,15m,1.363700032234192,1.363700032234192,1.3609999418258667,1.361899971961975,0,0,yfinance,2026-07-10T06:58:05.450587+00:00
2026-05-24 11:00:00+00:00,XRP-USD,15m,1.361799955368042,1.3650000095367432,1.361199975013733,1.3616000413894653,3859328,3859328,yfinance,2026-07-10T06:58:05.450587+00:00
2026-05-24 11:15:00+00:00,XRP-USD,15m,1.361799955368042,1.3657000064849854,1.3609000444412231,1.3645000457763672,13028224,13028224,yfinance,2026-07-10T06:58:05.450587+00:00
2026-05-24 11:30:00+00:00,XRP-USD,15m,1.3645999431610107,1.3661999702453613,1.364400029182434,1.3660000562667847,11824512,11824512,yfinance,2026-07-10T06:58:05.450587+00:00
2026-05-24 11:45:00+00:00,XRP-USD,15m,1.3660000562667847,1.368299961090088,1.3629000186920166,1.3634999990463257,9366528,9366528,yfinance,2026-07-10T06:58:05.450587+00:00
2026-05-24 12:00:00+00:00,XRP-USD,15m,1.363800048828125,1.3641999959945679,1.3616000413894653,1.3624999523162842,15185536,15185536,yfinance,2026-07-10T06:58:05.450587+00:00
2026-05-24 12:15:00+00:00,XRP-USD,15m,1.3624999523162842,1.3624999523162842,1.3593000173568726,1.3602999448776245,0,0,yfinance,2026-07-10T06:58:05.450587+00:00
2026-05-24 12:30:00+00:00,XRP-USD,15m,1.3602999448776245,1.3616000413894653,1.3598999977111816,1.3616000413894653,7763968,7763968,yfinance,2026-07-10T06:58:05.450587+00:00
2026-05-24 12:45:00+00:00,XRP-USD,15m,1.3614000082015991,1.3628000020980835,1.3610999584197998,1.361199975013733,86016,86016,yfinance,2026-07-10T06:58:05.450587+00:00
2026-05-24 13:00:00+00:00,XRP-USD,15m,1.361299991607666,1.3622000217437744,1.3605999946594238,1.3610999584197998,0,0,yfinance,2026-07-10T06:58:05.450587+00:00
2026-05-24 13:15:00+00:00,XRP-USD,15m,1.361199975013733,1.3622000217437744,1.3593000173568726,1.3597999811172485,0,0,yfinance,2026-07-10T06:58:05.450587+00:00
2026-05-24 13:30:00+00:00,XRP-USD,15m,1.3596999645233154,1.3614000082015991,1.3587000370025635,1.3609000444412231,490624,490624,yfinance,2026-07-10T06:58:05.450587+00:00
2026-05-24 13:45:00+00:00,XRP-USD,15m,1.361199975013733,1.361199975013733,1.3551000356674194,1.357200026512146,0,0,yfinance,2026-07-10T06:58:05.450587+00:00
2026-05-24 14:00:00+00:00,XRP-USD,15m,1.3574999570846558,1.3581000566482544,1.347599983215332,1.3489999771118164,0,0,yfinance,2026-07-10T06:58:05.450587+00:00
2026-05-24 14:15:00+00:00,XRP-USD,15m,1.3488999605178833,1.3488999605178833,1.3382999897003174,1.3461999893188477,44390016,44390016,yfinance,2026-07-10T06:58:05.450587+00:00
2026-05-24 14:30:00+00:00,XRP-USD,15m,1.3457000255584717,1.3493000268936157,1.3457000255584717,1.348099946975708,7236992,7236992,yfinance,2026-07-10T06:58:05.450587+00:00
2026-05-24 14:45:00+00:00,XRP-USD,15m,1.3480000495910645,1.3494999408721924,1.3468999862670898,1.3482999801635742,0,0,yfinance,2026-07-10T06:58:05.450587+00:00
2026-05-24 15:00:00+00:00,XRP-USD,15m,1.3481999635696411,1.3496999740600586,1.3473000526428223,1.3487999439239502,0,0,yfinance,2026-07-10T06:58:05.450587+00:00
2026-05-24 15:15:00+00:00,XRP-USD,15m,1.3487999439239502,1.3494000434875488,1.3466999530792236,1.3476999998092651,0,0,yfinance,2026-07-10T06:58:05.450587+00:00
2026-05-24 15:30:00+00:00,XRP-USD,15m,1.3473999500274658,1.3489999771118164,1.3473999500274658,1.3483999967575073,0,0,yfinance,2026-07-10T06:58:05.450587+00:00
2026-05-24 15:45:00+00:00,XRP-USD,15m,1.3483999967575073,1.3483999967575073,1.34660005569458,1.3466999530792236,0,0,yfinance,2026-07-10T06:58:05.450587+00:00
2026-05-24 16:00:00+00:00,XRP-USD,15m,1.3468999862670898,1.3502000570297241,1.3457000255584717,1.3490999937057495,1431296,1431296,yfinance,2026-07-10T06:58:05.450587+00:00
2026-05-24 16:15:00+00:00,XRP-USD,15m,1.3488999605178833,1.3509000539779663,1.3468999862670898,1.3479000329971313,0,0,yfinance,2026-07-10T06:58:05.450587+00:00
2026-05-24 16:30:00+00:00,XRP-USD,15m,1.3482999801635742,1.3482999801635742,1.3454999923706055,1.347100019454956,682880,682880,yfinance,2026-07-10T06:58:05.450587+00:00
2026-05-24 16:45:00+00:00,XRP-USD,15m,1.347100019454956,1.3496999740600586,1.347000002861023,1.3492000102996826,139904,139904,yfinance,2026-07-10T06:58:05.450587+00:00
2026-05-24 17:00:00+00:00,XRP-USD,15m,1.3494000434875488,1.351099967956543,1.3489999771118164,1.3504999876022339,0,0,yfinance,2026-07-10T06:58:05.450587+00:00
2026-05-24 17:15:00+00:00,XRP-USD,15m,1.3508000373840332,1.351199984550476,1.3494999408721924,1.3504999876022339,569344,569344,yfinance,2026-07-10T06:58:05.450587+00:00
2026-05-24 17:30:00+00:00,XRP-USD,15m,1.3507000207901,1.3521000146865845,1.3499000072479248,1.3517999649047852,1644672,1644672,yfinance,2026-07-10T06:58:05.450587+00:00
2026-05-24 17:45:00+00:00,XRP-USD,15m,1.3519999980926514,1.3526999950408936,1.3509999513626099,1.351699948310852,51712,51712,yfinance,2026-07-10T06:58:05.450587+00:00
2026-05-24 18:00:00+00:00,XRP-USD,15m,1.351699948310852,1.351699948310852,1.3493000268936157,1.3502000570297241,0,0,yfinance,2026-07-10T06:58:05.450587+00:00
2026-05-24 18:15:00+00:00,XRP-USD,15m,1.3502000570297241,1.351099967956543,1.3487000465393066,1.3489999771118164,0,0,yfinance,2026-07-10T06:58:05.450587+00:00
2026-05-24 18:30:00+00:00,XRP-USD,15m,1.3488999605178833,1.3489999771118164,1.347100019454956,1.347599983215332,0,0,yfinance,2026-07-10T06:58:05.450587+00:00
2026-05-24 18:45:00+00:00,XRP-USD,15m,1.347599983215332,1.348099946975708,1.345900058746338,1.3468999862670898,3955200,3955200,yfinance,2026-07-10T06:58:05.450587+00:00
2026-05-24 19:00:00+00:00,XRP-USD,15m,1.3468999862670898,1.3488999605178833,1.3466999530792236,1.3473000526428223,0,0,yfinance,2026-07-10T06:58:05.450587+00:00
2026-05-24 19:15:00+00:00,XRP-USD,15m,1.3472000360488892,1.3487999439239502,1.3451000452041626,1.3451000452041626,528896,528896,yfinance,2026-07-10T06:58:05.450587+00:00
2026-05-24 19:30:00+00:00,XRP-USD,15m,1.3451000452041626,1.3473999500274658,1.344499945640564,1.3467999696731567,1837056,1837056,yfinance,2026-07-10T06:58:05.450587+00:00
2026-05-24 19:45:00+00:00,XRP-USD,15m,1.3467999696731567,1.3485000133514404,1.346500039100647,1.3476999998092651,0,0,yfinance,2026-07-10T06:58:05.450587+00:00
2026-05-24 20:00:00+00:00,XRP-USD,15m,1.3478000164031982,1.3478000164031982,1.3436000347137451,1.3443000316619873,961024,961024,yfinance,2026-07-10T06:58:05.450587+00:00
2026-05-24 20:15:00+00:00,XRP-USD,15m,1.3438999652862549,1.3449000120162964,1.3428000211715698,1.3442000150680542,3837824,3837824,yfinance,2026-07-10T06:58:05.450587+00:00
2026-05-24 20:30:00+00:00,XRP-USD,15m,1.344599962234497,1.3450000286102295,1.3421000242233276,1.3427000045776367,0,0,yfinance,2026-07-10T06:58:05.450587+00:00
2026-05-24 20:45:00+00:00,XRP-USD,15m,1.3427000045776367,1.3437999486923218,1.3414000272750854,1.3431999683380127,0,0,yfinance,2026-07-10T06:58:05.450587+00:00
2026-05-24 21:00:00+00:00,XRP-USD,15m,1.3430999517440796,1.3454999923706055,1.342900037765503,1.3438999652862549,0,0,yfinance,2026-07-10T06:58:05.450587+00:00
2026-05-24 21:15:00+00:00,XRP-USD,15m,1.3438999652862549,1.3438999652862549,1.3384000062942505,1.3388999700546265,0,0,yfinance,2026-07-10T06:58:05.450587+00:00
2026-05-24 21:30:00+00:00,XRP-USD,15m,1.3392000198364258,1.340000033378601,1.3325999975204468,1.3325999975204468,5199744,5199744,yfinance,2026-07-10T06:58:05.450587+00:00
2026-05-24 21:45:00+00:00,XRP-USD,15m,1.332900047302246,1.3372999429702759,1.330899953842163,1.333899974822998,7764352,7764352,yfinance,2026-07-10T06:58:05.450587+00:00
2026-05-24 22:00:00+00:00,XRP-USD,15m,1.3360999822616577,1.3485000133514404,1.3350000381469727,1.347599983215332,10302208,10302208,yfinance,2026-07-10T06:58:05.450587+00:00
2026-05-24 22:15:00+00:00,XRP-USD,15m,1.3473000526428223,1.3495999574661255,1.346500039100647,1.347599983215332,10790400,10790400,yfinance,2026-07-10T06:58:05.450587+00:00
2026-05-24 22:30:00+00:00,XRP-USD,15m,1.3480000495910645,1.3489999771118164,1.3437999486923218,1.3458000421524048,0,0,yfinance,2026-07-10T06:58:05.450587+00:00
2026-05-24 22:45:00+00:00,XRP-USD,15m,1.3458000421524048,1.3485000133514404,1.3458000421524048,1.3460999727249146,0,0,yfinance,2026-07-10T06:58:05.450587+00:00
2026-05-24 23:00:00+00:00,XRP-USD,15m,1.3463000059127808,1.3486000299453735,1.3463000059127808,1.3485000133514404,0,0,yfinance,2026-07-10T06:58:05.450587+00:00
2026-05-24 23:15:00+00:00,XRP-USD,15m,1.3487000465393066,1.3489999771118164,1.34660005569458,1.3472000360488892,26240,26240,yfinance,2026-07-10T06:58:05.450587+00:00
2026-05-24 23:30:00+00:00,XRP-USD,15m,1.3472000360488892,1.3522000312805176,1.3472000360488892,1.3519999980926514,1250816,1250816,yfinance,2026-07-10T06:58:05.450587+00:00
2026-05-24 23:45:00+00:00,XRP-USD,15m,1.3515000343322754,1.3518999814987183,1.3492000102996826,1.3492000102996826,2520704,2520704,yfinance,2026-07-10T06:58:05.450587+00:00
2026-05-25 00:00:00+00:00,XRP-USD,15m,1.3494000434875488,1.3523999452590942,1.3494000434875488,1.351099967956543,2459136,2459136,yfinance,2026-07-10T06:58:05.450587+00:00
2026-05-25 00:15:00+00:00,XRP-USD,15m,1.3509999513626099,1.3530000448226929,1.350600004196167,1.3526999950408936,2319744,2319744,yfinance,2026-07-10T06:58:05.450587+00:00
2026-05-25 00:30:00+00:00,XRP-USD,15m,1.3530999422073364,1.354099988937378,1.3507000207901,1.3508000373840332,1492992,1492992,yfinance,2026-07-10T06:58:05.450587+00:00
2026-05-25 00:45:00+00:00,XRP-USD,15m,1.3508000373840332,1.3523999452590942,1.3499000072479248,1.3503999710083008,2024576,2024576,yfinance,2026-07-10T06:58:05.450587+00:00
2026-05-25 01:00:00+00:00,XRP-USD,15m,1.351199984550476,1.3514000177383423,1.3489999771118164,1.3514000177383423,1623552,1623552,yfinance,2026-07-10T06:58:05.450587+00:00
2026-05-25 01:15:00+00:00,XRP-USD,15m,1.3516000509262085,1.3535000085830688,1.351199984550476,1.3533999919891357,972032,972032,yfinance,2026-07-10T06:58:05.450587+00:00
2026-05-25 01:30:00+00:00,XRP-USD,15m,1.3535000085830688,1.353700041770935,1.3509000539779663,1.3509000539779663,2477952,2477952,yfinance,2026-07-10T06:58:05.450587+00:00
2026-05-25 01:45:00+00:00,XRP-USD,15m,1.351199984550476,1.3513000011444092,1.3452999591827393,1.3457000255584717,1209984,1209984,yfinance,2026-07-10T06:58:05.450587+00:00
2026-05-25 02:00:00+00:00,XRP-USD,15m,1.3461999893188477,1.3550000190734863,1.3458000421524048,1.3535000085830688,14268928,14268928,yfinance,2026-07-10T06:58:05.450587+00:00
2026-05-25 02:15:00+00:00,XRP-USD,15m,1.3532999753952026,1.3532999753952026,1.3460999727249146,1.3473000526428223,4820352,4820352,yfinance,2026-07-10T06:58:05.450587+00:00
2026-05-25 02:30:00+00:00,XRP-USD,15m,1.347499966621399,1.3482999801635742,1.3456000089645386,1.346500039100647,5430528,5430528,yfinance,2026-07-10T06:58:05.450587+00:00
2026-05-25 02:45:00+00:00,XRP-USD,15m,1.347000002861023,1.3472000360488892,1.3452999591827393,1.3456000089645386,1036160,1036160,yfinance,2026-07-10T06:58:05.450587+00:00
2026-05-25 03:00:00+00:00,XRP-USD,15m,1.3457000255584717,1.347100019454956,1.344099998474121,1.3450000286102295,3846400,3846400,yfinance,2026-07-10T06:58:05.450587+00:00
2026-05-25 03:15:00+00:00,XRP-USD,15m,1.344599962234497,1.3456000089645386,1.342900037765503,1.3432999849319458,5721472,5721472,yfinance,2026-07-10T06:58:05.450587+00:00
2026-05-25 03:30:00+00:00,XRP-USD,15m,1.3436000347137451,1.3443000316619873,1.3417999744415283,1.344099998474121,7819776,7819776,yfinance,2026-07-10T06:58:05.450587+00:00
2026-05-25 03:45:00+00:00,XRP-USD,15m,1.3432999849319458,1.345900058746338,1.3428000211715698,1.3452999591827393,4124800,4124800,yfinance,2026-07-10T06:58:05.450587+00:00
2026-05-25 04:00:00+00:00,XRP-USD,15m,1.3454999923706055,1.34660005569458,1.3442000150680542,1.3447999954223633,499456,499456,yfinance,2026-07-10T06:58:05.450587+00:00
2026-05-25 04:15:00+00:00,XRP-USD,15m,1.3447999954223633,1.3480000495910645,1.3437999486923218,1.3480000495910645,2718848,2718848,yfinance,2026-07-10T06:58:05.450587+00:00
2026-05-25 04:30:00+00:00,XRP-USD,15m,1.348099946975708,1.3502000570297241,1.3476999998092651,1.3502000570297241,4115968,4115968,yfinance,2026-07-10T06:58:05.450587+00:00
2026-05-25 04:45:00+00:00,XRP-USD,15m,1.350000023841858,1.3549000024795532,1.3497999906539917,1.3538000583648682,17709568,17709568,yfinance,2026-07-10T06:58:05.450587+00:00
2026-05-25 05:00:00+00:00,XRP-USD,15m,1.353600025177002,1.3565000295639038,1.3523999452590942,1.3562999963760376,13491200,13491200,yfinance,2026-07-10T06:58:05.450587+00:00
2026-05-25 05:15:00+00:00,XRP-USD,15m,1.3569999933242798,1.3579000234603882,1.3550000190734863,1.3567999601364136,13865344,13865344,yfinance,2026-07-10T06:58:05.450587+00:00
2026-05-25 05:30:00+00:00,XRP-USD,15m,1.3567999601364136,1.3593000173568726,1.3565000295639038,1.3590999841690063,6561920,6561920,yfinance,2026-07-10T06:58:05.450587+00:00
2026-05-25 05:45:00+00:00,XRP-USD,15m,1.3589999675750732,1.3589999675750732,1.356600046157837,1.3567999601364136,2085888,2085888,yfinance,2026-07-10T06:58:05.450587+00:00
2026-05-25 06:00:00+00:00,XRP-USD,15m,1.3567999601364136,1.3589999675750732,1.3553999662399292,1.3558000326156616,9974272,9974272,yfinance,2026-07-10T06:58:05.450587+00:00
2026-05-25 06:15:00+00:00,XRP-USD,15m,1.3558000326156616,1.3558000326156616,1.3528000116348267,1.354099988937378,6947328,6947328,yfinance,2026-07-10T06:58:05.450587+00:00
2026-05-25 06:30:00+00:00,XRP-USD,15m,1.354099988937378,1.358299970626831,1.354099988937378,1.3565000295639038,6665344,6665344,yfinance,2026-07-10T06:58:05.450587+00:00
2026-05-25 06:45:00+00:00,XRP-USD,15m,1.3565000295639038,1.357800006866455,1.3559999465942383,1.3566999435424805,1005696,1005696,yfinance,2026-07-10T06:58:05.450587+00:00
2026-05-25 07:00:00+00:00,XRP-USD,15m,1.3568999767303467,1.3594000339508057,1.3557000160217285,1.3560999631881714,3295872,3295872,yfinance,2026-07-10T06:58:05.450587+00:00
2026-05-25 07:15:00+00:00,XRP-USD,15m,1.3561999797821045,1.3568999767303467,1.351699948310852,1.3518999814987183,7799040,7799040,yfinance,2026-07-10T06:58:05.450587+00:00
2026-05-25 07:30:00+00:00,XRP-USD,15m,1.3519999980926514,1.354599952697754,1.351099967956543,1.3533999919891357,13033984,13033984,yfinance,2026-07-10T06:58:05.450587+00:00
2026-05-25 07:45:00+00:00,XRP-USD,15m,1.3532999753952026,1.3569999933242798,1.3525999784469604,1.3569999933242798,11093120,11093120,yfinance,2026-07-10T06:58:05.450587+00:00
2026-05-25 08:00:00+00:00,XRP-USD,15m,1.357200026512146,1.3589999675750732,1.3566999435424805,1.3579000234603882,19736320,19736320,yfinance,2026-07-10T06:58:05.450587+00:00
2026-05-25 08:15:00+00:00,XRP-USD,15m,1.3581000566482544,1.3590999841690063,1.3567999601364136,1.3586000204086304,16875776,16875776,yfinance,2026-07-10T06:58:05.450587+00:00
2026-05-25 08:30:00+00:00,XRP-USD,15m,1.3588000535964966,1.3633999824523926,1.3561999797821045,1.357200026512146,19087360,19087360,yfinance,2026-07-10T06:58:05.450587+00:00
2026-05-25 08:45:00+00:00,XRP-USD,15m,1.357100009918213,1.3586000204086304,1.3566999435424805,1.357699990272522,24802304,24802304,yfinance,2026-07-10T06:58:05.450587+00:00
2026-05-25 09:00:00+00:00,XRP-USD,15m,1.357699990272522,1.3581000566482544,1.3567999601364136,1.357200026512146,10233600,10233600,yfinance,2026-07-10T06:58:05.450587+00:00
2026-05-25 09:15:00+00:00,XRP-USD,15m,1.357100009918213,1.3600000143051147,1.355299949645996,1.3592000007629395,3155456,3155456,yfinance,2026-07-10T06:58:05.450587+00:00
2026-05-25 09:30:00+00:00,XRP-USD,15m,1.3589999675750732,1.3615000247955322,1.3589999675750732,1.3595000505447388,7299072,7299072,yfinance,2026-07-10T06:58:05.450587+00:00
2026-05-25 09:45:00+00:00,XRP-USD,15m,1.3592000007629395,1.3604999780654907,1.3583999872207642,1.3595999479293823,3042176,3042176,yfinance,2026-07-10T06:58:05.450587+00:00
2026-05-25 10:00:00+00:00,XRP-USD,15m,1.3596999645233154,1.3598999977111816,1.3586000204086304,1.3589999675750732,1564672,1564672,yfinance,2026-07-10T06:58:05.450587+00:00
2026-05-25 10:15:00+00:00,XRP-USD,15m,1.3588999509811401,1.3596999645233154,1.3579000234603882,1.3587000370025635,51649664,51649664,yfinance,2026-07-10T06:58:05.450587+00:00
2026-05-25 10:30:00+00:00,XRP-USD,15m,1.3587000370025635,1.3592000007629395,1.3580000400543213,1.3588000535964966,0,0,yfinance,2026-07-10T06:58:05.450587+00:00
2026-05-25 10:45:00+00:00,XRP-USD,15m,1.3588999509811401,1.3602999448776245,1.3587000370025635,1.3593000173568726,220032,220032,yfinance,2026-07-10T06:58:05.450587+00:00
2026-05-25 11:00:00+00:00,XRP-USD,15m,1.3589999675750732,1.3592000007629395,1.3574999570846558,1.3581000566482544,1222784,1222784,yfinance,2026-07-10T06:58:05.450587+00:00
2026-05-25 11:15:00+00:00,XRP-USD,15m,1.3581000566482544,1.358199954032898,1.357300043106079,1.357699990272522,0,0,yfinance,2026-07-10T06:58:05.450587+00:00
2026-05-25 11:30:00+00:00,XRP-USD,15m,1.3575999736785889,1.3603999614715576,1.3575999736785889,1.358299970626831,2829184,2829184,yfinance,2026-07-10T06:58:05.450587+00:00
2026-05-25 11:45:00+00:00,XRP-USD,15m,1.3586000204086304,1.3588000535964966,1.3560999631881714,1.356600046157837,1027456,1027456,yfinance,2026-07-10T06:58:05.450587+00:00
2026-05-25 12:00:00+00:00,XRP-USD,15m,1.3566999435424805,1.3567999601364136,1.3551000356674194,1.356600046157837,0,0,yfinance,2026-07-10T06:58:05.450587+00:00
2026-05-25 12:15:00+00:00,XRP-USD,15m,1.3565000295639038,1.3575999736785889,1.3555999994277954,1.357200026512146,3188224,3188224,yfinance,2026-07-10T06:58:05.450587+00:00
2026-05-25 12:30:00+00:00,XRP-USD,15m,1.357200026512146,1.358199954032898,1.3561999797821045,1.357200026512146,349440,349440,yfinance,2026-07-10T06:58:05.450587+00:00
2026-05-25 12:45:00+00:00,XRP-USD,15m,1.357300043106079,1.3579000234603882,1.3555999994277954,1.3560999631881714,3806208,3806208,yfinance,2026-07-10T06:58:05.450587+00:00
2026-05-25 13:00:00+00:00,XRP-USD,15m,1.3560999631881714,1.3575999736785889,1.354200005531311,1.3552000522613525,629120,629120,yfinance,2026-07-10T06:58:05.450587+00:00
2026-05-25 13:15:00+00:00,XRP-USD,15m,1.3553999662399292,1.3567999601364136,1.3547999858856201,1.3559999465942383,4651264,4651264,yfinance,2026-07-10T06:58:05.450587+00:00
2026-05-25 13:30:00+00:00,XRP-USD,15m,1.3562999963760376,1.3562999963760376,1.354599952697754,1.3560999631881714,195584,195584,yfinance,2026-07-10T06:58:05.450587+00:00
2026-05-25 13:45:00+00:00,XRP-USD,15m,1.3567999601364136,1.3574999570846558,1.3555999994277954,1.357100009918213,2452864,2452864,yfinance,2026-07-10T06:58:05.450587+00:00
2026-05-25 14:00:00+00:00,XRP-USD,15m,1.357200026512146,1.3600000143051147,1.3565000295639038,1.3587000370025635,5160832,5160832,yfinance,2026-07-10T06:58:05.450587+00:00
2026-05-25 14:15:00+00:00,XRP-USD,15m,1.3588000535964966,1.3614000082015991,1.3588000535964966,1.3614000082015991,0,0,yfinance,2026-07-10T06:58:05.450587+00:00
2026-05-25 14:30:00+00:00,XRP-USD,15m,1.361299991607666,1.361299991607666,1.3574999570846558,1.358199954032898,0,0,yfinance,2026-07-10T06:58:05.450587+00:00
2026-05-25 14:45:00+00:00,XRP-USD,15m,1.358199954032898,1.3615000247955322,1.358199954032898,1.3602999448776245,3363200,3363200,yfinance,2026-07-10T06:58:05.450587+00:00
2026-05-25 15:00:00+00:00,XRP-USD,15m,1.3602999448776245,1.363700032234192,1.3594000339508057,1.3594000339508057,2504704,2504704,yfinance,2026-07-10T06:58:05.450587+00:00
2026-05-25 15:15:00+00:00,XRP-USD,15m,1.3594000339508057,1.360200047492981,1.3564000129699707,1.357200026512146,27017088,27017088,yfinance,2026-07-10T06:58:05.450587+00:00
2026-05-25 15:30:00+00:00,XRP-USD,15m,1.3569999933242798,1.3594000339508057,1.356600046157837,1.3592000007629395,3270912,3270912,yfinance,2026-07-10T06:58:05.450587+00:00
2026-05-25 15:45:00+00:00,XRP-USD,15m,1.3590999841690063,1.3593000173568726,1.3568999767303467,1.3579000234603882,1788032,1788032,yfinance,2026-07-10T06:58:05.450587+00:00
2026-05-25 16:00:00+00:00,XRP-USD,15m,1.3579000234603882,1.3581000566482544,1.3562999963760376,1.3564000129699707,0,0,yfinance,2026-07-10T06:58:05.450587+00:00
2026-05-25 16:15:00+00:00,XRP-USD,15m,1.3566999435424805,1.3586000204086304,1.3564000129699707,1.3574999570846558,1807744,1807744,yfinance,2026-07-10T06:58:05.450587+00:00
2026-05-25 16:30:00+00:00,XRP-USD,15m,1.3574999570846558,1.3596999645233154,1.3567999601364136,1.3595000505447388,1626880,1626880,yfinance,2026-07-10T06:58:05.450587+00:00
2026-05-25 16:45:00+00:00,XRP-USD,15m,1.3595000505447388,1.3625999689102173,1.3589999675750732,1.3616000413894653,5544320,5544320,yfinance,2026-07-10T06:58:05.450587+00:00
2026-05-25 17:00:00+00:00,XRP-USD,15m,1.3624000549316406,1.3630000352859497,1.3609000444412231,1.3616000413894653,3860096,3860096,yfinance,2026-07-10T06:58:05.450587+00:00
2026-05-25 17:15:00+00:00,XRP-USD,15m,1.3616000413894653,1.3616000413894653,1.3595000505447388,1.3616000413894653,701312,701312,yfinance,2026-07-10T06:58:05.450587+00:00
2026-05-25 17:30:00+00:00,XRP-USD,15m,1.361899971961975,1.361899971961975,1.3598999977111816,1.36080002784729,2008448,2008448,yfinance,2026-07-10T06:58:05.450587+00:00
2026-05-25 17:45:00+00:00,XRP-USD,15m,1.360700011253357,1.361199975013733,1.3592000007629395,1.360200047492981,2641280,2641280,yfinance,2026-07-10T06:58:05.450587+00:00
2026-05-25 18:00:00+00:00,XRP-USD,15m,1.3600000143051147,1.3621000051498413,1.3597999811172485,1.3615000247955322,185856,185856,yfinance,2026-07-10T06:58:05.450587+00:00
2026-05-25 18:15:00+00:00,XRP-USD,15m,1.3616000413894653,1.3619999885559082,1.360200047492981,1.36080002784729,317824,317824,yfinance,2026-07-10T06:58:05.450587+00:00
2026-05-25 18:30:00+00:00,XRP-USD,15m,1.36080002784729,1.3609000444412231,1.3583999872207642,1.3588999509811401,0,0,yfinance,2026-07-10T06:58:05.450587+00:00
2026-05-25 18:45:00+00:00,XRP-USD,15m,1.3589999675750732,1.3594000339508057,1.3573999404907227,1.357699990272522,0,0,yfinance,2026-07-10T06:58:05.450587+00:00
2026-05-25 19:00:00+00:00,XRP-USD,15m,1.3575999736785889,1.3575999736785889,1.3552000522613525,1.3564000129699707,1876608,1876608,yfinance,2026-07-10T06:58:05.450587+00:00
2026-05-25 19:15:00+00:00,XRP-USD,15m,1.3564000129699707,1.3567999601364136,1.3550000190734863,1.3566999435424805,0,0,yfinance,2026-07-10T06:58:05.450587+00:00
2026-05-25 19:30:00+00:00,XRP-USD,15m,1.356600046157837,1.357300043106079,1.3532999753952026,1.3547999858856201,2732032,2732032,yfinance,2026-07-10T06:58:05.450587+00:00
2026-05-25 19:45:00+00:00,XRP-USD,15m,1.3547999858856201,1.3562999963760376,1.354699969291687,1.3561999797821045,4028032,4028032,yfinance,2026-07-10T06:58:05.450587+00:00
2026-05-25 20:00:00+00:00,XRP-USD,15m,1.3558000326156616,1.3580000400543213,1.3553999662399292,1.357800006866455,0,0,yfinance,2026-07-10T06:58:05.450587+00:00
2026-05-25 20:15:00+00:00,XRP-USD,15m,1.3575999736785889,1.358199954032898,1.3560999631881714,1.3562999963760376,533632,533632,yfinance,2026-07-10T06:58:05.450587+00:00
2026-05-25 20:30:00+00:00,XRP-USD,15m,1.3559000492095947,1.3562999963760376,1.351099967956543,1.3522000312805176,641152,641152,yfinance,2026-07-10T06:58:05.450587+00:00
2026-05-25 20:45:00+00:00,XRP-USD,15m,1.3523999452590942,1.3549000024795532,1.351699948310852,1.3533999919891357,5395584,5395584,yfinance,2026-07-10T06:58:05.450587+00:00
2026-05-25 21:00:00+00:00,XRP-USD,15m,1.3535000085830688,1.3555999994277954,1.3533999919891357,1.3552000522613525,1269248,1269248,yfinance,2026-07-10T06:58:05.450587+00:00
2026-05-25 21:15:00+00:00,XRP-USD,15m,1.3552000522613525,1.3552000522613525,1.353700041770935,1.3547999858856201,607488,607488,yfinance,2026-07-10T06:58:05.450587+00:00
2026-05-25 21:30:00+00:00,XRP-USD,15m,1.3547999858856201,1.3550000190734863,1.3530000448226929,1.353600025177002,0,0,yfinance,2026-07-10T06:58:05.450587+00:00
2026-05-25 21:45:00+00:00,XRP-USD,15m,1.353700041770935,1.3545000553131104,1.3530000448226929,1.3535000085830688,15976960,15976960,yfinance,2026-07-10T06:58:05.450587+00:00
2026-05-25 22:00:00+00:00,XRP-USD,15m,1.3538000583648682,1.354599952697754,1.3514000177383423,1.353600025177002,0,0,yfinance,2026-07-10T06:58:05.450587+00:00
2026-05-25 22:15:00+00:00,XRP-USD,15m,1.3533999919891357,1.3538999557495117,1.3494999408721924,1.3502999544143677,0,0,yfinance,2026-07-10T06:58:05.450587+00:00
2026-05-25 22:30:00+00:00,XRP-USD,15m,1.3493000268936157,1.3494000434875488,1.3458000421524048,1.3489999771118164,7863168,7863168,yfinance,2026-07-10T06:58:05.450587+00:00
2026-05-25 22:45:00+00:00,XRP-USD,15m,1.3489999771118164,1.350100040435791,1.347599983215332,1.347599983215332,2246528,2246528,yfinance,2026-07-10T06:58:05.450587+00:00
2026-05-25 23:00:00+00:00,XRP-USD,15m,1.3472000360488892,1.3496999740600586,1.345900058746338,1.3495999574661255,6515840,6515840,yfinance,2026-07-10T06:58:05.450587+00:00
2026-05-25 23:15:00+00:00,XRP-USD,15m,1.3494999408721924,1.3502999544143677,1.3487999439239502,1.3494000434875488,1045248,1045248,yfinance,2026-07-10T06:58:05.450587+00:00
2026-05-25 23:30:00+00:00,XRP-USD,15m,1.3488999605178833,1.3504999876022339,1.3488999605178833,1.3493000268936157,1236224,1236224,yfinance,2026-07-10T06:58:05.450587+00:00
2026-05-25 23:45:00+00:00,XRP-USD,15m,1.3492000102996826,1.3496999740600586,1.3482999801635742,1.3490999937057495,1252992,1252992,yfinance,2026-07-10T06:58:05.450587+00:00
2026-05-26 00:00:00+00:00,XRP-USD,15m,1.3492000102996826,1.3499000072479248,1.347599983215332,1.3486000299453735,125952,125952,yfinance,2026-07-10T06:58:05.450587+00:00
2026-05-26 00:15:00+00:00,XRP-USD,15m,1.3486000299453735,1.3487000465393066,1.3457000255584717,1.3461999893188477,1632128,1632128,yfinance,2026-07-10T06:58:05.450587+00:00
2026-05-26 00:30:00+00:00,XRP-USD,15m,1.3463000059127808,1.3472000360488892,1.3406000137329102,1.340999960899353,5712128,5712128,yfinance,2026-07-10T06:58:05.450587+00:00
2026-05-26 00:45:00+00:00,XRP-USD,15m,1.3414000272750854,1.3423000574111938,1.3343000411987305,1.34089994430542,17280768,17280768,yfinance,2026-07-10T06:58:05.450587+00:00
2026-05-26 01:00:00+00:00,XRP-USD,15m,1.3401000499725342,1.3422000408172607,1.3365000486373901,1.3421000242233276,21305856,21305856,yfinance,2026-07-10T06:58:05.450587+00:00
2026-05-26 01:15:00+00:00,XRP-USD,15m,1.3423000574111938,1.3436000347137451,1.3398000001907349,1.3408000469207764,5312768,5312768,yfinance,2026-07-10T06:58:05.450587+00:00
2026-05-26 01:30:00+00:00,XRP-USD,15m,1.3407000303268433,1.3407000303268433,1.3361999988555908,1.337399959564209,5797632,5797632,yfinance,2026-07-10T06:58:05.450587+00:00
2026-05-26 01:45:00+00:00,XRP-USD,15m,1.3371000289916992,1.3396999835968018,1.3371000289916992,1.3385000228881836,5529088,5529088,yfinance,2026-07-10T06:58:05.450587+00:00
2026-05-26 02:00:00+00:00,XRP-USD,15m,1.3388999700546265,1.3388999700546265,1.3360999822616577,1.3377000093460083,727168,727168,yfinance,2026-07-10T06:58:05.450587+00:00
2026-05-26 02:15:00+00:00,XRP-USD,15m,1.3377000093460083,1.3384000062942505,1.336400032043457,1.3365999460220337,16121472,16121472,yfinance,2026-07-10T06:58:05.450587+00:00
2026-05-26 02:30:00+00:00,XRP-USD,15m,1.3366999626159668,1.3384000062942505,1.3359999656677246,1.3361999988555908,3271680,3271680,yfinance,2026-07-10T06:58:05.450587+00:00
2026-05-26 02:45:00+00:00,XRP-USD,15m,1.336300015449524,1.3372999429702759,1.3346999883651733,1.3359999656677246,9111040,9111040,yfinance,2026-07-10T06:58:05.450587+00:00
2026-05-26 03:00:00+00:00,XRP-USD,15m,1.3358999490737915,1.3360999822616577,1.3330999612808228,1.3330999612808228,2562304,2562304,yfinance,2026-07-10T06:58:05.450587+00:00
2026-05-26 03:15:00+00:00,XRP-USD,15m,1.3330999612808228,1.3357000350952148,1.3330999612808228,1.3357000350952148,2003712,2003712,yfinance,2026-07-10T06:58:05.450587+00:00
2026-05-26 03:30:00+00:00,XRP-USD,15m,1.3361999988555908,1.3387999534606934,1.3357000350952148,1.3384000062942505,1521920,1521920,yfinance,2026-07-10T06:58:05.450587+00:00
2026-05-26 03:45:00+00:00,XRP-USD,15m,1.3385000228881836,1.3398000001907349,1.3381999731063843,1.3388999700546265,3318144,3318144,yfinance,2026-07-10T06:58:05.450587+00:00
2026-05-26 04:00:00+00:00,XRP-USD,15m,1.3391000032424927,1.3401999473571777,1.3387999534606934,1.3396999835968018,1187456,1187456,yfinance,2026-07-10T06:58:05.450587+00:00
2026-05-26 04:15:00+00:00,XRP-USD,15m,1.339900016784668,1.3428000211715698,1.3385000228881836,1.3423999547958374,21791360,21791360,yfinance,2026-07-10T06:58:05.450587+00:00
2026-05-26 04:30:00+00:00,XRP-USD,15m,1.3423999547958374,1.3449000120162964,1.3423000574111938,1.344099998474121,3374464,3374464,yfinance,2026-07-10T06:58:05.450587+00:00
2026-05-26 04:45:00+00:00,XRP-USD,15m,1.3444000482559204,1.3451999425888062,1.3438999652862549,1.3442000150680542,0,0,yfinance,2026-07-10T06:58:05.450587+00:00
2026-05-26 05:00:00+00:00,XRP-USD,15m,1.343999981880188,1.3456000089645386,1.3432999849319458,1.3451999425888062,0,0,yfinance,2026-07-10T06:58:05.450587+00:00
2026-05-26 05:15:00+00:00,XRP-USD,15m,1.3451999425888062,1.346500039100647,1.3451000452041626,1.345900058746338,0,0,yfinance,2026-07-10T06:58:05.450587+00:00
2026-05-26 05:30:00+00:00,XRP-USD,15m,1.345900058746338,1.3494999408721924,1.3458000421524048,1.3473999500274658,1566976,1566976,yfinance,2026-07-10T06:58:05.450587+00:00
2026-05-26 05:45:00+00:00,XRP-USD,15m,1.347499966621399,1.347499966621399,1.3451999425888062,1.3466999530792236,1250688,1250688,yfinance,2026-07-10T06:58:05.450587+00:00
2026-05-26 06:00:00+00:00,XRP-USD,15m,1.3464000225067139,1.34660005569458,1.3451000452041626,1.3460999727249146,0,0,yfinance,2026-07-10T06:58:05.450587+00:00
2026-05-26 06:15:00+00:00,XRP-USD,15m,1.3460999727249146,1.346500039100647,1.3442000150680542,1.3452999591827393,0,0,yfinance,2026-07-10T06:58:05.450587+00:00
2026-05-26 06:30:00+00:00,XRP-USD,15m,1.3454999923706055,1.3482999801635742,1.3452999591827393,1.3480000495910645,4089984,4089984,yfinance,2026-07-10T06:58:05.450587+00:00
2026-05-26 06:45:00+00:00,XRP-USD,15m,1.3480000495910645,1.3480000495910645,1.3467999696731567,1.347000002861023,1157248,1157248,yfinance,2026-07-10T06:58:05.450587+00:00
2026-05-26 07:00:00+00:00,XRP-USD,15m,1.3472000360488892,1.347599983215332,1.3418999910354614,1.3423999547958374,0,0,yfinance,2026-07-10T06:58:05.450587+00:00
2026-05-26 07:15:00+00:00,XRP-USD,15m,1.3424999713897705,1.3424999713897705,1.339900016784668,1.3415000438690186,3385984,3385984,yfinance,2026-07-10T06:58:05.450587+00:00
2026-05-26 07:30:00+00:00,XRP-USD,15m,1.3413000106811523,1.3415000438690186,1.3379000425338745,1.3391000032424927,0,0,yfinance,2026-07-10T06:58:05.450587+00:00
2026-05-26 07:45:00+00:00,XRP-USD,15m,1.3392000198364258,1.3413000106811523,1.3385000228881836,1.3391000032424927,1208704,1208704,yfinance,2026-07-10T06:58:05.450587+00:00
2026-05-26 08:00:00+00:00,XRP-USD,15m,1.3389999866485596,1.3421000242233276,1.3387999534606934,1.3406000137329102,1124864,1124864,yfinance,2026-07-10T06:58:05.450587+00:00
2026-05-26 08:15:00+00:00,XRP-USD,15m,1.3402999639511108,1.340999960899353,1.3392000198364258,1.3406000137329102,2359680,2359680,yfinance,2026-07-10T06:58:05.450587+00:00
2026-05-26 08:30:00+00:00,XRP-USD,15m,1.340499997138977,1.3416999578475952,1.3393000364303589,1.3414000272750854,0,0,yfinance,2026-07-10T06:58:05.450587+00:00
2026-05-26 08:45:00+00:00,XRP-USD,15m,1.3414000272750854,1.3414000272750854,1.3382999897003174,1.3393000364303589,0,0,yfinance,2026-07-10T06:58:05.450587+00:00
2026-05-26 09:00:00+00:00,XRP-USD,15m,1.339400053024292,1.3402999639511108,1.3381999731063843,1.3392000198364258,0,0,yfinance,2026-07-10T06:58:05.450587+00:00
2026-05-26 09:15:00+00:00,XRP-USD,15m,1.3392000198364258,1.3415000438690186,1.3380999565124512,1.3402999639511108,4424448,4424448,yfinance,2026-07-10T06:58:05.450587+00:00
2026-05-26 09:30:00+00:00,XRP-USD,15m,1.340499997138977,1.3417999744415283,1.3396999835968018,1.3407000303268433,11904,11904,yfinance,2026-07-10T06:58:05.450587+00:00
2026-05-26 09:45:00+00:00,XRP-USD,15m,1.3408000469207764,1.3410999774932861,1.3394999504089355,1.340499997138977,1118976,1118976,yfinance,2026-07-10T06:58:05.450587+00:00
2026-05-26 10:00:00+00:00,XRP-USD,15m,1.3401000499725342,1.342900037765503,1.3387000560760498,1.3425999879837036,0,0,yfinance,2026-07-10T06:58:05.450587+00:00
2026-05-26 10:15:00+00:00,XRP-USD,15m,1.3428000211715698,1.3551000356674194,1.3422000408172607,1.354699969291687,7310080,7310080,yfinance,2026-07-10T06:58:05.450587+00:00
2026-05-26 10:30:00+00:00,XRP-USD,15m,1.3552000522613525,1.3579000234603882,1.3544000387191772,1.357100009918213,32825088,32825088,yfinance,2026-07-10T06:58:05.450587+00:00
2026-05-26 10:45:00+00:00,XRP-USD,15m,1.357100009918213,1.3579000234603882,1.3550000190734863,1.3552000522613525,14483328,14483328,yfinance,2026-07-10T06:58:05.450587+00:00
2026-05-26 11:00:00+00:00,XRP-USD,15m,1.3551000356674194,1.3559999465942383,1.3538999557495117,1.3538999557495117,3759744,3759744,yfinance,2026-07-10T06:58:05.450587+00:00
2026-05-26 11:15:00+00:00,XRP-USD,15m,1.3538999557495117,1.354099988937378,1.3503999710083008,1.351099967956543,12374784,12374784,yfinance,2026-07-10T06:58:05.450587+00:00
2026-05-26 11:30:00+00:00,XRP-USD,15m,1.3509999513626099,1.3529000282287598,1.350000023841858,1.3518999814987183,3005312,3005312,yfinance,2026-07-10T06:58:05.450587+00:00
2026-05-26 11:45:00+00:00,XRP-USD,15m,1.3517999649047852,1.3522000312805176,1.3504999876022339,1.350600004196167,5192832,5192832,yfinance,2026-07-10T06:58:05.450587+00:00
2026-05-26 12:00:00+00:00,XRP-USD,15m,1.350600004196167,1.3516000509262085,1.3464000225067139,1.3502000570297241,4511232,4511232,yfinance,2026-07-10T06:58:05.450587+00:00
2026-05-26 12:15:00+00:00,XRP-USD,15m,1.3502000570297241,1.3508000373840332,1.3485000133514404,1.350000023841858,3922944,3922944,yfinance,2026-07-10T06:58:05.450587+00:00
2026-05-26 12:30:00+00:00,XRP-USD,15m,1.350100040435791,1.3519999980926514,1.3494000434875488,1.3516000509262085,204288,204288,yfinance,2026-07-10T06:58:05.450587+00:00
2026-05-26 12:45:00+00:00,XRP-USD,15m,1.351699948310852,1.3543000221252441,1.351699948310852,1.3538000583648682,5398400,5398400,yfinance,2026-07-10T06:58:05.450587+00:00
2026-05-26 13:00:00+00:00,XRP-USD,15m,1.3538000583648682,1.354599952697754,1.3526999950408936,1.3531999588012695,1149056,1149056,yfinance,2026-07-10T06:58:05.450587+00:00
2026-05-26 13:15:00+00:00,XRP-USD,15m,1.3531999588012695,1.3532999753952026,1.3488999605178833,1.3488999605178833,2657536,2657536,yfinance,2026-07-10T06:58:05.450587+00:00
2026-05-26 13:30:00+00:00,XRP-USD,15m,1.3494000434875488,1.3521000146865845,1.3468999862670898,1.3504999876022339,9751296,9751296,yfinance,2026-07-10T06:58:05.450587+00:00
2026-05-26 13:45:00+00:00,XRP-USD,15m,1.3509000539779663,1.3587000370025635,1.3509000539779663,1.353700041770935,16940544,16940544,yfinance,2026-07-10T06:58:05.450587+00:00
2026-05-26 14:00:00+00:00,XRP-USD,15m,1.3549000024795532,1.357100009918213,1.3538999557495117,1.357100009918213,1275776,1275776,yfinance,2026-07-10T06:58:05.450587+00:00
2026-05-26 14:15:00+00:00,XRP-USD,15m,1.357300043106079,1.363800048828125,1.3560999631881714,1.361799955368042,15227904,15227904,yfinance,2026-07-10T06:58:05.450587+00:00
2026-05-26 14:30:00+00:00,XRP-USD,15m,1.3621000051498413,1.3624000549316406,1.3473000526428223,1.3481999635696411,29225984,29225984,yfinance,2026-07-10T06:58:05.450587+00:00
2026-05-26 14:45:00+00:00,XRP-USD,15m,1.3488999605178833,1.3538000583648682,1.3467999696731567,1.3509999513626099,26121344,26121344,yfinance,2026-07-10T06:58:05.450587+00:00
2026-05-26 15:00:00+00:00,XRP-USD,15m,1.3513000011444092,1.3522000312805176,1.34660005569458,1.351099967956543,13871104,13871104,yfinance,2026-07-10T06:58:05.450587+00:00
2026-05-26 15:15:00+00:00,XRP-USD,15m,1.3514000177383423,1.3521000146865845,1.3444000482559204,1.3459999561309814,5596672,5596672,yfinance,2026-07-10T06:58:05.450587+00:00
2026-05-26 15:30:00+00:00,XRP-USD,15m,1.3452999591827393,1.34660005569458,1.341599941253662,1.3453999757766724,16875776,16875776,yfinance,2026-07-10T06:58:05.450587+00:00
2026-05-26 15:45:00+00:00,XRP-USD,15m,1.3453999757766724,1.3453999757766724,1.3382999897003174,1.3436000347137451,14780544,14780544,yfinance,2026-07-10T06:58:05.450587+00:00
2026-05-26 16:00:00+00:00,XRP-USD,15m,1.3436000347137451,1.344099998474121,1.3370000123977661,1.3392000198364258,18227968,18227968,yfinance,2026-07-10T06:58:05.450587+00:00
2026-05-26 16:15:00+00:00,XRP-USD,15m,1.3388999700546265,1.3421000242233276,1.3388999700546265,1.3406000137329102,19597824,19597824,yfinance,2026-07-10T06:58:05.450587+00:00
2026-05-26 16:30:00+00:00,XRP-USD,15m,1.340499997138977,1.3428000211715698,1.3385000228881836,1.3408000469207764,14193536,14193536,yfinance,2026-07-10T06:58:05.450587+00:00
2026-05-26 16:45:00+00:00,XRP-USD,15m,1.340999960899353,1.3421000242233276,1.3370000123977661,1.3393000364303589,7932928,7932928,yfinance,2026-07-10T06:58:05.450587+00:00
2026-05-26 17:00:00+00:00,XRP-USD,15m,1.3393000364303589,1.3420000076293945,1.3385000228881836,1.3385000228881836,1948032,1948032,yfinance,2026-07-10T06:58:05.450587+00:00
2026-05-26 17:15:00+00:00,XRP-USD,15m,1.3382999897003174,1.3385000228881836,1.3288999795913696,1.329300045967102,13537664,13537664,yfinance,2026-07-10T06:58:05.450587+00:00
2026-05-26 17:30:00+00:00,XRP-USD,15m,1.3279999494552612,1.3317999839782715,1.3257999420166016,1.3315000534057617,51677056,51677056,yfinance,2026-07-10T06:58:05.450587+00:00
2026-05-26 17:45:00+00:00,XRP-USD,15m,1.3313000202178955,1.3342000246047974,1.3310999870300293,1.3314000368118286,20196736,20196736,yfinance,2026-07-10T06:58:05.450587+00:00
2026-05-26 18:00:00+00:00,XRP-USD,15m,1.3312000036239624,1.3330999612808228,1.329699993133545,1.3327000141143799,19756928,19756928,yfinance,2026-07-10T06:58:05.450587+00:00
2026-05-26 18:15:00+00:00,XRP-USD,15m,1.3327000141143799,1.3367999792099,1.3324999809265137,1.3350000381469727,10629248,10629248,yfinance,2026-07-10T06:58:05.450587+00:00
2026-05-26 18:30:00+00:00,XRP-USD,15m,1.3349000215530396,1.3353999853134155,1.3281999826431274,1.3282999992370605,7431040,7431040,yfinance,2026-07-10T06:58:05.450587+00:00
2026-05-26 18:45:00+00:00,XRP-USD,15m,1.3286000490188599,1.3316999673843384,1.3269000053405762,1.3279000520706177,9607936,9607936,yfinance,2026-07-10T06:58:05.450587+00:00
2026-05-26 19:00:00+00:00,XRP-USD,15m,1.3284000158309937,1.329699993133545,1.3264000415802002,1.3265999555587769,10774144,10774144,yfinance,2026-07-10T06:58:05.450587+00:00
2026-05-26 19:15:00+00:00,XRP-USD,15m,1.3265999555587769,1.3281999826431274,1.3250000476837158,1.3277000188827515,10474752,10474752,yfinance,2026-07-10T06:58:05.450587+00:00
2026-05-26 19:30:00+00:00,XRP-USD,15m,1.3278000354766846,1.3324999809265137,1.3276000022888184,1.3312000036239624,6540032,6540032,yfinance,2026-07-10T06:58:05.450587+00:00
2026-05-26 19:45:00+00:00,XRP-USD,15m,1.3312000036239624,1.3322999477386475,1.3295999765396118,1.329699993133545,8665600,8665600,yfinance,2026-07-10T06:58:05.450587+00:00
2026-05-26 20:00:00+00:00,XRP-USD,15m,1.330199956893921,1.3312000036239624,1.329200029373169,1.330899953842163,6445440,6445440,yfinance,2026-07-10T06:58:05.450587+00:00
2026-05-26 20:15:00+00:00,XRP-USD,15m,1.3308000564575195,1.3317999839782715,1.3287999629974365,1.3316999673843384,6387200,6387200,yfinance,2026-07-10T06:58:05.450587+00:00
2026-05-26 20:30:00+00:00,XRP-USD,15m,1.3315999507904053,1.3320000171661377,1.3295999765396118,1.3308000564575195,1613056,1613056,yfinance,2026-07-10T06:58:05.450587+00:00
2026-05-26 20:45:00+00:00,XRP-USD,15m,1.3308000564575195,1.3320000171661377,1.3308000564575195,1.3313000202178955,42240,42240,yfinance,2026-07-10T06:58:05.450587+00:00
2026-05-26 21:00:00+00:00,XRP-USD,15m,1.3314000368118286,1.3316999673843384,1.3265000581741333,1.3270000219345093,1096960,1096960,yfinance,2026-07-10T06:58:05.450587+00:00
2026-05-26 21:15:00+00:00,XRP-USD,15m,1.3270000219345093,1.3312000036239624,1.326799988746643,1.3310999870300293,7131520,7131520,yfinance,2026-07-10T06:58:05.450587+00:00
2026-05-26 21:30:00+00:00,XRP-USD,15m,1.3313000202178955,1.3321000337600708,1.3308000564575195,1.3315000534057617,3923712,3923712,yfinance,2026-07-10T06:58:05.450587+00:00
2026-05-26 21:45:00+00:00,XRP-USD,15m,1.3315000534057617,1.332800030708313,1.3286000490188599,1.329800009727478,4262016,4262016,yfinance,2026-07-10T06:58:05.450587+00:00
2026-05-26 22:00:00+00:00,XRP-USD,15m,1.3295999765396118,1.3315999507904053,1.3277000188827515,1.3289999961853027,1198720,1198720,yfinance,2026-07-10T06:58:05.450587+00:00
2026-05-26 22:15:00+00:00,XRP-USD,15m,1.3288999795913696,1.330399990081787,1.3282999992370605,1.3289999961853027,5182336,5182336,yfinance,2026-07-10T06:58:05.450587+00:00
2026-05-26 22:30:00+00:00,XRP-USD,15m,1.3288999795913696,1.3295999765396118,1.3274999856948853,1.3278000354766846,0,0,yfinance,2026-07-10T06:58:05.450587+00:00
2026-05-26 22:45:00+00:00,XRP-USD,15m,1.3276000022888184,1.3281999826431274,1.3265999555587769,1.3278000354766846,3642496,3642496,yfinance,2026-07-10T06:58:05.450587+00:00
2026-05-26 23:00:00+00:00,XRP-USD,15m,1.3282999992370605,1.329800009727478,1.3282999992370605,1.3288999795913696,0,0,yfinance,2026-07-10T06:58:05.450587+00:00
2026-05-26 23:15:00+00:00,XRP-USD,15m,1.3288999795913696,1.3293999433517456,1.3274999856948853,1.3285000324249268,712064,712064,yfinance,2026-07-10T06:58:05.450587+00:00
2026-05-26 23:30:00+00:00,XRP-USD,15m,1.3285000324249268,1.3289999961853027,1.3276000022888184,1.3284000158309937,3275776,3275776,yfinance,2026-07-10T06:58:05.450587+00:00
2026-05-26 23:45:00+00:00,XRP-USD,15m,1.3285000324249268,1.3285000324249268,1.326799988746643,1.3271000385284424,376704,376704,yfinance,2026-07-10T06:58:05.450587+00:00
2026-05-27 00:00:00+00:00,XRP-USD,15m,1.3273999691009521,1.3299000263214111,1.3270000219345093,1.3293999433517456,1165568,1165568,yfinance,2026-07-10T06:58:05.450587+00:00
2026-05-27 00:15:00+00:00,XRP-USD,15m,1.3295999765396118,1.3295999765396118,1.3269000053405762,1.3282999992370605,4502656,4502656,yfinance,2026-07-10T06:58:05.450587+00:00
2026-05-27 00:30:00+00:00,XRP-USD,15m,1.3284000158309937,1.3295999765396118,1.3274999856948853,1.329300045967102,1623680,1623680,yfinance,2026-07-10T06:58:05.450587+00:00
2026-05-27 00:45:00+00:00,XRP-USD,15m,1.3293999433517456,1.3309999704360962,1.3293999433517456,1.3306000232696533,0,0,yfinance,2026-07-10T06:58:05.450587+00:00
2026-05-27 01:00:00+00:00,XRP-USD,15m,1.3306000232696533,1.3310999870300293,1.3293999433517456,1.3310999870300293,0,0,yfinance,2026-07-10T06:58:05.450587+00:00
2026-05-27 01:15:00+00:00,XRP-USD,15m,1.3310999870300293,1.3310999870300293,1.3274999856948853,1.329300045967102,113280,113280,yfinance,2026-07-10T06:58:05.450587+00:00
2026-05-27 01:30:00+00:00,XRP-USD,15m,1.3286999464035034,1.330399990081787,1.3281999826431274,1.3291000127792358,0,0,yfinance,2026-07-10T06:58:05.450587+00:00
2026-05-27 01:45:00+00:00,XRP-USD,15m,1.3291000127792358,1.3307000398635864,1.3279999494552612,1.3287999629974365,465024,465024,yfinance,2026-07-10T06:58:05.450587+00:00
2026-05-27 02:00:00+00:00,XRP-USD,15m,1.3288999795913696,1.329300045967102,1.3265999555587769,1.3279999494552612,967424,967424,yfinance,2026-07-10T06:58:05.450587+00:00
2026-05-27 02:15:00+00:00,XRP-USD,15m,1.3279999494552612,1.3285000324249268,1.3246999979019165,1.326799988746643,4423424,4423424,yfinance,2026-07-10T06:58:05.450587+00:00
2026-05-27 02:30:00+00:00,XRP-USD,15m,1.326799988746643,1.3279000520706177,1.3259999752044678,1.3272000551223755,275328,275328,yfinance,2026-07-10T06:58:05.450587+00:00
2026-05-27 02:45:00+00:00,XRP-USD,15m,1.327299952507019,1.3285000324249268,1.32669997215271,1.3285000324249268,877056,877056,yfinance,2026-07-10T06:58:05.450587+00:00
2026-05-27 03:00:00+00:00,XRP-USD,15m,1.3289999961853027,1.3313000202178955,1.3281999826431274,1.3301000595092773,2992640,2992640,yfinance,2026-07-10T06:58:05.450587+00:00
2026-05-27 03:15:00+00:00,XRP-USD,15m,1.3301000595092773,1.3308000564575195,1.3282999992370605,1.329800009727478,1374336,1374336,yfinance,2026-07-10T06:58:05.450587+00:00
2026-05-27 03:30:00+00:00,XRP-USD,15m,1.329800009727478,1.3306000232696533,1.3277000188827515,1.3284000158309937,758016,758016,yfinance,2026-07-10T06:58:05.450587+00:00
2026-05-27 03:45:00+00:00,XRP-USD,15m,1.3284000158309937,1.3284000158309937,1.3244999647140503,1.325700044631958,7354496,7354496,yfinance,2026-07-10T06:58:05.450587+00:00
2026-05-27 04:00:00+00:00,XRP-USD,15m,1.3253999948501587,1.3264000415802002,1.3243000507354736,1.3253999948501587,323200,323200,yfinance,2026-07-10T06:58:05.450587+00:00
2026-05-27 04:15:00+00:00,XRP-USD,15m,1.3253999948501587,1.3255000114440918,1.3214999437332153,1.3228000402450562,8564736,8564736,yfinance,2026-07-10T06:58:05.450587+00:00
2026-05-27 04:30:00+00:00,XRP-USD,15m,1.3224999904632568,1.3233000040054321,1.319700002670288,1.3223999738693237,18274816,18274816,yfinance,2026-07-10T06:58:05.450587+00:00
2026-05-27 04:45:00+00:00,XRP-USD,15m,1.3223999738693237,1.3294999599456787,1.3223999738693237,1.3289999961853027,6115712,6115712,yfinance,2026-07-10T06:58:05.450587+00:00
2026-05-27 05:00:00+00:00,XRP-USD,15m,1.3289999961853027,1.330899953842163,1.3286000490188599,1.3291000127792358,3210112,3210112,yfinance,2026-07-10T06:58:05.450587+00:00
2026-05-27 05:15:00+00:00,XRP-USD,15m,1.3291000127792358,1.3306000232696533,1.3284000158309937,1.3295999765396118,1351424,1351424,yfinance,2026-07-10T06:58:05.450587+00:00
2026-05-27 05:30:00+00:00,XRP-USD,15m,1.3295999765396118,1.330399990081787,1.3281999826431274,1.3287999629974365,679552,679552,yfinance,2026-07-10T06:58:05.450587+00:00
2026-05-27 05:45:00+00:00,XRP-USD,15m,1.3287999629974365,1.3299000263214111,1.3285000324249268,1.329200029373169,2597120,2597120,yfinance,2026-07-10T06:58:05.450587+00:00
2026-05-27 06:00:00+00:00,XRP-USD,15m,1.329800009727478,1.3309999704360962,1.3286000490188599,1.3293999433517456,1732736,1732736,yfinance,2026-07-10T06:58:05.450587+00:00
2026-05-27 06:15:00+00:00,XRP-USD,15m,1.3291000127792358,1.3307000398635864,1.3285000324249268,1.3307000398635864,4727168,4727168,yfinance,2026-07-10T06:58:05.450587+00:00
2026-05-27 06:30:00+00:00,XRP-USD,15m,1.3308000564575195,1.3339999914169312,1.3308000564575195,1.333899974822998,1326976,1326976,yfinance,2026-07-10T06:58:05.450587+00:00
2026-05-27 06:45:00+00:00,XRP-USD,15m,1.333899974822998,1.3350000381469727,1.3335000276565552,1.3339999914169312,993408,993408,yfinance,2026-07-10T06:58:05.450587+00:00
2026-05-27 07:00:00+00:00,XRP-USD,15m,1.333799958229065,1.3350000381469727,1.3321000337600708,1.3327000141143799,80512,80512,yfinance,2026-07-10T06:58:05.450587+00:00
2026-05-27 07:15:00+00:00,XRP-USD,15m,1.3324999809265137,1.3325999975204468,1.3312000036239624,1.3324999809265137,0,0,yfinance,2026-07-10T06:58:05.450587+00:00
2026-05-27 07:30:00+00:00,XRP-USD,15m,1.3327000141143799,1.332800030708313,1.3295999765396118,1.3295999765396118,591360,591360,yfinance,2026-07-10T06:58:05.450587+00:00
2026-05-27 07:45:00+00:00,XRP-USD,15m,1.3294999599456787,1.3305000066757202,1.3282999992370605,1.3300000429153442,720896,720896,yfinance,2026-07-10T06:58:05.450587+00:00
2026-05-27 08:00:00+00:00,XRP-USD,15m,1.3295999765396118,1.3341000080108643,1.3279999494552612,1.3329999446868896,17665920,17665920,yfinance,2026-07-10T06:58:05.450587+00:00
2026-05-27 08:15:00+00:00,XRP-USD,15m,1.333799958229065,1.335800051689148,1.3323999643325806,1.3350000381469727,11064064,11064064,yfinance,2026-07-10T06:58:05.450587+00:00
2026-05-27 08:30:00+00:00,XRP-USD,15m,1.3349000215530396,1.3349000215530396,1.333799958229065,1.3344999551773071,1583232,1583232,yfinance,2026-07-10T06:58:05.450587+00:00
2026-05-27 08:45:00+00:00,XRP-USD,15m,1.3344999551773071,1.3346999883651733,1.3316999673843384,1.333400011062622,1846016,1846016,yfinance,2026-07-10T06:58:05.450587+00:00
2026-05-27 09:00:00+00:00,XRP-USD,15m,1.3335000276565552,1.3335000276565552,1.330299973487854,1.3327000141143799,7427328,7427328,yfinance,2026-07-10T06:58:05.450587+00:00
2026-05-27 09:15:00+00:00,XRP-USD,15m,1.3325999975204468,1.3351999521255493,1.3265000581741333,1.3286999464035034,10435072,10435072,yfinance,2026-07-10T06:58:05.450587+00:00
2026-05-27 09:30:00+00:00,XRP-USD,15m,1.3286000490188599,1.330399990081787,1.3281999826431274,1.329300045967102,30188928,30188928,yfinance,2026-07-10T06:58:05.450587+00:00
2026-05-27 09:45:00+00:00,XRP-USD,15m,1.3294999599456787,1.3295999765396118,1.327299952507019,1.3273999691009521,3193600,3193600,yfinance,2026-07-10T06:58:05.450587+00:00
2026-05-27 10:00:00+00:00,XRP-USD,15m,1.327299952507019,1.3319000005722046,1.327299952507019,1.3307000398635864,32310400,32310400,yfinance,2026-07-10T06:58:05.450587+00:00
2026-05-27 10:15:00+00:00,XRP-USD,15m,1.3305000066757202,1.332800030708313,1.3305000066757202,1.3307000398635864,882176,882176,yfinance,2026-07-10T06:58:05.450587+00:00
2026-05-27 10:30:00+00:00,XRP-USD,15m,1.3307000398635864,1.3309999704360962,1.3281999826431274,1.3287999629974365,0,0,yfinance,2026-07-10T06:58:05.450587+00:00
2026-05-27 10:45:00+00:00,XRP-USD,15m,1.3286999464035034,1.329300045967102,1.3276000022888184,1.3289999961853027,0,0,yfinance,2026-07-10T06:58:05.450587+00:00
2026-05-27 11:00:00+00:00,XRP-USD,15m,1.3286000490188599,1.3313000202178955,1.3279000520706177,1.330299973487854,0,0,yfinance,2026-07-10T06:58:05.450587+00:00
2026-05-27 11:15:00+00:00,XRP-USD,15m,1.3305000066757202,1.3321000337600708,1.330299973487854,1.330399990081787,0,0,yfinance,2026-07-10T06:58:05.450587+00:00
2026-05-27 11:30:00+00:00,XRP-USD,15m,1.3300000429153442,1.3301000595092773,1.3272000551223755,1.3285000324249268,0,0,yfinance,2026-07-10T06:58:05.450587+00:00
2026-05-27 11:45:00+00:00,XRP-USD,15m,1.3280999660491943,1.3287999629974365,1.327299952507019,1.3279000520706177,0,0,yfinance,2026-07-10T06:58:05.450587+00:00
2026-05-27 12:00:00+00:00,XRP-USD,15m,1.3279000520706177,1.3279000520706177,1.323099970817566,1.3246999979019165,0,0,yfinance,2026-07-10T06:58:05.450587+00:00
2026-05-27 12:15:00+00:00,XRP-USD,15m,1.3244999647140503,1.3382999897003174,1.3236000537872314,1.3336000442504883,20628096,20628096,yfinance,2026-07-10T06:58:05.450587+00:00
2026-05-27 12:30:00+00:00,XRP-USD,15m,1.3336999416351318,1.3352999687194824,1.3310999870300293,1.3344999551773071,13214336,13214336,yfinance,2026-07-10T06:58:05.450587+00:00
2026-05-27 12:45:00+00:00,XRP-USD,15m,1.3344000577926636,1.3344000577926636,1.329800009727478,1.3300000429153442,484480,484480,yfinance,2026-07-10T06:58:05.450587+00:00
2026-05-27 13:00:00+00:00,XRP-USD,15m,1.330399990081787,1.3310999870300293,1.3250999450683594,1.325700044631958,5299968,5299968,yfinance,2026-07-10T06:58:05.450587+00:00
2026-05-27 13:15:00+00:00,XRP-USD,15m,1.325700044631958,1.3269000053405762,1.3233000040054321,1.3235000371932983,3117184,3117184,yfinance,2026-07-10T06:58:05.450587+00:00
2026-05-27 13:30:00+00:00,XRP-USD,15m,1.3229000568389893,1.3243999481201172,1.316499948501587,1.3180999755859375,16841984,16841984,yfinance,2026-07-10T06:58:05.450587+00:00
2026-05-27 13:45:00+00:00,XRP-USD,15m,1.3183000087738037,1.3220000267028809,1.3177000284194946,1.3214999437332153,21746944,21746944,yfinance,2026-07-10T06:58:05.450587+00:00
2026-05-27 14:00:00+00:00,XRP-USD,15m,1.3219000101089478,1.3255000114440918,1.3187999725341797,1.3187999725341797,10882304,10882304,yfinance,2026-07-10T06:58:05.450587+00:00
2026-05-27 14:15:00+00:00,XRP-USD,15m,1.319100022315979,1.3219000101089478,1.3167999982833862,1.31850004196167,4871296,4871296,yfinance,2026-07-10T06:58:05.450587+00:00
2026-05-27 14:30:00+00:00,XRP-USD,15m,1.3183000087738037,1.3229000568389893,1.3183000087738037,1.3228000402450562,886144,886144,yfinance,2026-07-10T06:58:05.450587+00:00
2026-05-27 14:45:00+00:00,XRP-USD,15m,1.3228000402450562,1.3286999464035034,1.3228000402450562,1.3279000520706177,0,0,yfinance,2026-07-10T06:58:05.450587+00:00
2026-05-27 15:00:00+00:00,XRP-USD,15m,1.3279999494552612,1.333400011062622,1.3277000188827515,1.332900047302246,1675392,1675392,yfinance,2026-07-10T06:58:05.450587+00:00
2026-05-27 15:15:00+00:00,XRP-USD,15m,1.3331999778747559,1.3402999639511108,1.332900047302246,1.336899995803833,15154304,15154304,yfinance,2026-07-10T06:58:05.450587+00:00
2026-05-27 15:30:00+00:00,XRP-USD,15m,1.3365999460220337,1.3393000364303589,1.3339999914169312,1.3344999551773071,203776,203776,yfinance,2026-07-10T06:58:05.450587+00:00
2026-05-27 15:45:00+00:00,XRP-USD,15m,1.3351000547409058,1.3356000185012817,1.3324999809265137,1.333799958229065,1820032,1820032,yfinance,2026-07-10T06:58:05.450587+00:00
2026-05-27 16:00:00+00:00,XRP-USD,15m,1.333899974822998,1.336300015449524,1.3324999809265137,1.3339999914169312,1238272,1238272,yfinance,2026-07-10T06:58:05.450587+00:00
2026-05-27 16:15:00+00:00,XRP-USD,15m,1.333799958229065,1.3342000246047974,1.3291000127792358,1.329699993133545,0,0,yfinance,2026-07-10T06:58:05.450587+00:00
2026-05-27 16:30:00+00:00,XRP-USD,15m,1.3293999433517456,1.3300000429153442,1.3257999420166016,1.3276000022888184,892928,892928,yfinance,2026-07-10T06:58:05.450587+00:00
2026-05-27 16:45:00+00:00,XRP-USD,15m,1.3277000188827515,1.330399990081787,1.3271000385284424,1.3299000263214111,3370496,3370496,yfinance,2026-07-10T06:58:05.450587+00:00
2026-05-27 17:00:00+00:00,XRP-USD,15m,1.330199956893921,1.330199956893921,1.31850004196167,1.319100022315979,7134720,7134720,yfinance,2026-07-10T06:58:05.450587+00:00
2026-05-27 17:15:00+00:00,XRP-USD,15m,1.319100022315979,1.32260000705719,1.3174999952316284,1.3219000101089478,8649856,8649856,yfinance,2026-07-10T06:58:05.450587+00:00
2026-05-27 17:30:00+00:00,XRP-USD,15m,1.3213000297546387,1.3229999542236328,1.319000005722046,1.319200038909912,0,0,yfinance,2026-07-10T06:58:05.450587+00:00
2026-05-27 17:45:00+00:00,XRP-USD,15m,1.3193000555038452,1.3207000494003296,1.3157000541687012,1.3179999589920044,1641344,1641344,yfinance,2026-07-10T06:58:05.450587+00:00
2026-05-27 18:00:00+00:00,XRP-USD,15m,1.3179999589920044,1.3193999528884888,1.3150999546051025,1.316499948501587,463104,463104,yfinance,2026-07-10T06:58:05.450587+00:00
2026-05-27 18:15:00+00:00,XRP-USD,15m,1.3167999982833862,1.3194999694824219,1.315999984741211,1.3193000555038452,3702016,3702016,yfinance,2026-07-10T06:58:05.450587+00:00
2026-05-27 18:30:00+00:00,XRP-USD,15m,1.31850004196167,1.3215999603271484,1.3179999589920044,1.3207000494003296,758528,758528,yfinance,2026-07-10T06:58:05.450587+00:00
2026-05-27 18:45:00+00:00,XRP-USD,15m,1.3207000494003296,1.3249000310897827,1.3207000494003296,1.3243000507354736,119552,119552,yfinance,2026-07-10T06:58:05.450587+00:00
2026-05-27 19:00:00+00:00,XRP-USD,15m,1.3246999979019165,1.3305000066757202,1.3244999647140503,1.3301000595092773,914944,914944,yfinance,2026-07-10T06:58:05.450587+00:00
2026-05-27 19:15:00+00:00,XRP-USD,15m,1.3295999765396118,1.3313000202178955,1.3284000158309937,1.3291000127792358,3553664,3553664,yfinance,2026-07-10T06:58:05.450587+00:00
2026-05-27 19:30:00+00:00,XRP-USD,15m,1.3291000127792358,1.3310999870300293,1.3282999992370605,1.3286000490188599,1358720,1358720,yfinance,2026-07-10T06:58:05.450587+00:00
2026-05-27 19:45:00+00:00,XRP-USD,15m,1.3286999464035034,1.3289999961853027,1.3265000581741333,1.3279999494552612,2603520,2603520,yfinance,2026-07-10T06:58:05.450587+00:00
2026-05-27 20:00:00+00:00,XRP-USD,15m,1.3279999494552612,1.330399990081787,1.3272000551223755,1.3299000263214111,8511488,8511488,yfinance,2026-07-10T06:58:05.450587+00:00
2026-05-27 20:15:00+00:00,XRP-USD,15m,1.3300000429153442,1.332200050354004,1.3273999691009521,1.3274999856948853,908416,908416,yfinance,2026-07-10T06:58:05.450587+00:00
2026-05-27 20:30:00+00:00,XRP-USD,15m,1.327299952507019,1.3278000354766846,1.3250999450683594,1.32669997215271,2535168,2535168,yfinance,2026-07-10T06:58:05.450587+00:00
2026-05-27 20:45:00+00:00,XRP-USD,15m,1.3271000385284424,1.3287999629974365,1.3271000385284424,1.3284000158309937,1100800,1100800,yfinance,2026-07-10T06:58:05.450587+00:00
2026-05-27 21:00:00+00:00,XRP-USD,15m,1.3282999992370605,1.330399990081787,1.3273999691009521,1.3294999599456787,129408,129408,yfinance,2026-07-10T06:58:05.450587+00:00
2026-05-27 21:15:00+00:00,XRP-USD,15m,1.3294999599456787,1.3300000429153442,1.32669997215271,1.32669997215271,2448512,2448512,yfinance,2026-07-10T06:58:05.450587+00:00
2026-05-27 21:30:00+00:00,XRP-USD,15m,1.3264000415802002,1.32669997215271,1.312399983406067,1.3154000043869019,12186112,12186112,yfinance,2026-07-10T06:58:05.450587+00:00
2026-05-27 21:45:00+00:00,XRP-USD,15m,1.3151999711990356,1.3154000043869019,1.309999942779541,1.3141000270843506,33220480,33220480,yfinance,2026-07-10T06:58:05.450587+00:00
2026-05-27 22:00:00+00:00,XRP-USD,15m,1.3142000436782837,1.318600058555603,1.3087999820709229,1.3113000392913818,22422272,22422272,yfinance,2026-07-10T06:58:05.450587+00:00
2026-05-27 22:15:00+00:00,XRP-USD,15m,1.3107999563217163,1.3136999607086182,1.3087999820709229,1.312600016593933,15086336,15086336,yfinance,2026-07-10T06:58:05.450587+00:00
2026-05-27 22:30:00+00:00,XRP-USD,15m,1.3122999668121338,1.3138999938964844,1.3100999593734741,1.3125,2230656,2230656,yfinance,2026-07-10T06:58:05.450587+00:00
2026-05-27 22:45:00+00:00,XRP-USD,15m,1.312399983406067,1.3134000301361084,1.3087999820709229,1.308899998664856,1268736,1268736,yfinance,2026-07-10T06:58:05.450587+00:00
2026-05-27 23:00:00+00:00,XRP-USD,15m,1.3079999685287476,1.3101999759674072,1.3055000305175781,1.3069000244140625,13598464,13598464,yfinance,2026-07-10T06:58:05.450587+00:00
2026-05-27 23:15:00+00:00,XRP-USD,15m,1.3075000047683716,1.308500051498413,1.3014999628067017,1.3027000427246094,28159616,28159616,yfinance,2026-07-10T06:58:05.450587+00:00
2026-05-27 23:30:00+00:00,XRP-USD,15m,1.3027000427246094,1.304900050163269,1.3020000457763672,1.3046000003814697,18602240,18602240,yfinance,2026-07-10T06:58:05.450587+00:00
2026-05-27 23:45:00+00:00,XRP-USD,15m,1.3044999837875366,1.3071999549865723,1.3035000562667847,1.3056000471115112,10408960,10408960,yfinance,2026-07-10T06:58:05.450587+00:00
2026-05-28 00:00:00+00:00,XRP-USD,15m,1.3055000305175781,1.3082000017166138,1.3041000366210938,1.3042999505996704,2384768,2384768,yfinance,2026-07-10T06:58:05.450587+00:00
2026-05-28 00:15:00+00:00,XRP-USD,15m,1.3042000532150269,1.309000015258789,1.3042000532150269,1.3068000078201294,5544832,5544832,yfinance,2026-07-10T06:58:05.450587+00:00
2026-05-28 00:30:00+00:00,XRP-USD,15m,1.3072999715805054,1.3092000484466553,1.3069000244140625,1.3086999654769897,1430784,1430784,yfinance,2026-07-10T06:58:05.450587+00:00
2026-05-28 00:45:00+00:00,XRP-USD,15m,1.308500051498413,1.3087999820709229,1.3050999641418457,1.307800054550171,2435712,2435712,yfinance,2026-07-10T06:58:05.450587+00:00
2026-05-28 01:00:00+00:00,XRP-USD,15m,1.3079999685287476,1.3079999685287476,1.3043999671936035,1.3056000471115112,2001920,2001920,yfinance,2026-07-10T06:58:05.450587+00:00
2026-05-28 01:15:00+00:00,XRP-USD,15m,1.305400013923645,1.305999994277954,1.2977999448776245,1.301300048828125,27591552,27591552,yfinance,2026-07-10T06:58:05.450587+00:00
2026-05-28 01:30:00+00:00,XRP-USD,15m,1.3006999492645264,1.3020999431610107,1.2965999841690063,1.2999999523162842,18640256,18640256,yfinance,2026-07-10T06:58:05.450587+00:00
2026-05-28 01:45:00+00:00,XRP-USD,15m,1.3000999689102173,1.3033000230789185,1.2990000247955322,1.3009999990463257,16431616,16431616,yfinance,2026-07-10T06:58:05.450587+00:00
2026-05-28 02:00:00+00:00,XRP-USD,15m,1.3015999794006348,1.3034000396728516,1.2992000579833984,1.3034000396728516,6786816,6786816,yfinance,2026-07-10T06:58:05.450587+00:00
2026-05-28 02:15:00+00:00,XRP-USD,15m,1.3029999732971191,1.3036999702453613,1.3000999689102173,1.3013999462127686,3552640,3552640,yfinance,2026-07-10T06:58:05.450587+00:00
2026-05-28 02:30:00+00:00,XRP-USD,15m,1.3021999597549438,1.3026000261306763,1.2990000247955322,1.301900029182434,4856448,4856448,yfinance,2026-07-10T06:58:05.450587+00:00
2026-05-28 02:45:00+00:00,XRP-USD,15m,1.3013999462127686,1.3020000457763672,1.2991000413894653,1.299299955368042,10642432,10642432,yfinance,2026-07-10T06:58:05.450587+00:00
2026-05-28 03:00:00+00:00,XRP-USD,15m,1.299299955368042,1.3013999462127686,1.2963999509811401,1.299299955368042,12045696,12045696,yfinance,2026-07-10T06:58:05.450587+00:00
2026-05-28 03:15:00+00:00,XRP-USD,15m,1.299299955368042,1.3000999689102173,1.2833000421524048,1.2870999574661255,75872896,75872896,yfinance,2026-07-10T06:58:05.450587+00:00
2026-05-28 03:30:00+00:00,XRP-USD,15m,1.2872999906539917,1.2888000011444092,1.2811000347137451,1.2813999652862549,40770816,40770816,yfinance,2026-07-10T06:58:05.450587+00:00
2026-05-28 03:45:00+00:00,XRP-USD,15m,1.2813999652862549,1.284600019454956,1.2733999490737915,1.2771999835968018,40729216,40729216,yfinance,2026-07-10T06:58:05.450587+00:00
2026-05-28 04:00:00+00:00,XRP-USD,15m,1.2769999504089355,1.280900001525879,1.2690999507904053,1.2786999940872192,101770112,101770112,yfinance,2026-07-10T06:58:05.450587+00:00
2026-05-28 04:15:00+00:00,XRP-USD,15m,1.2789000272750854,1.2802000045776367,1.2656999826431274,1.2723000049591064,36332800,36332800,yfinance,2026-07-10T06:58:05.450587+00:00
2026-05-28 04:30:00+00:00,XRP-USD,15m,1.2719000577926636,1.2824000120162964,1.2718000411987305,1.2812999486923218,35180544,35180544,yfinance,2026-07-10T06:58:05.450587+00:00
2026-05-28 04:45:00+00:00,XRP-USD,15m,1.2805999517440796,1.2824000120162964,1.2785999774932861,1.2824000120162964,7161856,7161856,yfinance,2026-07-10T06:58:05.450587+00:00
2026-05-28 05:00:00+00:00,XRP-USD,15m,1.2824000120162964,1.2829999923706055,1.277999997138977,1.2790000438690186,26676224,26676224,yfinance,2026-07-10T06:58:05.450587+00:00
2026-05-28 05:15:00+00:00,XRP-USD,15m,1.2790000438690186,1.2793999910354614,1.2760000228881836,1.2777999639511108,13380608,13380608,yfinance,2026-07-10T06:58:05.450587+00:00
2026-05-28 05:30:00+00:00,XRP-USD,15m,1.2776999473571777,1.2835999727249146,1.2776999473571777,1.2828999757766724,14968064,14968064,yfinance,2026-07-10T06:58:05.450587+00:00
2026-05-28 05:45:00+00:00,XRP-USD,15m,1.2831000089645386,1.2836999893188477,1.2807999849319458,1.2817000150680542,9619200,9619200,yfinance,2026-07-10T06:58:05.450587+00:00
2026-05-28 06:00:00+00:00,XRP-USD,15m,1.2812999486923218,1.2839000225067139,1.2812000513076782,1.2822999954223633,12286976,12286976,yfinance,2026-07-10T06:58:05.450587+00:00
2026-05-28 06:15:00+00:00,XRP-USD,15m,1.2822999954223633,1.283400058746338,1.2799999713897705,1.2826000452041626,7314432,7314432,yfinance,2026-07-10T06:58:05.450587+00:00
2026-05-28 06:30:00+00:00,XRP-USD,15m,1.2825000286102295,1.2826999425888062,1.2788000106811523,1.2822999954223633,11671296,11671296,yfinance,2026-07-10T06:58:05.450587+00:00
2026-05-28 06:45:00+00:00,XRP-USD,15m,1.2825000286102295,1.287500023841858,1.2825000286102295,1.2854000329971313,21643776,21643776,yfinance,2026-07-10T06:58:05.450587+00:00
2026-05-28 07:00:00+00:00,XRP-USD,15m,1.2858999967575073,1.2879999876022339,1.2851999998092651,1.2879999876022339,10361856,10361856,yfinance,2026-07-10T06:58:05.450587+00:00
2026-05-28 07:15:00+00:00,XRP-USD,15m,1.2879999876022339,1.2914999723434448,1.2879999876022339,1.2890000343322754,13683712,13683712,yfinance,2026-07-10T06:58:05.450587+00:00
2026-05-28 07:30:00+00:00,XRP-USD,15m,1.289199948310852,1.2910000085830688,1.2884000539779663,1.2903000116348267,11010304,11010304,yfinance,2026-07-10T06:58:05.450587+00:00
2026-05-28 07:45:00+00:00,XRP-USD,15m,1.2898999452590942,1.2913000583648682,1.2872999906539917,1.291200041770935,2446336,2446336,yfinance,2026-07-10T06:58:05.450587+00:00
2026-05-28 08:00:00+00:00,XRP-USD,15m,1.2913999557495117,1.2913999557495117,1.2884999513626099,1.2903000116348267,630784,630784,yfinance,2026-07-10T06:58:05.450587+00:00
2026-05-28 08:15:00+00:00,XRP-USD,15m,1.2900999784469604,1.2900999784469604,1.2856999635696411,1.2860000133514404,0,0,yfinance,2026-07-10T06:58:05.450587+00:00
2026-05-28 08:30:00+00:00,XRP-USD,15m,1.2861000299453735,1.287500023841858,1.2848000526428223,1.2862999439239502,3417856,3417856,yfinance,2026-07-10T06:58:05.450587+00:00
2026-05-28 08:45:00+00:00,XRP-USD,15m,1.2867000102996826,1.2882000207901,1.2864999771118164,1.2865999937057495,2625536,2625536,yfinance,2026-07-10T06:58:05.450587+00:00
2026-05-28 09:00:00+00:00,XRP-USD,15m,1.2865999937057495,1.2883000373840332,1.2853000164031982,1.2872999906539917,0,0,yfinance,2026-07-10T06:58:05.450587+00:00
2026-05-28 09:15:00+00:00,XRP-USD,15m,1.2874000072479248,1.2905000448226929,1.2869999408721924,1.2897000312805176,0,0,yfinance,2026-07-10T06:58:05.450587+00:00
2026-05-28 09:30:00+00:00,XRP-USD,15m,1.2896000146865845,1.2913000583648682,1.2879999876022339,1.2905999422073364,0,0,yfinance,2026-07-10T06:58:05.450587+00:00
2026-05-28 09:45:00+00:00,XRP-USD,15m,1.2905000448226929,1.291599988937378,1.2901999950408936,1.2905999422073364,2144000,2144000,yfinance,2026-07-10T06:58:05.450587+00:00
2026-05-28 10:00:00+00:00,XRP-USD,15m,1.2910000085830688,1.294100046157837,1.2908999919891357,1.2932000160217285,0,0,yfinance,2026-07-10T06:58:05.450587+00:00
2026-05-28 10:15:00+00:00,XRP-USD,15m,1.2932000160217285,1.2939000129699707,1.2891000509262085,1.2905999422073364,2648576,2648576,yfinance,2026-07-10T06:58:05.450587+00:00
2026-05-28 10:30:00+00:00,XRP-USD,15m,1.2905999422073364,1.291700005531311,1.2896000146865845,1.2905999422073364,1519872,1519872,yfinance,2026-07-10T06:58:05.450587+00:00
2026-05-28 10:45:00+00:00,XRP-USD,15m,1.2905000448226929,1.291599988937378,1.2863999605178833,1.2863999605178833,7461376,7461376,yfinance,2026-07-10T06:58:05.450587+00:00
2026-05-28 11:00:00+00:00,XRP-USD,15m,1.2868000268936157,1.2884000539779663,1.2848000526428223,1.287500023841858,7332352,7332352,yfinance,2026-07-10T06:58:05.450587+00:00
2026-05-28 11:15:00+00:00,XRP-USD,15m,1.287600040435791,1.2884999513626099,1.284600019454956,1.2854000329971313,5946368,5946368,yfinance,2026-07-10T06:58:05.450587+00:00
2026-05-28 11:30:00+00:00,XRP-USD,15m,1.2853000164031982,1.2868000268936157,1.2842999696731567,1.2858999967575073,3580160,3580160,yfinance,2026-07-10T06:58:05.450587+00:00
2026-05-28 11:45:00+00:00,XRP-USD,15m,1.2860000133514404,1.2867000102996826,1.2841999530792236,1.285599946975708,2827520,2827520,yfinance,2026-07-10T06:58:05.450587+00:00
2026-05-28 12:00:00+00:00,XRP-USD,15m,1.2855000495910645,1.2874000072479248,1.2854000329971313,1.2862000465393066,519936,519936,yfinance,2026-07-10T06:58:05.450587+00:00
2026-05-28 12:15:00+00:00,XRP-USD,15m,1.2862000465393066,1.2863999605178833,1.2817000150680542,1.2832000255584717,0,0,yfinance,2026-07-10T06:58:05.450587+00:00
2026-05-28 12:30:00+00:00,XRP-USD,15m,1.2833000421524048,1.2898000478744507,1.2831000089645386,1.288699984550476,6558720,6558720,yfinance,2026-07-10T06:58:05.450587+00:00
2026-05-28 12:45:00+00:00,XRP-USD,15m,1.2884999513626099,1.2928999662399292,1.2884999513626099,1.2926000356674194,14191360,14191360,yfinance,2026-07-10T06:58:05.450587+00:00
2026-05-28 13:00:00+00:00,XRP-USD,15m,1.2926000356674194,1.2964999675750732,1.2926000356674194,1.2944999933242798,7723008,7723008,yfinance,2026-07-10T06:58:05.450587+00:00
2026-05-28 13:15:00+00:00,XRP-USD,15m,1.294600009918213,1.2954000234603882,1.2893999814987183,1.294600009918213,14122240,14122240,yfinance,2026-07-10T06:58:05.450587+00:00
2026-05-28 13:30:00+00:00,XRP-USD,15m,1.2941999435424805,1.294700026512146,1.287500023841858,1.2884999513626099,2044928,2044928,yfinance,2026-07-10T06:58:05.450587+00:00
2026-05-28 13:45:00+00:00,XRP-USD,15m,1.2888000011444092,1.2972999811172485,1.2884000539779663,1.2942999601364136,17766656,17766656,yfinance,2026-07-10T06:58:05.450587+00:00
2026-05-28 14:00:00+00:00,XRP-USD,15m,1.2935999631881714,1.299399971961975,1.2841999530792236,1.299399971961975,15398912,15398912,yfinance,2026-07-10T06:58:05.450587+00:00
2026-05-28 14:15:00+00:00,XRP-USD,15m,1.299299955368042,1.30840003490448,1.2967000007629395,1.2984999418258667,61511424,61511424,yfinance,2026-07-10T06:58:05.450587+00:00
2026-05-28 14:30:00+00:00,XRP-USD,15m,1.2980999946594238,1.302899956703186,1.295799970626831,1.2969000339508057,18524672,18524672,yfinance,2026-07-10T06:58:05.450587+00:00
2026-05-28 14:45:00+00:00,XRP-USD,15m,1.2971999645233154,1.3013999462127686,1.2944999933242798,1.2996000051498413,17748736,17748736,yfinance,2026-07-10T06:58:05.450587+00:00
2026-05-28 15:00:00+00:00,XRP-USD,15m,1.2994999885559082,1.301200032234192,1.2932000160217285,1.295699954032898,9346816,9346816,yfinance,2026-07-10T06:58:05.450587+00:00
2026-05-28 15:15:00+00:00,XRP-USD,15m,1.295699954032898,1.3001999855041504,1.292799949645996,1.3001999855041504,4934400,4934400,yfinance,2026-07-10T06:58:05.450587+00:00
2026-05-28 15:30:00+00:00,XRP-USD,15m,1.3006999492645264,1.3073999881744385,1.2977999448776245,1.3073999881744385,3931648,3931648,yfinance,2026-07-10T06:58:05.450587+00:00
2026-05-28 15:45:00+00:00,XRP-USD,15m,1.3080999851226807,1.3125,1.3071999549865723,1.3100999593734741,14666496,14666496,yfinance,2026-07-10T06:58:05.450587+00:00
2026-05-28 16:00:00+00:00,XRP-USD,15m,1.309999942779541,1.3142000436782837,1.3050999641418457,1.3125,11224576,11224576,yfinance,2026-07-10T06:58:05.450587+00:00
2026-05-28 16:15:00+00:00,XRP-USD,15m,1.3122999668121338,1.3178000450134277,1.3111000061035156,1.315600037574768,24161536,24161536,yfinance,2026-07-10T06:58:05.450587+00:00
2026-05-28 16:30:00+00:00,XRP-USD,15m,1.315600037574768,1.3178000450134277,1.3142000436782837,1.3178000450134277,9828096,9828096,yfinance,2026-07-10T06:58:05.450587+00:00
2026-05-28 16:45:00+00:00,XRP-USD,15m,1.3178999423980713,1.326799988746643,1.3174999952316284,1.3214000463485718,31006208,31006208,yfinance,2026-07-10T06:58:05.450587+00:00
2026-05-28 17:00:00+00:00,XRP-USD,15m,1.3217999935150146,1.3233000040054321,1.3166999816894531,1.3214999437332153,15868160,15868160,yfinance,2026-07-10T06:58:05.450587+00:00
2026-05-28 17:15:00+00:00,XRP-USD,15m,1.3214000463485718,1.325700044631958,1.3193000555038452,1.3199000358581543,687360,687360,yfinance,2026-07-10T06:58:05.450587+00:00
2026-05-28 17:30:00+00:00,XRP-USD,15m,1.3202999830245972,1.3257999420166016,1.3193999528884888,1.3233000040054321,10442240,10442240,yfinance,2026-07-10T06:58:05.450587+00:00
2026-05-28 17:45:00+00:00,XRP-USD,15m,1.323699951171875,1.3281999826431274,1.3224999904632568,1.3241000175476074,8067328,8067328,yfinance,2026-07-10T06:58:05.450587+00:00
2026-05-28 18:00:00+00:00,XRP-USD,15m,1.323799967765808,1.3306000232696533,1.323699951171875,1.330299973487854,14963456,14963456,yfinance,2026-07-10T06:58:05.450587+00:00
2026-05-28 18:15:00+00:00,XRP-USD,15m,1.330299973487854,1.3353999853134155,1.3299000263214111,1.3309999704360962,17266432,17266432,yfinance,2026-07-10T06:58:05.450587+00:00
2026-05-28 18:30:00+00:00,XRP-USD,15m,1.3315999507904053,1.3339999914169312,1.3305000066757202,1.3324999809265137,13170176,13170176,yfinance,2026-07-10T06:58:05.450587+00:00
2026-05-28 18:45:00+00:00,XRP-USD,15m,1.3322999477386475,1.3365000486373901,1.3308000564575195,1.3321000337600708,12234240,12234240,yfinance,2026-07-10T06:58:05.450587+00:00
2026-05-28 19:00:00+00:00,XRP-USD,15m,1.3320000171661377,1.3321000337600708,1.323099970817566,1.323799967765808,0,0,yfinance,2026-07-10T06:58:05.450587+00:00
2026-05-28 19:15:00+00:00,XRP-USD,15m,1.3241000175476074,1.3246999979019165,1.3221999406814575,1.323699951171875,893952,893952,yfinance,2026-07-10T06:58:05.450587+00:00
2026-05-28 19:30:00+00:00,XRP-USD,15m,1.323799967765808,1.3243000507354736,1.316499948501587,1.3171000480651855,1873920,1873920,yfinance,2026-07-10T06:58:05.450587+00:00
2026-05-28 19:45:00+00:00,XRP-USD,15m,1.3169000148773193,1.3184000253677368,1.3136999607086182,1.3140000104904175,2676736,2676736,yfinance,2026-07-10T06:58:05.450587+00:00
2026-05-28 20:00:00+00:00,XRP-USD,15m,1.3138999938964844,1.3144999742507935,1.3087999820709229,1.3143999576568604,1211904,1211904,yfinance,2026-07-10T06:58:05.450587+00:00
2026-05-28 20:15:00+00:00,XRP-USD,15m,1.3140000104904175,1.319700002670288,1.3140000104904175,1.319200038909912,17335296,17335296,yfinance,2026-07-10T06:58:05.450587+00:00
2026-05-28 20:30:00+00:00,XRP-USD,15m,1.319200038909912,1.322700023651123,1.3186999559402466,1.32260000705719,1921536,1921536,yfinance,2026-07-10T06:58:05.450587+00:00
2026-05-28 20:45:00+00:00,XRP-USD,15m,1.3220000267028809,1.323199987411499,1.3179999589920044,1.318600058555603,3379200,3379200,yfinance,2026-07-10T06:58:05.450587+00:00
2026-05-28 21:00:00+00:00,XRP-USD,15m,1.3188999891281128,1.3214999437332153,1.315000057220459,1.3207000494003296,4382976,4382976,yfinance,2026-07-10T06:58:05.450587+00:00
2026-05-28 21:15:00+00:00,XRP-USD,15m,1.3207000494003296,1.3214000463485718,1.3183000087738037,1.318600058555603,5270784,5270784,yfinance,2026-07-10T06:58:05.450587+00:00
2026-05-28 21:30:00+00:00,XRP-USD,15m,1.318600058555603,1.3213000297546387,1.318600058555603,1.3202999830245972,0,0,yfinance,2026-07-10T06:58:05.450587+00:00
2026-05-28 21:45:00+00:00,XRP-USD,15m,1.3202999830245972,1.3203999996185303,1.3180999755859375,1.3181999921798706,0,0,yfinance,2026-07-10T06:58:05.450587+00:00
2026-05-28 22:00:00+00:00,XRP-USD,15m,1.3178000450134277,1.3199000358581543,1.3167999982833862,1.3180999755859375,0,0,yfinance,2026-07-10T06:58:05.450587+00:00
2026-05-28 22:15:00+00:00,XRP-USD,15m,1.3177000284194946,1.3178000450134277,1.3138999938964844,1.3138999938964844,0,0,yfinance,2026-07-10T06:58:05.450587+00:00
2026-05-28 22:30:00+00:00,XRP-USD,15m,1.3137999773025513,1.3143999576568604,1.3106000423431396,1.3106000423431396,0,0,yfinance,2026-07-10T06:58:05.450587+00:00
2026-05-28 22:45:00+00:00,XRP-USD,15m,1.3106000423431396,1.3137999773025513,1.3106000423431396,1.3125,0,0,yfinance,2026-07-10T06:58:05.450587+00:00
2026-05-28 23:00:00+00:00,XRP-USD,15m,1.3131999969482422,1.3150999546051025,1.312399983406067,1.3150999546051025,0,0,yfinance,2026-07-10T06:58:05.450587+00:00
2026-05-28 23:15:00+00:00,XRP-USD,15m,1.3151999711990356,1.31659996509552,1.3137999773025513,1.316100001335144,0,0,yfinance,2026-07-10T06:58:05.450587+00:00
2026-05-28 23:30:00+00:00,XRP-USD,15m,1.3154000043869019,1.3157999515533447,1.3127000331878662,1.3145999908447266,0,0,yfinance,2026-07-10T06:58:05.450587+00:00
2026-05-28 23:45:00+00:00,XRP-USD,15m,1.3143999576568604,1.3143999576568604,1.311900019645691,1.3136999607086182,25088,25088,yfinance,2026-07-10T06:58:05.450587+00:00
2026-05-29 00:00:00+00:00,XRP-USD,15m,1.3136999607086182,1.3184000253677368,1.3136999607086182,1.3181999921798706,0,0,yfinance,2026-07-10T06:58:05.450587+00:00
2026-05-29 00:15:00+00:00,XRP-USD,15m,1.3176000118255615,1.318600058555603,1.3157000541687012,1.316100001335144,0,0,yfinance,2026-07-10T06:58:05.450587+00:00
2026-05-29 00:30:00+00:00,XRP-USD,15m,1.3158999681472778,1.3163000345230103,1.3142000436782837,1.3150999546051025,389376,389376,yfinance,2026-07-10T06:58:05.450587+00:00
2026-05-29 00:45:00+00:00,XRP-USD,15m,1.315000057220459,1.3154000043869019,1.312600016593933,1.3133000135421753,0,0,yfinance,2026-07-10T06:58:05.450587+00:00
2026-05-29 01:00:00+00:00,XRP-USD,15m,1.3136999607086182,1.3157000541687012,1.312600016593933,1.313099980354309,0,0,yfinance,2026-07-10T06:58:05.450587+00:00
2026-05-29 01:15:00+00:00,XRP-USD,15m,1.313099980354309,1.313099980354309,1.3073999881744385,1.3086999654769897,0,0,yfinance,2026-07-10T06:58:05.450587+00:00
2026-05-29 01:30:00+00:00,XRP-USD,15m,1.3082000017166138,1.3085999488830566,1.3065999746322632,1.3079999685287476,0,0,yfinance,2026-07-10T06:58:05.450587+00:00
2026-05-29 01:45:00+00:00,XRP-USD,15m,1.3079999685287476,1.3097000122070312,1.3068000078201294,1.308500051498413,0,0,yfinance,2026-07-10T06:58:05.450587+00:00
2026-05-29 02:00:00+00:00,XRP-USD,15m,1.3086999654769897,1.309499979019165,1.307800054550171,1.3086999654769897,0,0,yfinance,2026-07-10T06:58:05.450587+00:00
2026-05-29 02:15:00+00:00,XRP-USD,15m,1.3086999654769897,1.309499979019165,1.305799961090088,1.3061000108718872,255488,255488,yfinance,2026-07-10T06:58:05.450587+00:00
2026-05-29 02:30:00+00:00,XRP-USD,15m,1.306399941444397,1.3098000288009644,1.305400013923645,1.3061000108718872,4282112,4282112,yfinance,2026-07-10T06:58:05.450587+00:00
2026-05-29 02:45:00+00:00,XRP-USD,15m,1.3062000274658203,1.3070000410079956,1.301800012588501,1.30239999294281,0,0,yfinance,2026-07-10T06:58:05.450587+00:00
2026-05-29 03:00:00+00:00,XRP-USD,15m,1.3028000593185425,1.3101999759674072,1.3028000593185425,1.309499979019165,3454464,3454464,yfinance,2026-07-10T06:58:05.450587+00:00
2026-05-29 03:15:00+00:00,XRP-USD,15m,1.309499979019165,1.3095999956130981,1.3076000213623047,1.309399962425232,0,0,yfinance,2026-07-10T06:58:05.450587+00:00
2026-05-29 03:30:00+00:00,XRP-USD,15m,1.309399962425232,1.3115999698638916,1.309000015258789,1.3105000257492065,0,0,yfinance,2026-07-10T06:58:05.450587+00:00
2026-05-29 03:45:00+00:00,XRP-USD,15m,1.3102999925613403,1.313099980354309,1.3098000288009644,1.3104000091552734,0,0,yfinance,2026-07-10T06:58:05.450587+00:00
2026-05-29 04:00:00+00:00,XRP-USD,15m,1.3106000423431396,1.3111000061035156,1.3020999431610107,1.3036999702453613,0,0,yfinance,2026-07-10T06:58:05.450587+00:00
2026-05-29 04:15:00+00:00,XRP-USD,15m,1.3039000034332275,1.3071999549865723,1.3035999536514282,1.306399941444397,0,0,yfinance,2026-07-10T06:58:05.450587+00:00
2026-05-29 04:30:00+00:00,XRP-USD,15m,1.305799961090088,1.3079999685287476,1.3056000471115112,1.3071999549865723,0,0,yfinance,2026-07-10T06:58:05.450587+00:00
2026-05-29 04:45:00+00:00,XRP-USD,15m,1.3073999881744385,1.309399962425232,1.3066999912261963,1.309000015258789,0,0,yfinance,2026-07-10T06:58:05.450587+00:00
2026-05-29 05:00:00+00:00,XRP-USD,15m,1.3092000484466553,1.3131999969482422,1.3083000183105469,1.3121000528335571,0,0,yfinance,2026-07-10T06:58:05.450587+00:00
2026-05-29 05:15:00+00:00,XRP-USD,15m,1.311900019645691,1.3125,1.309000015258789,1.3095999956130981,0,0,yfinance,2026-07-10T06:58:05.450587+00:00
2026-05-29 05:30:00+00:00,XRP-USD,15m,1.3095999956130981,1.3095999956130981,1.3070000410079956,1.3091000318527222,0,0,yfinance,2026-07-10T06:58:05.450587+00:00
2026-05-29 05:45:00+00:00,XRP-USD,15m,1.309000015258789,1.3136999607086182,1.308899998664856,1.3133000135421753,257280,257280,yfinance,2026-07-10T06:58:05.450587+00:00
2026-05-29 06:00:00+00:00,XRP-USD,15m,1.3131999969482422,1.3171000480651855,1.3128999471664429,1.3151999711990356,1928192,1928192,yfinance,2026-07-10T06:58:05.450587+00:00
2026-05-29 06:15:00+00:00,XRP-USD,15m,1.3151999711990356,1.319200038909912,1.3143999576568604,1.3149000406265259,3082240,3082240,yfinance,2026-07-10T06:58:05.450587+00:00
2026-05-29 06:30:00+00:00,XRP-USD,15m,1.3148000240325928,1.3152999877929688,1.312399983406067,1.3152999877929688,0,0,yfinance,2026-07-10T06:58:05.450587+00:00
2026-05-29 06:45:00+00:00,XRP-USD,15m,1.3154000043869019,1.3158999681472778,1.3136999607086182,1.3143999576568604,0,0,yfinance,2026-07-10T06:58:05.450587+00:00
2026-05-29 07:00:00+00:00,XRP-USD,15m,1.3142000436782837,1.3158999681472778,1.3138999938964844,1.315600037574768,0,0,yfinance,2026-07-10T06:58:05.450587+00:00
2026-05-29 07:15:00+00:00,XRP-USD,15m,1.3157000541687012,1.3174999952316284,1.315500020980835,1.317199945449829,28495360,28495360,yfinance,2026-07-10T06:58:05.450587+00:00
2026-05-29 07:30:00+00:00,XRP-USD,15m,1.3171000480651855,1.3171000480651855,1.308500051498413,1.309499979019165,2535936,2535936,yfinance,2026-07-10T06:58:05.450587+00:00
2026-05-29 07:45:00+00:00,XRP-USD,15m,1.309499979019165,1.3151999711990356,1.308899998664856,1.3148000240325928,6135040,6135040,yfinance,2026-07-10T06:58:05.450587+00:00
2026-05-29 08:00:00+00:00,XRP-USD,15m,1.3143999576568604,1.3199000358581543,1.3143999576568604,1.3172999620437622,13189888,13189888,yfinance,2026-07-10T06:58:05.450587+00:00
2026-05-29 08:15:00+00:00,XRP-USD,15m,1.3171000480651855,1.3208999633789062,1.315600037574768,1.3188999891281128,6948224,6948224,yfinance,2026-07-10T06:58:05.450587+00:00
2026-05-29 08:30:00+00:00,XRP-USD,15m,1.3186999559402466,1.3214999437332153,1.3174999952316284,1.3207000494003296,6648064,6648064,yfinance,2026-07-10T06:58:05.450587+00:00
2026-05-29 08:45:00+00:00,XRP-USD,15m,1.3208999633789062,1.3208999633789062,1.3178000450134277,1.3194999694824219,6929920,6929920,yfinance,2026-07-10T06:58:05.450587+00:00
2026-05-29 09:00:00+00:00,XRP-USD,15m,1.3200000524520874,1.3203999996185303,1.3183000087738037,1.3194999694824219,1935104,1935104,yfinance,2026-07-10T06:58:05.450587+00:00
2026-05-29 09:15:00+00:00,XRP-USD,15m,1.3194999694824219,1.3253999948501587,1.3193000555038452,1.3253999948501587,13108480,13108480,yfinance,2026-07-10T06:58:05.450587+00:00
2026-05-29 09:30:00+00:00,XRP-USD,15m,1.3252999782562256,1.325700044631958,1.3243000507354736,1.3251999616622925,13793408,13793408,yfinance,2026-07-10T06:58:05.450587+00:00
2026-05-29 09:45:00+00:00,XRP-USD,15m,1.3250999450683594,1.3251999616622925,1.3209999799728394,1.3220000267028809,952192,952192,yfinance,2026-07-10T06:58:05.450587+00:00
2026-05-29 10:00:00+00:00,XRP-USD,15m,1.3220000267028809,1.322100043296814,1.319200038909912,1.319700002670288,1017728,1017728,yfinance,2026-07-10T06:58:05.450587+00:00
2026-05-29 10:15:00+00:00,XRP-USD,15m,1.319599986076355,1.3205000162124634,1.3176000118255615,1.3188999891281128,2503936,2503936,yfinance,2026-07-10T06:58:05.450587+00:00
2026-05-29 10:30:00+00:00,XRP-USD,15m,1.318600058555603,1.319200038909912,1.3164000511169434,1.31659996509552,8148480,8148480,yfinance,2026-07-10T06:58:05.450587+00:00
2026-05-29 10:45:00+00:00,XRP-USD,15m,1.315999984741211,1.3183000087738037,1.3158999681472778,1.3170000314712524,0,0,yfinance,2026-07-10T06:58:05.450587+00:00
2026-05-29 11:00:00+00:00,XRP-USD,15m,1.3170000314712524,1.317199945449829,1.3151999711990356,1.315600037574768,0,0,yfinance,2026-07-10T06:58:05.450587+00:00
2026-05-29 11:15:00+00:00,XRP-USD,15m,1.315500020980835,1.315999984741211,1.312999963760376,1.3140000104904175,11795456,11795456,yfinance,2026-07-10T06:58:05.450587+00:00
2026-05-29 11:30:00+00:00,XRP-USD,15m,1.3136999607086182,1.3145999908447266,1.3097000122070312,1.3098000288009644,8994048,8994048,yfinance,2026-07-10T06:58:05.450587+00:00
2026-05-29 11:45:00+00:00,XRP-USD,15m,1.3099000453948975,1.3101999759674072,1.3056000471115112,1.3097000122070312,15149056,15149056,yfinance,2026-07-10T06:58:05.450587+00:00
2026-05-29 12:00:00+00:00,XRP-USD,15m,1.3097000122070312,1.309999942779541,1.306399941444397,1.3071000576019287,2566144,2566144,yfinance,2026-07-10T06:58:05.450587+00:00
2026-05-29 12:15:00+00:00,XRP-USD,15m,1.3056999444961548,1.3080999851226807,1.3050999641418457,1.305799961090088,2712448,2712448,yfinance,2026-07-10T06:58:05.450587+00:00
2026-05-29 12:30:00+00:00,XRP-USD,15m,1.305899977684021,1.3070000410079956,1.301900029182434,1.3035000562667847,12622720,12622720,yfinance,2026-07-10T06:58:05.450587+00:00
2026-05-29 12:45:00+00:00,XRP-USD,15m,1.3035000562667847,1.3047000169754028,1.301300048828125,1.302899956703186,2715264,2715264,yfinance,2026-07-10T06:58:05.450587+00:00
2026-05-29 13:00:00+00:00,XRP-USD,15m,1.3028000593185425,1.3034000396728516,1.2985999584197998,1.3005000352859497,1196800,1196800,yfinance,2026-07-10T06:58:05.450587+00:00
2026-05-29 13:15:00+00:00,XRP-USD,15m,1.3007999658584595,1.301800012588501,1.2999000549316406,1.3014999628067017,2664704,2664704,yfinance,2026-07-10T06:58:05.450587+00:00
2026-05-29 13:30:00+00:00,XRP-USD,15m,1.3008999824523926,1.3026000261306763,1.2962000370025635,1.301200032234192,7022592,7022592,yfinance,2026-07-10T06:58:05.450587+00:00
2026-05-29 13:45:00+00:00,XRP-USD,15m,1.3011000156402588,1.3037999868392944,1.299299955368042,1.3009999990463257,0,0,yfinance,2026-07-10T06:58:05.450587+00:00
2026-05-29 14:00:00+00:00,XRP-USD,15m,1.3013999462127686,1.305299997329712,1.3004000186920166,1.304800033569336,0,0,yfinance,2026-07-10T06:58:05.450587+00:00
2026-05-29 14:15:00+00:00,XRP-USD,15m,1.304800033569336,1.3063000440597534,1.2939000129699707,1.301800012588501,4870656,4870656,yfinance,2026-07-10T06:58:05.450587+00:00
2026-05-29 14:30:00+00:00,XRP-USD,15m,1.3016999959945679,1.3025000095367432,1.294100046157837,1.2942999601364136,7037568,7037568,yfinance,2026-07-10T06:58:05.450587+00:00
2026-05-29 14:45:00+00:00,XRP-USD,15m,1.2929999828338623,1.3066999912261963,1.2929999828338623,1.3062000274658203,37019776,37019776,yfinance,2026-07-10T06:58:05.450587+00:00
2026-05-29 15:00:00+00:00,XRP-USD,15m,1.3065999746322632,1.3172999620437622,1.3033000230789185,1.3154000043869019,25534464,25534464,yfinance,2026-07-10T06:58:05.450587+00:00
2026-05-29 15:15:00+00:00,XRP-USD,15m,1.3151999711990356,1.3220000267028809,1.313099980354309,1.3216999769210815,16027648,16027648,yfinance,2026-07-10T06:58:05.450587+00:00
2026-05-29 15:30:00+00:00,XRP-USD,15m,1.3212000131607056,1.3316999673843384,1.3207000494003296,1.3212000131607056,59900544,59900544,yfinance,2026-07-10T06:58:05.450587+00:00
2026-05-29 15:45:00+00:00,XRP-USD,15m,1.322100043296814,1.3223999738693237,1.3178999423980713,1.3207999467849731,8981760,8981760,yfinance,2026-07-10T06:58:05.450587+00:00
2026-05-29 16:00:00+00:00,XRP-USD,15m,1.3209999799728394,1.3233000040054321,1.319700002670288,1.322700023651123,1493248,1493248,yfinance,2026-07-10T06:58:05.450587+00:00
2026-05-29 16:15:00+00:00,XRP-USD,15m,1.3233000040054321,1.3236000537872314,1.3144999742507935,1.3158999681472778,165632,165632,yfinance,2026-07-10T06:58:05.450587+00:00
2026-05-29 16:30:00+00:00,XRP-USD,15m,1.3157000541687012,1.3279000520706177,1.3157000541687012,1.3253999948501587,22105344,22105344,yfinance,2026-07-10T06:58:05.450587+00:00
2026-05-29 16:45:00+00:00,XRP-USD,15m,1.3255000114440918,1.3288999795913696,1.3229000568389893,1.325600028038025,185344,185344,yfinance,2026-07-10T06:58:05.450587+00:00
2026-05-29 17:00:00+00:00,XRP-USD,15m,1.3253999948501587,1.3286999464035034,1.32260000705719,1.3281999826431274,1113600,1113600,yfinance,2026-07-10T06:58:05.450587+00:00
2026-05-29 17:15:00+00:00,XRP-USD,15m,1.3284000158309937,1.3308000564575195,1.326799988746643,1.3281999826431274,15519488,15519488,yfinance,2026-07-10T06:58:05.450587+00:00
2026-05-29 17:30:00+00:00,XRP-USD,15m,1.3284000158309937,1.3300000429153442,1.3272000551223755,1.327299952507019,13469952,13469952,yfinance,2026-07-10T06:58:05.450587+00:00
2026-05-29 17:45:00+00:00,XRP-USD,15m,1.327299952507019,1.3274999856948853,1.3217999935150146,1.3228000402450562,0,0,yfinance,2026-07-10T06:58:05.450587+00:00
2026-05-29 18:00:00+00:00,XRP-USD,15m,1.3229000568389893,1.3284000158309937,1.3214999437332153,1.326799988746643,0,0,yfinance,2026-07-10T06:58:05.450587+00:00
2026-05-29 18:15:00+00:00,XRP-USD,15m,1.32669997215271,1.3269000053405762,1.3220000267028809,1.3229000568389893,0,0,yfinance,2026-07-10T06:58:05.450587+00:00
2026-05-29 18:30:00+00:00,XRP-USD,15m,1.3229999542236328,1.3258999586105347,1.3229999542236328,1.3250000476837158,601344,601344,yfinance,2026-07-10T06:58:05.450587+00:00
2026-05-29 18:45:00+00:00,XRP-USD,15m,1.3250000476837158,1.3250000476837158,1.3149000406265259,1.3167999982833862,12620672,12620672,yfinance,2026-07-10T06:58:05.450587+00:00
2026-05-29 19:00:00+00:00,XRP-USD,15m,1.317199945449829,1.3178000450134277,1.3128999471664429,1.3134000301361084,0,0,yfinance,2026-07-10T06:58:05.450587+00:00
2026-05-29 19:15:00+00:00,XRP-USD,15m,1.3135000467300415,1.313599944114685,1.308899998664856,1.3128000497817993,10321408,10321408,yfinance,2026-07-10T06:58:05.450587+00:00
2026-05-29 19:30:00+00:00,XRP-USD,15m,1.3128999471664429,1.3212000131607056,1.3128999471664429,1.3212000131607056,9846272,9846272,yfinance,2026-07-10T06:58:05.450587+00:00
2026-05-29 19:45:00+00:00,XRP-USD,15m,1.3210999965667725,1.3214999437332153,1.3180999755859375,1.3188999891281128,5788160,5788160,yfinance,2026-07-10T06:58:05.450587+00:00
2026-05-29 20:00:00+00:00,XRP-USD,15m,1.319200038909912,1.3215999603271484,1.31850004196167,1.3206000328063965,0,0,yfinance,2026-07-10T06:58:05.450587+00:00
2026-05-29 20:15:00+00:00,XRP-USD,15m,1.3200000524520874,1.3221999406814575,1.31850004196167,1.3207999467849731,1282176,1282176,yfinance,2026-07-10T06:58:05.450587+00:00
2026-05-29 20:30:00+00:00,XRP-USD,15m,1.3209999799728394,1.3224999904632568,1.3207999467849731,1.3220000267028809,1623936,1623936,yfinance,2026-07-10T06:58:05.450587+00:00
2026-05-29 20:45:00+00:00,XRP-USD,15m,1.3221999406814575,1.3234000205993652,1.3184000253677368,1.3207000494003296,1046912,1046912,yfinance,2026-07-10T06:58:05.450587+00:00
2026-05-29 21:00:00+00:00,XRP-USD,15m,1.3208999633789062,1.3250000476837158,1.3202999830245972,1.3241000175476074,0,0,yfinance,2026-07-10T06:58:05.450587+00:00
2026-05-29 21:15:00+00:00,XRP-USD,15m,1.3241000175476074,1.3241000175476074,1.3188999891281128,1.3188999891281128,6030720,6030720,yfinance,2026-07-10T06:58:05.450587+00:00
2026-05-29 21:30:00+00:00,XRP-USD,15m,1.3186999559402466,1.3206000328063965,1.317199945449829,1.3199000358581543,3580544,3580544,yfinance,2026-07-10T06:58:05.450587+00:00
2026-05-29 21:45:00+00:00,XRP-USD,15m,1.319700002670288,1.3200000524520874,1.3142000436782837,1.3144999742507935,1901824,1901824,yfinance,2026-07-10T06:58:05.450587+00:00
2026-05-29 22:00:00+00:00,XRP-USD,15m,1.3147000074386597,1.3170000314712524,1.3127000331878662,1.3142999410629272,865408,865408,yfinance,2026-07-10T06:58:05.450587+00:00
2026-05-29 22:15:00+00:00,XRP-USD,15m,1.3143999576568604,1.318600058555603,1.3143999576568604,1.3184000253677368,1515008,1515008,yfinance,2026-07-10T06:58:05.450587+00:00
2026-05-29 22:30:00+00:00,XRP-USD,15m,1.31850004196167,1.319100022315979,1.3166999816894531,1.3181999921798706,858752,858752,yfinance,2026-07-10T06:58:05.450587+00:00
2026-05-29 22:45:00+00:00,XRP-USD,15m,1.3183000087738037,1.3193999528884888,1.3169000148773193,1.319000005722046,1389184,1389184,yfinance,2026-07-10T06:58:05.450587+00:00
2026-05-29 23:00:00+00:00,XRP-USD,15m,1.3193000555038452,1.3245999813079834,1.3181999921798706,1.323199987411499,11824256,11824256,yfinance,2026-07-10T06:58:05.450587+00:00
2026-05-29 23:15:00+00:00,XRP-USD,15m,1.3236000537872314,1.3249000310897827,1.3216999769210815,1.3223999738693237,9543680,9543680,yfinance,2026-07-10T06:58:05.450587+00:00
2026-05-29 23:30:00+00:00,XRP-USD,15m,1.3223999738693237,1.3241000175476074,1.3207000494003296,1.3241000175476074,3503616,3503616,yfinance,2026-07-10T06:58:05.450587+00:00
2026-05-29 23:45:00+00:00,XRP-USD,15m,1.3238999843597412,1.3289999961853027,1.323199987411499,1.3279999494552612,6914304,6914304,yfinance,2026-07-10T06:58:05.450587+00:00
2026-05-30 00:00:00+00:00,XRP-USD,15m,1.3281999826431274,1.3300000429153442,1.326300024986267,1.3300000429153442,4940800,4940800,yfinance,2026-07-10T06:58:05.450587+00:00
2026-05-30 00:15:00+00:00,XRP-USD,15m,1.330199956893921,1.337399959564209,1.3293999433517456,1.3305000066757202,27950080,27950080,yfinance,2026-07-10T06:58:05.450587+00:00
2026-05-30 00:30:00+00:00,XRP-USD,15m,1.330899953842163,1.3342000246047974,1.3281999826431274,1.3339999914169312,6051840,6051840,yfinance,2026-07-10T06:58:05.450587+00:00
2026-05-30 00:45:00+00:00,XRP-USD,15m,1.3339999914169312,1.347599983215332,1.3339999914169312,1.3468999862670898,33392128,33392128,yfinance,2026-07-10T06:58:05.450587+00:00
2026-05-30 01:00:00+00:00,XRP-USD,15m,1.347000002861023,1.357200026512146,1.3424999713897705,1.3538000583648682,61687040,61687040,yfinance,2026-07-10T06:58:05.450587+00:00
2026-05-30 01:15:00+00:00,XRP-USD,15m,1.3532999753952026,1.3626999855041504,1.3524999618530273,1.3597999811172485,55125504,55125504,yfinance,2026-07-10T06:58:05.450587+00:00
2026-05-30 01:30:00+00:00,XRP-USD,15m,1.3583999872207642,1.364300012588501,1.3573999404907227,1.3573999404907227,31295232,31295232,yfinance,2026-07-10T06:58:05.450587+00:00
2026-05-30 01:45:00+00:00,XRP-USD,15m,1.3573999404907227,1.3609000444412231,1.3538000583648682,1.3544000387191772,21928448,21928448,yfinance,2026-07-10T06:58:05.450587+00:00
2026-05-30 02:00:00+00:00,XRP-USD,15m,1.3549000024795532,1.3616000413894653,1.3549000024795532,1.3598999977111816,19133184,19133184,yfinance,2026-07-10T06:58:05.450587+00:00
2026-05-30 02:15:00+00:00,XRP-USD,15m,1.3598999977111816,1.361899971961975,1.354099988937378,1.3543000221252441,19859712,19859712,yfinance,2026-07-10T06:58:05.450587+00:00
2026-05-30 02:30:00+00:00,XRP-USD,15m,1.354099988937378,1.358199954032898,1.3530999422073364,1.3561999797821045,12454144,12454144,yfinance,2026-07-10T06:58:05.450587+00:00
2026-05-30 02:45:00+00:00,XRP-USD,15m,1.3561999797821045,1.3600000143051147,1.3531999588012695,1.3585000038146973,14311936,14311936,yfinance,2026-07-10T06:58:05.450587+00:00
2026-05-30 03:00:00+00:00,XRP-USD,15m,1.3579000234603882,1.3605999946594238,1.3566999435424805,1.3585000038146973,10735616,10735616,yfinance,2026-07-10T06:58:05.450587+00:00
2026-05-30 03:15:00+00:00,XRP-USD,15m,1.358199954032898,1.3586000204086304,1.353600025177002,1.356600046157837,3732480,3732480,yfinance,2026-07-10T06:58:05.450587+00:00
2026-05-30 03:30:00+00:00,XRP-USD,15m,1.356600046157837,1.3568999767303467,1.3508000373840332,1.3508000373840332,10470912,10470912,yfinance,2026-07-10T06:58:05.450587+00:00
2026-05-30 03:45:00+00:00,XRP-USD,15m,1.3509000539779663,1.3515000343322754,1.3481999635696411,1.3486000299453735,4975616,4975616,yfinance,2026-07-10T06:58:05.450587+00:00
2026-05-30 04:00:00+00:00,XRP-USD,15m,1.3488999605178833,1.3509000539779663,1.343999981880188,1.3478000164031982,19228416,19228416,yfinance,2026-07-10T06:58:05.450587+00:00
2026-05-30 04:15:00+00:00,XRP-USD,15m,1.3478000164031982,1.3478000164031982,1.337499976158142,1.337499976158142,29362432,29362432,yfinance,2026-07-10T06:58:05.450587+00:00
2026-05-30 04:30:00+00:00,XRP-USD,15m,1.3367999792099,1.3392000198364258,1.3356000185012817,1.3386000394821167,18801408,18801408,yfinance,2026-07-10T06:58:05.450587+00:00
2026-05-30 04:45:00+00:00,XRP-USD,15m,1.3386000394821167,1.3431999683380127,1.337499976158142,1.3421000242233276,17783552,17783552,yfinance,2026-07-10T06:58:05.450587+00:00
2026-05-30 05:00:00+00:00,XRP-USD,15m,1.3418999910354614,1.3487999439239502,1.340499997138977,1.3466999530792236,32029696,32029696,yfinance,2026-07-10T06:58:05.450587+00:00
2026-05-30 05:15:00+00:00,XRP-USD,15m,1.346500039100647,1.34660005569458,1.3417999744415283,1.3417999744415283,1183232,1183232,yfinance,2026-07-10T06:58:05.450587+00:00
2026-05-30 05:30:00+00:00,XRP-USD,15m,1.3420000076293945,1.3442000150680542,1.3420000076293945,1.3437000513076782,4342528,4342528,yfinance,2026-07-10T06:58:05.450587+00:00
2026-05-30 05:45:00+00:00,XRP-USD,15m,1.3437999486923218,1.3473999500274658,1.343400001525879,1.347000002861023,1516800,1516800,yfinance,2026-07-10T06:58:05.450587+00:00
2026-05-30 06:00:00+00:00,XRP-USD,15m,1.3473000526428223,1.3479000329971313,1.3427000045776367,1.3427000045776367,0,0,yfinance,2026-07-10T06:58:05.450587+00:00
2026-05-30 06:15:00+00:00,XRP-USD,15m,1.3428000211715698,1.3451999425888062,1.3428000211715698,1.3451000452041626,4176384,4176384,yfinance,2026-07-10T06:58:05.450587+00:00
2026-05-30 06:30:00+00:00,XRP-USD,15m,1.3457000255584717,1.3463000059127808,1.3437999486923218,1.3452999591827393,67328,67328,yfinance,2026-07-10T06:58:05.450587+00:00
2026-05-30 06:45:00+00:00,XRP-USD,15m,1.3451999425888062,1.3453999757766724,1.3428000211715698,1.343999981880188,0,0,yfinance,2026-07-10T06:58:05.450587+00:00
2026-05-30 07:00:00+00:00,XRP-USD,15m,1.344099998474121,1.3443000316619873,1.341599941253662,1.3417999744415283,0,0,yfinance,2026-07-10T06:58:05.450587+00:00
2026-05-30 07:15:00+00:00,XRP-USD,15m,1.341599941253662,1.343999981880188,1.34089994430542,1.3425999879837036,0,0,yfinance,2026-07-10T06:58:05.450587+00:00
2026-05-30 07:30:00+00:00,XRP-USD,15m,1.3424999713897705,1.3436000347137451,1.3389999866485596,1.3389999866485596,0,0,yfinance,2026-07-10T06:58:05.450587+00:00
2026-05-30 07:45:00+00:00,XRP-USD,15m,1.3389999866485596,1.3410999774932861,1.3387000560760498,1.3410999774932861,0,0,yfinance,2026-07-10T06:58:05.450587+00:00
2026-05-30 08:00:00+00:00,XRP-USD,15m,1.3411999940872192,1.3411999940872192,1.3393000364303589,1.3402999639511108,0,0,yfinance,2026-07-10T06:58:05.450587+00:00
2026-05-30 08:15:00+00:00,XRP-USD,15m,1.3402999639511108,1.3408000469207764,1.3382999897003174,1.3402999639511108,0,0,yfinance,2026-07-10T06:58:05.450587+00:00
2026-05-30 08:30:00+00:00,XRP-USD,15m,1.340399980545044,1.3406000137329102,1.3388999700546265,1.3394999504089355,0,0,yfinance,2026-07-10T06:58:05.450587+00:00
2026-05-30 08:45:00+00:00,XRP-USD,15m,1.3394999504089355,1.3406000137329102,1.3387999534606934,1.3391000032424927,0,0,yfinance,2026-07-10T06:58:05.450587+00:00
2026-05-30 09:00:00+00:00,XRP-USD,15m,1.3391000032424927,1.3414000272750854,1.3382999897003174,1.3410999774932861,604672,604672,yfinance,2026-07-10T06:58:05.450587+00:00
2026-05-30 09:15:00+00:00,XRP-USD,15m,1.3410999774932861,1.3436000347137451,1.3408000469207764,1.342900037765503,2662400,2662400,yfinance,2026-07-10T06:58:05.450587+00:00
2026-05-30 09:30:00+00:00,XRP-USD,15m,1.342900037765503,1.343999981880188,1.3415000438690186,1.3422000408172607,0,0,yfinance,2026-07-10T06:58:05.450587+00:00
2026-05-30 09:45:00+00:00,XRP-USD,15m,1.3420000076293945,1.3437999486923218,1.3415000438690186,1.3428000211715698,0,0,yfinance,2026-07-10T06:58:05.450587+00:00
2026-05-30 10:00:00+00:00,XRP-USD,15m,1.3428000211715698,1.342900037765503,1.3410999774932861,1.3417999744415283,0,0,yfinance,2026-07-10T06:58:05.450587+00:00
2026-05-30 10:15:00+00:00,XRP-USD,15m,1.3416999578475952,1.3424999713897705,1.3398000001907349,1.340499997138977,2880512,2880512,yfinance,2026-07-10T06:58:05.450587+00:00
2026-05-30 10:30:00+00:00,XRP-USD,15m,1.3406000137329102,1.34089994430542,1.3392000198364258,1.3396999835968018,3696384,3696384,yfinance,2026-07-10T06:58:05.450587+00:00
2026-05-30 10:45:00+00:00,XRP-USD,15m,1.3396999835968018,1.34089994430542,1.3396999835968018,1.3407000303268433,2973184,2973184,yfinance,2026-07-10T06:58:05.450587+00:00
2026-05-30 11:00:00+00:00,XRP-USD,15m,1.3407000303268433,1.3408000469207764,1.3365000486373901,1.3367999792099,0,0,yfinance,2026-07-10T06:58:05.450587+00:00
2026-05-30 11:15:00+00:00,XRP-USD,15m,1.3366999626159668,1.3380000591278076,1.3357000350952148,1.337399959564209,256,256,yfinance,2026-07-10T06:58:05.450587+00:00
2026-05-30 11:30:00+00:00,XRP-USD,15m,1.3372999429702759,1.3423000574111938,1.3372000455856323,1.339900016784668,2530560,2530560,yfinance,2026-07-10T06:58:05.450587+00:00
2026-05-30 11:45:00+00:00,XRP-USD,15m,1.339900016784668,1.340000033378601,1.3379000425338745,1.3387999534606934,38912,38912,yfinance,2026-07-10T06:58:05.450587+00:00
2026-05-30 12:00:00+00:00,XRP-USD,15m,1.3387999534606934,1.3392000198364258,1.3371000289916992,1.3375999927520752,0,0,yfinance,2026-07-10T06:58:05.450587+00:00
2026-05-30 12:15:00+00:00,XRP-USD,15m,1.3377000093460083,1.340000033378601,1.337399959564209,1.3391000032424927,1388544,1388544,yfinance,2026-07-10T06:58:05.450587+00:00
2026-05-30 12:30:00+00:00,XRP-USD,15m,1.3391000032424927,1.3408000469207764,1.3379000425338745,1.3388999700546265,0,0,yfinance,2026-07-10T06:58:05.450587+00:00
2026-05-30 12:45:00+00:00,XRP-USD,15m,1.3389999866485596,1.3389999866485596,1.3366999626159668,1.3380000591278076,0,0,yfinance,2026-07-10T06:58:05.450587+00:00
2026-05-30 13:00:00+00:00,XRP-USD,15m,1.3380999565124512,1.3395999670028687,1.3379000425338745,1.3389999866485596,0,0,yfinance,2026-07-10T06:58:05.450587+00:00
2026-05-30 13:15:00+00:00,XRP-USD,15m,1.3389999866485596,1.340000033378601,1.3375999927520752,1.3391000032424927,3898624,3898624,yfinance,2026-07-10T06:58:05.450587+00:00
2026-05-30 13:30:00+00:00,XRP-USD,15m,1.3391000032424927,1.3391000032424927,1.335800051689148,1.3375999927520752,0,0,yfinance,2026-07-10T06:58:05.450587+00:00
2026-05-30 13:45:00+00:00,XRP-USD,15m,1.3380000591278076,1.339400053024292,1.3379000425338745,1.3393000364303589,7941888,7941888,yfinance,2026-07-10T06:58:05.450587+00:00
2026-05-30 14:00:00+00:00,XRP-USD,15m,1.3398000001907349,1.3413000106811523,1.3389999866485596,1.3392000198364258,0,0,yfinance,2026-07-10T06:58:05.450587+00:00
2026-05-30 14:15:00+00:00,XRP-USD,15m,1.3389999866485596,1.343000054359436,1.3377000093460083,1.343000054359436,0,0,yfinance,2026-07-10T06:58:05.450587+00:00
2026-05-30 14:30:00+00:00,XRP-USD,15m,1.3427000045776367,1.3451000452041626,1.340999960899353,1.3423999547958374,0,0,yfinance,2026-07-10T06:58:05.450587+00:00
2026-05-30 14:45:00+00:00,XRP-USD,15m,1.3421000242233276,1.3421000242233276,1.3394999504089355,1.3410999774932861,0,0,yfinance,2026-07-10T06:58:05.450587+00:00
2026-05-30 15:00:00+00:00,XRP-USD,15m,1.3414000272750854,1.3437000513076782,1.339900016784668,1.343000054359436,0,0,yfinance,2026-07-10T06:58:05.450587+00:00
2026-05-30 15:15:00+00:00,XRP-USD,15m,1.343000054359436,1.343000054359436,1.3394999504089355,1.3410999774932861,0,0,yfinance,2026-07-10T06:58:05.450587+00:00
2026-05-30 15:30:00+00:00,XRP-USD,15m,1.3410999774932861,1.3420000076293945,1.3386000394821167,1.3391000032424927,0,0,yfinance,2026-07-10T06:58:05.450587+00:00
2026-05-30 15:45:00+00:00,XRP-USD,15m,1.339400053024292,1.342900037765503,1.3391000032424927,1.3407000303268433,0,0,yfinance,2026-07-10T06:58:05.450587+00:00
2026-05-30 16:00:00+00:00,XRP-USD,15m,1.3408000469207764,1.345900058746338,1.3394999504089355,1.3456000089645386,0,0,yfinance,2026-07-10T06:58:05.450587+00:00
2026-05-30 16:15:00+00:00,XRP-USD,15m,1.3451999425888062,1.3456000089645386,1.3423999547958374,1.3436000347137451,7988352,7988352,yfinance,2026-07-10T06:58:05.450587+00:00
2026-05-30 16:30:00+00:00,XRP-USD,15m,1.3437999486923218,1.34660005569458,1.342900037765503,1.3451000452041626,0,0,yfinance,2026-07-10T06:58:05.450587+00:00
2026-05-30 16:45:00+00:00,XRP-USD,15m,1.3452999591827393,1.3464000225067139,1.3437000513076782,1.3461999893188477,0,0,yfinance,2026-07-10T06:58:05.450587+00:00
2026-05-30 17:00:00+00:00,XRP-USD,15m,1.3464000225067139,1.347499966621399,1.3443000316619873,1.3456000089645386,0,0,yfinance,2026-07-10T06:58:05.450587+00:00
2026-05-30 17:15:00+00:00,XRP-USD,15m,1.3459999561309814,1.3496999740600586,1.3447999954223633,1.3459999561309814,0,0,yfinance,2026-07-10T06:58:05.450587+00:00
2026-05-30 17:30:00+00:00,XRP-USD,15m,1.345900058746338,1.3468999862670898,1.342900037765503,1.3468999862670898,0,0,yfinance,2026-07-10T06:58:05.450587+00:00
2026-05-30 17:45:00+00:00,XRP-USD,15m,1.347000002861023,1.351199984550476,1.3466999530792236,1.3507000207901,387840,387840,yfinance,2026-07-10T06:58:05.450587+00:00
2026-05-30 18:00:00+00:00,XRP-USD,15m,1.3508000373840332,1.351099967956543,1.3486000299453735,1.3489999771118164,0,0,yfinance,2026-07-10T06:58:05.450587+00:00
2026-05-30 18:15:00+00:00,XRP-USD,15m,1.3490999937057495,1.3509999513626099,1.347100019454956,1.3473999500274658,91264,91264,yfinance,2026-07-10T06:58:05.450587+00:00
2026-05-30 18:30:00+00:00,XRP-USD,15m,1.3473999500274658,1.3508000373840332,1.3473000526428223,1.3508000373840332,0,0,yfinance,2026-07-10T06:58:05.450587+00:00
2026-05-30 18:45:00+00:00,XRP-USD,15m,1.3514000177383423,1.3521000146865845,1.3487999439239502,1.350000023841858,0,0,yfinance,2026-07-10T06:58:05.450587+00:00
2026-05-30 19:00:00+00:00,XRP-USD,15m,1.350000023841858,1.3502000570297241,1.3461999893188477,1.3461999893188477,0,0,yfinance,2026-07-10T06:58:05.450587+00:00
2026-05-30 19:15:00+00:00,XRP-USD,15m,1.3461999893188477,1.3478000164031982,1.3454999923706055,1.3456000089645386,0,0,yfinance,2026-07-10T06:58:05.450587+00:00
2026-05-30 19:30:00+00:00,XRP-USD,15m,1.3456000089645386,1.347000002861023,1.344099998474121,1.3447999954223633,0,0,yfinance,2026-07-10T06:58:05.450587+00:00
2026-05-30 19:45:00+00:00,XRP-USD,15m,1.3451000452041626,1.3468999862670898,1.3451000452041626,1.3458000421524048,9312896,9312896,yfinance,2026-07-10T06:58:05.450587+00:00
2026-05-30 20:00:00+00:00,XRP-USD,15m,1.345900058746338,1.3479000329971313,1.3451999425888062,1.3468999862670898,0,0,yfinance,2026-07-10T06:58:05.450587+00:00
2026-05-30 20:15:00+00:00,XRP-USD,15m,1.34660005569458,1.348099946975708,1.3464000225067139,1.347599983215332,0,0,yfinance,2026-07-10T06:58:05.450587+00:00
2026-05-30 20:30:00+00:00,XRP-USD,15m,1.347499966621399,1.347599983215332,1.3446999788284302,1.3450000286102295,0,0,yfinance,2026-07-10T06:58:05.450587+00:00
2026-05-30 20:45:00+00:00,XRP-USD,15m,1.3451000452041626,1.3466999530792236,1.3447999954223633,1.3461999893188477,0,0,yfinance,2026-07-10T06:58:05.450587+00:00
2026-05-30 21:00:00+00:00,XRP-USD,15m,1.3463000059127808,1.3482999801635742,1.3451000452041626,1.3481999635696411,0,0,yfinance,2026-07-10T06:58:05.450587+00:00
2026-05-30 21:15:00+00:00,XRP-USD,15m,1.3482999801635742,1.3490999937057495,1.3472000360488892,1.3487999439239502,81664,81664,yfinance,2026-07-10T06:58:05.450587+00:00
2026-05-30 21:30:00+00:00,XRP-USD,15m,1.3485000133514404,1.3499000072479248,1.3473000526428223,1.3488999605178833,15104,15104,yfinance,2026-07-10T06:58:05.450587+00:00
2026-05-30 21:45:00+00:00,XRP-USD,15m,1.3488999605178833,1.3495999574661255,1.3476999998092651,1.3482999801635742,1846144,1846144,yfinance,2026-07-10T06:58:05.450587+00:00
2026-05-30 22:00:00+00:00,XRP-USD,15m,1.3481999635696411,1.3481999635696411,1.340000033378601,1.343000054359436,3759744,3759744,yfinance,2026-07-10T06:58:05.450587+00:00
2026-05-30 22:15:00+00:00,XRP-USD,15m,1.343000054359436,1.3438999652862549,1.340499997138977,1.3423000574111938,3438464,3438464,yfinance,2026-07-10T06:58:05.450587+00:00
2026-05-30 22:30:00+00:00,XRP-USD,15m,1.3423000574111938,1.3423000574111938,1.336300015449524,1.3372999429702759,5995008,5995008,yfinance,2026-07-10T06:58:05.450587+00:00
2026-05-30 22:45:00+00:00,XRP-USD,15m,1.3372999429702759,1.3407000303268433,1.3372999429702759,1.3407000303268433,2407168,2407168,yfinance,2026-07-10T06:58:05.450587+00:00
2026-05-30 23:00:00+00:00,XRP-USD,15m,1.3406000137329102,1.3421000242233276,1.3384000062942505,1.3391000032424927,0,0,yfinance,2026-07-10T06:58:05.450587+00:00
2026-05-30 23:15:00+00:00,XRP-USD,15m,1.3391000032424927,1.3406000137329102,1.3385000228881836,1.3398000001907349,0,0,yfinance,2026-07-10T06:58:05.450587+00:00
2026-05-30 23:30:00+00:00,XRP-USD,15m,1.3396999835968018,1.3396999835968018,1.336400032043457,1.3379000425338745,15488,15488,yfinance,2026-07-10T06:58:05.450587+00:00
2026-05-30 23:45:00+00:00,XRP-USD,15m,1.3377000093460083,1.3387999534606934,1.3375999927520752,1.3387999534606934,0,0,yfinance,2026-07-10T06:58:05.450587+00:00
2026-05-31 00:00:00+00:00,XRP-USD,15m,1.3393000364303589,1.340000033378601,1.3365000486373901,1.337499976158142,0,0,yfinance,2026-07-10T06:58:05.450587+00:00
2026-05-31 00:15:00+00:00,XRP-USD,15m,1.3372000455856323,1.3387999534606934,1.3366999626159668,1.3372000455856323,0,0,yfinance,2026-07-10T06:58:05.450587+00:00
2026-05-31 00:30:00+00:00,XRP-USD,15m,1.336899995803833,1.3381999731063843,1.335800051689148,1.3372000455856323,0,0,yfinance,2026-07-10T06:58:05.450587+00:00
2026-05-31 00:45:00+00:00,XRP-USD,15m,1.337399959564209,1.3385000228881836,1.336300015449524,1.3385000228881836,0,0,yfinance,2026-07-10T06:58:05.450587+00:00
2026-05-31 01:00:00+00:00,XRP-USD,15m,1.3384000062942505,1.340399980545044,1.3382999897003174,1.3401000499725342,0,0,yfinance,2026-07-10T06:58:05.450587+00:00
2026-05-31 01:15:00+00:00,XRP-USD,15m,1.3402999639511108,1.3422000408172607,1.3393000364303589,1.3396999835968018,0,0,yfinance,2026-07-10T06:58:05.450587+00:00
2026-05-31 01:30:00+00:00,XRP-USD,15m,1.3396999835968018,1.3420000076293945,1.3387000560760498,1.3389999866485596,0,0,yfinance,2026-07-10T06:58:05.450587+00:00
2026-05-31 01:45:00+00:00,XRP-USD,15m,1.3389999866485596,1.3410999774932861,1.3387999534606934,1.3398000001907349,0,0,yfinance,2026-07-10T06:58:05.450587+00:00
2026-05-31 02:00:00+00:00,XRP-USD,15m,1.3396999835968018,1.3416999578475952,1.3394999504089355,1.341599941253662,0,0,yfinance,2026-07-10T06:58:05.450587+00:00
2026-05-31 02:15:00+00:00,XRP-USD,15m,1.3416999578475952,1.343999981880188,1.3375999927520752,1.3375999927520752,0,0,yfinance,2026-07-10T06:58:05.450587+00:00
2026-05-31 02:30:00+00:00,XRP-USD,15m,1.3371000289916992,1.3381999731063843,1.3346999883651733,1.3375999927520752,2914560,2914560,yfinance,2026-07-10T06:58:05.450587+00:00
2026-05-31 02:45:00+00:00,XRP-USD,15m,1.3375999927520752,1.340999960899353,1.3370000123977661,1.340399980545044,0,0,yfinance,2026-07-10T06:58:05.450587+00:00
2026-05-31 03:00:00+00:00,XRP-USD,15m,1.340399980545044,1.3415000438690186,1.3395999670028687,1.3415000438690186,0,0,yfinance,2026-07-10T06:58:05.450587+00:00
2026-05-31 03:15:00+00:00,XRP-USD,15m,1.341599941253662,1.3422000408172607,1.3401000499725342,1.341599941253662,0,0,yfinance,2026-07-10T06:58:05.450587+00:00
2026-05-31 03:30:00+00:00,XRP-USD,15m,1.3416999578475952,1.3421000242233276,1.340499997138977,1.3414000272750854,2224384,2224384,yfinance,2026-07-10T06:58:05.450587+00:00
2026-05-31 03:45:00+00:00,XRP-USD,15m,1.3414000272750854,1.343500018119812,1.3407000303268433,1.3428000211715698,0,0,yfinance,2026-07-10T06:58:05.450587+00:00
2026-05-31 04:00:00+00:00,XRP-USD,15m,1.3428000211715698,1.3431999683380127,1.340999960899353,1.3416999578475952,0,0,yfinance,2026-07-10T06:58:05.450587+00:00
2026-05-31 04:15:00+00:00,XRP-USD,15m,1.3416999578475952,1.3443000316619873,1.3416999578475952,1.3428000211715698,0,0,yfinance,2026-07-10T06:58:05.450587+00:00
2026-05-31 04:30:00+00:00,XRP-USD,15m,1.343000054359436,1.3444000482559204,1.3422000408172607,1.3436000347137451,0,0,yfinance,2026-07-10T06:58:05.450587+00:00
2026-05-31 04:45:00+00:00,XRP-USD,15m,1.3437000513076782,1.3447999954223633,1.343000054359436,1.3442000150680542,0,0,yfinance,2026-07-10T06:58:05.450587+00:00
2026-05-31 05:00:00+00:00,XRP-USD,15m,1.3442000150680542,1.3443000316619873,1.3428000211715698,1.3431999683380127,0,0,yfinance,2026-07-10T06:58:05.450587+00:00
2026-05-31 05:15:00+00:00,XRP-USD,15m,1.3430999517440796,1.3437000513076782,1.341599941253662,1.3431999683380127,0,0,yfinance,2026-07-10T06:58:05.450587+00:00
2026-05-31 05:30:00+00:00,XRP-USD,15m,1.343000054359436,1.3438999652862549,1.341599941253662,1.3418999910354614,0,0,yfinance,2026-07-10T06:58:05.450587+00:00
2026-05-31 05:45:00+00:00,XRP-USD,15m,1.3417999744415283,1.3423999547958374,1.3406000137329102,1.3413000106811523,0,0,yfinance,2026-07-10T06:58:05.450587+00:00
2026-05-31 06:00:00+00:00,XRP-USD,15m,1.3413000106811523,1.3413000106811523,1.3388999700546265,1.3389999866485596,0,0,yfinance,2026-07-10T06:58:05.450587+00:00
2026-05-31 06:15:00+00:00,XRP-USD,15m,1.3389999866485596,1.3402999639511108,1.3385000228881836,1.3392000198364258,0,0,yfinance,2026-07-10T06:58:05.450587+00:00
2026-05-31 06:30:00+00:00,XRP-USD,15m,1.3387999534606934,1.340499997138977,1.3387999534606934,1.3392000198364258,0,0,yfinance,2026-07-10T06:58:05.450587+00:00
2026-05-31 06:45:00+00:00,XRP-USD,15m,1.3387000560760498,1.3398000001907349,1.3381999731063843,1.3382999897003174,249728,249728,yfinance,2026-07-10T06:58:05.450587+00:00
2026-05-31 07:00:00+00:00,XRP-USD,15m,1.3379000425338745,1.3379000425338745,1.3348000049591064,1.3350000381469727,1200000,1200000,yfinance,2026-07-10T06:58:05.450587+00:00
2026-05-31 07:15:00+00:00,XRP-USD,15m,1.3355000019073486,1.3359999656677246,1.3321000337600708,1.3336000442504883,5375872,5375872,yfinance,2026-07-10T06:58:05.450587+00:00
2026-05-31 07:30:00+00:00,XRP-USD,15m,1.3330999612808228,1.3344000577926636,1.3315000534057617,1.333299994468689,2668160,2668160,yfinance,2026-07-10T06:58:05.450587+00:00
2026-05-31 07:45:00+00:00,XRP-USD,15m,1.3329999446868896,1.3343000411987305,1.332900047302246,1.3335000276565552,847232,847232,yfinance,2026-07-10T06:58:05.450587+00:00
2026-05-31 08:00:00+00:00,XRP-USD,15m,1.3336999416351318,1.3357000350952148,1.3335000276565552,1.3346999883651733,1657984,1657984,yfinance,2026-07-10T06:58:05.450587+00:00
2026-05-31 08:15:00+00:00,XRP-USD,15m,1.3346999883651733,1.336400032043457,1.3343000411987305,1.3361999988555908,1422720,1422720,yfinance,2026-07-10T06:58:05.450587+00:00
2026-05-31 08:30:00+00:00,XRP-USD,15m,1.3360999822616577,1.336400032043457,1.3345999717712402,1.336300015449524,1939072,1939072,yfinance,2026-07-10T06:58:05.450587+00:00
2026-05-31 08:45:00+00:00,XRP-USD,15m,1.336300015449524,1.3379000425338745,1.3351000547409058,1.3367999792099,3965824,3965824,yfinance,2026-07-10T06:58:05.450587+00:00
2026-05-31 09:00:00+00:00,XRP-USD,15m,1.336400032043457,1.336899995803833,1.3349000215530396,1.3352999687194824,0,0,yfinance,2026-07-10T06:58:05.450587+00:00
2026-05-31 09:15:00+00:00,XRP-USD,15m,1.3351000547409058,1.3386000394821167,1.3351000547409058,1.3386000394821167,0,0,yfinance,2026-07-10T06:58:05.450587+00:00
2026-05-31 09:30:00+00:00,XRP-USD,15m,1.3386000394821167,1.34089994430542,1.3382999897003174,1.3395999670028687,4810752,4810752,yfinance,2026-07-10T06:58:05.450587+00:00
2026-05-31 09:45:00+00:00,XRP-USD,15m,1.3395999670028687,1.3401999473571777,1.3361999988555908,1.3372000455856323,0,0,yfinance,2026-07-10T06:58:05.450587+00:00
2026-05-31 10:00:00+00:00,XRP-USD,15m,1.3370000123977661,1.337499976158142,1.3359999656677246,1.3365000486373901,154368,154368,yfinance,2026-07-10T06:58:05.450587+00:00
2026-05-31 10:15:00+00:00,XRP-USD,15m,1.336300015449524,1.336300015449524,1.3323999643325806,1.3346999883651733,274176,274176,yfinance,2026-07-10T06:58:05.450587+00:00
2026-05-31 10:30:00+00:00,XRP-USD,15m,1.3345999717712402,1.3353999853134155,1.333400011062622,1.3339999914169312,997376,997376,yfinance,2026-07-10T06:58:05.450587+00:00
2026-05-31 10:45:00+00:00,XRP-USD,15m,1.3336999416351318,1.3351999521255493,1.332800030708313,1.3351000547409058,2231552,2231552,yfinance,2026-07-10T06:58:05.450587+00:00
2026-05-31 11:00:00+00:00,XRP-USD,15m,1.3352999687194824,1.3370000123977661,1.3352999687194824,1.3361999988555908,562432,562432,yfinance,2026-07-10T06:58:05.450587+00:00
2026-05-31 11:15:00+00:00,XRP-USD,15m,1.3361999988555908,1.3411999940872192,1.3355000019073486,1.340499997138977,2730752,2730752,yfinance,2026-07-10T06:58:05.450587+00:00
2026-05-31 11:30:00+00:00,XRP-USD,15m,1.340499997138977,1.340499997138977,1.3381999731063843,1.3389999866485596,2959872,2959872,yfinance,2026-07-10T06:58:05.450587+00:00
2026-05-31 11:45:00+00:00,XRP-USD,15m,1.3398000001907349,1.34089994430542,1.3379000425338745,1.339900016784668,1006464,1006464,yfinance,2026-07-10T06:58:05.450587+00:00
2026-05-31 12:00:00+00:00,XRP-USD,15m,1.3401000499725342,1.3401000499725342,1.3367999792099,1.3386000394821167,3116032,3116032,yfinance,2026-07-10T06:58:05.450587+00:00
2026-05-31 12:15:00+00:00,XRP-USD,15m,1.3386000394821167,1.340499997138977,1.3386000394821167,1.339900016784668,0,0,yfinance,2026-07-10T06:58:05.450587+00:00
2026-05-31 12:30:00+00:00,XRP-USD,15m,1.3398000001907349,1.3411999940872192,1.339400053024292,1.3411999940872192,396288,396288,yfinance,2026-07-10T06:58:05.450587+00:00
2026-05-31 12:45:00+00:00,XRP-USD,15m,1.3411999940872192,1.3417999744415283,1.3392000198364258,1.340399980545044,0,0,yfinance,2026-07-10T06:58:05.450587+00:00
2026-05-31 13:00:00+00:00,XRP-USD,15m,1.340399980545044,1.343999981880188,1.3395999670028687,1.343999981880188,3497216,3497216,yfinance,2026-07-10T06:58:05.450587+00:00
2026-05-31 13:15:00+00:00,XRP-USD,15m,1.343999981880188,1.3461999893188477,1.343500018119812,1.344499945640564,334464,334464,yfinance,2026-07-10T06:58:05.450587+00:00
2026-05-31 13:30:00+00:00,XRP-USD,15m,1.3449000120162964,1.3454999923706055,1.3420000076293945,1.3431999683380127,0,0,yfinance,2026-07-10T06:58:05.450587+00:00
2026-05-31 13:45:00+00:00,XRP-USD,15m,1.3427000045776367,1.3431999683380127,1.3407000303268433,1.3407000303268433,100096,100096,yfinance,2026-07-10T06:58:05.450587+00:00
2026-05-31 14:00:00+00:00,XRP-USD,15m,1.3407000303268433,1.3421000242233276,1.3357000350952148,1.335800051689148,87168,87168,yfinance,2026-07-10T06:58:05.450587+00:00
2026-05-31 14:15:00+00:00,XRP-USD,15m,1.3356000185012817,1.3380000591278076,1.326200008392334,1.3287999629974365,41601920,41601920,yfinance,2026-07-10T06:58:05.450587+00:00
2026-05-31 14:30:00+00:00,XRP-USD,15m,1.3285000324249268,1.330899953842163,1.3260999917984009,1.3273999691009521,5037824,5037824,yfinance,2026-07-10T06:58:05.450587+00:00
2026-05-31 14:45:00+00:00,XRP-USD,15m,1.3273999691009521,1.3300000429153442,1.3273999691009521,1.3286000490188599,3801216,3801216,yfinance,2026-07-10T06:58:05.450587+00:00
2026-05-31 15:00:00+00:00,XRP-USD,15m,1.3281999826431274,1.3307000398635864,1.3281999826431274,1.3307000398635864,7572480,7572480,yfinance,2026-07-10T06:58:05.450587+00:00
2026-05-31 15:15:00+00:00,XRP-USD,15m,1.3306000232696533,1.3330999612808228,1.3291000127792358,1.3321000337600708,117376,117376,yfinance,2026-07-10T06:58:05.450587+00:00
2026-05-31 15:30:00+00:00,XRP-USD,15m,1.3321000337600708,1.3327000141143799,1.3286000490188599,1.3288999795913696,0,0,yfinance,2026-07-10T06:58:05.450587+00:00
2026-05-31 15:45:00+00:00,XRP-USD,15m,1.3288999795913696,1.3294999599456787,1.3274999856948853,1.3286000490188599,665856,665856,yfinance,2026-07-10T06:58:05.450587+00:00
2026-05-31 16:00:00+00:00,XRP-USD,15m,1.3286000490188599,1.3308000564575195,1.3259999752044678,1.3265000581741333,3255808,3255808,yfinance,2026-07-10T06:58:05.450587+00:00
2026-05-31 16:15:00+00:00,XRP-USD,15m,1.32669997215271,1.3277000188827515,1.3216999769210815,1.3269000053405762,13394432,13394432,yfinance,2026-07-10T06:58:05.450587+00:00
2026-05-31 16:30:00+00:00,XRP-USD,15m,1.3269000053405762,1.3274999856948853,1.3222999572753906,1.3250999450683594,37850752,37850752,yfinance,2026-07-10T06:58:05.450587+00:00
2026-05-31 16:45:00+00:00,XRP-USD,15m,1.3249000310897827,1.3260999917984009,1.3240000009536743,1.3259999752044678,3033088,3033088,yfinance,2026-07-10T06:58:05.450587+00:00
2026-05-31 17:00:00+00:00,XRP-USD,15m,1.3258999586105347,1.3279999494552612,1.3258999586105347,1.3265000581741333,2971136,2971136,yfinance,2026-07-10T06:58:05.450587+00:00
2026-05-31 17:15:00+00:00,XRP-USD,15m,1.3264000415802002,1.3286999464035034,1.326200008392334,1.3279000520706177,967424,967424,yfinance,2026-07-10T06:58:05.450587+00:00
2026-05-31 17:30:00+00:00,XRP-USD,15m,1.3279999494552612,1.3301000595092773,1.3279000520706177,1.3301000595092773,0,0,yfinance,2026-07-10T06:58:05.450587+00:00
2026-05-31 17:45:00+00:00,XRP-USD,15m,1.3299000263214111,1.3305000066757202,1.3286999464035034,1.3291000127792358,0,0,yfinance,2026-07-10T06:58:05.450587+00:00
2026-05-31 18:00:00+00:00,XRP-USD,15m,1.3293999433517456,1.3293999433517456,1.3269000053405762,1.3271000385284424,0,0,yfinance,2026-07-10T06:58:05.450587+00:00
2026-05-31 18:15:00+00:00,XRP-USD,15m,1.32669997215271,1.3269000053405762,1.3252999782562256,1.3264000415802002,249472,249472,yfinance,2026-07-10T06:58:05.450587+00:00
2026-05-31 18:30:00+00:00,XRP-USD,15m,1.3259999752044678,1.3285000324249268,1.325700044631958,1.326200008392334,1775488,1775488,yfinance,2026-07-10T06:58:05.450587+00:00
2026-05-31 18:45:00+00:00,XRP-USD,15m,1.326200008392334,1.3264000415802002,1.3243000507354736,1.3257999420166016,128128,128128,yfinance,2026-07-10T06:58:05.450587+00:00
2026-05-31 19:00:00+00:00,XRP-USD,15m,1.3258999586105347,1.326300024986267,1.3228000402450562,1.3228000402450562,0,0,yfinance,2026-07-10T06:58:05.450587+00:00
2026-05-31 19:15:00+00:00,XRP-USD,15m,1.322700023651123,1.3242000341415405,1.3212000131607056,1.3222999572753906,0,0,yfinance,2026-07-10T06:58:05.450587+00:00
2026-05-31 19:30:00+00:00,XRP-USD,15m,1.3223999738693237,1.3236000537872314,1.319200038909912,1.323199987411499,6547200,6547200,yfinance,2026-07-10T06:58:05.450587+00:00
2026-05-31 19:45:00+00:00,XRP-USD,15m,1.323199987411499,1.3255000114440918,1.3228000402450562,1.3244999647140503,0,0,yfinance,2026-07-10T06:58:05.450587+00:00
2026-05-31 20:00:00+00:00,XRP-USD,15m,1.3248000144958496,1.3277000188827515,1.3248000144958496,1.327299952507019,5626496,5626496,yfinance,2026-07-10T06:58:05.450587+00:00
2026-05-31 20:15:00+00:00,XRP-USD,15m,1.3274999856948853,1.3287999629974365,1.3270000219345093,1.3278000354766846,1906432,1906432,yfinance,2026-07-10T06:58:05.450587+00:00
2026-05-31 20:30:00+00:00,XRP-USD,15m,1.3278000354766846,1.3282999992370605,1.326300024986267,1.3265000581741333,0,0,yfinance,2026-07-10T06:58:05.450587+00:00
2026-05-31 20:45:00+00:00,XRP-USD,15m,1.3265999555587769,1.3293999433517456,1.3264000415802002,1.3287999629974365,658688,658688,yfinance,2026-07-10T06:58:05.450587+00:00
2026-05-31 21:00:00+00:00,XRP-USD,15m,1.3291000127792358,1.329200029373169,1.3273999691009521,1.3277000188827515,1595136,1595136,yfinance,2026-07-10T06:58:05.450587+00:00
2026-05-31 21:15:00+00:00,XRP-USD,15m,1.3279000520706177,1.3300000429153442,1.3276000022888184,1.3278000354766846,554880,554880,yfinance,2026-07-10T06:58:05.450587+00:00
2026-05-31 21:30:00+00:00,XRP-USD,15m,1.3279000520706177,1.3322999477386475,1.3278000354766846,1.3312000036239624,574208,574208,yfinance,2026-07-10T06:58:05.450587+00:00
2026-05-31 21:45:00+00:00,XRP-USD,15m,1.3312000036239624,1.3330999612808228,1.3310999870300293,1.3325999975204468,1044480,1044480,yfinance,2026-07-10T06:58:05.450587+00:00
2026-05-31 22:00:00+00:00,XRP-USD,15m,1.3324999809265137,1.3357000350952148,1.329800009727478,1.3357000350952148,809344,809344,yfinance,2026-07-10T06:58:05.450587+00:00
2026-05-31 22:15:00+00:00,XRP-USD,15m,1.3365999460220337,1.3380999565124512,1.332900047302246,1.3335000276565552,2472064,2472064,yfinance,2026-07-10T06:58:05.450587+00:00
2026-05-31 22:30:00+00:00,XRP-USD,15m,1.333899974822998,1.3371000289916992,1.333400011062622,1.3346999883651733,2433664,2433664,yfinance,2026-07-10T06:58:05.450587+00:00
2026-05-31 22:45:00+00:00,XRP-USD,15m,1.3350000381469727,1.3367999792099,1.3346999883651733,1.3355000019073486,2911232,2911232,yfinance,2026-07-10T06:58:05.450587+00:00
2026-05-31 23:00:00+00:00,XRP-USD,15m,1.3358999490737915,1.3406000137329102,1.3345999717712402,1.3345999717712402,7871360,7871360,yfinance,2026-07-10T06:58:05.450587+00:00
2026-05-31 23:15:00+00:00,XRP-USD,15m,1.3349000215530396,1.335800051689148,1.3316999673843384,1.3317999839782715,5641088,5641088,yfinance,2026-07-10T06:58:05.450587+00:00
2026-05-31 23:30:00+00:00,XRP-USD,15m,1.3319000005722046,1.3319000005722046,1.3259999752044678,1.3274999856948853,9885312,9885312,yfinance,2026-07-10T06:58:05.450587+00:00
2026-05-31 23:45:00+00:00,XRP-USD,15m,1.3279000520706177,1.3317999839782715,1.3272000551223755,1.3312000036239624,7950976,7950976,yfinance,2026-07-10T06:58:05.450587+00:00
2026-06-01 00:00:00+00:00,XRP-USD,15m,1.3312000036239624,1.3359999656677246,1.3307000398635864,1.3319000005722046,12332672,12332672,yfinance,2026-07-10T06:58:05.450587+00:00
2026-06-01 00:15:00+00:00,XRP-USD,15m,1.332200050354004,1.3350000381469727,1.3288999795913696,1.3349000215530396,9512576,9512576,yfinance,2026-07-10T06:58:05.450587+00:00
2026-06-01 00:30:00+00:00,XRP-USD,15m,1.3355000019073486,1.3377000093460083,1.3323999643325806,1.3358999490737915,14099840,14099840,yfinance,2026-07-10T06:58:05.450587+00:00
2026-06-01 00:45:00+00:00,XRP-USD,15m,1.336300015449524,1.3387999534606934,1.3355000019073486,1.335800051689148,14113280,14113280,yfinance,2026-07-10T06:58:05.450587+00:00
2026-06-01 01:00:00+00:00,XRP-USD,15m,1.3365000486373901,1.3365000486373901,1.3287999629974365,1.3288999795913696,9414784,9414784,yfinance,2026-07-10T06:58:05.450587+00:00
2026-06-01 01:15:00+00:00,XRP-USD,15m,1.3287999629974365,1.3309999704360962,1.325600028038025,1.3265000581741333,5678464,5678464,yfinance,2026-07-10T06:58:05.450587+00:00
2026-06-01 01:30:00+00:00,XRP-USD,15m,1.3265000581741333,1.3281999826431274,1.3236000537872314,1.3243000507354736,5912832,5912832,yfinance,2026-07-10T06:58:05.450587+00:00
2026-06-01 01:45:00+00:00,XRP-USD,15m,1.3242000341415405,1.3271000385284424,1.319700002670288,1.319700002670288,18649856,18649856,yfinance,2026-07-10T06:58:05.450587+00:00
2026-06-01 02:00:00+00:00,XRP-USD,15m,1.319200038909912,1.3265999555587769,1.3172999620437622,1.3258999586105347,19478656,19478656,yfinance,2026-07-10T06:58:05.450587+00:00
2026-06-01 02:15:00+00:00,XRP-USD,15m,1.326200008392334,1.326200008392334,1.3214999437332153,1.3229000568389893,6243584,6243584,yfinance,2026-07-10T06:58:05.450587+00:00
2026-06-01 02:30:00+00:00,XRP-USD,15m,1.322700023651123,1.3322999477386475,1.3213000297546387,1.3294999599456787,2078080,2078080,yfinance,2026-07-10T06:58:05.450587+00:00
2026-06-01 02:45:00+00:00,XRP-USD,15m,1.3299000263214111,1.3316999673843384,1.3286999464035034,1.329200029373169,19771264,19771264,yfinance,2026-07-10T06:58:05.450587+00:00
2026-06-01 03:00:00+00:00,XRP-USD,15m,1.329200029373169,1.333299994468689,1.3291000127792358,1.3309999704360962,13269760,13269760,yfinance,2026-07-10T06:58:05.450587+00:00
2026-06-01 03:15:00+00:00,XRP-USD,15m,1.3312000036239624,1.3320000171661377,1.3278000354766846,1.3312000036239624,10553344,10553344,yfinance,2026-07-10T06:58:05.450587+00:00
2026-06-01 03:30:00+00:00,XRP-USD,15m,1.3315000534057617,1.333400011062622,1.3286999464035034,1.3308000564575195,5944960,5944960,yfinance,2026-07-10T06:58:05.450587+00:00
2026-06-01 03:45:00+00:00,XRP-USD,15m,1.330899953842163,1.3313000202178955,1.3279000520706177,1.3289999961853027,5503872,5503872,yfinance,2026-07-10T06:58:05.450587+00:00
2026-06-01 04:00:00+00:00,XRP-USD,15m,1.3289999961853027,1.3312000036239624,1.3246999979019165,1.325600028038025,7254528,7254528,yfinance,2026-07-10T06:58:05.450587+00:00
2026-06-01 04:15:00+00:00,XRP-USD,15m,1.325600028038025,1.3260999917984009,1.3193999528884888,1.319700002670288,11339904,11339904,yfinance,2026-07-10T06:58:05.450587+00:00
2026-06-01 04:30:00+00:00,XRP-USD,15m,1.319700002670288,1.32260000705719,1.319700002670288,1.3224999904632568,8056448,8056448,yfinance,2026-07-10T06:58:05.450587+00:00
2026-06-01 04:45:00+00:00,XRP-USD,15m,1.3222999572753906,1.3222999572753906,1.3157999515533447,1.3205000162124634,16029056,16029056,yfinance,2026-07-10T06:58:05.450587+00:00
2026-06-01 05:00:00+00:00,XRP-USD,15m,1.3203999996185303,1.3212000131607056,1.3172999620437622,1.3188999891281128,7423360,7423360,yfinance,2026-07-10T06:58:05.450587+00:00
2026-06-01 05:15:00+00:00,XRP-USD,15m,1.319000005722046,1.3207999467849731,1.3151999711990356,1.3154000043869019,7610752,7610752,yfinance,2026-07-10T06:58:05.450587+00:00
2026-06-01 05:30:00+00:00,XRP-USD,15m,1.3157000541687012,1.319000005722046,1.3142000436782837,1.319000005722046,12998400,12998400,yfinance,2026-07-10T06:58:05.450587+00:00
2026-06-01 05:45:00+00:00,XRP-USD,15m,1.3187999725341797,1.3187999725341797,1.3144999742507935,1.3148000240325928,9568640,9568640,yfinance,2026-07-10T06:58:05.450587+00:00
2026-06-01 06:00:00+00:00,XRP-USD,15m,1.315000057220459,1.3154000043869019,1.3107999563217163,1.312600016593933,13456512,13456512,yfinance,2026-07-10T06:58:05.450587+00:00
2026-06-01 06:15:00+00:00,XRP-USD,15m,1.3127000331878662,1.3140000104904175,1.3109999895095825,1.311400055885315,15141248,15141248,yfinance,2026-07-10T06:58:05.450587+00:00
2026-06-01 06:30:00+00:00,XRP-USD,15m,1.3111000061035156,1.313099980354309,1.3080999851226807,1.3087999820709229,14809600,14809600,yfinance,2026-07-10T06:58:05.450587+00:00
2026-06-01 06:45:00+00:00,XRP-USD,15m,1.3085999488830566,1.3141000270843506,1.30840003490448,1.3121999502182007,27185024,27185024,yfinance,2026-07-10T06:58:05.450587+00:00
2026-06-01 07:00:00+00:00,XRP-USD,15m,1.311900019645691,1.3127000331878662,1.3095999956130981,1.3107000589370728,4326400,4326400,yfinance,2026-07-10T06:58:05.450587+00:00
2026-06-01 07:15:00+00:00,XRP-USD,15m,1.3106000423431396,1.3108999729156494,1.3065999746322632,1.3065999746322632,7447424,7447424,yfinance,2026-07-10T06:58:05.450587+00:00
2026-06-01 07:30:00+00:00,XRP-USD,15m,1.3055000305175781,1.3070000410079956,1.3047000169754028,1.305999994277954,12593920,12593920,yfinance,2026-07-10T06:58:05.450587+00:00
2026-06-01 07:45:00+00:00,XRP-USD,15m,1.3062000274658203,1.3076000213623047,1.3014999628067017,1.3016999959945679,14072448,14072448,yfinance,2026-07-10T06:58:05.450587+00:00
2026-06-01 08:00:00+00:00,XRP-USD,15m,1.3020000457763672,1.305899977684021,1.3011000156402588,1.3040000200271606,10694400,10694400,yfinance,2026-07-10T06:58:05.450587+00:00
2026-06-01 08:15:00+00:00,XRP-USD,15m,1.3039000034332275,1.3046000003814697,1.29830002784729,1.2997000217437744,9366400,9366400,yfinance,2026-07-10T06:58:05.450587+00:00
2026-06-01 08:30:00+00:00,XRP-USD,15m,1.3003000020980835,1.302299976348877,1.2970999479293823,1.299399971961975,25814784,25814784,yfinance,2026-07-10T06:58:05.450587+00:00
2026-06-01 08:45:00+00:00,XRP-USD,15m,1.2994999885559082,1.301300048828125,1.2979999780654907,1.301300048828125,15198208,15198208,yfinance,2026-07-10T06:58:05.450587+00:00
2026-06-01 09:00:00+00:00,XRP-USD,15m,1.3013999462127686,1.305400013923645,1.3013999462127686,1.3047000169754028,12378112,12378112,yfinance,2026-07-10T06:58:05.450587+00:00
2026-06-01 09:15:00+00:00,XRP-USD,15m,1.304800033569336,1.3080999851226807,1.3042000532150269,1.3043999671936035,6735872,6735872,yfinance,2026-07-10T06:58:05.450587+00:00
2026-06-01 09:30:00+00:00,XRP-USD,15m,1.3042999505996704,1.3055000305175781,1.3032000064849854,1.3040000200271606,2119552,2119552,yfinance,2026-07-10T06:58:05.450587+00:00
2026-06-01 09:45:00+00:00,XRP-USD,15m,1.3044999837875366,1.3066999912261963,1.3026000261306763,1.3028000593185425,14536576,14536576,yfinance,2026-07-10T06:58:05.450587+00:00
2026-06-01 10:00:00+00:00,XRP-USD,15m,1.3032000064849854,1.3037999868392944,1.3011000156402588,1.3020999431610107,10389888,10389888,yfinance,2026-07-10T06:58:05.450587+00:00
2026-06-01 10:15:00+00:00,XRP-USD,15m,1.301800012588501,1.3030999898910522,1.3000999689102173,1.3007999658584595,3633536,3633536,yfinance,2026-07-10T06:58:05.450587+00:00
2026-06-01 10:30:00+00:00,XRP-USD,15m,1.3009999990463257,1.3036999702453613,1.2999999523162842,1.302299976348877,4698496,4698496,yfinance,2026-07-10T06:58:05.450587+00:00
2026-06-01 10:45:00+00:00,XRP-USD,15m,1.3028000593185425,1.305799961090088,1.3028000593185425,1.3041000366210938,8135808,8135808,yfinance,2026-07-10T06:58:05.450587+00:00
2026-06-01 11:00:00+00:00,XRP-USD,15m,1.3047000169754028,1.3061000108718872,1.3034000396728516,1.3037999868392944,5267840,5267840,yfinance,2026-07-10T06:58:05.450587+00:00
2026-06-01 11:15:00+00:00,XRP-USD,15m,1.3037999868392944,1.305899977684021,1.3036999702453613,1.3037999868392944,4952192,4952192,yfinance,2026-07-10T06:58:05.450587+00:00
2026-06-01 11:30:00+00:00,XRP-USD,15m,1.3037999868392944,1.3061000108718872,1.3033000230789185,1.304900050163269,2994432,2994432,yfinance,2026-07-10T06:58:05.450587+00:00
2026-06-01 11:45:00+00:00,XRP-USD,15m,1.3049999475479126,1.305299997329712,1.3003000020980835,1.3020999431610107,6924544,6924544,yfinance,2026-07-10T06:58:05.450587+00:00
2026-06-01 12:00:00+00:00,XRP-USD,15m,1.3035999536514282,1.3042999505996704,1.2950999736785889,1.298799991607666,9125760,9125760,yfinance,2026-07-10T06:58:05.450587+00:00
2026-06-01 12:15:00+00:00,XRP-USD,15m,1.299399971961975,1.304900050163269,1.2989000082015991,1.3042000532150269,26243072,26243072,yfinance,2026-07-10T06:58:05.450587+00:00
2026-06-01 12:30:00+00:00,XRP-USD,15m,1.3041000366210938,1.3042999505996704,1.3006999492645264,1.3042999505996704,11693568,11693568,yfinance,2026-07-10T06:58:05.450587+00:00
2026-06-01 12:45:00+00:00,XRP-USD,15m,1.3047000169754028,1.3049999475479126,1.2999999523162842,1.3011000156402588,10370560,10370560,yfinance,2026-07-10T06:58:05.450587+00:00
2026-06-01 13:00:00+00:00,XRP-USD,15m,1.3009999990463257,1.3009999990463257,1.2934000492095947,1.2948999404907227,8743552,8743552,yfinance,2026-07-10T06:58:05.450587+00:00
2026-06-01 13:15:00+00:00,XRP-USD,15m,1.295300006866455,1.2998000383377075,1.2936999797821045,1.2954000234603882,35642624,35642624,yfinance,2026-07-10T06:58:05.450587+00:00
2026-06-01 13:30:00+00:00,XRP-USD,15m,1.2967000007629395,1.298799991607666,1.2918000221252441,1.2918000221252441,24188416,24188416,yfinance,2026-07-10T06:58:05.450587+00:00
2026-06-01 13:45:00+00:00,XRP-USD,15m,1.2926000356674194,1.2954000234603882,1.285599946975708,1.2884000539779663,33925632,33925632,yfinance,2026-07-10T06:58:05.450587+00:00
2026-06-01 14:00:00+00:00,XRP-USD,15m,1.2889000177383423,1.2906999588012695,1.2828999757766724,1.2848999500274658,64076160,64076160,yfinance,2026-07-10T06:58:05.450587+00:00
2026-06-01 14:15:00+00:00,XRP-USD,15m,1.28410005569458,1.2861000299453735,1.2812000513076782,1.2812000513076782,6310016,6310016,yfinance,2026-07-10T06:58:05.450587+00:00
2026-06-01 14:30:00+00:00,XRP-USD,15m,1.281599998474121,1.2848999500274658,1.2796000242233276,1.2829999923706055,21604608,21604608,yfinance,2026-07-10T06:58:05.450587+00:00
2026-06-01 14:45:00+00:00,XRP-USD,15m,1.2828999757766724,1.2853000164031982,1.281499981880188,1.2834999561309814,10229888,10229888,yfinance,2026-07-10T06:58:05.450587+00:00
2026-06-01 15:00:00+00:00,XRP-USD,15m,1.284000039100647,1.285099983215332,1.281999945640564,1.2833000421524048,20141312,20141312,yfinance,2026-07-10T06:58:05.450587+00:00
2026-06-01 15:15:00+00:00,XRP-USD,15m,1.283400058746338,1.2835999727249146,1.277899980545044,1.279099941253662,31482624,31482624,yfinance,2026-07-10T06:58:05.450587+00:00
2026-06-01 15:30:00+00:00,XRP-USD,15m,1.2789000272750854,1.2883000373840332,1.2789000272750854,1.2843999862670898,37812480,37812480,yfinance,2026-07-10T06:58:05.450587+00:00
2026-06-01 15:45:00+00:00,XRP-USD,15m,1.284600019454956,1.285599946975708,1.2793999910354614,1.2800999879837036,21250176,21250176,yfinance,2026-07-10T06:58:05.450587+00:00
2026-06-01 16:00:00+00:00,XRP-USD,15m,1.2803000211715698,1.283400058746338,1.2776000499725342,1.2812999486923218,17348480,17348480,yfinance,2026-07-10T06:58:05.450587+00:00
2026-06-01 16:15:00+00:00,XRP-USD,15m,1.2811000347137451,1.284600019454956,1.280500054359436,1.284600019454956,10855040,10855040,yfinance,2026-07-10T06:58:05.450587+00:00
2026-06-01 16:30:00+00:00,XRP-USD,15m,1.2847000360488892,1.2877999544143677,1.2838000059127808,1.2872999906539917,0,0,yfinance,2026-07-10T06:58:05.450587+00:00
2026-06-01 16:45:00+00:00,XRP-USD,15m,1.2877000570297241,1.292099952697754,1.2877000570297241,1.292099952697754,14610688,14610688,yfinance,2026-07-10T06:58:05.450587+00:00
2026-06-01 17:00:00+00:00,XRP-USD,15m,1.292099952697754,1.2972999811172485,1.291700005531311,1.2958999872207642,23623424,23623424,yfinance,2026-07-10T06:58:05.450587+00:00
2026-06-01 17:15:00+00:00,XRP-USD,15m,1.2965999841690063,1.3006000518798828,1.2928999662399292,1.3006000518798828,10625280,10625280,yfinance,2026-07-10T06:58:05.450587+00:00
2026-06-01 17:30:00+00:00,XRP-USD,15m,1.3016999959945679,1.3025000095367432,1.298699975013733,1.301800012588501,19495808,19495808,yfinance,2026-07-10T06:58:05.450587+00:00
2026-06-01 17:45:00+00:00,XRP-USD,15m,1.3026000261306763,1.3026000261306763,1.2984999418258667,1.2989000082015991,22788352,22788352,yfinance,2026-07-10T06:58:05.450587+00:00
2026-06-01 18:00:00+00:00,XRP-USD,15m,1.2984999418258667,1.2998000383377075,1.2944999933242798,1.294600009918213,6620416,6620416,yfinance,2026-07-10T06:58:05.450587+00:00
2026-06-01 18:15:00+00:00,XRP-USD,15m,1.294600009918213,1.2977999448776245,1.2934000492095947,1.2977999448776245,7618688,7618688,yfinance,2026-07-10T06:58:05.450587+00:00
2026-06-01 18:30:00+00:00,XRP-USD,15m,1.2979999780654907,1.301200032234192,1.2965999841690063,1.2965999841690063,4061184,4061184,yfinance,2026-07-10T06:58:05.450587+00:00
2026-06-01 18:45:00+00:00,XRP-USD,15m,1.2964999675750732,1.2970000505447388,1.294100046157837,1.294700026512146,8407168,8407168,yfinance,2026-07-10T06:58:05.450587+00:00
2026-06-01 19:00:00+00:00,XRP-USD,15m,1.2948999404907227,1.2948999404907227,1.2926000356674194,1.2943999767303467,2665984,2665984,yfinance,2026-07-10T06:58:05.450587+00:00
2026-06-01 19:15:00+00:00,XRP-USD,15m,1.294600009918213,1.2977999448776245,1.2930999994277954,1.297700047492981,6158848,6158848,yfinance,2026-07-10T06:58:05.450587+00:00
2026-06-01 19:30:00+00:00,XRP-USD,15m,1.2977999448776245,1.2997000217437744,1.2967000007629395,1.2992000579833984,4861952,4861952,yfinance,2026-07-10T06:58:05.450587+00:00
2026-06-01 19:45:00+00:00,XRP-USD,15m,1.2991000413894653,1.2991000413894653,1.2970999479293823,1.2980999946594238,7651584,7651584,yfinance,2026-07-10T06:58:05.450587+00:00
2026-06-01 20:00:00+00:00,XRP-USD,15m,1.2984999418258667,1.2985999584197998,1.2944999933242798,1.2961000204086304,72704,72704,yfinance,2026-07-10T06:58:05.450587+00:00
2026-06-01 20:15:00+00:00,XRP-USD,15m,1.2960000038146973,1.2975000143051147,1.2941999435424805,1.295199990272522,3656448,3656448,yfinance,2026-07-10T06:58:05.450587+00:00
2026-06-01 20:30:00+00:00,XRP-USD,15m,1.295300006866455,1.298799991607666,1.2941999435424805,1.2980999946594238,10948608,10948608,yfinance,2026-07-10T06:58:05.450587+00:00
2026-06-01 20:45:00+00:00,XRP-USD,15m,1.2984000444412231,1.299399971961975,1.2956000566482544,1.2972999811172485,6024960,6024960,yfinance,2026-07-10T06:58:05.450587+00:00
2026-06-01 21:00:00+00:00,XRP-USD,15m,1.2971999645233154,1.2972999811172485,1.291599988937378,1.2936999797821045,3874816,3874816,yfinance,2026-07-10T06:58:05.450587+00:00
2026-06-01 21:15:00+00:00,XRP-USD,15m,1.2936999797821045,1.2937999963760376,1.2894999980926514,1.2920000553131104,8076288,8076288,yfinance,2026-07-10T06:58:05.450587+00:00
2026-06-01 21:30:00+00:00,XRP-USD,15m,1.2922999858856201,1.2926000356674194,1.2900999784469604,1.2904000282287598,9693440,9693440,yfinance,2026-07-10T06:58:05.450587+00:00
2026-06-01 21:45:00+00:00,XRP-USD,15m,1.2905000448226929,1.292199969291687,1.2896000146865845,1.2901999950408936,4139264,4139264,yfinance,2026-07-10T06:58:05.450587+00:00
2026-06-01 22:00:00+00:00,XRP-USD,15m,1.2894999980926514,1.2894999980926514,1.2851999998092651,1.2878999710083008,6561536,6561536,yfinance,2026-07-10T06:58:05.450587+00:00
2026-06-01 22:15:00+00:00,XRP-USD,15m,1.2879999876022339,1.2942999601364136,1.287600040435791,1.2934000492095947,6844672,6844672,yfinance,2026-07-10T06:58:05.450587+00:00
2026-06-01 22:30:00+00:00,XRP-USD,15m,1.2934000492095947,1.2937999963760376,1.2878999710083008,1.2906999588012695,6330368,6330368,yfinance,2026-07-10T06:58:05.450587+00:00
2026-06-01 22:45:00+00:00,XRP-USD,15m,1.291100025177002,1.2994999885559082,1.291100025177002,1.298699975013733,18519296,18519296,yfinance,2026-07-10T06:58:05.450587+00:00
2026-06-01 23:00:00+00:00,XRP-USD,15m,1.299399971961975,1.299399971961975,1.2962000370025635,1.2970999479293823,0,0,yfinance,2026-07-10T06:58:05.450587+00:00
2026-06-01 23:15:00+00:00,XRP-USD,15m,1.2970000505447388,1.2990000247955322,1.2929999828338623,1.2932000160217285,6375680,6375680,yfinance,2026-07-10T06:58:05.450587+00:00
2026-06-01 23:30:00+00:00,XRP-USD,15m,1.2928999662399292,1.2976000308990479,1.291200041770935,1.2965999841690063,4054272,4054272,yfinance,2026-07-10T06:58:05.450587+00:00
2026-06-01 23:45:00+00:00,XRP-USD,15m,1.2964999675750732,1.2970000505447388,1.2939000129699707,1.2955000400543213,1130496,1130496,yfinance,2026-07-10T06:58:05.450587+00:00
2026-06-02 00:00:00+00:00,XRP-USD,15m,1.2950999736785889,1.2950999736785889,1.2919000387191772,1.2920000553131104,0,0,yfinance,2026-07-10T06:58:05.450587+00:00
2026-06-02 00:15:00+00:00,XRP-USD,15m,1.2919000387191772,1.2927000522613525,1.2864999771118164,1.288100004196167,5208320,5208320,yfinance,2026-07-10T06:58:05.450587+00:00
2026-06-02 00:30:00+00:00,XRP-USD,15m,1.288699984550476,1.2918000221252441,1.2877999544143677,1.2897000312805176,0,0,yfinance,2026-07-10T06:58:05.450587+00:00
2026-06-02 00:45:00+00:00,XRP-USD,15m,1.2897000312805176,1.2897000312805176,1.2869000434875488,1.2871999740600586,0,0,yfinance,2026-07-10T06:58:05.450587+00:00
2026-06-02 01:00:00+00:00,XRP-USD,15m,1.287500023841858,1.2890000343322754,1.283400058746338,1.287500023841858,0,0,yfinance,2026-07-10T06:58:05.450587+00:00
2026-06-02 01:15:00+00:00,XRP-USD,15m,1.2877999544143677,1.2884999513626099,1.2831000089645386,1.2831000089645386,9569280,9569280,yfinance,2026-07-10T06:58:05.450587+00:00
2026-06-02 01:30:00+00:00,XRP-USD,15m,1.283400058746338,1.284600019454956,1.2781000137329102,1.2828999757766724,17829888,17829888,yfinance,2026-07-10T06:58:05.450587+00:00
2026-06-02 01:45:00+00:00,XRP-USD,15m,1.2829999923706055,1.2832000255584717,1.2777999639511108,1.2777999639511108,6763520,6763520,yfinance,2026-07-10T06:58:05.450587+00:00
2026-06-02 02:00:00+00:00,XRP-USD,15m,1.2785999774932861,1.2803000211715698,1.267799973487854,1.2734999656677246,25201664,25201664,yfinance,2026-07-10T06:58:05.450587+00:00
2026-06-02 02:15:00+00:00,XRP-USD,15m,1.273800015449524,1.2833000421524048,1.2717000246047974,1.2821999788284302,19283968,19283968,yfinance,2026-07-10T06:58:05.450587+00:00
2026-06-02 02:30:00+00:00,XRP-USD,15m,1.2819000482559204,1.2829999923706055,1.2760000228881836,1.2761000394821167,20523776,20523776,yfinance,2026-07-10T06:58:05.450587+00:00
2026-06-02 02:45:00+00:00,XRP-USD,15m,1.2759000062942505,1.2828999757766724,1.2753000259399414,1.2828999757766724,7148800,7148800,yfinance,2026-07-10T06:58:05.450587+00:00
2026-06-02 03:00:00+00:00,XRP-USD,15m,1.2826999425888062,1.2861000299453735,1.280400037765503,1.283400058746338,10612224,10612224,yfinance,2026-07-10T06:58:05.450587+00:00
2026-06-02 03:15:00+00:00,XRP-USD,15m,1.2834999561309814,1.2851999998092651,1.2803000211715698,1.2835999727249146,7282944,7282944,yfinance,2026-07-10T06:58:05.450587+00:00
2026-06-02 03:30:00+00:00,XRP-USD,15m,1.2836999893188477,1.285099983215332,1.281999945640564,1.2848999500274658,2940160,2940160,yfinance,2026-07-10T06:58:05.450587+00:00
2026-06-02 03:45:00+00:00,XRP-USD,15m,1.2851999998092651,1.2870999574661255,1.2833000421524048,1.2862999439239502,2893824,2893824,yfinance,2026-07-10T06:58:05.450587+00:00
2026-06-02 04:00:00+00:00,XRP-USD,15m,1.2867000102996826,1.2878999710083008,1.279099941253662,1.280500054359436,616704,616704,yfinance,2026-07-10T06:58:05.450587+00:00
2026-06-02 04:15:00+00:00,XRP-USD,15m,1.2806999683380127,1.2856999635696411,1.2806999683380127,1.2856999635696411,1899264,1899264,yfinance,2026-07-10T06:58:05.450587+00:00
2026-06-02 04:30:00+00:00,XRP-USD,15m,1.285599946975708,1.2874000072479248,1.2838000059127808,1.2843999862670898,4691968,4691968,yfinance,2026-07-10T06:58:05.450587+00:00
2026-06-02 04:45:00+00:00,XRP-USD,15m,1.2841999530792236,1.2841999530792236,1.2782000303268433,1.27839994430542,3736320,3736320,yfinance,2026-07-10T06:58:05.450587+00:00
2026-06-02 05:00:00+00:00,XRP-USD,15m,1.2782000303268433,1.2791999578475952,1.271399974822998,1.2742999792099,6807040,6807040,yfinance,2026-07-10T06:58:05.450587+00:00
2026-06-02 05:15:00+00:00,XRP-USD,15m,1.2742999792099,1.2742999792099,1.2690000534057617,1.2692999839782715,10057216,10057216,yfinance,2026-07-10T06:58:05.450587+00:00
2026-06-02 05:30:00+00:00,XRP-USD,15m,1.2692999839782715,1.2724000215530396,1.266800045967102,1.2704999446868896,3224064,3224064,yfinance,2026-07-10T06:58:05.450587+00:00
2026-06-02 05:45:00+00:00,XRP-USD,15m,1.2704999446868896,1.2705999612808228,1.2655999660491943,1.2656999826431274,14465280,14465280,yfinance,2026-07-10T06:58:05.450587+00:00
2026-06-02 06:00:00+00:00,XRP-USD,15m,1.2656999826431274,1.2687000036239624,1.2649999856948853,1.2664999961853027,1796864,1796864,yfinance,2026-07-10T06:58:05.450587+00:00
2026-06-02 06:15:00+00:00,XRP-USD,15m,1.2663999795913696,1.2691999673843384,1.2644000053405762,1.268399953842163,2077440,2077440,yfinance,2026-07-10T06:58:05.450587+00:00
2026-06-02 06:30:00+00:00,XRP-USD,15m,1.268399953842163,1.270300030708313,1.2681000232696533,1.2681000232696533,4030720,4030720,yfinance,2026-07-10T06:58:05.450587+00:00
2026-06-02 06:45:00+00:00,XRP-USD,15m,1.2685999870300293,1.2698999643325806,1.2615000009536743,1.263800024986267,8546048,8546048,yfinance,2026-07-10T06:58:05.450587+00:00
2026-06-02 07:00:00+00:00,XRP-USD,15m,1.2646000385284424,1.2666000127792358,1.257699966430664,1.2657999992370605,33057280,33057280,yfinance,2026-07-10T06:58:05.450587+00:00
2026-06-02 07:15:00+00:00,XRP-USD,15m,1.2662999629974365,1.269700050354004,1.2627999782562256,1.2646000385284424,4531200,4531200,yfinance,2026-07-10T06:58:05.450587+00:00
2026-06-02 07:30:00+00:00,XRP-USD,15m,1.2647000551223755,1.2700999975204468,1.2639000415802002,1.267899990081787,5794048,5794048,yfinance,2026-07-10T06:58:05.450587+00:00
2026-06-02 07:45:00+00:00,XRP-USD,15m,1.267300009727478,1.2680000066757202,1.2654000520706177,1.2662999629974365,812800,812800,yfinance,2026-07-10T06:58:05.450587+00:00
2026-06-02 08:00:00+00:00,XRP-USD,15m,1.2666000127792358,1.2675000429153442,1.2630000114440918,1.266700029373169,1112320,1112320,yfinance,2026-07-10T06:58:05.450587+00:00
2026-06-02 08:15:00+00:00,XRP-USD,15m,1.2660000324249268,1.2670999765396118,1.263100028038025,1.2654000520706177,1770496,1770496,yfinance,2026-07-10T06:58:05.450587+00:00
2026-06-02 08:30:00+00:00,XRP-USD,15m,1.2654999494552612,1.2657999992370605,1.2615000009536743,1.2615000009536743,2463488,2463488,yfinance,2026-07-10T06:58:05.450587+00:00
2026-06-02 08:45:00+00:00,XRP-USD,15m,1.2617000341415405,1.2633999586105347,1.2604999542236328,1.2626999616622925,5216768,5216768,yfinance,2026-07-10T06:58:05.450587+00:00
2026-06-02 09:00:00+00:00,XRP-USD,15m,1.263200044631958,1.2633999586105347,1.2575000524520874,1.2578999996185303,2900992,2900992,yfinance,2026-07-10T06:58:05.450587+00:00
2026-06-02 09:15:00+00:00,XRP-USD,15m,1.2578999996185303,1.26010000705719,1.2554999589920044,1.257200002670288,22891264,22891264,yfinance,2026-07-10T06:58:05.450587+00:00
2026-06-02 09:30:00+00:00,XRP-USD,15m,1.2575000524520874,1.26010000705719,1.256500005722046,1.259600043296814,9549056,9549056,yfinance,2026-07-10T06:58:05.450587+00:00
2026-06-02 09:45:00+00:00,XRP-USD,15m,1.259600043296814,1.260599970817566,1.257099986076355,1.2577999830245972,2945280,2945280,yfinance,2026-07-10T06:58:05.450587+00:00
2026-06-02 10:00:00+00:00,XRP-USD,15m,1.2580000162124634,1.2630000114440918,1.2558000087738037,1.2625000476837158,642560,642560,yfinance,2026-07-10T06:58:05.450587+00:00
2026-06-02 10:15:00+00:00,XRP-USD,15m,1.2624000310897827,1.263200044631958,1.2616000175476074,1.2628999948501587,10546944,10546944,yfinance,2026-07-10T06:58:05.450587+00:00
2026-06-02 10:30:00+00:00,XRP-USD,15m,1.263200044631958,1.2634999752044678,1.2603000402450562,1.2615000009536743,1558784,1558784,yfinance,2026-07-10T06:58:05.450587+00:00
2026-06-02 10:45:00+00:00,XRP-USD,15m,1.2615000009536743,1.2661000490188599,1.2613999843597412,1.2654999494552612,2166528,2166528,yfinance,2026-07-10T06:58:05.450587+00:00
2026-06-02 11:00:00+00:00,XRP-USD,15m,1.2651000022888184,1.2652000188827515,1.2618999481201172,1.2624000310897827,0,0,yfinance,2026-07-10T06:58:05.450587+00:00
2026-06-02 11:15:00+00:00,XRP-USD,15m,1.2620999813079834,1.2623000144958496,1.2590999603271484,1.2599999904632568,12930560,12930560,yfinance,2026-07-10T06:58:05.450587+00:00
2026-06-02 11:30:00+00:00,XRP-USD,15m,1.260200023651123,1.2603000402450562,1.257699966430664,1.2582999467849731,8669952,8669952,yfinance,2026-07-10T06:58:05.450587+00:00
2026-06-02 11:45:00+00:00,XRP-USD,15m,1.2584999799728394,1.2628999948501587,1.2581000328063965,1.2594000101089478,1782784,1782784,yfinance,2026-07-10T06:58:05.450587+00:00
2026-06-02 12:00:00+00:00,XRP-USD,15m,1.2594000101089478,1.2617000341415405,1.2577999830245972,1.2590999603271484,0,0,yfinance,2026-07-10T06:58:05.450587+00:00
2026-06-02 12:15:00+00:00,XRP-USD,15m,1.2589000463485718,1.2610000371932983,1.2574000358581543,1.2604999542236328,821248,821248,yfinance,2026-07-10T06:58:05.450587+00:00
2026-06-02 12:30:00+00:00,XRP-USD,15m,1.260200023651123,1.2640000581741333,1.2584999799728394,1.2639000415802002,319232,319232,yfinance,2026-07-10T06:58:05.450587+00:00
2026-06-02 12:45:00+00:00,XRP-USD,15m,1.2640000581741333,1.26419997215271,1.2618000507354736,1.2621999979019165,7191296,7191296,yfinance,2026-07-10T06:58:05.450587+00:00
2026-06-02 13:00:00+00:00,XRP-USD,15m,1.2620999813079834,1.2646000385284424,1.2618000507354736,1.2621999979019165,6207744,6207744,yfinance,2026-07-10T06:58:05.450587+00:00
2026-06-02 13:15:00+00:00,XRP-USD,15m,1.2625999450683594,1.266800045967102,1.2625999450683594,1.2640000581741333,445952,445952,yfinance,2026-07-10T06:58:05.450587+00:00
2026-06-02 13:30:00+00:00,XRP-USD,15m,1.2640000581741333,1.2648999691009521,1.2595000267028809,1.2609000205993652,1116160,1116160,yfinance,2026-07-10T06:58:05.450587+00:00
2026-06-02 13:45:00+00:00,XRP-USD,15m,1.2616000175476074,1.2628999948501587,1.2577999830245972,1.2594000101089478,0,0,yfinance,2026-07-10T06:58:05.450587+00:00
2026-06-02 14:00:00+00:00,XRP-USD,15m,1.2582999467849731,1.2590999603271484,1.2497999668121338,1.2561999559402466,4049792,4049792,yfinance,2026-07-10T06:58:05.450587+00:00
2026-06-02 14:15:00+00:00,XRP-USD,15m,1.25600004196167,1.25600004196167,1.226099967956543,1.2309999465942383,45447936,45447936,yfinance,2026-07-10T06:58:05.450587+00:00
2026-06-02 14:30:00+00:00,XRP-USD,15m,1.2303999662399292,1.243299961090088,1.2301000356674194,1.2345999479293823,115494016,115494016,yfinance,2026-07-10T06:58:05.450587+00:00
2026-06-02 14:45:00+00:00,XRP-USD,15m,1.2345999479293823,1.240399956703186,1.2301000356674194,1.2329000234603882,29713920,29713920,yfinance,2026-07-10T06:58:05.450587+00:00
2026-06-02 15:00:00+00:00,XRP-USD,15m,1.2336000204086304,1.2346999645233154,1.2273000478744507,1.229599952697754,31063296,31063296,yfinance,2026-07-10T06:58:05.450587+00:00
2026-06-02 15:15:00+00:00,XRP-USD,15m,1.229099988937378,1.231600046157837,1.2223000526428223,1.2249000072479248,19988992,19988992,yfinance,2026-07-10T06:58:05.450587+00:00
2026-06-02 15:30:00+00:00,XRP-USD,15m,1.2240999937057495,1.2257000207901,1.2158000469207764,1.2235000133514404,80505088,80505088,yfinance,2026-07-10T06:58:05.450587+00:00
2026-06-02 15:45:00+00:00,XRP-USD,15m,1.2238999605178833,1.226199984550476,1.215000033378601,1.2201999425888062,43110912,43110912,yfinance,2026-07-10T06:58:05.450587+00:00
2026-06-02 16:00:00+00:00,XRP-USD,15m,1.219599962234497,1.2355999946594238,1.2178000211715698,1.2355999946594238,28421888,28421888,yfinance,2026-07-10T06:58:05.450587+00:00
2026-06-02 16:15:00+00:00,XRP-USD,15m,1.236299991607666,1.2409000396728516,1.232699990272522,1.236899971961975,43112704,43112704,yfinance,2026-07-10T06:58:05.450587+00:00
2026-06-02 16:30:00+00:00,XRP-USD,15m,1.2364000082015991,1.2373000383377075,1.2329000234603882,1.2354999780654907,14183168,14183168,yfinance,2026-07-10T06:58:05.450587+00:00
2026-06-02 16:45:00+00:00,XRP-USD,15m,1.235700011253357,1.23989999294281,1.2301000356674194,1.2304999828338623,3351040,3351040,yfinance,2026-07-10T06:58:05.450587+00:00
2026-06-02 17:00:00+00:00,XRP-USD,15m,1.2304999828338623,1.236299991607666,1.2297999858856201,1.236299991607666,2468096,2468096,yfinance,2026-07-10T06:58:05.450587+00:00
2026-06-02 17:15:00+00:00,XRP-USD,15m,1.23580002784729,1.2396999597549438,1.2343000173568726,1.238800048828125,8247552,8247552,yfinance,2026-07-10T06:58:05.450587+00:00
2026-06-02 17:30:00+00:00,XRP-USD,15m,1.2384999990463257,1.2417999505996704,1.2364000082015991,1.2369999885559082,4808448,4808448,yfinance,2026-07-10T06:58:05.450587+00:00
2026-06-02 17:45:00+00:00,XRP-USD,15m,1.2372000217437744,1.2372000217437744,1.2336000204086304,1.2343000173568726,742656,742656,yfinance,2026-07-10T06:58:05.450587+00:00
2026-06-02 18:00:00+00:00,XRP-USD,15m,1.2345000505447388,1.2381000518798828,1.2309999465942383,1.2314000129699707,4619008,4619008,yfinance,2026-07-10T06:58:05.450587+00:00
2026-06-02 18:15:00+00:00,XRP-USD,15m,1.2315000295639038,1.232699990272522,1.2223000526428223,1.2223999500274658,16127744,16127744,yfinance,2026-07-10T06:58:05.450587+00:00
2026-06-02 18:30:00+00:00,XRP-USD,15m,1.2229000329971313,1.2238999605178833,1.2201999425888062,1.2210999727249146,15578112,15578112,yfinance,2026-07-10T06:58:05.450587+00:00
2026-06-02 18:45:00+00:00,XRP-USD,15m,1.2211999893188477,1.2223999500274658,1.2167999744415283,1.222000002861023,17483264,17483264,yfinance,2026-07-10T06:58:05.450587+00:00
2026-06-02 19:00:00+00:00,XRP-USD,15m,1.2222000360488892,1.2244999408721924,1.2188999652862549,1.219599962234497,15708928,15708928,yfinance,2026-07-10T06:58:05.450587+00:00
2026-06-02 19:15:00+00:00,XRP-USD,15m,1.2194000482559204,1.2201999425888062,1.2130000591278076,1.214400053024292,12724736,12724736,yfinance,2026-07-10T06:58:05.450587+00:00
2026-06-02 19:30:00+00:00,XRP-USD,15m,1.2146999835968018,1.215499997138977,1.205399990081787,1.2151999473571777,69128192,69128192,yfinance,2026-07-10T06:58:05.450587+00:00
2026-06-02 19:45:00+00:00,XRP-USD,15m,1.2152999639511108,1.228700041770935,1.2151000499725342,1.2194000482559204,43259648,43259648,yfinance,2026-07-10T06:58:05.450587+00:00
2026-06-02 20:00:00+00:00,XRP-USD,15m,1.219599962234497,1.2259000539779663,1.2182999849319458,1.2201999425888062,19940096,19940096,yfinance,2026-07-10T06:58:05.450587+00:00
2026-06-02 20:15:00+00:00,XRP-USD,15m,1.2208000421524048,1.220900058746338,1.211400032043457,1.2132999897003174,16323840,16323840,yfinance,2026-07-10T06:58:05.450587+00:00
2026-06-02 20:30:00+00:00,XRP-USD,15m,1.2134000062942505,1.2188999652862549,1.2134000062942505,1.2152999639511108,17989120,17989120,yfinance,2026-07-10T06:58:05.450587+00:00
2026-06-02 20:45:00+00:00,XRP-USD,15m,1.2152999639511108,1.2230000495910645,1.2152999639511108,1.221500039100647,19055360,19055360,yfinance,2026-07-10T06:58:05.450587+00:00
2026-06-02 21:00:00+00:00,XRP-USD,15m,1.221500039100647,1.226099967956543,1.218400001525879,1.2207000255584717,5104384,5104384,yfinance,2026-07-10T06:58:05.450587+00:00
2026-06-02 21:15:00+00:00,XRP-USD,15m,1.2218999862670898,1.2301000356674194,1.2216999530792236,1.2295000553131104,14347008,14347008,yfinance,2026-07-10T06:58:05.450587+00:00
2026-06-02 21:30:00+00:00,XRP-USD,15m,1.229599952697754,1.2307000160217285,1.226199984550476,1.2273000478744507,12845056,12845056,yfinance,2026-07-10T06:58:05.450587+00:00
2026-06-02 21:45:00+00:00,XRP-USD,15m,1.2274999618530273,1.2280000448226929,1.2238999605178833,1.2249000072479248,3385600,3385600,yfinance,2026-07-10T06:58:05.450587+00:00
2026-06-02 22:00:00+00:00,XRP-USD,15m,1.2244000434875488,1.2244000434875488,1.2163000106811523,1.2173999547958374,8681984,8681984,yfinance,2026-07-10T06:58:05.450587+00:00
2026-06-02 22:15:00+00:00,XRP-USD,15m,1.2178000211715698,1.2235000133514404,1.212499976158142,1.2199000120162964,27767296,27767296,yfinance,2026-07-10T06:58:05.450587+00:00
2026-06-02 22:30:00+00:00,XRP-USD,15m,1.219599962234497,1.2201999425888062,1.212399959564209,1.2141000032424927,11280128,11280128,yfinance,2026-07-10T06:58:05.450587+00:00
2026-06-02 22:45:00+00:00,XRP-USD,15m,1.2143000364303589,1.2143000364303589,1.1948000192642212,1.1993000507354736,60594432,60594432,yfinance,2026-07-10T06:58:05.450587+00:00
2026-06-02 23:00:00+00:00,XRP-USD,15m,1.2000999450683594,1.208799958229065,1.198099970817566,1.2079999446868896,75421696,75421696,yfinance,2026-07-10T06:58:05.450587+00:00
2026-06-02 23:15:00+00:00,XRP-USD,15m,1.2080999612808228,1.208799958229065,1.1962000131607056,1.198699951171875,37368064,37368064,yfinance,2026-07-10T06:58:05.450587+00:00
2026-06-02 23:30:00+00:00,XRP-USD,15m,1.1986000537872314,1.208299994468689,1.197700023651123,1.2080999612808228,42920960,42920960,yfinance,2026-07-10T06:58:05.450587+00:00
2026-06-02 23:45:00+00:00,XRP-USD,15m,1.2062000036239624,1.2109999656677246,1.2062000036239624,1.2101000547409058,28659456,28659456,yfinance,2026-07-10T06:58:05.450587+00:00
2026-06-03 00:00:00+00:00,XRP-USD,15m,1.2106000185012817,1.2196999788284302,1.2102999687194824,1.2194000482559204,19216128,19216128,yfinance,2026-07-10T06:58:05.450587+00:00
2026-06-03 00:15:00+00:00,XRP-USD,15m,1.2194000482559204,1.2237000465393066,1.217900037765503,1.219099998474121,31949312,31949312,yfinance,2026-07-10T06:58:05.450587+00:00
2026-06-03 00:30:00+00:00,XRP-USD,15m,1.219099998474121,1.2238999605178833,1.2178000211715698,1.2237000465393066,16075264,16075264,yfinance,2026-07-10T06:58:05.450587+00:00
2026-06-03 00:45:00+00:00,XRP-USD,15m,1.2235000133514404,1.2239999771118164,1.220900058746338,1.2230000495910645,7445760,7445760,yfinance,2026-07-10T06:58:05.450587+00:00
2026-06-03 01:00:00+00:00,XRP-USD,15m,1.2232999801635742,1.2264000177383423,1.2214000225067139,1.225100040435791,4011776,4011776,yfinance,2026-07-10T06:58:05.450587+00:00
2026-06-03 01:15:00+00:00,XRP-USD,15m,1.2245999574661255,1.2294000387191772,1.2243000268936157,1.2293000221252441,1926400,1926400,yfinance,2026-07-10T06:58:05.450587+00:00
2026-06-03 01:30:00+00:00,XRP-USD,15m,1.2293000221252441,1.2303999662399292,1.2177000045776367,1.2187999486923218,673792,673792,yfinance,2026-07-10T06:58:05.450587+00:00
2026-06-03 01:45:00+00:00,XRP-USD,15m,1.2188999652862549,1.2254999876022339,1.2168999910354614,1.2218999862670898,8654080,8654080,yfinance,2026-07-10T06:58:05.450587+00:00
2026-06-03 02:00:00+00:00,XRP-USD,15m,1.2217999696731567,1.222499966621399,1.2186000347137451,1.2197999954223633,0,0,yfinance,2026-07-10T06:58:05.450587+00:00
2026-06-03 02:15:00+00:00,XRP-USD,15m,1.219599962234497,1.2222000360488892,1.2171000242233276,1.2175999879837036,0,0,yfinance,2026-07-10T06:58:05.450587+00:00
2026-06-03 02:30:00+00:00,XRP-USD,15m,1.2175999879837036,1.2223000526428223,1.21589994430542,1.2192000150680542,3241728,3241728,yfinance,2026-07-10T06:58:05.450587+00:00
2026-06-03 02:45:00+00:00,XRP-USD,15m,1.2197999954223633,1.2203999757766724,1.2167999744415283,1.2188999652862549,411904,411904,yfinance,2026-07-10T06:58:05.450587+00:00
2026-06-03 03:00:00+00:00,XRP-USD,15m,1.2188999652862549,1.2213000059127808,1.2160999774932861,1.2172000408172607,0,0,yfinance,2026-07-10T06:58:05.450587+00:00
2026-06-03 03:15:00+00:00,XRP-USD,15m,1.2177000045776367,1.219099998474121,1.2073999643325806,1.2079999446868896,5850112,5850112,yfinance,2026-07-10T06:58:05.450587+00:00
2026-06-03 03:30:00+00:00,XRP-USD,15m,1.2086000442504883,1.2100000381469727,1.1944999694824219,1.194599986076355,23082752,23082752,yfinance,2026-07-10T06:58:05.450587+00:00
2026-06-03 03:45:00+00:00,XRP-USD,15m,1.1943000555038452,1.1993000507354736,1.1885000467300415,1.1964999437332153,72160512,72160512,yfinance,2026-07-10T06:58:05.450587+00:00
2026-06-03 04:00:00+00:00,XRP-USD,15m,1.1969000101089478,1.2111999988555908,1.1969000101089478,1.2063000202178955,39203328,39203328,yfinance,2026-07-10T06:58:05.450587+00:00
2026-06-03 04:15:00+00:00,XRP-USD,15m,1.2067999839782715,1.215000033378601,1.2060999870300293,1.211400032043457,16675584,16675584,yfinance,2026-07-10T06:58:05.450587+00:00
2026-06-03 04:30:00+00:00,XRP-USD,15m,1.2111999988555908,1.2137000560760498,1.2059999704360962,1.2130000591278076,9605120,9605120,yfinance,2026-07-10T06:58:05.450587+00:00
2026-06-03 04:45:00+00:00,XRP-USD,15m,1.2129000425338745,1.2173000574111938,1.2101999521255493,1.2166999578475952,12197888,12197888,yfinance,2026-07-10T06:58:05.450587+00:00
2026-06-03 05:00:00+00:00,XRP-USD,15m,1.2174999713897705,1.2314000129699707,1.2171000242233276,1.230299949645996,25717248,25717248,yfinance,2026-07-10T06:58:05.450587+00:00
2026-06-03 05:15:00+00:00,XRP-USD,15m,1.2304999828338623,1.2310999631881714,1.2258000373840332,1.2289999723434448,24770560,24770560,yfinance,2026-07-10T06:58:05.450587+00:00
2026-06-03 05:30:00+00:00,XRP-USD,15m,1.2288999557495117,1.2294000387191772,1.2232999801635742,1.2282999753952026,8732416,8732416,yfinance,2026-07-10T06:58:05.450587+00:00
2026-06-03 05:45:00+00:00,XRP-USD,15m,1.2281999588012695,1.233299970626831,1.2279000282287598,1.2308000326156616,8258816,8258816,yfinance,2026-07-10T06:58:05.450587+00:00
2026-06-03 06:00:00+00:00,XRP-USD,15m,1.2309000492095947,1.2335000038146973,1.2301000356674194,1.2329000234603882,1063424,1063424,yfinance,2026-07-10T06:58:05.450587+00:00
2026-06-03 06:15:00+00:00,XRP-USD,15m,1.233199954032898,1.2400000095367432,1.2331000566482544,1.2384999990463257,21123840,21123840,yfinance,2026-07-10T06:58:05.450587+00:00
2026-06-03 06:30:00+00:00,XRP-USD,15m,1.2382999658584595,1.2447999715805054,1.2372000217437744,1.242400050163269,17580288,17580288,yfinance,2026-07-10T06:58:05.450587+00:00
2026-06-03 06:45:00+00:00,XRP-USD,15m,1.2425999641418457,1.2426999807357788,1.236799955368042,1.2369999885559082,3341568,3341568,yfinance,2026-07-10T06:58:05.450587+00:00
2026-06-03 07:00:00+00:00,XRP-USD,15m,1.2376999855041504,1.2426999807357788,1.2360999584197998,1.2424999475479126,0,0,yfinance,2026-07-10T06:58:05.450587+00:00
2026-06-03 07:15:00+00:00,XRP-USD,15m,1.2426999807357788,1.2474000453948975,1.2419999837875366,1.243899941444397,5726464,5726464,yfinance,2026-07-10T06:58:05.450587+00:00
2026-06-03 07:30:00+00:00,XRP-USD,15m,1.2437000274658203,1.2455999851226807,1.2418999671936035,1.24399995803833,0,0,yfinance,2026-07-10T06:58:05.450587+00:00
2026-06-03 07:45:00+00:00,XRP-USD,15m,1.2440999746322632,1.2454999685287476,1.2417000532150269,1.2417000532150269,2163456,2163456,yfinance,2026-07-10T06:58:05.450587+00:00
2026-06-03 08:00:00+00:00,XRP-USD,15m,1.2412999868392944,1.2412999868392944,1.2372000217437744,1.2374999523162842,1555968,1555968,yfinance,2026-07-10T06:58:05.450587+00:00
2026-06-03 08:15:00+00:00,XRP-USD,15m,1.2374000549316406,1.2402000427246094,1.2373000383377075,1.2395000457763672,0,0,yfinance,2026-07-10T06:58:05.450587+00:00
2026-06-03 08:30:00+00:00,XRP-USD,15m,1.239400029182434,1.2424999475479126,1.2381999492645264,1.2402000427246094,3044608,3044608,yfinance,2026-07-10T06:58:05.450587+00:00
2026-06-03 08:45:00+00:00,XRP-USD,15m,1.2403000593185425,1.243499994277954,1.2384999990463257,1.2410999536514282,4384768,4384768,yfinance,2026-07-10T06:58:05.450587+00:00
2026-06-03 09:00:00+00:00,XRP-USD,15m,1.2414000034332275,1.242799997329712,1.2395000457763672,1.23989999294281,37120,37120,yfinance,2026-07-10T06:58:05.450587+00:00
2026-06-03 09:15:00+00:00,XRP-USD,15m,1.239799976348877,1.239799976348877,1.2355999946594238,1.2374000549316406,0,0,yfinance,2026-07-10T06:58:05.450587+00:00
2026-06-03 09:30:00+00:00,XRP-USD,15m,1.2375999689102173,1.238700032234192,1.2345000505447388,1.2347999811172485,754688,754688,yfinance,2026-07-10T06:58:05.450587+00:00
2026-06-03 09:45:00+00:00,XRP-USD,15m,1.2347999811172485,1.2430000305175781,1.233299970626831,1.2365000247955322,28797952,28797952,yfinance,2026-07-10T06:58:05.450587+00:00
2026-06-03 10:00:00+00:00,XRP-USD,15m,1.2365000247955322,1.2426999807357788,1.2359000444412231,1.2389999628067017,11405568,11405568,yfinance,2026-07-10T06:58:05.450587+00:00
2026-06-03 10:15:00+00:00,XRP-USD,15m,1.2390999794006348,1.2410000562667847,1.236799955368042,1.2409000396728516,3325696,3325696,yfinance,2026-07-10T06:58:05.450587+00:00
2026-06-03 10:30:00+00:00,XRP-USD,15m,1.2410000562667847,1.2421000003814697,1.2390999794006348,1.2395999431610107,3343360,3343360,yfinance,2026-07-10T06:58:05.450587+00:00
2026-06-03 10:45:00+00:00,XRP-USD,15m,1.2395000457763672,1.2411999702453613,1.238800048828125,1.2401000261306763,0,0,yfinance,2026-07-10T06:58:05.450587+00:00
2026-06-03 11:00:00+00:00,XRP-USD,15m,1.2400000095367432,1.2430000305175781,1.2400000095367432,1.2430000305175781,1438208,1438208,yfinance,2026-07-10T06:58:05.450587+00:00
2026-06-03 11:15:00+00:00,XRP-USD,15m,1.2426999807357788,1.243299961090088,1.2409000396728516,1.2417999505996704,1544192,1544192,yfinance,2026-07-10T06:58:05.450587+00:00
2026-06-03 11:30:00+00:00,XRP-USD,15m,1.2418999671936035,1.2418999671936035,1.2376999855041504,1.2376999855041504,0,0,yfinance,2026-07-10T06:58:05.450587+00:00
2026-06-03 11:45:00+00:00,XRP-USD,15m,1.2380000352859497,1.2381000518798828,1.2323999404907227,1.2353999614715576,3998720,3998720,yfinance,2026-07-10T06:58:05.450587+00:00
2026-06-03 12:00:00+00:00,XRP-USD,15m,1.2354999780654907,1.2355999946594238,1.2319999933242798,1.2333999872207642,572416,572416,yfinance,2026-07-10T06:58:05.450587+00:00
2026-06-03 12:15:00+00:00,XRP-USD,15m,1.2329000234603882,1.2345000505447388,1.2297999858856201,1.2342000007629395,12985344,12985344,yfinance,2026-07-10T06:58:05.450587+00:00
2026-06-03 12:30:00+00:00,XRP-USD,15m,1.2340999841690063,1.2359999418258667,1.2294000387191772,1.2314000129699707,5447680,5447680,yfinance,2026-07-10T06:58:05.450587+00:00
2026-06-03 12:45:00+00:00,XRP-USD,15m,1.2311999797821045,1.2347999811172485,1.230299949645996,1.2338000535964966,2684416,2684416,yfinance,2026-07-10T06:58:05.450587+00:00
2026-06-03 13:00:00+00:00,XRP-USD,15m,1.2339999675750732,1.2359000444412231,1.2307000160217285,1.2319999933242798,0,0,yfinance,2026-07-10T06:58:05.450587+00:00
2026-06-03 13:15:00+00:00,XRP-USD,15m,1.2317999601364136,1.235200047492981,1.2275999784469604,1.2283999919891357,513024,513024,yfinance,2026-07-10T06:58:05.450587+00:00
2026-06-03 13:30:00+00:00,XRP-USD,15m,1.228600025177002,1.2342000007629395,1.2252999544143677,1.2258000373840332,3063040,3063040,yfinance,2026-07-10T06:58:05.450587+00:00
2026-06-03 13:45:00+00:00,XRP-USD,15m,1.2252000570297241,1.2300000190734863,1.2243000268936157,1.229200005531311,7609088,7609088,yfinance,2026-07-10T06:58:05.450587+00:00
2026-06-03 14:00:00+00:00,XRP-USD,15m,1.229099988937378,1.2309000492095947,1.2259999513626099,1.2309000492095947,0,0,yfinance,2026-07-10T06:58:05.450587+00:00
2026-06-03 14:15:00+00:00,XRP-USD,15m,1.2305999994277954,1.2318999767303467,1.2208000421524048,1.2231999635696411,0,0,yfinance,2026-07-10T06:58:05.450587+00:00
2026-06-03 14:30:00+00:00,XRP-USD,15m,1.2238999605178833,1.231600046157837,1.2207000255584717,1.2269999980926514,0,0,yfinance,2026-07-10T06:58:05.450587+00:00
2026-06-03 14:45:00+00:00,XRP-USD,15m,1.2271000146865845,1.2302000522613525,1.2259999513626099,1.229200005531311,0,0,yfinance,2026-07-10T06:58:05.450587+00:00
2026-06-03 15:00:00+00:00,XRP-USD,15m,1.2288000583648682,1.2299000024795532,1.2249000072479248,1.2249000072479248,0,0,yfinance,2026-07-10T06:58:05.450587+00:00
2026-06-03 15:15:00+00:00,XRP-USD,15m,1.2249000072479248,1.2274999618530273,1.219599962234497,1.2265000343322754,0,0,yfinance,2026-07-10T06:58:05.450587+00:00
2026-06-03 15:30:00+00:00,XRP-USD,15m,1.2259999513626099,1.2276999950408936,1.2202999591827393,1.2226999998092651,0,0,yfinance,2026-07-10T06:58:05.450587+00:00
2026-06-03 15:45:00+00:00,XRP-USD,15m,1.2230000495910645,1.225000023841858,1.2194000482559204,1.2232999801635742,0,0,yfinance,2026-07-10T06:58:05.450587+00:00
2026-06-03 16:00:00+00:00,XRP-USD,15m,1.2240999937057495,1.2265000343322754,1.2186000347137451,1.2197999954223633,0,0,yfinance,2026-07-10T06:58:05.450587+00:00
2026-06-03 16:15:00+00:00,XRP-USD,15m,1.2188999652862549,1.2223000526428223,1.2071000337600708,1.2099000215530396,574720,574720,yfinance,2026-07-10T06:58:05.450587+00:00
2026-06-03 16:30:00+00:00,XRP-USD,15m,1.2096999883651733,1.2167999744415283,1.2089999914169312,1.2166999578475952,12016384,12016384,yfinance,2026-07-10T06:58:05.450587+00:00
2026-06-03 16:45:00+00:00,XRP-USD,15m,1.216599941253662,1.2214000225067139,1.2145999670028687,1.2209999561309814,6657024,6657024,yfinance,2026-07-10T06:58:05.450587+00:00
2026-06-03 17:00:00+00:00,XRP-USD,15m,1.2216999530792236,1.2229000329971313,1.2115000486373901,1.2144999504089355,0,0,yfinance,2026-07-10T06:58:05.450587+00:00
2026-06-03 17:15:00+00:00,XRP-USD,15m,1.2146999835968018,1.2196999788284302,1.214400053024292,1.2187000513076782,2357504,2357504,yfinance,2026-07-10T06:58:05.450587+00:00
2026-06-03 17:30:00+00:00,XRP-USD,15m,1.2188999652862549,1.2271000146865845,1.2180999517440796,1.2244000434875488,2985984,2985984,yfinance,2026-07-10T06:58:05.450587+00:00
2026-06-03 17:45:00+00:00,XRP-USD,15m,1.2243000268936157,1.2243000268936157,1.2181999683380127,1.219599962234497,2853376,2853376,yfinance,2026-07-10T06:58:05.450587+00:00
2026-06-03 18:00:00+00:00,XRP-USD,15m,1.2196999788284302,1.2230000495910645,1.2182999849319458,1.2199000120162964,0,0,yfinance,2026-07-10T06:58:05.450587+00:00
2026-06-03 18:15:00+00:00,XRP-USD,15m,1.219499945640564,1.219499945640564,1.2115000486373901,1.2151000499725342,0,0,yfinance,2026-07-10T06:58:05.450587+00:00
2026-06-03 18:30:00+00:00,XRP-USD,15m,1.215399980545044,1.2186000347137451,1.2122000455856323,1.2161999940872192,0,0,yfinance,2026-07-10T06:58:05.450587+00:00
2026-06-03 18:45:00+00:00,XRP-USD,15m,1.2165000438690186,1.2182999849319458,1.2151000499725342,1.2167999744415283,0,0,yfinance,2026-07-10T06:58:05.450587+00:00
2026-06-03 19:00:00+00:00,XRP-USD,15m,1.2164000272750854,1.217900037765503,1.2152999639511108,1.2167999744415283,0,0,yfinance,2026-07-10T06:58:05.450587+00:00
2026-06-03 19:15:00+00:00,XRP-USD,15m,1.2168999910354614,1.2171000242233276,1.2034000158309937,1.205199956893921,316672,316672,yfinance,2026-07-10T06:58:05.450587+00:00
2026-06-03 19:30:00+00:00,XRP-USD,15m,1.205299973487854,1.2109999656677246,1.2019000053405762,1.2096999883651733,0,0,yfinance,2026-07-10T06:58:05.450587+00:00
2026-06-03 19:45:00+00:00,XRP-USD,15m,1.2095999717712402,1.2116999626159668,1.200600028038025,1.2024999856948853,0,0,yfinance,2026-07-10T06:58:05.450587+00:00
2026-06-03 20:00:00+00:00,XRP-USD,15m,1.2021000385284424,1.2059999704360962,1.197700023651123,1.204699993133545,3998208,3998208,yfinance,2026-07-10T06:58:05.450587+00:00
2026-06-03 20:15:00+00:00,XRP-USD,15m,1.2030999660491943,1.2043999433517456,1.197700023651123,1.2030999660491943,2653184,2653184,yfinance,2026-07-10T06:58:05.450587+00:00
2026-06-03 20:30:00+00:00,XRP-USD,15m,1.2029999494552612,1.204800009727478,1.195199966430664,1.195199966430664,2284288,2284288,yfinance,2026-07-10T06:58:05.450587+00:00
2026-06-03 20:45:00+00:00,XRP-USD,15m,1.195099949836731,1.1965999603271484,1.1861000061035156,1.1923999786376953,14666496,14666496,yfinance,2026-07-10T06:58:05.450587+00:00
2026-06-03 21:00:00+00:00,XRP-USD,15m,1.192199945449829,1.205399990081787,1.1900999546051025,1.2014000415802002,31899136,31899136,yfinance,2026-07-10T06:58:05.450587+00:00
2026-06-03 21:15:00+00:00,XRP-USD,15m,1.2015000581741333,1.207200050354004,1.2015000581741333,1.207200050354004,3957248,3957248,yfinance,2026-07-10T06:58:05.450587+00:00
2026-06-03 21:30:00+00:00,XRP-USD,15m,1.205899953842163,1.2136000394821167,1.205899953842163,1.211400032043457,15714560,15714560,yfinance,2026-07-10T06:58:05.450587+00:00
2026-06-03 21:45:00+00:00,XRP-USD,15m,1.211400032043457,1.218400001525879,1.2103999853134155,1.216599941253662,18440704,18440704,yfinance,2026-07-10T06:58:05.450587+00:00
2026-06-03 22:00:00+00:00,XRP-USD,15m,1.216599941253662,1.2181999683380127,1.2111999988555908,1.2122999429702759,1380608,1380608,yfinance,2026-07-10T06:58:05.450587+00:00
2026-06-03 22:15:00+00:00,XRP-USD,15m,1.2117999792099,1.2127000093460083,1.2079999446868896,1.2115999460220337,0,0,yfinance,2026-07-10T06:58:05.450587+00:00
2026-06-03 22:30:00+00:00,XRP-USD,15m,1.210800051689148,1.2116999626159668,1.2069000005722046,1.2086000442504883,3744256,3744256,yfinance,2026-07-10T06:58:05.450587+00:00
2026-06-03 22:45:00+00:00,XRP-USD,15m,1.208299994468689,1.208400011062622,1.2024999856948853,1.204699993133545,33024,33024,yfinance,2026-07-10T06:58:05.450587+00:00
2026-06-03 23:00:00+00:00,XRP-USD,15m,1.204800009727478,1.2055000066757202,1.1964999437332153,1.1992000341415405,0,0,yfinance,2026-07-10T06:58:05.450587+00:00
2026-06-03 23:15:00+00:00,XRP-USD,15m,1.1985000371932983,1.2019000053405762,1.1971999406814575,1.2003999948501587,0,0,yfinance,2026-07-10T06:58:05.450587+00:00
2026-06-03 23:30:00+00:00,XRP-USD,15m,1.2010999917984009,1.2043999433517456,1.2000000476837158,1.2007999420166016,0,0,yfinance,2026-07-10T06:58:05.450587+00:00
2026-06-03 23:45:00+00:00,XRP-USD,15m,1.2009999752044678,1.2020000219345093,1.1988999843597412,1.1994999647140503,1827840,1827840,yfinance,2026-07-10T06:58:05.450587+00:00
2026-06-04 00:00:00+00:00,XRP-USD,15m,1.1994999647140503,1.2057000398635864,1.1994999647140503,1.205199956893921,16102400,16102400,yfinance,2026-07-10T06:58:05.450587+00:00
2026-06-04 00:15:00+00:00,XRP-USD,15m,1.2051000595092773,1.2062000036239624,1.187000036239624,1.187600016593933,0,0,yfinance,2026-07-10T06:58:05.450587+00:00
2026-06-04 00:30:00+00:00,XRP-USD,15m,1.1861000061035156,1.1964999437332153,1.1861000061035156,1.1964999437332153,36336896,36336896,yfinance,2026-07-10T06:58:05.450587+00:00
2026-06-04 00:45:00+00:00,XRP-USD,15m,1.1963000297546387,1.1963000297546387,1.187000036239624,1.1917999982833862,34905088,34905088,yfinance,2026-07-10T06:58:05.450587+00:00
2026-06-04 01:00:00+00:00,XRP-USD,15m,1.1920000314712524,1.195099949836731,1.184499979019165,1.1848000288009644,19394816,19394816,yfinance,2026-07-10T06:58:05.450587+00:00
2026-06-04 01:15:00+00:00,XRP-USD,15m,1.1855000257492065,1.1857000589370728,1.1675000190734863,1.1687999963760376,73556480,73556480,yfinance,2026-07-10T06:58:05.450587+00:00
2026-06-04 01:30:00+00:00,XRP-USD,15m,1.1687999963760376,1.1790000200271606,1.1687999963760376,1.1719000339508057,53833728,53833728,yfinance,2026-07-10T06:58:05.450587+00:00
2026-06-04 01:45:00+00:00,XRP-USD,15m,1.1718000173568726,1.1721999645233154,1.1548999547958374,1.159500002861023,46780416,46780416,yfinance,2026-07-10T06:58:05.450587+00:00
2026-06-04 02:00:00+00:00,XRP-USD,15m,1.1607999801635742,1.1650999784469604,1.1416000127792358,1.1633000373840332,168891136,168891136,yfinance,2026-07-10T06:58:05.450587+00:00
2026-06-04 02:15:00+00:00,XRP-USD,15m,1.1634999513626099,1.1806000471115112,1.1588000059127808,1.1775000095367432,95618048,95618048,yfinance,2026-07-10T06:58:05.450587+00:00
2026-06-04 02:30:00+00:00,XRP-USD,15m,1.17739999294281,1.1827000379562378,1.174299955368042,1.1815999746322632,55141632,55141632,yfinance,2026-07-10T06:58:05.450587+00:00
2026-06-04 02:45:00+00:00,XRP-USD,15m,1.181399941444397,1.1857000589370728,1.1789000034332275,1.1801999807357788,29064448,29064448,yfinance,2026-07-10T06:58:05.450587+00:00
2026-06-04 03:00:00+00:00,XRP-USD,15m,1.180999994277954,1.1998000144958496,1.1805000305175781,1.1993999481201172,32555520,32555520,yfinance,2026-07-10T06:58:05.450587+00:00
2026-06-04 03:15:00+00:00,XRP-USD,15m,1.1993999481201172,1.2037999629974365,1.1967999935150146,1.19760000705719,23996928,23996928,yfinance,2026-07-10T06:58:05.450587+00:00
2026-06-04 03:30:00+00:00,XRP-USD,15m,1.1974999904632568,1.2080999612808228,1.1974999904632568,1.2067999839782715,1184768,1184768,yfinance,2026-07-10T06:58:05.450587+00:00
2026-06-04 03:45:00+00:00,XRP-USD,15m,1.2067999839782715,1.2096999883651733,1.204800009727478,1.207900047302246,0,0,yfinance,2026-07-10T06:58:05.450587+00:00
2026-06-04 04:00:00+00:00,XRP-USD,15m,1.2077000141143799,1.2103999853134155,1.204800009727478,1.2098000049591064,4495104,4495104,yfinance,2026-07-10T06:58:05.450587+00:00
2026-06-04 04:15:00+00:00,XRP-USD,15m,1.2093000411987305,1.2101000547409058,1.2057000398635864,1.205899953842163,958208,958208,yfinance,2026-07-10T06:58:05.450587+00:00
2026-06-04 04:30:00+00:00,XRP-USD,15m,1.2063000202178955,1.2067999839782715,1.2005000114440918,1.2044999599456787,4037632,4037632,yfinance,2026-07-10T06:58:05.450587+00:00
2026-06-04 04:45:00+00:00,XRP-USD,15m,1.2044999599456787,1.2057000398635864,1.1992000341415405,1.2003999948501587,9348608,9348608,yfinance,2026-07-10T06:58:05.450587+00:00
2026-06-04 05:00:00+00:00,XRP-USD,15m,1.2000000476837158,1.2001999616622925,1.1863000392913818,1.1897000074386597,0,0,yfinance,2026-07-10T06:58:05.450587+00:00
2026-06-04 05:15:00+00:00,XRP-USD,15m,1.1890000104904175,1.190600037574768,1.1832000017166138,1.1852999925613403,2093312,2093312,yfinance,2026-07-10T06:58:05.450587+00:00
2026-06-04 05:30:00+00:00,XRP-USD,15m,1.1848000288009644,1.1953999996185303,1.1829999685287476,1.19350004196167,7461632,7461632,yfinance,2026-07-10T06:58:05.450587+00:00
2026-06-04 05:45:00+00:00,XRP-USD,15m,1.1933000087738037,1.1934000253677368,1.1856000423431396,1.1866999864578247,3877632,3877632,yfinance,2026-07-10T06:58:05.450587+00:00
2026-06-04 06:00:00+00:00,XRP-USD,15m,1.186400055885315,1.1931999921798706,1.1855000257492065,1.1923999786376953,2010368,2010368,yfinance,2026-07-10T06:58:05.450587+00:00
2026-06-04 06:15:00+00:00,XRP-USD,15m,1.1919000148773193,1.1984000205993652,1.1919000148773193,1.1952999830245972,0,0,yfinance,2026-07-10T06:58:05.450587+00:00
2026-06-04 06:30:00+00:00,XRP-USD,15m,1.1952999830245972,1.1984000205993652,1.191100001335144,1.1943999528884888,0,0,yfinance,2026-07-10T06:58:05.450587+00:00
2026-06-04 06:45:00+00:00,XRP-USD,15m,1.194000005722046,1.194100022315979,1.187399983406067,1.188099980354309,0,0,yfinance,2026-07-10T06:58:05.450587+00:00
2026-06-04 07:00:00+00:00,XRP-USD,15m,1.1887999773025513,1.1890000104904175,1.1791000366210938,1.180999994277954,1939712,1939712,yfinance,2026-07-10T06:58:05.450587+00:00
2026-06-04 07:15:00+00:00,XRP-USD,15m,1.1811000108718872,1.1818000078201294,1.1710000038146973,1.1749999523162842,4390912,4390912,yfinance,2026-07-10T06:58:05.450587+00:00
2026-06-04 07:30:00+00:00,XRP-USD,15m,1.1750999689102173,1.1792000532150269,1.1734999418258667,1.1754000186920166,15426048,15426048,yfinance,2026-07-10T06:58:05.450587+00:00
2026-06-04 07:45:00+00:00,XRP-USD,15m,1.1754000186920166,1.1754000186920166,1.166200041770935,1.1663999557495117,8461824,8461824,yfinance,2026-07-10T06:58:05.450587+00:00
2026-06-04 08:00:00+00:00,XRP-USD,15m,1.167099952697754,1.1708999872207642,1.1606999635696411,1.1608999967575073,13937920,13937920,yfinance,2026-07-10T06:58:05.450587+00:00
2026-06-04 08:15:00+00:00,XRP-USD,15m,1.1610000133514404,1.1663000583648682,1.159999966621399,1.1634000539779663,27983360,27983360,yfinance,2026-07-10T06:58:05.450587+00:00
2026-06-04 08:30:00+00:00,XRP-USD,15m,1.1640000343322754,1.169700026512146,1.1612000465393066,1.1624000072479248,15448064,15448064,yfinance,2026-07-10T06:58:05.450587+00:00
2026-06-04 08:45:00+00:00,XRP-USD,15m,1.1624000072479248,1.1691999435424805,1.1622999906539917,1.1663999557495117,12052736,12052736,yfinance,2026-07-10T06:58:05.450587+00:00
2026-06-04 09:00:00+00:00,XRP-USD,15m,1.166200041770935,1.166200041770935,1.152500033378601,1.1548000574111938,12364800,12364800,yfinance,2026-07-10T06:58:05.450587+00:00
2026-06-04 09:15:00+00:00,XRP-USD,15m,1.1541999578475952,1.1541999578475952,1.145900011062622,1.1469000577926636,19234560,19234560,yfinance,2026-07-10T06:58:05.450587+00:00
2026-06-04 09:30:00+00:00,XRP-USD,15m,1.1461000442504883,1.1500999927520752,1.1437000036239624,1.1492999792099,42808320,42808320,yfinance,2026-07-10T06:58:05.450587+00:00
2026-06-04 09:45:00+00:00,XRP-USD,15m,1.1496000289916992,1.1604000329971313,1.1496000289916992,1.1604000329971313,10354944,10354944,yfinance,2026-07-10T06:58:05.450587+00:00
2026-06-04 10:00:00+00:00,XRP-USD,15m,1.1598000526428223,1.1610000133514404,1.1503000259399414,1.152999997138977,5078272,5078272,yfinance,2026-07-10T06:58:05.450587+00:00
2026-06-04 10:15:00+00:00,XRP-USD,15m,1.1532000303268433,1.1563999652862549,1.1500999927520752,1.1510000228881836,0,0,yfinance,2026-07-10T06:58:05.450587+00:00
2026-06-04 10:30:00+00:00,XRP-USD,15m,1.1505000591278076,1.1572999954223633,1.149899959564209,1.1535999774932861,0,0,yfinance,2026-07-10T06:58:05.450587+00:00
2026-06-04 10:45:00+00:00,XRP-USD,15m,1.15339994430542,1.1535999774932861,1.1432000398635864,1.1473000049591064,0,0,yfinance,2026-07-10T06:58:05.450587+00:00
2026-06-04 11:00:00+00:00,XRP-USD,15m,1.1474000215530396,1.1511000394821167,1.1412999629974365,1.1416000127792358,119646976,119646976,yfinance,2026-07-10T06:58:05.450587+00:00
2026-06-04 11:15:00+00:00,XRP-USD,15m,1.1414999961853027,1.1548999547958374,1.1404999494552612,1.152999997138977,24529664,24529664,yfinance,2026-07-10T06:58:05.450587+00:00
2026-06-04 11:30:00+00:00,XRP-USD,15m,1.1533000469207764,1.156999945640564,1.1440999507904053,1.145300030708313,22984704,22984704,yfinance,2026-07-10T06:58:05.450587+00:00
2026-06-04 11:45:00+00:00,XRP-USD,15m,1.145400047302246,1.1548000574111938,1.145400047302246,1.1547000408172607,16994816,16994816,yfinance,2026-07-10T06:58:05.450587+00:00
2026-06-04 12:00:00+00:00,XRP-USD,15m,1.1552000045776367,1.1593999862670898,1.1492999792099,1.1504000425338745,22423552,22423552,yfinance,2026-07-10T06:58:05.450587+00:00
2026-06-04 12:15:00+00:00,XRP-USD,15m,1.1504000425338745,1.1685999631881714,1.1504000425338745,1.1680999994277954,20492544,20492544,yfinance,2026-07-10T06:58:05.450587+00:00
2026-06-04 12:30:00+00:00,XRP-USD,15m,1.1679999828338623,1.1782000064849854,1.1678999662399292,1.1754000186920166,60256000,60256000,yfinance,2026-07-10T06:58:05.450587+00:00
2026-06-04 12:45:00+00:00,XRP-USD,15m,1.1748000383377075,1.1805000305175781,1.1741000413894653,1.1789000034332275,25085440,25085440,yfinance,2026-07-10T06:58:05.450587+00:00
2026-06-04 13:00:00+00:00,XRP-USD,15m,1.1785000562667847,1.1806000471115112,1.1750999689102173,1.1750999689102173,10089216,10089216,yfinance,2026-07-10T06:58:05.450587+00:00
2026-06-04 13:15:00+00:00,XRP-USD,15m,1.1751999855041504,1.1757999658584595,1.1620999574661255,1.1669000387191772,15024640,15024640,yfinance,2026-07-10T06:58:05.450587+00:00
2026-06-04 13:30:00+00:00,XRP-USD,15m,1.1657999753952026,1.1813000440597534,1.1655000448226929,1.1755000352859497,45345280,45345280,yfinance,2026-07-10T06:58:05.450587+00:00
2026-06-04 13:45:00+00:00,XRP-USD,15m,1.1744999885559082,1.1791000366210938,1.1713999509811401,1.1777000427246094,2437376,2437376,yfinance,2026-07-10T06:58:05.450587+00:00
2026-06-04 14:00:00+00:00,XRP-USD,15m,1.1790000200271606,1.1811000108718872,1.174299955368042,1.1790000200271606,18410752,18410752,yfinance,2026-07-10T06:58:05.450587+00:00
2026-06-04 14:15:00+00:00,XRP-USD,15m,1.1786999702453613,1.1797000169754028,1.1710000038146973,1.1748000383377075,5539584,5539584,yfinance,2026-07-10T06:58:05.450587+00:00
2026-06-04 14:30:00+00:00,XRP-USD,15m,1.1744999885559082,1.1746000051498413,1.1684999465942383,1.1714999675750732,4214528,4214528,yfinance,2026-07-10T06:58:05.450587+00:00
2026-06-04 14:45:00+00:00,XRP-USD,15m,1.1718000173568726,1.1729999780654907,1.1670000553131104,1.1719000339508057,4863232,4863232,yfinance,2026-07-10T06:58:05.450587+00:00
2026-06-04 15:00:00+00:00,XRP-USD,15m,1.1713000535964966,1.181399941444397,1.169700026512146,1.180899977684021,16538880,16538880,yfinance,2026-07-10T06:58:05.450587+00:00
2026-06-04 15:15:00+00:00,XRP-USD,15m,1.1806000471115112,1.181399941444397,1.1692999601364136,1.1727999448776245,2216960,2216960,yfinance,2026-07-10T06:58:05.450587+00:00
2026-06-04 15:30:00+00:00,XRP-USD,15m,1.1726000308990479,1.1748000383377075,1.169100046157837,1.170300006866455,273920,273920,yfinance,2026-07-10T06:58:05.450587+00:00
2026-06-04 15:45:00+00:00,XRP-USD,15m,1.170300006866455,1.170799970626831,1.1648999452590942,1.1678999662399292,1297920,1297920,yfinance,2026-07-10T06:58:05.450587+00:00
2026-06-04 16:00:00+00:00,XRP-USD,15m,1.1676000356674194,1.1683000326156616,1.1621999740600586,1.163100004196167,3654144,3654144,yfinance,2026-07-10T06:58:05.450587+00:00
2026-06-04 16:15:00+00:00,XRP-USD,15m,1.1629999876022339,1.1664999723434448,1.159999966621399,1.1606999635696411,0,0,yfinance,2026-07-10T06:58:05.450587+00:00
2026-06-04 16:30:00+00:00,XRP-USD,15m,1.1618000268936157,1.1705000400543213,1.159600019454956,1.169700026512146,2425344,2425344,yfinance,2026-07-10T06:58:05.450587+00:00
2026-06-04 16:45:00+00:00,XRP-USD,15m,1.1694999933242798,1.1720000505447388,1.1668000221252441,1.1687999963760376,1766656,1766656,yfinance,2026-07-10T06:58:05.450587+00:00
2026-06-04 17:00:00+00:00,XRP-USD,15m,1.1686999797821045,1.1740000247955322,1.167199969291687,1.1726000308990479,2657024,2657024,yfinance,2026-07-10T06:58:05.450587+00:00
2026-06-04 17:15:00+00:00,XRP-USD,15m,1.1723999977111816,1.1725000143051147,1.1642999649047852,1.167099952697754,1525760,1525760,yfinance,2026-07-10T06:58:05.450587+00:00
2026-06-04 17:30:00+00:00,XRP-USD,15m,1.1669000387191772,1.1689000129699707,1.1584999561309814,1.1604000329971313,1281280,1281280,yfinance,2026-07-10T06:58:05.450587+00:00
2026-06-04 17:45:00+00:00,XRP-USD,15m,1.1603000164031982,1.1713999509811401,1.15910005569458,1.1682000160217285,15490560,15490560,yfinance,2026-07-10T06:58:05.450587+00:00
2026-06-04 18:00:00+00:00,XRP-USD,15m,1.169100046157837,1.1693999767303467,1.1621999740600586,1.1621999740600586,133376,133376,yfinance,2026-07-10T06:58:05.450587+00:00
2026-06-04 18:15:00+00:00,XRP-USD,15m,1.162500023841858,1.1785000562667847,1.162500023841858,1.1784000396728516,8719872,8719872,yfinance,2026-07-10T06:58:05.450587+00:00
2026-06-04 18:30:00+00:00,XRP-USD,15m,1.1782000064849854,1.180899977684021,1.1753000020980835,1.1789000034332275,25309952,25309952,yfinance,2026-07-10T06:58:05.450587+00:00
2026-06-04 18:45:00+00:00,XRP-USD,15m,1.1786999702453613,1.1815999746322632,1.17739999294281,1.1780999898910522,3556352,3556352,yfinance,2026-07-10T06:58:05.450587+00:00
2026-06-04 19:00:00+00:00,XRP-USD,15m,1.1777000427246094,1.177899956703186,1.1722999811172485,1.176300048828125,0,0,yfinance,2026-07-10T06:58:05.450587+00:00
2026-06-04 19:15:00+00:00,XRP-USD,15m,1.1765999794006348,1.1822999715805054,1.176200032234192,1.1818000078201294,90112,90112,yfinance,2026-07-10T06:58:05.450587+00:00
2026-06-04 19:30:00+00:00,XRP-USD,15m,1.181399941444397,1.1821999549865723,1.1749999523162842,1.1761000156402588,5360896,5360896,yfinance,2026-07-10T06:58:05.450587+00:00
2026-06-04 19:45:00+00:00,XRP-USD,15m,1.1759999990463257,1.176200032234192,1.1713000535964966,1.1735999584197998,0,0,yfinance,2026-07-10T06:58:05.450587+00:00
2026-06-04 20:00:00+00:00,XRP-USD,15m,1.1740000247955322,1.1740000247955322,1.1651999950408936,1.1710000038146973,0,0,yfinance,2026-07-10T06:58:05.450587+00:00
2026-06-04 20:15:00+00:00,XRP-USD,15m,1.1712000370025635,1.1734999418258667,1.1693999767303467,1.1715999841690063,0,0,yfinance,2026-07-10T06:58:05.450587+00:00
2026-06-04 20:30:00+00:00,XRP-USD,15m,1.1720000505447388,1.1765999794006348,1.1714999675750732,1.1744999885559082,0,0,yfinance,2026-07-10T06:58:05.450587+00:00
2026-06-04 20:45:00+00:00,XRP-USD,15m,1.1746000051498413,1.1764999628067017,1.1706000566482544,1.1746000051498413,0,0,yfinance,2026-07-10T06:58:05.450587+00:00
2026-06-04 21:00:00+00:00,XRP-USD,15m,1.174399971961975,1.17739999294281,1.1734000444412231,1.173799991607666,0,0,yfinance,2026-07-10T06:58:05.450587+00:00
2026-06-04 21:15:00+00:00,XRP-USD,15m,1.174299955368042,1.174299955368042,1.1655999422073364,1.1670000553131104,1251840,1251840,yfinance,2026-07-10T06:58:05.450587+00:00
2026-06-04 21:30:00+00:00,XRP-USD,15m,1.167099952697754,1.167099952697754,1.1557999849319458,1.163100004196167,204032,204032,yfinance,2026-07-10T06:58:05.450587+00:00
2026-06-04 21:45:00+00:00,XRP-USD,15m,1.163100004196167,1.163699984550476,1.1577999591827393,1.1577999591827393,673792,673792,yfinance,2026-07-10T06:58:05.450587+00:00
2026-06-04 22:00:00+00:00,XRP-USD,15m,1.156599998474121,1.1620999574661255,1.1540000438690186,1.1577999591827393,2405632,2405632,yfinance,2026-07-10T06:58:05.450587+00:00
2026-06-04 22:15:00+00:00,XRP-USD,15m,1.1579999923706055,1.1619999408721924,1.1572999954223633,1.1588000059127808,2900992,2900992,yfinance,2026-07-10T06:58:05.450587+00:00
2026-06-04 22:30:00+00:00,XRP-USD,15m,1.1582000255584717,1.1613999605178833,1.1539000272750854,1.1576000452041626,711168,711168,yfinance,2026-07-10T06:58:05.450587+00:00
2026-06-04 22:45:00+00:00,XRP-USD,15m,1.1575000286102295,1.169100046157837,1.1556999683380127,1.1683000326156616,9482752,9482752,yfinance,2026-07-10T06:58:05.450587+00:00
2026-06-04 23:00:00+00:00,XRP-USD,15m,1.1677000522613525,1.1708999872207642,1.1654000282287598,1.167199969291687,4762880,4762880,yfinance,2026-07-10T06:58:05.450587+00:00
2026-06-04 23:15:00+00:00,XRP-USD,15m,1.1664999723434448,1.1674000024795532,1.1577999591827393,1.1614999771118164,0,0,yfinance,2026-07-10T06:58:05.450587+00:00
2026-06-04 23:30:00+00:00,XRP-USD,15m,1.1613999605178833,1.1658999919891357,1.1607999801635742,1.1656999588012695,3215360,3215360,yfinance,2026-07-10T06:58:05.450587+00:00
2026-06-04 23:45:00+00:00,XRP-USD,15m,1.1656999588012695,1.1685999631881714,1.1628999710083008,1.1676000356674194,4303360,4303360,yfinance,2026-07-10T06:58:05.450587+00:00
2026-06-05 00:00:00+00:00,XRP-USD,15m,1.166599988937378,1.1690000295639038,1.163599967956543,1.1640000343322754,0,0,yfinance,2026-07-10T06:58:05.450587+00:00
2026-06-05 00:15:00+00:00,XRP-USD,15m,1.1641000509262085,1.172700047492981,1.1610000133514404,1.1723999977111816,2979840,2979840,yfinance,2026-07-10T06:58:05.450587+00:00
2026-06-05 00:30:00+00:00,XRP-USD,15m,1.1721999645233154,1.17330002784729,1.1656999588012695,1.1675000190734863,0,0,yfinance,2026-07-10T06:58:05.450587+00:00
2026-06-05 00:45:00+00:00,XRP-USD,15m,1.167099952697754,1.1706000566482544,1.159500002861023,1.1601999998092651,0,0,yfinance,2026-07-10T06:58:05.450587+00:00
2026-06-05 01:00:00+00:00,XRP-USD,15m,1.1597000360488892,1.1597000360488892,1.1502000093460083,1.1546000242233276,0,0,yfinance,2026-07-10T06:58:05.450587+00:00
2026-06-05 01:15:00+00:00,XRP-USD,15m,1.1538000106811523,1.1579999923706055,1.1504000425338745,1.1545000076293945,0,0,yfinance,2026-07-10T06:58:05.450587+00:00
2026-06-05 01:30:00+00:00,XRP-USD,15m,1.1549999713897705,1.1603000164031982,1.1513999700546265,1.1569000482559204,0,0,yfinance,2026-07-10T06:58:05.450587+00:00
2026-06-05 01:45:00+00:00,XRP-USD,15m,1.156599998474121,1.1586999893188477,1.152899980545044,1.156000018119812,0,0,yfinance,2026-07-10T06:58:05.450587+00:00
2026-06-05 02:00:00+00:00,XRP-USD,15m,1.1555999517440796,1.156499981880188,1.148800015449524,1.148800015449524,0,0,yfinance,2026-07-10T06:58:05.450587+00:00
2026-06-05 02:15:00+00:00,XRP-USD,15m,1.1497999429702759,1.1518000364303589,1.142699956893921,1.142699956893921,0,0,yfinance,2026-07-10T06:58:05.450587+00:00
2026-06-05 02:30:00+00:00,XRP-USD,15m,1.1426000595092773,1.146299958229065,1.1359000205993652,1.1390000581741333,0,0,yfinance,2026-07-10T06:58:05.450587+00:00
2026-06-05 02:45:00+00:00,XRP-USD,15m,1.1385999917984009,1.1418999433517456,1.1337000131607056,1.1344000101089478,8002048,8002048,yfinance,2026-07-10T06:58:05.450587+00:00
2026-06-05 03:00:00+00:00,XRP-USD,15m,1.1341999769210815,1.1374000310897827,1.1318000555038452,1.1370999813079834,0,0,yfinance,2026-07-10T06:58:05.450587+00:00
2026-06-05 03:15:00+00:00,XRP-USD,15m,1.1375999450683594,1.1460000276565552,1.1375999450683594,1.139799952507019,6528512,6528512,yfinance,2026-07-10T06:58:05.450587+00:00
2026-06-05 03:30:00+00:00,XRP-USD,15m,1.1404000520706177,1.1445000171661377,1.1348999738693237,1.1365000009536743,0,0,yfinance,2026-07-10T06:58:05.450587+00:00
2026-06-05 03:45:00+00:00,XRP-USD,15m,1.1363999843597412,1.1382999420166016,1.1327999830245972,1.1333999633789062,3221760,3221760,yfinance,2026-07-10T06:58:05.450587+00:00
2026-06-05 04:00:00+00:00,XRP-USD,15m,1.1339999437332153,1.1446000337600708,1.1306999921798706,1.1399999856948853,16246016,16246016,yfinance,2026-07-10T06:58:05.450587+00:00
2026-06-05 04:15:00+00:00,XRP-USD,15m,1.1394000053405762,1.1475000381469727,1.1354000568389893,1.1452000141143799,13366528,13366528,yfinance,2026-07-10T06:58:05.450587+00:00
2026-06-05 04:30:00+00:00,XRP-USD,15m,1.1440999507904053,1.1440999507904053,1.1358000040054321,1.1369999647140503,25088,25088,yfinance,2026-07-10T06:58:05.450587+00:00
2026-06-05 04:45:00+00:00,XRP-USD,15m,1.1377999782562256,1.1470999717712402,1.1325000524520874,1.1461999416351318,4618496,4618496,yfinance,2026-07-10T06:58:05.450587+00:00
2026-06-05 05:00:00+00:00,XRP-USD,15m,1.1468000411987305,1.1476999521255493,1.1344000101089478,1.135599970817566,4705792,4705792,yfinance,2026-07-10T06:58:05.450587+00:00
2026-06-05 05:15:00+00:00,XRP-USD,15m,1.1360000371932983,1.141700029373169,1.1333999633789062,1.1404000520706177,199936,199936,yfinance,2026-07-10T06:58:05.450587+00:00
2026-06-05 05:30:00+00:00,XRP-USD,15m,1.1405999660491943,1.1412999629974365,1.1282999515533447,1.128600001335144,5564160,5564160,yfinance,2026-07-10T06:58:05.450587+00:00
2026-06-05 05:45:00+00:00,XRP-USD,15m,1.1279000043869019,1.128999948501587,1.1196000576019287,1.1198999881744385,34420480,34420480,yfinance,2026-07-10T06:58:05.450587+00:00
2026-06-05 06:00:00+00:00,XRP-USD,15m,1.1195000410079956,1.125,1.1138999462127686,1.1138999462127686,57784064,57784064,yfinance,2026-07-10T06:58:05.450587+00:00
2026-06-05 06:15:00+00:00,XRP-USD,15m,1.115399956703186,1.1165000200271606,1.0920000076293945,1.1022000312805176,141024512,141024512,yfinance,2026-07-10T06:58:05.450587+00:00
2026-06-05 06:30:00+00:00,XRP-USD,15m,1.1025999784469604,1.1186000108718872,1.1014000177383423,1.118399977684021,79995648,79995648,yfinance,2026-07-10T06:58:05.450587+00:00
2026-06-05 06:45:00+00:00,XRP-USD,15m,1.1191999912261963,1.1195000410079956,1.1114000082015991,1.1175999641418457,43177728,43177728,yfinance,2026-07-10T06:58:05.450587+00:00
2026-06-05 07:00:00+00:00,XRP-USD,15m,1.1175999641418457,1.11899995803833,1.1043000221252441,1.1043000221252441,14550528,14550528,yfinance,2026-07-10T06:58:05.450587+00:00
2026-06-05 07:15:00+00:00,XRP-USD,15m,1.1055999994277954,1.1223000288009644,1.1055999994277954,1.1222000122070312,20472576,20472576,yfinance,2026-07-10T06:58:05.450587+00:00
2026-06-05 07:30:00+00:00,XRP-USD,15m,1.1208000183105469,1.1354000568389893,1.1204999685287476,1.1353000402450562,49831168,49831168,yfinance,2026-07-10T06:58:05.450587+00:00
2026-06-05 07:45:00+00:00,XRP-USD,15m,1.136199951171875,1.1371999979019165,1.1318999528884888,1.135599970817566,28744192,28744192,yfinance,2026-07-10T06:58:05.450587+00:00
2026-06-05 08:00:00+00:00,XRP-USD,15m,1.135200023651123,1.135200023651123,1.1263999938964844,1.1276999711990356,255744,255744,yfinance,2026-07-10T06:58:05.450587+00:00
2026-06-05 08:15:00+00:00,XRP-USD,15m,1.1277999877929688,1.1299999952316284,1.1231000423431396,1.1270999908447266,0,0,yfinance,2026-07-10T06:58:05.450587+00:00
2026-06-05 08:30:00+00:00,XRP-USD,15m,1.1270999908447266,1.1303000450134277,1.117900013923645,1.117900013923645,0,0,yfinance,2026-07-10T06:58:05.450587+00:00
2026-06-05 08:45:00+00:00,XRP-USD,15m,1.1172000169754028,1.121000051498413,1.1159000396728516,1.1176999807357788,3385856,3385856,yfinance,2026-07-10T06:58:05.450587+00:00
2026-06-05 09:00:00+00:00,XRP-USD,15m,1.1186000108718872,1.1368000507354736,1.1181000471115112,1.1368000507354736,28064000,28064000,yfinance,2026-07-10T06:58:05.450587+00:00
2026-06-05 09:15:00+00:00,XRP-USD,15m,1.1385999917984009,1.1385999917984009,1.131100058555603,1.1368999481201172,0,0,yfinance,2026-07-10T06:58:05.450587+00:00
2026-06-05 09:30:00+00:00,XRP-USD,15m,1.1368000507354736,1.1371999979019165,1.1301000118255615,1.1303999423980713,0,0,yfinance,2026-07-10T06:58:05.450587+00:00
2026-06-05 09:45:00+00:00,XRP-USD,15m,1.1303000450134277,1.1390000581741333,1.1302000284194946,1.1390000581741333,0,0,yfinance,2026-07-10T06:58:05.450587+00:00
2026-06-05 10:00:00+00:00,XRP-USD,15m,1.1394000053405762,1.144700050354004,1.1332999467849731,1.135699987411499,3902208,3902208,yfinance,2026-07-10T06:58:05.450587+00:00
2026-06-05 10:15:00+00:00,XRP-USD,15m,1.1354000568389893,1.1354999542236328,1.1301000118255615,1.1332999467849731,1292800,1292800,yfinance,2026-07-10T06:58:05.450587+00:00
2026-06-05 10:30:00+00:00,XRP-USD,15m,1.1332000494003296,1.1378999948501587,1.1318000555038452,1.1374000310897827,0,0,yfinance,2026-07-10T06:58:05.450587+00:00
2026-06-05 10:45:00+00:00,XRP-USD,15m,1.1367000341415405,1.1367000341415405,1.1324000358581543,1.135699987411499,0,0,yfinance,2026-07-10T06:58:05.450587+00:00
2026-06-05 11:00:00+00:00,XRP-USD,15m,1.1348999738693237,1.1349999904632568,1.1234999895095825,1.124400019645691,1249280,1249280,yfinance,2026-07-10T06:58:05.450587+00:00
2026-06-05 11:15:00+00:00,XRP-USD,15m,1.1233999729156494,1.1333999633789062,1.1233999729156494,1.1295000314712524,5547776,5547776,yfinance,2026-07-10T06:58:05.450587+00:00
2026-06-05 11:30:00+00:00,XRP-USD,15m,1.1291999816894531,1.1302000284194946,1.1196000576019287,1.1196000576019287,6126080,6126080,yfinance,2026-07-10T06:58:05.450587+00:00
2026-06-05 11:45:00+00:00,XRP-USD,15m,1.1195000410079956,1.1230000257492065,1.1174999475479126,1.1180000305175781,4794368,4794368,yfinance,2026-07-10T06:58:05.450587+00:00
2026-06-05 12:00:00+00:00,XRP-USD,15m,1.1181999444961548,1.1220999956130981,1.1100000143051147,1.1172000169754028,3888128,3888128,yfinance,2026-07-10T06:58:05.450587+00:00
2026-06-05 12:15:00+00:00,XRP-USD,15m,1.1176999807357788,1.125100016593933,1.1164000034332275,1.1190999746322632,88064,88064,yfinance,2026-07-10T06:58:05.450587+00:00
2026-06-05 12:30:00+00:00,XRP-USD,15m,1.1226999759674072,1.1226999759674072,1.1089999675750732,1.1168999671936035,1604864,1604864,yfinance,2026-07-10T06:58:05.450587+00:00
2026-06-05 12:45:00+00:00,XRP-USD,15m,1.117400050163269,1.11899995803833,1.1122000217437744,1.11899995803833,2672384,2672384,yfinance,2026-07-10T06:58:05.450587+00:00
2026-06-05 13:00:00+00:00,XRP-USD,15m,1.11899995803833,1.1269999742507935,1.11899995803833,1.125499963760376,13191424,13191424,yfinance,2026-07-10T06:58:05.450587+00:00
2026-06-05 13:15:00+00:00,XRP-USD,15m,1.125100016593933,1.1353000402450562,1.124400019645691,1.1318000555038452,4696064,4696064,yfinance,2026-07-10T06:58:05.450587+00:00
2026-06-05 13:30:00+00:00,XRP-USD,15m,1.1303000450134277,1.1365000009536743,1.117400050163269,1.1196000576019287,15072000,15072000,yfinance,2026-07-10T06:58:05.450587+00:00
2026-06-05 13:45:00+00:00,XRP-USD,15m,1.1197999715805054,1.1210999488830566,1.1008000373840332,1.1016000509262085,30993152,30993152,yfinance,2026-07-10T06:58:05.450587+00:00
2026-06-05 14:00:00+00:00,XRP-USD,15m,1.101699948310852,1.1157000064849854,1.0978000164031982,1.1110999584197998,50361600,50361600,yfinance,2026-07-10T06:58:05.450587+00:00
2026-06-05 14:15:00+00:00,XRP-USD,15m,1.1109000444412231,1.1160000562667847,1.1059000492095947,1.1079000234603882,27754752,27754752,yfinance,2026-07-10T06:58:05.450587+00:00
2026-06-05 14:30:00+00:00,XRP-USD,15m,1.1093000173568726,1.1168999671936035,1.104200005531311,1.1087000370025635,38931456,38931456,yfinance,2026-07-10T06:58:05.450587+00:00
2026-06-05 14:45:00+00:00,XRP-USD,15m,1.1094000339508057,1.1151000261306763,1.1004999876022339,1.1062999963760376,19087872,19087872,yfinance,2026-07-10T06:58:05.450587+00:00
2026-06-05 15:00:00+00:00,XRP-USD,15m,1.105299949645996,1.1074999570846558,1.0959999561309814,1.0964000225067139,15540736,15540736,yfinance,2026-07-10T06:58:05.450587+00:00
2026-06-05 15:15:00+00:00,XRP-USD,15m,1.097100019454956,1.1089999675750732,1.0943000316619873,1.104099988937378,51678208,51678208,yfinance,2026-07-10T06:58:05.450587+00:00
2026-06-05 15:30:00+00:00,XRP-USD,15m,1.1032999753952026,1.1061999797821045,1.0931999683380127,1.0967999696731567,39308032,39308032,yfinance,2026-07-10T06:58:05.450587+00:00
2026-06-05 15:45:00+00:00,XRP-USD,15m,1.0981999635696411,1.1030999422073364,1.091599941253662,1.0994000434875488,61168896,61168896,yfinance,2026-07-10T06:58:05.450587+00:00
2026-06-05 16:00:00+00:00,XRP-USD,15m,1.0992000102996826,1.104599952697754,1.0843000411987305,1.1015000343322754,36646400,36646400,yfinance,2026-07-10T06:58:05.450587+00:00
2026-06-05 16:15:00+00:00,XRP-USD,15m,1.0995999574661255,1.1153000593185425,1.0995999574661255,1.1059999465942383,109849344,109849344,yfinance,2026-07-10T06:58:05.450587+00:00
2026-06-05 16:30:00+00:00,XRP-USD,15m,1.1062999963760376,1.1085000038146973,1.0979000329971313,1.0989999771118164,26490624,26490624,yfinance,2026-07-10T06:58:05.450587+00:00
2026-06-05 16:45:00+00:00,XRP-USD,15m,1.0994000434875488,1.1217000484466553,1.0994000434875488,1.1195000410079956,58128128,58128128,yfinance,2026-07-10T06:58:05.450587+00:00
2026-06-05 17:00:00+00:00,XRP-USD,15m,1.1196000576019287,1.121399998664856,1.1080000400543213,1.1109000444412231,15647232,15647232,yfinance,2026-07-10T06:58:05.450587+00:00
2026-06-05 17:15:00+00:00,XRP-USD,15m,1.1109000444412231,1.1117000579833984,1.100000023841858,1.1008000373840332,7421952,7421952,yfinance,2026-07-10T06:58:05.450587+00:00
2026-06-05 17:30:00+00:00,XRP-USD,15m,1.100600004196167,1.1110999584197998,1.0997999906539917,1.1026999950408936,12016128,12016128,yfinance,2026-07-10T06:58:05.450587+00:00
2026-06-05 17:45:00+00:00,XRP-USD,15m,1.1033999919891357,1.1095000505447388,1.1029000282287598,1.1085000038146973,1334016,1334016,yfinance,2026-07-10T06:58:05.450587+00:00
2026-06-05 18:00:00+00:00,XRP-USD,15m,1.1083999872207642,1.1124999523162842,1.1059000492095947,1.1079000234603882,8941568,8941568,yfinance,2026-07-10T06:58:05.450587+00:00
2026-06-05 18:15:00+00:00,XRP-USD,15m,1.1075999736785889,1.108299970626831,1.0954999923706055,1.0959999561309814,19785984,19785984,yfinance,2026-07-10T06:58:05.450587+00:00
2026-06-05 18:30:00+00:00,XRP-USD,15m,1.0961999893188477,1.1017999649047852,1.0891000032424927,1.0949000120162964,12350208,12350208,yfinance,2026-07-10T06:58:05.450587+00:00
2026-06-05 18:45:00+00:00,XRP-USD,15m,1.094499945640564,1.094499945640564,1.079699993133545,1.082800030708313,61223168,61223168,yfinance,2026-07-10T06:58:05.450587+00:00
2026-06-05 19:00:00+00:00,XRP-USD,15m,1.0824999809265137,1.0849000215530396,1.0714000463485718,1.07260000705719,47136512,47136512,yfinance,2026-07-10T06:58:05.450587+00:00
2026-06-05 19:15:00+00:00,XRP-USD,15m,1.0721999406814575,1.086400032043457,1.0688999891281128,1.086400032043457,61426176,61426176,yfinance,2026-07-10T06:58:05.450587+00:00
2026-06-05 19:30:00+00:00,XRP-USD,15m,1.0858999490737915,1.0877000093460083,1.0781999826431274,1.0844000577926636,33759232,33759232,yfinance,2026-07-10T06:58:05.450587+00:00
2026-06-05 19:45:00+00:00,XRP-USD,15m,1.0843000411987305,1.1030999422073364,1.0842000246047974,1.0980000495910645,63013376,63013376,yfinance,2026-07-10T06:58:05.450587+00:00
2026-06-05 20:00:00+00:00,XRP-USD,15m,1.0981999635696411,1.1057000160217285,1.0850000381469727,1.104200005531311,46707968,46707968,yfinance,2026-07-10T06:58:05.450587+00:00
2026-06-05 20:15:00+00:00,XRP-USD,15m,1.1049000024795532,1.1103999614715576,1.1018999814987183,1.1079000234603882,40537344,40537344,yfinance,2026-07-10T06:58:05.450587+00:00
2026-06-05 20:30:00+00:00,XRP-USD,15m,1.1075999736785889,1.1130000352859497,1.1055999994277954,1.1123000383377075,26892800,26892800,yfinance,2026-07-10T06:58:05.450587+00:00
2026-06-05 20:45:00+00:00,XRP-USD,15m,1.1131000518798828,1.117799997329712,1.1101000308990479,1.1152000427246094,32641024,32641024,yfinance,2026-07-10T06:58:05.450587+00:00
2026-06-05 21:00:00+00:00,XRP-USD,15m,1.1150000095367432,1.1193000078201294,1.1130000352859497,1.1168999671936035,23420416,23420416,yfinance,2026-07-10T06:58:05.450587+00:00
2026-06-05 21:15:00+00:00,XRP-USD,15m,1.1168999671936035,1.1181999444961548,1.1124000549316406,1.114799976348877,24305920,24305920,yfinance,2026-07-10T06:58:05.450587+00:00
2026-06-05 21:30:00+00:00,XRP-USD,15m,1.1151000261306763,1.118399977684021,1.1105999946594238,1.1172000169754028,4056320,4056320,yfinance,2026-07-10T06:58:05.450587+00:00
2026-06-05 21:45:00+00:00,XRP-USD,15m,1.1167999505996704,1.1187000274658203,1.1109999418258667,1.1115000247955322,2519296,2519296,yfinance,2026-07-10T06:58:05.450587+00:00
2026-06-05 22:00:00+00:00,XRP-USD,15m,1.1109999418258667,1.1110999584197998,1.0987000465393066,1.1043000221252441,5964544,5964544,yfinance,2026-07-10T06:58:05.450587+00:00
2026-06-05 22:15:00+00:00,XRP-USD,15m,1.1032999753952026,1.1095999479293823,1.0999000072479248,1.1015000343322754,12635648,12635648,yfinance,2026-07-10T06:58:05.450587+00:00
2026-06-05 22:30:00+00:00,XRP-USD,15m,1.1023000478744507,1.1095000505447388,1.100100040435791,1.107300043106079,15168256,15168256,yfinance,2026-07-10T06:58:05.450587+00:00
2026-06-05 22:45:00+00:00,XRP-USD,15m,1.1069999933242798,1.1101000308990479,1.1038000583648682,1.1058000326156616,0,0,yfinance,2026-07-10T06:58:05.450587+00:00
2026-06-05 23:00:00+00:00,XRP-USD,15m,1.1059999465942383,1.1153000593185425,1.104099988937378,1.104599952697754,10928128,10928128,yfinance,2026-07-10T06:58:05.450587+00:00
2026-06-05 23:15:00+00:00,XRP-USD,15m,1.104599952697754,1.104599952697754,1.0921000242233276,1.0952999591827393,12686080,12686080,yfinance,2026-07-10T06:58:05.450587+00:00
2026-06-05 23:30:00+00:00,XRP-USD,15m,1.0954999923706055,1.0957000255584717,1.086899995803833,1.0920000076293945,12523776,12523776,yfinance,2026-07-10T06:58:05.450587+00:00
2026-06-05 23:45:00+00:00,XRP-USD,15m,1.0913000106811523,1.0979000329971313,1.0889999866485596,1.0973999500274658,8116736,8116736,yfinance,2026-07-10T06:58:05.450587+00:00
2026-06-06 00:00:00+00:00,XRP-USD,15m,1.0976999998092651,1.1080000400543213,1.0976999998092651,1.1062999963760376,18651904,18651904,yfinance,2026-07-10T06:58:05.450587+00:00
2026-06-06 00:15:00+00:00,XRP-USD,15m,1.1064000129699707,1.107300043106079,1.1002000570297241,1.1045000553131104,2116096,2116096,yfinance,2026-07-10T06:58:05.450587+00:00
2026-06-06 00:30:00+00:00,XRP-USD,15m,1.104599952697754,1.1085000038146973,1.103600025177002,1.1061999797821045,0,0,yfinance,2026-07-10T06:58:05.450587+00:00
2026-06-06 00:45:00+00:00,XRP-USD,15m,1.1054999828338623,1.1124000549316406,1.1052000522613525,1.1105999946594238,19620864,19620864,yfinance,2026-07-10T06:58:05.450587+00:00
2026-06-06 01:00:00+00:00,XRP-USD,15m,1.1110999584197998,1.1138999462127686,1.1067999601364136,1.108299970626831,0,0,yfinance,2026-07-10T06:58:05.450587+00:00
2026-06-06 01:15:00+00:00,XRP-USD,15m,1.1086000204086304,1.1094000339508057,1.101099967956543,1.1090999841690063,96000,96000,yfinance,2026-07-10T06:58:05.450587+00:00
2026-06-06 01:30:00+00:00,XRP-USD,15m,1.1089999675750732,1.1109999418258667,1.1022000312805176,1.1038999557495117,0,0,yfinance,2026-07-10T06:58:05.450587+00:00
2026-06-06 01:45:00+00:00,XRP-USD,15m,1.1039999723434448,1.1069999933242798,1.100000023841858,1.1008000373840332,0,0,yfinance,2026-07-10T06:58:05.450587+00:00
2026-06-06 02:00:00+00:00,XRP-USD,15m,1.1003999710083008,1.1017999649047852,1.0964000225067139,1.09660005569458,0,0,yfinance,2026-07-10T06:58:05.450587+00:00
2026-06-06 02:15:00+00:00,XRP-USD,15m,1.09660005569458,1.0985000133514404,1.0918999910354614,1.0956000089645386,374016,374016,yfinance,2026-07-10T06:58:05.450587+00:00
2026-06-06 02:30:00+00:00,XRP-USD,15m,1.0956000089645386,1.0996999740600586,1.0943000316619873,1.097599983215332,0,0,yfinance,2026-07-10T06:58:05.450587+00:00
2026-06-06 02:45:00+00:00,XRP-USD,15m,1.097100019454956,1.1030000448226929,1.0951999425888062,1.0953999757766724,0,0,yfinance,2026-07-10T06:58:05.450587+00:00
2026-06-06 03:00:00+00:00,XRP-USD,15m,1.0951000452041626,1.0954999923706055,1.0887000560760498,1.0916999578475952,0,0,yfinance,2026-07-10T06:58:05.450587+00:00
2026-06-06 03:15:00+00:00,XRP-USD,15m,1.0923000574111938,1.0927000045776367,1.086300015449524,1.0901999473571777,0,0,yfinance,2026-07-10T06:58:05.450587+00:00
2026-06-06 03:30:00+00:00,XRP-USD,15m,1.0893000364303589,1.0917999744415283,1.083799958229065,1.0881999731063843,3543296,3543296,yfinance,2026-07-10T06:58:05.450587+00:00
2026-06-06 03:45:00+00:00,XRP-USD,15m,1.0888999700546265,1.0894999504089355,1.083400011062622,1.0853999853134155,5301248,5301248,yfinance,2026-07-10T06:58:05.450587+00:00
2026-06-06 04:00:00+00:00,XRP-USD,15m,1.0852999687194824,1.090000033378601,1.0700000524520874,1.073199987411499,524032,524032,yfinance,2026-07-10T06:58:05.450587+00:00
2026-06-06 04:15:00+00:00,XRP-USD,15m,1.0729000568389893,1.0779999494552612,1.0600999593734741,1.0621000528335571,27342848,27342848,yfinance,2026-07-10T06:58:05.450587+00:00
2026-06-06 04:30:00+00:00,XRP-USD,15m,1.0621000528335571,1.062999963760376,1.0520999431610107,1.0550999641418457,46811904,46811904,yfinance,2026-07-10T06:58:05.450587+00:00
2026-06-06 04:45:00+00:00,XRP-USD,15m,1.0550999641418457,1.0657000541687012,1.0528000593185425,1.0578999519348145,27754240,27754240,yfinance,2026-07-10T06:58:05.450587+00:00
2026-06-06 05:00:00+00:00,XRP-USD,15m,1.0579999685287476,1.0641000270843506,1.0503000020980835,1.0572999715805054,21529088,21529088,yfinance,2026-07-10T06:58:05.450587+00:00
2026-06-06 05:15:00+00:00,XRP-USD,15m,1.0571999549865723,1.089900016784668,1.056399941444397,1.0789999961853027,87844864,87844864,yfinance,2026-07-10T06:58:05.450587+00:00
2026-06-06 05:30:00+00:00,XRP-USD,15m,1.0786000490188599,1.0849000215530396,1.0750000476837158,1.0843000411987305,8779008,8779008,yfinance,2026-07-10T06:58:05.450587+00:00
2026-06-06 05:45:00+00:00,XRP-USD,15m,1.0846999883651733,1.090399980545044,1.0830999612808228,1.0889999866485596,0,0,yfinance,2026-07-10T06:58:05.450587+00:00
2026-06-06 06:00:00+00:00,XRP-USD,15m,1.0894999504089355,1.0961999893188477,1.0892000198364258,1.0958000421524048,0,0,yfinance,2026-07-10T06:58:05.450587+00:00
2026-06-06 06:15:00+00:00,XRP-USD,15m,1.0947999954223633,1.1002999544143677,1.0930999517440796,1.0987999439239502,0,0,yfinance,2026-07-10T06:58:05.450587+00:00
2026-06-06 06:30:00+00:00,XRP-USD,15m,1.0985000133514404,1.0985000133514404,1.0893000364303589,1.0896999835968018,0,0,yfinance,2026-07-10T06:58:05.450587+00:00
2026-06-06 06:45:00+00:00,XRP-USD,15m,1.087499976158142,1.089400053024292,1.080399990081787,1.0821000337600708,0,0,yfinance,2026-07-10T06:58:05.450587+00:00
2026-06-06 07:00:00+00:00,XRP-USD,15m,1.0821000337600708,1.0931999683380127,1.0809999704360962,1.0917999744415283,0,0,yfinance,2026-07-10T06:58:05.450587+00:00
2026-06-06 07:15:00+00:00,XRP-USD,15m,1.0918999910354614,1.0953999757766724,1.086300015449524,1.0884000062942505,0,0,yfinance,2026-07-10T06:58:05.450587+00:00
2026-06-06 07:30:00+00:00,XRP-USD,15m,1.0884000062942505,1.0968999862670898,1.0879000425338745,1.0960999727249146,0,0,yfinance,2026-07-10T06:58:05.450587+00:00
2026-06-06 07:45:00+00:00,XRP-USD,15m,1.0964000225067139,1.0976999998092651,1.0916999578475952,1.0916999578475952,0,0,yfinance,2026-07-10T06:58:05.450587+00:00
2026-06-06 08:00:00+00:00,XRP-USD,15m,1.0918999910354614,1.0981999635696411,1.089400053024292,1.0967999696731567,0,0,yfinance,2026-07-10T06:58:05.450587+00:00
2026-06-06 08:15:00+00:00,XRP-USD,15m,1.097000002861023,1.1032999753952026,1.0944000482559204,1.1023000478744507,956928,956928,yfinance,2026-07-10T06:58:05.450587+00:00
2026-06-06 08:30:00+00:00,XRP-USD,15m,1.101199984550476,1.1023000478744507,1.0979000329971313,1.0989999771118164,11943680,11943680,yfinance,2026-07-10T06:58:05.450587+00:00
2026-06-06 08:45:00+00:00,XRP-USD,15m,1.0988999605178833,1.1023000478744507,1.097000002861023,1.0982999801635742,23296,23296,yfinance,2026-07-10T06:58:05.450587+00:00
2026-06-06 09:00:00+00:00,XRP-USD,15m,1.0976999998092651,1.0997999906539917,1.0949000120162964,1.0963000059127808,0,0,yfinance,2026-07-10T06:58:05.450587+00:00
2026-06-06 09:15:00+00:00,XRP-USD,15m,1.0954999923706055,1.1023999452590942,1.0943000316619873,1.1019999980926514,0,0,yfinance,2026-07-10T06:58:05.450587+00:00
2026-06-06 09:30:00+00:00,XRP-USD,15m,1.1018999814987183,1.1024999618530273,1.0968999862670898,1.0968999862670898,9818624,9818624,yfinance,2026-07-10T06:58:05.450587+00:00
2026-06-06 09:45:00+00:00,XRP-USD,15m,1.0972000360488892,1.0972000360488892,1.0884000062942505,1.090999960899353,1174784,1174784,yfinance,2026-07-10T06:58:05.450587+00:00
2026-06-06 10:00:00+00:00,XRP-USD,15m,1.0911999940872192,1.0911999940872192,1.0794999599456787,1.0815999507904053,3207680,3207680,yfinance,2026-07-10T06:58:05.450587+00:00
2026-06-06 10:15:00+00:00,XRP-USD,15m,1.0822999477386475,1.0846999883651733,1.0795999765396118,1.0816999673843384,1441792,1441792,yfinance,2026-07-10T06:58:05.450587+00:00
2026-06-06 10:30:00+00:00,XRP-USD,15m,1.0812000036239624,1.0816999673843384,1.0722999572753906,1.0778000354766846,9985536,9985536,yfinance,2026-07-10T06:58:05.450587+00:00
2026-06-06 10:45:00+00:00,XRP-USD,15m,1.0774999856948853,1.0806000232696533,1.0743999481201172,1.080199956893921,11916544,11916544,yfinance,2026-07-10T06:58:05.450587+00:00
2026-06-06 11:00:00+00:00,XRP-USD,15m,1.079300045967102,1.0849000215530396,1.0789999961853027,1.0815000534057617,0,0,yfinance,2026-07-10T06:58:05.450587+00:00
2026-06-06 11:15:00+00:00,XRP-USD,15m,1.0814000368118286,1.0851000547409058,1.0794999599456787,1.0839999914169312,0,0,yfinance,2026-07-10T06:58:05.450587+00:00
2026-06-06 11:30:00+00:00,XRP-USD,15m,1.0836999416351318,1.0859999656677246,1.0817999839782715,1.0851000547409058,197120,197120,yfinance,2026-07-10T06:58:05.450587+00:00
2026-06-06 11:45:00+00:00,XRP-USD,15m,1.0851999521255493,1.0888999700546265,1.0848000049591064,1.0872000455856323,0,0,yfinance,2026-07-10T06:58:05.450587+00:00
2026-06-06 12:00:00+00:00,XRP-USD,15m,1.0870000123977661,1.0932999849319458,1.086400032043457,1.0887999534606934,17722112,17722112,yfinance,2026-07-10T06:58:05.450587+00:00
2026-06-06 12:15:00+00:00,XRP-USD,15m,1.0886000394821167,1.0894999504089355,1.0824999809265137,1.0825999975204468,0,0,yfinance,2026-07-10T06:58:05.450587+00:00
2026-06-06 12:30:00+00:00,XRP-USD,15m,1.0822999477386475,1.0849000215530396,1.080299973487854,1.083799958229065,0,0,yfinance,2026-07-10T06:58:05.450587+00:00
2026-06-06 12:45:00+00:00,XRP-USD,15m,1.0841000080108643,1.0978000164031982,1.0841000080108643,1.0954999923706055,24062464,24062464,yfinance,2026-07-10T06:58:05.450587+00:00
2026-06-06 13:00:00+00:00,XRP-USD,15m,1.0951000452041626,1.0979000329971313,1.0937000513076782,1.0953999757766724,0,0,yfinance,2026-07-10T06:58:05.450587+00:00
2026-06-06 13:15:00+00:00,XRP-USD,15m,1.0951000452041626,1.096500039100647,1.0932999849319458,1.094099998474121,0,0,yfinance,2026-07-10T06:58:05.450587+00:00
2026-06-06 13:30:00+00:00,XRP-USD,15m,1.0938999652862549,1.097100019454956,1.0915000438690186,1.097000002861023,0,0,yfinance,2026-07-10T06:58:05.450587+00:00
2026-06-06 13:45:00+00:00,XRP-USD,15m,1.098099946975708,1.1017999649047852,1.0961999893188477,1.0976999998092651,0,0,yfinance,2026-07-10T06:58:05.450587+00:00
2026-06-06 14:00:00+00:00,XRP-USD,15m,1.0973000526428223,1.105299949645996,1.097000002861023,1.1044000387191772,0,0,yfinance,2026-07-10T06:58:05.450587+00:00
2026-06-06 14:15:00+00:00,XRP-USD,15m,1.104099988937378,1.1068999767303467,1.1016000509262085,1.1028000116348267,0,0,yfinance,2026-07-10T06:58:05.450587+00:00
2026-06-06 14:30:00+00:00,XRP-USD,15m,1.1025999784469604,1.1090999841690063,1.1007000207901,1.1083999872207642,0,0,yfinance,2026-07-10T06:58:05.450587+00:00
2026-06-06 14:45:00+00:00,XRP-USD,15m,1.108299970626831,1.1092000007629395,1.1022000312805176,1.1024999618530273,0,0,yfinance,2026-07-10T06:58:05.450587+00:00
2026-06-06 15:00:00+00:00,XRP-USD,15m,1.1030999422073364,1.103600025177002,1.090000033378601,1.0913000106811523,0,0,yfinance,2026-07-10T06:58:05.450587+00:00
2026-06-06 15:15:00+00:00,XRP-USD,15m,1.090399980545044,1.0949000120162964,1.0859999656677246,1.093999981880188,0,0,yfinance,2026-07-10T06:58:05.450587+00:00
2026-06-06 15:30:00+00:00,XRP-USD,15m,1.0938999652862549,1.0990999937057495,1.0911999940872192,1.0981999635696411,0,0,yfinance,2026-07-10T06:58:05.450587+00:00
2026-06-06 15:45:00+00:00,XRP-USD,15m,1.0983999967575073,1.0999000072479248,1.093500018119812,1.0954999923706055,0,0,yfinance,2026-07-10T06:58:05.450587+00:00
2026-06-06 16:00:00+00:00,XRP-USD,15m,1.0951000452041626,1.101099967956543,1.093500018119812,1.0960999727249146,0,0,yfinance,2026-07-10T06:58:05.450587+00:00
2026-06-06 16:15:00+00:00,XRP-USD,15m,1.0957000255584717,1.09660005569458,1.0902999639511108,1.0907000303268433,0,0,yfinance,2026-07-10T06:58:05.450587+00:00
2026-06-06 16:30:00+00:00,XRP-USD,15m,1.0902999639511108,1.0925999879837036,1.0880000591278076,1.0923999547958374,0,0,yfinance,2026-07-10T06:58:05.450587+00:00
2026-06-06 16:45:00+00:00,XRP-USD,15m,1.0923999547958374,1.100100040435791,1.091599941253662,1.0950000286102295,5927168,5927168,yfinance,2026-07-10T06:58:05.450587+00:00
2026-06-06 17:00:00+00:00,XRP-USD,15m,1.0947999954223633,1.0973999500274658,1.0889999866485596,1.0927000045776367,0,0,yfinance,2026-07-10T06:58:05.450587+00:00
2026-06-06 17:15:00+00:00,XRP-USD,15m,1.0924999713897705,1.0931999683380127,1.0857000350952148,1.0880000591278076,0,0,yfinance,2026-07-10T06:58:05.450587+00:00
2026-06-06 17:30:00+00:00,XRP-USD,15m,1.0879000425338745,1.0918999910354614,1.0836999416351318,1.0882999897003174,643328,643328,yfinance,2026-07-10T06:58:05.450587+00:00
2026-06-06 17:45:00+00:00,XRP-USD,15m,1.0885000228881836,1.0891000032424927,1.0806000232696533,1.082200050354004,1971200,1971200,yfinance,2026-07-10T06:58:05.450587+00:00
2026-06-06 18:00:00+00:00,XRP-USD,15m,1.0821000337600708,1.0827000141143799,1.0791000127792358,1.080399990081787,225280,225280,yfinance,2026-07-10T06:58:05.450587+00:00
2026-06-06 18:15:00+00:00,XRP-USD,15m,1.0801000595092773,1.0855000019073486,1.079300045967102,1.0850000381469727,0,0,yfinance,2026-07-10T06:58:05.450587+00:00
2026-06-06 18:30:00+00:00,XRP-USD,15m,1.0849000215530396,1.0849000215530396,1.0806000232696533,1.0836999416351318,2037504,2037504,yfinance,2026-07-10T06:58:05.450587+00:00
2026-06-06 18:45:00+00:00,XRP-USD,15m,1.0836000442504883,1.0852999687194824,1.080199956893921,1.0841000080108643,0,0,yfinance,2026-07-10T06:58:05.450587+00:00
2026-06-06 19:00:00+00:00,XRP-USD,15m,1.0839999914169312,1.089400053024292,1.082800030708313,1.0872999429702759,0,0,yfinance,2026-07-10T06:58:05.450587+00:00
2026-06-06 19:15:00+00:00,XRP-USD,15m,1.0871000289916992,1.0872000455856323,1.082800030708313,1.083799958229065,0,0,yfinance,2026-07-10T06:58:05.450587+00:00
2026-06-06 19:30:00+00:00,XRP-USD,15m,1.0836999416351318,1.0843000411987305,1.0809999704360962,1.082200050354004,0,0,yfinance,2026-07-10T06:58:05.450587+00:00
2026-06-06 19:45:00+00:00,XRP-USD,15m,1.082200050354004,1.0835000276565552,1.0801000595092773,1.080399990081787,0,0,yfinance,2026-07-10T06:58:05.450587+00:00
2026-06-06 20:00:00+00:00,XRP-USD,15m,1.080299973487854,1.0809999704360962,1.0772000551223755,1.0794999599456787,0,0,yfinance,2026-07-10T06:58:05.450587+00:00
2026-06-06 20:15:00+00:00,XRP-USD,15m,1.0786999464035034,1.0813000202178955,1.0779999494552612,1.079200029373169,0,0,yfinance,2026-07-10T06:58:05.450587+00:00
2026-06-06 20:30:00+00:00,XRP-USD,15m,1.0794999599456787,1.0844999551773071,1.0785000324249268,1.0841000080108643,0,0,yfinance,2026-07-10T06:58:05.450587+00:00
2026-06-06 20:45:00+00:00,XRP-USD,15m,1.083400011062622,1.0851999521255493,1.0817999839782715,1.0844999551773071,0,0,yfinance,2026-07-10T06:58:05.450587+00:00
2026-06-06 21:00:00+00:00,XRP-USD,15m,1.0844999551773071,1.0891000032424927,1.0842000246047974,1.087499976158142,0,0,yfinance,2026-07-10T06:58:05.450587+00:00
2026-06-06 21:15:00+00:00,XRP-USD,15m,1.0911999940872192,1.0924999713897705,1.0898000001907349,1.09089994430542,7229952,7229952,yfinance,2026-07-10T06:58:05.450587+00:00
2026-06-06 21:30:00+00:00,XRP-USD,15m,1.090999960899353,1.0932999849319458,1.0889999866485596,1.0901999473571777,0,0,yfinance,2026-07-10T06:58:05.450587+00:00
2026-06-06 21:45:00+00:00,XRP-USD,15m,1.0901999473571777,1.0901999473571777,1.086899995803833,1.0872999429702759,1371904,1371904,yfinance,2026-07-10T06:58:05.450587+00:00
2026-06-06 22:00:00+00:00,XRP-USD,15m,1.0872999429702759,1.0888999700546265,1.0825999975204468,1.0842000246047974,0,0,yfinance,2026-07-10T06:58:05.450587+00:00
2026-06-06 22:15:00+00:00,XRP-USD,15m,1.0841000080108643,1.087399959564209,1.0809999704360962,1.0822999477386475,0,0,yfinance,2026-07-10T06:58:05.450587+00:00
2026-06-06 22:30:00+00:00,XRP-USD,15m,1.0822999477386475,1.0858999490737915,1.0814000368118286,1.0853999853134155,0,0,yfinance,2026-07-10T06:58:05.450587+00:00
2026-06-06 22:45:00+00:00,XRP-USD,15m,1.0858999490737915,1.0893000364303589,1.0858999490737915,1.086300015449524,0,0,yfinance,2026-07-10T06:58:05.450587+00:00
2026-06-06 23:00:00+00:00,XRP-USD,15m,1.0861999988555908,1.090499997138977,1.0858999490737915,1.0896999835968018,0,0,yfinance,2026-07-10T06:58:05.450587+00:00
2026-06-06 23:15:00+00:00,XRP-USD,15m,1.089400053024292,1.090000033378601,1.0856000185012817,1.0891000032424927,0,0,yfinance,2026-07-10T06:58:05.450587+00:00
2026-06-06 23:30:00+00:00,XRP-USD,15m,1.0891000032424927,1.0944000482559204,1.0891000032424927,1.0932999849319458,0,0,yfinance,2026-07-10T06:58:05.450587+00:00
2026-06-06 23:45:00+00:00,XRP-USD,15m,1.0937000513076782,1.0942000150680542,1.0923999547958374,1.093000054359436,0,0,yfinance,2026-07-10T06:58:05.450587+00:00
2026-06-07 00:00:00+00:00,XRP-USD,15m,1.093000054359436,1.094099998474121,1.090000033378601,1.090999960899353,0,0,yfinance,2026-07-10T06:58:05.450587+00:00
2026-06-07 00:15:00+00:00,XRP-USD,15m,1.0910999774932861,1.094099998474121,1.0910999774932861,1.094099998474121,0,0,yfinance,2026-07-10T06:58:05.450587+00:00
2026-06-07 00:30:00+00:00,XRP-USD,15m,1.0944000482559204,1.0968999862670898,1.0920000076293945,1.0920000076293945,1224960,1224960,yfinance,2026-07-10T06:58:05.450587+00:00
2026-06-07 00:45:00+00:00,XRP-USD,15m,1.0917999744415283,1.0923999547958374,1.0887999534606934,1.0887999534606934,0,0,yfinance,2026-07-10T06:58:05.450587+00:00
2026-06-07 01:00:00+00:00,XRP-USD,15m,1.0886000394821167,1.1032999753952026,1.0879000425338745,1.1022000312805176,14180480,14180480,yfinance,2026-07-10T06:58:05.450587+00:00
2026-06-07 01:15:00+00:00,XRP-USD,15m,1.1021000146865845,1.1146999597549438,1.1009999513626099,1.1146999597549438,29848576,29848576,yfinance,2026-07-10T06:58:05.450587+00:00
2026-06-07 01:30:00+00:00,XRP-USD,15m,1.1146999597549438,1.1196999549865723,1.1133999824523926,1.1152000427246094,23403264,23403264,yfinance,2026-07-10T06:58:05.450587+00:00
2026-06-07 01:45:00+00:00,XRP-USD,15m,1.1152000427246094,1.1187000274658203,1.1131999492645264,1.1160000562667847,11363584,11363584,yfinance,2026-07-10T06:58:05.450587+00:00
2026-06-07 02:00:00+00:00,XRP-USD,15m,1.1157000064849854,1.1174999475479126,1.11489999294281,1.1162999868392944,696064,696064,yfinance,2026-07-10T06:58:05.450587+00:00
2026-06-07 02:15:00+00:00,XRP-USD,15m,1.1161999702453613,1.1168999671936035,1.1068999767303467,1.107699990272522,10640384,10640384,yfinance,2026-07-10T06:58:05.450587+00:00
2026-06-07 02:30:00+00:00,XRP-USD,15m,1.107300043106079,1.1138999462127686,1.1067999601364136,1.1138999462127686,0,0,yfinance,2026-07-10T06:58:05.450587+00:00
2026-06-07 02:45:00+00:00,XRP-USD,15m,1.1138999462127686,1.1225999593734741,1.1138999462127686,1.1188000440597534,13086720,13086720,yfinance,2026-07-10T06:58:05.450587+00:00
2026-06-07 03:00:00+00:00,XRP-USD,15m,1.1188000440597534,1.1212999820709229,1.1164000034332275,1.1203999519348145,0,0,yfinance,2026-07-10T06:58:05.450587+00:00
2026-06-07 03:15:00+00:00,XRP-USD,15m,1.1202000379562378,1.1239999532699585,1.1172000169754028,1.1210999488830566,4756480,4756480,yfinance,2026-07-10T06:58:05.450587+00:00
2026-06-07 03:30:00+00:00,XRP-USD,15m,1.1210999488830566,1.1225999593734741,1.114799976348877,1.118499994277954,392960,392960,yfinance,2026-07-10T06:58:05.450587+00:00
2026-06-07 03:45:00+00:00,XRP-USD,15m,1.1181999444961548,1.1188000440597534,1.1160000562667847,1.1181000471115112,0,0,yfinance,2026-07-10T06:58:05.450587+00:00
2026-06-07 04:00:00+00:00,XRP-USD,15m,1.1180000305175781,1.1187000274658203,1.1129000186920166,1.1145999431610107,0,0,yfinance,2026-07-10T06:58:05.450587+00:00
2026-06-07 04:15:00+00:00,XRP-USD,15m,1.114400029182434,1.1145999431610107,1.1096999645233154,1.111899971961975,0,0,yfinance,2026-07-10T06:58:05.450587+00:00
2026-06-07 04:30:00+00:00,XRP-USD,15m,1.1114000082015991,1.1217999458312988,1.111299991607666,1.1205999851226807,0,0,yfinance,2026-07-10T06:58:05.450587+00:00
2026-06-07 04:45:00+00:00,XRP-USD,15m,1.1207000017166138,1.121000051498413,1.1180000305175781,1.1207000017166138,0,0,yfinance,2026-07-10T06:58:05.450587+00:00
2026-06-07 05:00:00+00:00,XRP-USD,15m,1.12090003490448,1.1247999668121338,1.1191999912261963,1.121500015258789,0,0,yfinance,2026-07-10T06:58:05.450587+00:00
2026-06-07 05:15:00+00:00,XRP-USD,15m,1.121899962425232,1.1260000467300415,1.1193000078201294,1.121399998664856,7313792,7313792,yfinance,2026-07-10T06:58:05.450587+00:00
2026-06-07 05:30:00+00:00,XRP-USD,15m,1.121500015258789,1.1236000061035156,1.118499994277954,1.1234999895095825,0,0,yfinance,2026-07-10T06:58:05.450587+00:00
2026-06-07 05:45:00+00:00,XRP-USD,15m,1.1236000061035156,1.1236000061035156,1.1188000440597534,1.1195000410079956,0,0,yfinance,2026-07-10T06:58:05.450587+00:00
2026-06-07 06:00:00+00:00,XRP-USD,15m,1.1193000078201294,1.1195000410079956,1.1152000427246094,1.1175999641418457,0,0,yfinance,2026-07-10T06:58:05.450587+00:00
2026-06-07 06:15:00+00:00,XRP-USD,15m,1.1180000305175781,1.1253000497817993,1.1167000532150269,1.1246000528335571,516608,516608,yfinance,2026-07-10T06:58:05.450587+00:00
2026-06-07 06:30:00+00:00,XRP-USD,15m,1.1241999864578247,1.1288000345230103,1.1241999864578247,1.1270999908447266,9174400,9174400,yfinance,2026-07-10T06:58:05.450587+00:00
2026-06-07 06:45:00+00:00,XRP-USD,15m,1.1268999576568604,1.128600001335144,1.1253000497817993,1.1253000497817993,0,0,yfinance,2026-07-10T06:58:05.450587+00:00
2026-06-07 07:00:00+00:00,XRP-USD,15m,1.1246999502182007,1.1292999982833862,1.1227999925613403,1.1261999607086182,6096256,6096256,yfinance,2026-07-10T06:58:05.450587+00:00
2026-06-07 07:15:00+00:00,XRP-USD,15m,1.1262999773025513,1.1302000284194946,1.125,1.1302000284194946,3584768,3584768,yfinance,2026-07-10T06:58:05.450587+00:00
2026-06-07 07:30:00+00:00,XRP-USD,15m,1.1296000480651855,1.1345000267028809,1.1296000480651855,1.1327999830245972,15925760,15925760,yfinance,2026-07-10T06:58:05.450587+00:00
2026-06-07 07:45:00+00:00,XRP-USD,15m,1.132599949836731,1.1368999481201172,1.1324000358581543,1.1367000341415405,4442880,4442880,yfinance,2026-07-10T06:58:05.450587+00:00
2026-06-07 08:00:00+00:00,XRP-USD,15m,1.1367000341415405,1.1367000341415405,1.1301000118255615,1.1346999406814575,856576,856576,yfinance,2026-07-10T06:58:05.450587+00:00
2026-06-07 08:15:00+00:00,XRP-USD,15m,1.1341999769210815,1.139299988746643,1.1323000192642212,1.1382999420166016,339328,339328,yfinance,2026-07-10T06:58:05.450587+00:00
2026-06-07 08:30:00+00:00,XRP-USD,15m,1.1380000114440918,1.1405999660491943,1.1346999406814575,1.1404999494552612,4882944,4882944,yfinance,2026-07-10T06:58:05.450587+00:00
2026-06-07 08:45:00+00:00,XRP-USD,15m,1.1402000188827515,1.1550999879837036,1.1402000188827515,1.1550999879837036,38417152,38417152,yfinance,2026-07-10T06:58:05.450587+00:00
2026-06-07 09:00:00+00:00,XRP-USD,15m,1.1549999713897705,1.1664999723434448,1.1545000076293945,1.1648999452590942,69632640,69632640,yfinance,2026-07-10T06:58:05.450587+00:00
2026-06-07 09:15:00+00:00,XRP-USD,15m,1.1655999422073364,1.1692999601364136,1.1543999910354614,1.1607999801635742,39847424,39847424,yfinance,2026-07-10T06:58:05.450587+00:00
2026-06-07 09:30:00+00:00,XRP-USD,15m,1.1606999635696411,1.1606999635696411,1.148300051689148,1.149999976158142,20636928,20636928,yfinance,2026-07-10T06:58:05.450587+00:00
2026-06-07 09:45:00+00:00,XRP-USD,15m,1.149899959564209,1.149999976158142,1.145400047302246,1.1454999446868896,1179264,1179264,yfinance,2026-07-10T06:58:05.450587+00:00
2026-06-07 10:00:00+00:00,XRP-USD,15m,1.1455999612808228,1.1466000080108643,1.1390999555587769,1.1405999660491943,0,0,yfinance,2026-07-10T06:58:05.450587+00:00
2026-06-07 10:15:00+00:00,XRP-USD,15m,1.1407999992370605,1.143399953842163,1.1402000188827515,1.1405999660491943,1446272,1446272,yfinance,2026-07-10T06:58:05.450587+00:00
2026-06-07 10:30:00+00:00,XRP-USD,15m,1.1398999691009521,1.1407999992370605,1.1341999769210815,1.1368000507354736,0,0,yfinance,2026-07-10T06:58:05.450587+00:00
2026-06-07 10:45:00+00:00,XRP-USD,15m,1.1365000009536743,1.1368000507354736,1.1325000524520874,1.1348999738693237,0,0,yfinance,2026-07-10T06:58:05.450587+00:00
2026-06-07 11:00:00+00:00,XRP-USD,15m,1.1349999904632568,1.1370999813079834,1.1339000463485718,1.1353000402450562,0,0,yfinance,2026-07-10T06:58:05.450587+00:00
2026-06-07 11:15:00+00:00,XRP-USD,15m,1.1349999904632568,1.1378999948501587,1.132599949836731,1.1374000310897827,4393984,4393984,yfinance,2026-07-10T06:58:05.450587+00:00
2026-06-07 11:30:00+00:00,XRP-USD,15m,1.1374000310897827,1.1406999826431274,1.135200023651123,1.1383999586105347,9328384,9328384,yfinance,2026-07-10T06:58:05.450587+00:00
2026-06-07 11:45:00+00:00,XRP-USD,15m,1.1383999586105347,1.1405999660491943,1.1366000175476074,1.1396000385284424,4578816,4578816,yfinance,2026-07-10T06:58:05.450587+00:00
2026-06-07 12:00:00+00:00,XRP-USD,15m,1.1398999691009521,1.1402000188827515,1.1210999488830566,1.1229000091552734,6467840,6467840,yfinance,2026-07-10T06:58:05.450587+00:00
2026-06-07 12:15:00+00:00,XRP-USD,15m,1.1227999925613403,1.1275999546051025,1.1210999488830566,1.1232999563217163,23101312,23101312,yfinance,2026-07-10T06:58:05.450587+00:00
2026-06-07 12:30:00+00:00,XRP-USD,15m,1.1234999895095825,1.1243000030517578,1.118399977684021,1.1202000379562378,11789056,11789056,yfinance,2026-07-10T06:58:05.450587+00:00
2026-06-07 12:45:00+00:00,XRP-USD,15m,1.1204999685287476,1.1246999502182007,1.1204999685287476,1.1232999563217163,2697856,2697856,yfinance,2026-07-10T06:58:05.450587+00:00
2026-06-07 13:00:00+00:00,XRP-USD,15m,1.1230000257492065,1.1239999532699585,1.1205999851226807,1.1232000589370728,1199744,1199744,yfinance,2026-07-10T06:58:05.450587+00:00
2026-06-07 13:15:00+00:00,XRP-USD,15m,1.1232999563217163,1.1246000528335571,1.1203999519348145,1.1234999895095825,416768,416768,yfinance,2026-07-10T06:58:05.450587+00:00
2026-06-07 13:30:00+00:00,XRP-USD,15m,1.1232999563217163,1.1241999864578247,1.1207000017166138,1.122499942779541,172672,172672,yfinance,2026-07-10T06:58:05.450587+00:00
2026-06-07 13:45:00+00:00,XRP-USD,15m,1.1230000257492065,1.1233999729156494,1.1204999685287476,1.1217999458312988,0,0,yfinance,2026-07-10T06:58:05.450587+00:00
2026-06-07 14:00:00+00:00,XRP-USD,15m,1.1217999458312988,1.1252000331878662,1.1217000484466553,1.1240999698638916,0,0,yfinance,2026-07-10T06:58:05.450587+00:00
2026-06-07 14:15:00+00:00,XRP-USD,15m,1.123900055885315,1.1339000463485718,1.1232999563217163,1.1330000162124634,4620928,4620928,yfinance,2026-07-10T06:58:05.450587+00:00
2026-06-07 14:30:00+00:00,XRP-USD,15m,1.1331000328063965,1.1368000507354736,1.1287000179290771,1.1301000118255615,2802304,2802304,yfinance,2026-07-10T06:58:05.450587+00:00
2026-06-07 14:45:00+00:00,XRP-USD,15m,1.1302000284194946,1.1330000162124634,1.1282000541687012,1.1330000162124634,109952,109952,yfinance,2026-07-10T06:58:05.450587+00:00
2026-06-07 15:00:00+00:00,XRP-USD,15m,1.132599949836731,1.1328999996185303,1.1282000541687012,1.132599949836731,0,0,yfinance,2026-07-10T06:58:05.450587+00:00
2026-06-07 15:15:00+00:00,XRP-USD,15m,1.1324000358581543,1.1334999799728394,1.1282000541687012,1.1330000162124634,0,0,yfinance,2026-07-10T06:58:05.450587+00:00
2026-06-07 15:30:00+00:00,XRP-USD,15m,1.1331000328063965,1.1363999843597412,1.1323000192642212,1.1348999738693237,962688,962688,yfinance,2026-07-10T06:58:05.450587+00:00
2026-06-07 15:45:00+00:00,XRP-USD,15m,1.134600043296814,1.135200023651123,1.1309000253677368,1.1332999467849731,29824,29824,yfinance,2026-07-10T06:58:05.450587+00:00
2026-06-07 16:00:00+00:00,XRP-USD,15m,1.1337000131607056,1.1347999572753906,1.1303000450134277,1.1344000101089478,0,0,yfinance,2026-07-10T06:58:05.450587+00:00
2026-06-07 16:15:00+00:00,XRP-USD,15m,1.134600043296814,1.1365000009536743,1.1332999467849731,1.1347999572753906,1997824,1997824,yfinance,2026-07-10T06:58:05.450587+00:00
2026-06-07 16:30:00+00:00,XRP-USD,15m,1.134600043296814,1.138800024986267,1.1340999603271484,1.1369999647140503,1960448,1960448,yfinance,2026-07-10T06:58:05.450587+00:00
2026-06-07 16:45:00+00:00,XRP-USD,15m,1.1369999647140503,1.1390999555587769,1.1342999935150146,1.1375000476837158,1396992,1396992,yfinance,2026-07-10T06:58:05.450587+00:00
2026-06-07 17:00:00+00:00,XRP-USD,15m,1.1366000175476074,1.1455999612808228,1.136199951171875,1.144700050354004,6290688,6290688,yfinance,2026-07-10T06:58:05.450587+00:00
2026-06-07 17:15:00+00:00,XRP-USD,15m,1.1452000141143799,1.145400047302246,1.1419999599456787,1.1432000398635864,656384,656384,yfinance,2026-07-10T06:58:05.450587+00:00
2026-06-07 17:30:00+00:00,XRP-USD,15m,1.1431000232696533,1.1456999778747559,1.142300009727478,1.1447999477386475,0,0,yfinance,2026-07-10T06:58:05.450587+00:00
2026-06-07 17:45:00+00:00,XRP-USD,15m,1.1444000005722046,1.1449999809265137,1.1413999795913696,1.1441999673843384,0,0,yfinance,2026-07-10T06:58:05.450587+00:00
2026-06-07 18:00:00+00:00,XRP-USD,15m,1.1442999839782715,1.1506999731063843,1.1435999870300293,1.1503000259399414,0,0,yfinance,2026-07-10T06:58:05.450587+00:00
2026-06-07 18:15:00+00:00,XRP-USD,15m,1.149899959564209,1.1509000062942505,1.1452000141143799,1.1464999914169312,339840,339840,yfinance,2026-07-10T06:58:05.450587+00:00
2026-06-07 18:30:00+00:00,XRP-USD,15m,1.1470999717712402,1.1505000591278076,1.142699956893921,1.1437000036239624,595328,595328,yfinance,2026-07-10T06:58:05.450587+00:00
2026-06-07 18:45:00+00:00,XRP-USD,15m,1.1437000036239624,1.1454999446868896,1.1405999660491943,1.1407999992370605,868096,868096,yfinance,2026-07-10T06:58:05.450587+00:00
2026-06-07 19:00:00+00:00,XRP-USD,15m,1.1410000324249268,1.1410000324249268,1.128600001335144,1.1297999620437622,17064448,17064448,yfinance,2026-07-10T06:58:05.450587+00:00
2026-06-07 19:15:00+00:00,XRP-USD,15m,1.1292999982833862,1.1292999982833862,1.1207000017166138,1.1267000436782837,22120064,22120064,yfinance,2026-07-10T06:58:05.450587+00:00
2026-06-07 19:30:00+00:00,XRP-USD,15m,1.1268999576568604,1.1268999576568604,1.1217999458312988,1.1227999925613403,20155776,20155776,yfinance,2026-07-10T06:58:05.450587+00:00
2026-06-07 19:45:00+00:00,XRP-USD,15m,1.123900055885315,1.1261999607086182,1.1211999654769897,1.1243000030517578,16649600,16649600,yfinance,2026-07-10T06:58:05.450587+00:00
2026-06-07 20:00:00+00:00,XRP-USD,15m,1.1227999925613403,1.13100004196167,1.1212999820709229,1.1289000511169434,4358400,4358400,yfinance,2026-07-10T06:58:05.450587+00:00
2026-06-07 20:15:00+00:00,XRP-USD,15m,1.128600001335144,1.135699987411499,1.1262999773025513,1.1327999830245972,8350336,8350336,yfinance,2026-07-10T06:58:05.450587+00:00
2026-06-07 20:30:00+00:00,XRP-USD,15m,1.1327999830245972,1.1344000101089478,1.128499984741211,1.1302000284194946,3102848,3102848,yfinance,2026-07-10T06:58:05.450587+00:00
2026-06-07 20:45:00+00:00,XRP-USD,15m,1.1301000118255615,1.1339999437332153,1.1297999620437622,1.1318999528884888,0,0,yfinance,2026-07-10T06:58:05.450587+00:00
2026-06-07 21:00:00+00:00,XRP-USD,15m,1.1319999694824219,1.1332000494003296,1.1276999711990356,1.131500005722046,0,0,yfinance,2026-07-10T06:58:05.450587+00:00
2026-06-07 21:15:00+00:00,XRP-USD,15m,1.131500005722046,1.1319999694824219,1.1279000043869019,1.1282999515533447,0,0,yfinance,2026-07-10T06:58:05.450587+00:00
2026-06-07 21:30:00+00:00,XRP-USD,15m,1.1282000541687012,1.12909996509552,1.1253999471664429,1.1259000301361084,5378176,5378176,yfinance,2026-07-10T06:58:05.450587+00:00
2026-06-07 21:45:00+00:00,XRP-USD,15m,1.1265000104904175,1.1303999423980713,1.1253000497817993,1.1297999620437622,7613824,7613824,yfinance,2026-07-10T06:58:05.450587+00:00
2026-06-07 22:00:00+00:00,XRP-USD,15m,1.1303999423980713,1.1639000177383423,1.1276999711990356,1.1639000177383423,5784576,5784576,yfinance,2026-07-10T06:58:05.450587+00:00
2026-06-07 22:15:00+00:00,XRP-USD,15m,1.1658999919891357,1.1700999736785889,1.1503000259399414,1.153499960899353,117136384,117136384,yfinance,2026-07-10T06:58:05.450587+00:00
2026-06-07 22:30:00+00:00,XRP-USD,15m,1.1536999940872192,1.1615999937057495,1.1477999687194824,1.1575000286102295,24332800,24332800,yfinance,2026-07-10T06:58:05.450587+00:00
2026-06-07 22:45:00+00:00,XRP-USD,15m,1.1572999954223633,1.1614999771118164,1.1497999429702759,1.152899980545044,22706944,22706944,yfinance,2026-07-10T06:58:05.450587+00:00
2026-06-07 23:00:00+00:00,XRP-USD,15m,1.1521999835968018,1.1578999757766724,1.1517000198364258,1.1556999683380127,20910592,20910592,yfinance,2026-07-10T06:58:05.450587+00:00
2026-06-07 23:15:00+00:00,XRP-USD,15m,1.156000018119812,1.15910005569458,1.1500999927520752,1.1581000089645386,10695296,10695296,yfinance,2026-07-10T06:58:05.450587+00:00
2026-06-07 23:30:00+00:00,XRP-USD,15m,1.158400058746338,1.159500002861023,1.1548999547958374,1.155900001525879,13931520,13931520,yfinance,2026-07-10T06:58:05.450587+00:00
2026-06-07 23:45:00+00:00,XRP-USD,15m,1.1548999547958374,1.159600019454956,1.1531000137329102,1.1549999713897705,10176384,10176384,yfinance,2026-07-10T06:58:05.450587+00:00
2026-06-08 00:00:00+00:00,XRP-USD,15m,1.1548999547958374,1.1562999486923218,1.148300051689148,1.1503000259399414,7547392,7547392,yfinance,2026-07-10T06:58:05.450587+00:00
2026-06-08 00:15:00+00:00,XRP-USD,15m,1.149999976158142,1.1582000255584717,1.1486999988555908,1.1582000255584717,11172864,11172864,yfinance,2026-07-10T06:58:05.450587+00:00
2026-06-08 00:30:00+00:00,XRP-USD,15m,1.1576999425888062,1.1669000387191772,1.1574000120162964,1.1642999649047852,39821824,39821824,yfinance,2026-07-10T06:58:05.450587+00:00
2026-06-08 00:45:00+00:00,XRP-USD,15m,1.1633000373840332,1.1654000282287598,1.1589000225067139,1.1628999710083008,19050240,19050240,yfinance,2026-07-10T06:58:05.450587+00:00
2026-06-08 01:00:00+00:00,XRP-USD,15m,1.1629999876022339,1.1643999814987183,1.1532000303268433,1.1533000469207764,0,0,yfinance,2026-07-10T06:58:05.450587+00:00
2026-06-08 01:15:00+00:00,XRP-USD,15m,1.1532000303268433,1.1532000303268433,1.1425000429153442,1.1434999704360962,1160448,1160448,yfinance,2026-07-10T06:58:05.450587+00:00
2026-06-08 01:30:00+00:00,XRP-USD,15m,1.1434999704360962,1.1539000272750854,1.1419999599456787,1.1535999774932861,707072,707072,yfinance,2026-07-10T06:58:05.450587+00:00
2026-06-08 01:45:00+00:00,XRP-USD,15m,1.1535999774932861,1.1569000482559204,1.1500999927520752,1.156599998474121,4615680,4615680,yfinance,2026-07-10T06:58:05.450587+00:00
2026-06-08 02:00:00+00:00,XRP-USD,15m,1.1567000150680542,1.159999966621399,1.1548000574111938,1.1589000225067139,2532096,2532096,yfinance,2026-07-10T06:58:05.450587+00:00
2026-06-08 02:15:00+00:00,XRP-USD,15m,1.159000039100647,1.1612999439239502,1.1540000438690186,1.1579999923706055,4853504,4853504,yfinance,2026-07-10T06:58:05.450587+00:00
2026-06-08 02:30:00+00:00,XRP-USD,15m,1.1579999923706055,1.1591999530792236,1.1543999910354614,1.156000018119812,6981888,6981888,yfinance,2026-07-10T06:58:05.450587+00:00
2026-06-08 02:45:00+00:00,XRP-USD,15m,1.155400037765503,1.1561000347137451,1.151900053024292,1.156000018119812,5042688,5042688,yfinance,2026-07-10T06:58:05.450587+00:00
2026-06-08 03:00:00+00:00,XRP-USD,15m,1.1562000513076782,1.1606999635696411,1.1523000001907349,1.1579999923706055,3645184,3645184,yfinance,2026-07-10T06:58:05.450587+00:00
2026-06-08 03:15:00+00:00,XRP-USD,15m,1.1579999923706055,1.1588000059127808,1.1485999822616577,1.1485999822616577,0,0,yfinance,2026-07-10T06:58:05.450587+00:00
2026-06-08 03:30:00+00:00,XRP-USD,15m,1.1483999490737915,1.1520999670028687,1.1483999490737915,1.1497000455856323,0,0,yfinance,2026-07-10T06:58:05.450587+00:00
2026-06-08 03:45:00+00:00,XRP-USD,15m,1.1502000093460083,1.1526000499725342,1.1490000486373901,1.1510000228881836,739584,739584,yfinance,2026-07-10T06:58:05.450587+00:00
2026-06-08 04:00:00+00:00,XRP-USD,15m,1.1514999866485596,1.1519999504089355,1.143399953842163,1.1471999883651733,10676480,10676480,yfinance,2026-07-10T06:58:05.450587+00:00
2026-06-08 04:15:00+00:00,XRP-USD,15m,1.1477999687194824,1.1478999853134155,1.141800045967102,1.1440000534057617,8934912,8934912,yfinance,2026-07-10T06:58:05.450587+00:00
2026-06-08 04:30:00+00:00,XRP-USD,15m,1.1441999673843384,1.146299958229065,1.138700008392334,1.139799952507019,5137920,5137920,yfinance,2026-07-10T06:58:05.450587+00:00
2026-06-08 04:45:00+00:00,XRP-USD,15m,1.1404000520706177,1.1444000005722046,1.1396000385284424,1.1396000385284424,3640064,3640064,yfinance,2026-07-10T06:58:05.450587+00:00
2026-06-08 05:00:00+00:00,XRP-USD,15m,1.1399999856948853,1.142699956893921,1.1363999843597412,1.1367000341415405,5436160,5436160,yfinance,2026-07-10T06:58:05.450587+00:00
2026-06-08 05:15:00+00:00,XRP-USD,15m,1.1373000144958496,1.1390999555587769,1.1337000131607056,1.1368999481201172,0,0,yfinance,2026-07-10T06:58:05.450587+00:00
2026-06-08 05:30:00+00:00,XRP-USD,15m,1.1368999481201172,1.1368999481201172,1.1313999891281128,1.1331000328063965,9513472,9513472,yfinance,2026-07-10T06:58:05.450587+00:00
2026-06-08 05:45:00+00:00,XRP-USD,15m,1.1331000328063965,1.136199951171875,1.1319999694824219,1.1358000040054321,9271296,9271296,yfinance,2026-07-10T06:58:05.450587+00:00
2026-06-08 06:00:00+00:00,XRP-USD,15m,1.1358000040054321,1.1398999691009521,1.1354999542236328,1.1385999917984009,4578816,4578816,yfinance,2026-07-10T06:58:05.450587+00:00
2026-06-08 06:15:00+00:00,XRP-USD,15m,1.1383999586105347,1.1426000595092773,1.1367000341415405,1.1414999961853027,4157184,4157184,yfinance,2026-07-10T06:58:05.450587+00:00
2026-06-08 06:30:00+00:00,XRP-USD,15m,1.1409000158309937,1.1411999464035034,1.1382999420166016,1.1401000022888184,0,0,yfinance,2026-07-10T06:58:05.450587+00:00
2026-06-08 06:45:00+00:00,XRP-USD,15m,1.1403000354766846,1.1409000158309937,1.1378999948501587,1.1404000520706177,0,0,yfinance,2026-07-10T06:58:05.450587+00:00
2026-06-08 07:00:00+00:00,XRP-USD,15m,1.1405999660491943,1.145400047302246,1.1371999979019165,1.1432000398635864,0,0,yfinance,2026-07-10T06:58:05.450587+00:00
2026-06-08 07:15:00+00:00,XRP-USD,15m,1.142799973487854,1.1482000350952148,1.1407999992370605,1.1469000577926636,2646784,2646784,yfinance,2026-07-10T06:58:05.450587+00:00
2026-06-08 07:30:00+00:00,XRP-USD,15m,1.1469999551773071,1.1480000019073486,1.1452000141143799,1.1469999551773071,25314816,25314816,yfinance,2026-07-10T06:58:05.450587+00:00
2026-06-08 07:45:00+00:00,XRP-USD,15m,1.1469999551773071,1.1497999429702759,1.146299958229065,1.1469999551773071,1989376,1989376,yfinance,2026-07-10T06:58:05.450587+00:00
2026-06-08 08:00:00+00:00,XRP-USD,15m,1.1467000246047974,1.1469000577926636,1.141800045967102,1.142699956893921,0,0,yfinance,2026-07-10T06:58:05.450587+00:00
2026-06-08 08:15:00+00:00,XRP-USD,15m,1.1425000429153442,1.1433000564575195,1.136299967765808,1.139299988746643,0,0,yfinance,2026-07-10T06:58:05.450587+00:00
2026-06-08 08:30:00+00:00,XRP-USD,15m,1.1397000551223755,1.1416000127792358,1.1375000476837158,1.138700008392334,0,0,yfinance,2026-07-10T06:58:05.450587+00:00
2026-06-08 08:45:00+00:00,XRP-USD,15m,1.1384999752044678,1.13919997215271,1.1353000402450562,1.138800024986267,0,0,yfinance,2026-07-10T06:58:05.450587+00:00
2026-06-08 09:00:00+00:00,XRP-USD,15m,1.1390000581741333,1.1435999870300293,1.1390000581741333,1.1434999704360962,0,0,yfinance,2026-07-10T06:58:05.450587+00:00
2026-06-08 09:15:00+00:00,XRP-USD,15m,1.143399953842163,1.146399974822998,1.142300009727478,1.1440000534057617,0,0,yfinance,2026-07-10T06:58:05.450587+00:00
2026-06-08 09:30:00+00:00,XRP-USD,15m,1.1439000368118286,1.1460000276565552,1.1402000188827515,1.1456999778747559,2458880,2458880,yfinance,2026-07-10T06:58:05.450587+00:00
2026-06-08 09:45:00+00:00,XRP-USD,15m,1.1455999612808228,1.1491999626159668,1.1455999612808228,1.1490999460220337,0,0,yfinance,2026-07-10T06:58:05.450587+00:00
2026-06-08 10:00:00+00:00,XRP-USD,15m,1.1491999626159668,1.1514999866485596,1.1484999656677246,1.149899959564209,0,0,yfinance,2026-07-10T06:58:05.450587+00:00
2026-06-08 10:15:00+00:00,XRP-USD,15m,1.149899959564209,1.149899959564209,1.143399953842163,1.1439000368118286,0,0,yfinance,2026-07-10T06:58:05.450587+00:00
2026-06-08 10:30:00+00:00,XRP-USD,15m,1.1438000202178955,1.1502000093460083,1.1425000429153442,1.1468000411987305,6089600,6089600,yfinance,2026-07-10T06:58:05.450587+00:00
2026-06-08 10:45:00+00:00,XRP-USD,15m,1.1464999914169312,1.1470999717712402,1.1424000263214111,1.1440000534057617,0,0,yfinance,2026-07-10T06:58:05.450587+00:00
2026-06-08 11:00:00+00:00,XRP-USD,15m,1.1440000534057617,1.1518000364303589,1.142300009727478,1.1512999534606934,5234176,5234176,yfinance,2026-07-10T06:58:05.450587+00:00
2026-06-08 11:15:00+00:00,XRP-USD,15m,1.151900053024292,1.1614999771118164,1.151900053024292,1.1598000526428223,29591552,29591552,yfinance,2026-07-10T06:58:05.450587+00:00
2026-06-08 11:30:00+00:00,XRP-USD,15m,1.1608999967575073,1.164199948310852,1.1578999757766724,1.159000039100647,12913408,12913408,yfinance,2026-07-10T06:58:05.450587+00:00
2026-06-08 11:45:00+00:00,XRP-USD,15m,1.1589000225067139,1.159999966621399,1.1553000211715698,1.157099962234497,5583360,5583360,yfinance,2026-07-10T06:58:05.450587+00:00
2026-06-08 12:00:00+00:00,XRP-USD,15m,1.157099962234497,1.1607999801635742,1.1476000547409058,1.1477999687194824,12381056,12381056,yfinance,2026-07-10T06:58:05.450587+00:00
2026-06-08 12:15:00+00:00,XRP-USD,15m,1.148300051689148,1.1535999774932861,1.1455999612808228,1.1535999774932861,0,0,yfinance,2026-07-10T06:58:05.450587+00:00
2026-06-08 12:30:00+00:00,XRP-USD,15m,1.1536999940872192,1.1640000343322754,1.1526999473571777,1.1638000011444092,1204608,1204608,yfinance,2026-07-10T06:58:05.450587+00:00
2026-06-08 12:45:00+00:00,XRP-USD,15m,1.1647000312805176,1.169600009918213,1.1604000329971313,1.1684000492095947,16934784,16934784,yfinance,2026-07-10T06:58:05.450587+00:00
2026-06-08 13:00:00+00:00,XRP-USD,15m,1.1692999601364136,1.169700026512146,1.1613999605178833,1.1640000343322754,16928256,16928256,yfinance,2026-07-10T06:58:05.450587+00:00
2026-06-08 13:15:00+00:00,XRP-USD,15m,1.164199948310852,1.1691999435424805,1.160099983215332,1.1605000495910645,19973376,19973376,yfinance,2026-07-10T06:58:05.450587+00:00
2026-06-08 13:30:00+00:00,XRP-USD,15m,1.160599946975708,1.1651999950408936,1.1548000574111938,1.1576000452041626,21896320,21896320,yfinance,2026-07-10T06:58:05.450587+00:00
2026-06-08 13:45:00+00:00,XRP-USD,15m,1.1583000421524048,1.1651999950408936,1.156599998474121,1.1617000102996826,21943808,21943808,yfinance,2026-07-10T06:58:05.450587+00:00
2026-06-08 14:00:00+00:00,XRP-USD,15m,1.1619999408721924,1.1643999814987183,1.1569000482559204,1.163599967956543,5713024,5713024,yfinance,2026-07-10T06:58:05.450587+00:00
2026-06-08 14:15:00+00:00,XRP-USD,15m,1.163599967956543,1.166200041770935,1.159500002861023,1.1648999452590942,7371392,7371392,yfinance,2026-07-10T06:58:05.450587+00:00
2026-06-08 14:30:00+00:00,XRP-USD,15m,1.1648999452590942,1.169100046157837,1.1643999814987183,1.166700005531311,10013312,10013312,yfinance,2026-07-10T06:58:05.450587+00:00
2026-06-08 14:45:00+00:00,XRP-USD,15m,1.166599988937378,1.174399971961975,1.1655999422073364,1.1721999645233154,13903616,13903616,yfinance,2026-07-10T06:58:05.450587+00:00
2026-06-08 15:00:00+00:00,XRP-USD,15m,1.1730999946594238,1.1849000453948975,1.1708999872207642,1.1827000379562378,27925760,27925760,yfinance,2026-07-10T06:58:05.450587+00:00
2026-06-08 15:15:00+00:00,XRP-USD,15m,1.1827000379562378,1.1835999488830566,1.1726000308990479,1.172700047492981,27053568,27053568,yfinance,2026-07-10T06:58:05.450587+00:00
2026-06-08 15:30:00+00:00,XRP-USD,15m,1.1722999811172485,1.1725000143051147,1.1684000492095947,1.1718000173568726,15948288,15948288,yfinance,2026-07-10T06:58:05.450587+00:00
2026-06-08 15:45:00+00:00,XRP-USD,15m,1.1719000339508057,1.1784000396728516,1.1687999963760376,1.170300006866455,17432832,17432832,yfinance,2026-07-10T06:58:05.450587+00:00
2026-06-08 16:00:00+00:00,XRP-USD,15m,1.1705000400543213,1.1740000247955322,1.167799949645996,1.1708999872207642,8230144,8230144,yfinance,2026-07-10T06:58:05.450587+00:00
2026-06-08 16:15:00+00:00,XRP-USD,15m,1.1708999872207642,1.176800012588501,1.1704000234603882,1.1705000400543213,8819968,8819968,yfinance,2026-07-10T06:58:05.450587+00:00
2026-06-08 16:30:00+00:00,XRP-USD,15m,1.1704000234603882,1.1704000234603882,1.1647000312805176,1.1684000492095947,17963264,17963264,yfinance,2026-07-10T06:58:05.450587+00:00
2026-06-08 16:45:00+00:00,XRP-USD,15m,1.1687999963760376,1.169100046157837,1.163599967956543,1.164199948310852,3542016,3542016,yfinance,2026-07-10T06:58:05.450587+00:00
2026-06-08 17:00:00+00:00,XRP-USD,15m,1.1644999980926514,1.1648000478744507,1.1576000452041626,1.1597000360488892,3491072,3491072,yfinance,2026-07-10T06:58:05.450587+00:00
2026-06-08 17:15:00+00:00,XRP-USD,15m,1.159999966621399,1.167799949645996,1.159500002861023,1.1676000356674194,8917760,8917760,yfinance,2026-07-10T06:58:05.450587+00:00
2026-06-08 17:30:00+00:00,XRP-USD,15m,1.167199969291687,1.167199969291687,1.1588000059127808,1.1647000312805176,7046912,7046912,yfinance,2026-07-10T06:58:05.450587+00:00
2026-06-08 17:45:00+00:00,XRP-USD,15m,1.1655999422073364,1.1723999977111816,1.1655999422073364,1.1723999977111816,6293760,6293760,yfinance,2026-07-10T06:58:05.450587+00:00
2026-06-08 18:00:00+00:00,XRP-USD,15m,1.172700047492981,1.1790000200271606,1.172700047492981,1.1739000082015991,7701504,7701504,yfinance,2026-07-10T06:58:05.450587+00:00
2026-06-08 18:15:00+00:00,XRP-USD,15m,1.1748000383377075,1.1787999868392944,1.173699975013733,1.1777000427246094,9885184,9885184,yfinance,2026-07-10T06:58:05.450587+00:00
2026-06-08 18:30:00+00:00,XRP-USD,15m,1.177899956703186,1.1792999505996704,1.170799970626831,1.1756000518798828,6582528,6582528,yfinance,2026-07-10T06:58:05.450587+00:00
2026-06-08 18:45:00+00:00,XRP-USD,15m,1.1759999990463257,1.1770999431610107,1.1720999479293823,1.1739000082015991,7486464,7486464,yfinance,2026-07-10T06:58:05.450587+00:00
2026-06-08 19:00:00+00:00,XRP-USD,15m,1.1741000413894653,1.1796000003814697,1.173200011253357,1.1770000457763672,0,0,yfinance,2026-07-10T06:58:05.450587+00:00
2026-06-08 19:15:00+00:00,XRP-USD,15m,1.176900029182434,1.1842000484466553,1.1751999855041504,1.1818000078201294,0,0,yfinance,2026-07-10T06:58:05.450587+00:00
2026-06-08 19:30:00+00:00,XRP-USD,15m,1.1819000244140625,1.1859999895095825,1.1800999641418457,1.180299997329712,3868672,3868672,yfinance,2026-07-10T06:58:05.450587+00:00
2026-06-08 19:45:00+00:00,XRP-USD,15m,1.1796000003814697,1.180799961090088,1.17330002784729,1.1786999702453613,2963968,2963968,yfinance,2026-07-10T06:58:05.450587+00:00
2026-06-08 20:00:00+00:00,XRP-USD,15m,1.1797000169754028,1.1812000274658203,1.1706000566482544,1.1722999811172485,8756224,8756224,yfinance,2026-07-10T06:58:05.450587+00:00
2026-06-08 20:15:00+00:00,XRP-USD,15m,1.172700047492981,1.1739000082015991,1.1685999631881714,1.1713999509811401,4249856,4249856,yfinance,2026-07-10T06:58:05.450587+00:00
2026-06-08 20:30:00+00:00,XRP-USD,15m,1.1717000007629395,1.1784000396728516,1.1713000535964966,1.1770000457763672,9890048,9890048,yfinance,2026-07-10T06:58:05.450587+00:00
2026-06-08 20:45:00+00:00,XRP-USD,15m,1.176800012588501,1.1782000064849854,1.1728999614715576,1.1764999628067017,2975744,2975744,yfinance,2026-07-10T06:58:05.450587+00:00
2026-06-08 21:00:00+00:00,XRP-USD,15m,1.177299976348877,1.1845999956130981,1.1771999597549438,1.18340003490448,19481088,19481088,yfinance,2026-07-10T06:58:05.450587+00:00
2026-06-08 21:15:00+00:00,XRP-USD,15m,1.1832000017166138,1.1854000091552734,1.1800999641418457,1.184000015258789,7598848,7598848,yfinance,2026-07-10T06:58:05.450587+00:00
2026-06-08 21:30:00+00:00,XRP-USD,15m,1.1837999820709229,1.1851999759674072,1.1818000078201294,1.1837999820709229,1255680,1255680,yfinance,2026-07-10T06:58:05.450587+00:00
2026-06-08 21:45:00+00:00,XRP-USD,15m,1.1841000318527222,1.184399962425232,1.1806000471115112,1.1806000471115112,4085504,4085504,yfinance,2026-07-10T06:58:05.450587+00:00
2026-06-08 22:00:00+00:00,XRP-USD,15m,1.1792000532150269,1.179800033569336,1.1723999977111816,1.17330002784729,0,0,yfinance,2026-07-10T06:58:05.450587+00:00
2026-06-08 22:15:00+00:00,XRP-USD,15m,1.1728999614715576,1.1790000200271606,1.1715999841690063,1.1759999990463257,0,0,yfinance,2026-07-10T06:58:05.450587+00:00
2026-06-08 22:30:00+00:00,XRP-USD,15m,1.1764999628067017,1.1775000095367432,1.1742000579833984,1.1753000020980835,0,0,yfinance,2026-07-10T06:58:05.450587+00:00
2026-06-08 22:45:00+00:00,XRP-USD,15m,1.1749999523162842,1.1785000562667847,1.1729999780654907,1.17739999294281,0,0,yfinance,2026-07-10T06:58:05.450587+00:00
2026-06-08 23:00:00+00:00,XRP-USD,15m,1.1771999597549438,1.18149995803833,1.1755000352859497,1.180400013923645,0,0,yfinance,2026-07-10T06:58:05.450587+00:00
2026-06-08 23:15:00+00:00,XRP-USD,15m,1.1801999807357788,1.180400013923645,1.1699999570846558,1.1710000038146973,5024256,5024256,yfinance,2026-07-10T06:58:05.450587+00:00
2026-06-08 23:30:00+00:00,XRP-USD,15m,1.1705000400543213,1.1721999645233154,1.1682000160217285,1.169700026512146,788096,788096,yfinance,2026-07-10T06:58:05.450587+00:00
2026-06-08 23:45:00+00:00,XRP-USD,15m,1.169800043106079,1.169800043106079,1.1660000085830688,1.1678999662399292,0,0,yfinance,2026-07-10T06:58:05.450587+00:00
2026-06-09 00:00:00+00:00,XRP-USD,15m,1.1675000190734863,1.170799970626831,1.1663999557495117,1.166599988937378,0,0,yfinance,2026-07-10T06:58:05.450587+00:00
2026-06-09 00:15:00+00:00,XRP-USD,15m,1.1663000583648682,1.170699954032898,1.1578999757766724,1.158400058746338,3030016,3030016,yfinance,2026-07-10T06:58:05.450587+00:00
2026-06-09 00:30:00+00:00,XRP-USD,15m,1.1588000059127808,1.159999966621399,1.152999997138977,1.1582000255584717,18329984,18329984,yfinance,2026-07-10T06:58:05.450587+00:00
2026-06-09 00:45:00+00:00,XRP-USD,15m,1.1576000452041626,1.1576000452041626,1.1518000364303589,1.152500033378601,6409216,6409216,yfinance,2026-07-10T06:58:05.450587+00:00
2026-06-09 01:00:00+00:00,XRP-USD,15m,1.1526000499725342,1.1561000347137451,1.151900053024292,1.151900053024292,2460160,2460160,yfinance,2026-07-10T06:58:05.450587+00:00
2026-06-09 01:15:00+00:00,XRP-USD,15m,1.1513999700546265,1.156599998474121,1.1512000560760498,1.1550999879837036,0,0,yfinance,2026-07-10T06:58:05.450587+00:00
2026-06-09 01:30:00+00:00,XRP-USD,15m,1.1550999879837036,1.156999945640564,1.1512000560760498,1.1519999504089355,0,0,yfinance,2026-07-10T06:58:05.450587+00:00
2026-06-09 01:45:00+00:00,XRP-USD,15m,1.152999997138977,1.1548000574111938,1.1492999792099,1.1507999897003174,772224,772224,yfinance,2026-07-10T06:58:05.450587+00:00
2026-06-09 02:00:00+00:00,XRP-USD,15m,1.1505999565124512,1.1543999910354614,1.1505000591278076,1.1509000062942505,0,0,yfinance,2026-07-10T06:58:05.450587+00:00
2026-06-09 02:15:00+00:00,XRP-USD,15m,1.1511000394821167,1.1511000394821167,1.1460000276565552,1.148800015449524,4454272,4454272,yfinance,2026-07-10T06:58:05.450587+00:00
2026-06-09 02:30:00+00:00,XRP-USD,15m,1.1483999490737915,1.1497000455856323,1.1433000564575195,1.1468000411987305,1461632,1461632,yfinance,2026-07-10T06:58:05.450587+00:00
2026-06-09 02:45:00+00:00,XRP-USD,15m,1.1470999717712402,1.1523000001907349,1.145900011062622,1.1519999504089355,6164480,6164480,yfinance,2026-07-10T06:58:05.450587+00:00
2026-06-09 03:00:00+00:00,XRP-USD,15m,1.1526999473571777,1.1553000211715698,1.1517000198364258,1.1538000106811523,716800,716800,yfinance,2026-07-10T06:58:05.450587+00:00
2026-06-09 03:15:00+00:00,XRP-USD,15m,1.1542999744415283,1.156000018119812,1.1505999565124512,1.1527999639511108,0,0,yfinance,2026-07-10T06:58:05.450587+00:00
2026-06-09 03:30:00+00:00,XRP-USD,15m,1.1531000137329102,1.1547000408172607,1.1500999927520752,1.1540000438690186,0,0,yfinance,2026-07-10T06:58:05.450587+00:00
2026-06-09 03:45:00+00:00,XRP-USD,15m,1.1541999578475952,1.1549999713897705,1.1514999866485596,1.1543999910354614,0,0,yfinance,2026-07-10T06:58:05.450587+00:00
2026-06-09 04:00:00+00:00,XRP-USD,15m,1.1541999578475952,1.155900001525879,1.1507999897003174,1.1535999774932861,0,0,yfinance,2026-07-10T06:58:05.450587+00:00
2026-06-09 04:15:00+00:00,XRP-USD,15m,1.1527999639511108,1.1547000408172607,1.1518000364303589,1.1519999504089355,0,0,yfinance,2026-07-10T06:58:05.450587+00:00
2026-06-09 04:30:00+00:00,XRP-USD,15m,1.152500033378601,1.1714999675750732,1.1505000591278076,1.1677000522613525,33978240,33978240,yfinance,2026-07-10T06:58:05.450587+00:00
2026-06-09 04:45:00+00:00,XRP-USD,15m,1.167199969291687,1.1706000566482544,1.1658999919891357,1.1660000085830688,17086720,17086720,yfinance,2026-07-10T06:58:05.450587+00:00
2026-06-09 05:00:00+00:00,XRP-USD,15m,1.1658999919891357,1.1675000190734863,1.1618000268936157,1.163599967956543,0,0,yfinance,2026-07-10T06:58:05.450587+00:00
2026-06-09 05:15:00+00:00,XRP-USD,15m,1.1641000509262085,1.1676000356674194,1.1640000343322754,1.1669000387191772,0,0,yfinance,2026-07-10T06:58:05.450587+00:00
2026-06-09 05:30:00+00:00,XRP-USD,15m,1.1668000221252441,1.1755000352859497,1.1663000583648682,1.1721999645233154,7543552,7543552,yfinance,2026-07-10T06:58:05.450587+00:00
2026-06-09 05:45:00+00:00,XRP-USD,15m,1.1720000505447388,1.1740000247955322,1.170799970626831,1.1723999977111816,3446528,3446528,yfinance,2026-07-10T06:58:05.450587+00:00
2026-06-09 06:00:00+00:00,XRP-USD,15m,1.1728999614715576,1.1750999689102173,1.1715999841690063,1.174299955368042,0,0,yfinance,2026-07-10T06:58:05.450587+00:00
2026-06-09 06:15:00+00:00,XRP-USD,15m,1.1742000579833984,1.1761000156402588,1.1714999675750732,1.1735999584197998,441856,441856,yfinance,2026-07-10T06:58:05.450587+00:00
2026-06-09 06:30:00+00:00,XRP-USD,15m,1.1742000579833984,1.174399971961975,1.1712000370025635,1.1717000007629395,8962816,8962816,yfinance,2026-07-10T06:58:05.450587+00:00
2026-06-09 06:45:00+00:00,XRP-USD,15m,1.1717000007629395,1.172700047492981,1.1705000400543213,1.1717000007629395,3827328,3827328,yfinance,2026-07-10T06:58:05.450587+00:00
2026-06-09 07:00:00+00:00,XRP-USD,15m,1.1720999479293823,1.1756999492645264,1.1708999872207642,1.1710000038146973,4544896,4544896,yfinance,2026-07-10T06:58:05.450587+00:00
2026-06-09 07:15:00+00:00,XRP-USD,15m,1.170699954032898,1.173200011253357,1.1658999919891357,1.1658999919891357,0,0,yfinance,2026-07-10T06:58:05.450587+00:00
2026-06-09 07:30:00+00:00,XRP-USD,15m,1.1663000583648682,1.170799970626831,1.1663000583648682,1.1700999736785889,10274176,10274176,yfinance,2026-07-10T06:58:05.450587+00:00
2026-06-09 07:45:00+00:00,XRP-USD,15m,1.1706000566482544,1.1723999977111816,1.1685999631881714,1.1706000566482544,2711040,2711040,yfinance,2026-07-10T06:58:05.450587+00:00
2026-06-09 08:00:00+00:00,XRP-USD,15m,1.1708999872207642,1.1718000173568726,1.1641000509262085,1.1668000221252441,1628160,1628160,yfinance,2026-07-10T06:58:05.450587+00:00
2026-06-09 08:15:00+00:00,XRP-USD,15m,1.1669000387191772,1.1684999465942383,1.1654000282287598,1.1664999723434448,4632064,4632064,yfinance,2026-07-10T06:58:05.450587+00:00
2026-06-09 08:30:00+00:00,XRP-USD,15m,1.1660000085830688,1.169600009918213,1.1656999588012695,1.1683000326156616,3699200,3699200,yfinance,2026-07-10T06:58:05.450587+00:00
2026-06-09 08:45:00+00:00,XRP-USD,15m,1.1680999994277954,1.1694999933242798,1.166200041770935,1.167199969291687,712832,712832,yfinance,2026-07-10T06:58:05.450587+00:00
2026-06-09 09:00:00+00:00,XRP-USD,15m,1.166700005531311,1.1675000190734863,1.1648999452590942,1.1675000190734863,52096,52096,yfinance,2026-07-10T06:58:05.450587+00:00
2026-06-09 09:15:00+00:00,XRP-USD,15m,1.167799949645996,1.169600009918213,1.1653000116348267,1.1653000116348267,1829632,1829632,yfinance,2026-07-10T06:58:05.450587+00:00
2026-06-09 09:30:00+00:00,XRP-USD,15m,1.1647000312805176,1.1647000312805176,1.159000039100647,1.1598000526428223,1207424,1207424,yfinance,2026-07-10T06:58:05.450587+00:00
2026-06-09 09:45:00+00:00,XRP-USD,15m,1.160099983215332,1.1612999439239502,1.1582000255584717,1.15910005569458,6023296,6023296,yfinance,2026-07-10T06:58:05.450587+00:00
2026-06-09 10:00:00+00:00,XRP-USD,15m,1.159600019454956,1.1605000495910645,1.155900001525879,1.1586999893188477,6312192,6312192,yfinance,2026-07-10T06:58:05.450587+00:00
2026-06-09 10:15:00+00:00,XRP-USD,15m,1.1584999561309814,1.1584999561309814,1.156599998474121,1.1574000120162964,824960,824960,yfinance,2026-07-10T06:58:05.450587+00:00
2026-06-09 10:30:00+00:00,XRP-USD,15m,1.1572999954223633,1.1575000286102295,1.1543999910354614,1.1567000150680542,0,0,yfinance,2026-07-10T06:58:05.450587+00:00
2026-06-09 10:45:00+00:00,XRP-USD,15m,1.1567000150680542,1.159600019454956,1.1556999683380127,1.1586999893188477,3663872,3663872,yfinance,2026-07-10T06:58:05.450587+00:00
2026-06-09 11:00:00+00:00,XRP-USD,15m,1.1586999893188477,1.1586999893188477,1.1521999835968018,1.152400016784668,0,0,yfinance,2026-07-10T06:58:05.450587+00:00
2026-06-09 11:15:00+00:00,XRP-USD,15m,1.152500033378601,1.1543999910354614,1.1521999835968018,1.1536999940872192,0,0,yfinance,2026-07-10T06:58:05.450587+00:00
2026-06-09 11:30:00+00:00,XRP-USD,15m,1.1533000469207764,1.156000018119812,1.152500033378601,1.1536999940872192,0,0,yfinance,2026-07-10T06:58:05.450587+00:00
2026-06-09 11:45:00+00:00,XRP-USD,15m,1.1540000438690186,1.1556999683380127,1.1531000137329102,1.1549999713897705,0,0,yfinance,2026-07-10T06:58:05.450587+00:00
2026-06-09 12:00:00+00:00,XRP-USD,15m,1.1542999744415283,1.1632000207901,1.1542999744415283,1.1620999574661255,0,0,yfinance,2026-07-10T06:58:05.450587+00:00
2026-06-09 12:15:00+00:00,XRP-USD,15m,1.1620999574661255,1.1621999740600586,1.1586999893188477,1.1612999439239502,0,0,yfinance,2026-07-10T06:58:05.450587+00:00
2026-06-09 12:30:00+00:00,XRP-USD,15m,1.1606999635696411,1.1618000268936157,1.1582000255584717,1.159600019454956,0,0,yfinance,2026-07-10T06:58:05.450587+00:00
2026-06-09 12:45:00+00:00,XRP-USD,15m,1.1591999530792236,1.1629999876022339,1.1571999788284302,1.1621999740600586,0,0,yfinance,2026-07-10T06:58:05.450587+00:00
2026-06-09 13:00:00+00:00,XRP-USD,15m,1.1634000539779663,1.166100025177002,1.1621999740600586,1.1628999710083008,1036800,1036800,yfinance,2026-07-10T06:58:05.450587+00:00
2026-06-09 13:15:00+00:00,XRP-USD,15m,1.1628999710083008,1.1629999876022339,1.156000018119812,1.1578999757766724,0,0,yfinance,2026-07-10T06:58:05.450587+00:00
2026-06-09 13:30:00+00:00,XRP-USD,15m,1.1569000482559204,1.1614999771118164,1.1539000272750854,1.1614999771118164,0,0,yfinance,2026-07-10T06:58:05.450587+00:00
2026-06-09 13:45:00+00:00,XRP-USD,15m,1.1617000102996826,1.1628999710083008,1.1571999788284302,1.1574000120162964,0,0,yfinance,2026-07-10T06:58:05.450587+00:00
2026-06-09 14:00:00+00:00,XRP-USD,15m,1.1569000482559204,1.159000039100647,1.1504000425338745,1.1505000591278076,489344,489344,yfinance,2026-07-10T06:58:05.450587+00:00
2026-06-09 14:15:00+00:00,XRP-USD,15m,1.149999976158142,1.1512999534606934,1.1398999691009521,1.1398999691009521,24921344,24921344,yfinance,2026-07-10T06:58:05.450587+00:00
2026-06-09 14:30:00+00:00,XRP-USD,15m,1.1404000520706177,1.1409000158309937,1.1338000297546387,1.134600043296814,10303616,10303616,yfinance,2026-07-10T06:58:05.450587+00:00
2026-06-09 14:45:00+00:00,XRP-USD,15m,1.1341999769210815,1.1368000507354736,1.1305999755859375,1.136199951171875,19870080,19870080,yfinance,2026-07-10T06:58:05.450587+00:00
2026-06-09 15:00:00+00:00,XRP-USD,15m,1.136199951171875,1.1410000324249268,1.1340999603271484,1.1390999555587769,11294976,11294976,yfinance,2026-07-10T06:58:05.450587+00:00
2026-06-09 15:15:00+00:00,XRP-USD,15m,1.13919997215271,1.1402000188827515,1.1333999633789062,1.1338000297546387,0,0,yfinance,2026-07-10T06:58:05.450587+00:00
2026-06-09 15:30:00+00:00,XRP-USD,15m,1.1338000297546387,1.135699987411499,1.1302000284194946,1.1334999799728394,2993152,2993152,yfinance,2026-07-10T06:58:05.450587+00:00
2026-06-09 15:45:00+00:00,XRP-USD,15m,1.1339999437332153,1.1341999769210815,1.126099944114685,1.1267000436782837,2326272,2326272,yfinance,2026-07-10T06:58:05.450587+00:00
2026-06-09 16:00:00+00:00,XRP-USD,15m,1.127500057220459,1.1305999755859375,1.125,1.1262999773025513,4312448,4312448,yfinance,2026-07-10T06:58:05.450587+00:00
2026-06-09 16:15:00+00:00,XRP-USD,15m,1.1262999773025513,1.127500057220459,1.1224000453948975,1.1265000104904175,8813824,8813824,yfinance,2026-07-10T06:58:05.450587+00:00
2026-06-09 16:30:00+00:00,XRP-USD,15m,1.1259000301361084,1.129699945449829,1.117900013923645,1.1262999773025513,8067328,8067328,yfinance,2026-07-10T06:58:05.450587+00:00
2026-06-09 16:45:00+00:00,XRP-USD,15m,1.126099944114685,1.1288000345230103,1.1226999759674072,1.1272000074386597,20472448,20472448,yfinance,2026-07-10T06:58:05.450587+00:00
2026-06-09 17:00:00+00:00,XRP-USD,15m,1.1276999711990356,1.1359000205993652,1.1272000074386597,1.1342999935150146,5523072,5523072,yfinance,2026-07-10T06:58:05.450587+00:00
2026-06-09 17:15:00+00:00,XRP-USD,15m,1.1344000101089478,1.142799973487854,1.1342999935150146,1.1409000158309937,18627840,18627840,yfinance,2026-07-10T06:58:05.450587+00:00
2026-06-09 17:30:00+00:00,XRP-USD,15m,1.1412999629974365,1.146399974822998,1.1401000022888184,1.1407999992370605,8841088,8841088,yfinance,2026-07-10T06:58:05.450587+00:00
2026-06-09 17:45:00+00:00,XRP-USD,15m,1.1409000158309937,1.1412999629974365,1.1371999979019165,1.1374000310897827,5911040,5911040,yfinance,2026-07-10T06:58:05.450587+00:00
2026-06-09 18:00:00+00:00,XRP-USD,15m,1.1377999782562256,1.139299988746643,1.1348999738693237,1.138100028038025,0,0,yfinance,2026-07-10T06:58:05.450587+00:00
2026-06-09 18:15:00+00:00,XRP-USD,15m,1.1376999616622925,1.1448999643325806,1.1368000507354736,1.138100028038025,3594624,3594624,yfinance,2026-07-10T06:58:05.450587+00:00
2026-06-09 18:30:00+00:00,XRP-USD,15m,1.1378999948501587,1.1418999433517456,1.1363999843597412,1.1363999843597412,54784,54784,yfinance,2026-07-10T06:58:05.450587+00:00
2026-06-09 18:45:00+00:00,XRP-USD,15m,1.1368000507354736,1.138700008392334,1.136199951171875,1.138100028038025,1257728,1257728,yfinance,2026-07-10T06:58:05.450587+00:00
2026-06-09 19:00:00+00:00,XRP-USD,15m,1.138100028038025,1.142799973487854,1.1363999843597412,1.1369999647140503,2222720,2222720,yfinance,2026-07-10T06:58:05.450587+00:00
2026-06-09 19:15:00+00:00,XRP-USD,15m,1.1369999647140503,1.139299988746643,1.1349999904632568,1.1389000415802002,150272,150272,yfinance,2026-07-10T06:58:05.450587+00:00
2026-06-09 19:30:00+00:00,XRP-USD,15m,1.13919997215271,1.1435999870300293,1.1368999481201172,1.1389000415802002,0,0,yfinance,2026-07-10T06:58:05.450587+00:00
2026-06-09 19:45:00+00:00,XRP-USD,15m,1.1389000415802002,1.1440999507904053,1.1370999813079834,1.1390999555587769,856192,856192,yfinance,2026-07-10T06:58:05.450587+00:00
2026-06-09 20:00:00+00:00,XRP-USD,15m,1.1396000385284424,1.142699956893921,1.1382999420166016,1.1426000595092773,0,0,yfinance,2026-07-10T06:58:05.450587+00:00
2026-06-09 20:15:00+00:00,XRP-USD,15m,1.1424000263214111,1.144700050354004,1.1383999586105347,1.1403000354766846,0,0,yfinance,2026-07-10T06:58:05.450587+00:00
2026-06-09 20:30:00+00:00,XRP-USD,15m,1.1398999691009521,1.143399953842163,1.1385999917984009,1.1424000263214111,0,0,yfinance,2026-07-10T06:58:05.450587+00:00
2026-06-09 20:45:00+00:00,XRP-USD,15m,1.1424000263214111,1.1431000232696533,1.1409000158309937,1.1430000066757202,357376,357376,yfinance,2026-07-10T06:58:05.450587+00:00
2026-06-09 21:00:00+00:00,XRP-USD,15m,1.1431000232696533,1.1435999870300293,1.1403000354766846,1.1424000263214111,0,0,yfinance,2026-07-10T06:58:05.450587+00:00
2026-06-09 21:15:00+00:00,XRP-USD,15m,1.1424000263214111,1.1426000595092773,1.1358000040054321,1.136299967765808,928384,928384,yfinance,2026-07-10T06:58:05.450587+00:00
2026-06-09 21:30:00+00:00,XRP-USD,15m,1.136299967765808,1.1377999782562256,1.1349999904632568,1.1359000205993652,1552640,1552640,yfinance,2026-07-10T06:58:05.450587+00:00
2026-06-09 21:45:00+00:00,XRP-USD,15m,1.1361000537872314,1.1366000175476074,1.1339999437332153,1.1361000537872314,0,0,yfinance,2026-07-10T06:58:05.450587+00:00
2026-06-09 22:00:00+00:00,XRP-USD,15m,1.1361000537872314,1.1368999481201172,1.1332000494003296,1.1366000175476074,0,0,yfinance,2026-07-10T06:58:05.450587+00:00
2026-06-09 22:15:00+00:00,XRP-USD,15m,1.1368000507354736,1.1404999494552612,1.136199951171875,1.1375999450683594,0,0,yfinance,2026-07-10T06:58:05.450587+00:00
2026-06-09 22:30:00+00:00,XRP-USD,15m,1.1383999586105347,1.1406999826431274,1.1358000040054321,1.1369999647140503,0,0,yfinance,2026-07-10T06:58:05.450587+00:00
2026-06-09 22:45:00+00:00,XRP-USD,15m,1.1370999813079834,1.1380000114440918,1.1339999437332153,1.1348999738693237,826240,826240,yfinance,2026-07-10T06:58:05.450587+00:00
2026-06-09 23:00:00+00:00,XRP-USD,15m,1.1348999738693237,1.1365000009536743,1.1333999633789062,1.1346999406814575,1215616,1215616,yfinance,2026-07-10T06:58:05.450587+00:00
2026-06-09 23:15:00+00:00,XRP-USD,15m,1.1345000267028809,1.1380000114440918,1.1342999935150146,1.1353000402450562,0,0,yfinance,2026-07-10T06:58:05.450587+00:00
2026-06-09 23:30:00+00:00,XRP-USD,15m,1.1358000040054321,1.1376999616622925,1.1339000463485718,1.1368999481201172,0,0,yfinance,2026-07-10T06:58:05.450587+00:00
2026-06-09 23:45:00+00:00,XRP-USD,15m,1.1370999813079834,1.1389000415802002,1.136199951171875,1.1368999481201172,903296,903296,yfinance,2026-07-10T06:58:05.450587+00:00
2026-06-10 00:00:00+00:00,XRP-USD,15m,1.1376999616622925,1.1405999660491943,1.1361000537872314,1.1378999948501587,0,0,yfinance,2026-07-10T06:58:05.450587+00:00
2026-06-10 00:15:00+00:00,XRP-USD,15m,1.1377999782562256,1.1378999948501587,1.1333999633789062,1.135699987411499,741248,741248,yfinance,2026-07-10T06:58:05.450587+00:00
2026-06-10 00:30:00+00:00,XRP-USD,15m,1.1354999542236328,1.136199951171875,1.1266000270843506,1.127500057220459,0,0,yfinance,2026-07-10T06:58:05.450587+00:00
2026-06-10 00:45:00+00:00,XRP-USD,15m,1.1273000240325928,1.1367000341415405,1.1273000240325928,1.1363999843597412,0,0,yfinance,2026-07-10T06:58:05.450587+00:00
2026-06-10 01:00:00+00:00,XRP-USD,15m,1.1367000341415405,1.1368000507354736,1.1304999589920044,1.1333999633789062,0,0,yfinance,2026-07-10T06:58:05.450587+00:00
2026-06-10 01:15:00+00:00,XRP-USD,15m,1.1334999799728394,1.136299967765808,1.131100058555603,1.1327999830245972,0,0,yfinance,2026-07-10T06:58:05.450587+00:00
2026-06-10 01:30:00+00:00,XRP-USD,15m,1.1332000494003296,1.1339000463485718,1.1266000270843506,1.128100037574768,1078400,1078400,yfinance,2026-07-10T06:58:05.450587+00:00
2026-06-10 01:45:00+00:00,XRP-USD,15m,1.1277999877929688,1.1318000555038452,1.1272000074386597,1.128499984741211,5263616,5263616,yfinance,2026-07-10T06:58:05.450587+00:00
2026-06-10 02:00:00+00:00,XRP-USD,15m,1.1283999681472778,1.1303999423980713,1.1239999532699585,1.1241999864578247,0,0,yfinance,2026-07-10T06:58:05.450587+00:00
2026-06-10 02:15:00+00:00,XRP-USD,15m,1.124400019645691,1.1246000528335571,1.11899995803833,1.1229000091552734,0,0,yfinance,2026-07-10T06:58:05.450587+00:00
2026-06-10 02:30:00+00:00,XRP-USD,15m,1.1234999895095825,1.1239999532699585,1.1164000034332275,1.1181999444961548,4315392,4315392,yfinance,2026-07-10T06:58:05.450587+00:00
2026-06-10 02:45:00+00:00,XRP-USD,15m,1.1181000471115112,1.118299961090088,1.1150000095367432,1.1164000034332275,8420096,8420096,yfinance,2026-07-10T06:58:05.450587+00:00
2026-06-10 03:00:00+00:00,XRP-USD,15m,1.1166000366210938,1.1217999458312988,1.1160000562667847,1.1193000078201294,7709696,7709696,yfinance,2026-07-10T06:58:05.450587+00:00
2026-06-10 03:15:00+00:00,XRP-USD,15m,1.1191999912261963,1.1231000423431396,1.1175999641418457,1.1225999593734741,3214848,3214848,yfinance,2026-07-10T06:58:05.450587+00:00
2026-06-10 03:30:00+00:00,XRP-USD,15m,1.121999979019165,1.1225999593734741,1.1191999912261963,1.1205999851226807,2076672,2076672,yfinance,2026-07-10T06:58:05.450587+00:00
2026-06-10 03:45:00+00:00,XRP-USD,15m,1.1205999851226807,1.1217000484466553,1.118299961090088,1.1186000108718872,178560,178560,yfinance,2026-07-10T06:58:05.450587+00:00
2026-06-10 04:00:00+00:00,XRP-USD,15m,1.1186000108718872,1.120300054550171,1.1175999641418457,1.1198999881744385,0,0,yfinance,2026-07-10T06:58:05.450587+00:00
2026-06-10 04:15:00+00:00,XRP-USD,15m,1.1196999549865723,1.1217999458312988,1.117799997329712,1.1181000471115112,1005184,1005184,yfinance,2026-07-10T06:58:05.450587+00:00
2026-06-10 04:30:00+00:00,XRP-USD,15m,1.1181000471115112,1.118399977684021,1.1131000518798828,1.1132999658584595,0,0,yfinance,2026-07-10T06:58:05.450587+00:00
2026-06-10 04:45:00+00:00,XRP-USD,15m,1.1134999990463257,1.1158000230789185,1.1130000352859497,1.1152000427246094,0,0,yfinance,2026-07-10T06:58:05.450587+00:00
2026-06-10 05:00:00+00:00,XRP-USD,15m,1.115399956703186,1.1167999505996704,1.1133999824523926,1.113800048828125,0,0,yfinance,2026-07-10T06:58:05.450587+00:00
2026-06-10 05:15:00+00:00,XRP-USD,15m,1.1138999462127686,1.1138999462127686,1.1104999780654907,1.1136000156402588,3715840,3715840,yfinance,2026-07-10T06:58:05.450587+00:00
2026-06-10 05:30:00+00:00,XRP-USD,15m,1.1133999824523926,1.11489999294281,1.110700011253357,1.111299991607666,3097344,3097344,yfinance,2026-07-10T06:58:05.450587+00:00
2026-06-10 05:45:00+00:00,XRP-USD,15m,1.111299991607666,1.1130000352859497,1.1089999675750732,1.111199975013733,95488,95488,yfinance,2026-07-10T06:58:05.450587+00:00
2026-06-10 06:00:00+00:00,XRP-USD,15m,1.1114000082015991,1.1124999523162842,1.1094000339508057,1.1109999418258667,0,0,yfinance,2026-07-10T06:58:05.450587+00:00
2026-06-10 06:15:00+00:00,XRP-USD,15m,1.1105999946594238,1.1128000020980835,1.1094000339508057,1.1097999811172485,1864832,1864832,yfinance,2026-07-10T06:58:05.450587+00:00
2026-06-10 06:30:00+00:00,XRP-USD,15m,1.1097999811172485,1.1134999990463257,1.1061999797821045,1.1114000082015991,4596608,4596608,yfinance,2026-07-10T06:58:05.450587+00:00
2026-06-10 06:45:00+00:00,XRP-USD,15m,1.1115000247955322,1.1119999885559082,1.1101000308990479,1.1110999584197998,4905984,4905984,yfinance,2026-07-10T06:58:05.450587+00:00
2026-06-10 07:00:00+00:00,XRP-USD,15m,1.1116000413894653,1.1145000457763672,1.1109999418258667,1.1134999990463257,0,0,yfinance,2026-07-10T06:58:05.450587+00:00
2026-06-10 07:15:00+00:00,XRP-USD,15m,1.1134999990463257,1.117900013923645,1.1123000383377075,1.1166000366210938,4893952,4893952,yfinance,2026-07-10T06:58:05.450587+00:00
2026-06-10 07:30:00+00:00,XRP-USD,15m,1.1164000034332275,1.118899941444397,1.115399956703186,1.117300033569336,1338880,1338880,yfinance,2026-07-10T06:58:05.450587+00:00
2026-06-10 07:45:00+00:00,XRP-USD,15m,1.117300033569336,1.1180000305175781,1.1160000562667847,1.1162999868392944,4532608,4532608,yfinance,2026-07-10T06:58:05.450587+00:00
2026-06-10 08:00:00+00:00,XRP-USD,15m,1.1160999536514282,1.1161999702453613,1.1098999977111816,1.1123000383377075,0,0,yfinance,2026-07-10T06:58:05.450587+00:00
2026-06-10 08:15:00+00:00,XRP-USD,15m,1.1124999523162842,1.1150000095367432,1.1101000308990479,1.1104999780654907,2481792,2481792,yfinance,2026-07-10T06:58:05.450587+00:00
2026-06-10 08:30:00+00:00,XRP-USD,15m,1.110700011253357,1.1116000413894653,1.1050000190734863,1.1053999662399292,5807232,5807232,yfinance,2026-07-10T06:58:05.450587+00:00
2026-06-10 08:45:00+00:00,XRP-USD,15m,1.1052000522613525,1.1080000400543213,1.1049000024795532,1.1067999601364136,6202368,6202368,yfinance,2026-07-10T06:58:05.450587+00:00
2026-06-10 09:00:00+00:00,XRP-USD,15m,1.1067999601364136,1.108199954032898,1.1026999950408936,1.1026999950408936,4406912,4406912,yfinance,2026-07-10T06:58:05.450587+00:00
2026-06-10 09:15:00+00:00,XRP-USD,15m,1.1029000282287598,1.1069999933242798,1.100600004196167,1.1061999797821045,14570624,14570624,yfinance,2026-07-10T06:58:05.450587+00:00
2026-06-10 09:30:00+00:00,XRP-USD,15m,1.1059999465942383,1.1093000173568726,1.1057000160217285,1.1068999767303467,497664,497664,yfinance,2026-07-10T06:58:05.450587+00:00
2026-06-10 09:45:00+00:00,XRP-USD,15m,1.1069999933242798,1.1096999645233154,1.1053999662399292,1.1092000007629395,0,0,yfinance,2026-07-10T06:58:05.450587+00:00
2026-06-10 10:00:00+00:00,XRP-USD,15m,1.1085000038146973,1.1093000173568726,1.1060999631881714,1.107800006866455,0,0,yfinance,2026-07-10T06:58:05.450587+00:00
2026-06-10 10:15:00+00:00,XRP-USD,15m,1.1074999570846558,1.1088000535964966,1.104699969291687,1.1083999872207642,3550208,3550208,yfinance,2026-07-10T06:58:05.450587+00:00
2026-06-10 10:30:00+00:00,XRP-USD,15m,1.107800006866455,1.1105999946594238,1.1075999736785889,1.1098999977111816,3056384,3056384,yfinance,2026-07-10T06:58:05.450587+00:00
2026-06-10 10:45:00+00:00,XRP-USD,15m,1.1095999479293823,1.11080002784729,1.1080000400543213,1.1102999448776245,173824,173824,yfinance,2026-07-10T06:58:05.450587+00:00
2026-06-10 11:00:00+00:00,XRP-USD,15m,1.110200047492981,1.1105999946594238,1.1023000478744507,1.106600046157837,15591552,15591552,yfinance,2026-07-10T06:58:05.450587+00:00
2026-06-10 11:15:00+00:00,XRP-USD,15m,1.1064000129699707,1.107300043106079,1.101099967956543,1.1022000312805176,4926848,4926848,yfinance,2026-07-10T06:58:05.450587+00:00
2026-06-10 11:30:00+00:00,XRP-USD,15m,1.1021000146865845,1.1032999753952026,1.101099967956543,1.1024999618530273,8908544,8908544,yfinance,2026-07-10T06:58:05.450587+00:00
2026-06-10 11:45:00+00:00,XRP-USD,15m,1.1018999814987183,1.1060999631881714,1.1015000343322754,1.103600025177002,7197568,7197568,yfinance,2026-07-10T06:58:05.450587+00:00
2026-06-10 12:00:00+00:00,XRP-USD,15m,1.103600025177002,1.1053999662399292,1.1022000312805176,1.104699969291687,0,0,yfinance,2026-07-10T06:58:05.450587+00:00
2026-06-10 12:15:00+00:00,XRP-USD,15m,1.1044000387191772,1.1065000295639038,1.1018999814987183,1.1065000295639038,8046208,8046208,yfinance,2026-07-10T06:58:05.450587+00:00
2026-06-10 12:30:00+00:00,XRP-USD,15m,1.1065000295639038,1.1229000091552734,1.1065000295639038,1.1188000440597534,69252608,69252608,yfinance,2026-07-10T06:58:05.450587+00:00
2026-06-10 12:45:00+00:00,XRP-USD,15m,1.118899941444397,1.1212999820709229,1.1169999837875366,1.1169999837875366,6789248,6789248,yfinance,2026-07-10T06:58:05.450587+00:00
2026-06-10 13:00:00+00:00,XRP-USD,15m,1.1172000169754028,1.117799997329712,1.115399956703186,1.1165000200271606,1514624,1514624,yfinance,2026-07-10T06:58:05.450587+00:00
2026-06-10 13:15:00+00:00,XRP-USD,15m,1.1165000200271606,1.1193000078201294,1.1152000427246094,1.11899995803833,6048384,6048384,yfinance,2026-07-10T06:58:05.450587+00:00
2026-06-10 13:30:00+00:00,XRP-USD,15m,1.1196999549865723,1.136199951171875,1.1196999549865723,1.136199951171875,39359232,39359232,yfinance,2026-07-10T06:58:05.450587+00:00
2026-06-10 13:45:00+00:00,XRP-USD,15m,1.1366000175476074,1.1366000175476074,1.128499984741211,1.1291999816894531,26985600,26985600,yfinance,2026-07-10T06:58:05.450587+00:00
2026-06-10 14:00:00+00:00,XRP-USD,15m,1.1289000511169434,1.129699945449829,1.123900055885315,1.124400019645691,298752,298752,yfinance,2026-07-10T06:58:05.450587+00:00
2026-06-10 14:15:00+00:00,XRP-USD,15m,1.1246999502182007,1.1272000074386597,1.11899995803833,1.1232000589370728,826752,826752,yfinance,2026-07-10T06:58:05.450587+00:00
2026-06-10 14:30:00+00:00,XRP-USD,15m,1.1226999759674072,1.1260000467300415,1.1187000274658203,1.1208000183105469,0,0,yfinance,2026-07-10T06:58:05.450587+00:00
2026-06-10 14:45:00+00:00,XRP-USD,15m,1.121399998664856,1.1240999698638916,1.117400050163269,1.123900055885315,0,0,yfinance,2026-07-10T06:58:05.450587+00:00
2026-06-10 15:00:00+00:00,XRP-USD,15m,1.1241999864578247,1.1282000541687012,1.117400050163269,1.1198999881744385,0,0,yfinance,2026-07-10T06:58:05.450587+00:00
2026-06-10 15:15:00+00:00,XRP-USD,15m,1.1198999881744385,1.128100037574768,1.1175999641418457,1.1252000331878662,5032704,5032704,yfinance,2026-07-10T06:58:05.450587+00:00
2026-06-10 15:30:00+00:00,XRP-USD,15m,1.125499963760376,1.1274000406265259,1.1216000318527222,1.1272000074386597,0,0,yfinance,2026-07-10T06:58:05.450587+00:00
2026-06-10 15:45:00+00:00,XRP-USD,15m,1.1269999742507935,1.1318999528884888,1.118299961090088,1.1275999546051025,23245440,23245440,yfinance,2026-07-10T06:58:05.450587+00:00
2026-06-10 16:00:00+00:00,XRP-USD,15m,1.1276999711990356,1.128499984741211,1.121899962425232,1.121999979019165,0,0,yfinance,2026-07-10T06:58:05.450587+00:00
2026-06-10 16:15:00+00:00,XRP-USD,15m,1.1226999759674072,1.1247999668121338,1.1168999671936035,1.1203999519348145,520192,520192,yfinance,2026-07-10T06:58:05.450587+00:00
2026-06-10 16:30:00+00:00,XRP-USD,15m,1.120300054550171,1.1216000318527222,1.1153000593185425,1.1153000593185425,6091008,6091008,yfinance,2026-07-10T06:58:05.450587+00:00
2026-06-10 16:45:00+00:00,XRP-USD,15m,1.114799976348877,1.114799976348877,1.1079000234603882,1.1131000518798828,4518656,4518656,yfinance,2026-07-10T06:58:05.450587+00:00
2026-06-10 17:00:00+00:00,XRP-USD,15m,1.1133999824523926,1.1174999475479126,1.111299991607666,1.1124000549316406,0,0,yfinance,2026-07-10T06:58:05.450587+00:00
2026-06-10 17:15:00+00:00,XRP-USD,15m,1.1122000217437744,1.1145000457763672,1.1079000234603882,1.1080000400543213,0,0,yfinance,2026-07-10T06:58:05.450587+00:00
2026-06-10 17:30:00+00:00,XRP-USD,15m,1.1080000400543213,1.1092000007629395,1.1025999784469604,1.104099988937378,2962560,2962560,yfinance,2026-07-10T06:58:05.450587+00:00
2026-06-10 17:45:00+00:00,XRP-USD,15m,1.104200005531311,1.1109000444412231,1.103600025177002,1.1090999841690063,12510592,12510592,yfinance,2026-07-10T06:58:05.450587+00:00
2026-06-10 18:00:00+00:00,XRP-USD,15m,1.1095000505447388,1.1098999977111816,1.104599952697754,1.1057000160217285,1688960,1688960,yfinance,2026-07-10T06:58:05.450587+00:00
2026-06-10 18:15:00+00:00,XRP-USD,15m,1.1057000160217285,1.1067999601364136,1.1026999950408936,1.1067999601364136,3686272,3686272,yfinance,2026-07-10T06:58:05.450587+00:00
2026-06-10 18:30:00+00:00,XRP-USD,15m,1.107300043106079,1.107300043106079,1.0994999408721924,1.100100040435791,6127232,6127232,yfinance,2026-07-10T06:58:05.450587+00:00
2026-06-10 18:45:00+00:00,XRP-USD,15m,1.0997999906539917,1.1061999797821045,1.0985000133514404,1.1060999631881714,19926656,19926656,yfinance,2026-07-10T06:58:05.450587+00:00
2026-06-10 19:00:00+00:00,XRP-USD,15m,1.1060999631881714,1.1061999797821045,1.0989999771118164,1.0993000268936157,0,0,yfinance,2026-07-10T06:58:05.450587+00:00
2026-06-10 19:15:00+00:00,XRP-USD,15m,1.0992000102996826,1.1009999513626099,1.09660005569458,1.0999000072479248,4775808,4775808,yfinance,2026-07-10T06:58:05.450587+00:00
2026-06-10 19:30:00+00:00,XRP-USD,15m,1.1004999876022339,1.1023000478744507,1.0988999605178833,1.1002000570297241,9200512,9200512,yfinance,2026-07-10T06:58:05.450587+00:00
2026-06-10 19:45:00+00:00,XRP-USD,15m,1.100000023841858,1.1004999876022339,1.0963000059127808,1.097000002861023,8748544,8748544,yfinance,2026-07-10T06:58:05.450587+00:00
2026-06-10 20:00:00+00:00,XRP-USD,15m,1.097100019454956,1.100000023841858,1.0936000347137451,1.0983999967575073,4651008,4651008,yfinance,2026-07-10T06:58:05.450587+00:00
2026-06-10 20:15:00+00:00,XRP-USD,15m,1.0983999967575073,1.1023000478744507,1.0959999561309814,1.100000023841858,7488000,7488000,yfinance,2026-07-10T06:58:05.450587+00:00
2026-06-10 20:30:00+00:00,XRP-USD,15m,1.0995999574661255,1.1004999876022339,1.0973999500274658,1.0978000164031982,1208192,1208192,yfinance,2026-07-10T06:58:05.450587+00:00
2026-06-10 20:45:00+00:00,XRP-USD,15m,1.0978000164031982,1.0992000102996826,1.0950000286102295,1.0981999635696411,3654400,3654400,yfinance,2026-07-10T06:58:05.450587+00:00
2026-06-10 21:00:00+00:00,XRP-USD,15m,1.0979000329971313,1.0981999635696411,1.0901999473571777,1.0910999774932861,10950144,10950144,yfinance,2026-07-10T06:58:05.450587+00:00
2026-06-10 21:15:00+00:00,XRP-USD,15m,1.0913000106811523,1.0949000120162964,1.0902999639511108,1.0932999849319458,3347200,3347200,yfinance,2026-07-10T06:58:05.450587+00:00
2026-06-10 21:30:00+00:00,XRP-USD,15m,1.0931999683380127,1.0956000089645386,1.0931999683380127,1.0946999788284302,664576,664576,yfinance,2026-07-10T06:58:05.450587+00:00
2026-06-10 21:45:00+00:00,XRP-USD,15m,1.0947999954223633,1.0959999561309814,1.0887999534606934,1.091599941253662,14787840,14787840,yfinance,2026-07-10T06:58:05.450587+00:00
2026-06-10 22:00:00+00:00,XRP-USD,15m,1.0916999578475952,1.0931999683380127,1.089900016784668,1.0928000211715698,4798848,4798848,yfinance,2026-07-10T06:58:05.450587+00:00
2026-06-10 22:15:00+00:00,XRP-USD,15m,1.0925999879837036,1.0930999517440796,1.0891000032424927,1.09089994430542,10302976,10302976,yfinance,2026-07-10T06:58:05.450587+00:00
2026-06-10 22:30:00+00:00,XRP-USD,15m,1.09089994430542,1.0987000465393066,1.09089994430542,1.0964000225067139,9799424,9799424,yfinance,2026-07-10T06:58:05.450587+00:00
2026-06-10 22:45:00+00:00,XRP-USD,15m,1.096500039100647,1.0973999500274658,1.0938999652862549,1.093999981880188,8920704,8920704,yfinance,2026-07-10T06:58:05.450587+00:00
2026-06-10 23:00:00+00:00,XRP-USD,15m,1.092900037765503,1.093999981880188,1.0894999504089355,1.0901000499725342,0,0,yfinance,2026-07-10T06:58:05.450587+00:00
2026-06-10 23:15:00+00:00,XRP-USD,15m,1.090000033378601,1.0982999801635742,1.0887999534606934,1.0964000225067139,18205568,18205568,yfinance,2026-07-10T06:58:05.450587+00:00
2026-06-10 23:30:00+00:00,XRP-USD,15m,1.09660005569458,1.0980000495910645,1.093999981880188,1.0968999862670898,6711552,6711552,yfinance,2026-07-10T06:58:05.450587+00:00
2026-06-10 23:45:00+00:00,XRP-USD,15m,1.0968999862670898,1.0982999801635742,1.0947999954223633,1.0959999561309814,8652032,8652032,yfinance,2026-07-10T06:58:05.450587+00:00
2026-06-11 00:00:00+00:00,XRP-USD,15m,1.0961999893188477,1.0992000102996826,1.0956000089645386,1.0990999937057495,609152,609152,yfinance,2026-07-10T06:58:05.450587+00:00
2026-06-11 00:15:00+00:00,XRP-USD,15m,1.0993000268936157,1.1025999784469604,1.0990999937057495,1.1023999452590942,10448000,10448000,yfinance,2026-07-10T06:58:05.450587+00:00
2026-06-11 00:30:00+00:00,XRP-USD,15m,1.1025999784469604,1.1026999950408936,1.0982999801635742,1.0990999937057495,269440,269440,yfinance,2026-07-10T06:58:05.450587+00:00
2026-06-11 00:45:00+00:00,XRP-USD,15m,1.0994999408721924,1.1032999753952026,1.0994999408721924,1.1013000011444092,0,0,yfinance,2026-07-10T06:58:05.450587+00:00
2026-06-11 01:00:00+00:00,XRP-USD,15m,1.1013000011444092,1.1059000492095947,1.101199984550476,1.1054999828338623,3215488,3215488,yfinance,2026-07-10T06:58:05.450587+00:00
2026-06-11 01:15:00+00:00,XRP-USD,15m,1.1052000522613525,1.1075999736785889,1.1051000356674194,1.1066999435424805,2165632,2165632,yfinance,2026-07-10T06:58:05.450587+00:00
2026-06-11 01:30:00+00:00,XRP-USD,15m,1.1069999933242798,1.1168999671936035,1.1050000190734863,1.1164000034332275,5212032,5212032,yfinance,2026-07-10T06:58:05.450587+00:00
2026-06-11 01:45:00+00:00,XRP-USD,15m,1.1164000034332275,1.1188000440597534,1.113800048828125,1.11489999294281,28012160,28012160,yfinance,2026-07-10T06:58:05.450587+00:00
2026-06-11 02:00:00+00:00,XRP-USD,15m,1.1155999898910522,1.1167000532150269,1.111199975013733,1.111799955368042,1455616,1455616,yfinance,2026-07-10T06:58:05.450587+00:00
2026-06-11 02:15:00+00:00,XRP-USD,15m,1.111899971961975,1.1138999462127686,1.1073999404907227,1.107699990272522,0,0,yfinance,2026-07-10T06:58:05.450587+00:00
2026-06-11 02:30:00+00:00,XRP-USD,15m,1.107800006866455,1.1080000400543213,1.1049000024795532,1.1057000160217285,0,0,yfinance,2026-07-10T06:58:05.450587+00:00
2026-06-11 02:45:00+00:00,XRP-USD,15m,1.105299949645996,1.110200047492981,1.1038999557495117,1.108199954032898,1128576,1128576,yfinance,2026-07-10T06:58:05.450587+00:00
2026-06-11 03:00:00+00:00,XRP-USD,15m,1.108299970626831,1.1083999872207642,1.1050000190734863,1.1058000326156616,0,0,yfinance,2026-07-10T06:58:05.450587+00:00
2026-06-11 03:15:00+00:00,XRP-USD,15m,1.1057000160217285,1.107699990272522,1.104699969291687,1.1069999933242798,764800,764800,yfinance,2026-07-10T06:58:05.450587+00:00
2026-06-11 03:30:00+00:00,XRP-USD,15m,1.107699990272522,1.1134999990463257,1.107100009918213,1.1123000383377075,12321664,12321664,yfinance,2026-07-10T06:58:05.450587+00:00
2026-06-11 03:45:00+00:00,XRP-USD,15m,1.1122000217437744,1.1210999488830566,1.111899971961975,1.118399977684021,29501568,29501568,yfinance,2026-07-10T06:58:05.450587+00:00
2026-06-11 04:00:00+00:00,XRP-USD,15m,1.1180000305175781,1.1187000274658203,1.1139999628067017,1.1160000562667847,7309696,7309696,yfinance,2026-07-10T06:58:05.450587+00:00
2026-06-11 04:15:00+00:00,XRP-USD,15m,1.1158000230789185,1.117300033569336,1.114799976348877,1.11489999294281,0,0,yfinance,2026-07-10T06:58:05.450587+00:00
2026-06-11 04:30:00+00:00,XRP-USD,15m,1.114799976348877,1.1167000532150269,1.1134999990463257,1.1161999702453613,3005184,3005184,yfinance,2026-07-10T06:58:05.450587+00:00
2026-06-11 04:45:00+00:00,XRP-USD,15m,1.1167000532150269,1.120300054550171,1.1167000532150269,1.118399977684021,12432256,12432256,yfinance,2026-07-10T06:58:05.450587+00:00
2026-06-11 05:00:00+00:00,XRP-USD,15m,1.118399977684021,1.118399977684021,1.115399956703186,1.1160999536514282,0,0,yfinance,2026-07-10T06:58:05.450587+00:00
2026-06-11 05:15:00+00:00,XRP-USD,15m,1.1161999702453613,1.117300033569336,1.113800048828125,1.114799976348877,0,0,yfinance,2026-07-10T06:58:05.450587+00:00
2026-06-11 05:30:00+00:00,XRP-USD,15m,1.1150000095367432,1.1157000064849854,1.1139999628067017,1.1157000064849854,0,0,yfinance,2026-07-10T06:58:05.450587+00:00
2026-06-11 05:45:00+00:00,XRP-USD,15m,1.1157000064849854,1.1159000396728516,1.1131999492645264,1.1134999990463257,31360,31360,yfinance,2026-07-10T06:58:05.450587+00:00
2026-06-11 06:00:00+00:00,XRP-USD,15m,1.1134999990463257,1.1151000261306763,1.1109999418258667,1.1146999597549438,135424,135424,yfinance,2026-07-10T06:58:05.450587+00:00
2026-06-11 06:15:00+00:00,XRP-USD,15m,1.114799976348877,1.1196000576019287,1.114799976348877,1.1171000003814697,8917760,8917760,yfinance,2026-07-10T06:58:05.450587+00:00
2026-06-11 06:30:00+00:00,XRP-USD,15m,1.1172000169754028,1.118299961090088,1.1154999732971191,1.1160999536514282,0,0,yfinance,2026-07-10T06:58:05.450587+00:00
2026-06-11 06:45:00+00:00,XRP-USD,15m,1.1160999536514282,1.1167999505996704,1.1131000518798828,1.1133999824523926,0,0,yfinance,2026-07-10T06:58:05.450587+00:00
2026-06-11 07:00:00+00:00,XRP-USD,15m,1.1132999658584595,1.1139999628067017,1.1123000383377075,1.1131999492645264,0,0,yfinance,2026-07-10T06:58:05.450587+00:00
2026-06-11 07:15:00+00:00,XRP-USD,15m,1.1131000518798828,1.1160000562667847,1.1131000518798828,1.115399956703186,0,0,yfinance,2026-07-10T06:58:05.450587+00:00
2026-06-11 07:30:00+00:00,XRP-USD,15m,1.1158000230789185,1.1159000396728516,1.1105999946594238,1.1117000579833984,0,0,yfinance,2026-07-10T06:58:05.450587+00:00
2026-06-11 07:45:00+00:00,XRP-USD,15m,1.1117000579833984,1.1140999794006348,1.1117000579833984,1.1138999462127686,0,0,yfinance,2026-07-10T06:58:05.450587+00:00
2026-06-11 08:00:00+00:00,XRP-USD,15m,1.1141999959945679,1.1181999444961548,1.1141999959945679,1.1176999807357788,0,0,yfinance,2026-07-10T06:58:05.450587+00:00
2026-06-11 08:15:00+00:00,XRP-USD,15m,1.1169999837875366,1.121899962425232,1.1169999837875366,1.121899962425232,3879936,3879936,yfinance,2026-07-10T06:58:05.450587+00:00
2026-06-11 08:30:00+00:00,XRP-USD,15m,1.1224000453948975,1.1224000453948975,1.1198999881744385,1.120300054550171,3016192,3016192,yfinance,2026-07-10T06:58:05.450587+00:00
2026-06-11 08:45:00+00:00,XRP-USD,15m,1.1205999851226807,1.1217999458312988,1.1196000576019287,1.1197999715805054,1111168,1111168,yfinance,2026-07-10T06:58:05.450587+00:00
2026-06-11 09:00:00+00:00,XRP-USD,15m,1.1200000047683716,1.1203999519348145,1.1167000532150269,1.117400050163269,0,0,yfinance,2026-07-10T06:58:05.450587+00:00
2026-06-11 09:15:00+00:00,XRP-USD,15m,1.1171000003814697,1.1172000169754028,1.1153000593185425,1.1161999702453613,0,0,yfinance,2026-07-10T06:58:05.450587+00:00
2026-06-11 09:30:00+00:00,XRP-USD,15m,1.1160999536514282,1.117799997329712,1.1159000396728516,1.1165000200271606,0,0,yfinance,2026-07-10T06:58:05.450587+00:00
2026-06-11 09:45:00+00:00,XRP-USD,15m,1.1166000366210938,1.1181000471115112,1.1160000562667847,1.1160000562667847,40576,40576,yfinance,2026-07-10T06:58:05.450587+00:00
2026-06-11 10:00:00+00:00,XRP-USD,15m,1.1160999536514282,1.1172000169754028,1.114799976348877,1.1152000427246094,1639680,1639680,yfinance,2026-07-10T06:58:05.450587+00:00
2026-06-11 10:15:00+00:00,XRP-USD,15m,1.115399956703186,1.118499994277954,1.1131999492645264,1.118499994277954,33664,33664,yfinance,2026-07-10T06:58:05.450587+00:00
2026-06-11 10:30:00+00:00,XRP-USD,15m,1.118399977684021,1.11899995803833,1.1161999702453613,1.1165000200271606,3287168,3287168,yfinance,2026-07-10T06:58:05.450587+00:00
2026-06-11 10:45:00+00:00,XRP-USD,15m,1.1165000200271606,1.1238000392913818,1.1165000200271606,1.1205999851226807,22594560,22594560,yfinance,2026-07-10T06:58:05.450587+00:00
2026-06-11 11:00:00+00:00,XRP-USD,15m,1.1202000379562378,1.1216000318527222,1.1180000305175781,1.1212999820709229,1358080,1358080,yfinance,2026-07-10T06:58:05.450587+00:00
2026-06-11 11:15:00+00:00,XRP-USD,15m,1.1210999488830566,1.1211999654769897,1.118399977684021,1.1204999685287476,0,0,yfinance,2026-07-10T06:58:05.450587+00:00
2026-06-11 11:30:00+00:00,XRP-USD,15m,1.1203999519348145,1.1210999488830566,1.1180000305175781,1.1191999912261963,1493888,1493888,yfinance,2026-07-10T06:58:05.450587+00:00
2026-06-11 11:45:00+00:00,XRP-USD,15m,1.1190999746322632,1.1246000528335571,1.1187000274658203,1.1212999820709229,2345984,2345984,yfinance,2026-07-10T06:58:05.450587+00:00
2026-06-11 12:00:00+00:00,XRP-USD,15m,1.1212999820709229,1.121399998664856,1.1174999475479126,1.1186000108718872,396032,396032,yfinance,2026-07-10T06:58:05.450587+00:00
2026-06-11 12:15:00+00:00,XRP-USD,15m,1.1187000274658203,1.1196000576019287,1.1096999645233154,1.111199975013733,7867904,7867904,yfinance,2026-07-10T06:58:05.450587+00:00
2026-06-11 12:30:00+00:00,XRP-USD,15m,1.1130000352859497,1.1146999597549438,1.107800006866455,1.114300012588501,0,0,yfinance,2026-07-10T06:58:05.450587+00:00
2026-06-11 12:45:00+00:00,XRP-USD,15m,1.114300012588501,1.1146999597549438,1.111799955368042,1.1129000186920166,2322048,2322048,yfinance,2026-07-10T06:58:05.450587+00:00
2026-06-11 13:00:00+00:00,XRP-USD,15m,1.1124000549316406,1.113800048828125,1.1104999780654907,1.1131999492645264,0,0,yfinance,2026-07-10T06:58:05.450587+00:00
2026-06-11 13:15:00+00:00,XRP-USD,15m,1.1134999990463257,1.1154999732971191,1.1093000173568726,1.1100000143051147,898176,898176,yfinance,2026-07-10T06:58:05.450587+00:00
2026-06-11 13:30:00+00:00,XRP-USD,15m,1.1085000038146973,1.1133999824523926,1.1068999767303467,1.1131999492645264,0,0,yfinance,2026-07-10T06:58:05.450587+00:00
2026-06-11 13:45:00+00:00,XRP-USD,15m,1.113700032234192,1.1190999746322632,1.1131000518798828,1.1154999732971191,0,0,yfinance,2026-07-10T06:58:05.450587+00:00
2026-06-11 14:00:00+00:00,XRP-USD,15m,1.115399956703186,1.1167000532150269,1.1105999946594238,1.1114000082015991,0,0,yfinance,2026-07-10T06:58:05.450587+00:00
2026-06-11 14:15:00+00:00,XRP-USD,15m,1.1114000082015991,1.1153000593185425,1.1097999811172485,1.1138999462127686,0,0,yfinance,2026-07-10T06:58:05.450587+00:00
2026-06-11 14:30:00+00:00,XRP-USD,15m,1.113800048828125,1.115399956703186,1.11080002784729,1.1134999990463257,0,0,yfinance,2026-07-10T06:58:05.450587+00:00
2026-06-11 14:45:00+00:00,XRP-USD,15m,1.1133999824523926,1.1175999641418457,1.111899971961975,1.111899971961975,0,0,yfinance,2026-07-10T06:58:05.450587+00:00
2026-06-11 15:00:00+00:00,XRP-USD,15m,1.1117000579833984,1.113800048828125,1.1061999797821045,1.110700011253357,2318720,2318720,yfinance,2026-07-10T06:58:05.450587+00:00
2026-06-11 15:15:00+00:00,XRP-USD,15m,1.110700011253357,1.1151000261306763,1.1094000339508057,1.113700032234192,2171264,2171264,yfinance,2026-07-10T06:58:05.450587+00:00
2026-06-11 15:30:00+00:00,XRP-USD,15m,1.1132999658584595,1.1167000532150269,1.1096999645233154,1.1101000308990479,1469952,1469952,yfinance,2026-07-10T06:58:05.450587+00:00
2026-06-11 15:45:00+00:00,XRP-USD,15m,1.1102999448776245,1.1117000579833984,1.1067999601364136,1.1117000579833984,0,0,yfinance,2026-07-10T06:58:05.450587+00:00
2026-06-11 16:00:00+00:00,XRP-USD,15m,1.1119999885559082,1.1138999462127686,1.1102999448776245,1.1128000020980835,0,0,yfinance,2026-07-10T06:58:05.450587+00:00
2026-06-11 16:15:00+00:00,XRP-USD,15m,1.1130000352859497,1.1131000518798828,1.1057000160217285,1.1073999404907227,834816,834816,yfinance,2026-07-10T06:58:05.450587+00:00
2026-06-11 16:30:00+00:00,XRP-USD,15m,1.107100009918213,1.1110999584197998,1.105299949645996,1.1083999872207642,0,0,yfinance,2026-07-10T06:58:05.450587+00:00
2026-06-11 16:45:00+00:00,XRP-USD,15m,1.108199954032898,1.1086000204086304,1.1058000326156616,1.1068999767303467,0,0,yfinance,2026-07-10T06:58:05.450587+00:00
2026-06-11 17:00:00+00:00,XRP-USD,15m,1.1066999435424805,1.1085000038146973,1.1049000024795532,1.1053999662399292,42112,42112,yfinance,2026-07-10T06:58:05.450587+00:00
2026-06-11 17:15:00+00:00,XRP-USD,15m,1.1049000024795532,1.1160000562667847,1.1032999753952026,1.1160000562667847,2602112,2602112,yfinance,2026-07-10T06:58:05.450587+00:00
2026-06-11 17:30:00+00:00,XRP-USD,15m,1.1176999807357788,1.1319999694824219,1.1176999807357788,1.1319999694824219,67160192,67160192,yfinance,2026-07-10T06:58:05.450587+00:00
2026-06-11 17:45:00+00:00,XRP-USD,15m,1.1324000358581543,1.1413999795913696,1.1311999559402466,1.138100028038025,29608320,29608320,yfinance,2026-07-10T06:58:05.450587+00:00
2026-06-11 18:00:00+00:00,XRP-USD,15m,1.139799952507019,1.1413999795913696,1.1330000162124634,1.1385999917984009,15790848,15790848,yfinance,2026-07-10T06:58:05.450587+00:00
2026-06-11 18:15:00+00:00,XRP-USD,15m,1.1389000415802002,1.1447999477386475,1.1347999572753906,1.135599970817566,19886976,19886976,yfinance,2026-07-10T06:58:05.450587+00:00
2026-06-11 18:30:00+00:00,XRP-USD,15m,1.1354999542236328,1.1376999616622925,1.1333999633789062,1.1376999616622925,142848,142848,yfinance,2026-07-10T06:58:05.450587+00:00
2026-06-11 18:45:00+00:00,XRP-USD,15m,1.1376999616622925,1.1396000385284424,1.1361000537872314,1.1368000507354736,0,0,yfinance,2026-07-10T06:58:05.450587+00:00
2026-06-11 19:00:00+00:00,XRP-USD,15m,1.1363999843597412,1.138800024986267,1.1332000494003296,1.136199951171875,97024,97024,yfinance,2026-07-10T06:58:05.450587+00:00
2026-06-11 19:15:00+00:00,XRP-USD,15m,1.1360000371932983,1.1439000368118286,1.1358000040054321,1.1411999464035034,10077312,10077312,yfinance,2026-07-10T06:58:05.450587+00:00
2026-06-11 19:30:00+00:00,XRP-USD,15m,1.1405999660491943,1.1484999656677246,1.1403000354766846,1.1440999507904053,14176640,14176640,yfinance,2026-07-10T06:58:05.450587+00:00
2026-06-11 19:45:00+00:00,XRP-USD,15m,1.1435999870300293,1.1439000368118286,1.1396000385284424,1.142199993133545,1190656,1190656,yfinance,2026-07-10T06:58:05.450587+00:00
2026-06-11 20:00:00+00:00,XRP-USD,15m,1.1425000429153442,1.1425000429153442,1.1375999450683594,1.1384999752044678,0,0,yfinance,2026-07-10T06:58:05.450587+00:00
2026-06-11 20:15:00+00:00,XRP-USD,15m,1.1384999752044678,1.1396000385284424,1.1328999996185303,1.1333999633789062,877312,877312,yfinance,2026-07-10T06:58:05.450587+00:00
2026-06-11 20:30:00+00:00,XRP-USD,15m,1.1330000162124634,1.1347999572753906,1.13100004196167,1.1323000192642212,11528448,11528448,yfinance,2026-07-10T06:58:05.450587+00:00
2026-06-11 20:45:00+00:00,XRP-USD,15m,1.132699966430664,1.135599970817566,1.131100058555603,1.1347999572753906,5740672,5740672,yfinance,2026-07-10T06:58:05.450587+00:00
2026-06-11 21:00:00+00:00,XRP-USD,15m,1.1344000101089478,1.1418999433517456,1.1344000101089478,1.1411000490188599,0,0,yfinance,2026-07-10T06:58:05.450587+00:00
2026-06-11 21:15:00+00:00,XRP-USD,15m,1.1407999992370605,1.1407999992370605,1.1380000114440918,1.1385999917984009,2353280,2353280,yfinance,2026-07-10T06:58:05.450587+00:00
2026-06-11 21:30:00+00:00,XRP-USD,15m,1.1394000053405762,1.1406999826431274,1.138200044631958,1.1401000022888184,586112,586112,yfinance,2026-07-10T06:58:05.450587+00:00
2026-06-11 21:45:00+00:00,XRP-USD,15m,1.1399999856948853,1.1412999629974365,1.138100028038025,1.1402000188827515,1048448,1048448,yfinance,2026-07-10T06:58:05.450587+00:00
2026-06-11 22:00:00+00:00,XRP-USD,15m,1.139799952507019,1.143399953842163,1.1394000053405762,1.142799973487854,2409856,2409856,yfinance,2026-07-10T06:58:05.450587+00:00
2026-06-11 22:15:00+00:00,XRP-USD,15m,1.142899990081787,1.1448999643325806,1.1418999433517456,1.1430000066757202,1718144,1718144,yfinance,2026-07-10T06:58:05.450587+00:00
2026-06-11 22:30:00+00:00,XRP-USD,15m,1.1433000564575195,1.1449999809265137,1.1409000158309937,1.1413999795913696,451456,451456,yfinance,2026-07-10T06:58:05.450587+00:00
2026-06-11 22:45:00+00:00,XRP-USD,15m,1.1411999464035034,1.143399953842163,1.1396000385284424,1.1420999765396118,730752,730752,yfinance,2026-07-10T06:58:05.450587+00:00
2026-06-11 23:00:00+00:00,XRP-USD,15m,1.141800045967102,1.141800045967102,1.139299988746643,1.1398999691009521,0,0,yfinance,2026-07-10T06:58:05.450587+00:00
2026-06-11 23:15:00+00:00,XRP-USD,15m,1.1397000551223755,1.1402000188827515,1.1376999616622925,1.1378999948501587,0,0,yfinance,2026-07-10T06:58:05.450587+00:00
2026-06-11 23:30:00+00:00,XRP-USD,15m,1.1378999948501587,1.1431000232696533,1.1377999782562256,1.1416000127792358,538368,538368,yfinance,2026-07-10T06:58:05.450587+00:00
2026-06-11 23:45:00+00:00,XRP-USD,15m,1.1416000127792358,1.1425000429153442,1.1396000385284424,1.1411999464035034,396800,396800,yfinance,2026-07-10T06:58:05.450587+00:00
2026-06-12 00:00:00+00:00,XRP-USD,15m,1.1412999629974365,1.1439000368118286,1.1396000385284424,1.1410000324249268,0,0,yfinance,2026-07-10T06:58:05.450587+00:00
2026-06-12 00:15:00+00:00,XRP-USD,15m,1.1406999826431274,1.1412999629974365,1.1377999782562256,1.1402000188827515,0,0,yfinance,2026-07-10T06:58:05.450587+00:00
2026-06-12 00:30:00+00:00,XRP-USD,15m,1.1399999856948853,1.1426000595092773,1.1395000219345093,1.1416000127792358,337024,337024,yfinance,2026-07-10T06:58:05.450587+00:00
2026-06-12 00:45:00+00:00,XRP-USD,15m,1.1414999961853027,1.1431000232696533,1.1404000520706177,1.1411000490188599,6125440,6125440,yfinance,2026-07-10T06:58:05.450587+00:00
2026-06-12 01:00:00+00:00,XRP-USD,15m,1.1409000158309937,1.1411000490188599,1.138200044631958,1.1394000053405762,0,0,yfinance,2026-07-10T06:58:05.450587+00:00
2026-06-12 01:15:00+00:00,XRP-USD,15m,1.1397000551223755,1.1406999826431274,1.1349999904632568,1.1358000040054321,0,0,yfinance,2026-07-10T06:58:05.450587+00:00
2026-06-12 01:30:00+00:00,XRP-USD,15m,1.1361000537872314,1.1385999917984009,1.13510000705719,1.1374000310897827,0,0,yfinance,2026-07-10T06:58:05.450587+00:00
2026-06-12 01:45:00+00:00,XRP-USD,15m,1.1375999450683594,1.138700008392334,1.1367000341415405,1.1384999752044678,0,0,yfinance,2026-07-10T06:58:05.450587+00:00
2026-06-12 02:00:00+00:00,XRP-USD,15m,1.1384999752044678,1.148300051689148,1.1384999752044678,1.1449999809265137,4932096,4932096,yfinance,2026-07-10T06:58:05.450587+00:00
2026-06-12 02:15:00+00:00,XRP-USD,15m,1.1450999975204468,1.1452000141143799,1.141700029373169,1.142300009727478,1880064,1880064,yfinance,2026-07-10T06:58:05.450587+00:00
2026-06-12 02:30:00+00:00,XRP-USD,15m,1.1424000263214111,1.1464999914169312,1.1424000263214111,1.1464999914169312,0,0,yfinance,2026-07-10T06:58:05.450587+00:00
2026-06-12 02:45:00+00:00,XRP-USD,15m,1.1467000246047974,1.1468000411987305,1.1440999507904053,1.1447999477386475,2790144,2790144,yfinance,2026-07-10T06:58:05.450587+00:00
2026-06-12 03:00:00+00:00,XRP-USD,15m,1.1447999477386475,1.1454999446868896,1.142300009727478,1.1437000036239624,1461632,1461632,yfinance,2026-07-10T06:58:05.450587+00:00
2026-06-12 03:15:00+00:00,XRP-USD,15m,1.1438000202178955,1.1440000534057617,1.1390999555587769,1.1414999961853027,3331456,3331456,yfinance,2026-07-10T06:58:05.450587+00:00
2026-06-12 03:30:00+00:00,XRP-USD,15m,1.1426000595092773,1.1441999673843384,1.139799952507019,1.1410000324249268,2728832,2728832,yfinance,2026-07-10T06:58:05.450587+00:00
2026-06-12 03:45:00+00:00,XRP-USD,15m,1.1410000324249268,1.142899990081787,1.1410000324249268,1.1426000595092773,0,0,yfinance,2026-07-10T06:58:05.450587+00:00
2026-06-12 04:00:00+00:00,XRP-USD,15m,1.1430000066757202,1.1447999477386475,1.1407999992370605,1.1419999599456787,975872,975872,yfinance,2026-07-10T06:58:05.450587+00:00
2026-06-12 04:15:00+00:00,XRP-USD,15m,1.142199993133545,1.1475000381469727,1.142199993133545,1.1467000246047974,5508096,5508096,yfinance,2026-07-10T06:58:05.450587+00:00
2026-06-12 04:30:00+00:00,XRP-USD,15m,1.1468000411987305,1.1490999460220337,1.1454999446868896,1.1464999914169312,3672704,3672704,yfinance,2026-07-10T06:58:05.450587+00:00
2026-06-12 04:45:00+00:00,XRP-USD,15m,1.1468000411987305,1.1471999883651733,1.1448999643325806,1.1449999809265137,0,0,yfinance,2026-07-10T06:58:05.450587+00:00
2026-06-12 05:00:00+00:00,XRP-USD,15m,1.145400047302246,1.145400047302246,1.1405999660491943,1.1410000324249268,652800,652800,yfinance,2026-07-10T06:58:05.450587+00:00
2026-06-12 05:15:00+00:00,XRP-USD,15m,1.1411999464035034,1.142899990081787,1.1406999826431274,1.1407999992370605,994560,994560,yfinance,2026-07-10T06:58:05.450587+00:00
2026-06-12 05:30:00+00:00,XRP-USD,15m,1.1405999660491943,1.1414999961853027,1.138100028038025,1.1390999555587769,5111040,5111040,yfinance,2026-07-10T06:58:05.450587+00:00
2026-06-12 05:45:00+00:00,XRP-USD,15m,1.139299988746643,1.1399999856948853,1.1375999450683594,1.1384999752044678,1628032,1628032,yfinance,2026-07-10T06:58:05.450587+00:00
2026-06-12 06:00:00+00:00,XRP-USD,15m,1.1378999948501587,1.1398999691009521,1.1366000175476074,1.1375000476837158,0,0,yfinance,2026-07-10T06:58:05.450587+00:00
2026-06-12 06:15:00+00:00,XRP-USD,15m,1.1374000310897827,1.1374000310897827,1.1327999830245972,1.1330000162124634,0,0,yfinance,2026-07-10T06:58:05.450587+00:00
2026-06-12 06:30:00+00:00,XRP-USD,15m,1.1324000358581543,1.1327999830245972,1.1262999773025513,1.1272000074386597,8506880,8506880,yfinance,2026-07-10T06:58:05.450587+00:00
2026-06-12 06:45:00+00:00,XRP-USD,15m,1.1274000406265259,1.1297999620437622,1.1272000074386597,1.1283999681472778,892288,892288,yfinance,2026-07-10T06:58:05.450587+00:00
2026-06-12 07:00:00+00:00,XRP-USD,15m,1.12909996509552,1.1330000162124634,1.12909996509552,1.1299999952316284,3015424,3015424,yfinance,2026-07-10T06:58:05.450587+00:00
2026-06-12 07:15:00+00:00,XRP-USD,15m,1.1301000118255615,1.1324000358581543,1.1296000480651855,1.131100058555603,293120,293120,yfinance,2026-07-10T06:58:05.450587+00:00
2026-06-12 07:30:00+00:00,XRP-USD,15m,1.13100004196167,1.1324000358581543,1.1303000450134277,1.131100058555603,232704,232704,yfinance,2026-07-10T06:58:05.450587+00:00
2026-06-12 07:45:00+00:00,XRP-USD,15m,1.1309000253677368,1.1344000101089478,1.1299999952316284,1.1324000358581543,7031552,7031552,yfinance,2026-07-10T06:58:05.450587+00:00
2026-06-12 08:00:00+00:00,XRP-USD,15m,1.132599949836731,1.1375999450683594,1.132599949836731,1.136299967765808,5376768,5376768,yfinance,2026-07-10T06:58:05.450587+00:00
2026-06-12 08:15:00+00:00,XRP-USD,15m,1.1361000537872314,1.143399953842163,1.135699987411499,1.1416000127792358,5189120,5189120,yfinance,2026-07-10T06:58:05.450587+00:00
2026-06-12 08:30:00+00:00,XRP-USD,15m,1.1418999433517456,1.142300009727478,1.1390000581741333,1.13919997215271,1265664,1265664,yfinance,2026-07-10T06:58:05.450587+00:00
2026-06-12 08:45:00+00:00,XRP-USD,15m,1.1394000053405762,1.1418999433517456,1.138700008392334,1.1411000490188599,474240,474240,yfinance,2026-07-10T06:58:05.450587+00:00
2026-06-12 09:00:00+00:00,XRP-USD,15m,1.1412999629974365,1.1412999629974365,1.1378999948501587,1.1406999826431274,1880448,1880448,yfinance,2026-07-10T06:58:05.450587+00:00
2026-06-12 09:15:00+00:00,XRP-USD,15m,1.1406999826431274,1.1473000049591064,1.1404000520706177,1.146399974822998,10652032,10652032,yfinance,2026-07-10T06:58:05.450587+00:00
2026-06-12 09:30:00+00:00,XRP-USD,15m,1.1467000246047974,1.1505000591278076,1.1467000246047974,1.1485999822616577,17889792,17889792,yfinance,2026-07-10T06:58:05.450587+00:00
2026-06-12 09:45:00+00:00,XRP-USD,15m,1.1482000350952148,1.1503000259399414,1.1454999446868896,1.1454999446868896,7173632,7173632,yfinance,2026-07-10T06:58:05.450587+00:00
2026-06-12 10:00:00+00:00,XRP-USD,15m,1.1455999612808228,1.1476999521255493,1.1440000534057617,1.1445000171661377,0,0,yfinance,2026-07-10T06:58:05.450587+00:00
2026-06-12 10:15:00+00:00,XRP-USD,15m,1.1445000171661377,1.1454999446868896,1.13919997215271,1.1403000354766846,4109696,4109696,yfinance,2026-07-10T06:58:05.450587+00:00
2026-06-12 10:30:00+00:00,XRP-USD,15m,1.1405999660491943,1.1432000398635864,1.1405999660491943,1.141800045967102,1350144,1350144,yfinance,2026-07-10T06:58:05.450587+00:00
2026-06-12 10:45:00+00:00,XRP-USD,15m,1.1416000127792358,1.1438000202178955,1.1411000490188599,1.1419999599456787,0,0,yfinance,2026-07-10T06:58:05.450587+00:00
2026-06-12 11:00:00+00:00,XRP-USD,15m,1.142199993133545,1.1435999870300293,1.1411999464035034,1.1435999870300293,0,0,yfinance,2026-07-10T06:58:05.450587+00:00
2026-06-12 11:15:00+00:00,XRP-USD,15m,1.1435999870300293,1.1440000534057617,1.1418999433517456,1.142699956893921,1654912,1654912,yfinance,2026-07-10T06:58:05.450587+00:00
2026-06-12 11:30:00+00:00,XRP-USD,15m,1.142199993133545,1.142799973487854,1.1397000551223755,1.1411999464035034,0,0,yfinance,2026-07-10T06:58:05.450587+00:00
2026-06-12 11:45:00+00:00,XRP-USD,15m,1.1413999795913696,1.142699956893921,1.1402000188827515,1.1403000354766846,1582336,1582336,yfinance,2026-07-10T06:58:05.450587+00:00
2026-06-12 12:00:00+00:00,XRP-USD,15m,1.1397000551223755,1.1411999464035034,1.138100028038025,1.13919997215271,0,0,yfinance,2026-07-10T06:58:05.450587+00:00
2026-06-12 12:15:00+00:00,XRP-USD,15m,1.13919997215271,1.1396000385284424,1.1344000101089478,1.134600043296814,0,0,yfinance,2026-07-10T06:58:05.450587+00:00
2026-06-12 12:30:00+00:00,XRP-USD,15m,1.1342999935150146,1.1368000507354736,1.1341999769210815,1.13510000705719,0,0,yfinance,2026-07-10T06:58:05.450587+00:00
2026-06-12 12:45:00+00:00,XRP-USD,15m,1.1348999738693237,1.1370999813079834,1.1333999633789062,1.134600043296814,1237504,1237504,yfinance,2026-07-10T06:58:05.450587+00:00
2026-06-12 13:00:00+00:00,XRP-USD,15m,1.134600043296814,1.1359000205993652,1.1338000297546387,1.1347999572753906,862336,862336,yfinance,2026-07-10T06:58:05.450587+00:00
2026-06-12 13:15:00+00:00,XRP-USD,15m,1.134600043296814,1.1358000040054321,1.132099986076355,1.1333999633789062,0,0,yfinance,2026-07-10T06:58:05.450587+00:00
2026-06-12 13:30:00+00:00,XRP-USD,15m,1.1335999965667725,1.1335999965667725,1.125,1.1282999515533447,6035200,6035200,yfinance,2026-07-10T06:58:05.450587+00:00
2026-06-12 13:45:00+00:00,XRP-USD,15m,1.1282999515533447,1.1299999952316284,1.1262999773025513,1.128999948501587,10901248,10901248,yfinance,2026-07-10T06:58:05.450587+00:00
2026-06-12 14:00:00+00:00,XRP-USD,15m,1.128499984741211,1.1344000101089478,1.128499984741211,1.1337000131607056,3440128,3440128,yfinance,2026-07-10T06:58:05.450587+00:00
2026-06-12 14:15:00+00:00,XRP-USD,15m,1.1339000463485718,1.138100028038025,1.1306999921798706,1.1377999782562256,3968256,3968256,yfinance,2026-07-10T06:58:05.450587+00:00
2026-06-12 14:30:00+00:00,XRP-USD,15m,1.1375999450683594,1.1433000564575195,1.1348999738693237,1.1376999616622925,19833472,19833472,yfinance,2026-07-10T06:58:05.450587+00:00
2026-06-12 14:45:00+00:00,XRP-USD,15m,1.1378999948501587,1.1490999460220337,1.1368999481201172,1.1476999521255493,34125824,34125824,yfinance,2026-07-10T06:58:05.450587+00:00
2026-06-12 15:00:00+00:00,XRP-USD,15m,1.1481000185012817,1.1557999849319458,1.145799994468689,1.1556999683380127,12707328,12707328,yfinance,2026-07-10T06:58:05.450587+00:00
2026-06-12 15:15:00+00:00,XRP-USD,15m,1.156499981880188,1.156499981880188,1.1471999883651733,1.1471999883651733,17582720,17582720,yfinance,2026-07-10T06:58:05.450587+00:00
2026-06-12 15:30:00+00:00,XRP-USD,15m,1.146299958229065,1.1469999551773071,1.1377999782562256,1.1404999494552612,16860672,16860672,yfinance,2026-07-10T06:58:05.450587+00:00
2026-06-12 15:45:00+00:00,XRP-USD,15m,1.1406999826431274,1.1406999826431274,1.1266000270843506,1.1279000043869019,22668160,22668160,yfinance,2026-07-10T06:58:05.450587+00:00
2026-06-12 16:00:00+00:00,XRP-USD,15m,1.1279000043869019,1.1358000040054321,1.125599980354309,1.1342999935150146,19974656,19974656,yfinance,2026-07-10T06:58:05.450587+00:00
2026-06-12 16:15:00+00:00,XRP-USD,15m,1.1342999935150146,1.135699987411499,1.128600001335144,1.1319999694824219,17394816,17394816,yfinance,2026-07-10T06:58:05.450587+00:00
2026-06-12 16:30:00+00:00,XRP-USD,15m,1.131700038909912,1.135200023651123,1.1295000314712524,1.13100004196167,1750528,1750528,yfinance,2026-07-10T06:58:05.450587+00:00
2026-06-12 16:45:00+00:00,XRP-USD,15m,1.1312999725341797,1.135200023651123,1.1305999755859375,1.13510000705719,7338880,7338880,yfinance,2026-07-10T06:58:05.450587+00:00
2026-06-12 17:00:00+00:00,XRP-USD,15m,1.135200023651123,1.1376999616622925,1.1319999694824219,1.1323000192642212,2155776,2155776,yfinance,2026-07-10T06:58:05.450587+00:00
2026-06-12 17:15:00+00:00,XRP-USD,15m,1.1330000162124634,1.1332000494003296,1.129699945449829,1.1318999528884888,2702848,2702848,yfinance,2026-07-10T06:58:05.450587+00:00
2026-06-12 17:30:00+00:00,XRP-USD,15m,1.1324000358581543,1.1338000297546387,1.1298999786376953,1.1309000253677368,0,0,yfinance,2026-07-10T06:58:05.450587+00:00
2026-06-12 17:45:00+00:00,XRP-USD,15m,1.1306999921798706,1.132200002670288,1.1298999786376953,1.1312999725341797,0,0,yfinance,2026-07-10T06:58:05.450587+00:00
2026-06-12 18:00:00+00:00,XRP-USD,15m,1.131600022315979,1.1332999467849731,1.1274000406265259,1.1303000450134277,2380544,2380544,yfinance,2026-07-10T06:58:05.450587+00:00
2026-06-12 18:15:00+00:00,XRP-USD,15m,1.1297999620437622,1.131100058555603,1.1276999711990356,1.1306999921798706,0,0,yfinance,2026-07-10T06:58:05.450587+00:00
2026-06-12 18:30:00+00:00,XRP-USD,15m,1.1304999589920044,1.1339000463485718,1.1295000314712524,1.132200002670288,0,0,yfinance,2026-07-10T06:58:05.450587+00:00
2026-06-12 18:45:00+00:00,XRP-USD,15m,1.1318999528884888,1.1333999633789062,1.1296000480651855,1.1296000480651855,873728,873728,yfinance,2026-07-10T06:58:05.450587+00:00
2026-06-12 19:00:00+00:00,XRP-USD,15m,1.1296000480651855,1.1328999996185303,1.1294000148773193,1.132699966430664,0,0,yfinance,2026-07-10T06:58:05.450587+00:00
2026-06-12 19:15:00+00:00,XRP-USD,15m,1.1327999830245972,1.1346999406814575,1.1312999725341797,1.1334999799728394,0,0,yfinance,2026-07-10T06:58:05.450587+00:00
2026-06-12 19:30:00+00:00,XRP-USD,15m,1.1335999965667725,1.135599970817566,1.1304999589920044,1.1308000087738037,1006592,1006592,yfinance,2026-07-10T06:58:05.450587+00:00
2026-06-12 19:45:00+00:00,XRP-USD,15m,1.131600022315979,1.1325000524520874,1.1295000314712524,1.131100058555603,1697280,1697280,yfinance,2026-07-10T06:58:05.450587+00:00
2026-06-12 20:00:00+00:00,XRP-USD,15m,1.131100058555603,1.1327999830245972,1.129699945449829,1.1318000555038452,0,0,yfinance,2026-07-10T06:58:05.450587+00:00
2026-06-12 20:15:00+00:00,XRP-USD,15m,1.131500005722046,1.1327999830245972,1.1292999982833862,1.1325000524520874,0,0,yfinance,2026-07-10T06:58:05.450587+00:00
2026-06-12 20:30:00+00:00,XRP-USD,15m,1.1323000192642212,1.1344000101089478,1.132099986076355,1.1332999467849731,0,0,yfinance,2026-07-10T06:58:05.450587+00:00
2026-06-12 20:45:00+00:00,XRP-USD,15m,1.1334999799728394,1.1339999437332153,1.1303999423980713,1.1324000358581543,0,0,yfinance,2026-07-10T06:58:05.450587+00:00
2026-06-12 21:00:00+00:00,XRP-USD,15m,1.1325000524520874,1.1339999437332153,1.1309000253677368,1.1333999633789062,661248,661248,yfinance,2026-07-10T06:58:05.450587+00:00
2026-06-12 21:15:00+00:00,XRP-USD,15m,1.1332999467849731,1.134600043296814,1.1323000192642212,1.1333999633789062,0,0,yfinance,2026-07-10T06:58:05.450587+00:00
2026-06-12 21:30:00+00:00,XRP-USD,15m,1.1333999633789062,1.1342999935150146,1.1319999694824219,1.1325000524520874,0,0,yfinance,2026-07-10T06:58:05.450587+00:00
2026-06-12 21:45:00+00:00,XRP-USD,15m,1.1327999830245972,1.1332000494003296,1.12909996509552,1.1294000148773193,0,0,yfinance,2026-07-10T06:58:05.450587+00:00
2026-06-12 22:00:00+00:00,XRP-USD,15m,1.1291999816894531,1.1298999786376953,1.1276999711990356,1.1297999620437622,0,0,yfinance,2026-07-10T06:58:05.450587+00:00
2026-06-12 22:15:00+00:00,XRP-USD,15m,1.1303999423980713,1.1318000555038452,1.1297999620437622,1.1303999423980713,0,0,yfinance,2026-07-10T06:58:05.450587+00:00
2026-06-12 22:30:00+00:00,XRP-USD,15m,1.1305999755859375,1.1308000087738037,1.1283999681472778,1.1291999816894531,0,0,yfinance,2026-07-10T06:58:05.450587+00:00
2026-06-12 22:45:00+00:00,XRP-USD,15m,1.12909996509552,1.1305999755859375,1.1288000345230103,1.1303000450134277,0,0,yfinance,2026-07-10T06:58:05.450587+00:00
2026-06-12 23:00:00+00:00,XRP-USD,15m,1.1303000450134277,1.1303999423980713,1.1287000179290771,1.12909996509552,0,0,yfinance,2026-07-10T06:58:05.450587+00:00
2026-06-12 23:15:00+00:00,XRP-USD,15m,1.1294000148773193,1.1299999952316284,1.128000020980835,1.128999948501587,84096,84096,yfinance,2026-07-10T06:58:05.450587+00:00
2026-06-12 23:30:00+00:00,XRP-USD,15m,1.128999948501587,1.131500005722046,1.128600001335144,1.1297999620437622,1441536,1441536,yfinance,2026-07-10T06:58:05.450587+00:00
2026-06-12 23:45:00+00:00,XRP-USD,15m,1.1302000284194946,1.132699966430664,1.1302000284194946,1.1318000555038452,0,0,yfinance,2026-07-10T06:58:05.450587+00:00
2026-06-13 00:00:00+00:00,XRP-USD,15m,1.1318000555038452,1.1333999633789062,1.1308000087738037,1.1331000328063965,0,0,yfinance,2026-07-10T06:58:05.450587+00:00
2026-06-13 00:15:00+00:00,XRP-USD,15m,1.1332999467849731,1.1345000267028809,1.132599949836731,1.1331000328063965,0,0,yfinance,2026-07-10T06:58:05.450587+00:00
2026-06-13 00:30:00+00:00,XRP-USD,15m,1.1328999996185303,1.1342999935150146,1.132599949836731,1.1330000162124634,193024,193024,yfinance,2026-07-10T06:58:05.450587+00:00
2026-06-13 00:45:00+00:00,XRP-USD,15m,1.1328999996185303,1.1349999904632568,1.1323000192642212,1.1340999603271484,0,0,yfinance,2026-07-10T06:58:05.450587+00:00
2026-06-13 01:00:00+00:00,XRP-USD,15m,1.1341999769210815,1.1371999979019165,1.1341999769210815,1.1371999979019165,249856,249856,yfinance,2026-07-10T06:58:05.450587+00:00
2026-06-13 01:15:00+00:00,XRP-USD,15m,1.1374000310897827,1.1383999586105347,1.1360000371932983,1.1370999813079834,31744,31744,yfinance,2026-07-10T06:58:05.450587+00:00
2026-06-13 01:30:00+00:00,XRP-USD,15m,1.1371999979019165,1.1404000520706177,1.1354999542236328,1.1378999948501587,1664384,1664384,yfinance,2026-07-10T06:58:05.450587+00:00
2026-06-13 01:45:00+00:00,XRP-USD,15m,1.1377999782562256,1.1402000188827515,1.1377999782562256,1.139299988746643,7143040,7143040,yfinance,2026-07-10T06:58:05.450587+00:00
2026-06-13 02:00:00+00:00,XRP-USD,15m,1.1394000053405762,1.1394000053405762,1.1360000371932983,1.136199951171875,0,0,yfinance,2026-07-10T06:58:05.450587+00:00
2026-06-13 02:15:00+00:00,XRP-USD,15m,1.1361000537872314,1.1363999843597412,1.1342999935150146,1.1358000040054321,0,0,yfinance,2026-07-10T06:58:05.450587+00:00
2026-06-13 02:30:00+00:00,XRP-USD,15m,1.135699987411499,1.1358000040054321,1.1332000494003296,1.1333999633789062,0,0,yfinance,2026-07-10T06:58:05.450587+00:00
2026-06-13 02:45:00+00:00,XRP-USD,15m,1.1333999633789062,1.1344000101089478,1.1324000358581543,1.1339000463485718,0,0,yfinance,2026-07-10T06:58:05.450587+00:00
2026-06-13 03:00:00+00:00,XRP-USD,15m,1.1339000463485718,1.1363999843597412,1.1339000463485718,1.1341999769210815,0,0,yfinance,2026-07-10T06:58:05.450587+00:00
2026-06-13 03:15:00+00:00,XRP-USD,15m,1.1340999603271484,1.1346999406814575,1.1305999755859375,1.1319999694824219,0,0,yfinance,2026-07-10T06:58:05.450587+00:00
2026-06-13 03:30:00+00:00,XRP-USD,15m,1.1318000555038452,1.1334999799728394,1.1318000555038452,1.1328999996185303,0,0,yfinance,2026-07-10T06:58:05.450587+00:00
2026-06-13 03:45:00+00:00,XRP-USD,15m,1.1328999996185303,1.134600043296814,1.1327999830245972,1.1331000328063965,0,0,yfinance,2026-07-10T06:58:05.450587+00:00
2026-06-13 04:00:00+00:00,XRP-USD,15m,1.1331000328063965,1.1340999603271484,1.1324000358581543,1.1332000494003296,0,0,yfinance,2026-07-10T06:58:05.450587+00:00
2026-06-13 04:15:00+00:00,XRP-USD,15m,1.1332000494003296,1.13510000705719,1.1327999830245972,1.1338000297546387,0,0,yfinance,2026-07-10T06:58:05.450587+00:00
2026-06-13 04:30:00+00:00,XRP-USD,15m,1.1339999437332153,1.1363999843597412,1.1338000297546387,1.134600043296814,0,0,yfinance,2026-07-10T06:58:05.450587+00:00
2026-06-13 04:45:00+00:00,XRP-USD,15m,1.1346999406814575,1.135699987411499,1.132599949836731,1.1327999830245972,0,0,yfinance,2026-07-10T06:58:05.450587+00:00
2026-06-13 05:00:00+00:00,XRP-USD,15m,1.1328999996185303,1.1333999633789062,1.131700038909912,1.132599949836731,0,0,yfinance,2026-07-10T06:58:05.450587+00:00
2026-06-13 05:15:00+00:00,XRP-USD,15m,1.132599949836731,1.1328999996185303,1.131100058555603,1.1312999725341797,0,0,yfinance,2026-07-10T06:58:05.450587+00:00
2026-06-13 05:30:00+00:00,XRP-USD,15m,1.1312999725341797,1.1331000328063965,1.13100004196167,1.1323000192642212,54656,54656,yfinance,2026-07-10T06:58:05.450587+00:00
2026-06-13 05:45:00+00:00,XRP-USD,15m,1.132099986076355,1.132200002670288,1.1291999816894531,1.132099986076355,0,0,yfinance,2026-07-10T06:58:05.450587+00:00
2026-06-13 06:00:00+00:00,XRP-USD,15m,1.132099986076355,1.1330000162124634,1.1311999559402466,1.1318000555038452,0,0,yfinance,2026-07-10T06:58:05.450587+00:00
2026-06-13 06:15:00+00:00,XRP-USD,15m,1.131500005722046,1.1327999830245972,1.1304999589920044,1.1327999830245972,0,0,yfinance,2026-07-10T06:58:05.450587+00:00
2026-06-13 06:30:00+00:00,XRP-USD,15m,1.1331000328063965,1.134600043296814,1.1325000524520874,1.1342999935150146,0,0,yfinance,2026-07-10T06:58:05.450587+00:00
2026-06-13 06:45:00+00:00,XRP-USD,15m,1.1341999769210815,1.1377999782562256,1.1341999769210815,1.1367000341415405,0,0,yfinance,2026-07-10T06:58:05.450587+00:00
2026-06-13 07:00:00+00:00,XRP-USD,15m,1.1368000507354736,1.1368000507354736,1.1346999406814575,1.135599970817566,0,0,yfinance,2026-07-10T06:58:05.450587+00:00
2026-06-13 07:15:00+00:00,XRP-USD,15m,1.1354999542236328,1.1426000595092773,1.1342999935150146,1.1419999599456787,12250240,12250240,yfinance,2026-07-10T06:58:05.450587+00:00
2026-06-13 07:30:00+00:00,XRP-USD,15m,1.1414999961853027,1.1416000127792358,1.1403000354766846,1.1412999629974365,16551936,16551936,yfinance,2026-07-10T06:58:05.450587+00:00
2026-06-13 07:45:00+00:00,XRP-USD,15m,1.1411000490188599,1.1440000534057617,1.1402000188827515,1.1410000324249268,7035776,7035776,yfinance,2026-07-10T06:58:05.450587+00:00
2026-06-13 08:00:00+00:00,XRP-USD,15m,1.1409000158309937,1.1426000595092773,1.139799952507019,1.1410000324249268,1999488,1999488,yfinance,2026-07-10T06:58:05.450587+00:00
2026-06-13 08:15:00+00:00,XRP-USD,15m,1.1407999992370605,1.1434999704360962,1.1407999992370605,1.1433000564575195,0,0,yfinance,2026-07-10T06:58:05.450587+00:00
2026-06-13 08:30:00+00:00,XRP-USD,15m,1.142799973487854,1.145900011062622,1.1420999765396118,1.1440000534057617,4881408,4881408,yfinance,2026-07-10T06:58:05.450587+00:00
2026-06-13 08:45:00+00:00,XRP-USD,15m,1.1441999673843384,1.1441999673843384,1.1425000429153442,1.1426000595092773,0,0,yfinance,2026-07-10T06:58:05.450587+00:00
2026-06-13 09:00:00+00:00,XRP-USD,15m,1.142699956893921,1.144700050354004,1.1424000263214111,1.1433000564575195,0,0,yfinance,2026-07-10T06:58:05.450587+00:00
2026-06-13 09:15:00+00:00,XRP-USD,15m,1.1434999704360962,1.1441999673843384,1.1424000263214111,1.1425000429153442,0,0,yfinance,2026-07-10T06:58:05.450587+00:00
2026-06-13 09:30:00+00:00,XRP-USD,15m,1.1426000595092773,1.142899990081787,1.1413999795913696,1.1419999599456787,0,0,yfinance,2026-07-10T06:58:05.450587+00:00
2026-06-13 09:45:00+00:00,XRP-USD,15m,1.1420999765396118,1.142899990081787,1.1413999795913696,1.1425000429153442,0,0,yfinance,2026-07-10T06:58:05.450587+00:00
2026-06-13 10:00:00+00:00,XRP-USD,15m,1.1426000595092773,1.1444000005722046,1.141800045967102,1.1439000368118286,0,0,yfinance,2026-07-10T06:58:05.450587+00:00
2026-06-13 10:15:00+00:00,XRP-USD,15m,1.1439000368118286,1.144700050354004,1.1432000398635864,1.1440999507904053,0,0,yfinance,2026-07-10T06:58:05.450587+00:00
2026-06-13 10:30:00+00:00,XRP-USD,15m,1.1442999839782715,1.145400047302246,1.1439000368118286,1.1447999477386475,275712,275712,yfinance,2026-07-10T06:58:05.450587+00:00
2026-06-13 10:45:00+00:00,XRP-USD,15m,1.144700050354004,1.145400047302246,1.142899990081787,1.1439000368118286,428800,428800,yfinance,2026-07-10T06:58:05.450587+00:00
2026-06-13 11:00:00+00:00,XRP-USD,15m,1.1434999704360962,1.1471999883651733,1.1434999704360962,1.1469999551773071,1053568,1053568,yfinance,2026-07-10T06:58:05.450587+00:00
2026-06-13 11:15:00+00:00,XRP-USD,15m,1.1474000215530396,1.148900032043457,1.1474000215530396,1.148300051689148,3227264,3227264,yfinance,2026-07-10T06:58:05.450587+00:00
2026-06-13 11:30:00+00:00,XRP-USD,15m,1.1481000185012817,1.1483999490737915,1.1460000276565552,1.1469000577926636,0,0,yfinance,2026-07-10T06:58:05.450587+00:00
2026-06-13 11:45:00+00:00,XRP-USD,15m,1.1469000577926636,1.1481000185012817,1.1466000080108643,1.1478999853134155,0,0,yfinance,2026-07-10T06:58:05.450587+00:00
2026-06-13 12:00:00+00:00,XRP-USD,15m,1.1478999853134155,1.1484999656677246,1.1464999914169312,1.1481000185012817,0,0,yfinance,2026-07-10T06:58:05.450587+00:00
2026-06-13 12:15:00+00:00,XRP-USD,15m,1.1477999687194824,1.149999976158142,1.1476999521255493,1.1492999792099,0,0,yfinance,2026-07-10T06:58:05.450587+00:00
2026-06-13 12:30:00+00:00,XRP-USD,15m,1.1491999626159668,1.1513999700546265,1.1483999490737915,1.148800015449524,0,0,yfinance,2026-07-10T06:58:05.450587+00:00
2026-06-13 12:45:00+00:00,XRP-USD,15m,1.148900032043457,1.1549999713897705,1.148900032043457,1.15339994430542,2874368,2874368,yfinance,2026-07-10T06:58:05.450587+00:00
2026-06-13 13:00:00+00:00,XRP-USD,15m,1.1532000303268433,1.1540000438690186,1.1526000499725342,1.1533000469207764,1633280,1633280,yfinance,2026-07-10T06:58:05.450587+00:00
2026-06-13 13:15:00+00:00,XRP-USD,15m,1.15339994430542,1.1535999774932861,1.1504000425338745,1.152500033378601,3829760,3829760,yfinance,2026-07-10T06:58:05.450587+00:00
2026-06-13 13:30:00+00:00,XRP-USD,15m,1.152500033378601,1.152999997138977,1.1503000259399414,1.1517000198364258,0,0,yfinance,2026-07-10T06:58:05.450587+00:00
2026-06-13 13:45:00+00:00,XRP-USD,15m,1.1514999866485596,1.1526999473571777,1.1495000123977661,1.1505999565124512,0,0,yfinance,2026-07-10T06:58:05.450587+00:00
2026-06-13 14:00:00+00:00,XRP-USD,15m,1.1505000591278076,1.155500054359436,1.1505000591278076,1.1541999578475952,0,0,yfinance,2026-07-10T06:58:05.450587+00:00
2026-06-13 14:15:00+00:00,XRP-USD,15m,1.1546000242233276,1.1569000482559204,1.1527999639511108,1.1531000137329102,0,0,yfinance,2026-07-10T06:58:05.450587+00:00
2026-06-13 14:30:00+00:00,XRP-USD,15m,1.1531000137329102,1.1539000272750854,1.1514999866485596,1.1520999670028687,0,0,yfinance,2026-07-10T06:58:05.450587+00:00
2026-06-13 14:45:00+00:00,XRP-USD,15m,1.1519999504089355,1.1546000242233276,1.1519999504089355,1.1543999910354614,0,0,yfinance,2026-07-10T06:58:05.450587+00:00
2026-06-13 15:00:00+00:00,XRP-USD,15m,1.1545000076293945,1.1548000574111938,1.1517000198364258,1.1546000242233276,0,0,yfinance,2026-07-10T06:58:05.450587+00:00
2026-06-13 15:15:00+00:00,XRP-USD,15m,1.1545000076293945,1.1557999849319458,1.1540000438690186,1.1556999683380127,0,0,yfinance,2026-07-10T06:58:05.450587+00:00
2026-06-13 15:30:00+00:00,XRP-USD,15m,1.1555999517440796,1.1603000164031982,1.1555999517440796,1.155900001525879,0,0,yfinance,2026-07-10T06:58:05.450587+00:00
2026-06-13 15:45:00+00:00,XRP-USD,15m,1.1557999849319458,1.1576000452041626,1.1550999879837036,1.155900001525879,0,0,yfinance,2026-07-10T06:58:05.450587+00:00
2026-06-13 16:00:00+00:00,XRP-USD,15m,1.1561000347137451,1.1562000513076782,1.1505999565124512,1.1516000032424927,0,0,yfinance,2026-07-10T06:58:05.450587+00:00
2026-06-13 16:15:00+00:00,XRP-USD,15m,1.1516000032424927,1.1516000032424927,1.1466000080108643,1.1477999687194824,0,0,yfinance,2026-07-10T06:58:05.450587+00:00
2026-06-13 16:30:00+00:00,XRP-USD,15m,1.1477999687194824,1.1485999822616577,1.145400047302246,1.1476999521255493,4630336,4630336,yfinance,2026-07-10T06:58:05.450587+00:00
2026-06-13 16:45:00+00:00,XRP-USD,15m,1.1476999521255493,1.1495000123977661,1.1435999870300293,1.1464999914169312,1455104,1455104,yfinance,2026-07-10T06:58:05.450587+00:00
2026-06-13 17:00:00+00:00,XRP-USD,15m,1.1461999416351318,1.1469000577926636,1.1446000337600708,1.145799994468689,0,0,yfinance,2026-07-10T06:58:05.450587+00:00
2026-06-13 17:15:00+00:00,XRP-USD,15m,1.146299958229065,1.148300051689148,1.1446000337600708,1.148300051689148,2220992,2220992,yfinance,2026-07-10T06:58:05.450587+00:00
2026-06-13 17:30:00+00:00,XRP-USD,15m,1.1485999822616577,1.1485999822616577,1.1468000411987305,1.1471999883651733,0,0,yfinance,2026-07-10T06:58:05.450587+00:00
2026-06-13 17:45:00+00:00,XRP-USD,15m,1.1471999883651733,1.1473000049591064,1.142300009727478,1.1435999870300293,448128,448128,yfinance,2026-07-10T06:58:05.450587+00:00
2026-06-13 18:00:00+00:00,XRP-USD,15m,1.1434999704360962,1.1448999643325806,1.1432000398635864,1.1445000171661377,0,0,yfinance,2026-07-10T06:58:05.450587+00:00
2026-06-13 18:15:00+00:00,XRP-USD,15m,1.1445000171661377,1.1461000442504883,1.1441999673843384,1.1456999778747559,0,0,yfinance,2026-07-10T06:58:05.450587+00:00
2026-06-13 18:30:00+00:00,XRP-USD,15m,1.1456999778747559,1.1476000547409058,1.1455999612808228,1.1468000411987305,935296,935296,yfinance,2026-07-10T06:58:05.450587+00:00
2026-06-13 18:45:00+00:00,XRP-USD,15m,1.1469000577926636,1.1470999717712402,1.1439000368118286,1.1455999612808228,290112,290112,yfinance,2026-07-10T06:58:05.450587+00:00
2026-06-13 19:00:00+00:00,XRP-USD,15m,1.1455999612808228,1.1461000442504883,1.1442999839782715,1.145799994468689,0,0,yfinance,2026-07-10T06:58:05.450587+00:00
2026-06-13 19:15:00+00:00,XRP-USD,15m,1.1460000276565552,1.146399974822998,1.1439000368118286,1.144700050354004,0,0,yfinance,2026-07-10T06:58:05.450587+00:00
2026-06-13 19:30:00+00:00,XRP-USD,15m,1.1447999477386475,1.1476999521255493,1.1444000005722046,1.1475000381469727,0,0,yfinance,2026-07-10T06:58:05.450587+00:00
2026-06-13 19:45:00+00:00,XRP-USD,15m,1.1476000547409058,1.1483999490737915,1.1466000080108643,1.1469999551773071,0,0,yfinance,2026-07-10T06:58:05.450587+00:00
2026-06-13 20:00:00+00:00,XRP-USD,15m,1.1469999551773071,1.1469999551773071,1.144700050354004,1.1467000246047974,171072,171072,yfinance,2026-07-10T06:58:05.450587+00:00
2026-06-13 20:15:00+00:00,XRP-USD,15m,1.1466000080108643,1.1469999551773071,1.145300030708313,1.145799994468689,0,0,yfinance,2026-07-10T06:58:05.450587+00:00
2026-06-13 20:30:00+00:00,XRP-USD,15m,1.1461000442504883,1.1468000411987305,1.145300030708313,1.145900011062622,0,0,yfinance,2026-07-10T06:58:05.450587+00:00
2026-06-13 20:45:00+00:00,XRP-USD,15m,1.145900011062622,1.1467000246047974,1.145400047302246,1.1461999416351318,0,0,yfinance,2026-07-10T06:58:05.450587+00:00
2026-06-13 21:00:00+00:00,XRP-USD,15m,1.146399974822998,1.1473000049591064,1.1446000337600708,1.1447999477386475,0,0,yfinance,2026-07-10T06:58:05.450587+00:00
2026-06-13 21:15:00+00:00,XRP-USD,15m,1.145300030708313,1.145799994468689,1.144700050354004,1.1450999975204468,1007744,1007744,yfinance,2026-07-10T06:58:05.450587+00:00
2026-06-13 21:30:00+00:00,XRP-USD,15m,1.1450999975204468,1.1550999879837036,1.1448999643325806,1.1533000469207764,4098368,4098368,yfinance,2026-07-10T06:58:05.450587+00:00
2026-06-13 21:45:00+00:00,XRP-USD,15m,1.1533000469207764,1.1549999713897705,1.1516000032424927,1.1523000001907349,9811264,9811264,yfinance,2026-07-10T06:58:05.450587+00:00
2026-06-13 22:00:00+00:00,XRP-USD,15m,1.1523000001907349,1.152400016784668,1.1492999792099,1.1503000259399414,430656,430656,yfinance,2026-07-10T06:58:05.450587+00:00
2026-06-13 22:15:00+00:00,XRP-USD,15m,1.1503000259399414,1.1517000198364258,1.149399995803833,1.1517000198364258,2006464,2006464,yfinance,2026-07-10T06:58:05.450587+00:00
2026-06-13 22:30:00+00:00,XRP-USD,15m,1.1517000198364258,1.1517000198364258,1.1497000455856323,1.1506999731063843,702528,702528,yfinance,2026-07-10T06:58:05.450587+00:00
2026-06-13 22:45:00+00:00,XRP-USD,15m,1.1506999731063843,1.1510000228881836,1.148900032043457,1.1497000455856323,840192,840192,yfinance,2026-07-10T06:58:05.450587+00:00
2026-06-13 23:00:00+00:00,XRP-USD,15m,1.1497000455856323,1.1510000228881836,1.148800015449524,1.1505999565124512,179712,179712,yfinance,2026-07-10T06:58:05.450587+00:00
2026-06-13 23:15:00+00:00,XRP-USD,15m,1.1505000591278076,1.152500033378601,1.1495000123977661,1.1500999927520752,603648,603648,yfinance,2026-07-10T06:58:05.450587+00:00
2026-06-13 23:30:00+00:00,XRP-USD,15m,1.1504000425338745,1.1517000198364258,1.1497000455856323,1.1497999429702759,0,0,yfinance,2026-07-10T06:58:05.450587+00:00
2026-06-13 23:45:00+00:00,XRP-USD,15m,1.1504000425338745,1.1505000591278076,1.1485999822616577,1.1497999429702759,504512,504512,yfinance,2026-07-10T06:58:05.450587+00:00
2026-06-14 00:00:00+00:00,XRP-USD,15m,1.1503000259399414,1.1503000259399414,1.1483999490737915,1.148800015449524,159616,159616,yfinance,2026-07-10T06:58:05.450587+00:00
2026-06-14 00:15:00+00:00,XRP-USD,15m,1.148800015449524,1.1500999927520752,1.1478999853134155,1.1485999822616577,0,0,yfinance,2026-07-10T06:58:05.450587+00:00
2026-06-14 00:30:00+00:00,XRP-USD,15m,1.1486999988555908,1.1506999731063843,1.1486999988555908,1.1495000123977661,419712,419712,yfinance,2026-07-10T06:58:05.450587+00:00
2026-06-14 00:45:00+00:00,XRP-USD,15m,1.1497000455856323,1.1504000425338745,1.1477999687194824,1.1490000486373901,210048,210048,yfinance,2026-07-10T06:58:05.450587+00:00
2026-06-14 01:00:00+00:00,XRP-USD,15m,1.1490999460220337,1.1531000137329102,1.1482000350952148,1.1526000499725342,72064,72064,yfinance,2026-07-10T06:58:05.450587+00:00
2026-06-14 01:15:00+00:00,XRP-USD,15m,1.1523000001907349,1.1562000513076782,1.1523000001907349,1.1548000574111938,5042688,5042688,yfinance,2026-07-10T06:58:05.450587+00:00
2026-06-14 01:30:00+00:00,XRP-USD,15m,1.1548000574111938,1.1548000574111938,1.152400016784668,1.1533000469207764,2606080,2606080,yfinance,2026-07-10T06:58:05.450587+00:00
2026-06-14 01:45:00+00:00,XRP-USD,15m,1.1531000137329102,1.1541999578475952,1.1514999866485596,1.1521999835968018,0,0,yfinance,2026-07-10T06:58:05.450587+00:00
2026-06-14 02:00:00+00:00,XRP-USD,15m,1.1516000032424927,1.1545000076293945,1.1507999897003174,1.1542999744415283,29312,29312,yfinance,2026-07-10T06:58:05.450587+00:00
2026-06-14 02:15:00+00:00,XRP-USD,15m,1.1542999744415283,1.1553000211715698,1.1519999504089355,1.1526000499725342,528320,528320,yfinance,2026-07-10T06:58:05.450587+00:00
2026-06-14 02:30:00+00:00,XRP-USD,15m,1.1526000499725342,1.1536999940872192,1.1509000062942505,1.1512999534606934,0,0,yfinance,2026-07-10T06:58:05.450587+00:00
2026-06-14 02:45:00+00:00,XRP-USD,15m,1.1512999534606934,1.1517000198364258,1.1507999897003174,1.1512999534606934,500096,500096,yfinance,2026-07-10T06:58:05.450587+00:00
2026-06-14 03:00:00+00:00,XRP-USD,15m,1.1512999534606934,1.1520999670028687,1.1505000591278076,1.1510000228881836,1161600,1161600,yfinance,2026-07-10T06:58:05.450587+00:00
2026-06-14 03:15:00+00:00,XRP-USD,15m,1.1510000228881836,1.1532000303268433,1.1505000591278076,1.1527999639511108,155712,155712,yfinance,2026-07-10T06:58:05.450587+00:00
2026-06-14 03:30:00+00:00,XRP-USD,15m,1.1526999473571777,1.1533000469207764,1.1511000394821167,1.1511000394821167,388352,388352,yfinance,2026-07-10T06:58:05.450587+00:00
2026-06-14 03:45:00+00:00,XRP-USD,15m,1.1512000560760498,1.154099941253662,1.1506999731063843,1.1532000303268433,3593280,3593280,yfinance,2026-07-10T06:58:05.450587+00:00
2026-06-14 04:00:00+00:00,XRP-USD,15m,1.1533000469207764,1.1538000106811523,1.1512999534606934,1.1520999670028687,15424,15424,yfinance,2026-07-10T06:58:05.450587+00:00
2026-06-14 04:15:00+00:00,XRP-USD,15m,1.1520999670028687,1.1526000499725342,1.149399995803833,1.149399995803833,1029056,1029056,yfinance,2026-07-10T06:58:05.450587+00:00
2026-06-14 04:30:00+00:00,XRP-USD,15m,1.149399995803833,1.1497000455856323,1.1470999717712402,1.1476000547409058,1119744,1119744,yfinance,2026-07-10T06:58:05.450587+00:00
2026-06-14 04:45:00+00:00,XRP-USD,15m,1.1476000547409058,1.148300051689148,1.146299958229065,1.1478999853134155,7645248,7645248,yfinance,2026-07-10T06:58:05.450587+00:00
2026-06-14 05:00:00+00:00,XRP-USD,15m,1.1480000019073486,1.1491999626159668,1.1469000577926636,1.1476999521255493,1159424,1159424,yfinance,2026-07-10T06:58:05.450587+00:00
2026-06-14 05:15:00+00:00,XRP-USD,15m,1.1476999521255493,1.1476999521255493,1.145300030708313,1.145900011062622,1346560,1346560,yfinance,2026-07-10T06:58:05.450587+00:00
2026-06-14 05:30:00+00:00,XRP-USD,15m,1.145900011062622,1.1480000019073486,1.1440000534057617,1.1469000577926636,2613376,2613376,yfinance,2026-07-10T06:58:05.450587+00:00
2026-06-14 05:45:00+00:00,XRP-USD,15m,1.1469999551773071,1.1484999656677246,1.1469000577926636,1.1476000547409058,405568,405568,yfinance,2026-07-10T06:58:05.450587+00:00
2026-06-14 06:00:00+00:00,XRP-USD,15m,1.1477999687194824,1.152400016784668,1.1477999687194824,1.1519999504089355,2243456,2243456,yfinance,2026-07-10T06:58:05.450587+00:00
2026-06-14 06:15:00+00:00,XRP-USD,15m,1.1517000198364258,1.1521999835968018,1.1500999927520752,1.1521999835968018,4610112,4610112,yfinance,2026-07-10T06:58:05.450587+00:00
2026-06-14 06:30:00+00:00,XRP-USD,15m,1.1527999639511108,1.152899980545044,1.1480000019073486,1.1482000350952148,3352832,3352832,yfinance,2026-07-10T06:58:05.450587+00:00
2026-06-14 06:45:00+00:00,XRP-USD,15m,1.1482000350952148,1.1482000350952148,1.1452000141143799,1.1461000442504883,2771264,2771264,yfinance,2026-07-10T06:58:05.450587+00:00
2026-06-14 07:00:00+00:00,XRP-USD,15m,1.146299958229065,1.146299958229065,1.1438000202178955,1.1440999507904053,2444480,2444480,yfinance,2026-07-10T06:58:05.450587+00:00
2026-06-14 07:15:00+00:00,XRP-USD,15m,1.1440000534057617,1.145799994468689,1.143399953842163,1.1452000141143799,3626752,3626752,yfinance,2026-07-10T06:58:05.450587+00:00
2026-06-14 07:30:00+00:00,XRP-USD,15m,1.1452000141143799,1.1452000141143799,1.1424000263214111,1.1433000564575195,0,0,yfinance,2026-07-10T06:58:05.450587+00:00
2026-06-14 07:45:00+00:00,XRP-USD,15m,1.1433000564575195,1.1461999416351318,1.1433000564575195,1.145799994468689,0,0,yfinance,2026-07-10T06:58:05.450587+00:00
2026-06-14 08:00:00+00:00,XRP-USD,15m,1.145900011062622,1.1460000276565552,1.1439000368118286,1.1448999643325806,0,0,yfinance,2026-07-10T06:58:05.450587+00:00
2026-06-14 08:15:00+00:00,XRP-USD,15m,1.1448999643325806,1.1476000547409058,1.1448999643325806,1.1468000411987305,304000,304000,yfinance,2026-07-10T06:58:05.450587+00:00
2026-06-14 08:30:00+00:00,XRP-USD,15m,1.1466000080108643,1.1471999883651733,1.1448999643325806,1.1461000442504883,0,0,yfinance,2026-07-10T06:58:05.450587+00:00
2026-06-14 08:45:00+00:00,XRP-USD,15m,1.1461000442504883,1.1466000080108643,1.1442999839782715,1.1447999477386475,131584,131584,yfinance,2026-07-10T06:58:05.450587+00:00
2026-06-14 09:00:00+00:00,XRP-USD,15m,1.1447999477386475,1.1448999643325806,1.1430000066757202,1.1434999704360962,20160,20160,yfinance,2026-07-10T06:58:05.450587+00:00
2026-06-14 09:15:00+00:00,XRP-USD,15m,1.1435999870300293,1.1437000036239624,1.1404999494552612,1.1433000564575195,5564160,5564160,yfinance,2026-07-10T06:58:05.450587+00:00
2026-06-14 09:30:00+00:00,XRP-USD,15m,1.1433000564575195,1.1483999490737915,1.1430000066757202,1.1483999490737915,2521536,2521536,yfinance,2026-07-10T06:58:05.450587+00:00
2026-06-14 09:45:00+00:00,XRP-USD,15m,1.1483999490737915,1.1483999490737915,1.1471999883651733,1.1480000019073486,3527424,3527424,yfinance,2026-07-10T06:58:05.450587+00:00
2026-06-14 10:00:00+00:00,XRP-USD,15m,1.1480000019073486,1.1482000350952148,1.1461999416351318,1.1469000577926636,829952,829952,yfinance,2026-07-10T06:58:05.450587+00:00
2026-06-14 10:15:00+00:00,XRP-USD,15m,1.1468000411987305,1.1483999490737915,1.145900011062622,1.145900011062622,1468416,1468416,yfinance,2026-07-10T06:58:05.450587+00:00
2026-06-14 10:30:00+00:00,XRP-USD,15m,1.145900011062622,1.1473000049591064,1.144700050354004,1.1450999975204468,0,0,yfinance,2026-07-10T06:58:05.450587+00:00
2026-06-14 10:45:00+00:00,XRP-USD,15m,1.145300030708313,1.145300030708313,1.142199993133545,1.142199993133545,0,0,yfinance,2026-07-10T06:58:05.450587+00:00
2026-06-14 11:00:00+00:00,XRP-USD,15m,1.1424000263214111,1.1431000232696533,1.1411999464035034,1.1426000595092773,1198592,1198592,yfinance,2026-07-10T06:58:05.450587+00:00
2026-06-14 11:15:00+00:00,XRP-USD,15m,1.1426000595092773,1.1440999507904053,1.141700029373169,1.1437000036239624,0,0,yfinance,2026-07-10T06:58:05.450587+00:00
2026-06-14 11:30:00+00:00,XRP-USD,15m,1.143399953842163,1.1450999975204468,1.1431000232696533,1.1440000534057617,0,0,yfinance,2026-07-10T06:58:05.450587+00:00
2026-06-14 11:45:00+00:00,XRP-USD,15m,1.1440999507904053,1.1445000171661377,1.1430000066757202,1.1433000564575195,0,0,yfinance,2026-07-10T06:58:05.450587+00:00
2026-06-14 12:00:00+00:00,XRP-USD,15m,1.1434999704360962,1.1438000202178955,1.1416000127792358,1.1418999433517456,103296,103296,yfinance,2026-07-10T06:58:05.450587+00:00
2026-06-14 12:15:00+00:00,XRP-USD,15m,1.141800045967102,1.1432000398635864,1.141700029373169,1.1418999433517456,1467904,1467904,yfinance,2026-07-10T06:58:05.450587+00:00
2026-06-14 12:30:00+00:00,XRP-USD,15m,1.141800045967102,1.1424000263214111,1.1368999481201172,1.1384999752044678,4199232,4199232,yfinance,2026-07-10T06:58:05.450587+00:00
2026-06-14 12:45:00+00:00,XRP-USD,15m,1.138100028038025,1.1390999555587769,1.1368999481201172,1.1370999813079834,0,0,yfinance,2026-07-10T06:58:05.450587+00:00
2026-06-14 13:00:00+00:00,XRP-USD,15m,1.1374000310897827,1.138200044631958,1.1366000175476074,1.1378999948501587,0,0,yfinance,2026-07-10T06:58:05.450587+00:00
2026-06-14 13:15:00+00:00,XRP-USD,15m,1.1377999782562256,1.13919997215271,1.1354999542236328,1.1354999542236328,0,0,yfinance,2026-07-10T06:58:05.450587+00:00
2026-06-14 13:30:00+00:00,XRP-USD,15m,1.1354999542236328,1.1369999647140503,1.1339000463485718,1.1368000507354736,2301376,2301376,yfinance,2026-07-10T06:58:05.450587+00:00
2026-06-14 13:45:00+00:00,XRP-USD,15m,1.1368999481201172,1.1375999450683594,1.1328999996185303,1.1345000267028809,5907328,5907328,yfinance,2026-07-10T06:58:05.450587+00:00
2026-06-14 14:00:00+00:00,XRP-USD,15m,1.1344000101089478,1.1349999904632568,1.132699966430664,1.1344000101089478,0,0,yfinance,2026-07-10T06:58:05.450587+00:00
2026-06-14 14:15:00+00:00,XRP-USD,15m,1.1344000101089478,1.136299967765808,1.132099986076355,1.132200002670288,1142976,1142976,yfinance,2026-07-10T06:58:05.450587+00:00
2026-06-14 14:30:00+00:00,XRP-USD,15m,1.132099986076355,1.1324000358581543,1.1263999938964844,1.128000020980835,14335808,14335808,yfinance,2026-07-10T06:58:05.450587+00:00
2026-06-14 14:45:00+00:00,XRP-USD,15m,1.128100037574768,1.1312999725341797,1.1275999546051025,1.1312999725341797,4992960,4992960,yfinance,2026-07-10T06:58:05.450587+00:00
2026-06-14 15:00:00+00:00,XRP-USD,15m,1.1311999559402466,1.1334999799728394,1.1311999559402466,1.1334999799728394,2077376,2077376,yfinance,2026-07-10T06:58:05.450587+00:00
2026-06-14 15:15:00+00:00,XRP-USD,15m,1.1334999799728394,1.1341999769210815,1.1319999694824219,1.1339000463485718,0,0,yfinance,2026-07-10T06:58:05.450587+00:00
2026-06-14 15:30:00+00:00,XRP-USD,15m,1.1339000463485718,1.1354000568389893,1.1330000162124634,1.1332999467849731,0,0,yfinance,2026-07-10T06:58:05.450587+00:00
2026-06-14 15:45:00+00:00,XRP-USD,15m,1.1330000162124634,1.1346999406814575,1.132599949836731,1.1344000101089478,0,0,yfinance,2026-07-10T06:58:05.450587+00:00
2026-06-14 16:00:00+00:00,XRP-USD,15m,1.1342999935150146,1.1365000009536743,1.1338000297546387,1.1361000537872314,0,0,yfinance,2026-07-10T06:58:05.450587+00:00
2026-06-14 16:15:00+00:00,XRP-USD,15m,1.1361000537872314,1.1383999586105347,1.1359000205993652,1.1377999782562256,0,0,yfinance,2026-07-10T06:58:05.450587+00:00
2026-06-14 16:30:00+00:00,XRP-USD,15m,1.1373000144958496,1.1385999917984009,1.1371999979019165,1.1380000114440918,0,0,yfinance,2026-07-10T06:58:05.450587+00:00
2026-06-14 16:45:00+00:00,XRP-USD,15m,1.138100028038025,1.138200044631958,1.135200023651123,1.136299967765808,0,0,yfinance,2026-07-10T06:58:05.450587+00:00
2026-06-14 17:00:00+00:00,XRP-USD,15m,1.136199951171875,1.1383999586105347,1.1358000040054321,1.1375999450683594,284992,284992,yfinance,2026-07-10T06:58:05.450587+00:00
2026-06-14 17:15:00+00:00,XRP-USD,15m,1.1376999616622925,1.1383999586105347,1.1358000040054321,1.1360000371932983,0,0,yfinance,2026-07-10T06:58:05.450587+00:00
2026-06-14 17:30:00+00:00,XRP-USD,15m,1.136199951171875,1.1371999979019165,1.1341999769210815,1.1360000371932983,959104,959104,yfinance,2026-07-10T06:58:05.450587+00:00
2026-06-14 17:45:00+00:00,XRP-USD,15m,1.1360000371932983,1.1360000371932983,1.1318999528884888,1.1323000192642212,473536,473536,yfinance,2026-07-10T06:58:05.450587+00:00
2026-06-14 18:00:00+00:00,XRP-USD,15m,1.132599949836731,1.134600043296814,1.1318000555038452,1.1340999603271484,0,0,yfinance,2026-07-10T06:58:05.450587+00:00
2026-06-14 18:15:00+00:00,XRP-USD,15m,1.1341999769210815,1.1347999572753906,1.1302000284194946,1.131500005722046,853056,853056,yfinance,2026-07-10T06:58:05.450587+00:00
2026-06-14 18:30:00+00:00,XRP-USD,15m,1.131600022315979,1.1333999633789062,1.131100058555603,1.1330000162124634,0,0,yfinance,2026-07-10T06:58:05.450587+00:00
2026-06-14 18:45:00+00:00,XRP-USD,15m,1.1330000162124634,1.1332999467849731,1.131600022315979,1.1318999528884888,0,0,yfinance,2026-07-10T06:58:05.450587+00:00
2026-06-14 19:00:00+00:00,XRP-USD,15m,1.1318999528884888,1.1337000131607056,1.1299999952316284,1.132699966430664,374976,374976,yfinance,2026-07-10T06:58:05.450587+00:00
2026-06-14 19:15:00+00:00,XRP-USD,15m,1.1327999830245972,1.1342999935150146,1.1327999830245972,1.1337000131607056,1217408,1217408,yfinance,2026-07-10T06:58:05.450587+00:00
2026-06-14 19:30:00+00:00,XRP-USD,15m,1.1335999965667725,1.1348999738693237,1.132200002670288,1.1328999996185303,372800,372800,yfinance,2026-07-10T06:58:05.450587+00:00
2026-06-14 19:45:00+00:00,XRP-USD,15m,1.1327999830245972,1.1328999996185303,1.1318000555038452,1.1325000524520874,0,0,yfinance,2026-07-10T06:58:05.450587+00:00
2026-06-14 20:00:00+00:00,XRP-USD,15m,1.1328999996185303,1.1338000297546387,1.131100058555603,1.1318999528884888,0,0,yfinance,2026-07-10T06:58:05.450587+00:00
2026-06-14 20:15:00+00:00,XRP-USD,15m,1.1318999528884888,1.135699987411499,1.1318000555038452,1.1349999904632568,469248,469248,yfinance,2026-07-10T06:58:05.450587+00:00
2026-06-14 20:30:00+00:00,XRP-USD,15m,1.13510000705719,1.1396000385284424,1.134600043296814,1.138200044631958,7514880,7514880,yfinance,2026-07-10T06:58:05.450587+00:00
2026-06-14 20:45:00+00:00,XRP-USD,15m,1.138200044631958,1.1390000581741333,1.1369999647140503,1.1375000476837158,1859840,1859840,yfinance,2026-07-10T06:58:05.450587+00:00
2026-06-14 21:00:00+00:00,XRP-USD,15m,1.1377999782562256,1.1398999691009521,1.1374000310897827,1.1398999691009521,0,0,yfinance,2026-07-10T06:58:05.450587+00:00
2026-06-14 21:15:00+00:00,XRP-USD,15m,1.1404000520706177,1.162600040435791,1.1404000520706177,1.1561000347137451,41414912,41414912,yfinance,2026-07-10T06:58:05.450587+00:00
2026-06-14 21:30:00+00:00,XRP-USD,15m,1.157099962234497,1.1694999933242798,1.1552000045776367,1.1669000387191772,56350144,56350144,yfinance,2026-07-10T06:58:05.450587+00:00
2026-06-14 21:45:00+00:00,XRP-USD,15m,1.1680999994277954,1.1751999855041504,1.1677000522613525,1.1680999994277954,31889024,31889024,yfinance,2026-07-10T06:58:05.450587+00:00
2026-06-14 22:00:00+00:00,XRP-USD,15m,1.169700026512146,1.1722999811172485,1.1621999740600586,1.1699999570846558,30223104,30223104,yfinance,2026-07-10T06:58:05.450587+00:00
2026-06-14 22:15:00+00:00,XRP-USD,15m,1.1698999404907227,1.1754000186920166,1.1674000024795532,1.1718000173568726,35838400,35838400,yfinance,2026-07-10T06:58:05.450587+00:00
2026-06-14 22:30:00+00:00,XRP-USD,15m,1.1714999675750732,1.1761000156402588,1.1713000535964966,1.1744999885559082,27103296,27103296,yfinance,2026-07-10T06:58:05.450587+00:00
2026-06-14 22:45:00+00:00,XRP-USD,15m,1.1749000549316406,1.1753000020980835,1.1719000339508057,1.17330002784729,21588224,21588224,yfinance,2026-07-10T06:58:05.450587+00:00
2026-06-14 23:00:00+00:00,XRP-USD,15m,1.17330002784729,1.1756999492645264,1.1680999994277954,1.173200011253357,16061120,16061120,yfinance,2026-07-10T06:58:05.450587+00:00
2026-06-14 23:15:00+00:00,XRP-USD,15m,1.173699975013733,1.179800033569336,1.1729999780654907,1.1784000396728516,20635072,20635072,yfinance,2026-07-10T06:58:05.450587+00:00
2026-06-14 23:30:00+00:00,XRP-USD,15m,1.1784000396728516,1.1818000078201294,1.1765999794006348,1.1792999505996704,34257024,34257024,yfinance,2026-07-10T06:58:05.450587+00:00
2026-06-14 23:45:00+00:00,XRP-USD,15m,1.1799999475479126,1.1871999502182007,1.1792999505996704,1.1854000091552734,24671872,24671872,yfinance,2026-07-10T06:58:05.450587+00:00
2026-06-15 00:00:00+00:00,XRP-USD,15m,1.1856000423431396,1.1871999502182007,1.1811000108718872,1.1871999502182007,23451776,23451776,yfinance,2026-07-10T06:58:05.450587+00:00
2026-06-15 00:15:00+00:00,XRP-USD,15m,1.187000036239624,1.1875,1.1815999746322632,1.1857999563217163,22865152,22865152,yfinance,2026-07-10T06:58:05.450587+00:00
2026-06-15 00:30:00+00:00,XRP-USD,15m,1.184999942779541,1.184999942779541,1.1806000471115112,1.181399941444397,16724608,16724608,yfinance,2026-07-10T06:58:05.450587+00:00
2026-06-15 00:45:00+00:00,XRP-USD,15m,1.18149995803833,1.184999942779541,1.1806000471115112,1.1842999458312988,15012608,15012608,yfinance,2026-07-10T06:58:05.450587+00:00
2026-06-15 01:00:00+00:00,XRP-USD,15m,1.1845999956130981,1.1845999956130981,1.1785000562667847,1.1829999685287476,9400832,9400832,yfinance,2026-07-10T06:58:05.450587+00:00
2026-06-15 01:15:00+00:00,XRP-USD,15m,1.1829999685287476,1.1832000017166138,1.1775000095367432,1.1784000396728516,6619008,6619008,yfinance,2026-07-10T06:58:05.450587+00:00
2026-06-15 01:30:00+00:00,XRP-USD,15m,1.1785999536514282,1.187999963760376,1.1771999597549438,1.187999963760376,9255936,9255936,yfinance,2026-07-10T06:58:05.450587+00:00
2026-06-15 01:45:00+00:00,XRP-USD,15m,1.1883000135421753,1.190999984741211,1.1816999912261963,1.1821000576019287,27564416,27564416,yfinance,2026-07-10T06:58:05.450587+00:00
2026-06-15 02:00:00+00:00,XRP-USD,15m,1.1821000576019287,1.1890000104904175,1.1799999475479126,1.188099980354309,7183488,7183488,yfinance,2026-07-10T06:58:05.450587+00:00
2026-06-15 02:15:00+00:00,XRP-USD,15m,1.188599944114685,1.1929999589920044,1.1871000528335571,1.1871000528335571,18558976,18558976,yfinance,2026-07-10T06:58:05.450587+00:00
2026-06-15 02:30:00+00:00,XRP-USD,15m,1.187000036239624,1.1878999471664429,1.184499979019165,1.184499979019165,10619264,10619264,yfinance,2026-07-10T06:58:05.450587+00:00
2026-06-15 02:45:00+00:00,XRP-USD,15m,1.184000015258789,1.1845999956130981,1.180899977684021,1.1821999549865723,6592256,6592256,yfinance,2026-07-10T06:58:05.450587+00:00
2026-06-15 03:00:00+00:00,XRP-USD,15m,1.1819000244140625,1.1878000497817993,1.180899977684021,1.1866999864578247,8443904,8443904,yfinance,2026-07-10T06:58:05.450587+00:00
2026-06-15 03:15:00+00:00,XRP-USD,15m,1.187000036239624,1.187600016593933,1.1848000288009644,1.1857999563217163,12424064,12424064,yfinance,2026-07-10T06:58:05.450587+00:00
2026-06-15 03:30:00+00:00,XRP-USD,15m,1.1857999563217163,1.1897000074386597,1.1848000288009644,1.1893999576568604,6977408,6977408,yfinance,2026-07-10T06:58:05.450587+00:00
2026-06-15 03:45:00+00:00,XRP-USD,15m,1.1892000436782837,1.1904000043869019,1.1861000061035156,1.1865999698638916,10590208,10590208,yfinance,2026-07-10T06:58:05.450587+00:00
2026-06-15 04:00:00+00:00,XRP-USD,15m,1.1864999532699585,1.1871000528335571,1.1842999458312988,1.1855000257492065,6524544,6524544,yfinance,2026-07-10T06:58:05.450587+00:00
2026-06-15 04:15:00+00:00,XRP-USD,15m,1.1852999925613403,1.187999963760376,1.1848000288009644,1.1850999593734741,4536704,4536704,yfinance,2026-07-10T06:58:05.450587+00:00
2026-06-15 04:30:00+00:00,XRP-USD,15m,1.1854000091552734,1.1855000257492065,1.1818000078201294,1.18340003490448,4065408,4065408,yfinance,2026-07-10T06:58:05.450587+00:00
2026-06-15 04:45:00+00:00,XRP-USD,15m,1.1832000017166138,1.1850999593734741,1.1830999851226807,1.1833000183105469,1187200,1187200,yfinance,2026-07-10T06:58:05.450587+00:00
2026-06-15 05:00:00+00:00,XRP-USD,15m,1.1830999851226807,1.184499979019165,1.1811000108718872,1.1832000017166138,5381120,5381120,yfinance,2026-07-10T06:58:05.450587+00:00
2026-06-15 05:15:00+00:00,XRP-USD,15m,1.1833000183105469,1.1875,1.1830999851226807,1.1872999668121338,5837312,5837312,yfinance,2026-07-10T06:58:05.450587+00:00
2026-06-15 05:30:00+00:00,XRP-USD,15m,1.1875,1.1875,1.18149995803833,1.1815999746322632,4440832,4440832,yfinance,2026-07-10T06:58:05.450587+00:00
2026-06-15 05:45:00+00:00,XRP-USD,15m,1.1813000440597534,1.184399962425232,1.1811000108718872,1.1835999488830566,9044352,9044352,yfinance,2026-07-10T06:58:05.450587+00:00
2026-06-15 06:00:00+00:00,XRP-USD,15m,1.183899998664856,1.1856000423431396,1.1828999519348145,1.1849000453948975,3183232,3183232,yfinance,2026-07-10T06:58:05.450587+00:00
2026-06-15 06:15:00+00:00,XRP-USD,15m,1.1848000288009644,1.186400055885315,1.1836999654769897,1.1851999759674072,2218240,2218240,yfinance,2026-07-10T06:58:05.450587+00:00
2026-06-15 06:30:00+00:00,XRP-USD,15m,1.184999942779541,1.1857999563217163,1.1812000274658203,1.1816999912261963,8286720,8286720,yfinance,2026-07-10T06:58:05.450587+00:00
2026-06-15 06:45:00+00:00,XRP-USD,15m,1.1818000078201294,1.184999942779541,1.180999994277954,1.1822999715805054,3273216,3273216,yfinance,2026-07-10T06:58:05.450587+00:00
2026-06-15 07:00:00+00:00,XRP-USD,15m,1.1825000047683716,1.1837999820709229,1.1797000169754028,1.1830999851226807,7118336,7118336,yfinance,2026-07-10T06:58:05.450587+00:00
2026-06-15 07:15:00+00:00,XRP-USD,15m,1.183500051498413,1.1858999729156494,1.1828999519348145,1.184999942779541,2767616,2767616,yfinance,2026-07-10T06:58:05.450587+00:00
2026-06-15 07:30:00+00:00,XRP-USD,15m,1.184999942779541,1.184999942779541,1.1812000274658203,1.1820000410079956,5761024,5761024,yfinance,2026-07-10T06:58:05.450587+00:00
2026-06-15 07:45:00+00:00,XRP-USD,15m,1.1820000410079956,1.1830999851226807,1.1797000169754028,1.1805000305175781,4729600,4729600,yfinance,2026-07-10T06:58:05.450587+00:00
2026-06-15 08:00:00+00:00,XRP-USD,15m,1.1805000305175781,1.182800054550171,1.1786999702453613,1.180999994277954,4803456,4803456,yfinance,2026-07-10T06:58:05.450587+00:00
2026-06-15 08:15:00+00:00,XRP-USD,15m,1.1811000108718872,1.1823999881744385,1.1783000230789185,1.1793999671936035,3433344,3433344,yfinance,2026-07-10T06:58:05.450587+00:00
2026-06-15 08:30:00+00:00,XRP-USD,15m,1.1792999505996704,1.1821999549865723,1.1791000366210938,1.1819000244140625,4624896,4624896,yfinance,2026-07-10T06:58:05.450587+00:00
2026-06-15 08:45:00+00:00,XRP-USD,15m,1.1818000078201294,1.182800054550171,1.180299997329712,1.180299997329712,2587648,2587648,yfinance,2026-07-10T06:58:05.450587+00:00
2026-06-15 09:00:00+00:00,XRP-USD,15m,1.180400013923645,1.1818000078201294,1.180400013923645,1.1806999444961548,269568,269568,yfinance,2026-07-10T06:58:05.450587+00:00
2026-06-15 09:15:00+00:00,XRP-USD,15m,1.1806000471115112,1.1865999698638916,1.1806000471115112,1.1845999956130981,1784576,1784576,yfinance,2026-07-10T06:58:05.450587+00:00
2026-06-15 09:30:00+00:00,XRP-USD,15m,1.184499979019165,1.184499979019165,1.1785000562667847,1.1816999912261963,16670592,16670592,yfinance,2026-07-10T06:58:05.450587+00:00
2026-06-15 09:45:00+00:00,XRP-USD,15m,1.1816999912261963,1.1849000453948975,1.1806999444961548,1.184499979019165,6198400,6198400,yfinance,2026-07-10T06:58:05.450587+00:00
2026-06-15 10:00:00+00:00,XRP-USD,15m,1.1847000122070312,1.1883000135421753,1.184499979019165,1.1864999532699585,6137984,6137984,yfinance,2026-07-10T06:58:05.450587+00:00
2026-06-15 10:15:00+00:00,XRP-USD,15m,1.1864999532699585,1.187600016593933,1.1837999820709229,1.1837999820709229,6222336,6222336,yfinance,2026-07-10T06:58:05.450587+00:00
2026-06-15 10:30:00+00:00,XRP-USD,15m,1.183899998664856,1.187000036239624,1.1832000017166138,1.1859999895095825,5030144,5030144,yfinance,2026-07-10T06:58:05.450587+00:00
2026-06-15 10:45:00+00:00,XRP-USD,15m,1.1859999895095825,1.198799967765808,1.1851999759674072,1.198799967765808,33491968,33491968,yfinance,2026-07-10T06:58:05.450587+00:00
2026-06-15 11:00:00+00:00,XRP-USD,15m,1.1988999843597412,1.2105000019073486,1.195099949836731,1.2064000368118286,86587904,86587904,yfinance,2026-07-10T06:58:05.450587+00:00
2026-06-15 11:15:00+00:00,XRP-USD,15m,1.2069000005722046,1.2267999649047852,1.205399990081787,1.2223000526428223,66093824,66093824,yfinance,2026-07-10T06:58:05.450587+00:00
2026-06-15 11:30:00+00:00,XRP-USD,15m,1.2226999998092651,1.2269999980926514,1.2164000272750854,1.2196999788284302,74880000,74880000,yfinance,2026-07-10T06:58:05.450587+00:00
2026-06-15 11:45:00+00:00,XRP-USD,15m,1.2207000255584717,1.2324999570846558,1.218500018119812,1.231600046157837,47320064,47320064,yfinance,2026-07-10T06:58:05.450587+00:00
2026-06-15 12:00:00+00:00,XRP-USD,15m,1.2316999435424805,1.2337000370025635,1.226699948310852,1.2301000356674194,43401984,43401984,yfinance,2026-07-10T06:58:05.450587+00:00
2026-06-15 12:15:00+00:00,XRP-USD,15m,1.2303999662399292,1.2371000051498413,1.2259999513626099,1.2342000007629395,47566720,47566720,yfinance,2026-07-10T06:58:05.450587+00:00
2026-06-15 12:30:00+00:00,XRP-USD,15m,1.2338999509811401,1.2477999925613403,1.2316999435424805,1.245300054550171,38417280,38417280,yfinance,2026-07-10T06:58:05.450587+00:00
2026-06-15 12:45:00+00:00,XRP-USD,15m,1.2446000576019287,1.246399998664856,1.2348999977111816,1.2380000352859497,46930304,46930304,yfinance,2026-07-10T06:58:05.450587+00:00
2026-06-15 13:00:00+00:00,XRP-USD,15m,1.238700032234192,1.2400000095367432,1.2336000204086304,1.2345999479293823,56318976,56318976,yfinance,2026-07-10T06:58:05.450587+00:00
2026-06-15 13:15:00+00:00,XRP-USD,15m,1.2339999675750732,1.2480000257492065,1.2339999675750732,1.2431000471115112,63423232,63423232,yfinance,2026-07-10T06:58:05.450587+00:00
2026-06-15 13:30:00+00:00,XRP-USD,15m,1.2444000244140625,1.2486000061035156,1.2375999689102173,1.2447999715805054,43603712,43603712,yfinance,2026-07-10T06:58:05.450587+00:00
2026-06-15 13:45:00+00:00,XRP-USD,15m,1.2448999881744385,1.2448999881744385,1.2372000217437744,1.2388999462127686,21787776,21787776,yfinance,2026-07-10T06:58:05.450587+00:00
2026-06-15 14:00:00+00:00,XRP-USD,15m,1.2391999959945679,1.239300012588501,1.2337000370025635,1.2379000186920166,27791360,27791360,yfinance,2026-07-10T06:58:05.450587+00:00
2026-06-15 14:15:00+00:00,XRP-USD,15m,1.2381000518798828,1.2395000457763672,1.2342000007629395,1.2379000186920166,16018688,16018688,yfinance,2026-07-10T06:58:05.450587+00:00
2026-06-15 14:30:00+00:00,XRP-USD,15m,1.2381999492645264,1.2445000410079956,1.2366000413894653,1.2417000532150269,6481664,6481664,yfinance,2026-07-10T06:58:05.450587+00:00
2026-06-15 14:45:00+00:00,XRP-USD,15m,1.2417999505996704,1.2466000318527222,1.2417999505996704,1.2436000108718872,13687296,13687296,yfinance,2026-07-10T06:58:05.450587+00:00
2026-06-15 15:00:00+00:00,XRP-USD,15m,1.2437000274658203,1.2473000288009644,1.2437000274658203,1.2467999458312988,20177920,20177920,yfinance,2026-07-10T06:58:05.450587+00:00
2026-06-15 15:15:00+00:00,XRP-USD,15m,1.246399998664856,1.2647000551223755,1.2451000213623047,1.2613999843597412,53809664,53809664,yfinance,2026-07-10T06:58:05.450587+00:00
2026-06-15 15:30:00+00:00,XRP-USD,15m,1.2608000040054321,1.267699956893921,1.2506999969482422,1.2663999795913696,67649792,67649792,yfinance,2026-07-10T06:58:05.450587+00:00
2026-06-15 15:45:00+00:00,XRP-USD,15m,1.266700029373169,1.269700050354004,1.2623000144958496,1.2680000066757202,59772928,59772928,yfinance,2026-07-10T06:58:05.450587+00:00
2026-06-15 16:00:00+00:00,XRP-USD,15m,1.2675000429153442,1.2705999612808228,1.257699966430664,1.2675000429153442,74105344,74105344,yfinance,2026-07-10T06:58:05.450587+00:00
2026-06-15 16:15:00+00:00,XRP-USD,15m,1.2661000490188599,1.2884999513626099,1.2657999992370605,1.2884999513626099,80287232,80287232,yfinance,2026-07-10T06:58:05.450587+00:00
2026-06-15 16:30:00+00:00,XRP-USD,15m,1.2888000011444092,1.2924000024795532,1.2763999700546265,1.2853000164031982,88558592,88558592,yfinance,2026-07-10T06:58:05.450587+00:00
2026-06-15 16:45:00+00:00,XRP-USD,15m,1.2862999439239502,1.2862999439239502,1.2788000106811523,1.280500054359436,29695232,29695232,yfinance,2026-07-10T06:58:05.450587+00:00
2026-06-15 17:00:00+00:00,XRP-USD,15m,1.2795000076293945,1.2813999652862549,1.2730000019073486,1.281000018119812,43209728,43209728,yfinance,2026-07-10T06:58:05.450587+00:00
2026-06-15 17:15:00+00:00,XRP-USD,15m,1.282099962234497,1.2862000465393066,1.277400016784668,1.2802000045776367,57455872,57455872,yfinance,2026-07-10T06:58:05.450587+00:00
2026-06-15 17:30:00+00:00,XRP-USD,15m,1.2789000272750854,1.2793999910354614,1.2687000036239624,1.2760000228881836,39770112,39770112,yfinance,2026-07-10T06:58:05.450587+00:00
2026-06-15 17:45:00+00:00,XRP-USD,15m,1.2755000591278076,1.2831000089645386,1.2746000289916992,1.2812000513076782,23819520,23819520,yfinance,2026-07-10T06:58:05.450587+00:00
2026-06-15 18:00:00+00:00,XRP-USD,15m,1.2812000513076782,1.283400058746338,1.2773000001907349,1.2826999425888062,23085312,23085312,yfinance,2026-07-10T06:58:05.450587+00:00
2026-06-15 18:15:00+00:00,XRP-USD,15m,1.2821999788284302,1.2842999696731567,1.2760000228881836,1.2761000394821167,24486144,24486144,yfinance,2026-07-10T06:58:05.450587+00:00
2026-06-15 18:30:00+00:00,XRP-USD,15m,1.2755000591278076,1.2825000286102295,1.273900032043457,1.2799999713897705,25072128,25072128,yfinance,2026-07-10T06:58:05.450587+00:00
2026-06-15 18:45:00+00:00,XRP-USD,15m,1.2812000513076782,1.2877999544143677,1.280900001525879,1.281000018119812,26846976,26846976,yfinance,2026-07-10T06:58:05.450587+00:00
2026-06-15 19:00:00+00:00,XRP-USD,15m,1.280400037765503,1.2897000312805176,1.2797000408172607,1.2890000343322754,24691200,24691200,yfinance,2026-07-10T06:58:05.450587+00:00
2026-06-15 19:15:00+00:00,XRP-USD,15m,1.2891000509262085,1.2910000085830688,1.2714999914169312,1.2745000123977661,37712384,37712384,yfinance,2026-07-10T06:58:05.450587+00:00
2026-06-15 19:30:00+00:00,XRP-USD,15m,1.2750999927520752,1.281499981880188,1.2697999477386475,1.281499981880188,37330944,37330944,yfinance,2026-07-10T06:58:05.450587+00:00
2026-06-15 19:45:00+00:00,XRP-USD,15m,1.281599998474121,1.2825000286102295,1.2666000127792358,1.2735999822616577,34119424,34119424,yfinance,2026-07-10T06:58:05.450587+00:00
2026-06-15 20:00:00+00:00,XRP-USD,15m,1.274999976158142,1.2773000001907349,1.2704999446868896,1.2755000591278076,38999040,38999040,yfinance,2026-07-10T06:58:05.450587+00:00
2026-06-15 20:15:00+00:00,XRP-USD,15m,1.2757999897003174,1.2762999534606934,1.2695000171661377,1.271399974822998,17779456,17779456,yfinance,2026-07-10T06:58:05.450587+00:00
2026-06-15 20:30:00+00:00,XRP-USD,15m,1.2711999416351318,1.2755999565124512,1.2699999809265137,1.2704999446868896,14064640,14064640,yfinance,2026-07-10T06:58:05.450587+00:00
2026-06-15 20:45:00+00:00,XRP-USD,15m,1.269700050354004,1.2699999809265137,1.2621999979019165,1.2633999586105347,21114112,21114112,yfinance,2026-07-10T06:58:05.450587+00:00
2026-06-15 21:00:00+00:00,XRP-USD,15m,1.2633999586105347,1.2640999555587769,1.2539000511169434,1.2580000162124634,32341760,32341760,yfinance,2026-07-10T06:58:05.450587+00:00
2026-06-15 21:15:00+00:00,XRP-USD,15m,1.2575000524520874,1.2581000328063965,1.2510000467300415,1.2510000467300415,4898048,4898048,yfinance,2026-07-10T06:58:05.450587+00:00
2026-06-15 21:30:00+00:00,XRP-USD,15m,1.2511999607086182,1.252500057220459,1.2479000091552734,1.2517999410629272,0,0,yfinance,2026-07-10T06:58:05.450587+00:00
2026-06-15 21:45:00+00:00,XRP-USD,15m,1.2517999410629272,1.2517999410629272,1.2480000257492065,1.2493000030517578,0,0,yfinance,2026-07-10T06:58:05.450587+00:00
2026-06-15 22:00:00+00:00,XRP-USD,15m,1.2493000030517578,1.2548999786376953,1.2481000423431396,1.2484999895095825,0,0,yfinance,2026-07-10T06:58:05.450587+00:00
2026-06-15 22:15:00+00:00,XRP-USD,15m,1.249400019645691,1.2508000135421753,1.2416000366210938,1.2419999837875366,0,0,yfinance,2026-07-10T06:58:05.450587+00:00
2026-06-15 22:30:00+00:00,XRP-USD,15m,1.2419999837875366,1.246500015258789,1.2384999990463257,1.2421000003814697,11336448,11336448,yfinance,2026-07-10T06:58:05.450587+00:00
2026-06-15 22:45:00+00:00,XRP-USD,15m,1.2416000366210938,1.2418999671936035,1.2374000549316406,1.2395000457763672,11544832,11544832,yfinance,2026-07-10T06:58:05.450587+00:00
2026-06-15 23:00:00+00:00,XRP-USD,15m,1.2395999431610107,1.2416000366210938,1.2371000051498413,1.2405999898910522,0,0,yfinance,2026-07-10T06:58:05.450587+00:00
2026-06-15 23:15:00+00:00,XRP-USD,15m,1.2407000064849854,1.2410999536514282,1.2350000143051147,1.2378000020980835,0,0,yfinance,2026-07-10T06:58:05.450587+00:00
2026-06-15 23:30:00+00:00,XRP-USD,15m,1.2378000020980835,1.2380000352859497,1.233299970626831,1.236899971961975,1212928,1212928,yfinance,2026-07-10T06:58:05.450587+00:00
2026-06-15 23:45:00+00:00,XRP-USD,15m,1.2374999523162842,1.239300012588501,1.2359999418258667,1.2374000549316406,815872,815872,yfinance,2026-07-10T06:58:05.450587+00:00
2026-06-16 00:00:00+00:00,XRP-USD,15m,1.2373000383377075,1.2401000261306763,1.2354999780654907,1.2396999597549438,0,0,yfinance,2026-07-10T06:58:05.450587+00:00
2026-06-16 00:15:00+00:00,XRP-USD,15m,1.2404999732971191,1.242400050163269,1.2355999946594238,1.236799955368042,0,0,yfinance,2026-07-10T06:58:05.450587+00:00
2026-06-16 00:30:00+00:00,XRP-USD,15m,1.2365000247955322,1.2409000396728516,1.2365000247955322,1.2395000457763672,0,0,yfinance,2026-07-10T06:58:05.450587+00:00
2026-06-16 00:45:00+00:00,XRP-USD,15m,1.2395999431610107,1.240399956703186,1.232200026512146,1.2339999675750732,1435648,1435648,yfinance,2026-07-10T06:58:05.450587+00:00
2026-06-16 01:00:00+00:00,XRP-USD,15m,1.2340999841690063,1.2376999855041504,1.2310999631881714,1.2319999933242798,0,0,yfinance,2026-07-10T06:58:05.450587+00:00
2026-06-16 01:15:00+00:00,XRP-USD,15m,1.232300043106079,1.2331000566482544,1.2299000024795532,1.2316999435424805,5287680,5287680,yfinance,2026-07-10T06:58:05.450587+00:00
2026-06-16 01:30:00+00:00,XRP-USD,15m,1.2316999435424805,1.2325999736785889,1.2301000356674194,1.2304999828338623,0,0,yfinance,2026-07-10T06:58:05.450587+00:00
2026-06-16 01:45:00+00:00,XRP-USD,15m,1.2304999828338623,1.232200026512146,1.2273999452590942,1.2278000116348267,0,0,yfinance,2026-07-10T06:58:05.450587+00:00
2026-06-16 02:00:00+00:00,XRP-USD,15m,1.2280999422073364,1.2282999753952026,1.22160005569458,1.2217999696731567,5745664,5745664,yfinance,2026-07-10T06:58:05.450587+00:00
2026-06-16 02:15:00+00:00,XRP-USD,15m,1.2218999862670898,1.2245999574661255,1.2130999565124512,1.2143000364303589,2289408,2289408,yfinance,2026-07-10T06:58:05.450587+00:00
2026-06-16 02:30:00+00:00,XRP-USD,15m,1.2141000032424927,1.2187999486923218,1.2141000032424927,1.218400001525879,14576896,14576896,yfinance,2026-07-10T06:58:05.450587+00:00
2026-06-16 02:45:00+00:00,XRP-USD,15m,1.2187999486923218,1.2192000150680542,1.215399980545044,1.2166999578475952,786432,786432,yfinance,2026-07-10T06:58:05.450587+00:00
2026-06-16 03:00:00+00:00,XRP-USD,15m,1.2173999547958374,1.2204999923706055,1.2160999774932861,1.219599962234497,301824,301824,yfinance,2026-07-10T06:58:05.450587+00:00
2026-06-16 03:15:00+00:00,XRP-USD,15m,1.2194000482559204,1.2249000072479248,1.2156000137329102,1.2242000102996826,4021248,4021248,yfinance,2026-07-10T06:58:05.450587+00:00
2026-06-16 03:30:00+00:00,XRP-USD,15m,1.2242000102996826,1.2257000207901,1.2231999635696411,1.2245999574661255,9878016,9878016,yfinance,2026-07-10T06:58:05.450587+00:00
2026-06-16 03:45:00+00:00,XRP-USD,15m,1.2247999906539917,1.2271000146865845,1.2238999605178833,1.226699948310852,2726400,2726400,yfinance,2026-07-10T06:58:05.450587+00:00
2026-06-16 04:00:00+00:00,XRP-USD,15m,1.2271000146865845,1.229099988937378,1.2264000177383423,1.2276999950408936,5501696,5501696,yfinance,2026-07-10T06:58:05.450587+00:00
2026-06-16 04:15:00+00:00,XRP-USD,15m,1.2272000312805176,1.2285000085830688,1.2232999801635742,1.2237000465393066,1678592,1678592,yfinance,2026-07-10T06:58:05.450587+00:00
2026-06-16 04:30:00+00:00,XRP-USD,15m,1.2232999801635742,1.2237000465393066,1.220900058746338,1.222000002861023,1467904,1467904,yfinance,2026-07-10T06:58:05.450587+00:00
2026-06-16 04:45:00+00:00,XRP-USD,15m,1.2222000360488892,1.223099946975708,1.2202999591827393,1.2217999696731567,4675328,4675328,yfinance,2026-07-10T06:58:05.450587+00:00
2026-06-16 05:00:00+00:00,XRP-USD,15m,1.222000002861023,1.2264000177383423,1.222000002861023,1.2242000102996826,696576,696576,yfinance,2026-07-10T06:58:05.450587+00:00
2026-06-16 05:15:00+00:00,XRP-USD,15m,1.2238999605178833,1.2269999980926514,1.2233999967575073,1.2252999544143677,2023168,2023168,yfinance,2026-07-10T06:58:05.450587+00:00
2026-06-16 05:30:00+00:00,XRP-USD,15m,1.225100040435791,1.2258000373840332,1.2223999500274658,1.2249000072479248,259584,259584,yfinance,2026-07-10T06:58:05.450587+00:00
2026-06-16 05:45:00+00:00,XRP-USD,15m,1.2254999876022339,1.2268999814987183,1.225000023841858,1.225000023841858,353024,353024,yfinance,2026-07-10T06:58:05.450587+00:00
2026-06-16 06:00:00+00:00,XRP-USD,15m,1.225000023841858,1.2279000282287598,1.225000023841858,1.2278000116348267,1198336,1198336,yfinance,2026-07-10T06:58:05.450587+00:00
2026-06-16 06:15:00+00:00,XRP-USD,15m,1.2278000116348267,1.2297999858856201,1.2268999814987183,1.229599952697754,3033344,3033344,yfinance,2026-07-10T06:58:05.450587+00:00
2026-06-16 06:30:00+00:00,XRP-USD,15m,1.2297999858856201,1.2348999977111816,1.2285000085830688,1.2335000038146973,11440640,11440640,yfinance,2026-07-10T06:58:05.450587+00:00
2026-06-16 06:45:00+00:00,XRP-USD,15m,1.2340999841690063,1.2360999584197998,1.2339999675750732,1.2350000143051147,12185088,12185088,yfinance,2026-07-10T06:58:05.450587+00:00
2026-06-16 07:00:00+00:00,XRP-USD,15m,1.2351000308990479,1.2380000352859497,1.232100009918213,1.232200026512146,3699200,3699200,yfinance,2026-07-10T06:58:05.450587+00:00
2026-06-16 07:15:00+00:00,XRP-USD,15m,1.2317999601364136,1.2325999736785889,1.229599952697754,1.2309999465942383,992000,992000,yfinance,2026-07-10T06:58:05.450587+00:00
2026-06-16 07:30:00+00:00,XRP-USD,15m,1.2310999631881714,1.2344000339508057,1.2308000326156616,1.2311999797821045,483328,483328,yfinance,2026-07-10T06:58:05.450587+00:00
2026-06-16 07:45:00+00:00,XRP-USD,15m,1.2311999797821045,1.2352999448776245,1.2307000160217285,1.2348999977111816,7307264,7307264,yfinance,2026-07-10T06:58:05.450587+00:00
2026-06-16 08:00:00+00:00,XRP-USD,15m,1.2340999841690063,1.2375999689102173,1.232699990272522,1.2375999689102173,3304704,3304704,yfinance,2026-07-10T06:58:05.450587+00:00
2026-06-16 08:15:00+00:00,XRP-USD,15m,1.2379000186920166,1.2412999868392944,1.236199975013733,1.2404999732971191,18858240,18858240,yfinance,2026-07-10T06:58:05.450587+00:00
2026-06-16 08:30:00+00:00,XRP-USD,15m,1.240399956703186,1.242300033569336,1.238800048828125,1.242300033569336,7510272,7510272,yfinance,2026-07-10T06:58:05.450587+00:00
2026-06-16 08:45:00+00:00,XRP-USD,15m,1.242400050163269,1.251099944114685,1.2410000562667847,1.2470999956130981,32823552,32823552,yfinance,2026-07-10T06:58:05.450587+00:00
2026-06-16 09:00:00+00:00,XRP-USD,15m,1.246999979019165,1.2470999956130981,1.243499994277954,1.245300054550171,11322624,11322624,yfinance,2026-07-10T06:58:05.450587+00:00
2026-06-16 09:15:00+00:00,XRP-USD,15m,1.2451000213623047,1.2451000213623047,1.2372000217437744,1.2373000383377075,5100288,5100288,yfinance,2026-07-10T06:58:05.450587+00:00
2026-06-16 09:30:00+00:00,XRP-USD,15m,1.2372000217437744,1.2395999431610107,1.2360999584197998,1.2391999959945679,1127424,1127424,yfinance,2026-07-10T06:58:05.450587+00:00
2026-06-16 09:45:00+00:00,XRP-USD,15m,1.23989999294281,1.2402000427246094,1.2371000051498413,1.2381000518798828,3699200,3699200,yfinance,2026-07-10T06:58:05.450587+00:00
2026-06-16 10:00:00+00:00,XRP-USD,15m,1.2381999492645264,1.2391999959945679,1.2359999418258667,1.2373000383377075,230144,230144,yfinance,2026-07-10T06:58:05.450587+00:00
2026-06-16 10:15:00+00:00,XRP-USD,15m,1.2375999689102173,1.2417000532150269,1.2375999689102173,1.2408000230789185,8480000,8480000,yfinance,2026-07-10T06:58:05.450587+00:00
2026-06-16 10:30:00+00:00,XRP-USD,15m,1.2408000230789185,1.242300033569336,1.2383999824523926,1.2417000532150269,4028416,4028416,yfinance,2026-07-10T06:58:05.450587+00:00
2026-06-16 10:45:00+00:00,XRP-USD,15m,1.2418999671936035,1.2425999641418457,1.2380000352859497,1.2388999462127686,6313216,6313216,yfinance,2026-07-10T06:58:05.450587+00:00
2026-06-16 11:00:00+00:00,XRP-USD,15m,1.2388999462127686,1.2407000064849854,1.2373000383377075,1.238800048828125,0,0,yfinance,2026-07-10T06:58:05.450587+00:00
2026-06-16 11:15:00+00:00,XRP-USD,15m,1.238700032234192,1.2416000366210938,1.2352999448776245,1.236799955368042,0,0,yfinance,2026-07-10T06:58:05.450587+00:00
2026-06-16 11:30:00+00:00,XRP-USD,15m,1.236799955368042,1.2375999689102173,1.2337000370025635,1.2364000082015991,0,0,yfinance,2026-07-10T06:58:05.450587+00:00
2026-06-16 11:45:00+00:00,XRP-USD,15m,1.2360999584197998,1.2373000383377075,1.2352999448776245,1.2369999885559082,0,0,yfinance,2026-07-10T06:58:05.450587+00:00
2026-06-16 12:00:00+00:00,XRP-USD,15m,1.2372000217437744,1.2417000532150269,1.2360999584197998,1.2417000532150269,0,0,yfinance,2026-07-10T06:58:05.450587+00:00
2026-06-16 12:15:00+00:00,XRP-USD,15m,1.2418999671936035,1.2483999729156494,1.2418999671936035,1.2467999458312988,0,0,yfinance,2026-07-10T06:58:05.450587+00:00
2026-06-16 12:30:00+00:00,XRP-USD,15m,1.2466000318527222,1.2549999952316284,1.2457000017166138,1.2475999593734741,331008,331008,yfinance,2026-07-10T06:58:05.450587+00:00
2026-06-16 12:45:00+00:00,XRP-USD,15m,1.2470999956130981,1.2470999956130981,1.2410999536514282,1.243399977684021,0,0,yfinance,2026-07-10T06:58:05.450587+00:00
2026-06-16 13:00:00+00:00,XRP-USD,15m,1.2438000440597534,1.2450000047683716,1.2300000190734863,1.2350000143051147,0,0,yfinance,2026-07-10T06:58:05.450587+00:00
2026-06-16 13:15:00+00:00,XRP-USD,15m,1.2353999614715576,1.2372000217437744,1.2293000221252441,1.2303999662399292,0,0,yfinance,2026-07-10T06:58:05.450587+00:00
2026-06-16 13:30:00+00:00,XRP-USD,15m,1.2309000492095947,1.2343000173568726,1.226099967956543,1.229200005531311,0,0,yfinance,2026-07-10T06:58:05.450587+00:00
2026-06-16 13:45:00+00:00,XRP-USD,15m,1.229099988937378,1.2302000522613525,1.2236000299453735,1.2245999574661255,0,0,yfinance,2026-07-10T06:58:05.450587+00:00
2026-06-16 14:00:00+00:00,XRP-USD,15m,1.2244999408721924,1.229200005531311,1.2239999771118164,1.2252000570297241,0,0,yfinance,2026-07-10T06:58:05.450587+00:00
2026-06-16 14:15:00+00:00,XRP-USD,15m,1.225100040435791,1.2265000343322754,1.211400032043457,1.211400032043457,11165440,11165440,yfinance,2026-07-10T06:58:05.450587+00:00
2026-06-16 14:30:00+00:00,XRP-USD,15m,1.2120000123977661,1.2130999565124512,1.204200029373169,1.2094000577926636,25455104,25455104,yfinance,2026-07-10T06:58:05.450587+00:00
2026-06-16 14:45:00+00:00,XRP-USD,15m,1.2094999551773071,1.212399959564209,1.2067999839782715,1.2085000276565552,3277056,3277056,yfinance,2026-07-10T06:58:05.450587+00:00
2026-06-16 15:00:00+00:00,XRP-USD,15m,1.2085000276565552,1.2144999504089355,1.2071000337600708,1.2143000364303589,653312,653312,yfinance,2026-07-10T06:58:05.450587+00:00
2026-06-16 15:15:00+00:00,XRP-USD,15m,1.2146999835968018,1.2160999774932861,1.2096999883651733,1.2129000425338745,915968,915968,yfinance,2026-07-10T06:58:05.450587+00:00
2026-06-16 15:30:00+00:00,XRP-USD,15m,1.2132999897003174,1.2163000106811523,1.2101000547409058,1.2103999853134155,0,0,yfinance,2026-07-10T06:58:05.450587+00:00
2026-06-16 15:45:00+00:00,XRP-USD,15m,1.2103999853134155,1.2135000228881836,1.2062000036239624,1.2086999416351318,0,0,yfinance,2026-07-10T06:58:05.450587+00:00
2026-06-16 16:00:00+00:00,XRP-USD,15m,1.2091000080108643,1.2134000062942505,1.208899974822998,1.2107000350952148,0,0,yfinance,2026-07-10T06:58:05.450587+00:00
2026-06-16 16:15:00+00:00,XRP-USD,15m,1.2110999822616577,1.2131999731063843,1.2092000246047974,1.2122000455856323,0,0,yfinance,2026-07-10T06:58:05.450587+00:00
2026-06-16 16:30:00+00:00,XRP-USD,15m,1.2117999792099,1.2129000425338745,1.2075999975204468,1.2116999626159668,0,0,yfinance,2026-07-10T06:58:05.450587+00:00
2026-06-16 16:45:00+00:00,XRP-USD,15m,1.212399959564209,1.2129000425338745,1.2099000215530396,1.2117999792099,0,0,yfinance,2026-07-10T06:58:05.450587+00:00
2026-06-16 17:00:00+00:00,XRP-USD,15m,1.2121000289916992,1.216599941253662,1.2121000289916992,1.2160999774932861,0,0,yfinance,2026-07-10T06:58:05.450587+00:00
2026-06-16 17:15:00+00:00,XRP-USD,15m,1.2161999940872192,1.2199000120162964,1.2139999866485596,1.215000033378601,0,0,yfinance,2026-07-10T06:58:05.450587+00:00
2026-06-16 17:30:00+00:00,XRP-USD,15m,1.2144999504089355,1.215399980545044,1.2106000185012817,1.2130999565124512,0,0,yfinance,2026-07-10T06:58:05.450587+00:00
2026-06-16 17:45:00+00:00,XRP-USD,15m,1.2130999565124512,1.2209999561309814,1.212399959564209,1.2199000120162964,303360,303360,yfinance,2026-07-10T06:58:05.450587+00:00
2026-06-16 18:00:00+00:00,XRP-USD,15m,1.2204999923706055,1.2299000024795532,1.2196999788284302,1.229699969291687,6091776,6091776,yfinance,2026-07-10T06:58:05.450587+00:00
2026-06-16 18:15:00+00:00,XRP-USD,15m,1.2297999858856201,1.2297999858856201,1.2210999727249146,1.2233999967575073,0,0,yfinance,2026-07-10T06:58:05.450587+00:00
2026-06-16 18:30:00+00:00,XRP-USD,15m,1.2233999967575073,1.2267999649047852,1.2232999801635742,1.226099967956543,0,0,yfinance,2026-07-10T06:58:05.450587+00:00
2026-06-16 18:45:00+00:00,XRP-USD,15m,1.2263000011444092,1.2288000583648682,1.2252000570297241,1.2252999544143677,0,0,yfinance,2026-07-10T06:58:05.450587+00:00
2026-06-16 19:00:00+00:00,XRP-USD,15m,1.2253999710083008,1.2253999710083008,1.2180999517440796,1.2187000513076782,0,0,yfinance,2026-07-10T06:58:05.450587+00:00
2026-06-16 19:15:00+00:00,XRP-USD,15m,1.2186000347137451,1.2213000059127808,1.21589994430542,1.220900058746338,0,0,yfinance,2026-07-10T06:58:05.450587+00:00
2026-06-16 19:30:00+00:00,XRP-USD,15m,1.2213000059127808,1.2232999801635742,1.2197999954223633,1.2216999530792236,0,0,yfinance,2026-07-10T06:58:05.450587+00:00
2026-06-16 19:45:00+00:00,XRP-USD,15m,1.2218999862670898,1.2237999439239502,1.218000054359436,1.2193000316619873,0,0,yfinance,2026-07-10T06:58:05.450587+00:00
2026-06-16 20:00:00+00:00,XRP-USD,15m,1.218999981880188,1.222599983215332,1.2151999473571777,1.2209999561309814,0,0,yfinance,2026-07-10T06:58:05.450587+00:00
2026-06-16 20:15:00+00:00,XRP-USD,15m,1.2217999696731567,1.222599983215332,1.2172000408172607,1.2174999713897705,0,0,yfinance,2026-07-10T06:58:05.450587+00:00
2026-06-16 20:30:00+00:00,XRP-USD,15m,1.2175999879837036,1.220900058746338,1.2173999547958374,1.2207000255584717,0,0,yfinance,2026-07-10T06:58:05.450587+00:00
2026-06-16 20:45:00+00:00,XRP-USD,15m,1.2208000421524048,1.2230000495910645,1.2188999652862549,1.2217999696731567,0,0,yfinance,2026-07-10T06:58:05.450587+00:00
2026-06-16 21:00:00+00:00,XRP-USD,15m,1.2218999862670898,1.2244000434875488,1.2209999561309814,1.2213000059127808,0,0,yfinance,2026-07-10T06:58:05.450587+00:00
2026-06-16 21:15:00+00:00,XRP-USD,15m,1.2214000225067139,1.221500039100647,1.2161999940872192,1.2167999744415283,0,0,yfinance,2026-07-10T06:58:05.450587+00:00
2026-06-16 21:30:00+00:00,XRP-USD,15m,1.2167999744415283,1.219099998474121,1.214900016784668,1.2175999879837036,0,0,yfinance,2026-07-10T06:58:05.450587+00:00
2026-06-16 21:45:00+00:00,XRP-USD,15m,1.218000054359436,1.2192000150680542,1.2167999744415283,1.2186000347137451,0,0,yfinance,2026-07-10T06:58:05.450587+00:00
2026-06-16 22:00:00+00:00,XRP-USD,15m,1.2186000347137451,1.2206000089645386,1.2164000272750854,1.219099998474121,176128,176128,yfinance,2026-07-10T06:58:05.450587+00:00
2026-06-16 22:15:00+00:00,XRP-USD,15m,1.2193000316619873,1.2202999591827393,1.2158000469207764,1.2192000150680542,0,0,yfinance,2026-07-10T06:58:05.450587+00:00
2026-06-16 22:30:00+00:00,XRP-USD,15m,1.2186000347137451,1.2207000255584717,1.218400001525879,1.2186000347137451,0,0,yfinance,2026-07-10T06:58:05.450587+00:00
2026-06-16 22:45:00+00:00,XRP-USD,15m,1.218400001525879,1.220900058746338,1.2170000076293945,1.2207000255584717,0,0,yfinance,2026-07-10T06:58:05.450587+00:00
2026-06-16 23:00:00+00:00,XRP-USD,15m,1.2209999561309814,1.2230000495910645,1.2180999517440796,1.2194000482559204,0,0,yfinance,2026-07-10T06:58:05.450587+00:00
2026-06-16 23:15:00+00:00,XRP-USD,15m,1.2194000482559204,1.2196999788284302,1.215999960899353,1.218000054359436,0,0,yfinance,2026-07-10T06:58:05.450587+00:00
2026-06-16 23:30:00+00:00,XRP-USD,15m,1.218000054359436,1.2192000150680542,1.2172000408172607,1.218000054359436,0,0,yfinance,2026-07-10T06:58:05.450587+00:00
2026-06-16 23:45:00+00:00,XRP-USD,15m,1.2171000242233276,1.2174999713897705,1.215000033378601,1.2160999774932861,0,0,yfinance,2026-07-10T06:58:05.450587+00:00
2026-06-17 00:00:00+00:00,XRP-USD,15m,1.2161999940872192,1.218999981880188,1.2151999473571777,1.2152999639511108,0,0,yfinance,2026-07-10T06:58:05.450587+00:00
2026-06-17 00:15:00+00:00,XRP-USD,15m,1.215499997138977,1.2172000408172607,1.2142000198364258,1.2142000198364258,0,0,yfinance,2026-07-10T06:58:05.450587+00:00
2026-06-17 00:30:00+00:00,XRP-USD,15m,1.2141000032424927,1.2165000438690186,1.212399959564209,1.2158000469207764,158336,158336,yfinance,2026-07-10T06:58:05.450587+00:00
2026-06-17 00:45:00+00:00,XRP-USD,15m,1.21589994430542,1.2173000574111938,1.2130000591278076,1.2139999866485596,0,0,yfinance,2026-07-10T06:58:05.450587+00:00
2026-06-17 01:00:00+00:00,XRP-USD,15m,1.2142000198364258,1.2173000574111938,1.2130999565124512,1.2146999835968018,1179008,1179008,yfinance,2026-07-10T06:58:05.450587+00:00
2026-06-17 01:15:00+00:00,XRP-USD,15m,1.214400053024292,1.214400053024292,1.207200050354004,1.2101000547409058,3206144,3206144,yfinance,2026-07-10T06:58:05.450587+00:00
2026-06-17 01:30:00+00:00,XRP-USD,15m,1.2106000185012817,1.2146999835968018,1.2074999809265137,1.2131999731063843,2571264,2571264,yfinance,2026-07-10T06:58:05.450587+00:00
2026-06-17 01:45:00+00:00,XRP-USD,15m,1.2132999897003174,1.221500039100647,1.2132999897003174,1.2204999923706055,8196736,8196736,yfinance,2026-07-10T06:58:05.450587+00:00
2026-06-17 02:00:00+00:00,XRP-USD,15m,1.2207000255584717,1.2223000526428223,1.2188999652862549,1.2213000059127808,0,0,yfinance,2026-07-10T06:58:05.450587+00:00
2026-06-17 02:15:00+00:00,XRP-USD,15m,1.221500039100647,1.2268999814987183,1.2203999757766724,1.2249000072479248,604544,604544,yfinance,2026-07-10T06:58:05.450587+00:00
2026-06-17 02:30:00+00:00,XRP-USD,15m,1.2244000434875488,1.2244000434875488,1.2148000001907349,1.2180999517440796,0,0,yfinance,2026-07-10T06:58:05.450587+00:00
2026-06-17 02:45:00+00:00,XRP-USD,15m,1.2177000045776367,1.218999981880188,1.21589994430542,1.2180999517440796,0,0,yfinance,2026-07-10T06:58:05.450587+00:00
2026-06-17 03:00:00+00:00,XRP-USD,15m,1.2180999517440796,1.2181999683380127,1.2144999504089355,1.2145999670028687,0,0,yfinance,2026-07-10T06:58:05.450587+00:00
2026-06-17 03:15:00+00:00,XRP-USD,15m,1.2145999670028687,1.2145999670028687,1.2117999792099,1.2138999700546265,0,0,yfinance,2026-07-10T06:58:05.450587+00:00
2026-06-17 03:30:00+00:00,XRP-USD,15m,1.2141000032424927,1.2166999578475952,1.2125999927520752,1.2130000591278076,0,0,yfinance,2026-07-10T06:58:05.450587+00:00
2026-06-17 03:45:00+00:00,XRP-USD,15m,1.2131999731063843,1.2161999940872192,1.211899995803833,1.2151000499725342,0,0,yfinance,2026-07-10T06:58:05.450587+00:00
2026-06-17 04:00:00+00:00,XRP-USD,15m,1.215499997138977,1.2175999879837036,1.2132999897003174,1.2158000469207764,0,0,yfinance,2026-07-10T06:58:05.450587+00:00
2026-06-17 04:15:00+00:00,XRP-USD,15m,1.215000033378601,1.2168999910354614,1.2138999700546265,1.2164000272750854,1427712,1427712,yfinance,2026-07-10T06:58:05.450587+00:00
2026-06-17 04:30:00+00:00,XRP-USD,15m,1.2161999940872192,1.2186000347137451,1.2158000469207764,1.2172000408172607,702720,702720,yfinance,2026-07-10T06:58:05.450587+00:00
2026-06-17 04:45:00+00:00,XRP-USD,15m,1.2171000242233276,1.2199000120162964,1.215999960899353,1.215999960899353,249472,249472,yfinance,2026-07-10T06:58:05.450587+00:00
2026-06-17 05:00:00+00:00,XRP-USD,15m,1.2160999774932861,1.2213000059127808,1.2151999473571777,1.215999960899353,0,0,yfinance,2026-07-10T06:58:05.450587+00:00
2026-06-17 05:15:00+00:00,XRP-USD,15m,1.215399980545044,1.2178000211715698,1.2132999897003174,1.2174999713897705,1036672,1036672,yfinance,2026-07-10T06:58:05.450587+00:00
2026-06-17 05:30:00+00:00,XRP-USD,15m,1.2178000211715698,1.2206000089645386,1.216599941253662,1.2193000316619873,2735104,2735104,yfinance,2026-07-10T06:58:05.450587+00:00
2026-06-17 05:45:00+00:00,XRP-USD,15m,1.218999981880188,1.2201000452041626,1.215499997138977,1.2168999910354614,531584,531584,yfinance,2026-07-10T06:58:05.450587+00:00
2026-06-17 06:00:00+00:00,XRP-USD,15m,1.2172000408172607,1.218999981880188,1.2165000438690186,1.2186000347137451,0,0,yfinance,2026-07-10T06:58:05.450587+00:00
2026-06-17 06:15:00+00:00,XRP-USD,15m,1.218500018119812,1.2194000482559204,1.2117999792099,1.2128000259399414,0,0,yfinance,2026-07-10T06:58:05.450587+00:00
2026-06-17 06:30:00+00:00,XRP-USD,15m,1.2122000455856323,1.2127000093460083,1.2089999914169312,1.210800051689148,3489664,3489664,yfinance,2026-07-10T06:58:05.450587+00:00
2026-06-17 06:45:00+00:00,XRP-USD,15m,1.210800051689148,1.212499976158142,1.2096999883651733,1.2106000185012817,619136,619136,yfinance,2026-07-10T06:58:05.450587+00:00
2026-06-17 07:00:00+00:00,XRP-USD,15m,1.210800051689148,1.2134000062942505,1.2081999778747559,1.2130000591278076,5353344,5353344,yfinance,2026-07-10T06:58:05.450587+00:00
2026-06-17 07:15:00+00:00,XRP-USD,15m,1.2130000591278076,1.2148000001907349,1.2086999416351318,1.208899974822998,4366592,4366592,yfinance,2026-07-10T06:58:05.450587+00:00
2026-06-17 07:30:00+00:00,XRP-USD,15m,1.2095999717712402,1.2100000381469727,1.2069000005722046,1.2093000411987305,1908096,1908096,yfinance,2026-07-10T06:58:05.450587+00:00
2026-06-17 07:45:00+00:00,XRP-USD,15m,1.2092000246047974,1.2099000215530396,1.2045999765396118,1.208400011062622,5019136,5019136,yfinance,2026-07-10T06:58:05.450587+00:00
2026-06-17 08:00:00+00:00,XRP-USD,15m,1.208400011062622,1.2094999551773071,1.2036000490188599,1.2036000490188599,198528,198528,yfinance,2026-07-10T06:58:05.450587+00:00
2026-06-17 08:15:00+00:00,XRP-USD,15m,1.2031999826431274,1.2037999629974365,1.200700044631958,1.2015000581741333,0,0,yfinance,2026-07-10T06:58:05.450587+00:00
2026-06-17 08:30:00+00:00,XRP-USD,15m,1.2014000415802002,1.2014000415802002,1.1959999799728394,1.1962000131607056,14060672,14060672,yfinance,2026-07-10T06:58:05.450587+00:00
2026-06-17 08:45:00+00:00,XRP-USD,15m,1.1963000297546387,1.197100043296814,1.1943000555038452,1.1950000524520874,85888,85888,yfinance,2026-07-10T06:58:05.450587+00:00
2026-06-17 09:00:00+00:00,XRP-USD,15m,1.1950000524520874,1.1971999406814575,1.194599986076355,1.1953999996185303,1040768,1040768,yfinance,2026-07-10T06:58:05.450587+00:00
2026-06-17 09:15:00+00:00,XRP-USD,15m,1.1956000328063965,1.1970000267028809,1.193600058555603,1.1955000162124634,0,0,yfinance,2026-07-10T06:58:05.450587+00:00
2026-06-17 09:30:00+00:00,XRP-USD,15m,1.1956000328063965,1.1979999542236328,1.195099949836731,1.1971999406814575,814080,814080,yfinance,2026-07-10T06:58:05.450587+00:00
2026-06-17 09:45:00+00:00,XRP-USD,15m,1.1970000267028809,1.198099970817566,1.1943000555038452,1.1967999935150146,553728,553728,yfinance,2026-07-10T06:58:05.450587+00:00
2026-06-17 10:00:00+00:00,XRP-USD,15m,1.1970000267028809,1.19760000705719,1.193600058555603,1.1963000297546387,2544896,2544896,yfinance,2026-07-10T06:58:05.450587+00:00
2026-06-17 10:15:00+00:00,XRP-USD,15m,1.1959999799728394,1.1971999406814575,1.193600058555603,1.1958999633789062,709888,709888,yfinance,2026-07-10T06:58:05.450587+00:00
2026-06-17 10:30:00+00:00,XRP-USD,15m,1.1957000494003296,1.1969000101089478,1.194700002670288,1.1969000101089478,439424,439424,yfinance,2026-07-10T06:58:05.450587+00:00
2026-06-17 10:45:00+00:00,XRP-USD,15m,1.1969000101089478,1.1979000568389893,1.1948000192642212,1.1952999830245972,0,0,yfinance,2026-07-10T06:58:05.450587+00:00
2026-06-17 11:00:00+00:00,XRP-USD,15m,1.1955000162124634,1.1964999437332153,1.1885000467300415,1.190500020980835,14943104,14943104,yfinance,2026-07-10T06:58:05.450587+00:00
2026-06-17 11:15:00+00:00,XRP-USD,15m,1.190999984741211,1.1921000480651855,1.1878000497817993,1.190500020980835,9704192,9704192,yfinance,2026-07-10T06:58:05.450587+00:00
2026-06-17 11:30:00+00:00,XRP-USD,15m,1.190600037574768,1.194000005722046,1.1892999410629272,1.19350004196167,737792,737792,yfinance,2026-07-10T06:58:05.450587+00:00
2026-06-17 11:45:00+00:00,XRP-USD,15m,1.19350004196167,1.194700002670288,1.1917999982833862,1.1919000148773193,3710976,3710976,yfinance,2026-07-10T06:58:05.450587+00:00
2026-06-17 12:00:00+00:00,XRP-USD,15m,1.1926000118255615,1.1963000297546387,1.1913000345230103,1.1957000494003296,2474368,2474368,yfinance,2026-07-10T06:58:05.450587+00:00
2026-06-17 12:15:00+00:00,XRP-USD,15m,1.1957000494003296,1.1957999467849731,1.1890000104904175,1.1904000043869019,787200,787200,yfinance,2026-07-10T06:58:05.450587+00:00
2026-06-17 12:30:00+00:00,XRP-USD,15m,1.1901999711990356,1.1957000494003296,1.1884000301361084,1.1956000328063965,0,0,yfinance,2026-07-10T06:58:05.450587+00:00
2026-06-17 12:45:00+00:00,XRP-USD,15m,1.1957000494003296,1.1971999406814575,1.1943999528884888,1.1967999935150146,0,0,yfinance,2026-07-10T06:58:05.450587+00:00
2026-06-17 13:00:00+00:00,XRP-USD,15m,1.1964999437332153,1.2009999752044678,1.1956000328063965,1.200700044631958,0,0,yfinance,2026-07-10T06:58:05.450587+00:00
2026-06-17 13:15:00+00:00,XRP-USD,15m,1.200600028038025,1.2007999420166016,1.1966999769210815,1.1990000009536743,2770048,2770048,yfinance,2026-07-10T06:58:05.450587+00:00
2026-06-17 13:30:00+00:00,XRP-USD,15m,1.198099970817566,1.2059999704360962,1.1973999738693237,1.204300045967102,1502592,1502592,yfinance,2026-07-10T06:58:05.450587+00:00
2026-06-17 13:45:00+00:00,XRP-USD,15m,1.2039999961853027,1.205199956893921,1.1993999481201172,1.2002999782562256,188800,188800,yfinance,2026-07-10T06:58:05.450587+00:00
2026-06-17 14:00:00+00:00,XRP-USD,15m,1.1996999979019165,1.2019000053405762,1.1978000402450562,1.2008999586105347,0,0,yfinance,2026-07-10T06:58:05.450587+00:00
2026-06-17 14:15:00+00:00,XRP-USD,15m,1.2008999586105347,1.2030999660491943,1.1978000402450562,1.1999000310897827,0,0,yfinance,2026-07-10T06:58:05.450587+00:00
2026-06-17 14:30:00+00:00,XRP-USD,15m,1.2002999782562256,1.2005000114440918,1.1922999620437622,1.1944999694824219,0,0,yfinance,2026-07-10T06:58:05.450587+00:00
2026-06-17 14:45:00+00:00,XRP-USD,15m,1.1944999694824219,1.1986000537872314,1.188099980354309,1.1943000555038452,11719296,11719296,yfinance,2026-07-10T06:58:05.450587+00:00
2026-06-17 15:00:00+00:00,XRP-USD,15m,1.1943999528884888,1.198099970817566,1.1924999952316284,1.198099970817566,0,0,yfinance,2026-07-10T06:58:05.450587+00:00
2026-06-17 15:15:00+00:00,XRP-USD,15m,1.1979999542236328,1.2029000520706177,1.1974999904632568,1.2021000385284424,1947776,1947776,yfinance,2026-07-10T06:58:05.450587+00:00
2026-06-17 15:30:00+00:00,XRP-USD,15m,1.2022000551223755,1.207900047302246,1.2010999917984009,1.2069000005722046,2804352,2804352,yfinance,2026-07-10T06:58:05.450587+00:00
2026-06-17 15:45:00+00:00,XRP-USD,15m,1.207200050354004,1.2128000259399414,1.2066999673843384,1.2127000093460083,2657536,2657536,yfinance,2026-07-10T06:58:05.450587+00:00
2026-06-17 16:00:00+00:00,XRP-USD,15m,1.2130999565124512,1.2145999670028687,1.2108999490737915,1.2130999565124512,3546496,3546496,yfinance,2026-07-10T06:58:05.450587+00:00
2026-06-17 16:15:00+00:00,XRP-USD,15m,1.2129000425338745,1.2239999771118164,1.2128000259399414,1.222000002861023,8797824,8797824,yfinance,2026-07-10T06:58:05.450587+00:00
2026-06-17 16:30:00+00:00,XRP-USD,15m,1.221500039100647,1.221500039100647,1.2158000469207764,1.2171000242233276,14871808,14871808,yfinance,2026-07-10T06:58:05.450587+00:00
2026-06-17 16:45:00+00:00,XRP-USD,15m,1.2168999910354614,1.2173999547958374,1.211400032043457,1.2117999792099,1379840,1379840,yfinance,2026-07-10T06:58:05.450587+00:00
2026-06-17 17:00:00+00:00,XRP-USD,15m,1.2122999429702759,1.212499976158142,1.2080999612808228,1.2085000276565552,7002112,7002112,yfinance,2026-07-10T06:58:05.450587+00:00
2026-06-17 17:15:00+00:00,XRP-USD,15m,1.2086999416351318,1.2132999897003174,1.2086999416351318,1.2129000425338745,0,0,yfinance,2026-07-10T06:58:05.450587+00:00
2026-06-17 17:30:00+00:00,XRP-USD,15m,1.2132999897003174,1.2138999700546265,1.2099000215530396,1.210800051689148,843008,843008,yfinance,2026-07-10T06:58:05.450587+00:00
2026-06-17 17:45:00+00:00,XRP-USD,15m,1.210800051689148,1.2180999517440796,1.2094999551773071,1.2167999744415283,2760320,2760320,yfinance,2026-07-10T06:58:05.450587+00:00
2026-06-17 18:00:00+00:00,XRP-USD,15m,1.2130000591278076,1.2130000591278076,1.1928000450134277,1.2030999660491943,34812672,34812672,yfinance,2026-07-10T06:58:05.450587+00:00
2026-06-17 18:15:00+00:00,XRP-USD,15m,1.2031999826431274,1.2063000202178955,1.1986000537872314,1.2003999948501587,10169344,10169344,yfinance,2026-07-10T06:58:05.450587+00:00
2026-06-17 18:30:00+00:00,XRP-USD,15m,1.2005000114440918,1.2172000408172607,1.198199987411499,1.215499997138977,41194112,41194112,yfinance,2026-07-10T06:58:05.450587+00:00
2026-06-17 18:45:00+00:00,XRP-USD,15m,1.2151999473571777,1.2178000211715698,1.2072999477386475,1.2080999612808228,21859200,21859200,yfinance,2026-07-10T06:58:05.450587+00:00
2026-06-17 19:00:00+00:00,XRP-USD,15m,1.2085000276565552,1.2115000486373901,1.200600028038025,1.2074999809265137,3652224,3652224,yfinance,2026-07-10T06:58:05.450587+00:00
2026-06-17 19:15:00+00:00,XRP-USD,15m,1.207200050354004,1.207200050354004,1.1813000440597534,1.1858999729156494,31424000,31424000,yfinance,2026-07-10T06:58:05.450587+00:00
2026-06-17 19:30:00+00:00,XRP-USD,15m,1.186400055885315,1.1893999576568604,1.1764999628067017,1.1791000366210938,40345088,40345088,yfinance,2026-07-10T06:58:05.450587+00:00
2026-06-17 19:45:00+00:00,XRP-USD,15m,1.1797000169754028,1.1825000047683716,1.1770000457763672,1.179800033569336,43679872,43679872,yfinance,2026-07-10T06:58:05.450587+00:00
2026-06-17 20:00:00+00:00,XRP-USD,15m,1.1797000169754028,1.1813000440597534,1.1775000095367432,1.1789000034332275,17592832,17592832,yfinance,2026-07-10T06:58:05.450587+00:00
2026-06-17 20:15:00+00:00,XRP-USD,15m,1.1792999505996704,1.1856000423431396,1.1782000064849854,1.1836999654769897,10684032,10684032,yfinance,2026-07-10T06:58:05.450587+00:00
2026-06-17 20:30:00+00:00,XRP-USD,15m,1.183500051498413,1.1899000406265259,1.1829999685287476,1.18340003490448,11139968,11139968,yfinance,2026-07-10T06:58:05.450587+00:00
2026-06-17 20:45:00+00:00,XRP-USD,15m,1.18340003490448,1.1899000406265259,1.1821999549865723,1.1892999410629272,4094720,4094720,yfinance,2026-07-10T06:58:05.450587+00:00
2026-06-17 21:00:00+00:00,XRP-USD,15m,1.1893999576568604,1.1894999742507935,1.1861000061035156,1.1871999502182007,2395136,2395136,yfinance,2026-07-10T06:58:05.450587+00:00
2026-06-17 21:15:00+00:00,XRP-USD,15m,1.1866999864578247,1.1883000135421753,1.184999942779541,1.1851999759674072,1136768,1136768,yfinance,2026-07-10T06:58:05.450587+00:00
2026-06-17 21:30:00+00:00,XRP-USD,15m,1.1852999925613403,1.187600016593933,1.1805000305175781,1.181399941444397,2890880,2890880,yfinance,2026-07-10T06:58:05.450587+00:00
2026-06-17 21:45:00+00:00,XRP-USD,15m,1.1812000274658203,1.1815999746322632,1.1780999898910522,1.1812000274658203,5728768,5728768,yfinance,2026-07-10T06:58:05.450587+00:00
2026-06-17 22:00:00+00:00,XRP-USD,15m,1.1818000078201294,1.1823999881744385,1.170699954032898,1.1793999671936035,27417856,27417856,yfinance,2026-07-10T06:58:05.450587+00:00
2026-06-17 22:15:00+00:00,XRP-USD,15m,1.1792000532150269,1.186900019645691,1.1787999868392944,1.1866999864578247,9572224,9572224,yfinance,2026-07-10T06:58:05.450587+00:00
2026-06-17 22:30:00+00:00,XRP-USD,15m,1.1865999698638916,1.1877000331878662,1.183899998664856,1.183899998664856,5453568,5453568,yfinance,2026-07-10T06:58:05.450587+00:00
2026-06-17 22:45:00+00:00,XRP-USD,15m,1.1842000484466553,1.186900019645691,1.1829999685287476,1.1829999685287476,2696320,2696320,yfinance,2026-07-10T06:58:05.450587+00:00
2026-06-17 23:00:00+00:00,XRP-USD,15m,1.1830999851226807,1.1865999698638916,1.1828999519348145,1.1835999488830566,4057984,4057984,yfinance,2026-07-10T06:58:05.450587+00:00
2026-06-17 23:15:00+00:00,XRP-USD,15m,1.183899998664856,1.187600016593933,1.183500051498413,1.1862000226974487,5036928,5036928,yfinance,2026-07-10T06:58:05.450587+00:00
2026-06-17 23:30:00+00:00,XRP-USD,15m,1.1856000423431396,1.1868000030517578,1.1841000318527222,1.1842999458312988,3969536,3969536,yfinance,2026-07-10T06:58:05.450587+00:00
2026-06-17 23:45:00+00:00,XRP-USD,15m,1.1836999654769897,1.186400055885315,1.1829999685287476,1.1857999563217163,1654912,1654912,yfinance,2026-07-10T06:58:05.450587+00:00
2026-06-18 00:00:00+00:00,XRP-USD,15m,1.1858999729156494,1.187999963760376,1.1851999759674072,1.187600016593933,1415040,1415040,yfinance,2026-07-10T06:58:05.450587+00:00
2026-06-18 00:15:00+00:00,XRP-USD,15m,1.1883000135421753,1.1886999607086182,1.1861000061035156,1.1883000135421753,441344,441344,yfinance,2026-07-10T06:58:05.450587+00:00
2026-06-18 00:30:00+00:00,XRP-USD,15m,1.187999963760376,1.190500020980835,1.1866999864578247,1.188599944114685,0,0,yfinance,2026-07-10T06:58:05.450587+00:00
2026-06-18 00:45:00+00:00,XRP-USD,15m,1.188599944114685,1.1895999908447266,1.1859999895095825,1.1862000226974487,0,0,yfinance,2026-07-10T06:58:05.450587+00:00
2026-06-18 01:00:00+00:00,XRP-USD,15m,1.1861000061035156,1.1912000179290771,1.1861000061035156,1.188599944114685,3580160,3580160,yfinance,2026-07-10T06:58:05.450587+00:00
2026-06-18 01:15:00+00:00,XRP-USD,15m,1.188599944114685,1.190000057220459,1.187399983406067,1.1892999410629272,3374080,3374080,yfinance,2026-07-10T06:58:05.450587+00:00
2026-06-18 01:30:00+00:00,XRP-USD,15m,1.1894999742507935,1.1901999711990356,1.1878000497817993,1.1881999969482422,2054912,2054912,yfinance,2026-07-10T06:58:05.450587+00:00
2026-06-18 01:45:00+00:00,XRP-USD,15m,1.187999963760376,1.187999963760376,1.1842000484466553,1.1878000497817993,0,0,yfinance,2026-07-10T06:58:05.450587+00:00
2026-06-18 02:00:00+00:00,XRP-USD,15m,1.1878000497817993,1.1899000406265259,1.187600016593933,1.1881999969482422,0,0,yfinance,2026-07-10T06:58:05.450587+00:00
2026-06-18 02:15:00+00:00,XRP-USD,15m,1.1878999471664429,1.1899000406265259,1.187600016593933,1.1895999908447266,0,0,yfinance,2026-07-10T06:58:05.450587+00:00
2026-06-18 02:30:00+00:00,XRP-USD,15m,1.1893999576568604,1.1899000406265259,1.1878999471664429,1.1892999410629272,0,0,yfinance,2026-07-10T06:58:05.450587+00:00
2026-06-18 02:45:00+00:00,XRP-USD,15m,1.1895999908447266,1.1898000240325928,1.188099980354309,1.1884000301361084,204672,204672,yfinance,2026-07-10T06:58:05.450587+00:00
2026-06-18 03:00:00+00:00,XRP-USD,15m,1.1885000467300415,1.188599944114685,1.184499979019165,1.1845999956130981,0,0,yfinance,2026-07-10T06:58:05.450587+00:00
2026-06-18 03:15:00+00:00,XRP-USD,15m,1.1845999956130981,1.1847000122070312,1.1792000532150269,1.1792999505996704,0,0,yfinance,2026-07-10T06:58:05.450587+00:00
2026-06-18 03:30:00+00:00,XRP-USD,15m,1.1792999505996704,1.1805000305175781,1.176900029182434,1.1777000427246094,3125760,3125760,yfinance,2026-07-10T06:58:05.450587+00:00
2026-06-18 03:45:00+00:00,XRP-USD,15m,1.1779999732971191,1.1793999671936035,1.1770999431610107,1.1776000261306763,7161856,7161856,yfinance,2026-07-10T06:58:05.450587+00:00
2026-06-18 04:00:00+00:00,XRP-USD,15m,1.17739999294281,1.1777000427246094,1.1706000566482544,1.1725000143051147,11711232,11711232,yfinance,2026-07-10T06:58:05.450587+00:00
2026-06-18 04:15:00+00:00,XRP-USD,15m,1.1727999448776245,1.1744999885559082,1.169800043106079,1.1711000204086304,9418752,9418752,yfinance,2026-07-10T06:58:05.450587+00:00
2026-06-18 04:30:00+00:00,XRP-USD,15m,1.1710000038146973,1.1714999675750732,1.1679999828338623,1.1682000160217285,4152320,4152320,yfinance,2026-07-10T06:58:05.450587+00:00
2026-06-18 04:45:00+00:00,XRP-USD,15m,1.1679999828338623,1.169800043106079,1.1660000085830688,1.1684999465942383,7830656,7830656,yfinance,2026-07-10T06:58:05.450587+00:00
2026-06-18 05:00:00+00:00,XRP-USD,15m,1.167199969291687,1.1676000356674194,1.1619999408721924,1.1642999649047852,15759232,15759232,yfinance,2026-07-10T06:58:05.450587+00:00
2026-06-18 05:15:00+00:00,XRP-USD,15m,1.1644999980926514,1.1657999753952026,1.163100004196167,1.1634999513626099,13810048,13810048,yfinance,2026-07-10T06:58:05.450587+00:00
2026-06-18 05:30:00+00:00,XRP-USD,15m,1.1634000539779663,1.1664999723434448,1.1618000268936157,1.1646000146865845,4960768,4960768,yfinance,2026-07-10T06:58:05.450587+00:00
2026-06-18 05:45:00+00:00,XRP-USD,15m,1.1648999452590942,1.1668000221252441,1.1640000343322754,1.1664999723434448,5157888,5157888,yfinance,2026-07-10T06:58:05.450587+00:00
2026-06-18 06:00:00+00:00,XRP-USD,15m,1.1664999723434448,1.1685999631881714,1.1633000373840332,1.1649999618530273,4667904,4667904,yfinance,2026-07-10T06:58:05.450587+00:00
2026-06-18 06:15:00+00:00,XRP-USD,15m,1.1650999784469604,1.166599988937378,1.1627999544143677,1.1655000448226929,4363776,4363776,yfinance,2026-07-10T06:58:05.450587+00:00
2026-06-18 06:30:00+00:00,XRP-USD,15m,1.1654000282287598,1.1678999662399292,1.1648999452590942,1.1678999662399292,0,0,yfinance,2026-07-10T06:58:05.450587+00:00
2026-06-18 06:45:00+00:00,XRP-USD,15m,1.1678999662399292,1.1704000234603882,1.1675000190734863,1.1698999404907227,699520,699520,yfinance,2026-07-10T06:58:05.450587+00:00
2026-06-18 07:00:00+00:00,XRP-USD,15m,1.169800043106079,1.1704000234603882,1.1674000024795532,1.1700999736785889,0,0,yfinance,2026-07-10T06:58:05.450587+00:00
2026-06-18 07:15:00+00:00,XRP-USD,15m,1.169800043106079,1.1785000562667847,1.169800043106079,1.177899956703186,4496512,4496512,yfinance,2026-07-10T06:58:05.450587+00:00
2026-06-18 07:30:00+00:00,XRP-USD,15m,1.1777000427246094,1.180299997329712,1.176900029182434,1.1782000064849854,4420096,4420096,yfinance,2026-07-10T06:58:05.450587+00:00
2026-06-18 07:45:00+00:00,XRP-USD,15m,1.1779999732971191,1.1792000532150269,1.1770000457763672,1.1777000427246094,2037632,2037632,yfinance,2026-07-10T06:58:05.450587+00:00
2026-06-18 08:00:00+00:00,XRP-USD,15m,1.1779999732971191,1.1799999475479126,1.1756999492645264,1.177899956703186,2226176,2226176,yfinance,2026-07-10T06:58:05.450587+00:00
2026-06-18 08:15:00+00:00,XRP-USD,15m,1.1779999732971191,1.1786999702453613,1.1763999462127686,1.1780999898910522,2923776,2923776,yfinance,2026-07-10T06:58:05.450587+00:00
2026-06-18 08:30:00+00:00,XRP-USD,15m,1.1777000427246094,1.180400013923645,1.1776000261306763,1.1792000532150269,0,0,yfinance,2026-07-10T06:58:05.450587+00:00
2026-06-18 08:45:00+00:00,XRP-USD,15m,1.1786999702453613,1.1796000003814697,1.176900029182434,1.17739999294281,0,0,yfinance,2026-07-10T06:58:05.450587+00:00
2026-06-18 09:00:00+00:00,XRP-USD,15m,1.1771999597549438,1.1776000261306763,1.1755000352859497,1.176900029182434,2625024,2625024,yfinance,2026-07-10T06:58:05.450587+00:00
2026-06-18 09:15:00+00:00,XRP-USD,15m,1.176900029182434,1.1792000532150269,1.1761000156402588,1.1764999628067017,1771776,1771776,yfinance,2026-07-10T06:58:05.450587+00:00
2026-06-18 09:30:00+00:00,XRP-USD,15m,1.176800012588501,1.18149995803833,1.176800012588501,1.179900050163269,4870144,4870144,yfinance,2026-07-10T06:58:05.450587+00:00
2026-06-18 09:45:00+00:00,XRP-USD,15m,1.179900050163269,1.180799961090088,1.17739999294281,1.1777000427246094,1436160,1436160,yfinance,2026-07-10T06:58:05.450587+00:00
2026-06-18 10:00:00+00:00,XRP-USD,15m,1.1778000593185425,1.1778000593185425,1.1712000370025635,1.1714999675750732,2056576,2056576,yfinance,2026-07-10T06:58:05.450587+00:00
2026-06-18 10:15:00+00:00,XRP-USD,15m,1.1713000535964966,1.1723999977111816,1.1663999557495117,1.167199969291687,10305408,10305408,yfinance,2026-07-10T06:58:05.450587+00:00
2026-06-18 10:30:00+00:00,XRP-USD,15m,1.1669000387191772,1.1699999570846558,1.1669000387191772,1.167799949645996,7877248,7877248,yfinance,2026-07-10T06:58:05.450587+00:00
2026-06-18 10:45:00+00:00,XRP-USD,15m,1.167799949645996,1.170300006866455,1.1672999858856201,1.1682000160217285,4861696,4861696,yfinance,2026-07-10T06:58:05.450587+00:00
2026-06-18 11:00:00+00:00,XRP-USD,15m,1.1683000326156616,1.170300006866455,1.1655999422073364,1.166599988937378,0,0,yfinance,2026-07-10T06:58:05.450587+00:00
2026-06-18 11:15:00+00:00,XRP-USD,15m,1.167099952697754,1.167099952697754,1.1622999906539917,1.1669000387191772,0,0,yfinance,2026-07-10T06:58:05.450587+00:00
2026-06-18 11:30:00+00:00,XRP-USD,15m,1.1670000553131104,1.1670000553131104,1.1605000495910645,1.162600040435791,2122240,2122240,yfinance,2026-07-10T06:58:05.450587+00:00
2026-06-18 11:45:00+00:00,XRP-USD,15m,1.1628999710083008,1.1640000343322754,1.1608999967575073,1.1633000373840332,12254336,12254336,yfinance,2026-07-10T06:58:05.450587+00:00
2026-06-18 12:00:00+00:00,XRP-USD,15m,1.163699984550476,1.1649999618530273,1.162500023841858,1.1639000177383423,3878400,3878400,yfinance,2026-07-10T06:58:05.450587+00:00
2026-06-18 12:15:00+00:00,XRP-USD,15m,1.1639000177383423,1.1683000326156616,1.163699984550476,1.1683000326156616,304896,304896,yfinance,2026-07-10T06:58:05.450587+00:00
2026-06-18 12:30:00+00:00,XRP-USD,15m,1.1683000326156616,1.1683000326156616,1.1651999950408936,1.167199969291687,540800,540800,yfinance,2026-07-10T06:58:05.450587+00:00
2026-06-18 12:45:00+00:00,XRP-USD,15m,1.1675000190734863,1.169700026512146,1.166700005531311,1.167799949645996,5120000,5120000,yfinance,2026-07-10T06:58:05.450587+00:00
2026-06-18 13:00:00+00:00,XRP-USD,15m,1.167799949645996,1.1686999797821045,1.1655999422073364,1.1678999662399292,1852800,1852800,yfinance,2026-07-10T06:58:05.450587+00:00
2026-06-18 13:15:00+00:00,XRP-USD,15m,1.1678999662399292,1.1710000038146973,1.167099952697754,1.1692999601364136,1680512,1680512,yfinance,2026-07-10T06:58:05.450587+00:00
2026-06-18 13:30:00+00:00,XRP-USD,15m,1.1684999465942383,1.1690000295639038,1.155900001525879,1.155900001525879,9097472,9097472,yfinance,2026-07-10T06:58:05.450587+00:00
2026-06-18 13:45:00+00:00,XRP-USD,15m,1.1562000513076782,1.163699984550476,1.1548000574111938,1.1597000360488892,24617344,24617344,yfinance,2026-07-10T06:58:05.450587+00:00
2026-06-18 14:00:00+00:00,XRP-USD,15m,1.1598999500274658,1.1612999439239502,1.156599998474121,1.1576999425888062,8108800,8108800,yfinance,2026-07-10T06:58:05.450587+00:00
2026-06-18 14:15:00+00:00,XRP-USD,15m,1.1578999757766724,1.1680999994277954,1.155500054359436,1.1608999967575073,8947328,8947328,yfinance,2026-07-10T06:58:05.450587+00:00
2026-06-18 14:30:00+00:00,XRP-USD,15m,1.160599946975708,1.1643999814987183,1.1584999561309814,1.1586999893188477,4840064,4840064,yfinance,2026-07-10T06:58:05.450587+00:00
2026-06-18 14:45:00+00:00,XRP-USD,15m,1.1586999893188477,1.1618000268936157,1.1553000211715698,1.1586999893188477,0,0,yfinance,2026-07-10T06:58:05.450587+00:00
2026-06-18 15:00:00+00:00,XRP-USD,15m,1.1588000059127808,1.1591999530792236,1.1541999578475952,1.1556999683380127,4011008,4011008,yfinance,2026-07-10T06:58:05.450587+00:00
2026-06-18 15:15:00+00:00,XRP-USD,15m,1.1552000045776367,1.155900001525879,1.145900011062622,1.1464999914169312,25242240,25242240,yfinance,2026-07-10T06:58:05.450587+00:00
2026-06-18 15:30:00+00:00,XRP-USD,15m,1.146399974822998,1.1492999792099,1.1368000507354736,1.1368999481201172,29493504,29493504,yfinance,2026-07-10T06:58:05.450587+00:00
2026-06-18 15:45:00+00:00,XRP-USD,15m,1.1367000341415405,1.139299988746643,1.1318000555038452,1.1367000341415405,38156032,38156032,yfinance,2026-07-10T06:58:05.450587+00:00
2026-06-18 16:00:00+00:00,XRP-USD,15m,1.1360000371932983,1.143399953842163,1.1360000371932983,1.1416000127792358,40378112,40378112,yfinance,2026-07-10T06:58:05.450587+00:00
2026-06-18 16:15:00+00:00,XRP-USD,15m,1.1414999961853027,1.1448999643325806,1.1366000175476074,1.142199993133545,6478720,6478720,yfinance,2026-07-10T06:58:05.450587+00:00
2026-06-18 16:30:00+00:00,XRP-USD,15m,1.1413999795913696,1.1448999643325806,1.13919997215271,1.1441999673843384,1901184,1901184,yfinance,2026-07-10T06:58:05.450587+00:00
2026-06-18 16:45:00+00:00,XRP-USD,15m,1.1446000337600708,1.1469999551773071,1.143399953842163,1.146299958229065,5356288,5356288,yfinance,2026-07-10T06:58:05.450587+00:00
2026-06-18 17:00:00+00:00,XRP-USD,15m,1.1464999914169312,1.1474000215530396,1.1418999433517456,1.1433000564575195,1115520,1115520,yfinance,2026-07-10T06:58:05.450587+00:00
2026-06-18 17:15:00+00:00,XRP-USD,15m,1.1432000398635864,1.1440999507904053,1.1363999843597412,1.1416000127792358,1271424,1271424,yfinance,2026-07-10T06:58:05.450587+00:00
2026-06-18 17:30:00+00:00,XRP-USD,15m,1.141700029373169,1.1474000215530396,1.1413999795913696,1.1430000066757202,21060992,21060992,yfinance,2026-07-10T06:58:05.450587+00:00
2026-06-18 17:45:00+00:00,XRP-USD,15m,1.1425000429153442,1.1440999507904053,1.1390000581741333,1.141700029373169,4527104,4527104,yfinance,2026-07-10T06:58:05.450587+00:00
2026-06-18 18:00:00+00:00,XRP-USD,15m,1.1419999599456787,1.1420999765396118,1.138700008392334,1.1402000188827515,0,0,yfinance,2026-07-10T06:58:05.450587+00:00
2026-06-18 18:15:00+00:00,XRP-USD,15m,1.1397000551223755,1.145400047302246,1.1375000476837158,1.142799973487854,451840,451840,yfinance,2026-07-10T06:58:05.450587+00:00
2026-06-18 18:30:00+00:00,XRP-USD,15m,1.142699956893921,1.142899990081787,1.1366000175476074,1.139799952507019,86784,86784,yfinance,2026-07-10T06:58:05.450587+00:00
2026-06-18 18:45:00+00:00,XRP-USD,15m,1.1398999691009521,1.1403000354766846,1.1360000371932983,1.1369999647140503,0,0,yfinance,2026-07-10T06:58:05.450587+00:00
2026-06-18 19:00:00+00:00,XRP-USD,15m,1.1369999647140503,1.1369999647140503,1.1342999935150146,1.1361000537872314,0,0,yfinance,2026-07-10T06:58:05.450587+00:00
2026-06-18 19:15:00+00:00,XRP-USD,15m,1.135200023651123,1.1375000476837158,1.1339999437332153,1.1361000537872314,0,0,yfinance,2026-07-10T06:58:05.450587+00:00
2026-06-18 19:30:00+00:00,XRP-USD,15m,1.136199951171875,1.1432000398635864,1.1354999542236328,1.1430000066757202,0,0,yfinance,2026-07-10T06:58:05.450587+00:00
2026-06-18 19:45:00+00:00,XRP-USD,15m,1.142799973487854,1.1450999975204468,1.1418999433517456,1.142699956893921,0,0,yfinance,2026-07-10T06:58:05.450587+00:00
2026-06-18 20:00:00+00:00,XRP-USD,15m,1.142699956893921,1.1483999490737915,1.142699956893921,1.1477999687194824,1985536,1985536,yfinance,2026-07-10T06:58:05.450587+00:00
2026-06-18 20:15:00+00:00,XRP-USD,15m,1.1474000215530396,1.1510000228881836,1.1468000411987305,1.1503000259399414,2841856,2841856,yfinance,2026-07-10T06:58:05.450587+00:00
2026-06-18 20:30:00+00:00,XRP-USD,15m,1.149899959564209,1.153499960899353,1.1491999626159668,1.1526999473571777,7144576,7144576,yfinance,2026-07-10T06:58:05.450587+00:00
2026-06-18 20:45:00+00:00,XRP-USD,15m,1.1526999473571777,1.15339994430542,1.149999976158142,1.1511000394821167,4216704,4216704,yfinance,2026-07-10T06:58:05.450587+00:00
2026-06-18 21:00:00+00:00,XRP-USD,15m,1.1511000394821167,1.1511000394821167,1.1452000141143799,1.1452000141143799,0,0,yfinance,2026-07-10T06:58:05.450587+00:00
2026-06-18 21:15:00+00:00,XRP-USD,15m,1.1448999643325806,1.145799994468689,1.143399953842163,1.144700050354004,1803008,1803008,yfinance,2026-07-10T06:58:05.450587+00:00
2026-06-18 21:30:00+00:00,XRP-USD,15m,1.1446000337600708,1.145900011062622,1.1411000490188599,1.142199993133545,3685248,3685248,yfinance,2026-07-10T06:58:05.450587+00:00
2026-06-18 21:45:00+00:00,XRP-USD,15m,1.1420999765396118,1.1438000202178955,1.1413999795913696,1.1437000036239624,1525120,1525120,yfinance,2026-07-10T06:58:05.450587+00:00
2026-06-18 22:00:00+00:00,XRP-USD,15m,1.1430000066757202,1.1445000171661377,1.141800045967102,1.1437000036239624,0,0,yfinance,2026-07-10T06:58:05.450587+00:00
2026-06-18 22:15:00+00:00,XRP-USD,15m,1.1439000368118286,1.1470999717712402,1.1410000324249268,1.1454999446868896,5099136,5099136,yfinance,2026-07-10T06:58:05.450587+00:00
2026-06-18 22:30:00+00:00,XRP-USD,15m,1.1454999446868896,1.1470999717712402,1.1444000005722046,1.1467000246047974,4062976,4062976,yfinance,2026-07-10T06:58:05.450587+00:00
2026-06-18 22:45:00+00:00,XRP-USD,15m,1.1467000246047974,1.1471999883651733,1.1439000368118286,1.1460000276565552,2577408,2577408,yfinance,2026-07-10T06:58:05.450587+00:00
2026-06-18 23:00:00+00:00,XRP-USD,15m,1.1454999446868896,1.146299958229065,1.141800045967102,1.141800045967102,0,0,yfinance,2026-07-10T06:58:05.450587+00:00
2026-06-18 23:15:00+00:00,XRP-USD,15m,1.1420999765396118,1.1442999839782715,1.141800045967102,1.1441999673843384,0,0,yfinance,2026-07-10T06:58:05.450587+00:00
2026-06-18 23:30:00+00:00,XRP-USD,15m,1.1444000005722046,1.145900011062622,1.1433000564575195,1.1442999839782715,2210944,2210944,yfinance,2026-07-10T06:58:05.450587+00:00
2026-06-18 23:45:00+00:00,XRP-USD,15m,1.1434999704360962,1.1464999914169312,1.142799973487854,1.145300030708313,2998272,2998272,yfinance,2026-07-10T06:58:05.450587+00:00
2026-06-19 00:00:00+00:00,XRP-USD,15m,1.1452000141143799,1.1452000141143799,1.1419999599456787,1.1434999704360962,1165696,1165696,yfinance,2026-07-10T06:58:05.450587+00:00
2026-06-19 00:15:00+00:00,XRP-USD,15m,1.1438000202178955,1.1470999717712402,1.142799973487854,1.146299958229065,5156096,5156096,yfinance,2026-07-10T06:58:05.450587+00:00
2026-06-19 00:30:00+00:00,XRP-USD,15m,1.146399974822998,1.1490999460220337,1.146299958229065,1.1490000486373901,1029760,1029760,yfinance,2026-07-10T06:58:05.450587+00:00
2026-06-19 00:45:00+00:00,XRP-USD,15m,1.1490000486373901,1.1490000486373901,1.1461000442504883,1.1478999853134155,2804736,2804736,yfinance,2026-07-10T06:58:05.450587+00:00
2026-06-19 01:00:00+00:00,XRP-USD,15m,1.1477999687194824,1.1506999731063843,1.145400047302246,1.1466000080108643,741760,741760,yfinance,2026-07-10T06:58:05.450587+00:00
2026-06-19 01:15:00+00:00,XRP-USD,15m,1.1468000411987305,1.1497000455856323,1.1449999809265137,1.1456999778747559,37504,37504,yfinance,2026-07-10T06:58:05.450587+00:00
2026-06-19 01:30:00+00:00,XRP-USD,15m,1.1456999778747559,1.1475000381469727,1.143399953842163,1.1470999717712402,538624,538624,yfinance,2026-07-10T06:58:05.450587+00:00
2026-06-19 01:45:00+00:00,XRP-USD,15m,1.1471999883651733,1.1506999731063843,1.1471999883651733,1.149999976158142,2297088,2297088,yfinance,2026-07-10T06:58:05.450587+00:00
2026-06-19 02:00:00+00:00,XRP-USD,15m,1.149999976158142,1.1518000364303589,1.1484999656677246,1.148900032043457,1311488,1311488,yfinance,2026-07-10T06:58:05.450587+00:00
2026-06-19 02:15:00+00:00,XRP-USD,15m,1.1485999822616577,1.1492999792099,1.1449999809265137,1.1450999975204468,164736,164736,yfinance,2026-07-10T06:58:05.450587+00:00
2026-06-19 02:30:00+00:00,XRP-USD,15m,1.1449999809265137,1.1466000080108643,1.1440999507904053,1.1455999612808228,3215104,3215104,yfinance,2026-07-10T06:58:05.450587+00:00
2026-06-19 02:45:00+00:00,XRP-USD,15m,1.1455999612808228,1.1477999687194824,1.1444000005722046,1.1470999717712402,3288320,3288320,yfinance,2026-07-10T06:58:05.450587+00:00
2026-06-19 03:00:00+00:00,XRP-USD,15m,1.1475000381469727,1.1490000486373901,1.1433000564575195,1.1433000564575195,259840,259840,yfinance,2026-07-10T06:58:05.450587+00:00
2026-06-19 03:15:00+00:00,XRP-USD,15m,1.143399953842163,1.1450999975204468,1.135699987411499,1.1439000368118286,40866560,40866560,yfinance,2026-07-10T06:58:05.450587+00:00
2026-06-19 03:30:00+00:00,XRP-USD,15m,1.1438000202178955,1.1440000534057617,1.1369999647140503,1.1380000114440918,1999744,1999744,yfinance,2026-07-10T06:58:05.450587+00:00
2026-06-19 03:45:00+00:00,XRP-USD,15m,1.1377999782562256,1.1385999917984009,1.1363999843597412,1.1378999948501587,866944,866944,yfinance,2026-07-10T06:58:05.450587+00:00
2026-06-19 04:00:00+00:00,XRP-USD,15m,1.1378999948501587,1.1380000114440918,1.1318999528884888,1.1368999481201172,358016,358016,yfinance,2026-07-10T06:58:05.450587+00:00
2026-06-19 04:15:00+00:00,XRP-USD,15m,1.1368999481201172,1.1390999555587769,1.131600022315979,1.131700038909912,0,0,yfinance,2026-07-10T06:58:05.450587+00:00
2026-06-19 04:30:00+00:00,XRP-USD,15m,1.131500005722046,1.131500005722046,1.1267000436782837,1.1287000179290771,15379200,15379200,yfinance,2026-07-10T06:58:05.450587+00:00
2026-06-19 04:45:00+00:00,XRP-USD,15m,1.1287000179290771,1.1297999620437622,1.1247999668121338,1.1261999607086182,2564480,2564480,yfinance,2026-07-10T06:58:05.450587+00:00
2026-06-19 05:00:00+00:00,XRP-USD,15m,1.1267999410629272,1.1325000524520874,1.1260000467300415,1.13100004196167,0,0,yfinance,2026-07-10T06:58:05.450587+00:00
2026-06-19 05:15:00+00:00,XRP-USD,15m,1.1304999589920044,1.1304999589920044,1.1263999938964844,1.128999948501587,0,0,yfinance,2026-07-10T06:58:05.450587+00:00
2026-06-19 05:30:00+00:00,XRP-USD,15m,1.128999948501587,1.1303999423980713,1.1263999938964844,1.128999948501587,0,0,yfinance,2026-07-10T06:58:05.450587+00:00
2026-06-19 05:45:00+00:00,XRP-USD,15m,1.12909996509552,1.1325000524520874,1.1282000541687012,1.1324000358581543,341248,341248,yfinance,2026-07-10T06:58:05.450587+00:00
2026-06-19 06:00:00+00:00,XRP-USD,15m,1.1319999694824219,1.13510000705719,1.131600022315979,1.1331000328063965,0,0,yfinance,2026-07-10T06:58:05.450587+00:00
2026-06-19 06:15:00+00:00,XRP-USD,15m,1.132699966430664,1.1332000494003296,1.1313999891281128,1.132099986076355,897024,897024,yfinance,2026-07-10T06:58:05.450587+00:00
2026-06-19 06:30:00+00:00,XRP-USD,15m,1.1318000555038452,1.1330000162124634,1.1282999515533447,1.131500005722046,4612096,4612096,yfinance,2026-07-10T06:58:05.450587+00:00
2026-06-19 06:45:00+00:00,XRP-USD,15m,1.131500005722046,1.1332000494003296,1.1272000074386597,1.1330000162124634,6328320,6328320,yfinance,2026-07-10T06:58:05.450587+00:00
2026-06-19 07:00:00+00:00,XRP-USD,15m,1.1324000358581543,1.132699966430664,1.1272000074386597,1.127500057220459,3437440,3437440,yfinance,2026-07-10T06:58:05.450587+00:00
2026-06-19 07:15:00+00:00,XRP-USD,15m,1.1277999877929688,1.1306999921798706,1.1266000270843506,1.1268999576568604,183808,183808,yfinance,2026-07-10T06:58:05.450587+00:00
2026-06-19 07:30:00+00:00,XRP-USD,15m,1.1273000240325928,1.1291999816894531,1.1204999685287476,1.1223000288009644,11167360,11167360,yfinance,2026-07-10T06:58:05.450587+00:00
2026-06-19 07:45:00+00:00,XRP-USD,15m,1.1223000288009644,1.1252000331878662,1.1204999685287476,1.1241999864578247,11175680,11175680,yfinance,2026-07-10T06:58:05.450587+00:00
2026-06-19 08:00:00+00:00,XRP-USD,15m,1.124400019645691,1.1270999908447266,1.1239999532699585,1.1268999576568604,0,0,yfinance,2026-07-10T06:58:05.450587+00:00
2026-06-19 08:15:00+00:00,XRP-USD,15m,1.1262999773025513,1.1282999515533447,1.1253000497817993,1.1266000270843506,254336,254336,yfinance,2026-07-10T06:58:05.450587+00:00
2026-06-19 08:30:00+00:00,XRP-USD,15m,1.1270999908447266,1.1299999952316284,1.125499963760376,1.1275999546051025,0,0,yfinance,2026-07-10T06:58:05.450587+00:00
2026-06-19 08:45:00+00:00,XRP-USD,15m,1.1275999546051025,1.128100037574768,1.123900055885315,1.125499963760376,8292736,8292736,yfinance,2026-07-10T06:58:05.450587+00:00
2026-06-19 09:00:00+00:00,XRP-USD,15m,1.125599980354309,1.1262999773025513,1.1211999654769897,1.1225999593734741,963712,963712,yfinance,2026-07-10T06:58:05.450587+00:00
2026-06-19 09:15:00+00:00,XRP-USD,15m,1.1226999759674072,1.1246999502182007,1.1212999820709229,1.1240999698638916,2349312,2349312,yfinance,2026-07-10T06:58:05.450587+00:00
2026-06-19 09:30:00+00:00,XRP-USD,15m,1.1239999532699585,1.1272000074386597,1.1239999532699585,1.125100016593933,0,0,yfinance,2026-07-10T06:58:05.450587+00:00
2026-06-19 09:45:00+00:00,XRP-USD,15m,1.124899983406067,1.1253999471664429,1.1237000226974487,1.1238000392913818,851456,851456,yfinance,2026-07-10T06:58:05.450587+00:00
2026-06-19 10:00:00+00:00,XRP-USD,15m,1.1238000392913818,1.125499963760376,1.1227999925613403,1.125100016593933,0,0,yfinance,2026-07-10T06:58:05.450587+00:00
2026-06-19 10:15:00+00:00,XRP-USD,15m,1.124899983406067,1.125100016593933,1.1210999488830566,1.1246000528335571,0,0,yfinance,2026-07-10T06:58:05.450587+00:00
2026-06-19 10:30:00+00:00,XRP-USD,15m,1.1246000528335571,1.1246000528335571,1.1202000379562378,1.1216000318527222,194432,194432,yfinance,2026-07-10T06:58:05.450587+00:00
2026-06-19 10:45:00+00:00,XRP-USD,15m,1.121399998664856,1.1258000135421753,1.1212999820709229,1.1243000030517578,329472,329472,yfinance,2026-07-10T06:58:05.450587+00:00
2026-06-19 11:00:00+00:00,XRP-USD,15m,1.124500036239624,1.1253000497817993,1.1212999820709229,1.1237000226974487,667520,667520,yfinance,2026-07-10T06:58:05.450587+00:00
2026-06-19 11:15:00+00:00,XRP-USD,15m,1.1240999698638916,1.1279000043869019,1.1232999563217163,1.1253000497817993,1445120,1445120,yfinance,2026-07-10T06:58:05.450587+00:00
2026-06-19 11:30:00+00:00,XRP-USD,15m,1.1253000497817993,1.1276999711990356,1.125100016593933,1.1267999410629272,1578752,1578752,yfinance,2026-07-10T06:58:05.450587+00:00
2026-06-19 11:45:00+00:00,XRP-USD,15m,1.1261999607086182,1.1279000043869019,1.124899983406067,1.1261999607086182,0,0,yfinance,2026-07-10T06:58:05.450587+00:00
2026-06-19 12:00:00+00:00,XRP-USD,15m,1.1266000270843506,1.1275999546051025,1.125100016593933,1.1252000331878662,68096,68096,yfinance,2026-07-10T06:58:05.450587+00:00
2026-06-19 12:15:00+00:00,XRP-USD,15m,1.1247999668121338,1.1247999668121338,1.1217999458312988,1.1225999593734741,0,0,yfinance,2026-07-10T06:58:05.450587+00:00
2026-06-19 12:30:00+00:00,XRP-USD,15m,1.122499942779541,1.1253999471664429,1.1208000183105469,1.1234999895095825,4256000,4256000,yfinance,2026-07-10T06:58:05.450587+00:00
2026-06-19 12:45:00+00:00,XRP-USD,15m,1.1232000589370728,1.1311999559402466,1.1190999746322632,1.1303999423980713,14775808,14775808,yfinance,2026-07-10T06:58:05.450587+00:00
2026-06-19 13:00:00+00:00,XRP-USD,15m,1.1303000450134277,1.132699966430664,1.12909996509552,1.1298999786376953,2038400,2038400,yfinance,2026-07-10T06:58:05.450587+00:00
2026-06-19 13:15:00+00:00,XRP-USD,15m,1.1297999620437622,1.1308000087738037,1.1282999515533447,1.1304999589920044,0,0,yfinance,2026-07-10T06:58:05.450587+00:00
2026-06-19 13:30:00+00:00,XRP-USD,15m,1.1303000450134277,1.1366000175476074,1.1302000284194946,1.136199951171875,0,0,yfinance,2026-07-10T06:58:05.450587+00:00
2026-06-19 13:45:00+00:00,XRP-USD,15m,1.1361000537872314,1.1425000429153442,1.1361000537872314,1.138700008392334,3727872,3727872,yfinance,2026-07-10T06:58:05.450587+00:00
2026-06-19 14:00:00+00:00,XRP-USD,15m,1.1384999752044678,1.1395000219345093,1.1346999406814575,1.135200023651123,0,0,yfinance,2026-07-10T06:58:05.450587+00:00
2026-06-19 14:15:00+00:00,XRP-USD,15m,1.1354000568389893,1.13919997215271,1.1332999467849731,1.1382999420166016,0,0,yfinance,2026-07-10T06:58:05.450587+00:00
2026-06-19 14:30:00+00:00,XRP-USD,15m,1.138800024986267,1.1402000188827515,1.1358000040054321,1.138200044631958,660096,660096,yfinance,2026-07-10T06:58:05.450587+00:00
2026-06-19 14:45:00+00:00,XRP-USD,15m,1.1384999752044678,1.138700008392334,1.13510000705719,1.135599970817566,0,0,yfinance,2026-07-10T06:58:05.450587+00:00
2026-06-19 15:00:00+00:00,XRP-USD,15m,1.1354000568389893,1.1354999542236328,1.132200002670288,1.1338000297546387,0,0,yfinance,2026-07-10T06:58:05.450587+00:00
2026-06-19 15:15:00+00:00,XRP-USD,15m,1.1340999603271484,1.134600043296814,1.131600022315979,1.132200002670288,0,0,yfinance,2026-07-10T06:58:05.450587+00:00
2026-06-19 15:30:00+00:00,XRP-USD,15m,1.1324000358581543,1.1373000144958496,1.1323000192642212,1.136199951171875,0,0,yfinance,2026-07-10T06:58:05.450587+00:00
2026-06-19 15:45:00+00:00,XRP-USD,15m,1.136199951171875,1.1367000341415405,1.1347999572753906,1.1359000205993652,0,0,yfinance,2026-07-10T06:58:05.450587+00:00
2026-06-19 16:00:00+00:00,XRP-USD,15m,1.135599970817566,1.138100028038025,1.1340999603271484,1.1380000114440918,0,0,yfinance,2026-07-10T06:58:05.450587+00:00
2026-06-19 16:15:00+00:00,XRP-USD,15m,1.1377999782562256,1.1377999782562256,1.1344000101089478,1.1359000205993652,0,0,yfinance,2026-07-10T06:58:05.450587+00:00
2026-06-19 16:30:00+00:00,XRP-USD,15m,1.1354999542236328,1.1359000205993652,1.1338000297546387,1.1341999769210815,0,0,yfinance,2026-07-10T06:58:05.450587+00:00
2026-06-19 16:45:00+00:00,XRP-USD,15m,1.1335999965667725,1.1335999965667725,1.128000020980835,1.1292999982833862,0,0,yfinance,2026-07-10T06:58:05.450587+00:00
2026-06-19 17:00:00+00:00,XRP-USD,15m,1.1296000480651855,1.1311999559402466,1.1277999877929688,1.1311999559402466,1120000,1120000,yfinance,2026-07-10T06:58:05.450587+00:00
2026-06-19 17:15:00+00:00,XRP-USD,15m,1.131100058555603,1.1346999406814575,1.1305999755859375,1.131500005722046,0,0,yfinance,2026-07-10T06:58:05.450587+00:00
2026-06-19 17:30:00+00:00,XRP-USD,15m,1.1313999891281128,1.1366000175476074,1.1313999891281128,1.135699987411499,0,0,yfinance,2026-07-10T06:58:05.450587+00:00
2026-06-19 17:45:00+00:00,XRP-USD,15m,1.135599970817566,1.1377999782562256,1.1335999965667725,1.135200023651123,2566784,2566784,yfinance,2026-07-10T06:58:05.450587+00:00
2026-06-19 18:00:00+00:00,XRP-USD,15m,1.135200023651123,1.135200023651123,1.1311999559402466,1.1332000494003296,0,0,yfinance,2026-07-10T06:58:05.450587+00:00
2026-06-19 18:15:00+00:00,XRP-USD,15m,1.1328999996185303,1.1332999467849731,1.1306999921798706,1.132200002670288,0,0,yfinance,2026-07-10T06:58:05.450587+00:00
2026-06-19 18:30:00+00:00,XRP-USD,15m,1.1323000192642212,1.1327999830245972,1.128499984741211,1.129699945449829,0,0,yfinance,2026-07-10T06:58:05.450587+00:00
2026-06-19 18:45:00+00:00,XRP-USD,15m,1.129699945449829,1.1318999528884888,1.1291999816894531,1.131600022315979,0,0,yfinance,2026-07-10T06:58:05.450587+00:00
2026-06-19 19:00:00+00:00,XRP-USD,15m,1.131600022315979,1.1330000162124634,1.128999948501587,1.1308000087738037,0,0,yfinance,2026-07-10T06:58:05.450587+00:00
2026-06-19 19:15:00+00:00,XRP-USD,15m,1.13100004196167,1.131100058555603,1.1273000240325928,1.1287000179290771,0,0,yfinance,2026-07-10T06:58:05.450587+00:00
2026-06-19 19:30:00+00:00,XRP-USD,15m,1.1282000541687012,1.1294000148773193,1.1274000406265259,1.128600001335144,0,0,yfinance,2026-07-10T06:58:05.450587+00:00
2026-06-19 19:45:00+00:00,XRP-USD,15m,1.1288000345230103,1.132099986076355,1.128100037574768,1.1303999423980713,0,0,yfinance,2026-07-10T06:58:05.450587+00:00
2026-06-19 20:00:00+00:00,XRP-USD,15m,1.1304999589920044,1.1318999528884888,1.1294000148773193,1.1302000284194946,0,0,yfinance,2026-07-10T06:58:05.450587+00:00
2026-06-19 20:15:00+00:00,XRP-USD,15m,1.1301000118255615,1.1312999725341797,1.1261999607086182,1.1312999725341797,0,0,yfinance,2026-07-10T06:58:05.450587+00:00
2026-06-19 20:30:00+00:00,XRP-USD,15m,1.1311999559402466,1.131500005722046,1.1282000541687012,1.1294000148773193,0,0,yfinance,2026-07-10T06:58:05.450587+00:00
2026-06-19 20:45:00+00:00,XRP-USD,15m,1.1291999816894531,1.1340999603271484,1.1291999816894531,1.1335999965667725,0,0,yfinance,2026-07-10T06:58:05.450587+00:00
2026-06-19 21:00:00+00:00,XRP-USD,15m,1.1332000494003296,1.1332999467849731,1.131500005722046,1.1330000162124634,0,0,yfinance,2026-07-10T06:58:05.450587+00:00
2026-06-19 21:15:00+00:00,XRP-USD,15m,1.1327999830245972,1.1332000494003296,1.12909996509552,1.1295000314712524,0,0,yfinance,2026-07-10T06:58:05.450587+00:00
2026-06-19 21:30:00+00:00,XRP-USD,15m,1.1296000480651855,1.1302000284194946,1.128000020980835,1.1289000511169434,0,0,yfinance,2026-07-10T06:58:05.450587+00:00
2026-06-19 21:45:00+00:00,XRP-USD,15m,1.128999948501587,1.1301000118255615,1.1279000043869019,1.1288000345230103,0,0,yfinance,2026-07-10T06:58:05.450587+00:00
2026-06-19 22:00:00+00:00,XRP-USD,15m,1.1288000345230103,1.1308000087738037,1.1282000541687012,1.1305999755859375,0,0,yfinance,2026-07-10T06:58:05.450587+00:00
2026-06-19 22:15:00+00:00,XRP-USD,15m,1.1305999755859375,1.1339000463485718,1.1305999755859375,1.1323000192642212,0,0,yfinance,2026-07-10T06:58:05.450587+00:00
2026-06-19 22:30:00+00:00,XRP-USD,15m,1.1323000192642212,1.1340999603271484,1.1318999528884888,1.1340999603271484,0,0,yfinance,2026-07-10T06:58:05.450587+00:00
2026-06-19 22:45:00+00:00,XRP-USD,15m,1.1339000463485718,1.1347999572753906,1.132699966430664,1.1331000328063965,0,0,yfinance,2026-07-10T06:58:05.450587+00:00
2026-06-19 23:00:00+00:00,XRP-USD,15m,1.1331000328063965,1.1333999633789062,1.131600022315979,1.1325000524520874,0,0,yfinance,2026-07-10T06:58:05.450587+00:00
2026-06-19 23:15:00+00:00,XRP-USD,15m,1.1323000192642212,1.1340999603271484,1.1318000555038452,1.1340999603271484,0,0,yfinance,2026-07-10T06:58:05.450587+00:00
2026-06-19 23:30:00+00:00,XRP-USD,15m,1.1339000463485718,1.1354999542236328,1.1332000494003296,1.1337000131607056,0,0,yfinance,2026-07-10T06:58:05.450587+00:00
2026-06-19 23:45:00+00:00,XRP-USD,15m,1.1330000162124634,1.1369999647140503,1.132200002670288,1.1348999738693237,700416,700416,yfinance,2026-07-10T06:58:05.450587+00:00
2026-06-20 00:00:00+00:00,XRP-USD,15m,1.134600043296814,1.1380000114440918,1.134600043296814,1.1374000310897827,2414336,2414336,yfinance,2026-07-10T06:58:05.450587+00:00
2026-06-20 00:15:00+00:00,XRP-USD,15m,1.1373000144958496,1.13919997215271,1.136199951171875,1.1384999752044678,0,0,yfinance,2026-07-10T06:58:05.450587+00:00
2026-06-20 00:30:00+00:00,XRP-USD,15m,1.1382999420166016,1.1416000127792358,1.1375999450683594,1.1385999917984009,7910784,7910784,yfinance,2026-07-10T06:58:05.450587+00:00
2026-06-20 00:45:00+00:00,XRP-USD,15m,1.1384999752044678,1.1389000415802002,1.1363999843597412,1.1363999843597412,1952896,1952896,yfinance,2026-07-10T06:58:05.450587+00:00
2026-06-20 01:00:00+00:00,XRP-USD,15m,1.1363999843597412,1.138100028038025,1.135699987411499,1.1368000507354736,329472,329472,yfinance,2026-07-10T06:58:05.450587+00:00
2026-06-20 01:15:00+00:00,XRP-USD,15m,1.1367000341415405,1.1389000415802002,1.1366000175476074,1.1380000114440918,98304,98304,yfinance,2026-07-10T06:58:05.450587+00:00
2026-06-20 01:30:00+00:00,XRP-USD,15m,1.138100028038025,1.1414999961853027,1.1380000114440918,1.1395000219345093,336640,336640,yfinance,2026-07-10T06:58:05.450587+00:00
2026-06-20 01:45:00+00:00,XRP-USD,15m,1.1395000219345093,1.1410000324249268,1.139299988746643,1.1410000324249268,0,0,yfinance,2026-07-10T06:58:05.450587+00:00
2026-06-20 02:00:00+00:00,XRP-USD,15m,1.1402000188827515,1.1411000490188599,1.1375000476837158,1.1375000476837158,0,0,yfinance,2026-07-10T06:58:05.450587+00:00
2026-06-20 02:15:00+00:00,XRP-USD,15m,1.1371999979019165,1.1373000144958496,1.13510000705719,1.1363999843597412,1186176,1186176,yfinance,2026-07-10T06:58:05.450587+00:00
2026-06-20 02:30:00+00:00,XRP-USD,15m,1.1369999647140503,1.1399999856948853,1.1369999647140503,1.1377999782562256,289024,289024,yfinance,2026-07-10T06:58:05.450587+00:00
2026-06-20 02:45:00+00:00,XRP-USD,15m,1.1378999948501587,1.1403000354766846,1.1375000476837158,1.1380000114440918,0,0,yfinance,2026-07-10T06:58:05.450587+00:00
2026-06-20 03:00:00+00:00,XRP-USD,15m,1.138200044631958,1.1389000415802002,1.1366000175476074,1.1373000144958496,0,0,yfinance,2026-07-10T06:58:05.450587+00:00
2026-06-20 03:15:00+00:00,XRP-USD,15m,1.1375000476837158,1.139299988746643,1.1374000310897827,1.138100028038025,0,0,yfinance,2026-07-10T06:58:05.450587+00:00
2026-06-20 03:30:00+00:00,XRP-USD,15m,1.1380000114440918,1.139799952507019,1.1375000476837158,1.138700008392334,0,0,yfinance,2026-07-10T06:58:05.450587+00:00
2026-06-20 03:45:00+00:00,XRP-USD,15m,1.1384999752044678,1.1390999555587769,1.1377999782562256,1.1389000415802002,0,0,yfinance,2026-07-10T06:58:05.450587+00:00
2026-06-20 04:00:00+00:00,XRP-USD,15m,1.1390000581741333,1.1396000385284424,1.1377999782562256,1.1384999752044678,0,0,yfinance,2026-07-10T06:58:05.450587+00:00
2026-06-20 04:15:00+00:00,XRP-USD,15m,1.1385999917984009,1.1425000429153442,1.1383999586105347,1.142300009727478,0,0,yfinance,2026-07-10T06:58:05.450587+00:00
2026-06-20 04:30:00+00:00,XRP-USD,15m,1.142199993133545,1.1444000005722046,1.1407999992370605,1.1441999673843384,4866688,4866688,yfinance,2026-07-10T06:58:05.450587+00:00
2026-06-20 04:45:00+00:00,XRP-USD,15m,1.1441999673843384,1.1441999673843384,1.1420999765396118,1.1431000232696533,1544064,1544064,yfinance,2026-07-10T06:58:05.450587+00:00
2026-06-20 05:00:00+00:00,XRP-USD,15m,1.1432000398635864,1.1533000469207764,1.1418999433517456,1.152400016784668,2232704,2232704,yfinance,2026-07-10T06:58:05.450587+00:00
2026-06-20 05:15:00+00:00,XRP-USD,15m,1.151900053024292,1.152400016784668,1.1469000577926636,1.148300051689148,14520192,14520192,yfinance,2026-07-10T06:58:05.450587+00:00
2026-06-20 05:30:00+00:00,XRP-USD,15m,1.148800015449524,1.1495000123977661,1.1478999853134155,1.1478999853134155,2066176,2066176,yfinance,2026-07-10T06:58:05.450587+00:00
2026-06-20 05:45:00+00:00,XRP-USD,15m,1.1481000185012817,1.148300051689148,1.1450999975204468,1.1468000411987305,1185920,1185920,yfinance,2026-07-10T06:58:05.450587+00:00
2026-06-20 06:00:00+00:00,XRP-USD,15m,1.1469999551773071,1.1482000350952148,1.1466000080108643,1.1473000049591064,0,0,yfinance,2026-07-10T06:58:05.450587+00:00
2026-06-20 06:15:00+00:00,XRP-USD,15m,1.1474000215530396,1.1502000093460083,1.146399974822998,1.1496000289916992,1837696,1837696,yfinance,2026-07-10T06:58:05.450587+00:00
2026-06-20 06:30:00+00:00,XRP-USD,15m,1.1497000455856323,1.1500999927520752,1.1482000350952148,1.1496000289916992,0,0,yfinance,2026-07-10T06:58:05.450587+00:00
2026-06-20 06:45:00+00:00,XRP-USD,15m,1.1497000455856323,1.1505000591278076,1.1483999490737915,1.148900032043457,0,0,yfinance,2026-07-10T06:58:05.450587+00:00
2026-06-20 07:00:00+00:00,XRP-USD,15m,1.1485999822616577,1.1490000486373901,1.1445000171661377,1.1454999446868896,0,0,yfinance,2026-07-10T06:58:05.450587+00:00
2026-06-20 07:15:00+00:00,XRP-USD,15m,1.145400047302246,1.1484999656677246,1.145400047302246,1.148300051689148,448768,448768,yfinance,2026-07-10T06:58:05.450587+00:00
2026-06-20 07:30:00+00:00,XRP-USD,15m,1.1483999490737915,1.148800015449524,1.146399974822998,1.1470999717712402,0,0,yfinance,2026-07-10T06:58:05.450587+00:00
2026-06-20 07:45:00+00:00,XRP-USD,15m,1.1470999717712402,1.1481000185012817,1.1461000442504883,1.146299958229065,0,0,yfinance,2026-07-10T06:58:05.450587+00:00
2026-06-20 08:00:00+00:00,XRP-USD,15m,1.146299958229065,1.1466000080108643,1.1439000368118286,1.1460000276565552,0,0,yfinance,2026-07-10T06:58:05.450587+00:00
2026-06-20 08:15:00+00:00,XRP-USD,15m,1.145900011062622,1.1468000411987305,1.1449999809265137,1.145300030708313,0,0,yfinance,2026-07-10T06:58:05.450587+00:00
2026-06-20 08:30:00+00:00,XRP-USD,15m,1.145300030708313,1.1466000080108643,1.1446000337600708,1.1461000442504883,0,0,yfinance,2026-07-10T06:58:05.450587+00:00
2026-06-20 08:45:00+00:00,XRP-USD,15m,1.1461000442504883,1.146299958229065,1.1449999809265137,1.1460000276565552,0,0,yfinance,2026-07-10T06:58:05.450587+00:00
2026-06-20 09:00:00+00:00,XRP-USD,15m,1.1461000442504883,1.1478999853134155,1.145900011062622,1.1468000411987305,0,0,yfinance,2026-07-10T06:58:05.450587+00:00
2026-06-20 09:15:00+00:00,XRP-USD,15m,1.1469000577926636,1.1496000289916992,1.1469000577926636,1.1490999460220337,0,0,yfinance,2026-07-10T06:58:05.450587+00:00
2026-06-20 09:30:00+00:00,XRP-USD,15m,1.148900032043457,1.1503000259399414,1.1484999656677246,1.1497999429702759,0,0,yfinance,2026-07-10T06:58:05.450587+00:00
2026-06-20 09:45:00+00:00,XRP-USD,15m,1.149999976158142,1.151900053024292,1.1492999792099,1.1512999534606934,0,0,yfinance,2026-07-10T06:58:05.450587+00:00
2026-06-20 10:00:00+00:00,XRP-USD,15m,1.1514999866485596,1.1514999866485596,1.1490000486373901,1.1490999460220337,0,0,yfinance,2026-07-10T06:58:05.450587+00:00
2026-06-20 10:15:00+00:00,XRP-USD,15m,1.1491999626159668,1.1505999565124512,1.1490999460220337,1.149899959564209,0,0,yfinance,2026-07-10T06:58:05.450587+00:00
2026-06-20 10:30:00+00:00,XRP-USD,15m,1.149899959564209,1.1503000259399414,1.1466000080108643,1.1469000577926636,0,0,yfinance,2026-07-10T06:58:05.450587+00:00
2026-06-20 10:45:00+00:00,XRP-USD,15m,1.1468000411987305,1.1485999822616577,1.1468000411987305,1.1483999490737915,0,0,yfinance,2026-07-10T06:58:05.450587+00:00
2026-06-20 11:00:00+00:00,XRP-USD,15m,1.1484999656677246,1.148900032043457,1.1454999446868896,1.146299958229065,0,0,yfinance,2026-07-10T06:58:05.450587+00:00
2026-06-20 11:15:00+00:00,XRP-USD,15m,1.146399974822998,1.1478999853134155,1.1455999612808228,1.1471999883651733,0,0,yfinance,2026-07-10T06:58:05.450587+00:00
2026-06-20 11:30:00+00:00,XRP-USD,15m,1.1473000049591064,1.1480000019073486,1.1469999551773071,1.1476000547409058,0,0,yfinance,2026-07-10T06:58:05.450587+00:00
2026-06-20 11:45:00+00:00,XRP-USD,15m,1.1474000215530396,1.1486999988555908,1.146299958229065,1.146299958229065,0,0,yfinance,2026-07-10T06:58:05.450587+00:00
2026-06-20 12:00:00+00:00,XRP-USD,15m,1.1464999914169312,1.1486999988555908,1.146399974822998,1.1478999853134155,0,0,yfinance,2026-07-10T06:58:05.450587+00:00
2026-06-20 12:15:00+00:00,XRP-USD,15m,1.1474000215530396,1.1482000350952148,1.146299958229065,1.1476999521255493,0,0,yfinance,2026-07-10T06:58:05.450587+00:00
2026-06-20 12:30:00+00:00,XRP-USD,15m,1.1477999687194824,1.1477999687194824,1.1448999643325806,1.145300030708313,0,0,yfinance,2026-07-10T06:58:05.450587+00:00
2026-06-20 12:45:00+00:00,XRP-USD,15m,1.145300030708313,1.145300030708313,1.1442999839782715,1.1448999643325806,0,0,yfinance,2026-07-10T06:58:05.450587+00:00
2026-06-20 13:00:00+00:00,XRP-USD,15m,1.1448999643325806,1.145799994468689,1.144700050354004,1.1450999975204468,0,0,yfinance,2026-07-10T06:58:05.450587+00:00
2026-06-20 13:15:00+00:00,XRP-USD,15m,1.1452000141143799,1.146299958229065,1.1375000476837158,1.1389000415802002,4806144,4806144,yfinance,2026-07-10T06:58:05.450587+00:00
2026-06-20 13:30:00+00:00,XRP-USD,15m,1.1389000415802002,1.1413999795913696,1.1389000415802002,1.1412999629974365,5723008,5723008,yfinance,2026-07-10T06:58:05.450587+00:00
2026-06-20 13:45:00+00:00,XRP-USD,15m,1.1411999464035034,1.1418999433517456,1.139799952507019,1.1403000354766846,0,0,yfinance,2026-07-10T06:58:05.450587+00:00
2026-06-20 14:00:00+00:00,XRP-USD,15m,1.1395000219345093,1.1402000188827515,1.1330000162124634,1.1335999965667725,991424,991424,yfinance,2026-07-10T06:58:05.450587+00:00
2026-06-20 14:15:00+00:00,XRP-USD,15m,1.1337000131607056,1.1360000371932983,1.1334999799728394,1.135599970817566,2947968,2947968,yfinance,2026-07-10T06:58:05.450587+00:00
2026-06-20 14:30:00+00:00,XRP-USD,15m,1.1354000568389893,1.1378999948501587,1.1346999406814575,1.1378999948501587,0,0,yfinance,2026-07-10T06:58:05.450587+00:00
2026-06-20 14:45:00+00:00,XRP-USD,15m,1.1378999948501587,1.149899959564209,1.1376999616622925,1.1452000141143799,17788224,17788224,yfinance,2026-07-10T06:58:05.450587+00:00
2026-06-20 15:00:00+00:00,XRP-USD,15m,1.1449999809265137,1.148300051689148,1.1437000036239624,1.1464999914169312,1587136,1587136,yfinance,2026-07-10T06:58:05.450587+00:00
2026-06-20 15:15:00+00:00,XRP-USD,15m,1.1467000246047974,1.1536999940872192,1.1440000534057617,1.148900032043457,21121280,21121280,yfinance,2026-07-10T06:58:05.450587+00:00
2026-06-20 15:30:00+00:00,XRP-USD,15m,1.1490999460220337,1.1495000123977661,1.145400047302246,1.146399974822998,7772032,7772032,yfinance,2026-07-10T06:58:05.450587+00:00
2026-06-20 15:45:00+00:00,XRP-USD,15m,1.146399974822998,1.1502000093460083,1.146399974822998,1.1496000289916992,3925184,3925184,yfinance,2026-07-10T06:58:05.450587+00:00
2026-06-20 16:00:00+00:00,XRP-USD,15m,1.149899959564209,1.149899959564209,1.1455999612808228,1.1461999416351318,5623488,5623488,yfinance,2026-07-10T06:58:05.450587+00:00
2026-06-20 16:15:00+00:00,XRP-USD,15m,1.146399974822998,1.1476000547409058,1.1445000171661377,1.1447999477386475,1690688,1690688,yfinance,2026-07-10T06:58:05.450587+00:00
2026-06-20 16:30:00+00:00,XRP-USD,15m,1.1446000337600708,1.146399974822998,1.1430000066757202,1.1461999416351318,1633792,1633792,yfinance,2026-07-10T06:58:05.450587+00:00
2026-06-20 16:45:00+00:00,XRP-USD,15m,1.1460000276565552,1.1477999687194824,1.145300030708313,1.1477999687194824,0,0,yfinance,2026-07-10T06:58:05.450587+00:00
2026-06-20 17:00:00+00:00,XRP-USD,15m,1.1476000547409058,1.1476000547409058,1.1440000534057617,1.1452000141143799,0,0,yfinance,2026-07-10T06:58:05.450587+00:00
2026-06-20 17:15:00+00:00,XRP-USD,15m,1.1452000141143799,1.1452000141143799,1.142199993133545,1.1446000337600708,408064,408064,yfinance,2026-07-10T06:58:05.450587+00:00
2026-06-20 17:30:00+00:00,XRP-USD,15m,1.1447999477386475,1.1448999643325806,1.1378999948501587,1.1412999629974365,7918144,7918144,yfinance,2026-07-10T06:58:05.450587+00:00
2026-06-20 17:45:00+00:00,XRP-USD,15m,1.1414999961853027,1.143399953842163,1.1405999660491943,1.142300009727478,0,0,yfinance,2026-07-10T06:58:05.450587+00:00
2026-06-20 18:00:00+00:00,XRP-USD,15m,1.142199993133545,1.1440999507904053,1.1418999433517456,1.142199993133545,0,0,yfinance,2026-07-10T06:58:05.450587+00:00
2026-06-20 18:15:00+00:00,XRP-USD,15m,1.142300009727478,1.1444000005722046,1.142199993133545,1.1444000005722046,0,0,yfinance,2026-07-10T06:58:05.450587+00:00
2026-06-20 18:30:00+00:00,XRP-USD,15m,1.144700050354004,1.1448999643325806,1.141700029373169,1.142199993133545,0,0,yfinance,2026-07-10T06:58:05.450587+00:00
2026-06-20 18:45:00+00:00,XRP-USD,15m,1.1418999433517456,1.1425000429153442,1.1404999494552612,1.1407999992370605,0,0,yfinance,2026-07-10T06:58:05.450587+00:00
2026-06-20 19:00:00+00:00,XRP-USD,15m,1.1404999494552612,1.1418999433517456,1.1398999691009521,1.1409000158309937,0,0,yfinance,2026-07-10T06:58:05.450587+00:00
2026-06-20 19:15:00+00:00,XRP-USD,15m,1.1411999464035034,1.1412999629974365,1.1384999752044678,1.1395000219345093,0,0,yfinance,2026-07-10T06:58:05.450587+00:00
2026-06-20 19:30:00+00:00,XRP-USD,15m,1.1396000385284424,1.1433000564575195,1.13919997215271,1.1426000595092773,0,0,yfinance,2026-07-10T06:58:05.450587+00:00
2026-06-20 19:45:00+00:00,XRP-USD,15m,1.142699956893921,1.142899990081787,1.1418999433517456,1.142799973487854,0,0,yfinance,2026-07-10T06:58:05.450587+00:00
2026-06-20 20:00:00+00:00,XRP-USD,15m,1.142799973487854,1.1448999643325806,1.142799973487854,1.1434999704360962,316160,316160,yfinance,2026-07-10T06:58:05.450587+00:00
2026-06-20 20:15:00+00:00,XRP-USD,15m,1.1433000564575195,1.1445000171661377,1.142899990081787,1.1434999704360962,108160,108160,yfinance,2026-07-10T06:58:05.450587+00:00
2026-06-20 20:30:00+00:00,XRP-USD,15m,1.1435999870300293,1.1441999673843384,1.1424000263214111,1.1431000232696533,0,0,yfinance,2026-07-10T06:58:05.450587+00:00
2026-06-20 20:45:00+00:00,XRP-USD,15m,1.143399953842163,1.1450999975204468,1.1431000232696533,1.1440999507904053,0,0,yfinance,2026-07-10T06:58:05.450587+00:00
2026-06-20 21:00:00+00:00,XRP-USD,15m,1.1441999673843384,1.1483999490737915,1.143399953842163,1.1466000080108643,0,0,yfinance,2026-07-10T06:58:05.450587+00:00
2026-06-20 21:15:00+00:00,XRP-USD,15m,1.1468000411987305,1.1468000411987305,1.1447999477386475,1.145300030708313,2666112,2666112,yfinance,2026-07-10T06:58:05.450587+00:00
2026-06-20 21:30:00+00:00,XRP-USD,15m,1.1450999975204468,1.1476000547409058,1.1449999809265137,1.1474000215530396,341184,341184,yfinance,2026-07-10T06:58:05.450587+00:00
2026-06-20 21:45:00+00:00,XRP-USD,15m,1.1475000381469727,1.1477999687194824,1.145400047302246,1.1461999416351318,727552,727552,yfinance,2026-07-10T06:58:05.450587+00:00
2026-06-20 22:00:00+00:00,XRP-USD,15m,1.145900011062622,1.1520999670028687,1.145400047302246,1.1516000032424927,5831936,5831936,yfinance,2026-07-10T06:58:05.450587+00:00
2026-06-20 22:15:00+00:00,XRP-USD,15m,1.1514999866485596,1.152999997138977,1.1490000486373901,1.1523000001907349,8925632,8925632,yfinance,2026-07-10T06:58:05.450587+00:00
2026-06-20 22:30:00+00:00,XRP-USD,15m,1.1519999504089355,1.1542999744415283,1.1512000560760498,1.1523000001907349,9045824,9045824,yfinance,2026-07-10T06:58:05.450587+00:00
2026-06-20 22:45:00+00:00,XRP-USD,15m,1.1526999473571777,1.1526999473571777,1.1506999731063843,1.1513999700546265,2196608,2196608,yfinance,2026-07-10T06:58:05.450587+00:00
2026-06-20 23:00:00+00:00,XRP-USD,15m,1.1513999700546265,1.1526000499725342,1.1509000062942505,1.1518000364303589,121664,121664,yfinance,2026-07-10T06:58:05.450587+00:00
2026-06-20 23:15:00+00:00,XRP-USD,15m,1.1518000364303589,1.152899980545044,1.149999976158142,1.1500999927520752,1095488,1095488,yfinance,2026-07-10T06:58:05.450587+00:00
2026-06-20 23:30:00+00:00,XRP-USD,15m,1.1500999927520752,1.1520999670028687,1.1500999927520752,1.1514999866485596,367936,367936,yfinance,2026-07-10T06:58:05.450587+00:00
2026-06-20 23:45:00+00:00,XRP-USD,15m,1.1505000591278076,1.1506999731063843,1.1483999490737915,1.1485999822616577,0,0,yfinance,2026-07-10T06:58:05.450587+00:00
2026-06-21 00:00:00+00:00,XRP-USD,15m,1.1490000486373901,1.1492999792099,1.1480000019073486,1.1481000185012817,0,0,yfinance,2026-07-10T06:58:05.450587+00:00
2026-06-21 00:15:00+00:00,XRP-USD,15m,1.1481000185012817,1.1490999460220337,1.1474000215530396,1.1477999687194824,142528,142528,yfinance,2026-07-10T06:58:05.450587+00:00
2026-06-21 00:30:00+00:00,XRP-USD,15m,1.1477999687194824,1.1485999822616577,1.1473000049591064,1.1473000049591064,0,0,yfinance,2026-07-10T06:58:05.450587+00:00
2026-06-21 00:45:00+00:00,XRP-USD,15m,1.1473000049591064,1.1483999490737915,1.1470999717712402,1.1478999853134155,123072,123072,yfinance,2026-07-10T06:58:05.450587+00:00
2026-06-21 01:00:00+00:00,XRP-USD,15m,1.1480000019073486,1.1482000350952148,1.1455999612808228,1.145900011062622,0,0,yfinance,2026-07-10T06:58:05.450587+00:00
2026-06-21 01:15:00+00:00,XRP-USD,15m,1.145900011062622,1.146399974822998,1.1455999612808228,1.1461999416351318,0,0,yfinance,2026-07-10T06:58:05.450587+00:00
2026-06-21 01:30:00+00:00,XRP-USD,15m,1.1461999416351318,1.1484999656677246,1.145900011062622,1.1477999687194824,0,0,yfinance,2026-07-10T06:58:05.450587+00:00
2026-06-21 01:45:00+00:00,XRP-USD,15m,1.1477999687194824,1.148800015449524,1.1476000547409058,1.1484999656677246,0,0,yfinance,2026-07-10T06:58:05.450587+00:00
2026-06-21 02:00:00+00:00,XRP-USD,15m,1.1483999490737915,1.148900032043457,1.1481000185012817,1.1486999988555908,0,0,yfinance,2026-07-10T06:58:05.450587+00:00
2026-06-21 02:15:00+00:00,XRP-USD,15m,1.1486999988555908,1.1486999988555908,1.1470999717712402,1.1474000215530396,0,0,yfinance,2026-07-10T06:58:05.450587+00:00
2026-06-21 02:30:00+00:00,XRP-USD,15m,1.1474000215530396,1.1475000381469727,1.1455999612808228,1.1456999778747559,220416,220416,yfinance,2026-07-10T06:58:05.450587+00:00
2026-06-21 02:45:00+00:00,XRP-USD,15m,1.1456999778747559,1.1469999551773071,1.1455999612808228,1.1461999416351318,0,0,yfinance,2026-07-10T06:58:05.450587+00:00
2026-06-21 03:00:00+00:00,XRP-USD,15m,1.1461000442504883,1.1470999717712402,1.1449999809265137,1.1470999717712402,427840,427840,yfinance,2026-07-10T06:58:05.450587+00:00
2026-06-21 03:15:00+00:00,XRP-USD,15m,1.1474000215530396,1.1502000093460083,1.1460000276565552,1.1476000547409058,2100928,2100928,yfinance,2026-07-10T06:58:05.450587+00:00
2026-06-21 03:30:00+00:00,XRP-USD,15m,1.1477999687194824,1.148900032043457,1.1461999416351318,1.1486999988555908,186304,186304,yfinance,2026-07-10T06:58:05.450587+00:00
2026-06-21 03:45:00+00:00,XRP-USD,15m,1.1484999656677246,1.148900032043457,1.1476000547409058,1.148300051689148,357696,357696,yfinance,2026-07-10T06:58:05.450587+00:00
2026-06-21 04:00:00+00:00,XRP-USD,15m,1.148300051689148,1.1490000486373901,1.1469000577926636,1.1476999521255493,0,0,yfinance,2026-07-10T06:58:05.450587+00:00
2026-06-21 04:15:00+00:00,XRP-USD,15m,1.1476999521255493,1.149399995803833,1.1476999521255493,1.148900032043457,0,0,yfinance,2026-07-10T06:58:05.450587+00:00
2026-06-21 04:30:00+00:00,XRP-USD,15m,1.148900032043457,1.1509000062942505,1.1485999822616577,1.1490000486373901,0,0,yfinance,2026-07-10T06:58:05.450587+00:00
2026-06-21 04:45:00+00:00,XRP-USD,15m,1.1490000486373901,1.1490000486373901,1.1437000036239624,1.1440999507904053,484032,484032,yfinance,2026-07-10T06:58:05.450587+00:00
2026-06-21 05:00:00+00:00,XRP-USD,15m,1.1440999507904053,1.1441999673843384,1.1431000232696533,1.1435999870300293,112896,112896,yfinance,2026-07-10T06:58:05.450587+00:00
2026-06-21 05:15:00+00:00,XRP-USD,15m,1.1435999870300293,1.144700050354004,1.142899990081787,1.1446000337600708,0,0,yfinance,2026-07-10T06:58:05.450587+00:00
2026-06-21 05:30:00+00:00,XRP-USD,15m,1.1448999643325806,1.1449999809265137,1.1434999704360962,1.1437000036239624,689344,689344,yfinance,2026-07-10T06:58:05.450587+00:00
2026-06-21 05:45:00+00:00,XRP-USD,15m,1.1438000202178955,1.1438000202178955,1.141800045967102,1.1431000232696533,0,0,yfinance,2026-07-10T06:58:05.450587+00:00
2026-06-21 06:00:00+00:00,XRP-USD,15m,1.1430000066757202,1.143399953842163,1.1426000595092773,1.1432000398635864,0,0,yfinance,2026-07-10T06:58:05.450587+00:00
2026-06-21 06:15:00+00:00,XRP-USD,15m,1.1433000564575195,1.1450999975204468,1.1432000398635864,1.1448999643325806,0,0,yfinance,2026-07-10T06:58:05.450587+00:00
2026-06-21 06:30:00+00:00,XRP-USD,15m,1.144700050354004,1.1461000442504883,1.1444000005722046,1.145799994468689,0,0,yfinance,2026-07-10T06:58:05.450587+00:00
2026-06-21 06:45:00+00:00,XRP-USD,15m,1.145900011062622,1.1461999416351318,1.145400047302246,1.145799994468689,197312,197312,yfinance,2026-07-10T06:58:05.450587+00:00
2026-06-21 07:00:00+00:00,XRP-USD,15m,1.145900011062622,1.1461999416351318,1.145300030708313,1.1461000442504883,0,0,yfinance,2026-07-10T06:58:05.450587+00:00
2026-06-21 07:15:00+00:00,XRP-USD,15m,1.1461000442504883,1.1464999914169312,1.1447999477386475,1.1455999612808228,0,0,yfinance,2026-07-10T06:58:05.450587+00:00
2026-06-21 07:30:00+00:00,XRP-USD,15m,1.1456999778747559,1.1484999656677246,1.1456999778747559,1.1484999656677246,290368,290368,yfinance,2026-07-10T06:58:05.450587+00:00
2026-06-21 07:45:00+00:00,XRP-USD,15m,1.148800015449524,1.1490999460220337,1.145900011062622,1.1461000442504883,0,0,yfinance,2026-07-10T06:58:05.450587+00:00
2026-06-21 08:00:00+00:00,XRP-USD,15m,1.1461000442504883,1.1466000080108643,1.1455999612808228,1.145900011062622,0,0,yfinance,2026-07-10T06:58:05.450587+00:00
2026-06-21 08:15:00+00:00,XRP-USD,15m,1.145799994468689,1.145900011062622,1.1438000202178955,1.1440000534057617,0,0,yfinance,2026-07-10T06:58:05.450587+00:00
2026-06-21 08:30:00+00:00,XRP-USD,15m,1.1439000368118286,1.1441999673843384,1.1402000188827515,1.142799973487854,2354560,2354560,yfinance,2026-07-10T06:58:05.450587+00:00
2026-06-21 08:45:00+00:00,XRP-USD,15m,1.142199993133545,1.143399953842163,1.141700029373169,1.143399953842163,1116800,1116800,yfinance,2026-07-10T06:58:05.450587+00:00
2026-06-21 09:00:00+00:00,XRP-USD,15m,1.1435999870300293,1.1438000202178955,1.142699956893921,1.1437000036239624,71744,71744,yfinance,2026-07-10T06:58:05.450587+00:00
2026-06-21 09:15:00+00:00,XRP-USD,15m,1.143399953842163,1.145300030708313,1.1431000232696533,1.1446000337600708,0,0,yfinance,2026-07-10T06:58:05.450587+00:00
2026-06-21 09:30:00+00:00,XRP-USD,15m,1.1445000171661377,1.1490000486373901,1.1445000171661377,1.1470999717712402,2273856,2273856,yfinance,2026-07-10T06:58:05.450587+00:00
2026-06-21 09:45:00+00:00,XRP-USD,15m,1.1470999717712402,1.148300051689148,1.1469999551773071,1.1480000019073486,1676096,1676096,yfinance,2026-07-10T06:58:05.450587+00:00
2026-06-21 10:00:00+00:00,XRP-USD,15m,1.1480000019073486,1.1512000560760498,1.1475000381469727,1.1503000259399414,193536,193536,yfinance,2026-07-10T06:58:05.450587+00:00
2026-06-21 10:15:00+00:00,XRP-USD,15m,1.1503000259399414,1.1520999670028687,1.1491999626159668,1.1506999731063843,5555072,5555072,yfinance,2026-07-10T06:58:05.450587+00:00
2026-06-21 10:30:00+00:00,XRP-USD,15m,1.1507999897003174,1.1510000228881836,1.149999976158142,1.1500999927520752,4287680,4287680,yfinance,2026-07-10T06:58:05.450587+00:00
2026-06-21 10:45:00+00:00,XRP-USD,15m,1.1500999927520752,1.1506999731063843,1.1467000246047974,1.1471999883651733,2317696,2317696,yfinance,2026-07-10T06:58:05.450587+00:00
2026-06-21 11:00:00+00:00,XRP-USD,15m,1.1471999883651733,1.1490000486373901,1.145799994468689,1.1484999656677246,5734016,5734016,yfinance,2026-07-10T06:58:05.450587+00:00
2026-06-21 11:15:00+00:00,XRP-USD,15m,1.1478999853134155,1.1478999853134155,1.1414999961853027,1.145400047302246,6128704,6128704,yfinance,2026-07-10T06:58:05.450587+00:00
2026-06-21 11:30:00+00:00,XRP-USD,15m,1.1454999446868896,1.1456999778747559,1.1424000263214111,1.1438000202178955,2670656,2670656,yfinance,2026-07-10T06:58:05.450587+00:00
2026-06-21 11:45:00+00:00,XRP-USD,15m,1.1437000036239624,1.144700050354004,1.1406999826431274,1.1412999629974365,539008,539008,yfinance,2026-07-10T06:58:05.450587+00:00
2026-06-21 12:00:00+00:00,XRP-USD,15m,1.1414999961853027,1.1425000429153442,1.1396000385284424,1.139799952507019,294208,294208,yfinance,2026-07-10T06:58:05.450587+00:00
2026-06-21 12:15:00+00:00,XRP-USD,15m,1.1397000551223755,1.1409000158309937,1.1385999917984009,1.1403000354766846,5205312,5205312,yfinance,2026-07-10T06:58:05.450587+00:00
2026-06-21 12:30:00+00:00,XRP-USD,15m,1.1402000188827515,1.1411000490188599,1.1390999555587769,1.1404000520706177,3754176,3754176,yfinance,2026-07-10T06:58:05.450587+00:00
2026-06-21 12:45:00+00:00,XRP-USD,15m,1.1404000520706177,1.1435999870300293,1.1394000053405762,1.1431000232696533,3116608,3116608,yfinance,2026-07-10T06:58:05.450587+00:00
2026-06-21 13:00:00+00:00,XRP-USD,15m,1.1430000066757202,1.1434999704360962,1.141700029373169,1.142699956893921,2883648,2883648,yfinance,2026-07-10T06:58:05.450587+00:00
2026-06-21 13:15:00+00:00,XRP-USD,15m,1.142699956893921,1.1455999612808228,1.142300009727478,1.142699956893921,4265216,4265216,yfinance,2026-07-10T06:58:05.450587+00:00
2026-06-21 13:30:00+00:00,XRP-USD,15m,1.1431000232696533,1.1431000232696533,1.1402000188827515,1.1410000324249268,0,0,yfinance,2026-07-10T06:58:05.450587+00:00
2026-06-21 13:45:00+00:00,XRP-USD,15m,1.1406999826431274,1.1440999507904053,1.1406999826431274,1.1437000036239624,0,0,yfinance,2026-07-10T06:58:05.450587+00:00
2026-06-21 14:00:00+00:00,XRP-USD,15m,1.1437000036239624,1.1439000368118286,1.1419999599456787,1.142199993133545,0,0,yfinance,2026-07-10T06:58:05.450587+00:00
2026-06-21 14:15:00+00:00,XRP-USD,15m,1.1420999765396118,1.1431000232696533,1.1406999826431274,1.141700029373169,0,0,yfinance,2026-07-10T06:58:05.450587+00:00
2026-06-21 14:30:00+00:00,XRP-USD,15m,1.141700029373169,1.1449999809265137,1.1413999795913696,1.1448999643325806,1210368,1210368,yfinance,2026-07-10T06:58:05.450587+00:00
2026-06-21 14:45:00+00:00,XRP-USD,15m,1.1447999477386475,1.1461999416351318,1.1431000232696533,1.1461999416351318,0,0,yfinance,2026-07-10T06:58:05.450587+00:00
2026-06-21 15:00:00+00:00,XRP-USD,15m,1.146399974822998,1.1492999792099,1.145900011062622,1.1474000215530396,0,0,yfinance,2026-07-10T06:58:05.450587+00:00
2026-06-21 15:15:00+00:00,XRP-USD,15m,1.1471999883651733,1.1497000455856323,1.1471999883651733,1.1496000289916992,0,0,yfinance,2026-07-10T06:58:05.450587+00:00
2026-06-21 15:30:00+00:00,XRP-USD,15m,1.149899959564209,1.1502000093460083,1.1480000019073486,1.149399995803833,0,0,yfinance,2026-07-10T06:58:05.450587+00:00
2026-06-21 15:45:00+00:00,XRP-USD,15m,1.1495000123977661,1.1497999429702759,1.1476999521255493,1.148300051689148,322432,322432,yfinance,2026-07-10T06:58:05.450587+00:00
2026-06-21 16:00:00+00:00,XRP-USD,15m,1.1480000019073486,1.1480000019073486,1.1446000337600708,1.1452000141143799,0,0,yfinance,2026-07-10T06:58:05.450587+00:00
2026-06-21 16:15:00+00:00,XRP-USD,15m,1.145300030708313,1.1467000246047974,1.1445000171661377,1.1445000171661377,629376,629376,yfinance,2026-07-10T06:58:05.450587+00:00
2026-06-21 16:30:00+00:00,XRP-USD,15m,1.1445000171661377,1.144700050354004,1.1410000324249268,1.142799973487854,2363584,2363584,yfinance,2026-07-10T06:58:05.450587+00:00
2026-06-21 16:45:00+00:00,XRP-USD,15m,1.142899990081787,1.145400047302246,1.142799973487854,1.1435999870300293,2416384,2416384,yfinance,2026-07-10T06:58:05.450587+00:00
2026-06-21 17:00:00+00:00,XRP-USD,15m,1.1435999870300293,1.145799994468689,1.1431000232696533,1.1452000141143799,647360,647360,yfinance,2026-07-10T06:58:05.450587+00:00
2026-06-21 17:15:00+00:00,XRP-USD,15m,1.1452000141143799,1.1454999446868896,1.1434999704360962,1.1440000534057617,371968,371968,yfinance,2026-07-10T06:58:05.450587+00:00
2026-06-21 17:30:00+00:00,XRP-USD,15m,1.1440000534057617,1.1441999673843384,1.1397000551223755,1.1416000127792358,0,0,yfinance,2026-07-10T06:58:05.450587+00:00
2026-06-21 17:45:00+00:00,XRP-USD,15m,1.141700029373169,1.142899990081787,1.1412999629974365,1.1412999629974365,5683776,5683776,yfinance,2026-07-10T06:58:05.450587+00:00
2026-06-21 18:00:00+00:00,XRP-USD,15m,1.1413999795913696,1.1416000127792358,1.1378999948501587,1.1401000022888184,5322432,5322432,yfinance,2026-07-10T06:58:05.450587+00:00
2026-06-21 18:15:00+00:00,XRP-USD,15m,1.1401000022888184,1.1424000263214111,1.1401000022888184,1.1412999629974365,2587072,2587072,yfinance,2026-07-10T06:58:05.450587+00:00
2026-06-21 18:30:00+00:00,XRP-USD,15m,1.1412999629974365,1.1452000141143799,1.1404000520706177,1.1438000202178955,5745216,5745216,yfinance,2026-07-10T06:58:05.450587+00:00
2026-06-21 18:45:00+00:00,XRP-USD,15m,1.1438000202178955,1.1444000005722046,1.1424000263214111,1.1442999839782715,985280,985280,yfinance,2026-07-10T06:58:05.450587+00:00
2026-06-21 19:00:00+00:00,XRP-USD,15m,1.1442999839782715,1.1467000246047974,1.1433000564575195,1.1446000337600708,637056,637056,yfinance,2026-07-10T06:58:05.450587+00:00
2026-06-21 19:15:00+00:00,XRP-USD,15m,1.1446000337600708,1.1452000141143799,1.1431000232696533,1.1444000005722046,0,0,yfinance,2026-07-10T06:58:05.450587+00:00
2026-06-21 19:30:00+00:00,XRP-USD,15m,1.1445000171661377,1.146399974822998,1.1434999704360962,1.1460000276565552,0,0,yfinance,2026-07-10T06:58:05.450587+00:00
2026-06-21 19:45:00+00:00,XRP-USD,15m,1.146399974822998,1.146399974822998,1.1438000202178955,1.1441999673843384,4098816,4098816,yfinance,2026-07-10T06:58:05.450587+00:00
2026-06-21 20:00:00+00:00,XRP-USD,15m,1.1442999839782715,1.145900011062622,1.1435999870300293,1.1445000171661377,1780032,1780032,yfinance,2026-07-10T06:58:05.450587+00:00
2026-06-21 20:15:00+00:00,XRP-USD,15m,1.1444000005722046,1.1446000337600708,1.1402000188827515,1.1411000490188599,4533184,4533184,yfinance,2026-07-10T06:58:05.450587+00:00
2026-06-21 20:30:00+00:00,XRP-USD,15m,1.1411999464035034,1.1418999433517456,1.1390999555587769,1.1401000022888184,5139328,5139328,yfinance,2026-07-10T06:58:05.450587+00:00
2026-06-21 20:45:00+00:00,XRP-USD,15m,1.1402000188827515,1.1404000520706177,1.1354999542236328,1.1380000114440918,9641344,9641344,yfinance,2026-07-10T06:58:05.450587+00:00
2026-06-21 21:00:00+00:00,XRP-USD,15m,1.1382999420166016,1.1385999917984009,1.1223000288009644,1.1305999755859375,27941120,27941120,yfinance,2026-07-10T06:58:05.450587+00:00
2026-06-21 21:15:00+00:00,XRP-USD,15m,1.1305999755859375,1.1331000328063965,1.1276999711990356,1.1294000148773193,50797824,50797824,yfinance,2026-07-10T06:58:05.450587+00:00
2026-06-21 21:30:00+00:00,XRP-USD,15m,1.1292999982833862,1.1349999904632568,1.1292999982833862,1.1341999769210815,19886720,19886720,yfinance,2026-07-10T06:58:05.450587+00:00
2026-06-21 21:45:00+00:00,XRP-USD,15m,1.1341999769210815,1.1359000205993652,1.1330000162124634,1.1333999633789062,8300992,8300992,yfinance,2026-07-10T06:58:05.450587+00:00
2026-06-21 22:00:00+00:00,XRP-USD,15m,1.1319999694824219,1.135699987411499,1.1297999620437622,1.132200002670288,2099904,2099904,yfinance,2026-07-10T06:58:05.450587+00:00
2026-06-21 22:15:00+00:00,XRP-USD,15m,1.132200002670288,1.1333999633789062,1.1305999755859375,1.1306999921798706,1124928,1124928,yfinance,2026-07-10T06:58:05.450587+00:00
2026-06-21 22:30:00+00:00,XRP-USD,15m,1.1303000450134277,1.1304999589920044,1.1263999938964844,1.1283999681472778,1514496,1514496,yfinance,2026-07-10T06:58:05.450587+00:00
2026-06-21 22:45:00+00:00,XRP-USD,15m,1.1282000541687012,1.1318000555038452,1.128100037574768,1.1303999423980713,1603968,1603968,yfinance,2026-07-10T06:58:05.450587+00:00
2026-06-21 23:00:00+00:00,XRP-USD,15m,1.1301000118255615,1.1301000118255615,1.1256999969482422,1.126099944114685,3204288,3204288,yfinance,2026-07-10T06:58:05.450587+00:00
2026-06-21 23:15:00+00:00,XRP-USD,15m,1.126099944114685,1.1303999423980713,1.125499963760376,1.128600001335144,6371200,6371200,yfinance,2026-07-10T06:58:05.450587+00:00
2026-06-21 23:30:00+00:00,XRP-USD,15m,1.1282000541687012,1.128999948501587,1.1224000453948975,1.1225999593734741,14264256,14264256,yfinance,2026-07-10T06:58:05.450587+00:00
2026-06-21 23:45:00+00:00,XRP-USD,15m,1.1231000423431396,1.1253999471664429,1.122499942779541,1.1236000061035156,9891136,9891136,yfinance,2026-07-10T06:58:05.450587+00:00
2026-06-22 00:00:00+00:00,XRP-USD,15m,1.123900055885315,1.1283999681472778,1.123900055885315,1.1274000406265259,2765632,2765632,yfinance,2026-07-10T06:58:05.450587+00:00
2026-06-22 00:15:00+00:00,XRP-USD,15m,1.1273000240325928,1.1330000162124634,1.1272000074386597,1.131500005722046,7982272,7982272,yfinance,2026-07-10T06:58:05.450587+00:00
2026-06-22 00:30:00+00:00,XRP-USD,15m,1.131500005722046,1.1390999555587769,1.1312999725341797,1.1371999979019165,11116224,11116224,yfinance,2026-07-10T06:58:05.450587+00:00
2026-06-22 00:45:00+00:00,XRP-USD,15m,1.1370999813079834,1.1389000415802002,1.1346999406814575,1.1376999616622925,9347712,9347712,yfinance,2026-07-10T06:58:05.450587+00:00
2026-06-22 01:00:00+00:00,XRP-USD,15m,1.138100028038025,1.1404999494552612,1.1328999996185303,1.1333999633789062,4728960,4728960,yfinance,2026-07-10T06:58:05.450587+00:00
2026-06-22 01:15:00+00:00,XRP-USD,15m,1.1339999437332153,1.1503000259399414,1.1338000297546387,1.1464999914169312,15975104,15975104,yfinance,2026-07-10T06:58:05.450587+00:00
2026-06-22 01:30:00+00:00,XRP-USD,15m,1.146299958229065,1.1473000049591064,1.1398999691009521,1.142799973487854,37435840,37435840,yfinance,2026-07-10T06:58:05.450587+00:00
2026-06-22 01:45:00+00:00,XRP-USD,15m,1.142899990081787,1.145300030708313,1.1416000127792358,1.1438000202178955,11937152,11937152,yfinance,2026-07-10T06:58:05.450587+00:00
2026-06-22 02:00:00+00:00,XRP-USD,15m,1.1444000005722046,1.1448999643325806,1.1397000551223755,1.1401000022888184,7717760,7717760,yfinance,2026-07-10T06:58:05.450587+00:00
2026-06-22 02:15:00+00:00,XRP-USD,15m,1.1394000053405762,1.142899990081787,1.1377999782562256,1.1401000022888184,8712128,8712128,yfinance,2026-07-10T06:58:05.450587+00:00
2026-06-22 02:30:00+00:00,XRP-USD,15m,1.1403000354766846,1.1412999629974365,1.1380000114440918,1.139799952507019,6017280,6017280,yfinance,2026-07-10T06:58:05.450587+00:00
2026-06-22 02:45:00+00:00,XRP-USD,15m,1.139799952507019,1.1398999691009521,1.13510000705719,1.13510000705719,6084480,6084480,yfinance,2026-07-10T06:58:05.450587+00:00
2026-06-22 03:00:00+00:00,XRP-USD,15m,1.1349999904632568,1.1349999904632568,1.1297999620437622,1.1313999891281128,10156800,10156800,yfinance,2026-07-10T06:58:05.450587+00:00
2026-06-22 03:15:00+00:00,XRP-USD,15m,1.131700038909912,1.136299967765808,1.131700038909912,1.1334999799728394,6027904,6027904,yfinance,2026-07-10T06:58:05.450587+00:00
2026-06-22 03:30:00+00:00,XRP-USD,15m,1.1333999633789062,1.1370999813079834,1.1319999694824219,1.132200002670288,6991872,6991872,yfinance,2026-07-10T06:58:05.450587+00:00
2026-06-22 03:45:00+00:00,XRP-USD,15m,1.1325000524520874,1.1325000524520874,1.1270999908447266,1.1289000511169434,8722304,8722304,yfinance,2026-07-10T06:58:05.450587+00:00
2026-06-22 04:00:00+00:00,XRP-USD,15m,1.12909996509552,1.1323000192642212,1.1277999877929688,1.1309000253677368,8789056,8789056,yfinance,2026-07-10T06:58:05.450587+00:00
2026-06-22 04:15:00+00:00,XRP-USD,15m,1.1305999755859375,1.131700038909912,1.1295000314712524,1.1309000253677368,5903360,5903360,yfinance,2026-07-10T06:58:05.450587+00:00
2026-06-22 04:30:00+00:00,XRP-USD,15m,1.1309000253677368,1.132599949836731,1.1299999952316284,1.1302000284194946,4418432,4418432,yfinance,2026-07-10T06:58:05.450587+00:00
2026-06-22 04:45:00+00:00,XRP-USD,15m,1.1303000450134277,1.1331000328063965,1.1303000450134277,1.1330000162124634,3706752,3706752,yfinance,2026-07-10T06:58:05.450587+00:00
2026-06-22 05:00:00+00:00,XRP-USD,15m,1.1327999830245972,1.136299967765808,1.132699966430664,1.1360000371932983,4701568,4701568,yfinance,2026-07-10T06:58:05.450587+00:00
2026-06-22 05:15:00+00:00,XRP-USD,15m,1.1360000371932983,1.1373000144958496,1.1353000402450562,1.1353000402450562,3887744,3887744,yfinance,2026-07-10T06:58:05.450587+00:00
2026-06-22 05:30:00+00:00,XRP-USD,15m,1.1354999542236328,1.1365000009536743,1.1340999603271484,1.13510000705719,1550592,1550592,yfinance,2026-07-10T06:58:05.450587+00:00
2026-06-22 05:45:00+00:00,XRP-USD,15m,1.1347999572753906,1.1353000402450562,1.1324000358581543,1.1340999603271484,6621184,6621184,yfinance,2026-07-10T06:58:05.450587+00:00
2026-06-22 06:00:00+00:00,XRP-USD,15m,1.1345000267028809,1.1363999843597412,1.132200002670288,1.1334999799728394,3115776,3115776,yfinance,2026-07-10T06:58:05.450587+00:00
2026-06-22 06:15:00+00:00,XRP-USD,15m,1.1332000494003296,1.134600043296814,1.132099986076355,1.1333999633789062,5014400,5014400,yfinance,2026-07-10T06:58:05.450587+00:00
2026-06-22 06:30:00+00:00,XRP-USD,15m,1.1331000328063965,1.1332999467849731,1.1306999921798706,1.1306999921798706,9184512,9184512,yfinance,2026-07-10T06:58:05.450587+00:00
2026-06-22 06:45:00+00:00,XRP-USD,15m,1.1303000450134277,1.13100004196167,1.1282000541687012,1.1295000314712524,8169088,8169088,yfinance,2026-07-10T06:58:05.450587+00:00
2026-06-22 07:00:00+00:00,XRP-USD,15m,1.1298999786376953,1.1368999481201172,1.12909996509552,1.136199951171875,26756224,26756224,yfinance,2026-07-10T06:58:05.450587+00:00
2026-06-22 07:15:00+00:00,XRP-USD,15m,1.1358000040054321,1.138100028038025,1.135599970817566,1.1361000537872314,21729792,21729792,yfinance,2026-07-10T06:58:05.450587+00:00
2026-06-22 07:30:00+00:00,XRP-USD,15m,1.136199951171875,1.138200044631958,1.1354000568389893,1.136299967765808,7211136,7211136,yfinance,2026-07-10T06:58:05.450587+00:00
2026-06-22 07:45:00+00:00,XRP-USD,15m,1.1359000205993652,1.1370999813079834,1.1353000402450562,1.1360000371932983,5262976,5262976,yfinance,2026-07-10T06:58:05.450587+00:00
2026-06-22 08:00:00+00:00,XRP-USD,15m,1.1365000009536743,1.1365000009536743,1.1323000192642212,1.135699987411499,5092608,5092608,yfinance,2026-07-10T06:58:05.450587+00:00
2026-06-22 08:15:00+00:00,XRP-USD,15m,1.135200023651123,1.1365000009536743,1.1330000162124634,1.1333999633789062,10130176,10130176,yfinance,2026-07-10T06:58:05.450587+00:00
2026-06-22 08:30:00+00:00,XRP-USD,15m,1.1327999830245972,1.1338000297546387,1.1309000253677368,1.1338000297546387,1949440,1949440,yfinance,2026-07-10T06:58:05.450587+00:00
2026-06-22 08:45:00+00:00,XRP-USD,15m,1.1339000463485718,1.1349999904632568,1.131700038909912,1.1339000463485718,5207552,5207552,yfinance,2026-07-10T06:58:05.450587+00:00
2026-06-22 09:00:00+00:00,XRP-USD,15m,1.1339000463485718,1.1365000009536743,1.1330000162124634,1.135599970817566,3761920,3761920,yfinance,2026-07-10T06:58:05.450587+00:00
2026-06-22 09:15:00+00:00,XRP-USD,15m,1.1354999542236328,1.1360000371932983,1.1327999830245972,1.1330000162124634,4721536,4721536,yfinance,2026-07-10T06:58:05.450587+00:00
2026-06-22 09:30:00+00:00,XRP-USD,15m,1.1327999830245972,1.1339999437332153,1.131700038909912,1.1332000494003296,2212992,2212992,yfinance,2026-07-10T06:58:05.450587+00:00
2026-06-22 09:45:00+00:00,XRP-USD,15m,1.1331000328063965,1.1339999437332153,1.132699966430664,1.1339000463485718,2419200,2419200,yfinance,2026-07-10T06:58:05.450587+00:00
2026-06-22 10:00:00+00:00,XRP-USD,15m,1.1334999799728394,1.1371999979019165,1.1332999467849731,1.1365000009536743,2999552,2999552,yfinance,2026-07-10T06:58:05.450587+00:00
2026-06-22 10:15:00+00:00,XRP-USD,15m,1.1365000009536743,1.1371999979019165,1.1353000402450562,1.1354000568389893,239616,239616,yfinance,2026-07-10T06:58:05.450587+00:00
2026-06-22 10:30:00+00:00,XRP-USD,15m,1.1354000568389893,1.1366000175476074,1.1347999572753906,1.1349999904632568,277248,277248,yfinance,2026-07-10T06:58:05.450587+00:00
2026-06-22 10:45:00+00:00,XRP-USD,15m,1.13510000705719,1.1378999948501587,1.13510000705719,1.1363999843597412,510336,510336,yfinance,2026-07-10T06:58:05.450587+00:00
2026-06-22 11:00:00+00:00,XRP-USD,15m,1.1363999843597412,1.1435999870300293,1.1353000402450562,1.1411000490188599,5087104,5087104,yfinance,2026-07-10T06:58:05.450587+00:00
2026-06-22 11:15:00+00:00,XRP-USD,15m,1.1410000324249268,1.1437000036239624,1.139799952507019,1.141700029373169,4976512,4976512,yfinance,2026-07-10T06:58:05.450587+00:00
2026-06-22 11:30:00+00:00,XRP-USD,15m,1.1416000127792358,1.1476000547409058,1.1416000127792358,1.1455999612808228,17074560,17074560,yfinance,2026-07-10T06:58:05.450587+00:00
2026-06-22 11:45:00+00:00,XRP-USD,15m,1.1454999446868896,1.148800015449524,1.1448999643325806,1.1469000577926636,11423744,11423744,yfinance,2026-07-10T06:58:05.450587+00:00
2026-06-22 12:00:00+00:00,XRP-USD,15m,1.1469999551773071,1.1490999460220337,1.145300030708313,1.1470999717712402,6359936,6359936,yfinance,2026-07-10T06:58:05.450587+00:00
2026-06-22 12:15:00+00:00,XRP-USD,15m,1.1467000246047974,1.1491999626159668,1.145300030708313,1.1477999687194824,667264,667264,yfinance,2026-07-10T06:58:05.450587+00:00
2026-06-22 12:30:00+00:00,XRP-USD,15m,1.1476000547409058,1.1514999866485596,1.145300030708313,1.1512000560760498,5390848,5390848,yfinance,2026-07-10T06:58:05.450587+00:00
2026-06-22 12:45:00+00:00,XRP-USD,15m,1.1513999700546265,1.1581000089645386,1.1500999927520752,1.1567000150680542,20571392,20571392,yfinance,2026-07-10T06:58:05.450587+00:00
2026-06-22 13:00:00+00:00,XRP-USD,15m,1.156499981880188,1.156499981880188,1.1521999835968018,1.1545000076293945,15315200,15315200,yfinance,2026-07-10T06:58:05.450587+00:00
2026-06-22 13:15:00+00:00,XRP-USD,15m,1.1547000408172607,1.1547000408172607,1.1511000394821167,1.151900053024292,7868928,7868928,yfinance,2026-07-10T06:58:05.450587+00:00
2026-06-22 13:30:00+00:00,XRP-USD,15m,1.152500033378601,1.1586999893188477,1.1519999504089355,1.1575000286102295,22907776,22907776,yfinance,2026-07-10T06:58:05.450587+00:00
2026-06-22 13:45:00+00:00,XRP-USD,15m,1.1575000286102295,1.162600040435791,1.1574000120162964,1.1624000072479248,21440000,21440000,yfinance,2026-07-10T06:58:05.450587+00:00
2026-06-22 14:00:00+00:00,XRP-USD,15m,1.162600040435791,1.162600040435791,1.1536999940872192,1.1540000438690186,19234560,19234560,yfinance,2026-07-10T06:58:05.450587+00:00
2026-06-22 14:15:00+00:00,XRP-USD,15m,1.1542999744415283,1.1542999744415283,1.1464999914169312,1.1464999914169312,12083584,12083584,yfinance,2026-07-10T06:58:05.450587+00:00
2026-06-22 14:30:00+00:00,XRP-USD,15m,1.146399974822998,1.146399974822998,1.139299988746643,1.1413999795913696,24726016,24726016,yfinance,2026-07-10T06:58:05.450587+00:00
2026-06-22 14:45:00+00:00,XRP-USD,15m,1.1416000127792358,1.1444000005722046,1.1398999691009521,1.141800045967102,18923264,18923264,yfinance,2026-07-10T06:58:05.450587+00:00
2026-06-22 15:00:00+00:00,XRP-USD,15m,1.1418999433517456,1.145799994468689,1.1404000520706177,1.1445000171661377,6644736,6644736,yfinance,2026-07-10T06:58:05.450587+00:00
2026-06-22 15:15:00+00:00,XRP-USD,15m,1.1445000171661377,1.145400047302246,1.1420999765396118,1.1438000202178955,13902080,13902080,yfinance,2026-07-10T06:58:05.450587+00:00
2026-06-22 15:30:00+00:00,XRP-USD,15m,1.1440999507904053,1.1468000411987305,1.1432000398635864,1.1438000202178955,14931456,14931456,yfinance,2026-07-10T06:58:05.450587+00:00
2026-06-22 15:45:00+00:00,XRP-USD,15m,1.1438000202178955,1.144700050354004,1.1368000507354736,1.138700008392334,10807424,10807424,yfinance,2026-07-10T06:58:05.450587+00:00
2026-06-22 16:00:00+00:00,XRP-USD,15m,1.1390000581741333,1.1394000053405762,1.136199951171875,1.138200044631958,8811264,8811264,yfinance,2026-07-10T06:58:05.450587+00:00
2026-06-22 16:15:00+00:00,XRP-USD,15m,1.1382999420166016,1.1418999433517456,1.1367000341415405,1.1384999752044678,5648640,5648640,yfinance,2026-07-10T06:58:05.450587+00:00
2026-06-22 16:30:00+00:00,XRP-USD,15m,1.138100028038025,1.1382999420166016,1.1354999542236328,1.1363999843597412,4750208,4750208,yfinance,2026-07-10T06:58:05.450587+00:00
2026-06-22 16:45:00+00:00,XRP-USD,15m,1.1363999843597412,1.1389000415802002,1.1340999603271484,1.1374000310897827,6725376,6725376,yfinance,2026-07-10T06:58:05.450587+00:00
2026-06-22 17:00:00+00:00,XRP-USD,15m,1.1375000476837158,1.138200044631958,1.1354999542236328,1.1366000175476074,7045632,7045632,yfinance,2026-07-10T06:58:05.450587+00:00
2026-06-22 17:15:00+00:00,XRP-USD,15m,1.1368999481201172,1.1371999979019165,1.132699966430664,1.132699966430664,3886848,3886848,yfinance,2026-07-10T06:58:05.450587+00:00
2026-06-22 17:30:00+00:00,XRP-USD,15m,1.1324000358581543,1.1344000101089478,1.131600022315979,1.1338000297546387,1672960,1672960,yfinance,2026-07-10T06:58:05.450587+00:00
2026-06-22 17:45:00+00:00,XRP-USD,15m,1.1340999603271484,1.1394000053405762,1.1339999437332153,1.1383999586105347,1079936,1079936,yfinance,2026-07-10T06:58:05.450587+00:00
2026-06-22 18:00:00+00:00,XRP-USD,15m,1.1384999752044678,1.1418999433517456,1.1382999420166016,1.1411000490188599,135296,135296,yfinance,2026-07-10T06:58:05.450587+00:00
2026-06-22 18:15:00+00:00,XRP-USD,15m,1.1412999629974365,1.142899990081787,1.1398999691009521,1.1399999856948853,1943808,1943808,yfinance,2026-07-10T06:58:05.450587+00:00
2026-06-22 18:30:00+00:00,XRP-USD,15m,1.1399999856948853,1.1404000520706177,1.1376999616622925,1.138200044631958,1273088,1273088,yfinance,2026-07-10T06:58:05.450587+00:00
2026-06-22 18:45:00+00:00,XRP-USD,15m,1.1382999420166016,1.1382999420166016,1.13100004196167,1.131700038909912,6139008,6139008,yfinance,2026-07-10T06:58:05.450587+00:00
2026-06-22 19:00:00+00:00,XRP-USD,15m,1.13100004196167,1.1318000555038452,1.12909996509552,1.131500005722046,12271488,12271488,yfinance,2026-07-10T06:58:05.450587+00:00
2026-06-22 19:15:00+00:00,XRP-USD,15m,1.131600022315979,1.132099986076355,1.1289000511169434,1.1303000450134277,5138560,5138560,yfinance,2026-07-10T06:58:05.450587+00:00
2026-06-22 19:30:00+00:00,XRP-USD,15m,1.1303999423980713,1.1334999799728394,1.1298999786376953,1.131500005722046,8313088,8313088,yfinance,2026-07-10T06:58:05.450587+00:00
2026-06-22 19:45:00+00:00,XRP-USD,15m,1.1312999725341797,1.1342999935150146,1.1289000511169434,1.1332999467849731,2097024,2097024,yfinance,2026-07-10T06:58:05.450587+00:00
2026-06-22 20:00:00+00:00,XRP-USD,15m,1.1330000162124634,1.1363999843597412,1.1324000358581543,1.1325000524520874,9528576,9528576,yfinance,2026-07-10T06:58:05.450587+00:00
2026-06-22 20:15:00+00:00,XRP-USD,15m,1.1325000524520874,1.1325000524520874,1.1287000179290771,1.1304999589920044,0,0,yfinance,2026-07-10T06:58:05.450587+00:00
2026-06-22 20:30:00+00:00,XRP-USD,15m,1.1304999589920044,1.1325000524520874,1.1304999589920044,1.13100004196167,2464000,2464000,yfinance,2026-07-10T06:58:05.450587+00:00
2026-06-22 20:45:00+00:00,XRP-USD,15m,1.1306999921798706,1.1312999725341797,1.128499984741211,1.1305999755859375,0,0,yfinance,2026-07-10T06:58:05.450587+00:00
2026-06-22 21:00:00+00:00,XRP-USD,15m,1.1303999423980713,1.1319999694824219,1.1283999681472778,1.1298999786376953,0,0,yfinance,2026-07-10T06:58:05.450587+00:00
2026-06-22 21:15:00+00:00,XRP-USD,15m,1.1298999786376953,1.1303000450134277,1.128100037574768,1.12909996509552,0,0,yfinance,2026-07-10T06:58:05.450587+00:00
2026-06-22 21:30:00+00:00,XRP-USD,15m,1.128999948501587,1.1295000314712524,1.125,1.1262999773025513,0,0,yfinance,2026-07-10T06:58:05.450587+00:00
2026-06-22 21:45:00+00:00,XRP-USD,15m,1.1262999773025513,1.1303999423980713,1.1261999607086182,1.1303000450134277,1380224,1380224,yfinance,2026-07-10T06:58:05.450587+00:00
2026-06-22 22:00:00+00:00,XRP-USD,15m,1.1303000450134277,1.1331000328063965,1.1292999982833862,1.1301000118255615,0,0,yfinance,2026-07-10T06:58:05.450587+00:00
2026-06-22 22:15:00+00:00,XRP-USD,15m,1.1303000450134277,1.1304999589920044,1.1217999458312988,1.1227999925613403,14080,14080,yfinance,2026-07-10T06:58:05.450587+00:00
2026-06-22 22:30:00+00:00,XRP-USD,15m,1.1223000288009644,1.125599980354309,1.1205999851226807,1.1230000257492065,24983296,24983296,yfinance,2026-07-10T06:58:05.450587+00:00
2026-06-22 22:45:00+00:00,XRP-USD,15m,1.122499942779541,1.1267999410629272,1.1224000453948975,1.1262999773025513,5470080,5470080,yfinance,2026-07-10T06:58:05.450587+00:00
2026-06-22 23:00:00+00:00,XRP-USD,15m,1.1253999471664429,1.1274000406265259,1.125,1.1260000467300415,0,0,yfinance,2026-07-10T06:58:05.450587+00:00
2026-06-22 23:15:00+00:00,XRP-USD,15m,1.1260000467300415,1.1291999816894531,1.1253999471664429,1.1288000345230103,360064,360064,yfinance,2026-07-10T06:58:05.450587+00:00
2026-06-22 23:30:00+00:00,XRP-USD,15m,1.128600001335144,1.1296000480651855,1.1270999908447266,1.128499984741211,0,0,yfinance,2026-07-10T06:58:05.450587+00:00
2026-06-22 23:45:00+00:00,XRP-USD,15m,1.1282999515533447,1.1291999816894531,1.1269999742507935,1.1283999681472778,0,0,yfinance,2026-07-10T06:58:05.450587+00:00
2026-06-23 00:00:00+00:00,XRP-USD,15m,1.1277999877929688,1.1299999952316284,1.1269999742507935,1.1298999786376953,2168320,2168320,yfinance,2026-07-10T06:58:05.450587+00:00
2026-06-23 00:15:00+00:00,XRP-USD,15m,1.1298999786376953,1.1309000253677368,1.125599980354309,1.1259000301361084,1224448,1224448,yfinance,2026-07-10T06:58:05.450587+00:00
2026-06-23 00:30:00+00:00,XRP-USD,15m,1.1259000301361084,1.1305999755859375,1.1256999969482422,1.1304999589920044,0,0,yfinance,2026-07-10T06:58:05.450587+00:00
2026-06-23 00:45:00+00:00,XRP-USD,15m,1.1304999589920044,1.1308000087738037,1.1289000511169434,1.1302000284194946,0,0,yfinance,2026-07-10T06:58:05.450587+00:00
2026-06-23 01:00:00+00:00,XRP-USD,15m,1.1301000118255615,1.132599949836731,1.1292999982833862,1.1295000314712524,0,0,yfinance,2026-07-10T06:58:05.450587+00:00
2026-06-23 01:15:00+00:00,XRP-USD,15m,1.1295000314712524,1.1309000253677368,1.1287000179290771,1.1305999755859375,19456,19456,yfinance,2026-07-10T06:58:05.450587+00:00
2026-06-23 01:30:00+00:00,XRP-USD,15m,1.1304999589920044,1.132099986076355,1.1265000104904175,1.1269999742507935,0,0,yfinance,2026-07-10T06:58:05.450587+00:00
2026-06-23 01:45:00+00:00,XRP-USD,15m,1.1270999908447266,1.128600001335144,1.1216000318527222,1.1276999711990356,5356672,5356672,yfinance,2026-07-10T06:58:05.450587+00:00
2026-06-23 02:00:00+00:00,XRP-USD,15m,1.1279000043869019,1.128600001335144,1.1240999698638916,1.1258000135421753,0,0,yfinance,2026-07-10T06:58:05.450587+00:00
2026-06-23 02:15:00+00:00,XRP-USD,15m,1.1259000301361084,1.128000020980835,1.1258000135421753,1.1262999773025513,0,0,yfinance,2026-07-10T06:58:05.450587+00:00
2026-06-23 02:30:00+00:00,XRP-USD,15m,1.1258000135421753,1.1282000541687012,1.1258000135421753,1.1276999711990356,0,0,yfinance,2026-07-10T06:58:05.450587+00:00
2026-06-23 02:45:00+00:00,XRP-USD,15m,1.1273000240325928,1.1294000148773193,1.1267000436782837,1.128499984741211,0,0,yfinance,2026-07-10T06:58:05.450587+00:00
2026-06-23 03:00:00+00:00,XRP-USD,15m,1.128499984741211,1.128499984741211,1.1246000528335571,1.1258000135421753,0,0,yfinance,2026-07-10T06:58:05.450587+00:00
2026-06-23 03:15:00+00:00,XRP-USD,15m,1.1260000467300415,1.1282999515533447,1.125499963760376,1.1279000043869019,392320,392320,yfinance,2026-07-10T06:58:05.450587+00:00
2026-06-23 03:30:00+00:00,XRP-USD,15m,1.127500057220459,1.1277999877929688,1.125499963760376,1.125599980354309,1159424,1159424,yfinance,2026-07-10T06:58:05.450587+00:00
2026-06-23 03:45:00+00:00,XRP-USD,15m,1.1258000135421753,1.1272000074386597,1.1253999471664429,1.126099944114685,0,0,yfinance,2026-07-10T06:58:05.450587+00:00
2026-06-23 04:00:00+00:00,XRP-USD,15m,1.1263999938964844,1.1266000270843506,1.1234999895095825,1.1265000104904175,802944,802944,yfinance,2026-07-10T06:58:05.450587+00:00
2026-06-23 04:15:00+00:00,XRP-USD,15m,1.1267000436782837,1.1267000436782837,1.1224000453948975,1.124899983406067,3447296,3447296,yfinance,2026-07-10T06:58:05.450587+00:00
2026-06-23 04:30:00+00:00,XRP-USD,15m,1.125,1.125,1.1210999488830566,1.121399998664856,3616000,3616000,yfinance,2026-07-10T06:58:05.450587+00:00
2026-06-23 04:45:00+00:00,XRP-USD,15m,1.121500015258789,1.121999979019165,1.1155999898910522,1.1164000034332275,17429504,17429504,yfinance,2026-07-10T06:58:05.450587+00:00
2026-06-23 05:00:00+00:00,XRP-USD,15m,1.1165000200271606,1.118299961090088,1.1145999431610107,1.1164000034332275,7229568,7229568,yfinance,2026-07-10T06:58:05.450587+00:00
2026-06-23 05:15:00+00:00,XRP-USD,15m,1.1162999868392944,1.1175999641418457,1.1129000186920166,1.114400029182434,7221120,7221120,yfinance,2026-07-10T06:58:05.450587+00:00
2026-06-23 05:30:00+00:00,XRP-USD,15m,1.1139999628067017,1.114799976348877,1.1129000186920166,1.1134999990463257,5438720,5438720,yfinance,2026-07-10T06:58:05.450587+00:00
2026-06-23 05:45:00+00:00,XRP-USD,15m,1.113700032234192,1.1155999898910522,1.1125999689102173,1.114799976348877,5158528,5158528,yfinance,2026-07-10T06:58:05.450587+00:00
2026-06-23 06:00:00+00:00,XRP-USD,15m,1.114799976348877,1.1151000261306763,1.1114000082015991,1.1139999628067017,10371200,10371200,yfinance,2026-07-10T06:58:05.450587+00:00
2026-06-23 06:15:00+00:00,XRP-USD,15m,1.113800048828125,1.114799976348877,1.107300043106079,1.110700011253357,36916992,36916992,yfinance,2026-07-10T06:58:05.450587+00:00
2026-06-23 06:30:00+00:00,XRP-USD,15m,1.1103999614715576,1.113800048828125,1.1088000535964966,1.1116000413894653,21311360,21311360,yfinance,2026-07-10T06:58:05.450587+00:00
2026-06-23 06:45:00+00:00,XRP-USD,15m,1.1116000413894653,1.1146999597549438,1.1114000082015991,1.1119999885559082,4495872,4495872,yfinance,2026-07-10T06:58:05.450587+00:00
2026-06-23 07:00:00+00:00,XRP-USD,15m,1.111899971961975,1.114799976348877,1.111799955368042,1.114400029182434,0,0,yfinance,2026-07-10T06:58:05.450587+00:00
2026-06-23 07:15:00+00:00,XRP-USD,15m,1.1141999959945679,1.1160999536514282,1.113700032234192,1.1150000095367432,0,0,yfinance,2026-07-10T06:58:05.450587+00:00
2026-06-23 07:30:00+00:00,XRP-USD,15m,1.1151000261306763,1.1151000261306763,1.1121000051498413,1.1121000051498413,779008,779008,yfinance,2026-07-10T06:58:05.450587+00:00
2026-06-23 07:45:00+00:00,XRP-USD,15m,1.1123000383377075,1.1145000457763672,1.1116000413894653,1.1116000413894653,1184384,1184384,yfinance,2026-07-10T06:58:05.450587+00:00
2026-06-23 08:00:00+00:00,XRP-USD,15m,1.111899971961975,1.1140999794006348,1.1094000339508057,1.1095999479293823,1883904,1883904,yfinance,2026-07-10T06:58:05.450587+00:00
2026-06-23 08:15:00+00:00,XRP-USD,15m,1.1098999977111816,1.1098999977111816,1.093500018119812,1.0961999893188477,50816768,50816768,yfinance,2026-07-10T06:58:05.450587+00:00
2026-06-23 08:30:00+00:00,XRP-USD,15m,1.09660005569458,1.1021000146865845,1.09660005569458,1.1009000539779663,32928512,32928512,yfinance,2026-07-10T06:58:05.450587+00:00
2026-06-23 08:45:00+00:00,XRP-USD,15m,1.1004999876022339,1.1007000207901,1.0978000164031982,1.0990999937057495,11283584,11283584,yfinance,2026-07-10T06:58:05.450587+00:00
2026-06-23 09:00:00+00:00,XRP-USD,15m,1.0995999574661255,1.1030999422073364,1.0993000268936157,1.1017999649047852,5395584,5395584,yfinance,2026-07-10T06:58:05.450587+00:00
2026-06-23 09:15:00+00:00,XRP-USD,15m,1.1019999980926514,1.1035000085830688,1.1017999649047852,1.1033999919891357,2083072,2083072,yfinance,2026-07-10T06:58:05.450587+00:00
2026-06-23 09:30:00+00:00,XRP-USD,15m,1.1035000085830688,1.1043000221252441,1.1008000373840332,1.101699948310852,2537728,2537728,yfinance,2026-07-10T06:58:05.450587+00:00
2026-06-23 09:45:00+00:00,XRP-USD,15m,1.101199984550476,1.1038999557495117,1.101199984550476,1.1025999784469604,5027072,5027072,yfinance,2026-07-10T06:58:05.450587+00:00
2026-06-23 10:00:00+00:00,XRP-USD,15m,1.1026999950408936,1.1064000129699707,1.1025999784469604,1.104599952697754,643328,643328,yfinance,2026-07-10T06:58:05.450587+00:00
2026-06-23 10:15:00+00:00,XRP-USD,15m,1.104599952697754,1.104599952697754,1.1023999452590942,1.1026999950408936,4774144,4774144,yfinance,2026-07-10T06:58:05.450587+00:00
2026-06-23 10:30:00+00:00,XRP-USD,15m,1.1026999950408936,1.1029000282287598,1.1007000207901,1.1009999513626099,10884352,10884352,yfinance,2026-07-10T06:58:05.450587+00:00
2026-06-23 10:45:00+00:00,XRP-USD,15m,1.1008000373840332,1.1031999588012695,1.1002000570297241,1.1029000282287598,6635136,6635136,yfinance,2026-07-10T06:58:05.450587+00:00
2026-06-23 11:00:00+00:00,XRP-USD,15m,1.1032999753952026,1.105299949645996,1.1029000282287598,1.1050000190734863,0,0,yfinance,2026-07-10T06:58:05.450587+00:00
2026-06-23 11:15:00+00:00,XRP-USD,15m,1.1050000190734863,1.1088000535964966,1.104599952697754,1.107699990272522,5885440,5885440,yfinance,2026-07-10T06:58:05.450587+00:00
2026-06-23 11:30:00+00:00,XRP-USD,15m,1.107699990272522,1.1086000204086304,1.107200026512146,1.1081000566482544,45952,45952,yfinance,2026-07-10T06:58:05.450587+00:00
2026-06-23 11:45:00+00:00,XRP-USD,15m,1.108299970626831,1.1088999509811401,1.106600046157837,1.108199954032898,0,0,yfinance,2026-07-10T06:58:05.450587+00:00
2026-06-23 12:00:00+00:00,XRP-USD,15m,1.108299970626831,1.1086000204086304,1.1067999601364136,1.107300043106079,0,0,yfinance,2026-07-10T06:58:05.450587+00:00
2026-06-23 12:15:00+00:00,XRP-USD,15m,1.107200026512146,1.107200026512146,1.1038000583648682,1.104599952697754,2456704,2456704,yfinance,2026-07-10T06:58:05.450587+00:00
2026-06-23 12:30:00+00:00,XRP-USD,15m,1.1045000553131104,1.1055999994277954,1.1015000343322754,1.1023000478744507,1027712,1027712,yfinance,2026-07-10T06:58:05.450587+00:00
2026-06-23 12:45:00+00:00,XRP-USD,15m,1.1021000146865845,1.1022000312805176,1.0985000133514404,1.0997999906539917,0,0,yfinance,2026-07-10T06:58:05.450587+00:00
2026-06-23 13:00:00+00:00,XRP-USD,15m,1.100000023841858,1.1002999544143677,1.0976999998092651,1.1002000570297241,0,0,yfinance,2026-07-10T06:58:05.450587+00:00
2026-06-23 13:15:00+00:00,XRP-USD,15m,1.100100040435791,1.100100040435791,1.0981999635696411,1.0985000133514404,208384,208384,yfinance,2026-07-10T06:58:05.450587+00:00
2026-06-23 13:30:00+00:00,XRP-USD,15m,1.097499966621399,1.1038999557495117,1.0953999757766724,1.100000023841858,10697600,10697600,yfinance,2026-07-10T06:58:05.450587+00:00
2026-06-23 13:45:00+00:00,XRP-USD,15m,1.0988999605178833,1.1030000448226929,1.0972000360488892,1.101699948310852,0,0,yfinance,2026-07-10T06:58:05.450587+00:00
2026-06-23 14:00:00+00:00,XRP-USD,15m,1.101699948310852,1.1059000492095947,1.1004999876022339,1.1059000492095947,0,0,yfinance,2026-07-10T06:58:05.450587+00:00
2026-06-23 14:15:00+00:00,XRP-USD,15m,1.1059999465942383,1.107300043106079,1.1015000343322754,1.1039999723434448,3718656,3718656,yfinance,2026-07-10T06:58:05.450587+00:00
2026-06-23 14:30:00+00:00,XRP-USD,15m,1.1044000387191772,1.1066999435424805,1.1008000373840332,1.1013000011444092,0,0,yfinance,2026-07-10T06:58:05.450587+00:00
2026-06-23 14:45:00+00:00,XRP-USD,15m,1.101699948310852,1.1030000448226929,1.0996999740600586,1.1002999544143677,0,0,yfinance,2026-07-10T06:58:05.450587+00:00
2026-06-23 15:00:00+00:00,XRP-USD,15m,1.1002999544143677,1.1002999544143677,1.0956000089645386,1.097100019454956,2488960,2488960,yfinance,2026-07-10T06:58:05.450587+00:00
2026-06-23 15:15:00+00:00,XRP-USD,15m,1.097100019454956,1.097100019454956,1.091599941253662,1.0918999910354614,1407104,1407104,yfinance,2026-07-10T06:58:05.450587+00:00
2026-06-23 15:30:00+00:00,XRP-USD,15m,1.0923999547958374,1.0967999696731567,1.0923000574111938,1.0951000452041626,707840,707840,yfinance,2026-07-10T06:58:05.450587+00:00
2026-06-23 15:45:00+00:00,XRP-USD,15m,1.0949000120162964,1.097499966621399,1.0913000106811523,1.0972000360488892,1317888,1317888,yfinance,2026-07-10T06:58:05.450587+00:00
2026-06-23 16:00:00+00:00,XRP-USD,15m,1.0978000164031982,1.1026999950408936,1.0968999862670898,1.1024999618530273,7716096,7716096,yfinance,2026-07-10T06:58:05.450587+00:00
2026-06-23 16:15:00+00:00,XRP-USD,15m,1.1026999950408936,1.1028000116348267,1.0958000421524048,1.0964000225067139,8979200,8979200,yfinance,2026-07-10T06:58:05.450587+00:00
2026-06-23 16:30:00+00:00,XRP-USD,15m,1.0961999893188477,1.0997999906539917,1.0959999561309814,1.0994999408721924,624256,624256,yfinance,2026-07-10T06:58:05.450587+00:00
2026-06-23 16:45:00+00:00,XRP-USD,15m,1.0997999906539917,1.1002999544143677,1.0982999801635742,1.0996999740600586,0,0,yfinance,2026-07-10T06:58:05.450587+00:00
2026-06-23 17:00:00+00:00,XRP-USD,15m,1.0996999740600586,1.0996999740600586,1.0960999727249146,1.0976999998092651,655360,655360,yfinance,2026-07-10T06:58:05.450587+00:00
2026-06-23 17:15:00+00:00,XRP-USD,15m,1.0978000164031982,1.1022000312805176,1.0978000164031982,1.101099967956543,818048,818048,yfinance,2026-07-10T06:58:05.450587+00:00
2026-06-23 17:30:00+00:00,XRP-USD,15m,1.101099967956543,1.1032999753952026,1.0983999967575073,1.0988999605178833,12032,12032,yfinance,2026-07-10T06:58:05.450587+00:00
2026-06-23 17:45:00+00:00,XRP-USD,15m,1.0987999439239502,1.100100040435791,1.0951000452041626,1.09660005569458,2509440,2509440,yfinance,2026-07-10T06:58:05.450587+00:00
2026-06-23 18:00:00+00:00,XRP-USD,15m,1.0967999696731567,1.098099946975708,1.0943000316619873,1.097000002861023,4321024,4321024,yfinance,2026-07-10T06:58:05.450587+00:00
2026-06-23 18:15:00+00:00,XRP-USD,15m,1.0968999862670898,1.1002999544143677,1.0961999893188477,1.0986000299453735,1526272,1526272,yfinance,2026-07-10T06:58:05.450587+00:00
2026-06-23 18:30:00+00:00,XRP-USD,15m,1.0982999801635742,1.0986000299453735,1.0946999788284302,1.0951000452041626,1320832,1320832,yfinance,2026-07-10T06:58:05.450587+00:00
2026-06-23 18:45:00+00:00,XRP-USD,15m,1.0951000452041626,1.0979000329971313,1.094499945640564,1.0973000526428223,0,0,yfinance,2026-07-10T06:58:05.450587+00:00
2026-06-23 19:00:00+00:00,XRP-USD,15m,1.0972000360488892,1.100600004196167,1.0968999862670898,1.0983999967575073,0,0,yfinance,2026-07-10T06:58:05.450587+00:00
2026-06-23 19:15:00+00:00,XRP-USD,15m,1.0985000133514404,1.0994000434875488,1.0957000255584717,1.0994000434875488,1553408,1553408,yfinance,2026-07-10T06:58:05.450587+00:00
2026-06-23 19:30:00+00:00,XRP-USD,15m,1.0993000268936157,1.1009999513626099,1.0981999635696411,1.0987000465393066,1229824,1229824,yfinance,2026-07-10T06:58:05.450587+00:00
2026-06-23 19:45:00+00:00,XRP-USD,15m,1.0986000299453735,1.103700041770935,1.0983999967575073,1.1009000539779663,2340352,2340352,yfinance,2026-07-10T06:58:05.450587+00:00
2026-06-23 20:00:00+00:00,XRP-USD,15m,1.1008000373840332,1.1039999723434448,1.1003999710083008,1.1028000116348267,145664,145664,yfinance,2026-07-10T06:58:05.450587+00:00
2026-06-23 20:15:00+00:00,XRP-USD,15m,1.1030999422073364,1.103600025177002,1.1018999814987183,1.1032999753952026,0,0,yfinance,2026-07-10T06:58:05.450587+00:00
2026-06-23 20:30:00+00:00,XRP-USD,15m,1.1031999588012695,1.1033999919891357,1.1018999814987183,1.1025999784469604,878592,878592,yfinance,2026-07-10T06:58:05.450587+00:00
2026-06-23 20:45:00+00:00,XRP-USD,15m,1.1023000478744507,1.1031999588012695,1.1017999649047852,1.1030000448226929,1252608,1252608,yfinance,2026-07-10T06:58:05.450587+00:00
2026-06-23 21:00:00+00:00,XRP-USD,15m,1.1031999588012695,1.105299949645996,1.1018999814987183,1.1026999950408936,2850560,2850560,yfinance,2026-07-10T06:58:05.450587+00:00
2026-06-23 21:15:00+00:00,XRP-USD,15m,1.1026999950408936,1.1045000553131104,1.1019999980926514,1.104200005531311,439424,439424,yfinance,2026-07-10T06:58:05.450587+00:00
2026-06-23 21:30:00+00:00,XRP-USD,15m,1.104200005531311,1.1051000356674194,1.1030999422073364,1.1038999557495117,0,0,yfinance,2026-07-10T06:58:05.450587+00:00
2026-06-23 21:45:00+00:00,XRP-USD,15m,1.1039999723434448,1.1044000387191772,1.1026999950408936,1.1033999919891357,0,0,yfinance,2026-07-10T06:58:05.450587+00:00
2026-06-23 22:00:00+00:00,XRP-USD,15m,1.1032999753952026,1.1086000204086304,1.1030999422073364,1.1079000234603882,0,0,yfinance,2026-07-10T06:58:05.450587+00:00
2026-06-23 22:15:00+00:00,XRP-USD,15m,1.1079000234603882,1.1104999780654907,1.104599952697754,1.1053999662399292,8380672,8380672,yfinance,2026-07-10T06:58:05.450587+00:00
2026-06-23 22:30:00+00:00,XRP-USD,15m,1.1055999994277954,1.1069999933242798,1.1049000024795532,1.1065000295639038,0,0,yfinance,2026-07-10T06:58:05.450587+00:00
2026-06-23 22:45:00+00:00,XRP-USD,15m,1.1065000295639038,1.1083999872207642,1.1058000326156616,1.107699990272522,197888,197888,yfinance,2026-07-10T06:58:05.450587+00:00
2026-06-23 23:00:00+00:00,XRP-USD,15m,1.107300043106079,1.1074999570846558,1.104699969291687,1.105299949645996,0,0,yfinance,2026-07-10T06:58:05.450587+00:00
2026-06-23 23:15:00+00:00,XRP-USD,15m,1.1059000492095947,1.108199954032898,1.1059000492095947,1.107100009918213,2052864,2052864,yfinance,2026-07-10T06:58:05.450587+00:00
2026-06-23 23:30:00+00:00,XRP-USD,15m,1.107100009918213,1.1074999570846558,1.1055999994277954,1.1068999767303467,1409408,1409408,yfinance,2026-07-10T06:58:05.450587+00:00
2026-06-23 23:45:00+00:00,XRP-USD,15m,1.1068999767303467,1.1103999614715576,1.1066999435424805,1.1088000535964966,3624832,3624832,yfinance,2026-07-10T06:58:05.450587+00:00
2026-06-24 00:00:00+00:00,XRP-USD,15m,1.1087000370025635,1.1110999584197998,1.1074999570846558,1.1109999418258667,3062912,3062912,yfinance,2026-07-10T06:58:05.450587+00:00
2026-06-24 00:15:00+00:00,XRP-USD,15m,1.1110999584197998,1.111299991607666,1.1095999479293823,1.1103999614715576,16614912,16614912,yfinance,2026-07-10T06:58:05.450587+00:00
2026-06-24 00:30:00+00:00,XRP-USD,15m,1.110700011253357,1.1109000444412231,1.1088999509811401,1.1095999479293823,6863744,6863744,yfinance,2026-07-10T06:58:05.450587+00:00
2026-06-24 00:45:00+00:00,XRP-USD,15m,1.1095999479293823,1.1104999780654907,1.1083999872207642,1.1096999645233154,1688192,1688192,yfinance,2026-07-10T06:58:05.450587+00:00
2026-06-24 01:00:00+00:00,XRP-USD,15m,1.110200047492981,1.110200047492981,1.1065000295639038,1.1086000204086304,2382976,2382976,yfinance,2026-07-10T06:58:05.450587+00:00
2026-06-24 01:15:00+00:00,XRP-USD,15m,1.1085000038146973,1.1090999841690063,1.1059999465942383,1.1083999872207642,2581120,2581120,yfinance,2026-07-10T06:58:05.450587+00:00
2026-06-24 01:30:00+00:00,XRP-USD,15m,1.1087000370025635,1.1124000549316406,1.1081000566482544,1.1083999872207642,3156480,3156480,yfinance,2026-07-10T06:58:05.450587+00:00
2026-06-24 01:45:00+00:00,XRP-USD,15m,1.1088999509811401,1.1095000505447388,1.1074999570846558,1.1075999736785889,0,0,yfinance,2026-07-10T06:58:05.450587+00:00
2026-06-24 02:00:00+00:00,XRP-USD,15m,1.107800006866455,1.108299970626831,1.1054999828338623,1.1067999601364136,516224,516224,yfinance,2026-07-10T06:58:05.450587+00:00
2026-06-24 02:15:00+00:00,XRP-USD,15m,1.1066999435424805,1.1066999435424805,1.1039999723434448,1.106600046157837,1620224,1620224,yfinance,2026-07-10T06:58:05.450587+00:00
2026-06-24 02:30:00+00:00,XRP-USD,15m,1.106600046157837,1.107699990272522,1.103700041770935,1.1066999435424805,2997760,2997760,yfinance,2026-07-10T06:58:05.450587+00:00
2026-06-24 02:45:00+00:00,XRP-USD,15m,1.1066999435424805,1.107100009918213,1.1043000221252441,1.1044000387191772,4276480,4276480,yfinance,2026-07-10T06:58:05.450587+00:00
2026-06-24 03:00:00+00:00,XRP-USD,15m,1.1047999858856201,1.1047999858856201,1.1007000207901,1.1007000207901,493184,493184,yfinance,2026-07-10T06:58:05.450587+00:00
2026-06-24 03:15:00+00:00,XRP-USD,15m,1.1004999876022339,1.1009999513626099,1.0976999998092651,1.1009999513626099,5715584,5715584,yfinance,2026-07-10T06:58:05.450587+00:00
2026-06-24 03:30:00+00:00,XRP-USD,15m,1.1013000011444092,1.1049000024795532,1.1013000011444092,1.1038000583648682,2098816,2098816,yfinance,2026-07-10T06:58:05.450587+00:00
2026-06-24 03:45:00+00:00,XRP-USD,15m,1.103600025177002,1.1045000553131104,1.1023000478744507,1.1023000478744507,102758656,102758656,yfinance,2026-07-10T06:58:05.450587+00:00
2026-06-24 04:00:00+00:00,XRP-USD,15m,1.1024999618530273,1.1025999784469604,1.1009999513626099,1.1017999649047852,507008,507008,yfinance,2026-07-10T06:58:05.450587+00:00
2026-06-24 04:15:00+00:00,XRP-USD,15m,1.1019999980926514,1.1023999452590942,1.0942000150680542,1.095900058746338,5984000,5984000,yfinance,2026-07-10T06:58:05.450587+00:00
2026-06-24 04:30:00+00:00,XRP-USD,15m,1.0963000059127808,1.1008000373840332,1.0963000059127808,1.0988999605178833,14165376,14165376,yfinance,2026-07-10T06:58:05.450587+00:00
2026-06-24 04:45:00+00:00,XRP-USD,15m,1.0992000102996826,1.1023999452590942,1.0992000102996826,1.1003999710083008,0,0,yfinance,2026-07-10T06:58:05.450587+00:00
2026-06-24 05:00:00+00:00,XRP-USD,15m,1.1007000207901,1.1031999588012695,1.100000023841858,1.1022000312805176,0,0,yfinance,2026-07-10T06:58:05.450587+00:00
2026-06-24 05:15:00+00:00,XRP-USD,15m,1.1023999452590942,1.103600025177002,1.101099967956543,1.1026999950408936,0,0,yfinance,2026-07-10T06:58:05.450587+00:00
2026-06-24 05:30:00+00:00,XRP-USD,15m,1.1029000282287598,1.1053999662399292,1.1023999452590942,1.1038999557495117,0,0,yfinance,2026-07-10T06:58:05.450587+00:00
2026-06-24 05:45:00+00:00,XRP-USD,15m,1.104099988937378,1.1047999858856201,1.1032999753952026,1.1038000583648682,0,0,yfinance,2026-07-10T06:58:05.450587+00:00
2026-06-24 06:00:00+00:00,XRP-USD,15m,1.103600025177002,1.105299949645996,1.1014000177383423,1.1045000553131104,0,0,yfinance,2026-07-10T06:58:05.450587+00:00
2026-06-24 06:15:00+00:00,XRP-USD,15m,1.104200005531311,1.1043000221252441,1.1019999980926514,1.1022000312805176,0,0,yfinance,2026-07-10T06:58:05.450587+00:00
2026-06-24 06:30:00+00:00,XRP-USD,15m,1.1023000478744507,1.1035000085830688,1.1015000343322754,1.1018999814987183,0,0,yfinance,2026-07-10T06:58:05.450587+00:00
2026-06-24 06:45:00+00:00,XRP-USD,15m,1.101699948310852,1.1021000146865845,1.1008000373840332,1.1009000539779663,0,0,yfinance,2026-07-10T06:58:05.450587+00:00
2026-06-24 07:00:00+00:00,XRP-USD,15m,1.101199984550476,1.1014000177383423,1.0988999605178833,1.100600004196167,1253888,1253888,yfinance,2026-07-10T06:58:05.450587+00:00
2026-06-24 07:15:00+00:00,XRP-USD,15m,1.100600004196167,1.100600004196167,1.0986000299453735,1.0986000299453735,338432,338432,yfinance,2026-07-10T06:58:05.450587+00:00
2026-06-24 07:30:00+00:00,XRP-USD,15m,1.0985000133514404,1.0993000268936157,1.0963000059127808,1.0979000329971313,0,0,yfinance,2026-07-10T06:58:05.450587+00:00
2026-06-24 07:45:00+00:00,XRP-USD,15m,1.0978000164031982,1.0983999967575073,1.0958000421524048,1.0972000360488892,1564928,1564928,yfinance,2026-07-10T06:58:05.450587+00:00
2026-06-24 08:00:00+00:00,XRP-USD,15m,1.0973999500274658,1.0983999967575073,1.0963000059127808,1.097599983215332,0,0,yfinance,2026-07-10T06:58:05.450587+00:00
2026-06-24 08:15:00+00:00,XRP-USD,15m,1.0973999500274658,1.0986000299453735,1.0968999862670898,1.0982999801635742,0,0,yfinance,2026-07-10T06:58:05.450587+00:00
2026-06-24 08:30:00+00:00,XRP-USD,15m,1.0982999801635742,1.1019999980926514,1.0982999801635742,1.1019999980926514,0,0,yfinance,2026-07-10T06:58:05.450587+00:00
2026-06-24 08:45:00+00:00,XRP-USD,15m,1.1017999649047852,1.1018999814987183,1.0995999574661255,1.1007000207901,0,0,yfinance,2026-07-10T06:58:05.450587+00:00
2026-06-24 09:00:00+00:00,XRP-USD,15m,1.1004999876022339,1.1007000207901,1.0968999862670898,1.098099946975708,0,0,yfinance,2026-07-10T06:58:05.450587+00:00
2026-06-24 09:15:00+00:00,XRP-USD,15m,1.0980000495910645,1.0981999635696411,1.0964000225067139,1.096500039100647,0,0,yfinance,2026-07-10T06:58:05.450587+00:00
2026-06-24 09:30:00+00:00,XRP-USD,15m,1.09660005569458,1.0976999998092651,1.0957000255584717,1.0967999696731567,896640,896640,yfinance,2026-07-10T06:58:05.450587+00:00
2026-06-24 09:45:00+00:00,XRP-USD,15m,1.096500039100647,1.0980000495910645,1.0961999893188477,1.0972000360488892,23627904,23627904,yfinance,2026-07-10T06:58:05.450587+00:00
2026-06-24 10:00:00+00:00,XRP-USD,15m,1.0972000360488892,1.0973000526428223,1.094599962234497,1.0959999561309814,97280,97280,yfinance,2026-07-10T06:58:05.450587+00:00
2026-06-24 10:15:00+00:00,XRP-USD,15m,1.0953999757766724,1.0957000255584717,1.0831999778747559,1.085800051689148,86687872,86687872,yfinance,2026-07-10T06:58:05.450587+00:00
2026-06-24 10:30:00+00:00,XRP-USD,15m,1.0853999853134155,1.0865999460220337,1.083899974822998,1.0859999656677246,9733248,9733248,yfinance,2026-07-10T06:58:05.450587+00:00
2026-06-24 10:45:00+00:00,XRP-USD,15m,1.0857000350952148,1.086400032043457,1.0848000049591064,1.0851999521255493,4665728,4665728,yfinance,2026-07-10T06:58:05.450587+00:00
2026-06-24 11:00:00+00:00,XRP-USD,15m,1.0851999521255493,1.0866999626159668,1.080899953842163,1.082800030708313,14990208,14990208,yfinance,2026-07-10T06:58:05.450587+00:00
2026-06-24 11:15:00+00:00,XRP-USD,15m,1.0830999612808228,1.083899974822998,1.0813000202178955,1.0825999975204468,5686272,5686272,yfinance,2026-07-10T06:58:05.450587+00:00
2026-06-24 11:30:00+00:00,XRP-USD,15m,1.082900047302246,1.0888999700546265,1.082800030708313,1.0888999700546265,2940032,2940032,yfinance,2026-07-10T06:58:05.450587+00:00
2026-06-24 11:45:00+00:00,XRP-USD,15m,1.0887000560760498,1.0996999740600586,1.0886000394821167,1.0944000482559204,22838144,22838144,yfinance,2026-07-10T06:58:05.450587+00:00
2026-06-24 12:00:00+00:00,XRP-USD,15m,1.094499945640564,1.094499945640564,1.0911999940872192,1.092900037765503,7684224,7684224,yfinance,2026-07-10T06:58:05.450587+00:00
2026-06-24 12:15:00+00:00,XRP-USD,15m,1.0928000211715698,1.093500018119812,1.0894999504089355,1.0907000303268433,1542272,1542272,yfinance,2026-07-10T06:58:05.450587+00:00
2026-06-24 12:30:00+00:00,XRP-USD,15m,1.0908000469207764,1.0927000045776367,1.0895999670028687,1.0915000438690186,5218304,5218304,yfinance,2026-07-10T06:58:05.450587+00:00
2026-06-24 12:45:00+00:00,XRP-USD,15m,1.091599941253662,1.0920000076293945,1.0887000560760498,1.0888999700546265,660352,660352,yfinance,2026-07-10T06:58:05.450587+00:00
2026-06-24 13:00:00+00:00,XRP-USD,15m,1.0892000198364258,1.089400053024292,1.079200029373169,1.0815000534057617,0,0,yfinance,2026-07-10T06:58:05.450587+00:00
2026-06-24 13:15:00+00:00,XRP-USD,15m,1.0817999839782715,1.0822999477386475,1.0740000009536743,1.079200029373169,47498880,47498880,yfinance,2026-07-10T06:58:05.450587+00:00
2026-06-24 13:30:00+00:00,XRP-USD,15m,1.0772000551223755,1.0853999853134155,1.0753999948501587,1.0771000385284424,14180992,14180992,yfinance,2026-07-10T06:58:05.450587+00:00
2026-06-24 13:45:00+00:00,XRP-USD,15m,1.0774999856948853,1.0812000036239624,1.0742000341415405,1.0745999813079834,22501504,22501504,yfinance,2026-07-10T06:58:05.450587+00:00
2026-06-24 14:00:00+00:00,XRP-USD,15m,1.0744999647140503,1.0791000127792358,1.0728000402450562,1.076300024986267,22008192,22008192,yfinance,2026-07-10T06:58:05.450587+00:00
2026-06-24 14:15:00+00:00,XRP-USD,15m,1.076300024986267,1.0788999795913696,1.0733000040054321,1.0777000188827515,12310016,12310016,yfinance,2026-07-10T06:58:05.450587+00:00
2026-06-24 14:30:00+00:00,XRP-USD,15m,1.0778000354766846,1.080899953842163,1.073699951171875,1.076200008392334,11556480,11556480,yfinance,2026-07-10T06:58:05.450587+00:00
2026-06-24 14:45:00+00:00,XRP-USD,15m,1.0757999420166016,1.0765999555587769,1.072100043296814,1.0738999843597412,7852032,7852032,yfinance,2026-07-10T06:58:05.450587+00:00
2026-06-24 15:00:00+00:00,XRP-USD,15m,1.073699951171875,1.0738999843597412,1.069599986076355,1.070199966430664,7951616,7951616,yfinance,2026-07-10T06:58:05.450587+00:00
2026-06-24 15:15:00+00:00,XRP-USD,15m,1.0699000358581543,1.0708999633789062,1.0647000074386597,1.065500020980835,12525312,12525312,yfinance,2026-07-10T06:58:05.450587+00:00
2026-06-24 15:30:00+00:00,XRP-USD,15m,1.0657000541687012,1.065999984741211,1.059499979019165,1.0607000589370728,28529792,28529792,yfinance,2026-07-10T06:58:05.450587+00:00
2026-06-24 15:45:00+00:00,XRP-USD,15m,1.0605000257492065,1.0605000257492065,1.0551999807357788,1.0570000410079956,28379904,28379904,yfinance,2026-07-10T06:58:05.450587+00:00
2026-06-24 16:00:00+00:00,XRP-USD,15m,1.05649995803833,1.062399983406067,1.05649995803833,1.0621000528335571,12435456,12435456,yfinance,2026-07-10T06:58:05.450587+00:00
2026-06-24 16:15:00+00:00,XRP-USD,15m,1.062000036239624,1.066100001335144,1.0613000392913818,1.0643999576568604,13252864,13252864,yfinance,2026-07-10T06:58:05.450587+00:00
2026-06-24 16:30:00+00:00,XRP-USD,15m,1.0648000240325928,1.0652999877929688,1.0586999654769897,1.0602999925613403,18215680,18215680,yfinance,2026-07-10T06:58:05.450587+00:00
2026-06-24 16:45:00+00:00,XRP-USD,15m,1.0600999593734741,1.0600999593734741,1.0506999492645264,1.0556000471115112,53736320,53736320,yfinance,2026-07-10T06:58:05.450587+00:00
2026-06-24 17:00:00+00:00,XRP-USD,15m,1.0555000305175781,1.0595999956130981,1.0542000532150269,1.0576000213623047,39113984,39113984,yfinance,2026-07-10T06:58:05.450587+00:00
2026-06-24 17:15:00+00:00,XRP-USD,15m,1.0572999715805054,1.0582000017166138,1.0490000247955322,1.0543999671936035,38902656,38902656,yfinance,2026-07-10T06:58:05.450587+00:00
2026-06-24 17:30:00+00:00,XRP-USD,15m,1.0540000200271606,1.0555000305175781,1.0496000051498413,1.0499000549316406,33612416,33612416,yfinance,2026-07-10T06:58:05.450587+00:00
2026-06-24 17:45:00+00:00,XRP-USD,15m,1.0500999689102173,1.0514999628067017,1.045199990272522,1.0498000383377075,36139264,36139264,yfinance,2026-07-10T06:58:05.450587+00:00
2026-06-24 18:00:00+00:00,XRP-USD,15m,1.0499999523162842,1.0571999549865723,1.0484000444412231,1.0571000576019287,28217984,28217984,yfinance,2026-07-10T06:58:05.450587+00:00
2026-06-24 18:15:00+00:00,XRP-USD,15m,1.0570000410079956,1.069000005722046,1.0570000410079956,1.0662000179290771,43961472,43961472,yfinance,2026-07-10T06:58:05.450587+00:00
2026-06-24 18:30:00+00:00,XRP-USD,15m,1.0652999877929688,1.0662000179290771,1.0618000030517578,1.0628999471664429,13575040,13575040,yfinance,2026-07-10T06:58:05.450587+00:00
2026-06-24 18:45:00+00:00,XRP-USD,15m,1.0628999471664429,1.0631999969482422,1.0571999549865723,1.058500051498413,9574272,9574272,yfinance,2026-07-10T06:58:05.450587+00:00
2026-06-24 19:00:00+00:00,XRP-USD,15m,1.0592000484466553,1.0604000091552734,1.0529999732971191,1.0563000440597534,8080128,8080128,yfinance,2026-07-10T06:58:05.450587+00:00
2026-06-24 19:15:00+00:00,XRP-USD,15m,1.0532000064849854,1.0539000034332275,1.0509999990463257,1.0535000562667847,18095360,18095360,yfinance,2026-07-10T06:58:05.450587+00:00
2026-06-24 19:30:00+00:00,XRP-USD,15m,1.0536999702453613,1.0571999549865723,1.0526000261306763,1.0535000562667847,18851712,18851712,yfinance,2026-07-10T06:58:05.450587+00:00
2026-06-24 19:45:00+00:00,XRP-USD,15m,1.0540000200271606,1.0606000423431396,1.0528000593185425,1.055799961090088,13391232,13391232,yfinance,2026-07-10T06:58:05.450587+00:00
2026-06-24 20:00:00+00:00,XRP-USD,15m,1.0556999444961548,1.0678999423980713,1.0527000427246094,1.0663000345230103,56416384,56416384,yfinance,2026-07-10T06:58:05.450587+00:00
2026-06-24 20:15:00+00:00,XRP-USD,15m,1.0662000179290771,1.0680999755859375,1.0645999908447266,1.0670000314712524,13475072,13475072,yfinance,2026-07-10T06:58:05.450587+00:00
2026-06-24 20:30:00+00:00,XRP-USD,15m,1.0673999786376953,1.072100043296814,1.0670000314712524,1.0712000131607056,17237888,17237888,yfinance,2026-07-10T06:58:05.450587+00:00
2026-06-24 20:45:00+00:00,XRP-USD,15m,1.0707999467849731,1.076799988746643,1.0707999467849731,1.0729999542236328,19509760,19509760,yfinance,2026-07-10T06:58:05.450587+00:00
2026-06-24 21:00:00+00:00,XRP-USD,15m,1.0734000205993652,1.0734000205993652,1.0657000541687012,1.067199945449829,16227072,16227072,yfinance,2026-07-10T06:58:05.450587+00:00
2026-06-24 21:15:00+00:00,XRP-USD,15m,1.0664000511169434,1.0715999603271484,1.065600037574768,1.0713000297546387,10146560,10146560,yfinance,2026-07-10T06:58:05.450587+00:00
2026-06-24 21:30:00+00:00,XRP-USD,15m,1.0709999799728394,1.0748000144958496,1.069200038909912,1.0742000341415405,9174912,9174912,yfinance,2026-07-10T06:58:05.450587+00:00
2026-06-24 21:45:00+00:00,XRP-USD,15m,1.0740000009536743,1.0757999420166016,1.0717999935150146,1.0750000476837158,15990528,15990528,yfinance,2026-07-10T06:58:05.450587+00:00
2026-06-24 22:00:00+00:00,XRP-USD,15m,1.0744999647140503,1.0788999795913696,1.0738999843597412,1.0738999843597412,14360064,14360064,yfinance,2026-07-10T06:58:05.450587+00:00
2026-06-24 22:15:00+00:00,XRP-USD,15m,1.0741000175476074,1.0741000175476074,1.072700023651123,1.0729999542236328,33792,33792,yfinance,2026-07-10T06:58:05.450587+00:00
2026-06-24 22:30:00+00:00,XRP-USD,15m,1.073099970817566,1.0738999843597412,1.070199966430664,1.0712000131607056,3225088,3225088,yfinance,2026-07-10T06:58:05.450587+00:00
2026-06-24 22:45:00+00:00,XRP-USD,15m,1.0712000131607056,1.0712000131607056,1.06850004196167,1.0698000192642212,4285440,4285440,yfinance,2026-07-10T06:58:05.450587+00:00
2026-06-24 23:00:00+00:00,XRP-USD,15m,1.0699000358581543,1.0703999996185303,1.06850004196167,1.069100022315979,1353472,1353472,yfinance,2026-07-10T06:58:05.450587+00:00
2026-06-24 23:15:00+00:00,XRP-USD,15m,1.0693000555038452,1.073699951171875,1.0684000253677368,1.0723999738693237,9501952,9501952,yfinance,2026-07-10T06:58:05.450587+00:00
2026-06-24 23:30:00+00:00,XRP-USD,15m,1.0723999738693237,1.0743000507354736,1.0721999406814575,1.0735000371932983,6449152,6449152,yfinance,2026-07-10T06:58:05.450587+00:00
2026-06-24 23:45:00+00:00,XRP-USD,15m,1.0734000205993652,1.0743000507354736,1.0703999996185303,1.0720000267028809,2172160,2172160,yfinance,2026-07-10T06:58:05.450587+00:00
2026-06-25 00:00:00+00:00,XRP-USD,15m,1.0720000267028809,1.0753999948501587,1.0714999437332153,1.0745999813079834,63232,63232,yfinance,2026-07-10T06:58:05.450587+00:00
2026-06-25 00:15:00+00:00,XRP-USD,15m,1.0743999481201172,1.075700044631958,1.0716999769210815,1.0721999406814575,126720,126720,yfinance,2026-07-10T06:58:05.450587+00:00
2026-06-25 00:30:00+00:00,XRP-USD,15m,1.0723999738693237,1.072700023651123,1.0709999799728394,1.0719000101089478,702208,702208,yfinance,2026-07-10T06:58:05.450587+00:00
2026-06-25 00:45:00+00:00,XRP-USD,15m,1.0720000267028809,1.0743999481201172,1.0707000494003296,1.0724999904632568,5529088,5529088,yfinance,2026-07-10T06:58:05.450587+00:00
2026-06-25 01:00:00+00:00,XRP-USD,15m,1.0724999904632568,1.0764000415802002,1.0724999904632568,1.0746999979019165,10844672,10844672,yfinance,2026-07-10T06:58:05.450587+00:00
2026-06-25 01:15:00+00:00,XRP-USD,15m,1.0750000476837158,1.0765000581741333,1.0734000205993652,1.0736000537872314,5255936,5255936,yfinance,2026-07-10T06:58:05.450587+00:00
2026-06-25 01:30:00+00:00,XRP-USD,15m,1.0733000040054321,1.0750000476837158,1.0713000297546387,1.0715999603271484,1364736,1364736,yfinance,2026-07-10T06:58:05.450587+00:00
2026-06-25 01:45:00+00:00,XRP-USD,15m,1.0720000267028809,1.0749000310897827,1.0714999437332153,1.0741000175476074,8283904,8283904,yfinance,2026-07-10T06:58:05.450587+00:00
2026-06-25 02:00:00+00:00,XRP-USD,15m,1.0740000009536743,1.075600028038025,1.0709999799728394,1.0722999572753906,1578496,1578496,yfinance,2026-07-10T06:58:05.450587+00:00
2026-06-25 02:15:00+00:00,XRP-USD,15m,1.0722999572753906,1.0741000175476074,1.0714999437332153,1.0734000205993652,2142464,2142464,yfinance,2026-07-10T06:58:05.450587+00:00
2026-06-25 02:30:00+00:00,XRP-USD,15m,1.0729000568389893,1.0729999542236328,1.0678999423980713,1.0679999589920044,1811712,1811712,yfinance,2026-07-10T06:58:05.450587+00:00
2026-06-25 02:45:00+00:00,XRP-USD,15m,1.0680999755859375,1.070199966430664,1.0679999589920044,1.0698000192642212,13025536,13025536,yfinance,2026-07-10T06:58:05.450587+00:00
2026-06-25 03:00:00+00:00,XRP-USD,15m,1.0699000358581543,1.0720000267028809,1.06850004196167,1.069000005722046,2618112,2618112,yfinance,2026-07-10T06:58:05.450587+00:00
2026-06-25 03:15:00+00:00,XRP-USD,15m,1.0686999559402466,1.0693000555038452,1.0678000450134277,1.0681999921798706,2160128,2160128,yfinance,2026-07-10T06:58:05.450587+00:00
2026-06-25 03:30:00+00:00,XRP-USD,15m,1.0684000253677368,1.0698000192642212,1.0679999589920044,1.0683000087738037,2194944,2194944,yfinance,2026-07-10T06:58:05.450587+00:00
2026-06-25 03:45:00+00:00,XRP-USD,15m,1.06850004196167,1.0707999467849731,1.0679999589920044,1.070199966430664,5740288,5740288,yfinance,2026-07-10T06:58:05.450587+00:00
2026-06-25 04:00:00+00:00,XRP-USD,15m,1.0706000328063965,1.0707999467849731,1.0693999528884888,1.0699000358581543,2371584,2371584,yfinance,2026-07-10T06:58:05.450587+00:00
2026-06-25 04:15:00+00:00,XRP-USD,15m,1.069700002670288,1.0707999467849731,1.069200038909912,1.070099949836731,873216,873216,yfinance,2026-07-10T06:58:05.450587+00:00
2026-06-25 04:30:00+00:00,XRP-USD,15m,1.070199966430664,1.0708999633789062,1.0683000087738037,1.0708999633789062,0,0,yfinance,2026-07-10T06:58:05.450587+00:00
2026-06-25 04:45:00+00:00,XRP-USD,15m,1.0707000494003296,1.079800009727478,1.0707000494003296,1.0786000490188599,16880896,16880896,yfinance,2026-07-10T06:58:05.450587+00:00
2026-06-25 05:00:00+00:00,XRP-USD,15m,1.0784000158309937,1.083299994468689,1.0770000219345093,1.083299994468689,29523968,29523968,yfinance,2026-07-10T06:58:05.450587+00:00
2026-06-25 05:15:00+00:00,XRP-USD,15m,1.0836000442504883,1.086300015449524,1.0817999839782715,1.0839999914169312,13690112,13690112,yfinance,2026-07-10T06:58:05.450587+00:00
2026-06-25 05:30:00+00:00,XRP-USD,15m,1.0842000246047974,1.0851000547409058,1.0819000005722046,1.0819000005722046,7938304,7938304,yfinance,2026-07-10T06:58:05.450587+00:00
2026-06-25 05:45:00+00:00,XRP-USD,15m,1.0821000337600708,1.0844000577926636,1.0815000534057617,1.082900047302246,2839552,2839552,yfinance,2026-07-10T06:58:05.450587+00:00
2026-06-25 06:00:00+00:00,XRP-USD,15m,1.082900047302246,1.0865999460220337,1.0822999477386475,1.0857000350952148,5451776,5451776,yfinance,2026-07-10T06:58:05.450587+00:00
2026-06-25 06:15:00+00:00,XRP-USD,15m,1.0852999687194824,1.0881999731063843,1.0844000577926636,1.0848000049591064,11327488,11327488,yfinance,2026-07-10T06:58:05.450587+00:00
2026-06-25 06:30:00+00:00,XRP-USD,15m,1.0845999717712402,1.0865999460220337,1.0836999416351318,1.0865000486373901,8200960,8200960,yfinance,2026-07-10T06:58:05.450587+00:00
2026-06-25 06:45:00+00:00,XRP-USD,15m,1.0865000486373901,1.0875999927520752,1.085800051689148,1.086300015449524,8758272,8758272,yfinance,2026-07-10T06:58:05.450587+00:00
2026-06-25 07:00:00+00:00,XRP-USD,15m,1.0865999460220337,1.0867999792099,1.0831999778747559,1.0841000080108643,4259072,4259072,yfinance,2026-07-10T06:58:05.450587+00:00
2026-06-25 07:15:00+00:00,XRP-USD,15m,1.0836999416351318,1.0852999687194824,1.083299994468689,1.0843000411987305,5948416,5948416,yfinance,2026-07-10T06:58:05.450587+00:00
2026-06-25 07:30:00+00:00,XRP-USD,15m,1.0843000411987305,1.086400032043457,1.0841000080108643,1.0860999822616577,1941248,1941248,yfinance,2026-07-10T06:58:05.450587+00:00
2026-06-25 07:45:00+00:00,XRP-USD,15m,1.0858999490737915,1.0858999490737915,1.0839999914169312,1.0852999687194824,0,0,yfinance,2026-07-10T06:58:05.450587+00:00
2026-06-25 08:00:00+00:00,XRP-USD,15m,1.0853999853134155,1.0853999853134155,1.0823999643325806,1.0827000141143799,1201152,1201152,yfinance,2026-07-10T06:58:05.450587+00:00
2026-06-25 08:15:00+00:00,XRP-USD,15m,1.0827000141143799,1.0827000141143799,1.0807000398635864,1.0815000534057617,1600000,1600000,yfinance,2026-07-10T06:58:05.450587+00:00
2026-06-25 08:30:00+00:00,XRP-USD,15m,1.0814000368118286,1.0825999975204468,1.0809999704360962,1.0823999643325806,252160,252160,yfinance,2026-07-10T06:58:05.450587+00:00
2026-06-25 08:45:00+00:00,XRP-USD,15m,1.0824999809265137,1.0827000141143799,1.0812000036239624,1.0812000036239624,0,0,yfinance,2026-07-10T06:58:05.450587+00:00
2026-06-25 09:00:00+00:00,XRP-USD,15m,1.0815000534057617,1.082200050354004,1.0809999704360962,1.0817999839782715,623104,623104,yfinance,2026-07-10T06:58:05.450587+00:00
2026-06-25 09:15:00+00:00,XRP-USD,15m,1.0817999839782715,1.082200050354004,1.079300045967102,1.080299973487854,2796288,2796288,yfinance,2026-07-10T06:58:05.450587+00:00
2026-06-25 09:30:00+00:00,XRP-USD,15m,1.080299973487854,1.0807000398635864,1.0786999464035034,1.079300045967102,1123072,1123072,yfinance,2026-07-10T06:58:05.450587+00:00
2026-06-25 09:45:00+00:00,XRP-USD,15m,1.079200029373169,1.080199956893921,1.0791000127792358,1.079800009727478,0,0,yfinance,2026-07-10T06:58:05.450587+00:00
2026-06-25 10:00:00+00:00,XRP-USD,15m,1.0800000429153442,1.0805000066757202,1.0777000188827515,1.0789999961853027,0,0,yfinance,2026-07-10T06:58:05.450587+00:00
2026-06-25 10:15:00+00:00,XRP-USD,15m,1.0788999795913696,1.0795999765396118,1.0765000581741333,1.076799988746643,370432,370432,yfinance,2026-07-10T06:58:05.450587+00:00
2026-06-25 10:30:00+00:00,XRP-USD,15m,1.076799988746643,1.0770000219345093,1.073099970817566,1.073099970817566,0,0,yfinance,2026-07-10T06:58:05.450587+00:00
2026-06-25 10:45:00+00:00,XRP-USD,15m,1.0729999542236328,1.0741000175476074,1.0715999603271484,1.0723999738693237,2794496,2794496,yfinance,2026-07-10T06:58:05.450587+00:00
2026-06-25 11:00:00+00:00,XRP-USD,15m,1.0722999572753906,1.073099970817566,1.0664000511169434,1.0706000328063965,0,0,yfinance,2026-07-10T06:58:05.450587+00:00
2026-06-25 11:15:00+00:00,XRP-USD,15m,1.0703999996185303,1.0714999437332153,1.068600058555603,1.0688999891281128,1121792,1121792,yfinance,2026-07-10T06:58:05.450587+00:00
2026-06-25 11:30:00+00:00,XRP-USD,15m,1.069000005722046,1.069599986076355,1.0678999423980713,1.0693999528884888,0,0,yfinance,2026-07-10T06:58:05.450587+00:00
2026-06-25 11:45:00+00:00,XRP-USD,15m,1.0694999694824219,1.0706000328063965,1.0678999423980713,1.0706000328063965,0,0,yfinance,2026-07-10T06:58:05.450587+00:00
2026-06-25 12:00:00+00:00,XRP-USD,15m,1.0713000297546387,1.0714000463485718,1.0686999559402466,1.0693000555038452,0,0,yfinance,2026-07-10T06:58:05.450587+00:00
2026-06-25 12:15:00+00:00,XRP-USD,15m,1.069100022315979,1.069200038909912,1.0657000541687012,1.066100001335144,0,0,yfinance,2026-07-10T06:58:05.450587+00:00
2026-06-25 12:30:00+00:00,XRP-USD,15m,1.066499948501587,1.0772000551223755,1.066499948501587,1.0733000040054321,40428800,40428800,yfinance,2026-07-10T06:58:05.450587+00:00
2026-06-25 12:45:00+00:00,XRP-USD,15m,1.073199987411499,1.0744999647140503,1.0715999603271484,1.0733000040054321,4193536,4193536,yfinance,2026-07-10T06:58:05.450587+00:00
2026-06-25 13:00:00+00:00,XRP-USD,15m,1.0734000205993652,1.0745999813079834,1.0722999572753906,1.073799967765808,476928,476928,yfinance,2026-07-10T06:58:05.450587+00:00
2026-06-25 13:15:00+00:00,XRP-USD,15m,1.0736000537872314,1.0741000175476074,1.072100043296814,1.0724999904632568,0,0,yfinance,2026-07-10T06:58:05.450587+00:00
2026-06-25 13:30:00+00:00,XRP-USD,15m,1.0722999572753906,1.0740000009536743,1.0529999732971191,1.0529999732971191,217856,217856,yfinance,2026-07-10T06:58:05.450587+00:00
2026-06-25 13:45:00+00:00,XRP-USD,15m,1.0542000532150269,1.056399941444397,1.0115000009536743,1.0130000114440918,157220608,157220608,yfinance,2026-07-10T06:58:05.450587+00:00
2026-06-25 14:00:00+00:00,XRP-USD,15m,1.0161999464035034,1.0418000221252441,1.0161999464035034,1.035599946975708,171066112,171066112,yfinance,2026-07-10T06:58:05.450587+00:00
2026-06-25 14:15:00+00:00,XRP-USD,15m,1.0369999408721924,1.0403000116348267,1.0269999504089355,1.031999945640564,55772928,55772928,yfinance,2026-07-10T06:58:05.450587+00:00
2026-06-25 14:30:00+00:00,XRP-USD,15m,1.0322999954223633,1.0472999811172485,1.0293999910354614,1.0326999425888062,61478144,61478144,yfinance,2026-07-10T06:58:05.450587+00:00
2026-06-25 14:45:00+00:00,XRP-USD,15m,1.0332000255584717,1.0377000570297241,1.0306999683380127,1.0324000120162964,22856448,22856448,yfinance,2026-07-10T06:58:05.450587+00:00
2026-06-25 15:00:00+00:00,XRP-USD,15m,1.0321999788284302,1.0321999788284302,1.0242999792099,1.0252000093460083,22064384,22064384,yfinance,2026-07-10T06:58:05.450587+00:00
2026-06-25 15:15:00+00:00,XRP-USD,15m,1.0246000289916992,1.0333000421524048,1.0223000049591064,1.0311000347137451,19053568,19053568,yfinance,2026-07-10T06:58:05.450587+00:00
2026-06-25 15:30:00+00:00,XRP-USD,15m,1.0311000347137451,1.0347000360488892,1.0277999639511108,1.0296000242233276,0,0,yfinance,2026-07-10T06:58:05.450587+00:00
2026-06-25 15:45:00+00:00,XRP-USD,15m,1.0293999910354614,1.0361000299453735,1.0285999774932861,1.0334999561309814,0,0,yfinance,2026-07-10T06:58:05.450587+00:00
2026-06-25 16:00:00+00:00,XRP-USD,15m,1.0339000225067139,1.0428999662399292,1.0327999591827393,1.0390000343322754,4848384,4848384,yfinance,2026-07-10T06:58:05.450587+00:00
2026-06-25 16:15:00+00:00,XRP-USD,15m,1.0388000011444092,1.0394999980926514,1.0355000495910645,1.0369999408721924,1165312,1165312,yfinance,2026-07-10T06:58:05.450587+00:00
2026-06-25 16:30:00+00:00,XRP-USD,15m,1.0356999635696411,1.0356999635696411,1.0277999639511108,1.0277999639511108,6931968,6931968,yfinance,2026-07-10T06:58:05.450587+00:00
2026-06-25 16:45:00+00:00,XRP-USD,15m,1.0276999473571777,1.0298000574111938,1.0253000259399414,1.0293999910354614,2651392,2651392,yfinance,2026-07-10T06:58:05.450587+00:00
2026-06-25 17:00:00+00:00,XRP-USD,15m,1.0293999910354614,1.0371999740600586,1.0288000106811523,1.0364999771118164,1028096,1028096,yfinance,2026-07-10T06:58:05.450587+00:00
2026-06-25 17:15:00+00:00,XRP-USD,15m,1.0370999574661255,1.0429999828338623,1.0362000465393066,1.0424000024795532,0,0,yfinance,2026-07-10T06:58:05.450587+00:00
2026-06-25 17:30:00+00:00,XRP-USD,15m,1.0424000024795532,1.0434000492095947,1.0399999618530273,1.0403000116348267,0,0,yfinance,2026-07-10T06:58:05.450587+00:00
2026-06-25 17:45:00+00:00,XRP-USD,15m,1.0399999618530273,1.0444999933242798,1.0379999876022339,1.0444999933242798,0,0,yfinance,2026-07-10T06:58:05.450587+00:00
2026-06-25 18:00:00+00:00,XRP-USD,15m,1.0450999736785889,1.0462000370025635,1.0370999574661255,1.037600040435791,1104384,1104384,yfinance,2026-07-10T06:58:05.450587+00:00
2026-06-25 18:15:00+00:00,XRP-USD,15m,1.0377999544143677,1.0437999963760376,1.037600040435791,1.0413000583648682,0,0,yfinance,2026-07-10T06:58:05.450587+00:00
2026-06-25 18:30:00+00:00,XRP-USD,15m,1.0405999422073364,1.0410000085830688,1.0334999561309814,1.035099983215332,0,0,yfinance,2026-07-10T06:58:05.450587+00:00
2026-06-25 18:45:00+00:00,XRP-USD,15m,1.0343999862670898,1.034999966621399,1.031999945640564,1.0326999425888062,0,0,yfinance,2026-07-10T06:58:05.450587+00:00
2026-06-25 19:00:00+00:00,XRP-USD,15m,1.0328999757766724,1.0329999923706055,1.0276999473571777,1.02839994430542,0,0,yfinance,2026-07-10T06:58:05.450587+00:00
2026-06-25 19:15:00+00:00,XRP-USD,15m,1.0281000137329102,1.0298999547958374,1.0269999504089355,1.0295000076293945,6744064,6744064,yfinance,2026-07-10T06:58:05.450587+00:00
2026-06-25 19:30:00+00:00,XRP-USD,15m,1.0290000438690186,1.0325000286102295,1.0289000272750854,1.031599998474121,925184,925184,yfinance,2026-07-10T06:58:05.450587+00:00
2026-06-25 19:45:00+00:00,XRP-USD,15m,1.0312000513076782,1.0333000421524048,1.0289000272750854,1.0325000286102295,0,0,yfinance,2026-07-10T06:58:05.450587+00:00
2026-06-25 20:00:00+00:00,XRP-USD,15m,1.0332000255584717,1.0384000539779663,1.0329999923706055,1.0343999862670898,0,0,yfinance,2026-07-10T06:58:05.450587+00:00
2026-06-25 20:15:00+00:00,XRP-USD,15m,1.0347000360488892,1.0382000207901,1.0342999696731567,1.0371999740600586,265728,265728,yfinance,2026-07-10T06:58:05.450587+00:00
2026-06-25 20:30:00+00:00,XRP-USD,15m,1.037500023841858,1.037500023841858,1.030900001525879,1.0317000150680542,0,0,yfinance,2026-07-10T06:58:05.450587+00:00
2026-06-25 20:45:00+00:00,XRP-USD,15m,1.0317000150680542,1.0319000482559204,1.0297000408172607,1.0317000150680542,0,0,yfinance,2026-07-10T06:58:05.450587+00:00
2026-06-25 21:00:00+00:00,XRP-USD,15m,1.031599998474121,1.0335999727249146,1.031000018119812,1.0328999757766724,0,0,yfinance,2026-07-10T06:58:05.450587+00:00
2026-06-25 21:15:00+00:00,XRP-USD,15m,1.0328999757766724,1.034600019454956,1.031499981880188,1.03410005569458,288768,288768,yfinance,2026-07-10T06:58:05.450587+00:00
2026-06-25 21:30:00+00:00,XRP-USD,15m,1.034000039100647,1.0405999422073364,1.0339000225067139,1.0384999513626099,10490880,10490880,yfinance,2026-07-10T06:58:05.450587+00:00
2026-06-25 21:45:00+00:00,XRP-USD,15m,1.0383000373840332,1.042199969291687,1.037500023841858,1.042099952697754,0,0,yfinance,2026-07-10T06:58:05.450587+00:00
2026-06-25 22:00:00+00:00,XRP-USD,15m,1.041599988937378,1.0422999858856201,1.0374000072479248,1.0391000509262085,0,0,yfinance,2026-07-10T06:58:05.450587+00:00
2026-06-25 22:15:00+00:00,XRP-USD,15m,1.0389000177383423,1.0401999950408936,1.0369000434875488,1.0374000072479248,3581440,3581440,yfinance,2026-07-10T06:58:05.450587+00:00
2026-06-25 22:30:00+00:00,XRP-USD,15m,1.0374000072479248,1.0408999919891357,1.0374000072479248,1.0393999814987183,3001088,3001088,yfinance,2026-07-10T06:58:05.450587+00:00
2026-06-25 22:45:00+00:00,XRP-USD,15m,1.0396000146865845,1.0410000085830688,1.038100004196167,1.0394999980926514,481024,481024,yfinance,2026-07-10T06:58:05.450587+00:00
2026-06-25 23:00:00+00:00,XRP-USD,15m,1.0392999649047852,1.0398999452590942,1.0358999967575073,1.0389000177383423,0,0,yfinance,2026-07-10T06:58:05.450587+00:00
2026-06-25 23:15:00+00:00,XRP-USD,15m,1.038699984550476,1.0461000204086304,1.0384999513626099,1.0450999736785889,16873472,16873472,yfinance,2026-07-10T06:58:05.450587+00:00
2026-06-25 23:30:00+00:00,XRP-USD,15m,1.0450999736785889,1.0469000339508057,1.0430999994277954,1.044100046157837,8210944,8210944,yfinance,2026-07-10T06:58:05.450587+00:00
2026-06-25 23:45:00+00:00,XRP-USD,15m,1.0439000129699707,1.0439000129699707,1.0406999588012695,1.0419000387191772,876800,876800,yfinance,2026-07-10T06:58:05.450587+00:00
2026-06-26 00:00:00+00:00,XRP-USD,15m,1.042199969291687,1.0441999435424805,1.041700005531311,1.0439000129699707,245248,245248,yfinance,2026-07-10T06:58:05.450587+00:00
2026-06-26 00:15:00+00:00,XRP-USD,15m,1.0432000160217285,1.044700026512146,1.0407999753952026,1.0418000221252441,3060480,3060480,yfinance,2026-07-10T06:58:05.450587+00:00
2026-06-26 00:30:00+00:00,XRP-USD,15m,1.0419000387191772,1.0432000160217285,1.0405000448226929,1.041599988937378,1733376,1733376,yfinance,2026-07-10T06:58:05.450587+00:00
2026-06-26 00:45:00+00:00,XRP-USD,15m,1.0418000221252441,1.0424000024795532,1.039199948310852,1.0398000478744507,5574400,5574400,yfinance,2026-07-10T06:58:05.450587+00:00
2026-06-26 01:00:00+00:00,XRP-USD,15m,1.0396000146865845,1.041200041770935,1.0361000299453735,1.0364999771118164,1436672,1436672,yfinance,2026-07-10T06:58:05.450587+00:00
2026-06-26 01:15:00+00:00,XRP-USD,15m,1.0363999605178833,1.0372999906539917,1.0292999744415283,1.0292999744415283,0,0,yfinance,2026-07-10T06:58:05.450587+00:00
2026-06-26 01:30:00+00:00,XRP-USD,15m,1.0297000408172607,1.030500054359436,1.027400016784668,1.0298999547958374,8088320,8088320,yfinance,2026-07-10T06:58:05.450587+00:00
2026-06-26 01:45:00+00:00,XRP-USD,15m,1.0297000408172607,1.0317000150680542,1.0293999910354614,1.0305999517440796,2624512,2624512,yfinance,2026-07-10T06:58:05.450587+00:00
2026-06-26 02:00:00+00:00,XRP-USD,15m,1.0307999849319458,1.0307999849319458,1.0153000354766846,1.0156999826431274,5872128,5872128,yfinance,2026-07-10T06:58:05.450587+00:00
2026-06-26 02:15:00+00:00,XRP-USD,15m,1.0161999464035034,1.020300030708313,1.0104000568389893,1.0198999643325806,71977472,71977472,yfinance,2026-07-10T06:58:05.450587+00:00
2026-06-26 02:30:00+00:00,XRP-USD,15m,1.0192999839782715,1.0217000246047974,1.0151000022888184,1.0170999765396118,33501696,33501696,yfinance,2026-07-10T06:58:05.450587+00:00
2026-06-26 02:45:00+00:00,XRP-USD,15m,1.017300009727478,1.017699956893921,1.0104999542236328,1.013200044631958,14468096,14468096,yfinance,2026-07-10T06:58:05.450587+00:00
2026-06-26 03:00:00+00:00,XRP-USD,15m,1.013200044631958,1.020799994468689,1.0080000162124634,1.0198999643325806,62669824,62669824,yfinance,2026-07-10T06:58:05.450587+00:00
2026-06-26 03:15:00+00:00,XRP-USD,15m,1.0196000337600708,1.0211999416351318,1.0151000022888184,1.0196000337600708,10257408,10257408,yfinance,2026-07-10T06:58:05.450587+00:00
2026-06-26 03:30:00+00:00,XRP-USD,15m,1.0192999839782715,1.0234999656677246,1.0164999961853027,1.0232000350952148,23647744,23647744,yfinance,2026-07-10T06:58:05.450587+00:00
2026-06-26 03:45:00+00:00,XRP-USD,15m,1.0230000019073486,1.0342999696731567,1.0230000019073486,1.0331000089645386,34662656,34662656,yfinance,2026-07-10T06:58:05.450587+00:00
2026-06-26 04:00:00+00:00,XRP-USD,15m,1.0328999757766724,1.0329999923706055,1.0293999910354614,1.0302000045776367,28279040,28279040,yfinance,2026-07-10T06:58:05.450587+00:00
2026-06-26 04:15:00+00:00,XRP-USD,15m,1.0297000408172607,1.0339000225067139,1.027899980545044,1.029099941253662,9093376,9093376,yfinance,2026-07-10T06:58:05.450587+00:00
2026-06-26 04:30:00+00:00,XRP-USD,15m,1.0291999578475952,1.0297000408172607,1.0273000001907349,1.0286999940872192,11564288,11564288,yfinance,2026-07-10T06:58:05.450587+00:00
2026-06-26 04:45:00+00:00,XRP-USD,15m,1.0289000272750854,1.0291999578475952,1.0255000591278076,1.0268000364303589,1129728,1129728,yfinance,2026-07-10T06:58:05.450587+00:00
2026-06-26 05:00:00+00:00,XRP-USD,15m,1.0267000198364258,1.0277999639511108,1.0253000259399414,1.0277999639511108,0,0,yfinance,2026-07-10T06:58:05.450587+00:00
2026-06-26 05:15:00+00:00,XRP-USD,15m,1.027899980545044,1.031999945640564,1.0270999670028687,1.030900001525879,75520,75520,yfinance,2026-07-10T06:58:05.450587+00:00
2026-06-26 05:30:00+00:00,XRP-USD,15m,1.031000018119812,1.0335999727249146,1.0307999849319458,1.031000018119812,11956480,11956480,yfinance,2026-07-10T06:58:05.450587+00:00
2026-06-26 05:45:00+00:00,XRP-USD,15m,1.0311000347137451,1.0329999923706055,1.0295000076293945,1.0319000482559204,921088,921088,yfinance,2026-07-10T06:58:05.450587+00:00
2026-06-26 06:00:00+00:00,XRP-USD,15m,1.0313999652862549,1.031499981880188,1.027999997138977,1.0290000438690186,940032,940032,yfinance,2026-07-10T06:58:05.450587+00:00
2026-06-26 06:15:00+00:00,XRP-USD,15m,1.029099941253662,1.0369000434875488,1.0285999774932861,1.0357999801635742,11567104,11567104,yfinance,2026-07-10T06:58:05.450587+00:00
2026-06-26 06:30:00+00:00,XRP-USD,15m,1.0356999635696411,1.0433000326156616,1.0341999530792236,1.0430999994277954,6779648,6779648,yfinance,2026-07-10T06:58:05.450587+00:00
2026-06-26 06:45:00+00:00,XRP-USD,15m,1.0429999828338623,1.0443999767303467,1.0408999919891357,1.0430999994277954,20127744,20127744,yfinance,2026-07-10T06:58:05.450587+00:00
2026-06-26 07:00:00+00:00,XRP-USD,15m,1.0434999465942383,1.04830002784729,1.042799949645996,1.0476000308990479,8844544,8844544,yfinance,2026-07-10T06:58:05.450587+00:00
2026-06-26 07:15:00+00:00,XRP-USD,15m,1.0471999645233154,1.0485999584197998,1.0454000234603882,1.0469000339508057,11541760,11541760,yfinance,2026-07-10T06:58:05.450587+00:00
2026-06-26 07:30:00+00:00,XRP-USD,15m,1.0469000339508057,1.051200032234192,1.0464999675750732,1.0479999780654907,17980928,17980928,yfinance,2026-07-10T06:58:05.450587+00:00
2026-06-26 07:45:00+00:00,XRP-USD,15m,1.047700047492981,1.0490000247955322,1.0468000173568726,1.0480999946594238,18412288,18412288,yfinance,2026-07-10T06:58:05.450587+00:00
2026-06-26 08:00:00+00:00,XRP-USD,15m,1.0484999418258667,1.0492000579833984,1.0396000146865845,1.0398999452590942,11789056,11789056,yfinance,2026-07-10T06:58:05.450587+00:00
2026-06-26 08:15:00+00:00,XRP-USD,15m,1.0401999950408936,1.0413000583648682,1.038699984550476,1.039199948310852,15566336,15566336,yfinance,2026-07-10T06:58:05.450587+00:00
2026-06-26 08:30:00+00:00,XRP-USD,15m,1.0390000343322754,1.039199948310852,1.0358999967575073,1.0365999937057495,6655744,6655744,yfinance,2026-07-10T06:58:05.450587+00:00
2026-06-26 08:45:00+00:00,XRP-USD,15m,1.0370999574661255,1.0383000373840332,1.0362999439239502,1.0377999544143677,4919040,4919040,yfinance,2026-07-10T06:58:05.450587+00:00
2026-06-26 09:00:00+00:00,XRP-USD,15m,1.0378999710083008,1.0379999876022339,1.0348000526428223,1.0368000268936157,3309056,3309056,yfinance,2026-07-10T06:58:05.450587+00:00
2026-06-26 09:15:00+00:00,XRP-USD,15m,1.0367000102996826,1.0374000072479248,1.0353000164031982,1.035599946975708,8267264,8267264,yfinance,2026-07-10T06:58:05.450587+00:00
2026-06-26 09:30:00+00:00,XRP-USD,15m,1.0355000495910645,1.0362000465393066,1.0329999923706055,1.0339000225067139,2866176,2866176,yfinance,2026-07-10T06:58:05.450587+00:00
2026-06-26 09:45:00+00:00,XRP-USD,15m,1.0338000059127808,1.0347000360488892,1.027400016784668,1.0302000045776367,9229568,9229568,yfinance,2026-07-10T06:58:05.450587+00:00
2026-06-26 10:00:00+00:00,XRP-USD,15m,1.0302000045776367,1.0326000452041626,1.0289000272750854,1.031499981880188,7850752,7850752,yfinance,2026-07-10T06:58:05.450587+00:00
2026-06-26 10:15:00+00:00,XRP-USD,15m,1.031499981880188,1.0326000452041626,1.0307999849319458,1.0312999486923218,3389440,3389440,yfinance,2026-07-10T06:58:05.450587+00:00
2026-06-26 10:30:00+00:00,XRP-USD,15m,1.0312999486923218,1.031999945640564,1.0254000425338745,1.0264999866485596,0,0,yfinance,2026-07-10T06:58:05.450587+00:00
2026-06-26 10:45:00+00:00,XRP-USD,15m,1.0264999866485596,1.026900053024292,1.0242999792099,1.0260000228881836,670976,670976,yfinance,2026-07-10T06:58:05.450587+00:00
2026-06-26 11:00:00+00:00,XRP-USD,15m,1.0266000032424927,1.0297000408172607,1.0245000123977661,1.0255000591278076,1299712,1299712,yfinance,2026-07-10T06:58:05.450587+00:00
2026-06-26 11:15:00+00:00,XRP-USD,15m,1.0253000259399414,1.0255000591278076,1.0221999883651733,1.0227999687194824,1555968,1555968,yfinance,2026-07-10T06:58:05.450587+00:00
2026-06-26 11:30:00+00:00,XRP-USD,15m,1.0227999687194824,1.0254000425338745,1.0216000080108643,1.0219999551773071,2278656,2278656,yfinance,2026-07-10T06:58:05.450587+00:00
2026-06-26 11:45:00+00:00,XRP-USD,15m,1.021399974822998,1.0223000049591064,1.018399953842163,1.0211999416351318,7495168,7495168,yfinance,2026-07-10T06:58:05.450587+00:00
2026-06-26 12:00:00+00:00,XRP-USD,15m,1.0214999914169312,1.0233999490737915,1.020799994468689,1.0224000215530396,6262528,6262528,yfinance,2026-07-10T06:58:05.450587+00:00
2026-06-26 12:15:00+00:00,XRP-USD,15m,1.0226999521255493,1.028499960899353,1.0223000049591064,1.0281000137329102,21304320,21304320,yfinance,2026-07-10T06:58:05.450587+00:00
2026-06-26 12:30:00+00:00,XRP-USD,15m,1.0277999639511108,1.032099962234497,1.0154999494552612,1.017899990081787,0,0,yfinance,2026-07-10T06:58:05.450587+00:00
2026-06-26 12:45:00+00:00,XRP-USD,15m,1.0181000232696533,1.0245000123977661,1.016700029373169,1.0181000232696533,23818240,23818240,yfinance,2026-07-10T06:58:05.450587+00:00
2026-06-26 13:00:00+00:00,XRP-USD,15m,1.0184999704360962,1.020900011062622,1.014799952507019,1.017799973487854,5148416,5148416,yfinance,2026-07-10T06:58:05.450587+00:00
2026-06-26 13:15:00+00:00,XRP-USD,15m,1.0180000066757202,1.0190000534057617,1.0116000175476074,1.0164999961853027,36516096,36516096,yfinance,2026-07-10T06:58:05.450587+00:00
2026-06-26 13:30:00+00:00,XRP-USD,15m,1.0168999433517456,1.0254000425338745,1.0155999660491943,1.0252000093460083,14772224,14772224,yfinance,2026-07-10T06:58:05.450587+00:00
2026-06-26 13:45:00+00:00,XRP-USD,15m,1.0247999429702759,1.0372999906539917,1.0223000049591064,1.0372999906539917,0,0,yfinance,2026-07-10T06:58:05.450587+00:00
2026-06-26 14:00:00+00:00,XRP-USD,15m,1.0369000434875488,1.0427000522613525,1.0338000059127808,1.0403000116348267,0,0,yfinance,2026-07-10T06:58:05.450587+00:00
2026-06-26 14:15:00+00:00,XRP-USD,15m,1.0410000085830688,1.0468000173568726,1.0361000299453735,1.044800043106079,5935104,5935104,yfinance,2026-07-10T06:58:05.450587+00:00
2026-06-26 14:30:00+00:00,XRP-USD,15m,1.0443999767303467,1.044600009918213,1.033400058746338,1.0378999710083008,12477696,12477696,yfinance,2026-07-10T06:58:05.450587+00:00
2026-06-26 14:45:00+00:00,XRP-USD,15m,1.0382000207901,1.0435999631881714,1.0354000329971313,1.0354000329971313,27448576,27448576,yfinance,2026-07-10T06:58:05.450587+00:00
2026-06-26 15:00:00+00:00,XRP-USD,15m,1.0362000465393066,1.041700005531311,1.0334999561309814,1.0367000102996826,3038976,3038976,yfinance,2026-07-10T06:58:05.450587+00:00
2026-06-26 15:15:00+00:00,XRP-USD,15m,1.0361000299453735,1.0437999963760376,1.0361000299453735,1.0407999753952026,2491648,2491648,yfinance,2026-07-10T06:58:05.450587+00:00
2026-06-26 15:30:00+00:00,XRP-USD,15m,1.0407999753952026,1.0479999780654907,1.0392999649047852,1.0473999977111816,5889536,5889536,yfinance,2026-07-10T06:58:05.450587+00:00
2026-06-26 15:45:00+00:00,XRP-USD,15m,1.0471999645233154,1.0473999977111816,1.038599967956543,1.0436999797821045,10256128,10256128,yfinance,2026-07-10T06:58:05.450587+00:00
2026-06-26 16:00:00+00:00,XRP-USD,15m,1.0442999601364136,1.0513999462127686,1.0442999601364136,1.0444999933242798,3717120,3717120,yfinance,2026-07-10T06:58:05.450587+00:00
2026-06-26 16:15:00+00:00,XRP-USD,15m,1.0444999933242798,1.0462000370025635,1.0388000011444092,1.0428999662399292,1707520,1707520,yfinance,2026-07-10T06:58:05.450587+00:00
2026-06-26 16:30:00+00:00,XRP-USD,15m,1.0434000492095947,1.0499000549316406,1.0434000492095947,1.044600009918213,11380224,11380224,yfinance,2026-07-10T06:58:05.450587+00:00
2026-06-26 16:45:00+00:00,XRP-USD,15m,1.0444999933242798,1.0464999675750732,1.0428999662399292,1.0433000326156616,0,0,yfinance,2026-07-10T06:58:05.450587+00:00
2026-06-26 17:00:00+00:00,XRP-USD,15m,1.0430999994277954,1.049299955368042,1.0428999662399292,1.0478999614715576,613888,613888,yfinance,2026-07-10T06:58:05.450587+00:00
2026-06-26 17:15:00+00:00,XRP-USD,15m,1.047700047492981,1.0491000413894653,1.044800043106079,1.0480999946594238,0,0,yfinance,2026-07-10T06:58:05.450587+00:00
2026-06-26 17:30:00+00:00,XRP-USD,15m,1.0479999780654907,1.0499000549316406,1.0435999631881714,1.0478999614715576,1935872,1935872,yfinance,2026-07-10T06:58:05.450587+00:00
2026-06-26 17:45:00+00:00,XRP-USD,15m,1.0477999448776245,1.0490000247955322,1.0456000566482544,1.0460000038146973,2833152,2833152,yfinance,2026-07-10T06:58:05.450587+00:00
2026-06-26 18:00:00+00:00,XRP-USD,15m,1.0460000038146973,1.0485999584197998,1.0448999404907227,1.0455000400543213,0,0,yfinance,2026-07-10T06:58:05.450587+00:00
2026-06-26 18:15:00+00:00,XRP-USD,15m,1.045799970626831,1.0463999509811401,1.0410000085830688,1.041200041770935,0,0,yfinance,2026-07-10T06:58:05.450587+00:00
2026-06-26 18:30:00+00:00,XRP-USD,15m,1.041200041770935,1.0429999828338623,1.0400999784469604,1.0428999662399292,0,0,yfinance,2026-07-10T06:58:05.450587+00:00
2026-06-26 18:45:00+00:00,XRP-USD,15m,1.042199969291687,1.042199969291687,1.0382000207901,1.0391000509262085,0,0,yfinance,2026-07-10T06:58:05.450587+00:00
2026-06-26 19:00:00+00:00,XRP-USD,15m,1.0389000177383423,1.044600009918213,1.037500023841858,1.0425000190734863,3421952,3421952,yfinance,2026-07-10T06:58:05.450587+00:00
2026-06-26 19:15:00+00:00,XRP-USD,15m,1.0426000356674194,1.0432000160217285,1.0410000085830688,1.0420000553131104,2744576,2744576,yfinance,2026-07-10T06:58:05.450587+00:00
2026-06-26 19:30:00+00:00,XRP-USD,15m,1.042199969291687,1.0471999645233154,1.0420000553131104,1.0464999675750732,2867456,2867456,yfinance,2026-07-10T06:58:05.450587+00:00
2026-06-26 19:45:00+00:00,XRP-USD,15m,1.0465999841690063,1.0520999431610107,1.044700026512146,1.0499000549316406,7880960,7880960,yfinance,2026-07-10T06:58:05.450587+00:00
2026-06-26 20:00:00+00:00,XRP-USD,15m,1.0475000143051147,1.0534000396728516,1.045199990272522,1.0458999872207642,30152192,30152192,yfinance,2026-07-10T06:58:05.450587+00:00
2026-06-26 20:15:00+00:00,XRP-USD,15m,1.0461000204086304,1.048799991607666,1.0455000400543213,1.0484999418258667,1156096,1156096,yfinance,2026-07-10T06:58:05.450587+00:00
2026-06-26 20:30:00+00:00,XRP-USD,15m,1.0480999946594238,1.0480999946594238,1.042099952697754,1.0436999797821045,4360448,4360448,yfinance,2026-07-10T06:58:05.450587+00:00
2026-06-26 20:45:00+00:00,XRP-USD,15m,1.0434000492095947,1.0456000566482544,1.0425000190734863,1.0430999994277954,2930688,2930688,yfinance,2026-07-10T06:58:05.450587+00:00
2026-06-26 21:00:00+00:00,XRP-USD,15m,1.0429999828338623,1.0434000492095947,1.039199948310852,1.041100025177002,1437696,1437696,yfinance,2026-07-10T06:58:05.450587+00:00
2026-06-26 21:15:00+00:00,XRP-USD,15m,1.041100025177002,1.0428999662399292,1.0392999649047852,1.0427000522613525,2370048,2370048,yfinance,2026-07-10T06:58:05.450587+00:00
2026-06-26 21:30:00+00:00,XRP-USD,15m,1.0426000356674194,1.0455000400543213,1.042199969291687,1.0449999570846558,2269952,2269952,yfinance,2026-07-10T06:58:05.450587+00:00
2026-06-26 21:45:00+00:00,XRP-USD,15m,1.045300006866455,1.045699954032898,1.041100025177002,1.041100025177002,0,0,yfinance,2026-07-10T06:58:05.450587+00:00
2026-06-26 22:00:00+00:00,XRP-USD,15m,1.0408999919891357,1.0419000387191772,1.0368000268936157,1.0407999753952026,1435904,1435904,yfinance,2026-07-10T06:58:05.450587+00:00
2026-06-26 22:15:00+00:00,XRP-USD,15m,1.0410000085830688,1.0426000356674194,1.0406999588012695,1.042199969291687,0,0,yfinance,2026-07-10T06:58:05.450587+00:00
2026-06-26 22:30:00+00:00,XRP-USD,15m,1.0414999723434448,1.0449999570846558,1.0408999919891357,1.0444999933242798,2515712,2515712,yfinance,2026-07-10T06:58:05.450587+00:00
2026-06-26 22:45:00+00:00,XRP-USD,15m,1.0444999933242798,1.0469000339508057,1.0436999797821045,1.0468000173568726,1427712,1427712,yfinance,2026-07-10T06:58:05.450587+00:00
2026-06-26 23:00:00+00:00,XRP-USD,15m,1.0465999841690063,1.0479999780654907,1.0463000535964966,1.0478999614715576,167424,167424,yfinance,2026-07-10T06:58:05.450587+00:00
2026-06-26 23:15:00+00:00,XRP-USD,15m,1.048200011253357,1.048200011253357,1.0440000295639038,1.0442999601364136,0,0,yfinance,2026-07-10T06:58:05.450587+00:00
2026-06-26 23:30:00+00:00,XRP-USD,15m,1.0442999601364136,1.0484999418258667,1.0441999435424805,1.0477999448776245,0,0,yfinance,2026-07-10T06:58:05.450587+00:00
2026-06-26 23:45:00+00:00,XRP-USD,15m,1.048200011253357,1.0484999418258667,1.0461000204086304,1.047700047492981,174848,174848,yfinance,2026-07-10T06:58:05.450587+00:00
2026-06-27 00:00:00+00:00,XRP-USD,15m,1.0475000143051147,1.0507999658584595,1.0473999977111816,1.0494999885559082,617728,617728,yfinance,2026-07-10T06:58:05.450587+00:00
2026-06-27 00:15:00+00:00,XRP-USD,15m,1.049399971961975,1.0494999885559082,1.045799970626831,1.0461000204086304,0,0,yfinance,2026-07-10T06:58:05.450587+00:00
2026-06-27 00:30:00+00:00,XRP-USD,15m,1.0462000370025635,1.0462000370025635,1.0425000190734863,1.0437999963760376,0,0,yfinance,2026-07-10T06:58:05.450587+00:00
2026-06-27 00:45:00+00:00,XRP-USD,15m,1.0435999631881714,1.0467000007629395,1.0432000160217285,1.0464999675750732,0,0,yfinance,2026-07-10T06:58:05.450587+00:00
2026-06-27 01:00:00+00:00,XRP-USD,15m,1.0464999675750732,1.0478999614715576,1.0444999933242798,1.0473999977111816,0,0,yfinance,2026-07-10T06:58:05.450587+00:00
2026-06-27 01:15:00+00:00,XRP-USD,15m,1.0476000308990479,1.0496000051498413,1.0465999841690063,1.049299955368042,0,0,yfinance,2026-07-10T06:58:05.450587+00:00
2026-06-27 01:30:00+00:00,XRP-USD,15m,1.0491000413894653,1.0507999658584595,1.0479999780654907,1.0500999689102173,0,0,yfinance,2026-07-10T06:58:05.450587+00:00
2026-06-27 01:45:00+00:00,XRP-USD,15m,1.0500999689102173,1.0511000156402588,1.048799991607666,1.0506999492645264,0,0,yfinance,2026-07-10T06:58:05.450587+00:00
2026-06-27 02:00:00+00:00,XRP-USD,15m,1.0506999492645264,1.0539000034332275,1.0496000051498413,1.0539000034332275,0,0,yfinance,2026-07-10T06:58:05.450587+00:00
2026-06-27 02:15:00+00:00,XRP-USD,15m,1.0542000532150269,1.0654000043869019,1.0542000532150269,1.0611000061035156,0,0,yfinance,2026-07-10T06:58:05.450587+00:00
2026-06-27 02:30:00+00:00,XRP-USD,15m,1.0604000091552734,1.0650999546051025,1.0585999488830566,1.061900019645691,0,0,yfinance,2026-07-10T06:58:05.450587+00:00
2026-06-27 02:45:00+00:00,XRP-USD,15m,1.0622999668121338,1.0637999773025513,1.0600999593734741,1.0601999759674072,0,0,yfinance,2026-07-10T06:58:05.450587+00:00
2026-06-27 03:00:00+00:00,XRP-USD,15m,1.0598000288009644,1.0607999563217163,1.0550999641418457,1.0570000410079956,0,0,yfinance,2026-07-10T06:58:05.450587+00:00
2026-06-27 03:15:00+00:00,XRP-USD,15m,1.0565999746322632,1.0609999895095825,1.05649995803833,1.059999942779541,302336,302336,yfinance,2026-07-10T06:58:05.450587+00:00
2026-06-27 03:30:00+00:00,XRP-USD,15m,1.0599000453948975,1.0605000257492065,1.0576000213623047,1.0591000318527222,0,0,yfinance,2026-07-10T06:58:05.450587+00:00
2026-06-27 03:45:00+00:00,XRP-USD,15m,1.0592000484466553,1.0592000484466553,1.0565999746322632,1.0573999881744385,0,0,yfinance,2026-07-10T06:58:05.450587+00:00
2026-06-27 04:00:00+00:00,XRP-USD,15m,1.0573999881744385,1.0608999729156494,1.0573999881744385,1.0607999563217163,0,0,yfinance,2026-07-10T06:58:05.450587+00:00
2026-06-27 04:15:00+00:00,XRP-USD,15m,1.0605000257492065,1.062600016593933,1.0592999458312988,1.0601999759674072,0,0,yfinance,2026-07-10T06:58:05.450587+00:00
2026-06-27 04:30:00+00:00,XRP-USD,15m,1.0600999593734741,1.0605000257492065,1.0583000183105469,1.05840003490448,0,0,yfinance,2026-07-10T06:58:05.450587+00:00
2026-06-27 04:45:00+00:00,XRP-USD,15m,1.0583000183105469,1.0604000091552734,1.0577000379562378,1.0585999488830566,0,0,yfinance,2026-07-10T06:58:05.450587+00:00
2026-06-27 05:00:00+00:00,XRP-USD,15m,1.0585999488830566,1.0592000484466553,1.0549999475479126,1.0573999881744385,1108992,1108992,yfinance,2026-07-10T06:58:05.450587+00:00
2026-06-27 05:15:00+00:00,XRP-USD,15m,1.0569000244140625,1.0569000244140625,1.0514999628067017,1.0520999431610107,0,0,yfinance,2026-07-10T06:58:05.450587+00:00
2026-06-27 05:30:00+00:00,XRP-USD,15m,1.0525000095367432,1.0549999475479126,1.052299976348877,1.0546000003814697,0,0,yfinance,2026-07-10T06:58:05.450587+00:00
2026-06-27 05:45:00+00:00,XRP-USD,15m,1.0547000169754028,1.0566999912261963,1.0541000366210938,1.056399941444397,0,0,yfinance,2026-07-10T06:58:05.450587+00:00
2026-06-27 06:00:00+00:00,XRP-USD,15m,1.056399941444397,1.0569000244140625,1.0526000261306763,1.0533000230789185,0,0,yfinance,2026-07-10T06:58:05.450587+00:00
2026-06-27 06:15:00+00:00,XRP-USD,15m,1.0532000064849854,1.055400013923645,1.0529999732971191,1.054800033569336,0,0,yfinance,2026-07-10T06:58:05.450587+00:00
2026-06-27 06:30:00+00:00,XRP-USD,15m,1.0544999837875366,1.059499979019165,1.0544999837875366,1.0582000017166138,123264,123264,yfinance,2026-07-10T06:58:05.450587+00:00
2026-06-27 06:45:00+00:00,XRP-USD,15m,1.058899998664856,1.059999942779541,1.05649995803833,1.05840003490448,0,0,yfinance,2026-07-10T06:58:05.450587+00:00
2026-06-27 07:00:00+00:00,XRP-USD,15m,1.0586999654769897,1.058899998664856,1.0566999912261963,1.0575000047683716,0,0,yfinance,2026-07-10T06:58:05.450587+00:00
2026-06-27 07:15:00+00:00,XRP-USD,15m,1.0579999685287476,1.0607999563217163,1.057800054550171,1.0599000453948975,1988736,1988736,yfinance,2026-07-10T06:58:05.450587+00:00
2026-06-27 07:30:00+00:00,XRP-USD,15m,1.0599000453948975,1.0599000453948975,1.0571999549865723,1.0576000213623047,0,0,yfinance,2026-07-10T06:58:05.450587+00:00
2026-06-27 07:45:00+00:00,XRP-USD,15m,1.0577000379562378,1.059399962425232,1.0563000440597534,1.0586999654769897,0,0,yfinance,2026-07-10T06:58:05.450587+00:00
2026-06-27 08:00:00+00:00,XRP-USD,15m,1.0585999488830566,1.0586999654769897,1.0561000108718872,1.056399941444397,0,0,yfinance,2026-07-10T06:58:05.450587+00:00
2026-06-27 08:15:00+00:00,XRP-USD,15m,1.05649995803833,1.0569000244140625,1.054900050163269,1.055400013923645,0,0,yfinance,2026-07-10T06:58:05.450587+00:00
2026-06-27 08:30:00+00:00,XRP-USD,15m,1.0555000305175781,1.055799961090088,1.052899956703186,1.0541000366210938,0,0,yfinance,2026-07-10T06:58:05.450587+00:00
2026-06-27 08:45:00+00:00,XRP-USD,15m,1.0541000366210938,1.0571000576019287,1.0539000034332275,1.0556999444961548,0,0,yfinance,2026-07-10T06:58:05.450587+00:00
2026-06-27 09:00:00+00:00,XRP-USD,15m,1.0555000305175781,1.0563000440597534,1.0533000230789185,1.0537999868392944,0,0,yfinance,2026-07-10T06:58:05.450587+00:00
2026-06-27 09:15:00+00:00,XRP-USD,15m,1.0535999536514282,1.054900050163269,1.0528000593185425,1.0542000532150269,0,0,yfinance,2026-07-10T06:58:05.450587+00:00
2026-06-27 09:30:00+00:00,XRP-USD,15m,1.0542000532150269,1.0555000305175781,1.0541000366210938,1.0555000305175781,0,0,yfinance,2026-07-10T06:58:05.450587+00:00
2026-06-27 09:45:00+00:00,XRP-USD,15m,1.055999994277954,1.0570000410079956,1.0551999807357788,1.0568000078201294,0,0,yfinance,2026-07-10T06:58:05.450587+00:00
2026-06-27 10:00:00+00:00,XRP-USD,15m,1.0568000078201294,1.0577000379562378,1.055899977684021,1.0571999549865723,0,0,yfinance,2026-07-10T06:58:05.450587+00:00
2026-06-27 10:15:00+00:00,XRP-USD,15m,1.0572999715805054,1.0583000183105469,1.0568000078201294,1.0568000078201294,0,0,yfinance,2026-07-10T06:58:05.450587+00:00
2026-06-27 10:30:00+00:00,XRP-USD,15m,1.0565999746322632,1.0565999746322632,1.0551999807357788,1.0556999444961548,0,0,yfinance,2026-07-10T06:58:05.450587+00:00
2026-06-27 10:45:00+00:00,XRP-USD,15m,1.055899977684021,1.0578999519348145,1.0555000305175781,1.057800054550171,0,0,yfinance,2026-07-10T06:58:05.450587+00:00
2026-06-27 11:00:00+00:00,XRP-USD,15m,1.0577000379562378,1.0586999654769897,1.056399941444397,1.0575000047683716,0,0,yfinance,2026-07-10T06:58:05.450587+00:00
2026-06-27 11:15:00+00:00,XRP-USD,15m,1.0573999881744385,1.0575000047683716,1.052899956703186,1.0536999702453613,0,0,yfinance,2026-07-10T06:58:05.450587+00:00
2026-06-27 11:30:00+00:00,XRP-USD,15m,1.0536999702453613,1.0561000108718872,1.0532000064849854,1.055899977684021,278912,278912,yfinance,2026-07-10T06:58:05.450587+00:00
2026-06-27 11:45:00+00:00,XRP-USD,15m,1.055999994277954,1.0587999820709229,1.055999994277954,1.057800054550171,0,0,yfinance,2026-07-10T06:58:05.450587+00:00
2026-06-27 12:00:00+00:00,XRP-USD,15m,1.0577000379562378,1.0580999851226807,1.0561000108718872,1.0569000244140625,0,0,yfinance,2026-07-10T06:58:05.450587+00:00
2026-06-27 12:15:00+00:00,XRP-USD,15m,1.0569000244140625,1.0586999654769897,1.05649995803833,1.0572999715805054,0,0,yfinance,2026-07-10T06:58:05.450587+00:00
2026-06-27 12:30:00+00:00,XRP-USD,15m,1.0573999881744385,1.0583000183105469,1.055999994277954,1.0573999881744385,0,0,yfinance,2026-07-10T06:58:05.450587+00:00
2026-06-27 12:45:00+00:00,XRP-USD,15m,1.0575000047683716,1.0601999759674072,1.0566999912261963,1.059399962425232,0,0,yfinance,2026-07-10T06:58:05.450587+00:00
2026-06-27 13:00:00+00:00,XRP-USD,15m,1.0592999458312988,1.0613000392913818,1.058500051498413,1.0606000423431396,0,0,yfinance,2026-07-10T06:58:05.450587+00:00
2026-06-27 13:15:00+00:00,XRP-USD,15m,1.0605000257492065,1.0607000589370728,1.0592000484466553,1.0601999759674072,0,0,yfinance,2026-07-10T06:58:05.450587+00:00
2026-06-27 13:30:00+00:00,XRP-USD,15m,1.0598000288009644,1.062399983406067,1.0592000484466553,1.061900019645691,0,0,yfinance,2026-07-10T06:58:05.450587+00:00
2026-06-27 13:45:00+00:00,XRP-USD,15m,1.0615999698638916,1.0633000135421753,1.0606000423431396,1.063099980354309,0,0,yfinance,2026-07-10T06:58:05.450587+00:00
2026-06-27 14:00:00+00:00,XRP-USD,15m,1.0633000135421753,1.0667999982833862,1.0614999532699585,1.0654000043869019,0,0,yfinance,2026-07-10T06:58:05.450587+00:00
2026-06-27 14:15:00+00:00,XRP-USD,15m,1.0651999711990356,1.0658999681472778,1.0638999938964844,1.0645999908447266,0,0,yfinance,2026-07-10T06:58:05.450587+00:00
2026-06-27 14:30:00+00:00,XRP-USD,15m,1.0643999576568604,1.0649000406265259,1.063099980354309,1.0649000406265259,0,0,yfinance,2026-07-10T06:58:05.450587+00:00
2026-06-27 14:45:00+00:00,XRP-USD,15m,1.0648000240325928,1.067199945449829,1.0648000240325928,1.0670000314712524,0,0,yfinance,2026-07-10T06:58:05.450587+00:00
2026-06-27 15:00:00+00:00,XRP-USD,15m,1.067199945449829,1.072700023651123,1.06659996509552,1.0716999769210815,0,0,yfinance,2026-07-10T06:58:05.450587+00:00
2026-06-27 15:15:00+00:00,XRP-USD,15m,1.0713000297546387,1.0724999904632568,1.0699000358581543,1.0722999572753906,2440064,2440064,yfinance,2026-07-10T06:58:05.450587+00:00
2026-06-27 15:30:00+00:00,XRP-USD,15m,1.0723999738693237,1.0742000341415405,1.0710999965667725,1.0741000175476074,0,0,yfinance,2026-07-10T06:58:05.450587+00:00
2026-06-27 15:45:00+00:00,XRP-USD,15m,1.0741000175476074,1.0743000507354736,1.0721999406814575,1.073799967765808,0,0,yfinance,2026-07-10T06:58:05.450587+00:00
2026-06-27 16:00:00+00:00,XRP-USD,15m,1.0740000009536743,1.075700044631958,1.0721999406814575,1.0746999979019165,0,0,yfinance,2026-07-10T06:58:05.450587+00:00
2026-06-27 16:15:00+00:00,XRP-USD,15m,1.0746999979019165,1.0746999979019165,1.069100022315979,1.0708999633789062,0,0,yfinance,2026-07-10T06:58:05.450587+00:00
2026-06-27 16:30:00+00:00,XRP-USD,15m,1.0707999467849731,1.0713000297546387,1.069200038909912,1.069700002670288,0,0,yfinance,2026-07-10T06:58:05.450587+00:00
2026-06-27 16:45:00+00:00,XRP-USD,15m,1.069700002670288,1.0698000192642212,1.0678999423980713,1.068600058555603,0,0,yfinance,2026-07-10T06:58:05.450587+00:00
2026-06-27 17:00:00+00:00,XRP-USD,15m,1.068600058555603,1.069200038909912,1.0604000091552734,1.061900019645691,2684544,2684544,yfinance,2026-07-10T06:58:05.450587+00:00
2026-06-27 17:15:00+00:00,XRP-USD,15m,1.0627000331878662,1.0627000331878662,1.0599000453948975,1.0613000392913818,1534208,1534208,yfinance,2026-07-10T06:58:05.450587+00:00
2026-06-27 17:30:00+00:00,XRP-USD,15m,1.0613000392913818,1.0628000497817993,1.059999942779541,1.061400055885315,302848,302848,yfinance,2026-07-10T06:58:05.450587+00:00
2026-06-27 17:45:00+00:00,XRP-USD,15m,1.0611000061035156,1.0612000226974487,1.0587999820709229,1.0587999820709229,0,0,yfinance,2026-07-10T06:58:05.450587+00:00
2026-06-27 18:00:00+00:00,XRP-USD,15m,1.058899998664856,1.0591000318527222,1.0563000440597534,1.0573999881744385,1465728,1465728,yfinance,2026-07-10T06:58:05.450587+00:00
2026-06-27 18:15:00+00:00,XRP-USD,15m,1.0568000078201294,1.0580999851226807,1.0556999444961548,1.0565999746322632,871296,871296,yfinance,2026-07-10T06:58:05.450587+00:00
2026-06-27 18:30:00+00:00,XRP-USD,15m,1.0565999746322632,1.0578999519348145,1.0563000440597534,1.0571999549865723,0,0,yfinance,2026-07-10T06:58:05.450587+00:00
2026-06-27 18:45:00+00:00,XRP-USD,15m,1.0569000244140625,1.058500051498413,1.056399941444397,1.0571999549865723,0,0,yfinance,2026-07-10T06:58:05.450587+00:00
2026-06-27 19:00:00+00:00,XRP-USD,15m,1.0572999715805054,1.05840003490448,1.0566999912261963,1.0577000379562378,0,0,yfinance,2026-07-10T06:58:05.450587+00:00
2026-06-27 19:15:00+00:00,XRP-USD,15m,1.057800054550171,1.057800054550171,1.0520999431610107,1.0541000366210938,3248768,3248768,yfinance,2026-07-10T06:58:05.450587+00:00
2026-06-27 19:30:00+00:00,XRP-USD,15m,1.0541000366210938,1.0541000366210938,1.0511000156402588,1.0535999536514282,4394752,4394752,yfinance,2026-07-10T06:58:05.450587+00:00
2026-06-27 19:45:00+00:00,XRP-USD,15m,1.0535000562667847,1.0546000003814697,1.0525000095367432,1.0526000261306763,0,0,yfinance,2026-07-10T06:58:05.450587+00:00
2026-06-27 20:00:00+00:00,XRP-USD,15m,1.0528000593185425,1.054900050163269,1.0526000261306763,1.0547000169754028,0,0,yfinance,2026-07-10T06:58:05.450587+00:00
2026-06-27 20:15:00+00:00,XRP-USD,15m,1.0546000003814697,1.055299997329712,1.0535000562667847,1.0539000034332275,0,0,yfinance,2026-07-10T06:58:05.450587+00:00
2026-06-27 20:30:00+00:00,XRP-USD,15m,1.0537999868392944,1.0542000532150269,1.0526000261306763,1.0528000593185425,0,0,yfinance,2026-07-10T06:58:05.450587+00:00
2026-06-27 20:45:00+00:00,XRP-USD,15m,1.0528000593185425,1.0541000366210938,1.0526000261306763,1.0534000396728516,0,0,yfinance,2026-07-10T06:58:05.450587+00:00
2026-06-27 21:00:00+00:00,XRP-USD,15m,1.0535999536514282,1.054800033569336,1.0534000396728516,1.0537999868392944,0,0,yfinance,2026-07-10T06:58:05.450587+00:00
2026-06-27 21:15:00+00:00,XRP-USD,15m,1.0536999702453613,1.0556000471115112,1.0535000562667847,1.0556000471115112,1982720,1982720,yfinance,2026-07-10T06:58:05.450587+00:00
2026-06-27 21:30:00+00:00,XRP-USD,15m,1.055799961090088,1.0563000440597534,1.0511000156402588,1.051300048828125,1923968,1923968,yfinance,2026-07-10T06:58:05.450587+00:00
2026-06-27 21:45:00+00:00,XRP-USD,15m,1.0515999794006348,1.0532000064849854,1.0499999523162842,1.0516999959945679,2461440,2461440,yfinance,2026-07-10T06:58:05.450587+00:00
2026-06-27 22:00:00+00:00,XRP-USD,15m,1.051200032234192,1.051300048828125,1.048699975013733,1.0497000217437744,0,0,yfinance,2026-07-10T06:58:05.450587+00:00
2026-06-27 22:15:00+00:00,XRP-USD,15m,1.0492000579833984,1.0494999885559082,1.044100046157837,1.048799991607666,9965312,9965312,yfinance,2026-07-10T06:58:05.450587+00:00
2026-06-27 22:30:00+00:00,XRP-USD,15m,1.0484999418258667,1.0520999431610107,1.0484999418258667,1.0505000352859497,3814400,3814400,yfinance,2026-07-10T06:58:05.450587+00:00
2026-06-27 22:45:00+00:00,XRP-USD,15m,1.0506000518798828,1.05239999294281,1.0500999689102173,1.0521999597549438,78848,78848,yfinance,2026-07-10T06:58:05.450587+00:00
2026-06-27 23:00:00+00:00,XRP-USD,15m,1.0521999597549438,1.0540000200271606,1.0492000579833984,1.049399971961975,144768,144768,yfinance,2026-07-10T06:58:05.450587+00:00
2026-06-27 23:15:00+00:00,XRP-USD,15m,1.0494999885559082,1.0506999492645264,1.0464999675750732,1.0470000505447388,4302848,4302848,yfinance,2026-07-10T06:58:05.450587+00:00
2026-06-27 23:30:00+00:00,XRP-USD,15m,1.0469000339508057,1.048699975013733,1.0464999675750732,1.048200011253357,2192896,2192896,yfinance,2026-07-10T06:58:05.450587+00:00
2026-06-27 23:45:00+00:00,XRP-USD,15m,1.0478999614715576,1.048200011253357,1.045699954032898,1.0460000038146973,868608,868608,yfinance,2026-07-10T06:58:05.450587+00:00
2026-06-28 00:00:00+00:00,XRP-USD,15m,1.0460000038146973,1.0489000082015991,1.0456000566482544,1.0473999977111816,1659520,1659520,yfinance,2026-07-10T06:58:05.450587+00:00
2026-06-28 00:15:00+00:00,XRP-USD,15m,1.0473999977111816,1.0498000383377075,1.0470000505447388,1.049299955368042,0,0,yfinance,2026-07-10T06:58:05.450587+00:00
2026-06-28 00:30:00+00:00,XRP-USD,15m,1.0491000413894653,1.0491000413894653,1.0470999479293823,1.04830002784729,728448,728448,yfinance,2026-07-10T06:58:05.450587+00:00
2026-06-28 00:45:00+00:00,XRP-USD,15m,1.0484999418258667,1.0492000579833984,1.0475000143051147,1.0484999418258667,1132288,1132288,yfinance,2026-07-10T06:58:05.450587+00:00
2026-06-28 01:00:00+00:00,XRP-USD,15m,1.0484999418258667,1.048799991607666,1.0444999933242798,1.0456000566482544,790528,790528,yfinance,2026-07-10T06:58:05.450587+00:00
2026-06-28 01:15:00+00:00,XRP-USD,15m,1.045799970626831,1.0485999584197998,1.0455000400543213,1.0479999780654907,2938240,2938240,yfinance,2026-07-10T06:58:05.450587+00:00
2026-06-28 01:30:00+00:00,XRP-USD,15m,1.0478999614715576,1.049299955368042,1.047700047492981,1.0490000247955322,0,0,yfinance,2026-07-10T06:58:05.450587+00:00
2026-06-28 01:45:00+00:00,XRP-USD,15m,1.0489000082015991,1.0504000186920166,1.0484999418258667,1.0499999523162842,297856,297856,yfinance,2026-07-10T06:58:05.450587+00:00
2026-06-28 02:00:00+00:00,XRP-USD,15m,1.0499999523162842,1.0520999431610107,1.0499999523162842,1.0513999462127686,3493248,3493248,yfinance,2026-07-10T06:58:05.450587+00:00
2026-06-28 02:15:00+00:00,XRP-USD,15m,1.051300048828125,1.0516999959945679,1.044100046157837,1.0462000370025635,0,0,yfinance,2026-07-10T06:58:05.450587+00:00
2026-06-28 02:30:00+00:00,XRP-USD,15m,1.0461000204086304,1.0472999811172485,1.0449999570846558,1.0456000566482544,0,0,yfinance,2026-07-10T06:58:05.450587+00:00
2026-06-28 02:45:00+00:00,XRP-USD,15m,1.0455000400543213,1.0458999872207642,1.044600009918213,1.045300006866455,0,0,yfinance,2026-07-10T06:58:05.450587+00:00
2026-06-28 03:00:00+00:00,XRP-USD,15m,1.045199990272522,1.049399971961975,1.045199990272522,1.0485999584197998,0,0,yfinance,2026-07-10T06:58:05.450587+00:00
2026-06-28 03:15:00+00:00,XRP-USD,15m,1.04830002784729,1.0484000444412231,1.0468000173568726,1.0475000143051147,0,0,yfinance,2026-07-10T06:58:05.450587+00:00
2026-06-28 03:30:00+00:00,XRP-USD,15m,1.0476000308990479,1.048200011253357,1.0462000370025635,1.0468000173568726,0,0,yfinance,2026-07-10T06:58:05.450587+00:00
2026-06-28 03:45:00+00:00,XRP-USD,15m,1.0469000339508057,1.048699975013733,1.0467000007629395,1.0484000444412231,0,0,yfinance,2026-07-10T06:58:05.450587+00:00
2026-06-28 04:00:00+00:00,XRP-USD,15m,1.0485999584197998,1.048799991607666,1.0463999509811401,1.0469000339508057,0,0,yfinance,2026-07-10T06:58:05.450587+00:00
2026-06-28 04:15:00+00:00,XRP-USD,15m,1.0472999811172485,1.048799991607666,1.0470000505447388,1.047700047492981,0,0,yfinance,2026-07-10T06:58:05.450587+00:00
2026-06-28 04:30:00+00:00,XRP-USD,15m,1.047700047492981,1.048200011253357,1.0450999736785889,1.0480999946594238,7296,7296,yfinance,2026-07-10T06:58:05.450587+00:00
2026-06-28 04:45:00+00:00,XRP-USD,15m,1.04830002784729,1.0490000247955322,1.0468000173568726,1.0470999479293823,0,0,yfinance,2026-07-10T06:58:05.450587+00:00
2026-06-28 05:00:00+00:00,XRP-USD,15m,1.0470000505447388,1.0471999645233154,1.0439000129699707,1.0448999404907227,0,0,yfinance,2026-07-10T06:58:05.450587+00:00
2026-06-28 05:15:00+00:00,XRP-USD,15m,1.0449999570846558,1.0462000370025635,1.0414999723434448,1.042099952697754,1946624,1946624,yfinance,2026-07-10T06:58:05.450587+00:00
2026-06-28 05:30:00+00:00,XRP-USD,15m,1.0420000553131104,1.0448999404907227,1.041200041770935,1.044800043106079,2112896,2112896,yfinance,2026-07-10T06:58:05.450587+00:00
2026-06-28 05:45:00+00:00,XRP-USD,15m,1.044700026512146,1.0468000173568726,1.0443999767303467,1.0468000173568726,353920,353920,yfinance,2026-07-10T06:58:05.450587+00:00
2026-06-28 06:00:00+00:00,XRP-USD,15m,1.0463000535964966,1.0475000143051147,1.0410000085830688,1.0410000085830688,0,0,yfinance,2026-07-10T06:58:05.450587+00:00
2026-06-28 06:15:00+00:00,XRP-USD,15m,1.0414999723434448,1.0435999631881714,1.0405000448226929,1.0422999858856201,3719168,3719168,yfinance,2026-07-10T06:58:05.450587+00:00
2026-06-28 06:30:00+00:00,XRP-USD,15m,1.042199969291687,1.0434999465942383,1.042199969291687,1.0425000190734863,0,0,yfinance,2026-07-10T06:58:05.450587+00:00
2026-06-28 06:45:00+00:00,XRP-USD,15m,1.042199969291687,1.0440000295639038,1.041700005531311,1.0434999465942383,0,0,yfinance,2026-07-10T06:58:05.450587+00:00
2026-06-28 07:00:00+00:00,XRP-USD,15m,1.0434000492095947,1.04830002784729,1.0434000492095947,1.0463000535964966,584704,584704,yfinance,2026-07-10T06:58:05.450587+00:00
2026-06-28 07:15:00+00:00,XRP-USD,15m,1.0463999509811401,1.0469000339508057,1.0455000400543213,1.0463000535964966,0,0,yfinance,2026-07-10T06:58:05.450587+00:00
2026-06-28 07:30:00+00:00,XRP-USD,15m,1.0463000535964966,1.0498000383377075,1.0462000370025635,1.0478999614715576,1918016,1918016,yfinance,2026-07-10T06:58:05.450587+00:00
2026-06-28 07:45:00+00:00,XRP-USD,15m,1.0478999614715576,1.0496000051498413,1.0468000173568726,1.0496000051498413,439360,439360,yfinance,2026-07-10T06:58:05.450587+00:00
2026-06-28 08:00:00+00:00,XRP-USD,15m,1.0494999885559082,1.0511000156402588,1.0490000247955322,1.0494999885559082,3304320,3304320,yfinance,2026-07-10T06:58:05.450587+00:00
2026-06-28 08:15:00+00:00,XRP-USD,15m,1.0494999885559082,1.0505000352859497,1.0489000082015991,1.049399971961975,0,0,yfinance,2026-07-10T06:58:05.450587+00:00
2026-06-28 08:30:00+00:00,XRP-USD,15m,1.0496000051498413,1.0575000047683716,1.0494999885559082,1.0551999807357788,11824896,11824896,yfinance,2026-07-10T06:58:05.450587+00:00
2026-06-28 08:45:00+00:00,XRP-USD,15m,1.055400013923645,1.0563000440597534,1.0529999732971191,1.0532000064849854,3670272,3670272,yfinance,2026-07-10T06:58:05.450587+00:00
2026-06-28 09:00:00+00:00,XRP-USD,15m,1.0534000396728516,1.0536999702453613,1.0499999523162842,1.051300048828125,4469760,4469760,yfinance,2026-07-10T06:58:05.450587+00:00
2026-06-28 09:15:00+00:00,XRP-USD,15m,1.051200032234192,1.052899956703186,1.051200032234192,1.051800012588501,18944,18944,yfinance,2026-07-10T06:58:05.450587+00:00
2026-06-28 09:30:00+00:00,XRP-USD,15m,1.051800012588501,1.0534000396728516,1.0513999462127686,1.0533000230789185,530176,530176,yfinance,2026-07-10T06:58:05.450587+00:00
2026-06-28 09:45:00+00:00,XRP-USD,15m,1.0535000562667847,1.0535000562667847,1.0475000143051147,1.048699975013733,2022208,2022208,yfinance,2026-07-10T06:58:05.450587+00:00
2026-06-28 10:00:00+00:00,XRP-USD,15m,1.0485999584197998,1.0496000051498413,1.0469000339508057,1.048200011253357,1563520,1563520,yfinance,2026-07-10T06:58:05.450587+00:00
2026-06-28 10:15:00+00:00,XRP-USD,15m,1.0477999448776245,1.049399971961975,1.044700026512146,1.0450999736785889,2468736,2468736,yfinance,2026-07-10T06:58:05.450587+00:00
2026-06-28 10:30:00+00:00,XRP-USD,15m,1.045300006866455,1.0463999509811401,1.044800043106079,1.0463999509811401,437248,437248,yfinance,2026-07-10T06:58:05.450587+00:00
2026-06-28 10:45:00+00:00,XRP-USD,15m,1.0465999841690063,1.0473999977111816,1.0462000370025635,1.0471999645233154,735360,735360,yfinance,2026-07-10T06:58:05.450587+00:00
2026-06-28 11:00:00+00:00,XRP-USD,15m,1.0475000143051147,1.0500999689102173,1.0460000038146973,1.0460000038146973,0,0,yfinance,2026-07-10T06:58:05.450587+00:00
2026-06-28 11:15:00+00:00,XRP-USD,15m,1.0461000204086304,1.051200032234192,1.0454000234603882,1.0504000186920166,2547840,2547840,yfinance,2026-07-10T06:58:05.450587+00:00
2026-06-28 11:30:00+00:00,XRP-USD,15m,1.0503000020980835,1.0509999990463257,1.048200011253357,1.0507999658584595,836160,836160,yfinance,2026-07-10T06:58:05.450587+00:00
2026-06-28 11:45:00+00:00,XRP-USD,15m,1.0511000156402588,1.0521999597549438,1.049399971961975,1.051300048828125,128000,128000,yfinance,2026-07-10T06:58:05.450587+00:00
2026-06-28 12:00:00+00:00,XRP-USD,15m,1.0514999628067017,1.0516999959945679,1.049299955368042,1.0503000020980835,0,0,yfinance,2026-07-10T06:58:05.450587+00:00
2026-06-28 12:15:00+00:00,XRP-USD,15m,1.0501999855041504,1.05239999294281,1.047700047492981,1.0521999597549438,2728576,2728576,yfinance,2026-07-10T06:58:05.450587+00:00
2026-06-28 12:30:00+00:00,XRP-USD,15m,1.0520999431610107,1.0537999868392944,1.0489000082015991,1.0498000383377075,5996160,5996160,yfinance,2026-07-10T06:58:05.450587+00:00
2026-06-28 12:45:00+00:00,XRP-USD,15m,1.0497000217437744,1.0508999824523926,1.0496000051498413,1.0506000518798828,701184,701184,yfinance,2026-07-10T06:58:05.450587+00:00
2026-06-28 13:00:00+00:00,XRP-USD,15m,1.0503000020980835,1.0511000156402588,1.0448999404907227,1.048200011253357,2640512,2640512,yfinance,2026-07-10T06:58:05.450587+00:00
2026-06-28 13:15:00+00:00,XRP-USD,15m,1.048200011253357,1.0491000413894653,1.0470999479293823,1.0478999614715576,153216,153216,yfinance,2026-07-10T06:58:05.450587+00:00
2026-06-28 13:30:00+00:00,XRP-USD,15m,1.047700047492981,1.0509999990463257,1.047700047492981,1.0509999990463257,0,0,yfinance,2026-07-10T06:58:05.450587+00:00
2026-06-28 13:45:00+00:00,XRP-USD,15m,1.0509999990463257,1.0509999990463257,1.0473999977111816,1.0479999780654907,0,0,yfinance,2026-07-10T06:58:05.450587+00:00
2026-06-28 14:00:00+00:00,XRP-USD,15m,1.0479999780654907,1.0513999462127686,1.0471999645233154,1.0513999462127686,0,0,yfinance,2026-07-10T06:58:05.450587+00:00
2026-06-28 14:15:00+00:00,XRP-USD,15m,1.0514999628067017,1.055899977684021,1.0507999658584595,1.0525000095367432,2541952,2541952,yfinance,2026-07-10T06:58:05.450587+00:00
2026-06-28 14:30:00+00:00,XRP-USD,15m,1.0526000261306763,1.0539000034332275,1.0516999959945679,1.0525000095367432,860352,860352,yfinance,2026-07-10T06:58:05.450587+00:00
2026-06-28 14:45:00+00:00,XRP-USD,15m,1.05239999294281,1.0542999505996704,1.0508999824523926,1.0508999824523926,1124160,1124160,yfinance,2026-07-10T06:58:05.450587+00:00
2026-06-28 15:00:00+00:00,XRP-USD,15m,1.0509999990463257,1.0540000200271606,1.0484000444412231,1.0533000230789185,0,0,yfinance,2026-07-10T06:58:05.450587+00:00
2026-06-28 15:15:00+00:00,XRP-USD,15m,1.052899956703186,1.0543999671936035,1.0515999794006348,1.0532000064849854,0,0,yfinance,2026-07-10T06:58:05.450587+00:00
2026-06-28 15:30:00+00:00,XRP-USD,15m,1.0529999732971191,1.055999994277954,1.0513999462127686,1.05239999294281,1741504,1741504,yfinance,2026-07-10T06:58:05.450587+00:00
2026-06-28 15:45:00+00:00,XRP-USD,15m,1.0520999431610107,1.0521999597549438,1.0484000444412231,1.0507999658584595,798272,798272,yfinance,2026-07-10T06:58:05.450587+00:00
2026-06-28 16:00:00+00:00,XRP-USD,15m,1.0508999824523926,1.051900029182434,1.0492000579833984,1.0497000217437744,0,0,yfinance,2026-07-10T06:58:05.450587+00:00
2026-06-28 16:15:00+00:00,XRP-USD,15m,1.0494999885559082,1.0513999462127686,1.0462000370025635,1.0472999811172485,604544,604544,yfinance,2026-07-10T06:58:05.450587+00:00
2026-06-28 16:30:00+00:00,XRP-USD,15m,1.0476000308990479,1.047700047492981,1.0428999662399292,1.0432000160217285,7655296,7655296,yfinance,2026-07-10T06:58:05.450587+00:00
2026-06-28 16:45:00+00:00,XRP-USD,15m,1.0429999828338623,1.0458999872207642,1.0429999828338623,1.045699954032898,981440,981440,yfinance,2026-07-10T06:58:05.450587+00:00
2026-06-28 17:00:00+00:00,XRP-USD,15m,1.045699954032898,1.0479999780654907,1.0429999828338623,1.0436999797821045,0,0,yfinance,2026-07-10T06:58:05.450587+00:00
2026-06-28 17:15:00+00:00,XRP-USD,15m,1.0434000492095947,1.0441999435424805,1.0420000553131104,1.0430999994277954,319296,319296,yfinance,2026-07-10T06:58:05.450587+00:00
2026-06-28 17:30:00+00:00,XRP-USD,15m,1.0429999828338623,1.044600009918213,1.0399999618530273,1.0437999963760376,1065088,1065088,yfinance,2026-07-10T06:58:05.450587+00:00
2026-06-28 17:45:00+00:00,XRP-USD,15m,1.0437999963760376,1.0467000007629395,1.0436999797821045,1.0458999872207642,962560,962560,yfinance,2026-07-10T06:58:05.450587+00:00
2026-06-28 18:00:00+00:00,XRP-USD,15m,1.0456000566482544,1.0470999479293823,1.044700026512146,1.0449999570846558,0,0,yfinance,2026-07-10T06:58:05.450587+00:00
2026-06-28 18:15:00+00:00,XRP-USD,15m,1.044800043106079,1.044800043106079,1.0425000190734863,1.042799949645996,308224,308224,yfinance,2026-07-10T06:58:05.450587+00:00
2026-06-28 18:30:00+00:00,XRP-USD,15m,1.0429999828338623,1.0448999404907227,1.042099952697754,1.0442999601364136,2226496,2226496,yfinance,2026-07-10T06:58:05.450587+00:00
2026-06-28 18:45:00+00:00,XRP-USD,15m,1.0441999435424805,1.0462000370025635,1.042799949645996,1.045300006866455,2774720,2774720,yfinance,2026-07-10T06:58:05.450587+00:00
2026-06-28 19:00:00+00:00,XRP-USD,15m,1.045300006866455,1.045300006866455,1.0420000553131104,1.0433000326156616,0,0,yfinance,2026-07-10T06:58:05.450587+00:00
2026-06-28 19:15:00+00:00,XRP-USD,15m,1.0434000492095947,1.044800043106079,1.042099952697754,1.0444999933242798,0,0,yfinance,2026-07-10T06:58:05.450587+00:00
2026-06-28 19:30:00+00:00,XRP-USD,15m,1.0444999933242798,1.0476000308990479,1.0422999858856201,1.0422999858856201,0,0,yfinance,2026-07-10T06:58:05.450587+00:00
2026-06-28 19:45:00+00:00,XRP-USD,15m,1.042199969291687,1.0434000492095947,1.038599967956543,1.0428999662399292,11986560,11986560,yfinance,2026-07-10T06:58:05.450587+00:00
2026-06-28 20:00:00+00:00,XRP-USD,15m,1.0427000522613525,1.0464999675750732,1.0422999858856201,1.0461000204086304,1618880,1618880,yfinance,2026-07-10T06:58:05.450587+00:00
2026-06-28 20:15:00+00:00,XRP-USD,15m,1.045699954032898,1.0480999946594238,1.045300006866455,1.0462000370025635,9129856,9129856,yfinance,2026-07-10T06:58:05.450587+00:00
2026-06-28 20:30:00+00:00,XRP-USD,15m,1.0461000204086304,1.0470000505447388,1.044800043106079,1.045199990272522,5998528,5998528,yfinance,2026-07-10T06:58:05.450587+00:00
2026-06-28 20:45:00+00:00,XRP-USD,15m,1.0450999736785889,1.0467000007629395,1.0444999933242798,1.045199990272522,593472,593472,yfinance,2026-07-10T06:58:05.450587+00:00
2026-06-28 21:00:00+00:00,XRP-USD,15m,1.045199990272522,1.045199990272522,1.0424000024795532,1.0434999465942383,1962240,1962240,yfinance,2026-07-10T06:58:05.450587+00:00
2026-06-28 21:15:00+00:00,XRP-USD,15m,1.0434000492095947,1.0434999465942383,1.0408999919891357,1.042099952697754,0,0,yfinance,2026-07-10T06:58:05.450587+00:00
2026-06-28 21:30:00+00:00,XRP-USD,15m,1.042099952697754,1.044100046157837,1.0419000387191772,1.0432000160217285,275520,275520,yfinance,2026-07-10T06:58:05.450587+00:00
2026-06-28 21:45:00+00:00,XRP-USD,15m,1.0429999828338623,1.0432000160217285,1.0370999574661255,1.0394999980926514,2089856,2089856,yfinance,2026-07-10T06:58:05.450587+00:00
2026-06-28 22:00:00+00:00,XRP-USD,15m,1.0398999452590942,1.0501999855041504,1.0398999452590942,1.044800043106079,14077056,14077056,yfinance,2026-07-10T06:58:05.450587+00:00
2026-06-28 22:15:00+00:00,XRP-USD,15m,1.044700026512146,1.044800043106079,1.0379999876022339,1.0419000387191772,2488576,2488576,yfinance,2026-07-10T06:58:05.450587+00:00
2026-06-28 22:30:00+00:00,XRP-USD,15m,1.042099952697754,1.0437999963760376,1.037600040435791,1.038100004196167,6390912,6390912,yfinance,2026-07-10T06:58:05.450587+00:00
2026-06-28 22:45:00+00:00,XRP-USD,15m,1.0382000207901,1.0394999980926514,1.031999945640564,1.0365999937057495,22303424,22303424,yfinance,2026-07-10T06:58:05.450587+00:00
2026-06-28 23:00:00+00:00,XRP-USD,15m,1.0360000133514404,1.042799949645996,1.0355000495910645,1.0399999618530273,12142208,12142208,yfinance,2026-07-10T06:58:05.450587+00:00
2026-06-28 23:15:00+00:00,XRP-USD,15m,1.0399999618530273,1.0448999404907227,1.0394999980926514,1.0444999933242798,143552,143552,yfinance,2026-07-10T06:58:05.450587+00:00
2026-06-28 23:30:00+00:00,XRP-USD,15m,1.044100046157837,1.0505000352859497,1.044100046157837,1.04830002784729,9814592,9814592,yfinance,2026-07-10T06:58:05.450587+00:00
2026-06-28 23:45:00+00:00,XRP-USD,15m,1.0479999780654907,1.0503000020980835,1.0465999841690063,1.0468000173568726,6587904,6587904,yfinance,2026-07-10T06:58:05.450587+00:00
2026-06-29 00:00:00+00:00,XRP-USD,15m,1.0467000007629395,1.0471999645233154,1.0403000116348267,1.0450999736785889,3142528,3142528,yfinance,2026-07-10T06:58:05.450587+00:00
2026-06-29 00:15:00+00:00,XRP-USD,15m,1.0454000234603882,1.0455000400543213,1.0358999967575073,1.0358999967575073,11253632,11253632,yfinance,2026-07-10T06:58:05.450587+00:00
2026-06-29 00:30:00+00:00,XRP-USD,15m,1.0356999635696411,1.0419000387191772,1.0324000120162964,1.041599988937378,21761536,21761536,yfinance,2026-07-10T06:58:05.450587+00:00
2026-06-29 00:45:00+00:00,XRP-USD,15m,1.041100025177002,1.0462000370025635,1.0367000102996826,1.0458999872207642,14227840,14227840,yfinance,2026-07-10T06:58:05.450587+00:00
2026-06-29 01:00:00+00:00,XRP-USD,15m,1.0461000204086304,1.0468000173568726,1.0413999557495117,1.0424000024795532,12370176,12370176,yfinance,2026-07-10T06:58:05.450587+00:00
2026-06-29 01:15:00+00:00,XRP-USD,15m,1.0425000190734863,1.0434000492095947,1.038100004196167,1.0396000146865845,6019072,6019072,yfinance,2026-07-10T06:58:05.450587+00:00
2026-06-29 01:30:00+00:00,XRP-USD,15m,1.0391000509262085,1.0444999933242798,1.0377999544143677,1.0434999465942383,10154880,10154880,yfinance,2026-07-10T06:58:05.450587+00:00
2026-06-29 01:45:00+00:00,XRP-USD,15m,1.0434999465942383,1.0440000295639038,1.041599988937378,1.0418000221252441,10812032,10812032,yfinance,2026-07-10T06:58:05.450587+00:00
2026-06-29 02:00:00+00:00,XRP-USD,15m,1.0413000583648682,1.0422999858856201,1.0312999486923218,1.033400058746338,1029760,1029760,yfinance,2026-07-10T06:58:05.450587+00:00
2026-06-29 02:15:00+00:00,XRP-USD,15m,1.0339000225067139,1.0443999767303467,1.0326000452041626,1.0434000492095947,12717568,12717568,yfinance,2026-07-10T06:58:05.450587+00:00
2026-06-29 02:30:00+00:00,XRP-USD,15m,1.0435999631881714,1.0461000204086304,1.0414999723434448,1.045199990272522,20936576,20936576,yfinance,2026-07-10T06:58:05.450587+00:00
2026-06-29 02:45:00+00:00,XRP-USD,15m,1.045199990272522,1.0463999509811401,1.0439000129699707,1.044700026512146,13285888,13285888,yfinance,2026-07-10T06:58:05.450587+00:00
2026-06-29 03:00:00+00:00,XRP-USD,15m,1.0444999933242798,1.0534000396728516,1.0444999933242798,1.0509999990463257,25981568,25981568,yfinance,2026-07-10T06:58:05.450587+00:00
2026-06-29 03:15:00+00:00,XRP-USD,15m,1.0509999990463257,1.0542000532150269,1.0490000247955322,1.0539000034332275,17782528,17782528,yfinance,2026-07-10T06:58:05.450587+00:00
2026-06-29 03:30:00+00:00,XRP-USD,15m,1.0537999868392944,1.0539000034332275,1.0468000173568726,1.0470000505447388,9616896,9616896,yfinance,2026-07-10T06:58:05.450587+00:00
2026-06-29 03:45:00+00:00,XRP-USD,15m,1.0465999841690063,1.049299955368042,1.0461000204086304,1.0491000413894653,8088192,8088192,yfinance,2026-07-10T06:58:05.450587+00:00
2026-06-29 04:00:00+00:00,XRP-USD,15m,1.0492000579833984,1.0492000579833984,1.0440000295639038,1.044700026512146,5626240,5626240,yfinance,2026-07-10T06:58:05.450587+00:00
2026-06-29 04:15:00+00:00,XRP-USD,15m,1.044800043106079,1.0460000038146973,1.042799949645996,1.045300006866455,6682624,6682624,yfinance,2026-07-10T06:58:05.450587+00:00
2026-06-29 04:30:00+00:00,XRP-USD,15m,1.0455000400543213,1.0455000400543213,1.0405999422073364,1.041700005531311,5734784,5734784,yfinance,2026-07-10T06:58:05.450587+00:00
2026-06-29 04:45:00+00:00,XRP-USD,15m,1.0418000221252441,1.0440000295639038,1.0408999919891357,1.0418000221252441,11084800,11084800,yfinance,2026-07-10T06:58:05.450587+00:00
2026-06-29 05:00:00+00:00,XRP-USD,15m,1.0424000024795532,1.0424000024795532,1.034600019454956,1.0377000570297241,7949184,7949184,yfinance,2026-07-10T06:58:05.450587+00:00
2026-06-29 05:15:00+00:00,XRP-USD,15m,1.0377000570297241,1.0413000583648682,1.037500023841858,1.0403000116348267,9945600,9945600,yfinance,2026-07-10T06:58:05.450587+00:00
2026-06-29 05:30:00+00:00,XRP-USD,15m,1.0405000448226929,1.044100046157837,1.0391000509262085,1.0437999963760376,1982080,1982080,yfinance,2026-07-10T06:58:05.450587+00:00
2026-06-29 05:45:00+00:00,XRP-USD,15m,1.0434999465942383,1.0467000007629395,1.0418000221252441,1.0467000007629395,7951488,7951488,yfinance,2026-07-10T06:58:05.450587+00:00
2026-06-29 06:00:00+00:00,XRP-USD,15m,1.0470999479293823,1.0527000427246094,1.0465999841690063,1.0507999658584595,19487872,19487872,yfinance,2026-07-10T06:58:05.450587+00:00
2026-06-29 06:15:00+00:00,XRP-USD,15m,1.0506999492645264,1.0529999732971191,1.0499999523162842,1.0500999689102173,9570176,9570176,yfinance,2026-07-10T06:58:05.450587+00:00
2026-06-29 06:30:00+00:00,XRP-USD,15m,1.0505000352859497,1.0511000156402588,1.045699954032898,1.0469000339508057,5094912,5094912,yfinance,2026-07-10T06:58:05.450587+00:00
2026-06-29 06:45:00+00:00,XRP-USD,15m,1.0467000007629395,1.0484000444412231,1.0467000007629395,1.0478999614715576,3903872,3903872,yfinance,2026-07-10T06:58:05.450587+00:00
2026-06-29 07:00:00+00:00,XRP-USD,15m,1.0476000308990479,1.0478999614715576,1.0441999435424805,1.0478999614715576,3428480,3428480,yfinance,2026-07-10T06:58:05.450587+00:00
2026-06-29 07:15:00+00:00,XRP-USD,15m,1.0480999946594238,1.0506999492645264,1.0467000007629395,1.048799991607666,5376000,5376000,yfinance,2026-07-10T06:58:05.450587+00:00
2026-06-29 07:30:00+00:00,XRP-USD,15m,1.048799991607666,1.0499000549316406,1.0462000370025635,1.0468000173568726,3122944,3122944,yfinance,2026-07-10T06:58:05.450587+00:00
2026-06-29 07:45:00+00:00,XRP-USD,15m,1.0467000007629395,1.0499000549316406,1.0462000370025635,1.0475000143051147,2681984,2681984,yfinance,2026-07-10T06:58:05.450587+00:00
2026-06-29 08:00:00+00:00,XRP-USD,15m,1.0475000143051147,1.049399971961975,1.0455000400543213,1.0463999509811401,853376,853376,yfinance,2026-07-10T06:58:05.450587+00:00
2026-06-29 08:15:00+00:00,XRP-USD,15m,1.0464999675750732,1.04830002784729,1.041599988937378,1.0424000024795532,4052096,4052096,yfinance,2026-07-10T06:58:05.450587+00:00
2026-06-29 08:30:00+00:00,XRP-USD,15m,1.0419000387191772,1.044100046157837,1.0405000448226929,1.0434999465942383,6161152,6161152,yfinance,2026-07-10T06:58:05.450587+00:00
2026-06-29 08:45:00+00:00,XRP-USD,15m,1.0434999465942383,1.045199990272522,1.042199969291687,1.0424000024795532,3095680,3095680,yfinance,2026-07-10T06:58:05.450587+00:00
2026-06-29 09:00:00+00:00,XRP-USD,15m,1.0425000190734863,1.045300006866455,1.0419000387191772,1.045300006866455,0,0,yfinance,2026-07-10T06:58:05.450587+00:00
2026-06-29 09:15:00+00:00,XRP-USD,15m,1.045199990272522,1.048699975013733,1.0429999828338623,1.0472999811172485,4296448,4296448,yfinance,2026-07-10T06:58:05.450587+00:00
2026-06-29 09:30:00+00:00,XRP-USD,15m,1.0475000143051147,1.0479999780654907,1.0455000400543213,1.0476000308990479,5147264,5147264,yfinance,2026-07-10T06:58:05.450587+00:00
2026-06-29 09:45:00+00:00,XRP-USD,15m,1.0476000308990479,1.0489000082015991,1.0450999736785889,1.0477999448776245,8245888,8245888,yfinance,2026-07-10T06:58:05.450587+00:00
2026-06-29 10:00:00+00:00,XRP-USD,15m,1.0478999614715576,1.0537999868392944,1.0478999614715576,1.0533000230789185,15677184,15677184,yfinance,2026-07-10T06:58:05.450587+00:00
2026-06-29 10:15:00+00:00,XRP-USD,15m,1.0535000562667847,1.0537999868392944,1.051800012588501,1.051900029182434,5585920,5585920,yfinance,2026-07-10T06:58:05.450587+00:00
2026-06-29 10:30:00+00:00,XRP-USD,15m,1.052299976348877,1.0527000427246094,1.0494999885559082,1.0525000095367432,5403520,5403520,yfinance,2026-07-10T06:58:05.450587+00:00
2026-06-29 10:45:00+00:00,XRP-USD,15m,1.052299976348877,1.0529999732971191,1.0500999689102173,1.0504000186920166,9283072,9283072,yfinance,2026-07-10T06:58:05.450587+00:00
2026-06-29 11:00:00+00:00,XRP-USD,15m,1.0506999492645264,1.051300048828125,1.047700047492981,1.047700047492981,5582592,5582592,yfinance,2026-07-10T06:58:05.450587+00:00
2026-06-29 11:15:00+00:00,XRP-USD,15m,1.0472999811172485,1.0532000064849854,1.0464999675750732,1.0527000427246094,5414784,5414784,yfinance,2026-07-10T06:58:05.450587+00:00
2026-06-29 11:30:00+00:00,XRP-USD,15m,1.0527000427246094,1.0591000318527222,1.0508999824523926,1.0520000457763672,31580544,31580544,yfinance,2026-07-10T06:58:05.450587+00:00
2026-06-29 11:45:00+00:00,XRP-USD,15m,1.0520000457763672,1.0527000427246094,1.0499000549316406,1.0520999431610107,5122176,5122176,yfinance,2026-07-10T06:58:05.450587+00:00
2026-06-29 12:00:00+00:00,XRP-USD,15m,1.052299976348877,1.0641000270843506,1.0472999811172485,1.062600016593933,45145600,45145600,yfinance,2026-07-10T06:58:05.450587+00:00
2026-06-29 12:15:00+00:00,XRP-USD,15m,1.0622999668121338,1.063599944114685,1.0587999820709229,1.0616999864578247,26977024,26977024,yfinance,2026-07-10T06:58:05.450587+00:00
2026-06-29 12:30:00+00:00,XRP-USD,15m,1.0616999864578247,1.0622999668121338,1.052299976348877,1.0537999868392944,16837504,16837504,yfinance,2026-07-10T06:58:05.450587+00:00
2026-06-29 12:45:00+00:00,XRP-USD,15m,1.0537999868392944,1.055799961090088,1.0506000518798828,1.0539000034332275,12974464,12974464,yfinance,2026-07-10T06:58:05.450587+00:00
2026-06-29 13:00:00+00:00,XRP-USD,15m,1.0542000532150269,1.0605000257492065,1.0542000532150269,1.059399962425232,13357312,13357312,yfinance,2026-07-10T06:58:05.450587+00:00
2026-06-29 13:15:00+00:00,XRP-USD,15m,1.0592999458312988,1.0602999925613403,1.0542000532150269,1.0542000532150269,8555776,8555776,yfinance,2026-07-10T06:58:05.450587+00:00
2026-06-29 13:30:00+00:00,XRP-USD,15m,1.054800033569336,1.0592999458312988,1.0443999767303467,1.044800043106079,27891456,27891456,yfinance,2026-07-10T06:58:05.450587+00:00
2026-06-29 13:45:00+00:00,XRP-USD,15m,1.044800043106079,1.0490000247955322,1.0434000492095947,1.048699975013733,40251008,40251008,yfinance,2026-07-10T06:58:05.450587+00:00
2026-06-29 14:00:00+00:00,XRP-USD,15m,1.049299955368042,1.0497000217437744,1.0405999422073364,1.041100025177002,19198592,19198592,yfinance,2026-07-10T06:58:05.450587+00:00
2026-06-29 14:15:00+00:00,XRP-USD,15m,1.0405999422073364,1.045300006866455,1.0384000539779663,1.0434999465942383,31237632,31237632,yfinance,2026-07-10T06:58:05.450587+00:00
2026-06-29 14:30:00+00:00,XRP-USD,15m,1.0435999631881714,1.0460000038146973,1.0405000448226929,1.0424000024795532,23964544,23964544,yfinance,2026-07-10T06:58:05.450587+00:00
2026-06-29 14:45:00+00:00,XRP-USD,15m,1.041599988937378,1.0476000308990479,1.0405999422073364,1.0476000308990479,11527424,11527424,yfinance,2026-07-10T06:58:05.450587+00:00
2026-06-29 15:00:00+00:00,XRP-USD,15m,1.047700047492981,1.047700047492981,1.039199948310852,1.041100025177002,12998272,12998272,yfinance,2026-07-10T06:58:05.450587+00:00
2026-06-29 15:15:00+00:00,XRP-USD,15m,1.0406999588012695,1.044700026512146,1.0401999950408936,1.0443999767303467,6951680,6951680,yfinance,2026-07-10T06:58:05.450587+00:00
2026-06-29 15:30:00+00:00,XRP-USD,15m,1.044800043106079,1.0499000549316406,1.0442999601364136,1.0491000413894653,19686272,19686272,yfinance,2026-07-10T06:58:05.450587+00:00
2026-06-29 15:45:00+00:00,XRP-USD,15m,1.048799991607666,1.0500999689102173,1.0470000505447388,1.0476000308990479,10531840,10531840,yfinance,2026-07-10T06:58:05.450587+00:00
2026-06-29 16:00:00+00:00,XRP-USD,15m,1.0476000308990479,1.0490000247955322,1.045300006866455,1.0460000038146973,6375040,6375040,yfinance,2026-07-10T06:58:05.450587+00:00
2026-06-29 16:15:00+00:00,XRP-USD,15m,1.0463000535964966,1.0469000339508057,1.0413000583648682,1.0414999723434448,1320960,1320960,yfinance,2026-07-10T06:58:05.450587+00:00
2026-06-29 16:30:00+00:00,XRP-USD,15m,1.041700005531311,1.0480999946594238,1.041700005531311,1.0478999614715576,2885632,2885632,yfinance,2026-07-10T06:58:05.450587+00:00
2026-06-29 16:45:00+00:00,XRP-USD,15m,1.0478999614715576,1.051300048828125,1.0471999645233154,1.0491000413894653,10733440,10733440,yfinance,2026-07-10T06:58:05.450587+00:00
2026-06-29 17:00:00+00:00,XRP-USD,15m,1.0491000413894653,1.0627000331878662,1.048799991607666,1.0616999864578247,14881408,14881408,yfinance,2026-07-10T06:58:05.450587+00:00
2026-06-29 17:15:00+00:00,XRP-USD,15m,1.061900019645691,1.0657999515533447,1.0599000453948975,1.0638999938964844,46126208,46126208,yfinance,2026-07-10T06:58:05.450587+00:00
2026-06-29 17:30:00+00:00,XRP-USD,15m,1.0643999576568604,1.0670000314712524,1.0622999668121338,1.0669000148773193,15749248,15749248,yfinance,2026-07-10T06:58:05.450587+00:00
2026-06-29 17:45:00+00:00,XRP-USD,15m,1.066499948501587,1.0673999786376953,1.0641000270843506,1.0642000436782837,18225152,18225152,yfinance,2026-07-10T06:58:05.450587+00:00
2026-06-29 18:00:00+00:00,XRP-USD,15m,1.0638999938964844,1.0676000118255615,1.0627000331878662,1.0673999786376953,15277184,15277184,yfinance,2026-07-10T06:58:05.450587+00:00
2026-06-29 18:15:00+00:00,XRP-USD,15m,1.067199945449829,1.0678000450134277,1.062600016593933,1.0631999969482422,5736576,5736576,yfinance,2026-07-10T06:58:05.450587+00:00
2026-06-29 18:30:00+00:00,XRP-USD,15m,1.0627000331878662,1.065500020980835,1.0613000392913818,1.0649000406265259,9480320,9480320,yfinance,2026-07-10T06:58:05.450587+00:00
2026-06-29 18:45:00+00:00,XRP-USD,15m,1.0647000074386597,1.0649000406265259,1.061900019645691,1.0633000135421753,2457088,2457088,yfinance,2026-07-10T06:58:05.450587+00:00
2026-06-29 19:00:00+00:00,XRP-USD,15m,1.0635000467300415,1.0657000541687012,1.062000036239624,1.0634000301361084,6388864,6388864,yfinance,2026-07-10T06:58:05.450587+00:00
2026-06-29 19:15:00+00:00,XRP-USD,15m,1.0631999969482422,1.0706000328063965,1.0631999969482422,1.069200038909912,8989824,8989824,yfinance,2026-07-10T06:58:05.450587+00:00
2026-06-29 19:30:00+00:00,XRP-USD,15m,1.069000005722046,1.0744999647140503,1.0678999423980713,1.0742000341415405,13784448,13784448,yfinance,2026-07-10T06:58:05.450587+00:00
2026-06-29 19:45:00+00:00,XRP-USD,15m,1.0745999813079834,1.0750000476837158,1.0688999891281128,1.0729999542236328,12431488,12431488,yfinance,2026-07-10T06:58:05.450587+00:00
2026-06-29 20:00:00+00:00,XRP-USD,15m,1.0736000537872314,1.0736000537872314,1.0674999952316284,1.0679999589920044,10185856,10185856,yfinance,2026-07-10T06:58:05.450587+00:00
2026-06-29 20:15:00+00:00,XRP-USD,15m,1.0678000450134277,1.0684000253677368,1.065999984741211,1.065999984741211,0,0,yfinance,2026-07-10T06:58:05.450587+00:00
2026-06-29 20:30:00+00:00,XRP-USD,15m,1.0664000511169434,1.0670000314712524,1.0638999938964844,1.0648000240325928,420864,420864,yfinance,2026-07-10T06:58:05.450587+00:00
2026-06-29 20:45:00+00:00,XRP-USD,15m,1.0647000074386597,1.0647000074386597,1.061400055885315,1.062000036239624,2363392,2363392,yfinance,2026-07-10T06:58:05.450587+00:00
2026-06-29 21:00:00+00:00,XRP-USD,15m,1.0622999668121338,1.0628000497817993,1.0587999820709229,1.0618000030517578,3500672,3500672,yfinance,2026-07-10T06:58:05.450587+00:00
2026-06-29 21:15:00+00:00,XRP-USD,15m,1.0615999698638916,1.0618000030517578,1.0592999458312988,1.0615999698638916,8108160,8108160,yfinance,2026-07-10T06:58:05.450587+00:00
2026-06-29 21:30:00+00:00,XRP-USD,15m,1.0615999698638916,1.0627000331878662,1.0608999729156494,1.062399983406067,2597248,2597248,yfinance,2026-07-10T06:58:05.450587+00:00
2026-06-29 21:45:00+00:00,XRP-USD,15m,1.0625,1.0642999410629272,1.0621000528335571,1.0633000135421753,575616,575616,yfinance,2026-07-10T06:58:05.450587+00:00
2026-06-29 22:00:00+00:00,XRP-USD,15m,1.0636999607086182,1.0640000104904175,1.0601999759674072,1.0611000061035156,0,0,yfinance,2026-07-10T06:58:05.450587+00:00
2026-06-29 22:15:00+00:00,XRP-USD,15m,1.0613000392913818,1.0622999668121338,1.059499979019165,1.0607999563217163,0,0,yfinance,2026-07-10T06:58:05.450587+00:00
2026-06-29 22:30:00+00:00,XRP-USD,15m,1.0607000589370728,1.0608999729156494,1.057800054550171,1.0597000122070312,0,0,yfinance,2026-07-10T06:58:05.450587+00:00
2026-06-29 22:45:00+00:00,XRP-USD,15m,1.0599000453948975,1.0602999925613403,1.0576000213623047,1.0578999519348145,0,0,yfinance,2026-07-10T06:58:05.450587+00:00
2026-06-29 23:00:00+00:00,XRP-USD,15m,1.0578999519348145,1.0582000017166138,1.05649995803833,1.0569000244140625,0,0,yfinance,2026-07-10T06:58:05.450587+00:00
2026-06-29 23:15:00+00:00,XRP-USD,15m,1.0570000410079956,1.0575000047683716,1.0542000532150269,1.0546000003814697,0,0,yfinance,2026-07-10T06:58:05.450587+00:00
2026-06-29 23:30:00+00:00,XRP-USD,15m,1.0542000532150269,1.0571999549865723,1.0540000200271606,1.0565999746322632,0,0,yfinance,2026-07-10T06:58:05.450587+00:00
2026-06-29 23:45:00+00:00,XRP-USD,15m,1.0573999881744385,1.0583000183105469,1.0566999912261963,1.0573999881744385,0,0,yfinance,2026-07-10T06:58:05.450587+00:00
2026-06-30 00:00:00+00:00,XRP-USD,15m,1.0569000244140625,1.0575000047683716,1.0546000003814697,1.0561000108718872,0,0,yfinance,2026-07-10T06:58:05.450587+00:00
2026-06-30 00:15:00+00:00,XRP-USD,15m,1.0561000108718872,1.0570000410079956,1.0513999462127686,1.0513999462127686,0,0,yfinance,2026-07-10T06:58:05.450587+00:00
2026-06-30 00:30:00+00:00,XRP-USD,15m,1.0509999990463257,1.0514999628067017,1.0470000505447388,1.0485999584197998,237056,237056,yfinance,2026-07-10T06:58:05.450587+00:00
2026-06-30 00:45:00+00:00,XRP-USD,15m,1.0485999584197998,1.0503000020980835,1.0471999645233154,1.0471999645233154,0,0,yfinance,2026-07-10T06:58:05.450587+00:00
2026-06-30 01:00:00+00:00,XRP-USD,15m,1.0475000143051147,1.0485999584197998,1.0461000204086304,1.0478999614715576,0,0,yfinance,2026-07-10T06:58:05.450587+00:00
2026-06-30 01:15:00+00:00,XRP-USD,15m,1.0476000308990479,1.0506000518798828,1.0475000143051147,1.0506000518798828,27776,27776,yfinance,2026-07-10T06:58:05.450587+00:00
2026-06-30 01:30:00+00:00,XRP-USD,15m,1.0506999492645264,1.0506999492645264,1.0463000535964966,1.0472999811172485,402176,402176,yfinance,2026-07-10T06:58:05.450587+00:00
2026-06-30 01:45:00+00:00,XRP-USD,15m,1.0472999811172485,1.048799991607666,1.0471999645233154,1.048799991607666,957184,957184,yfinance,2026-07-10T06:58:05.450587+00:00
2026-06-30 02:00:00+00:00,XRP-USD,15m,1.048799991607666,1.048799991607666,1.0455000400543213,1.0456000566482544,0,0,yfinance,2026-07-10T06:58:05.450587+00:00
2026-06-30 02:15:00+00:00,XRP-USD,15m,1.045699954032898,1.0489000082015991,1.044700026512146,1.0485999584197998,0,0,yfinance,2026-07-10T06:58:05.450587+00:00
2026-06-30 02:30:00+00:00,XRP-USD,15m,1.0484000444412231,1.049299955368042,1.0473999977111816,1.0491000413894653,0,0,yfinance,2026-07-10T06:58:05.450587+00:00
2026-06-30 02:45:00+00:00,XRP-USD,15m,1.0496000051498413,1.0509999990463257,1.048699975013733,1.0491000413894653,0,0,yfinance,2026-07-10T06:58:05.450587+00:00
2026-06-30 03:00:00+00:00,XRP-USD,15m,1.0489000082015991,1.0500999689102173,1.048200011253357,1.048699975013733,0,0,yfinance,2026-07-10T06:58:05.450587+00:00
2026-06-30 03:15:00+00:00,XRP-USD,15m,1.0485999584197998,1.0511000156402588,1.0476000308990479,1.0492000579833984,0,0,yfinance,2026-07-10T06:58:05.450587+00:00
2026-06-30 03:30:00+00:00,XRP-USD,15m,1.049399971961975,1.049399971961975,1.047700047492981,1.0485999584197998,0,0,yfinance,2026-07-10T06:58:05.450587+00:00
2026-06-30 03:45:00+00:00,XRP-USD,15m,1.0484999418258667,1.0485999584197998,1.0424000024795532,1.0436999797821045,17619456,17619456,yfinance,2026-07-10T06:58:05.450587+00:00
2026-06-30 04:00:00+00:00,XRP-USD,15m,1.0435999631881714,1.0441999435424805,1.041200041770935,1.0435999631881714,1310336,1310336,yfinance,2026-07-10T06:58:05.450587+00:00
2026-06-30 04:15:00+00:00,XRP-USD,15m,1.0436999797821045,1.0441999435424805,1.041599988937378,1.044100046157837,383616,383616,yfinance,2026-07-10T06:58:05.450587+00:00
2026-06-30 04:30:00+00:00,XRP-USD,15m,1.0440000295639038,1.0462000370025635,1.0437999963760376,1.0462000370025635,830336,830336,yfinance,2026-07-10T06:58:05.450587+00:00
2026-06-30 04:45:00+00:00,XRP-USD,15m,1.0462000370025635,1.0462000370025635,1.0441999435424805,1.044800043106079,0,0,yfinance,2026-07-10T06:58:05.450587+00:00
2026-06-30 05:00:00+00:00,XRP-USD,15m,1.044800043106079,1.0460000038146973,1.0444999933242798,1.045799970626831,0,0,yfinance,2026-07-10T06:58:05.450587+00:00
2026-06-30 05:15:00+00:00,XRP-USD,15m,1.045699954032898,1.0460000038146973,1.044100046157837,1.0442999601364136,0,0,yfinance,2026-07-10T06:58:05.450587+00:00
2026-06-30 05:30:00+00:00,XRP-USD,15m,1.0444999933242798,1.0470000505447388,1.0437999963760376,1.0455000400543213,84096,84096,yfinance,2026-07-10T06:58:05.450587+00:00
2026-06-30 05:45:00+00:00,XRP-USD,15m,1.0455000400543213,1.0479999780654907,1.0455000400543213,1.0477999448776245,386048,386048,yfinance,2026-07-10T06:58:05.450587+00:00
2026-06-30 06:00:00+00:00,XRP-USD,15m,1.0480999946594238,1.0480999946594238,1.0462000370025635,1.0470000505447388,0,0,yfinance,2026-07-10T06:58:05.450587+00:00
2026-06-30 06:15:00+00:00,XRP-USD,15m,1.0470999479293823,1.0496000051498413,1.0461000204086304,1.0496000051498413,0,0,yfinance,2026-07-10T06:58:05.450587+00:00
2026-06-30 06:30:00+00:00,XRP-USD,15m,1.049399971961975,1.0498000383377075,1.0472999811172485,1.0479999780654907,86016,86016,yfinance,2026-07-10T06:58:05.450587+00:00
2026-06-30 06:45:00+00:00,XRP-USD,15m,1.0480999946594238,1.0491000413894653,1.047700047492981,1.0480999946594238,354176,354176,yfinance,2026-07-10T06:58:05.450587+00:00
2026-06-30 07:00:00+00:00,XRP-USD,15m,1.0480999946594238,1.0491000413894653,1.045199990272522,1.0460000038146973,0,0,yfinance,2026-07-10T06:58:05.450587+00:00
2026-06-30 07:15:00+00:00,XRP-USD,15m,1.0462000370025635,1.0473999977111816,1.0456000566482544,1.0460000038146973,1969792,1969792,yfinance,2026-07-10T06:58:05.450587+00:00
2026-06-30 07:30:00+00:00,XRP-USD,15m,1.0461000204086304,1.0470999479293823,1.0456000566482544,1.045699954032898,100352,100352,yfinance,2026-07-10T06:58:05.450587+00:00
2026-06-30 07:45:00+00:00,XRP-USD,15m,1.045699954032898,1.0465999841690063,1.0449999570846558,1.0458999872207642,0,0,yfinance,2026-07-10T06:58:05.450587+00:00
2026-06-30 08:00:00+00:00,XRP-USD,15m,1.0461000204086304,1.0468000173568726,1.0444999933242798,1.0444999933242798,306048,306048,yfinance,2026-07-10T06:58:05.450587+00:00
2026-06-30 08:15:00+00:00,XRP-USD,15m,1.044600009918213,1.044600009918213,1.0433000326156616,1.0439000129699707,191488,191488,yfinance,2026-07-10T06:58:05.450587+00:00
2026-06-30 08:30:00+00:00,XRP-USD,15m,1.0440000295639038,1.044100046157837,1.0399999618530273,1.0419000387191772,10110208,10110208,yfinance,2026-07-10T06:58:05.450587+00:00
2026-06-30 08:45:00+00:00,XRP-USD,15m,1.0420000553131104,1.0435999631881714,1.0401999950408936,1.0432000160217285,7999360,7999360,yfinance,2026-07-10T06:58:05.450587+00:00
2026-06-30 09:00:00+00:00,XRP-USD,15m,1.0430999994277954,1.0444999933242798,1.0428999662399292,1.0435999631881714,2268544,2268544,yfinance,2026-07-10T06:58:05.450587+00:00
2026-06-30 09:15:00+00:00,XRP-USD,15m,1.0435999631881714,1.0435999631881714,1.0413999557495117,1.041599988937378,729984,729984,yfinance,2026-07-10T06:58:05.450587+00:00
2026-06-30 09:30:00+00:00,XRP-USD,15m,1.0414999723434448,1.0428999662399292,1.0406999588012695,1.0422999858856201,153856,153856,yfinance,2026-07-10T06:58:05.450587+00:00
2026-06-30 09:45:00+00:00,XRP-USD,15m,1.042199969291687,1.0427000522613525,1.0413000583648682,1.0424000024795532,0,0,yfinance,2026-07-10T06:58:05.450587+00:00
2026-06-30 10:00:00+00:00,XRP-USD,15m,1.0425000190734863,1.0427000522613525,1.0404000282287598,1.0413000583648682,0,0,yfinance,2026-07-10T06:58:05.450587+00:00
2026-06-30 10:15:00+00:00,XRP-USD,15m,1.0414999723434448,1.0422999858856201,1.0405999422073364,1.041100025177002,128384,128384,yfinance,2026-07-10T06:58:05.450587+00:00
2026-06-30 10:30:00+00:00,XRP-USD,15m,1.0410000085830688,1.041100025177002,1.0399999618530273,1.0407999753952026,0,0,yfinance,2026-07-10T06:58:05.450587+00:00
2026-06-30 10:45:00+00:00,XRP-USD,15m,1.0407999753952026,1.0422999858856201,1.0403000116348267,1.0404000282287598,1352960,1352960,yfinance,2026-07-10T06:58:05.450587+00:00
2026-06-30 11:00:00+00:00,XRP-USD,15m,1.0405000448226929,1.041700005531311,1.0397000312805176,1.0413000583648682,241792,241792,yfinance,2026-07-10T06:58:05.450587+00:00
2026-06-30 11:15:00+00:00,XRP-USD,15m,1.0414999723434448,1.042199969291687,1.0391000509262085,1.0394999980926514,0,0,yfinance,2026-07-10T06:58:05.450587+00:00
2026-06-30 11:30:00+00:00,XRP-USD,15m,1.0393999814987183,1.0398000478744507,1.0368000268936157,1.0392999649047852,0,0,yfinance,2026-07-10T06:58:05.450587+00:00
2026-06-30 11:45:00+00:00,XRP-USD,15m,1.039199948310852,1.0403000116348267,1.0355000495910645,1.0372999906539917,1486976,1486976,yfinance,2026-07-10T06:58:05.450587+00:00
2026-06-30 12:00:00+00:00,XRP-USD,15m,1.0369000434875488,1.0369999408721924,1.0326000452041626,1.0326000452041626,0,0,yfinance,2026-07-10T06:58:05.450587+00:00
2026-06-30 12:15:00+00:00,XRP-USD,15m,1.0328999757766724,1.0335999727249146,1.0288000106811523,1.030400037765503,576512,576512,yfinance,2026-07-10T06:58:05.450587+00:00
2026-06-30 12:30:00+00:00,XRP-USD,15m,1.0302000045776367,1.0312000513076782,1.0293999910354614,1.0299999713897705,2673024,2673024,yfinance,2026-07-10T06:58:05.450587+00:00
2026-06-30 12:45:00+00:00,XRP-USD,15m,1.0300999879837036,1.030500054359436,1.0260000228881836,1.0260000228881836,6377856,6377856,yfinance,2026-07-10T06:58:05.450587+00:00
2026-06-30 13:00:00+00:00,XRP-USD,15m,1.0268000364303589,1.0312999486923218,1.0254000425338745,1.0292999744415283,6534528,6534528,yfinance,2026-07-10T06:58:05.450587+00:00
2026-06-30 13:15:00+00:00,XRP-USD,15m,1.0295000076293945,1.030400037765503,1.0288000106811523,1.0302000045776367,2705408,2705408,yfinance,2026-07-10T06:58:05.450587+00:00
2026-06-30 13:30:00+00:00,XRP-USD,15m,1.0311000347137451,1.0341999530792236,1.0262000560760498,1.030400037765503,0,0,yfinance,2026-07-10T06:58:05.450587+00:00
2026-06-30 13:45:00+00:00,XRP-USD,15m,1.030400037765503,1.034000039100647,1.0276000499725342,1.034000039100647,4869376,4869376,yfinance,2026-07-10T06:58:05.450587+00:00
2026-06-30 14:00:00+00:00,XRP-USD,15m,1.0325000286102295,1.0408999919891357,1.0325000286102295,1.0389000177383423,3274752,3274752,yfinance,2026-07-10T06:58:05.450587+00:00
2026-06-30 14:15:00+00:00,XRP-USD,15m,1.038599967956543,1.0432000160217285,1.037500023841858,1.0420000553131104,3521536,3521536,yfinance,2026-07-10T06:58:05.450587+00:00
2026-06-30 14:30:00+00:00,XRP-USD,15m,1.0420000553131104,1.0433000326156616,1.0361000299453735,1.0408999919891357,0,0,yfinance,2026-07-10T06:58:05.450587+00:00
2026-06-30 14:45:00+00:00,XRP-USD,15m,1.0398000478744507,1.0398000478744507,1.031000018119812,1.0326999425888062,0,0,yfinance,2026-07-10T06:58:05.450587+00:00
2026-06-30 15:00:00+00:00,XRP-USD,15m,1.0326999425888062,1.0343999862670898,1.02839994430542,1.0322999954223633,1555328,1555328,yfinance,2026-07-10T06:58:05.450587+00:00
2026-06-30 15:15:00+00:00,XRP-USD,15m,1.0326000452041626,1.0328999757766724,1.027899980545044,1.0307999849319458,6108032,6108032,yfinance,2026-07-10T06:58:05.450587+00:00
2026-06-30 15:30:00+00:00,XRP-USD,15m,1.031000018119812,1.0342999696731567,1.0302000045776367,1.0333000421524048,0,0,yfinance,2026-07-10T06:58:05.450587+00:00
2026-06-30 15:45:00+00:00,XRP-USD,15m,1.0334999561309814,1.0392999649047852,1.031999945640564,1.0321999788284302,3606272,3606272,yfinance,2026-07-10T06:58:05.450587+00:00
2026-06-30 16:00:00+00:00,XRP-USD,15m,1.0325000286102295,1.0365999937057495,1.0318000316619873,1.032099962234497,2841984,2841984,yfinance,2026-07-10T06:58:05.450587+00:00
2026-06-30 16:15:00+00:00,XRP-USD,15m,1.0318000316619873,1.0334999561309814,1.030500054359436,1.031499981880188,3945472,3945472,yfinance,2026-07-10T06:58:05.450587+00:00
2026-06-30 16:30:00+00:00,XRP-USD,15m,1.0318000316619873,1.038699984550476,1.030900001525879,1.0356999635696411,9529088,9529088,yfinance,2026-07-10T06:58:05.450587+00:00
2026-06-30 16:45:00+00:00,XRP-USD,15m,1.0355000495910645,1.042099952697754,1.0355000495910645,1.0396000146865845,1473664,1473664,yfinance,2026-07-10T06:58:05.450587+00:00
2026-06-30 17:00:00+00:00,XRP-USD,15m,1.0398000478744507,1.0427000522613525,1.0383000373840332,1.0383000373840332,95488,95488,yfinance,2026-07-10T06:58:05.450587+00:00
2026-06-30 17:15:00+00:00,XRP-USD,15m,1.038599967956543,1.0403000116348267,1.0371999740600586,1.0374000072479248,0,0,yfinance,2026-07-10T06:58:05.450587+00:00
2026-06-30 17:30:00+00:00,XRP-USD,15m,1.037600040435791,1.0392999649047852,1.0363999605178833,1.0383000373840332,0,0,yfinance,2026-07-10T06:58:05.450587+00:00
2026-06-30 17:45:00+00:00,XRP-USD,15m,1.0377000570297241,1.0391000509262085,1.0369999408721924,1.0369999408721924,0,0,yfinance,2026-07-10T06:58:05.450587+00:00
2026-06-30 18:00:00+00:00,XRP-USD,15m,1.0369000434875488,1.0404000282287598,1.0361000299453735,1.0400999784469604,0,0,yfinance,2026-07-10T06:58:05.450587+00:00
2026-06-30 18:15:00+00:00,XRP-USD,15m,1.0403000116348267,1.045699954032898,1.0392999649047852,1.041599988937378,5176832,5176832,yfinance,2026-07-10T06:58:05.450587+00:00
2026-06-30 18:30:00+00:00,XRP-USD,15m,1.0418000221252441,1.0418000221252441,1.0383000373840332,1.0400999784469604,0,0,yfinance,2026-07-10T06:58:05.450587+00:00
2026-06-30 18:45:00+00:00,XRP-USD,15m,1.0405000448226929,1.0428999662399292,1.0398000478744507,1.0413999557495117,3223168,3223168,yfinance,2026-07-10T06:58:05.450587+00:00
2026-06-30 19:00:00+00:00,XRP-USD,15m,1.0407999753952026,1.0419000387191772,1.0388000011444092,1.0396000146865845,0,0,yfinance,2026-07-10T06:58:05.450587+00:00
2026-06-30 19:15:00+00:00,XRP-USD,15m,1.0392999649047852,1.0398000478744507,1.0369999408721924,1.0398000478744507,0,0,yfinance,2026-07-10T06:58:05.450587+00:00
2026-06-30 19:30:00+00:00,XRP-USD,15m,1.0393999814987183,1.0443999767303467,1.0393999814987183,1.0435999631881714,119424,119424,yfinance,2026-07-10T06:58:05.450587+00:00
2026-06-30 19:45:00+00:00,XRP-USD,15m,1.0434999465942383,1.0477999448776245,1.0410000085830688,1.0439000129699707,0,0,yfinance,2026-07-10T06:58:05.450587+00:00
2026-06-30 20:00:00+00:00,XRP-USD,15m,1.042199969291687,1.0448999404907227,1.042199969291687,1.0433000326156616,952832,952832,yfinance,2026-07-10T06:58:05.450587+00:00
2026-06-30 20:15:00+00:00,XRP-USD,15m,1.0433000326156616,1.0435999631881714,1.0404000282287598,1.041100025177002,181760,181760,yfinance,2026-07-10T06:58:05.450587+00:00
2026-06-30 20:30:00+00:00,XRP-USD,15m,1.0406999588012695,1.0426000356674194,1.0393999814987183,1.0406999588012695,1300224,1300224,yfinance,2026-07-10T06:58:05.450587+00:00
2026-06-30 20:45:00+00:00,XRP-USD,15m,1.0407999753952026,1.0432000160217285,1.0398000478744507,1.0401999950408936,0,0,yfinance,2026-07-10T06:58:05.450587+00:00
2026-06-30 21:00:00+00:00,XRP-USD,15m,1.0400999784469604,1.041100025177002,1.0370999574661255,1.0397000312805176,0,0,yfinance,2026-07-10T06:58:05.450587+00:00
2026-06-30 21:15:00+00:00,XRP-USD,15m,1.0394999980926514,1.0403000116348267,1.0377000570297241,1.039199948310852,1745792,1745792,yfinance,2026-07-10T06:58:05.450587+00:00
2026-06-30 21:30:00+00:00,XRP-USD,15m,1.039199948310852,1.0405999422073364,1.038699984550476,1.0389000177383423,1142400,1142400,yfinance,2026-07-10T06:58:05.450587+00:00
2026-06-30 21:45:00+00:00,XRP-USD,15m,1.0390000343322754,1.0399999618530273,1.0379999876022339,1.0398000478744507,420992,420992,yfinance,2026-07-10T06:58:05.450587+00:00
2026-06-30 22:00:00+00:00,XRP-USD,15m,1.0399999618530273,1.0418000221252441,1.0393999814987183,1.0406999588012695,1604352,1604352,yfinance,2026-07-10T06:58:05.450587+00:00
2026-06-30 22:15:00+00:00,XRP-USD,15m,1.0405000448226929,1.0427000522613525,1.0404000282287598,1.0405000448226929,4332416,4332416,yfinance,2026-07-10T06:58:05.450587+00:00
2026-06-30 22:30:00+00:00,XRP-USD,15m,1.0405999422073364,1.0406999588012695,1.037500023841858,1.0382000207901,4741632,4741632,yfinance,2026-07-10T06:58:05.450587+00:00
2026-06-30 22:45:00+00:00,XRP-USD,15m,1.038100004196167,1.0391000509262085,1.0372999906539917,1.0391000509262085,138752,138752,yfinance,2026-07-10T06:58:05.450587+00:00
2026-06-30 23:00:00+00:00,XRP-USD,15m,1.0391000509262085,1.0393999814987183,1.0372999906539917,1.0377000570297241,54912,54912,yfinance,2026-07-10T06:58:05.450587+00:00
2026-06-30 23:15:00+00:00,XRP-USD,15m,1.0377000570297241,1.038699984550476,1.0370999574661255,1.0377000570297241,4736,4736,yfinance,2026-07-10T06:58:05.450587+00:00
2026-06-30 23:30:00+00:00,XRP-USD,15m,1.0374000072479248,1.0384000539779663,1.0367000102996826,1.0382000207901,265216,265216,yfinance,2026-07-10T06:58:05.450587+00:00
2026-06-30 23:45:00+00:00,XRP-USD,15m,1.0379999876022339,1.039199948310852,1.0378999710083008,1.0383000373840332,1259648,1259648,yfinance,2026-07-10T06:58:05.450587+00:00
2026-07-01 00:00:00+00:00,XRP-USD,15m,1.038699984550476,1.0396000146865845,1.0368000268936157,1.0383000373840332,0,0,yfinance,2026-07-10T06:58:05.450587+00:00
2026-07-01 00:15:00+00:00,XRP-USD,15m,1.038699984550476,1.0389000177383423,1.0335999727249146,1.0351999998092651,11603456,11603456,yfinance,2026-07-10T06:58:05.450587+00:00
2026-07-01 00:30:00+00:00,XRP-USD,15m,1.035099983215332,1.038100004196167,1.0336999893188477,1.03410005569458,0,0,yfinance,2026-07-10T06:58:05.450587+00:00
2026-07-01 00:45:00+00:00,XRP-USD,15m,1.03410005569458,1.0362999439239502,1.0338000059127808,1.0356999635696411,1383168,1383168,yfinance,2026-07-10T06:58:05.450587+00:00
2026-07-01 01:00:00+00:00,XRP-USD,15m,1.0356999635696411,1.0362999439239502,1.0210000276565552,1.0283000469207764,4371072,4371072,yfinance,2026-07-10T06:58:05.450587+00:00
2026-07-01 01:15:00+00:00,XRP-USD,15m,1.0293999910354614,1.0332000255584717,1.0264999866485596,1.031499981880188,50004224,50004224,yfinance,2026-07-10T06:58:05.450587+00:00
2026-07-01 01:30:00+00:00,XRP-USD,15m,1.0311000347137451,1.041200041770935,1.0311000347137451,1.0394999980926514,22353408,22353408,yfinance,2026-07-10T06:58:05.450587+00:00
2026-07-01 01:45:00+00:00,XRP-USD,15m,1.0394999980926514,1.041700005531311,1.0382000207901,1.0397000312805176,19967104,19967104,yfinance,2026-07-10T06:58:05.450587+00:00
2026-07-01 02:00:00+00:00,XRP-USD,15m,1.0398000478744507,1.0407999753952026,1.0367000102996826,1.0393999814987183,12197888,12197888,yfinance,2026-07-10T06:58:05.450587+00:00
2026-07-01 02:15:00+00:00,XRP-USD,15m,1.0393999814987183,1.0444999933242798,1.0390000343322754,1.0430999994277954,10653184,10653184,yfinance,2026-07-10T06:58:05.450587+00:00
2026-07-01 02:30:00+00:00,XRP-USD,15m,1.0434000492095947,1.0461000204086304,1.0419000387191772,1.0458999872207642,11344384,11344384,yfinance,2026-07-10T06:58:05.450587+00:00
2026-07-01 02:45:00+00:00,XRP-USD,15m,1.0460000038146973,1.0460000038146973,1.0433000326156616,1.0443999767303467,8731648,8731648,yfinance,2026-07-10T06:58:05.450587+00:00
2026-07-01 03:00:00+00:00,XRP-USD,15m,1.0442999601364136,1.0469000339508057,1.0434000492095947,1.0434000492095947,6216320,6216320,yfinance,2026-07-10T06:58:05.450587+00:00
2026-07-01 03:15:00+00:00,XRP-USD,15m,1.0433000326156616,1.0441999435424805,1.0408999919891357,1.044100046157837,6364032,6364032,yfinance,2026-07-10T06:58:05.450587+00:00
2026-07-01 03:30:00+00:00,XRP-USD,15m,1.044700026512146,1.0500999689102173,1.0434999465942383,1.0470000505447388,19961088,19961088,yfinance,2026-07-10T06:58:05.450587+00:00
2026-07-01 03:45:00+00:00,XRP-USD,15m,1.0469000339508057,1.051300048828125,1.0469000339508057,1.049299955368042,5185024,5185024,yfinance,2026-07-10T06:58:05.450587+00:00
2026-07-01 04:00:00+00:00,XRP-USD,15m,1.0492000579833984,1.0497000217437744,1.0472999811172485,1.0477999448776245,2025344,2025344,yfinance,2026-07-10T06:58:05.450587+00:00
2026-07-01 04:15:00+00:00,XRP-USD,15m,1.047700047492981,1.0501999855041504,1.047700047492981,1.0498000383377075,688384,688384,yfinance,2026-07-10T06:58:05.450587+00:00
2026-07-01 04:30:00+00:00,XRP-USD,15m,1.0499000549316406,1.0509999990463257,1.048200011253357,1.0506000518798828,3292032,3292032,yfinance,2026-07-10T06:58:05.450587+00:00
2026-07-01 04:45:00+00:00,XRP-USD,15m,1.0507999658584595,1.052299976348877,1.0497000217437744,1.0500999689102173,11041920,11041920,yfinance,2026-07-10T06:58:05.450587+00:00
2026-07-01 05:00:00+00:00,XRP-USD,15m,1.0501999855041504,1.051800012588501,1.048799991607666,1.0492000579833984,2781696,2781696,yfinance,2026-07-10T06:58:05.450587+00:00
2026-07-01 05:15:00+00:00,XRP-USD,15m,1.0491000413894653,1.0505000352859497,1.0476000308990479,1.0476000308990479,3156352,3156352,yfinance,2026-07-10T06:58:05.450587+00:00
2026-07-01 05:30:00+00:00,XRP-USD,15m,1.047700047492981,1.0484999418258667,1.0468000173568726,1.048200011253357,1909120,1909120,yfinance,2026-07-10T06:58:05.450587+00:00
2026-07-01 05:45:00+00:00,XRP-USD,15m,1.048200011253357,1.0494999885559082,1.0477999448776245,1.0491000413894653,1415552,1415552,yfinance,2026-07-10T06:58:05.450587+00:00
2026-07-01 06:00:00+00:00,XRP-USD,15m,1.0491000413894653,1.049299955368042,1.0465999841690063,1.0476000308990479,1272320,1272320,yfinance,2026-07-10T06:58:05.450587+00:00
2026-07-01 06:15:00+00:00,XRP-USD,15m,1.0476000308990479,1.0479999780654907,1.0434999465942383,1.0458999872207642,4230912,4230912,yfinance,2026-07-10T06:58:05.450587+00:00
2026-07-01 06:30:00+00:00,XRP-USD,15m,1.0461000204086304,1.0469000339508057,1.0388000011444092,1.0407999753952026,19370496,19370496,yfinance,2026-07-10T06:58:05.450587+00:00
2026-07-01 06:45:00+00:00,XRP-USD,15m,1.0408999919891357,1.041200041770935,1.0379999876022339,1.0406999588012695,7121024,7121024,yfinance,2026-07-10T06:58:05.450587+00:00
2026-07-01 07:00:00+00:00,XRP-USD,15m,1.0408999919891357,1.0414999723434448,1.0378999710083008,1.0403000116348267,5886208,5886208,yfinance,2026-07-10T06:58:05.450587+00:00
2026-07-01 07:15:00+00:00,XRP-USD,15m,1.0405999422073364,1.0428999662399292,1.0394999980926514,1.0407999753952026,35840,35840,yfinance,2026-07-10T06:58:05.450587+00:00
2026-07-01 07:30:00+00:00,XRP-USD,15m,1.0401999950408936,1.0413000583648682,1.0393999814987183,1.0405000448226929,2632448,2632448,yfinance,2026-07-10T06:58:05.450587+00:00
2026-07-01 07:45:00+00:00,XRP-USD,15m,1.0405000448226929,1.0427000522613525,1.0396000146865845,1.0425000190734863,3319040,3319040,yfinance,2026-07-10T06:58:05.450587+00:00
2026-07-01 08:00:00+00:00,XRP-USD,15m,1.042199969291687,1.0428999662399292,1.0401999950408936,1.0407999753952026,1266304,1266304,yfinance,2026-07-10T06:58:05.450587+00:00
2026-07-01 08:15:00+00:00,XRP-USD,15m,1.0406999588012695,1.0410000085830688,1.0382000207901,1.0388000011444092,2371584,2371584,yfinance,2026-07-10T06:58:05.450587+00:00
2026-07-01 08:30:00+00:00,XRP-USD,15m,1.039199948310852,1.0414999723434448,1.0371999740600586,1.0413999557495117,1453440,1453440,yfinance,2026-07-10T06:58:05.450587+00:00
2026-07-01 08:45:00+00:00,XRP-USD,15m,1.0413999557495117,1.0464999675750732,1.0401999950408936,1.0462000370025635,0,0,yfinance,2026-07-10T06:58:05.450587+00:00
2026-07-01 09:00:00+00:00,XRP-USD,15m,1.0455000400543213,1.0477999448776245,1.044600009918213,1.045300006866455,2934656,2934656,yfinance,2026-07-10T06:58:05.450587+00:00
2026-07-01 09:15:00+00:00,XRP-USD,15m,1.0454000234603882,1.0467000007629395,1.0443999767303467,1.0454000234603882,911232,911232,yfinance,2026-07-10T06:58:05.450587+00:00
2026-07-01 09:30:00+00:00,XRP-USD,15m,1.045699954032898,1.0462000370025635,1.044800043106079,1.0450999736785889,1993472,1993472,yfinance,2026-07-10T06:58:05.450587+00:00
2026-07-01 09:45:00+00:00,XRP-USD,15m,1.045199990272522,1.0460000038146973,1.0434999465942383,1.044700026512146,6208000,6208000,yfinance,2026-07-10T06:58:05.450587+00:00
2026-07-01 10:00:00+00:00,XRP-USD,15m,1.044800043106079,1.0454000234603882,1.0413999557495117,1.041700005531311,4611712,4611712,yfinance,2026-07-10T06:58:05.450587+00:00
2026-07-01 10:15:00+00:00,XRP-USD,15m,1.0413999557495117,1.0419000387191772,1.0383000373840332,1.0398999452590942,808960,808960,yfinance,2026-07-10T06:58:05.450587+00:00
2026-07-01 10:30:00+00:00,XRP-USD,15m,1.0398999452590942,1.0407999753952026,1.0382000207901,1.0384999513626099,1202176,1202176,yfinance,2026-07-10T06:58:05.450587+00:00
2026-07-01 10:45:00+00:00,XRP-USD,15m,1.0383000373840332,1.0407999753952026,1.0383000373840332,1.0389000177383423,50432,50432,yfinance,2026-07-10T06:58:05.450587+00:00
2026-07-01 11:00:00+00:00,XRP-USD,15m,1.0392999649047852,1.0413000583648682,1.0369999408721924,1.0404000282287598,4683008,4683008,yfinance,2026-07-10T06:58:05.450587+00:00
2026-07-01 11:15:00+00:00,XRP-USD,15m,1.0404000282287598,1.0408999919891357,1.0384000539779663,1.038599967956543,4110464,4110464,yfinance,2026-07-10T06:58:05.450587+00:00
2026-07-01 11:30:00+00:00,XRP-USD,15m,1.0382000207901,1.0391000509262085,1.0369999408721924,1.0384000539779663,1375744,1375744,yfinance,2026-07-10T06:58:05.450587+00:00
2026-07-01 11:45:00+00:00,XRP-USD,15m,1.0388000011444092,1.0390000343322754,1.035599946975708,1.0374000072479248,0,0,yfinance,2026-07-10T06:58:05.450587+00:00
2026-07-01 12:00:00+00:00,XRP-USD,15m,1.0372999906539917,1.038599967956543,1.0341999530792236,1.034999966621399,0,0,yfinance,2026-07-10T06:58:05.450587+00:00
2026-07-01 12:15:00+00:00,XRP-USD,15m,1.0351999998092651,1.0368000268936157,1.0348000526428223,1.0362000465393066,734464,734464,yfinance,2026-07-10T06:58:05.450587+00:00
2026-07-01 12:30:00+00:00,XRP-USD,15m,1.0357999801635742,1.0377000570297241,1.0336999893188477,1.0342999696731567,1891200,1891200,yfinance,2026-07-10T06:58:05.450587+00:00
2026-07-01 12:45:00+00:00,XRP-USD,15m,1.034600019454956,1.0362999439239502,1.0333000421524048,1.0360000133514404,2373120,2373120,yfinance,2026-07-10T06:58:05.450587+00:00
2026-07-01 13:00:00+00:00,XRP-USD,15m,1.0357999801635742,1.0404000282287598,1.0357999801635742,1.0392999649047852,0,0,yfinance,2026-07-10T06:58:05.450587+00:00
2026-07-01 13:15:00+00:00,XRP-USD,15m,1.0394999980926514,1.0424000024795532,1.039199948310852,1.0419000387191772,2256896,2256896,yfinance,2026-07-10T06:58:05.450587+00:00
2026-07-01 13:30:00+00:00,XRP-USD,15m,1.041200041770935,1.0433000326156616,1.0356999635696411,1.0429999828338623,7229056,7229056,yfinance,2026-07-10T06:58:05.450587+00:00
2026-07-01 13:45:00+00:00,XRP-USD,15m,1.0418000221252441,1.0480999946594238,1.0418000221252441,1.0480999946594238,8330240,8330240,yfinance,2026-07-10T06:58:05.450587+00:00
2026-07-01 14:00:00+00:00,XRP-USD,15m,1.048200011253357,1.0551999807357788,1.045699954032898,1.0549999475479126,0,0,yfinance,2026-07-10T06:58:05.450587+00:00
2026-07-01 14:15:00+00:00,XRP-USD,15m,1.054900050163269,1.059399962425232,1.0535000562667847,1.0536999702453613,23250432,23250432,yfinance,2026-07-10T06:58:05.450587+00:00
2026-07-01 14:30:00+00:00,XRP-USD,15m,1.0534000396728516,1.0542000532150269,1.0484999418258667,1.049399971961975,4243584,4243584,yfinance,2026-07-10T06:58:05.450587+00:00
2026-07-01 14:45:00+00:00,XRP-USD,15m,1.0492000579833984,1.0525000095367432,1.0458999872207642,1.0507999658584595,3332352,3332352,yfinance,2026-07-10T06:58:05.450587+00:00
2026-07-01 15:00:00+00:00,XRP-USD,15m,1.0507999658584595,1.0573999881744385,1.0505000352859497,1.055799961090088,4054144,4054144,yfinance,2026-07-10T06:58:05.450587+00:00
2026-07-01 15:15:00+00:00,XRP-USD,15m,1.055999994277954,1.0644999742507935,1.0546000003814697,1.062000036239624,19813760,19813760,yfinance,2026-07-10T06:58:05.450587+00:00
2026-07-01 15:30:00+00:00,XRP-USD,15m,1.0622999668121338,1.062399983406067,1.0595999956130981,1.062000036239624,14700800,14700800,yfinance,2026-07-10T06:58:05.450587+00:00
2026-07-01 15:45:00+00:00,XRP-USD,15m,1.061900019645691,1.061900019645691,1.0585999488830566,1.0597000122070312,346496,346496,yfinance,2026-07-10T06:58:05.450587+00:00
2026-07-01 16:00:00+00:00,XRP-USD,15m,1.059999942779541,1.059999942779541,1.0576000213623047,1.0583000183105469,608512,608512,yfinance,2026-07-10T06:58:05.450587+00:00
2026-07-01 16:15:00+00:00,XRP-USD,15m,1.0583000183105469,1.063099980354309,1.057800054550171,1.0614999532699585,2989056,2989056,yfinance,2026-07-10T06:58:05.450587+00:00
2026-07-01 16:30:00+00:00,XRP-USD,15m,1.0612000226974487,1.0618000030517578,1.0578999519348145,1.058899998664856,5833984,5833984,yfinance,2026-07-10T06:58:05.450587+00:00
2026-07-01 16:45:00+00:00,XRP-USD,15m,1.0592000484466553,1.0592000484466553,1.0544999837875366,1.0562000274658203,611456,611456,yfinance,2026-07-10T06:58:05.450587+00:00
2026-07-01 17:00:00+00:00,XRP-USD,15m,1.05649995803833,1.0565999746322632,1.0537999868392944,1.0565999746322632,0,0,yfinance,2026-07-10T06:58:05.450587+00:00
2026-07-01 17:15:00+00:00,XRP-USD,15m,1.0565999746322632,1.0616999864578247,1.055899977684021,1.0600999593734741,4775808,4775808,yfinance,2026-07-10T06:58:05.450587+00:00
2026-07-01 17:30:00+00:00,XRP-USD,15m,1.0599000453948975,1.061400055885315,1.0585999488830566,1.0595999956130981,814464,814464,yfinance,2026-07-10T06:58:05.450587+00:00
2026-07-01 17:45:00+00:00,XRP-USD,15m,1.0599000453948975,1.0618000030517578,1.0595999956130981,1.0607999563217163,2833408,2833408,yfinance,2026-07-10T06:58:05.450587+00:00
2026-07-01 18:00:00+00:00,XRP-USD,15m,1.0609999895095825,1.0627000331878662,1.0595999956130981,1.061400055885315,1112704,1112704,yfinance,2026-07-10T06:58:05.450587+00:00
2026-07-01 18:15:00+00:00,XRP-USD,15m,1.0613000392913818,1.0631999969482422,1.0606000423431396,1.0613000392913818,1746048,1746048,yfinance,2026-07-10T06:58:05.450587+00:00
2026-07-01 18:30:00+00:00,XRP-USD,15m,1.0615999698638916,1.0615999698638916,1.059399962425232,1.061400055885315,2901120,2901120,yfinance,2026-07-10T06:58:05.450587+00:00
2026-07-01 18:45:00+00:00,XRP-USD,15m,1.061400055885315,1.061400055885315,1.0571000576019287,1.0592000484466553,193664,193664,yfinance,2026-07-10T06:58:05.450587+00:00
2026-07-01 19:00:00+00:00,XRP-USD,15m,1.059000015258789,1.0635000467300415,1.058899998664856,1.0634000301361084,753408,753408,yfinance,2026-07-10T06:58:05.450587+00:00
2026-07-01 19:15:00+00:00,XRP-USD,15m,1.0634000301361084,1.0645999908447266,1.0604000091552734,1.0604000091552734,1372800,1372800,yfinance,2026-07-10T06:58:05.450587+00:00
2026-07-01 19:30:00+00:00,XRP-USD,15m,1.0604000091552734,1.063099980354309,1.0604000091552734,1.0613000392913818,1526016,1526016,yfinance,2026-07-10T06:58:05.450587+00:00
2026-07-01 19:45:00+00:00,XRP-USD,15m,1.0611000061035156,1.0612000226974487,1.0578999519348145,1.0604000091552734,575232,575232,yfinance,2026-07-10T06:58:05.450587+00:00
2026-07-01 20:00:00+00:00,XRP-USD,15m,1.0602999925613403,1.0604000091552734,1.055899977684021,1.057800054550171,0,0,yfinance,2026-07-10T06:58:05.450587+00:00
2026-07-01 20:15:00+00:00,XRP-USD,15m,1.0576000213623047,1.0578999519348145,1.054900050163269,1.0565999746322632,977408,977408,yfinance,2026-07-10T06:58:05.450587+00:00
2026-07-01 20:30:00+00:00,XRP-USD,15m,1.05649995803833,1.0577000379562378,1.0549999475479126,1.0561000108718872,1394304,1394304,yfinance,2026-07-10T06:58:05.450587+00:00
2026-07-01 20:45:00+00:00,XRP-USD,15m,1.0565999746322632,1.0586999654769897,1.056399941444397,1.0571000576019287,2168704,2168704,yfinance,2026-07-10T06:58:05.450587+00:00
2026-07-01 21:00:00+00:00,XRP-USD,15m,1.0571000576019287,1.062000036239624,1.0566999912261963,1.062000036239624,2868352,2868352,yfinance,2026-07-10T06:58:05.450587+00:00
2026-07-01 21:15:00+00:00,XRP-USD,15m,1.062000036239624,1.0631999969482422,1.0605000257492065,1.062000036239624,5796864,5796864,yfinance,2026-07-10T06:58:05.450587+00:00
2026-07-01 21:30:00+00:00,XRP-USD,15m,1.062000036239624,1.0678999423980713,1.062000036239624,1.0651999711990356,17351424,17351424,yfinance,2026-07-10T06:58:05.450587+00:00
2026-07-01 21:45:00+00:00,XRP-USD,15m,1.0650999546051025,1.0674999952316284,1.0650999546051025,1.065500020980835,6338560,6338560,yfinance,2026-07-10T06:58:05.450587+00:00
2026-07-01 22:00:00+00:00,XRP-USD,15m,1.065000057220459,1.0671000480651855,1.0644999742507935,1.066499948501587,5374592,5374592,yfinance,2026-07-10T06:58:05.450587+00:00
2026-07-01 22:15:00+00:00,XRP-USD,15m,1.065999984741211,1.0721999406814575,1.0654000043869019,1.0654000043869019,19500032,19500032,yfinance,2026-07-10T06:58:05.450587+00:00
2026-07-01 22:30:00+00:00,XRP-USD,15m,1.0664000511169434,1.06659996509552,1.0622999668121338,1.0625,11591424,11591424,yfinance,2026-07-10T06:58:05.450587+00:00
2026-07-01 22:45:00+00:00,XRP-USD,15m,1.062000036239624,1.062000036239624,1.0591000318527222,1.0605000257492065,9567872,9567872,yfinance,2026-07-10T06:58:05.450587+00:00
2026-07-01 23:00:00+00:00,XRP-USD,15m,1.0600999593734741,1.0600999593734741,1.0547000169754028,1.0549999475479126,9811840,9811840,yfinance,2026-07-10T06:58:05.450587+00:00
2026-07-01 23:15:00+00:00,XRP-USD,15m,1.0551999807357788,1.0563000440597534,1.0530999898910522,1.0537999868392944,9127552,9127552,yfinance,2026-07-10T06:58:05.450587+00:00
2026-07-01 23:30:00+00:00,XRP-USD,15m,1.0539000034332275,1.054900050163269,1.0515999794006348,1.0534000396728516,4937216,4937216,yfinance,2026-07-10T06:58:05.450587+00:00
2026-07-01 23:45:00+00:00,XRP-USD,15m,1.0535000562667847,1.0536999702453613,1.0508999824523926,1.051900029182434,3939840,3939840,yfinance,2026-07-10T06:58:05.450587+00:00
2026-07-02 00:00:00+00:00,XRP-USD,15m,1.051800012588501,1.051900029182434,1.0494999885559082,1.0503000020980835,6443264,6443264,yfinance,2026-07-10T06:58:05.450587+00:00
2026-07-02 00:15:00+00:00,XRP-USD,15m,1.0503000020980835,1.0506999492645264,1.0470000505447388,1.0470000505447388,0,0,yfinance,2026-07-10T06:58:05.450587+00:00
2026-07-02 00:30:00+00:00,XRP-USD,15m,1.0467000007629395,1.0470999479293823,1.0439000129699707,1.045199990272522,3090944,3090944,yfinance,2026-07-10T06:58:05.450587+00:00
2026-07-02 00:45:00+00:00,XRP-USD,15m,1.0454000234603882,1.0472999811172485,1.0450999736785889,1.0464999675750732,7148928,7148928,yfinance,2026-07-10T06:58:05.450587+00:00
2026-07-02 01:00:00+00:00,XRP-USD,15m,1.0470000505447388,1.0503000020980835,1.0458999872207642,1.0500999689102173,0,0,yfinance,2026-07-10T06:58:05.450587+00:00
2026-07-02 01:15:00+00:00,XRP-USD,15m,1.0500999689102173,1.052899956703186,1.0492000579833984,1.052899956703186,0,0,yfinance,2026-07-10T06:58:05.450587+00:00
2026-07-02 01:30:00+00:00,XRP-USD,15m,1.0534000396728516,1.0586999654769897,1.0533000230789185,1.0563000440597534,0,0,yfinance,2026-07-10T06:58:05.450587+00:00
2026-07-02 01:45:00+00:00,XRP-USD,15m,1.056399941444397,1.0580999851226807,1.0546000003814697,1.056399941444397,0,0,yfinance,2026-07-10T06:58:05.450587+00:00
2026-07-02 02:00:00+00:00,XRP-USD,15m,1.056399941444397,1.0575000047683716,1.0540000200271606,1.0551999807357788,0,0,yfinance,2026-07-10T06:58:05.450587+00:00
2026-07-02 02:15:00+00:00,XRP-USD,15m,1.0556999444961548,1.0578999519348145,1.055400013923645,1.0570000410079956,0,0,yfinance,2026-07-10T06:58:05.450587+00:00
2026-07-02 02:30:00+00:00,XRP-USD,15m,1.0571999549865723,1.059999942779541,1.0565999746322632,1.0592999458312988,0,0,yfinance,2026-07-10T06:58:05.450587+00:00
2026-07-02 02:45:00+00:00,XRP-USD,15m,1.0592000484466553,1.0600999593734741,1.0570000410079956,1.058899998664856,0,0,yfinance,2026-07-10T06:58:05.450587+00:00
2026-07-02 03:00:00+00:00,XRP-USD,15m,1.0592000484466553,1.0595999956130981,1.0570000410079956,1.0579999685287476,0,0,yfinance,2026-07-10T06:58:05.450587+00:00
2026-07-02 03:15:00+00:00,XRP-USD,15m,1.0580999851226807,1.0628000497817993,1.0551999807357788,1.061400055885315,0,0,yfinance,2026-07-10T06:58:05.450587+00:00
2026-07-02 03:30:00+00:00,XRP-USD,15m,1.0612000226974487,1.0652999877929688,1.0604000091552734,1.0648000240325928,12892032,12892032,yfinance,2026-07-10T06:58:05.450587+00:00
2026-07-02 03:45:00+00:00,XRP-USD,15m,1.0645999908447266,1.069000005722046,1.063099980354309,1.06659996509552,8939648,8939648,yfinance,2026-07-10T06:58:05.450587+00:00
2026-07-02 04:00:00+00:00,XRP-USD,15m,1.0667999982833862,1.0667999982833862,1.0625,1.0638999938964844,4377344,4377344,yfinance,2026-07-10T06:58:05.450587+00:00
2026-07-02 04:15:00+00:00,XRP-USD,15m,1.0638999938964844,1.0649000406265259,1.0613000392913818,1.0622999668121338,349824,349824,yfinance,2026-07-10T06:58:05.450587+00:00
2026-07-02 04:30:00+00:00,XRP-USD,15m,1.062399983406067,1.0628000497817993,1.0606000423431396,1.0628000497817993,2285440,2285440,yfinance,2026-07-10T06:58:05.450587+00:00
2026-07-02 04:45:00+00:00,XRP-USD,15m,1.0628999471664429,1.0649000406265259,1.0627000331878662,1.0635000467300415,0,0,yfinance,2026-07-10T06:58:05.450587+00:00
2026-07-02 05:00:00+00:00,XRP-USD,15m,1.0635000467300415,1.0652999877929688,1.061900019645691,1.0644999742507935,0,0,yfinance,2026-07-10T06:58:05.450587+00:00
2026-07-02 05:15:00+00:00,XRP-USD,15m,1.0643999576568604,1.0650999546051025,1.062399983406067,1.062399983406067,1869824,1869824,yfinance,2026-07-10T06:58:05.450587+00:00
2026-07-02 05:30:00+00:00,XRP-USD,15m,1.0625,1.0628999471664429,1.058899998664856,1.0591000318527222,0,0,yfinance,2026-07-10T06:58:05.450587+00:00
2026-07-02 05:45:00+00:00,XRP-USD,15m,1.0591000318527222,1.0592000484466553,1.0573999881744385,1.058500051498413,3453696,3453696,yfinance,2026-07-10T06:58:05.450587+00:00
2026-07-02 06:00:00+00:00,XRP-USD,15m,1.058500051498413,1.0587999820709229,1.0562000274658203,1.05649995803833,547968,547968,yfinance,2026-07-10T06:58:05.450587+00:00
2026-07-02 06:15:00+00:00,XRP-USD,15m,1.056399941444397,1.059999942779541,1.0561000108718872,1.057800054550171,51840,51840,yfinance,2026-07-10T06:58:05.450587+00:00
2026-07-02 06:30:00+00:00,XRP-USD,15m,1.0578999519348145,1.0606000423431396,1.0576000213623047,1.0582000017166138,0,0,yfinance,2026-07-10T06:58:05.450587+00:00
2026-07-02 06:45:00+00:00,XRP-USD,15m,1.0582000017166138,1.0583000183105469,1.0543999671936035,1.0550999641418457,1155840,1155840,yfinance,2026-07-10T06:58:05.450587+00:00
2026-07-02 07:00:00+00:00,XRP-USD,15m,1.054900050163269,1.056399941444397,1.0543999671936035,1.055799961090088,630784,630784,yfinance,2026-07-10T06:58:05.450587+00:00
2026-07-02 07:15:00+00:00,XRP-USD,15m,1.0556999444961548,1.0571000576019287,1.0547000169754028,1.0551999807357788,361344,361344,yfinance,2026-07-10T06:58:05.450587+00:00
2026-07-02 07:30:00+00:00,XRP-USD,15m,1.0551999807357788,1.0577000379562378,1.0549999475479126,1.0575000047683716,701568,701568,yfinance,2026-07-10T06:58:05.450587+00:00
2026-07-02 07:45:00+00:00,XRP-USD,15m,1.0577000379562378,1.058500051498413,1.0565999746322632,1.0572999715805054,3895680,3895680,yfinance,2026-07-10T06:58:05.450587+00:00
2026-07-02 08:00:00+00:00,XRP-USD,15m,1.0573999881744385,1.059499979019165,1.0571000576019287,1.0578999519348145,60160,60160,yfinance,2026-07-10T06:58:05.450587+00:00
2026-07-02 08:15:00+00:00,XRP-USD,15m,1.0578999519348145,1.0621999502182007,1.0578999519348145,1.0607999563217163,1352704,1352704,yfinance,2026-07-10T06:58:05.450587+00:00
2026-07-02 08:30:00+00:00,XRP-USD,15m,1.0604000091552734,1.0627000331878662,1.0600999593734741,1.062600016593933,2772864,2772864,yfinance,2026-07-10T06:58:05.450587+00:00
2026-07-02 08:45:00+00:00,XRP-USD,15m,1.062600016593933,1.0635000467300415,1.061900019645691,1.062999963760376,1736704,1736704,yfinance,2026-07-10T06:58:05.450587+00:00
2026-07-02 09:00:00+00:00,XRP-USD,15m,1.062999963760376,1.0634000301361084,1.0609999895095825,1.0625,0,0,yfinance,2026-07-10T06:58:05.450587+00:00
2026-07-02 09:15:00+00:00,XRP-USD,15m,1.0627000331878662,1.0666999816894531,1.0621999502182007,1.066499948501587,6192896,6192896,yfinance,2026-07-10T06:58:05.450587+00:00
2026-07-02 09:30:00+00:00,XRP-USD,15m,1.0664000511169434,1.079800009727478,1.0662000179290771,1.0774999856948853,53319424,53319424,yfinance,2026-07-10T06:58:05.450587+00:00
2026-07-02 09:45:00+00:00,XRP-USD,15m,1.0771000385284424,1.0772000551223755,1.0717999935150146,1.0721999406814575,38414592,38414592,yfinance,2026-07-10T06:58:05.450587+00:00
2026-07-02 10:00:00+00:00,XRP-USD,15m,1.0720000267028809,1.073799967765808,1.0712000131607056,1.0729000568389893,23778816,23778816,yfinance,2026-07-10T06:58:05.450587+00:00
2026-07-02 10:15:00+00:00,XRP-USD,15m,1.072700023651123,1.0746999979019165,1.0714999437332153,1.0746999979019165,5106432,5106432,yfinance,2026-07-10T06:58:05.450587+00:00
2026-07-02 10:30:00+00:00,XRP-USD,15m,1.0750000476837158,1.080299973487854,1.0746999979019165,1.0782999992370605,12022656,12022656,yfinance,2026-07-10T06:58:05.450587+00:00
2026-07-02 10:45:00+00:00,XRP-USD,15m,1.0787999629974365,1.0809999704360962,1.0778000354766846,1.0799000263214111,13548416,13548416,yfinance,2026-07-10T06:58:05.450587+00:00
2026-07-02 11:00:00+00:00,XRP-USD,15m,1.0799000263214111,1.083400011062622,1.0760999917984009,1.082200050354004,4914304,4914304,yfinance,2026-07-10T06:58:05.450587+00:00
2026-07-02 11:15:00+00:00,XRP-USD,15m,1.0819000005722046,1.0839999914169312,1.0810999870300293,1.0816999673843384,21178112,21178112,yfinance,2026-07-10T06:58:05.450587+00:00
2026-07-02 11:30:00+00:00,XRP-USD,15m,1.0817999839782715,1.0846999883651733,1.0806000232696533,1.0831999778747559,12928384,12928384,yfinance,2026-07-10T06:58:05.450587+00:00
2026-07-02 11:45:00+00:00,XRP-USD,15m,1.0835000276565552,1.0843000411987305,1.0800000429153442,1.082800030708313,9626496,9626496,yfinance,2026-07-10T06:58:05.450587+00:00
2026-07-02 12:00:00+00:00,XRP-USD,15m,1.082800030708313,1.0901999473571777,1.082200050354004,1.089400053024292,8489856,8489856,yfinance,2026-07-10T06:58:05.450587+00:00
2026-07-02 12:15:00+00:00,XRP-USD,15m,1.0901000499725342,1.0906000137329102,1.0855000019073486,1.0906000137329102,22896384,22896384,yfinance,2026-07-10T06:58:05.450587+00:00
2026-07-02 12:30:00+00:00,XRP-USD,15m,1.0931999683380127,1.095900058746338,1.0884000062942505,1.0889999866485596,48539008,48539008,yfinance,2026-07-10T06:58:05.450587+00:00
2026-07-02 12:45:00+00:00,XRP-USD,15m,1.0889999866485596,1.0951999425888062,1.087399959564209,1.0917999744415283,14418176,14418176,yfinance,2026-07-10T06:58:05.450587+00:00
2026-07-02 13:00:00+00:00,XRP-USD,15m,1.0923000574111938,1.0953999757766724,1.0908000469207764,1.094099998474121,13910656,13910656,yfinance,2026-07-10T06:58:05.450587+00:00
2026-07-02 13:15:00+00:00,XRP-USD,15m,1.094099998474121,1.1030000448226929,1.0931999683380127,1.0968999862670898,17471872,17471872,yfinance,2026-07-10T06:58:05.450587+00:00
2026-07-02 13:30:00+00:00,XRP-USD,15m,1.097499966621399,1.1109999418258667,1.0938999652862549,1.110200047492981,41350528,41350528,yfinance,2026-07-10T06:58:05.450587+00:00
2026-07-02 13:45:00+00:00,XRP-USD,15m,1.1090999841690063,1.111199975013733,1.1014000177383423,1.1026999950408936,19554816,19554816,yfinance,2026-07-10T06:58:05.450587+00:00
2026-07-02 14:00:00+00:00,XRP-USD,15m,1.1030000448226929,1.1061999797821045,1.0994000434875488,1.1019999980926514,4469248,4469248,yfinance,2026-07-10T06:58:05.450587+00:00
2026-07-02 14:15:00+00:00,XRP-USD,15m,1.1017999649047852,1.104099988937378,1.0902999639511108,1.0902999639511108,0,0,yfinance,2026-07-10T06:58:05.450587+00:00
2026-07-02 14:30:00+00:00,XRP-USD,15m,1.090000033378601,1.0925999879837036,1.0870000123977661,1.0889999866485596,9973760,9973760,yfinance,2026-07-10T06:58:05.450587+00:00
2026-07-02 14:45:00+00:00,XRP-USD,15m,1.0891000032424927,1.091599941253662,1.0870000123977661,1.09089994430542,6803840,6803840,yfinance,2026-07-10T06:58:05.450587+00:00
2026-07-02 15:00:00+00:00,XRP-USD,15m,1.090399980545044,1.0913000106811523,1.0851999521255493,1.0882999897003174,3394176,3394176,yfinance,2026-07-10T06:58:05.450587+00:00
2026-07-02 15:15:00+00:00,XRP-USD,15m,1.0884000062942505,1.0937000513076782,1.0871000289916992,1.0911999940872192,2348160,2348160,yfinance,2026-07-10T06:58:05.450587+00:00
2026-07-02 15:30:00+00:00,XRP-USD,15m,1.09089994430542,1.0949000120162964,1.09089994430542,1.0938999652862549,1592064,1592064,yfinance,2026-07-10T06:58:05.450587+00:00
2026-07-02 15:45:00+00:00,XRP-USD,15m,1.0942000150680542,1.0956000089645386,1.0916999578475952,1.0927000045776367,2683136,2683136,yfinance,2026-07-10T06:58:05.450587+00:00
2026-07-02 16:00:00+00:00,XRP-USD,15m,1.093000054359436,1.0954999923706055,1.0913000106811523,1.093999981880188,785408,785408,yfinance,2026-07-10T06:58:05.450587+00:00
2026-07-02 16:15:00+00:00,XRP-USD,15m,1.0932999849319458,1.0932999849319458,1.085800051689148,1.086300015449524,1153408,1153408,yfinance,2026-07-10T06:58:05.450587+00:00
2026-07-02 16:30:00+00:00,XRP-USD,15m,1.086400032043457,1.0898000001907349,1.0861999988555908,1.0898000001907349,5853824,5853824,yfinance,2026-07-10T06:58:05.450587+00:00
2026-07-02 16:45:00+00:00,XRP-USD,15m,1.0896999835968018,1.0930999517440796,1.0894999504089355,1.089900016784668,2072448,2072448,yfinance,2026-07-10T06:58:05.450587+00:00
2026-07-02 17:00:00+00:00,XRP-USD,15m,1.0894999504089355,1.0917999744415283,1.0891000032424927,1.0901999473571777,237184,237184,yfinance,2026-07-10T06:58:05.450587+00:00
2026-07-02 17:15:00+00:00,XRP-USD,15m,1.0901999473571777,1.0932999849319458,1.0896999835968018,1.0932999849319458,1456384,1456384,yfinance,2026-07-10T06:58:05.450587+00:00
2026-07-02 17:30:00+00:00,XRP-USD,15m,1.0930999517440796,1.0930999517440796,1.0877000093460083,1.0898000001907349,4832896,4832896,yfinance,2026-07-10T06:58:05.450587+00:00
2026-07-02 17:45:00+00:00,XRP-USD,15m,1.0898000001907349,1.0902999639511108,1.0871000289916992,1.087399959564209,680576,680576,yfinance,2026-07-10T06:58:05.450587+00:00
2026-07-02 18:00:00+00:00,XRP-USD,15m,1.087399959564209,1.0902999639511108,1.0871000289916992,1.0896999835968018,173696,173696,yfinance,2026-07-10T06:58:05.450587+00:00
2026-07-02 18:15:00+00:00,XRP-USD,15m,1.0896999835968018,1.09089994430542,1.0879000425338745,1.090399980545044,1420288,1420288,yfinance,2026-07-10T06:58:05.450587+00:00
2026-07-02 18:30:00+00:00,XRP-USD,15m,1.0902999639511108,1.0906000137329102,1.0885000228881836,1.0888999700546265,2910208,2910208,yfinance,2026-07-10T06:58:05.450587+00:00
2026-07-02 18:45:00+00:00,XRP-USD,15m,1.0887000560760498,1.0901999473571777,1.0865000486373901,1.0884000062942505,2338432,2338432,yfinance,2026-07-10T06:58:05.450587+00:00
2026-07-02 19:00:00+00:00,XRP-USD,15m,1.0887000560760498,1.0887999534606934,1.085800051689148,1.0866999626159668,0,0,yfinance,2026-07-10T06:58:05.450587+00:00
2026-07-02 19:15:00+00:00,XRP-USD,15m,1.0865999460220337,1.0865999460220337,1.0824999809265137,1.082800030708313,3794048,3794048,yfinance,2026-07-10T06:58:05.450587+00:00
2026-07-02 19:30:00+00:00,XRP-USD,15m,1.082800030708313,1.0850000381469727,1.0827000141143799,1.0839999914169312,2185728,2185728,yfinance,2026-07-10T06:58:05.450587+00:00
2026-07-02 19:45:00+00:00,XRP-USD,15m,1.0839999914169312,1.0872000455856323,1.0836999416351318,1.0845999717712402,4420480,4420480,yfinance,2026-07-10T06:58:05.450587+00:00
2026-07-02 20:00:00+00:00,XRP-USD,15m,1.0843000411987305,1.0845999717712402,1.0827000141143799,1.082900047302246,0,0,yfinance,2026-07-10T06:58:05.450587+00:00
2026-07-02 20:15:00+00:00,XRP-USD,15m,1.0830999612808228,1.0844000577926636,1.0807000398635864,1.0810999870300293,485632,485632,yfinance,2026-07-10T06:58:05.450587+00:00
2026-07-02 20:30:00+00:00,XRP-USD,15m,1.080899953842163,1.0822999477386475,1.080199956893921,1.0807000398635864,3198720,3198720,yfinance,2026-07-10T06:58:05.450587+00:00
2026-07-02 20:45:00+00:00,XRP-USD,15m,1.0809999704360962,1.0835000276565552,1.0808000564575195,1.082200050354004,2210560,2210560,yfinance,2026-07-10T06:58:05.450587+00:00
2026-07-02 21:00:00+00:00,XRP-USD,15m,1.0823999643325806,1.0831999778747559,1.0810999870300293,1.0820000171661377,305792,305792,yfinance,2026-07-10T06:58:05.450587+00:00
2026-07-02 21:15:00+00:00,XRP-USD,15m,1.0820000171661377,1.0822999477386475,1.0805000066757202,1.0806000232696533,0,0,yfinance,2026-07-10T06:58:05.450587+00:00
2026-07-02 21:30:00+00:00,XRP-USD,15m,1.0807000398635864,1.0812000036239624,1.0788999795913696,1.0791000127792358,0,0,yfinance,2026-07-10T06:58:05.450587+00:00
2026-07-02 21:45:00+00:00,XRP-USD,15m,1.0791000127792358,1.0806000232696533,1.0778000354766846,1.080399990081787,0,0,yfinance,2026-07-10T06:58:05.450587+00:00
2026-07-02 22:00:00+00:00,XRP-USD,15m,1.0795999765396118,1.080299973487854,1.0778000354766846,1.0786999464035034,0,0,yfinance,2026-07-10T06:58:05.450587+00:00
2026-07-02 22:15:00+00:00,XRP-USD,15m,1.0785000324249268,1.079300045967102,1.0778000354766846,1.0787999629974365,0,0,yfinance,2026-07-10T06:58:05.450587+00:00
2026-07-02 22:30:00+00:00,XRP-USD,15m,1.0786000490188599,1.080299973487854,1.0782999992370605,1.079300045967102,0,0,yfinance,2026-07-10T06:58:05.450587+00:00
2026-07-02 22:45:00+00:00,XRP-USD,15m,1.079200029373169,1.0836999416351318,1.0789999961853027,1.082800030708313,2279936,2279936,yfinance,2026-07-10T06:58:05.450587+00:00
2026-07-02 23:00:00+00:00,XRP-USD,15m,1.0827000141143799,1.0835000276565552,1.0812000036239624,1.0813000202178955,1008896,1008896,yfinance,2026-07-10T06:58:05.450587+00:00
2026-07-02 23:15:00+00:00,XRP-USD,15m,1.0814000368118286,1.0852999687194824,1.0812000036239624,1.0851000547409058,0,0,yfinance,2026-07-10T06:58:05.450587+00:00
2026-07-02 23:30:00+00:00,XRP-USD,15m,1.0850000381469727,1.0865000486373901,1.0846999883651733,1.0856000185012817,705920,705920,yfinance,2026-07-10T06:58:05.450587+00:00
2026-07-02 23:45:00+00:00,XRP-USD,15m,1.0857000350952148,1.0871000289916992,1.0853999853134155,1.0870000123977661,72448,72448,yfinance,2026-07-10T06:58:05.450587+00:00
2026-07-03 00:00:00+00:00,XRP-USD,15m,1.0870000123977661,1.087499976158142,1.0842000246047974,1.0857000350952148,0,0,yfinance,2026-07-10T06:58:05.450587+00:00
2026-07-03 00:15:00+00:00,XRP-USD,15m,1.0856000185012817,1.086300015449524,1.083799958229065,1.083799958229065,2231552,2231552,yfinance,2026-07-10T06:58:05.450587+00:00
2026-07-03 00:30:00+00:00,XRP-USD,15m,1.0836000442504883,1.0843000411987305,1.0815999507904053,1.0836000442504883,0,0,yfinance,2026-07-10T06:58:05.450587+00:00
2026-07-03 00:45:00+00:00,XRP-USD,15m,1.0836999416351318,1.0843000411987305,1.0824999809265137,1.082900047302246,0,0,yfinance,2026-07-10T06:58:05.450587+00:00
2026-07-03 01:00:00+00:00,XRP-USD,15m,1.0827000141143799,1.090399980545044,1.0823999643325806,1.0894999504089355,1195264,1195264,yfinance,2026-07-10T06:58:05.450587+00:00
2026-07-03 01:15:00+00:00,XRP-USD,15m,1.089400053024292,1.0922000408172607,1.0878000259399414,1.0907000303268433,8460416,8460416,yfinance,2026-07-10T06:58:05.450587+00:00
2026-07-03 01:30:00+00:00,XRP-USD,15m,1.09089994430542,1.094599962234497,1.0901000499725342,1.0931999683380127,1115392,1115392,yfinance,2026-07-10T06:58:05.450587+00:00
2026-07-03 01:45:00+00:00,XRP-USD,15m,1.0931999683380127,1.0937999486923218,1.0916999578475952,1.092900037765503,561536,561536,yfinance,2026-07-10T06:58:05.450587+00:00
2026-07-03 02:00:00+00:00,XRP-USD,15m,1.0931999683380127,1.0942000150680542,1.0898000001907349,1.090000033378601,1273728,1273728,yfinance,2026-07-10T06:58:05.450587+00:00
2026-07-03 02:15:00+00:00,XRP-USD,15m,1.0901999473571777,1.0922000408172607,1.0882999897003174,1.0884000062942505,3005056,3005056,yfinance,2026-07-10T06:58:05.450587+00:00
2026-07-03 02:30:00+00:00,XRP-USD,15m,1.0880000591278076,1.0895999670028687,1.0859999656677246,1.0880999565124512,3395712,3395712,yfinance,2026-07-10T06:58:05.450587+00:00
2026-07-03 02:45:00+00:00,XRP-USD,15m,1.0880000591278076,1.090399980545044,1.0859999656677246,1.0901999473571777,4686464,4686464,yfinance,2026-07-10T06:58:05.450587+00:00
2026-07-03 03:00:00+00:00,XRP-USD,15m,1.0896999835968018,1.0896999835968018,1.0853999853134155,1.0858999490737915,1216384,1216384,yfinance,2026-07-10T06:58:05.450587+00:00
2026-07-03 03:15:00+00:00,XRP-USD,15m,1.0865000486373901,1.0915000438690186,1.086400032043457,1.09089994430542,3913984,3913984,yfinance,2026-07-10T06:58:05.450587+00:00
2026-07-03 03:30:00+00:00,XRP-USD,15m,1.0908000469207764,1.0915000438690186,1.0872999429702759,1.0880000591278076,0,0,yfinance,2026-07-10T06:58:05.450587+00:00
2026-07-03 03:45:00+00:00,XRP-USD,15m,1.0880000591278076,1.0902999639511108,1.0878000259399414,1.0895999670028687,0,0,yfinance,2026-07-10T06:58:05.450587+00:00
2026-07-03 04:00:00+00:00,XRP-USD,15m,1.0895999670028687,1.0902999639511108,1.0875999927520752,1.089900016784668,0,0,yfinance,2026-07-10T06:58:05.450587+00:00
2026-07-03 04:15:00+00:00,XRP-USD,15m,1.0896999835968018,1.0908000469207764,1.0875999927520752,1.0908000469207764,2705536,2705536,yfinance,2026-07-10T06:58:05.450587+00:00
2026-07-03 04:30:00+00:00,XRP-USD,15m,1.0906000137329102,1.092900037765503,1.089400053024292,1.0924999713897705,223744,223744,yfinance,2026-07-10T06:58:05.450587+00:00
2026-07-03 04:45:00+00:00,XRP-USD,15m,1.0928000211715698,1.092900037765503,1.090000033378601,1.0915000438690186,503168,503168,yfinance,2026-07-10T06:58:05.450587+00:00
2026-07-03 05:00:00+00:00,XRP-USD,15m,1.0913000106811523,1.0938999652862549,1.090399980545044,1.093500018119812,1369728,1369728,yfinance,2026-07-10T06:58:05.450587+00:00
2026-07-03 05:15:00+00:00,XRP-USD,15m,1.0936000347137451,1.096500039100647,1.0923999547958374,1.0958000421524048,1675520,1675520,yfinance,2026-07-10T06:58:05.450587+00:00
2026-07-03 05:30:00+00:00,XRP-USD,15m,1.0953999757766724,1.1002000570297241,1.0953999757766724,1.0976999998092651,12064384,12064384,yfinance,2026-07-10T06:58:05.450587+00:00
2026-07-03 05:45:00+00:00,XRP-USD,15m,1.0973999500274658,1.0992000102996826,1.0968999862670898,1.0988999605178833,2731008,2731008,yfinance,2026-07-10T06:58:05.450587+00:00
2026-07-03 06:00:00+00:00,XRP-USD,15m,1.0988999605178833,1.1028000116348267,1.0982999801635742,1.1016000509262085,8710016,8710016,yfinance,2026-07-10T06:58:05.450587+00:00
2026-07-03 06:15:00+00:00,XRP-USD,15m,1.1017999649047852,1.1053999662399292,1.1017999649047852,1.1030999422073364,9781120,9781120,yfinance,2026-07-10T06:58:05.450587+00:00
2026-07-03 06:30:00+00:00,XRP-USD,15m,1.1025999784469604,1.1039999723434448,1.0999000072479248,1.101099967956543,5604352,5604352,yfinance,2026-07-10T06:58:05.450587+00:00
2026-07-03 06:45:00+00:00,XRP-USD,15m,1.101099967956543,1.1021000146865845,1.0997999906539917,1.0997999906539917,3152640,3152640,yfinance,2026-07-10T06:58:05.450587+00:00
2026-07-03 07:00:00+00:00,XRP-USD,15m,1.100000023841858,1.1002000570297241,1.096500039100647,1.097499966621399,4428544,4428544,yfinance,2026-07-10T06:58:05.450587+00:00
2026-07-03 07:15:00+00:00,XRP-USD,15m,1.0973999500274658,1.1002999544143677,1.0973999500274658,1.100000023841858,6180224,6180224,yfinance,2026-07-10T06:58:05.450587+00:00
2026-07-03 07:30:00+00:00,XRP-USD,15m,1.100000023841858,1.1021000146865845,1.0985000133514404,1.1019999980926514,3247232,3247232,yfinance,2026-07-10T06:58:05.450587+00:00
2026-07-03 07:45:00+00:00,XRP-USD,15m,1.1017999649047852,1.1038000583648682,1.101199984550476,1.1015000343322754,3300736,3300736,yfinance,2026-07-10T06:58:05.450587+00:00
2026-07-03 08:00:00+00:00,XRP-USD,15m,1.1015000343322754,1.1023000478744507,1.0989999771118164,1.0990999937057495,1412992,1412992,yfinance,2026-07-10T06:58:05.450587+00:00
2026-07-03 08:15:00+00:00,XRP-USD,15m,1.0990999937057495,1.1022000312805176,1.0988999605178833,1.1008000373840332,2232576,2232576,yfinance,2026-07-10T06:58:05.450587+00:00
2026-07-03 08:30:00+00:00,XRP-USD,15m,1.1007000207901,1.1062999963760376,1.0987000465393066,1.1061999797821045,0,0,yfinance,2026-07-10T06:58:05.450587+00:00
2026-07-03 08:45:00+00:00,XRP-USD,15m,1.1059999465942383,1.1059999465942383,1.0980000495910645,1.0987999439239502,11491456,11491456,yfinance,2026-07-10T06:58:05.450587+00:00
2026-07-03 09:00:00+00:00,XRP-USD,15m,1.0987999439239502,1.1028000116348267,1.0973999500274658,1.1028000116348267,444928,444928,yfinance,2026-07-10T06:58:05.450587+00:00
2026-07-03 09:15:00+00:00,XRP-USD,15m,1.1031999588012695,1.1031999588012695,1.1003999710083008,1.101099967956543,0,0,yfinance,2026-07-10T06:58:05.450587+00:00
2026-07-03 09:30:00+00:00,XRP-USD,15m,1.1009000539779663,1.101099967956543,1.0982999801635742,1.0995999574661255,0,0,yfinance,2026-07-10T06:58:05.450587+00:00
2026-07-03 09:45:00+00:00,XRP-USD,15m,1.0997999906539917,1.1023999452590942,1.0996999740600586,1.100100040435791,0,0,yfinance,2026-07-10T06:58:05.450587+00:00
2026-07-03 10:00:00+00:00,XRP-USD,15m,1.100100040435791,1.1009999513626099,1.0982999801635742,1.0994999408721924,0,0,yfinance,2026-07-10T06:58:05.450587+00:00
2026-07-03 10:15:00+00:00,XRP-USD,15m,1.0995999574661255,1.1025999784469604,1.0986000299453735,1.1024999618530273,6789120,6789120,yfinance,2026-07-10T06:58:05.450587+00:00
2026-07-03 10:30:00+00:00,XRP-USD,15m,1.1023000478744507,1.1090999841690063,1.1013000011444092,1.1086000204086304,0,0,yfinance,2026-07-10T06:58:05.450587+00:00
2026-07-03 10:45:00+00:00,XRP-USD,15m,1.1088999509811401,1.1116000413894653,1.1069999933242798,1.1080000400543213,6298240,6298240,yfinance,2026-07-10T06:58:05.450587+00:00
2026-07-03 11:00:00+00:00,XRP-USD,15m,1.108199954032898,1.110200047492981,1.1062999963760376,1.108199954032898,60160,60160,yfinance,2026-07-10T06:58:05.450587+00:00
2026-07-03 11:15:00+00:00,XRP-USD,15m,1.1083999872207642,1.110700011253357,1.1069999933242798,1.107800006866455,1155200,1155200,yfinance,2026-07-10T06:58:05.450587+00:00
2026-07-03 11:30:00+00:00,XRP-USD,15m,1.1079000234603882,1.1090999841690063,1.1054999828338623,1.1061999797821045,0,0,yfinance,2026-07-10T06:58:05.450587+00:00
2026-07-03 11:45:00+00:00,XRP-USD,15m,1.1064000129699707,1.11080002784729,1.1064000129699707,1.1088999509811401,0,0,yfinance,2026-07-10T06:58:05.450587+00:00
2026-07-03 12:00:00+00:00,XRP-USD,15m,1.1090999841690063,1.1129000186920166,1.1081000566482544,1.1086000204086304,0,0,yfinance,2026-07-10T06:58:05.450587+00:00
2026-07-03 12:15:00+00:00,XRP-USD,15m,1.1083999872207642,1.1083999872207642,1.1024999618530273,1.103600025177002,0,0,yfinance,2026-07-10T06:58:05.450587+00:00
2026-07-03 12:30:00+00:00,XRP-USD,15m,1.103600025177002,1.1049000024795532,1.1028000116348267,1.1038999557495117,0,0,yfinance,2026-07-10T06:58:05.450587+00:00
2026-07-03 12:45:00+00:00,XRP-USD,15m,1.104099988937378,1.106600046157837,1.1031999588012695,1.106600046157837,0,0,yfinance,2026-07-10T06:58:05.450587+00:00
2026-07-03 13:00:00+00:00,XRP-USD,15m,1.1068999767303467,1.1097999811172485,1.1065000295639038,1.1097999811172485,0,0,yfinance,2026-07-10T06:58:05.450587+00:00
2026-07-03 13:15:00+00:00,XRP-USD,15m,1.1100000143051147,1.114300012588501,1.1096999645233154,1.113800048828125,0,0,yfinance,2026-07-10T06:58:05.450587+00:00
2026-07-03 13:30:00+00:00,XRP-USD,15m,1.113800048828125,1.1140999794006348,1.1114000082015991,1.1126999855041504,0,0,yfinance,2026-07-10T06:58:05.450587+00:00
2026-07-03 13:45:00+00:00,XRP-USD,15m,1.1129000186920166,1.1131999492645264,1.1088000535964966,1.1102999448776245,0,0,yfinance,2026-07-10T06:58:05.450587+00:00
2026-07-03 14:00:00+00:00,XRP-USD,15m,1.1102999448776245,1.1126999855041504,1.107300043106079,1.1083999872207642,0,0,yfinance,2026-07-10T06:58:05.450587+00:00
2026-07-03 14:15:00+00:00,XRP-USD,15m,1.1087000370025635,1.1123000383377075,1.1047999858856201,1.1073999404907227,1226880,1226880,yfinance,2026-07-10T06:58:05.450587+00:00
2026-07-03 14:30:00+00:00,XRP-USD,15m,1.1073999404907227,1.1119999885559082,1.1062999963760376,1.1104999780654907,0,0,yfinance,2026-07-10T06:58:05.450587+00:00
2026-07-03 14:45:00+00:00,XRP-USD,15m,1.1104999780654907,1.1128000020980835,1.1104999780654907,1.1110999584197998,0,0,yfinance,2026-07-10T06:58:05.450587+00:00
2026-07-03 15:00:00+00:00,XRP-USD,15m,1.111199975013733,1.12090003490448,1.111199975013733,1.1188000440597534,17758208,17758208,yfinance,2026-07-10T06:58:05.450587+00:00
2026-07-03 15:15:00+00:00,XRP-USD,15m,1.118899941444397,1.1225999593734741,1.1174999475479126,1.1197999715805054,13561856,13561856,yfinance,2026-07-10T06:58:05.450587+00:00
2026-07-03 15:30:00+00:00,XRP-USD,15m,1.1197999715805054,1.1197999715805054,1.1152000427246094,1.1181999444961548,1001856,1001856,yfinance,2026-07-10T06:58:05.450587+00:00
2026-07-03 15:45:00+00:00,XRP-USD,15m,1.117900013923645,1.1217999458312988,1.1169999837875366,1.1190999746322632,12670720,12670720,yfinance,2026-07-10T06:58:05.450587+00:00
2026-07-03 16:00:00+00:00,XRP-USD,15m,1.1193000078201294,1.120300054550171,1.1136000156402588,1.1139999628067017,15461120,15461120,yfinance,2026-07-10T06:58:05.450587+00:00
2026-07-03 16:15:00+00:00,XRP-USD,15m,1.1136000156402588,1.1191999912261963,1.1136000156402588,1.1160999536514282,7974528,7974528,yfinance,2026-07-10T06:58:05.450587+00:00
2026-07-03 16:30:00+00:00,XRP-USD,15m,1.1161999702453613,1.1168999671936035,1.1133999824523926,1.1160000562667847,1778944,1778944,yfinance,2026-07-10T06:58:05.450587+00:00
2026-07-03 16:45:00+00:00,XRP-USD,15m,1.1161999702453613,1.1162999868392944,1.1132999658584595,1.1140999794006348,2400384,2400384,yfinance,2026-07-10T06:58:05.450587+00:00
2026-07-03 17:00:00+00:00,XRP-USD,15m,1.1141999959945679,1.1205999851226807,1.1138999462127686,1.1191999912261963,10941568,10941568,yfinance,2026-07-10T06:58:05.450587+00:00
2026-07-03 17:15:00+00:00,XRP-USD,15m,1.1187000274658203,1.1196000576019287,1.1155999898910522,1.1169999837875366,4385024,4385024,yfinance,2026-07-10T06:58:05.450587+00:00
2026-07-03 17:30:00+00:00,XRP-USD,15m,1.1168999671936035,1.1233999729156494,1.1162999868392944,1.1210999488830566,3039488,3039488,yfinance,2026-07-10T06:58:05.450587+00:00
2026-07-03 17:45:00+00:00,XRP-USD,15m,1.1211999654769897,1.122499942779541,1.1196000576019287,1.122499942779541,6281856,6281856,yfinance,2026-07-10T06:58:05.450587+00:00
2026-07-03 18:00:00+00:00,XRP-USD,15m,1.1225999593734741,1.1226999759674072,1.1197999715805054,1.1201000213623047,3667072,3667072,yfinance,2026-07-10T06:58:05.450587+00:00
2026-07-03 18:15:00+00:00,XRP-USD,15m,1.1201000213623047,1.121899962425232,1.1198999881744385,1.1208000183105469,5231872,5231872,yfinance,2026-07-10T06:58:05.450587+00:00
2026-07-03 18:30:00+00:00,XRP-USD,15m,1.1208000183105469,1.1283999681472778,1.1196999549865723,1.1274000406265259,10302464,10302464,yfinance,2026-07-10T06:58:05.450587+00:00
2026-07-03 18:45:00+00:00,XRP-USD,15m,1.1272000074386597,1.127500057220459,1.125100016593933,1.1260000467300415,18888576,18888576,yfinance,2026-07-10T06:58:05.450587+00:00
2026-07-03 19:00:00+00:00,XRP-USD,15m,1.1256999969482422,1.1367000341415405,1.1252000331878662,1.1361000537872314,7526400,7526400,yfinance,2026-07-10T06:58:05.450587+00:00
2026-07-03 19:15:00+00:00,XRP-USD,15m,1.1366000175476074,1.1444000005722046,1.1361000537872314,1.141800045967102,52256128,52256128,yfinance,2026-07-10T06:58:05.450587+00:00
2026-07-03 19:30:00+00:00,XRP-USD,15m,1.1410000324249268,1.1413999795913696,1.1342999935150146,1.1353000402450562,30402688,30402688,yfinance,2026-07-10T06:58:05.450587+00:00
2026-07-03 19:45:00+00:00,XRP-USD,15m,1.1341999769210815,1.1341999769210815,1.1298999786376953,1.1308000087738037,15728128,15728128,yfinance,2026-07-10T06:58:05.450587+00:00
2026-07-03 20:00:00+00:00,XRP-USD,15m,1.1303999423980713,1.1337000131607056,1.1268999576568604,1.1337000131607056,11672320,11672320,yfinance,2026-07-10T06:58:05.450587+00:00
2026-07-03 20:15:00+00:00,XRP-USD,15m,1.1337000131607056,1.1401000022888184,1.1318999528884888,1.1369999647140503,26851072,26851072,yfinance,2026-07-10T06:58:05.450587+00:00
2026-07-03 20:30:00+00:00,XRP-USD,15m,1.1373000144958496,1.1425000429153442,1.1358000040054321,1.138200044631958,23516800,23516800,yfinance,2026-07-10T06:58:05.450587+00:00
2026-07-03 20:45:00+00:00,XRP-USD,15m,1.1374000310897827,1.1406999826431274,1.1367000341415405,1.1382999420166016,16161792,16161792,yfinance,2026-07-10T06:58:05.450587+00:00
2026-07-03 21:00:00+00:00,XRP-USD,15m,1.1383999586105347,1.1403000354766846,1.1333999633789062,1.1344000101089478,9622400,9622400,yfinance,2026-07-10T06:58:05.450587+00:00
2026-07-03 21:15:00+00:00,XRP-USD,15m,1.1344000101089478,1.134600043296814,1.1292999982833862,1.1301000118255615,8010496,8010496,yfinance,2026-07-10T06:58:05.450587+00:00
2026-07-03 21:30:00+00:00,XRP-USD,15m,1.1297999620437622,1.1297999620437622,1.1262999773025513,1.12909996509552,5522048,5522048,yfinance,2026-07-10T06:58:05.450587+00:00
2026-07-03 21:45:00+00:00,XRP-USD,15m,1.128999948501587,1.1342999935150146,1.1288000345230103,1.1325000524520874,7610752,7610752,yfinance,2026-07-10T06:58:05.450587+00:00
2026-07-03 22:00:00+00:00,XRP-USD,15m,1.1325000524520874,1.1342999935150146,1.1282999515533447,1.1288000345230103,2359168,2359168,yfinance,2026-07-10T06:58:05.450587+00:00
2026-07-03 22:15:00+00:00,XRP-USD,15m,1.1287000179290771,1.1298999786376953,1.1273000240325928,1.1288000345230103,1331712,1331712,yfinance,2026-07-10T06:58:05.450587+00:00
2026-07-03 22:30:00+00:00,XRP-USD,15m,1.1288000345230103,1.1292999982833862,1.1263999938964844,1.1292999982833862,3249920,3249920,yfinance,2026-07-10T06:58:05.450587+00:00
2026-07-03 22:45:00+00:00,XRP-USD,15m,1.1292999982833862,1.1297999620437622,1.127500057220459,1.12909996509552,2711040,2711040,yfinance,2026-07-10T06:58:05.450587+00:00
2026-07-03 23:00:00+00:00,XRP-USD,15m,1.1294000148773193,1.1301000118255615,1.1275999546051025,1.1297999620437622,247296,247296,yfinance,2026-07-10T06:58:05.450587+00:00
2026-07-03 23:15:00+00:00,XRP-USD,15m,1.1296000480651855,1.1338000297546387,1.1289000511169434,1.1338000297546387,3526784,3526784,yfinance,2026-07-10T06:58:05.450587+00:00
2026-07-03 23:30:00+00:00,XRP-USD,15m,1.1339999437332153,1.1368000507354736,1.1328999996185303,1.1360000371932983,11231232,11231232,yfinance,2026-07-10T06:58:05.450587+00:00
2026-07-03 23:45:00+00:00,XRP-USD,15m,1.136199951171875,1.1371999979019165,1.1332999467849731,1.1339000463485718,7828480,7828480,yfinance,2026-07-10T06:58:05.450587+00:00
2026-07-04 00:00:00+00:00,XRP-USD,15m,1.1339999437332153,1.1382999420166016,1.1328999996185303,1.1363999843597412,7790080,7790080,yfinance,2026-07-10T06:58:05.450587+00:00
2026-07-04 00:15:00+00:00,XRP-USD,15m,1.1366000175476074,1.1376999616622925,1.1337000131607056,1.1368000507354736,6874880,6874880,yfinance,2026-07-10T06:58:05.450587+00:00
2026-07-04 00:30:00+00:00,XRP-USD,15m,1.1368999481201172,1.13919997215271,1.136199951171875,1.1383999586105347,3554176,3554176,yfinance,2026-07-10T06:58:05.450587+00:00
2026-07-04 00:45:00+00:00,XRP-USD,15m,1.1384999752044678,1.142199993133545,1.1377999782562256,1.1406999826431274,8696192,8696192,yfinance,2026-07-10T06:58:05.450587+00:00
2026-07-04 01:00:00+00:00,XRP-USD,15m,1.1404000520706177,1.1404999494552612,1.1339999437332153,1.1349999904632568,6762752,6762752,yfinance,2026-07-10T06:58:05.450587+00:00
2026-07-04 01:15:00+00:00,XRP-USD,15m,1.1349999904632568,1.138800024986267,1.1337000131607056,1.1361000537872314,5104640,5104640,yfinance,2026-07-10T06:58:05.450587+00:00
2026-07-04 01:30:00+00:00,XRP-USD,15m,1.1363999843597412,1.13919997215271,1.1340999603271484,1.134600043296814,2678272,2678272,yfinance,2026-07-10T06:58:05.450587+00:00
2026-07-04 01:45:00+00:00,XRP-USD,15m,1.134600043296814,1.1349999904632568,1.1304999589920044,1.1323000192642212,10780032,10780032,yfinance,2026-07-10T06:58:05.450587+00:00
2026-07-04 02:00:00+00:00,XRP-USD,15m,1.1327999830245972,1.1375999450683594,1.1313999891281128,1.1361000537872314,7076352,7076352,yfinance,2026-07-10T06:58:05.450587+00:00
2026-07-04 02:15:00+00:00,XRP-USD,15m,1.1361000537872314,1.1363999843597412,1.131700038909912,1.1339000463485718,358144,358144,yfinance,2026-07-10T06:58:05.450587+00:00
2026-07-04 02:30:00+00:00,XRP-USD,15m,1.1337000131607056,1.136199951171875,1.131500005722046,1.1360000371932983,0,0,yfinance,2026-07-10T06:58:05.450587+00:00
2026-07-04 02:45:00+00:00,XRP-USD,15m,1.1358000040054321,1.1380000114440918,1.1335999965667725,1.134600043296814,2024448,2024448,yfinance,2026-07-10T06:58:05.450587+00:00
2026-07-04 03:00:00+00:00,XRP-USD,15m,1.134600043296814,1.1358000040054321,1.1311999559402466,1.1353000402450562,792064,792064,yfinance,2026-07-10T06:58:05.450587+00:00
2026-07-04 03:15:00+00:00,XRP-USD,15m,1.135200023651123,1.1385999917984009,1.1345000267028809,1.136199951171875,4009344,4009344,yfinance,2026-07-10T06:58:05.450587+00:00
2026-07-04 03:30:00+00:00,XRP-USD,15m,1.135599970817566,1.1402000188827515,1.1335999965667725,1.1390999555587769,6449792,6449792,yfinance,2026-07-10T06:58:05.450587+00:00
2026-07-04 03:45:00+00:00,XRP-USD,15m,1.1394000053405762,1.1394000053405762,1.1363999843597412,1.1369999647140503,3493632,3493632,yfinance,2026-07-10T06:58:05.450587+00:00
2026-07-04 04:00:00+00:00,XRP-USD,15m,1.1368999481201172,1.1396000385284424,1.135599970817566,1.1385999917984009,0,0,yfinance,2026-07-10T06:58:05.450587+00:00
2026-07-04 04:15:00+00:00,XRP-USD,15m,1.1385999917984009,1.1395000219345093,1.1354000568389893,1.1373000144958496,1619584,1619584,yfinance,2026-07-10T06:58:05.450587+00:00
2026-07-04 04:30:00+00:00,XRP-USD,15m,1.1370999813079834,1.1480000019073486,1.1368999481201172,1.144700050354004,11543936,11543936,yfinance,2026-07-10T06:58:05.450587+00:00
2026-07-04 04:45:00+00:00,XRP-USD,15m,1.1446000337600708,1.1485999822616577,1.1440000534057617,1.1469999551773071,20956288,20956288,yfinance,2026-07-10T06:58:05.450587+00:00
2026-07-04 05:00:00+00:00,XRP-USD,15m,1.146399974822998,1.1466000080108643,1.1404999494552612,1.1424000263214111,8195968,8195968,yfinance,2026-07-10T06:58:05.450587+00:00
2026-07-04 05:15:00+00:00,XRP-USD,15m,1.1419999599456787,1.1441999673843384,1.1375000476837158,1.13919997215271,3374336,3374336,yfinance,2026-07-10T06:58:05.450587+00:00
2026-07-04 05:30:00+00:00,XRP-USD,15m,1.139299988746643,1.141800045967102,1.138700008392334,1.1406999826431274,0,0,yfinance,2026-07-10T06:58:05.450587+00:00
2026-07-04 05:45:00+00:00,XRP-USD,15m,1.1411999464035034,1.1414999961853027,1.1368999481201172,1.1384999752044678,9877632,9877632,yfinance,2026-07-10T06:58:05.450587+00:00
2026-07-04 06:00:00+00:00,XRP-USD,15m,1.138700008392334,1.1456999778747559,1.1383999586105347,1.141800045967102,10709504,10709504,yfinance,2026-07-10T06:58:05.450587+00:00
2026-07-04 06:15:00+00:00,XRP-USD,15m,1.1418999433517456,1.142699956893921,1.1330000162124634,1.135599970817566,2039936,2039936,yfinance,2026-07-10T06:58:05.450587+00:00
2026-07-04 06:30:00+00:00,XRP-USD,15m,1.1353000402450562,1.1390999555587769,1.1353000402450562,1.1376999616622925,2385152,2385152,yfinance,2026-07-10T06:58:05.450587+00:00
2026-07-04 06:45:00+00:00,XRP-USD,15m,1.1373000144958496,1.138100028038025,1.1367000341415405,1.1368999481201172,1343360,1343360,yfinance,2026-07-10T06:58:05.450587+00:00
2026-07-04 07:00:00+00:00,XRP-USD,15m,1.1370999813079834,1.1375000476837158,1.1341999769210815,1.135699987411499,0,0,yfinance,2026-07-10T06:58:05.450587+00:00
2026-07-04 07:15:00+00:00,XRP-USD,15m,1.1354000568389893,1.1375000476837158,1.1340999603271484,1.1347999572753906,10240,10240,yfinance,2026-07-10T06:58:05.450587+00:00
2026-07-04 07:30:00+00:00,XRP-USD,15m,1.1347999572753906,1.1363999843597412,1.1328999996185303,1.1332999467849731,1221120,1221120,yfinance,2026-07-10T06:58:05.450587+00:00
2026-07-04 07:45:00+00:00,XRP-USD,15m,1.1331000328063965,1.1416000127792358,1.132099986076355,1.138700008392334,521088,521088,yfinance,2026-07-10T06:58:05.450587+00:00
2026-07-04 08:00:00+00:00,XRP-USD,15m,1.1390000581741333,1.1445000171661377,1.1390000581741333,1.1440999507904053,16687488,16687488,yfinance,2026-07-10T06:58:05.450587+00:00
2026-07-04 08:15:00+00:00,XRP-USD,15m,1.1442999839782715,1.1477999687194824,1.1411999464035034,1.1450999975204468,9092992,9092992,yfinance,2026-07-10T06:58:05.450587+00:00
2026-07-04 08:30:00+00:00,XRP-USD,15m,1.1448999643325806,1.1475000381469727,1.141700029373169,1.141700029373169,9092864,9092864,yfinance,2026-07-10T06:58:05.450587+00:00
2026-07-04 08:45:00+00:00,XRP-USD,15m,1.141700029373169,1.1445000171661377,1.1398999691009521,1.1409000158309937,0,0,yfinance,2026-07-10T06:58:05.450587+00:00
2026-07-04 09:00:00+00:00,XRP-USD,15m,1.1412999629974365,1.1431000232696533,1.1377999782562256,1.1413999795913696,4679808,4679808,yfinance,2026-07-10T06:58:05.450587+00:00
2026-07-04 09:15:00+00:00,XRP-USD,15m,1.1405999660491943,1.1424000263214111,1.1375999450683594,1.138200044631958,27532160,27532160,yfinance,2026-07-10T06:58:05.450587+00:00
2026-07-04 09:30:00+00:00,XRP-USD,15m,1.1384999752044678,1.1384999752044678,1.1341999769210815,1.1347999572753906,2410368,2410368,yfinance,2026-07-10T06:58:05.450587+00:00
2026-07-04 09:45:00+00:00,XRP-USD,15m,1.1347999572753906,1.1377999782562256,1.1347999572753906,1.1361000537872314,502016,502016,yfinance,2026-07-10T06:58:05.450587+00:00
2026-07-04 10:00:00+00:00,XRP-USD,15m,1.1359000205993652,1.138800024986267,1.134600043296814,1.138100028038025,3329664,3329664,yfinance,2026-07-10T06:58:05.450587+00:00
2026-07-04 10:15:00+00:00,XRP-USD,15m,1.1378999948501587,1.1404999494552612,1.1378999948501587,1.139299988746643,0,0,yfinance,2026-07-10T06:58:05.450587+00:00
2026-07-04 10:30:00+00:00,XRP-USD,15m,1.139299988746643,1.139299988746643,1.1365000009536743,1.1385999917984009,1078400,1078400,yfinance,2026-07-10T06:58:05.450587+00:00
2026-07-04 10:45:00+00:00,XRP-USD,15m,1.1385999917984009,1.1416000127792358,1.138100028038025,1.1406999826431274,0,0,yfinance,2026-07-10T06:58:05.450587+00:00
2026-07-04 11:00:00+00:00,XRP-USD,15m,1.1404999494552612,1.1432000398635864,1.1401000022888184,1.1409000158309937,0,0,yfinance,2026-07-10T06:58:05.450587+00:00
2026-07-04 11:15:00+00:00,XRP-USD,15m,1.1407999992370605,1.1413999795913696,1.1374000310897827,1.1384999752044678,0,0,yfinance,2026-07-10T06:58:05.450587+00:00
2026-07-04 11:30:00+00:00,XRP-USD,15m,1.1384999752044678,1.1418999433517456,1.1384999752044678,1.1418999433517456,904704,904704,yfinance,2026-07-10T06:58:05.450587+00:00
2026-07-04 11:45:00+00:00,XRP-USD,15m,1.1414999961853027,1.142199993133545,1.139299988746643,1.139299988746643,1386112,1386112,yfinance,2026-07-10T06:58:05.450587+00:00
2026-07-04 12:00:00+00:00,XRP-USD,15m,1.13919997215271,1.1433000564575195,1.13919997215271,1.1420999765396118,0,0,yfinance,2026-07-10T06:58:05.450587+00:00
2026-07-04 12:15:00+00:00,XRP-USD,15m,1.141800045967102,1.151900053024292,1.141800045967102,1.1517000198364258,2885888,2885888,yfinance,2026-07-10T06:58:05.450587+00:00
2026-07-04 12:30:00+00:00,XRP-USD,15m,1.1516000032424927,1.153499960899353,1.1448999643325806,1.145300030708313,22209408,22209408,yfinance,2026-07-10T06:58:05.450587+00:00
2026-07-04 12:45:00+00:00,XRP-USD,15m,1.144700050354004,1.1475000381469727,1.142799973487854,1.1469999551773071,3075328,3075328,yfinance,2026-07-10T06:58:05.450587+00:00
2026-07-04 13:00:00+00:00,XRP-USD,15m,1.1470999717712402,1.1540000438690186,1.1466000080108643,1.1510000228881836,10187392,10187392,yfinance,2026-07-10T06:58:05.450587+00:00
2026-07-04 13:15:00+00:00,XRP-USD,15m,1.1506999731063843,1.1589000225067139,1.1502000093460083,1.1531000137329102,27436544,27436544,yfinance,2026-07-10T06:58:05.450587+00:00
2026-07-04 13:30:00+00:00,XRP-USD,15m,1.152899980545044,1.152899980545044,1.1486999988555908,1.1503000259399414,6530432,6530432,yfinance,2026-07-10T06:58:05.450587+00:00
2026-07-04 13:45:00+00:00,XRP-USD,15m,1.1502000093460083,1.1526999473571777,1.1476999521255493,1.1526999473571777,0,0,yfinance,2026-07-10T06:58:05.450587+00:00
2026-07-04 14:00:00+00:00,XRP-USD,15m,1.1519999504089355,1.1675000190734863,1.1519999504089355,1.1649999618530273,17222528,17222528,yfinance,2026-07-10T06:58:05.450587+00:00
2026-07-04 14:15:00+00:00,XRP-USD,15m,1.1654000282287598,1.1675000190734863,1.158400058746338,1.1629999876022339,29795968,29795968,yfinance,2026-07-10T06:58:05.450587+00:00
2026-07-04 14:30:00+00:00,XRP-USD,15m,1.1632000207901,1.1729999780654907,1.1614999771118164,1.1691999435424805,13578496,13578496,yfinance,2026-07-10T06:58:05.450587+00:00
2026-07-04 14:45:00+00:00,XRP-USD,15m,1.1691999435424805,1.1734000444412231,1.1648999452590942,1.1725000143051147,37184512,37184512,yfinance,2026-07-10T06:58:05.450587+00:00
2026-07-04 15:00:00+00:00,XRP-USD,15m,1.1729999780654907,1.1783000230789185,1.1692999601364136,1.170300006866455,11502208,11502208,yfinance,2026-07-10T06:58:05.450587+00:00
2026-07-04 15:15:00+00:00,XRP-USD,15m,1.169800043106079,1.1725000143051147,1.1663999557495117,1.1725000143051147,13260160,13260160,yfinance,2026-07-10T06:58:05.450587+00:00
2026-07-04 15:30:00+00:00,XRP-USD,15m,1.17330002784729,1.1749999523162842,1.1690000295639038,1.1729999780654907,9217152,9217152,yfinance,2026-07-10T06:58:05.450587+00:00
2026-07-04 15:45:00+00:00,XRP-USD,15m,1.172700047492981,1.174299955368042,1.1691999435424805,1.1717000007629395,89600,89600,yfinance,2026-07-10T06:58:05.450587+00:00
2026-07-04 16:00:00+00:00,XRP-USD,15m,1.1713999509811401,1.1713999509811401,1.1628999710083008,1.1646000146865845,1893504,1893504,yfinance,2026-07-10T06:58:05.450587+00:00
2026-07-04 16:15:00+00:00,XRP-USD,15m,1.1648999452590942,1.1704000234603882,1.1646000146865845,1.1689000129699707,1591552,1591552,yfinance,2026-07-10T06:58:05.450587+00:00
2026-07-04 16:30:00+00:00,XRP-USD,15m,1.1687999963760376,1.1705000400543213,1.166100025177002,1.1677000522613525,2535296,2535296,yfinance,2026-07-10T06:58:05.450587+00:00
2026-07-04 16:45:00+00:00,XRP-USD,15m,1.1679999828338623,1.1751999855041504,1.1676000356674194,1.173200011253357,8017408,8017408,yfinance,2026-07-10T06:58:05.450587+00:00
2026-07-04 17:00:00+00:00,XRP-USD,15m,1.1729999780654907,1.1729999780654907,1.167199969291687,1.1678999662399292,1111424,1111424,yfinance,2026-07-10T06:58:05.450587+00:00
2026-07-04 17:15:00+00:00,XRP-USD,15m,1.1684000492095947,1.172700047492981,1.1676000356674194,1.1715999841690063,3974784,3974784,yfinance,2026-07-10T06:58:05.450587+00:00
2026-07-04 17:30:00+00:00,XRP-USD,15m,1.1715999841690063,1.1770999431610107,1.1710000038146973,1.1764999628067017,8638720,8638720,yfinance,2026-07-10T06:58:05.450587+00:00
2026-07-04 17:45:00+00:00,XRP-USD,15m,1.1764999628067017,1.1830999851226807,1.1734999418258667,1.1800999641418457,16061440,16061440,yfinance,2026-07-10T06:58:05.450587+00:00
2026-07-04 18:00:00+00:00,XRP-USD,15m,1.1806999444961548,1.18149995803833,1.17739999294281,1.1806999444961548,18497408,18497408,yfinance,2026-07-10T06:58:05.450587+00:00
2026-07-04 18:15:00+00:00,XRP-USD,15m,1.1806000471115112,1.1806999444961548,1.1746000051498413,1.176200032234192,4087424,4087424,yfinance,2026-07-10T06:58:05.450587+00:00
2026-07-04 18:30:00+00:00,XRP-USD,15m,1.1759999990463257,1.1771999597549438,1.1746000051498413,1.1751999855041504,507648,507648,yfinance,2026-07-10T06:58:05.450587+00:00
2026-07-04 18:45:00+00:00,XRP-USD,15m,1.1744999885559082,1.1763999462127686,1.1727999448776245,1.1740000247955322,0,0,yfinance,2026-07-10T06:58:05.450587+00:00
2026-07-04 19:00:00+00:00,XRP-USD,15m,1.173799991607666,1.1775000095367432,1.169800043106079,1.1699999570846558,4862720,4862720,yfinance,2026-07-10T06:58:05.450587+00:00
2026-07-04 19:15:00+00:00,XRP-USD,15m,1.1699999570846558,1.173200011253357,1.169600009918213,1.170199990272522,0,0,yfinance,2026-07-10T06:58:05.450587+00:00
2026-07-04 19:30:00+00:00,XRP-USD,15m,1.1698999404907227,1.1700999736785889,1.167099952697754,1.169100046157837,0,0,yfinance,2026-07-10T06:58:05.450587+00:00
2026-07-04 19:45:00+00:00,XRP-USD,15m,1.169100046157837,1.169100046157837,1.1658999919891357,1.1675000190734863,0,0,yfinance,2026-07-10T06:58:05.450587+00:00
2026-07-04 20:00:00+00:00,XRP-USD,15m,1.167099952697754,1.1690000295639038,1.166100025177002,1.1685999631881714,0,0,yfinance,2026-07-10T06:58:05.450587+00:00
2026-07-04 20:15:00+00:00,XRP-USD,15m,1.1683000326156616,1.1685999631881714,1.1586999893188477,1.1593999862670898,0,0,yfinance,2026-07-10T06:58:05.450587+00:00
2026-07-04 20:30:00+00:00,XRP-USD,15m,1.1593999862670898,1.1619999408721924,1.1593999862670898,1.1619999408721924,546176,546176,yfinance,2026-07-10T06:58:05.450587+00:00
2026-07-04 20:45:00+00:00,XRP-USD,15m,1.1619999408721924,1.162500023841858,1.160599946975708,1.1619999408721924,0,0,yfinance,2026-07-10T06:58:05.450587+00:00
2026-07-04 21:00:00+00:00,XRP-USD,15m,1.1619999408721924,1.1641000509262085,1.1606999635696411,1.1641000509262085,0,0,yfinance,2026-07-10T06:58:05.450587+00:00
2026-07-04 21:15:00+00:00,XRP-USD,15m,1.1641000509262085,1.1664999723434448,1.163599967956543,1.1653000116348267,0,0,yfinance,2026-07-10T06:58:05.450587+00:00
2026-07-04 21:30:00+00:00,XRP-USD,15m,1.1651999950408936,1.1675000190734863,1.1649999618530273,1.1649999618530273,0,0,yfinance,2026-07-10T06:58:05.450587+00:00
2026-07-04 21:45:00+00:00,XRP-USD,15m,1.1649999618530273,1.167099952697754,1.1644999980926514,1.1654000282287598,0,0,yfinance,2026-07-10T06:58:05.450587+00:00
2026-07-04 22:00:00+00:00,XRP-USD,15m,1.1648000478744507,1.1660000085830688,1.1629999876022339,1.164199948310852,0,0,yfinance,2026-07-10T06:58:05.450587+00:00
2026-07-04 22:15:00+00:00,XRP-USD,15m,1.1643999814987183,1.1643999814987183,1.1615999937057495,1.1619999408721924,2643456,2643456,yfinance,2026-07-10T06:58:05.450587+00:00
2026-07-04 22:30:00+00:00,XRP-USD,15m,1.1617000102996826,1.1624000072479248,1.160599946975708,1.1614999771118164,453120,453120,yfinance,2026-07-10T06:58:05.450587+00:00
2026-07-04 22:45:00+00:00,XRP-USD,15m,1.1613999605178833,1.162600040435791,1.1593999862670898,1.1612999439239502,2074112,2074112,yfinance,2026-07-10T06:58:05.450587+00:00
2026-07-04 23:00:00+00:00,XRP-USD,15m,1.1613999605178833,1.1614999771118164,1.156000018119812,1.156000018119812,628096,628096,yfinance,2026-07-10T06:58:05.450587+00:00
2026-07-04 23:15:00+00:00,XRP-USD,15m,1.156000018119812,1.1578999757766724,1.1531000137329102,1.1568000316619873,16297600,16297600,yfinance,2026-07-10T06:58:05.450587+00:00
2026-07-04 23:30:00+00:00,XRP-USD,15m,1.1577999591827393,1.1589000225067139,1.1562999486923218,1.158400058746338,1296000,1296000,yfinance,2026-07-10T06:58:05.450587+00:00
2026-07-04 23:45:00+00:00,XRP-USD,15m,1.159000039100647,1.1592999696731567,1.156000018119812,1.1562999486923218,0,0,yfinance,2026-07-10T06:58:05.450587+00:00
2026-07-05 00:00:00+00:00,XRP-USD,15m,1.156499981880188,1.156499981880188,1.1532000303268433,1.15339994430542,0,0,yfinance,2026-07-10T06:58:05.450587+00:00
2026-07-05 00:15:00+00:00,XRP-USD,15m,1.152899980545044,1.1538000106811523,1.1502000093460083,1.1512000560760498,3276544,3276544,yfinance,2026-07-10T06:58:05.450587+00:00
2026-07-05 00:30:00+00:00,XRP-USD,15m,1.1505999565124512,1.1514999866485596,1.1464999914169312,1.1506999731063843,14609664,14609664,yfinance,2026-07-10T06:58:05.450587+00:00
2026-07-05 00:45:00+00:00,XRP-USD,15m,1.1509000062942505,1.1513999700546265,1.1467000246047974,1.1484999656677246,2523520,2523520,yfinance,2026-07-10T06:58:05.450587+00:00
2026-07-05 01:00:00+00:00,XRP-USD,15m,1.1484999656677246,1.1500999927520752,1.1464999914169312,1.1469999551773071,64128,64128,yfinance,2026-07-10T06:58:05.450587+00:00
2026-07-05 01:15:00+00:00,XRP-USD,15m,1.1470999717712402,1.1470999717712402,1.1424000263214111,1.1455999612808228,1939200,1939200,yfinance,2026-07-10T06:58:05.450587+00:00
2026-07-05 01:30:00+00:00,XRP-USD,15m,1.1450999975204468,1.145300030708313,1.141700029373169,1.1433000564575195,9152256,9152256,yfinance,2026-07-10T06:58:05.450587+00:00
2026-07-05 01:45:00+00:00,XRP-USD,15m,1.143399953842163,1.144700050354004,1.142199993133545,1.1442999839782715,0,0,yfinance,2026-07-10T06:58:05.450587+00:00
2026-07-05 02:00:00+00:00,XRP-USD,15m,1.1440999507904053,1.1444000005722046,1.1376999616622925,1.1380000114440918,0,0,yfinance,2026-07-10T06:58:05.450587+00:00
2026-07-05 02:15:00+00:00,XRP-USD,15m,1.1375999450683594,1.1399999856948853,1.1347999572753906,1.1366000175476074,13212416,13212416,yfinance,2026-07-10T06:58:05.450587+00:00
2026-07-05 02:30:00+00:00,XRP-USD,15m,1.136199951171875,1.1382999420166016,1.1334999799728394,1.1334999799728394,9056768,9056768,yfinance,2026-07-10T06:58:05.450587+00:00
2026-07-05 02:45:00+00:00,XRP-USD,15m,1.1328999996185303,1.1363999843597412,1.132699966430664,1.1363999843597412,6763904,6763904,yfinance,2026-07-10T06:58:05.450587+00:00
2026-07-05 03:00:00+00:00,XRP-USD,15m,1.1363999843597412,1.1396000385284424,1.135200023651123,1.139299988746643,2767104,2767104,yfinance,2026-07-10T06:58:05.450587+00:00
2026-07-05 03:15:00+00:00,XRP-USD,15m,1.1390999555587769,1.1398999691009521,1.1354999542236328,1.135699987411499,5964672,5964672,yfinance,2026-07-10T06:58:05.450587+00:00
2026-07-05 03:30:00+00:00,XRP-USD,15m,1.135599970817566,1.138100028038025,1.1348999738693237,1.1363999843597412,950656,950656,yfinance,2026-07-10T06:58:05.450587+00:00
2026-07-05 03:45:00+00:00,XRP-USD,15m,1.1361000537872314,1.1378999948501587,1.1360000371932983,1.1374000310897827,466048,466048,yfinance,2026-07-10T06:58:05.450587+00:00
2026-07-05 04:00:00+00:00,XRP-USD,15m,1.1374000310897827,1.1378999948501587,1.135699987411499,1.1378999948501587,0,0,yfinance,2026-07-10T06:58:05.450587+00:00
2026-07-05 04:15:00+00:00,XRP-USD,15m,1.1377999782562256,1.1405999660491943,1.1373000144958496,1.1405999660491943,6243840,6243840,yfinance,2026-07-10T06:58:05.450587+00:00
2026-07-05 04:30:00+00:00,XRP-USD,15m,1.1405999660491943,1.1413999795913696,1.1397000551223755,1.1405999660491943,0,0,yfinance,2026-07-10T06:58:05.450587+00:00
2026-07-05 04:45:00+00:00,XRP-USD,15m,1.1404999494552612,1.1407999992370605,1.1371999979019165,1.1374000310897827,0,0,yfinance,2026-07-10T06:58:05.450587+00:00
2026-07-05 05:00:00+00:00,XRP-USD,15m,1.1368999481201172,1.1368999481201172,1.1341999769210815,1.1353000402450562,0,0,yfinance,2026-07-10T06:58:05.450587+00:00
2026-07-05 05:15:00+00:00,XRP-USD,15m,1.13510000705719,1.1360000371932983,1.134600043296814,1.1353000402450562,0,0,yfinance,2026-07-10T06:58:05.450587+00:00
2026-07-05 05:30:00+00:00,XRP-USD,15m,1.135599970817566,1.1365000009536743,1.132699966430664,1.1330000162124634,80896,80896,yfinance,2026-07-10T06:58:05.450587+00:00
2026-07-05 05:45:00+00:00,XRP-USD,15m,1.1332000494003296,1.1360000371932983,1.132699966430664,1.1354000568389893,0,0,yfinance,2026-07-10T06:58:05.450587+00:00
2026-07-05 06:00:00+00:00,XRP-USD,15m,1.1348999738693237,1.1354999542236328,1.1330000162124634,1.1354999542236328,0,0,yfinance,2026-07-10T06:58:05.450587+00:00
2026-07-05 06:15:00+00:00,XRP-USD,15m,1.1354000568389893,1.1371999979019165,1.1342999935150146,1.1371999979019165,0,0,yfinance,2026-07-10T06:58:05.450587+00:00
2026-07-05 06:30:00+00:00,XRP-USD,15m,1.1370999813079834,1.1385999917984009,1.1360000371932983,1.1366000175476074,0,0,yfinance,2026-07-10T06:58:05.450587+00:00
2026-07-05 06:45:00+00:00,XRP-USD,15m,1.1361000537872314,1.1383999586105347,1.1361000537872314,1.1375000476837158,173824,173824,yfinance,2026-07-10T06:58:05.450587+00:00
2026-07-05 07:00:00+00:00,XRP-USD,15m,1.1375000476837158,1.1375999450683594,1.1361000537872314,1.136199951171875,0,0,yfinance,2026-07-10T06:58:05.450587+00:00
2026-07-05 07:15:00+00:00,XRP-USD,15m,1.1361000537872314,1.1367000341415405,1.1346999406814575,1.1354000568389893,1291264,1291264,yfinance,2026-07-10T06:58:05.450587+00:00
2026-07-05 07:30:00+00:00,XRP-USD,15m,1.135699987411499,1.1389000415802002,1.135599970817566,1.1384999752044678,0,0,yfinance,2026-07-10T06:58:05.450587+00:00
2026-07-05 07:45:00+00:00,XRP-USD,15m,1.1383999586105347,1.1403000354766846,1.1376999616622925,1.1390999555587769,1294592,1294592,yfinance,2026-07-10T06:58:05.450587+00:00
2026-07-05 08:00:00+00:00,XRP-USD,15m,1.1390000581741333,1.1404999494552612,1.1383999586105347,1.1394000053405762,0,0,yfinance,2026-07-10T06:58:05.450587+00:00
2026-07-05 08:15:00+00:00,XRP-USD,15m,1.1395000219345093,1.1406999826431274,1.1368999481201172,1.1374000310897827,0,0,yfinance,2026-07-10T06:58:05.450587+00:00
2026-07-05 08:30:00+00:00,XRP-USD,15m,1.1374000310897827,1.138700008392334,1.1367000341415405,1.1383999586105347,0,0,yfinance,2026-07-10T06:58:05.450587+00:00
2026-07-05 08:45:00+00:00,XRP-USD,15m,1.1384999752044678,1.1403000354766846,1.1373000144958496,1.1377999782562256,0,0,yfinance,2026-07-10T06:58:05.450587+00:00
2026-07-05 09:00:00+00:00,XRP-USD,15m,1.138100028038025,1.1384999752044678,1.1363999843597412,1.1363999843597412,0,0,yfinance,2026-07-10T06:58:05.450587+00:00
2026-07-05 09:15:00+00:00,XRP-USD,15m,1.136299967765808,1.1367000341415405,1.132200002670288,1.1324000358581543,0,0,yfinance,2026-07-10T06:58:05.450587+00:00
2026-07-05 09:30:00+00:00,XRP-USD,15m,1.1325000524520874,1.1334999799728394,1.1261999607086182,1.1277999877929688,5123072,5123072,yfinance,2026-07-10T06:58:05.450587+00:00
2026-07-05 09:45:00+00:00,XRP-USD,15m,1.1275999546051025,1.128600001335144,1.1256999969482422,1.1269999742507935,16679936,16679936,yfinance,2026-07-10T06:58:05.450587+00:00
2026-07-05 10:00:00+00:00,XRP-USD,15m,1.1265000104904175,1.1282999515533447,1.1239999532699585,1.1268999576568604,5349120,5349120,yfinance,2026-07-10T06:58:05.450587+00:00
2026-07-05 10:15:00+00:00,XRP-USD,15m,1.1269999742507935,1.128499984741211,1.1261999607086182,1.1273000240325928,2108928,2108928,yfinance,2026-07-10T06:58:05.450587+00:00
2026-07-05 10:30:00+00:00,XRP-USD,15m,1.1272000074386597,1.1282999515533447,1.1267999410629272,1.1279000043869019,0,0,yfinance,2026-07-10T06:58:05.450587+00:00
2026-07-05 10:45:00+00:00,XRP-USD,15m,1.1282000541687012,1.128999948501587,1.1275999546051025,1.128499984741211,511744,511744,yfinance,2026-07-10T06:58:05.450587+00:00
2026-07-05 11:00:00+00:00,XRP-USD,15m,1.128600001335144,1.1301000118255615,1.1273000240325928,1.128999948501587,0,0,yfinance,2026-07-10T06:58:05.450587+00:00
2026-07-05 11:15:00+00:00,XRP-USD,15m,1.128999948501587,1.1318999528884888,1.1283999681472778,1.12909996509552,99456,99456,yfinance,2026-07-10T06:58:05.450587+00:00
2026-07-05 11:30:00+00:00,XRP-USD,15m,1.1287000179290771,1.131700038909912,1.1287000179290771,1.131100058555603,476544,476544,yfinance,2026-07-10T06:58:05.450587+00:00
2026-07-05 11:45:00+00:00,XRP-USD,15m,1.1311999559402466,1.1324000358581543,1.1309000253677368,1.131100058555603,0,0,yfinance,2026-07-10T06:58:05.450587+00:00
2026-07-05 12:00:00+00:00,XRP-USD,15m,1.1309000253677368,1.1309000253677368,1.1279000043869019,1.1291999816894531,0,0,yfinance,2026-07-10T06:58:05.450587+00:00
2026-07-05 12:15:00+00:00,XRP-USD,15m,1.1291999816894531,1.1335999965667725,1.1291999816894531,1.1335999965667725,0,0,yfinance,2026-07-10T06:58:05.450587+00:00
2026-07-05 12:30:00+00:00,XRP-USD,15m,1.1337000131607056,1.135699987411499,1.1327999830245972,1.1333999633789062,0,0,yfinance,2026-07-10T06:58:05.450587+00:00
2026-07-05 12:45:00+00:00,XRP-USD,15m,1.1332999467849731,1.1354000568389893,1.1332999467849731,1.1348999738693237,0,0,yfinance,2026-07-10T06:58:05.450587+00:00
2026-07-05 13:00:00+00:00,XRP-USD,15m,1.1346999406814575,1.1360000371932983,1.1330000162124634,1.1344000101089478,0,0,yfinance,2026-07-10T06:58:05.450587+00:00
2026-07-05 13:15:00+00:00,XRP-USD,15m,1.1342999935150146,1.1348999738693237,1.1303999423980713,1.131100058555603,0,0,yfinance,2026-07-10T06:58:05.450587+00:00
2026-07-05 13:30:00+00:00,XRP-USD,15m,1.1308000087738037,1.1323000192642212,1.1297999620437622,1.1323000192642212,0,0,yfinance,2026-07-10T06:58:05.450587+00:00
2026-07-05 13:45:00+00:00,XRP-USD,15m,1.1328999996185303,1.134600043296814,1.132699966430664,1.134600043296814,0,0,yfinance,2026-07-10T06:58:05.450587+00:00
2026-07-05 14:00:00+00:00,XRP-USD,15m,1.134600043296814,1.1358000040054321,1.1337000131607056,1.1341999769210815,0,0,yfinance,2026-07-10T06:58:05.450587+00:00
2026-07-05 14:15:00+00:00,XRP-USD,15m,1.1340999603271484,1.1346999406814575,1.132599949836731,1.1339999437332153,0,0,yfinance,2026-07-10T06:58:05.450587+00:00
2026-07-05 14:30:00+00:00,XRP-USD,15m,1.1340999603271484,1.1368999481201172,1.1332000494003296,1.135599970817566,0,0,yfinance,2026-07-10T06:58:05.450587+00:00
2026-07-05 14:45:00+00:00,XRP-USD,15m,1.135699987411499,1.136199951171875,1.134600043296814,1.1361000537872314,0,0,yfinance,2026-07-10T06:58:05.450587+00:00
2026-07-05 15:00:00+00:00,XRP-USD,15m,1.1360000371932983,1.1402000188827515,1.135699987411499,1.1361000537872314,0,0,yfinance,2026-07-10T06:58:05.450587+00:00
2026-07-05 15:15:00+00:00,XRP-USD,15m,1.1359000205993652,1.1375000476837158,1.134600043296814,1.1349999904632568,0,0,yfinance,2026-07-10T06:58:05.450587+00:00
2026-07-05 15:30:00+00:00,XRP-USD,15m,1.13510000705719,1.1380000114440918,1.1339000463485718,1.1339000463485718,0,0,yfinance,2026-07-10T06:58:05.450587+00:00
2026-07-05 15:45:00+00:00,XRP-USD,15m,1.1339000463485718,1.1370999813079834,1.1338000297546387,1.1360000371932983,0,0,yfinance,2026-07-10T06:58:05.450587+00:00
2026-07-05 16:00:00+00:00,XRP-USD,15m,1.136199951171875,1.138100028038025,1.1354999542236328,1.1361000537872314,0,0,yfinance,2026-07-10T06:58:05.450587+00:00
2026-07-05 16:15:00+00:00,XRP-USD,15m,1.135699987411499,1.1368999481201172,1.1338000297546387,1.1339000463485718,0,0,yfinance,2026-07-10T06:58:05.450587+00:00
2026-07-05 16:30:00+00:00,XRP-USD,15m,1.1339999437332153,1.13510000705719,1.1334999799728394,1.1345000267028809,0,0,yfinance,2026-07-10T06:58:05.450587+00:00
2026-07-05 16:45:00+00:00,XRP-USD,15m,1.1344000101089478,1.13510000705719,1.1331000328063965,1.1338000297546387,0,0,yfinance,2026-07-10T06:58:05.450587+00:00
2026-07-05 17:00:00+00:00,XRP-USD,15m,1.1338000297546387,1.1368000507354736,1.1338000297546387,1.1344000101089478,0,0,yfinance,2026-07-10T06:58:05.450587+00:00
2026-07-05 17:15:00+00:00,XRP-USD,15m,1.1344000101089478,1.1378999948501587,1.1339999437332153,1.1342999935150146,2131840,2131840,yfinance,2026-07-10T06:58:05.450587+00:00
2026-07-05 17:30:00+00:00,XRP-USD,15m,1.1342999935150146,1.134600043296814,1.1308000087738037,1.131500005722046,0,0,yfinance,2026-07-10T06:58:05.450587+00:00
2026-07-05 17:45:00+00:00,XRP-USD,15m,1.1312999725341797,1.1339000463485718,1.1312999725341797,1.1335999965667725,0,0,yfinance,2026-07-10T06:58:05.450587+00:00
2026-07-05 18:00:00+00:00,XRP-USD,15m,1.1335999965667725,1.1368000507354736,1.1334999799728394,1.1358000040054321,0,0,yfinance,2026-07-10T06:58:05.450587+00:00
2026-07-05 18:15:00+00:00,XRP-USD,15m,1.1358000040054321,1.1373000144958496,1.1354999542236328,1.1359000205993652,0,0,yfinance,2026-07-10T06:58:05.450587+00:00
2026-07-05 18:30:00+00:00,XRP-USD,15m,1.1359000205993652,1.1377999782562256,1.135699987411499,1.1377999782562256,0,0,yfinance,2026-07-10T06:58:05.450587+00:00
2026-07-05 18:45:00+00:00,XRP-USD,15m,1.1376999616622925,1.1390000581741333,1.1347999572753906,1.1347999572753906,0,0,yfinance,2026-07-10T06:58:05.450587+00:00
2026-07-05 19:00:00+00:00,XRP-USD,15m,1.1348999738693237,1.1368000507354736,1.1339999437332153,1.1365000009536743,0,0,yfinance,2026-07-10T06:58:05.450587+00:00
2026-07-05 19:15:00+00:00,XRP-USD,15m,1.1366000175476074,1.1369999647140503,1.1327999830245972,1.1340999603271484,0,0,yfinance,2026-07-10T06:58:05.450587+00:00
2026-07-05 19:30:00+00:00,XRP-USD,15m,1.1339999437332153,1.1354999542236328,1.1332999467849731,1.1339999437332153,0,0,yfinance,2026-07-10T06:58:05.450587+00:00
2026-07-05 19:45:00+00:00,XRP-USD,15m,1.1340999603271484,1.135200023651123,1.1327999830245972,1.1341999769210815,0,0,yfinance,2026-07-10T06:58:05.450587+00:00
2026-07-05 20:00:00+00:00,XRP-USD,15m,1.1340999603271484,1.1370999813079834,1.1340999603271484,1.136199951171875,0,0,yfinance,2026-07-10T06:58:05.450587+00:00
2026-07-05 20:15:00+00:00,XRP-USD,15m,1.1360000371932983,1.1366000175476074,1.1340999603271484,1.1347999572753906,944640,944640,yfinance,2026-07-10T06:58:05.450587+00:00
2026-07-05 20:30:00+00:00,XRP-USD,15m,1.1344000101089478,1.1346999406814575,1.1335999965667725,1.134600043296814,0,0,yfinance,2026-07-10T06:58:05.450587+00:00
2026-07-05 20:45:00+00:00,XRP-USD,15m,1.134600043296814,1.1368999481201172,1.1341999769210815,1.136299967765808,0,0,yfinance,2026-07-10T06:58:05.450587+00:00
2026-07-05 21:00:00+00:00,XRP-USD,15m,1.1365000009536743,1.1367000341415405,1.1339999437332153,1.1339999437332153,53208832,53208832,yfinance,2026-07-10T06:58:05.450587+00:00
2026-07-05 21:15:00+00:00,XRP-USD,15m,1.1341999769210815,1.1407999992370605,1.1340999603271484,1.1402000188827515,4152064,4152064,yfinance,2026-07-10T06:58:05.450587+00:00
2026-07-05 21:30:00+00:00,XRP-USD,15m,1.1399999856948853,1.145300030708313,1.1399999856948853,1.1432000398635864,8649984,8649984,yfinance,2026-07-10T06:58:05.450587+00:00
2026-07-05 21:45:00+00:00,XRP-USD,15m,1.1431000232696533,1.1468000411987305,1.1416000127792358,1.1437000036239624,4268672,4268672,yfinance,2026-07-10T06:58:05.450587+00:00
2026-07-05 22:00:00+00:00,XRP-USD,15m,1.1432000398635864,1.1473000049591064,1.141700029373169,1.1470999717712402,6659968,6659968,yfinance,2026-07-10T06:58:05.450587+00:00
2026-07-05 22:15:00+00:00,XRP-USD,15m,1.1470999717712402,1.1577999591827393,1.1467000246047974,1.1568000316619873,29088640,29088640,yfinance,2026-07-10T06:58:05.450587+00:00
2026-07-05 22:30:00+00:00,XRP-USD,15m,1.1574000120162964,1.1613999605178833,1.153499960899353,1.1536999940872192,34907648,34907648,yfinance,2026-07-10T06:58:05.450587+00:00
2026-07-05 22:45:00+00:00,XRP-USD,15m,1.154099941253662,1.1569000482559204,1.1516000032424927,1.1569000482559204,9705088,9705088,yfinance,2026-07-10T06:58:05.450587+00:00
2026-07-05 23:00:00+00:00,XRP-USD,15m,1.1569000482559204,1.1627000570297241,1.155400037765503,1.162600040435791,14808448,14808448,yfinance,2026-07-10T06:58:05.450587+00:00
2026-07-05 23:15:00+00:00,XRP-USD,15m,1.1627000570297241,1.1684000492095947,1.1546000242233276,1.156499981880188,6969216,6969216,yfinance,2026-07-10T06:58:05.450587+00:00
2026-07-05 23:30:00+00:00,XRP-USD,15m,1.1562000513076782,1.1581000089645386,1.1546000242233276,1.1574000120162964,9880832,9880832,yfinance,2026-07-10T06:58:05.450587+00:00
2026-07-05 23:45:00+00:00,XRP-USD,15m,1.1576999425888062,1.1589000225067139,1.1546000242233276,1.1562000513076782,7692160,7692160,yfinance,2026-07-10T06:58:05.450587+00:00
2026-07-06 00:00:00+00:00,XRP-USD,15m,1.156499981880188,1.1576999425888062,1.1511000394821167,1.152400016784668,2550656,2550656,yfinance,2026-07-10T06:58:05.450587+00:00
2026-07-06 00:15:00+00:00,XRP-USD,15m,1.152999997138977,1.1552000045776367,1.146299958229065,1.1469999551773071,2290304,2290304,yfinance,2026-07-10T06:58:05.450587+00:00
2026-07-06 00:30:00+00:00,XRP-USD,15m,1.1464999914169312,1.1526999473571777,1.1450999975204468,1.1526999473571777,0,0,yfinance,2026-07-10T06:58:05.450587+00:00
2026-07-06 00:45:00+00:00,XRP-USD,15m,1.15339994430542,1.1555999517440796,1.1506999731063843,1.1549999713897705,1570048,1570048,yfinance,2026-07-10T06:58:05.450587+00:00
2026-07-06 01:00:00+00:00,XRP-USD,15m,1.1545000076293945,1.159999966621399,1.1541999578475952,1.1575000286102295,897024,897024,yfinance,2026-07-10T06:58:05.450587+00:00
2026-07-06 01:15:00+00:00,XRP-USD,15m,1.1576999425888062,1.159600019454956,1.1527999639511108,1.1556999683380127,455168,455168,yfinance,2026-07-10T06:58:05.450587+00:00
2026-07-06 01:30:00+00:00,XRP-USD,15m,1.1556999683380127,1.1603000164031982,1.1545000076293945,1.1553000211715698,0,0,yfinance,2026-07-10T06:58:05.450587+00:00
2026-07-06 01:45:00+00:00,XRP-USD,15m,1.1548000574111938,1.1548000574111938,1.1511000394821167,1.1517000198364258,2947328,2947328,yfinance,2026-07-10T06:58:05.450587+00:00
2026-07-06 02:00:00+00:00,XRP-USD,15m,1.1516000032424927,1.15339994430542,1.145900011062622,1.1475000381469727,1035520,1035520,yfinance,2026-07-10T06:58:05.450587+00:00
2026-07-06 02:15:00+00:00,XRP-USD,15m,1.1477999687194824,1.1531000137329102,1.1473000049591064,1.1480000019073486,0,0,yfinance,2026-07-10T06:58:05.450587+00:00
2026-07-06 02:30:00+00:00,XRP-USD,15m,1.1476000547409058,1.1497999429702759,1.145799994468689,1.1461000442504883,242944,242944,yfinance,2026-07-10T06:58:05.450587+00:00
2026-07-06 02:45:00+00:00,XRP-USD,15m,1.146399974822998,1.1483999490737915,1.145300030708313,1.1478999853134155,0,0,yfinance,2026-07-10T06:58:05.450587+00:00
2026-07-06 03:00:00+00:00,XRP-USD,15m,1.1475000381469727,1.1492999792099,1.1469000577926636,1.1476000547409058,0,0,yfinance,2026-07-10T06:58:05.450587+00:00
2026-07-06 03:15:00+00:00,XRP-USD,15m,1.1476000547409058,1.1477999687194824,1.1407999992370605,1.1431000232696533,0,0,yfinance,2026-07-10T06:58:05.450587+00:00
2026-07-06 03:30:00+00:00,XRP-USD,15m,1.1433000564575195,1.145400047302246,1.1405999660491943,1.1432000398635864,4911872,4911872,yfinance,2026-07-10T06:58:05.450587+00:00
2026-07-06 03:45:00+00:00,XRP-USD,15m,1.142899990081787,1.146399974822998,1.142699956893921,1.146299958229065,1443456,1443456,yfinance,2026-07-10T06:58:05.450587+00:00
2026-07-06 04:00:00+00:00,XRP-USD,15m,1.1460000276565552,1.1470999717712402,1.1433000564575195,1.1468000411987305,1504896,1504896,yfinance,2026-07-10T06:58:05.450587+00:00
2026-07-06 04:15:00+00:00,XRP-USD,15m,1.1467000246047974,1.1474000215530396,1.1435999870300293,1.1441999673843384,1053824,1053824,yfinance,2026-07-10T06:58:05.450587+00:00
2026-07-06 04:30:00+00:00,XRP-USD,15m,1.1438000202178955,1.1476000547409058,1.1434999704360962,1.1467000246047974,0,0,yfinance,2026-07-10T06:58:05.450587+00:00
2026-07-06 04:45:00+00:00,XRP-USD,15m,1.146399974822998,1.1476999521255493,1.1442999839782715,1.1448999643325806,841088,841088,yfinance,2026-07-10T06:58:05.450587+00:00
2026-07-06 05:00:00+00:00,XRP-USD,15m,1.1448999643325806,1.1448999643325806,1.1413999795913696,1.141700029373169,723072,723072,yfinance,2026-07-10T06:58:05.450587+00:00
2026-07-06 05:15:00+00:00,XRP-USD,15m,1.1418999433517456,1.143399953842163,1.1367000341415405,1.1370999813079834,2280704,2280704,yfinance,2026-07-10T06:58:05.450587+00:00
2026-07-06 05:30:00+00:00,XRP-USD,15m,1.1368999481201172,1.1409000158309937,1.135599970817566,1.1396000385284424,13171328,13171328,yfinance,2026-07-10T06:58:05.450587+00:00
2026-07-06 05:45:00+00:00,XRP-USD,15m,1.1395000219345093,1.1419999599456787,1.139299988746643,1.139799952507019,1194240,1194240,yfinance,2026-07-10T06:58:05.450587+00:00
2026-07-06 06:00:00+00:00,XRP-USD,15m,1.1399999856948853,1.1403000354766846,1.1371999979019165,1.1384999752044678,2525312,2525312,yfinance,2026-07-10T06:58:05.450587+00:00
2026-07-06 06:15:00+00:00,XRP-USD,15m,1.1384999752044678,1.13919997215271,1.1368000507354736,1.1375999450683594,727424,727424,yfinance,2026-07-10T06:58:05.450587+00:00
2026-07-06 06:30:00+00:00,XRP-USD,15m,1.1370999813079834,1.138200044631958,1.1358000040054321,1.1380000114440918,1867136,1867136,yfinance,2026-07-10T06:58:05.450587+00:00
2026-07-06 06:45:00+00:00,XRP-USD,15m,1.138200044631958,1.1382999420166016,1.135699987411499,1.1368000507354736,2650368,2650368,yfinance,2026-07-10T06:58:05.450587+00:00
2026-07-06 07:00:00+00:00,XRP-USD,15m,1.1368000507354736,1.1382999420166016,1.1354999542236328,1.1370999813079834,3382144,3382144,yfinance,2026-07-10T06:58:05.450587+00:00
2026-07-06 07:15:00+00:00,XRP-USD,15m,1.1371999979019165,1.1407999992370605,1.1370999813079834,1.1398999691009521,3472000,3472000,yfinance,2026-07-10T06:58:05.450587+00:00
2026-07-06 07:30:00+00:00,XRP-USD,15m,1.1401000022888184,1.144700050354004,1.1384999752044678,1.144700050354004,5824896,5824896,yfinance,2026-07-10T06:58:05.450587+00:00
2026-07-06 07:45:00+00:00,XRP-USD,15m,1.1445000171661377,1.145799994468689,1.1435999870300293,1.1447999477386475,1220224,1220224,yfinance,2026-07-10T06:58:05.450587+00:00
2026-07-06 08:00:00+00:00,XRP-USD,15m,1.1449999809265137,1.1502000093460083,1.1448999643325806,1.145799994468689,5750144,5750144,yfinance,2026-07-10T06:58:05.450587+00:00
2026-07-06 08:15:00+00:00,XRP-USD,15m,1.1460000276565552,1.1461000442504883,1.142799973487854,1.144700050354004,2211584,2211584,yfinance,2026-07-10T06:58:05.450587+00:00
2026-07-06 08:30:00+00:00,XRP-USD,15m,1.144700050354004,1.144700050354004,1.1389000415802002,1.1404999494552612,3391104,3391104,yfinance,2026-07-10T06:58:05.450587+00:00
2026-07-06 08:45:00+00:00,XRP-USD,15m,1.1406999826431274,1.1416000127792358,1.1395000219345093,1.1413999795913696,3587328,3587328,yfinance,2026-07-10T06:58:05.450587+00:00
2026-07-06 09:00:00+00:00,XRP-USD,15m,1.1411999464035034,1.1414999961853027,1.1390999555587769,1.139299988746643,2784256,2784256,yfinance,2026-07-10T06:58:05.450587+00:00
2026-07-06 09:15:00+00:00,XRP-USD,15m,1.1390999555587769,1.139299988746643,1.1367000341415405,1.1375999450683594,0,0,yfinance,2026-07-10T06:58:05.450587+00:00
2026-07-06 09:30:00+00:00,XRP-USD,15m,1.1377999782562256,1.1377999782562256,1.1338000297546387,1.134600043296814,0,0,yfinance,2026-07-10T06:58:05.450587+00:00
2026-07-06 09:45:00+00:00,XRP-USD,15m,1.1344000101089478,1.1354999542236328,1.1332000494003296,1.13510000705719,0,0,yfinance,2026-07-10T06:58:05.450587+00:00
2026-07-06 10:00:00+00:00,XRP-USD,15m,1.1349999904632568,1.1399999856948853,1.1349999904632568,1.1396000385284424,432384,432384,yfinance,2026-07-10T06:58:05.450587+00:00
2026-07-06 10:15:00+00:00,XRP-USD,15m,1.1397000551223755,1.142199993133545,1.1390999555587769,1.1412999629974365,1430656,1430656,yfinance,2026-07-10T06:58:05.450587+00:00
2026-07-06 10:30:00+00:00,XRP-USD,15m,1.1411000490188599,1.1435999870300293,1.1406999826431274,1.141700029373169,778496,778496,yfinance,2026-07-10T06:58:05.450587+00:00
2026-07-06 10:45:00+00:00,XRP-USD,15m,1.141700029373169,1.1424000263214111,1.1409000158309937,1.1412999629974365,3157248,3157248,yfinance,2026-07-10T06:58:05.450587+00:00
2026-07-06 11:00:00+00:00,XRP-USD,15m,1.1416000127792358,1.1426000595092773,1.139799952507019,1.1402000188827515,90240,90240,yfinance,2026-07-10T06:58:05.450587+00:00
2026-07-06 11:15:00+00:00,XRP-USD,15m,1.1403000354766846,1.142199993133545,1.1394000053405762,1.1398999691009521,551296,551296,yfinance,2026-07-10T06:58:05.450587+00:00
2026-07-06 11:30:00+00:00,XRP-USD,15m,1.1396000385284424,1.142199993133545,1.1395000219345093,1.1412999629974365,0,0,yfinance,2026-07-10T06:58:05.450587+00:00
2026-07-06 11:45:00+00:00,XRP-USD,15m,1.1411999464035034,1.142300009727478,1.1339999437332153,1.1339999437332153,0,0,yfinance,2026-07-10T06:58:05.450587+00:00
2026-07-06 12:00:00+00:00,XRP-USD,15m,1.1337000131607056,1.1341999769210815,1.121500015258789,1.1277999877929688,60169984,60169984,yfinance,2026-07-10T06:58:05.450587+00:00
2026-07-06 12:15:00+00:00,XRP-USD,15m,1.1276999711990356,1.12909996509552,1.1256999969482422,1.1267000436782837,19013120,19013120,yfinance,2026-07-10T06:58:05.450587+00:00
2026-07-06 12:30:00+00:00,XRP-USD,15m,1.1262999773025513,1.1275999546051025,1.118499994277954,1.118499994277954,2976256,2976256,yfinance,2026-07-10T06:58:05.450587+00:00
2026-07-06 12:45:00+00:00,XRP-USD,15m,1.1180000305175781,1.1181999444961548,1.1130000352859497,1.114300012588501,31239936,31239936,yfinance,2026-07-10T06:58:05.450587+00:00
2026-07-06 13:00:00+00:00,XRP-USD,15m,1.1139999628067017,1.1155999898910522,1.1083999872207642,1.1104999780654907,45563392,45563392,yfinance,2026-07-10T06:58:05.450587+00:00
2026-07-06 13:15:00+00:00,XRP-USD,15m,1.110700011253357,1.1125999689102173,1.1086000204086304,1.1102999448776245,19986944,19986944,yfinance,2026-07-10T06:58:05.450587+00:00
2026-07-06 13:30:00+00:00,XRP-USD,15m,1.1100000143051147,1.1153000593185425,1.1096999645233154,1.1153000593185425,23780224,23780224,yfinance,2026-07-10T06:58:05.450587+00:00
2026-07-06 13:45:00+00:00,XRP-USD,15m,1.1152000427246094,1.121399998664856,1.114799976348877,1.1150000095367432,31094016,31094016,yfinance,2026-07-10T06:58:05.450587+00:00
2026-07-06 14:00:00+00:00,XRP-USD,15m,1.114799976348877,1.117799997329712,1.1128000020980835,1.1175999641418457,21871488,21871488,yfinance,2026-07-10T06:58:05.450587+00:00
2026-07-06 14:15:00+00:00,XRP-USD,15m,1.1176999807357788,1.1256999969482422,1.1145000457763672,1.1208000183105469,17269248,17269248,yfinance,2026-07-10T06:58:05.450587+00:00
2026-07-06 14:30:00+00:00,XRP-USD,15m,1.1204999685287476,1.123900055885315,1.1190999746322632,1.121500015258789,21775488,21775488,yfinance,2026-07-10T06:58:05.450587+00:00
2026-07-06 14:45:00+00:00,XRP-USD,15m,1.121399998664856,1.1229000091552734,1.1188000440597534,1.1225999593734741,9981824,9981824,yfinance,2026-07-10T06:58:05.450587+00:00
2026-07-06 15:00:00+00:00,XRP-USD,15m,1.1227999925613403,1.1291999816894531,1.1224000453948975,1.128100037574768,11138176,11138176,yfinance,2026-07-10T06:58:05.450587+00:00
2026-07-06 15:15:00+00:00,XRP-USD,15m,1.128000020980835,1.1309000253677368,1.1256999969482422,1.1298999786376953,11411200,11411200,yfinance,2026-07-10T06:58:05.450587+00:00
2026-07-06 15:30:00+00:00,XRP-USD,15m,1.1294000148773193,1.136299967765808,1.1258000135421753,1.1353000402450562,14741888,14741888,yfinance,2026-07-10T06:58:05.450587+00:00
2026-07-06 15:45:00+00:00,XRP-USD,15m,1.1347999572753906,1.1446000337600708,1.1324000358581543,1.1437000036239624,44856192,44856192,yfinance,2026-07-10T06:58:05.450587+00:00
2026-07-06 16:00:00+00:00,XRP-USD,15m,1.1440999507904053,1.1491999626159668,1.1390999555587769,1.1481000185012817,34824832,34824832,yfinance,2026-07-10T06:58:05.450587+00:00
2026-07-06 16:15:00+00:00,XRP-USD,15m,1.1467000246047974,1.1503000259399414,1.1430000066757202,1.145400047302246,19421184,19421184,yfinance,2026-07-10T06:58:05.450587+00:00
2026-07-06 16:30:00+00:00,XRP-USD,15m,1.145799994468689,1.152999997138977,1.145300030708313,1.1521999835968018,9632768,9632768,yfinance,2026-07-10T06:58:05.450587+00:00
2026-07-06 16:45:00+00:00,XRP-USD,15m,1.1523000001907349,1.1533000469207764,1.149899959564209,1.1526999473571777,44209152,44209152,yfinance,2026-07-10T06:58:05.450587+00:00
2026-07-06 17:00:00+00:00,XRP-USD,15m,1.1527999639511108,1.1576000452041626,1.152500033378601,1.1557999849319458,24219520,24219520,yfinance,2026-07-10T06:58:05.450587+00:00
2026-07-06 17:15:00+00:00,XRP-USD,15m,1.156000018119812,1.1561000347137451,1.1517000198364258,1.1553000211715698,12998400,12998400,yfinance,2026-07-10T06:58:05.450587+00:00
2026-07-06 17:30:00+00:00,XRP-USD,15m,1.155500054359436,1.1563999652862549,1.1490000486373901,1.1492999792099,15428096,15428096,yfinance,2026-07-10T06:58:05.450587+00:00
2026-07-06 17:45:00+00:00,XRP-USD,15m,1.1490999460220337,1.1509000062942505,1.1454999446868896,1.145799994468689,15600256,15600256,yfinance,2026-07-10T06:58:05.450587+00:00
2026-07-06 18:00:00+00:00,XRP-USD,15m,1.1460000276565552,1.1474000215530396,1.141700029373169,1.1419999599456787,15435008,15435008,yfinance,2026-07-10T06:58:05.450587+00:00
2026-07-06 18:15:00+00:00,XRP-USD,15m,1.142300009727478,1.1475000381469727,1.1405999660491943,1.1440999507904053,9442304,9442304,yfinance,2026-07-10T06:58:05.450587+00:00
2026-07-06 18:30:00+00:00,XRP-USD,15m,1.1440000534057617,1.1467000246047974,1.1434999704360962,1.145799994468689,10983296,10983296,yfinance,2026-07-10T06:58:05.450587+00:00
2026-07-06 18:45:00+00:00,XRP-USD,15m,1.145799994468689,1.1497000455856323,1.145400047302246,1.1474000215530396,8363904,8363904,yfinance,2026-07-10T06:58:05.450587+00:00
2026-07-06 19:00:00+00:00,XRP-USD,15m,1.1475000381469727,1.1477999687194824,1.1442999839782715,1.1456999778747559,4901504,4901504,yfinance,2026-07-10T06:58:05.450587+00:00
2026-07-06 19:15:00+00:00,XRP-USD,15m,1.145799994468689,1.1491999626159668,1.1447999477386475,1.1478999853134155,8888192,8888192,yfinance,2026-07-10T06:58:05.450587+00:00
2026-07-06 19:30:00+00:00,XRP-USD,15m,1.1478999853134155,1.1521999835968018,1.1475000381469727,1.1490999460220337,8726016,8726016,yfinance,2026-07-10T06:58:05.450587+00:00
2026-07-06 19:45:00+00:00,XRP-USD,15m,1.148800015449524,1.1503000259399414,1.1452000141143799,1.1476999521255493,6319360,6319360,yfinance,2026-07-10T06:58:05.450587+00:00
2026-07-06 20:00:00+00:00,XRP-USD,15m,1.1481000185012817,1.1481000185012817,1.1414999961853027,1.1420999765396118,13469952,13469952,yfinance,2026-07-10T06:58:05.450587+00:00
2026-07-06 20:15:00+00:00,XRP-USD,15m,1.142300009727478,1.1444000005722046,1.1416000127792358,1.1433000564575195,4902144,4902144,yfinance,2026-07-10T06:58:05.450587+00:00
2026-07-06 20:30:00+00:00,XRP-USD,15m,1.1438000202178955,1.1455999612808228,1.1431000232696533,1.1440000534057617,6792320,6792320,yfinance,2026-07-10T06:58:05.450587+00:00
2026-07-06 20:45:00+00:00,XRP-USD,15m,1.1438000202178955,1.1455999612808228,1.1424000263214111,1.1432000398635864,2870144,2870144,yfinance,2026-07-10T06:58:05.450587+00:00
2026-07-06 21:00:00+00:00,XRP-USD,15m,1.1431000232696533,1.1638000011444092,1.142699956893921,1.155900001525879,26991232,26991232,yfinance,2026-07-10T06:58:05.450587+00:00
2026-07-06 21:15:00+00:00,XRP-USD,15m,1.1556999683380127,1.1579999923706055,1.1512999534606934,1.1514999866485596,37464192,37464192,yfinance,2026-07-10T06:58:05.450587+00:00
2026-07-06 21:30:00+00:00,XRP-USD,15m,1.1512000560760498,1.1523000001907349,1.148900032043457,1.1518000364303589,6332288,6332288,yfinance,2026-07-10T06:58:05.450587+00:00
2026-07-06 21:45:00+00:00,XRP-USD,15m,1.1519999504089355,1.1548999547958374,1.1504000425338745,1.152899980545044,2206592,2206592,yfinance,2026-07-10T06:58:05.450587+00:00
2026-07-06 22:00:00+00:00,XRP-USD,15m,1.1531000137329102,1.1539000272750854,1.1490000486373901,1.151900053024292,0,0,yfinance,2026-07-10T06:58:05.450587+00:00
2026-07-06 22:15:00+00:00,XRP-USD,15m,1.1516000032424927,1.1527999639511108,1.1492999792099,1.1492999792099,0,0,yfinance,2026-07-10T06:58:05.450587+00:00
2026-07-06 22:30:00+00:00,XRP-USD,15m,1.1491999626159668,1.1497999429702759,1.1461000442504883,1.1486999988555908,0,0,yfinance,2026-07-10T06:58:05.450587+00:00
2026-07-06 22:45:00+00:00,XRP-USD,15m,1.1483999490737915,1.1491999626159668,1.1460000276565552,1.1470999717712402,0,0,yfinance,2026-07-10T06:58:05.450587+00:00
2026-07-06 23:00:00+00:00,XRP-USD,15m,1.1469999551773071,1.149399995803833,1.1467000246047974,1.1469999551773071,0,0,yfinance,2026-07-10T06:58:05.450587+00:00
2026-07-06 23:15:00+00:00,XRP-USD,15m,1.1469999551773071,1.1470999717712402,1.1441999673843384,1.1452000141143799,0,0,yfinance,2026-07-10T06:58:05.450587+00:00
2026-07-06 23:30:00+00:00,XRP-USD,15m,1.145300030708313,1.1469000577926636,1.1444000005722046,1.1454999446868896,0,0,yfinance,2026-07-10T06:58:05.450587+00:00
2026-07-06 23:45:00+00:00,XRP-USD,15m,1.1448999643325806,1.145300030708313,1.1432000398635864,1.1442999839782715,0,0,yfinance,2026-07-10T06:58:05.450587+00:00
2026-07-07 00:00:00+00:00,XRP-USD,15m,1.1445000171661377,1.1460000276565552,1.1438000202178955,1.145300030708313,0,0,yfinance,2026-07-10T06:58:05.450587+00:00
2026-07-07 00:15:00+00:00,XRP-USD,15m,1.145300030708313,1.1505999565124512,1.1450999975204468,1.1490999460220337,0,0,yfinance,2026-07-10T06:58:05.450587+00:00
2026-07-07 00:30:00+00:00,XRP-USD,15m,1.1490999460220337,1.149899959564209,1.1452000141143799,1.145300030708313,0,0,yfinance,2026-07-10T06:58:05.450587+00:00
2026-07-07 00:45:00+00:00,XRP-USD,15m,1.1449999809265137,1.1492999792099,1.1449999809265137,1.1480000019073486,2721280,2721280,yfinance,2026-07-10T06:58:05.450587+00:00
2026-07-07 01:00:00+00:00,XRP-USD,15m,1.1474000215530396,1.1476000547409058,1.1414999961853027,1.1433000564575195,0,0,yfinance,2026-07-10T06:58:05.450587+00:00
2026-07-07 01:15:00+00:00,XRP-USD,15m,1.1434999704360962,1.1442999839782715,1.1405999660491943,1.1411000490188599,0,0,yfinance,2026-07-10T06:58:05.450587+00:00
2026-07-07 01:30:00+00:00,XRP-USD,15m,1.1411000490188599,1.141700029373169,1.1389000415802002,1.1405999660491943,3574784,3574784,yfinance,2026-07-10T06:58:05.450587+00:00
2026-07-07 01:45:00+00:00,XRP-USD,15m,1.1407999992370605,1.1432000398635864,1.1402000188827515,1.1404000520706177,739840,739840,yfinance,2026-07-10T06:58:05.450587+00:00
2026-07-07 02:00:00+00:00,XRP-USD,15m,1.1402000188827515,1.1411999464035034,1.138800024986267,1.1395000219345093,0,0,yfinance,2026-07-10T06:58:05.450587+00:00
2026-07-07 02:15:00+00:00,XRP-USD,15m,1.139299988746643,1.1404000520706177,1.135599970817566,1.135599970817566,0,0,yfinance,2026-07-10T06:58:05.450587+00:00
2026-07-07 02:30:00+00:00,XRP-USD,15m,1.135599970817566,1.135699987411499,1.132200002670288,1.1331000328063965,8320768,8320768,yfinance,2026-07-10T06:58:05.450587+00:00
2026-07-07 02:45:00+00:00,XRP-USD,15m,1.1332999467849731,1.1339000463485718,1.1292999982833862,1.1302000284194946,5506688,5506688,yfinance,2026-07-10T06:58:05.450587+00:00
2026-07-07 03:00:00+00:00,XRP-USD,15m,1.1302000284194946,1.132699966430664,1.1291999816894531,1.1306999921798706,13001344,13001344,yfinance,2026-07-10T06:58:05.450587+00:00
2026-07-07 03:15:00+00:00,XRP-USD,15m,1.1306999921798706,1.131500005722046,1.1273000240325928,1.12909996509552,3252992,3252992,yfinance,2026-07-10T06:58:05.450587+00:00
2026-07-07 03:30:00+00:00,XRP-USD,15m,1.1291999816894531,1.13100004196167,1.1277999877929688,1.1288000345230103,2367872,2367872,yfinance,2026-07-10T06:58:05.450587+00:00
2026-07-07 03:45:00+00:00,XRP-USD,15m,1.128499984741211,1.128499984741211,1.1267000436782837,1.1283999681472778,3741696,3741696,yfinance,2026-07-10T06:58:05.450587+00:00
2026-07-07 04:00:00+00:00,XRP-USD,15m,1.128000020980835,1.1287000179290771,1.1265000104904175,1.1267000436782837,4396288,4396288,yfinance,2026-07-10T06:58:05.450587+00:00
2026-07-07 04:15:00+00:00,XRP-USD,15m,1.1266000270843506,1.1272000074386597,1.1246000528335571,1.125599980354309,4837120,4837120,yfinance,2026-07-10T06:58:05.450587+00:00
2026-07-07 04:30:00+00:00,XRP-USD,15m,1.125499963760376,1.1270999908447266,1.124899983406067,1.124899983406067,6819840,6819840,yfinance,2026-07-10T06:58:05.450587+00:00
2026-07-07 04:45:00+00:00,XRP-USD,15m,1.125,1.125499963760376,1.122499942779541,1.124400019645691,7108096,7108096,yfinance,2026-07-10T06:58:05.450587+00:00
2026-07-07 05:00:00+00:00,XRP-USD,15m,1.124500036239624,1.1247999668121338,1.1204999685287476,1.121000051498413,2196992,2196992,yfinance,2026-07-10T06:58:05.450587+00:00
2026-07-07 05:15:00+00:00,XRP-USD,15m,1.121000051498413,1.1230000257492065,1.1207000017166138,1.1224000453948975,5294976,5294976,yfinance,2026-07-10T06:58:05.450587+00:00
2026-07-07 05:30:00+00:00,XRP-USD,15m,1.1225999593734741,1.128100037574768,1.1225999593734741,1.1273000240325928,1381120,1381120,yfinance,2026-07-10T06:58:05.450587+00:00
2026-07-07 05:45:00+00:00,XRP-USD,15m,1.1272000074386597,1.128600001335144,1.1261999607086182,1.1267000436782837,3641856,3641856,yfinance,2026-07-10T06:58:05.450587+00:00
2026-07-07 06:00:00+00:00,XRP-USD,15m,1.1267000436782837,1.128000020980835,1.1240999698638916,1.1246000528335571,603776,603776,yfinance,2026-07-10T06:58:05.450587+00:00
2026-07-07 06:15:00+00:00,XRP-USD,15m,1.125,1.1273000240325928,1.125,1.1270999908447266,3944960,3944960,yfinance,2026-07-10T06:58:05.450587+00:00
2026-07-07 06:30:00+00:00,XRP-USD,15m,1.1268999576568604,1.1305999755859375,1.126099944114685,1.1303999423980713,6516480,6516480,yfinance,2026-07-10T06:58:05.450587+00:00
2026-07-07 06:45:00+00:00,XRP-USD,15m,1.1303999423980713,1.1325000524520874,1.1297999620437622,1.131700038909912,4086016,4086016,yfinance,2026-07-10T06:58:05.450587+00:00
2026-07-07 07:00:00+00:00,XRP-USD,15m,1.1318000555038452,1.1339000463485718,1.1305999755859375,1.1337000131607056,1542656,1542656,yfinance,2026-07-10T06:58:05.450587+00:00
2026-07-07 07:15:00+00:00,XRP-USD,15m,1.1335999965667725,1.1341999769210815,1.1306999921798706,1.1308000087738037,2464128,2464128,yfinance,2026-07-10T06:58:05.450587+00:00
2026-07-07 07:30:00+00:00,XRP-USD,15m,1.1306999921798706,1.1308000087738037,1.1267000436782837,1.128499984741211,401280,401280,yfinance,2026-07-10T06:58:05.450587+00:00
2026-07-07 07:45:00+00:00,XRP-USD,15m,1.1282999515533447,1.1287000179290771,1.1259000301361084,1.1259000301361084,2020992,2020992,yfinance,2026-07-10T06:58:05.450587+00:00
2026-07-07 08:00:00+00:00,XRP-USD,15m,1.126099944114685,1.1267999410629272,1.124400019645691,1.1253000497817993,0,0,yfinance,2026-07-10T06:58:05.450587+00:00
2026-07-07 08:15:00+00:00,XRP-USD,15m,1.1253999471664429,1.1270999908447266,1.1247999668121338,1.1256999969482422,1602048,1602048,yfinance,2026-07-10T06:58:05.450587+00:00
2026-07-07 08:30:00+00:00,XRP-USD,15m,1.1259000301361084,1.1259000301361084,1.1234999895095825,1.1246999502182007,217472,217472,yfinance,2026-07-10T06:58:05.450587+00:00
2026-07-07 08:45:00+00:00,XRP-USD,15m,1.1247999668121338,1.125,1.1232999563217163,1.1238000392913818,0,0,yfinance,2026-07-10T06:58:05.450587+00:00
2026-07-07 09:00:00+00:00,XRP-USD,15m,1.1238000392913818,1.1261999607086182,1.1232000589370728,1.126099944114685,326400,326400,yfinance,2026-07-10T06:58:05.450587+00:00
2026-07-07 09:15:00+00:00,XRP-USD,15m,1.126099944114685,1.1262999773025513,1.124500036239624,1.1246000528335571,974336,974336,yfinance,2026-07-10T06:58:05.450587+00:00
2026-07-07 09:30:00+00:00,XRP-USD,15m,1.124500036239624,1.125599980354309,1.1241999864578247,1.1253999471664429,0,0,yfinance,2026-07-10T06:58:05.450587+00:00
2026-07-07 09:45:00+00:00,XRP-USD,15m,1.125499963760376,1.1265000104904175,1.1234999895095825,1.1259000301361084,115072,115072,yfinance,2026-07-10T06:58:05.450587+00:00
2026-07-07 10:00:00+00:00,XRP-USD,15m,1.1260000467300415,1.1291999816894531,1.1258000135421753,1.1267000436782837,3798656,3798656,yfinance,2026-07-10T06:58:05.450587+00:00
2026-07-07 10:15:00+00:00,XRP-USD,15m,1.1266000270843506,1.1276999711990356,1.125100016593933,1.125100016593933,1785472,1785472,yfinance,2026-07-10T06:58:05.450587+00:00
2026-07-07 10:30:00+00:00,XRP-USD,15m,1.124899983406067,1.124899983406067,1.1229000091552734,1.1238000392913818,2124160,2124160,yfinance,2026-07-10T06:58:05.450587+00:00
2026-07-07 10:45:00+00:00,XRP-USD,15m,1.123900055885315,1.1246000528335571,1.121899962425232,1.1226999759674072,713984,713984,yfinance,2026-07-10T06:58:05.450587+00:00
2026-07-07 11:00:00+00:00,XRP-USD,15m,1.1226999759674072,1.1226999759674072,1.1190999746322632,1.1194000244140625,6611840,6611840,yfinance,2026-07-10T06:58:05.450587+00:00
2026-07-07 11:15:00+00:00,XRP-USD,15m,1.1193000078201294,1.121999979019165,1.1190999746322632,1.1217000484466553,4750976,4750976,yfinance,2026-07-10T06:58:05.450587+00:00
2026-07-07 11:30:00+00:00,XRP-USD,15m,1.121500015258789,1.1226999759674072,1.1203999519348145,1.1225999593734741,2888832,2888832,yfinance,2026-07-10T06:58:05.450587+00:00
2026-07-07 11:45:00+00:00,XRP-USD,15m,1.1229000091552734,1.1246000528335571,1.1226999759674072,1.1241999864578247,5995904,5995904,yfinance,2026-07-10T06:58:05.450587+00:00
2026-07-07 12:00:00+00:00,XRP-USD,15m,1.1241999864578247,1.1312999725341797,1.123900055885315,1.1309000253677368,0,0,yfinance,2026-07-10T06:58:05.450587+00:00
2026-07-07 12:15:00+00:00,XRP-USD,15m,1.131100058555603,1.131100058555603,1.1283999681472778,1.1297999620437622,119040,119040,yfinance,2026-07-10T06:58:05.450587+00:00
2026-07-07 12:30:00+00:00,XRP-USD,15m,1.1297999620437622,1.1297999620437622,1.126099944114685,1.1277999877929688,0,0,yfinance,2026-07-10T06:58:05.450587+00:00
2026-07-07 12:45:00+00:00,XRP-USD,15m,1.1274000406265259,1.1274000406265259,1.1253000497817993,1.1256999969482422,0,0,yfinance,2026-07-10T06:58:05.450587+00:00
2026-07-07 13:00:00+00:00,XRP-USD,15m,1.1256999969482422,1.1260000467300415,1.1220999956130981,1.1238000392913818,0,0,yfinance,2026-07-10T06:58:05.450587+00:00
2026-07-07 13:15:00+00:00,XRP-USD,15m,1.1237000226974487,1.1246999502182007,1.1200000047683716,1.1205999851226807,0,0,yfinance,2026-07-10T06:58:05.450587+00:00
2026-07-07 13:30:00+00:00,XRP-USD,15m,1.1201000213623047,1.1231000423431396,1.1181999444961548,1.1216000318527222,0,0,yfinance,2026-07-10T06:58:05.450587+00:00
2026-07-07 13:45:00+00:00,XRP-USD,15m,1.1217999458312988,1.1265000104904175,1.11899995803833,1.1194000244140625,0,0,yfinance,2026-07-10T06:58:05.450587+00:00
2026-07-07 14:00:00+00:00,XRP-USD,15m,1.1196999549865723,1.1230000257492065,1.1160000562667847,1.1160000562667847,0,0,yfinance,2026-07-10T06:58:05.450587+00:00
2026-07-07 14:15:00+00:00,XRP-USD,15m,1.1157000064849854,1.1162999868392944,1.1104999780654907,1.1134999990463257,7531776,7531776,yfinance,2026-07-10T06:58:05.450587+00:00
2026-07-07 14:30:00+00:00,XRP-USD,15m,1.1139999628067017,1.1160000562667847,1.1075999736785889,1.1114000082015991,8408832,8408832,yfinance,2026-07-10T06:58:05.450587+00:00
2026-07-07 14:45:00+00:00,XRP-USD,15m,1.1116000413894653,1.124899983406067,1.1116000413894653,1.1241999864578247,12452608,12452608,yfinance,2026-07-10T06:58:05.450587+00:00
2026-07-07 15:00:00+00:00,XRP-USD,15m,1.1240999698638916,1.125,1.1197999715805054,1.1201000213623047,2048256,2048256,yfinance,2026-07-10T06:58:05.450587+00:00
2026-07-07 15:15:00+00:00,XRP-USD,15m,1.1201000213623047,1.1270999908447266,1.1196999549865723,1.1270999908447266,0,0,yfinance,2026-07-10T06:58:05.450587+00:00
2026-07-07 15:30:00+00:00,XRP-USD,15m,1.1267000436782837,1.1312999725341797,1.125499963760376,1.1267999410629272,3700992,3700992,yfinance,2026-07-10T06:58:05.450587+00:00
2026-07-07 15:45:00+00:00,XRP-USD,15m,1.1276999711990356,1.1318000555038452,1.1276999711990356,1.129699945449829,0,0,yfinance,2026-07-10T06:58:05.450587+00:00
2026-07-07 16:00:00+00:00,XRP-USD,15m,1.1298999786376953,1.1298999786376953,1.1243000030517578,1.1247999668121338,0,0,yfinance,2026-07-10T06:58:05.450587+00:00
2026-07-07 16:15:00+00:00,XRP-USD,15m,1.1253999471664429,1.1304999589920044,1.1240999698638916,1.12909996509552,2361984,2361984,yfinance,2026-07-10T06:58:05.450587+00:00
2026-07-07 16:30:00+00:00,XRP-USD,15m,1.128999948501587,1.1303999423980713,1.1267999410629272,1.1303999423980713,0,0,yfinance,2026-07-10T06:58:05.450587+00:00
2026-07-07 16:45:00+00:00,XRP-USD,15m,1.1299999952316284,1.1339000463485718,1.1283999681472778,1.128600001335144,1606528,1606528,yfinance,2026-07-10T06:58:05.450587+00:00
2026-07-07 17:00:00+00:00,XRP-USD,15m,1.128499984741211,1.1302000284194946,1.1273000240325928,1.12909996509552,0,0,yfinance,2026-07-10T06:58:05.450587+00:00
2026-07-07 17:15:00+00:00,XRP-USD,15m,1.1294000148773193,1.1297999620437622,1.125599980354309,1.1292999982833862,0,0,yfinance,2026-07-10T06:58:05.450587+00:00
2026-07-07 17:30:00+00:00,XRP-USD,15m,1.1292999982833862,1.1302000284194946,1.1274000406265259,1.1302000284194946,0,0,yfinance,2026-07-10T06:58:05.450587+00:00
2026-07-07 17:45:00+00:00,XRP-USD,15m,1.1301000118255615,1.131700038909912,1.127500057220459,1.131700038909912,0,0,yfinance,2026-07-10T06:58:05.450587+00:00
2026-07-07 18:00:00+00:00,XRP-USD,15m,1.131500005722046,1.131500005722046,1.1282999515533447,1.128499984741211,0,0,yfinance,2026-07-10T06:58:05.450587+00:00
2026-07-07 18:15:00+00:00,XRP-USD,15m,1.128499984741211,1.1298999786376953,1.1260000467300415,1.1262999773025513,0,0,yfinance,2026-07-10T06:58:05.450587+00:00
2026-07-07 18:30:00+00:00,XRP-USD,15m,1.126099944114685,1.1277999877929688,1.124500036239624,1.1277999877929688,348672,348672,yfinance,2026-07-10T06:58:05.450587+00:00
2026-07-07 18:45:00+00:00,XRP-USD,15m,1.1282999515533447,1.12909996509552,1.118399977684021,1.1187000274658203,6660480,6660480,yfinance,2026-07-10T06:58:05.450587+00:00
2026-07-07 19:00:00+00:00,XRP-USD,15m,1.1174999475479126,1.11899995803833,1.1145999431610107,1.1155999898910522,3027840,3027840,yfinance,2026-07-10T06:58:05.450587+00:00
2026-07-07 19:15:00+00:00,XRP-USD,15m,1.1157000064849854,1.1188000440597534,1.1128000020980835,1.1174999475479126,7670400,7670400,yfinance,2026-07-10T06:58:05.450587+00:00
2026-07-07 19:30:00+00:00,XRP-USD,15m,1.117900013923645,1.1233999729156494,1.117900013923645,1.1217000484466553,5019520,5019520,yfinance,2026-07-10T06:58:05.450587+00:00
2026-07-07 19:45:00+00:00,XRP-USD,15m,1.121399998664856,1.1246000528335571,1.1201000213623047,1.121500015258789,98688,98688,yfinance,2026-07-10T06:58:05.450587+00:00
2026-07-07 20:00:00+00:00,XRP-USD,15m,1.1217999458312988,1.1220999956130981,1.1191999912261963,1.1217999458312988,0,0,yfinance,2026-07-10T06:58:05.450587+00:00
2026-07-07 20:15:00+00:00,XRP-USD,15m,1.1217999458312988,1.122499942779541,1.1195000410079956,1.1207000017166138,1736960,1736960,yfinance,2026-07-10T06:58:05.450587+00:00
2026-07-07 20:30:00+00:00,XRP-USD,15m,1.1207000017166138,1.12090003490448,1.1174999475479126,1.117900013923645,0,0,yfinance,2026-07-10T06:58:05.450587+00:00
2026-07-07 20:45:00+00:00,XRP-USD,15m,1.1176999807357788,1.1181999444961548,1.1165000200271606,1.1180000305175781,0,0,yfinance,2026-07-10T06:58:05.450587+00:00
2026-07-07 21:00:00+00:00,XRP-USD,15m,1.117900013923645,1.12090003490448,1.117900013923645,1.1196999549865723,1198464,1198464,yfinance,2026-07-10T06:58:05.450587+00:00
2026-07-07 21:15:00+00:00,XRP-USD,15m,1.1193000078201294,1.1196000576019287,1.1145999431610107,1.1166000366210938,0,0,yfinance,2026-07-10T06:58:05.450587+00:00
2026-07-07 21:30:00+00:00,XRP-USD,15m,1.1165000200271606,1.1165000200271606,1.111299991607666,1.1136000156402588,0,0,yfinance,2026-07-10T06:58:05.450587+00:00
2026-07-07 21:45:00+00:00,XRP-USD,15m,1.1132999658584595,1.11489999294281,1.1128000020980835,1.1130000352859497,714752,714752,yfinance,2026-07-10T06:58:05.450587+00:00
2026-07-07 22:00:00+00:00,XRP-USD,15m,1.1124999523162842,1.113800048828125,1.107200026512146,1.113700032234192,2201728,2201728,yfinance,2026-07-10T06:58:05.450587+00:00
2026-07-07 22:15:00+00:00,XRP-USD,15m,1.1138999462127686,1.1157000064849854,1.1121000051498413,1.1136000156402588,627456,627456,yfinance,2026-07-10T06:58:05.450587+00:00
2026-07-07 22:30:00+00:00,XRP-USD,15m,1.1136000156402588,1.1165000200271606,1.1130000352859497,1.1155999898910522,0,0,yfinance,2026-07-10T06:58:05.450587+00:00
2026-07-07 22:45:00+00:00,XRP-USD,15m,1.1155999898910522,1.1160999536514282,1.1139999628067017,1.11489999294281,3850880,3850880,yfinance,2026-07-10T06:58:05.450587+00:00
2026-07-07 23:00:00+00:00,XRP-USD,15m,1.114799976348877,1.117300033569336,1.114400029182434,1.1168999671936035,8278272,8278272,yfinance,2026-07-10T06:58:05.450587+00:00
2026-07-07 23:15:00+00:00,XRP-USD,15m,1.1167000532150269,1.118499994277954,1.1153000593185425,1.1166000366210938,11849216,11849216,yfinance,2026-07-10T06:58:05.450587+00:00
2026-07-07 23:30:00+00:00,XRP-USD,15m,1.1166000366210938,1.1171000003814697,1.1119999885559082,1.1119999885559082,0,0,yfinance,2026-07-10T06:58:05.450587+00:00
2026-07-07 23:45:00+00:00,XRP-USD,15m,1.1119999885559082,1.1133999824523926,1.1105999946594238,1.111299991607666,1143808,1143808,yfinance,2026-07-10T06:58:05.450587+00:00
2026-07-08 00:00:00+00:00,XRP-USD,15m,1.111899971961975,1.1129000186920166,1.1105999946594238,1.1116000413894653,0,0,yfinance,2026-07-10T06:58:05.450587+00:00
2026-07-08 00:15:00+00:00,XRP-USD,15m,1.111899971961975,1.1140999794006348,1.1095999479293823,1.1125999689102173,6057728,6057728,yfinance,2026-07-10T06:58:05.450587+00:00
2026-07-08 00:30:00+00:00,XRP-USD,15m,1.1131000518798828,1.1153000593185425,1.1117000579833984,1.1146999597549438,3357568,3357568,yfinance,2026-07-10T06:58:05.450587+00:00
2026-07-08 00:45:00+00:00,XRP-USD,15m,1.11489999294281,1.1150000095367432,1.1126999855041504,1.1131999492645264,200064,200064,yfinance,2026-07-10T06:58:05.450587+00:00
2026-07-08 01:00:00+00:00,XRP-USD,15m,1.1134999990463257,1.1151000261306763,1.111199975013733,1.1146999597549438,0,0,yfinance,2026-07-10T06:58:05.450587+00:00
2026-07-08 01:15:00+00:00,XRP-USD,15m,1.1145999431610107,1.1145999431610107,1.1104999780654907,1.1105999946594238,706432,706432,yfinance,2026-07-10T06:58:05.450587+00:00
2026-07-08 01:30:00+00:00,XRP-USD,15m,1.1103999614715576,1.1109000444412231,1.0990999937057495,1.1030999422073364,23246976,23246976,yfinance,2026-07-10T06:58:05.450587+00:00
2026-07-08 01:45:00+00:00,XRP-USD,15m,1.1029000282287598,1.104699969291687,1.0972000360488892,1.0983999967575073,16785792,16785792,yfinance,2026-07-10T06:58:05.450587+00:00
2026-07-08 02:00:00+00:00,XRP-USD,15m,1.0980000495910645,1.0989999771118164,1.0946999788284302,1.0961999893188477,14513792,14513792,yfinance,2026-07-10T06:58:05.450587+00:00
2026-07-08 02:15:00+00:00,XRP-USD,15m,1.0956000089645386,1.097599983215332,1.094599962234497,1.0960999727249146,13682176,13682176,yfinance,2026-07-10T06:58:05.450587+00:00
2026-07-08 02:30:00+00:00,XRP-USD,15m,1.0957000255584717,1.0983999967575073,1.0901999473571777,1.0983999967575073,26131840,26131840,yfinance,2026-07-10T06:58:05.450587+00:00
2026-07-08 02:45:00+00:00,XRP-USD,15m,1.0997999906539917,1.101199984550476,1.0978000164031982,1.0996999740600586,7830912,7830912,yfinance,2026-07-10T06:58:05.450587+00:00
2026-07-08 03:00:00+00:00,XRP-USD,15m,1.0999000072479248,1.1035000085830688,1.0997999906539917,1.1030000448226929,0,0,yfinance,2026-07-10T06:58:05.450587+00:00
2026-07-08 03:15:00+00:00,XRP-USD,15m,1.1029000282287598,1.1031999588012695,1.100100040435791,1.1008000373840332,5047424,5047424,yfinance,2026-07-10T06:58:05.450587+00:00
2026-07-08 03:30:00+00:00,XRP-USD,15m,1.1007000207901,1.1008000373840332,1.0973999500274658,1.0976999998092651,1068032,1068032,yfinance,2026-07-10T06:58:05.450587+00:00
2026-07-08 03:45:00+00:00,XRP-USD,15m,1.0978000164031982,1.0981999635696411,1.0932999849319458,1.094499945640564,0,0,yfinance,2026-07-10T06:58:05.450587+00:00
2026-07-08 04:00:00+00:00,XRP-USD,15m,1.0951000452041626,1.09660005569458,1.0931999683380127,1.0954999923706055,648832,648832,yfinance,2026-07-10T06:58:05.450587+00:00
2026-07-08 04:15:00+00:00,XRP-USD,15m,1.0953999757766724,1.0963000059127808,1.0943000316619873,1.0952999591827393,590976,590976,yfinance,2026-07-10T06:58:05.450587+00:00
2026-07-08 04:30:00+00:00,XRP-USD,15m,1.0953999757766724,1.0959999561309814,1.0922000408172607,1.0932999849319458,424960,424960,yfinance,2026-07-10T06:58:05.450587+00:00
2026-07-08 04:45:00+00:00,XRP-USD,15m,1.0932999849319458,1.0942000150680542,1.0910999774932861,1.094099998474121,1405312,1405312,yfinance,2026-07-10T06:58:05.450587+00:00
2026-07-08 05:00:00+00:00,XRP-USD,15m,1.0942000150680542,1.0951999425888062,1.0928000211715698,1.0937000513076782,297728,297728,yfinance,2026-07-10T06:58:05.450587+00:00
2026-07-08 05:15:00+00:00,XRP-USD,15m,1.0937999486923218,1.0951000452041626,1.0927000045776367,1.0937000513076782,0,0,yfinance,2026-07-10T06:58:05.450587+00:00
2026-07-08 05:30:00+00:00,XRP-USD,15m,1.0937000513076782,1.0937000513076782,1.0907000303268433,1.0907000303268433,0,0,yfinance,2026-07-10T06:58:05.450587+00:00
2026-07-08 05:45:00+00:00,XRP-USD,15m,1.09089994430542,1.0911999940872192,1.0885000228881836,1.090499997138977,4171904,4171904,yfinance,2026-07-10T06:58:05.450587+00:00
2026-07-08 06:00:00+00:00,XRP-USD,15m,1.0901999473571777,1.0906000137329102,1.0884000062942505,1.0896999835968018,567552,567552,yfinance,2026-07-10T06:58:05.450587+00:00
2026-07-08 06:15:00+00:00,XRP-USD,15m,1.089900016784668,1.090499997138977,1.086899995803833,1.0891000032424927,4826752,4826752,yfinance,2026-07-10T06:58:05.450587+00:00
2026-07-08 06:30:00+00:00,XRP-USD,15m,1.0886000394821167,1.0892000198364258,1.085800051689148,1.0867999792099,3449472,3449472,yfinance,2026-07-10T06:58:05.450587+00:00
2026-07-08 06:45:00+00:00,XRP-USD,15m,1.086899995803833,1.0917999744415283,1.0865000486373901,1.090499997138977,4737280,4737280,yfinance,2026-07-10T06:58:05.450587+00:00
2026-07-08 07:00:00+00:00,XRP-USD,15m,1.0908000469207764,1.0911999940872192,1.087499976158142,1.0907000303268433,91776,91776,yfinance,2026-07-10T06:58:05.450587+00:00
2026-07-08 07:15:00+00:00,XRP-USD,15m,1.0902999639511108,1.0936000347137451,1.0898000001907349,1.0931999683380127,4214528,4214528,yfinance,2026-07-10T06:58:05.450587+00:00
2026-07-08 07:30:00+00:00,XRP-USD,15m,1.0931999683380127,1.0944000482559204,1.0922000408172607,1.093500018119812,2568704,2568704,yfinance,2026-07-10T06:58:05.450587+00:00
2026-07-08 07:45:00+00:00,XRP-USD,15m,1.0937000513076782,1.0937000513076782,1.0925999879837036,1.0930999517440796,6052352,6052352,yfinance,2026-07-10T06:58:05.450587+00:00
2026-07-08 08:00:00+00:00,XRP-USD,15m,1.0927000045776367,1.094099998474121,1.0921000242233276,1.0927000045776367,1905920,1905920,yfinance,2026-07-10T06:58:05.450587+00:00
2026-07-08 08:15:00+00:00,XRP-USD,15m,1.0930999517440796,1.0932999849319458,1.0789999961853027,1.0795999765396118,26210304,26210304,yfinance,2026-07-10T06:58:05.450587+00:00
2026-07-08 08:30:00+00:00,XRP-USD,15m,1.0786000490188599,1.0806000232696533,1.075600028038025,1.0799000263214111,29390336,29390336,yfinance,2026-07-10T06:58:05.450587+00:00
2026-07-08 08:45:00+00:00,XRP-USD,15m,1.079800009727478,1.0856000185012817,1.0788999795913696,1.079200029373169,36274560,36274560,yfinance,2026-07-10T06:58:05.450587+00:00
2026-07-08 09:00:00+00:00,XRP-USD,15m,1.0788999795913696,1.0795999765396118,1.0777000188827515,1.0777000188827515,18400128,18400128,yfinance,2026-07-10T06:58:05.450587+00:00
2026-07-08 09:15:00+00:00,XRP-USD,15m,1.0778000354766846,1.0780999660491943,1.0750000476837158,1.0779999494552612,12840064,12840064,yfinance,2026-07-10T06:58:05.450587+00:00
2026-07-08 09:30:00+00:00,XRP-USD,15m,1.0779000520706177,1.0814000368118286,1.0779000520706177,1.0806000232696533,9173632,9173632,yfinance,2026-07-10T06:58:05.450587+00:00
2026-07-08 09:45:00+00:00,XRP-USD,15m,1.0805000066757202,1.0805000066757202,1.0778000354766846,1.0782999992370605,3610752,3610752,yfinance,2026-07-10T06:58:05.450587+00:00
2026-07-08 10:00:00+00:00,XRP-USD,15m,1.0787999629974365,1.0794999599456787,1.0755000114440918,1.0773999691009521,1401088,1401088,yfinance,2026-07-10T06:58:05.450587+00:00
2026-07-08 10:15:00+00:00,XRP-USD,15m,1.0779000520706177,1.0807000398635864,1.0772000551223755,1.0807000398635864,4525568,4525568,yfinance,2026-07-10T06:58:05.450587+00:00
2026-07-08 10:30:00+00:00,XRP-USD,15m,1.080399990081787,1.0830999612808228,1.0800000429153442,1.082800030708313,3227264,3227264,yfinance,2026-07-10T06:58:05.450587+00:00
2026-07-08 10:45:00+00:00,XRP-USD,15m,1.0827000141143799,1.082900047302246,1.0805000066757202,1.0825999975204468,1827328,1827328,yfinance,2026-07-10T06:58:05.450587+00:00
2026-07-08 11:00:00+00:00,XRP-USD,15m,1.082200050354004,1.0829999446868896,1.0805000066757202,1.0809999704360962,0,0,yfinance,2026-07-10T06:58:05.450587+00:00
2026-07-08 11:15:00+00:00,XRP-USD,15m,1.080899953842163,1.0821000337600708,1.079300045967102,1.0805000066757202,2336896,2336896,yfinance,2026-07-10T06:58:05.450587+00:00
2026-07-08 11:30:00+00:00,XRP-USD,15m,1.0808000564575195,1.0877000093460083,1.079800009727478,1.0860999822616577,2408832,2408832,yfinance,2026-07-10T06:58:05.450587+00:00
2026-07-08 11:45:00+00:00,XRP-USD,15m,1.0853999853134155,1.0865999460220337,1.0835000276565552,1.0859999656677246,15955968,15955968,yfinance,2026-07-10T06:58:05.450587+00:00
2026-07-08 12:00:00+00:00,XRP-USD,15m,1.0855000019073486,1.0877000093460083,1.0844999551773071,1.0859999656677246,0,0,yfinance,2026-07-10T06:58:05.450587+00:00
2026-07-08 12:15:00+00:00,XRP-USD,15m,1.0859999656677246,1.0867999792099,1.0850000381469727,1.0858999490737915,0,0,yfinance,2026-07-10T06:58:05.450587+00:00
2026-07-08 12:30:00+00:00,XRP-USD,15m,1.0856000185012817,1.0859999656677246,1.0836999416351318,1.0839999914169312,820224,820224,yfinance,2026-07-10T06:58:05.450587+00:00
2026-07-08 12:45:00+00:00,XRP-USD,15m,1.0839999914169312,1.0839999914169312,1.0809999704360962,1.0809999704360962,2461184,2461184,yfinance,2026-07-10T06:58:05.450587+00:00
2026-07-08 13:00:00+00:00,XRP-USD,15m,1.0810999870300293,1.0823999643325806,1.0780999660491943,1.0817999839782715,5037824,5037824,yfinance,2026-07-10T06:58:05.450587+00:00
2026-07-08 13:15:00+00:00,XRP-USD,15m,1.0815000534057617,1.0817999839782715,1.0772000551223755,1.0782999992370605,4979712,4979712,yfinance,2026-07-10T06:58:05.450587+00:00
2026-07-08 13:30:00+00:00,XRP-USD,15m,1.0799000263214111,1.0839999914169312,1.0791000127792358,1.082200050354004,8046208,8046208,yfinance,2026-07-10T06:58:05.450587+00:00
2026-07-08 13:45:00+00:00,XRP-USD,15m,1.0816999673843384,1.086300015449524,1.0774999856948853,1.080399990081787,26166272,26166272,yfinance,2026-07-10T06:58:05.450587+00:00
2026-07-08 14:00:00+00:00,XRP-USD,15m,1.080299973487854,1.082200050354004,1.0786999464035034,1.0805000066757202,15533184,15533184,yfinance,2026-07-10T06:58:05.450587+00:00
2026-07-08 14:15:00+00:00,XRP-USD,15m,1.080299973487854,1.0836999416351318,1.0769000053405762,1.0793999433517456,2665344,2665344,yfinance,2026-07-10T06:58:05.450587+00:00
2026-07-08 14:30:00+00:00,XRP-USD,15m,1.0794999599456787,1.0799000263214111,1.0751999616622925,1.0760999917984009,0,0,yfinance,2026-07-10T06:58:05.450587+00:00
2026-07-08 14:45:00+00:00,XRP-USD,15m,1.076200008392334,1.0782999992370605,1.073699951171875,1.0770000219345093,2673920,2673920,yfinance,2026-07-10T06:58:05.450587+00:00
2026-07-08 15:00:00+00:00,XRP-USD,15m,1.0772000551223755,1.0773999691009521,1.0710999965667725,1.0710999965667725,1011456,1011456,yfinance,2026-07-10T06:58:05.450587+00:00
2026-07-08 15:15:00+00:00,XRP-USD,15m,1.0714000463485718,1.0728000402450562,1.0687999725341797,1.0709999799728394,10349440,10349440,yfinance,2026-07-10T06:58:05.450587+00:00
2026-07-08 15:30:00+00:00,XRP-USD,15m,1.0707000494003296,1.073699951171875,1.069700002670288,1.0714000463485718,216064,216064,yfinance,2026-07-10T06:58:05.450587+00:00
2026-07-08 15:45:00+00:00,XRP-USD,15m,1.0712000131607056,1.0733000040054321,1.0707999467849731,1.0729000568389893,0,0,yfinance,2026-07-10T06:58:05.450587+00:00
2026-07-08 16:00:00+00:00,XRP-USD,15m,1.07260000705719,1.0774999856948853,1.0722999572753906,1.0771000385284424,628608,628608,yfinance,2026-07-10T06:58:05.450587+00:00
2026-07-08 16:15:00+00:00,XRP-USD,15m,1.07669997215271,1.0788999795913696,1.0764000415802002,1.0779999494552612,0,0,yfinance,2026-07-10T06:58:05.450587+00:00
2026-07-08 16:30:00+00:00,XRP-USD,15m,1.0777000188827515,1.080899953842163,1.0755000114440918,1.0805000066757202,1787520,1787520,yfinance,2026-07-10T06:58:05.450587+00:00
2026-07-08 16:45:00+00:00,XRP-USD,15m,1.080399990081787,1.083400011062622,1.079699993133545,1.083400011062622,10873344,10873344,yfinance,2026-07-10T06:58:05.450587+00:00
2026-07-08 17:00:00+00:00,XRP-USD,15m,1.083299994468689,1.0858999490737915,1.082800030708313,1.0842000246047974,1391744,1391744,yfinance,2026-07-10T06:58:05.450587+00:00
2026-07-08 17:15:00+00:00,XRP-USD,15m,1.0842000246047974,1.0920000076293945,1.0841000080108643,1.0915000438690186,11680256,11680256,yfinance,2026-07-10T06:58:05.450587+00:00
2026-07-08 17:30:00+00:00,XRP-USD,15m,1.0915000438690186,1.093999981880188,1.0892000198364258,1.0892000198364258,15730560,15730560,yfinance,2026-07-10T06:58:05.450587+00:00
2026-07-08 17:45:00+00:00,XRP-USD,15m,1.0892000198364258,1.0892000198364258,1.0836999416351318,1.0852999687194824,4251648,4251648,yfinance,2026-07-10T06:58:05.450587+00:00
2026-07-08 18:00:00+00:00,XRP-USD,15m,1.0852999687194824,1.0893000364303589,1.0852999687194824,1.0891000032424927,7603456,7603456,yfinance,2026-07-10T06:58:05.450587+00:00
2026-07-08 18:15:00+00:00,XRP-USD,15m,1.0887999534606934,1.0901999473571777,1.0875999927520752,1.0880999565124512,1958528,1958528,yfinance,2026-07-10T06:58:05.450587+00:00
2026-07-08 18:30:00+00:00,XRP-USD,15m,1.0879000425338745,1.0879000425338745,1.082200050354004,1.0844999551773071,620160,620160,yfinance,2026-07-10T06:58:05.450587+00:00
2026-07-08 18:45:00+00:00,XRP-USD,15m,1.0844999551773071,1.0894999504089355,1.0839999914169312,1.086899995803833,1390592,1390592,yfinance,2026-07-10T06:58:05.450587+00:00
2026-07-08 19:00:00+00:00,XRP-USD,15m,1.0866999626159668,1.0879000425338745,1.0841000080108643,1.0850000381469727,0,0,yfinance,2026-07-10T06:58:05.450587+00:00
2026-07-08 19:15:00+00:00,XRP-USD,15m,1.0846999883651733,1.0882999897003174,1.0844999551773071,1.0879000425338745,0,0,yfinance,2026-07-10T06:58:05.450587+00:00
2026-07-08 19:30:00+00:00,XRP-USD,15m,1.0879000425338745,1.0894999504089355,1.0877000093460083,1.0887000560760498,0,0,yfinance,2026-07-10T06:58:05.450587+00:00
2026-07-08 19:45:00+00:00,XRP-USD,15m,1.0887000560760498,1.0937999486923218,1.0871000289916992,1.0907000303268433,2088704,2088704,yfinance,2026-07-10T06:58:05.450587+00:00
2026-07-08 20:00:00+00:00,XRP-USD,15m,1.090000033378601,1.0917999744415283,1.0881999731063843,1.0885000228881836,4408832,4408832,yfinance,2026-07-10T06:58:05.450587+00:00
2026-07-08 20:15:00+00:00,XRP-USD,15m,1.0884000062942505,1.0895999670028687,1.0871000289916992,1.0894999504089355,1904640,1904640,yfinance,2026-07-10T06:58:05.450587+00:00
2026-07-08 20:30:00+00:00,XRP-USD,15m,1.089400053024292,1.0894999504089355,1.0870000123977661,1.0888999700546265,4017408,4017408,yfinance,2026-07-10T06:58:05.450587+00:00
2026-07-08 20:45:00+00:00,XRP-USD,15m,1.0887000560760498,1.0898000001907349,1.0870000123977661,1.0880000591278076,1680384,1680384,yfinance,2026-07-10T06:58:05.450587+00:00
2026-07-08 21:00:00+00:00,XRP-USD,15m,1.0879000425338745,1.0881999731063843,1.083400011062622,1.0839999914169312,1585536,1585536,yfinance,2026-07-10T06:58:05.450587+00:00
2026-07-08 21:15:00+00:00,XRP-USD,15m,1.0841000080108643,1.0866999626159668,1.083400011062622,1.0859999656677246,1648512,1648512,yfinance,2026-07-10T06:58:05.450587+00:00
2026-07-08 21:30:00+00:00,XRP-USD,15m,1.0859999656677246,1.0887999534606934,1.0859999656677246,1.0880999565124512,574464,574464,yfinance,2026-07-10T06:58:05.450587+00:00
2026-07-08 21:45:00+00:00,XRP-USD,15m,1.0880999565124512,1.0907000303268433,1.0880999565124512,1.0901000499725342,357504,357504,yfinance,2026-07-10T06:58:05.450587+00:00
2026-07-08 22:00:00+00:00,XRP-USD,15m,1.090399980545044,1.0918999910354614,1.0888999700546265,1.0889999866485596,0,0,yfinance,2026-07-10T06:58:05.450587+00:00
2026-07-08 22:15:00+00:00,XRP-USD,15m,1.0892000198364258,1.090999960899353,1.0887999534606934,1.0906000137329102,0,0,yfinance,2026-07-10T06:58:05.450587+00:00
2026-07-08 22:30:00+00:00,XRP-USD,15m,1.0915000438690186,1.0915000438690186,1.0901999473571777,1.0906000137329102,29440,29440,yfinance,2026-07-10T06:58:05.450587+00:00
2026-07-08 22:45:00+00:00,XRP-USD,15m,1.090499997138977,1.0924999713897705,1.090399980545044,1.0923999547958374,253184,253184,yfinance,2026-07-10T06:58:05.450587+00:00
2026-07-08 23:00:00+00:00,XRP-USD,15m,1.0922000408172607,1.0922000408172607,1.0895999670028687,1.0896999835968018,0,0,yfinance,2026-07-10T06:58:05.450587+00:00
2026-07-08 23:15:00+00:00,XRP-USD,15m,1.0896999835968018,1.0896999835968018,1.0870000123977661,1.0881999731063843,0,0,yfinance,2026-07-10T06:58:05.450587+00:00
2026-07-08 23:30:00+00:00,XRP-USD,15m,1.0881999731063843,1.0888999700546265,1.0866999626159668,1.0887000560760498,311296,311296,yfinance,2026-07-10T06:58:05.450587+00:00
2026-07-08 23:45:00+00:00,XRP-USD,15m,1.0887000560760498,1.090499997138977,1.0878000259399414,1.0901000499725342,456320,456320,yfinance,2026-07-10T06:58:05.450587+00:00
2026-07-09 00:00:00+00:00,XRP-USD,15m,1.090000033378601,1.0908000469207764,1.0882999897003174,1.0896999835968018,0,0,yfinance,2026-07-10T06:58:05.450587+00:00
2026-07-09 00:15:00+00:00,XRP-USD,15m,1.0898000001907349,1.0901999473571777,1.087399959564209,1.0886000394821167,0,0,yfinance,2026-07-10T06:58:05.450587+00:00
2026-07-09 00:30:00+00:00,XRP-USD,15m,1.0886000394821167,1.0902999639511108,1.0870000123977661,1.0884000062942505,29184,29184,yfinance,2026-07-10T06:58:05.450587+00:00
2026-07-09 00:45:00+00:00,XRP-USD,15m,1.0881999731063843,1.0893000364303589,1.086400032043457,1.0872999429702759,0,0,yfinance,2026-07-10T06:58:05.450587+00:00
2026-07-09 01:00:00+00:00,XRP-USD,15m,1.087399959564209,1.0976999998092651,1.0871000289916992,1.093000054359436,5532800,5532800,yfinance,2026-07-10T06:58:05.450587+00:00
2026-07-09 01:15:00+00:00,XRP-USD,15m,1.0930999517440796,1.094599962234497,1.089900016784668,1.0910999774932861,10014336,10014336,yfinance,2026-07-10T06:58:05.450587+00:00
2026-07-09 01:30:00+00:00,XRP-USD,15m,1.0914000272750854,1.091599941253662,1.0848000049591064,1.0853999853134155,0,0,yfinance,2026-07-10T06:58:05.450587+00:00
2026-07-09 01:45:00+00:00,XRP-USD,15m,1.0857000350952148,1.086300015449524,1.0822999477386475,1.0824999809265137,31104,31104,yfinance,2026-07-10T06:58:05.450587+00:00
2026-07-09 02:00:00+00:00,XRP-USD,15m,1.082800030708313,1.089400053024292,1.0816999673843384,1.0893000364303589,0,0,yfinance,2026-07-10T06:58:05.450587+00:00
2026-07-09 02:15:00+00:00,XRP-USD,15m,1.0893000364303589,1.0893000364303589,1.087399959564209,1.0884000062942505,0,0,yfinance,2026-07-10T06:58:05.450587+00:00
2026-07-09 02:30:00+00:00,XRP-USD,15m,1.0882999897003174,1.0886000394821167,1.0839999914169312,1.0845999717712402,0,0,yfinance,2026-07-10T06:58:05.450587+00:00
2026-07-09 02:45:00+00:00,XRP-USD,15m,1.0844999551773071,1.0851999521255493,1.0823999643325806,1.0836999416351318,121728,121728,yfinance,2026-07-10T06:58:05.450587+00:00
2026-07-09 03:00:00+00:00,XRP-USD,15m,1.083799958229065,1.0849000215530396,1.0831999778747559,1.0844999551773071,0,0,yfinance,2026-07-10T06:58:05.450587+00:00
2026-07-09 03:15:00+00:00,XRP-USD,15m,1.0844999551773071,1.0866999626159668,1.0822999477386475,1.0857000350952148,0,0,yfinance,2026-07-10T06:58:05.450587+00:00
2026-07-09 03:30:00+00:00,XRP-USD,15m,1.085800051689148,1.0886000394821167,1.0853999853134155,1.087499976158142,0,0,yfinance,2026-07-10T06:58:05.450587+00:00
2026-07-09 03:45:00+00:00,XRP-USD,15m,1.0871000289916992,1.0880999565124512,1.0865999460220337,1.086899995803833,0,0,yfinance,2026-07-10T06:58:05.450587+00:00
2026-07-09 04:00:00+00:00,XRP-USD,15m,1.087499976158142,1.0875999927520752,1.085800051689148,1.085800051689148,0,0,yfinance,2026-07-10T06:58:05.450587+00:00
2026-07-09 04:15:00+00:00,XRP-USD,15m,1.0859999656677246,1.0867999792099,1.0841000080108643,1.0858999490737915,235904,235904,yfinance,2026-07-10T06:58:05.450587+00:00
2026-07-09 04:30:00+00:00,XRP-USD,15m,1.0860999822616577,1.0920000076293945,1.0860999822616577,1.0914000272750854,4290688,4290688,yfinance,2026-07-10T06:58:05.450587+00:00
2026-07-09 04:45:00+00:00,XRP-USD,15m,1.0914000272750854,1.0937000513076782,1.0901999473571777,1.0936000347137451,254464,254464,yfinance,2026-07-10T06:58:05.450587+00:00
2026-07-09 05:00:00+00:00,XRP-USD,15m,1.0932999849319458,1.0963000059127808,1.091599941253662,1.0942000150680542,1542400,1542400,yfinance,2026-07-10T06:58:05.450587+00:00
2026-07-09 05:15:00+00:00,XRP-USD,15m,1.0946999788284302,1.0946999788284302,1.0907000303268433,1.0923000574111938,11555200,11555200,yfinance,2026-07-10T06:58:05.450587+00:00
2026-07-09 05:30:00+00:00,XRP-USD,15m,1.0925999879837036,1.0957000255584717,1.090499997138977,1.0957000255584717,2877824,2877824,yfinance,2026-07-10T06:58:05.450587+00:00
2026-07-09 05:45:00+00:00,XRP-USD,15m,1.0957000255584717,1.0995999574661255,1.0954999923706055,1.0986000299453735,1048832,1048832,yfinance,2026-07-10T06:58:05.450587+00:00
2026-07-09 06:00:00+00:00,XRP-USD,15m,1.0987000465393066,1.0993000268936157,1.0959999561309814,1.0967999696731567,4846592,4846592,yfinance,2026-07-10T06:58:05.450587+00:00
2026-07-09 06:15:00+00:00,XRP-USD,15m,1.0966999530792236,1.1013000011444092,1.0963000059127808,1.1002999544143677,0,0,yfinance,2026-07-10T06:58:05.450587+00:00
2026-07-09 06:30:00+00:00,XRP-USD,15m,1.1002999544143677,1.1002999544143677,1.098099946975708,1.0996999740600586,4023424,4023424,yfinance,2026-07-10T06:58:05.450587+00:00
2026-07-09 06:45:00+00:00,XRP-USD,15m,1.0999000072479248,1.1003999710083008,1.0985000133514404,1.0993000268936157,460032,460032,yfinance,2026-07-10T06:58:05.450587+00:00
2026-07-09 07:00:00+00:00,XRP-USD,15m,1.0993000268936157,1.1018999814987183,1.0959999561309814,1.0967999696731567,4070144,4070144,yfinance,2026-07-10T06:58:05.450587+00:00
2026-07-09 07:15:00+00:00,XRP-USD,15m,1.0968999862670898,1.0981999635696411,1.094599962234497,1.0956000089645386,928768,928768,yfinance,2026-07-10T06:58:05.450587+00:00
2026-07-09 07:30:00+00:00,XRP-USD,15m,1.0954999923706055,1.097100019454956,1.0942000150680542,1.0968999862670898,370176,370176,yfinance,2026-07-10T06:58:05.450587+00:00
2026-07-09 07:45:00+00:00,XRP-USD,15m,1.0968999862670898,1.100600004196167,1.0960999727249146,1.0972000360488892,1529472,1529472,yfinance,2026-07-10T06:58:05.450587+00:00
2026-07-09 08:00:00+00:00,XRP-USD,15m,1.0967999696731567,1.097499966621399,1.0952999591827393,1.0961999893188477,2038528,2038528,yfinance,2026-07-10T06:58:05.450587+00:00
2026-07-09 08:15:00+00:00,XRP-USD,15m,1.0961999893188477,1.0979000329971313,1.0957000255584717,1.0978000164031982,0,0,yfinance,2026-07-10T06:58:05.450587+00:00
2026-07-09 08:30:00+00:00,XRP-USD,15m,1.0979000329971313,1.0982999801635742,1.0960999727249146,1.0972000360488892,0,0,yfinance,2026-07-10T06:58:05.450587+00:00
2026-07-09 08:45:00+00:00,XRP-USD,15m,1.097000002861023,1.0972000360488892,1.0942000150680542,1.094599962234497,0,0,yfinance,2026-07-10T06:58:05.450587+00:00
2026-07-09 09:00:00+00:00,XRP-USD,15m,1.0944000482559204,1.094599962234497,1.0921000242233276,1.0927000045776367,0,0,yfinance,2026-07-10T06:58:05.450587+00:00
2026-07-09 09:15:00+00:00,XRP-USD,15m,1.0927000045776367,1.094099998474121,1.0923000574111938,1.0931999683380127,0,0,yfinance,2026-07-10T06:58:05.450587+00:00
2026-07-09 09:30:00+00:00,XRP-USD,15m,1.0932999849319458,1.093999981880188,1.09089994430542,1.0911999940872192,0,0,yfinance,2026-07-10T06:58:05.450587+00:00
2026-07-09 09:45:00+00:00,XRP-USD,15m,1.0913000106811523,1.093500018119812,1.09089994430542,1.093500018119812,398976,398976,yfinance,2026-07-10T06:58:05.450587+00:00
2026-07-09 10:00:00+00:00,XRP-USD,15m,1.093500018119812,1.0956000089645386,1.0930999517440796,1.0946999788284302,0,0,yfinance,2026-07-10T06:58:05.450587+00:00
2026-07-09 10:15:00+00:00,XRP-USD,15m,1.0947999954223633,1.0951999425888062,1.0917999744415283,1.092900037765503,0,0,yfinance,2026-07-10T06:58:05.450587+00:00
2026-07-09 10:30:00+00:00,XRP-USD,15m,1.0927000045776367,1.0938999652862549,1.0920000076293945,1.0932999849319458,0,0,yfinance,2026-07-10T06:58:05.450587+00:00
2026-07-09 10:45:00+00:00,XRP-USD,15m,1.0931999683380127,1.0931999683380127,1.0895999670028687,1.0913000106811523,1666944,1666944,yfinance,2026-07-10T06:58:05.450587+00:00
2026-07-09 11:00:00+00:00,XRP-USD,15m,1.0911999940872192,1.0918999910354614,1.090000033378601,1.0913000106811523,0,0,yfinance,2026-07-10T06:58:05.450587+00:00
2026-07-09 11:15:00+00:00,XRP-USD,15m,1.090999960899353,1.090999960899353,1.0896999835968018,1.090399980545044,0,0,yfinance,2026-07-10T06:58:05.450587+00:00
2026-07-09 11:30:00+00:00,XRP-USD,15m,1.0906000137329102,1.0917999744415283,1.0901000499725342,1.0910999774932861,0,0,yfinance,2026-07-10T06:58:05.450587+00:00
2026-07-09 11:45:00+00:00,XRP-USD,15m,1.090999960899353,1.0930999517440796,1.0908000469207764,1.0924999713897705,0,0,yfinance,2026-07-10T06:58:05.450587+00:00
2026-07-09 12:00:00+00:00,XRP-USD,15m,1.0922000408172607,1.0944000482559204,1.0908000469207764,1.0923999547958374,444672,444672,yfinance,2026-07-10T06:58:05.450587+00:00
2026-07-09 12:15:00+00:00,XRP-USD,15m,1.0923999547958374,1.0943000316619873,1.0915000438690186,1.0937000513076782,293376,293376,yfinance,2026-07-10T06:58:05.450587+00:00
2026-07-09 12:30:00+00:00,XRP-USD,15m,1.0937999486923218,1.0961999893188477,1.0923000574111938,1.0925999879837036,23321600,23321600,yfinance,2026-07-10T06:58:05.450587+00:00
2026-07-09 12:45:00+00:00,XRP-USD,15m,1.0924999713897705,1.0942000150680542,1.0901000499725342,1.0930999517440796,11451392,11451392,yfinance,2026-07-10T06:58:05.450587+00:00
2026-07-09 13:00:00+00:00,XRP-USD,15m,1.093400001525879,1.0976999998092651,1.093400001525879,1.097100019454956,0,0,yfinance,2026-07-10T06:58:05.450587+00:00
2026-07-09 13:15:00+00:00,XRP-USD,15m,1.0972000360488892,1.0972000360488892,1.0947999954223633,1.0956000089645386,0,0,yfinance,2026-07-10T06:58:05.450587+00:00
2026-07-09 13:30:00+00:00,XRP-USD,15m,1.0956000089645386,1.0981999635696411,1.0921000242233276,1.0978000164031982,236160,236160,yfinance,2026-07-10T06:58:05.450587+00:00
2026-07-09 13:45:00+00:00,XRP-USD,15m,1.097599983215332,1.0999000072479248,1.094499945640564,1.0981999635696411,305792,305792,yfinance,2026-07-10T06:58:05.450587+00:00
2026-07-09 14:00:00+00:00,XRP-USD,15m,1.0982999801635742,1.0999000072479248,1.0958000421524048,1.0976999998092651,0,0,yfinance,2026-07-10T06:58:05.450587+00:00
2026-07-09 14:15:00+00:00,XRP-USD,15m,1.097100019454956,1.097100019454956,1.0930999517440796,1.095900058746338,0,0,yfinance,2026-07-10T06:58:05.450587+00:00
2026-07-09 14:30:00+00:00,XRP-USD,15m,1.0956000089645386,1.0956000089645386,1.09089994430542,1.0924999713897705,781824,781824,yfinance,2026-07-10T06:58:05.450587+00:00
2026-07-09 14:45:00+00:00,XRP-USD,15m,1.0923999547958374,1.094499945640564,1.0901000499725342,1.092900037765503,0,0,yfinance,2026-07-10T06:58:05.450587+00:00
2026-07-09 15:00:00+00:00,XRP-USD,15m,1.0931999683380127,1.0953999757766724,1.089900016784668,1.0932999849319458,0,0,yfinance,2026-07-10T06:58:05.450587+00:00
2026-07-09 15:15:00+00:00,XRP-USD,15m,1.093000054359436,1.095900058746338,1.0910999774932861,1.0917999744415283,81152,81152,yfinance,2026-07-10T06:58:05.450587+00:00
2026-07-09 15:30:00+00:00,XRP-USD,15m,1.0921000242233276,1.0925999879837036,1.0884000062942505,1.0907000303268433,1037312,1037312,yfinance,2026-07-10T06:58:05.450587+00:00
2026-07-09 15:45:00+00:00,XRP-USD,15m,1.090999960899353,1.090999960899353,1.0882999897003174,1.0888999700546265,0,0,yfinance,2026-07-10T06:58:05.450587+00:00
2026-07-09 16:00:00+00:00,XRP-USD,15m,1.0891000032424927,1.0911999940872192,1.0879000425338745,1.0884000062942505,0,0,yfinance,2026-07-10T06:58:05.450587+00:00
2026-07-09 16:15:00+00:00,XRP-USD,15m,1.0882999897003174,1.0888999700546265,1.0855000019073486,1.087399959564209,3076608,3076608,yfinance,2026-07-10T06:58:05.450587+00:00
2026-07-09 16:30:00+00:00,XRP-USD,15m,1.0877000093460083,1.0892000198364258,1.0872000455856323,1.0881999731063843,0,0,yfinance,2026-07-10T06:58:05.450587+00:00
2026-07-09 16:45:00+00:00,XRP-USD,15m,1.0881999731063843,1.0889999866485596,1.0870000123977661,1.0879000425338745,0,0,yfinance,2026-07-10T06:58:05.450587+00:00
2026-07-09 17:00:00+00:00,XRP-USD,15m,1.0879000425338745,1.090399980545044,1.0879000425338745,1.090000033378601,0,0,yfinance,2026-07-10T06:58:05.450587+00:00
2026-07-09 17:15:00+00:00,XRP-USD,15m,1.0901999473571777,1.0937999486923218,1.0901999473571777,1.0914000272750854,0,0,yfinance,2026-07-10T06:58:05.450587+00:00
2026-07-09 17:30:00+00:00,XRP-USD,15m,1.0914000272750854,1.097100019454956,1.090999960899353,1.095900058746338,0,0,yfinance,2026-07-10T06:58:05.450587+00:00
2026-07-09 17:45:00+00:00,XRP-USD,15m,1.0957000255584717,1.0967999696731567,1.0949000120162964,1.0953999757766724,0,0,yfinance,2026-07-10T06:58:05.450587+00:00
2026-07-09 18:00:00+00:00,XRP-USD,15m,1.0957000255584717,1.0994999408721924,1.0944000482559204,1.0980000495910645,2870784,2870784,yfinance,2026-07-10T06:58:05.450587+00:00
2026-07-09 18:15:00+00:00,XRP-USD,15m,1.0980000495910645,1.0987999439239502,1.0949000120162964,1.0973000526428223,923520,923520,yfinance,2026-07-10T06:58:05.450587+00:00
2026-07-09 18:30:00+00:00,XRP-USD,15m,1.097499966621399,1.0982999801635742,1.0951999425888062,1.0952999591827393,0,0,yfinance,2026-07-10T06:58:05.450587+00:00
2026-07-09 18:45:00+00:00,XRP-USD,15m,1.0952999591827393,1.0957000255584717,1.0923000574111938,1.094099998474121,0,0,yfinance,2026-07-10T06:58:05.450587+00:00
2026-07-09 19:00:00+00:00,XRP-USD,15m,1.0937999486923218,1.0937999486923218,1.0918999910354614,1.0925999879837036,0,0,yfinance,2026-07-10T06:58:05.450587+00:00
2026-07-09 19:15:00+00:00,XRP-USD,15m,1.0927000045776367,1.0942000150680542,1.0911999940872192,1.0938999652862549,1784704,1784704,yfinance,2026-07-10T06:58:05.450587+00:00
2026-07-09 19:30:00+00:00,XRP-USD,15m,1.094099998474121,1.0978000164031982,1.093400001525879,1.0976999998092651,3840,3840,yfinance,2026-07-10T06:58:05.450587+00:00
2026-07-09 19:45:00+00:00,XRP-USD,15m,1.0976999998092651,1.0976999998092651,1.0953999757766724,1.0968999862670898,1281792,1281792,yfinance,2026-07-10T06:58:05.450587+00:00
2026-07-09 20:00:00+00:00,XRP-USD,15m,1.0968999862670898,1.0968999862670898,1.0946999788284302,1.0952999591827393,0,0,yfinance,2026-07-10T06:58:05.450587+00:00
2026-07-09 20:15:00+00:00,XRP-USD,15m,1.0952999591827393,1.0972000360488892,1.0947999954223633,1.0963000059127808,0,0,yfinance,2026-07-10T06:58:05.450587+00:00
2026-07-09 20:30:00+00:00,XRP-USD,15m,1.0963000059127808,1.0989999771118164,1.0959999561309814,1.0976999998092651,0,0,yfinance,2026-07-10T06:58:05.450587+00:00
2026-07-09 20:45:00+00:00,XRP-USD,15m,1.0978000164031982,1.0978000164031982,1.0952999591827393,1.096500039100647,0,0,yfinance,2026-07-10T06:58:05.450587+00:00
2026-07-09 21:00:00+00:00,XRP-USD,15m,1.0966999530792236,1.0973999500274658,1.0963000059127808,1.0966999530792236,0,0,yfinance,2026-07-10T06:58:05.450587+00:00
2026-07-09 21:15:00+00:00,XRP-USD,15m,1.096500039100647,1.097100019454956,1.0960999727249146,1.0966999530792236,0,0,yfinance,2026-07-10T06:58:05.450587+00:00
2026-07-09 21:30:00+00:00,XRP-USD,15m,1.0967999696731567,1.097599983215332,1.0963000059127808,1.096500039100647,0,0,yfinance,2026-07-10T06:58:05.450587+00:00
2026-07-09 21:45:00+00:00,XRP-USD,15m,1.0963000059127808,1.097499966621399,1.0963000059127808,1.097000002861023,0,0,yfinance,2026-07-10T06:58:05.450587+00:00
2026-07-09 22:00:00+00:00,XRP-USD,15m,1.097100019454956,1.0978000164031982,1.0947999954223633,1.0950000286102295,0,0,yfinance,2026-07-10T06:58:05.450587+00:00
2026-07-09 22:15:00+00:00,XRP-USD,15m,1.0951000452041626,1.097100019454956,1.0949000120162964,1.0966999530792236,265664,265664,yfinance,2026-07-10T06:58:05.450587+00:00
2026-07-09 22:30:00+00:00,XRP-USD,15m,1.0964000225067139,1.0973000526428223,1.0951000452041626,1.09660005569458,266304,266304,yfinance,2026-07-10T06:58:05.450587+00:00
2026-07-09 22:45:00+00:00,XRP-USD,15m,1.09660005569458,1.0973999500274658,1.0951999425888062,1.0953999757766724,621312,621312,yfinance,2026-07-10T06:58:05.450587+00:00
2026-07-09 23:00:00+00:00,XRP-USD,15m,1.0953999757766724,1.0956000089645386,1.093500018119812,1.0936000347137451,0,0,yfinance,2026-07-10T06:58:05.450587+00:00
2026-07-09 23:15:00+00:00,XRP-USD,15m,1.093500018119812,1.0954999923706055,1.0917999744415283,1.093500018119812,456768,456768,yfinance,2026-07-10T06:58:05.450587+00:00
2026-07-09 23:30:00+00:00,XRP-USD,15m,1.0931999683380127,1.0931999683380127,1.0917999744415283,1.0924999713897705,0,0,yfinance,2026-07-10T06:58:05.450587+00:00
2026-07-09 23:45:00+00:00,XRP-USD,15m,1.092900037765503,1.0942000150680542,1.0922000408172607,1.0925999879837036,1117120,1117120,yfinance,2026-07-10T06:58:05.450587+00:00
2026-07-10 00:00:00+00:00,XRP-USD,15m,1.0924999713897705,1.0928000211715698,1.090399980545044,1.0921000242233276,0,0,yfinance,2026-07-10T06:58:05.450587+00:00
2026-07-10 00:15:00+00:00,XRP-USD,15m,1.0921000242233276,1.0927000045776367,1.0893000364303589,1.0902999639511108,0,0,yfinance,2026-07-10T06:58:05.450587+00:00
2026-07-10 00:30:00+00:00,XRP-USD,15m,1.090399980545044,1.0927000045776367,1.0884000062942505,1.0908000469207764,1165824,1165824,yfinance,2026-07-10T06:58:05.450587+00:00
2026-07-10 00:45:00+00:00,XRP-USD,15m,1.0907000303268433,1.0913000106811523,1.0891000032424927,1.0913000106811523,845056,845056,yfinance,2026-07-10T06:58:05.450587+00:00
2026-07-10 01:00:00+00:00,XRP-USD,15m,1.0915000438690186,1.0924999713897705,1.0893000364303589,1.0924999713897705,0,0,yfinance,2026-07-10T06:58:05.450587+00:00
2026-07-10 01:15:00+00:00,XRP-USD,15m,1.0921000242233276,1.097000002861023,1.0921000242233276,1.0963000059127808,1717184,1717184,yfinance,2026-07-10T06:58:05.450587+00:00
2026-07-10 01:30:00+00:00,XRP-USD,15m,1.0963000059127808,1.096500039100647,1.0943000316619873,1.0960999727249146,0,0,yfinance,2026-07-10T06:58:05.450587+00:00
2026-07-10 01:45:00+00:00,XRP-USD,15m,1.0964000225067139,1.108199954032898,1.0963000059127808,1.104099988937378,27988288,27988288,yfinance,2026-07-10T06:58:05.450587+00:00
2026-07-10 02:00:00+00:00,XRP-USD,15m,1.104599952697754,1.1057000160217285,1.1021000146865845,1.1057000160217285,6595456,6595456,yfinance,2026-07-10T06:58:05.450587+00:00
2026-07-10 02:15:00+00:00,XRP-USD,15m,1.1057000160217285,1.1064000129699707,1.1044000387191772,1.1050000190734863,1809280,1809280,yfinance,2026-07-10T06:58:05.450587+00:00
2026-07-10 02:30:00+00:00,XRP-USD,15m,1.104699969291687,1.106600046157837,1.1039999723434448,1.1058000326156616,253376,253376,yfinance,2026-07-10T06:58:05.450587+00:00
2026-07-10 02:45:00+00:00,XRP-USD,15m,1.1058000326156616,1.1088999509811401,1.1049000024795532,1.1069999933242798,1935360,1935360,yfinance,2026-07-10T06:58:05.450587+00:00
2026-07-10 03:00:00+00:00,XRP-USD,15m,1.1068999767303467,1.107699990272522,1.1030999422073364,1.104599952697754,2430592,2430592,yfinance,2026-07-10T06:58:05.450587+00:00
2026-07-10 03:15:00+00:00,XRP-USD,15m,1.104599952697754,1.1051000356674194,1.1039999723434448,1.104699969291687,422208,422208,yfinance,2026-07-10T06:58:05.450587+00:00
2026-07-10 03:30:00+00:00,XRP-USD,15m,1.1044000387191772,1.1066999435424805,1.1039999723434448,1.106600046157837,744704,744704,yfinance,2026-07-10T06:58:05.450587+00:00
2026-07-10 03:45:00+00:00,XRP-USD,15m,1.106600046157837,1.108299970626831,1.1052000522613525,1.1060999631881714,4194368,4194368,yfinance,2026-07-10T06:58:05.450587+00:00
2026-07-10 04:00:00+00:00,XRP-USD,15m,1.1061999797821045,1.107699990272522,1.1060999631881714,1.1074999570846558,2575744,2575744,yfinance,2026-07-10T06:58:05.450587+00:00
2026-07-10 04:15:00+00:00,XRP-USD,15m,1.1073999404907227,1.107800006866455,1.1059999465942383,1.1059999465942383,3025024,3025024,yfinance,2026-07-10T06:58:05.450587+00:00
2026-07-10 04:30:00+00:00,XRP-USD,15m,1.1059000492095947,1.1087000370025635,1.1054999828338623,1.1081000566482544,28672,28672,yfinance,2026-07-10T06:58:05.450587+00:00
2026-07-10 04:45:00+00:00,XRP-USD,15m,1.108199954032898,1.111299991607666,1.108199954032898,1.1089999675750732,3925952,3925952,yfinance,2026-07-10T06:58:05.450587+00:00
2026-07-10 05:00:00+00:00,XRP-USD,15m,1.1088999509811401,1.1088999509811401,1.1069999933242798,1.1075999736785889,1400832,1400832,yfinance,2026-07-10T06:58:05.450587+00:00
2026-07-10 05:15:00+00:00,XRP-USD,15m,1.1074999570846558,1.1081000566482544,1.1066999435424805,1.1073999404907227,16640,16640,yfinance,2026-07-10T06:58:05.450587+00:00
2026-07-10 05:30:00+00:00,XRP-USD,15m,1.1073999404907227,1.1090999841690063,1.1066999435424805,1.1081000566482544,2681280,2681280,yfinance,2026-07-10T06:58:05.450587+00:00
2026-07-10 05:45:00+00:00,XRP-USD,15m,1.1080000400543213,1.1097999811172485,1.1079000234603882,1.1088999509811401,268160,268160,yfinance,2026-07-10T06:58:05.450587+00:00
2026-07-10 06:00:00+00:00,XRP-USD,15m,1.1088999509811401,1.1097999811172485,1.108299970626831,1.1083999872207642,615680,615680,yfinance,2026-07-10T06:58:05.450587+00:00
2026-07-10 06:15:00+00:00,XRP-USD,15m,1.1083999872207642,1.1083999872207642,1.104099988937378,1.1054999828338623,1060800,1060800,yfinance,2026-07-10T06:58:05.450587+00:00
2026-07-10 06:30:00+00:00,XRP-USD,15m,1.1055999994277954,1.1066999435424805,1.1052000522613525,1.1052000522613525,85376,85376,yfinance,2026-07-10T06:58:05.450587+00:00
2026-07-10 06:45:00+00:00,XRP-USD,15m,1.1052000522613525,1.1057000160217285,1.104200005531311,1.1047999858856201,147392,147392,yfinance,2026-07-10T06:58:05.450587+00:00
