{"type":"FeatureCollection","metadata":{"generated":1784853086000,"url":"https://earthquake.usgs.gov/fdsnws/event/1/query?endtime=2025-12-31T23%3A59%3A59Z&eventtype=earthquake&format=geojson&minmagnitude=7.0&orderby=time-asc&starttime=1970-01-01T00%3A00%3A00Z","title":"USGS Earthquakes","status":200,"api":"2.7.0","count":772},"features":[{"type":"Feature","properties":{"mag":7.1,"place":"22 km SSW of Yuxi, China","time":320441150,"updated":1766171248417,"tz":null,"url":"https://earthquake.usgs.gov/earthquakes/eventpage/iscgem799712","detail":"https://earthquake.usgs.gov/fdsnws/event/1/query?eventid=iscgem799712&format=geojson","felt":null,"cdi":null,"mmi":8.862,"alert":null,"status":"reviewed","tsunami":0,"sig":776,"net":"iscgem","code":"799712","ids":",atlas19700104170040,iscgem799712,","sources":",atlas,iscgem,","types":",origin,shakemap,trump-shakemap,","nst":null,"dmin":null,"rms":null,"gap":null,"magType":"mw","type":"earthquake","title":"M 7.1 - 22 km SSW of Yuxi, China"},"geometry":{"type":"Point","coordinates":[102.474,24.157,15.2]},"id":"iscgem799712"},
{"type":"Feature","properties":{"mag":7.26,"place":"33 km SE of Lukatan, Philippines","time":821229300,"updated":1766171253151,"tz":null,"url":"https://earthquake.usgs.gov/earthquakes/eventpage/iscgem799944","detail":"https://earthquake.usgs.gov/fdsnws/event/1/query?eventid=iscgem799944&format=geojson","felt":null,"cdi":null,"mmi":6.478,"alert":null,"status":"reviewed","tsunami":0,"sig":811,"net":"iscgem","code":"799944","ids":",atlas19700110120708,iscgem799944,","sources":",atlas,iscgem,","types":",origin,shakemap,trump-shakemap,","nst":null,"dmin":null,"rms":null,"gap":null,"magType":"mw","type":"earthquake","title":"M 7.3 - 33 km SE of Lukatan, Philippines"},"geometry":{"type":"Point","coordinates":[126.646,6.808,58.1]},"id":"iscgem799944"},
{"type":"Feature","properties":{"mag":7.28,"place":"south of the Fiji Islands","time":1667988450,"updated":1767815877110,"tz":null,"url":"https://earthquake.usgs.gov/earthquakes/eventpage/iscgem800237","detail":"https://earthquake.usgs.gov/fdsnws/event/1/query?eventid=iscgem800237&format=geojson","felt":null,"cdi":null,"mmi":null,"alert":null,"status":"reviewed","tsunami":0,"sig":815,"net":"iscgem","code":"800237","ids":",iscgemsup800237,iscgem800237,","sources":",iscgemsup,iscgem,","types":",origin,","nst":null,"dmin":null,"rms":null,"gap":null,"magType":"mw","type":"earthquake","title":"M 7.3 - south of the Fiji Islands"},"geometry":{"type":"Point","coordinates":[-177.227,-25.908,50.3]},"id":"iscgem800237"},
{"type":"Feature","properties":{"mag":7.11,"place":"58 km WNW of Atka, Alaska","time":5050353580,"updated":1651009782296,"tz":null,"url":"https://earthquake.usgs.gov/earthquakes/eventpage/iscgem799531","detail":"https://earthquake.usgs.gov/fdsnws/event/1/query?eventid=iscgem799531&format=geojson","felt":null,"cdi":null,"mmi":null,"alert":null,"status":"reviewed","tsunami":0,"sig":778,"net":"iscgem","code":"799531","ids":",ushis3093,iscgem799531,","sources":",ushis,iscgem,","types":",impact-text,origin,trump-origin,","nst":null,"dmin":null,"rms":null,"gap":null,"magType":"mw","type":"earthquake","title":"M 7.1 - 58 km WNW of Atka, Alaska"},"geometry":{"type":"Point","coordinates":[-174.915,52.487,164.1]},"id":"iscgem799531"},
{"type":"Feature","properties":{"mag":7.23,"place":"22 km NE of Gediz, Turkey","time":7506145520,"updated":1766171219428,"tz":null,"url":"https://earthquake.usgs.gov/earthquakes/eventpage/iscgem798506","detail":"https://earthquake.usgs.gov/fdsnws/event/1/query?eventid=iscgem798506&format=geojson","felt":null,"cdi":null,"mmi":7.757,"alert":null,"status":"reviewed","tsunami":0,"sig":804,"net":"iscgem","code":"798506","ids":",iscgem798506,atlas19700328210225,","sources":",iscgem,atlas,","types":",impact-text,origin,shakemap,trump-shakemap,","nst":null,"dmin":null,"rms":null,"gap":null,"magType":"mw","type":"earthquake","title":"M 7.2 - 22 km NE of Gediz, Turkey"},"geometry":{"type":"Point","coordinates":[29.58,39.132,22.2]},"id":"iscgem798506"},
{"type":"Feature","properties":{"mag":7.42,"place":"14 km ENE of Suklayin, Philippines","time":8314447450,"updated":1766171160250,"tz":null,"url":"https://earthquake.usgs.gov/earthquakes/eventpage/iscgem796378","detail":"https://earthquake.usgs.gov/fdsnws/event/1/query?eventid=iscgem796378&format=geojson","felt":null,"cdi":null,"mmi":6.779,"alert":null,"status":"reviewed","tsunami":0,"sig":847,"net":"iscgem","code":"796378","ids":",atlas19700407053406,iscgem796378,","sources":",atlas,iscgem,","types":",origin,shakemap,trump-shakemap,","nst":null,"dmin":null,"rms":null,"gap":null,"magType":"mw","type":"earthquake","title":"M 7.4 - 14 km ENE of Suklayin, Philippines"},"geometry":{"type":"Point","coordinates":[121.678,15.786,30.9]},"id":"iscgem796378"},
{"type":"Feature","properties":{"mag":7.03,"place":"17 km N of Karligan, Philippines","time":8740905050,"updated":1766171099434,"tz":null,"url":"https://earthquake.usgs.gov/earthquakes/eventpage/iscgem796629","detail":"https://earthquake.usgs.gov/fdsnws/event/1/query?eventid=iscgem796629&format=geojson","felt":null,"cdi":null,"mmi":6.554,"alert":null,"status":"reviewed","tsunami":0,"sig":760,"net":"iscgem","code":"796629","ids":",atlas19700412040144,iscgem796629,","sources":",atlas,iscgem,","types":",origin,shakemap,trump-shakemap,","nst":null,"dmin":null,"rms":null,"gap":null,"magType":"mw","type":"earthquake","title":"M 7.0 - 17 km N of Karligan, Philippines"},"geometry":{"type":"Point","coordinates":[122.051,15.131,14.8]},"id":"iscgem796629"},
{"type":"Feature","properties":{"mag":7.3,"place":"34 km SW of Puerto Madero, Mexico","time":10245695440,"updated":1766171101036,"tz":null,"url":"https://earthquake.usgs.gov/earthquakes/eventpage/iscgem797311","detail":"https://earthquake.usgs.gov/fdsnws/event/1/query?eventid=iscgem797311&format=geojson","felt":null,"cdi":null,"mmi":6.455,"alert":null,"status":"reviewed","tsunami":0,"sig":820,"net":"iscgem","code":"797311","ids":",atlas19700429140121,iscgem797311,","sources":",atlas,iscgem,","types":",origin,shakemap,trump-shakemap,","nst":null,"dmin":null,"rms":null,"gap":null,"magType":"mw","type":"earthquake","title":"M 7.3 - 34 km SW of Puerto Madero, Mexico"},"geometry":{"type":"Point","coordinates":[-92.612,14.472,35]},"id":"iscgem797311"},
{"type":"Feature","properties":{"mag":7.12,"place":"Bonin Islands, Japan region","time":12657907570,"updated":1651009245620,"tz":null,"url":"https://earthquake.usgs.gov/earthquakes/eventpage/iscgem796043","detail":"https://earthquake.usgs.gov/fdsnws/event/1/query?eventid=iscgem796043&format=geojson","felt":null,"cdi":null,"mmi":null,"alert":null,"status":"reviewed","tsunami":0,"sig":780,"net":"iscgem","code":"796043","ids":",iscgem796043,","sources":",iscgem,","types":",origin,","nst":null,"dmin":null,"rms":null,"gap":null,"magType":"mw","type":"earthquake","title":"M 7.1 - Bonin Islands, Japan region"},"geometry":{"type":"Point","coordinates":[140.23,27.236,390]},"id":"iscgem796043"},
{"type":"Feature","properties":{"mag":7.9,"place":"34 km SW of Chimbote, Peru","time":13033410720,"updated":1766171158760,"tz":null,"url":"https://earthquake.usgs.gov/earthquakes/eventpage/iscgem796163","detail":"https://earthquake.usgs.gov/fdsnws/event/1/query?eventid=iscgem796163&format=geojson","felt":null,"cdi":null,"mmi":7.877,"alert":null,"status":"reviewed","tsunami":0,"sig":960,"net":"iscgem","code":"796163","ids":",iscgem796163,atlas19700531202327,","sources":",iscgem,atlas,","types":",ground-failure,impact-text,origin,shakemap,trump-shakemap,","nst":null,"dmin":null,"rms":null,"gap":null,"magType":"mw","type":"earthquake","title":"M 7.9 - 34 km SW of Chimbote, Peru"},"geometry":{"type":"Point","coordinates":[-78.847,-9.266,58.4]},"id":"iscgem796163"},
{"type":"Feature","properties":{"mag":7.3,"place":"Macquarie Island region","time":13970794180,"updated":1766171077007,"tz":null,"url":"https://earthquake.usgs.gov/earthquakes/eventpage/iscgem794513","detail":"https://earthquake.usgs.gov/fdsnws/event/1/query?eventid=iscgem794513&format=geojson","felt":null,"cdi":null,"mmi":null,"alert":null,"status":"reviewed","tsunami":0,"sig":820,"net":"iscgem","code":"794513","ids":",iscgem794513,","sources":",iscgem,","types":",origin,","nst":null,"dmin":null,"rms":null,"gap":null,"magType":"mw","type":"earthquake","title":"M 7.3 - Macquarie Island region"},"geometry":{"type":"Point","coordinates":[159.229,-59.272,15]},"id":"iscgem794513"},
{"type":"Feature","properties":{"mag":7.3,"place":"288 km S of Prince Rupert, Canada","time":15080952490,"updated":1766171089654,"tz":null,"url":"https://earthquake.usgs.gov/earthquakes/eventpage/iscgem794827","detail":"https://earthquake.usgs.gov/fdsnws/event/1/query?eventid=iscgem794827&format=geojson","felt":null,"cdi":null,"mmi":null,"alert":null,"status":"reviewed","tsunami":0,"sig":820,"net":"iscgem","code":"794827","ids":",iscgem794827,","sources":",iscgem,","types":",origin,","nst":null,"dmin":null,"rms":null,"gap":null,"magType":"mw","type":"earthquake","title":"M 7.3 - 288 km S of Prince Rupert, Canada"},"geometry":{"type":"Point","coordinates":[-131.006,51.754,19.9]},"id":"iscgem794827"},
{"type":"Feature","properties":{"mag":7,"place":"21 km SE of Tsunō, Japan","time":17793673800,"updated":1766171064489,"tz":null,"url":"https://earthquake.usgs.gov/earthquakes/eventpage/iscgem794013","detail":"https://earthquake.usgs.gov/fdsnws/event/1/query?eventid=iscgem794013&format=geojson","felt":null,"cdi":null,"mmi":6.283,"alert":null,"status":"reviewed","tsunami":0,"sig":754,"net":"iscgem","code":"794013","ids":",atlas19700725224113,iscgem794013,","sources":",atlas,iscgem,","types":",origin,shakemap,trump-shakemap,","nst":null,"dmin":null,"rms":null,"gap":null,"magType":"mw","type":"earthquake","title":"M 7.0 - 21 km SE of Tsunō, Japan"},"geometry":{"type":"Point","coordinates":[131.751,32.138,42.7]},"id":"iscgem794013"},
{"type":"Feature","properties":{"mag":7,"place":"61 km ESE of Tuensang, India","time":18094582030,"updated":1766171067707,"tz":null,"url":"https://earthquake.usgs.gov/earthquakes/eventpage/iscgem794100","detail":"https://earthquake.usgs.gov/fdsnws/event/1/query?eventid=iscgem794100&format=geojson","felt":null,"cdi":null,"mmi":6.709,"alert":null,"status":"reviewed","tsunami":0,"sig":754,"net":"iscgem","code":"794100","ids":",atlas19700729101623,iscgem794100,","sources":",atlas,iscgem,","types":",origin,shakemap,trump-shakemap,","nst":null,"dmin":null,"rms":null,"gap":null,"magType":"mw","type":"earthquake","title":"M 7.0 - 61 km ESE of Tuensang, India"},"geometry":{"type":"Point","coordinates":[95.367,25.997,70.9]},"id":"iscgem794100"},
{"type":"Feature","properties":{"mag":8,"place":"95 km N of San Antonio del Estrecho, Peru","time":18292085560,"updated":1651009011645,"tz":null,"url":"https://earthquake.usgs.gov/earthquakes/eventpage/iscgem794176","detail":"https://earthquake.usgs.gov/fdsnws/event/1/query?eventid=iscgem794176&format=geojson","felt":null,"cdi":null,"mmi":3.423,"alert":null,"status":"reviewed","tsunami":0,"sig":985,"net":"iscgem","code":"794176","ids":",iscgem794176,atlas19700731170806,","sources":",iscgem,atlas,","types":",impact-text,origin,shakemap,trump-shakemap,","nst":null,"dmin":null,"rms":null,"gap":null,"magType":"mw","type":"earthquake","title":"M 8.0 - 95 km N of San Antonio del Estrecho, Peru"},"geometry":{"type":"Point","coordinates":[-72.532,-1.597,644.8]},"id":"iscgem794176"},
{"type":"Feature","properties":{"mag":7.31,"place":"Sea of Okhotsk","time":20886370140,"updated":1651008835658,"tz":null,"url":"https://earthquake.usgs.gov/earthquakes/eventpage/iscgem793336","detail":"https://earthquake.usgs.gov/fdsnws/event/1/query?eventid=iscgem793336&format=geojson","felt":null,"cdi":null,"mmi":null,"alert":null,"status":"reviewed","tsunami":0,"sig":822,"net":"iscgem","code":"793336","ids":",iscgem793336,","sources":",iscgem,","types":",origin,","nst":null,"dmin":null,"rms":null,"gap":null,"magType":"mw","type":"earthquake","title":"M 7.3 - Sea of Okhotsk"},"geometry":{"type":"Point","coordinates":[151.613,52.301,647.6]},"id":"iscgem793336"},
{"type":"Feature","properties":{"mag":7.2,"place":"9 km ENE of Papayal, Peru","time":29651680150,"updated":1766170983195,"tz":null,"url":"https://earthquake.usgs.gov/earthquakes/eventpage/iscgem789028","detail":"https://earthquake.usgs.gov/fdsnws/event/1/query?eventid=iscgem789028&format=geojson","felt":null,"cdi":null,"mmi":8.53,"alert":null,"status":"reviewed","tsunami":0,"sig":798,"net":"iscgem","code":"789028","ids":",atlas19701210043438,iscgem789028,","sources":",atlas,iscgem,","types":",origin,shakemap,trump-shakemap,","nst":null,"dmin":null,"rms":null,"gap":null,"magType":"mw","type":"earthquake","title":"M 7.2 - 9 km ENE of Papayal, Peru"},"geometry":{"type":"Point","coordinates":[-80.661,-4.044,19.2]},"id":"iscgem789028"},
{"type":"Feature","properties":{"mag":7.7,"place":"120 km SW of Abepura, Indonesia","time":32339825120,"updated":1766170944421,"tz":null,"url":"https://earthquake.usgs.gov/earthquakes/eventpage/iscgem788036","detail":"https://earthquake.usgs.gov/fdsnws/event/1/query?eventid=iscgem788036&format=geojson","felt":null,"cdi":null,"mmi":7.079,"alert":null,"status":"reviewed","tsunami":0,"sig":912,"net":"iscgem","code":"788036","ids":",atlas19710110071707,iscgem788036,","sources":",atlas,iscgem,","types":",origin,shakemap,trump-shakemap,","nst":null,"dmin":null,"rms":null,"gap":null,"magType":"mw","type":"earthquake","title":"M 7.7 - 120 km SW of Abepura, Indonesia"},"geometry":{"type":"Point","coordinates":[139.735,-3.212,26.9]},"id":"iscgem788036"},
{"type":"Feature","properties":{"mag":7.8,"place":"19 km NNE of Hacienda La Calera, Chile","time":47876600220,"updated":1766174018235,"tz":null,"url":"https://earthquake.usgs.gov/earthquakes/eventpage/iscgem782010","detail":"https://earthquake.usgs.gov/fdsnws/event/1/query?eventid=iscgem782010&format=geojson","felt":null,"cdi":null,"mmi":8.462,"alert":null,"status":"reviewed","tsunami":0,"sig":936,"net":"iscgem","code":"782010","ids":",atlas19710709030318,iscgem782010,","sources":",atlas,iscgem,","types":",origin,shakemap,trump-shakemap,","nst":null,"dmin":null,"rms":null,"gap":null,"magType":"mw","type":"earthquake","title":"M 7.8 - 19 km NNE of Hacienda La Calera, Chile"},"geometry":{"type":"Point","coordinates":[-71.168,-32.617,60.6]},"id":"iscgem782010"},
{"type":"Feature","properties":{"mag":8,"place":"1971 New Britain Earthquake","time":48319886520,"updated":1766174031016,"tz":null,"url":"https://earthquake.usgs.gov/earthquakes/eventpage/iscgem782181","detail":"https://earthquake.usgs.gov/fdsnws/event/1/query?eventid=iscgem782181&format=geojson","felt":null,"cdi":null,"mmi":6.403,"alert":null,"status":"reviewed","tsunami":0,"sig":985,"net":"iscgem","code":"782181","ids":",iscgem782181,atlas19710714061130,","sources":",iscgem,atlas,","types":",earthquake-name,origin,shakemap,trump-shakemap,","nst":null,"dmin":null,"rms":null,"gap":null,"magType":"mw","type":"earthquake","title":"M 8.0 - 1971 New Britain Earthquake"},"geometry":{"type":"Point","coordinates":[153.864,-5.467,15]},"id":"iscgem782181"},
{"type":"Feature","properties":{"mag":8.1,"place":"1971 Bougainville Earthquake","time":49339404130,"updated":1766174068525,"tz":null,"url":"https://earthquake.usgs.gov/earthquakes/eventpage/iscgem782684","detail":"https://earthquake.usgs.gov/fdsnws/event/1/query?eventid=iscgem782684&format=geojson","felt":null,"cdi":null,"mmi":7.445,"alert":null,"status":"reviewed","tsunami":0,"sig":1009,"net":"iscgem","code":"782684","ids":",iscgem782684,atlas19710726012322,","sources":",iscgem,atlas,","types":",earthquake-name,origin,shakemap,trump-shakemap,","nst":null,"dmin":null,"rms":null,"gap":null,"magType":"mw","type":"earthquake","title":"M 8.1 - 1971 Bougainville Earthquake"},"geometry":{"type":"Point","coordinates":[153.182,-4.868,51.5]},"id":"iscgem782684"},
{"type":"Feature","properties":{"mag":7.42,"place":"98 km ESE of Sucúa, Ecuador","time":49428169080,"updated":1766174075700,"tz":null,"url":"https://earthquake.usgs.gov/earthquakes/eventpage/iscgem782797","detail":"https://earthquake.usgs.gov/fdsnws/event/1/query?eventid=iscgem782797&format=geojson","felt":null,"cdi":null,"mmi":6.805,"alert":null,"status":"reviewed","tsunami":0,"sig":847,"net":"iscgem","code":"782797","ids":",atlas19710727020246,iscgem782797,","sources":",atlas,iscgem,","types":",origin,shakemap,trump-shakemap,","nst":null,"dmin":null,"rms":null,"gap":null,"magType":"mw","type":"earthquake","title":"M 7.4 - 98 km ESE of Sucúa, Ecuador"},"geometry":{"type":"Point","coordinates":[-77.379,-2.848,113.3]},"id":"iscgem782797"},
{"type":"Feature","properties":{"mag":7.01,"place":"90 km SSE of Honchō, Japan","time":49965898070,"updated":1766173965962,"tz":null,"url":"https://earthquake.usgs.gov/earthquakes/eventpage/iscgem780829","detail":"https://earthquake.usgs.gov/fdsnws/event/1/query?eventid=iscgem780829&format=geojson","felt":null,"cdi":null,"mmi":5.853,"alert":null,"status":"reviewed","tsunami":0,"sig":756,"net":"iscgem","code":"780829","ids":",atlas19710802072458,iscgem780829,","sources":",atlas,iscgem,","types":",origin,shakemap,trump-shakemap,","nst":null,"dmin":null,"rms":null,"gap":null,"magType":"mw","type":"earthquake","title":"M 7.0 - 90 km SSE of Honchō, Japan"},"geometry":{"type":"Point","coordinates":[143.432,41.413,50]},"id":"iscgem780829"},
{"type":"Feature","properties":{"mag":7.06,"place":"central Mid-Atlantic Ridge","time":50205531370,"updated":1766173968976,"tz":null,"url":"https://earthquake.usgs.gov/earthquakes/eventpage/iscgem780929","detail":"https://earthquake.usgs.gov/fdsnws/event/1/query?eventid=iscgem780929&format=geojson","felt":null,"cdi":null,"mmi":null,"alert":null,"status":"reviewed","tsunami":0,"sig":767,"net":"iscgem","code":"780929","ids":",iscgem780929,","sources":",iscgem,","types":",origin,","nst":null,"dmin":null,"rms":null,"gap":null,"magType":"mw","type":"earthquake","title":"M 7.1 - central Mid-Atlantic Ridge"},"geometry":{"type":"Point","coordinates":[-22.071,-0.789,10]},"id":"iscgem780929"},
{"type":"Feature","properties":{"mag":7.3,"place":"50 km W of Gornozavodsk, Russia","time":52943729570,"updated":1766173934928,"tz":null,"url":"https://earthquake.usgs.gov/earthquakes/eventpage/iscgem779972","detail":"https://earthquake.usgs.gov/fdsnws/event/1/query?eventid=iscgem779972&format=geojson","felt":null,"cdi":null,"mmi":6.006,"alert":null,"status":"reviewed","tsunami":0,"sig":820,"net":"iscgem","code":"779972","ids":",atlas19710905183528,iscgem779972,","sources":",atlas,iscgem,","types":",origin,shakemap,trump-shakemap,","nst":null,"dmin":null,"rms":null,"gap":null,"magType":"mw","type":"earthquake","title":"M 7.3 - 50 km W of Gornozavodsk, Russia"},"geometry":{"type":"Point","coordinates":[141.185,46.529,18.1]},"id":"iscgem779972"},
{"type":"Feature","properties":{"mag":7.1,"place":"153 km SSE of Lata, Solomon Islands","time":59551032260,"updated":1766173875794,"tz":null,"url":"https://earthquake.usgs.gov/earthquakes/eventpage/iscgem778697","detail":"https://earthquake.usgs.gov/fdsnws/event/1/query?eventid=iscgem778697&format=geojson","felt":null,"cdi":null,"mmi":6.775,"alert":null,"status":"reviewed","tsunami":0,"sig":776,"net":"iscgem","code":"778697","ids":",atlas19711121055712,iscgem778697,","sources":",atlas,iscgem,","types":",origin,shakemap,trump-shakemap,","nst":null,"dmin":null,"rms":null,"gap":null,"magType":"mw","type":"earthquake","title":"M 7.1 - 153 km SSE of Lata, Solomon Islands"},"geometry":{"type":"Point","coordinates":[166.573,-11.885,110.3]},"id":"iscgem778697"},
{"type":"Feature","properties":{"mag":7.3,"place":"51 km SE of Petropavlovsk-Kamchatsky, Russia","time":59859333170,"updated":1766173879507,"tz":null,"url":"https://earthquake.usgs.gov/earthquakes/eventpage/iscgem778805","detail":"https://earthquake.usgs.gov/fdsnws/event/1/query?eventid=iscgem778805&format=geojson","felt":null,"cdi":null,"mmi":6.938,"alert":null,"status":"reviewed","tsunami":0,"sig":820,"net":"iscgem","code":"778805","ids":",iscgem778805,atlas19711124193531,","sources":",iscgem,atlas,","types":",origin,shakemap,trump-shakemap,","nst":null,"dmin":null,"rms":null,"gap":null,"magType":"mw","type":"earthquake","title":"M 7.3 - 51 km SE of Petropavlovsk-Kamchatsky, Russia"},"geometry":{"type":"Point","coordinates":[159.216,52.763,125.8]},"id":"iscgem778805"},
{"type":"Feature","properties":{"mag":7.62,"place":"55 km ESE of Ust’-Kamchatsk Staryy, Russia","time":61633795870,"updated":1766173075962,"tz":null,"url":"https://earthquake.usgs.gov/earthquakes/eventpage/iscgem777750","detail":"https://earthquake.usgs.gov/fdsnws/event/1/query?eventid=iscgem777750&format=geojson","felt":null,"cdi":null,"mmi":6.767,"alert":null,"status":"reviewed","tsunami":0,"sig":893,"net":"iscgem","code":"777750","ids":",iscgem777750,atlas19711215082955,","sources":",iscgem,atlas,","types":",origin,shakemap,trump-shakemap,","nst":null,"dmin":null,"rms":null,"gap":null,"magType":"mw","type":"earthquake","title":"M 7.6 - 55 km ESE of Ust’-Kamchatsk Staryy, Russia"},"geometry":{"type":"Point","coordinates":[163.225,55.955,20]},"id":"iscgem777750"},
{"type":"Feature","properties":{"mag":7.3,"place":"167 km SSE of Hualien City, Taiwan","time":65153184680,"updated":1766173827147,"tz":null,"url":"https://earthquake.usgs.gov/earthquakes/eventpage/iscgem777208","detail":"https://earthquake.usgs.gov/fdsnws/event/1/query?eventid=iscgem777208&format=geojson","felt":null,"cdi":null,"mmi":5.337,"alert":null,"status":"reviewed","tsunami":0,"sig":820,"net":"iscgem","code":"777208","ids":",atlas19720125020621,iscgem777208,","sources":",atlas,iscgem,","types":",origin,shakemap,trump-shakemap,","nst":null,"dmin":null,"rms":null,"gap":null,"magType":"mw","type":"earthquake","title":"M 7.3 - 167 km SSE of Hualien City, Taiwan"},"geometry":{"type":"Point","coordinates":[122.284,22.598,27.1]},"id":"iscgem777208"},
{"type":"Feature","properties":{"mag":7.11,"place":"110 km SSE of Hualien City, Taiwan","time":65158884470,"updated":1766173827811,"tz":null,"url":"https://earthquake.usgs.gov/earthquakes/eventpage/iscgem777209","detail":"https://earthquake.usgs.gov/fdsnws/event/1/query?eventid=iscgem777209&format=geojson","felt":null,"cdi":null,"mmi":5.548,"alert":null,"status":"reviewed","tsunami":0,"sig":778,"net":"iscgem","code":"777209","ids":",atlas19720125034122,iscgem777209,","sources":",atlas,iscgem,","types":",origin,shakemap,trump-shakemap,","nst":null,"dmin":null,"rms":null,"gap":null,"magType":"mw","type":"earthquake","title":"M 7.1 - 110 km SSE of Hualien City, Taiwan"},"geometry":{"type":"Point","coordinates":[121.97,23.036,26.9]},"id":"iscgem777209"},
{"type":"Feature","properties":{"mag":7.4,"place":"96 km SE of Lata, Solomon Islands","time":66958193210,"updated":1766173784803,"tz":null,"url":"https://earthquake.usgs.gov/earthquakes/eventpage/iscgem776200","detail":"https://earthquake.usgs.gov/fdsnws/event/1/query?eventid=iscgem776200&format=geojson","felt":null,"cdi":null,"mmi":7.08,"alert":null,"status":"reviewed","tsunami":0,"sig":842,"net":"iscgem","code":"776200","ids":",iscgem776200,atlas19720214232953,","sources":",iscgem,atlas,","types":",origin,shakemap,trump-shakemap,","nst":null,"dmin":null,"rms":null,"gap":null,"magType":"mw","type":"earthquake","title":"M 7.4 - 96 km SE of Lata, Solomon Islands"},"geometry":{"type":"Point","coordinates":[166.334,-11.421,102.6]},"id":"iscgem776200"},
{"type":"Feature","properties":{"mag":7.15,"place":"193 km SSE of Wada, Japan","time":68203380670,"updated":1766173804469,"tz":null,"url":"https://earthquake.usgs.gov/earthquakes/eventpage/iscgem776553","detail":"https://earthquake.usgs.gov/fdsnws/event/1/query?eventid=iscgem776553&format=geojson","felt":null,"cdi":null,"mmi":5.716,"alert":null,"status":"reviewed","tsunami":0,"sig":787,"net":"iscgem","code":"776553","ids":",iscgem776553,atlas19720229092301,","sources":",iscgem,atlas,","types":",origin,shakemap,trump-shakemap,","nst":null,"dmin":null,"rms":null,"gap":null,"magType":"mw","type":"earthquake","title":"M 7.2 - 193 km SSE of Wada, Japan"},"geometry":{"type":"Point","coordinates":[140.89,33.446,46.4]},"id":"iscgem776553"},
{"type":"Feature","properties":{"mag":7.25,"place":"south of the Fiji Islands","time":70781693350,"updated":1766173763330,"tz":null,"url":"https://earthquake.usgs.gov/earthquakes/eventpage/iscgem775781","detail":"https://earthquake.usgs.gov/fdsnws/event/1/query?eventid=iscgem775781&format=geojson","felt":null,"cdi":null,"mmi":null,"alert":null,"status":"reviewed","tsunami":0,"sig":809,"net":"iscgem","code":"775781","ids":",iscgem775781,","sources":",iscgem,","types":",origin,","nst":null,"dmin":null,"rms":null,"gap":null,"magType":"mw","type":"earthquake","title":"M 7.3 - south of the Fiji Islands"},"geometry":{"type":"Point","coordinates":[179.678,-25.804,501.5]},"id":"iscgem775781"},
{"type":"Feature","properties":{"mag":7,"place":"44 km S of Hualien City, Taiwan","time":72957441920,"updated":1766173711577,"tz":null,"url":"https://earthquake.usgs.gov/earthquakes/eventpage/iscgem774714","detail":"https://earthquake.usgs.gov/fdsnws/event/1/query?eventid=iscgem774714&format=geojson","felt":null,"cdi":null,"mmi":6.578,"alert":null,"status":"reviewed","tsunami":0,"sig":754,"net":"iscgem","code":"774714","ids":",atlas19720424095721,iscgem774714,","sources":",atlas,iscgem,","types":",origin,shakemap,trump-shakemap,","nst":null,"dmin":null,"rms":null,"gap":null,"magType":"mw","type":"earthquake","title":"M 7.0 - 44 km S of Hualien City, Taiwan"},"geometry":{"type":"Point","coordinates":[121.562,23.575,23]},"id":"iscgem774714"},
{"type":"Feature","properties":{"mag":7.34,"place":"18 km W of Harrison, Philippines","time":73078207770,"updated":1766173068510,"tz":null,"url":"https://earthquake.usgs.gov/earthquakes/eventpage/iscgem774772","detail":"https://earthquake.usgs.gov/fdsnws/event/1/query?eventid=iscgem774772&format=geojson","felt":null,"cdi":null,"mmi":6.857,"alert":null,"status":"reviewed","tsunami":0,"sig":829,"net":"iscgem","code":"774772","ids":",atlas19720425193008,iscgem774772,","sources":",atlas,iscgem,","types":",origin,shakemap,trump-shakemap,","nst":null,"dmin":null,"rms":null,"gap":null,"magType":"mw","type":"earthquake","title":"M 7.3 - 18 km W of Harrison, Philippines"},"geometry":{"type":"Point","coordinates":[120.268,13.422,25.5]},"id":"iscgem774772"},
{"type":"Feature","properties":{"mag":7.2,"place":"192 km NW of Panguna, Papua New Guinea","time":73351930770,"updated":1766173723730,"tz":null,"url":"https://earthquake.usgs.gov/earthquakes/eventpage/iscgem774887","detail":"https://earthquake.usgs.gov/fdsnws/event/1/query?eventid=iscgem774887&format=geojson","felt":null,"cdi":null,"mmi":3.998,"alert":null,"status":"reviewed","tsunami":0,"sig":798,"net":"iscgem","code":"774887","ids":",atlas19720428233211,iscgem774887,","sources":",atlas,iscgem,","types":",origin,shakemap,","nst":null,"dmin":null,"rms":null,"gap":null,"magType":"mw","type":"earthquake","title":"M 7.2 - 192 km NW of Panguna, Papua New Guinea"},"geometry":{"type":"Point","coordinates":[154.188,-5.154,403.3]},"id":"iscgem774887"},
{"type":"Feature","properties":{"mag":7.05,"place":"146 km NW of Neiafu, Tonga","time":75415557990,"updated":1766173669971,"tz":null,"url":"https://earthquake.usgs.gov/earthquakes/eventpage/iscgem773729","detail":"https://earthquake.usgs.gov/fdsnws/event/1/query?eventid=iscgem773729&format=geojson","felt":null,"cdi":null,"mmi":null,"alert":null,"status":"reviewed","tsunami":0,"sig":765,"net":"iscgem","code":"773729","ids":",atlas19720522204557,iscgem773729,","sources":",atlas,iscgem,","types":",origin,","nst":null,"dmin":null,"rms":null,"gap":null,"magType":"mw","type":"earthquake","title":"M 7.1 - 146 km NW of Neiafu, Tonga"},"geometry":{"type":"Point","coordinates":[-175.026,-17.777,223.7]},"id":"iscgem773729"},
{"type":"Feature","properties":{"mag":7.72,"place":"228 km SW of Sarangani, Philippines","time":77128864550,"updated":1766173599130,"tz":null,"url":"https://earthquake.usgs.gov/earthquakes/eventpage/iscgem772416","detail":"https://earthquake.usgs.gov/fdsnws/event/1/query?eventid=iscgem772416&format=geojson","felt":null,"cdi":null,"mmi":4.672,"alert":null,"status":"reviewed","tsunami":0,"sig":917,"net":"iscgem","code":"772416","ids":",iscgem772416,","sources":",iscgem,","types":",origin,shakemap,","nst":null,"dmin":null,"rms":null,"gap":null,"magType":"mw","type":"earthquake","title":"M 7.7 - 228 km SW of Sarangani, Philippines"},"geometry":{"type":"Point","coordinates":[124.192,3.781,332.8]},"id":"iscgem772416"},
{"type":"Feature","properties":{"mag":7.6,"place":"55 km SW of Sitka, Alaska","time":81380716430,"updated":1766173587337,"tz":null,"url":"https://earthquake.usgs.gov/earthquakes/eventpage/iscgem772060","detail":"https://earthquake.usgs.gov/fdsnws/event/1/query?eventid=iscgem772060&format=geojson","felt":null,"cdi":null,"mmi":6.952,"alert":null,"status":"reviewed","tsunami":0,"sig":889,"net":"iscgem","code":"772060","ids":",iscgem772060,ushis3196,atlas19720730214513,","sources":",iscgem,ushis,atlas,","types":",impact-text,origin,shakemap,trump-shakemap,","nst":null,"dmin":null,"rms":null,"gap":null,"magType":"mw","type":"earthquake","title":"M 7.6 - 55 km SW of Sitka, Alaska"},"geometry":{"type":"Point","coordinates":[-135.918,56.674,19.9]},"id":"iscgem772060"},
{"type":"Feature","properties":{"mag":7.5,"place":"199 km SSE of Kokopo, Papua New Guinea","time":82943048320,"updated":1766173532148,"tz":null,"url":"https://earthquake.usgs.gov/earthquakes/eventpage/iscgem770672","detail":"https://earthquake.usgs.gov/fdsnws/event/1/query?eventid=iscgem770672&format=geojson","felt":null,"cdi":null,"mmi":5.032,"alert":null,"status":"reviewed","tsunami":0,"sig":865,"net":"iscgem","code":"770672","ids":",iscgem770672,","sources":",iscgem,","types":",origin,shakemap,","nst":null,"dmin":null,"rms":null,"gap":null,"magType":"mw","type":"earthquake","title":"M 7.5 - 199 km SSE of Kokopo, Papua New Guinea"},"geometry":{"type":"Point","coordinates":[152.911,-6.033,14.1]},"id":"iscgem770672"},
{"type":"Feature","properties":{"mag":7,"place":"68 km SSW of Isangel, Vanuatu","time":89582121720,"updated":1766173369870,"tz":null,"url":"https://earthquake.usgs.gov/earthquakes/eventpage/iscgem766936","detail":"https://earthquake.usgs.gov/fdsnws/event/1/query?eventid=iscgem766936&format=geojson","felt":null,"cdi":null,"mmi":5.39,"alert":null,"status":"reviewed","tsunami":0,"sig":754,"net":"iscgem","code":"766936","ids":",atlas19721102195524,iscgem766936,","sources":",atlas,iscgem,","types":",origin,shakemap,trump-shakemap,","nst":null,"dmin":null,"rms":null,"gap":null,"magType":"mw","type":"earthquake","title":"M 7.0 - 68 km SSW of Isangel, Vanuatu"},"geometry":{"type":"Point","coordinates":[168.967,-20.085,17.8]},"id":"iscgem766936"},
{"type":"Feature","properties":{"mag":8,"place":"1972 Mindanao, Philippines Earthquake","time":92103591490,"updated":1766173308473,"tz":null,"url":"https://earthquake.usgs.gov/earthquakes/eventpage/iscgem765501","detail":"https://earthquake.usgs.gov/fdsnws/event/1/query?eventid=iscgem765501&format=geojson","felt":null,"cdi":null,"mmi":6.805,"alert":null,"status":"reviewed","tsunami":0,"sig":985,"net":"iscgem","code":"765501","ids":",iscgem765501,atlas19721202001954,","sources":",iscgem,atlas,","types":",earthquake-name,origin,shakemap,trump-shakemap,","nst":null,"dmin":null,"rms":null,"gap":null,"magType":"mw","type":"earthquake","title":"M 8.0 - 1972 Mindanao, Philippines Earthquake"},"geometry":{"type":"Point","coordinates":[126.665,6.43,51.3]},"id":"iscgem765501"},
{"type":"Feature","properties":{"mag":7.32,"place":"206 km SSE of Wada, Japan","time":92312169170,"updated":1766173316174,"tz":null,"url":"https://earthquake.usgs.gov/earthquakes/eventpage/iscgem765618","detail":"https://earthquake.usgs.gov/fdsnws/event/1/query?eventid=iscgem765618&format=geojson","felt":null,"cdi":null,"mmi":6.196,"alert":null,"status":"reviewed","tsunami":0,"sig":824,"net":"iscgem","code":"765618","ids":",iscgem765618,atlas19721204101613,","sources":",iscgem,atlas,","types":",origin,shakemap,trump-shakemap,","nst":null,"dmin":null,"rms":null,"gap":null,"magType":"mw","type":"earthquake","title":"M 7.3 - 206 km SSE of Wada, Japan"},"geometry":{"type":"Point","coordinates":[140.854,33.313,25.9]},"id":"iscgem765618"},
{"type":"Feature","properties":{"mag":7.5,"place":"35 km SW of Aguililla, Mexico","time":97275672500,"updated":1766173305884,"tz":null,"url":"https://earthquake.usgs.gov/earthquakes/eventpage/usp00000bf","detail":"https://earthquake.usgs.gov/fdsnws/event/1/query?eventid=usp00000bf&format=geojson","felt":null,"cdi":null,"mmi":7.641,"alert":null,"status":"reviewed","tsunami":0,"sig":865,"net":"us","code":"p00000bf","ids":",atlas19730130210113,iscgem765442,usp00000bf,","sources":",atlas,iscgem,us,","types":",origin,shakemap,trump-shakemap,","nst":null,"dmin":null,"rms":null,"gap":null,"magType":"ms","type":"earthquake","title":"M 7.5 - 35 km SW of Aguililla, Mexico"},"geometry":{"type":"Point","coordinates":[-102.996,18.481,43]},"id":"usp00000bf"},
{"type":"Feature","properties":{"mag":7.4,"place":"203 km NW of Kangding, China","time":97843030100,"updated":1766173271559,"tz":null,"url":"https://earthquake.usgs.gov/earthquakes/eventpage/usp00000dz","detail":"https://earthquake.usgs.gov/fdsnws/event/1/query?eventid=usp00000dz&format=geojson","felt":null,"cdi":null,"mmi":8.616,"alert":null,"status":"reviewed","tsunami":0,"sig":842,"net":"us","code":"p00000dz","ids":",atlas19730206103708,iscgem763709,usp00000dz,","sources":",atlas,iscgem,us,","types":",origin,shakemap,trump-shakemap,","nst":null,"dmin":null,"rms":null,"gap":null,"magType":"ms","type":"earthquake","title":"M 7.4 - 203 km NW of Kangding, China"},"geometry":{"type":"Point","coordinates":[100.581,31.398,33]},"id":"usp00000dz"},
{"type":"Feature","properties":{"mag":7.2,"place":"38 km ESE of Severo-Kuril’sk, Russia","time":99729469500,"updated":1766173291064,"tz":null,"url":"https://earthquake.usgs.gov/earthquakes/eventpage/usp00000rx","detail":"https://earthquake.usgs.gov/fdsnws/event/1/query?eventid=usp00000rx&format=geojson","felt":null,"cdi":null,"mmi":6.613,"alert":null,"status":"reviewed","tsunami":0,"sig":798,"net":"us","code":"p00000rx","ids":",iscgem764418,usp00000rx,atlas19730228063755,","sources":",iscgem,us,atlas,","types":",origin,shakemap,trump-shakemap,","nst":null,"dmin":null,"rms":null,"gap":null,"magType":"ms","type":"earthquake","title":"M 7.2 - 38 km ESE of Severo-Kuril’sk, Russia"},"geometry":{"type":"Point","coordinates":[156.584,50.486,27]},"id":"usp00000rx"},
{"type":"Feature","properties":{"mag":7,"place":"13 km ENE of San Andres, Philippines","time":101205051800,"updated":1766173252413,"tz":null,"url":"https://earthquake.usgs.gov/earthquakes/eventpage/usp00000z7","detail":"https://earthquake.usgs.gov/fdsnws/event/1/query?eventid=usp00000z7&format=geojson","felt":null,"cdi":null,"mmi":6.052,"alert":null,"status":"reviewed","tsunami":0,"sig":754,"net":"us","code":"p00000z7","ids":",atlas19730317083054,iscgem762981,usp00000z7,","sources":",atlas,iscgem,us,","types":",origin,shakemap,trump-shakemap,","nst":null,"dmin":null,"rms":null,"gap":null,"magType":"ms","type":"earthquake","title":"M 7.0 - 13 km ENE of San Andres, Philippines"},"geometry":{"type":"Point","coordinates":[122.787,13.372,33]},"id":"usp00000z7"},
{"type":"Feature","properties":{"mag":7.7,"place":"19 km ESE of Nemuro, Japan","time":109137302900,"updated":1766173129903,"tz":null,"url":"https://earthquake.usgs.gov/earthquakes/eventpage/usp0000270","detail":"https://earthquake.usgs.gov/fdsnws/event/1/query?eventid=usp0000270&format=geojson","felt":null,"cdi":null,"mmi":6.92,"alert":null,"status":"reviewed","tsunami":0,"sig":912,"net":"us","code":"p0000270","ids":",atlas19730617035503,iscgem759446,usp0000270,","sources":",atlas,iscgem,us,","types":",origin,shakemap,trump-shakemap,","nst":null,"dmin":null,"rms":null,"gap":null,"magType":"ms","type":"earthquake","title":"M 7.7 - 19 km ESE of Nemuro, Japan"},"geometry":{"type":"Point","coordinates":[145.785,43.233,48]},"id":"usp0000270"},
{"type":"Feature","properties":{"mag":7.1,"place":"58 km SSW of Shikotan, Russia","time":109737805500,"updated":1767812707762,"tz":null,"url":"https://earthquake.usgs.gov/earthquakes/eventpage/usp00002bv","detail":"https://earthquake.usgs.gov/fdsnws/event/1/query?eventid=usp00002bv&format=geojson","felt":null,"cdi":null,"mmi":6.31,"alert":null,"status":"reviewed","tsunami":0,"sig":776,"net":"us","code":"p00002bv","ids":",iscgem759790,atlas19730624024325,iscgemsup759790,usp00002bv,","sources":",iscgem,atlas,iscgemsup,us,","types":",origin,shakemap,trump-shakemap,","nst":null,"dmin":null,"rms":null,"gap":null,"magType":"ms","type":"earthquake","title":"M 7.1 - 58 km SSW of Shikotan, Russia"},"geometry":{"type":"Point","coordinates":[146.442,43.318,50]},"id":"usp00002bv"},
{"type":"Feature","properties":{"mag":7,"place":"east of the South Sandwich Islands","time":118768057300,"updated":1766172837960,"tz":null,"url":"https://earthquake.usgs.gov/earthquakes/eventpage/usp00003qs","detail":"https://earthquake.usgs.gov/fdsnws/event/1/query?eventid=usp00003qs&format=geojson","felt":null,"cdi":null,"mmi":null,"alert":null,"status":"reviewed","tsunami":0,"sig":754,"net":"us","code":"p00003qs","ids":",iscgem755194,usp00003qs,","sources":",iscgem,us,","types":",origin,","nst":null,"dmin":null,"rms":null,"gap":null,"magType":"ms","type":"earthquake","title":"M 7.0 - east of the South Sandwich Islands"},"geometry":{"type":"Point","coordinates":[-21.549,-60.823,33]},"id":"usp00003qs"},
{"type":"Feature","properties":{"mag":7.5,"place":"81 km NW of Port-Olry, Vanuatu","time":125934105800,"updated":1766172792218,"tz":null,"url":"https://earthquake.usgs.gov/earthquakes/eventpage/usp00004p9","detail":"https://earthquake.usgs.gov/fdsnws/event/1/query?eventid=usp00004p9&format=geojson","felt":null,"cdi":null,"mmi":6.747,"alert":null,"status":"reviewed","tsunami":0,"sig":865,"net":"us","code":"p00004p9","ids":",atlas19731228134147,iscgem753899,usp00004p9,","sources":",atlas,iscgem,us,","types":",origin,shakemap,trump-shakemap,","nst":null,"dmin":null,"rms":null,"gap":null,"magType":"ms","type":"earthquake","title":"M 7.5 - 81 km NW of Port-Olry, Vanuatu"},"geometry":{"type":"Point","coordinates":[166.601,-14.464,26]},"id":"usp00004p9"},
{"type":"Feature","properties":{"mag":7.2,"place":"20 km WSW of Port-Olry, Vanuatu","time":125972371100,"updated":1766172793011,"tz":null,"url":"https://earthquake.usgs.gov/earthquakes/eventpage/usp00004py","detail":"https://earthquake.usgs.gov/fdsnws/event/1/query?eventid=usp00004py&format=geojson","felt":null,"cdi":null,"mmi":6.742,"alert":null,"status":"reviewed","tsunami":0,"sig":798,"net":"us","code":"p00004py","ids":",atlas19731229001933,iscgem753927,usp00004py,","sources":",atlas,iscgem,us,","types":",origin,shakemap,trump-shakemap,","nst":null,"dmin":null,"rms":null,"gap":null,"magType":"ms","type":"earthquake","title":"M 7.2 - 20 km WSW of Port-Olry, Vanuatu"},"geometry":{"type":"Point","coordinates":[166.896,-15.117,47]},"id":"usp00004py"},
{"type":"Feature","properties":{"mag":7.2,"place":"70 km NNW of Port-Olry, Vanuatu","time":127039873300,"updated":1766172752948,"tz":null,"url":"https://earthquake.usgs.gov/earthquakes/eventpage/usp00004vu","detail":"https://earthquake.usgs.gov/fdsnws/event/1/query?eventid=usp00004vu&format=geojson","felt":null,"cdi":null,"mmi":6.209,"alert":null,"status":"reviewed","tsunami":0,"sig":798,"net":"us","code":"p00004vu","ids":",atlas19740110085117,iscgem752492,usp00004vu,","sources":",atlas,iscgem,us,","types":",origin,shakemap,trump-shakemap,","nst":null,"dmin":null,"rms":null,"gap":null,"magType":"ms","type":"earthquake","title":"M 7.2 - 70 km NNW of Port-Olry, Vanuatu"},"geometry":{"type":"Point","coordinates":[166.863,-14.434,34]},"id":"usp00004vu"},
{"type":"Feature","properties":{"mag":7,"place":"126 km NW of Gizo, Solomon Islands","time":128907005300,"updated":1766172771324,"tz":null,"url":"https://earthquake.usgs.gov/earthquakes/eventpage/usp000053h","detail":"https://earthquake.usgs.gov/fdsnws/event/1/query?eventid=usp000053h&format=geojson","felt":null,"cdi":null,"mmi":5.876,"alert":null,"status":"reviewed","tsunami":0,"sig":754,"net":"us","code":"p000053h","ids":",atlas19740131233007,iscgem753186,usp000053h,","sources":",atlas,iscgem,us,","types":",origin,shakemap,trump-shakemap,","nst":null,"dmin":null,"rms":null,"gap":null,"magType":"ms","type":"earthquake","title":"M 7.0 - 126 km NW of Gizo, Solomon Islands"},"geometry":{"type":"Point","coordinates":[155.894,-7.461,34]},"id":"usp000053h"},
{"type":"Feature","properties":{"mag":7.1,"place":"118 km S of Panguna, Papua New Guinea","time":128920353100,"updated":1766172702923,"tz":null,"url":"https://earthquake.usgs.gov/earthquakes/eventpage/usp000053r","detail":"https://earthquake.usgs.gov/fdsnws/event/1/query?eventid=usp000053r&format=geojson","felt":null,"cdi":null,"mmi":6.201,"alert":null,"status":"reviewed","tsunami":0,"sig":776,"net":"us","code":"p000053r","ids":",atlas19740201031235,iscgem751080,usp000053r,","sources":",atlas,iscgem,us,","types":",origin,shakemap,trump-shakemap,","nst":null,"dmin":null,"rms":null,"gap":null,"magType":"ms","type":"earthquake","title":"M 7.1 - 118 km S of Panguna, Papua New Guinea"},"geometry":{"type":"Point","coordinates":[155.575,-7.383,40]},"id":"usp000053r"},
{"type":"Feature","properties":{"mag":7.2,"place":"Kermadec Islands region","time":142039586600,"updated":1766172511556,"tz":null,"url":"https://earthquake.usgs.gov/earthquakes/eventpage/usp00006zm","detail":"https://earthquake.usgs.gov/fdsnws/event/1/query?eventid=usp00006zm&format=geojson","felt":null,"cdi":null,"mmi":null,"alert":null,"status":"reviewed","tsunami":0,"sig":798,"net":"us","code":"p00006zm","ids":",iscgem745460,usp00006zm,","sources":",iscgem,us,","types":",origin,","nst":null,"dmin":null,"rms":null,"gap":null,"magType":"ms","type":"earthquake","title":"M 7.2 - Kermadec Islands region"},"geometry":{"type":"Point","coordinates":[-175.954,-29.082,33]},"id":"usp00006zm"},
{"type":"Feature","properties":{"mag":7.3,"place":"33 km SSW of Boca de Cupé, Panama","time":142910302800,"updated":1766172520543,"tz":null,"url":"https://earthquake.usgs.gov/earthquakes/eventpage/usp000072y","detail":"https://earthquake.usgs.gov/fdsnws/event/1/query?eventid=usp000072y&format=geojson","felt":null,"cdi":null,"mmi":8.315,"alert":null,"status":"reviewed","tsunami":0,"sig":820,"net":"us","code":"p000072y","ids":",atlas19740713011822,iscgem745803,usp000072y,atlas19740713011823,","sources":",atlas,iscgem,us,atlas,","types":",origin,shakemap,trump-shakemap,","nst":null,"dmin":null,"rms":null,"gap":null,"magType":"ms","type":"earthquake","title":"M 7.3 - 33 km SSW of Boca de Cupé, Panama"},"geometry":{"type":"Point","coordinates":[-77.688,7.747,12]},"id":"usp000072y"},
{"type":"Feature","properties":{"mag":7.3,"place":"134 km E of Kyzyl-Eshme, Kyrgyzstan","time":145415635500,"updated":1766172275861,"tz":null,"url":"https://earthquake.usgs.gov/earthquakes/eventpage/usp00007j0","detail":"https://earthquake.usgs.gov/fdsnws/event/1/query?eventid=usp00007j0&format=geojson","felt":null,"cdi":null,"mmi":6.761,"alert":null,"status":"reviewed","tsunami":0,"sig":820,"net":"us","code":"p00007j0","ids":",atlas19740811011356,iscgem738538,usp00007j0,","sources":",atlas,iscgem,us,","types":",origin,shakemap,trump-shakemap,","nst":null,"dmin":null,"rms":null,"gap":null,"magType":"ms","type":"earthquake","title":"M 7.3 - 134 km E of Kyzyl-Eshme, Kyrgyzstan"},"geometry":{"type":"Point","coordinates":[73.83,39.457,9]},"id":"usp00007j0"},
{"type":"Feature","properties":{"mag":7.1,"place":"37 km NW of Carahue, Chile","time":146054652800,"updated":1766172489784,"tz":null,"url":"https://earthquake.usgs.gov/earthquakes/eventpage/usp00007nz","detail":"https://earthquake.usgs.gov/fdsnws/event/1/query?eventid=usp00007nz&format=geojson","felt":null,"cdi":null,"mmi":6.966,"alert":null,"status":"reviewed","tsunami":0,"sig":776,"net":"us","code":"p00007nz","ids":",atlas19740818104410,iscgem738898,usp00007nz,","sources":",atlas,iscgem,us,","types":",origin,shakemap,trump-shakemap,","nst":null,"dmin":null,"rms":null,"gap":null,"magType":"ms","type":"earthquake","title":"M 7.1 - 37 km NW of Carahue, Chile"},"geometry":{"type":"Point","coordinates":[-73.431,-38.453,36]},"id":"usp00007nz"},
{"type":"Feature","properties":{"mag":7.6,"place":"77 km WSW of Callao, Peru","time":150042089100,"updated":1766172370802,"tz":null,"url":"https://earthquake.usgs.gov/earthquakes/eventpage/usp0000888","detail":"https://earthquake.usgs.gov/fdsnws/event/1/query?eventid=usp0000888&format=geojson","felt":null,"cdi":null,"mmi":7.216,"alert":null,"status":"reviewed","tsunami":0,"sig":889,"net":"us","code":"p0000888","ids":",usp0000888,atlas19741003142134,iscgem736021,","sources":",us,atlas,iscgem,","types":",impact-text,origin,shakemap,trump-shakemap,","nst":null,"dmin":null,"rms":null,"gap":null,"magType":"ms","type":"earthquake","title":"M 7.6 - 77 km WSW of Callao, Peru"},"geometry":{"type":"Point","coordinates":[-77.795,-12.265,13]},"id":"usp0000888"},
{"type":"Feature","properties":{"mag":7.5,"place":"25 km NW of Saint John’s, Antigua and Barbuda","time":150457858100,"updated":1766172374485,"tz":null,"url":"https://earthquake.usgs.gov/earthquakes/eventpage/usp00008aq","detail":"https://earthquake.usgs.gov/fdsnws/event/1/query?eventid=usp00008aq&format=geojson","felt":null,"cdi":null,"mmi":6.7,"alert":null,"status":"reviewed","tsunami":0,"sig":865,"net":"us","code":"p00008aq","ids":",usp00008aq,atlas19741008095057,iscgem736214,","sources":",us,atlas,iscgem,","types":",impact-text,origin,shakemap,","nst":null,"dmin":null,"rms":null,"gap":null,"magType":"ms","type":"earthquake","title":"M 7.5 - 25 km NW of Saint John’s, Antigua and Barbuda"},"geometry":{"type":"Point","coordinates":[-62,17.3,47]},"id":"usp00008aq"},
{"type":"Feature","properties":{"mag":7.2,"place":"282 km SW of Panguna, Papua New Guinea","time":151740894000,"updated":1766172411467,"tz":null,"url":"https://earthquake.usgs.gov/earthquakes/eventpage/usp00008hm","detail":"https://earthquake.usgs.gov/fdsnws/event/1/query?eventid=usp00008hm&format=geojson","felt":null,"cdi":null,"mmi":5.169,"alert":null,"status":"reviewed","tsunami":0,"sig":798,"net":"us","code":"p00008hm","ids":",iscgem736783,usp00008hm,","sources":",iscgem,us,","types":",origin,shakemap,","nst":null,"dmin":null,"rms":null,"gap":null,"magType":"ms","type":"earthquake","title":"M 7.2 - 282 km SW of Panguna, Papua New Guinea"},"geometry":{"type":"Point","coordinates":[154.034,-8.42,48]},"id":"usp00008hm"},
{"type":"Feature","properties":{"mag":7.2,"place":"87 km SW of Callao, Peru","time":153233989800,"updated":1766172322131,"tz":null,"url":"https://earthquake.usgs.gov/earthquakes/eventpage/usp00008qy","detail":"https://earthquake.usgs.gov/fdsnws/event/1/query?eventid=usp00008qy&format=geojson","felt":null,"cdi":null,"mmi":5.721,"alert":null,"status":"reviewed","tsunami":0,"sig":798,"net":"us","code":"p00008qy","ids":",atlas19741109125951,iscgem735243,usp00008qy,atlas19741109125952,","sources":",atlas,iscgem,us,atlas,","types":",origin,shakemap,trump-shakemap,","nst":null,"dmin":null,"rms":null,"gap":null,"magType":"ms","type":"earthquake","title":"M 7.2 - 87 km SW of Callao, Peru"},"geometry":{"type":"Point","coordinates":[-77.786,-12.5,6]},"id":"usp00008qy"},
{"type":"Feature","properties":{"mag":7.6,"place":"36 km NE of Attu Station, Alaska","time":160562619100,"updated":1766174888872,"tz":null,"url":"https://earthquake.usgs.gov/earthquakes/eventpage/usp00009ry","detail":"https://earthquake.usgs.gov/fdsnws/event/1/query?eventid=usp00009ry&format=geojson","felt":null,"cdi":null,"mmi":6.319,"alert":null,"status":"reviewed","tsunami":0,"sig":889,"net":"us","code":"p00009ry","ids":",ushis3327,iscgem731901,usp00009ry,atlas19750202084341,","sources":",ushis,iscgem,us,atlas,","types":",impact-text,origin,shakemap,","nst":null,"dmin":null,"rms":null,"gap":null,"magType":"ms","type":"earthquake","title":"M 7.6 - 36 km NE of Attu Station, Alaska"},"geometry":{"type":"Point","coordinates":[173.497,53.113,10]},"id":"usp00009ry"},
{"type":"Feature","properties":{"mag":7,"place":"6 km E of Dashiqiao, China","time":160745767500,"updated":1766176383752,"tz":null,"url":"https://earthquake.usgs.gov/earthquakes/eventpage/usp00009ss","detail":"https://earthquake.usgs.gov/fdsnws/event/1/query?eventid=usp00009ss&format=geojson","felt":null,"cdi":null,"mmi":9.573,"alert":null,"status":"reviewed","tsunami":0,"sig":754,"net":"us","code":"p00009ss","ids":",usp00009ss,atlas19750204113607,iscgem731961,","sources":",us,atlas,iscgem,","types":",impact-text,origin,shakemap,trump-shakemap,","nst":null,"dmin":null,"rms":null,"gap":null,"magType":"mw","type":"earthquake","title":"M 7.0 - 6 km E of Dashiqiao, China"},"geometry":{"type":"Point","coordinates":[122.58,40.641,33]},"id":"usp00009ss"},
{"type":"Feature","properties":{"mag":7.7,"place":"44 km SSE of Cañete, Chile","time":168964058700,"updated":1766176230353,"tz":null,"url":"https://earthquake.usgs.gov/earthquakes/eventpage/usp0000az9","detail":"https://earthquake.usgs.gov/fdsnws/event/1/query?eventid=usp0000az9&format=geojson","felt":null,"cdi":null,"mmi":7.355,"alert":null,"status":"reviewed","tsunami":0,"sig":912,"net":"us","code":"p0000az9","ids":",atlas19750510142743,iscgem728800,usp0000az9,","sources":",atlas,iscgem,us,","types":",origin,shakemap,trump-shakemap,","nst":null,"dmin":null,"rms":null,"gap":null,"magType":"ms","type":"earthquake","title":"M 7.7 - 44 km SSE of Cañete, Chile"},"geometry":{"type":"Point","coordinates":[-73.232,-38.183,6]},"id":"usp0000az9"},
{"type":"Feature","properties":{"mag":7.9,"place":"Azores-Cape St. Vincent Ridge","time":170327511500,"updated":1766176258502,"tz":null,"url":"https://earthquake.usgs.gov/earthquakes/eventpage/usp0000b6e","detail":"https://earthquake.usgs.gov/fdsnws/event/1/query?eventid=usp0000b6e&format=geojson","felt":null,"cdi":null,"mmi":4.367,"alert":null,"status":"reviewed","tsunami":0,"sig":960,"net":"us","code":"p0000b6e","ids":",iscgem729431,usp0000b6e,","sources":",iscgem,us,","types":",origin,shakemap,","nst":null,"dmin":null,"rms":null,"gap":null,"magType":"ms","type":"earthquake","title":"M 7.9 - Azores-Cape St. Vincent Ridge"},"geometry":{"type":"Point","coordinates":[-17.649,35.997,33]},"id":"usp0000b6e"},
{"type":"Feature","properties":{"mag":7,"place":"118 km SE of Shikotan, Russia","time":171640034500,"updated":1766176170411,"tz":null,"url":"https://earthquake.usgs.gov/earthquakes/eventpage/usp0000bdp","detail":"https://earthquake.usgs.gov/fdsnws/event/1/query?eventid=usp0000bdp&format=geojson","felt":null,"cdi":null,"mmi":4.759,"alert":null,"status":"reviewed","tsunami":0,"sig":754,"net":"us","code":"p0000bdp","ids":",atlas19750610134719,iscgem727306,usp0000bdp,","sources":",atlas,iscgem,us,","types":",origin,shakemap,","nst":null,"dmin":null,"rms":null,"gap":null,"magType":"ms","type":"earthquake","title":"M 7.0 - 118 km SE of Shikotan, Russia"},"geometry":{"type":"Point","coordinates":[147.734,43.024,15]},"id":"usp0000bdp"},
{"type":"Feature","properties":{"mag":7.9,"place":"56 km WSW of Panguna, Papua New Guinea","time":175099059900,"updated":1766176117565,"tz":null,"url":"https://earthquake.usgs.gov/earthquakes/eventpage/usp0000c24","detail":"https://earthquake.usgs.gov/fdsnws/event/1/query?eventid=usp0000c24&format=geojson","felt":null,"cdi":null,"mmi":6.75,"alert":null,"status":"reviewed","tsunami":0,"sig":960,"net":"us","code":"p0000c24","ids":",iscgem726351,usp0000c24,atlas19750720143742,","sources":",iscgem,us,atlas,","types":",origin,shakemap,trump-shakemap,","nst":null,"dmin":null,"rms":null,"gap":null,"magType":"ms","type":"earthquake","title":"M 7.9 - 56 km WSW of Panguna, Papua New Guinea"},"geometry":{"type":"Point","coordinates":[155.054,-6.59,49]},"id":"usp0000c24"},
{"type":"Feature","properties":{"mag":7.7,"place":"94 km SSW of Panguna, Papua New Guinea","time":175118067700,"updated":1766176119944,"tz":null,"url":"https://earthquake.usgs.gov/earthquakes/eventpage/usp0000c2s","detail":"https://earthquake.usgs.gov/fdsnws/event/1/query?eventid=usp0000c2s&format=geojson","felt":null,"cdi":null,"mmi":6.693,"alert":null,"status":"reviewed","tsunami":0,"sig":912,"net":"us","code":"p0000c2s","ids":",atlas19750720195429,iscgem726380,usp0000c2s,","sources":",atlas,iscgem,us,","types":",origin,shakemap,trump-shakemap,","nst":null,"dmin":null,"rms":null,"gap":null,"magType":"ms","type":"earthquake","title":"M 7.7 - 94 km SSW of Panguna, Papua New Guinea"},"geometry":{"type":"Point","coordinates":[155.152,-7.104,44]},"id":"usp0000c2s"},
{"type":"Feature","properties":{"mag":7,"place":"119 km S of Bengkulu, Indonesia","time":181366198900,"updated":1766175936629,"tz":null,"url":"https://earthquake.usgs.gov/earthquakes/eventpage/usp0000d0m","detail":"https://earthquake.usgs.gov/fdsnws/event/1/query?eventid=usp0000d0m&format=geojson","felt":null,"cdi":null,"mmi":6.005,"alert":null,"status":"reviewed","tsunami":0,"sig":754,"net":"us","code":"p0000d0m","ids":",atlas19751001033001,iscgem722406,usp0000d0m,","sources":",atlas,iscgem,us,","types":",origin,shakemap,trump-shakemap,","nst":null,"dmin":null,"rms":null,"gap":null,"magType":"ms","type":"earthquake","title":"M 7.0 - 119 km S of Bengkulu, Indonesia"},"geometry":{"type":"Point","coordinates":[102.198,-4.882,33]},"id":"usp0000d0m"},
{"type":"Feature","properties":{"mag":7,"place":"188 km NW of Sola, Vanuatu","time":181866256200,"updated":1766175946499,"tz":null,"url":"https://earthquake.usgs.gov/earthquakes/eventpage/usp0000d2p","detail":"https://earthquake.usgs.gov/fdsnws/event/1/query?eventid=usp0000d2p&format=geojson","felt":null,"cdi":null,"mmi":6.044,"alert":null,"status":"reviewed","tsunami":0,"sig":754,"net":"us","code":"p0000d2p","ids":",iscgem722610,usp0000d2p,","sources":",iscgem,us,","types":",origin,shakemap,","nst":null,"dmin":null,"rms":null,"gap":null,"magType":"ms","type":"earthquake","title":"M 7.0 - 188 km NW of Sola, Vanuatu"},"geometry":{"type":"Point","coordinates":[166.499,-12.519,54]},"id":"usp0000d2p"},
{"type":"Feature","properties":{"mag":7.8,"place":"south of Tonga","time":182270115000,"updated":1766175953975,"tz":null,"url":"https://earthquake.usgs.gov/earthquakes/eventpage/usp0000d42","detail":"https://earthquake.usgs.gov/fdsnws/event/1/query?eventid=usp0000d42&format=geojson","felt":null,"cdi":null,"mmi":null,"alert":null,"status":"reviewed","tsunami":0,"sig":936,"net":"us","code":"p0000d42","ids":",iscgem722791,usp0000d42,","sources":",iscgem,us,","types":",origin,","nst":null,"dmin":null,"rms":null,"gap":null,"magType":"ms","type":"earthquake","title":"M 7.8 - south of Tonga"},"geometry":{"type":"Point","coordinates":[-175.119,-24.894,9]},"id":"usp0000d42"},
{"type":"Feature","properties":{"mag":7.2,"place":"66 km ENE of Alugan, Philippines","time":183976082600,"updated":1766175982993,"tz":null,"url":"https://earthquake.usgs.gov/earthquakes/eventpage/usp0000dc1","detail":"https://earthquake.usgs.gov/fdsnws/event/1/query?eventid=usp0000dc1&format=geojson","felt":null,"cdi":null,"mmi":5.547,"alert":null,"status":"reviewed","tsunami":0,"sig":798,"net":"us","code":"p0000dc1","ids":",atlas19751031082804,iscgem723470,usp0000dc1,","sources":",atlas,iscgem,us,","types":",origin,shakemap,trump-shakemap,","nst":null,"dmin":null,"rms":null,"gap":null,"magType":"ms","type":"earthquake","title":"M 7.2 - 66 km ENE of Alugan, Philippines"},"geometry":{"type":"Point","coordinates":[125.993,12.54,50]},"id":"usp0000dc1"},
{"type":"Feature","properties":{"mag":7.7,"place":"17 km SSW of Leilani Estates, Hawaii","time":186504460100,"updated":1766175934241,"tz":null,"url":"https://earthquake.usgs.gov/earthquakes/eventpage/hv19755025","detail":"https://earthquake.usgs.gov/fdsnws/event/1/query?eventid=hv19755025&format=geojson","felt":null,"cdi":null,"mmi":8.462,"alert":null,"status":"reviewed","tsunami":0,"sig":912,"net":"hv","code":"19755025","ids":",iscgem722344,usp0000dsc,ushis3383,official19751129144740_9,atlas19751129144740,hv19755025,","sources":",iscgem,us,ushis,official,atlas,hv,","types":",general-header,impact-text,origin,phase-data,shakemap,trump-origin,trump-shakemap,","nst":31,"dmin":null,"rms":0.09,"gap":205,"magType":"mw","type":"earthquake","title":"M 7.7 - 17 km SSW of Leilani Estates, Hawaii"},"geometry":{"type":"Point","coordinates":[-155.0015,19.333,8.636]},"id":"hv19755025"},
{"type":"Feature","properties":{"mag":7.8,"place":"146 km ESE of Hihifo, Tonga","time":188841398700,"updated":1766175888813,"tz":null,"url":"https://earthquake.usgs.gov/earthquakes/eventpage/usp0000e2t","detail":"https://earthquake.usgs.gov/fdsnws/event/1/query?eventid=usp0000e2t&format=geojson","felt":null,"cdi":null,"mmi":4.251,"alert":null,"status":"reviewed","tsunami":0,"sig":936,"net":"us","code":"p0000e2t","ids":",iscgem720855,usp0000e2t,","sources":",iscgem,us,","types":",origin,shakemap,","nst":null,"dmin":null,"rms":null,"gap":null,"magType":"ms","type":"earthquake","title":"M 7.8 - 146 km ESE of Hihifo, Tonga"},"geometry":{"type":"Point","coordinates":[-172.467,-16.264,33]},"id":"usp0000e2t"},
{"type":"Feature","properties":{"mag":8,"place":"1976 Kermadec Islands, New Zealand Earthquake","time":190486053500,"updated":1766175808581,"tz":null,"url":"https://earthquake.usgs.gov/earthquakes/eventpage/usp0000ee7","detail":"https://earthquake.usgs.gov/fdsnws/event/1/query?eventid=usp0000ee7&format=geojson","felt":null,"cdi":null,"mmi":7.114,"alert":null,"status":"reviewed","tsunami":0,"sig":985,"net":"us","code":"p0000ee7","ids":",usp0000ee7,gcmtm011476b,gcmt19760114164733,iscgem719012,","sources":",us,gcmt,gcmt,iscgem,","types":",earthquake-name,focal-mechanism,origin,shakemap,","nst":null,"dmin":null,"rms":null,"gap":null,"magType":"ms","type":"earthquake","title":"M 8.0 - 1976 Kermadec Islands, New Zealand Earthquake"},"geometry":{"type":"Point","coordinates":[-177.657,-28.427,33]},"id":"usp0000ee7"},
{"type":"Feature","properties":{"mag":7,"place":"104 km ESE of Kuril’sk, Russia","time":191066724100,"updated":1766175833076,"tz":null,"url":"https://earthquake.usgs.gov/earthquakes/eventpage/usp0000ekj","detail":"https://earthquake.usgs.gov/fdsnws/event/1/query?eventid=usp0000ekj&format=geojson","felt":null,"cdi":null,"mmi":5.837,"alert":null,"status":"reviewed","tsunami":0,"sig":754,"net":"us","code":"p0000ekj","ids":",gcmtm012176a,gcmt19760121100524,iscgem719387,usp0000ekj,","sources":",gcmt,gcmt,iscgem,us,","types":",focal-mechanism,origin,shakemap,","nst":null,"dmin":null,"rms":null,"gap":null,"magType":"ms","type":"earthquake","title":"M 7.0 - 104 km ESE of Kuril’sk, Russia"},"geometry":{"type":"Point","coordinates":[149.123,44.915,41]},"id":"usp0000ekj"},
{"type":"Feature","properties":{"mag":7.5,"place":"7 km N of Los Amates, Guatemala","time":192272503400,"updated":1766175737364,"tz":null,"url":"https://earthquake.usgs.gov/earthquakes/eventpage/usp0000ex3","detail":"https://earthquake.usgs.gov/fdsnws/event/1/query?eventid=usp0000ex3&format=geojson","felt":null,"cdi":null,"mmi":8.919,"alert":null,"status":"reviewed","tsunami":0,"sig":865,"net":"us","code":"p0000ex3","ids":",gcmtm020476a,usp0000ex3,gcmt19760204090143,atlas19760204090143,iscgem717474,","sources":",gcmt,us,gcmt,atlas,iscgem,","types":",focal-mechanism,ground-failure,impact-text,origin,shakemap,trump-shakemap,","nst":null,"dmin":null,"rms":null,"gap":null,"magType":"mw","type":"earthquake","title":"M 7.5 - 7 km N of Los Amates, Guatemala"},"geometry":{"type":"Point","coordinates":[-89.101,15.324,5]},"id":"usp0000ex3"},
{"type":"Feature","properties":{"mag":7,"place":"33 km NE of Gazli, Uzbekistan","time":197779227000,"updated":1766175685903,"tz":null,"url":"https://earthquake.usgs.gov/earthquakes/eventpage/usp0000ft0","detail":"https://earthquake.usgs.gov/fdsnws/event/1/query?eventid=usp0000ft0&format=geojson","felt":null,"cdi":null,"mmi":7.03,"alert":null,"status":"reviewed","tsunami":0,"sig":754,"net":"us","code":"p0000ft0","ids":",gcmtc040876a,gcmt19760408024027,atlas19760408024025,iscgem715207,usp0000ft0,","sources":",gcmt,gcmt,atlas,iscgem,us,","types":",focal-mechanism,origin,shakemap,trump-shakemap,","nst":null,"dmin":null,"rms":null,"gap":null,"magType":"ms","type":"earthquake","title":"M 7.0 - 33 km NE of Gazli, Uzbekistan"},"geometry":{"type":"Point","coordinates":[63.773,40.311,33]},"id":"usp0000ft0"},
{"type":"Feature","properties":{"mag":7,"place":"27 km N of Gazli, Uzbekistan","time":201149920600,"updated":1766175642077,"tz":null,"url":"https://earthquake.usgs.gov/earthquakes/eventpage/usp0000gcj","detail":"https://earthquake.usgs.gov/fdsnws/event/1/query?eventid=usp0000gcj&format=geojson","felt":null,"cdi":null,"mmi":8.608,"alert":null,"status":"reviewed","tsunami":0,"sig":754,"net":"us","code":"p0000gcj","ids":",gcmtc051776a,atlas19760517025843,iscgem714188,usp0000gcj,atlas19760517025840,","sources":",gcmt,atlas,iscgem,us,atlas,","types":",focal-mechanism,origin,shakemap,trump-shakemap,","nst":null,"dmin":null,"rms":null,"gap":null,"magType":"ms","type":"earthquake","title":"M 7.0 - 27 km N of Gazli, Uzbekistan"},"geometry":{"type":"Point","coordinates":[63.472,40.381,10]},"id":"usp0000gcj"},
{"type":"Feature","properties":{"mag":7,"place":"152 km ENE of Bhamo, Myanmar","time":202226418500,"updated":1766175669674,"tz":null,"url":"https://earthquake.usgs.gov/earthquakes/eventpage/usp0000gm8","detail":"https://earthquake.usgs.gov/fdsnws/event/1/query?eventid=usp0000gm8&format=geojson","felt":null,"cdi":null,"mmi":7.474,"alert":null,"status":"reviewed","tsunami":0,"sig":754,"net":"us","code":"p0000gm8","ids":",gcmtb052976b,gcmt19760529140018,atlas19760529140021,iscgem714811,usp0000gm8,","sources":",gcmt,gcmt,atlas,iscgem,us,","types":",focal-mechanism,origin,shakemap,trump-shakemap,","nst":null,"dmin":null,"rms":null,"gap":null,"magType":"ms","type":"earthquake","title":"M 7.0 - 152 km ENE of Bhamo, Myanmar"},"geometry":{"type":"Point","coordinates":[98.71,24.531,10]},"id":"usp0000gm8"},
{"type":"Feature","properties":{"mag":7,"place":"85 km SSE of Meulaboh, Indonesia","time":204151993400,"updated":1766175596655,"tz":null,"url":"https://earthquake.usgs.gov/earthquakes/eventpage/usp0000gzb","detail":"https://earthquake.usgs.gov/fdsnws/event/1/query?eventid=usp0000gzb&format=geojson","felt":null,"cdi":null,"mmi":5.981,"alert":null,"status":"reviewed","tsunami":0,"sig":754,"net":"us","code":"p0000gzb","ids":",gcmtc062076a,gcmt19760620205313,atlas19760620205312,iscgem712883,usp0000gzb,","sources":",gcmt,gcmt,atlas,iscgem,us,","types":",focal-mechanism,origin,shakemap,trump-shakemap,","nst":null,"dmin":null,"rms":null,"gap":null,"magType":"ms","type":"earthquake","title":"M 7.0 - 85 km SSE of Meulaboh, Indonesia"},"geometry":{"type":"Point","coordinates":[96.318,3.397,33]},"id":"usp0000gzb"},
{"type":"Feature","properties":{"mag":7.1,"place":"214 km NW of Kiunga, Papua New Guinea","time":204578336900,"updated":1766175604588,"tz":null,"url":"https://earthquake.usgs.gov/earthquakes/eventpage/usp0000h1p","detail":"https://earthquake.usgs.gov/fdsnws/event/1/query?eventid=usp0000h1p&format=geojson","felt":null,"cdi":null,"mmi":6.562,"alert":null,"status":"reviewed","tsunami":0,"sig":776,"net":"us","code":"p0000h1p","ids":",gcmtc062576a,usp0000h1p,gcmt19760625191856,atlas19760625191854,iscgem713087,","sources":",gcmt,us,gcmt,atlas,iscgem,","types":",focal-mechanism,ground-failure,origin,shakemap,trump-shakemap,","nst":null,"dmin":null,"rms":null,"gap":null,"magType":"ms","type":"earthquake","title":"M 7.1 - 214 km NW of Kiunga, Papua New Guinea"},"geometry":{"type":"Point","coordinates":[140.091,-4.603,33]},"id":"usp0000h1p"},
{"type":"Feature","properties":{"mag":7,"place":"12 km SSE of Jaqué, Panama","time":205965707500,"updated":1766175528240,"tz":null,"url":"https://earthquake.usgs.gov/earthquakes/eventpage/usp0000h9g","detail":"https://earthquake.usgs.gov/fdsnws/event/1/query?eventid=usp0000h9g&format=geojson","felt":null,"cdi":null,"mmi":7.928,"alert":null,"status":"reviewed","tsunami":0,"sig":754,"net":"us","code":"p0000h9g","ids":",gcmtc071176b,usp0000h9g,gcmt19760711204147,atlas19760711204151,iscgem711035,","sources":",gcmt,us,gcmt,atlas,iscgem,","types":",focal-mechanism,ground-failure,origin,shakemap,trump-shakemap,","nst":null,"dmin":null,"rms":null,"gap":null,"magType":"ms","type":"earthquake","title":"M 7.0 - 12 km SSE of Jaqué, Panama"},"geometry":{"type":"Point","coordinates":[-78.127,7.409,3]},"id":"usp0000h9g"},
{"type":"Feature","properties":{"mag":7.5,"place":"17 km NE of Penguanzhuang, China","time":207344574600,"updated":1766174846210,"tz":null,"url":"https://earthquake.usgs.gov/earthquakes/eventpage/usp0000hjg","detail":"https://earthquake.usgs.gov/fdsnws/event/1/query?eventid=usp0000hjg&format=geojson","felt":null,"cdi":null,"mmi":9.657,"alert":null,"status":"reviewed","tsunami":0,"sig":865,"net":"us","code":"p0000hjg","ids":",gcmtm072776a,usp0000hjg,gcmt19760727194254,atlas19760727194254,iscgem711732,","sources":",gcmt,us,gcmt,atlas,iscgem,","types":",focal-mechanism,impact-text,origin,shakemap,trump-shakemap,","nst":null,"dmin":null,"rms":null,"gap":null,"magType":"mw","type":"earthquake","title":"M 7.5 - 17 km NE of Penguanzhuang, China"},"geometry":{"type":"Point","coordinates":[117.978,39.57,23]},"id":"usp0000hjg"},
{"type":"Feature","properties":{"mag":7.4,"place":"6 km SW of Linxi, China","time":207398735200,"updated":1766175555544,"tz":null,"url":"https://earthquake.usgs.gov/earthquakes/eventpage/usp0000hk6","detail":"https://earthquake.usgs.gov/fdsnws/event/1/query?eventid=usp0000hk6&format=geojson","felt":null,"cdi":null,"mmi":7.458,"alert":null,"status":"reviewed","tsunami":0,"sig":842,"net":"us","code":"p0000hk6","ids":",gcmtc072876a,gcmt19760728104535,atlas19760728104535,iscgem711773,usp0000hk6,","sources":",gcmt,gcmt,atlas,iscgem,us,","types":",focal-mechanism,origin,shakemap,trump-shakemap,","nst":null,"dmin":null,"rms":null,"gap":null,"magType":"ms","type":"earthquake","title":"M 7.4 - 6 km SW of Linxi, China"},"geometry":{"type":"Point","coordinates":[118.401,39.664,26]},"id":"usp0000hk6"},
{"type":"Feature","properties":{"mag":7.9,"place":"19 km WNW of Palimbang, Philippines","time":209059867300,"updated":1766175494845,"tz":null,"url":"https://earthquake.usgs.gov/earthquakes/eventpage/usp0000hvb","detail":"https://earthquake.usgs.gov/fdsnws/event/1/query?eventid=usp0000hvb&format=geojson","felt":null,"cdi":null,"mmi":7.094,"alert":null,"status":"reviewed","tsunami":0,"sig":960,"net":"us","code":"p0000hvb","ids":",gcmtm081676b,gcmt19760816161107,atlas19760816161107,iscgem709878,usp0000hvb,","sources":",gcmt,gcmt,atlas,iscgem,us,","types":",focal-mechanism,origin,shakemap,trump-shakemap,","nst":null,"dmin":null,"rms":null,"gap":null,"magType":"ms","type":"earthquake","title":"M 7.9 - 19 km WNW of Palimbang, Philippines"},"geometry":{"type":"Point","coordinates":[124.023,6.262,33]},"id":"usp0000hvb"},
{"type":"Feature","properties":{"mag":7.1,"place":"226 km SSW of Abepura, Indonesia","time":215405467600,"updated":1766175393615,"tz":null,"url":"https://earthquake.usgs.gov/earthquakes/eventpage/usp0000k3d","detail":"https://earthquake.usgs.gov/fdsnws/event/1/query?eventid=usp0000k3d&format=geojson","felt":null,"cdi":null,"mmi":6.658,"alert":null,"status":"reviewed","tsunami":0,"sig":776,"net":"us","code":"p0000k3d","ids":",gcmtc102976a,gcmt19761029025107,atlas19761029025106,iscgem707709,usp0000k3d,","sources":",gcmt,gcmt,atlas,iscgem,us,","types":",focal-mechanism,origin,shakemap,trump-shakemap,","nst":null,"dmin":null,"rms":null,"gap":null,"magType":"ms","type":"earthquake","title":"M 7.1 - 226 km SSW of Abepura, Indonesia"},"geometry":{"type":"Point","coordinates":[139.918,-4.517,33]},"id":"usp0000k3d"},
{"type":"Feature","properties":{"mag":7.3,"place":"47 km S of Do?ubayaz?t, Turkey","time":217686138800,"updated":1766175358738,"tz":null,"url":"https://earthquake.usgs.gov/earthquakes/eventpage/usp0000kf0","detail":"https://earthquake.usgs.gov/fdsnws/event/1/query?eventid=usp0000kf0&format=geojson","felt":null,"cdi":null,"mmi":8.544,"alert":null,"status":"reviewed","tsunami":0,"sig":820,"net":"us","code":"p0000kf0","ids":",gcmtc112476a,gcmt19761124122218,atlas19761124122218,iscgem706299,usp0000kf0,","sources":",gcmt,gcmt,atlas,iscgem,us,","types":",focal-mechanism,origin,shakemap,trump-shakemap,","nst":null,"dmin":null,"rms":null,"gap":null,"magType":"ms","type":"earthquake","title":"M 7.3 - 47 km S of Do?ubayaz?t, Turkey"},"geometry":{"type":"Point","coordinates":[44.029,39.121,36]},"id":"usp0000kf0"},
{"type":"Feature","properties":{"mag":7.5,"place":"2 km N of Spulber, Romania","time":226351314100,"updated":1766175211390,"tz":null,"url":"https://earthquake.usgs.gov/earthquakes/eventpage/usp0000mtc","detail":"https://earthquake.usgs.gov/fdsnws/event/1/query?eventid=usp0000mtc&format=geojson","felt":null,"cdi":null,"mmi":7.955,"alert":null,"status":"reviewed","tsunami":0,"sig":865,"net":"us","code":"p0000mtc","ids":",gcmtc030477a,gcmt19770304192154,atlas19770304192154,iscgem700695,usp0000mtc,","sources":",gcmt,gcmt,atlas,iscgem,us,","types":",focal-mechanism,origin,shakemap,trump-shakemap,","nst":null,"dmin":null,"rms":null,"gap":null,"magType":"mwc","type":"earthquake","title":"M 7.5 - 2 km N of Spulber, Romania"},"geometry":{"type":"Point","coordinates":[26.761,45.772,94]},"id":"usp0000mtc"},
{"type":"Feature","properties":{"mag":7,"place":"34 km E of Dicamay, Philippines","time":227569432400,"updated":1766175224482,"tz":null,"url":"https://earthquake.usgs.gov/earthquakes/eventpage/usp0000myv","detail":"https://earthquake.usgs.gov/fdsnws/event/1/query?eventid=usp0000myv&format=geojson","felt":null,"cdi":null,"mmi":6.333,"alert":null,"status":"reviewed","tsunami":0,"sig":754,"net":"us","code":"p0000myv","ids":",gcmtc031877a,gcmt19770318214352,atlas19770318214354,iscgem701252,usp0000myv,","sources":",gcmt,gcmt,atlas,iscgem,us,","types":",focal-mechanism,origin,shakemap,trump-shakemap,","nst":null,"dmin":null,"rms":null,"gap":null,"magType":"ms","type":"earthquake","title":"M 7.0 - 34 km E of Dicamay, Philippines"},"geometry":{"type":"Point","coordinates":[122.327,16.773,37]},"id":"usp0000myv"},
{"type":"Feature","properties":{"mag":7.6,"place":"199 km ESE of Hihifo, Tonga","time":228813322700,"updated":1766175172475,"tz":null,"url":"https://earthquake.usgs.gov/earthquakes/eventpage/usp0000n82","detail":"https://earthquake.usgs.gov/fdsnws/event/1/query?eventid=usp0000n82&format=geojson","felt":null,"cdi":null,"mmi":3.983,"alert":null,"status":"reviewed","tsunami":0,"sig":889,"net":"us","code":"p0000n82","ids":",gcmtc040277a,gcmt19770402071522,iscgem699272,usp0000n82,","sources":",gcmt,gcmt,iscgem,us,","types":",focal-mechanism,origin,shakemap,","nst":null,"dmin":null,"rms":null,"gap":null,"magType":"ms","type":"earthquake","title":"M 7.6 - 199 km ESE of Hihifo, Tonga"},"geometry":{"type":"Point","coordinates":[-172.095,-16.696,33]},"id":"usp0000n82"},
{"type":"Feature","properties":{"mag":7.5,"place":"66 km SE of Honiara, Solomon Islands","time":230427770500,"updated":1766175194033,"tz":null,"url":"https://earthquake.usgs.gov/earthquakes/eventpage/usp0000ngg","detail":"https://earthquake.usgs.gov/fdsnws/event/1/query?eventid=usp0000ngg&format=geojson","felt":null,"cdi":null,"mmi":6.908,"alert":null,"status":"reviewed","tsunami":0,"sig":865,"net":"us","code":"p0000ngg","ids":",gcmtm042077d,gcmt19770420234250,atlas19770420234254,iscgem700053,usp0000ngg,","sources":",gcmt,gcmt,atlas,iscgem,us,","types":",focal-mechanism,origin,shakemap,trump-shakemap,","nst":null,"dmin":null,"rms":null,"gap":null,"magType":"ms","type":"earthquake","title":"M 7.5 - 66 km SE of Honiara, Solomon Islands"},"geometry":{"type":"Point","coordinates":[160.348,-9.89,19]},"id":"usp0000ngg"},
{"type":"Feature","properties":{"mag":7.5,"place":"105 km ESE of Honiara, Solomon Islands","time":230428153100,"updated":1651076995212,"tz":null,"url":"https://earthquake.usgs.gov/earthquakes/eventpage/usp0000ngh","detail":"https://earthquake.usgs.gov/fdsnws/event/1/query?eventid=usp0000ngh&format=geojson","felt":null,"cdi":null,"mmi":6.751,"alert":null,"status":"reviewed","tsunami":0,"sig":865,"net":"us","code":"p0000ngh","ids":",gcmtm042077e,gcmt19770420234913,atlas19770420234912,iscgem700054,usp0000ngh,","sources":",gcmt,gcmt,atlas,iscgem,us,","types":",focal-mechanism,origin,shakemap,trump-shakemap,","nst":null,"dmin":null,"rms":null,"gap":null,"magType":"ms","type":"earthquake","title":"M 7.5 - 105 km ESE of Honiara, Solomon Islands"},"geometry":{"type":"Point","coordinates":[160.822,-9.844,33]},"id":"usp0000ngh"},
{"type":"Feature","properties":{"mag":7.5,"place":"103 km SE of Honiara, Solomon Islands","time":230444649600,"updated":1766175195761,"tz":null,"url":"https://earthquake.usgs.gov/earthquakes/eventpage/usp0000nh4","detail":"https://earthquake.usgs.gov/fdsnws/event/1/query?eventid=usp0000nh4&format=geojson","felt":null,"cdi":null,"mmi":6.654,"alert":null,"status":"reviewed","tsunami":0,"sig":865,"net":"us","code":"p0000nh4","ids":",gcmtc042177a,usp0000nh4,gcmt19770421042409,atlas19770421042412,iscgem700084,","sources":",gcmt,us,gcmt,atlas,iscgem,","types":",focal-mechanism,ground-failure,origin,shakemap,trump-shakemap,","nst":null,"dmin":null,"rms":null,"gap":null,"magType":"ms","type":"earthquake","title":"M 7.5 - 103 km SE of Honiara, Solomon Islands"},"geometry":{"type":"Point","coordinates":[160.731,-9.965,33]},"id":"usp0000nh4"},
{"type":"Feature","properties":{"mag":7.2,"place":"143 km W of Gizo, Solomon Islands","time":239022945300,"updated":1766175032153,"tz":null,"url":"https://earthquake.usgs.gov/earthquakes/eventpage/usp0000px4","detail":"https://earthquake.usgs.gov/fdsnws/event/1/query?eventid=usp0000px4&format=geojson","felt":null,"cdi":null,"mmi":5.323,"alert":null,"status":"reviewed","tsunami":0,"sig":798,"net":"us","code":"p0000px4","ids":",gcmtc072977a,gcmt19770729111545,atlas19770729111542,iscgem696545,usp0000px4,","sources":",gcmt,gcmt,atlas,iscgem,us,","types":",focal-mechanism,origin,shakemap,trump-shakemap,","nst":null,"dmin":null,"rms":null,"gap":null,"magType":"ms","type":"earthquake","title":"M 7.2 - 143 km W of Gizo, Solomon Islands"},"geometry":{"type":"Point","coordinates":[155.538,-8.031,33]},"id":"usp0000px4"},
{"type":"Feature","properties":{"mag":8.3,"place":"1977 Sumba, Indonesia Earthquake","time":240818934450,"updated":1766174944166,"tz":null,"url":"https://earthquake.usgs.gov/earthquakes/eventpage/iscgem694739","detail":"https://earthquake.usgs.gov/fdsnws/event/1/query?eventid=iscgem694739&format=geojson","felt":null,"cdi":null,"mmi":5.376,"alert":null,"status":"reviewed","tsunami":0,"sig":1060,"net":"iscgem","code":"694739","ids":",iscgem694739,gcmt19770819060855,usp0000q62,atlas19770819060855,","sources":",iscgem,gcmt,us,atlas,","types":",earthquake-name,origin,shakemap,trump-origin,trump-shakemap,","nst":null,"dmin":null,"rms":null,"gap":null,"magType":"mw","type":"earthquake","title":"M 8.3 - 1977 Sumba, Indonesia Earthquake"},"geometry":{"type":"Point","coordinates":[118.385,-11.154,15.9]},"id":"iscgem694739"},
{"type":"Feature","properties":{"mag":7.1,"place":"east of the South Sandwich Islands","time":241473001400,"updated":1766174969790,"tz":null,"url":"https://earthquake.usgs.gov/earthquakes/eventpage/usp0000qbd","detail":"https://earthquake.usgs.gov/fdsnws/event/1/query?eventid=usp0000qbd&format=geojson","felt":null,"cdi":null,"mmi":null,"alert":null,"status":"reviewed","tsunami":0,"sig":776,"net":"us","code":"p0000qbd","ids":",gcmtc082677a,gcmt19770826195001,iscgem695123,usp0000qbd,","sources":",gcmt,gcmt,iscgem,us,","types":",focal-mechanism,origin,","nst":null,"dmin":null,"rms":null,"gap":null,"magType":"ms","type":"earthquake","title":"M 7.1 - east of the South Sandwich Islands"},"geometry":{"type":"Point","coordinates":[-20.508,-59.426,33]},"id":"usp0000qbd"},
{"type":"Feature","properties":{"mag":7.2,"place":"south of Tonga","time":245332433600,"updated":1766174783412,"tz":null,"url":"https://earthquake.usgs.gov/earthquakes/eventpage/usp0000qzg","detail":"https://earthquake.usgs.gov/fdsnws/event/1/query?eventid=usp0000qzg&format=geojson","felt":null,"cdi":null,"mmi":null,"alert":null,"status":"reviewed","tsunami":0,"sig":798,"net":"us","code":"p0000qzg","ids":",gcmtc101077a,gcmt19771010115353,iscgem691647,usp0000qzg,","sources":",gcmt,gcmt,iscgem,us,","types":",focal-mechanism,origin,","nst":null,"dmin":null,"rms":null,"gap":null,"magType":"ms","type":"earthquake","title":"M 7.2 - south of Tonga"},"geometry":{"type":"Point","coordinates":[-175.406,-25.856,33]},"id":"usp0000qzg"},
{"type":"Feature","properties":{"mag":7.4,"place":"San Juan, Argentina","time":249125184700,"updated":1766174758162,"tz":null,"url":"https://earthquake.usgs.gov/earthquakes/eventpage/usp0000rp1","detail":"https://earthquake.usgs.gov/fdsnws/event/1/query?eventid=usp0000rp1&format=geojson","felt":null,"cdi":null,"mmi":9.453,"alert":null,"status":"reviewed","tsunami":0,"sig":842,"net":"us","code":"p0000rp1","ids":",gcmtz112377a,gcmt19771123092624,atlas19771123092626,iscgem690743,usp0000rp1,","sources":",gcmt,gcmt,atlas,iscgem,us,","types":",focal-mechanism,origin,shakemap,trump-shakemap,","nst":null,"dmin":null,"rms":null,"gap":null,"magType":"ms","type":"earthquake","title":"M 7.4 - San Juan, Argentina"},"geometry":{"type":"Point","coordinates":[-67.767,-31.028,13]},"id":"usp0000rp1"},
{"type":"Feature","properties":{"mag":7.2,"place":"Kermadec Islands, New Zealand","time":255908112700,"updated":1766174613835,"tz":null,"url":"https://earthquake.usgs.gov/earthquakes/eventpage/usp0000swb","detail":"https://earthquake.usgs.gov/fdsnws/event/1/query?eventid=usp0000swb&format=geojson","felt":null,"cdi":null,"mmi":null,"alert":null,"status":"reviewed","tsunami":0,"sig":798,"net":"us","code":"p0000swb","ids":",gcmtz020978a,gcmt19780209213512,iscgem686267,usp0000swb,","sources":",gcmt,gcmt,iscgem,us,","types":",focal-mechanism,origin,","nst":null,"dmin":null,"rms":null,"gap":null,"magType":"ms","type":"earthquake","title":"M 7.2 - Kermadec Islands, New Zealand"},"geometry":{"type":"Point","coordinates":[-177.358,-30.683,33]},"id":"usp0000swb"},
{"type":"Feature","properties":{"mag":7.5,"place":"55 km SE of Kuril’sk, Russia","time":259470920300,"updated":1766174584495,"tz":null,"url":"https://earthquake.usgs.gov/earthquakes/eventpage/usp0000tjh","detail":"https://earthquake.usgs.gov/fdsnws/event/1/query?eventid=usp0000tjh&format=geojson","felt":null,"cdi":null,"mmi":6.711,"alert":null,"status":"reviewed","tsunami":0,"sig":865,"net":"us","code":"p0000tjh","ids":",gcmtc032378c,gcmt19780323031520,iscgem685339,usp0000tjh,atlas19780323031520,","sources":",gcmt,gcmt,iscgem,us,atlas,","types":",focal-mechanism,origin,shakemap,trump-shakemap,","nst":null,"dmin":null,"rms":null,"gap":null,"magType":"ms","type":"earthquake","title":"M 7.5 - 55 km SE of Kuril’sk, Russia"},"geometry":{"type":"Point","coordinates":[148.439,44.932,33]},"id":"usp0000tjh"},
{"type":"Feature","properties":{"mag":7.6,"place":"134 km SE of Kuril’sk, Russia","time":259616870700,"updated":1766174587863,"tz":null,"url":"https://earthquake.usgs.gov/earthquakes/eventpage/usp0000tmy","detail":"https://earthquake.usgs.gov/fdsnws/event/1/query?eventid=usp0000tmy&format=geojson","felt":null,"cdi":null,"mmi":5.614,"alert":null,"status":"reviewed","tsunami":0,"sig":889,"net":"us","code":"p0000tmy","ids":",gcmtz032478a,gcmt19780324194750,iscgem685486,usp0000tmy,","sources":",gcmt,gcmt,iscgem,us,","types":",focal-mechanism,origin,shakemap,","nst":null,"dmin":null,"rms":null,"gap":null,"magType":"ms","type":"earthquake","title":"M 7.6 - 134 km SE of Kuril’sk, Russia"},"geometry":{"type":"Point","coordinates":[148.862,44.244,33]},"id":"usp0000tmy"},
{"type":"Feature","properties":{"mag":7.1,"place":"23 km ENE of Tyup, Kyrgyzstan","time":259621548200,"updated":1766174588574,"tz":null,"url":"https://earthquake.usgs.gov/earthquakes/eventpage/usp0000tn6","detail":"https://earthquake.usgs.gov/fdsnws/event/1/query?eventid=usp0000tn6&format=geojson","felt":null,"cdi":null,"mmi":6.838,"alert":null,"status":"reviewed","tsunami":0,"sig":776,"net":"us","code":"p0000tn6","ids":",gcmtb032478b,gcmt19780324210548,atlas19780324210548,iscgem685501,usp0000tn6,","sources":",gcmt,gcmt,atlas,iscgem,us,","types":",focal-mechanism,origin,shakemap,trump-shakemap,","nst":null,"dmin":null,"rms":null,"gap":null,"magType":"ms","type":"earthquake","title":"M 7.1 - 23 km ENE of Tyup, Kyrgyzstan"},"geometry":{"type":"Point","coordinates":[78.606,42.839,33]},"id":"usp0000tn6"},
{"type":"Feature","properties":{"mag":7.7,"place":"68 km ESE of Ishinomaki, Japan","time":266487266400,"updated":1766174434704,"tz":null,"url":"https://earthquake.usgs.gov/earthquakes/eventpage/usp0000v0f","detail":"https://earthquake.usgs.gov/fdsnws/event/1/query?eventid=usp0000v0f&format=geojson","felt":null,"cdi":null,"mmi":7.332,"alert":null,"status":"reviewed","tsunami":0,"sig":912,"net":"us","code":"p0000v0f","ids":",gcmtc061278a,usp0000v0f,gcmt19780612081426,atlas19780612081429,iscgem680697,","sources":",gcmt,us,gcmt,atlas,iscgem,","types":",focal-mechanism,ground-failure,origin,shakemap,trump-shakemap,","nst":null,"dmin":null,"rms":null,"gap":null,"magType":"ms","type":"earthquake","title":"M 7.7 - 68 km ESE of Ishinomaki, Japan"},"geometry":{"type":"Point","coordinates":[142.028,38.19,44]},"id":"usp0000v0f"},
{"type":"Feature","properties":{"mag":7,"place":"206 km SE of Hihifo, Tonga","time":266944293500,"updated":1766174448813,"tz":null,"url":"https://earthquake.usgs.gov/earthquakes/eventpage/usp0000v3r","detail":"https://earthquake.usgs.gov/fdsnws/event/1/query?eventid=usp0000v3r&format=geojson","felt":null,"cdi":null,"mmi":null,"alert":null,"status":"reviewed","tsunami":0,"sig":754,"net":"us","code":"p0000v3r","ids":",gcmtd061778b,gcmt19780617151133,iscgem681006,usp0000v3r,","sources":",gcmt,gcmt,iscgem,us,","types":",focal-mechanism,origin,","nst":null,"dmin":null,"rms":null,"gap":null,"magType":"ms","type":"earthquake","title":"M 7.0 - 206 km SE of Hihifo, Tonga"},"geometry":{"type":"Point","coordinates":[-172.264,-17.098,33]},"id":"usp0000v3r"},
{"type":"Feature","properties":{"mag":7.4,"place":"85 km ENE of Hengchun, Taiwan","time":270052956900,"updated":1766174375634,"tz":null,"url":"https://earthquake.usgs.gov/earthquakes/eventpage/usp0000vpz","detail":"https://earthquake.usgs.gov/fdsnws/event/1/query?eventid=usp0000vpz&format=geojson","felt":null,"cdi":null,"mmi":6.345,"alert":null,"status":"reviewed","tsunami":0,"sig":842,"net":"us","code":"p0000vpz","ids":",gcmtc072378a,gcmt19780723144236,atlas19780723144241,iscgem679741,usp0000vpz,","sources":",gcmt,gcmt,atlas,iscgem,us,","types":",focal-mechanism,origin,shakemap,trump-shakemap,","nst":null,"dmin":null,"rms":null,"gap":null,"magType":"ms","type":"earthquake","title":"M 7.4 - 85 km ENE of Hengchun, Taiwan"},"geometry":{"type":"Point","coordinates":[121.512,22.282,17]},"id":"usp0000vpz"},
{"type":"Feature","properties":{"mag":7,"place":"19 km N of Nandayure, Costa Rica","time":272680712200,"updated":1766182306831,"tz":null,"url":"https://earthquake.usgs.gov/earthquakes/eventpage/usp0000w5v","detail":"https://earthquake.usgs.gov/fdsnws/event/1/query?eventid=usp0000w5v&format=geojson","felt":null,"cdi":null,"mmi":7.15,"alert":null,"status":"reviewed","tsunami":0,"sig":754,"net":"us","code":"p0000w5v","ids":",gcmtz082378a,gcmt19780823003832,atlas19780823003830,iscgem678413,usp0000w5v,","sources":",gcmt,gcmt,atlas,iscgem,us,","types":",focal-mechanism,origin,shakemap,trump-shakemap,","nst":null,"dmin":null,"rms":null,"gap":null,"magType":"ms","type":"earthquake","title":"M 7.0 - 19 km N of Nandayure, Costa Rica"},"geometry":{"type":"Point","coordinates":[-85.222,10.204,56]},"id":"usp0000w5v"},
{"type":"Feature","properties":{"mag":7.4,"place":"52 km ESE of Tabas, Iran","time":274808156600,"updated":1766182269666,"tz":null,"url":"https://earthquake.usgs.gov/earthquakes/eventpage/usp0000wjx","detail":"https://earthquake.usgs.gov/fdsnws/event/1/query?eventid=usp0000wjx&format=geojson","felt":null,"cdi":null,"mmi":8.985,"alert":null,"status":"reviewed","tsunami":0,"sig":842,"net":"us","code":"p0000wjx","ids":",gcmtd091678b,gcmt19780916153556,atlas19780916153556,iscgem676813,usp0000wjx,","sources":",gcmt,gcmt,atlas,iscgem,us,","types":",focal-mechanism,origin,shakemap,trump-shakemap,","nst":null,"dmin":null,"rms":null,"gap":null,"magType":"ms","type":"earthquake","title":"M 7.4 - 52 km ESE of Tabas, Iran"},"geometry":{"type":"Point","coordinates":[57.434,33.386,33]},"id":"usp0000wjx"},
{"type":"Feature","properties":{"mag":7.1,"place":"78 km SSE of Kirakira, Solomon Islands","time":279151327100,"updated":1766182178752,"tz":null,"url":"https://earthquake.usgs.gov/earthquakes/eventpage/usp0000x9z","detail":"https://earthquake.usgs.gov/fdsnws/event/1/query?eventid=usp0000x9z&format=geojson","felt":null,"cdi":null,"mmi":6.368,"alert":null,"status":"reviewed","tsunami":0,"sig":776,"net":"us","code":"p0000x9z","ids":",gcmtc110578a,gcmt19781105220207,atlas19781105220210,iscgem673562,usp0000x9z,","sources":",gcmt,gcmt,atlas,iscgem,us,","types":",focal-mechanism,origin,shakemap,trump-shakemap,","nst":null,"dmin":null,"rms":null,"gap":null,"magType":"ms","type":"earthquake","title":"M 7.1 - 78 km SSE of Kirakira, Solomon Islands"},"geometry":{"type":"Point","coordinates":[162.136,-11.132,33]},"id":"usp0000x9z"},
{"type":"Feature","properties":{"mag":7.7,"place":"2 km ESE of San Agustín Loxicha, Mexico","time":281217167600,"updated":1766182202242,"tz":null,"url":"https://earthquake.usgs.gov/earthquakes/eventpage/usp0000xp7","detail":"https://earthquake.usgs.gov/fdsnws/event/1/query?eventid=usp0000xp7&format=geojson","felt":null,"cdi":null,"mmi":7.709,"alert":null,"status":"reviewed","tsunami":0,"sig":912,"net":"us","code":"p0000xp7","ids":",gcmtc112978a,gcmt19781129195247,atlas19781129195250,iscgem674661,usp0000xp7,","sources":",gcmt,gcmt,atlas,iscgem,us,","types":",focal-mechanism,origin,shakemap,trump-shakemap,","nst":null,"dmin":null,"rms":null,"gap":null,"magType":"ms","type":"earthquake","title":"M 7.7 - 2 km ESE of San Agustín Loxicha, Mexico"},"geometry":{"type":"Point","coordinates":[-96.591,16.01,18]},"id":"usp0000xp7"},
{"type":"Feature","properties":{"mag":7,"place":"94 km SSE of Hualien City, Taiwan","time":283260192000,"updated":1766182163632,"tz":null,"url":"https://earthquake.usgs.gov/earthquakes/eventpage/usp0000y1y","detail":"https://earthquake.usgs.gov/fdsnws/event/1/query?eventid=usp0000y1y&format=geojson","felt":null,"cdi":null,"mmi":5.21,"alert":null,"status":"reviewed","tsunami":0,"sig":754,"net":"us","code":"p0000y1y","ids":",gcmtc122378b,gcmt19781223112312,atlas19781223112314,iscgem672890,usp0000y1y,","sources":",gcmt,gcmt,atlas,iscgem,us,","types":",focal-mechanism,origin,shakemap,trump-shakemap,","nst":null,"dmin":null,"rms":null,"gap":null,"magType":"ms","type":"earthquake","title":"M 7.0 - 94 km SSE of Hualien City, Taiwan"},"geometry":{"type":"Point","coordinates":[122.075,23.247,33]},"id":"usp0000y1y"},
{"type":"Feature","properties":{"mag":7.1,"place":"113 km SE of McCarthy, Alaska","time":289085226100,"updated":1766180674525,"tz":null,"url":"https://earthquake.usgs.gov/earthquakes/eventpage/usp0000z2a","detail":"https://earthquake.usgs.gov/fdsnws/event/1/query?eventid=usp0000z2a&format=geojson","felt":null,"cdi":null,"mmi":7.493,"alert":null,"status":"reviewed","tsunami":0,"sig":776,"net":"us","code":"p0000z2a","ids":",iscgem670396,choy19790228212706,gcmtz022879a,usp0000z2a,ushis3507,gcmt19790228212706,atlas19790228212707,","sources":",iscgem,choy,gcmt,us,ushis,gcmt,atlas,","types":",focal-mechanism,impact-text,origin,shakemap,trump-shakemap,","nst":null,"dmin":null,"rms":null,"gap":null,"magType":"ms","type":"earthquake","title":"M 7.1 - 113 km SE of McCarthy, Alaska"},"geometry":{"type":"Point","coordinates":[-141.593,60.642,15]},"id":"usp0000z2a"},
{"type":"Feature","properties":{"mag":7.6,"place":"12 km SSE of Vallecitos de Zaragoza, Mexico","time":290257636300,"updated":1766182061834,"tz":null,"url":"https://earthquake.usgs.gov/earthquakes/eventpage/usp0000zbw","detail":"https://earthquake.usgs.gov/fdsnws/event/1/query?eventid=usp0000zbw&format=geojson","felt":null,"cdi":null,"mmi":8.034,"alert":null,"status":"reviewed","tsunami":0,"sig":889,"net":"us","code":"p0000zbw","ids":",gcmtc031479a,gcmt19790314110716,iscgem668141,usp0000zbw,atlas19790314110715,","sources":",gcmt,gcmt,iscgem,us,atlas,","types":",focal-mechanism,origin,shakemap,trump-shakemap,","nst":null,"dmin":null,"rms":null,"gap":null,"magType":"ms","type":"earthquake","title":"M 7.6 - 12 km SSE of Vallecitos de Zaragoza, Mexico"},"geometry":{"type":"Point","coordinates":[-101.276,17.813,49]},"id":"usp0000zbw"},
{"type":"Feature","properties":{"mag":7.1,"place":"62 km N of San Vicente, Philippines","time":304525882100,"updated":1766181865404,"tz":null,"url":"https://earthquake.usgs.gov/earthquakes/eventpage/usp00012mz","detail":"https://earthquake.usgs.gov/fdsnws/event/1/query?eventid=usp00012mz&format=geojson","felt":null,"cdi":null,"mmi":6.453,"alert":null,"status":"reviewed","tsunami":0,"sig":776,"net":"us","code":"p00012mz","ids":",gcmtd082679a,gcmt19790826143122,atlas19790826143123,iscgem660921,usp00012mz,","sources":",gcmt,gcmt,atlas,iscgem,us,","types":",focal-mechanism,origin,shakemap,trump-shakemap,","nst":null,"dmin":null,"rms":null,"gap":null,"magType":"ms","type":"earthquake","title":"M 7.1 - 62 km N of San Vicente, Philippines"},"geometry":{"type":"Point","coordinates":[122.096,19.066,15]},"id":"usp00012mz"},
{"type":"Feature","properties":{"mag":7.9,"place":"55 km S of Biak, Indonesia","time":305961471400,"updated":1766181810543,"tz":null,"url":"https://earthquake.usgs.gov/earthquakes/eventpage/usp00012wp","detail":"https://earthquake.usgs.gov/fdsnws/event/1/query?eventid=usp00012wp&format=geojson","felt":null,"cdi":null,"mmi":6.954,"alert":null,"status":"reviewed","tsunami":0,"sig":960,"net":"us","code":"p00012wp","ids":",gcmtd091279a,gcmt19790912051751,atlas19790912051756,iscgem658645,usp00012wp,","sources":",gcmt,gcmt,atlas,iscgem,us,","types":",focal-mechanism,origin,shakemap,trump-shakemap,","nst":null,"dmin":null,"rms":null,"gap":null,"magType":"ms","type":"earthquake","title":"M 7.9 - 55 km S of Biak, Indonesia"},"geometry":{"type":"Point","coordinates":[136.04,-1.679,5]},"id":"usp00012wp"},
{"type":"Feature","properties":{"mag":7.4,"place":"180 km W of Riverton, New Zealand","time":308571922300,"updated":1766181773984,"tz":null,"url":"https://earthquake.usgs.gov/earthquakes/eventpage/usp00013ck","detail":"https://earthquake.usgs.gov/fdsnws/event/1/query?eventid=usp00013ck&format=geojson","felt":null,"cdi":null,"mmi":null,"alert":null,"status":"reviewed","tsunami":0,"sig":842,"net":"us","code":"p00013ck","ids":",gcmt19791012102522,iscgem656995,usp00013ck,","sources":",gcmt,iscgem,us,","types":",origin,","nst":null,"dmin":null,"rms":null,"gap":null,"magType":"ms","type":"earthquake","title":"M 7.4 - 180 km W of Riverton, New Zealand"},"geometry":{"type":"Point","coordinates":[165.707,-46.675,33]},"id":"usp00013ck"},
{"type":"Feature","properties":{"mag":7.1,"place":"71 km WSW of Kirakira, Solomon Islands","time":309520266700,"updated":1766181787464,"tz":null,"url":"https://earthquake.usgs.gov/earthquakes/eventpage/usp00013nn","detail":"https://earthquake.usgs.gov/fdsnws/event/1/query?eventid=usp00013nn&format=geojson","felt":null,"cdi":null,"mmi":6.444,"alert":null,"status":"reviewed","tsunami":0,"sig":776,"net":"us","code":"p00013nn","ids":",gcmtd102379b,gcmt19791023095106,atlas19791023095108,iscgem657742,usp00013nn,","sources":",gcmt,gcmt,atlas,iscgem,us,","types":",focal-mechanism,origin,shakemap,trump-shakemap,","nst":null,"dmin":null,"rms":null,"gap":null,"magType":"ms","type":"earthquake","title":"M 7.1 - 71 km WSW of Kirakira, Solomon Islands"},"geometry":{"type":"Point","coordinates":[161.284,-10.615,22]},"id":"usp00013nn"},
{"type":"Feature","properties":{"mag":7.1,"place":"56 km ENE of Q?’en, Iran","time":312570632900,"updated":1766181758141,"tz":null,"url":"https://earthquake.usgs.gov/earthquakes/eventpage/usp000147t","detail":"https://earthquake.usgs.gov/fdsnws/event/1/query?eventid=usp000147t&format=geojson","felt":null,"cdi":null,"mmi":8.028,"alert":null,"status":"reviewed","tsunami":0,"sig":776,"net":"us","code":"p000147t","ids":",atlas19791127171000,atlas19791127171032,gcmtd112779b,iscgem656234,usp000147t,","sources":",atlas,atlas,gcmt,iscgem,us,","types":",associate,focal-mechanism,origin,shakemap,trump-shakemap,","nst":null,"dmin":null,"rms":null,"gap":null,"magType":"ms","type":"earthquake","title":"M 7.1 - 56 km ENE of Q?’en, Iran"},"geometry":{"type":"Point","coordinates":[59.726,33.962,10]},"id":"usp000147t"},
{"type":"Feature","properties":{"mag":7.7,"place":"56 km NW of Valdez, Ecuador","time":313833543300,"updated":1766181692648,"tz":null,"url":"https://earthquake.usgs.gov/earthquakes/eventpage/usp00014ey","detail":"https://earthquake.usgs.gov/fdsnws/event/1/query?eventid=usp00014ey&format=geojson","felt":null,"cdi":null,"mmi":8.453,"alert":null,"status":"reviewed","tsunami":0,"sig":912,"net":"us","code":"p00014ey","ids":",usp00014ey,gcmtz121279a,gcmt19791212075903,atlas19791212075904,iscgem654039,","sources":",us,gcmt,gcmt,atlas,iscgem,","types":",earthquake-name,focal-mechanism,origin,shakemap,trump-shakemap,","nst":null,"dmin":null,"rms":null,"gap":null,"magType":"ms","type":"earthquake","title":"M 7.7 - 56 km NW of Valdez, Ecuador"},"geometry":{"type":"Point","coordinates":[-79.358,1.598,24]},"id":"usp00014ey"},
{"type":"Feature","properties":{"mag":7,"place":"30 km S of Shikotan, Russia","time":320133063200,"updated":1766181639536,"tz":null,"url":"https://earthquake.usgs.gov/earthquakes/eventpage/usp00015mw","detail":"https://earthquake.usgs.gov/fdsnws/event/1/query?eventid=usp00015mw&format=geojson","felt":null,"cdi":null,"mmi":6.307,"alert":null,"status":"reviewed","tsunami":0,"sig":754,"net":"us","code":"p00015mw","ids":",gcmtd022380a,gcmt19800223055103,atlas19800223055104,iscgem651631,usp00015mw,","sources":",gcmt,gcmt,atlas,iscgem,us,","types":",focal-mechanism,origin,shakemap,trump-shakemap,","nst":null,"dmin":null,"rms":null,"gap":null,"magType":"ms","type":"earthquake","title":"M 7.0 - 30 km S of Shikotan, Russia"},"geometry":{"type":"Point","coordinates":[146.753,43.53,44]},"id":"usp00015mw"},
{"type":"Feature","properties":{"mag":7.5,"place":"196 km SSE of Lata, Solomon Islands","time":331946359800,"updated":1766181423789,"tz":null,"url":"https://earthquake.usgs.gov/earthquakes/eventpage/usp00018r3","detail":"https://earthquake.usgs.gov/fdsnws/event/1/query?eventid=usp00018r3&format=geojson","felt":null,"cdi":null,"mmi":5.838,"alert":null,"status":"reviewed","tsunami":0,"sig":865,"net":"us","code":"p00018r3","ids":",gcmtd070880b,gcmt19800708231919,iscgem641461,usp00018r3,atlas19800708231924,","sources":",gcmt,gcmt,iscgem,us,atlas,","types":",focal-mechanism,origin,shakemap,trump-shakemap,","nst":null,"dmin":null,"rms":null,"gap":null,"magType":"ms","type":"earthquake","title":"M 7.5 - 196 km SSE of Lata, Solomon Islands"},"geometry":{"type":"Point","coordinates":[166.381,-12.41,33]},"id":"usp00018r3"},
{"type":"Feature","properties":{"mag":7.9,"place":"199 km S of Lata, Solomon Islands","time":332710943200,"updated":1766180629412,"tz":null,"url":"https://earthquake.usgs.gov/earthquakes/eventpage/usp00018y0","detail":"https://earthquake.usgs.gov/fdsnws/event/1/query?eventid=usp00018y0&format=geojson","felt":null,"cdi":null,"mmi":6.068,"alert":null,"status":"reviewed","tsunami":0,"sig":960,"net":"us","code":"p00018y0","ids":",gcmtz071780a,gcmt19800717194223,atlas19800717194224,iscgem642019,usp00018y0,","sources":",gcmt,gcmt,atlas,iscgem,us,","types":",focal-mechanism,origin,shakemap,trump-shakemap,","nst":null,"dmin":null,"rms":null,"gap":null,"magType":"ms","type":"earthquake","title":"M 7.9 - 199 km S of Lata, Solomon Islands"},"geometry":{"type":"Point","coordinates":[165.916,-12.525,33]},"id":"usp00018y0"},
{"type":"Feature","properties":{"mag":7.3,"place":"3 km NNE of Chlef, Algeria","time":340028723500,"updated":1766181319430,"tz":null,"url":"https://earthquake.usgs.gov/earthquakes/eventpage/usp0001a5w","detail":"https://earthquake.usgs.gov/fdsnws/event/1/query?eventid=usp0001a5w&format=geojson","felt":null,"cdi":null,"mmi":8.578,"alert":null,"status":"reviewed","tsunami":0,"sig":820,"net":"us","code":"p0001a5w","ids":",choy19801010122523,gcmtz101080a,gcmt19801010122523,atlas19801010122523,iscgem636856,usp0001a5w,","sources":",choy,gcmt,gcmt,atlas,iscgem,us,","types":",focal-mechanism,origin,shakemap,trump-shakemap,","nst":null,"dmin":null,"rms":null,"gap":null,"magType":"ms","type":"earthquake","title":"M 7.3 - 3 km NNE of Chlef, Algeria"},"geometry":{"type":"Point","coordinates":[1.354,36.195,10]},"id":"usp0001a5w"},
{"type":"Feature","properties":{"mag":7.2,"place":"207 km E of Tadine, New Caledonia","time":341319605100,"updated":1766181338895,"tz":null,"url":"https://earthquake.usgs.gov/earthquakes/eventpage/usp0001aez","detail":"https://earthquake.usgs.gov/fdsnws/event/1/query?eventid=usp0001aez&format=geojson","felt":null,"cdi":null,"mmi":null,"alert":null,"status":"reviewed","tsunami":0,"sig":798,"net":"us","code":"p0001aez","ids":",gcmtd102580b,gcmt19801025110005,iscgem637665,usp0001aez,","sources":",gcmt,gcmt,iscgem,us,","types":",focal-mechanism,origin,","nst":null,"dmin":null,"rms":null,"gap":null,"magType":"ms","type":"earthquake","title":"M 7.2 - 207 km E of Tadine, New Caledonia"},"geometry":{"type":"Point","coordinates":[169.853,-21.89,33]},"id":"usp0001aez"},
{"type":"Feature","properties":{"mag":7.2,"place":"The 1980 Eureka, California Earthquake","time":342527254000,"updated":1766181284916,"tz":null,"url":"https://earthquake.usgs.gov/earthquakes/eventpage/usp0001aq1","detail":"https://earthquake.usgs.gov/fdsnws/event/1/query?eventid=usp0001aq1&format=geojson","felt":null,"cdi":null,"mmi":6.383,"alert":null,"status":"reviewed","tsunami":0,"sig":798,"net":"us","code":"p0001aq1","ids":",gcmtz110880a,usp0001aq1,ushis3677,gcmt19801108102734,iscgem635132,atlas19801108102735,","sources":",gcmt,us,ushis,gcmt,iscgem,atlas,","types":",associate,earthquake-name,focal-mechanism,impact-text,origin,shakemap,touch,trump-shakemap,","nst":null,"dmin":null,"rms":null,"gap":null,"magType":"mw","type":"earthquake","title":"M 7.2 - The 1980 Eureka, California Earthquake"},"geometry":{"type":"Point","coordinates":[-124.253,41.117,19]},"id":"usp0001aq1"},
{"type":"Feature","properties":{"mag":7,"place":"243 km ESE of Attu Station, Alaska","time":349692764100,"updated":1766181245110,"tz":null,"url":"https://earthquake.usgs.gov/earthquakes/eventpage/usp0001byq","detail":"https://earthquake.usgs.gov/fdsnws/event/1/query?eventid=usp0001byq&format=geojson","felt":null,"cdi":null,"mmi":null,"alert":null,"status":"reviewed","tsunami":0,"sig":754,"net":"us","code":"p0001byq","ids":",gcmtc013081b,ushis3699,gcmt19810130085244,iscgem633334,usp0001byq,","sources":",gcmt,ushis,gcmt,iscgem,us,","types":",focal-mechanism,impact-text,origin,","nst":null,"dmin":null,"rms":null,"gap":null,"magType":"ms","type":"earthquake","title":"M 7.0 - 243 km ESE of Attu Station, Alaska"},"geometry":{"type":"Point","coordinates":[176.274,51.744,33]},"id":"usp0001byq"},
{"type":"Feature","properties":{"mag":7.6,"place":"off the west coast of the South Island of New Zealand","time":359616314460,"updated":1766181092072,"tz":null,"url":"https://earthquake.usgs.gov/earthquakes/eventpage/usp0001dv1","detail":"https://earthquake.usgs.gov/fdsnws/event/1/query?eventid=usp0001dv1&format=geojson","felt":null,"cdi":null,"mmi":4.206,"alert":null,"status":"reviewed","tsunami":0,"sig":889,"net":"us","code":"p0001dv1","ids":",gcmtz052581a,usp0001dv1,gcmt19810525052514,iscgem627150,","sources":",gcmt,us,gcmt,iscgem,","types":",focal-mechanism,impact-text,origin,phase-data,shakemap,","nst":null,"dmin":null,"rms":1.2,"gap":null,"magType":"ms","type":"earthquake","title":"M 7.6 - off the west coast of the South Island of New Zealand"},"geometry":{"type":"Point","coordinates":[164.357,-48.786,33]},"id":"usp0001dv1"},
{"type":"Feature","properties":{"mag":7,"place":"southeast of the Loyalty Islands","time":363236904180,"updated":1766180981933,"tz":null,"url":"https://earthquake.usgs.gov/earthquakes/eventpage/usp0001ej2","detail":"https://earthquake.usgs.gov/fdsnws/event/1/query?eventid=usp0001ej2&format=geojson","felt":null,"cdi":null,"mmi":null,"alert":null,"status":"reviewed","tsunami":0,"sig":754,"net":"us","code":"p0001ej2","ids":",gcmtc070681a,usp0001ej2,gcmt19810706030824,iscgem623160,","sources":",gcmt,us,gcmt,iscgem,","types":",focal-mechanism,impact-text,origin,phase-data,","nst":null,"dmin":null,"rms":0.9,"gap":null,"magType":"ms","type":"earthquake","title":"M 7.0 - southeast of the Loyalty Islands"},"geometry":{"type":"Point","coordinates":[171.742,-22.293,33]},"id":"usp0001ej2"},
{"type":"Feature","properties":{"mag":7,"place":"92 km NW of Port-Vila, Vanuatu","time":364031948470,"updated":1766180997494,"tz":null,"url":"https://earthquake.usgs.gov/earthquakes/eventpage/usp0001eq4","detail":"https://earthquake.usgs.gov/fdsnws/event/1/query?eventid=usp0001eq4&format=geojson","felt":null,"cdi":null,"mmi":5.27,"alert":null,"status":"reviewed","tsunami":0,"sig":754,"net":"us","code":"p0001eq4","ids":",gcmtc071581a,usp0001eq4,gcmt19810715075908,atlas19810715075908,iscgem623688,","sources":",gcmt,us,gcmt,atlas,iscgem,","types":",focal-mechanism,impact-text,origin,phase-data,shakemap,trump-shakemap,","nst":null,"dmin":null,"rms":1,"gap":null,"magType":"ms","type":"earthquake","title":"M 7.0 - 92 km NW of Port-Vila, Vanuatu"},"geometry":{"type":"Point","coordinates":[167.601,-17.26,30]},"id":"usp0001eq4"},
{"type":"Feature","properties":{"mag":7.1,"place":"75 km ESE of Kerman, Iran","time":365188944620,"updated":1766181033477,"tz":null,"url":"https://earthquake.usgs.gov/earthquakes/eventpage/usp0001ezf","detail":"https://earthquake.usgs.gov/fdsnws/event/1/query?eventid=usp0001ezf&format=geojson","felt":null,"cdi":null,"mmi":9.033,"alert":null,"status":"reviewed","tsunami":0,"sig":776,"net":"us","code":"p0001ezf","ids":",gcmtz072881a,usp0001ezf,gcmt19810728172224,atlas19810728172224,iscgem624412,","sources":",gcmt,us,gcmt,atlas,iscgem,","types":",focal-mechanism,impact-text,origin,phase-data,shakemap,trump-shakemap,","nst":null,"dmin":null,"rms":1.2,"gap":null,"magType":"ms","type":"earthquake","title":"M 7.1 - 75 km ESE of Kerman, Iran"},"geometry":{"type":"Point","coordinates":[57.794,30.013,33]},"id":"usp0001ezf"},
{"type":"Feature","properties":{"mag":7.7,"place":"133 km NE of Hihifo, Tonga","time":368184571540,"updated":1766180900414,"tz":null,"url":"https://earthquake.usgs.gov/earthquakes/eventpage/usp0001fkx","detail":"https://earthquake.usgs.gov/fdsnws/event/1/query?eventid=usp0001fkx&format=geojson","felt":null,"cdi":null,"mmi":5.123,"alert":null,"status":"reviewed","tsunami":0,"sig":912,"net":"us","code":"p0001fkx","ids":",gcmtc090181b,usp0001fkx,gcmt19810901092932,atlas19810901092931,iscgem610759,","sources":",gcmt,us,gcmt,atlas,iscgem,","types":",focal-mechanism,impact-text,origin,phase-data,shakemap,","nst":null,"dmin":null,"rms":1.2,"gap":null,"magType":"ms","type":"earthquake","title":"M 7.7 - 133 km NE of Hihifo, Tonga"},"geometry":{"type":"Point","coordinates":[-173.085,-14.96,25]},"id":"usp0001fkx"},
{"type":"Feature","properties":{"mag":7.2,"place":"135 km W of Valparaíso, Chile","time":372050742220,"updated":1766180884937,"tz":null,"url":"https://earthquake.usgs.gov/earthquakes/eventpage/usp0001gg1","detail":"https://earthquake.usgs.gov/fdsnws/event/1/query?eventid=usp0001gg1&format=geojson","felt":null,"cdi":null,"mmi":4.631,"alert":null,"status":"reviewed","tsunami":0,"sig":798,"net":"us","code":"p0001gg1","ids":",gcmtc101681a,usp0001gg1,gcmt19811016032542,iscgem610009,atlas19811016032543,","sources":",gcmt,us,gcmt,iscgem,atlas,","types":",focal-mechanism,impact-text,origin,phase-data,shakemap,trump-shakemap,","nst":null,"dmin":null,"rms":0.8,"gap":null,"magType":"ms","type":"earthquake","title":"M 7.2 - 135 km W of Valparaíso, Chile"},"geometry":{"type":"Point","coordinates":[-73.074,-33.134,33]},"id":"usp0001gg1"},
{"type":"Feature","properties":{"mag":7.3,"place":"7 km NNE of Petacalco, Mexico","time":372828135570,"updated":1766180573444,"tz":null,"url":"https://earthquake.usgs.gov/earthquakes/eventpage/usp0001gnv","detail":"https://earthquake.usgs.gov/fdsnws/event/1/query?eventid=usp0001gnv&format=geojson","felt":null,"cdi":null,"mmi":7.369,"alert":null,"status":"reviewed","tsunami":0,"sig":820,"net":"us","code":"p0001gnv","ids":",choy19811025032215,gcmtc102581a,usp0001gnv,gcmt19811025032215,atlas19811025032215,iscgem610441,","sources":",choy,gcmt,us,gcmt,atlas,iscgem,","types":",focal-mechanism,impact-text,origin,phase-data,shakemap,trump-shakemap,","nst":null,"dmin":null,"rms":1.2,"gap":null,"magType":"ms","type":"earthquake","title":"M 7.3 - 7 km NNE of Petacalco, Mexico"},"geometry":{"type":"Point","coordinates":[-102.084,18.048,33]},"id":"usp0001gnv"},
{"type":"Feature","properties":{"mag":7.2,"place":"61 km W of Eresós, Greece","time":377619050720,"updated":1766180827018,"tz":null,"url":"https://earthquake.usgs.gov/earthquakes/eventpage/usp0001hgc","detail":"https://earthquake.usgs.gov/fdsnws/event/1/query?eventid=usp0001hgc&format=geojson","felt":null,"cdi":null,"mmi":7.492,"alert":null,"status":"reviewed","tsunami":0,"sig":798,"net":"us","code":"p0001hgc","ids":",gcmtc121981a,usp0001hgc,gcmt19811219141052,atlas19811219141052,iscgem607342,","sources":",gcmt,us,gcmt,atlas,iscgem,","types":",focal-mechanism,impact-text,origin,phase-data,shakemap,trump-shakemap,","nst":null,"dmin":null,"rms":1.2,"gap":null,"magType":"ms","type":"earthquake","title":"M 7.2 - 61 km W of Eresós, Greece"},"geometry":{"type":"Point","coordinates":[25.227,39.243,10]},"id":"usp0001hgc"},
{"type":"Feature","properties":{"mag":7.1,"place":"Kermadec Islands, New Zealand","time":378234332520,"updated":1766180833474,"tz":null,"url":"https://earthquake.usgs.gov/earthquakes/eventpage/usp0001hp7","detail":"https://earthquake.usgs.gov/fdsnws/event/1/query?eventid=usp0001hp7&format=geojson","felt":null,"cdi":null,"mmi":null,"alert":null,"status":"reviewed","tsunami":0,"sig":776,"net":"us","code":"p0001hp7","ids":",gcmtc122681a,usp0001hp7,gcmt19811226170532,iscgem607781,","sources":",gcmt,us,gcmt,iscgem,","types":",focal-mechanism,impact-text,origin,phase-data,","nst":null,"dmin":null,"rms":1.2,"gap":null,"magType":"ms","type":"earthquake","title":"M 7.1 - Kermadec Islands, New Zealand"},"geometry":{"type":"Point","coordinates":[-177.741,-29.934,33]},"id":"usp0001hp7"},
{"type":"Feature","properties":{"mag":7.1,"place":"4 km SW of Gigmoto, Philippines","time":379577406490,"updated":1766180787548,"tz":null,"url":"https://earthquake.usgs.gov/earthquakes/eventpage/usp0001hze","detail":"https://earthquake.usgs.gov/fdsnws/event/1/query?eventid=usp0001hze&format=geojson","felt":null,"cdi":null,"mmi":6.452,"alert":null,"status":"reviewed","tsunami":0,"sig":776,"net":"us","code":"p0001hze","ids":",gcmtc011182a,usp0001hze,gcmt19820111061004,atlas19820111061006,iscgem605354,","sources":",gcmt,us,gcmt,atlas,iscgem,","types":",focal-mechanism,impact-text,origin,phase-data,shakemap,trump-shakemap,","nst":null,"dmin":null,"rms":1.1,"gap":null,"magType":"ms","type":"earthquake","title":"M 7.1 - 4 km SW of Gigmoto, Philippines"},"geometry":{"type":"Point","coordinates":[124.358,13.752,45.7]},"id":"usp0001hze"},
{"type":"Feature","properties":{"mag":7,"place":"5 km NNW of San Juan Bautista Lo de Soto, Mexico","time":392295580160,"updated":1766180442252,"tz":null,"url":"https://earthquake.usgs.gov/earthquakes/eventpage/usp0001mrg","detail":"https://earthquake.usgs.gov/fdsnws/event/1/query?eventid=usp0001mrg&format=geojson","felt":null,"cdi":null,"mmi":6.52,"alert":null,"status":"reviewed","tsunami":0,"sig":754,"net":"us","code":"p0001mrg","ids":",gcmtc060782b,usp0001mrg,gcmt19820607105940,atlas19820607105939,iscgem596720,","sources":",gcmt,us,gcmt,atlas,iscgem,","types":",focal-mechanism,impact-text,origin,phase-data,shakemap,trump-shakemap,","nst":null,"dmin":null,"rms":1.1,"gap":null,"magType":"ms","type":"earthquake","title":"M 7.0 - 5 km NNW of San Juan Bautista Lo de Soto, Mexico"},"geometry":{"type":"Point","coordinates":[-98.358,16.558,33.8]},"id":"usp0001mrg"},
{"type":"Feature","properties":{"mag":7.29,"place":"18 km SSW of La Libertad, El Salvador","time":393315718540,"updated":1651106109375,"tz":null,"url":"https://earthquake.usgs.gov/earthquakes/eventpage/iscgem597450","detail":"https://earthquake.usgs.gov/fdsnws/event/1/query?eventid=iscgem597450&format=geojson","felt":null,"cdi":null,"mmi":7.274,"alert":null,"status":"reviewed","tsunami":0,"sig":818,"net":"iscgem","code":"597450","ids":",gcmtc061982a,usp0001n0h,gcmt19820619062157,atlas19820619062158,iscgem597450,","sources":",gcmt,us,gcmt,atlas,iscgem,","types":",focal-mechanism,impact-text,origin,phase-data,shakemap,trump-origin,trump-shakemap,","nst":null,"dmin":null,"rms":null,"gap":null,"magType":"mw","type":"earthquake","title":"M 7.3 - 18 km SSW of La Libertad, El Salvador"},"geometry":{"type":"Point","coordinates":[-89.387,13.332,73]},"id":"iscgem597450"},
{"type":"Feature","properties":{"mag":7.1,"place":"west of the Bonin Islands, Japan","time":394593606800,"updated":1651105871252,"tz":null,"url":"https://earthquake.usgs.gov/earthquakes/eventpage/usp0001n8w","detail":"https://earthquake.usgs.gov/fdsnws/event/1/query?eventid=usp0001n8w&format=geojson","felt":null,"cdi":null,"mmi":null,"alert":null,"status":"reviewed","tsunami":0,"sig":776,"net":"us","code":"p0001n8w","ids":",gcmtc070482a,usp0001n8w,gcmt19820704012007,iscgem594800,","sources":",gcmt,us,gcmt,iscgem,","types":",focal-mechanism,impact-text,origin,phase-data,","nst":null,"dmin":null,"rms":1,"gap":null,"magType":"mw","type":"earthquake","title":"M 7.1 - west of the Bonin Islands, Japan"},"geometry":{"type":"Point","coordinates":[136.967,27.929,536]},"id":"usp0001n8w"},
{"type":"Feature","properties":{"mag":7,"place":"north of Macquarie Island","time":394886583740,"updated":1766177976383,"tz":null,"url":"https://earthquake.usgs.gov/earthquakes/eventpage/usp0001nap","detail":"https://earthquake.usgs.gov/fdsnws/event/1/query?eventid=usp0001nap&format=geojson","felt":null,"cdi":null,"mmi":null,"alert":null,"status":"reviewed","tsunami":0,"sig":754,"net":"us","code":"p0001nap","ids":",gcmtz070782a,usp0001nap,gcmt19820707104303,iscgem595005,","sources":",gcmt,us,gcmt,iscgem,","types":",focal-mechanism,impact-text,origin,phase-data,","nst":null,"dmin":null,"rms":1.3,"gap":null,"magType":"ms","type":"earthquake","title":"M 7.0 - north of Macquarie Island"},"geometry":{"type":"Point","coordinates":[160.513,-51.225,10]},"id":"usp0001nap"},
{"type":"Feature","properties":{"mag":7.1,"place":"93 km ENE of Hasaki, Japan","time":396282233570,"updated":1766180415501,"tz":null,"url":"https://earthquake.usgs.gov/earthquakes/eventpage/usp0001nkk","detail":"https://earthquake.usgs.gov/fdsnws/event/1/query?eventid=usp0001nkk&format=geojson","felt":null,"cdi":null,"mmi":5.308,"alert":null,"status":"reviewed","tsunami":0,"sig":776,"net":"us","code":"p0001nkk","ids":",gcmtc072382a,usp0001nkk,gcmt19820723142353,atlas19820723142353,iscgem595845,","sources":",gcmt,us,gcmt,atlas,iscgem,","types":",focal-mechanism,impact-text,origin,phase-data,shakemap,trump-shakemap,","nst":null,"dmin":null,"rms":1,"gap":null,"magType":"mw","type":"earthquake","title":"M 7.1 - 93 km ENE of Hasaki, Japan"},"geometry":{"type":"Point","coordinates":[141.702,36.194,36.6]},"id":"usp0001nkk"},
{"type":"Feature","properties":{"mag":7,"place":"207 km S of Lata, Solomon Islands","time":397427572950,"updated":1766180338561,"tz":null,"url":"https://earthquake.usgs.gov/earthquakes/eventpage/usp0001nvd","detail":"https://earthquake.usgs.gov/fdsnws/event/1/query?eventid=usp0001nvd&format=geojson","felt":null,"cdi":null,"mmi":null,"alert":null,"status":"reviewed","tsunami":0,"sig":754,"net":"us","code":"p0001nvd","ids":",gcmtc080582c,usp0001nvd,gcmt19820805203254,iscgem593205,","sources":",gcmt,us,gcmt,iscgem,","types":",focal-mechanism,impact-text,origin,phase-data,","nst":null,"dmin":null,"rms":1.4,"gap":null,"magType":"mw","type":"earthquake","title":"M 7.0 - 207 km S of Lata, Solomon Islands"},"geometry":{"type":"Point","coordinates":[165.931,-12.597,30.7]},"id":"usp0001nvd"},
{"type":"Feature","properties":{"mag":7.2,"place":"south of Tonga","time":409167834850,"updated":1766180143204,"tz":null,"url":"https://earthquake.usgs.gov/earthquakes/eventpage/usp0001rj6","detail":"https://earthquake.usgs.gov/fdsnws/event/1/query?eventid=usp0001rj6&format=geojson","felt":null,"cdi":null,"mmi":3.596,"alert":null,"status":"reviewed","tsunami":0,"sig":798,"net":"us","code":"p0001rj6","ids":",gcmtc121982c,usp0001rj6,gcmt19821219174355,iscgem587080,","sources":",gcmt,us,gcmt,iscgem,","types":",focal-mechanism,impact-text,origin,phase-data,shakemap,","nst":null,"dmin":null,"rms":1.5,"gap":null,"magType":"mw","type":"earthquake","title":"M 7.2 - south of Tonga"},"geometry":{"type":"Point","coordinates":[-175.864,-24.133,33]},"id":"usp0001rj6"},
{"type":"Feature","properties":{"mag":7,"place":"26 km SW of Lixoúri, Greece","time":411655289700,"updated":1766180062730,"tz":null,"url":"https://earthquake.usgs.gov/earthquakes/eventpage/usp0001sa1","detail":"https://earthquake.usgs.gov/fdsnws/event/1/query?eventid=usp0001sa1&format=geojson","felt":null,"cdi":null,"mmi":7.121,"alert":null,"status":"reviewed","tsunami":0,"sig":754,"net":"us","code":"p0001sa1","ids":",usp0001sa1,gcmt19830117124129,atlas19830117124130,iscgem584920,","sources":",us,gcmt,atlas,iscgem,","types":",impact-text,origin,phase-data,shakemap,trump-shakemap,","nst":null,"dmin":null,"rms":1.3,"gap":null,"magType":"mw","type":"earthquake","title":"M 7.0 - 26 km SW of Lixoúri, Greece"},"geometry":{"type":"Point","coordinates":[20.228,38.026,14.3]},"id":"usp0001sa1"},
{"type":"Feature","properties":{"mag":7,"place":"Kermadec Islands region","time":412444941350,"updated":1651105038777,"tz":null,"url":"https://earthquake.usgs.gov/earthquakes/eventpage/usp0001smj","detail":"https://earthquake.usgs.gov/fdsnws/event/1/query?eventid=usp0001smj&format=geojson","felt":null,"cdi":null,"mmi":null,"alert":null,"status":"reviewed","tsunami":0,"sig":754,"net":"us","code":"p0001smj","ids":",gcmtc012683b,usp0001smj,gcmt19830126160221,iscgem585804,","sources":",gcmt,us,gcmt,iscgem,","types":",focal-mechanism,impact-text,origin,phase-data,","nst":null,"dmin":null,"rms":1.2,"gap":null,"magType":"mw","type":"earthquake","title":"M 7.0 - Kermadec Islands region"},"geometry":{"type":"Point","coordinates":[-179.339,-30.383,238]},"id":"usp0001smj"},
{"type":"Feature","properties":{"mag":7.6,"place":"157 km ESE of Kokopo, Papua New Guinea","time":416826350000,"updated":1651104618946,"tz":null,"url":"https://earthquake.usgs.gov/earthquakes/eventpage/usp0001tr1","detail":"https://earthquake.usgs.gov/fdsnws/event/1/query?eventid=usp0001tr1&format=geojson","felt":null,"cdi":null,"mmi":7.143,"alert":null,"status":"reviewed","tsunami":0,"sig":889,"net":"us","code":"p0001tr1","ids":",gcmtc031883a,usp0001tr1,gcmt19830318090550,iscgem580884,atlas19830318090551,","sources":",gcmt,us,gcmt,iscgem,atlas,","types":",focal-mechanism,impact-text,origin,phase-data,shakemap,trump-shakemap,","nst":null,"dmin":null,"rms":1.3,"gap":null,"magType":"ms","type":"earthquake","title":"M 7.6 - 157 km ESE of Kokopo, Papua New Guinea"},"geometry":{"type":"Point","coordinates":[153.581,-4.883,88.8]},"id":"usp0001tr1"},
{"type":"Feature","properties":{"mag":7.1,"place":"12 km N of Golfito, Costa Rica","time":418186201180,"updated":1766179873405,"tz":null,"url":"https://earthquake.usgs.gov/earthquakes/eventpage/usp0001u4p","detail":"https://earthquake.usgs.gov/fdsnws/event/1/query?eventid=usp0001u4p&format=geojson","felt":null,"cdi":null,"mmi":6.656,"alert":null,"status":"reviewed","tsunami":0,"sig":776,"net":"us","code":"p0001u4p","ids":",choy19830403025001,gcmtc040383a,usp0001u4p,gcmt19830403025000,atlas19830403025004,iscgem577794,","sources":",choy,gcmt,us,gcmt,atlas,iscgem,","types":",focal-mechanism,impact-text,origin,phase-data,shakemap,trump-shakemap,","nst":null,"dmin":null,"rms":1,"gap":null,"magType":"mw","type":"earthquake","title":"M 7.1 - 12 km N of Golfito, Costa Rica"},"geometry":{"type":"Point","coordinates":[-83.123,8.717,37]},"id":"usp0001u4p"},
{"type":"Feature","properties":{"mag":7,"place":"92 km NNE of La Peca, Peru","time":418997274520,"updated":1651104391555,"tz":null,"url":"https://earthquake.usgs.gov/earthquakes/eventpage/usp0001uct","detail":"https://earthquake.usgs.gov/fdsnws/event/1/query?eventid=usp0001uct&format=geojson","felt":null,"cdi":null,"mmi":6.69,"alert":null,"status":"reviewed","tsunami":0,"sig":754,"net":"us","code":"p0001uct","ids":",gcmtc041283a,usp0001uct,gcmt19830412120754,atlas19830412120758,iscgem578646,","sources":",gcmt,us,gcmt,atlas,iscgem,","types":",focal-mechanism,impact-text,origin,phase-data,shakemap,trump-shakemap,","nst":null,"dmin":null,"rms":1.2,"gap":null,"magType":"mw","type":"earthquake","title":"M 7.0 - 92 km NNE of La Peca, Peru"},"geometry":{"type":"Point","coordinates":[-78.103,-4.843,104.2]},"id":"usp0001uct"},
{"type":"Feature","properties":{"mag":7,"place":"95 km ESE of Kh?sh, Iran","time":419511531260,"updated":1766179915427,"tz":null,"url":"https://earthquake.usgs.gov/earthquakes/eventpage/usp0001uj8","detail":"https://earthquake.usgs.gov/fdsnws/event/1/query?eventid=usp0001uj8&format=geojson","felt":null,"cdi":null,"mmi":7.088,"alert":null,"status":"reviewed","tsunami":0,"sig":754,"net":"us","code":"p0001uj8","ids":",gcmtc041883a,usp0001uj8,gcmt19830418105847,atlas19830418105852,iscgem579099,","sources":",gcmt,us,gcmt,atlas,iscgem,","types":",focal-mechanism,impact-text,origin,phase-data,shakemap,trump-shakemap,","nst":null,"dmin":null,"rms":1.2,"gap":null,"magType":"mw","type":"earthquake","title":"M 7.0 - 95 km ESE of Kh?sh, Iran"},"geometry":{"type":"Point","coordinates":[62.054,27.793,64]},"id":"usp0001uj8"},
{"type":"Feature","properties":{"mag":7.4,"place":"83 km WNW of Noshiro, Japan","time":422765999600,"updated":1766179854533,"tz":null,"url":"https://earthquake.usgs.gov/earthquakes/eventpage/usp0001vmy","detail":"https://earthquake.usgs.gov/fdsnws/event/1/query?eventid=usp0001vmy&format=geojson","felt":null,"cdi":null,"mmi":6.679,"alert":null,"status":"reviewed","tsunami":0,"sig":842,"net":"us","code":"p0001vmy","ids":",atlas19830526030059,choy19830526025959,gcmtc052683a,usp0001vmy,gcmt19830526030000,iscgem577008,","sources":",atlas,choy,gcmt,us,gcmt,iscgem,","types":",associate,focal-mechanism,ground-failure,impact-text,origin,phase-data,shakemap,trump-shakemap,","nst":null,"dmin":null,"rms":1.1,"gap":null,"magType":"mw","type":"earthquake","title":"M 7.4 - 83 km WNW of Noshiro, Japan"},"geometry":{"type":"Point","coordinates":[139.102,40.462,23.7]},"id":"usp0001vmy"},
{"type":"Feature","properties":{"mag":7.1,"place":"57 km SSE of Klyuchi, Russia","time":429965754130,"updated":1651103598132,"tz":null,"url":"https://earthquake.usgs.gov/earthquakes/eventpage/usp0001xqy","detail":"https://earthquake.usgs.gov/fdsnws/event/1/query?eventid=usp0001xqy&format=geojson","felt":null,"cdi":null,"mmi":7.009,"alert":null,"status":"reviewed","tsunami":0,"sig":776,"net":"us","code":"p0001xqy","ids":",gcmtc081783b,usp0001xqy,gcmt19830817105552,atlas19830817105558,iscgem570379,","sources":",gcmt,us,gcmt,atlas,iscgem,","types":",focal-mechanism,impact-text,origin,phase-data,shakemap,trump-shakemap,","nst":null,"dmin":null,"rms":1.2,"gap":null,"magType":"mw","type":"earthquake","title":"M 7.1 - 57 km SSE of Klyuchi, Russia"},"geometry":{"type":"Point","coordinates":[161.287,55.867,62.6]},"id":"usp0001xqy"},
{"type":"Feature","properties":{"mag":7.4,"place":"54 km WSW of Diego de Almagro, Chile","time":434141533300,"updated":1766179636800,"tz":null,"url":"https://earthquake.usgs.gov/earthquakes/eventpage/usp0001ytj","detail":"https://earthquake.usgs.gov/fdsnws/event/1/query?eventid=usp0001ytj&format=geojson","felt":null,"cdi":null,"mmi":7.101,"alert":null,"status":"reviewed","tsunami":0,"sig":842,"net":"us","code":"p0001ytj","ids":",gcmtc100483c,usp0001ytj,gcmt19831004185212,atlas19831004185215,iscgem566056,","sources":",gcmt,us,gcmt,atlas,iscgem,","types":",focal-mechanism,impact-text,origin,phase-data,shakemap,trump-shakemap,","nst":null,"dmin":null,"rms":1.2,"gap":null,"magType":"mw","type":"earthquake","title":"M 7.4 - 54 km WSW of Diego de Almagro, Chile"},"geometry":{"type":"Point","coordinates":[-70.563,-26.535,14.8]},"id":"usp0001ytj"},
{"type":"Feature","properties":{"mag":7.2,"place":"South Sandwich Islands region","time":435644495010,"updated":1766179657111,"tz":null,"url":"https://earthquake.usgs.gov/earthquakes/eventpage/usp0001z5e","detail":"https://earthquake.usgs.gov/fdsnws/event/1/query?eventid=usp0001z5e&format=geojson","felt":null,"cdi":null,"mmi":null,"alert":null,"status":"reviewed","tsunami":0,"sig":798,"net":"us","code":"p0001z5e","ids":",usp0001z5e,gcmtc102283a,gcmt19831022042136,iscgem566964,","sources":",us,gcmt,gcmt,iscgem,","types":",earthquake-name,focal-mechanism,impact-text,origin,phase-data,","nst":null,"dmin":null,"rms":1.3,"gap":null,"magType":"mw","type":"earthquake","title":"M 7.2 - South Sandwich Islands region"},"geometry":{"type":"Point","coordinates":[-25.451,-60.665,24]},"id":"usp0001z5e"},
{"type":"Feature","properties":{"mag":7.3,"place":"172 km NE of Lospalos, Timor Leste","time":438499834230,"updated":1651103157945,"tz":null,"url":"https://earthquake.usgs.gov/earthquakes/eventpage/usp000200r","detail":"https://earthquake.usgs.gov/fdsnws/event/1/query?eventid=usp000200r&format=geojson","felt":null,"cdi":null,"mmi":6.006,"alert":null,"status":"reviewed","tsunami":0,"sig":820,"net":"us","code":"p000200r","ids":",gcmtc112483a,usp000200r,gcmt19831124053034,atlas19831124053037,iscgem565411,","sources":",gcmt,us,gcmt,atlas,iscgem,","types":",focal-mechanism,impact-text,origin,phase-data,shakemap,trump-shakemap,","nst":null,"dmin":null,"rms":1.2,"gap":null,"magType":"mw","type":"earthquake","title":"M 7.3 - 172 km NE of Lospalos, Timor Leste"},"geometry":{"type":"Point","coordinates":[128.168,-7.481,178.5]},"id":"usp000200r"},
{"type":"Feature","properties":{"mag":7.3,"place":"Chagos Archipelago region","time":439062360670,"updated":1766179629099,"tz":null,"url":"https://earthquake.usgs.gov/earthquakes/eventpage/usp000205u","detail":"https://earthquake.usgs.gov/fdsnws/event/1/query?eventid=usp000205u&format=geojson","felt":null,"cdi":null,"mmi":0,"alert":null,"status":"reviewed","tsunami":0,"sig":820,"net":"us","code":"p000205u","ids":",gcmtc113083c,usp000205u,gcmt19831130174600,iscgem565767,","sources":",gcmt,us,gcmt,iscgem,","types":",focal-mechanism,impact-text,origin,phase-data,shakemap,","nst":null,"dmin":null,"rms":1.2,"gap":null,"magType":"mw","type":"earthquake","title":"M 7.3 - Chagos Archipelago region"},"geometry":{"type":"Point","coordinates":[72.11,-6.852,10]},"id":"usp000205u"},
{"type":"Feature","properties":{"mag":7,"place":"25 km S of Champerico, Guatemala","time":439182545660,"updated":1766179550831,"tz":null,"url":"https://earthquake.usgs.gov/earthquakes/eventpage/usp000207b","detail":"https://earthquake.usgs.gov/fdsnws/event/1/query?eventid=usp000207b&format=geojson","felt":null,"cdi":null,"mmi":6.899,"alert":null,"status":"reviewed","tsunami":0,"sig":754,"net":"us","code":"p000207b","ids":",gcmtc120283a,usp000207b,gcmt19831202030905,atlas19831202030903,iscgem562188,","sources":",gcmt,us,gcmt,atlas,iscgem,","types":",focal-mechanism,impact-text,origin,phase-data,shakemap,trump-shakemap,","nst":null,"dmin":null,"rms":1.1,"gap":null,"magType":"mw","type":"earthquake","title":"M 7.0 - 25 km S of Champerico, Guatemala"},"geometry":{"type":"Point","coordinates":[-91.924,14.066,67.1]},"id":"usp000207b"},
{"type":"Feature","properties":{"mag":7.4,"place":"55 km S of Jurm, Afghanistan","time":441676359930,"updated":1651103011914,"tz":null,"url":"https://earthquake.usgs.gov/earthquakes/eventpage/usp00020xw","detail":"https://earthquake.usgs.gov/fdsnws/event/1/query?eventid=usp00020xw&format=geojson","felt":null,"cdi":null,"mmi":5.303,"alert":null,"status":"reviewed","tsunami":0,"sig":842,"net":"us","code":"p00020xw","ids":",gcmtc123083c,usp00020xw,gcmt19831230235240,atlas19831230235241,iscgem563957,","sources":",gcmt,us,gcmt,atlas,iscgem,","types":",focal-mechanism,impact-text,origin,phase-data,shakemap,trump-shakemap,","nst":null,"dmin":null,"rms":1,"gap":null,"magType":"mw","type":"earthquake","title":"M 7.4 - 55 km S of Jurm, Afghanistan"},"geometry":{"type":"Point","coordinates":[70.738,36.372,214.5]},"id":"usp00020xw"},
{"type":"Feature","properties":{"mag":7.2,"place":"77 km ESE of Owase, Japan","time":441795818850,"updated":1651102628062,"tz":null,"url":"https://earthquake.usgs.gov/earthquakes/eventpage/usp00020z7","detail":"https://earthquake.usgs.gov/fdsnws/event/1/query?eventid=usp00020z7&format=geojson","felt":null,"cdi":null,"mmi":4.196,"alert":null,"status":"reviewed","tsunami":0,"sig":798,"net":"us","code":"p00020z7","ids":",gcmtc010184b,usp00020z7,gcmt19840101090337,atlas19840101090341,iscgem560138,","sources":",gcmt,us,gcmt,atlas,iscgem,","types":",focal-mechanism,impact-text,origin,phase-data,shakemap,","nst":null,"dmin":null,"rms":1.2,"gap":null,"magType":"mw","type":"earthquake","title":"M 7.2 - 77 km ESE of Owase, Japan"},"geometry":{"type":"Point","coordinates":[136.894,33.683,368.1]},"id":"usp00020z7"},
{"type":"Feature","properties":{"mag":7,"place":"18 km SSW of Mamuju, Indonesia","time":442423453560,"updated":1664472299195,"tz":null,"url":"https://earthquake.usgs.gov/earthquakes/eventpage/usp000213u","detail":"https://earthquake.usgs.gov/fdsnws/event/1/query?eventid=usp000213u&format=geojson","felt":null,"cdi":null,"mmi":6.814,"alert":null,"status":"reviewed","tsunami":0,"sig":754,"net":"us","code":"p000213u","ids":",gcmtc010884a,usp000213u,gcmt19840108152413,atlas19840108152415,iscgem560659,","sources":",gcmt,us,gcmt,atlas,iscgem,","types":",focal-mechanism,impact-text,origin,phase-data,shakemap,trump-shakemap,","nst":null,"dmin":null,"rms":1.3,"gap":null,"magType":"mw","type":"earthquake","title":"M 7.0 - 18 km SSW of Mamuju, Indonesia"},"geometry":{"type":"Point","coordinates":[118.806,-2.823,33]},"id":"usp000213u"},
{"type":"Feature","properties":{"mag":7.6,"place":"85 km SE of Honiara, Solomon Islands","time":445037601490,"updated":1651102462015,"tz":null,"url":"https://earthquake.usgs.gov/earthquakes/eventpage/usp00021u7","detail":"https://earthquake.usgs.gov/fdsnws/event/1/query?eventid=usp00021u7&format=geojson","felt":null,"cdi":null,"mmi":6.941,"alert":null,"status":"reviewed","tsunami":0,"sig":889,"net":"us","code":"p00021u7","ids":",choy19840207213321,gcmtc020784b,usp00021u7,gcmt19840207213320,atlas19840207213321,iscgem558703,","sources":",choy,gcmt,us,gcmt,atlas,iscgem,","types":",focal-mechanism,impact-text,origin,phase-data,shakemap,trump-shakemap,","nst":null,"dmin":null,"rms":1.4,"gap":null,"magType":"mw","type":"earthquake","title":"M 7.6 - 85 km SE of Honiara, Solomon Islands"},"geometry":{"type":"Point","coordinates":[160.469,-10.012,18.1]},"id":"usp00021u7"},
{"type":"Feature","properties":{"mag":7.3,"place":"4 km NNW of Tabid, Philippines","time":447305630990,"updated":1651102113557,"tz":null,"url":"https://earthquake.usgs.gov/earthquakes/eventpage/usp00022es","detail":"https://earthquake.usgs.gov/fdsnws/event/1/query?eventid=usp00022es&format=geojson","felt":null,"cdi":null,"mmi":null,"alert":null,"status":"reviewed","tsunami":0,"sig":820,"net":"us","code":"p00022es","ids":",gcmtc030584a,usp00022es,gcmt19840305033351,atlas19840305033352,iscgem556526,","sources":",gcmt,us,gcmt,atlas,iscgem,","types":",focal-mechanism,impact-text,origin,phase-data,","nst":null,"dmin":null,"rms":0.9,"gap":null,"magType":"mw","type":"earthquake","title":"M 7.3 - 4 km NNW of Tabid, Philippines"},"geometry":{"type":"Point","coordinates":[123.762,8.147,649.1]},"id":"usp00022es"},
{"type":"Feature","properties":{"mag":7.4,"place":"Izu Islands, Japan region","time":447387441260,"updated":1651102132551,"tz":null,"url":"https://earthquake.usgs.gov/earthquakes/eventpage/usp00022fa","detail":"https://earthquake.usgs.gov/fdsnws/event/1/query?eventid=usp00022fa&format=geojson","felt":null,"cdi":null,"mmi":3.649,"alert":null,"status":"reviewed","tsunami":0,"sig":842,"net":"us","code":"p00022fa","ids":",gcmtc030684b,usp00022fa,gcmt19840306021721,iscgem556590,atlas19840306021722,","sources":",gcmt,us,gcmt,iscgem,atlas,","types":",focal-mechanism,impact-text,origin,phase-data,shakemap,","nst":null,"dmin":null,"rms":1,"gap":null,"magType":"mw","type":"earthquake","title":"M 7.4 - Izu Islands, Japan region"},"geometry":{"type":"Point","coordinates":[138.935,29.384,457.4]},"id":"usp00022fa"},
{"type":"Feature","properties":{"mag":7,"place":"22 km NNW of Gazli, Uzbekistan","time":448576118240,"updated":1651102228296,"tz":null,"url":"https://earthquake.usgs.gov/earthquakes/eventpage/usp00022s5","detail":"https://earthquake.usgs.gov/fdsnws/event/1/query?eventid=usp00022s5&format=geojson","felt":null,"cdi":null,"mmi":7.734,"alert":null,"status":"reviewed","tsunami":0,"sig":754,"net":"us","code":"p00022s5","ids":",choy19840319202838,gcmtc031984b,usp00022s5,gcmt19840319202839,atlas19840319202840,iscgem557335,","sources":",choy,gcmt,us,gcmt,atlas,iscgem,","types":",focal-mechanism,impact-text,origin,phase-data,shakemap,trump-shakemap,","nst":null,"dmin":null,"rms":0.9,"gap":null,"magType":"mw","type":"earthquake","title":"M 7.0 - 22 km NNW of Gazli, Uzbekistan"},"geometry":{"type":"Point","coordinates":[63.35,40.32,14.5]},"id":"usp00022s5"},
{"type":"Feature","properties":{"mag":7.2,"place":"123 km ENE of Shikotan, Russia","time":448969442600,"updated":1651102302532,"tz":null,"url":"https://earthquake.usgs.gov/earthquakes/eventpage/usp00022y2","detail":"https://earthquake.usgs.gov/fdsnws/event/1/query?eventid=usp00022y2&format=geojson","felt":null,"cdi":null,"mmi":5.32,"alert":null,"status":"reviewed","tsunami":0,"sig":798,"net":"us","code":"p00022y2","ids":",gcmtc032484a,usp00022y2,gcmt19840324094402,iscgem557737,atlas19840324094403,","sources":",gcmt,us,gcmt,iscgem,atlas,","types":",focal-mechanism,impact-text,origin,phase-data,shakemap,trump-shakemap,","nst":null,"dmin":null,"rms":1.2,"gap":null,"magType":"mw","type":"earthquake","title":"M 7.2 - 123 km ENE of Shikotan, Russia"},"geometry":{"type":"Point","coordinates":[148.192,44.117,44.4]},"id":"usp00022y2"},
{"type":"Feature","properties":{"mag":7.1,"place":"94 km SW of Kokopo, Papua New Guinea","time":454751383660,"updated":1651101931740,"tz":null,"url":"https://earthquake.usgs.gov/earthquakes/eventpage/usp00024qw","detail":"https://earthquake.usgs.gov/fdsnws/event/1/query?eventid=usp00024qw&format=geojson","felt":null,"cdi":null,"mmi":5.966,"alert":null,"status":"reviewed","tsunami":0,"sig":776,"net":"us","code":"p00024qw","ids":",usp00024qw,gcmt19840530074943,atlas19840530074944,iscgem554053,","sources":",us,gcmt,atlas,iscgem,","types":",impact-text,origin,phase-data,shakemap,trump-shakemap,","nst":null,"dmin":null,"rms":1.2,"gap":null,"magType":"mw","type":"earthquake","title":"M 7.1 - 94 km SW of Kokopo, Papua New Guinea"},"geometry":{"type":"Point","coordinates":[151.577,-4.843,174.4]},"id":"usp00024qw"},
{"type":"Feature","properties":{"mag":7.4,"place":"91 km SW of Gorontalo, Indonesia","time":460641712400,"updated":1651101236807,"tz":null,"url":"https://earthquake.usgs.gov/earthquakes/eventpage/usp000268f","detail":"https://earthquake.usgs.gov/fdsnws/event/1/query?eventid=usp000268f&format=geojson","felt":null,"cdi":null,"mmi":5.037,"alert":null,"status":"reviewed","tsunami":0,"sig":842,"net":"us","code":"p000268f","ids":",gcmtc080684b,usp000268f,gcmt19840806120154,atlas19840806120153,iscgem546025,","sources":",gcmt,us,gcmt,atlas,iscgem,","types":",focal-mechanism,impact-text,origin,phase-data,shakemap,trump-shakemap,","nst":null,"dmin":null,"rms":1.2,"gap":null,"magType":"mw","type":"earthquake","title":"M 7.4 - 91 km SW of Gorontalo, Indonesia"},"geometry":{"type":"Point","coordinates":[122.517,-0.086,242.3]},"id":"usp000268f"},
{"type":"Feature","properties":{"mag":7.2,"place":"19 km ENE of Hihifo, Tonga","time":466683667500,"updated":1651101045129,"tz":null,"url":"https://earthquake.usgs.gov/earthquakes/eventpage/usp000286c","detail":"https://earthquake.usgs.gov/fdsnws/event/1/query?eventid=usp000286c&format=geojson","felt":null,"cdi":null,"mmi":null,"alert":null,"status":"reviewed","tsunami":0,"sig":798,"net":"us","code":"p000286c","ids":",gcmtc101584a,usp000286c,gcmt19841015102107,iscgem541351,","sources":",gcmt,us,gcmt,iscgem,","types":",focal-mechanism,impact-text,origin,phase-data,","nst":null,"dmin":null,"rms":1.2,"gap":null,"magType":"mw","type":"earthquake","title":"M 7.2 - 19 km ENE of Hihifo, Tonga"},"geometry":{"type":"Point","coordinates":[-173.643,-15.86,128.4]},"id":"usp000286c"},
{"type":"Feature","properties":{"mag":7.1,"place":"central Mid-Atlantic Ridge","time":468132530270,"updated":1651100387193,"tz":null,"url":"https://earthquake.usgs.gov/earthquakes/eventpage/usp00028pr","detail":"https://earthquake.usgs.gov/fdsnws/event/1/query?eventid=usp00028pr&format=geojson","felt":null,"cdi":null,"mmi":null,"alert":null,"status":"reviewed","tsunami":0,"sig":776,"net":"us","code":"p00028pr","ids":",gcmtc110184a,usp00028pr,gcmt19841101044849,iscgem538115,","sources":",gcmt,us,gcmt,iscgem,","types":",focal-mechanism,impact-text,origin,phase-data,","nst":null,"dmin":null,"rms":1,"gap":null,"magType":"mw","type":"earthquake","title":"M 7.1 - central Mid-Atlantic Ridge"},"geometry":{"type":"Point","coordinates":[-38.794,8.185,10]},"id":"usp00028pr"},
{"type":"Feature","properties":{"mag":7.1,"place":"southeast of the Loyalty Islands","time":469334779880,"updated":1651100844922,"tz":null,"url":"https://earthquake.usgs.gov/earthquakes/eventpage/usp000292p","detail":"https://earthquake.usgs.gov/fdsnws/event/1/query?eventid=usp000292p&format=geojson","felt":null,"cdi":null,"mmi":null,"alert":null,"status":"reviewed","tsunami":0,"sig":776,"net":"us","code":"p000292p","ids":",gcmtc111584a,usp000292p,gcmt19841115024622,iscgem539149,","sources":",gcmt,us,gcmt,iscgem,","types":",focal-mechanism,impact-text,origin,phase-data,","nst":null,"dmin":null,"rms":1,"gap":null,"magType":"mw","type":"earthquake","title":"M 7.1 - southeast of the Loyalty Islands"},"geometry":{"type":"Point","coordinates":[170.95,-22.022,104.7]},"id":"usp000292p"},
{"type":"Feature","properties":{"mag":7.1,"place":"190 km SSW of Sibolga, Indonesia","time":469522170020,"updated":1651100857809,"tz":null,"url":"https://earthquake.usgs.gov/earthquakes/eventpage/usp000294z","detail":"https://earthquake.usgs.gov/fdsnws/event/1/query?eventid=usp000294z&format=geojson","felt":null,"cdi":null,"mmi":6.531,"alert":null,"status":"reviewed","tsunami":0,"sig":776,"net":"us","code":"p000294z","ids":",gcmtc111784a,usp000294z,gcmt19841117064930,atlas19841117064930,iscgem539292,","sources":",gcmt,us,gcmt,atlas,iscgem,","types":",focal-mechanism,impact-text,origin,phase-data,shakemap,trump-shakemap,","nst":null,"dmin":null,"rms":1.1,"gap":null,"magType":"mw","type":"earthquake","title":"M 7.1 - 190 km SSW of Sibolga, Indonesia"},"geometry":{"type":"Point","coordinates":[98.027,0.197,33]},"id":"usp000294z"},
{"type":"Feature","properties":{"mag":7.5,"place":"45 km SW of Sarangani, Philippines","time":469786516230,"updated":1651100894899,"tz":null,"url":"https://earthquake.usgs.gov/earthquakes/eventpage/usp000297p","detail":"https://earthquake.usgs.gov/fdsnws/event/1/query?eventid=usp000297p&format=geojson","felt":null,"cdi":null,"mmi":6.124,"alert":null,"status":"reviewed","tsunami":0,"sig":865,"net":"us","code":"p000297p","ids":",gcmtc112084a,usp000297p,gcmt19841120081516,atlas19841120081515,iscgem539471,","sources":",gcmt,us,gcmt,atlas,iscgem,","types":",focal-mechanism,impact-text,origin,phase-data,shakemap,trump-shakemap,","nst":null,"dmin":null,"rms":1.3,"gap":null,"magType":"mw","type":"earthquake","title":"M 7.5 - 45 km SW of Sarangani, Philippines"},"geometry":{"type":"Point","coordinates":[125.124,5.167,202.2]},"id":"usp000297p"},
{"type":"Feature","properties":{"mag":8,"place":"25 km WSW of Valparaíso, Chile","time":478738027280,"updated":1651099877618,"tz":null,"url":"https://earthquake.usgs.gov/earthquakes/eventpage/usp0002ccz","detail":"https://earthquake.usgs.gov/fdsnws/event/1/query?eventid=usp0002ccz&format=geojson","felt":null,"cdi":null,"mmi":7.679,"alert":null,"status":"reviewed","tsunami":0,"sig":985,"net":"us","code":"p0002ccz","ids":",choy19850303224726,usp0002ccz,iscgem529084,atlas19850303224709,","sources":",choy,us,iscgem,atlas,","types":",associate,focal-mechanism,ground-failure,impact-text,origin,phase-data,shakemap,trump-shakemap,","nst":null,"dmin":null,"rms":1,"gap":null,"magType":"mw","type":"earthquake","title":"M 8.0 - 25 km WSW of Valparaíso, Chile"},"geometry":{"type":"Point","coordinates":[-71.871,-33.135,33]},"id":"usp0002ccz"},
{"type":"Feature","properties":{"mag":7.4,"place":"19 km S of Valparaíso, Chile","time":478744341870,"updated":1651099880246,"tz":null,"url":"https://earthquake.usgs.gov/earthquakes/eventpage/usp0002cd3","detail":"https://earthquake.usgs.gov/fdsnws/event/1/query?eventid=usp0002cd3&format=geojson","felt":null,"cdi":null,"mmi":7.195,"alert":null,"status":"reviewed","tsunami":0,"sig":842,"net":"us","code":"p0002cd3","ids":",gcmtb030485a,usp0002cd3,gcmt19850304003221,atlas19850304003224,iscgem529093,","sources":",gcmt,us,gcmt,atlas,iscgem,","types":",focal-mechanism,impact-text,origin,phase-data,shakemap,trump-shakemap,","nst":null,"dmin":null,"rms":1,"gap":null,"magType":"mw","type":"earthquake","title":"M 7.4 - 19 km S of Valparaíso, Chile"},"geometry":{"type":"Point","coordinates":[-71.663,-33.207,33]},"id":"usp0002cd3"},
{"type":"Feature","properties":{"mag":7.2,"place":"59 km S of San Antonio, Chile","time":481859819480,"updated":1651099729502,"tz":null,"url":"https://earthquake.usgs.gov/earthquakes/eventpage/usp0002dm4","detail":"https://earthquake.usgs.gov/fdsnws/event/1/query?eventid=usp0002dm4&format=geojson","felt":null,"cdi":null,"mmi":7.04,"alert":null,"status":"reviewed","tsunami":0,"sig":798,"net":"us","code":"p0002dm4","ids":",choy19850409015701,gcmtc040985a,usp0002dm4,gcmt19850409015658,atlas19850409015701,iscgem527122,","sources":",choy,gcmt,us,gcmt,atlas,iscgem,","types":",focal-mechanism,impact-text,origin,phase-data,shakemap,trump-shakemap,","nst":null,"dmin":null,"rms":1.1,"gap":null,"magType":"mw","type":"earthquake","title":"M 7.2 - 59 km S of San Antonio, Chile"},"geometry":{"type":"Point","coordinates":[-71.618,-34.131,37.8]},"id":"usp0002dm4"},
{"type":"Feature","properties":{"mag":7,"place":"142 km NW of Ternate, Indonesia","time":482209206780,"updated":1651099741704,"tz":null,"url":"https://earthquake.usgs.gov/earthquakes/eventpage/usp0002drr","detail":"https://earthquake.usgs.gov/fdsnws/event/1/query?eventid=usp0002drr&format=geojson","felt":null,"cdi":null,"mmi":6.817,"alert":null,"status":"reviewed","tsunami":0,"sig":754,"net":"us","code":"p0002drr","ids":",gcmtc041385b,usp0002drr,gcmt19850413030004,iscgem527429,","sources":",gcmt,us,gcmt,iscgem,","types":",focal-mechanism,impact-text,origin,phase-data,shakemap,","nst":null,"dmin":null,"rms":1.2,"gap":null,"magType":"mw","type":"earthquake","title":"M 7.0 - 142 km NW of Ternate, Indonesia"},"geometry":{"type":"Point","coordinates":[126.411,1.622,50.7]},"id":"usp0002drr"},
{"type":"Feature","properties":{"mag":7,"place":"1 km ENE of Santo Cristo, Philippines","time":483120912020,"updated":1651099820818,"tz":null,"url":"https://earthquake.usgs.gov/earthquakes/eventpage/usp0002e2z","detail":"https://earthquake.usgs.gov/fdsnws/event/1/query?eventid=usp0002e2z&format=geojson","felt":null,"cdi":null,"mmi":5.135,"alert":null,"status":"reviewed","tsunami":0,"sig":754,"net":"us","code":"p0002e2z","ids":",gcmtc042385a,usp0002e2z,gcmt19850423161511,atlas19850423161513,iscgem528263,","sources":",gcmt,us,gcmt,atlas,iscgem,","types":",focal-mechanism,impact-text,origin,phase-data,shakemap,trump-shakemap,","nst":null,"dmin":null,"rms":1.1,"gap":null,"magType":"mw","type":"earthquake","title":"M 7.0 - 1 km ENE of Santo Cristo, Philippines"},"geometry":{"type":"Point","coordinates":[120.61,15.344,188.4]},"id":"usp0002e2z"},
{"type":"Feature","properties":{"mag":7.2,"place":"100 km E of Kimbe, Papua New Guinea","time":484587350590,"updated":1651099614229,"tz":null,"url":"https://earthquake.usgs.gov/earthquakes/eventpage/usp0002en1","detail":"https://earthquake.usgs.gov/fdsnws/event/1/query?eventid=usp0002en1&format=geojson","felt":null,"cdi":null,"mmi":6.765,"alert":null,"status":"reviewed","tsunami":0,"sig":798,"net":"us","code":"p0002en1","ids":",gcmtc051085a,usp0002en1,gcmt19850510153550,atlas19850510153554,iscgem524624,","sources":",gcmt,us,gcmt,atlas,iscgem,","types":",focal-mechanism,impact-text,origin,phase-data,shakemap,trump-shakemap,","nst":null,"dmin":null,"rms":1.3,"gap":null,"magType":"mw","type":"earthquake","title":"M 7.2 - 100 km E of Kimbe, Papua New Guinea"},"geometry":{"type":"Point","coordinates":[151.045,-5.599,26.7]},"id":"usp0002en1"},
{"type":"Feature","properties":{"mag":7.3,"place":"62 km E of Kokopo, Papua New Guinea","time":489213411730,"updated":1651099376047,"tz":null,"url":"https://earthquake.usgs.gov/earthquakes/eventpage/usp0002gc3","detail":"https://earthquake.usgs.gov/fdsnws/event/1/query?eventid=usp0002gc3&format=geojson","felt":null,"cdi":null,"mmi":6.953,"alert":null,"status":"reviewed","tsunami":0,"sig":820,"net":"us","code":"p0002gc3","ids":",gcmtc070385b,usp0002gc3,gcmt19850703043652,atlas19850703043654,iscgem519447,","sources":",gcmt,us,gcmt,atlas,iscgem,","types":",focal-mechanism,impact-text,origin,phase-data,shakemap,trump-shakemap,","nst":null,"dmin":null,"rms":1,"gap":null,"magType":"mw","type":"earthquake","title":"M 7.3 - 62 km E of Kokopo, Papua New Guinea"},"geometry":{"type":"Point","coordinates":[152.828,-4.439,33]},"id":"usp0002gc3"},
{"type":"Feature","properties":{"mag":7.4,"place":"75 km S of Jurm, Afghanistan","time":491471684070,"updated":1651099500142,"tz":null,"url":"https://earthquake.usgs.gov/earthquakes/eventpage/usp0002h5z","detail":"https://earthquake.usgs.gov/fdsnws/event/1/query?eventid=usp0002h5z&format=geojson","felt":null,"cdi":null,"mmi":6.59,"alert":null,"status":"reviewed","tsunami":0,"sig":842,"net":"us","code":"p0002h5z","ids":",gcmtc072985b,usp0002h5z,gcmt19850729075444,atlas19850729075445,iscgem521361,","sources":",gcmt,us,gcmt,atlas,iscgem,","types":",focal-mechanism,impact-text,origin,phase-data,shakemap,trump-shakemap,","nst":null,"dmin":null,"rms":1,"gap":null,"magType":"mw","type":"earthquake","title":"M 7.4 - 75 km S of Jurm, Afghanistan"},"geometry":{"type":"Point","coordinates":[70.896,36.19,98.7]},"id":"usp0002h5z"},
{"type":"Feature","properties":{"mag":7,"place":"66 km W of Kashgar, China","time":493648916160,"updated":1651099286125,"tz":null,"url":"https://earthquake.usgs.gov/earthquakes/eventpage/usp0002j21","detail":"https://earthquake.usgs.gov/fdsnws/event/1/query?eventid=usp0002j21&format=geojson","felt":null,"cdi":null,"mmi":6.984,"alert":null,"status":"reviewed","tsunami":0,"sig":754,"net":"us","code":"p0002j21","ids":",gcmtc082385b,usp0002j21,gcmt19850823124159,atlas19850823124159,iscgem518737,","sources":",gcmt,us,gcmt,atlas,iscgem,","types":",focal-mechanism,impact-text,origin,phase-data,shakemap,trump-shakemap,","nst":null,"dmin":null,"rms":1.2,"gap":null,"magType":"mw","type":"earthquake","title":"M 7.0 - 66 km W of Kashgar, China"},"geometry":{"type":"Point","coordinates":[75.224,39.431,6.8]},"id":"usp0002j21"},
{"type":"Feature","properties":{"mag":8,"place":"1985 Michoacan, Mexico Earthquake","time":495983867350,"updated":1753369286363,"tz":null,"url":"https://earthquake.usgs.gov/earthquakes/eventpage/usp0002jwe","detail":"https://earthquake.usgs.gov/fdsnws/event/1/query?eventid=usp0002jwe&format=geojson","felt":null,"cdi":null,"mmi":7.231,"alert":null,"status":"reviewed","tsunami":0,"sig":985,"net":"us","code":"p0002jwe","ids":",usp0002jwe,choy19850919131747,gcmtm091985b,gcmt19850919131747,atlas19850919131747,iscgem516095,","sources":",us,choy,gcmt,gcmt,atlas,iscgem,","types":",earthquake-name,focal-mechanism,impact-text,origin,phase-data,shakemap,trump-shakemap,","nst":null,"dmin":null,"rms":1.3,"gap":null,"magType":"mw","type":"earthquake","title":"M 8.0 - 1985 Michoacan, Mexico Earthquake"},"geometry":{"type":"Point","coordinates":[-102.533,18.19,27.9]},"id":"usp0002jwe"},
{"type":"Feature","properties":{"mag":7.6,"place":"7 km N of Pantla, Mexico","time":496114633470,"updated":1651099094578,"tz":null,"url":"https://earthquake.usgs.gov/earthquakes/eventpage/usp0002jyp","detail":"https://earthquake.usgs.gov/fdsnws/event/1/query?eventid=usp0002jyp&format=geojson","felt":null,"cdi":null,"mmi":7.1,"alert":null,"status":"reviewed","tsunami":0,"sig":889,"net":"us","code":"p0002jyp","ids":",gcmtc092185a,usp0002jyp,gcmt19850921013713,atlas19850921013713,iscgem516251,","sources":",gcmt,us,gcmt,atlas,iscgem,","types":",focal-mechanism,impact-text,origin,phase-data,shakemap,trump-shakemap,","nst":null,"dmin":null,"rms":1.2,"gap":null,"magType":"mw","type":"earthquake","title":"M 7.6 - 7 km N of Pantla, Mexico"},"geometry":{"type":"Point","coordinates":[-101.647,17.802,30.8]},"id":"usp0002jyp"},
{"type":"Feature","properties":{"mag":7.1,"place":"127 km SE of Manokwari, Indonesia","time":501068421290,"updated":1651098716123,"tz":null,"url":"https://earthquake.usgs.gov/earthquakes/eventpage/usp0002mvw","detail":"https://earthquake.usgs.gov/fdsnws/event/1/query?eventid=usp0002mvw&format=geojson","felt":null,"cdi":null,"mmi":5.992,"alert":null,"status":"reviewed","tsunami":0,"sig":776,"net":"us","code":"p0002mvw","ids":",gcmtc111785b,usp0002mvw,gcmt19851117094021,atlas19851117094023,iscgem511055,","sources":",gcmt,us,gcmt,atlas,iscgem,","types":",focal-mechanism,impact-text,origin,phase-data,shakemap,trump-shakemap,","nst":null,"dmin":null,"rms":1.4,"gap":null,"magType":"mw","type":"earthquake","title":"M 7.1 - 127 km SE of Manokwari, Indonesia"},"geometry":{"type":"Point","coordinates":[134.911,-1.639,10]},"id":"usp0002mvw"},
{"type":"Feature","properties":{"mag":7,"place":"142 km NW of Port-Olry, Vanuatu","time":501992742340,"updated":1651098743243,"tz":null,"url":"https://earthquake.usgs.gov/earthquakes/eventpage/usp0002na9","detail":"https://earthquake.usgs.gov/fdsnws/event/1/query?eventid=usp0002na9&format=geojson","felt":null,"cdi":null,"mmi":5.235,"alert":null,"status":"reviewed","tsunami":0,"sig":754,"net":"us","code":"p0002na9","ids":",gcmtb112885b,usp0002na9,gcmt19851128022542,atlas19851128022542,iscgem511978,","sources":",gcmt,us,gcmt,atlas,iscgem,","types":",focal-mechanism,impact-text,origin,phase-data,shakemap,","nst":null,"dmin":null,"rms":1,"gap":null,"magType":"mw","type":"earthquake","title":"M 7.0 - 142 km NW of Port-Olry, Vanuatu"},"geometry":{"type":"Point","coordinates":[166.24,-14.043,33]},"id":"usp0002na9"},
{"type":"Feature","properties":{"mag":7,"place":"148 km W of Sola, Vanuatu","time":501997794150,"updated":1651098751898,"tz":null,"url":"https://earthquake.usgs.gov/earthquakes/eventpage/usp0002nae","detail":"https://earthquake.usgs.gov/fdsnws/event/1/query?eventid=usp0002nae&format=geojson","felt":null,"cdi":null,"mmi":5.093,"alert":null,"status":"reviewed","tsunami":0,"sig":754,"net":"us","code":"p0002nae","ids":",gcmtb112885c,usp0002nae,gcmt19851128034953,atlas19851128034957,iscgem511984,","sources":",gcmt,us,gcmt,atlas,iscgem,","types":",focal-mechanism,impact-text,origin,phase-data,shakemap,trump-shakemap,","nst":null,"dmin":null,"rms":1.1,"gap":null,"magType":"mw","type":"earthquake","title":"M 7.0 - 148 km W of Sola, Vanuatu"},"geometry":{"type":"Point","coordinates":[166.185,-13.987,33]},"id":"usp0002nae"},
{"type":"Feature","properties":{"mag":7.1,"place":"112 km W of Sola, Vanuatu","time":503975602410,"updated":1651098562898,"tz":null,"url":"https://earthquake.usgs.gov/earthquakes/eventpage/usp0002p4n","detail":"https://earthquake.usgs.gov/fdsnws/event/1/query?eventid=usp0002p4n&format=geojson","felt":null,"cdi":null,"mmi":5.334,"alert":null,"status":"reviewed","tsunami":0,"sig":776,"net":"us","code":"p0002p4n","ids":",gcmtc122185a,usp0002p4n,gcmt19851221011321,atlas19851221011323,iscgem508894,","sources":",gcmt,us,gcmt,atlas,iscgem,","types":",focal-mechanism,impact-text,origin,phase-data,shakemap,trump-shakemap,","nst":null,"dmin":null,"rms":1.2,"gap":null,"magType":"mw","type":"earthquake","title":"M 7.1 - 112 km W of Sola, Vanuatu"},"geometry":{"type":"Point","coordinates":[166.516,-13.966,43]},"id":"usp0002p4n"},
{"type":"Feature","properties":{"mag":7.1,"place":"210 km SSE of Isangel, Vanuatu","time":506204262710,"updated":1652107484784,"tz":null,"url":"https://earthquake.usgs.gov/earthquakes/eventpage/usp0002q31","detail":"https://earthquake.usgs.gov/fdsnws/event/1/query?eventid=usp0002q31&format=geojson","felt":null,"cdi":null,"mmi":null,"alert":null,"status":"reviewed","tsunami":0,"sig":776,"net":"us","code":"p0002q31","ids":",usp0002q31,iscgem505928,","sources":",us,iscgem,","types":",impact-text,origin,phase-data,","nst":null,"dmin":null,"rms":1.2,"gap":null,"magType":"mw","type":"earthquake","title":"M 7.1 - 210 km SSE of Isangel, Vanuatu"},"geometry":{"type":"Point","coordinates":[170.102,-21.277,150]},"id":"usp0002q31"},
{"type":"Feature","properties":{"mag":7,"place":"41 km SSW of Aguililla, Mexico","time":515228838120,"updated":1651098016213,"tz":null,"url":"https://earthquake.usgs.gov/earthquakes/eventpage/usp0002tcb","detail":"https://earthquake.usgs.gov/fdsnws/event/1/query?eventid=usp0002tcb&format=geojson","felt":null,"cdi":null,"mmi":6.341,"alert":null,"status":"reviewed","tsunami":0,"sig":754,"net":"us","code":"p0002tcb","ids":",gcmtc043086a,usp0002tcb,gcmt19860430070718,atlas19860430070718,iscgem499384,","sources":",gcmt,us,gcmt,atlas,iscgem,","types":",focal-mechanism,impact-text,origin,phase-data,shakemap,trump-shakemap,","nst":null,"dmin":null,"rms":1.2,"gap":null,"magType":"mw","type":"earthquake","title":"M 7.0 - 41 km SSW of Aguililla, Mexico"},"geometry":{"type":"Point","coordinates":[-102.973,18.404,26.5]},"id":"usp0002tcb"},
{"type":"Feature","properties":{"mag":8,"place":"1986 Atka, Alaska Earthquake","time":515890030870,"updated":1763668472145,"tz":null,"url":"https://earthquake.usgs.gov/earthquakes/eventpage/usp0002tmu","detail":"https://earthquake.usgs.gov/fdsnws/event/1/query?eventid=usp0002tmu&format=geojson","felt":null,"cdi":null,"mmi":7.079,"alert":null,"status":"reviewed","tsunami":0,"sig":985,"net":"us","code":"p0002tmu","ids":",usp0002tmu,gcmtm050786b,ushis3930,gcmt19860507224710,iscgem494936,","sources":",us,gcmt,ushis,gcmt,iscgem,","types":",earthquake-name,focal-mechanism,impact-text,origin,phase-data,shakemap,","nst":null,"dmin":null,"rms":1.1,"gap":null,"magType":"mw","type":"earthquake","title":"M 8.0 - 1986 Atka, Alaska Earthquake"},"geometry":{"type":"Point","coordinates":[-174.776,51.52,33]},"id":"usp0002tmu"},
{"type":"Feature","properties":{"mag":7.1,"place":"230 km S of Suva, Fiji","time":517518375990,"updated":1651097871771,"tz":null,"url":"https://earthquake.usgs.gov/earthquakes/eventpage/usp0002uf4","detail":"https://earthquake.usgs.gov/fdsnws/event/1/query?eventid=usp0002uf4&format=geojson","felt":null,"cdi":null,"mmi":3.687,"alert":null,"status":"reviewed","tsunami":0,"sig":776,"net":"us","code":"p0002uf4","ids":",gcmtc052686c,usp0002uf4,gcmt19860526190617,iscgem496696,","sources":",gcmt,us,gcmt,iscgem,","types":",focal-mechanism,impact-text,origin,phase-data,shakemap,","nst":null,"dmin":null,"rms":0.9,"gap":null,"magType":"mw","type":"earthquake","title":"M 7.1 - 230 km S of Suva, Fiji"},"geometry":{"type":"Point","coordinates":[178.86,-20.19,538.3]},"id":"usp0002uf4"},
{"type":"Feature","properties":{"mag":7.1,"place":"south of the Fiji Islands","time":519302905780,"updated":1651097610802,"tz":null,"url":"https://earthquake.usgs.gov/earthquakes/eventpage/usp0002v3n","detail":"https://earthquake.usgs.gov/fdsnws/event/1/query?eventid=usp0002v3n&format=geojson","felt":null,"cdi":null,"mmi":null,"alert":null,"status":"reviewed","tsunami":0,"sig":776,"net":"us","code":"p0002v3n","ids":",gcmtc061686b,usp0002v3n,gcmt19860616104827,iscgem493303,","sources":",gcmt,us,gcmt,iscgem,","types":",focal-mechanism,impact-text,origin,phase-data,","nst":null,"dmin":null,"rms":1.1,"gap":null,"magType":"mw","type":"earthquake","title":"M 7.1 - south of the Fiji Islands"},"geometry":{"type":"Point","coordinates":[-178.925,-22.037,547]},"id":"usp0002v3n"},
{"type":"Feature","properties":{"mag":7.2,"place":"44 km SSW of Angoram, Papua New Guinea","time":519966690930,"updated":1651097707313,"tz":null,"url":"https://earthquake.usgs.gov/earthquakes/eventpage/usp0002vbr","detail":"https://earthquake.usgs.gov/fdsnws/event/1/query?eventid=usp0002vbr&format=geojson","felt":null,"cdi":null,"mmi":6.657,"alert":null,"status":"reviewed","tsunami":0,"sig":798,"net":"us","code":"p0002vbr","ids":",gcmtc062486b,usp0002vbr,gcmt19860624031133,atlas19860624031134,iscgem493835,","sources":",gcmt,us,gcmt,atlas,iscgem,","types":",focal-mechanism,impact-text,origin,phase-data,shakemap,trump-shakemap,","nst":null,"dmin":null,"rms":1,"gap":null,"magType":"mw","type":"earthquake","title":"M 7.2 - 44 km SSW of Angoram, Papua New Guinea"},"geometry":{"type":"Point","coordinates":[143.943,-4.448,102.3]},"id":"usp0002vbr"},
{"type":"Feature","properties":{"mag":7.5,"place":"146 km NW of Ternate, Indonesia","time":524432353670,"updated":1651097231244,"tz":null,"url":"https://earthquake.usgs.gov/earthquakes/eventpage/usp0002x57","detail":"https://earthquake.usgs.gov/fdsnws/event/1/query?eventid=usp0002x57&format=geojson","felt":null,"cdi":null,"mmi":5.523,"alert":null,"status":"reviewed","tsunami":0,"sig":865,"net":"us","code":"p0002x57","ids":",gcmtc081486a,usp0002x57,gcmt19860814193914,atlas19860814193914,iscgem488621,","sources":",gcmt,us,gcmt,atlas,iscgem,","types":",focal-mechanism,impact-text,origin,phase-data,shakemap,trump-shakemap,","nst":null,"dmin":null,"rms":1.4,"gap":null,"magType":"mw","type":"earthquake","title":"M 7.5 - 146 km NW of Ternate, Indonesia"},"geometry":{"type":"Point","coordinates":[126.519,1.795,33]},"id":"usp0002x57"},
{"type":"Feature","properties":{"mag":7.2,"place":"7 km NNE of Ca?oca, Romania","time":525821315450,"updated":1651097343522,"tz":null,"url":"https://earthquake.usgs.gov/earthquakes/eventpage/usp0002xpm","detail":"https://earthquake.usgs.gov/fdsnws/event/1/query?eventid=usp0002xpm&format=geojson","felt":null,"cdi":null,"mmi":6.249,"alert":null,"status":"reviewed","tsunami":0,"sig":798,"net":"us","code":"p0002xpm","ids":",gcmtc083086a,usp0002xpm,gcmt19860830212835,atlas19860830212837,iscgem489699,","sources":",gcmt,us,gcmt,atlas,iscgem,","types":",focal-mechanism,impact-text,origin,phase-data,shakemap,trump-shakemap,","nst":null,"dmin":null,"rms":1.1,"gap":null,"magType":"mw","type":"earthquake","title":"M 7.2 - 7 km NNE of Ca?oca, Romania"},"geometry":{"type":"Point","coordinates":[26.316,45.547,132.3]},"id":"usp0002xpm"},
{"type":"Feature","properties":{"mag":7.7,"place":"Kermadec Islands region","time":530174769980,"updated":1651096940845,"tz":null,"url":"https://earthquake.usgs.gov/earthquakes/eventpage/usp0002z3j","detail":"https://earthquake.usgs.gov/fdsnws/event/1/query?eventid=usp0002z3j&format=geojson","felt":null,"cdi":null,"mmi":null,"alert":null,"status":"reviewed","tsunami":0,"sig":912,"net":"us","code":"p0002z3j","ids":",gcmtc102086b,usp0002z3j,gcmt19861020064610,iscgem484468,","sources":",gcmt,us,gcmt,iscgem,","types":",focal-mechanism,impact-text,origin,phase-data,","nst":null,"dmin":null,"rms":1.2,"gap":null,"magType":"mw","type":"earthquake","title":"M 7.7 - Kermadec Islands region"},"geometry":{"type":"Point","coordinates":[-176.367,-28.117,29.1]},"id":"usp0002z3j"},
{"type":"Feature","properties":{"mag":7.2,"place":"157 km WSW of Haveluloto, Tonga","time":531019734590,"updated":1651097065831,"tz":null,"url":"https://earthquake.usgs.gov/earthquakes/eventpage/usp0002zgu","detail":"https://earthquake.usgs.gov/fdsnws/event/1/query?eventid=usp0002zgu&format=geojson","felt":null,"cdi":null,"mmi":4.8,"alert":null,"status":"reviewed","tsunami":0,"sig":798,"net":"us","code":"p0002zgu","ids":",gcmtc103086a,usp0002zgu,gcmt19861030012855,atlas19861030012855,iscgem485395,","sources":",gcmt,us,gcmt,atlas,iscgem,","types":",focal-mechanism,impact-text,origin,phase-data,shakemap,","nst":null,"dmin":null,"rms":0.9,"gap":null,"magType":"mw","type":"earthquake","title":"M 7.2 - 157 km WSW of Haveluloto, Tonga"},"geometry":{"type":"Point","coordinates":[-176.616,-21.702,188.1]},"id":"usp0002zgu"},
{"type":"Feature","properties":{"mag":7.4,"place":"8 km SSW of Hualien City, Taiwan","time":532387210550,"updated":1651096801821,"tz":null,"url":"https://earthquake.usgs.gov/earthquakes/eventpage/usp0003009","detail":"https://earthquake.usgs.gov/fdsnws/event/1/query?eventid=usp0003009&format=geojson","felt":null,"cdi":null,"mmi":7.146,"alert":null,"status":"reviewed","tsunami":0,"sig":842,"net":"us","code":"p0003009","ids":",usp0003009,choy19861114212010,gcmtc111486d,usp0003008,gcmt19861114212004,atlas19861114212006,iscgem480637,","sources":",us,choy,gcmt,us,gcmt,atlas,iscgem,","types":",associate,focal-mechanism,impact-text,origin,phase-data,shakemap,trump-shakemap,","nst":null,"dmin":null,"rms":1.2,"gap":null,"magType":"mw","type":"earthquake","title":"M 7.4 - 8 km SSW of Hualien City, Taiwan"},"geometry":{"type":"Point","coordinates":[121.574,23.901,33.8]},"id":"usp0003009"},
{"type":"Feature","properties":{"mag":7,"place":"South Sandwich Islands region","time":539044182090,"updated":1651096577969,"tz":null,"url":"https://earthquake.usgs.gov/earthquakes/eventpage/usp000321p","detail":"https://earthquake.usgs.gov/fdsnws/event/1/query?eventid=usp000321p&format=geojson","felt":null,"cdi":null,"mmi":null,"alert":null,"status":"reviewed","tsunami":0,"sig":754,"net":"us","code":"p000321p","ids":",gcmtc013087a,usp000321p,gcmt19870130222939,iscgem477629,","sources":",gcmt,us,gcmt,iscgem,","types":",focal-mechanism,impact-text,origin,phase-data,","nst":null,"dmin":null,"rms":1.4,"gap":null,"magType":"mw","type":"earthquake","title":"M 7.0 - South Sandwich Islands region"},"geometry":{"type":"Point","coordinates":[-26.916,-60.063,47.6]},"id":"usp000321p"},
{"type":"Feature","properties":{"mag":7.4,"place":"54 km NNW of Finschhafen, Papua New Guinea","time":539807638390,"updated":1651096285783,"tz":null,"url":"https://earthquake.usgs.gov/earthquakes/eventpage/usp000329h","detail":"https://earthquake.usgs.gov/fdsnws/event/1/query?eventid=usp000329h&format=geojson","felt":null,"cdi":null,"mmi":7.18,"alert":null,"status":"reviewed","tsunami":0,"sig":842,"net":"us","code":"p000329h","ids":",choy19870208183358,gcmtc020887b,usp000329h,gcmt19870208183355,atlas19870208183358,iscgem474087,","sources":",choy,gcmt,us,gcmt,atlas,iscgem,","types":",focal-mechanism,ground-failure,impact-text,origin,phase-data,shakemap,trump-shakemap,","nst":null,"dmin":null,"rms":1.3,"gap":null,"magType":"ms","type":"earthquake","title":"M 7.4 - 54 km NNW of Finschhafen, Papua New Guinea"},"geometry":{"type":"Point","coordinates":[147.689,-6.088,54.9]},"id":"usp000329h"},
{"type":"Feature","properties":{"mag":7.6,"place":"84 km SSE of Antofagasta, Chile","time":541934225280,"updated":1651096120167,"tz":null,"url":"https://earthquake.usgs.gov/earthquakes/eventpage/usp0003304","detail":"https://earthquake.usgs.gov/fdsnws/event/1/query?eventid=usp0003304&format=geojson","felt":null,"cdi":null,"mmi":7.42,"alert":null,"status":"reviewed","tsunami":0,"sig":889,"net":"us","code":"p0003304","ids":",gcmtc030587a,usp0003304,gcmt19870305091700,atlas19870305091705,iscgem471277,","sources":",gcmt,us,gcmt,atlas,iscgem,","types":",focal-mechanism,impact-text,origin,phase-data,shakemap,trump-shakemap,","nst":null,"dmin":null,"rms":1.2,"gap":null,"magType":"mw","type":"earthquake","title":"M 7.6 - 84 km SSE of Antofagasta, Chile"},"geometry":{"type":"Point","coordinates":[-70.161,-24.388,62.3]},"id":"usp0003304"},
{"type":"Feature","properties":{"mag":7,"place":"98 km SSW of Antofagasta, Chile","time":541940112350,"updated":1651096124967,"tz":null,"url":"https://earthquake.usgs.gov/earthquakes/eventpage/usp0003308","detail":"https://earthquake.usgs.gov/fdsnws/event/1/query?eventid=usp0003308&format=geojson","felt":null,"cdi":null,"mmi":6.633,"alert":null,"status":"reviewed","tsunami":0,"sig":754,"net":"us","code":"p0003308","ids":",gcmtc030587b,usp0003308,gcmt19870305105511,atlas19870305105514,iscgem471284,","sources":",gcmt,us,gcmt,atlas,iscgem,","types":",focal-mechanism,impact-text,origin,phase-data,shakemap,trump-shakemap,","nst":null,"dmin":null,"rms":1.2,"gap":null,"magType":"mw","type":"earthquake","title":"M 7.0 - 98 km SSW of Antofagasta, Chile"},"geometry":{"type":"Point","coordinates":[-70.701,-24.495,34.8]},"id":"usp0003308"},
{"type":"Feature","properties":{"mag":7.2,"place":"29 km SSE of Pimampiro, Ecuador","time":542002241960,"updated":1651096130431,"tz":null,"url":"https://earthquake.usgs.gov/earthquakes/eventpage/usp000330w","detail":"https://earthquake.usgs.gov/fdsnws/event/1/query?eventid=usp000330w&format=geojson","felt":null,"cdi":null,"mmi":7.043,"alert":null,"status":"reviewed","tsunami":0,"sig":798,"net":"us","code":"p000330w","ids":",gcmtc030687b,usp000330w,gcmt19870306041041,atlas19870306041041,iscgem471340,","sources":",gcmt,us,gcmt,atlas,iscgem,","types":",focal-mechanism,ground-failure,impact-text,origin,phase-data,shakemap,trump-shakemap,","nst":null,"dmin":null,"rms":1.2,"gap":null,"magType":"mw","type":"earthquake","title":"M 7.2 - 29 km SSE of Pimampiro, Ecuador"},"geometry":{"type":"Point","coordinates":[-77.821,0.151,10]},"id":"usp000330w"},
{"type":"Feature","properties":{"mag":7,"place":"52 km W of Abra Pampa, Argentina","time":544240088520,"updated":1651096024764,"tz":null,"url":"https://earthquake.usgs.gov/earthquakes/eventpage/usp00033th","detail":"https://earthquake.usgs.gov/fdsnws/event/1/query?eventid=usp00033th&format=geojson","felt":null,"cdi":null,"mmi":null,"alert":null,"status":"reviewed","tsunami":0,"sig":754,"net":"us","code":"p00033th","ids":",gcmtc040187a,usp00033th,gcmt19870401014804,atlas19870401014807,iscgem468209,","sources":",gcmt,us,gcmt,atlas,iscgem,","types":",focal-mechanism,impact-text,origin,phase-data,","nst":null,"dmin":null,"rms":1.1,"gap":null,"magType":"mw","type":"earthquake","title":"M 7.0 - 52 km W of Abra Pampa, Argentina"},"geometry":{"type":"Point","coordinates":[-66.205,-22.767,248.7]},"id":"usp00033th"},
{"type":"Feature","properties":{"mag":7.1,"place":"217 km W of Tual, Indonesia","time":550891973720,"updated":1651095799792,"tz":null,"url":"https://earthquake.usgs.gov/earthquakes/eventpage/usp00035ur","detail":"https://earthquake.usgs.gov/fdsnws/event/1/query?eventid=usp00035ur&format=geojson","felt":null,"cdi":null,"mmi":5.253,"alert":null,"status":"reviewed","tsunami":0,"sig":776,"net":"us","code":"p00035ur","ids":",choy19870617013253,gcmtc061787a,usp00035ur,gcmt19870617013252,atlas19870617013256,iscgem464501,","sources":",choy,gcmt,us,gcmt,atlas,iscgem,","types":",focal-mechanism,impact-text,origin,phase-data,shakemap,","nst":null,"dmin":null,"rms":1.1,"gap":null,"magType":"mw","type":"earthquake","title":"M 7.1 - 217 km W of Tual, Indonesia"},"geometry":{"type":"Point","coordinates":[130.791,-5.577,67.3]},"id":"usp00035ur"},
{"type":"Feature","properties":{"mag":7.2,"place":"68 km SSE of Arica, Chile","time":555436136750,"updated":1651095410465,"tz":null,"url":"https://earthquake.usgs.gov/earthquakes/eventpage/usp00037c3","detail":"https://earthquake.usgs.gov/fdsnws/event/1/query?eventid=usp00037c3&format=geojson","felt":null,"cdi":null,"mmi":7.21,"alert":null,"status":"reviewed","tsunami":0,"sig":798,"net":"us","code":"p00037c3","ids":",gcmtc080887c,usp00037c3,gcmt19870808154857,atlas19870808154858,iscgem459313,","sources":",gcmt,us,gcmt,atlas,iscgem,","types":",focal-mechanism,impact-text,origin,phase-data,shakemap,trump-shakemap,","nst":null,"dmin":null,"rms":1.1,"gap":null,"magType":"mw","type":"earthquake","title":"M 7.2 - 68 km SSE of Arica, Chile"},"geometry":{"type":"Point","coordinates":[-69.991,-19.022,69.7]},"id":"usp00037c3"},
{"type":"Feature","properties":{"mag":7.4,"place":"Macquarie Island region","time":557649613910,"updated":1651095266367,"tz":null,"url":"https://earthquake.usgs.gov/earthquakes/eventpage/usp000381s","detail":"https://earthquake.usgs.gov/fdsnws/event/1/query?eventid=usp000381s&format=geojson","felt":null,"cdi":null,"mmi":null,"alert":null,"status":"reviewed","tsunami":0,"sig":842,"net":"us","code":"p000381s","ids":",choy19870903064013,gcmtc090387c,usp000381s,gcmt19870903064014,iscgem456812,","sources":",choy,gcmt,us,gcmt,iscgem,","types":",focal-mechanism,impact-text,origin,phase-data,","nst":null,"dmin":null,"rms":1,"gap":null,"magType":"mw","type":"earthquake","title":"M 7.4 - Macquarie Island region"},"geometry":{"type":"Point","coordinates":[158.513,-58.893,33]},"id":"usp000381s"},
{"type":"Feature","properties":{"mag":7.3,"place":"201 km ENE of Neiafu, Tonga","time":560492346080,"updated":1651095105355,"tz":null,"url":"https://earthquake.usgs.gov/earthquakes/eventpage/usp000390n","detail":"https://earthquake.usgs.gov/fdsnws/event/1/query?eventid=usp000390n&format=geojson","felt":null,"cdi":null,"mmi":3.985,"alert":null,"status":"reviewed","tsunami":0,"sig":820,"net":"us","code":"p000390n","ids":",choy19871006041906,gcmtc100687b,usp000390n,gcmt19871006041908,iscgem454760,","sources":",choy,gcmt,us,gcmt,iscgem,","types":",focal-mechanism,impact-text,origin,phase-data,shakemap,","nst":null,"dmin":null,"rms":1,"gap":null,"magType":"mw","type":"earthquake","title":"M 7.3 - 201 km ENE of Neiafu, Tonga"},"geometry":{"type":"Point","coordinates":[-172.225,-17.94,16]},"id":"usp000390n"},
{"type":"Feature","properties":{"mag":7,"place":"163 km SW of Panguna, Papua New Guinea","time":561045424790,"updated":1651095131350,"tz":null,"url":"https://earthquake.usgs.gov/earthquakes/eventpage/usp000396s","detail":"https://earthquake.usgs.gov/fdsnws/event/1/query?eventid=usp000396s&format=geojson","felt":null,"cdi":null,"mmi":4.501,"alert":null,"status":"reviewed","tsunami":0,"sig":754,"net":"us","code":"p000396s","ids":",gcmtc101287a,usp000396s,gcmt19871012135703,atlas19871012135706,iscgem455233,","sources":",gcmt,us,gcmt,atlas,iscgem,","types":",focal-mechanism,impact-text,origin,phase-data,shakemap,trump-shakemap,","nst":null,"dmin":null,"rms":1.1,"gap":null,"magType":"mw","type":"earthquake","title":"M 7.0 - 163 km SW of Panguna, Papua New Guinea"},"geometry":{"type":"Point","coordinates":[154.371,-7.288,24.7]},"id":"usp000396s"},
{"type":"Feature","properties":{"mag":7.4,"place":"54 km W of Kandrian, Papua New Guinea","time":561415681640,"updated":1651095171140,"tz":null,"url":"https://earthquake.usgs.gov/earthquakes/eventpage/usp00039av","detail":"https://earthquake.usgs.gov/fdsnws/event/1/query?eventid=usp00039av&format=geojson","felt":null,"cdi":null,"mmi":6.549,"alert":null,"status":"reviewed","tsunami":0,"sig":842,"net":"us","code":"p00039av","ids":",choy19871016204801,gcmtc101687b,usp00039av,gcmt19871016204758,atlas19871016204800,iscgem455535,","sources":",choy,gcmt,us,gcmt,atlas,iscgem,","types":",focal-mechanism,impact-text,origin,phase-data,shakemap,trump-shakemap,","nst":null,"dmin":null,"rms":1.2,"gap":null,"magType":"mw","type":"earthquake","title":"M 7.4 - 54 km W of Kandrian, Papua New Guinea"},"geometry":{"type":"Point","coordinates":[149.06,-6.266,47.8]},"id":"usp00039av"},
{"type":"Feature","properties":{"mag":7.9,"place":"200 km WSW of Yakutat, Alaska","time":565298599590,"updated":1651095075684,"tz":null,"url":"https://earthquake.usgs.gov/earthquakes/eventpage/usp0003aq8","detail":"https://earthquake.usgs.gov/fdsnws/event/1/query?eventid=usp0003aq8&format=geojson","felt":null,"cdi":null,"mmi":6.16,"alert":null,"status":"reviewed","tsunami":0,"sig":960,"net":"us","code":"p0003aq8","ids":",iscgem454320,choy19871130192319,usp0003aq8,","sources":",iscgem,choy,us,","types":",disassociate,focal-mechanism,impact-text,origin,phase-data,shakemap,trump-origin,","nst":null,"dmin":null,"rms":null,"gap":null,"magType":"mw","type":"earthquake","title":"M 7.9 - 200 km WSW of Yakutat, Alaska"},"geometry":{"type":"Point","coordinates":[-142.786,58.679,10]},"id":"usp0003aq8"},
{"type":"Feature","properties":{"mag":7,"place":"77 km N of Taltal, Chile","time":569575831860,"updated":1651179383832,"tz":null,"url":"https://earthquake.usgs.gov/earthquakes/eventpage/usp0003c61","detail":"https://earthquake.usgs.gov/fdsnws/event/1/query?eventid=usp0003c61&format=geojson","felt":null,"cdi":null,"mmi":6.856,"alert":null,"status":"reviewed","tsunami":0,"sig":754,"net":"us","code":"p0003c61","ids":",choy19880119073031,gcmtc011988b,usp0003c61,gcmt19880119073029,atlas19880119073030,iscgem448284,","sources":",choy,gcmt,us,gcmt,atlas,iscgem,","types":",focal-mechanism,impact-text,origin,phase-data,shakemap,trump-shakemap,","nst":null,"dmin":null,"rms":1.3,"gap":null,"magType":"mw","type":"earthquake","title":"M 7.0 - 77 km N of Taltal, Chile"},"geometry":{"type":"Point","coordinates":[-70.568,-24.71,33]},"id":"usp0003c61"},
{"type":"Feature","properties":{"mag":7.2,"place":"72 km N of Taltal, Chile","time":571068062750,"updated":1651179200470,"tz":null,"url":"https://earthquake.usgs.gov/earthquakes/eventpage/usp0003crv","detail":"https://earthquake.usgs.gov/fdsnws/event/1/query?eventid=usp0003crv&format=geojson","felt":null,"cdi":null,"mmi":7.041,"alert":null,"status":"reviewed","tsunami":0,"sig":798,"net":"us","code":"p0003crv","ids":",choy19880205140102,gcmtc020588c,usp0003crv,gcmt19880205140102,atlas19880205140104,iscgem444899,","sources":",choy,gcmt,us,gcmt,atlas,iscgem,","types":",focal-mechanism,impact-text,origin,phase-data,shakemap,trump-shakemap,","nst":null,"dmin":null,"rms":1.1,"gap":null,"magType":"mw","type":"earthquake","title":"M 7.2 - 72 km N of Taltal, Chile"},"geometry":{"type":"Point","coordinates":[-70.433,-24.753,36.9]},"id":"usp0003crv"},
{"type":"Feature","properties":{"mag":7.3,"place":"37 km ESE of Bato, Philippines","time":572673123290,"updated":1651179298054,"tz":null,"url":"https://earthquake.usgs.gov/earthquakes/eventpage/usp0003da3","detail":"https://earthquake.usgs.gov/fdsnws/event/1/query?eventid=usp0003da3&format=geojson","felt":null,"cdi":null,"mmi":6.518,"alert":null,"status":"reviewed","tsunami":0,"sig":820,"net":"us","code":"p0003da3","ids":",choy19880224035203,gcmtc022488c,usp0003da3,gcmt19880224035202,atlas19880224035206,iscgem446340,","sources":",choy,gcmt,us,gcmt,atlas,iscgem,","types":",focal-mechanism,impact-text,origin,phase-data,shakemap,trump-shakemap,","nst":null,"dmin":null,"rms":1,"gap":null,"magType":"mw","type":"earthquake","title":"M 7.3 - 37 km ESE of Bato, Philippines"},"geometry":{"type":"Point","coordinates":[124.616,13.477,24.9]},"id":"usp0003da3"},
{"type":"Feature","properties":{"mag":7.8,"place":"Gulf of Alaska","time":573690938140,"updated":1651179078629,"tz":null,"url":"https://earthquake.usgs.gov/earthquakes/eventpage/usp0003dnb","detail":"https://earthquake.usgs.gov/fdsnws/event/1/query?eventid=usp0003dnb&format=geojson","felt":null,"cdi":null,"mmi":4.864,"alert":null,"status":"reviewed","tsunami":0,"sig":936,"net":"us","code":"p0003dnb","ids":",choy19880306223538,gcmtc030688b,ushis4074,usp0003dnb,gcmt19880306223535,ak98831is0sx,iscgem442438,atlas19880306223536,","sources":",choy,gcmt,ushis,us,gcmt,ak,iscgem,atlas,","types":",focal-mechanism,impact-text,origin,phase-data,shakemap,trump-origin,trump-shakemap,","nst":null,"dmin":null,"rms":null,"gap":null,"magType":"mw","type":"earthquake","title":"M 7.8 - Gulf of Alaska"},"geometry":{"type":"Point","coordinates":[-143.032,56.953,10]},"id":"usp0003dnb"},
{"type":"Feature","properties":{"mag":7.1,"place":"30 km SW of Islay (Matarani), Peru","time":576890395570,"updated":1651178937908,"tz":null,"url":"https://earthquake.usgs.gov/earthquakes/eventpage/usp0003ezg","detail":"https://earthquake.usgs.gov/fdsnws/event/1/query?eventid=usp0003ezg&format=geojson","felt":null,"cdi":null,"mmi":6.729,"alert":null,"status":"reviewed","tsunami":0,"sig":776,"net":"us","code":"p0003ezg","ids":",gcmtc041288f,usp0003ezg,gcmt19880412231957,atlas19880412231956,iscgem440555,","sources":",gcmt,us,gcmt,atlas,iscgem,","types":",focal-mechanism,impact-text,origin,phase-data,shakemap,trump-shakemap,","nst":null,"dmin":null,"rms":1.2,"gap":null,"magType":"mw","type":"earthquake","title":"M 7.1 - 30 km SW of Islay (Matarani), Peru"},"geometry":{"type":"Point","coordinates":[-72.305,-17.192,33.1]},"id":"usp0003ezg"},
{"type":"Feature","properties":{"mag":7,"place":"247 km SSE of Kokopo, Papua New Guinea","time":585674228180,"updated":1651178544863,"tz":null,"url":"https://earthquake.usgs.gov/earthquakes/eventpage/usp0003j4t","detail":"https://earthquake.usgs.gov/fdsnws/event/1/query?eventid=usp0003j4t&format=geojson","felt":null,"cdi":null,"mmi":null,"alert":null,"status":"reviewed","tsunami":0,"sig":754,"net":"us","code":"p0003j4t","ids":",choy19880723151708,gcmtc072388d,usp0003j4t,gcmt19880723151710,iscgem432164,","sources":",choy,gcmt,us,gcmt,iscgem,","types":",focal-mechanism,impact-text,origin,phase-data,","nst":null,"dmin":null,"rms":0.9,"gap":null,"magType":"mw","type":"earthquake","title":"M 7.0 - 247 km SSE of Kokopo, Papua New Guinea"},"geometry":{"type":"Point","coordinates":[152.779,-6.526,16.6]},"id":"usp0003j4t"},
{"type":"Feature","properties":{"mag":7,"place":"112 km ESE of Tual, Indonesia","time":585816366690,"updated":1651178551006,"tz":null,"url":"https://earthquake.usgs.gov/earthquakes/eventpage/usp0003j6r","detail":"https://earthquake.usgs.gov/fdsnws/event/1/query?eventid=usp0003j6r&format=geojson","felt":null,"cdi":null,"mmi":5.514,"alert":null,"status":"reviewed","tsunami":0,"sig":754,"net":"us","code":"p0003j6r","ids":",choy19880725064606,gcmtc072588a,usp0003j6r,gcmt19880725064606,atlas19880725064609,iscgem432305,","sources":",choy,gcmt,us,gcmt,atlas,iscgem,","types":",focal-mechanism,impact-text,origin,phase-data,shakemap,trump-shakemap,","nst":null,"dmin":null,"rms":1,"gap":null,"magType":"mw","type":"earthquake","title":"M 7.0 - 112 km ESE of Tual, Indonesia"},"geometry":{"type":"Point","coordinates":[133.667,-6.081,27.7]},"id":"usp0003j6r"},
{"type":"Feature","properties":{"mag":7.3,"place":"85 km SE of Phek, India","time":586830984650,"updated":1651178212060,"tz":null,"url":"https://earthquake.usgs.gov/earthquakes/eventpage/usp0003jpw","detail":"https://earthquake.usgs.gov/fdsnws/event/1/query?eventid=usp0003jpw&format=geojson","felt":null,"cdi":null,"mmi":7.002,"alert":null,"status":"reviewed","tsunami":0,"sig":820,"net":"us","code":"p0003jpw","ids":",gcmtc080688a,usp0003jpw,gcmt19880806003624,atlas19880806003626,iscgem428070,","sources":",gcmt,us,gcmt,atlas,iscgem,","types":",focal-mechanism,impact-text,origin,phase-data,shakemap,trump-shakemap,","nst":null,"dmin":null,"rms":1.1,"gap":null,"magType":"mw","type":"earthquake","title":"M 7.3 - 85 km SE of Phek, India"},"geometry":{"type":"Point","coordinates":[95.127,25.149,90.5]},"id":"usp0003jpw"},
{"type":"Feature","properties":{"mag":7.6,"place":"121 km W of Kirakira, Solomon Islands","time":587191106170,"updated":1651166832624,"tz":null,"url":"https://earthquake.usgs.gov/earthquakes/eventpage/usp0003jtm","detail":"https://earthquake.usgs.gov/fdsnws/event/1/query?eventid=usp0003jtm&format=geojson","felt":null,"cdi":null,"mmi":6.575,"alert":null,"status":"reviewed","tsunami":0,"sig":889,"net":"us","code":"p0003jtm","ids":",choy19880810043826,gcmtc081088a,usp0003jtm,gcmt19880810043826,atlas19880810043828,iscgem428567,","sources":",choy,gcmt,us,gcmt,atlas,iscgem,","types":",focal-mechanism,impact-text,origin,phase-data,shakemap,trump-shakemap,","nst":null,"dmin":null,"rms":1.5,"gap":null,"magType":"mw","type":"earthquake","title":"M 7.6 - 121 km W of Kirakira, Solomon Islands"},"geometry":{"type":"Point","coordinates":[160.819,-10.366,34]},"id":"usp0003jtm"},
{"type":"Feature","properties":{"mag":7.1,"place":"166 km E of Neiafu, Tonga","time":592289184530,"updated":1651177966826,"tz":null,"url":"https://earthquake.usgs.gov/earthquakes/eventpage/usp0003mmh","detail":"https://earthquake.usgs.gov/fdsnws/event/1/query?eventid=usp0003mmh&format=geojson","felt":null,"cdi":null,"mmi":null,"alert":null,"status":"reviewed","tsunami":0,"sig":776,"net":"us","code":"p0003mmh","ids":",choy19881008044624,gcmtc100888b,usp0003mmh,gcmt19881008044627,iscgem422192,","sources":",choy,gcmt,us,gcmt,iscgem,","types":",focal-mechanism,impact-text,origin,phase-data,","nst":null,"dmin":null,"rms":1,"gap":null,"magType":"mw","type":"earthquake","title":"M 7.1 - 166 km E of Neiafu, Tonga"},"geometry":{"type":"Point","coordinates":[-172.415,-18.771,35.2]},"id":"usp0003mmh"},
{"type":"Feature","properties":{"mag":7.7,"place":"145 km NW of Jinghong, China","time":594824599340,"updated":1651177819904,"tz":null,"url":"https://earthquake.usgs.gov/earthquakes/eventpage/usp0003nks","detail":"https://earthquake.usgs.gov/fdsnws/event/1/query?eventid=usp0003nks&format=geojson","felt":null,"cdi":null,"mmi":9.048,"alert":null,"status":"reviewed","tsunami":0,"sig":912,"net":"us","code":"p0003nks","ids":",choy19881106130319,gcmtc110688b,usp0003nks,atlas19881106130322,iscgem419867,atlas19881106130321,","sources":",choy,gcmt,us,atlas,iscgem,atlas,","types":",focal-mechanism,impact-text,origin,phase-data,shakemap,trump-shakemap,","nst":null,"dmin":null,"rms":1.6,"gap":null,"magType":"mw","type":"earthquake","title":"M 7.7 - 145 km NW of Jinghong, China"},"geometry":{"type":"Point","coordinates":[99.611,22.789,17.8]},"id":"usp0003nks"},
{"type":"Feature","properties":{"mag":7.1,"place":"152 km WNW of Tobelo, Indonesia","time":603112524680,"updated":1651177471282,"tz":null,"url":"https://earthquake.usgs.gov/earthquakes/eventpage/usp0003rqq","detail":"https://earthquake.usgs.gov/fdsnws/event/1/query?eventid=usp0003rqq&format=geojson","felt":null,"cdi":null,"mmi":5.179,"alert":null,"status":"reviewed","tsunami":0,"sig":776,"net":"us","code":"p0003rqq","ids":",choy19890210111524,gcmtc021089a,usp0003rqq,gcmt19890210111522,atlas19890210111525,iscgem412409,","sources":",choy,gcmt,us,gcmt,atlas,iscgem,","types":",focal-mechanism,impact-text,origin,phase-data,shakemap,trump-shakemap,","nst":null,"dmin":null,"rms":1.3,"gap":null,"magType":"mw","type":"earthquake","title":"M 7.1 - 152 km WNW of Tobelo, Indonesia"},"geometry":{"type":"Point","coordinates":[126.76,2.305,44]},"id":"usp0003rqq"},
{"type":"Feature","properties":{"mag":7.1,"place":"69 km W of Tarauacá, Brazil","time":610396119450,"updated":1651177027050,"tz":null,"url":"https://earthquake.usgs.gov/earthquakes/eventpage/usp0003uxu","detail":"https://earthquake.usgs.gov/fdsnws/event/1/query?eventid=usp0003uxu&format=geojson","felt":null,"cdi":null,"mmi":null,"alert":null,"status":"reviewed","tsunami":0,"sig":776,"net":"us","code":"p0003uxu","ids":",choy19890505182839,gcmtc050589a,usp0003uxu,gcmt19890505182840,atlas19890505182840,iscgem403851,","sources":",choy,gcmt,us,gcmt,atlas,iscgem,","types":",focal-mechanism,impact-text,origin,phase-data,","nst":null,"dmin":null,"rms":1,"gap":null,"magType":"mw","type":"earthquake","title":"M 7.1 - 69 km W of Tarauacá, Brazil"},"geometry":{"type":"Point","coordinates":[-71.381,-8.281,593.4]},"id":"usp0003uxu"},
{"type":"Feature","properties":{"mag":7,"place":"Kermadec Islands, New Zealand","time":611110790450,"updated":1651177047970,"tz":null,"url":"https://earthquake.usgs.gov/earthquakes/eventpage/usp0003v79","detail":"https://earthquake.usgs.gov/fdsnws/event/1/query?eventid=usp0003v79&format=geojson","felt":null,"cdi":null,"mmi":null,"alert":null,"status":"reviewed","tsunami":0,"sig":754,"net":"us","code":"p0003v79","ids":",choy19890514005950,gcmtc051489a,usp0003v79,gcmt19890514005949,iscgem404601,","sources":",choy,gcmt,us,gcmt,iscgem,","types":",focal-mechanism,impact-text,origin,phase-data,","nst":null,"dmin":null,"rms":1.1,"gap":null,"magType":"mw","type":"earthquake","title":"M 7.0 - Kermadec Islands, New Zealand"},"geometry":{"type":"Point","coordinates":[-178.414,-30.523,43.8]},"id":"usp0003v79"},
{"type":"Feature","properties":{"mag":8.02,"place":"1989 Macquarie Ridge Earthquake","time":611924086320,"updated":1764175804977,"tz":null,"url":"https://earthquake.usgs.gov/earthquakes/eventpage/official19890523105446320_10","detail":"https://earthquake.usgs.gov/fdsnws/event/1/query?eventid=official19890523105446320_10&format=geojson","felt":null,"cdi":null,"mmi":4.414,"alert":null,"status":"reviewed","tsunami":0,"sig":990,"net":"official","code":"19890523105446320_10","ids":",official19890523105446320_10,gcmtc052389a,usp0003vj7,gcmt19890523105446,iscgem405456,","sources":",official,gcmt,us,gcmt,iscgem,","types":",earthquake-name,focal-mechanism,general-header,impact-text,origin,phase-data,shakemap,trump-origin,","nst":null,"dmin":null,"rms":null,"gap":null,"magType":"mwc","type":"earthquake","title":"M 8.0 - 1989 Macquarie Ridge Earthquake"},"geometry":{"type":"Point","coordinates":[160.568,-52.341,10]},"id":"official19890523105446320_10"},
{"type":"Feature","properties":{"mag":7,"place":"164 km SE of Chignik, Alaska","time":620918098520,"updated":1651176634930,"tz":null,"url":"https://earthquake.usgs.gov/earthquakes/eventpage/ak989bcpkhdo","detail":"https://earthquake.usgs.gov/fdsnws/event/1/query?eventid=ak989bcpkhdo&format=geojson","felt":null,"cdi":null,"mmi":null,"alert":null,"status":"reviewed","tsunami":0,"sig":754,"net":"ak","code":"989bcpkhdo","ids":",choy19890904131458,gcmtc090489c,ushis4140,usp0003z7h,gcmt19890904131501,iscgem391659,ak989bcpkhdo,","sources":",choy,gcmt,ushis,us,gcmt,iscgem,ak,","types":",focal-mechanism,impact-text,origin,phase-data,","nst":null,"dmin":null,"rms":0.24,"gap":null,"magType":"mw","type":"earthquake","title":"M 7.0 - 164 km SE of Chignik, Alaska"},"geometry":{"type":"Point","coordinates":[-156.4293,55.3217,11]},"id":"ak989bcpkhdo"},
{"type":"Feature","properties":{"mag":7.4,"place":"73 km ENE of Miyako, Japan","time":625947934940,"updated":1651176381165,"tz":null,"url":"https://earthquake.usgs.gov/earthquakes/eventpage/usp00041kg","detail":"https://earthquake.usgs.gov/fdsnws/event/1/query?eventid=usp00041kg&format=geojson","felt":null,"cdi":null,"mmi":6.107,"alert":null,"status":"reviewed","tsunami":0,"sig":842,"net":"us","code":"p00041kg","ids":",choy19891101182534,gcmtc110189e,usp00041kg,gcmt19891101182535,atlas19891101182536,iscgem385565,","sources":",choy,gcmt,us,gcmt,atlas,iscgem,","types":",focal-mechanism,impact-text,origin,phase-data,shakemap,trump-shakemap,","nst":null,"dmin":null,"rms":1.1,"gap":null,"magType":"mw","type":"earthquake","title":"M 7.4 - 73 km ENE of Miyako, Japan"},"geometry":{"type":"Point","coordinates":[142.76,39.837,28.6]},"id":"usp00041kg"},
{"type":"Feature","properties":{"mag":7.1,"place":"59 km ESE of Kainantu, Papua New Guinea","time":629041124850,"updated":1651176232298,"tz":null,"url":"https://earthquake.usgs.gov/earthquakes/eventpage/usp00042ug","detail":"https://earthquake.usgs.gov/fdsnws/event/1/query?eventid=usp00042ug&format=geojson","felt":null,"cdi":null,"mmi":7.031,"alert":null,"status":"reviewed","tsunami":0,"sig":776,"net":"us","code":"p00042ug","ids":",choy19891207133844,gcmtc120789b,usp00042ug,gcmt19891207133845,atlas19891207133846,iscgem383233,","sources":",choy,gcmt,us,gcmt,atlas,iscgem,","types":",focal-mechanism,impact-text,origin,phase-data,shakemap,trump-shakemap,","nst":null,"dmin":null,"rms":0.9,"gap":null,"magType":"mw","type":"earthquake","title":"M 7.1 - 59 km ESE of Kainantu, Papua New Guinea"},"geometry":{"type":"Point","coordinates":[146.383,-6.436,104.4]},"id":"usp00042ug"},
{"type":"Feature","properties":{"mag":7.6,"place":"37 km ENE of Barcelona, Philippines","time":629750625030,"updated":1651176259072,"tz":null,"url":"https://earthquake.usgs.gov/earthquakes/eventpage/usp000433j","detail":"https://earthquake.usgs.gov/fdsnws/event/1/query?eventid=usp000433j&format=geojson","felt":null,"cdi":null,"mmi":6.67,"alert":null,"status":"reviewed","tsunami":0,"sig":889,"net":"us","code":"p000433j","ids":",choy19891215184345,gcmtc121589b,usp000433j,gcmt19891215184346,atlas19891215184347,iscgem383905,","sources":",choy,gcmt,us,gcmt,atlas,iscgem,","types":",focal-mechanism,impact-text,origin,phase-data,shakemap,trump-shakemap,","nst":null,"dmin":null,"rms":1.4,"gap":null,"magType":"mw","type":"earthquake","title":"M 7.6 - 37 km ENE of Barcelona, Philippines"},"geometry":{"type":"Point","coordinates":[126.729,8.337,24.4]},"id":"usp000433j"},
{"type":"Feature","properties":{"mag":7.6,"place":"south of the Fiji Islands","time":636466587960,"updated":1651175646232,"tz":null,"url":"https://earthquake.usgs.gov/earthquakes/eventpage/usp000464d","detail":"https://earthquake.usgs.gov/fdsnws/event/1/query?eventid=usp000464d&format=geojson","felt":null,"cdi":null,"mmi":4.064,"alert":null,"status":"reviewed","tsunami":0,"sig":889,"net":"us","code":"p000464d","ids":",choy19900303121627,gcmtc030390b,usp000464d,gcmt19900303121626,duputel030390b,iscgem374521,","sources":",choy,gcmt,us,gcmt,duputel,iscgem,","types":",focal-mechanism,impact-text,moment-tensor,origin,phase-data,shakemap,","nst":null,"dmin":null,"rms":1.3,"gap":null,"magType":"mw","type":"earthquake","title":"M 7.6 - south of the Fiji Islands"},"geometry":{"type":"Point","coordinates":[175.163,-22.122,33.2]},"id":"usp000464d"},
{"type":"Feature","properties":{"mag":7.1,"place":"69 km SSW of Port-Vila, Vanuatu","time":636655092570,"updated":1651175669877,"tz":null,"url":"https://earthquake.usgs.gov/earthquakes/eventpage/usp000467e","detail":"https://earthquake.usgs.gov/fdsnws/event/1/query?eventid=usp000467e&format=geojson","felt":null,"cdi":null,"mmi":5.696,"alert":null,"status":"reviewed","tsunami":0,"sig":776,"net":"us","code":"p000467e","ids":",choy19900305163812,gcmtc030590a,usp000467e,gcmt19900305163815,duputel030590a,atlas19900305163814,iscgem374735,","sources":",choy,gcmt,us,gcmt,duputel,atlas,iscgem,","types":",focal-mechanism,impact-text,moment-tensor,origin,phase-data,shakemap,trump-shakemap,","nst":null,"dmin":null,"rms":1.2,"gap":null,"magType":"mw","type":"earthquake","title":"M 7.1 - 69 km SSW of Port-Vila, Vanuatu"},"geometry":{"type":"Point","coordinates":[168.063,-18.318,20.7]},"id":"usp000467e"},
{"type":"Feature","properties":{"mag":7.3,"place":"7 km SSE of Puntarenas, Costa Rica","time":638371375600,"updated":1651175785530,"tz":null,"url":"https://earthquake.usgs.gov/earthquakes/eventpage/usp0004720","detail":"https://earthquake.usgs.gov/fdsnws/event/1/query?eventid=usp0004720&format=geojson","felt":null,"cdi":null,"mmi":7.845,"alert":null,"status":"reviewed","tsunami":0,"sig":820,"net":"us","code":"p0004720","ids":",choy19900325132255,gcmtc032590d,usp0004720,duputel032590d,gcmt19900325132254,atlas19900325132256,iscgem376633,","sources":",choy,gcmt,us,duputel,gcmt,atlas,iscgem,","types":",focal-mechanism,impact-text,moment-tensor,origin,phase-data,shakemap,trump-shakemap,","nst":null,"dmin":null,"rms":1.1,"gap":null,"magType":"mw","type":"earthquake","title":"M 7.3 - 7 km SSE of Puntarenas, Costa Rica"},"geometry":{"type":"Point","coordinates":[-84.808,9.919,22.2]},"id":"usp0004720"},
{"type":"Feature","properties":{"mag":7.6,"place":"198 km E of Saipan, Northern Mariana Islands","time":639349955550,"updated":1651175472196,"tz":null,"url":"https://earthquake.usgs.gov/earthquakes/eventpage/usp00047gj","detail":"https://earthquake.usgs.gov/fdsnws/event/1/query?eventid=usp00047gj&format=geojson","felt":null,"cdi":null,"mmi":4.796,"alert":null,"status":"reviewed","tsunami":0,"sig":889,"net":"us","code":"p00047gj","ids":",usp00047gj,choy19900405211235,gcmtc040590c,duputel040590c,gcmt19900405211238,iscgem371444,","sources":",us,choy,gcmt,duputel,gcmt,iscgem,","types":",finite-fault,focal-mechanism,impact-text,moment-tensor,origin,phase-data,shakemap,","nst":null,"dmin":null,"rms":1.2,"gap":null,"magType":"mw","type":"earthquake","title":"M 7.6 - 198 km E of Saipan, Northern Mariana Islands"},"geometry":{"type":"Point","coordinates":[147.596,15.125,11.4]},"id":"usp00047gj"},
{"type":"Feature","properties":{"mag":7.8,"place":"75 km NNW of Gorontalo, Indonesia","time":640445959010,"updated":1651175525247,"tz":null,"url":"https://earthquake.usgs.gov/earthquakes/eventpage/usp000482z","detail":"https://earthquake.usgs.gov/fdsnws/event/1/query?eventid=usp000482z&format=geojson","felt":null,"cdi":null,"mmi":7.011,"alert":null,"status":"reviewed","tsunami":0,"sig":936,"net":"us","code":"p000482z","ids":",usp000482z,choy19900418133919,gcmtc041890b,duputel041890b,gcmt19900418133919,atlas19900418133922,iscgem372787,","sources":",us,choy,gcmt,duputel,gcmt,atlas,iscgem,","types":",finite-fault,focal-mechanism,impact-text,moment-tensor,origin,phase-data,shakemap,trump-shakemap,","nst":null,"dmin":null,"rms":1.2,"gap":null,"magType":"mw","type":"earthquake","title":"M 7.8 - 75 km NNW of Gorontalo, Indonesia"},"geometry":{"type":"Point","coordinates":[122.857,1.186,25.7]},"id":"usp000482z"},
{"type":"Feature","properties":{"mag":7.2,"place":"16 km WSW of Uglegorsk, Russia","time":642487808710,"updated":1651175336523,"tz":null,"url":"https://earthquake.usgs.gov/earthquakes/eventpage/usp000496v","detail":"https://earthquake.usgs.gov/fdsnws/event/1/query?eventid=usp000496v&format=geojson","felt":null,"cdi":null,"mmi":null,"alert":null,"status":"reviewed","tsunami":0,"sig":798,"net":"us","code":"p000496v","ids":",choy19900512045008,gcmtc051290a,usp000496v,gcmt19900512045009,duputel051290a,iscgem369017,","sources":",choy,gcmt,us,gcmt,duputel,iscgem,","types":",focal-mechanism,impact-text,moment-tensor,origin,phase-data,","nst":null,"dmin":null,"rms":0.8,"gap":null,"magType":"mw","type":"earthquake","title":"M 7.2 - 16 km WSW of Uglegorsk, Russia"},"geometry":{"type":"Point","coordinates":[141.847,49.037,605.7]},"id":"usp000496v"},
{"type":"Feature","properties":{"mag":7.2,"place":"69 km ENE of Juba, South Sudan","time":643170121620,"updated":1651175370595,"tz":null,"url":"https://earthquake.usgs.gov/earthquakes/eventpage/usp00049hf","detail":"https://earthquake.usgs.gov/fdsnws/event/1/query?eventid=usp00049hf&format=geojson","felt":null,"cdi":null,"mmi":8.414,"alert":null,"status":"reviewed","tsunami":0,"sig":798,"net":"us","code":"p00049hf","ids":",choy19900520022201,gcmtc052090a,usp00049hf,gcmt19900520022159,duputel052090a,atlas19900520022201,iscgem369792,","sources":",choy,gcmt,us,gcmt,duputel,atlas,iscgem,","types":",focal-mechanism,impact-text,moment-tensor,origin,phase-data,shakemap,trump-shakemap,","nst":null,"dmin":null,"rms":1.1,"gap":null,"magType":"mw","type":"earthquake","title":"M 7.2 - 69 km ENE of Juba, South Sudan"},"geometry":{"type":"Point","coordinates":[32.145,5.121,14.9]},"id":"usp00049hf"},
{"type":"Feature","properties":{"mag":7.1,"place":"63 km NNE of Juba, South Sudan","time":643579208190,"updated":1651175385747,"tz":null,"url":"https://earthquake.usgs.gov/earthquakes/eventpage/usp00049qe","detail":"https://earthquake.usgs.gov/fdsnws/event/1/query?eventid=usp00049qe&format=geojson","felt":null,"cdi":null,"mmi":8.385,"alert":null,"status":"reviewed","tsunami":0,"sig":776,"net":"us","code":"p00049qe","ids":",choy19900524200008,gcmtc052490b,usp00049qe,gcmt19900524200007,duputel052490b,atlas19900524200009,iscgem370216,","sources":",choy,gcmt,us,gcmt,duputel,atlas,iscgem,","types":",focal-mechanism,impact-text,moment-tensor,origin,phase-data,shakemap,trump-shakemap,","nst":null,"dmin":null,"rms":1,"gap":null,"magType":"mw","type":"earthquake","title":"M 7.1 - 63 km NNE of Juba, South Sudan"},"geometry":{"type":"Point","coordinates":[31.848,5.358,16]},"id":"usp00049qe"},
{"type":"Feature","properties":{"mag":7.1,"place":"135 km NNE of Labuan Bajo, Indonesia","time":643579763240,"updated":1651175386775,"tz":null,"url":"https://earthquake.usgs.gov/earthquakes/eventpage/usp00049qg","detail":"https://earthquake.usgs.gov/fdsnws/event/1/query?eventid=usp00049qg&format=geojson","felt":null,"cdi":null,"mmi":null,"alert":null,"status":"reviewed","tsunami":0,"sig":776,"net":"us","code":"p00049qg","ids":",gcmtc052490c,usp00049qg,gcmt19900524200923,atlas19900524200924,iscgem370218,","sources":",gcmt,us,gcmt,atlas,iscgem,","types":",focal-mechanism,impact-text,origin,phase-data,","nst":null,"dmin":null,"rms":0.9,"gap":null,"magType":"mw","type":"earthquake","title":"M 7.1 - 135 km NNE of Labuan Bajo, Indonesia"},"geometry":{"type":"Point","coordinates":[120.363,-7.363,588.9]},"id":"usp00049qg"},
{"type":"Feature","properties":{"mag":7,"place":"5 km W of Nistore?ti, Romania","time":644064006140,"updated":1651175402373,"tz":null,"url":"https://earthquake.usgs.gov/earthquakes/eventpage/usp00049yk","detail":"https://earthquake.usgs.gov/fdsnws/event/1/query?eventid=usp00049yk&format=geojson","felt":null,"cdi":null,"mmi":7.865,"alert":null,"status":"reviewed","tsunami":0,"sig":754,"net":"us","code":"p00049yk","ids":",choy19900530104006,gcmtc053090c,usp00049yk,gcmt19900530104006,duputel053090c,atlas19900530104007,iscgem370780,","sources":",choy,gcmt,us,gcmt,duputel,atlas,iscgem,","types":",focal-mechanism,impact-text,moment-tensor,origin,phase-data,shakemap,trump-shakemap,","nst":null,"dmin":null,"rms":1,"gap":null,"magType":"mw","type":"earthquake","title":"M 7.0 - 5 km W of Nistore?ti, Romania"},"geometry":{"type":"Point","coordinates":[26.668,45.841,89.3]},"id":"usp00049yk"},
{"type":"Feature","properties":{"mag":7.1,"place":"0 km ESE of Union, Philippines","time":645349256210,"updated":1651166709249,"tz":null,"url":"https://earthquake.usgs.gov/earthquakes/eventpage/usp0004ag6","detail":"https://earthquake.usgs.gov/fdsnws/event/1/query?eventid=usp0004ag6&format=geojson","felt":null,"cdi":null,"mmi":7.52,"alert":null,"status":"reviewed","tsunami":0,"sig":776,"net":"us","code":"p0004ag6","ids":",gcmtc061490b,usp0004ag6,gcmt19900614074053,duputel061490b,atlas19900614074055,iscgem366142,","sources":",gcmt,us,gcmt,duputel,atlas,iscgem,","types":",focal-mechanism,impact-text,moment-tensor,origin,phase-data,shakemap,trump-shakemap,","nst":null,"dmin":null,"rms":1.2,"gap":null,"magType":"mw","type":"earthquake","title":"M 7.1 - 0 km ESE of Union, Philippines"},"geometry":{"type":"Point","coordinates":[121.899,11.76,18.1]},"id":"usp0004ag6"},
{"type":"Feature","properties":{"mag":7.4,"place":"23 km N of P?deg?n-e Manj?l, Iran","time":645915609980,"updated":1651175250083,"tz":null,"url":"https://earthquake.usgs.gov/earthquakes/eventpage/usp0004arq","detail":"https://earthquake.usgs.gov/fdsnws/event/1/query?eventid=usp0004arq&format=geojson","felt":null,"cdi":null,"mmi":9.296,"alert":null,"status":"reviewed","tsunami":0,"sig":842,"net":"us","code":"p0004arq","ids":",choy19900620210009,gcmtm062090b,usp0004arq,gcmt19900620210008,duputel062090b,atlas19900620210009,iscgem366754,","sources":",choy,gcmt,us,gcmt,duputel,atlas,iscgem,","types":",focal-mechanism,ground-failure,impact-text,moment-tensor,origin,phase-data,shakemap,trump-shakemap,","nst":null,"dmin":null,"rms":1.2,"gap":null,"magType":"mw","type":"earthquake","title":"M 7.4 - 23 km N of P?deg?n-e Manj?l, Iran"},"geometry":{"type":"Point","coordinates":[49.409,36.957,18.5]},"id":"usp0004arq"},
{"type":"Feature","properties":{"mag":7.7,"place":"4 km E of Macapsing, Philippines","time":648113194610,"updated":1651174978516,"tz":null,"url":"https://earthquake.usgs.gov/earthquakes/eventpage/usp0004bxs","detail":"https://earthquake.usgs.gov/fdsnws/event/1/query?eventid=usp0004bxs&format=geojson","felt":null,"cdi":null,"mmi":9.281,"alert":null,"status":"reviewed","tsunami":0,"sig":912,"net":"us","code":"p0004bxs","ids":",choy19900716072634,gcmtc071690a,usp0004bxs,duputel071690a,gcmt19900716072634,atlas19900716072634,iscgem362868,","sources":",choy,gcmt,us,duputel,gcmt,atlas,iscgem,","types":",focal-mechanism,ground-failure,impact-text,moment-tensor,origin,phase-data,shakemap,trump-shakemap,","nst":null,"dmin":null,"rms":1.1,"gap":null,"magType":"mw","type":"earthquake","title":"M 7.7 - 4 km E of Macapsing, Philippines"},"geometry":{"type":"Point","coordinates":[121.172,15.679,25.1]},"id":"usp0004bxs"},
{"type":"Feature","properties":{"mag":7.2,"place":"37 km ENE of Luganville, Vanuatu","time":649082279550,"updated":1651175097622,"tz":null,"url":"https://earthquake.usgs.gov/earthquakes/eventpage/usp0004cm6","detail":"https://earthquake.usgs.gov/fdsnws/event/1/query?eventid=usp0004cm6&format=geojson","felt":null,"cdi":null,"mmi":6.746,"alert":null,"status":"reviewed","tsunami":0,"sig":798,"net":"us","code":"p0004cm6","ids":",choy19900727123759,usp0004cm6,gcmt19900727123800,duputel072790b,atlas19900727123800,iscgem364253,","sources":",choy,us,gcmt,duputel,atlas,iscgem,","types":",focal-mechanism,impact-text,moment-tensor,origin,phase-data,shakemap,trump-shakemap,","nst":null,"dmin":null,"rms":1,"gap":null,"magType":"mw","type":"earthquake","title":"M 7.2 - 37 km ENE of Luganville, Vanuatu"},"geometry":{"type":"Point","coordinates":[167.464,-15.355,125.7]},"id":"usp0004cm6"},
{"type":"Feature","properties":{"mag":7.1,"place":"19 km NW of Isangel, Vanuatu","time":650496321950,"updated":1651174821017,"tz":null,"url":"https://earthquake.usgs.gov/earthquakes/eventpage/usp0004dad","detail":"https://earthquake.usgs.gov/fdsnws/event/1/query?eventid=usp0004dad&format=geojson","felt":null,"cdi":null,"mmi":6.5,"alert":null,"status":"reviewed","tsunami":0,"sig":776,"net":"us","code":"p0004dad","ids":",choy19900812212521,gcmtc081290c,usp0004dad,gcmt19900812212522,duputel081290c,atlas19900812212523,iscgem359314,","sources":",choy,gcmt,us,gcmt,duputel,atlas,iscgem,","types":",focal-mechanism,impact-text,moment-tensor,origin,phase-data,shakemap,trump-shakemap,","nst":null,"dmin":null,"rms":1.1,"gap":null,"magType":"mw","type":"earthquake","title":"M 7.1 - 19 km NW of Isangel, Vanuatu"},"geometry":{"type":"Point","coordinates":[169.132,-19.435,140.4]},"id":"usp0004dad"},
{"type":"Feature","properties":{"mag":7,"place":"130 km W of Iñapari, Peru","time":656173813160,"updated":1651174554346,"tz":null,"url":"https://earthquake.usgs.gov/earthquakes/eventpage/usp0004fv5","detail":"https://earthquake.usgs.gov/fdsnws/event/1/query?eventid=usp0004fv5&format=geojson","felt":null,"cdi":null,"mmi":2.897,"alert":null,"status":"reviewed","tsunami":0,"sig":754,"net":"us","code":"p0004fv5","ids":",choy19901017143013,gcmtc101790b,usp0004fv5,gcmt19901017143014,duputel101790b,atlas19901017143013,iscgem353859,","sources":",choy,gcmt,us,gcmt,duputel,atlas,iscgem,","types":",focal-mechanism,impact-text,moment-tensor,origin,phase-data,shakemap,","nst":null,"dmin":null,"rms":1,"gap":null,"magType":"mw","type":"earthquake","title":"M 7.0 - 130 km W of Iñapari, Peru"},"geometry":{"type":"Point","coordinates":[-70.776,-10.97,598.8]},"id":"usp0004fv5"},
{"type":"Feature","properties":{"mag":7.1,"place":"231 km WNW of Attu Station, Alaska","time":657922469740,"updated":1651174388375,"tz":null,"url":"https://earthquake.usgs.gov/earthquakes/eventpage/usp0004gkj","detail":"https://earthquake.usgs.gov/fdsnws/event/1/query?eventid=usp0004gkj&format=geojson","felt":null,"cdi":null,"mmi":null,"alert":null,"status":"reviewed","tsunami":0,"sig":776,"net":"us","code":"p0004gkj","ids":",choy19901106201429,gcmtc110690d,usp0004gkj,gcmt19901106201430,duputel110690d,iscgem349828,","sources":",choy,gcmt,us,gcmt,duputel,iscgem,","types":",focal-mechanism,impact-text,moment-tensor,origin,phase-data,","nst":null,"dmin":null,"rms":0.9,"gap":null,"magType":"mw","type":"earthquake","title":"M 7.1 - 231 km WNW of Attu Station, Alaska"},"geometry":{"type":"Point","coordinates":[169.871,53.452,24.8]},"id":"usp0004gkj"},
{"type":"Feature","properties":{"mag":7.5,"place":"104 km ENE of Kimbe, Papua New Guinea","time":662584458930,"updated":1651174373354,"tz":null,"url":"https://earthquake.usgs.gov/earthquakes/eventpage/usp0004k00","detail":"https://earthquake.usgs.gov/fdsnws/event/1/query?eventid=usp0004k00&format=geojson","felt":null,"cdi":null,"mmi":6.568,"alert":null,"status":"reviewed","tsunami":0,"sig":865,"net":"us","code":"p0004k00","ids":",usp0004k00,choy19901230191418,gcmtc123090d,duputel123090d,gcmt19901230191419,atlas19901230191421,iscgem349213,","sources":",us,choy,gcmt,duputel,gcmt,atlas,iscgem,","types":",finite-fault,focal-mechanism,impact-text,moment-tensor,origin,phase-data,shakemap,trump-shakemap,","nst":null,"dmin":null,"rms":1.2,"gap":null,"magType":"mw","type":"earthquake","title":"M 7.5 - 104 km ENE of Kimbe, Papua New Guinea"},"geometry":{"type":"Point","coordinates":[150.967,-5.097,178.6]},"id":"usp0004k00"},
{"type":"Feature","properties":{"mag":7,"place":"99 km NW of Mogok, Myanmar","time":663087431590,"updated":1651173966147,"tz":null,"url":"https://earthquake.usgs.gov/earthquakes/eventpage/usp0004k8g","detail":"https://earthquake.usgs.gov/fdsnws/event/1/query?eventid=usp0004k8g&format=geojson","felt":null,"cdi":null,"mmi":6.933,"alert":null,"status":"reviewed","tsunami":0,"sig":754,"net":"us","code":"p0004k8g","ids":",gcmtc010591a,usp0004k8g,gcmt19910105145711,duputel010591a,atlas19910105145712,iscgem343435,","sources":",gcmt,us,gcmt,duputel,atlas,iscgem,","types":",focal-mechanism,impact-text,moment-tensor,origin,phase-data,shakemap,trump-shakemap,","nst":null,"dmin":null,"rms":1.3,"gap":null,"magType":"mw","type":"earthquake","title":"M 7.0 - 99 km NW of Mogok, Myanmar"},"geometry":{"type":"Point","coordinates":[95.901,23.613,19.7]},"id":"usp0004k8g"},
{"type":"Feature","properties":{"mag":7,"place":"18 km E of Aras-asan, Philippines","time":666844645120,"updated":1651173828369,"tz":null,"url":"https://earthquake.usgs.gov/earthquakes/eventpage/usp0004n2a","detail":"https://earthquake.usgs.gov/fdsnws/event/1/query?eventid=usp0004n2a&format=geojson","felt":null,"cdi":null,"mmi":6.533,"alert":null,"status":"reviewed","tsunami":0,"sig":754,"net":"us","code":"p0004n2a","ids":",gcmtc021891a,usp0004n2a,gcmt19910218023728,duputel021891a,atlas19910218023728,iscgem341899,","sources":",gcmt,us,gcmt,duputel,atlas,iscgem,","types":",focal-mechanism,impact-text,moment-tensor,origin,phase-data,shakemap,trump-shakemap,","nst":null,"dmin":null,"rms":1.3,"gap":null,"magType":"mw","type":"earthquake","title":"M 7.0 - 18 km E of Aras-asan, Philippines"},"geometry":{"type":"Point","coordinates":[126.48,8.87,23.9]},"id":"usp0004n2a"},
{"type":"Feature","properties":{"mag":7.1,"place":"11 km NE of Rioja, Peru","time":670825189520,"updated":1651173382305,"tz":null,"url":"https://earthquake.usgs.gov/earthquakes/eventpage/usp0004pyn","detail":"https://earthquake.usgs.gov/fdsnws/event/1/query?eventid=usp0004pyn&format=geojson","felt":null,"cdi":null,"mmi":6.78,"alert":null,"status":"reviewed","tsunami":0,"sig":776,"net":"us","code":"p0004pyn","ids":",choy19910405041949,gcmtc040591a,usp0004pyn,gcmt19910405041951,duputel040591a,atlas19910405041951,iscgem334433,","sources":",choy,gcmt,us,gcmt,duputel,atlas,iscgem,","types":",focal-mechanism,impact-text,moment-tensor,origin,phase-data,shakemap,trump-shakemap,","nst":null,"dmin":null,"rms":1,"gap":null,"magType":"mw","type":"earthquake","title":"M 7.1 - 11 km NE of Rioja, Peru"},"geometry":{"type":"Point","coordinates":[-77.094,-5.982,19.8]},"id":"usp0004pyn"},
{"type":"Feature","properties":{"mag":7.6,"place":"34 km S of Limón, Costa Rica","time":672357411820,"updated":1651173514851,"tz":null,"url":"https://earthquake.usgs.gov/earthquakes/eventpage/usp0004qpg","detail":"https://earthquake.usgs.gov/fdsnws/event/1/query?eventid=usp0004qpg&format=geojson","felt":null,"cdi":null,"mmi":7.736,"alert":null,"status":"reviewed","tsunami":0,"sig":889,"net":"us","code":"p0004qpg","ids":",usp0004qpg,choy19910422215651,gcmtc042291a,gcmt19910422215651,duputel042291a,atlas19910422215653,iscgem336255,","sources":",us,choy,gcmt,gcmt,duputel,atlas,iscgem,","types":",finite-fault,focal-mechanism,ground-failure,impact-text,moment-tensor,origin,phase-data,shakemap,trump-shakemap,","nst":null,"dmin":null,"rms":1.2,"gap":null,"magType":"mw","type":"earthquake","title":"M 7.6 - 34 km S of Limón, Costa Rica"},"geometry":{"type":"Point","coordinates":[-83.073,9.685,10]},"id":"usp0004qpg"},
{"type":"Feature","properties":{"mag":7,"place":"22 km WNW of Java, Georgia","time":672916368100,"updated":1651173590183,"tz":null,"url":"https://earthquake.usgs.gov/earthquakes/eventpage/usp0004qza","detail":"https://earthquake.usgs.gov/fdsnws/event/1/query?eventid=usp0004qza&format=geojson","felt":null,"cdi":null,"mmi":8.267,"alert":null,"status":"reviewed","tsunami":0,"sig":754,"net":"us","code":"p0004qza","ids":",choy19910429091248,gcmtc042991b,usp0004qza,gcmt19910429091247,duputel042991b,atlas19910429091249,iscgem336954,","sources":",choy,gcmt,us,gcmt,duputel,atlas,iscgem,","types":",focal-mechanism,impact-text,moment-tensor,origin,phase-data,shakemap,trump-shakemap,","nst":null,"dmin":null,"rms":1.2,"gap":null,"magType":"mw","type":"earthquake","title":"M 7.0 - 22 km WNW of Java, Georgia"},"geometry":{"type":"Point","coordinates":[43.673,42.453,17.2]},"id":"usp0004qza"},
{"type":"Feature","properties":{"mag":7,"place":"69 km N of Gorontalo, Indonesia","time":674614681730,"updated":1651173281619,"tz":null,"url":"https://earthquake.usgs.gov/earthquakes/eventpage/usp0004ru5","detail":"https://earthquake.usgs.gov/fdsnws/event/1/query?eventid=usp0004ru5&format=geojson","felt":null,"cdi":null,"mmi":6.329,"alert":null,"status":"reviewed","tsunami":0,"sig":754,"net":"us","code":"p0004ru5","ids":",choy19910519005801,gcmtc051991a,usp0004ru5,gcmt19910519005802,duputel051991a,atlas19910519005801,iscgem332684,","sources":",choy,gcmt,us,gcmt,duputel,atlas,iscgem,","types":",focal-mechanism,impact-text,moment-tensor,origin,phase-data,shakemap,trump-shakemap,","nst":null,"dmin":null,"rms":1.2,"gap":null,"magType":"mw","type":"earthquake","title":"M 7.0 - 69 km N of Gorontalo, Indonesia"},"geometry":{"type":"Point","coordinates":[122.957,1.156,33]},"id":"usp0004ru5"},
{"type":"Feature","properties":{"mag":7,"place":"71 km SE of King Cove, Alaska","time":675609461970,"updated":1651173322082,"tz":null,"url":"https://earthquake.usgs.gov/earthquakes/eventpage/usp0004s9h","detail":"https://earthquake.usgs.gov/fdsnws/event/1/query?eventid=usp0004s9h&format=geojson","felt":null,"cdi":null,"mmi":null,"alert":null,"status":"reviewed","tsunami":0,"sig":754,"net":"us","code":"p0004s9h","ids":",choy19910530131741,gcmtc053091b,usp0004s9h,gcmt19910530131744,duputel053091b,ak9916wagffc,iscgem333866,","sources":",choy,gcmt,us,gcmt,duputel,ak,iscgem,","types":",focal-mechanism,impact-text,moment-tensor,origin,phase-data,","nst":null,"dmin":null,"rms":1.1,"gap":null,"magType":"mw","type":"earthquake","title":"M 7.0 - 71 km SE of King Cove, Alaska"},"geometry":{"type":"Point","coordinates":[-161.606,54.567,28.4]},"id":"usp0004s9h"},
{"type":"Feature","properties":{"mag":7,"place":"144 km NW of Nuku‘alofa, Tonga","time":676453502130,"updated":1651172971451,"tz":null,"url":"https://earthquake.usgs.gov/earthquakes/eventpage/usp0004sq2","detail":"https://earthquake.usgs.gov/fdsnws/event/1/query?eventid=usp0004sq2&format=geojson","felt":null,"cdi":null,"mmi":null,"alert":null,"status":"reviewed","tsunami":0,"sig":754,"net":"us","code":"p0004sq2","ids":",choy19910609074502,gcmtc060991c,usp0004sq2,gcmt19910609074506,duputel060991c,atlas19910609074504,iscgem328468,","sources":",choy,gcmt,us,gcmt,duputel,atlas,iscgem,","types":",focal-mechanism,impact-text,moment-tensor,origin,phase-data,","nst":null,"dmin":null,"rms":1,"gap":null,"magType":"mw","type":"earthquake","title":"M 7.0 - 144 km NW of Nuku‘alofa, Tonga"},"geometry":{"type":"Point","coordinates":[-176.218,-20.252,265.5]},"id":"usp0004sq2"},
{"type":"Feature","properties":{"mag":7.5,"place":"79 km NNW of Gorontalo, Indonesia","time":677395132510,"updated":1651173064409,"tz":null,"url":"https://earthquake.usgs.gov/earthquakes/eventpage/usp0004t6g","detail":"https://earthquake.usgs.gov/fdsnws/event/1/query?eventid=usp0004t6g&format=geojson","felt":null,"cdi":null,"mmi":6.706,"alert":null,"status":"reviewed","tsunami":0,"sig":865,"net":"us","code":"p0004t6g","ids":",usp0004t6g,choy19910620051852,gcmtb062091c,duputel062091c,gcmt19910620051852,atlas19910620051854,iscgem329618,","sources":",us,choy,gcmt,duputel,gcmt,atlas,iscgem,","types":",finite-fault,focal-mechanism,impact-text,moment-tensor,origin,phase-data,shakemap,trump-shakemap,","nst":null,"dmin":null,"rms":1.2,"gap":null,"magType":"mw","type":"earthquake","title":"M 7.5 - 79 km NNW of Gorontalo, Indonesia"},"geometry":{"type":"Point","coordinates":[122.787,1.196,31.4]},"id":"usp0004t6g"},
{"type":"Feature","properties":{"mag":7.3,"place":"27 km NNW of El Hoyo, Argentina","time":677712148940,"updated":1651173130859,"tz":null,"url":"https://earthquake.usgs.gov/earthquakes/eventpage/usp0004taw","detail":"https://earthquake.usgs.gov/fdsnws/event/1/query?eventid=usp0004taw&format=geojson","felt":null,"cdi":null,"mmi":null,"alert":null,"status":"reviewed","tsunami":0,"sig":820,"net":"us","code":"p0004taw","ids":",choy19910623212228,gcmtc062391g,usp0004taw,gcmt19910623212230,duputel062391g,atlas19910623212229,iscgem329935,","sources":",choy,gcmt,us,gcmt,duputel,atlas,iscgem,","types":",focal-mechanism,impact-text,moment-tensor,origin,phase-data,","nst":null,"dmin":null,"rms":1,"gap":null,"magType":"mw","type":"earthquake","title":"M 7.3 - 27 km NNW of El Hoyo, Argentina"},"geometry":{"type":"Point","coordinates":[-63.349,-26.802,558]},"id":"usp0004taw"},
{"type":"Feature","properties":{"mag":7,"place":"15 km W of Lares, Peru","time":678802789560,"updated":1651172846133,"tz":null,"url":"https://earthquake.usgs.gov/earthquakes/eventpage/usp0004tuc","detail":"https://earthquake.usgs.gov/fdsnws/event/1/query?eventid=usp0004tuc&format=geojson","felt":null,"cdi":null,"mmi":6.685,"alert":null,"status":"reviewed","tsunami":0,"sig":754,"net":"us","code":"p0004tuc","ids":",choy19910706121949,gcmtc070691a,usp0004tuc,gcmt19910706121945,duputel070691a,atlas19910706121949,iscgem325038,","sources":",choy,gcmt,us,gcmt,duputel,atlas,iscgem,","types":",focal-mechanism,impact-text,moment-tensor,origin,phase-data,shakemap,trump-shakemap,","nst":null,"dmin":null,"rms":1.2,"gap":null,"magType":"mwb","type":"earthquake","title":"M 7.0 - 15 km W of Lares, Peru"},"geometry":{"type":"Point","coordinates":[-72.187,-13.108,104.5]},"id":"usp0004tuc"},
{"type":"Feature","properties":{"mag":7,"place":"136 km WSW of Brookings, Oregon","time":682467429970,"updated":1651172732166,"tz":null,"url":"https://earthquake.usgs.gov/earthquakes/eventpage/nc228064","detail":"https://earthquake.usgs.gov/fdsnws/event/1/query?eventid=nc228064&format=geojson","felt":null,"cdi":null,"mmi":5.424,"alert":null,"status":"reviewed","tsunami":0,"sig":754,"net":"nc","code":"228064","ids":",choy19910817221714,gcmtc081791h,usp0004vh7,gcmt19910817221712,duputel081791h,nc228064,iscgem323172,","sources":",choy,gcmt,us,gcmt,duputel,nc,iscgem,","types":",focal-mechanism,impact-text,moment-tensor,nearby-cities,origin,phase-data,shakemap,","nst":90,"dmin":1.473,"rms":0.09,"gap":295,"magType":"mh","type":"earthquake","title":"M 7.0 - 136 km WSW of Brookings, Oregon"},"geometry":{"type":"Point","coordinates":[-125.856,41.679,1.303]},"id":"nc228064"},
{"type":"Feature","properties":{"mag":7,"place":"Fiji region","time":686190106410,"updated":1651172664076,"tz":null,"url":"https://earthquake.usgs.gov/earthquakes/eventpage/usp0004x7f","detail":"https://earthquake.usgs.gov/fdsnws/event/1/query?eventid=usp0004x7f&format=geojson","felt":null,"cdi":null,"mmi":null,"alert":null,"status":"reviewed","tsunami":0,"sig":754,"net":"us","code":"p0004x7f","ids":",choy19910930002146,gcmtc093091a,usp0004x7f,gcmt19910930002147,duputel093091a,iscgem321368,","sources":",choy,gcmt,us,gcmt,duputel,iscgem,","types":",focal-mechanism,impact-text,moment-tensor,origin,phase-data,","nst":null,"dmin":null,"rms":1,"gap":null,"magType":"mw","type":"earthquake","title":"M 7.0 - Fiji region"},"geometry":{"type":"Point","coordinates":[-178.591,-20.878,566.4]},"id":"usp0004x7f"},
{"type":"Feature","properties":{"mag":7.2,"place":"155 km WNW of Malango, Solomon Islands","time":687455892790,"updated":1651172497662,"tz":null,"url":"https://earthquake.usgs.gov/earthquakes/eventpage/usp0004xtq","detail":"https://earthquake.usgs.gov/fdsnws/event/1/query?eventid=usp0004xtq&format=geojson","felt":null,"cdi":null,"mmi":6.361,"alert":null,"status":"reviewed","tsunami":0,"sig":798,"net":"us","code":"p0004xtq","ids":",choy19911014155812,gcmtb101491c,usp0004xtq,gcmt19911014155814,duputel101491c,atlas19911014155816,iscgem316514,","sources":",choy,gcmt,us,gcmt,duputel,atlas,iscgem,","types":",focal-mechanism,impact-text,moment-tensor,origin,phase-data,shakemap,trump-shakemap,","nst":null,"dmin":null,"rms":1.3,"gap":null,"magType":"mw","type":"earthquake","title":"M 7.2 - 155 km WNW of Malango, Solomon Islands"},"geometry":{"type":"Point","coordinates":[158.442,-9.094,23.4]},"id":"usp0004xtq"},
{"type":"Feature","properties":{"mag":7.2,"place":"33 km NNW of Santa Genoveva de Docordó, Colombia","time":690589731090,"updated":1651172410141,"tz":null,"url":"https://earthquake.usgs.gov/earthquakes/eventpage/usp0004zbt","detail":"https://earthquake.usgs.gov/fdsnws/event/1/query?eventid=usp0004zbt&format=geojson","felt":null,"cdi":null,"mmi":7.028,"alert":null,"status":"reviewed","tsunami":0,"sig":798,"net":"us","code":"p0004zbt","ids":",choy19911119222851,gcmtc111991g,usp0004zbt,duputel111991g,gcmt19911119222850,atlas19911119222852,iscgem314051,","sources":",choy,gcmt,us,duputel,gcmt,atlas,iscgem,","types":",focal-mechanism,impact-text,moment-tensor,origin,phase-data,shakemap,trump-shakemap,","nst":null,"dmin":null,"rms":1.2,"gap":null,"magType":"mw","type":"earthquake","title":"M 7.2 - 33 km NNW of Santa Genoveva de Docordó, Colombia"},"geometry":{"type":"Point","coordinates":[-77.442,4.554,21.3]},"id":"usp0004zbt"},
{"type":"Feature","properties":{"mag":7.6,"place":"248 km E of Kuril’sk, Russia","time":693391393410,"updated":1651172288037,"tz":null,"url":"https://earthquake.usgs.gov/earthquakes/eventpage/usp00050sq","detail":"https://earthquake.usgs.gov/fdsnws/event/1/query?eventid=usp00050sq&format=geojson","felt":null,"cdi":null,"mmi":6.111,"alert":null,"status":"reviewed","tsunami":0,"sig":889,"net":"us","code":"p00050sq","ids":",usp00050sq,choy19911222084313,gcmtc122291b,gcmt19911222084313,duputel122291b,iscgem311329,","sources":",us,choy,gcmt,gcmt,duputel,iscgem,","types":",finite-fault,focal-mechanism,impact-text,moment-tensor,origin,phase-data,shakemap,","nst":null,"dmin":null,"rms":0.9,"gap":null,"magType":"mw","type":"earthquake","title":"M 7.6 - 248 km E of Kuril’sk, Russia"},"geometry":{"type":"Point","coordinates":[151.021,45.533,24.7]},"id":"usp00050sq"},
{"type":"Feature","properties":{"mag":7.2,"place":"South Sandwich Islands region","time":693806758240,"updated":1651172300038,"tz":null,"url":"https://earthquake.usgs.gov/earthquakes/eventpage/usp000510y","detail":"https://earthquake.usgs.gov/fdsnws/event/1/query?eventid=usp000510y&format=geojson","felt":null,"cdi":null,"mmi":null,"alert":null,"status":"reviewed","tsunami":0,"sig":798,"net":"us","code":"p000510y","ids":",gcmtc122791c,usp000510y,gcmt19911227040601,duputel122791c,iscgem311915,","sources":",gcmt,us,gcmt,duputel,iscgem,","types":",focal-mechanism,impact-text,moment-tensor,origin,phase-data,","nst":null,"dmin":null,"rms":1.4,"gap":null,"magType":"mw","type":"earthquake","title":"M 7.2 - South Sandwich Islands region"},"geometry":{"type":"Point","coordinates":[-25.266,-56.032,10]},"id":"usp000510y"},
{"type":"Feature","properties":{"mag":7.2,"place":"The 1992 Petrolia, California Earthquake","time":704225165180,"updated":1776724255722,"tz":null,"url":"https://earthquake.usgs.gov/earthquakes/eventpage/nc269151","detail":"https://earthquake.usgs.gov/fdsnws/event/1/query?eventid=nc269151&format=geojson","felt":118,"cdi":9,"mmi":8.059,"alert":null,"status":"reviewed","tsunami":0,"sig":904,"net":"nc","code":"269151","ids":",nc269151,choy19920425180604,gcmtc042592e,usp00056e1,duputel042592e,ci2048554,gcmt19920425180604,iscgem297295,atlas19920425180604,","sources":",nc,choy,gcmt,us,duputel,ci,gcmt,iscgem,atlas,","types":",associate,dyfi,earthquake-name,focal-mechanism,ground-failure,impact-text,moment-tensor,nearby-cities,origin,phase-data,shakemap,touch,trump-shakemap,","nst":9,"dmin":null,"rms":0.07,"gap":115,"magType":"mw","type":"earthquake","title":"M 7.2 - The 1992 Petrolia, California Earthquake"},"geometry":{"type":"Point","coordinates":[-124.2286667,40.3353333,9.856]},"id":"nc269151"},
{"type":"Feature","properties":{"mag":7.2,"place":"61 km NNW of Finschhafen, Papua New Guinea","time":705913505340,"updated":1651171596374,"tz":null,"url":"https://earthquake.usgs.gov/earthquakes/eventpage/usp00057d0","detail":"https://earthquake.usgs.gov/fdsnws/event/1/query?eventid=usp00057d0&format=geojson","felt":null,"cdi":null,"mmi":7.176,"alert":null,"status":"reviewed","tsunami":0,"sig":798,"net":"us","code":"p00057d0","ids":",choy19920515070505,gcmtc051592d,usp00057d0,gcmt19920515070504,duputel051592d,atlas19920515070507,iscgem291459,","sources":",choy,gcmt,us,gcmt,duputel,atlas,iscgem,","types":",focal-mechanism,impact-text,moment-tensor,origin,phase-data,shakemap,trump-shakemap,","nst":null,"dmin":null,"rms":1.1,"gap":null,"magType":"mw","type":"earthquake","title":"M 7.2 - 61 km NNW of Finschhafen, Papua New Guinea"},"geometry":{"type":"Point","coordinates":[147.572,-6.075,58]},"id":"usp00057d0"},
{"type":"Feature","properties":{"mag":7.1,"place":"9 km SE of Santiago, Philippines","time":706096159110,"updated":1651171633066,"tz":null,"url":"https://earthquake.usgs.gov/earthquakes/eventpage/usp00057gu","detail":"https://earthquake.usgs.gov/fdsnws/event/1/query?eventid=usp00057gu&format=geojson","felt":null,"cdi":null,"mmi":6.552,"alert":null,"status":"reviewed","tsunami":0,"sig":776,"net":"us","code":"p00057gu","ids":",choy19920517094919,gcmtc051792b,usp00057gu,gcmt19920517094918,duputel051792b,atlas19920517094920,iscgem291773,","sources":",choy,gcmt,us,gcmt,duputel,atlas,iscgem,","types":",focal-mechanism,impact-text,moment-tensor,origin,phase-data,shakemap,trump-shakemap,","nst":null,"dmin":null,"rms":1.2,"gap":null,"magType":"mw","type":"earthquake","title":"M 7.1 - 9 km SE of Santiago, Philippines"},"geometry":{"type":"Point","coordinates":[126.645,7.239,32.8]},"id":"usp00057gu"},
{"type":"Feature","properties":{"mag":7.3,"place":"23 km ESE of Santiago, Philippines","time":706097731310,"updated":1651171644067,"tz":null,"url":"https://earthquake.usgs.gov/earthquakes/eventpage/usp00057gv","detail":"https://earthquake.usgs.gov/fdsnws/event/1/query?eventid=usp00057gv&format=geojson","felt":null,"cdi":null,"mmi":6.52,"alert":null,"status":"reviewed","tsunami":0,"sig":820,"net":"us","code":"p00057gv","ids":",choy19920517101531,gcmtc051792c,usp00057gv,gcmt19920517101531,atlas19920517101536,iscgem291774,","sources":",choy,gcmt,us,gcmt,atlas,iscgem,","types":",focal-mechanism,impact-text,origin,phase-data,shakemap,trump-shakemap,","nst":null,"dmin":null,"rms":1.1,"gap":null,"magType":"mwb","type":"earthquake","title":"M 7.3 - 23 km ESE of Santiago, Philippines"},"geometry":{"type":"Point","coordinates":[126.762,7.191,33]},"id":"usp00057gv"},
{"type":"Feature","properties":{"mag":7,"place":"75 km SW of Lata, Solomon Islands","time":706943618810,"updated":1651171693110,"tz":null,"url":"https://earthquake.usgs.gov/earthquakes/eventpage/usp000585d","detail":"https://earthquake.usgs.gov/fdsnws/event/1/query?eventid=usp000585d&format=geojson","felt":null,"cdi":null,"mmi":5.381,"alert":null,"status":"reviewed","tsunami":0,"sig":754,"net":"us","code":"p000585d","ids":",choy19920527051338,gcmtc052792a,usp000585d,gcmt19920527051341,duputel052792a,atlas19920527051340,iscgem293309,","sources":",choy,gcmt,us,gcmt,duputel,atlas,iscgem,","types":",focal-mechanism,impact-text,moment-tensor,origin,phase-data,shakemap,trump-shakemap,","nst":null,"dmin":null,"rms":0.9,"gap":null,"magType":"mw","type":"earthquake","title":"M 7.0 - 75 km SW of Lata, Solomon Islands"},"geometry":{"type":"Point","coordinates":[165.239,-11.122,18.8]},"id":"usp000585d"},
{"type":"Feature","properties":{"mag":7.3,"place":"The 1992 Landers, California Earthquake","time":709732654130,"updated":1781815718598,"tz":null,"url":"https://earthquake.usgs.gov/earthquakes/eventpage/ci3031111","detail":"https://earthquake.usgs.gov/fdsnws/event/1/query?eventid=ci3031111&format=geojson","felt":654,"cdi":9,"mmi":9.296,"alert":null,"status":"reviewed","tsunami":0,"sig":1408,"net":"ci","code":"3031111","ids":",ci3031111,cilanders,choy19920628115734,gcmtc062892c,usp00059sn,gcmt19920628115735,duputel062892c,iscgem289086,atlas19920628115739,","sources":",ci,ci,choy,gcmt,us,gcmt,duputel,iscgem,atlas,","types":",associate,dyfi,earthquake-name,focal-mechanism,general-link,ground-failure,impact-text,moment-tensor,nearby-cities,origin,phase-data,shakemap,trump-shakemap,","nst":0,"dmin":null,"rms":0.194,"gap":43.4,"magType":"mw","type":"earthquake","title":"M 7.3 - The 1992 Landers, California Earthquake"},"geometry":{"type":"Point","coordinates":[-116.437,34.2,-0.097]},"id":"ci3031111"},
{"type":"Feature","properties":{"mag":7.2,"place":"south of the Fiji Islands","time":710851459760,"updated":1651171257917,"tz":null,"url":"https://earthquake.usgs.gov/earthquakes/eventpage/usp0005ap1","detail":"https://earthquake.usgs.gov/fdsnws/event/1/query?eventid=usp0005ap1&format=geojson","felt":null,"cdi":null,"mmi":null,"alert":null,"status":"reviewed","tsunami":0,"sig":798,"net":"us","code":"p0005ap1","ids":",choy19920711104419,gcmtc071192a,usp0005ap1,gcmt19920711104420,duputel071192a,iscgem281470,","sources":",choy,gcmt,us,gcmt,duputel,iscgem,","types":",focal-mechanism,impact-text,moment-tensor,origin,phase-data,","nst":null,"dmin":null,"rms":1.1,"gap":null,"magType":"mw","type":"earthquake","title":"M 7.2 - south of the Fiji Islands"},"geometry":{"type":"Point","coordinates":[-178.413,-22.483,377.2]},"id":"usp0005ap1"},
{"type":"Feature","properties":{"mag":7.3,"place":"60 km ENE of Toktogul, Kyrgyzstan","time":714189877410,"updated":1651171176224,"tz":null,"url":"https://earthquake.usgs.gov/earthquakes/eventpage/usp0005cq0","detail":"https://earthquake.usgs.gov/fdsnws/event/1/query?eventid=usp0005cq0&format=geojson","felt":null,"cdi":null,"mmi":9.397,"alert":null,"status":"reviewed","tsunami":0,"sig":820,"net":"us","code":"p0005cq0","ids":",choy19920819020437,gcmtc081992b,usp0005cq0,gcmt19920819020436,duputel081992b,atlas19920819020438,iscgem278018,","sources":",choy,gcmt,us,gcmt,duputel,atlas,iscgem,","types":",focal-mechanism,ground-failure,impact-text,moment-tensor,origin,phase-data,shakemap,trump-shakemap,","nst":null,"dmin":null,"rms":1.1,"gap":null,"magType":"mwb","type":"earthquake","title":"M 7.3 - 60 km ENE of Toktogul, Kyrgyzstan"},"geometry":{"type":"Point","coordinates":[73.575,42.142,27.4]},"id":"usp0005cq0"},
{"type":"Feature","properties":{"mag":7.7,"place":"83 km SSW of Corinto, Nicaragua","time":715392961690,"updated":1651170884810,"tz":null,"url":"https://earthquake.usgs.gov/earthquakes/eventpage/usp0005ddn","detail":"https://earthquake.usgs.gov/fdsnws/event/1/query?eventid=usp0005ddn&format=geojson","felt":null,"cdi":null,"mmi":6.69,"alert":null,"status":"reviewed","tsunami":0,"sig":912,"net":"us","code":"p0005ddn","ids":",usp0005ddn,choy19920902001601,gcmtm090292a,duputel090292a,gcmt19920902001557,iscgem270936,atlas19920902001603,","sources":",us,choy,gcmt,duputel,gcmt,iscgem,atlas,","types":",finite-fault,focal-mechanism,impact-text,moment-tensor,origin,phase-data,shakemap,trump-shakemap,","nst":null,"dmin":null,"rms":1.3,"gap":null,"magType":"mw","type":"earthquake","title":"M 7.7 - 83 km SSW of Corinto, Nicaragua"},"geometry":{"type":"Point","coordinates":[-87.34,11.742,44.8]},"id":"usp0005ddn"},
{"type":"Feature","properties":{"mag":7.4,"place":"47 km NW of Isangel, Vanuatu","time":718831466290,"updated":1651170751361,"tz":null,"url":"https://earthquake.usgs.gov/earthquakes/eventpage/usp0005f79","detail":"https://earthquake.usgs.gov/fdsnws/event/1/query?eventid=usp0005f79&format=geojson","felt":null,"cdi":null,"mmi":6.976,"alert":null,"status":"reviewed","tsunami":0,"sig":842,"net":"us","code":"p0005f79","ids":",choy19921011192426,gcmtc101192c,usp0005f79,gcmt19921011192429,duputel101192c,atlas19921011192428,iscgem267072,","sources":",choy,gcmt,us,gcmt,duputel,atlas,iscgem,","types":",focal-mechanism,impact-text,moment-tensor,origin,phase-data,shakemap,trump-shakemap,","nst":null,"dmin":null,"rms":1.1,"gap":null,"magType":"mw","type":"earthquake","title":"M 7.4 - 47 km NW of Isangel, Vanuatu"},"geometry":{"type":"Point","coordinates":[168.948,-19.247,129]},"id":"usp0005f79"},
{"type":"Feature","properties":{"mag":7.2,"place":"11 km NNW of Murindó, Colombia","time":719421119110,"updated":1651170794016,"tz":null,"url":"https://earthquake.usgs.gov/earthquakes/eventpage/usp0005fha","detail":"https://earthquake.usgs.gov/fdsnws/event/1/query?eventid=usp0005fha&format=geojson","felt":null,"cdi":null,"mmi":6.785,"alert":null,"status":"reviewed","tsunami":0,"sig":798,"net":"us","code":"p0005fha","ids":",choy19921018151159,gcmtc101892g,usp0005fha,gcmt19921018151159,duputel101892g,atlas19921018151159,iscgem268313,","sources":",choy,gcmt,us,gcmt,duputel,atlas,iscgem,","types":",focal-mechanism,impact-text,moment-tensor,origin,phase-data,shakemap,trump-shakemap,","nst":null,"dmin":null,"rms":1.3,"gap":null,"magType":"mwb","type":"earthquake","title":"M 7.2 - 11 km NNW of Murindó, Colombia"},"geometry":{"type":"Point","coordinates":[-76.862,7.075,10]},"id":"usp0005fha"},
{"type":"Feature","properties":{"mag":7.8,"place":"37 km WNW of Maumere, Indonesia","time":724138166350,"updated":1651170334047,"tz":null,"url":"https://earthquake.usgs.gov/earthquakes/eventpage/usp0005j5a","detail":"https://earthquake.usgs.gov/fdsnws/event/1/query?eventid=usp0005j5a&format=geojson","felt":null,"cdi":null,"mmi":8.07,"alert":null,"status":"reviewed","tsunami":0,"sig":936,"net":"us","code":"p0005j5a","ids":",usp0005j5a,choy19921212052926,gcmtm121292b,gcmt19921212052927,duputel121292b,atlas19921212052927,iscgem257091,","sources":",us,choy,gcmt,gcmt,duputel,atlas,iscgem,","types":",finite-fault,focal-mechanism,ground-failure,impact-text,moment-tensor,origin,phase-data,shakemap,trump-shakemap,","nst":null,"dmin":null,"rms":1.4,"gap":null,"magType":"mw","type":"earthquake","title":"M 7.8 - 37 km WNW of Maumere, Indonesia"},"geometry":{"type":"Point","coordinates":[121.896,-8.48,27.7]},"id":"usp0005j5a"},
{"type":"Feature","properties":{"mag":7.3,"place":"281 km WSW of Tual, Indonesia","time":724884767280,"updated":1651170390756,"tz":null,"url":"https://earthquake.usgs.gov/earthquakes/eventpage/usp0005jjt","detail":"https://earthquake.usgs.gov/fdsnws/event/1/query?eventid=usp0005jjt&format=geojson","felt":null,"cdi":null,"mmi":6.025,"alert":null,"status":"reviewed","tsunami":0,"sig":820,"net":"us","code":"p0005jjt","ids":",choy19921220205247,gcmtm122092i,usp0005jjt,gcmt19921220205242,duputel122092i,atlas19921220205248,iscgem258427,","sources":",choy,gcmt,us,gcmt,duputel,atlas,iscgem,","types":",focal-mechanism,impact-text,moment-tensor,origin,phase-data,shakemap,trump-shakemap,","nst":null,"dmin":null,"rms":1.2,"gap":null,"magType":"mw","type":"earthquake","title":"M 7.3 - 281 km WSW of Tual, Indonesia"},"geometry":{"type":"Point","coordinates":[130.393,-6.582,77.7]},"id":"usp0005jjt"},
{"type":"Feature","properties":{"mag":7.6,"place":"52 km NE of Otofuke, Japan","time":727095965950,"updated":1651170159390,"tz":null,"url":"https://earthquake.usgs.gov/earthquakes/eventpage/usp0005ktj","detail":"https://earthquake.usgs.gov/fdsnws/event/1/query?eventid=usp0005ktj&format=geojson","felt":null,"cdi":null,"mmi":7.505,"alert":null,"status":"reviewed","tsunami":0,"sig":889,"net":"us","code":"p0005ktj","ids":",usp0005ktj,choy19930115110605,gcmtc011593c,gcmt19930115110605,duputel011593c,iscgem252904,atlas19930115110607,","sources":",us,choy,gcmt,gcmt,duputel,iscgem,atlas,","types":",finite-fault,focal-mechanism,impact-text,moment-tensor,origin,phase-data,shakemap,trump-shakemap,","nst":null,"dmin":null,"rms":1.5,"gap":null,"magType":"mw","type":"earthquake","title":"M 7.6 - 52 km NE of Otofuke, Japan"},"geometry":{"type":"Point","coordinates":[143.691,43.3,102.2]},"id":"usp0005ktj"},
{"type":"Feature","properties":{"mag":7.1,"place":"178 km W of Lata, Solomon Islands","time":731387149870,"updated":1651169867737,"tz":null,"url":"https://earthquake.usgs.gov/earthquakes/eventpage/usp0005p26","detail":"https://earthquake.usgs.gov/fdsnws/event/1/query?eventid=usp0005p26&format=geojson","felt":null,"cdi":null,"mmi":null,"alert":null,"status":"reviewed","tsunami":0,"sig":776,"net":"us","code":"p0005p26","ids":",choy19930306030549,gcmtc030693b,usp0005p26,gcmt19930306030548,duputel030693b,iscgem241894,","sources":",choy,gcmt,us,gcmt,duputel,iscgem,","types":",focal-mechanism,impact-text,moment-tensor,origin,phase-data,","nst":null,"dmin":null,"rms":1.2,"gap":null,"magType":"mwb","type":"earthquake","title":"M 7.1 - 178 km W of Lata, Solomon Islands"},"geometry":{"type":"Point","coordinates":[164.181,-10.972,20.4]},"id":"usp0005p26"},
{"type":"Feature","properties":{"mag":7,"place":"3 km E of Manay, Philippines","time":737144811320,"updated":1651169492019,"tz":null,"url":"https://earthquake.usgs.gov/earthquakes/eventpage/usp0005sm4","detail":"https://earthquake.usgs.gov/fdsnws/event/1/query?eventid=usp0005sm4&format=geojson","felt":null,"cdi":null,"mmi":6.489,"alert":null,"status":"reviewed","tsunami":0,"sig":754,"net":"us","code":"p0005sm4","ids":",choy19930511182651,gcmtc051193e,usp0005sm4,gcmt19930511182648,duputel051193e,atlas19930511182652,iscgem231961,","sources":",choy,gcmt,us,gcmt,duputel,atlas,iscgem,","types":",focal-mechanism,impact-text,moment-tensor,origin,phase-data,shakemap,trump-shakemap,","nst":null,"dmin":null,"rms":1.1,"gap":null,"magType":"mwb","type":"earthquake","title":"M 7.0 - 3 km E of Manay, Philippines"},"geometry":{"type":"Point","coordinates":[126.57,7.219,58.7]},"id":"usp0005sm4"},
{"type":"Feature","properties":{"mag":7,"place":"87 km W of Abra Pampa, Argentina","time":738287488240,"updated":1651169630482,"tz":null,"url":"https://earthquake.usgs.gov/earthquakes/eventpage/usp0005te6","detail":"https://earthquake.usgs.gov/fdsnws/event/1/query?eventid=usp0005te6&format=geojson","felt":null,"cdi":null,"mmi":4.867,"alert":null,"status":"reviewed","tsunami":0,"sig":754,"net":"us","code":"p0005te6","ids":",choy19930524235128,usp0005te6,iscgem234120,","sources":",choy,us,iscgem,","types":",focal-mechanism,impact-text,origin,phase-data,shakemap,","nst":null,"dmin":null,"rms":0.8,"gap":null,"magType":"mwb","type":"earthquake","title":"M 7.0 - 87 km W of Abra Pampa, Argentina"},"geometry":{"type":"Point","coordinates":[-66.543,-22.671,221]},"id":"usp0005te6"},
{"type":"Feature","properties":{"mag":7.5,"place":"97 km ESE of Ozernovskiy, Russia","time":739544616480,"updated":1651169308609,"tz":null,"url":"https://earthquake.usgs.gov/earthquakes/eventpage/usp0005u7b","detail":"https://earthquake.usgs.gov/fdsnws/event/1/query?eventid=usp0005u7b&format=geojson","felt":null,"cdi":null,"mmi":7.348,"alert":null,"status":"reviewed","tsunami":0,"sig":865,"net":"us","code":"p0005u7b","ids":",usp0005u7b,choy19930608130336,gcmtc060893d,gcmt19930608130337,duputel060893d,iscgem227047,atlas19930608130336,","sources":",us,choy,gcmt,gcmt,duputel,iscgem,atlas,","types":",finite-fault,focal-mechanism,impact-text,moment-tensor,origin,phase-data,shakemap,trump-shakemap,","nst":null,"dmin":null,"rms":1,"gap":null,"magType":"mw","type":"earthquake","title":"M 7.5 - 97 km ESE of Ozernovskiy, Russia"},"geometry":{"type":"Point","coordinates":[157.829,51.218,70.6]},"id":"usp0005u7b"},
{"type":"Feature","properties":{"mag":7.7,"place":"107 km W of Iwanai, Japan","time":742483031960,"updated":1651169202334,"tz":null,"url":"https://earthquake.usgs.gov/earthquakes/eventpage/usp0005w12","detail":"https://earthquake.usgs.gov/fdsnws/event/1/query?eventid=usp0005w12&format=geojson","felt":null,"cdi":null,"mmi":7.451,"alert":null,"status":"reviewed","tsunami":0,"sig":912,"net":"us","code":"p0005w12","ids":",usp0005w12,choy19930712131711,gcmtm071293b,gcmt19930712131711,duputel071293b,atlas19930712131714,iscgem219326,","sources":",us,choy,gcmt,gcmt,duputel,atlas,iscgem,","types":",finite-fault,focal-mechanism,ground-failure,impact-text,moment-tensor,origin,phase-data,shakemap,trump-shakemap,","nst":null,"dmin":null,"rms":1,"gap":null,"magType":"mw","type":"earthquake","title":"M 7.7 - 107 km W of Iwanai, Japan"},"geometry":{"type":"Point","coordinates":[139.197,42.851,16.7]},"id":"usp0005w12"},
{"type":"Feature","properties":{"mag":7.8,"place":"32 km S of Inarajan Village, Guam","time":744798864930,"updated":1746330317598,"tz":null,"url":"https://earthquake.usgs.gov/earthquakes/eventpage/usp0005y3k","detail":"https://earthquake.usgs.gov/fdsnws/event/1/query?eventid=usp0005y3k&format=geojson","felt":15,"cdi":9.1,"mmi":7.961,"alert":null,"status":"reviewed","tsunami":0,"sig":950,"net":"us","code":"p0005y3k","ids":",usp0005y3k,usguam93,choy19930808083424,gcmtm080893b,duputel080893b,gcmt19930808083425,atlas19930808083424,iscgem212641,","sources":",us,us,choy,gcmt,duputel,gcmt,atlas,iscgem,","types":",associate,dyfi,finite-fault,focal-mechanism,ground-failure,impact-text,moment-tensor,origin,phase-data,shakemap,trump-shakemap,","nst":null,"dmin":null,"rms":1.1,"gap":null,"magType":"mw","type":"earthquake","title":"M 7.8 - 32 km S of Inarajan Village, Guam"},"geometry":{"type":"Point","coordinates":[144.801,12.982,59.3]},"id":"usp0005y3k"},
{"type":"Feature","properties":{"mag":7,"place":"53 km S of Jurm, Afghanistan","time":744900168190,"updated":1651168988046,"tz":null,"url":"https://earthquake.usgs.gov/earthquakes/eventpage/usp0005y6k","detail":"https://earthquake.usgs.gov/fdsnws/event/1/query?eventid=usp0005y6k&format=geojson","felt":null,"cdi":null,"mmi":4.497,"alert":null,"status":"reviewed","tsunami":0,"sig":754,"net":"us","code":"p0005y6k","ids":",choy19930809124248,gcmtc080993g,usp0005y6k,gcmt19930809124249,duputel080993g,atlas19930809124248,iscgem212920,","sources":",choy,gcmt,us,gcmt,duputel,atlas,iscgem,","types":",focal-mechanism,impact-text,moment-tensor,origin,phase-data,shakemap,","nst":null,"dmin":null,"rms":1.2,"gap":null,"magType":"mwb","type":"earthquake","title":"M 7.0 - 53 km S of Jurm, Afghanistan"},"geometry":{"type":"Point","coordinates":[70.868,36.379,214.5]},"id":"usp0005y6k"},
{"type":"Feature","properties":{"mag":7,"place":"63 km WNW of Te Anau, New Zealand","time":744943913250,"updated":1651168993656,"tz":null,"url":"https://earthquake.usgs.gov/earthquakes/eventpage/usp0005y7g","detail":"https://earthquake.usgs.gov/fdsnws/event/1/query?eventid=usp0005y7g&format=geojson","felt":null,"cdi":null,"mmi":6.292,"alert":null,"status":"reviewed","tsunami":0,"sig":754,"net":"us","code":"p0005y7g","ids":",choy19930810005153,gcmtc081093a,usp0005y7g,gcmt19930810005154,duputel081093a,atlas19930810005154,iscgem213027,","sources":",choy,gcmt,us,gcmt,duputel,atlas,iscgem,","types":",focal-mechanism,impact-text,moment-tensor,origin,phase-data,shakemap,trump-shakemap,","nst":null,"dmin":null,"rms":1.1,"gap":null,"magType":"mw","type":"earthquake","title":"M 7.0 - 63 km WNW of Te Anau, New Zealand"},"geometry":{"type":"Point","coordinates":[166.927,-45.277,28.1]},"id":"usp0005y7g"},
{"type":"Feature","properties":{"mag":7.2,"place":"24 km W of Puerto Madero, Mexico","time":747688374620,"updated":1651168795831,"tz":null,"url":"https://earthquake.usgs.gov/earthquakes/eventpage/usp0006030","detail":"https://earthquake.usgs.gov/fdsnws/event/1/query?eventid=usp0006030&format=geojson","felt":null,"cdi":null,"mmi":6.585,"alert":null,"status":"reviewed","tsunami":0,"sig":798,"net":"us","code":"p0006030","ids":",choy19930910191254,gcmtc091093f,usp0006030,gcmt19930910191254,duputel091093f,atlas19930910191254,iscgem207189,","sources":",choy,gcmt,us,gcmt,duputel,atlas,iscgem,","types":",focal-mechanism,impact-text,moment-tensor,origin,phase-data,shakemap,trump-shakemap,","nst":null,"dmin":null,"rms":1.3,"gap":null,"magType":"mw","type":"earthquake","title":"M 7.2 - 24 km W of Puerto Madero, Mexico"},"geometry":{"type":"Point","coordinates":[-92.645,14.717,34.1]},"id":"usp0006030"},
{"type":"Feature","properties":{"mag":7,"place":"112 km S of Vilyuchinsk, Russia","time":753153484180,"updated":1651168570510,"tz":null,"url":"https://earthquake.usgs.gov/earthquakes/eventpage/usp00063mj","detail":"https://earthquake.usgs.gov/fdsnws/event/1/query?eventid=usp00063mj&format=geojson","felt":null,"cdi":null,"mmi":6.308,"alert":null,"status":"reviewed","tsunami":0,"sig":754,"net":"us","code":"p00063mj","ids":",choy19931113011804,gcmtc111393b,usp00063mj,gcmt19931113011804,duputel111393b,atlas19931113011804,iscgem197911,","sources":",choy,gcmt,us,gcmt,duputel,atlas,iscgem,","types":",focal-mechanism,impact-text,moment-tensor,origin,phase-data,shakemap,trump-shakemap,","nst":null,"dmin":null,"rms":1,"gap":null,"magType":"mw","type":"earthquake","title":"M 7.0 - 112 km S of Vilyuchinsk, Russia"},"geometry":{"type":"Point","coordinates":[158.647,51.934,34]},"id":"usp00063mj"},
{"type":"Feature","properties":{"mag":7,"place":"92 km SE of Isangel, Vanuatu","time":757151294200,"updated":1651168524236,"tz":null,"url":"https://earthquake.usgs.gov/earthquakes/eventpage/usp00065sh","detail":"https://earthquake.usgs.gov/fdsnws/event/1/query?eventid=usp00065sh&format=geojson","felt":null,"cdi":null,"mmi":6.705,"alert":null,"status":"reviewed","tsunami":0,"sig":754,"net":"us","code":"p00065sh","ids":",choy19931229074814,gcmtc122993a,usp00065sh,gcmt19931229074814,duputel122993a,atlas19931229074814,iscgem195451,","sources":",choy,gcmt,us,gcmt,duputel,atlas,iscgem,","types":",focal-mechanism,impact-text,moment-tensor,origin,phase-data,shakemap,trump-shakemap,","nst":null,"dmin":null,"rms":1.1,"gap":null,"magType":"mw","type":"earthquake","title":"M 7.0 - 92 km SE of Isangel, Vanuatu"},"geometry":{"type":"Point","coordinates":[169.789,-20.23,33]},"id":"usp00065sh"},
{"type":"Feature","properties":{"mag":7,"place":"36 km NNE of Sofifi, Indonesia","time":759119069960,"updated":1651168394262,"tz":null,"url":"https://earthquake.usgs.gov/earthquakes/eventpage/usp0006744","detail":"https://earthquake.usgs.gov/fdsnws/event/1/query?eventid=usp0006744&format=geojson","felt":null,"cdi":null,"mmi":6.687,"alert":null,"status":"reviewed","tsunami":0,"sig":754,"net":"us","code":"p0006744","ids":",choy19940121022429,gcmtc012194a,usp0006744,gcmt19940121022431,duputel012194a,atlas19940121022431,iscgem190074,","sources":",choy,gcmt,us,gcmt,duputel,atlas,iscgem,","types":",focal-mechanism,impact-text,moment-tensor,origin,phase-data,shakemap,trump-shakemap,","nst":null,"dmin":null,"rms":1.2,"gap":null,"magType":"mwb","type":"earthquake","title":"M 7.0 - 36 km NNE of Sofifi, Indonesia"},"geometry":{"type":"Point","coordinates":[127.733,1.015,19.9]},"id":"usp0006744"},
{"type":"Feature","properties":{"mag":7,"place":"112 km S of Isangel, Vanuatu","time":761075903990,"updated":1651168169808,"tz":null,"url":"https://earthquake.usgs.gov/earthquakes/eventpage/usp00068eg","detail":"https://earthquake.usgs.gov/fdsnws/event/1/query?eventid=usp00068eg&format=geojson","felt":null,"cdi":null,"mmi":5.661,"alert":null,"status":"reviewed","tsunami":0,"sig":754,"net":"us","code":"p00068eg","ids":",choy19940212175823,gcmtc021294f,usp00068eg,gcmt19940212175825,duputel021294f,atlas19940212175825,iscgem185315,","sources":",choy,gcmt,us,gcmt,duputel,atlas,iscgem,","types":",focal-mechanism,impact-text,moment-tensor,origin,phase-data,shakemap,trump-shakemap,","nst":null,"dmin":null,"rms":1,"gap":null,"magType":"mwb","type":"earthquake","title":"M 7.0 - 112 km S of Isangel, Vanuatu"},"geometry":{"type":"Point","coordinates":[169.361,-20.553,27.7]},"id":"usp00068eg"},
{"type":"Feature","properties":{"mag":7.6,"place":"240 km E of Levuka, Fiji","time":763255686780,"updated":1651168055598,"tz":null,"url":"https://earthquake.usgs.gov/earthquakes/eventpage/usp00069fm","detail":"https://earthquake.usgs.gov/fdsnws/event/1/query?eventid=usp00069fm&format=geojson","felt":null,"cdi":null,"mmi":3.737,"alert":null,"status":"reviewed","tsunami":0,"sig":889,"net":"us","code":"p00069fm","ids":",choy19940309232806,gcmtm030994e,usp00069fm,gcmt19940309232807,duputel030994e,iscgem180899,","sources":",choy,gcmt,us,gcmt,duputel,iscgem,","types":",focal-mechanism,impact-text,moment-tensor,origin,phase-data,shakemap,","nst":null,"dmin":null,"rms":1,"gap":null,"magType":"mw","type":"earthquake","title":"M 7.6 - 240 km E of Levuka, Fiji"},"geometry":{"type":"Point","coordinates":[-178.413,-18.039,562.5]},"id":"usp00069fm"},
{"type":"Feature","properties":{"mag":7,"place":"central Mid-Atlantic Ridge","time":763619415750,"updated":1651168077451,"tz":null,"url":"https://earthquake.usgs.gov/earthquakes/eventpage/usp00069pg","detail":"https://earthquake.usgs.gov/fdsnws/event/1/query?eventid=usp00069pg&format=geojson","felt":null,"cdi":null,"mmi":null,"alert":null,"status":"reviewed","tsunami":0,"sig":754,"net":"us","code":"p00069pg","ids":",choy19940314043015,usp00069pg,duputel031494a,iscgem181597,","sources":",choy,us,duputel,iscgem,","types":",focal-mechanism,impact-text,moment-tensor,origin,phase-data,","nst":null,"dmin":null,"rms":1.4,"gap":null,"magType":"mw","type":"earthquake","title":"M 7.0 - central Mid-Atlantic Ridge"},"geometry":{"type":"Point","coordinates":[-23.569,-1.278,10]},"id":"usp00069pg"},
{"type":"Feature","properties":{"mag":7.8,"place":"249 km SSW of Kencong, Indonesia","time":770581054020,"updated":1652136591097,"tz":null,"url":"https://earthquake.usgs.gov/earthquakes/eventpage/usp0006djk","detail":"https://earthquake.usgs.gov/fdsnws/event/1/query?eventid=usp0006djk&format=geojson","felt":null,"cdi":null,"mmi":5.342,"alert":null,"status":"reviewed","tsunami":0,"sig":936,"net":"us","code":"p0006djk","ids":",usp0006djk,choy19940602181734,gcmtm060294c,duputel060294c,gcmt19940602181736,iscgemsup167106,atlas19940602181738,iscgem167105,","sources":",us,choy,gcmt,duputel,gcmt,iscgemsup,atlas,iscgem,","types":",finite-fault,focal-mechanism,impact-text,moment-tensor,origin,phase-data,shakemap,trump-shakemap,","nst":null,"dmin":null,"rms":1.1,"gap":null,"magType":"mw","type":"earthquake","title":"M 7.8 - 249 km SSW of Kencong, Indonesia"},"geometry":{"type":"Point","coordinates":[112.835,-10.477,18.4]},"id":"usp0006djk"},
{"type":"Feature","properties":{"mag":8.2,"place":"55 km NNW of Reyes, Bolivia","time":771121996230,"updated":1651167536965,"tz":null,"url":"https://earthquake.usgs.gov/earthquakes/eventpage/usp0006dzc","detail":"https://earthquake.usgs.gov/fdsnws/event/1/query?eventid=usp0006dzc&format=geojson","felt":null,"cdi":null,"mmi":3.673,"alert":null,"status":"reviewed","tsunami":0,"sig":1034,"net":"us","code":"p0006dzc","ids":",choy19940609003316,gcmtm060994a,usp0006dzc,gcmt19940609003316,duputel060994a,iscgem168418,atlas19940609003317,","sources":",choy,gcmt,us,gcmt,duputel,iscgem,atlas,","types":",focal-mechanism,ground-failure,impact-text,moment-tensor,origin,phase-data,shakemap,trump-shakemap,","nst":null,"dmin":null,"rms":1.1,"gap":null,"magType":"mw","type":"earthquake","title":"M 8.2 - 55 km NNW of Reyes, Bolivia"},"geometry":{"type":"Point","coordinates":[-67.553,-13.841,631.3]},"id":"usp0006dzc"},
{"type":"Feature","properties":{"mag":7.2,"place":"58 km S of Lakatoro, Vanuatu","time":774066956020,"updated":1651167415494,"tz":null,"url":"https://earthquake.usgs.gov/earthquakes/eventpage/usp0006fjg","detail":"https://earthquake.usgs.gov/fdsnws/event/1/query?eventid=usp0006fjg&format=geojson","felt":null,"cdi":null,"mmi":6.948,"alert":null,"status":"reviewed","tsunami":0,"sig":798,"net":"us","code":"p0006fjg","ids":",choy19940713023556,gcmtc071394b,usp0006fjg,gcmt19940713023555,duputel071394b,atlas19940713023558,iscgem164393,","sources":",choy,gcmt,us,gcmt,duputel,atlas,iscgem,","types":",focal-mechanism,impact-text,moment-tensor,origin,phase-data,shakemap,trump-shakemap,","nst":null,"dmin":null,"rms":1.3,"gap":null,"magType":"mw","type":"earthquake","title":"M 7.2 - 58 km S of Lakatoro, Vanuatu"},"geometry":{"type":"Point","coordinates":[167.518,-16.62,33]},"id":"usp0006fjg"},
{"type":"Feature","properties":{"mag":7.3,"place":"46 km SSW of Vrangel’, Russia","time":774815791740,"updated":1651167446419,"tz":null,"url":"https://earthquake.usgs.gov/earthquakes/eventpage/usp0006fyv","detail":"https://earthquake.usgs.gov/fdsnws/event/1/query?eventid=usp0006fyv&format=geojson","felt":null,"cdi":null,"mmi":3.801,"alert":null,"status":"reviewed","tsunami":0,"sig":820,"net":"us","code":"p0006fyv","ids":",choy19940721183631,gcmtc072194d,usp0006fyv,gcmt19940721183631,duputel072194d,atlas19940721183632,iscgem165550,","sources":",choy,gcmt,us,gcmt,duputel,atlas,iscgem,","types":",focal-mechanism,impact-text,moment-tensor,origin,phase-data,shakemap,","nst":null,"dmin":null,"rms":0.9,"gap":null,"magType":"mw","type":"earthquake","title":"M 7.3 - 46 km SSW of Vrangel’, Russia"},"geometry":{"type":"Point","coordinates":[132.865,42.34,471.4]},"id":"usp0006fyv"},
{"type":"Feature","properties":{"mag":7.1,"place":"121 km W of Ferndale, California","time":778432553080,"updated":1651167046350,"tz":null,"url":"https://earthquake.usgs.gov/earthquakes/eventpage/usp0006hsx","detail":"https://earthquake.usgs.gov/fdsnws/event/1/query?eventid=usp0006hsx&format=geojson","felt":null,"cdi":null,"mmi":4.588,"alert":null,"status":"reviewed","tsunami":0,"sig":776,"net":"us","code":"p0006hsx","ids":",choy19940901151553,gcmtc090194f,usp0006hsx,nc30056327,gcmt19940901151553,duputel090194f,ci3182936,iscgem154090,atlas19940901151554,","sources":",choy,gcmt,us,nc,gcmt,duputel,ci,iscgem,atlas,","types":",focal-mechanism,impact-text,moment-tensor,nearby-cities,origin,phase-data,shakemap,trump-shakemap,","nst":null,"dmin":null,"rms":1,"gap":null,"magType":"mwb","type":"earthquake","title":"M 7.1 - 121 km W of Ferndale, California"},"geometry":{"type":"Point","coordinates":[-125.68,40.402,10]},"id":"usp0006hsx"},
{"type":"Feature","properties":{"mag":8.3,"place":"48 km E of Shikotan, Russia","time":781276975840,"updated":1651166534274,"tz":null,"url":"https://earthquake.usgs.gov/earthquakes/eventpage/usp0006kdp","detail":"https://earthquake.usgs.gov/fdsnws/event/1/query?eventid=usp0006kdp&format=geojson","felt":null,"cdi":null,"mmi":7.258,"alert":null,"status":"reviewed","tsunami":0,"sig":1060,"net":"us","code":"p0006kdp","ids":",usp0006kdp,choy19941004132255,gcmtm100494b,gcmt19941004132258,duputel100494b,atlas19941004132257,iscgem145456,","sources":",us,choy,gcmt,gcmt,duputel,atlas,iscgem,","types":",finite-fault,focal-mechanism,impact-text,moment-tensor,origin,phase-data,shakemap,trump-shakemap,","nst":null,"dmin":null,"rms":0.9,"gap":null,"magType":"mw","type":"earthquake","title":"M 8.3 - 48 km E of Shikotan, Russia"},"geometry":{"type":"Point","coordinates":[147.321,43.773,14]},"id":"usp0006kdp"},
{"type":"Feature","properties":{"mag":7.3,"place":"96 km E of Shikotan, Russia","time":781689339580,"updated":1651166964423,"tz":null,"url":"https://earthquake.usgs.gov/earthquakes/eventpage/usp0006ku9","detail":"https://earthquake.usgs.gov/fdsnws/event/1/query?eventid=usp0006ku9&format=geojson","felt":null,"cdi":null,"mmi":5.679,"alert":null,"status":"reviewed","tsunami":0,"sig":820,"net":"us","code":"p0006ku9","ids":",choy19941009075539,gcmtc100994b,usp0006ku9,gcmt19941009075538,duputel100994b,atlas19941009075541,iscgem147901,","sources":",choy,gcmt,us,gcmt,duputel,atlas,iscgem,","types":",focal-mechanism,impact-text,moment-tensor,origin,phase-data,shakemap,trump-shakemap,","nst":null,"dmin":null,"rms":0.9,"gap":null,"magType":"mw","type":"earthquake","title":"M 7.3 - 96 km E of Shikotan, Russia"},"geometry":{"type":"Point","coordinates":[147.916,43.905,33]},"id":"usp0006ku9"},
{"type":"Feature","properties":{"mag":7.1,"place":"10 km E of Sabang, Philippines","time":784840530660,"updated":1651166435454,"tz":null,"url":"https://earthquake.usgs.gov/earthquakes/eventpage/usp0006nn2","detail":"https://earthquake.usgs.gov/fdsnws/event/1/query?eventid=usp0006nn2&format=geojson","felt":null,"cdi":null,"mmi":6.483,"alert":null,"status":"reviewed","tsunami":0,"sig":776,"net":"us","code":"p0006nn2","ids":",choy19941114191530,gcmtc111494c,usp0006nn2,gcmt19941114191530,duputel111494c,atlas19941114191532,iscgem141635,","sources":",choy,gcmt,us,gcmt,duputel,atlas,iscgem,","types":",focal-mechanism,impact-text,moment-tensor,origin,phase-data,shakemap,trump-shakemap,","nst":null,"dmin":null,"rms":1.1,"gap":null,"magType":"mw","type":"earthquake","title":"M 7.1 - 10 km E of Sabang, Philippines"},"geometry":{"type":"Point","coordinates":[121.067,13.525,31.5]},"id":"usp0006nn2"},
{"type":"Feature","properties":{"mag":7.8,"place":"off the east coast of Honshu, Japan","time":788617163030,"updated":1651166343747,"tz":null,"url":"https://earthquake.usgs.gov/earthquakes/eventpage/usp0006qh3","detail":"https://earthquake.usgs.gov/fdsnws/event/1/query?eventid=usp0006qh3&format=geojson","felt":null,"cdi":null,"mmi":6.708,"alert":null,"status":"reviewed","tsunami":0,"sig":936,"net":"us","code":"p0006qh3","ids":",usp0006qh3,choy19941228121923,gcmtm122894c,gcmt19941228121923,duputel122894c,atlas19941228121925,iscgem137333,","sources":",us,choy,gcmt,gcmt,duputel,atlas,iscgem,","types":",finite-fault,focal-mechanism,impact-text,moment-tensor,origin,phase-data,shakemap,trump-shakemap,","nst":null,"dmin":null,"rms":1.1,"gap":null,"magType":"mw","type":"earthquake","title":"M 7.8 - off the east coast of Honshu, Japan"},"geometry":{"type":"Point","coordinates":[143.419,40.525,26.5]},"id":"usp0006qh3"},
{"type":"Feature","properties":{"mag":7,"place":"63 km ESE of Hachinohe, Japan","time":789431854320,"updated":1664236485049,"tz":null,"url":"https://earthquake.usgs.gov/earthquakes/eventpage/usp0006qyz","detail":"https://earthquake.usgs.gov/fdsnws/event/1/query?eventid=usp0006qyz&format=geojson","felt":null,"cdi":null,"mmi":6.369,"alert":null,"status":"reviewed","tsunami":0,"sig":754,"net":"us","code":"p0006qyz","ids":",choy19950106223734,gcmtc010695f,usp0006qyz,gcmt19950106223737,duputel010695f,atlas19950106223736,iscgem123060,","sources":",choy,gcmt,us,gcmt,duputel,atlas,iscgem,","types":",focal-mechanism,impact-text,moment-tensor,origin,phase-data,shakemap,trump-shakemap,","nst":null,"dmin":null,"rms":0.9,"gap":null,"magType":"mw","type":"earthquake","title":"M 7.0 - 63 km ESE of Hachinohe, Japan"},"geometry":{"type":"Point","coordinates":[142.175,40.246,26.9]},"id":"usp0006qyz"},
{"type":"Feature","properties":{"mag":7.1,"place":"118 km NNE of Gisborne, New Zealand","time":792024665140,"updated":1660080983059,"tz":null,"url":"https://earthquake.usgs.gov/earthquakes/eventpage/usp0006sef","detail":"https://earthquake.usgs.gov/fdsnws/event/1/query?eventid=usp0006sef&format=geojson","felt":null,"cdi":null,"mmi":6.786,"alert":null,"status":"reviewed","tsunami":0,"sig":776,"net":"us","code":"p0006sef","ids":",usp0006sef,choy19950205225105,gcmtb020595d,gcmt19950205225110,duputel020595d,atlas19950205225108,iscgem116882,","sources":",us,choy,gcmt,gcmt,duputel,atlas,iscgem,","types":",finite-fault,focal-mechanism,impact-text,moment-tensor,origin,phase-data,shakemap,trump-shakemap,","nst":null,"dmin":null,"rms":1,"gap":null,"magType":"mw","type":"earthquake","title":"M 7.1 - 118 km NNE of Gisborne, New Zealand"},"geometry":{"type":"Point","coordinates":[178.752,-37.759,21.1]},"id":"usp0006sef"},
{"type":"Feature","properties":{"mag":7.4,"place":"88 km NNE of Hihifo, Tonga","time":797292416890,"updated":1651252899778,"tz":null,"url":"https://earthquake.usgs.gov/earthquakes/eventpage/usp0006vb3","detail":"https://earthquake.usgs.gov/fdsnws/event/1/query?eventid=usp0006vb3&format=geojson","felt":null,"cdi":null,"mmi":4.19,"alert":null,"status":"reviewed","tsunami":0,"sig":842,"net":"us","code":"p0006vb3","ids":",choy19950407220656,gcmtm040795e,usp0006vb3,gcmt19950407220658,duputel040795e,iscgem108309,","sources":",choy,gcmt,us,gcmt,duputel,iscgem,","types":",focal-mechanism,impact-text,moment-tensor,origin,phase-data,shakemap,","nst":null,"dmin":null,"rms":1.1,"gap":null,"magType":"mw","type":"earthquake","title":"M 7.4 - 88 km NNE of Hihifo, Tonga"},"geometry":{"type":"Point","coordinates":[-173.529,-15.199,21.2]},"id":"usp0006vb3"},
{"type":"Feature","properties":{"mag":7.2,"place":"10 km E of Dapdap, Philippines","time":798424486090,"updated":1651253143742,"tz":null,"url":"https://earthquake.usgs.gov/earthquakes/eventpage/usp0006vz9","detail":"https://earthquake.usgs.gov/fdsnws/event/1/query?eventid=usp0006vz9&format=geojson","felt":null,"cdi":null,"mmi":6.811,"alert":null,"status":"reviewed","tsunami":0,"sig":798,"net":"us","code":"p0006vz9","ids":",choy19950421003446,usp0006vz9,gcmt19950421003447,atlas19950421003449,iscgem110154,","sources":",choy,us,gcmt,atlas,iscgem,","types":",focal-mechanism,impact-text,origin,phase-data,shakemap,trump-shakemap,","nst":null,"dmin":null,"rms":1.2,"gap":null,"magType":"mw","type":"earthquake","title":"M 7.2 - 10 km E of Dapdap, Philippines"},"geometry":{"type":"Point","coordinates":[125.58,12.059,20.7]},"id":"usp0006vz9"},
{"type":"Feature","properties":{"mag":7.1,"place":"14 km NE of Cabatuan, Philippines","time":799646025050,"updated":1651250990516,"tz":null,"url":"https://earthquake.usgs.gov/earthquakes/eventpage/usp0006ww5","detail":"https://earthquake.usgs.gov/fdsnws/event/1/query?eventid=usp0006ww5&format=geojson","felt":null,"cdi":null,"mmi":6.746,"alert":null,"status":"reviewed","tsunami":0,"sig":776,"net":"us","code":"p0006ww5","ids":",choy19950505035345,gcmtc050595a,usp0006ww5,gcmt19950505035347,duputel050595a,atlas19950505035348,iscgem102159,","sources":",choy,gcmt,us,gcmt,duputel,atlas,iscgem,","types":",focal-mechanism,impact-text,moment-tensor,origin,phase-data,shakemap,trump-shakemap,","nst":null,"dmin":null,"rms":0.9,"gap":null,"magType":"mw","type":"earthquake","title":"M 7.1 - 14 km NE of Cabatuan, Philippines"},"geometry":{"type":"Point","coordinates":[125.297,12.626,16]},"id":"usp0006ww5"},
{"type":"Feature","properties":{"mag":7.7,"place":"249 km E of Vao, New Caledonia","time":800655164220,"updated":1651251668502,"tz":null,"url":"https://earthquake.usgs.gov/earthquakes/eventpage/usp0006xg1","detail":"https://earthquake.usgs.gov/fdsnws/event/1/query?eventid=usp0006xg1&format=geojson","felt":null,"cdi":null,"mmi":4.21,"alert":null,"status":"reviewed","tsunami":0,"sig":912,"net":"us","code":"p0006xg1","ids":",usp0006xg1,choy19950516201244,gcmtm051695f,duputel051695f,gcmt19950516201245,iscgem104263,","sources":",us,choy,gcmt,duputel,gcmt,iscgem,","types":",finite-fault,focal-mechanism,impact-text,moment-tensor,origin,phase-data,shakemap,","nst":null,"dmin":null,"rms":1.3,"gap":null,"magType":"mw","type":"earthquake","title":"M 7.7 - 249 km E of Vao, New Caledonia"},"geometry":{"type":"Point","coordinates":[169.9,-23.008,20.2]},"id":"usp0006xg1"},
{"type":"Feature","properties":{"mag":7.1,"place":"85 km S of Tungor, Russia","time":801579832650,"updated":1651252522742,"tz":null,"url":"https://earthquake.usgs.gov/earthquakes/eventpage/usp0006y50","detail":"https://earthquake.usgs.gov/fdsnws/event/1/query?eventid=usp0006y50&format=geojson","felt":null,"cdi":null,"mmi":8.935,"alert":null,"status":"reviewed","tsunami":0,"sig":776,"net":"us","code":"p0006y50","ids":",choy19950527130352,gcmtc052795a,usp0006y50,gcmt19950527130355,duputel052795a,atlas19950527130352,iscgem106336,","sources":",choy,gcmt,us,gcmt,duputel,atlas,iscgem,","types":",focal-mechanism,ground-failure,impact-text,moment-tensor,origin,phase-data,shakemap,trump-shakemap,","nst":null,"dmin":null,"rms":0.9,"gap":null,"magType":"mwb","type":"earthquake","title":"M 7.1 - 85 km S of Tungor, Russia"},"geometry":{"type":"Point","coordinates":[142.827,52.629,11]},"id":"usp0006y50"},
{"type":"Feature","properties":{"mag":7.2,"place":"Kermadec Islands, New Zealand","time":804801050620,"updated":1651262480485,"tz":null,"url":"https://earthquake.usgs.gov/earthquakes/eventpage/usp000702z","detail":"https://earthquake.usgs.gov/fdsnws/event/1/query?eventid=usp000702z&format=geojson","felt":null,"cdi":null,"mmi":null,"alert":null,"status":"reviewed","tsunami":0,"sig":798,"net":"us","code":"p000702z","ids":",choy19950703195050,gcmtc070395d,usp000702z,gcmt19950703195050,duputel070395d,iscgem92051,","sources":",choy,gcmt,us,gcmt,duputel,iscgem,","types":",focal-mechanism,impact-text,moment-tensor,origin,phase-data,","nst":null,"dmin":null,"rms":1.2,"gap":null,"magType":"mwb","type":"earthquake","title":"M 7.2 - Kermadec Islands, New Zealand"},"geometry":{"type":"Point","coordinates":[-177.589,-29.211,35.3]},"id":"usp000702z"},
{"type":"Feature","properties":{"mag":8,"place":"36 km NNE of Antofagasta, Chile","time":807081083630,"updated":1651263496400,"tz":null,"url":"https://earthquake.usgs.gov/earthquakes/eventpage/usp000714t","detail":"https://earthquake.usgs.gov/fdsnws/event/1/query?eventid=usp000714t&format=geojson","felt":null,"cdi":null,"mmi":7.826,"alert":null,"status":"reviewed","tsunami":0,"sig":985,"net":"us","code":"p000714t","ids":",usp000714t,choy19950730051123,gcmtm073095a,duputel073095a,gcmt19950730051123,atlas19950730051125,iscgem96080,","sources":",us,choy,gcmt,duputel,gcmt,atlas,iscgem,","types":",finite-fault,focal-mechanism,ground-failure,impact-text,moment-tensor,origin,phase-data,shakemap,trump-shakemap,","nst":null,"dmin":null,"rms":1.1,"gap":null,"magType":"mw","type":"earthquake","title":"M 8.0 - 36 km NNE of Antofagasta, Chile"},"geometry":{"type":"Point","coordinates":[-70.294,-23.34,45.6]},"id":"usp000714t"},
{"type":"Feature","properties":{"mag":7.7,"place":"155 km WNW of Panguna, Papua New Guinea","time":808568848630,"updated":1651262310281,"tz":null,"url":"https://earthquake.usgs.gov/earthquakes/eventpage/usp00071w4","detail":"https://earthquake.usgs.gov/fdsnws/event/1/query?eventid=usp00071w4&format=geojson","felt":null,"cdi":null,"mmi":6.489,"alert":null,"status":"reviewed","tsunami":0,"sig":912,"net":"us","code":"p00071w4","ids":",usp00071w4,choy19950816102728,gcmtm081695d,duputel081695d,gcmt19950816102726,atlas19950816102728,iscgem89141,","sources":",us,choy,gcmt,duputel,gcmt,atlas,iscgem,","types":",finite-fault,focal-mechanism,impact-text,moment-tensor,origin,phase-data,shakemap,trump-shakemap,","nst":null,"dmin":null,"rms":1.3,"gap":null,"magType":"mw","type":"earthquake","title":"M 7.7 - 155 km WNW of Panguna, Papua New Guinea"},"geometry":{"type":"Point","coordinates":[154.178,-5.799,30.1]},"id":"usp00071w4"},
{"type":"Feature","properties":{"mag":7.2,"place":"139 km WNW of Panguna, Papua New Guinea","time":808614623980,"updated":1651262318708,"tz":null,"url":"https://earthquake.usgs.gov/earthquakes/eventpage/usp00071xh","detail":"https://earthquake.usgs.gov/fdsnws/event/1/query?eventid=usp00071xh&format=geojson","felt":null,"cdi":null,"mmi":6.246,"alert":null,"status":"reviewed","tsunami":0,"sig":798,"net":"us","code":"p00071xh","ids":",choy19950816231023,gcmtm081695p,usp00071xh,gcmt19950816231028,duputel081695p,atlas19950816231030,iscgem89240,","sources":",choy,gcmt,us,gcmt,duputel,atlas,iscgem,","types":",focal-mechanism,impact-text,moment-tensor,origin,phase-data,shakemap,trump-shakemap,","nst":null,"dmin":null,"rms":1.2,"gap":null,"magType":"mw","type":"earthquake","title":"M 7.2 - 139 km WNW of Panguna, Papua New Guinea"},"geometry":{"type":"Point","coordinates":[154.347,-5.771,33]},"id":"usp00071xh"},
{"type":"Feature","properties":{"mag":7.1,"place":"Pagan region, Northern Mariana Islands","time":809161562760,"updated":1651262422778,"tz":null,"url":"https://earthquake.usgs.gov/earthquakes/eventpage/usp00072a1","detail":"https://earthquake.usgs.gov/fdsnws/event/1/query?eventid=usp00072a1&format=geojson","felt":null,"cdi":null,"mmi":null,"alert":null,"status":"reviewed","tsunami":0,"sig":776,"net":"us","code":"p00072a1","ids":",choy19950823070602,gcmtc082395a,usp00072a1,gcmt19950823070602,duputel082395a,atlas19950823070604,iscgem90363,","sources":",choy,gcmt,us,gcmt,duputel,atlas,iscgem,","types":",focal-mechanism,impact-text,moment-tensor,origin,phase-data,","nst":null,"dmin":null,"rms":0.9,"gap":null,"magType":"mwb","type":"earthquake","title":"M 7.1 - Pagan region, Northern Mariana Islands"},"geometry":{"type":"Point","coordinates":[145.218,18.856,594.9]},"id":"usp00072a1"},
{"type":"Feature","properties":{"mag":7.4,"place":"5 km N of Azoyú, Mexico","time":811087471430,"updated":1651262205416,"tz":null,"url":"https://earthquake.usgs.gov/earthquakes/eventpage/usp00073c5","detail":"https://earthquake.usgs.gov/fdsnws/event/1/query?eventid=usp00073c5&format=geojson","felt":null,"cdi":null,"mmi":6.556,"alert":null,"status":"reviewed","tsunami":0,"sig":842,"net":"us","code":"p00073c5","ids":",choy19950914140431,gcmtc091495c,usp00073c5,gcmt19950914140431,duputel091495c,atlas19950914140433,iscgem84239,","sources":",choy,gcmt,us,gcmt,duputel,atlas,iscgem,","types":",focal-mechanism,ground-failure,impact-text,moment-tensor,origin,phase-data,shakemap,trump-shakemap,","nst":null,"dmin":null,"rms":1.2,"gap":null,"magType":"mwb","type":"earthquake","title":"M 7.4 - 5 km N of Azoyú, Mexico"},"geometry":{"type":"Point","coordinates":[-98.597,16.779,23]},"id":"usp00073c5"},
{"type":"Feature","properties":{"mag":7,"place":"45 km SE of Sucúa, Ecuador","time":812685083900,"updated":1651262063781,"tz":null,"url":"https://earthquake.usgs.gov/earthquakes/eventpage/usp00074c4","detail":"https://earthquake.usgs.gov/fdsnws/event/1/query?eventid=usp00074c4&format=geojson","felt":null,"cdi":null,"mmi":6.644,"alert":null,"status":"reviewed","tsunami":0,"sig":754,"net":"us","code":"p00074c4","ids":",choy19951003015123,gcmtb100395b,usp00074c4,gcmt19951003015124,duputel100395b,atlas19951003015125,iscgem73244,","sources":",choy,gcmt,us,gcmt,duputel,atlas,iscgem,","types":",focal-mechanism,ground-failure,impact-text,moment-tensor,origin,phase-data,shakemap,trump-shakemap,","nst":null,"dmin":null,"rms":0.9,"gap":null,"magType":"mw","type":"earthquake","title":"M 7.0 - 45 km SE of Sucúa, Ecuador"},"geometry":{"type":"Point","coordinates":[-77.881,-2.75,24.4]},"id":"usp00074c4"},
{"type":"Feature","properties":{"mag":8,"place":"1995 Colima-Jalisco, Mexico Earthquake","time":813252953910,"updated":1753369225129,"tz":null,"url":"https://earthquake.usgs.gov/earthquakes/eventpage/usp00074vc","detail":"https://earthquake.usgs.gov/fdsnws/event/1/query?eventid=usp00074vc&format=geojson","felt":null,"cdi":null,"mmi":8.357,"alert":null,"status":"reviewed","tsunami":0,"sig":985,"net":"us","code":"p00074vc","ids":",atlas19951009153500,atlas19951009153553,usp00074vc,choy19951009153553,gcmtm100995c,duputel100995c,gcmt19951009153555,iscgem75476,","sources":",atlas,atlas,us,choy,gcmt,duputel,gcmt,iscgem,","types":",associate,earthquake-name,finite-fault,focal-mechanism,ground-failure,impact-text,moment-tensor,origin,phase-data,shakemap,trump-shakemap,","nst":null,"dmin":null,"rms":1.3,"gap":null,"magType":"mw","type":"earthquake","title":"M 8.0 - 1995 Colima-Jalisco, Mexico Earthquake"},"geometry":{"type":"Point","coordinates":[-104.205,19.055,33]},"id":"usp00074vc"},
{"type":"Feature","properties":{"mag":7.1,"place":"83 km SE of Naze, Japan","time":814012646380,"updated":1651262131348,"tz":null,"url":"https://earthquake.usgs.gov/earthquakes/eventpage/usp00075bd","detail":"https://earthquake.usgs.gov/fdsnws/event/1/query?eventid=usp00075bd&format=geojson","felt":null,"cdi":null,"mmi":5.768,"alert":null,"status":"reviewed","tsunami":0,"sig":776,"net":"us","code":"p00075bd","ids":",choy19951018103726,gcmtc101895b,usp00075bd,gcmt19951018103726,duputel101895b,atlas19951018103728,iscgem77478,","sources":",choy,gcmt,us,gcmt,duputel,atlas,iscgem,","types":",focal-mechanism,impact-text,moment-tensor,origin,phase-data,shakemap,trump-shakemap,","nst":null,"dmin":null,"rms":1.2,"gap":null,"magType":"mw","type":"earthquake","title":"M 7.1 - 83 km SE of Naze, Japan"},"geometry":{"type":"Point","coordinates":[130.175,27.929,28.4]},"id":"usp00075bd"},
{"type":"Feature","properties":{"mag":7.2,"place":"13 km NW of Ocozocoautla de Espinosa, Mexico","time":814243137120,"updated":1651262144051,"tz":null,"url":"https://earthquake.usgs.gov/earthquakes/eventpage/usp00075gf","detail":"https://earthquake.usgs.gov/fdsnws/event/1/query?eventid=usp00075gf&format=geojson","felt":null,"cdi":null,"mmi":6.316,"alert":null,"status":"reviewed","tsunami":0,"sig":798,"net":"us","code":"p00075gf","ids":",choy19951021023857,gcmtc102195c,usp00075gf,gcmt19951021023857,duputel102195c,atlas19951021023858,iscgem79337,","sources":",choy,gcmt,us,gcmt,duputel,atlas,iscgem,","types":",focal-mechanism,impact-text,moment-tensor,origin,phase-data,shakemap,trump-shakemap,","nst":null,"dmin":null,"rms":1.1,"gap":null,"magType":"mw","type":"earthquake","title":"M 7.2 - 13 km NW of Ocozocoautla de Espinosa, Mexico"},"geometry":{"type":"Point","coordinates":[-93.469,16.84,159.3]},"id":"usp00075gf"},
{"type":"Feature","properties":{"mag":7.2,"place":"27 km SSE of Nuwaybi‘a, Egypt","time":817013711940,"updated":1651262033438,"tz":null,"url":"https://earthquake.usgs.gov/earthquakes/eventpage/usp0007788","detail":"https://earthquake.usgs.gov/fdsnws/event/1/query?eventid=usp0007788&format=geojson","felt":null,"cdi":null,"mmi":9.224,"alert":null,"status":"reviewed","tsunami":0,"sig":798,"net":"us","code":"p0007788","ids":",choy19951122041511,gcmtm112295a,usp0007788,gcmt19951122041511,duputel112295a,atlas19951122041513,iscgem70282,","sources":",choy,gcmt,us,gcmt,duputel,atlas,iscgem,","types":",focal-mechanism,ground-failure,impact-text,moment-tensor,origin,phase-data,shakemap,trump-shakemap,","nst":null,"dmin":null,"rms":1.3,"gap":null,"magType":"mw","type":"earthquake","title":"M 7.2 - 27 km SSE of Nuwaybi‘a, Egypt"},"geometry":{"type":"Point","coordinates":[34.799,28.826,10]},"id":"usp0007788"},
{"type":"Feature","properties":{"mag":7.9,"place":"128 km ESE of Kuril’sk, Russia","time":818013668990,"updated":1651261703748,"tz":null,"url":"https://earthquake.usgs.gov/earthquakes/eventpage/usp000782n","detail":"https://earthquake.usgs.gov/fdsnws/event/1/query?eventid=usp000782n&format=geojson","felt":null,"cdi":null,"mmi":6.383,"alert":null,"status":"reviewed","tsunami":0,"sig":960,"net":"us","code":"p000782n","ids":",usp000782n,choy19951203180108,gcmtm120395e,gcmt19951203180107,duputel120395e,iscgem61059,","sources":",us,choy,gcmt,gcmt,duputel,iscgem,","types":",finite-fault,focal-mechanism,impact-text,moment-tensor,origin,phase-data,shakemap,","nst":null,"dmin":null,"rms":1.1,"gap":null,"magType":"mw","type":"earthquake","title":"M 7.9 - 128 km ESE of Kuril’sk, Russia"},"geometry":{"type":"Point","coordinates":[149.3,44.663,33]},"id":"usp000782n"},
{"type":"Feature","properties":{"mag":7.1,"place":"297 km NE of Lospalos, Timor Leste","time":819866604460,"updated":1651261879805,"tz":null,"url":"https://earthquake.usgs.gov/earthquakes/eventpage/usp00079k5","detail":"https://earthquake.usgs.gov/fdsnws/event/1/query?eventid=usp00079k5&format=geojson","felt":null,"cdi":null,"mmi":6.363,"alert":null,"status":"reviewed","tsunami":0,"sig":776,"net":"us","code":"p00079k5","ids":",choy19951225044324,gcmtc122595e,usp00079k5,gcmt19951225044324,duputel122595e,atlas19951225044325,iscgem65409,","sources":",choy,gcmt,us,gcmt,duputel,atlas,iscgem,","types":",focal-mechanism,impact-text,moment-tensor,origin,phase-data,shakemap,trump-shakemap,","nst":null,"dmin":null,"rms":1,"gap":null,"magType":"mw","type":"earthquake","title":"M 7.1 - 297 km NE of Lospalos, Timor Leste"},"geometry":{"type":"Point","coordinates":[129.151,-6.903,141.9]},"id":"usp00079k5"},
{"type":"Feature","properties":{"mag":7.9,"place":"181 km N of Palu, Indonesia","time":820483510830,"updated":1663891619770,"tz":null,"url":"https://earthquake.usgs.gov/earthquakes/eventpage/usp00079zv","detail":"https://earthquake.usgs.gov/fdsnws/event/1/query?eventid=usp00079zv&format=geojson","felt":null,"cdi":null,"mmi":8.009,"alert":null,"status":"reviewed","tsunami":0,"sig":960,"net":"us","code":"p00079zv","ids":",usp00079zv,choy19960101080510,gcmtc010196c,gcmt19960101080511,duputel010196c,atlas19960101080512,iscgem939295,","sources":",us,choy,gcmt,gcmt,duputel,atlas,iscgem,","types":",finite-fault,focal-mechanism,impact-text,moment-tensor,origin,phase-data,shakemap,trump-shakemap,","nst":null,"dmin":null,"rms":1.2,"gap":null,"magType":"mw","type":"earthquake","title":"M 7.9 - 181 km N of Palu, Indonesia"},"geometry":{"type":"Point","coordinates":[119.931,0.729,24]},"id":"usp00079zv"},
{"type":"Feature","properties":{"mag":7.2,"place":"158 km E of Kuril’sk, Russia","time":823729006300,"updated":1651262918502,"tz":null,"url":"https://earthquake.usgs.gov/earthquakes/eventpage/usp0007chh","detail":"https://earthquake.usgs.gov/fdsnws/event/1/query?eventid=usp0007chh&format=geojson","felt":null,"cdi":null,"mmi":6.227,"alert":null,"status":"reviewed","tsunami":0,"sig":798,"net":"us","code":"p0007chh","ids":",choy19960207213646,gcmtc020796g,usp0007chh,gcmt19960207213645,duputel020796g,iscgem946305,","sources":",choy,gcmt,us,gcmt,duputel,iscgem,","types":",focal-mechanism,impact-text,moment-tensor,origin,phase-data,shakemap,","nst":null,"dmin":null,"rms":1.1,"gap":null,"magType":"mw","type":"earthquake","title":"M 7.2 - 158 km E of Kuril’sk, Russia"},"geometry":{"type":"Point","coordinates":[149.892,45.324,42.6]},"id":"usp0007chh"},
{"type":"Feature","properties":{"mag":8.09,"place":"1996 Biak, Indonesia Earthquake","time":824536770550,"updated":1753388687095,"tz":null,"url":"https://earthquake.usgs.gov/earthquakes/eventpage/official19960217055930550_33","detail":"https://earthquake.usgs.gov/fdsnws/event/1/query?eventid=official19960217055930550_33&format=geojson","felt":null,"cdi":null,"mmi":8,"alert":null,"status":"reviewed","tsunami":0,"sig":1007,"net":"official","code":"19960217055930550_33","ids":",official19960217055930550_33,usp0007d1w,choy19960217055930,gcmtm021796b,duputel021796b,gcmt19960217055929,atlas19960217055932,iscgem947787,","sources":",official,us,choy,gcmt,duputel,gcmt,atlas,iscgem,","types":",earthquake-name,finite-fault,focal-mechanism,general-header,impact-text,moment-tensor,origin,phase-data,shakemap,trump-origin,","nst":null,"dmin":null,"rms":null,"gap":null,"magType":"mww","type":"earthquake","title":"M 8.1 - 1996 Biak, Indonesia Earthquake"},"geometry":{"type":"Point","coordinates":[136.952,-0.891,33]},"id":"official19960217055930550_33"},
{"type":"Feature","properties":{"mag":7.5,"place":"123 km WSW of Puerto Santa, Peru","time":824907061300,"updated":1651263080009,"tz":null,"url":"https://earthquake.usgs.gov/earthquakes/eventpage/usp0007dmb","detail":"https://earthquake.usgs.gov/fdsnws/event/1/query?eventid=usp0007dmb&format=geojson","felt":null,"cdi":null,"mmi":5.774,"alert":null,"status":"reviewed","tsunami":0,"sig":865,"net":"us","code":"p0007dmb","ids":",usp0007dmb,choy19960221125101,gcmtm022196b,duputel022196b,gcmt19960221125104,atlas19960221125104,iscgem949313,","sources":",us,choy,gcmt,duputel,gcmt,atlas,iscgem,","types":",finite-fault,focal-mechanism,impact-text,moment-tensor,origin,phase-data,shakemap,trump-shakemap,","nst":null,"dmin":null,"rms":1.2,"gap":null,"magType":"mw","type":"earthquake","title":"M 7.5 - 123 km WSW of Puerto Santa, Peru"},"geometry":{"type":"Point","coordinates":[-79.587,-9.593,10]},"id":"usp0007dmb"},
{"type":"Feature","properties":{"mag":7.1,"place":"24 km SSW of Santa María Chico Ometepec, Mexico","time":825217695870,"updated":1651263117058,"tz":null,"url":"https://earthquake.usgs.gov/earthquakes/eventpage/usp0007dv6","detail":"https://earthquake.usgs.gov/fdsnws/event/1/query?eventid=usp0007dv6&format=geojson","felt":null,"cdi":null,"mmi":6.61,"alert":null,"status":"reviewed","tsunami":0,"sig":776,"net":"us","code":"p0007dv6","ids":",choy19960225030815,gcmtc022596a,usp0007dv6,duputel022596a,gcmt19960225030818,atlas19960225030817,iscgem949951,","sources":",choy,gcmt,us,duputel,gcmt,atlas,iscgem,","types":",focal-mechanism,impact-text,moment-tensor,origin,phase-data,shakemap,trump-shakemap,","nst":null,"dmin":null,"rms":1.2,"gap":null,"magType":"mw","type":"earthquake","title":"M 7.1 - 24 km SSW of Santa María Chico Ometepec, Mexico"},"geometry":{"type":"Point","coordinates":[-98.07,15.978,21.1]},"id":"usp0007dv6"},
{"type":"Feature","properties":{"mag":7.2,"place":"south of the Fiji Islands","time":829614654670,"updated":1651254677341,"tz":null,"url":"https://earthquake.usgs.gov/earthquakes/eventpage/usp0007g84","detail":"https://earthquake.usgs.gov/fdsnws/event/1/query?eventid=usp0007g84&format=geojson","felt":null,"cdi":null,"mmi":null,"alert":null,"status":"reviewed","tsunami":0,"sig":798,"net":"us","code":"p0007g84","ids":",choy19960416003054,gcmtc041696a,usp0007g84,gcmt19960416003054,duputel041696a,iscgem959156,","sources":",choy,gcmt,us,gcmt,duputel,iscgem,","types":",focal-mechanism,moment-tensor,origin,phase-data,","nst":null,"dmin":null,"rms":1,"gap":null,"magType":"mwb","type":"earthquake","title":"M 7.2 - south of the Fiji Islands"},"geometry":{"type":"Point","coordinates":[-177.036,-24.061,110.9]},"id":"usp0007g84"},
{"type":"Feature","properties":{"mag":7.2,"place":"58 km WSW of Panguna, Papua New Guinea","time":830788841090,"updated":1651263511983,"tz":null,"url":"https://earthquake.usgs.gov/earthquakes/eventpage/usp0007gqq","detail":"https://earthquake.usgs.gov/fdsnws/event/1/query?eventid=usp0007gqq&format=geojson","felt":null,"cdi":null,"mmi":6.26,"alert":null,"status":"reviewed","tsunami":0,"sig":798,"net":"us","code":"p0007gqq","ids":",choy19960429144041,gcmtc042996a,usp0007gqq,gcmt19960429144041,duputel042996a,atlas19960429144043,iscgem961438,","sources":",choy,gcmt,us,gcmt,duputel,atlas,iscgem,","types":",focal-mechanism,impact-text,moment-tensor,origin,phase-data,shakemap,trump-shakemap,","nst":null,"dmin":null,"rms":1,"gap":null,"magType":"mwc","type":"earthquake","title":"M 7.2 - 58 km WSW of Panguna, Papua New Guinea"},"geometry":{"type":"Point","coordinates":[154.999,-6.518,44]},"id":"usp0007gqq"},
{"type":"Feature","properties":{"mag":7,"place":"northern Mid-Atlantic Ridge","time":833683929550,"updated":1651263651556,"tz":null,"url":"https://earthquake.usgs.gov/earthquakes/eventpage/usp0007j1e","detail":"https://earthquake.usgs.gov/fdsnws/event/1/query?eventid=usp0007j1e&format=geojson","felt":null,"cdi":null,"mmi":null,"alert":null,"status":"reviewed","tsunami":0,"sig":754,"net":"us","code":"p0007j1e","ids":",choy19960602025209,gcmtc060296d,usp0007j1e,gcmt19960602025209,duputel060296d,iscgem967116,","sources":",choy,gcmt,us,gcmt,duputel,iscgem,","types":",focal-mechanism,moment-tensor,origin,phase-data,","nst":null,"dmin":null,"rms":1.1,"gap":null,"magType":"mwc","type":"earthquake","title":"M 7.0 - northern Mid-Atlantic Ridge"},"geometry":{"type":"Point","coordinates":[-42.254,10.797,10]},"id":"usp0007j1e"},
{"type":"Feature","properties":{"mag":7.9,"place":"77 km WSW of Adak, Alaska","time":834379415480,"updated":1651263673313,"tz":null,"url":"https://earthquake.usgs.gov/earthquakes/eventpage/usp0007jcu","detail":"https://earthquake.usgs.gov/fdsnws/event/1/query?eventid=usp0007jcu&format=geojson","felt":null,"cdi":null,"mmi":7.127,"alert":null,"status":"reviewed","tsunami":0,"sig":960,"net":"us","code":"p0007jcu","ids":",usp0007jcu,choy19960610040335,gcmtm061096b,gcmt19960610040335,duputel061096b,ak9967fzgob5,iscgem968623,atlas19960610040336,","sources":",us,choy,gcmt,gcmt,duputel,ak,iscgem,atlas,","types":",finite-fault,focal-mechanism,impact-text,moment-tensor,origin,phase-data,shakemap,","nst":null,"dmin":null,"rms":0.9,"gap":null,"magType":"mwc","type":"earthquake","title":"M 7.9 - 77 km WSW of Adak, Alaska"},"geometry":{"type":"Point","coordinates":[-177.632,51.564,33]},"id":"usp0007jcu"},
{"type":"Feature","properties":{"mag":7.3,"place":"46 km SSW of Adak, Alaska","time":834420296000,"updated":1651263679562,"tz":null,"url":"https://earthquake.usgs.gov/earthquakes/eventpage/usp0007jfz","detail":"https://earthquake.usgs.gov/fdsnws/event/1/query?eventid=usp0007jfz&format=geojson","felt":null,"cdi":null,"mmi":6.811,"alert":null,"status":"reviewed","tsunami":0,"sig":820,"net":"us","code":"p0007jfz","ids":",choy19960610152456,gcmtc061096s,usp0007jfz,gcmt19960610152456,duputel061096s,ak9967g64zlm,iscgem968793,atlas19960610152458,","sources":",choy,gcmt,us,gcmt,duputel,ak,iscgem,atlas,","types":",focal-mechanism,impact-text,moment-tensor,origin,phase-data,shakemap,","nst":null,"dmin":null,"rms":1,"gap":null,"magType":"mwc","type":"earthquake","title":"M 7.3 - 46 km SSW of Adak, Alaska"},"geometry":{"type":"Point","coordinates":[-176.847,51.478,26.3]},"id":"usp0007jfz"},
{"type":"Feature","properties":{"mag":7.1,"place":"8 km NNE of Palapag, Philippines","time":834517375730,"updated":1651263702443,"tz":null,"url":"https://earthquake.usgs.gov/earthquakes/eventpage/usp0007jkw","detail":"https://earthquake.usgs.gov/fdsnws/event/1/query?eventid=usp0007jkw&format=geojson","felt":null,"cdi":null,"mmi":6.477,"alert":null,"status":"reviewed","tsunami":0,"sig":776,"net":"us","code":"p0007jkw","ids":",choy19960611182255,gcmtc061196j,usp0007jkw,gcmt19960611182255,duputel061196j,atlas19960611182258,iscgem969275,","sources":",choy,gcmt,us,gcmt,duputel,atlas,iscgem,","types":",focal-mechanism,impact-text,moment-tensor,origin,phase-data,shakemap,trump-shakemap,","nst":null,"dmin":null,"rms":0.9,"gap":null,"magType":"mwc","type":"earthquake","title":"M 7.1 - 8 km NNE of Palapag, Philippines"},"geometry":{"type":"Point","coordinates":[125.154,12.614,33]},"id":"usp0007jkw"},
{"type":"Feature","properties":{"mag":7.9,"place":"169 km NNE of Maumere, Indonesia","time":835010538540,"updated":1651263748107,"tz":null,"url":"https://earthquake.usgs.gov/earthquakes/eventpage/usp0007jw8","detail":"https://earthquake.usgs.gov/fdsnws/event/1/query?eventid=usp0007jw8&format=geojson","felt":null,"cdi":null,"mmi":3.841,"alert":null,"status":"reviewed","tsunami":0,"sig":960,"net":"us","code":"p0007jw8","ids":",choy19960617112218,gcmtm061796a,usp0007jw8,gcmt19960617112218,duputel061796a,iscgem970331,","sources":",choy,gcmt,us,gcmt,duputel,iscgem,","types":",focal-mechanism,impact-text,moment-tensor,origin,phase-data,shakemap,","nst":null,"dmin":null,"rms":1.2,"gap":null,"magType":"mwc","type":"earthquake","title":"M 7.9 - 169 km NNE of Maumere, Indonesia"},"geometry":{"type":"Point","coordinates":[122.589,-7.137,587.3]},"id":"usp0007jw8"},
{"type":"Feature","properties":{"mag":7,"place":"220 km NNE of Palu, Indonesia","time":838045175770,"updated":1651263974874,"tz":null,"url":"https://earthquake.usgs.gov/earthquakes/eventpage/usp0007me1","detail":"https://earthquake.usgs.gov/fdsnws/event/1/query?eventid=usp0007me1&format=geojson","felt":null,"cdi":null,"mmi":6.485,"alert":null,"status":"reviewed","tsunami":0,"sig":754,"net":"us","code":"p0007me1","ids":",choy19960722141935,gcmtc072296f,usp0007me1,gcmt19960722141935,duputel072296f,atlas19960722141936,iscgem976544,","sources":",choy,gcmt,us,gcmt,duputel,atlas,iscgem,","types":",focal-mechanism,impact-text,moment-tensor,origin,phase-data,shakemap,trump-shakemap,","nst":null,"dmin":null,"rms":1.2,"gap":null,"magType":"mwc","type":"earthquake","title":"M 7.0 - 220 km NNE of Palu, Indonesia"},"geometry":{"type":"Point","coordinates":[120.45,1,33]},"id":"usp0007me1"},
{"type":"Feature","properties":{"mag":7.4,"place":"Fiji region","time":839284702090,"updated":1651264056708,"tz":null,"url":"https://earthquake.usgs.gov/earthquakes/eventpage/usp0007n5m","detail":"https://earthquake.usgs.gov/fdsnws/event/1/query?eventid=usp0007n5m&format=geojson","felt":null,"cdi":null,"mmi":null,"alert":null,"status":"reviewed","tsunami":0,"sig":842,"net":"us","code":"p0007n5m","ids":",choy19960805223822,gcmtc080596g,usp0007n5m,gcmt19960805223822,duputel080596g,iscgem979090,","sources":",choy,gcmt,us,gcmt,duputel,iscgem,","types":",focal-mechanism,impact-text,moment-tensor,origin,phase-data,","nst":null,"dmin":null,"rms":0.9,"gap":null,"magType":"mwc","type":"earthquake","title":"M 7.4 - Fiji region"},"geometry":{"type":"Point","coordinates":[-178.31,-20.69,550.2]},"id":"usp0007n5m"},
{"type":"Feature","properties":{"mag":7.7,"place":"60 km SW of Changuillo, Peru","time":847817984030,"updated":1651264757369,"tz":null,"url":"https://earthquake.usgs.gov/earthquakes/eventpage/usp0007swp","detail":"https://earthquake.usgs.gov/fdsnws/event/1/query?eventid=usp0007swp&format=geojson","felt":null,"cdi":null,"mmi":7.245,"alert":null,"status":"reviewed","tsunami":0,"sig":912,"net":"us","code":"p0007swp","ids":",usp0007swp,choy19961112165944,gcmtm111296d,duputel111296d,gcmt19961112165944,atlas19961112165944,iscgem996809,","sources":",us,choy,gcmt,duputel,gcmt,atlas,iscgem,","types":",finite-fault,focal-mechanism,ground-failure,impact-text,moment-tensor,origin,phase-data,shakemap,trump-shakemap,","nst":null,"dmin":null,"rms":1.11,"gap":null,"magType":"mwc","type":"earthquake","title":"M 7.7 - 60 km SW of Changuillo, Peru"},"geometry":{"type":"Point","coordinates":[-75.675,-14.993,33]},"id":"usp0007swp"},
{"type":"Feature","properties":{"mag":7.2,"place":"46 km WNW of El Habillal, Mexico","time":853014506020,"updated":1666386772521,"tz":null,"url":"https://earthquake.usgs.gov/earthquakes/eventpage/usp0007vrx","detail":"https://earthquake.usgs.gov/fdsnws/event/1/query?eventid=usp0007vrx&format=geojson","felt":null,"cdi":null,"mmi":7.082,"alert":null,"status":"reviewed","tsunami":0,"sig":798,"net":"us","code":"p0007vrx","ids":",choy19970111202826,gcmtc011197d,usp0007vrx,duputel011197d,gcmt19970111202826,atlas19970111202827,iscgem1005952,","sources":",choy,gcmt,us,duputel,gcmt,atlas,iscgem,","types":",focal-mechanism,impact-text,moment-tensor,origin,phase-data,shakemap,trump-shakemap,","nst":null,"dmin":null,"rms":1.09,"gap":null,"magType":"mwb","type":"earthquake","title":"M 7.2 - 46 km WNW of El Habillal, Mexico"},"geometry":{"type":"Point","coordinates":[-102.756,18.219,33]},"id":"usp0007vrx"},
{"type":"Feature","properties":{"mag":7.1,"place":"16 km NW of Villazón, Bolivia","time":853985722970,"updated":1651250524212,"tz":null,"url":"https://earthquake.usgs.gov/earthquakes/eventpage/usp0007w7v","detail":"https://earthquake.usgs.gov/fdsnws/event/1/query?eventid=usp0007w7v&format=geojson","felt":null,"cdi":null,"mmi":null,"alert":null,"status":"reviewed","tsunami":0,"sig":776,"net":"us","code":"p0007w7v","ids":",choy19970123021522,gcmtc012397b,usp0007w7v,gcmt19970123021522,duputel012397b,atlas19970123021523,iscgem1007800,","sources":",choy,gcmt,us,gcmt,duputel,atlas,iscgem,","types":",focal-mechanism,impact-text,moment-tensor,origin,phase-data,","nst":null,"dmin":null,"rms":0.94,"gap":null,"magType":"mwc","type":"earthquake","title":"M 7.1 - 16 km NW of Villazón, Bolivia"},"geometry":{"type":"Point","coordinates":[-65.719,-21.999,276.2]},"id":"usp0007w7v"},
{"type":"Feature","properties":{"mag":7.1,"place":"29 km ESE of Harnai, Pakistan","time":857077682360,"updated":1651250629087,"tz":null,"url":"https://earthquake.usgs.gov/earthquakes/eventpage/usp0007xx2","detail":"https://earthquake.usgs.gov/fdsnws/event/1/query?eventid=usp0007xx2&format=geojson","felt":null,"cdi":null,"mmi":6.249,"alert":null,"status":"reviewed","tsunami":0,"sig":776,"net":"us","code":"p0007xx2","ids":",choy19970227210802,gcmtc022797e,usp0007xx2,gcmt19970227210802,duputel022797e,atlas19970227210803,iscgem1013076,","sources":",choy,gcmt,us,gcmt,duputel,atlas,iscgem,","types":",focal-mechanism,impact-text,moment-tensor,origin,phase-data,shakemap,trump-shakemap,","nst":null,"dmin":null,"rms":1.17,"gap":null,"magType":"mwc","type":"earthquake","title":"M 7.1 - 29 km ESE of Harnai, Pakistan"},"geometry":{"type":"Point","coordinates":[68.208,29.976,33]},"id":"usp0007xx2"},
{"type":"Feature","properties":{"mag":7.7,"place":"171 km NNW of Sola, Vanuatu","time":861624146430,"updated":1651251031202,"tz":null,"url":"https://earthquake.usgs.gov/earthquakes/eventpage/usp00080wt","detail":"https://earthquake.usgs.gov/fdsnws/event/1/query?eventid=usp00080wt&format=geojson","felt":null,"cdi":null,"mmi":6.474,"alert":null,"status":"reviewed","tsunami":0,"sig":912,"net":"us","code":"p00080wt","ids":",usp00080wt,choy19970421120226,gcmtm042197b,duputel042197b,gcmt19970421120226,atlas19970421120227,iscgem1022840,","sources":",us,choy,gcmt,duputel,gcmt,atlas,iscgem,","types":",finite-fault,focal-mechanism,impact-text,moment-tensor,origin,phase-data,shakemap,trump-shakemap,","nst":null,"dmin":null,"rms":0.93,"gap":null,"magType":"mwc","type":"earthquake","title":"M 7.7 - 171 km NNW of Sola, Vanuatu"},"geometry":{"type":"Point","coordinates":[166.676,-12.584,33]},"id":"usp00080wt"},
{"type":"Feature","properties":{"mag":7.3,"place":"58 km E of Q?’en, Iran","time":863251049720,"updated":1651251198341,"tz":null,"url":"https://earthquake.usgs.gov/earthquakes/eventpage/usp000820p","detail":"https://earthquake.usgs.gov/fdsnws/event/1/query?eventid=usp000820p&format=geojson","felt":null,"cdi":null,"mmi":9.343,"alert":null,"status":"reviewed","tsunami":0,"sig":820,"net":"us","code":"p000820p","ids":",choy19970510075729,gcmtc051097c,usp000820p,gcmt19970510075729,duputel051097c,atlas19970510075729,iscgem1026215,","sources":",choy,gcmt,us,gcmt,duputel,atlas,iscgem,","types":",focal-mechanism,ground-failure,impact-text,moment-tensor,origin,phase-data,shakemap,trump-shakemap,","nst":null,"dmin":null,"rms":1.12,"gap":null,"magType":"mwb","type":"earthquake","title":"M 7.3 - 58 km E of Q?’en, Iran"},"geometry":{"type":"Point","coordinates":[59.809,33.825,10]},"id":"usp000820p"},
{"type":"Feature","properties":{"mag":7.1,"place":"south of the Kermadec Islands","time":864602553190,"updated":1651251310390,"tz":null,"url":"https://earthquake.usgs.gov/earthquakes/eventpage/usp00082uf","detail":"https://earthquake.usgs.gov/fdsnws/event/1/query?eventid=usp00082uf&format=geojson","felt":null,"cdi":null,"mmi":null,"alert":null,"status":"reviewed","tsunami":0,"sig":776,"net":"us","code":"p00082uf","ids":",choy19970525232233,usp00082uf,gcmt19970525232233,duputel052597d,iscgem1029000,","sources":",choy,us,gcmt,duputel,iscgem,","types":",focal-mechanism,impact-text,moment-tensor,origin,phase-data,","nst":null,"dmin":null,"rms":1.16,"gap":null,"magType":"mwc","type":"earthquake","title":"M 7.1 - south of the Kermadec Islands"},"geometry":{"type":"Point","coordinates":[179.791,-32.115,332.7]},"id":"usp00082uf"},
{"type":"Feature","properties":{"mag":7,"place":"26 km WSW of Carúpano, Venezuela","time":868476253170,"updated":1651251451102,"tz":null,"url":"https://earthquake.usgs.gov/earthquakes/eventpage/usp00084m2","detail":"https://earthquake.usgs.gov/fdsnws/event/1/query?eventid=usp00084m2&format=geojson","felt":null,"cdi":null,"mmi":7.667,"alert":null,"status":"reviewed","tsunami":0,"sig":754,"net":"us","code":"p00084m2","ids":",choy19970709192413,gcmtc070997c,usp00084m2,gcmt19970709192413,duputel070997c,atlas19970709192413,iscgem1036154,","sources":",choy,gcmt,us,gcmt,duputel,atlas,iscgem,","types":",focal-mechanism,ground-failure,impact-text,moment-tensor,origin,phase-data,shakemap,trump-shakemap,","nst":null,"dmin":null,"rms":1.25,"gap":null,"magType":"mwc","type":"earthquake","title":"M 7.0 - 26 km WSW of Carúpano, Venezuela"},"geometry":{"type":"Point","coordinates":[-63.486,10.598,19.9]},"id":"usp00084m2"},
{"type":"Feature","properties":{"mag":7,"place":"Kermadec Islands region","time":874771892150,"updated":1651251658722,"tz":null,"url":"https://earthquake.usgs.gov/earthquakes/eventpage/usp00087s6","detail":"https://earthquake.usgs.gov/fdsnws/event/1/query?eventid=usp00087s6&format=geojson","felt":null,"cdi":null,"mmi":null,"alert":null,"status":"reviewed","tsunami":0,"sig":754,"net":"us","code":"p00087s6","ids":",choy19970920161132,gcmtc092097e,usp00087s6,gcmt19970920161132,duputel092097e,iscgem1042535,","sources":",choy,gcmt,us,gcmt,duputel,iscgem,","types":",focal-mechanism,moment-tensor,origin,phase-data,","nst":null,"dmin":null,"rms":0.99,"gap":null,"magType":"mwc","type":"earthquake","title":"M 7.0 - Kermadec Islands region"},"geometry":{"type":"Point","coordinates":[-177.624,-28.683,30]},"id":"usp00087s6"},
{"type":"Feature","properties":{"mag":7.8,"place":"192 km WSW of Haveluloto, Tonga","time":876822798150,"updated":1651251896379,"tz":null,"url":"https://earthquake.usgs.gov/earthquakes/eventpage/usp000890q","detail":"https://earthquake.usgs.gov/fdsnws/event/1/query?eventid=usp000890q&format=geojson","felt":null,"cdi":null,"mmi":6.884,"alert":null,"status":"reviewed","tsunami":0,"sig":936,"net":"us","code":"p000890q","ids":",usp000890q,choy19971014095318,gcmtm101497a,gcmt19971014095318,duputel101497a,iscgem1047281,","sources":",us,choy,gcmt,gcmt,duputel,iscgem,","types":",finite-fault,focal-mechanism,impact-text,moment-tensor,origin,phase-data,shakemap,","nst":null,"dmin":null,"rms":0.93,"gap":null,"magType":"mwb","type":"earthquake","title":"M 7.8 - 192 km WSW of Haveluloto, Tonga"},"geometry":{"type":"Point","coordinates":[-176.772,-22.101,167.3]},"id":"usp000890q"},
{"type":"Feature","properties":{"mag":7.1,"place":"36 km SW of Monte Patria, Chile","time":876877413460,"updated":1651251904075,"tz":null,"url":"https://earthquake.usgs.gov/earthquakes/eventpage/usp000892b","detail":"https://earthquake.usgs.gov/fdsnws/event/1/query?eventid=usp000892b&format=geojson","felt":null,"cdi":null,"mmi":7.309,"alert":null,"status":"reviewed","tsunami":0,"sig":776,"net":"us","code":"p000892b","ids":",choy19971015010333,gcmtc101597a,usp000892b,gcmt19971015010333,duputel101597a,atlas19971015010335,iscgem1047434,","sources":",choy,gcmt,us,gcmt,duputel,atlas,iscgem,","types":",focal-mechanism,impact-text,moment-tensor,origin,phase-data,shakemap,trump-shakemap,","nst":null,"dmin":null,"rms":1.05,"gap":null,"magType":"mwc","type":"earthquake","title":"M 7.1 - 36 km SW of Monte Patria, Chile"},"geometry":{"type":"Point","coordinates":[-71.22,-30.933,58]},"id":"usp000892b"},
{"type":"Feature","properties":{"mag":7.2,"place":"51 km N of Barranca, Peru","time":878019317330,"updated":1651251965858,"tz":null,"url":"https://earthquake.usgs.gov/earthquakes/eventpage/usp00089q2","detail":"https://earthquake.usgs.gov/fdsnws/event/1/query?eventid=usp00089q2&format=geojson","felt":null,"cdi":null,"mmi":6.782,"alert":null,"status":"reviewed","tsunami":0,"sig":798,"net":"us","code":"p00089q2","ids":",choy19971028061517,gcmtc102897a,usp00089q2,gcmt19971028061517,duputel102897a,atlas19971028061518,iscgem1049630,","sources":",choy,gcmt,us,gcmt,duputel,atlas,iscgem,","types":",focal-mechanism,impact-text,moment-tensor,origin,phase-data,shakemap,trump-shakemap,","nst":null,"dmin":null,"rms":0.85,"gap":null,"magType":"mwc","type":"earthquake","title":"M 7.2 - 51 km N of Barranca, Peru"},"geometry":{"type":"Point","coordinates":[-76.681,-4.368,112]},"id":"usp00089q2"},
{"type":"Feature","properties":{"mag":7.5,"place":"western Xizang","time":878983372610,"updated":1651252057162,"tz":null,"url":"https://earthquake.usgs.gov/earthquakes/eventpage/usp0008a97","detail":"https://earthquake.usgs.gov/fdsnws/event/1/query?eventid=usp0008a97&format=geojson","felt":null,"cdi":null,"mmi":7.099,"alert":null,"status":"reviewed","tsunami":0,"sig":865,"net":"us","code":"p0008a97","ids":",usp0008a97,choy19971108100252,gcmtm110897a,duputel110897a,gcmt19971108100252,iscgem1051405,","sources":",us,choy,gcmt,duputel,gcmt,iscgem,","types":",finite-fault,focal-mechanism,moment-tensor,origin,phase-data,shakemap,","nst":null,"dmin":null,"rms":1.38,"gap":null,"magType":"mwc","type":"earthquake","title":"M 7.5 - western Xizang"},"geometry":{"type":"Point","coordinates":[87.325,35.069,33]},"id":"usp0008a97"},
{"type":"Feature","properties":{"mag":7,"place":"34 km ESE of Port-Olry, Vanuatu","time":879620364300,"updated":1651252102137,"tz":null,"url":"https://earthquake.usgs.gov/earthquakes/eventpage/usp0008aqx","detail":"https://earthquake.usgs.gov/fdsnws/event/1/query?eventid=usp0008aqx&format=geojson","felt":null,"cdi":null,"mmi":6.441,"alert":null,"status":"reviewed","tsunami":0,"sig":754,"net":"us","code":"p0008aqx","ids":",choy19971115185924,gcmtc111597d,usp0008aqx,gcmt19971115185924,duputel111597d,atlas19971115185925,iscgem1052672,","sources":",choy,gcmt,us,gcmt,duputel,atlas,iscgem,","types":",focal-mechanism,moment-tensor,origin,phase-data,shakemap,trump-shakemap,","nst":null,"dmin":null,"rms":1.09,"gap":null,"magType":"mwc","type":"earthquake","title":"M 7.0 - 34 km ESE of Port-Olry, Vanuatu"},"geometry":{"type":"Point","coordinates":[167.375,-15.145,123.1]},"id":"usp0008aqx"},
{"type":"Feature","properties":{"mag":7,"place":"97 km NW of Gorontalo, Indonesia","time":880460073630,"updated":1651252143195,"tz":null,"url":"https://earthquake.usgs.gov/earthquakes/eventpage/usp0008baj","detail":"https://earthquake.usgs.gov/fdsnws/event/1/query?eventid=usp0008baj&format=geojson","felt":null,"cdi":null,"mmi":6.422,"alert":null,"status":"reviewed","tsunami":0,"sig":754,"net":"us","code":"p0008baj","ids":",choy19971125121433,gcmtc112597c,usp0008baj,gcmt19971125121433,duputel112597c,atlas19971125121435,iscgem1054660,","sources":",choy,gcmt,us,gcmt,duputel,atlas,iscgem,","types":",focal-mechanism,impact-text,moment-tensor,origin,phase-data,shakemap,trump-shakemap,","nst":null,"dmin":null,"rms":1.18,"gap":null,"magType":"mwc","type":"earthquake","title":"M 7.0 - 97 km NW of Gorontalo, Indonesia"},"geometry":{"type":"Point","coordinates":[122.536,1.241,24]},"id":"usp0008baj"},
{"type":"Feature","properties":{"mag":7.8,"place":"156 km S of Ust’-Kamchatsk Staryy, Russia","time":881321214690,"updated":1651252227685,"tz":null,"url":"https://earthquake.usgs.gov/earthquakes/eventpage/usp0008btk","detail":"https://earthquake.usgs.gov/fdsnws/event/1/query?eventid=usp0008btk&format=geojson","felt":null,"cdi":null,"mmi":7.084,"alert":null,"status":"reviewed","tsunami":0,"sig":936,"net":"us","code":"p0008btk","ids":",usp0008btk,choy19971205112654,gcmtc120597c,duputel120597c,gcmt19971205112654,iscgem1056468,atlas19971205112656,","sources":",us,choy,gcmt,duputel,gcmt,iscgem,atlas,","types":",finite-fault,focal-mechanism,impact-text,moment-tensor,origin,phase-data,shakemap,trump-shakemap,","nst":null,"dmin":null,"rms":1.02,"gap":null,"magType":"mwc","type":"earthquake","title":"M 7.8 - 156 km S of Ust’-Kamchatsk Staryy, Russia"},"geometry":{"type":"Point","coordinates":[162.035,54.841,33]},"id":"usp0008btk"},
{"type":"Feature","properties":{"mag":7.2,"place":"117 km N of Finschhafen, Papua New Guinea","time":882756350080,"updated":1651252428257,"tz":null,"url":"https://earthquake.usgs.gov/earthquakes/eventpage/usp0008d0r","detail":"https://earthquake.usgs.gov/fdsnws/event/1/query?eventid=usp0008d0r&format=geojson","felt":null,"cdi":null,"mmi":6.059,"alert":null,"status":"reviewed","tsunami":0,"sig":798,"net":"us","code":"p0008d0r","ids":",choy19971222020550,gcmtc122297a,usp0008d0r,gcmt19971222020550,duputel122297a,atlas19971222020552,iscgem1059970,","sources":",choy,gcmt,us,gcmt,duputel,atlas,iscgem,","types":",focal-mechanism,impact-text,moment-tensor,origin,phase-data,shakemap,trump-shakemap,","nst":null,"dmin":null,"rms":0.96,"gap":null,"magType":"mwc","type":"earthquake","title":"M 7.2 - 117 km N of Finschhafen, Papua New Guinea"},"geometry":{"type":"Point","coordinates":[147.867,-5.495,179.3]},"id":"usp0008d0r"},
{"type":"Feature","properties":{"mag":7.5,"place":"southeast of the Loyalty Islands","time":883894318970,"updated":1651252505140,"tz":null,"url":"https://earthquake.usgs.gov/earthquakes/eventpage/usp0008dqq","detail":"https://earthquake.usgs.gov/fdsnws/event/1/query?eventid=usp0008dqq&format=geojson","felt":null,"cdi":null,"mmi":null,"alert":null,"status":"reviewed","tsunami":0,"sig":865,"net":"us","code":"p0008dqq","ids":",usp0008dqq,choy19980104061158,gcmtc010498a,duputel010498a,gcmt19980104061159,iscgem1062298,","sources":",us,choy,gcmt,duputel,gcmt,iscgem,","types":",finite-fault,focal-mechanism,impact-text,moment-tensor,origin,phase-data,","nst":null,"dmin":null,"rms":0.88,"gap":null,"magType":"mwc","type":"earthquake","title":"M 7.5 - southeast of the Loyalty Islands"},"geometry":{"type":"Point","coordinates":[170.911,-22.301,100.6]},"id":"usp0008dqq"},
{"type":"Feature","properties":{"mag":7.1,"place":"34 km SSE of Antofagasta, Chile","time":886162568690,"updated":1651252652164,"tz":null,"url":"https://earthquake.usgs.gov/earthquakes/eventpage/usp0008f7c","detail":"https://earthquake.usgs.gov/fdsnws/event/1/query?eventid=usp0008f7c&format=geojson","felt":null,"cdi":null,"mmi":6.921,"alert":null,"status":"reviewed","tsunami":0,"sig":776,"net":"us","code":"p0008f7c","ids":",choy19980130121608,gcmtc013098b,usp0008f7c,gcmt19980130121608,duputel013098b,atlas19980130121610,iscgem1066970,","sources":",choy,gcmt,us,gcmt,duputel,atlas,iscgem,","types":",focal-mechanism,impact-text,moment-tensor,origin,phase-data,shakemap,trump-shakemap,","nst":null,"dmin":null,"rms":1.11,"gap":null,"magType":"mwc","type":"earthquake","title":"M 7.1 - 34 km SSE of Antofagasta, Chile"},"geometry":{"type":"Point","coordinates":[-70.207,-23.913,42]},"id":"usp0008f7c"},
{"type":"Feature","properties":{"mag":8.1,"place":"1998 Balleny Islands Earthquake","time":890795545070,"updated":1764183136468,"tz":null,"url":"https://earthquake.usgs.gov/earthquakes/eventpage/usp0008hzd","detail":"https://earthquake.usgs.gov/fdsnws/event/1/query?eventid=usp0008hzd&format=geojson","felt":null,"cdi":null,"mmi":null,"alert":null,"status":"reviewed","tsunami":0,"sig":1009,"net":"us","code":"p0008hzd","ids":",usp0008hzd,choy19980325031225,gcmtm032598b,duputel032598b,gcmt19980325031225,iscgem1083606,","sources":",us,choy,gcmt,duputel,gcmt,iscgem,","types":",earthquake-name,finite-fault,focal-mechanism,impact-text,moment-tensor,origin,phase-data,","nst":null,"dmin":null,"rms":1.1,"gap":null,"magType":"mwc","type":"earthquake","title":"M 8.1 - 1998 Balleny Islands Earthquake"},"geometry":{"type":"Point","coordinates":[149.527,-62.877,10]},"id":"usp0008hzd"},
{"type":"Feature","properties":{"mag":7.2,"place":"178 km ENE of Levuka, Fiji","time":891200896210,"updated":1651252944932,"tz":null,"url":"https://earthquake.usgs.gov/earthquakes/eventpage/usp0008j7s","detail":"https://earthquake.usgs.gov/fdsnws/event/1/query?eventid=usp0008j7s&format=geojson","felt":null,"cdi":null,"mmi":null,"alert":null,"status":"reviewed","tsunami":0,"sig":798,"net":"us","code":"p0008j7s","ids":",choy19980329194816,gcmtc032998d,usp0008j7s,gcmt19980329194816,duputel032998d,atlas19980329194816,iscgem1084565,","sources":",choy,gcmt,us,gcmt,duputel,atlas,iscgem,","types":",focal-mechanism,moment-tensor,origin,phase-data,","nst":null,"dmin":null,"rms":1.02,"gap":null,"magType":"mwc","type":"earthquake","title":"M 7.2 - 178 km ENE of Levuka, Fiji"},"geometry":{"type":"Point","coordinates":[-179.092,-17.552,537.2]},"id":"usp0008j7s"},
{"type":"Feature","properties":{"mag":7,"place":"95 km W of Pariaman, Indonesia","time":891453383360,"updated":1651252982049,"tz":null,"url":"https://earthquake.usgs.gov/earthquakes/eventpage/usp0008jd7","detail":"https://earthquake.usgs.gov/fdsnws/event/1/query?eventid=usp0008jd7&format=geojson","felt":null,"cdi":null,"mmi":5.97,"alert":null,"status":"reviewed","tsunami":0,"sig":754,"net":"us","code":"p0008jd7","ids":",choy19980401175623,gcmtc040198a,usp0008jd7,gcmt19980401175623,duputel040198a,atlas19980401175621,iscgem1089446,","sources":",choy,gcmt,us,gcmt,duputel,atlas,iscgem,","types":",focal-mechanism,impact-text,moment-tensor,origin,phase-data,shakemap,trump-shakemap,","nst":null,"dmin":null,"rms":0.92,"gap":null,"magType":"mwc","type":"earthquake","title":"M 7.0 - 95 km W of Pariaman, Indonesia"},"geometry":{"type":"Point","coordinates":[99.261,-0.544,55.7]},"id":"usp0008jd7"},
{"type":"Feature","properties":{"mag":7.5,"place":"254 km SSE of Ishigaki, Japan","time":894238221910,"updated":1651253158593,"tz":null,"url":"https://earthquake.usgs.gov/earthquakes/eventpage/usp0008mdk","detail":"https://earthquake.usgs.gov/fdsnws/event/1/query?eventid=usp0008mdk&format=geojson","felt":null,"cdi":null,"mmi":4.835,"alert":null,"status":"reviewed","tsunami":0,"sig":865,"net":"us","code":"p0008mdk","ids":",usp0008mdk,choy19980503233021,gcmtm050398d,gcmt19980503233021,duputel050398d,iscgem1104426,","sources":",us,choy,gcmt,gcmt,duputel,iscgem,","types":",finite-fault,focal-mechanism,impact-text,moment-tensor,origin,phase-data,shakemap,","nst":null,"dmin":null,"rms":0.99,"gap":null,"magType":"mwb","type":"earthquake","title":"M 7.5 - 254 km SSE of Ishigaki, Japan"},"geometry":{"type":"Point","coordinates":[125.308,22.306,33]},"id":"usp0008mdk"},
{"type":"Feature","properties":{"mag":7,"place":"52 km SE of Lata, Solomon Islands","time":900590196420,"updated":1651253696379,"tz":null,"url":"https://earthquake.usgs.gov/earthquakes/eventpage/usp0008rm2","detail":"https://earthquake.usgs.gov/fdsnws/event/1/query?eventid=usp0008rm2&format=geojson","felt":null,"cdi":null,"mmi":6.6,"alert":null,"status":"reviewed","tsunami":0,"sig":754,"net":"us","code":"p0008rm2","ids":",choy19980716115636,gcmtc071698c,usp0008rm2,gcmt19980716115636,duputel071698c,atlas19980716115635,iscgem1166863,","sources":",choy,gcmt,us,gcmt,duputel,atlas,iscgem,","types":",focal-mechanism,moment-tensor,origin,phase-data,shakemap,","nst":null,"dmin":null,"rms":0.88,"gap":null,"magType":"mwc","type":"earthquake","title":"M 7.0 - 52 km SE of Lata, Solomon Islands"},"geometry":{"type":"Point","coordinates":[166.16,-11.04,110.2]},"id":"usp0008rm2"},
{"type":"Feature","properties":{"mag":7,"place":"50 km WNW of Aitape, Papua New Guinea","time":900665353280,"updated":1651253708120,"tz":null,"url":"https://earthquake.usgs.gov/earthquakes/eventpage/usp0008rpa","detail":"https://earthquake.usgs.gov/fdsnws/event/1/query?eventid=usp0008rpa&format=geojson","felt":null,"cdi":null,"mmi":6.711,"alert":null,"status":"reviewed","tsunami":0,"sig":754,"net":"us","code":"p0008rpa","ids":",choy19980717084913,gcmtm071798d,usp0008rpa,gcmt19980717084913,duputel071798d,atlas19980717084915,iscgem1167076,","sources":",choy,gcmt,us,gcmt,duputel,atlas,iscgem,","types":",focal-mechanism,ground-failure,impact-text,moment-tensor,origin,phase-data,shakemap,trump-shakemap,","nst":null,"dmin":null,"rms":1.28,"gap":null,"magType":"mwc","type":"earthquake","title":"M 7.0 - 50 km WNW of Aitape, Papua New Guinea"},"geometry":{"type":"Point","coordinates":[141.926,-2.961,10]},"id":"usp0008rpa"},
{"type":"Feature","properties":{"mag":7.2,"place":"3 km E of Bahía de Caráquez, Ecuador","time":902257160100,"updated":1651253812006,"tz":null,"url":"https://earthquake.usgs.gov/earthquakes/eventpage/usp0008ssb","detail":"https://earthquake.usgs.gov/fdsnws/event/1/query?eventid=usp0008ssb&format=geojson","felt":null,"cdi":null,"mmi":7.055,"alert":null,"status":"reviewed","tsunami":0,"sig":798,"net":"us","code":"p0008ssb","ids":",choy19980804185920,gcmtc080498h,usp0008ssb,gcmt19980804185920,duputel080498h,atlas19980804185920,iscgem1174716,","sources":",choy,gcmt,us,gcmt,duputel,atlas,iscgem,","types":",focal-mechanism,impact-text,moment-tensor,origin,phase-data,shakemap,trump-shakemap,","nst":null,"dmin":null,"rms":0.94,"gap":null,"magType":"mwc","type":"earthquake","title":"M 7.2 - 3 km E of Bahía de Caráquez, Ecuador"},"geometry":{"type":"Point","coordinates":[-80.393,-0.593,33]},"id":"usp0008ssb"},
{"type":"Feature","properties":{"mag":7.1,"place":"Bonin Islands, Japan region","time":903595255820,"updated":1651253902955,"tz":null,"url":"https://earthquake.usgs.gov/earthquakes/eventpage/usp0008tje","detail":"https://earthquake.usgs.gov/fdsnws/event/1/query?eventid=usp0008tje&format=geojson","felt":null,"cdi":null,"mmi":null,"alert":null,"status":"reviewed","tsunami":0,"sig":776,"net":"us","code":"p0008tje","ids":",choy19980820064055,gcmtc082098b,usp0008tje,gcmt19980820064055,duputel082098b,iscgem1177777,","sources":",choy,gcmt,us,gcmt,duputel,iscgem,","types":",focal-mechanism,impact-text,moment-tensor,origin,phase-data,","nst":null,"dmin":null,"rms":0.92,"gap":null,"magType":"mwb","type":"earthquake","title":"M 7.1 - Bonin Islands, Japan region"},"geometry":{"type":"Point","coordinates":[139.329,28.932,440.5]},"id":"usp0008tje"},
{"type":"Feature","properties":{"mag":7,"place":"278 km NE of Lospalos, Timor Leste","time":910589924220,"updated":1651254928041,"tz":null,"url":"https://earthquake.usgs.gov/earthquakes/eventpage/usp0008xw8","detail":"https://earthquake.usgs.gov/fdsnws/event/1/query?eventid=usp0008xw8&format=geojson","felt":null,"cdi":null,"mmi":6.526,"alert":null,"status":"reviewed","tsunami":0,"sig":754,"net":"us","code":"p0008xw8","ids":",choy19981109053844,gcmtc110998c,usp0008xw8,gcmt19981109053844,atlas19981109053845,iscgem1323112,","sources":",choy,gcmt,us,gcmt,atlas,iscgem,","types":",focal-mechanism,impact-text,moment-tensor,origin,phase-data,shakemap,trump-shakemap,","nst":null,"dmin":null,"rms":1.09,"gap":null,"magType":"mwc","type":"earthquake","title":"M 7.0 - 278 km NE of Lospalos, Timor Leste"},"geometry":{"type":"Point","coordinates":[128.946,-6.92,33]},"id":"usp0008xw8"},
{"type":"Feature","properties":{"mag":7.7,"place":"264 km ESE of Luwuk, Indonesia","time":912348631960,"updated":1651255030656,"tz":null,"url":"https://earthquake.usgs.gov/earthquakes/eventpage/usp0008yx2","detail":"https://earthquake.usgs.gov/fdsnws/event/1/query?eventid=usp0008yx2&format=geojson","felt":null,"cdi":null,"mmi":6.598,"alert":null,"status":"reviewed","tsunami":0,"sig":912,"net":"us","code":"p0008yx2","ids":",usp0008yx2,choy19981129141031,gcmtc112998b,duputel112998b,gcmt19981129141032,atlas19981129141031,iscgem1326454,","sources":",us,choy,gcmt,duputel,gcmt,atlas,iscgem,","types":",finite-fault,focal-mechanism,impact-text,moment-tensor,origin,phase-data,shakemap,trump-shakemap,","nst":null,"dmin":null,"rms":1.23,"gap":null,"magType":"mwc","type":"earthquake","title":"M 7.7 - 264 km ESE of Luwuk, Indonesia"},"geometry":{"type":"Point","coordinates":[124.891,-2.071,33]},"id":"usp0008yx2"},
{"type":"Feature","properties":{"mag":7,"place":"110 km ESE of Kokopo, Papua New Guinea","time":916716933840,"updated":1651255184054,"tz":null,"url":"https://earthquake.usgs.gov/earthquakes/eventpage/usp00091ag","detail":"https://earthquake.usgs.gov/fdsnws/event/1/query?eventid=usp00091ag&format=geojson","felt":null,"cdi":null,"mmi":6.685,"alert":null,"status":"reviewed","tsunami":0,"sig":754,"net":"us","code":"p00091ag","ids":",choy19990119033533,gcmtc011999a,usp00091ag,duputel011999a,gcmt19990119033533,atlas19990119033531,iscgem1440887,","sources":",choy,gcmt,us,duputel,gcmt,atlas,iscgem,","types":",focal-mechanism,moment-tensor,origin,phase-data,shakemap,trump-shakemap,","nst":null,"dmin":null,"rms":1.34,"gap":null,"magType":"mwc","type":"earthquake","title":"M 7.0 - 110 km ESE of Kokopo, Papua New Guinea"},"geometry":{"type":"Point","coordinates":[153.235,-4.596,114.1]},"id":"usp00091ag"},
{"type":"Feature","properties":{"mag":7.3,"place":"146 km NW of Sola, Vanuatu","time":918337679470,"updated":1651255257257,"tz":null,"url":"https://earthquake.usgs.gov/earthquakes/eventpage/usp00092cr","detail":"https://earthquake.usgs.gov/fdsnws/event/1/query?eventid=usp00092cr&format=geojson","felt":null,"cdi":null,"mmi":6.901,"alert":null,"status":"reviewed","tsunami":0,"sig":820,"net":"us","code":"p00092cr","ids":",choy19990206214759,gcmtc020699c,usp00092cr,gcmt19990206214759,duputel020699c,atlas19990206214801,iscgem1449470,","sources":",choy,gcmt,us,gcmt,duputel,atlas,iscgem,","types":",focal-mechanism,moment-tensor,origin,phase-data,shakemap,trump-shakemap,","nst":null,"dmin":null,"rms":1.17,"gap":null,"magType":"mwc","type":"earthquake","title":"M 7.3 - 146 km NW of Sola, Vanuatu"},"geometry":{"type":"Point","coordinates":[166.697,-12.853,90.1]},"id":"usp00092cr"},
{"type":"Feature","properties":{"mag":7.1,"place":"69 km S of Tabiauan, Philippines","time":920537521900,"updated":1651255397102,"tz":null,"url":"https://earthquake.usgs.gov/earthquakes/eventpage/usp00093u0","detail":"https://earthquake.usgs.gov/fdsnws/event/1/query?eventid=usp00093u0&format=geojson","felt":null,"cdi":null,"mmi":5.515,"alert":null,"status":"reviewed","tsunami":0,"sig":776,"net":"us","code":"p00093u0","ids":",choy19990304085201,gcmtc030499h,usp00093u0,gcmt19990304085201,duputel030499h,atlas19990304085202,iscgem1538041,","sources":",choy,gcmt,us,gcmt,duputel,atlas,iscgem,","types":",focal-mechanism,impact-text,moment-tensor,origin,phase-data,shakemap,trump-shakemap,","nst":null,"dmin":null,"rms":1.17,"gap":null,"magType":"mwc","type":"earthquake","title":"M 7.1 - 69 km S of Tabiauan, Philippines"},"geometry":{"type":"Point","coordinates":[121.937,5.397,33]},"id":"usp00093u0"},
{"type":"Feature","properties":{"mag":7.4,"place":"63 km W of Kimbe, Papua New Guinea","time":923310484000,"updated":1651255593455,"tz":null,"url":"https://earthquake.usgs.gov/earthquakes/eventpage/usp00095u8","detail":"https://earthquake.usgs.gov/fdsnws/event/1/query?eventid=usp00095u8&format=geojson","felt":null,"cdi":null,"mmi":6.804,"alert":null,"status":"reviewed","tsunami":0,"sig":842,"net":"us","code":"p00095u8","ids":",choy19990405110804,gcmtc040599a,usp00095u8,gcmt19990405110804,duputel040599a,atlas19990405110803,iscgem1620373,","sources":",choy,gcmt,us,gcmt,duputel,atlas,iscgem,","types":",focal-mechanism,impact-text,moment-tensor,origin,phase-data,shakemap,trump-shakemap,","nst":null,"dmin":null,"rms":1.05,"gap":null,"magType":"mwc","type":"earthquake","title":"M 7.4 - 63 km W of Kimbe, Papua New Guinea"},"geometry":{"type":"Point","coordinates":[149.568,-5.591,150]},"id":"usp00095u8"},
{"type":"Feature","properties":{"mag":7.1,"place":"57 km ENE of Wangqing, China","time":923577034080,"updated":1651255609677,"tz":null,"url":"https://earthquake.usgs.gov/earthquakes/eventpage/usp00095z9","detail":"https://earthquake.usgs.gov/fdsnws/event/1/query?eventid=usp00095z9&format=geojson","felt":null,"cdi":null,"mmi":null,"alert":null,"status":"reviewed","tsunami":0,"sig":776,"net":"us","code":"p00095z9","ids":",choy19990408131034,gcmtc040899b,usp00095z9,gcmt19990408131034,duputel040899b,atlas19990408131035,iscgem1621518,","sources":",choy,gcmt,us,gcmt,duputel,atlas,iscgem,","types":",focal-mechanism,impact-text,moment-tensor,origin,phase-data,","nst":null,"dmin":null,"rms":0.84,"gap":null,"magType":"mwc","type":"earthquake","title":"M 7.1 - 57 km ENE of Wangqing, China"},"geometry":{"type":"Point","coordinates":[130.35,43.607,565.7]},"id":"usp00095z9"},
{"type":"Feature","properties":{"mag":7.1,"place":"92 km ENE of Kimbe, Papua New Guinea","time":926368382090,"updated":1651256653780,"tz":null,"url":"https://earthquake.usgs.gov/earthquakes/eventpage/usp00097rj","detail":"https://earthquake.usgs.gov/fdsnws/event/1/query?eventid=usp00097rj&format=geojson","felt":null,"cdi":null,"mmi":6.532,"alert":null,"status":"reviewed","tsunami":0,"sig":776,"net":"us","code":"p00097rj","ids":",choy19990510203302,gcmtc051099c,usp00097rj,gcmt19990510203302,duputel051099c,atlas19990510203301,iscgem1676646,","sources":",choy,gcmt,us,gcmt,duputel,atlas,iscgem,","types":",focal-mechanism,impact-text,moment-tensor,origin,phase-data,shakemap,trump-shakemap,","nst":null,"dmin":null,"rms":0.93,"gap":null,"magType":"mwb","type":"earthquake","title":"M 7.1 - 92 km ENE of Kimbe, Papua New Guinea"},"geometry":{"type":"Point","coordinates":[150.88,-5.159,138]},"id":"usp00097rj"},
{"type":"Feature","properties":{"mag":7.1,"place":"51 km SSE of Kokopo, Papua New Guinea","time":926815880460,"updated":1651256672086,"tz":null,"url":"https://earthquake.usgs.gov/earthquakes/eventpage/usp000982a","detail":"https://earthquake.usgs.gov/fdsnws/event/1/query?eventid=usp000982a&format=geojson","felt":null,"cdi":null,"mmi":7.145,"alert":null,"status":"reviewed","tsunami":0,"sig":776,"net":"us","code":"p000982a","ids":",choy19990516005120,gcmtc051699a,usp000982a,gcmt19990516005120,duputel051699a,atlas19990516005118,iscgem1678960,","sources":",choy,gcmt,us,gcmt,duputel,atlas,iscgem,","types":",focal-mechanism,impact-text,moment-tensor,origin,phase-data,shakemap,trump-shakemap,","nst":null,"dmin":null,"rms":0.95,"gap":null,"magType":"mwc","type":"earthquake","title":"M 7.1 - 51 km SSE of Kokopo, Papua New Guinea"},"geometry":{"type":"Point","coordinates":[152.486,-4.751,73.7]},"id":"usp000982a"},
{"type":"Feature","properties":{"mag":7,"place":"1 km SE of Texcala, Mexico","time":929479325930,"updated":1651256000061,"tz":null,"url":"https://earthquake.usgs.gov/earthquakes/eventpage/usp00099y6","detail":"https://earthquake.usgs.gov/fdsnws/event/1/query?eventid=usp00099y6&format=geojson","felt":null,"cdi":null,"mmi":7.334,"alert":null,"status":"reviewed","tsunami":0,"sig":754,"net":"us","code":"p00099y6","ids":",choy19990615204205,gcmtc061599f,usp00099y6,gcmt19990615204205,duputel061599f,atlas19990615204206,iscgem1653844,","sources":",choy,gcmt,us,gcmt,duputel,atlas,iscgem,","types":",focal-mechanism,ground-failure,impact-text,moment-tensor,origin,phase-data,shakemap,trump-shakemap,","nst":null,"dmin":null,"rms":1.06,"gap":null,"magType":"mwc","type":"earthquake","title":"M 7.0 - 1 km SE of Texcala, Mexico"},"geometry":{"type":"Point","coordinates":[-97.436,18.386,70]},"id":"usp00099y6"},
{"type":"Feature","properties":{"mag":7.6,"place":"4 km ESE of Derince, Turkey","time":934848099130,"updated":1651256180188,"tz":null,"url":"https://earthquake.usgs.gov/earthquakes/eventpage/usp0009d4z","detail":"https://earthquake.usgs.gov/fdsnws/event/1/query?eventid=usp0009d4z&format=geojson","felt":null,"cdi":null,"mmi":9.319,"alert":null,"status":"reviewed","tsunami":0,"sig":889,"net":"us","code":"p0009d4z","ids":",usp0009d4z,choy19990817000139,gcmtm081799a,gcmt19990817000139,duputel081799a,atlas19990817000139,iscgem1655218,","sources":",us,choy,gcmt,gcmt,duputel,atlas,iscgem,","types":",finite-fault,focal-mechanism,ground-failure,impact-text,moment-tensor,origin,phase-data,shakemap,trump-shakemap,","nst":null,"dmin":null,"rms":1.27,"gap":null,"magType":"mwc","type":"earthquake","title":"M 7.6 - 4 km ESE of Derince, Turkey"},"geometry":{"type":"Point","coordinates":[29.864,40.748,17]},"id":"usp0009d4z"},
{"type":"Feature","properties":{"mag":7.7,"place":"21 km S of Puli, Taiwan","time":937849638490,"updated":1651256856664,"tz":null,"url":"https://earthquake.usgs.gov/earthquakes/eventpage/usp0009eq0","detail":"https://earthquake.usgs.gov/fdsnws/event/1/query?eventid=usp0009eq0&format=geojson","felt":null,"cdi":null,"mmi":9.305,"alert":null,"status":"reviewed","tsunami":0,"sig":912,"net":"us","code":"p0009eq0","ids":",usp0009eq0,choy19990920174718,gcmtc092099d,gcmt19990920174718,duputel092099d,atlas19990920174718,iscgem1718616,","sources":",us,choy,gcmt,gcmt,duputel,atlas,iscgem,","types":",associate,disassociate,finite-fault,focal-mechanism,ground-failure,impact-text,moment-tensor,origin,phase-data,shakemap,trump-shakemap,","nst":null,"dmin":null,"rms":1.11,"gap":null,"magType":"mwc","type":"earthquake","title":"M 7.7 - 21 km S of Puli, Taiwan"},"geometry":{"type":"Point","coordinates":[120.982,23.772,33]},"id":"usp0009eq0"},
{"type":"Feature","properties":{"mag":7.5,"place":"15 km W of San Baltazar Loxicha, Mexico","time":938709075690,"updated":1651256361160,"tz":null,"url":"https://earthquake.usgs.gov/earthquakes/eventpage/usp0009f7v","detail":"https://earthquake.usgs.gov/fdsnws/event/1/query?eventid=usp0009f7v&format=geojson","felt":null,"cdi":null,"mmi":7.964,"alert":null,"status":"reviewed","tsunami":0,"sig":865,"net":"us","code":"p0009f7v","ids":",usp0009f7v,choy19990930163115,gcmtc093099e,duputel093099e,gcmt19990930163115,atlas19990930163114,iscgem1656664,","sources":",us,choy,gcmt,duputel,gcmt,atlas,iscgem,","types":",finite-fault,focal-mechanism,impact-text,moment-tensor,origin,phase-data,shakemap,trump-shakemap,","nst":null,"dmin":null,"rms":0.93,"gap":null,"magType":"mwc","type":"earthquake","title":"M 7.5 - 15 km W of San Baltazar Loxicha, Mexico"},"geometry":{"type":"Point","coordinates":[-96.931,16.059,60.6]},"id":"usp0009f7v"},
{"type":"Feature","properties":{"mag":7.1,"place":"The 1999 Hector Mine, California Earthquake","time":940067204460,"updated":1766259345889,"tz":null,"url":"https://earthquake.usgs.gov/earthquakes/eventpage/ci9108652","detail":"https://earthquake.usgs.gov/fdsnws/event/1/query?eventid=ci9108652&format=geojson","felt":25124,"cdi":8,"mmi":8.322,"alert":null,"status":"reviewed","tsunami":0,"sig":1576,"net":"ci","code":"9108652","ids":",ci9108652,cihectormi,choy19991016094644,usp0009fwb,gcmt19991016094644,duputel101699c,iscgem1643776,atlas19991016094648,","sources":",ci,ci,choy,us,gcmt,duputel,iscgem,atlas,","types":",associate,dyfi,earthquake-name,focal-mechanism,ground-failure,impact-text,moment-tensor,nearby-cities,origin,phase-data,shakemap,trump-shakemap,","nst":73,"dmin":null,"rms":0.31,"gap":57,"magType":"mw","type":"earthquake","title":"M 7.1 - The 1999 Hector Mine, California Earthquake"},"geometry":{"type":"Point","coordinates":[-116.265,34.6033333,13.73]},"id":"ci9108652"},
{"type":"Feature","properties":{"mag":7.2,"place":"8 km S of Düzce, Turkey","time":942425839550,"updated":1651255866858,"tz":null,"url":"https://earthquake.usgs.gov/earthquakes/eventpage/usp0009hev","detail":"https://earthquake.usgs.gov/fdsnws/event/1/query?eventid=usp0009hev&format=geojson","felt":null,"cdi":null,"mmi":9.009,"alert":null,"status":"reviewed","tsunami":0,"sig":798,"net":"us","code":"p0009hev","ids":",choy19991112165719,gcmtc111299d,usp0009hev,gcmt19991112165719,duputel111299d,atlas19991112165719,iscgem1650092,","sources":",choy,gcmt,us,gcmt,duputel,atlas,iscgem,","types":",focal-mechanism,ground-failure,impact-text,moment-tensor,origin,phase-data,shakemap,trump-shakemap,","nst":null,"dmin":null,"rms":1.11,"gap":null,"magType":"mwc","type":"earthquake","title":"M 7.2 - 8 km S of Düzce, Turkey"},"geometry":{"type":"Point","coordinates":[31.161,40.758,10]},"id":"usp0009hev"},
{"type":"Feature","properties":{"mag":7,"place":"South Indian Ocean","time":942644563220,"updated":1651255884011,"tz":null,"url":"https://earthquake.usgs.gov/earthquakes/eventpage/usp0009hnt","detail":"https://earthquake.usgs.gov/fdsnws/event/1/query?eventid=usp0009hnt&format=geojson","felt":null,"cdi":null,"mmi":null,"alert":null,"status":"reviewed","tsunami":0,"sig":754,"net":"us","code":"p0009hnt","ids":",choy19991115054243,gcmtc111599d,usp0009hnt,gcmt19991115054243,duputel111599d,iscgem1650592,","sources":",choy,gcmt,us,gcmt,duputel,iscgem,","types":",focal-mechanism,impact-text,moment-tensor,origin,phase-data,","nst":null,"dmin":null,"rms":0.99,"gap":null,"magType":"mwc","type":"earthquake","title":"M 7.0 - South Indian Ocean"},"geometry":{"type":"Point","coordinates":[88.976,-1.339,10]},"id":"usp0009hnt"},
{"type":"Feature","properties":{"mag":7,"place":"88 km W of Kandrian, Papua New Guinea","time":943019806450,"updated":1651255907992,"tz":null,"url":"https://earthquake.usgs.gov/earthquakes/eventpage/usp0009huj","detail":"https://earthquake.usgs.gov/fdsnws/event/1/query?eventid=usp0009huj&format=geojson","felt":null,"cdi":null,"mmi":6.039,"alert":null,"status":"reviewed","tsunami":0,"sig":754,"net":"us","code":"p0009huj","ids":",choy19991119135646,gcmtc111999e,usp0009huj,gcmt19991119135646,duputel111999e,atlas19991119135649,iscgem1651091,","sources":",choy,gcmt,us,gcmt,duputel,atlas,iscgem,","types":",focal-mechanism,moment-tensor,origin,phase-data,shakemap,trump-shakemap,","nst":null,"dmin":null,"rms":1.12,"gap":null,"magType":"mwc","type":"earthquake","title":"M 7.0 - 88 km W of Kandrian, Papua New Guinea"},"geometry":{"type":"Point","coordinates":[148.763,-6.351,33]},"id":"usp0009huj"},
{"type":"Feature","properties":{"mag":7.5,"place":"92 km ESE of Lakatoro, Vanuatu","time":943622475570,"updated":1651255951498,"tz":null,"url":"https://earthquake.usgs.gov/earthquakes/eventpage/usp0009j4n","detail":"https://earthquake.usgs.gov/fdsnws/event/1/query?eventid=usp0009j4n&format=geojson","felt":null,"cdi":null,"mmi":6.948,"alert":null,"status":"reviewed","tsunami":0,"sig":865,"net":"us","code":"p0009j4n","ids":",usp0009j4n,choy19991126132115,gcmtc112699g,gcmt19991126132115,duputel112699g,atlas19991126132115,iscgem1651802,","sources":",us,choy,gcmt,gcmt,duputel,atlas,iscgem,","types":",finite-fault,focal-mechanism,impact-text,moment-tensor,origin,phase-data,shakemap,trump-shakemap,","nst":null,"dmin":null,"rms":1.2,"gap":null,"magType":"mwc","type":"earthquake","title":"M 7.5 - 92 km ESE of Lakatoro, Vanuatu"},"geometry":{"type":"Point","coordinates":[168.214,-16.423,33]},"id":"usp0009j4n"},
{"type":"Feature","properties":{"mag":7,"place":"26 km SSE of Karluk, Alaska","time":944521953537,"updated":1651256389547,"tz":null,"url":"https://earthquake.usgs.gov/earthquakes/eventpage/ak999fmohlzt","detail":"https://earthquake.usgs.gov/fdsnws/event/1/query?eventid=ak999fmohlzt&format=geojson","felt":null,"cdi":null,"mmi":7.034,"alert":null,"status":"reviewed","tsunami":0,"sig":754,"net":"ak","code":"999fmohlzt","ids":",choy19991206231233,usp0009jj1,gcmt19991206231233,duputel120699b,iscgem1658003,ak999fmohlzt,","sources":",choy,us,gcmt,duputel,iscgem,ak,","types":",focal-mechanism,impact-text,moment-tensor,origin,phase-data,shakemap,","nst":null,"dmin":null,"rms":1.08,"gap":null,"magType":"mw","type":"earthquake","title":"M 7.0 - 26 km SSE of Karluk, Alaska"},"geometry":{"type":"Point","coordinates":[-154.3469,57.3424,43.6]},"id":"ak999fmohlzt"},
{"type":"Feature","properties":{"mag":7.3,"place":"14 km WNW of Bolitoc, Philippines","time":944935416450,"updated":1651256449752,"tz":null,"url":"https://earthquake.usgs.gov/earthquakes/eventpage/usp0009jr8","detail":"https://earthquake.usgs.gov/fdsnws/event/1/query?eventid=usp0009jr8&format=geojson","felt":null,"cdi":null,"mmi":6.609,"alert":null,"status":"reviewed","tsunami":0,"sig":820,"net":"us","code":"p0009jr8","ids":",choy19991211180336,gcmtc121199g,usp0009jr8,gcmt19991211180336,duputel121199g,atlas19991211180338,iscgem1658129,","sources":",choy,gcmt,us,gcmt,duputel,atlas,iscgem,","types":",focal-mechanism,impact-text,moment-tensor,origin,phase-data,shakemap,trump-shakemap,","nst":null,"dmin":null,"rms":1,"gap":null,"magType":"mwc","type":"earthquake","title":"M 7.3 - 14 km WNW of Bolitoc, Philippines"},"geometry":{"type":"Point","coordinates":[119.74,15.766,33]},"id":"usp0009jr8"},
{"type":"Feature","properties":{"mag":7.2,"place":"117 km SSW of Hihifo, Tonga","time":947350040580,"updated":1651261308270,"tz":null,"url":"https://earthquake.usgs.gov/earthquakes/eventpage/usp0009kx3","detail":"https://earthquake.usgs.gov/fdsnws/event/1/query?eventid=usp0009kx3&format=geojson","felt":null,"cdi":null,"mmi":5.8,"alert":null,"status":"reviewed","tsunami":0,"sig":798,"net":"us","code":"p0009kx3","ids":",choy20000108164720,gcmtc010800g,usp0009kx3,gcmt20000108164720,duputel010800g,iscgem2348979,atlas20000108164718,","sources":",choy,gcmt,us,gcmt,duputel,iscgem,atlas,","types":",focal-mechanism,general-text,impact-text,moment-tensor,origin,phase-data,shakemap,","nst":null,"dmin":null,"rms":1.25,"gap":null,"magType":"mwc","type":"earthquake","title":"M 7.2 - 117 km SSW of Hihifo, Tonga"},"geometry":{"type":"Point","coordinates":[-174.248,-16.925,183.4]},"id":"usp0009kx3"},
{"type":"Feature","properties":{"mag":7.1,"place":"Vanuatu region","time":951443038640,"updated":1705524406644,"tz":null,"url":"https://earthquake.usgs.gov/earthquakes/eventpage/usp0009nxg","detail":"https://earthquake.usgs.gov/fdsnws/event/1/query?eventid=usp0009nxg&format=geojson","felt":null,"cdi":null,"mmi":null,"alert":null,"status":"reviewed","tsunami":0,"sig":776,"net":"us","code":"p0009nxg","ids":",usp0009nxg,choy20000225014358,gcmtc022500b,gcmt20000225014358,duputel022500b,iscgem1733126,","sources":",us,choy,gcmt,gcmt,duputel,iscgem,","types":",earthquake-name,focal-mechanism,general-text,moment-tensor,origin,phase-data,","nst":null,"dmin":null,"rms":1.2,"gap":null,"magType":"mwc","type":"earthquake","title":"M 7.1 - Vanuatu region"},"geometry":{"type":"Point","coordinates":[173.818,-19.528,33]},"id":"usp0009nxg"},
{"type":"Feature","properties":{"mag":7.6,"place":"Volcano Islands, Japan region","time":954241222510,"updated":1651257342761,"tz":null,"url":"https://earthquake.usgs.gov/earthquakes/eventpage/usp0009qb4","detail":"https://earthquake.usgs.gov/fdsnws/event/1/query?eventid=usp0009qb4&format=geojson","felt":null,"cdi":null,"mmi":null,"alert":null,"status":"reviewed","tsunami":0,"sig":889,"net":"us","code":"p0009qb4","ids":",usp0009qb4,choy20000328110022,gcmtm032800c,duputel032800c,gcmt20000328110022,iscgem1733948,","sources":",us,choy,gcmt,duputel,gcmt,iscgem,","types":",finite-fault,focal-mechanism,general-text,impact-text,moment-tensor,origin,phase-data,","nst":null,"dmin":null,"rms":1.22,"gap":null,"magType":"mwc","type":"earthquake","title":"M 7.6 - Volcano Islands, Japan region"},"geometry":{"type":"Point","coordinates":[143.73,22.338,126.5]},"id":"usp0009qb4"},
{"type":"Feature","properties":{"mag":7,"place":"22 km NW of Añatuya, Argentina","time":956482043320,"updated":1651261061054,"tz":null,"url":"https://earthquake.usgs.gov/earthquakes/eventpage/usp0009rrc","detail":"https://earthquake.usgs.gov/fdsnws/event/1/query?eventid=usp0009rrc&format=geojson","felt":null,"cdi":null,"mmi":null,"alert":null,"status":"reviewed","tsunami":0,"sig":754,"net":"us","code":"p0009rrc","ids":",choy20000423092723,gcmtc042300b,usp0009rrc,gcmt20000423092723,duputel042300b,atlas20000423092724,iscgem2208257,","sources":",choy,gcmt,us,gcmt,duputel,atlas,iscgem,","types":",focal-mechanism,general-text,impact-text,moment-tensor,origin,phase-data,","nst":null,"dmin":null,"rms":0.89,"gap":null,"magType":"mwb","type":"earthquake","title":"M 7.0 - 22 km NW of Añatuya, Argentina"},"geometry":{"type":"Point","coordinates":[-62.99,-28.307,608.5]},"id":"usp0009rrc"},
{"type":"Feature","properties":{"mag":7.6,"place":"89 km E of Luwuk, Indonesia","time":957414076210,"updated":1651259781382,"tz":null,"url":"https://earthquake.usgs.gov/earthquakes/eventpage/usp0009sbh","detail":"https://earthquake.usgs.gov/fdsnws/event/1/query?eventid=usp0009sbh&format=geojson","felt":null,"cdi":null,"mmi":6.715,"alert":null,"status":"reviewed","tsunami":0,"sig":889,"net":"us","code":"p0009sbh","ids":",usp0009sbh,choy20000504042116,gcmtc050400a,duputel050400a,gcmt20000504042116,atlas20000504042117,iscgem1836975,","sources":",us,choy,gcmt,duputel,gcmt,atlas,iscgem,","types":",finite-fault,focal-mechanism,general-text,impact-text,moment-tensor,origin,phase-data,shakemap,trump-shakemap,","nst":null,"dmin":null,"rms":1.14,"gap":null,"magType":"mwc","type":"earthquake","title":"M 7.6 - 89 km E of Luwuk, Indonesia"},"geometry":{"type":"Point","coordinates":[123.573,-1.105,26]},"id":"usp0009sbh"},
{"type":"Feature","properties":{"mag":7.2,"place":"75 km N of San Antonio de los Cobres, Argentina","time":958156998120,"updated":1651259787106,"tz":null,"url":"https://earthquake.usgs.gov/earthquakes/eventpage/usp0009suu","detail":"https://earthquake.usgs.gov/fdsnws/event/1/query?eventid=usp0009suu&format=geojson","felt":null,"cdi":null,"mmi":5.178,"alert":null,"status":"reviewed","tsunami":0,"sig":798,"net":"us","code":"p0009suu","ids":",choy20000512184318,usp0009suu,gcmt20000512184318,duputel051200c,atlas20000512184319,iscgem1837083,","sources":",choy,us,gcmt,duputel,atlas,iscgem,","types":",focal-mechanism,general-text,impact-text,moment-tensor,origin,phase-data,shakemap,","nst":null,"dmin":null,"rms":0.86,"gap":null,"magType":"mwc","type":"earthquake","title":"M 7.2 - 75 km N of San Antonio de los Cobres, Argentina"},"geometry":{"type":"Point","coordinates":[-66.452,-23.548,225]},"id":"usp0009suu"},
{"type":"Feature","properties":{"mag":7.9,"place":"103 km S of Bengkulu, Indonesia","time":960136106170,"updated":1651257573008,"tz":null,"url":"https://earthquake.usgs.gov/earthquakes/eventpage/usp0009txv","detail":"https://earthquake.usgs.gov/fdsnws/event/1/query?eventid=usp0009txv&format=geojson","felt":null,"cdi":null,"mmi":7.885,"alert":null,"status":"reviewed","tsunami":0,"sig":960,"net":"us","code":"p0009txv","ids":",usp0009txv,choy20000604162826,gcmtm060400d,gcmt20000604162826,duputel060400d,atlas20000604162827,iscgem1736014,","sources":",us,choy,gcmt,gcmt,duputel,atlas,iscgem,","types":",finite-fault,focal-mechanism,general-text,impact-text,moment-tensor,origin,phase-data,shakemap,trump-shakemap,","nst":379,"dmin":null,"rms":1.1,"gap":null,"magType":"mwc","type":"earthquake","title":"M 7.9 - 103 km S of Bengkulu, Indonesia"},"geometry":{"type":"Point","coordinates":[102.087,-4.721,33]},"id":"usp0009txv"},
{"type":"Feature","properties":{"mag":7.9,"place":"South Indian Ocean","time":961339453310,"updated":1651257722193,"tz":null,"url":"https://earthquake.usgs.gov/earthquakes/eventpage/usp0009ut0","detail":"https://earthquake.usgs.gov/fdsnws/event/1/query?eventid=usp0009ut0&format=geojson","felt":null,"cdi":null,"mmi":4.809,"alert":null,"status":"reviewed","tsunami":0,"sig":960,"net":"us","code":"p0009ut0","ids":",usp0009ut0,choy20000618144413,gcmtc061800a,gcmt20000618144413,duputel061800a,iscgem1736624,","sources":",us,choy,gcmt,gcmt,duputel,iscgem,","types":",finite-fault,focal-mechanism,general-text,impact-text,moment-tensor,origin,phase-data,shakemap,","nst":405,"dmin":null,"rms":1.16,"gap":null,"magType":"mwc","type":"earthquake","title":"M 7.9 - South Indian Ocean"},"geometry":{"type":"Point","coordinates":[97.453,-13.802,10]},"id":"usp0009ut0"},
{"type":"Feature","properties":{"mag":7.4,"place":"Bonin Islands, Japan region","time":965546832900,"updated":1651258064258,"tz":null,"url":"https://earthquake.usgs.gov/earthquakes/eventpage/usp0009xzy","detail":"https://earthquake.usgs.gov/fdsnws/event/1/query?eventid=usp0009xzy&format=geojson","felt":null,"cdi":null,"mmi":null,"alert":null,"status":"reviewed","tsunami":0,"sig":842,"net":"us","code":"p0009xzy","ids":",choy20000806072712,gcmtc080600b,usp0009xzy,gcmt20000806072712,duputel080600b,iscgem1738788,","sources":",choy,gcmt,us,gcmt,duputel,iscgem,","types":",focal-mechanism,general-text,impact-text,moment-tensor,origin,phase-data,","nst":588,"dmin":null,"rms":0.9,"gap":null,"magType":"mwc","type":"earthquake","title":"M 7.4 - Bonin Islands, Japan region"},"geometry":{"type":"Point","coordinates":[139.556,28.856,394.8]},"id":"usp0009xzy"},
{"type":"Feature","properties":{"mag":7,"place":"29 km WNW of Luganville, Vanuatu","time":970678724310,"updated":1651258453150,"tz":null,"url":"https://earthquake.usgs.gov/earthquakes/eventpage/usp000a18v","detail":"https://earthquake.usgs.gov/fdsnws/event/1/query?eventid=usp000a18v&format=geojson","felt":null,"cdi":null,"mmi":6.722,"alert":null,"status":"reviewed","tsunami":0,"sig":754,"net":"us","code":"p000a18v","ids":",choy20001004165844,gcmtc100400g,usp000a18v,gcmt20001004165844,duputel100400g,atlas20001004165845,iscgem1740522,","sources":",choy,gcmt,us,gcmt,duputel,atlas,iscgem,","types":",focal-mechanism,general-text,moment-tensor,origin,phase-data,shakemap,trump-shakemap,","nst":357,"dmin":null,"rms":1.16,"gap":null,"magType":"mwc","type":"earthquake","title":"M 7.0 - 29 km WNW of Luganville, Vanuatu"},"geometry":{"type":"Point","coordinates":[166.91,-15.421,23]},"id":"usp000a18v"},
{"type":"Feature","properties":{"mag":7,"place":"191 km ESE of Kokopo, Papua New Guinea","time":972808628770,"updated":1651258552687,"tz":null,"url":"https://earthquake.usgs.gov/earthquakes/eventpage/usp000a2mw","detail":"https://earthquake.usgs.gov/fdsnws/event/1/query?eventid=usp000a2mw&format=geojson","felt":null,"cdi":null,"mmi":6.637,"alert":null,"status":"reviewed","tsunami":0,"sig":754,"net":"us","code":"p000a2mw","ids":",choy20001029083708,gcmtc102900c,usp000a2mw,gcmt20001029083708,duputel102900c,iscgem1741138,","sources":",choy,gcmt,us,gcmt,duputel,iscgem,","types":",focal-mechanism,general-text,moment-tensor,origin,phase-data,shakemap,","nst":60,"dmin":null,"rms":0.96,"gap":null,"magType":"mwc","type":"earthquake","title":"M 7.0 - 191 km ESE of Kokopo, Papua New Guinea"},"geometry":{"type":"Point","coordinates":[153.945,-4.766,50]},"id":"usp000a2mw"},
{"type":"Feature","properties":{"mag":8,"place":"2000 New Ireland Earthquake","time":974350496740,"updated":1764175729647,"tz":null,"url":"https://earthquake.usgs.gov/earthquakes/eventpage/usp000a3qq","detail":"https://earthquake.usgs.gov/fdsnws/event/1/query?eventid=usp000a3qq&format=geojson","felt":null,"cdi":null,"mmi":7.106,"alert":null,"status":"reviewed","tsunami":0,"sig":985,"net":"us","code":"p000a3qq","ids":",usp000a3qq,gcmtm111600b,gcmt20001116045456,duputel111600b,atlas20001116045457,iscgem1913438,","sources":",us,gcmt,gcmt,duputel,atlas,iscgem,","types":",earthquake-name,finite-fault,focal-mechanism,general-text,ground-failure,impact-text,moment-tensor,origin,phase-data,shakemap,trump-shakemap,","nst":254,"dmin":null,"rms":1.2,"gap":null,"magType":"mwc","type":"earthquake","title":"M 8.0 - 2000 New Ireland Earthquake"},"geometry":{"type":"Point","coordinates":[152.169,-3.98,33]},"id":"usp000a3qq"},
{"type":"Feature","properties":{"mag":7.8,"place":"135 km SE of Kokopo, Papua New Guinea","time":974360536930,"updated":1651259792829,"tz":null,"url":"https://earthquake.usgs.gov/earthquakes/eventpage/usp000a3sp","detail":"https://earthquake.usgs.gov/fdsnws/event/1/query?eventid=usp000a3sp&format=geojson","felt":null,"cdi":null,"mmi":6.62,"alert":null,"status":"reviewed","tsunami":0,"sig":936,"net":"us","code":"p000a3sp","ids":",usp000a3sp,choy20001116074216,gcmtc111600c,gcmt20001116074216,atlas20001116074218,iscgem1838286,","sources":",us,choy,gcmt,gcmt,atlas,iscgem,","types":",finite-fault,focal-mechanism,general-text,impact-text,moment-tensor,origin,phase-data,shakemap,trump-shakemap,","nst":294,"dmin":null,"rms":1.31,"gap":null,"magType":"mwc","type":"earthquake","title":"M 7.8 - 135 km SE of Kokopo, Papua New Guinea"},"geometry":{"type":"Point","coordinates":[153.102,-5.233,30]},"id":"usp000a3sp"},
{"type":"Feature","properties":{"mag":7.8,"place":"138 km SSW of Kokopo, Papua New Guinea","time":974494916490,"updated":1651258730243,"tz":null,"url":"https://earthquake.usgs.gov/earthquakes/eventpage/usp000a45f","detail":"https://earthquake.usgs.gov/fdsnws/event/1/query?eventid=usp000a45f&format=geojson","felt":null,"cdi":null,"mmi":6.895,"alert":null,"status":"reviewed","tsunami":0,"sig":936,"net":"us","code":"p000a45f","ids":",usp000a45f,choy20001117210156,gcmtc111700q,duputel111700q,gcmt20001117210156,atlas20001117210157,iscgem1741952,","sources":",us,choy,gcmt,duputel,gcmt,atlas,iscgem,","types":",finite-fault,focal-mechanism,general-text,impact-text,moment-tensor,origin,phase-data,shakemap,trump-shakemap,","nst":346,"dmin":null,"rms":1.07,"gap":null,"magType":"mwc","type":"earthquake","title":"M 7.8 - 138 km SSW of Kokopo, Papua New Guinea"},"geometry":{"type":"Point","coordinates":[151.781,-5.496,33]},"id":"usp000a45f"},
{"type":"Feature","properties":{"mag":7,"place":"37 km E of Balkanabat, Turkmenistan","time":976122666400,"updated":1651258852062,"tz":null,"url":"https://earthquake.usgs.gov/earthquakes/eventpage/usp000a5m7","detail":"https://earthquake.usgs.gov/fdsnws/event/1/query?eventid=usp000a5m7&format=geojson","felt":null,"cdi":null,"mmi":7.203,"alert":null,"status":"reviewed","tsunami":0,"sig":754,"net":"us","code":"p000a5m7","ids":",choy20001206171106,gcmtc120600c,usp000a5m7,duputel120600c,atlas20001206171107,iscgem1742774,atlas20001206171106,","sources":",choy,gcmt,us,duputel,atlas,iscgem,atlas,","types":",focal-mechanism,general-text,impact-text,moment-tensor,origin,phase-data,shakemap,trump-shakemap,","nst":495,"dmin":null,"rms":0.9,"gap":null,"magType":"mwc","type":"earthquake","title":"M 7.0 - 37 km E of Balkanabat, Turkmenistan"},"geometry":{"type":"Point","coordinates":[54.799,39.566,30]},"id":"usp000a5m7"},
{"type":"Feature","properties":{"mag":7.5,"place":"21 km SE of Lukatan, Philippines","time":978332224170,"updated":1651259002544,"tz":null,"url":"https://earthquake.usgs.gov/earthquakes/eventpage/usp000a70h","detail":"https://earthquake.usgs.gov/fdsnws/event/1/query?eventid=usp000a70h&format=geojson","felt":null,"cdi":null,"mmi":6.617,"alert":null,"status":"reviewed","tsunami":0,"sig":865,"net":"us","code":"p000a70h","ids":",choy20010101065704,gcmtc010101b,usp000a70h,gcmt20010101065704,duputel010101b,atlas20010101065705,iscgem1763197,","sources":",choy,gcmt,us,gcmt,duputel,atlas,iscgem,","types":",focal-mechanism,general-text,impact-text,moment-tensor,origin,phase-data,shakemap,trump-shakemap,","nst":324,"dmin":null,"rms":1.06,"gap":null,"magType":"mwc","type":"earthquake","title":"M 7.5 - 21 km SE of Lukatan, Philippines"},"geometry":{"type":"Point","coordinates":[126.579,6.898,33]},"id":"usp000a70h"},
{"type":"Feature","properties":{"mag":7.1,"place":"16 km NE of Port-Olry, Vanuatu","time":979058968000,"updated":1651259045786,"tz":null,"url":"https://earthquake.usgs.gov/earthquakes/eventpage/usp000a7cv","detail":"https://earthquake.usgs.gov/fdsnws/event/1/query?eventid=usp000a7cv&format=geojson","felt":null,"cdi":null,"mmi":6.982,"alert":null,"status":"reviewed","tsunami":0,"sig":776,"net":"us","code":"p000a7cv","ids":",choy20010109164928,gcmtc010901g,usp000a7cv,gcmt20010109164928,duputel010901g,atlas20010109164929,iscgem1763372,","sources":",choy,gcmt,us,gcmt,duputel,atlas,iscgem,","types":",focal-mechanism,general-text,impact-text,moment-tensor,origin,phase-data,shakemap,trump-shakemap,","nst":372,"dmin":null,"rms":1.15,"gap":null,"magType":"mwb","type":"earthquake","title":"M 7.1 - 16 km NE of Port-Olry, Vanuatu"},"geometry":{"type":"Point","coordinates":[167.17,-14.928,103]},"id":"usp000a7cv"},
{"type":"Feature","properties":{"mag":7.7,"place":"28 km SSW of Puerto El Triunfo, El Salvador","time":979407212380,"updated":1651259073753,"tz":null,"url":"https://earthquake.usgs.gov/earthquakes/eventpage/usp000a7m5","detail":"https://earthquake.usgs.gov/fdsnws/event/1/query?eventid=usp000a7m5&format=geojson","felt":null,"cdi":null,"mmi":7.596,"alert":null,"status":"reviewed","tsunami":0,"sig":912,"net":"us","code":"p000a7m5","ids":",usp000a7m5,choy20010113173332,gcmtc011301c,gcmt20010113173332,duputel011301c,atlas20010113173331,iscgem1763440,","sources":",us,choy,gcmt,gcmt,duputel,atlas,iscgem,","types":",finite-fault,focal-mechanism,general-text,ground-failure,impact-text,moment-tensor,origin,phase-data,shakemap,trump-shakemap,","nst":427,"dmin":null,"rms":1.13,"gap":null,"magType":"mwc","type":"earthquake","title":"M 7.7 - 28 km SSW of Puerto El Triunfo, El Salvador"},"geometry":{"type":"Point","coordinates":[-88.66,13.049,60]},"id":"usp000a7m5"},
{"type":"Feature","properties":{"mag":7.7,"place":"17 km NW of Bhach?u, India","time":980479000500,"updated":1651259174319,"tz":null,"url":"https://earthquake.usgs.gov/earthquakes/eventpage/usp000a8ds","detail":"https://earthquake.usgs.gov/fdsnws/event/1/query?eventid=usp000a8ds&format=geojson","felt":null,"cdi":null,"mmi":9.422,"alert":null,"status":"reviewed","tsunami":0,"sig":912,"net":"us","code":"p000a8ds","ids":",usp000a8ds,choy20010126031640,gcmtm012601a,gcmt20010126031640,duputel012601a,atlas20010126031640,iscgem1763683,","sources":",us,choy,gcmt,gcmt,duputel,atlas,iscgem,","types":",finite-fault,focal-mechanism,general-text,ground-failure,impact-text,moment-tensor,origin,phase-data,shakemap,trump-shakemap,","nst":472,"dmin":null,"rms":1.25,"gap":null,"magType":"mwc","type":"earthquake","title":"M 7.7 - 17 km NW of Bhach?u, India"},"geometry":{"type":"Point","coordinates":[70.232,23.419,16]},"id":"usp000a8ds"},
{"type":"Feature","properties":{"mag":7.4,"place":"102 km SSE of Bengkulu, Indonesia","time":982092510260,"updated":1651261594297,"tz":null,"url":"https://earthquake.usgs.gov/earthquakes/eventpage/usp000a9kc","detail":"https://earthquake.usgs.gov/fdsnws/event/1/query?eventid=usp000a9kc&format=geojson","felt":null,"cdi":null,"mmi":6.452,"alert":null,"status":"reviewed","tsunami":0,"sig":842,"net":"us","code":"p000a9kc","ids":",choy20010213192830,gcmtc021301d,usp000a9kc,gcmt20010213192830,duputel021301d,atlas20010213192831,iscgem2770811,","sources":",choy,gcmt,us,gcmt,duputel,atlas,iscgem,","types":",focal-mechanism,general-text,impact-text,moment-tensor,origin,phase-data,shakemap,trump-shakemap,","nst":221,"dmin":null,"rms":1.31,"gap":null,"magType":"mwc","type":"earthquake","title":"M 7.4 - 102 km SSE of Bengkulu, Indonesia"},"geometry":{"type":"Point","coordinates":[102.562,-4.68,36]},"id":"usp000a9kc"},
{"type":"Feature","properties":{"mag":7.1,"place":"137 km WNW of Ternate, Indonesia","time":982999428730,"updated":1651261577922,"tz":null,"url":"https://earthquake.usgs.gov/earthquakes/eventpage/usp000aa8b","detail":"https://earthquake.usgs.gov/fdsnws/event/1/query?eventid=usp000aa8b&format=geojson","felt":null,"cdi":null,"mmi":6.763,"alert":null,"status":"reviewed","tsunami":0,"sig":776,"net":"us","code":"p000aa8b","ids":",choy20010224072348,gcmtc022401a,usp000aa8b,gcmt20010224072348,duputel022401a,atlas20010224072349,iscgem2682392,","sources":",choy,gcmt,us,gcmt,duputel,atlas,iscgem,","types":",focal-mechanism,general-text,impact-text,moment-tensor,origin,phase-data,shakemap,trump-shakemap,","nst":426,"dmin":null,"rms":1.05,"gap":null,"magType":"mwc","type":"earthquake","title":"M 7.1 - 137 km WNW of Ternate, Indonesia"},"geometry":{"type":"Point","coordinates":[126.249,1.271,35]},"id":"usp000aa8b"},
{"type":"Feature","properties":{"mag":7.2,"place":"Kermadec Islands, New Zealand","time":991536117160,"updated":1651260053602,"tz":null,"url":"https://earthquake.usgs.gov/earthquakes/eventpage/usp000afyg","detail":"https://earthquake.usgs.gov/fdsnws/event/1/query?eventid=usp000afyg&format=geojson","felt":null,"cdi":null,"mmi":null,"alert":null,"status":"reviewed","tsunami":0,"sig":798,"net":"us","code":"p000afyg","ids":",choy20010603024157,gcmtc060301a,usp000afyg,gcmt20010603024157,duputel060301a,iscgem1858534,","sources":",choy,gcmt,us,gcmt,duputel,iscgem,","types":",focal-mechanism,general-text,impact-text,moment-tensor,origin,phase-data,","nst":421,"dmin":null,"rms":1.01,"gap":null,"magType":"mwc","type":"earthquake","title":"M 7.2 - Kermadec Islands, New Zealand"},"geometry":{"type":"Point","coordinates":[-178.633,-29.666,178.1]},"id":"usp000afyg"},
{"type":"Feature","properties":{"mag":8.4,"place":"6 km SSW of Atico, Peru","time":993328394130,"updated":1651260209022,"tz":null,"url":"https://earthquake.usgs.gov/earthquakes/eventpage/official20010623203314130_33","detail":"https://earthquake.usgs.gov/fdsnws/event/1/query?eventid=official20010623203314130_33&format=geojson","felt":null,"cdi":null,"mmi":8.112,"alert":null,"status":"reviewed","tsunami":0,"sig":1086,"net":"official","code":"20010623203314130_33","ids":",usp000ah4q,choy20010623203314,gcmtm062301e,official20010623203314130_33,duputel062301e,gcmt20010623203314,atlas20010623203314,iscgem1893467,","sources":",us,choy,gcmt,official,duputel,gcmt,atlas,iscgem,","types":",finite-fault,focal-mechanism,general-header,general-text,ground-failure,impact-text,moment-tensor,origin,phase-data,shakemap,trump-impact-text,trump-origin,trump-phase-data,trump-shakemap,","nst":518,"dmin":null,"rms":1.05,"gap":null,"magType":"mww","type":"earthquake","title":"M 8.4 - 6 km SSW of Atico, Peru"},"geometry":{"type":"Point","coordinates":[-73.641,-16.265,33]},"id":"official20010623203314130_33"},
{"type":"Feature","properties":{"mag":7.6,"place":"51 km SW of Punta de Bombón, Peru","time":994498723520,"updated":1651260329098,"tz":null,"url":"https://earthquake.usgs.gov/earthquakes/eventpage/usp000aj40","detail":"https://earthquake.usgs.gov/fdsnws/event/1/query?eventid=usp000aj40&format=geojson","felt":null,"cdi":null,"mmi":6.904,"alert":null,"status":"reviewed","tsunami":0,"sig":889,"net":"us","code":"p000aj40","ids":",usp000aj40,choy20010707093843,gcmtc070701f,gcmt20010707093843,duputel070701f,atlas20010707093842,iscgem1907299,","sources":",us,choy,gcmt,gcmt,duputel,atlas,iscgem,","types":",finite-fault,focal-mechanism,general-text,impact-text,moment-tensor,origin,phase-data,shakemap,trump-shakemap,","nst":398,"dmin":null,"rms":1.15,"gap":null,"magType":"mwc","type":"earthquake","title":"M 7.6 - 51 km SW of Punta de Bombón, Peru"},"geometry":{"type":"Point","coordinates":[-72.077,-17.543,33]},"id":"usp000aj40"},
{"type":"Feature","properties":{"mag":7.1,"place":"295 km NE of Gisborne, New Zealand","time":998376726250,"updated":1651260716614,"tz":null,"url":"https://earthquake.usgs.gov/earthquakes/eventpage/usp000amsn","detail":"https://earthquake.usgs.gov/fdsnws/event/1/query?eventid=usp000amsn&format=geojson","felt":null,"cdi":null,"mmi":null,"alert":null,"status":"reviewed","tsunami":0,"sig":776,"net":"us","code":"p000amsn","ids":",choy20010821065206,gcmtc082101b,usp000amsn,gcmt20010821065206,duputel082101b,iscgem2051928,","sources":",choy,gcmt,us,gcmt,duputel,iscgem,","types":",focal-mechanism,general-text,impact-text,moment-tensor,origin,phase-data,","nst":478,"dmin":null,"rms":1.18,"gap":null,"magType":"mwc","type":"earthquake","title":"M 7.1 - 295 km NE of Gisborne, New Zealand"},"geometry":{"type":"Point","coordinates":[-179.575,-36.813,33]},"id":"usp000amsn"},
{"type":"Feature","properties":{"mag":7,"place":"69 km SSE of Inarajan Village, Guam","time":1002898936840,"updated":1651261038955,"tz":null,"url":"https://earthquake.usgs.gov/earthquakes/eventpage/usp000aqsu","detail":"https://earthquake.usgs.gov/fdsnws/event/1/query?eventid=usp000aqsu&format=geojson","felt":null,"cdi":null,"mmi":5.659,"alert":null,"status":"reviewed","tsunami":0,"sig":754,"net":"us","code":"p000aqsu","ids":",choy20011012150216,gcmtc101201e,usp000aqsu,gcmt20011012150216,duputel101201e,atlas20011012150218,iscgem2152976,","sources":",choy,gcmt,us,gcmt,duputel,atlas,iscgem,","types":",focal-mechanism,general-text,impact-text,moment-tensor,origin,phase-data,shakemap,","nst":482,"dmin":null,"rms":1.15,"gap":null,"magType":"mwc","type":"earthquake","title":"M 7.0 - 69 km SSE of Inarajan Village, Guam"},"geometry":{"type":"Point","coordinates":[144.98,12.686,37]},"id":"usp000aqsu"},
{"type":"Feature","properties":{"mag":7.5,"place":"155 km E of Kendari, Indonesia","time":1003462124460,"updated":1651261049631,"tz":null,"url":"https://earthquake.usgs.gov/earthquakes/eventpage/usp000ar78","detail":"https://earthquake.usgs.gov/fdsnws/event/1/query?eventid=usp000ar78&format=geojson","felt":null,"cdi":null,"mmi":6.161,"alert":null,"status":"reviewed","tsunami":0,"sig":865,"net":"us","code":"p000ar78","ids":",choy20011019032844,gcmtc101901a,usp000ar78,duputel101901a,gcmt20011019032844,atlas20011019032845,iscgem2158595,","sources":",choy,gcmt,us,duputel,gcmt,atlas,iscgem,","types":",focal-mechanism,general-text,impact-text,moment-tensor,origin,phase-data,shakemap,trump-shakemap,","nst":234,"dmin":null,"rms":1.14,"gap":null,"magType":"mwc","type":"earthquake","title":"M 7.5 - 155 km E of Kendari, Indonesia"},"geometry":{"type":"Point","coordinates":[123.907,-4.102,33]},"id":"usp000ar78"},
{"type":"Feature","properties":{"mag":7,"place":"40 km S of Kimbe, Papua New Guinea","time":1004519420000,"updated":1651261176610,"tz":null,"url":"https://earthquake.usgs.gov/earthquakes/eventpage/usp000arz5","detail":"https://earthquake.usgs.gov/fdsnws/event/1/query?eventid=usp000arz5&format=geojson","felt":null,"cdi":null,"mmi":6.561,"alert":null,"status":"reviewed","tsunami":0,"sig":754,"net":"us","code":"p000arz5","ids":",choy20011031091020,gcmtc103101c,usp000arz5,gcmt20011031091020,duputel103101c,atlas20011031091021,iscgem2299018,","sources":",choy,gcmt,us,gcmt,duputel,atlas,iscgem,","types":",focal-mechanism,general-text,impact-text,moment-tensor,origin,phase-data,shakemap,trump-shakemap,","nst":254,"dmin":null,"rms":0.92,"gap":null,"magType":"mwc","type":"earthquake","title":"M 7.0 - 40 km S of Kimbe, Papua New Guinea"},"geometry":{"type":"Point","coordinates":[150.196,-5.912,33]},"id":"usp000arz5"},
{"type":"Feature","properties":{"mag":7.8,"place":"Southern Qinghai, China","time":1005729970010,"updated":1651261199331,"tz":null,"url":"https://earthquake.usgs.gov/earthquakes/eventpage/usp000asvm","detail":"https://earthquake.usgs.gov/fdsnws/event/1/query?eventid=usp000asvm&format=geojson","felt":null,"cdi":null,"mmi":9.251,"alert":null,"status":"reviewed","tsunami":0,"sig":936,"net":"us","code":"p000asvm","ids":",duputel111401b,usp000asvm,choy20011114092610,gcmtm111401b,gcmt20011114092610,atlas20011114092612,iscgem2331800,","sources":",duputel,us,choy,gcmt,gcmt,atlas,iscgem,","types":",associate,finite-fault,focal-mechanism,general-text,impact-text,moment-tensor,origin,phase-data,shakemap,trump-shakemap,","nst":368,"dmin":null,"rms":1.07,"gap":null,"magType":"mwc","type":"earthquake","title":"M 7.8 - Southern Qinghai, China"},"geometry":{"type":"Point","coordinates":[90.541,35.946,10]},"id":"usp000asvm"},
{"type":"Feature","properties":{"mag":7.1,"place":"south of Australia","time":1008165755040,"updated":1651261477205,"tz":null,"url":"https://earthquake.usgs.gov/earthquakes/eventpage/usp000aufx","detail":"https://earthquake.usgs.gov/fdsnws/event/1/query?eventid=usp000aufx&format=geojson","felt":null,"cdi":null,"mmi":null,"alert":null,"status":"reviewed","tsunami":0,"sig":776,"net":"us","code":"p000aufx","ids":",choy20011212140235,gcmtc121201c,usp000aufx,gcmt20011212140235,duputel121201c,iscgem2428925,","sources":",choy,gcmt,us,gcmt,duputel,iscgem,","types":",focal-mechanism,general-text,impact-text,moment-tensor,origin,phase-data,","nst":255,"dmin":null,"rms":0.97,"gap":null,"magType":"mwc","type":"earthquake","title":"M 7.1 - south of Australia"},"geometry":{"type":"Point","coordinates":[124.688,-42.813,10]},"id":"usp000aufx"},
{"type":"Feature","properties":{"mag":7.2,"place":"50 km WNW of Port-Vila, Vanuatu","time":1009992168760,"updated":1651506010561,"tz":null,"url":"https://earthquake.usgs.gov/earthquakes/eventpage/usp000avpw","detail":"https://earthquake.usgs.gov/fdsnws/event/1/query?eventid=usp000avpw&format=geojson","felt":null,"cdi":null,"mmi":6.433,"alert":null,"status":"reviewed","tsunami":0,"sig":798,"net":"us","code":"p000avpw","ids":",choy20020102172248,gcmtc010202f,usp000avpw,gcmt20020102172248,duputel010202f,atlas20020102172250,iscgem2431530,","sources":",choy,gcmt,us,gcmt,duputel,atlas,iscgem,","types":",focal-mechanism,general-text,impact-text,moment-tensor,origin,phase-data,poster,shakemap,trump-shakemap,","nst":427,"dmin":null,"rms":0.9,"gap":null,"magType":"mwc","type":"earthquake","title":"M 7.2 - 50 km WNW of Port-Vila, Vanuatu"},"geometry":{"type":"Point","coordinates":[167.856,-17.6,21]},"id":"usp000avpw"},
{"type":"Feature","properties":{"mag":7.4,"place":"51 km SW of Jurm, Afghanistan","time":1015157299740,"updated":1652123715759,"tz":null,"url":"https://earthquake.usgs.gov/earthquakes/eventpage/usp000azhc","detail":"https://earthquake.usgs.gov/fdsnws/event/1/query?eventid=usp000azhc&format=geojson","felt":null,"cdi":null,"mmi":5.28,"alert":null,"status":"reviewed","tsunami":0,"sig":842,"net":"us","code":"p000azhc","ids":",choy20020303120819,usp000azhc,iscgem5267309,iscgemsup5267309,","sources":",choy,us,is,iscgemsup,","types":",focal-mechanism,general-text,ground-failure,impact-text,moment-tensor,origin,phase-data,poster,shakemap,","nst":138,"dmin":null,"rms":1.06,"gap":null,"magType":"mwc","type":"earthquake","title":"M 7.4 - 51 km SW of Jurm, Afghanistan"},"geometry":{"type":"Point","coordinates":[70.482,36.502,225.6]},"id":"usp000azhc"},
{"type":"Feature","properties":{"mag":7.5,"place":"Mindanao, Philippines","time":1015362969130,"updated":1651506349701,"tz":null,"url":"https://earthquake.usgs.gov/earthquakes/eventpage/usp000azqw","detail":"https://earthquake.usgs.gov/fdsnws/event/1/query?eventid=usp000azqw&format=geojson","felt":null,"cdi":null,"mmi":6.867,"alert":null,"status":"reviewed","tsunami":0,"sig":865,"net":"us","code":"p000azqw","ids":",usp000azqw,choy20020305211609,gcmtc030502h,gcmt20020305211609,duputel030502h,atlas20020305211610,iscgem2904823,","sources":",us,choy,gcmt,gcmt,duputel,atlas,iscgem,","types":",finite-fault,focal-mechanism,general-text,impact-text,moment-tensor,origin,phase-data,poster,shakemap,trump-shakemap,","nst":321,"dmin":null,"rms":0.95,"gap":null,"magType":"mwc","type":"earthquake","title":"M 7.5 - Mindanao, Philippines"},"geometry":{"type":"Point","coordinates":[124.249,6.033,31]},"id":"usp000azqw"},
{"type":"Feature","properties":{"mag":7.1,"place":"67 km ENE of Hualien City, Taiwan","time":1017557570490,"updated":1651506460432,"tz":null,"url":"https://earthquake.usgs.gov/earthquakes/eventpage/usp000b1e2","detail":"https://earthquake.usgs.gov/fdsnws/event/1/query?eventid=usp000b1e2&format=geojson","felt":null,"cdi":null,"mmi":5.888,"alert":null,"status":"reviewed","tsunami":0,"sig":776,"net":"us","code":"p000b1e2","ids":",choy20020331065250,gcmtc033102a,usp000b1e2,duputel033102a,gcmt20020331065250,atlas20020331065252,iscgem2944860,","sources":",choy,gcmt,us,duputel,gcmt,atlas,iscgem,","types":",focal-mechanism,general-text,impact-text,moment-tensor,origin,phase-data,poster,shakemap,trump-shakemap,","nst":550,"dmin":null,"rms":0.96,"gap":null,"magType":"mwc","type":"earthquake","title":"M 7.1 - 67 km ENE of Hualien City, Taiwan"},"geometry":{"type":"Point","coordinates":[122.179,24.279,32.8]},"id":"usp000b1e2"},
{"type":"Feature","properties":{"mag":7.1,"place":"20 km SSW of Merizo Village, Guam","time":1019837167000,"updated":1651507757290,"tz":null,"url":"https://earthquake.usgs.gov/earthquakes/eventpage/usp000b37m","detail":"https://earthquake.usgs.gov/fdsnws/event/1/query?eventid=usp000b37m&format=geojson","felt":null,"cdi":null,"mmi":7.075,"alert":null,"status":"reviewed","tsunami":0,"sig":776,"net":"us","code":"p000b37m","ids":",choy20020426160607,gcmtc042602g,usp000b37m,gcmt20020426160607,duputel042602g,atlas20020426160605,iscgem3418180,","sources":",choy,gcmt,us,gcmt,duputel,atlas,iscgem,","types":",focal-mechanism,general-text,impact-text,moment-tensor,origin,phase-data,poster,shakemap,","nst":257,"dmin":null,"rms":1.04,"gap":null,"magType":"mwc","type":"earthquake","title":"M 7.1 - 20 km SSW of Merizo Village, Guam"},"geometry":{"type":"Point","coordinates":[144.619,13.088,85.7]},"id":"usp000b37m"},
{"type":"Feature","properties":{"mag":7.3,"place":"50 km SW of Dongning, China","time":1025284770270,"updated":1651507857920,"tz":null,"url":"https://earthquake.usgs.gov/earthquakes/eventpage/usp000b73z","detail":"https://earthquake.usgs.gov/fdsnws/event/1/query?eventid=usp000b73z&format=geojson","felt":null,"cdi":null,"mmi":null,"alert":null,"status":"reviewed","tsunami":0,"sig":820,"net":"us","code":"p000b73z","ids":",choy20020628171930,gcmtc062802b,usp000b73z,gcmt20020628171930,duputel062802b,atlas20020628171931,iscgem3465321,","sources":",choy,gcmt,us,gcmt,duputel,atlas,iscgem,","types":",focal-mechanism,general-text,impact-text,moment-tensor,origin,phase-data,poster,","nst":712,"dmin":null,"rms":0.86,"gap":null,"magType":"mwc","type":"earthquake","title":"M 7.3 - 50 km SW of Dongning, China"},"geometry":{"type":"Point","coordinates":[130.666,43.752,566]},"id":"usp000b73z"},
{"type":"Feature","properties":{"mag":7.7,"place":"Fiji region","time":1029754861190,"updated":1651508054819,"tz":null,"url":"https://earthquake.usgs.gov/earthquakes/eventpage/usp000ba6g","detail":"https://earthquake.usgs.gov/fdsnws/event/1/query?eventid=usp000ba6g&format=geojson","felt":null,"cdi":null,"mmi":null,"alert":null,"status":"reviewed","tsunami":0,"sig":912,"net":"us","code":"p000ba6g","ids":",iscgem4009018,usp000ba6g,choy20020819110101,gcmtc081902a,gcmt20020819110101,duputel081902a,","sources":",iscgem,us,choy,gcmt,gcmt,duputel,","types":",disassociate,focal-mechanism,general-text,moment-tensor,origin,phase-data,","nst":670,"dmin":null,"rms":0.93,"gap":null,"magType":"mwc","type":"earthquake","title":"M 7.7 - Fiji region"},"geometry":{"type":"Point","coordinates":[-179.513,-21.696,580]},"id":"usp000ba6g"},
{"type":"Feature","properties":{"mag":7.7,"place":"south of the Fiji Islands","time":1029755304310,"updated":1651507869941,"tz":null,"url":"https://earthquake.usgs.gov/earthquakes/eventpage/usp000ba6m","detail":"https://earthquake.usgs.gov/fdsnws/event/1/query?eventid=usp000ba6m&format=geojson","felt":null,"cdi":null,"mmi":null,"alert":null,"status":"reviewed","tsunami":0,"sig":912,"net":"us","code":"p000ba6m","ids":",choy20020819110824,gcmtc081902c,usp000ba6m,gcmt20020819110824,iscgem3466220,","sources":",choy,gcmt,us,gcmt,iscgem,","types":",disassociate,focal-mechanism,general-text,impact-text,moment-tensor,origin,phase-data,","nst":302,"dmin":null,"rms":1.08,"gap":null,"magType":"mwc","type":"earthquake","title":"M 7.7 - south of the Fiji Islands"},"geometry":{"type":"Point","coordinates":[178.495,-23.884,675.4]},"id":"usp000ba6m"},
{"type":"Feature","properties":{"mag":7.6,"place":"68 km ESE of Aitape, Papua New Guinea","time":1031510663710,"updated":1651507664247,"tz":null,"url":"https://earthquake.usgs.gov/earthquakes/eventpage/usp000bbpf","detail":"https://earthquake.usgs.gov/fdsnws/event/1/query?eventid=usp000bbpf&format=geojson","felt":null,"cdi":null,"mmi":6.865,"alert":null,"status":"reviewed","tsunami":0,"sig":889,"net":"us","code":"p000bbpf","ids":",usp000bbpf,choy20020908184423,gcmtc090802h,duputel090802h,gcmt20020908184423,atlas20020908184425,iscgem3362959,","sources":",us,choy,gcmt,duputel,gcmt,atlas,iscgem,","types":",finite-fault,focal-mechanism,general-text,impact-text,moment-tensor,origin,phase-data,poster,shakemap,trump-shakemap,","nst":428,"dmin":null,"rms":1.16,"gap":null,"magType":"mwc","type":"earthquake","title":"M 7.6 - 68 km ESE of Aitape, Papua New Guinea"},"geometry":{"type":"Point","coordinates":[142.945,-3.302,13]},"id":"usp000bbpf"},
{"type":"Feature","properties":{"mag":7.6,"place":"102 km SSE of Manokwari, Indonesia","time":1034247020570,"updated":1651507889357,"tz":null,"url":"https://earthquake.usgs.gov/earthquakes/eventpage/usp000be54","detail":"https://earthquake.usgs.gov/fdsnws/event/1/query?eventid=usp000be54&format=geojson","felt":null,"cdi":null,"mmi":6.858,"alert":null,"status":"reviewed","tsunami":0,"sig":889,"net":"us","code":"p000be54","ids":",usp000be54,choy20021010105020,gcmtc101002e,duputel101002e,gcmt20021010105020,atlas20021010105023,iscgem3477279,","sources":",us,choy,gcmt,duputel,gcmt,atlas,iscgem,","types":",finite-fault,focal-mechanism,general-text,impact-text,moment-tensor,origin,phase-data,poster,shakemap,trump-shakemap,","nst":375,"dmin":null,"rms":1.15,"gap":null,"magType":"mwc","type":"earthquake","title":"M 7.6 - 102 km SSE of Manokwari, Indonesia"},"geometry":{"type":"Point","coordinates":[134.297,-1.757,10]},"id":"usp000be54"},
{"type":"Feature","properties":{"mag":7.4,"place":"50 km NW of Sinabang, Indonesia","time":1036200370700,"updated":1651508091750,"tz":null,"url":"https://earthquake.usgs.gov/earthquakes/eventpage/usp000bfuz","detail":"https://earthquake.usgs.gov/fdsnws/event/1/query?eventid=usp000bfuz&format=geojson","felt":null,"cdi":null,"mmi":6.865,"alert":null,"status":"reviewed","tsunami":0,"sig":842,"net":"us","code":"p000bfuz","ids":",usp000bfuz,choy20021102012610,gcmtc110202b,duputel110202b,gcmt20021102012610,atlas20021102012612,iscgem6121703,","sources":",us,choy,gcmt,duputel,gcmt,atlas,iscgem,","types":",finite-fault,focal-mechanism,general-text,impact-text,moment-tensor,origin,phase-data,poster,shakemap,trump-shakemap,","nst":418,"dmin":null,"rms":1.22,"gap":null,"magType":"mwb","type":"earthquake","title":"M 7.4 - 50 km NW of Sinabang, Indonesia"},"geometry":{"type":"Point","coordinates":[96.085,2.824,30]},"id":"usp000bfuz"},
{"type":"Feature","properties":{"mag":7.9,"place":"2002 Denali Fault, Alaska Earthquake","time":1036361561518,"updated":1733871907865,"tz":null,"url":"https://earthquake.usgs.gov/earthquakes/eventpage/ak002e435qpj","detail":"https://earthquake.usgs.gov/fdsnws/event/1/query?eventid=ak002e435qpj&format=geojson","felt":3067,"cdi":7.9,"mmi":8.583,"alert":null,"status":"reviewed","tsunami":0,"sig":1750,"net":"ak","code":"002e435qpj","ids":",ak002e435qpj,ak22614036,usp000bg0m,choy20021103221241,gcmtm110302j,duputel110302j,gcmt20021103221241,iscgem6123395,atlas20021103221243,","sources":",ak,ak,us,choy,gcmt,duputel,gcmt,iscgem,atlas,","types":",associate,dyfi,earthquake-name,finite-fault,focal-mechanism,general-link,general-text,ground-failure,impact-text,moment-tensor,origin,phase-data,poster,shakemap,trump-shakemap,","nst":null,"dmin":null,"rms":1.58,"gap":null,"magType":"mw","type":"earthquake","title":"M 7.9 - 2002 Denali Fault, Alaska Earthquake"},"geometry":{"type":"Point","coordinates":[-147.4529,63.5141,4.2]},"id":"ak002e435qpj"},
{"type":"Feature","properties":{"mag":7.3,"place":"262 km E of Dolinsk, Russia","time":1037508833540,"updated":1651508308906,"tz":null,"url":"https://earthquake.usgs.gov/earthquakes/eventpage/usp000bhv1","detail":"https://earthquake.usgs.gov/fdsnws/event/1/query?eventid=usp000bhv1&format=geojson","felt":null,"cdi":null,"mmi":null,"alert":null,"status":"reviewed","tsunami":0,"sig":820,"net":"us","code":"p000bhv1","ids":",choy20021117045353,gcmtc111702c,usp000bhv1,gcmt20021117045353,duputel111702c,iscgem6144404,","sources":",choy,gcmt,us,gcmt,duputel,iscgem,","types":",focal-mechanism,general-text,impact-text,moment-tensor,origin,phase-data,poster,","nst":326,"dmin":null,"rms":1.02,"gap":null,"magType":"mwc","type":"earthquake","title":"M 7.3 - 262 km E of Dolinsk, Russia"},"geometry":{"type":"Point","coordinates":[146.209,47.824,459.1]},"id":"usp000bhv1"},
{"type":"Feature","properties":{"mag":7.3,"place":"126 km W of Kirakira, Solomon Islands","time":1043052186070,"updated":1651508617039,"tz":null,"url":"https://earthquake.usgs.gov/earthquakes/eventpage/usp000bnvq","detail":"https://earthquake.usgs.gov/fdsnws/event/1/query?eventid=usp000bnvq&format=geojson","felt":null,"cdi":null,"mmi":5.98,"alert":null,"status":"reviewed","tsunami":0,"sig":820,"net":"us","code":"p000bnvq","ids":",choy20030120084306,gcmtc012003b,usp000bnvq,gcmt20030120084306,duputel012003b,atlas20030120084305,iscgem6540306,","sources":",choy,gcmt,us,gcmt,duputel,atlas,iscgem,","types":",focal-mechanism,general-text,impact-text,moment-tensor,origin,phase-data,shakemap,trump-shakemap,","nst":457,"dmin":null,"rms":0.84,"gap":null,"magType":"mwc","type":"earthquake","title":"M 7.3 - 126 km W of Kirakira, Solomon Islands"},"geometry":{"type":"Point","coordinates":[160.77,-10.491,33]},"id":"usp000bnvq"},
{"type":"Feature","properties":{"mag":7.6,"place":"16 km SSW of Cuyutlán, Mexico","time":1043201194610,"updated":1651508632048,"tz":null,"url":"https://earthquake.usgs.gov/earthquakes/eventpage/usp000bnyr","detail":"https://earthquake.usgs.gov/fdsnws/event/1/query?eventid=usp000bnyr&format=geojson","felt":null,"cdi":null,"mmi":6.981,"alert":null,"status":"reviewed","tsunami":0,"sig":889,"net":"us","code":"p000bnyr","ids":",usp000bnyr,choy20030122020634,gcmtc012203a,duputel012203a,gcmt20030122020634,atlas20030122020636,iscgem6541364,","sources":",us,choy,gcmt,duputel,gcmt,atlas,iscgem,","types":",finite-fault,focal-mechanism,general-text,ground-failure,impact-text,moment-tensor,origin,phase-data,poster,shakemap,trump-shakemap,","nst":551,"dmin":null,"rms":1.4,"gap":null,"magType":"mwb","type":"earthquake","title":"M 7.6 - 16 km SSW of Cuyutlán, Mexico"},"geometry":{"type":"Point","coordinates":[-104.104,18.77,24]},"id":"usp000bnyr"},
{"type":"Feature","properties":{"mag":7.1,"place":"Rat Islands, Aleutian Islands, Alaska","time":1047918977310,"updated":1651508885944,"tz":null,"url":"https://earthquake.usgs.gov/earthquakes/eventpage/usp000bsvs","detail":"https://earthquake.usgs.gov/fdsnws/event/1/query?eventid=usp000bsvs&format=geojson","felt":null,"cdi":null,"mmi":null,"alert":null,"status":"reviewed","tsunami":0,"sig":776,"net":"us","code":"p000bsvs","ids":",ak0033hyl1qx,choy20030317163617,gcmtc031703e,usp000bsvs,duputel031703e,iscgem6616391,","sources":",ak,choy,gcmt,us,duputel,iscgem,","types":",associate,focal-mechanism,general-text,impact-text,moment-tensor,origin,phase-data,","nst":607,"dmin":null,"rms":1.26,"gap":30.3,"magType":"mwb","type":"earthquake","title":"M 7.1 - Rat Islands, Aleutian Islands, Alaska"},"geometry":{"type":"Point","coordinates":[177.978,51.272,33]},"id":"usp000bsvs"},
{"type":"Feature","properties":{"mag":7,"place":"27 km SSW of ?funato, Japan","time":1053941073400,"updated":1651509256915,"tz":null,"url":"https://earthquake.usgs.gov/earthquakes/eventpage/usp000by66","detail":"https://earthquake.usgs.gov/fdsnws/event/1/query?eventid=usp000by66&format=geojson","felt":null,"cdi":null,"mmi":7.206,"alert":null,"status":"reviewed","tsunami":0,"sig":754,"net":"us","code":"p000by66","ids":",atlas20030526092400,atlas20030526092434,choy20030526092433,gcmtc052603a,usp000by66,duputel052603a,gcmt20030526092433,iscgem6849185,","sources":",atlas,atlas,choy,gcmt,us,duputel,gcmt,iscgem,","types":",associate,focal-mechanism,general-text,impact-text,moment-tensor,origin,phase-data,shakemap,trump-shakemap,","nst":690,"dmin":null,"rms":1.01,"gap":19.1,"magType":"mwb","type":"earthquake","title":"M 7.0 - 27 km SSW of ?funato, Japan"},"geometry":{"type":"Point","coordinates":[141.568,38.849,68]},"id":"usp000by66"},
{"type":"Feature","properties":{"mag":7,"place":"116 km NE of Tobelo, Indonesia","time":1053977007940,"updated":1651509274085,"tz":null,"url":"https://earthquake.usgs.gov/earthquakes/eventpage/usp000by7n","detail":"https://earthquake.usgs.gov/fdsnws/event/1/query?eventid=usp000by7n&format=geojson","felt":null,"cdi":null,"mmi":6.299,"alert":null,"status":"reviewed","tsunami":0,"sig":754,"net":"us","code":"p000by7n","ids":",choy20030526192327,gcmtc052603d,usp000by7n,gcmt20030526192327,duputel052603d,atlas20030526192329,iscgem6850655,","sources":",choy,gcmt,us,gcmt,duputel,atlas,iscgem,","types":",focal-mechanism,general-text,impact-text,moment-tensor,origin,phase-data,shakemap,trump-shakemap,","nst":473,"dmin":null,"rms":1.09,"gap":30.3,"magType":"mwc","type":"earthquake","title":"M 7.0 - 116 km NE of Tobelo, Indonesia"},"geometry":{"type":"Point","coordinates":[128.855,2.354,31]},"id":"usp000by7n"},
{"type":"Feature","properties":{"mag":7.1,"place":"105 km E of Cruzeiro do Sul, Brazil","time":1056089978910,"updated":1651509477871,"tz":null,"url":"https://earthquake.usgs.gov/earthquakes/eventpage/usp000c0ag","detail":"https://earthquake.usgs.gov/fdsnws/event/1/query?eventid=usp000c0ag&format=geojson","felt":null,"cdi":null,"mmi":null,"alert":null,"status":"reviewed","tsunami":0,"sig":776,"net":"us","code":"p000c0ag","ids":",choy20030620061938,gcmtc062003d,usp000c0ag,gcmt20030620061938,duputel062003d,atlas20030620061939,iscgem6941806,","sources":",choy,gcmt,us,gcmt,duputel,atlas,iscgem,","types":",focal-mechanism,general-text,impact-text,moment-tensor,origin,phase-data,poster,","nst":672,"dmin":null,"rms":0.89,"gap":22.5,"magType":"mwc","type":"earthquake","title":"M 7.1 - 105 km E of Cruzeiro do Sul, Brazil"},"geometry":{"type":"Point","coordinates":[-71.722,-7.606,558.1]},"id":"usp000c0ag"},
{"type":"Feature","properties":{"mag":7.6,"place":"Carlsberg Ridge","time":1058300870530,"updated":1651509551559,"tz":null,"url":"https://earthquake.usgs.gov/earthquakes/eventpage/usp000c2ka","detail":"https://earthquake.usgs.gov/fdsnws/event/1/query?eventid=usp000c2ka&format=geojson","felt":null,"cdi":null,"mmi":null,"alert":null,"status":"reviewed","tsunami":0,"sig":889,"net":"us","code":"p000c2ka","ids":",duputel071503f,usp000c2ka,choy20030715202750,gcmtc071503f,gcmt20030715202750,iscgem6999304,","sources":",duputel,us,choy,gcmt,gcmt,iscgem,","types":",associate,finite-fault,focal-mechanism,general-text,impact-text,moment-tensor,origin,phase-data,poster,","nst":522,"dmin":null,"rms":0.98,"gap":34.9,"magType":"mwc","type":"earthquake","title":"M 7.6 - Carlsberg Ridge"},"geometry":{"type":"Point","coordinates":[68.382,-2.598,10]},"id":"usp000c2ka"},
{"type":"Feature","properties":{"mag":7.6,"place":"Scotia Sea","time":1059971840130,"updated":1651509611734,"tz":null,"url":"https://earthquake.usgs.gov/earthquakes/eventpage/usp000c41f","detail":"https://earthquake.usgs.gov/fdsnws/event/1/query?eventid=usp000c41f&format=geojson","felt":null,"cdi":null,"mmi":5.684,"alert":null,"status":"reviewed","tsunami":0,"sig":889,"net":"us","code":"p000c41f","ids":",usp000c41f,choy20030804043720,gcmtc080403c,duputel080403c,gcmt20030804043720,iscgem7054520,","sources":",us,choy,gcmt,duputel,gcmt,iscgem,","types":",finite-fault,focal-mechanism,general-text,impact-text,moment-tensor,origin,phase-data,shakemap,","nst":315,"dmin":null,"rms":1.09,"gap":25.2,"magType":"mwc","type":"earthquake","title":"M 7.6 - Scotia Sea"},"geometry":{"type":"Point","coordinates":[-43.411,-60.532,10]},"id":"usp000c41f"},
{"type":"Feature","properties":{"mag":7.2,"place":"56 km NW of Te Anau, New Zealand","time":1061467969790,"updated":1651509684245,"tz":null,"url":"https://earthquake.usgs.gov/earthquakes/eventpage/usp000c5h6","detail":"https://earthquake.usgs.gov/fdsnws/event/1/query?eventid=usp000c5h6&format=geojson","felt":null,"cdi":null,"mmi":7.404,"alert":null,"status":"reviewed","tsunami":0,"sig":798,"net":"us","code":"p000c5h6","ids":",usp000c5h6,choy20030821121249,gcmtc082103d,duputel082103d,gcmt20030821121249,atlas20030821121251,iscgem7066570,","sources":",us,choy,gcmt,duputel,gcmt,atlas,iscgem,","types":",finite-fault,focal-mechanism,general-text,ground-failure,impact-text,moment-tensor,origin,phase-data,poster,shakemap,trump-shakemap,","nst":428,"dmin":null,"rms":1.1,"gap":17.5,"magType":"mwc","type":"earthquake","title":"M 7.2 - 56 km NW of Te Anau, New Zealand"},"geometry":{"type":"Point","coordinates":[167.144,-45.104,28]},"id":"usp000c5h6"},
{"type":"Feature","properties":{"mag":8.16,"place":"2003 Tokachi-Oki Earthquake","time":1064519406360,"updated":1754413520677,"tz":null,"url":"https://earthquake.usgs.gov/earthquakes/eventpage/official20030925195006360_27","detail":"https://earthquake.usgs.gov/fdsnws/event/1/query?eventid=official20030925195006360_27&format=geojson","felt":null,"cdi":null,"mmi":8.674,"alert":null,"status":"reviewed","tsunami":0,"sig":1024,"net":"official","code":"20030925195006360_27","ids":",official20030925195006360_27,usp000c8kv,choy20030925195006,gcmtm092503c,gcmt20030925195006,duputel092503c,iscgem7134409,atlas20030925195006,","sources":",official,us,choy,gcmt,gcmt,duputel,iscgem,atlas,","types":",earthquake-name,finite-fault,focal-mechanism,general-header,general-text,ground-failure,impact-text,moment-tensor,origin,phase-data,poster,scitech-link,shakemap,trump-origin,","nst":null,"dmin":null,"rms":null,"gap":null,"magType":"mww","type":"earthquake","title":"M 8.2 - 2003 Tokachi-Oki Earthquake"},"geometry":{"type":"Point","coordinates":[143.91,41.815,27]},"id":"official20030925195006360_27"},
{"type":"Feature","properties":{"mag":7.4,"place":"119 km ESE of Shizunai-furukawach?, Japan","time":1064524080030,"updated":1651509853332,"tz":null,"url":"https://earthquake.usgs.gov/earthquakes/eventpage/usp000c8mb","detail":"https://earthquake.usgs.gov/fdsnws/event/1/query?eventid=usp000c8mb&format=geojson","felt":null,"cdi":null,"mmi":6.783,"alert":null,"status":"reviewed","tsunami":0,"sig":842,"net":"us","code":"p000c8mb","ids":",gcmtc092503k,usp000c8mb,gcmt20030925210800,atlas20030925210802,iscgem7134581,","sources":",gcmt,us,gcmt,atlas,iscgem,","types":",focal-mechanism,general-text,impact-text,moment-tensor,origin,phase-data,shakemap,trump-shakemap,","nst":514,"dmin":null,"rms":1.02,"gap":78.8,"magType":"mwc","type":"earthquake","title":"M 7.4 - 119 km ESE of Shizunai-furukawach?, Japan"},"geometry":{"type":"Point","coordinates":[143.593,41.774,33]},"id":"usp000c8mb"},
{"type":"Feature","properties":{"mag":7.3,"place":"29 km S of Aktash, Russia","time":1064662405080,"updated":1651509863937,"tz":null,"url":"https://earthquake.usgs.gov/earthquakes/eventpage/usp000c8sz","detail":"https://earthquake.usgs.gov/fdsnws/event/1/query?eventid=usp000c8sz&format=geojson","felt":null,"cdi":null,"mmi":7.389,"alert":null,"status":"reviewed","tsunami":0,"sig":820,"net":"us","code":"p000c8sz","ids":",choy20030927113325,gcmtc092703f,usp000c8sz,gcmt20030927113325,duputel092703f,atlas20030927113326,iscgem7136530,","sources":",choy,gcmt,us,gcmt,duputel,atlas,iscgem,","types":",focal-mechanism,general-text,impact-text,moment-tensor,origin,phase-data,poster,shakemap,trump-shakemap,","nst":667,"dmin":null,"rms":1.03,"gap":24.5,"magType":"mwb","type":"earthquake","title":"M 7.3 - 29 km S of Aktash, Russia"},"geometry":{"type":"Point","coordinates":[87.813,50.038,16]},"id":"usp000c8sz"},
{"type":"Feature","properties":{"mag":7,"place":"133 km ESE of Ishinomaki, Japan","time":1067562388280,"updated":1651510359728,"tz":null,"url":"https://earthquake.usgs.gov/earthquakes/eventpage/usp000cbpa","detail":"https://earthquake.usgs.gov/fdsnws/event/1/query?eventid=usp000cbpa&format=geojson","felt":null,"cdi":null,"mmi":4.587,"alert":null,"status":"reviewed","tsunami":0,"sig":754,"net":"us","code":"p000cbpa","ids":",choy20031031010628,gcmtc103103a,usp000cbpa,gcmt20031031010628,duputel103103a,atlas20031031010631,iscgem7169836,","sources":",choy,gcmt,us,gcmt,duputel,atlas,iscgem,","types":",focal-mechanism,general-text,impact-text,moment-tensor,origin,phase-data,poster,shakemap,","nst":568,"dmin":null,"rms":0.8,"gap":61.2,"magType":"mwb","type":"earthquake","title":"M 7.0 - 133 km ESE of Ishinomaki, Japan"},"geometry":{"type":"Point","coordinates":[142.619,37.812,10]},"id":"usp000cbpa"},
{"type":"Feature","properties":{"mag":7.8,"place":"Rat Islands, Aleutian Islands, Alaska","time":1069051386800,"updated":1651510446367,"tz":null,"url":"https://earthquake.usgs.gov/earthquakes/eventpage/usp000cd1n","detail":"https://earthquake.usgs.gov/fdsnws/event/1/query?eventid=usp000cd1n&format=geojson","felt":null,"cdi":null,"mmi":null,"alert":null,"status":"reviewed","tsunami":0,"sig":936,"net":"us","code":"p000cd1n","ids":",usp000cd1n,choy20031117064306,gcmtc111703b,gcmt20031117064306,duputel111703b,ak003eqzc8rt,iscgem7185576,","sources":",us,choy,gcmt,gcmt,duputel,ak,iscgem,","types":",finite-fault,focal-mechanism,general-text,impact-text,moment-tensor,origin,phase-data,poster,","nst":604,"dmin":null,"rms":1.11,"gap":24,"magType":"mwc","type":"earthquake","title":"M 7.8 - Rat Islands, Aleutian Islands, Alaska"},"geometry":{"type":"Point","coordinates":[178.65,51.146,33]},"id":"usp000cd1n"},
{"type":"Feature","properties":{"mag":7.3,"place":"201 km ESE of Tadine, New Caledonia","time":1072540859450,"updated":1651510658175,"tz":null,"url":"https://earthquake.usgs.gov/earthquakes/eventpage/usp000cg90","detail":"https://earthquake.usgs.gov/fdsnws/event/1/query?eventid=usp000cg90&format=geojson","felt":null,"cdi":null,"mmi":4.238,"alert":null,"status":"reviewed","tsunami":0,"sig":820,"net":"us","code":"p000cg90","ids":",choy20031227160059,gcmtc122703g,usp000cg90,gcmt20031227160059,duputel122703g,iscgem7218955,","sources":",choy,gcmt,us,gcmt,duputel,iscgem,","types":",focal-mechanism,general-text,impact-text,moment-tensor,origin,phase-data,poster,shakemap,","nst":235,"dmin":null,"rms":1.3,"gap":46.6,"magType":"mwc","type":"earthquake","title":"M 7.3 - 201 km ESE of Tadine, New Caledonia"},"geometry":{"type":"Point","coordinates":[169.766,-22.015,10]},"id":"usp000cg90"},
{"type":"Feature","properties":{"mag":7.1,"place":"202 km ESE of Tadine, New Caledonia","time":1073147001020,"updated":1651510711257,"tz":null,"url":"https://earthquake.usgs.gov/earthquakes/eventpage/usp000cgz9","detail":"https://earthquake.usgs.gov/fdsnws/event/1/query?eventid=usp000cgz9&format=geojson","felt":null,"cdi":null,"mmi":null,"alert":null,"status":"reviewed","tsunami":0,"sig":776,"net":"us","code":"p000cgz9","ids":",choy20040103162321,gcmtc010304j,usp000cgz9,gcmt20040103162321,duputel010304j,iscgem7225647,","sources":",choy,gcmt,us,gcmt,duputel,iscgem,","types":",focal-mechanism,general-text,impact-text,moment-tensor,origin,phase-data,poster,","nst":597,"dmin":null,"rms":1.06,"gap":39.8,"magType":"mwc","type":"earthquake","title":"M 7.1 - 202 km ESE of Tadine, New Caledonia"},"geometry":{"type":"Point","coordinates":[169.683,-22.253,22]},"id":"usp000cgz9"},
{"type":"Feature","properties":{"mag":7,"place":"28 km S of Nabire, Indonesia","time":1076015102840,"updated":1651510921425,"tz":null,"url":"https://earthquake.usgs.gov/earthquakes/eventpage/usp000ckg7","detail":"https://earthquake.usgs.gov/fdsnws/event/1/query?eventid=usp000ckg7&format=geojson","felt":null,"cdi":null,"mmi":6.757,"alert":null,"status":"reviewed","tsunami":0,"sig":754,"net":"us","code":"p000ckg7","ids":",choy20040205210502,gcmtc020504b,usp000ckg7,gcmt20040205210502,duputel020504b,atlas20040205210504,iscgem7248018,","sources":",choy,gcmt,us,gcmt,duputel,atlas,iscgem,","types":",focal-mechanism,general-text,impact-text,moment-tensor,origin,phase-data,poster,shakemap,trump-shakemap,","nst":367,"dmin":null,"rms":0.98,"gap":33,"magType":"mwc","type":"earthquake","title":"M 7.0 - 28 km S of Nabire, Indonesia"},"geometry":{"type":"Point","coordinates":[135.538,-3.615,16.6]},"id":"usp000ckg7"},
{"type":"Feature","properties":{"mag":7.3,"place":"Near the south coast of Papua, Indonesia","time":1076121755210,"updated":1651510928813,"tz":null,"url":"https://earthquake.usgs.gov/earthquakes/eventpage/usp000ckks","detail":"https://earthquake.usgs.gov/fdsnws/event/1/query?eventid=usp000ckks&format=geojson","felt":null,"cdi":null,"mmi":6.784,"alert":null,"status":"reviewed","tsunami":0,"sig":820,"net":"us","code":"p000ckks","ids":",choy20040207024235,gcmtc020704a,usp000ckks,gcmt20040207024235,duputel020704a,atlas20040207024236,iscgem7248533,","sources":",choy,gcmt,us,gcmt,duputel,atlas,iscgem,","types":",focal-mechanism,general-text,impact-text,moment-tensor,origin,phase-data,poster,shakemap,trump-shakemap,","nst":390,"dmin":null,"rms":1.01,"gap":23,"magType":"mwb","type":"earthquake","title":"M 7.3 - Near the south coast of Papua, Indonesia"},"geometry":{"type":"Point","coordinates":[135.023,-4.003,10]},"id":"usp000ckks"},
{"type":"Feature","properties":{"mag":7.1,"place":"208 km ENE of Levuka, Fiji","time":1089865634730,"updated":1651511847061,"tz":null,"url":"https://earthquake.usgs.gov/earthquakes/eventpage/usp000d06s","detail":"https://earthquake.usgs.gov/fdsnws/event/1/query?eventid=usp000d06s&format=geojson","felt":null,"cdi":null,"mmi":null,"alert":null,"status":"reviewed","tsunami":0,"sig":776,"net":"us","code":"p000d06s","ids":",choy20040715042714,gcmtc071504c,usp000d06s,duputel071504c,gcmt20040715042714,iscgem7371822,","sources":",choy,gcmt,us,duputel,gcmt,iscgem,","types":",disassociate,focal-mechanism,general-text,impact-text,moment-tensor,origin,phase-data,","nst":208,"dmin":null,"rms":0.93,"gap":52.2,"magType":"mwc","type":"earthquake","title":"M 7.1 - 208 km ENE of Levuka, Fiji"},"geometry":{"type":"Point","coordinates":[-178.76,-17.656,565.5]},"id":"usp000d06s"},
{"type":"Feature","properties":{"mag":7.3,"place":"100 km SSE of Jambi City, Indonesia","time":1090766119060,"updated":1651511875229,"tz":null,"url":"https://earthquake.usgs.gov/earthquakes/eventpage/usp000d0v4","detail":"https://earthquake.usgs.gov/fdsnws/event/1/query?eventid=usp000d0v4&format=geojson","felt":null,"cdi":null,"mmi":null,"alert":null,"status":"reviewed","tsunami":0,"sig":820,"net":"us","code":"p000d0v4","ids":",choy20040725143519,gcmtc072504b,usp000d0v4,gcmt20040725143519,duputel072504b,atlas20040725143518,iscgem7375830,","sources":",choy,gcmt,us,gcmt,duputel,atlas,iscgem,","types":",focal-mechanism,general-text,impact-text,moment-tensor,origin,phase-data,poster,","nst":641,"dmin":null,"rms":0.85,"gap":33.7,"magType":"mwb","type":"earthquake","title":"M 7.3 - 100 km SSE of Jambi City, Indonesia"},"geometry":{"type":"Point","coordinates":[103.981,-2.427,582.1]},"id":"usp000d0v4"},
{"type":"Feature","properties":{"mag":7.2,"place":"94 km SE of Shing?, Japan","time":1094378827820,"updated":1651512316236,"tz":null,"url":"https://earthquake.usgs.gov/earthquakes/eventpage/usp000d3ka","detail":"https://earthquake.usgs.gov/fdsnws/event/1/query?eventid=usp000d3ka&format=geojson","felt":null,"cdi":null,"mmi":4.784,"alert":null,"status":"reviewed","tsunami":0,"sig":798,"net":"us","code":"p000d3ka","ids":",choy20040905100707,gcmtc090504a,usp000d3ka,gcmt20040905100707,duputel090504a,atlas20040905100707,iscgem7398298,","sources":",choy,gcmt,us,gcmt,duputel,atlas,iscgem,","types":",focal-mechanism,general-text,impact-text,moment-tensor,origin,phase-data,shakemap,trump-shakemap,","nst":643,"dmin":null,"rms":0.89,"gap":28.4,"magType":"mwc","type":"earthquake","title":"M 7.2 - 94 km SE of Shing?, Japan"},"geometry":{"type":"Point","coordinates":[136.618,33.07,14]},"id":"usp000d3ka"},
{"type":"Feature","properties":{"mag":7.4,"place":"118 km ESE of Shing?, Japan","time":1094396238610,"updated":1651512317719,"tz":null,"url":"https://earthquake.usgs.gov/earthquakes/eventpage/usp000d3mb","detail":"https://earthquake.usgs.gov/fdsnws/event/1/query?eventid=usp000d3mb&format=geojson","felt":null,"cdi":null,"mmi":5.081,"alert":null,"status":"reviewed","tsunami":0,"sig":842,"net":"us","code":"p000d3mb","ids":",atlas20040905145700,atlas20040905145718,choy20040905145718,gcmtc090504d,usp000d3mb,duputel090504d,iscgem7398386,","sources":",atlas,atlas,choy,gcmt,us,duputel,iscgem,","types":",associate,focal-mechanism,general-text,impact-text,moment-tensor,origin,phase-data,shakemap,trump-shakemap,","nst":594,"dmin":null,"rms":0.91,"gap":27.5,"magType":"mwb","type":"earthquake","title":"M 7.4 - 118 km ESE of Shing?, Japan"},"geometry":{"type":"Point","coordinates":[137.071,33.184,10]},"id":"usp000d3mb"},
{"type":"Feature","properties":{"mag":7,"place":"43 km SSW of Masachapa, Nicaragua","time":1097357213690,"updated":1651512621015,"tz":null,"url":"https://earthquake.usgs.gov/earthquakes/eventpage/usp000d63h","detail":"https://earthquake.usgs.gov/fdsnws/event/1/query?eventid=usp000d63h&format=geojson","felt":null,"cdi":null,"mmi":6.044,"alert":null,"status":"reviewed","tsunami":0,"sig":754,"net":"us","code":"p000d63h","ids":",choy20041009212653,gcmtc100904e,usp000d63h,duputel100904e,gcmt20041009212653,atlas20041009212653,iscgem7417181,","sources":",choy,gcmt,us,duputel,gcmt,atlas,iscgem,","types":",focal-mechanism,general-text,impact-text,moment-tensor,origin,phase-data,poster,shakemap,trump-shakemap,","nst":441,"dmin":null,"rms":1.1,"gap":32.2,"magType":"mwc","type":"earthquake","title":"M 7.0 - 43 km SSW of Masachapa, Nicaragua"},"geometry":{"type":"Point","coordinates":[-86.665,11.422,35]},"id":"usp000d63h"},
{"type":"Feature","properties":{"mag":7.5,"place":"63 km NW of Maubara, Timor Leste","time":1100208401150,"updated":1657827932524,"tz":null,"url":"https://earthquake.usgs.gov/earthquakes/eventpage/usp000d85g","detail":"https://earthquake.usgs.gov/fdsnws/event/1/query?eventid=usp000d85g&format=geojson","felt":9,"cdi":4.8,"mmi":6.84,"alert":null,"status":"reviewed","tsunami":0,"sig":870,"net":"us","code":"p000d85g","ids":",usp000d85g,us2004qsci,choy20041111212641,gcmtc111104m,duputel111104m,atlas20041111212641,iscgem7434650,","sources":",us,us,choy,gcmt,duputel,atlas,iscgem,","types":",associate,dyfi,finite-fault,focal-mechanism,general-text,impact-text,moment-tensor,origin,phase-data,poster,shakemap,trump-shakemap,","nst":301,"dmin":null,"rms":1.07,"gap":33.8,"magType":"mwc","type":"earthquake","title":"M 7.5 - 63 km NW of Maubara, Timor Leste"},"geometry":{"type":"Point","coordinates":[124.868,-8.152,10]},"id":"usp000d85g"},
{"type":"Feature","properties":{"mag":7.2,"place":"32 km SSW of Pizarro, Colombia","time":1100509616560,"updated":1657827790614,"tz":null,"url":"https://earthquake.usgs.gov/earthquakes/eventpage/usp000d8gx","detail":"https://earthquake.usgs.gov/fdsnws/event/1/query?eventid=usp000d8gx&format=geojson","felt":28,"cdi":8,"mmi":7.601,"alert":null,"status":"reviewed","tsunami":0,"sig":820,"net":"us","code":"p000d8gx","ids":",us2004qwat,usp000d8gx,choy20041115090656,duputel111504c,gcmt20041115090656,iscgem7436588,atlas20041115090656,","sources":",us,us,choy,duputel,gcmt,iscgem,atlas,","types":",associate,dyfi,focal-mechanism,general-text,impact-text,moment-tensor,origin,phase-data,poster,shakemap,trump-shakemap,","nst":708,"dmin":null,"rms":0.9,"gap":50.2,"magType":"mwb","type":"earthquake","title":"M 7.2 - 32 km SSW of Pizarro, Colombia"},"geometry":{"type":"Point","coordinates":[-77.508,4.695,15]},"id":"usp000d8gx"},
{"type":"Feature","properties":{"mag":7.1,"place":"255 km W of Riverton, New Zealand","time":1101155183900,"updated":1657827189955,"tz":null,"url":"https://earthquake.usgs.gov/earthquakes/eventpage/usp000d8ze","detail":"https://earthquake.usgs.gov/fdsnws/event/1/query?eventid=usp000d8ze&format=geojson","felt":12,"cdi":5.1,"mmi":4.709,"alert":null,"status":"reviewed","tsunami":0,"sig":782,"net":"us","code":"p000d8ze","ids":",usp000d8ze,us2004rdbs,choy20041122202623,gcmtc112204c,gcmt20041122202623,duputel112204c,iscgem7440391,","sources":",us,us,choy,gcmt,gcmt,duputel,iscgem,","types":",associate,dyfi,focal-mechanism,general-text,impact-text,moment-tensor,origin,phase-data,poster,shakemap,","nst":585,"dmin":null,"rms":1.13,"gap":14.7,"magType":"mwc","type":"earthquake","title":"M 7.1 - 255 km W of Riverton, New Zealand"},"geometry":{"type":"Point","coordinates":[164.721,-46.676,10]},"id":"usp000d8ze"},
{"type":"Feature","properties":{"mag":7.1,"place":"29 km SSW of Nabire, Indonesia","time":1101435903310,"updated":1651512880942,"tz":null,"url":"https://earthquake.usgs.gov/earthquakes/eventpage/usp000d975","detail":"https://earthquake.usgs.gov/fdsnws/event/1/query?eventid=usp000d975&format=geojson","felt":null,"cdi":null,"mmi":6.821,"alert":null,"status":"reviewed","tsunami":0,"sig":776,"net":"us","code":"p000d975","ids":",choy20041126022503,gcmtc112604a,usp000d975,gcmt20041126022503,duputel112604a,atlas20041126022505,iscgem7441772,","sources":",choy,gcmt,us,gcmt,duputel,atlas,iscgem,","types":",focal-mechanism,general-text,impact-text,moment-tensor,origin,phase-data,poster,shakemap,trump-shakemap,","nst":439,"dmin":null,"rms":1.18,"gap":28.8,"magType":"mwc","type":"earthquake","title":"M 7.1 - 29 km SSW of Nabire, Indonesia"},"geometry":{"type":"Point","coordinates":[135.404,-3.609,10]},"id":"usp000d975"},
{"type":"Feature","properties":{"mag":7,"place":"51 km SW of Nemuro, Japan","time":1101666734130,"updated":1657826830702,"tz":null,"url":"https://earthquake.usgs.gov/earthquakes/eventpage/usp000d9h1","detail":"https://earthquake.usgs.gov/fdsnws/event/1/query?eventid=usp000d9h1&format=geojson","felt":42,"cdi":4.1,"mmi":7.209,"alert":null,"status":"reviewed","tsunami":0,"sig":771,"net":"us","code":"p000d9h1","ids":",usp000d9h1,atlas20041128183214,us2004rjap,choy20041128183214,gcmtc112804i,duputel112804i,iscgem7443145,","sources":",us,atlas,us,choy,gcmt,duputel,iscgem,","types":",associate,dyfi,focal-mechanism,general-text,impact-text,moment-tensor,origin,phase-data,poster,shakemap,trump-shakemap,","nst":929,"dmin":null,"rms":0.79,"gap":23.9,"magType":"mwb","type":"earthquake","title":"M 7.0 - 51 km SW of Nemuro, Japan"},"geometry":{"type":"Point","coordinates":[145.119,43.006,39]},"id":"usp000d9h1"},
{"type":"Feature","properties":{"mag":8.1,"place":"2004 Tasman Sea Earthquake","time":1103813944410,"updated":1764175683059,"tz":null,"url":"https://earthquake.usgs.gov/earthquakes/eventpage/usp000db93","detail":"https://earthquake.usgs.gov/fdsnws/event/1/query?eventid=usp000db93&format=geojson","felt":null,"cdi":null,"mmi":4.701,"alert":null,"status":"reviewed","tsunami":0,"sig":1009,"net":"us","code":"p000db93","ids":",usp000db93,choy20041223145904,gcmtm122304a,gcmt20041223145904,duputel122304a,iscgem7451126,","sources":",us,choy,gcmt,gcmt,duputel,iscgem,","types":",associate,earthquake-name,finite-fault,focal-mechanism,general-text,impact-text,moment-tensor,origin,phase-data,shakemap,","nst":331,"dmin":null,"rms":1.12,"gap":59.3,"magType":"mwc","type":"earthquake","title":"M 8.1 - 2004 Tasman Sea Earthquake"},"geometry":{"type":"Point","coordinates":[161.345,-49.312,10]},"id":"usp000db93"},
{"type":"Feature","properties":{"mag":9.1,"place":"2004 Sumatra - Andaman Islands Earthquake","time":1104022733450,"updated":1780672574192,"tz":null,"url":"https://earthquake.usgs.gov/earthquakes/eventpage/official20041226005853450_30","detail":"https://earthquake.usgs.gov/fdsnws/event/1/query?eventid=official20041226005853450_30&format=geojson","felt":5,"cdi":8.6,"mmi":7.909,"alert":null,"status":"reviewed","tsunami":0,"sig":1278,"net":"official","code":"20041226005853450_30","ids":",official20041226005853450_30,duputel122604a,us2004slav,choy20041226005853,gcmtm122604a,usp000dbed,gcmt20041226005850,atlas20041226005853,iscgem7453151,","sources":",official,duputel,us,choy,gcmt,us,gcmt,atlas,iscgem,","types":",associate,dyfi,finite-fault,focal-mechanism,general-header,general-text,ground-failure,impact-text,moment-tensor,origin,phase-data,poster,shakemap,trump-origin,trump-shakemap,","nst":601,"dmin":null,"rms":1.17,"gap":22,"magType":"mw","type":"earthquake","title":"M 9.1 - 2004 Sumatra - Andaman Islands Earthquake"},"geometry":{"type":"Point","coordinates":[95.982,3.295,30]},"id":"official20041226005853450_30"},
{"type":"Feature","properties":{"mag":7.2,"place":"284 km WNW of Sabang, Indonesia","time":1104034889810,"updated":1657825361855,"tz":null,"url":"https://earthquake.usgs.gov/earthquakes/eventpage/usp000dbg6","detail":"https://earthquake.usgs.gov/fdsnws/event/1/query?eventid=usp000dbg6&format=geojson","felt":10,"cdi":4.5,"mmi":5.543,"alert":null,"status":"reviewed","tsunami":0,"sig":802,"net":"us","code":"p000dbg6","ids":",usp000dbg6,us2004smax,gcmtc122604b,gcmt20041226042129,atlas20041226042127,iscgem7453532,","sources":",us,us,gcmt,gcmt,atlas,iscgem,","types":",associate,dyfi,focal-mechanism,general-text,impact-text,moment-tensor,origin,phase-data,shakemap,trump-shakemap,","nst":385,"dmin":null,"rms":1,"gap":27.9,"magType":"mwc","type":"earthquake","title":"M 7.2 - 284 km WNW of Sabang, Indonesia"},"geometry":{"type":"Point","coordinates":[92.958,6.91,39.2]},"id":"usp000dbg6"},
{"type":"Feature","properties":{"mag":7.1,"place":"138 km SW of Palimbang, Philippines","time":1107606198940,"updated":1657822557254,"tz":null,"url":"https://earthquake.usgs.gov/earthquakes/eventpage/usp000dfj2","detail":"https://earthquake.usgs.gov/fdsnws/event/1/query?eventid=usp000dfj2&format=geojson","felt":9,"cdi":7.2,"mmi":3.316,"alert":null,"status":"reviewed","tsunami":0,"sig":782,"net":"us","code":"p000dfj2","ids":",us2005uda2,usp000dfj2,choy20050205122318,gcmtc200502051223a,duputel200502051223a,gcmt20050205122318,iscgem7470115,atlas20050205122319,","sources":",us,us,choy,gcmt,duputel,gcmt,iscgem,atlas,","types":",associate,dyfi,focal-mechanism,general-text,impact-text,moment-tensor,origin,phase-data,shakemap,trump-shakemap,","nst":640,"dmin":null,"rms":1.14,"gap":26.4,"magType":"mwc","type":"earthquake","title":"M 7.1 - 138 km SW of Palimbang, Philippines"},"geometry":{"type":"Point","coordinates":[123.337,5.293,525]},"id":"usp000dfj2"},
{"type":"Feature","properties":{"mag":7.1,"place":"Banda Sea","time":1109760132230,"updated":1651514758965,"tz":null,"url":"https://earthquake.usgs.gov/earthquakes/eventpage/usp000dhc1","detail":"https://earthquake.usgs.gov/fdsnws/event/1/query?eventid=usp000dhc1&format=geojson","felt":null,"cdi":null,"mmi":5.375,"alert":null,"status":"reviewed","tsunami":0,"sig":776,"net":"us","code":"p000dhc1","ids":",usp000dhc1,choy20050302104212,gcmtc200503021042a,gcmt20050302104212,duputel200503021042a,iscgem7736896,","sources":",us,choy,gcmt,gcmt,duputel,iscgem,","types":",associate,focal-mechanism,general-text,impact-text,moment-tensor,origin,phase-data,poster,shakemap,","nst":569,"dmin":null,"rms":1.16,"gap":18.1,"magType":"mwb","type":"earthquake","title":"M 7.1 - Banda Sea"},"geometry":{"type":"Point","coordinates":[129.933,-6.527,201.7]},"id":"usp000dhc1"},
{"type":"Feature","properties":{"mag":8.6,"place":"78 km WSW of Singkil, Indonesia","time":1112026176530,"updated":1657818493141,"tz":null,"url":"https://earthquake.usgs.gov/earthquakes/eventpage/official20050328160936530_30","detail":"https://earthquake.usgs.gov/fdsnws/event/1/query?eventid=official20050328160936530_30&format=geojson","felt":null,"cdi":null,"mmi":8.475,"alert":null,"status":"reviewed","tsunami":0,"sig":1138,"net":"official","code":"20050328160936530_30","ids":",us2005weax,usp000dk85,choy20050328160936,gcmtc200503281609a,official20050328160936530_30,gcmt20050328160936,duputel200503281609a,atlas20050328160936,iscgem7486110,","sources":",us,us,choy,gcmt,official,gcmt,duputel,atlas,iscgem,","types":",associate,finite-fault,focal-mechanism,general-text,impact-text,moment-tensor,origin,phase-data,poster,shakemap,trump-impact-text,trump-origin,trump-phase-data,trump-shakemap,","nst":510,"dmin":null,"rms":0.91,"gap":22.1,"magType":"mww","type":"earthquake","title":"M 8.6 - 78 km WSW of Singkil, Indonesia"},"geometry":{"type":"Point","coordinates":[97.108,2.085,30]},"id":"official20050328160936530_30"},
{"type":"Feature","properties":{"mag":7.8,"place":"102 km ENE of Iquique, Chile","time":1118702673900,"updated":1758739955627,"tz":null,"url":"https://earthquake.usgs.gov/earthquakes/eventpage/usp000dsw1","detail":"https://earthquake.usgs.gov/fdsnws/event/1/query?eventid=usp000dsw1&format=geojson","felt":115,"cdi":9.1,"mmi":7.018,"alert":null,"status":"reviewed","tsunami":0,"sig":1041,"net":"us","code":"p000dsw1","ids":",us2005zgbu,usp000dsw1,choy20050613224433,gcmtc200506132244a,duputel200506132244a,gcmt20050613224433,iscgem7143508,atlas20050613224432,","sources":",us,us,choy,gcmt,duputel,gcmt,iscgem,atlas,","types":",associate,dyfi,finite-fault,focal-mechanism,general-text,ground-failure,impact-text,moment-tensor,origin,phase-data,poster,shakemap,trump-shakemap,","nst":714,"dmin":null,"rms":1.01,"gap":16.1,"magType":"mwb","type":"earthquake","title":"M 7.8 - 102 km ENE of Iquique, Chile"},"geometry":{"type":"Point","coordinates":[-69.197,-19.987,115.6]},"id":"usp000dsw1"},
{"type":"Feature","properties":{"mag":7.2,"place":"153 km W of Big Lagoon, California","time":1118803854190,"updated":1727990710202,"tz":null,"url":"https://earthquake.usgs.gov/earthquakes/eventpage/usp000dt25","detail":"https://earthquake.usgs.gov/fdsnws/event/1/query?eventid=usp000dt25&format=geojson","felt":2901,"cdi":5.2,"mmi":3.882,"alert":null,"status":"reviewed","tsunami":0,"sig":1318,"net":"us","code":"p000dt25","ids":",usp000dt25,iscgem7143782,choy20050615025053,gcmtc200506150250a,nc21462362,duputel200506150250a,gcmt20050615025053,atlas20050615025053,","sources":",us,iscgem,choy,gcmt,nc,duputel,gcmt,atlas,","types":",associate,dyfi,finite-fault,focal-mechanism,general-text,impact-text,moment-tensor,nearby-cities,origin,phase-data,poster,shakemap,trump-origin,trump-shakemap,","nst":420,"dmin":null,"rms":1.2,"gap":31.4,"magType":"mwc","type":"earthquake","title":"M 7.2 - 153 km W of Big Lagoon, California"},"geometry":{"type":"Point","coordinates":[-125.953,41.292,16]},"id":"usp000dt25"},
{"type":"Feature","properties":{"mag":7.2,"place":"Nicobar Islands, India region","time":1122219726210,"updated":1657812148618,"tz":null,"url":"https://earthquake.usgs.gov/earthquakes/eventpage/usp000dvtc","detail":"https://earthquake.usgs.gov/fdsnws/event/1/query?eventid=usp000dvtc&format=geojson","felt":25,"cdi":4.3,"mmi":5.104,"alert":null,"status":"reviewed","tsunami":0,"sig":808,"net":"us","code":"p000dvtc","ids":",us2005axay,usp000dvtc,choy20050724154206,gcmtc200507241542a,duputel200507241542a,gcmt20050724154206,atlas20050724154206,iscgem7364938,","sources":",us,us,choy,gcmt,duputel,gcmt,atlas,iscgem,","types":",associate,dyfi,focal-mechanism,general-text,impact-text,moment-tensor,origin,phase-data,poster,shakemap,trump-shakemap,","nst":636,"dmin":null,"rms":0.93,"gap":26.4,"magType":"mwc","type":"earthquake","title":"M 7.2 - Nicobar Islands, India region"},"geometry":{"type":"Point","coordinates":[92.19,7.92,16]},"id":"usp000dvtc"},
{"type":"Feature","properties":{"mag":7.2,"place":"66 km ESE of Ishinomaki, Japan","time":1124160388400,"updated":1659548452745,"tz":null,"url":"https://earthquake.usgs.gov/earthquakes/eventpage/usp000dxe2","detail":"https://earthquake.usgs.gov/fdsnws/event/1/query?eventid=usp000dxe2&format=geojson","felt":425,"cdi":7.2,"mmi":6.536,"alert":null,"status":"reviewed","tsunami":0,"sig":1104,"net":"us","code":"p000dxe2","ids":",usp000dxe2,atlas20050816024600,atlas20050816024628,us2005bvae,choy20050816024628,gcmtc200508160246a,duputel200508160246a,iscgem7396432,","sources":",us,atlas,atlas,us,choy,gcmt,duputel,iscgem,","types":",associate,dyfi,finite-fault,focal-mechanism,general-text,impact-text,moment-tensor,origin,phase-data,poster,shakemap,trump-shakemap,","nst":698,"dmin":null,"rms":0.95,"gap":19.6,"magType":"mwc","type":"earthquake","title":"M 7.2 - 66 km ESE of Ishinomaki, Japan"},"geometry":{"type":"Point","coordinates":[142.039,38.276,36]},"id":"usp000dxe2"},
{"type":"Feature","properties":{"mag":7.6,"place":"135 km E of Kokopo, Papua New Guinea","time":1126250803730,"updated":1657810455306,"tz":null,"url":"https://earthquake.usgs.gov/earthquakes/eventpage/usp000dz2j","detail":"https://earthquake.usgs.gov/fdsnws/event/1/query?eventid=usp000dz2j&format=geojson","felt":4,"cdi":5.4,"mmi":7.323,"alert":null,"status":"reviewed","tsunami":0,"sig":891,"net":"us","code":"p000dz2j","ids":",usp000dz2j,us2005cuah,duputel200509090726a,iscgem7519857,choy20050909072643,gcmtc200509090726a,atlas20050909072644,","sources":",us,us,duputel,iscgem,choy,gcmt,atlas,","types":",associate,disassociate,dyfi,finite-fault,focal-mechanism,general-text,impact-text,moment-tensor,origin,phase-data,poster,shakemap,trump-shakemap,","nst":502,"dmin":null,"rms":1.04,"gap":20,"magType":"mwc","type":"earthquake","title":"M 7.6 - 135 km E of Kokopo, Papua New Guinea"},"geometry":{"type":"Point","coordinates":[153.474,-4.539,90]},"id":"usp000dz2j"},
{"type":"Feature","properties":{"mag":7.5,"place":"39 km NW of Yurimaguas, Peru","time":1127699737670,"updated":1657809630080,"tz":null,"url":"https://earthquake.usgs.gov/earthquakes/eventpage/usp000e09h","detail":"https://earthquake.usgs.gov/fdsnws/event/1/query?eventid=usp000e09h&format=geojson","felt":193,"cdi":7.9,"mmi":7.23,"alert":null,"status":"reviewed","tsunami":0,"sig":1018,"net":"us","code":"p000e09h","ids":",us2005dlad,usp000e09h,choy20050926015537,gcmtc200509260155a,duputel200509260155a,gcmt20050926015537,iscgem7951634,atlas20050926015538,","sources":",us,us,choy,gcmt,duputel,gcmt,iscgem,atlas,","types":",associate,dyfi,finite-fault,focal-mechanism,general-text,impact-text,moment-tensor,origin,phase-data,poster,shakemap,trump-shakemap,","nst":696,"dmin":null,"rms":0.88,"gap":26.2,"magType":"mwb","type":"earthquake","title":"M 7.5 - 39 km NW of Yurimaguas, Peru"},"geometry":{"type":"Point","coordinates":[-76.398,-5.678,115]},"id":"usp000e09h"},
{"type":"Feature","properties":{"mag":7.6,"place":"21 km NNE of Muzaffar?b?d, Pakistan","time":1128743440800,"updated":1724672050043,"tz":null,"url":"https://earthquake.usgs.gov/earthquakes/eventpage/usp000e12e","detail":"https://earthquake.usgs.gov/fdsnws/event/1/query?eventid=usp000e12e&format=geojson","felt":417,"cdi":9.1,"mmi":8.776,"alert":null,"status":"reviewed","tsunami":0,"sig":1268,"net":"us","code":"p000e12e","ids":",us2005dyae,usp000e12e,choy20051008035040,gcmtc200510080350a,duputel200510080350a,gcmt20051008035040,atlas20051008035040,iscgem7703077,","sources":",us,us,choy,gcmt,duputel,gcmt,atlas,iscgem,","types":",associate,dyfi,finite-fault,focal-mechanism,general-text,ground-failure,impact-text,moment-tensor,origin,phase-data,poster,shakemap,trump-shakemap,","nst":724,"dmin":null,"rms":0.9,"gap":21.1,"magType":"mwc","type":"earthquake","title":"M 7.6 - 21 km NNE of Muzaffar?b?d, Pakistan"},"geometry":{"type":"Point","coordinates":[73.588,34.539,26]},"id":"usp000e12e"},
{"type":"Feature","properties":{"mag":7,"place":"293 km ESE of Kamaishi, Japan","time":1132004331420,"updated":1657805888725,"tz":null,"url":"https://earthquake.usgs.gov/earthquakes/eventpage/usp000e462","detail":"https://earthquake.usgs.gov/fdsnws/event/1/query?eventid=usp000e462&format=geojson","felt":190,"cdi":4.3,"mmi":null,"alert":null,"status":"reviewed","tsunami":0,"sig":836,"net":"us","code":"p000e462","ids":",usp000e462,us2005fkbr,choy20051114213851,gcmtc200511142138a,gcmt20051114213851,duputel200511142138a,iscgem7720514,","sources":",us,us,choy,gcmt,gcmt,duputel,iscgem,","types":",associate,dyfi,focal-mechanism,general-text,impact-text,moment-tensor,origin,phase-data,","nst":699,"dmin":null,"rms":0.86,"gap":21.4,"magType":"mwc","type":"earthquake","title":"M 7.0 - 293 km ESE of Kamaishi, Japan"},"geometry":{"type":"Point","coordinates":[144.896,38.107,11]},"id":"usp000e462"},
{"type":"Feature","properties":{"mag":7.4,"place":"east of the South Sandwich Islands","time":1136182249760,"updated":1651515057218,"tz":null,"url":"https://earthquake.usgs.gov/earthquakes/eventpage/usp000e7dd","detail":"https://earthquake.usgs.gov/fdsnws/event/1/query?eventid=usp000e7dd&format=geojson","felt":null,"cdi":null,"mmi":null,"alert":null,"status":"reviewed","tsunami":0,"sig":842,"net":"us","code":"p000e7dd","ids":",choy20060102061049,gcmtm200601020610a,usp000e7dd,gcmt20060102061049,duputel200601020610a,iscgem7997740,","sources":",choy,gcmt,us,gcmt,duputel,iscgem,","types":",focal-mechanism,general-text,impact-text,moment-tensor,origin,phase-data,","nst":271,"dmin":null,"rms":1.28,"gap":18.8,"magType":"mwc","type":"earthquake","title":"M 7.4 - east of the South Sandwich Islands"},"geometry":{"type":"Point","coordinates":[-21.606,-60.957,13]},"id":"usp000e7dd"},
{"type":"Feature","properties":{"mag":7.2,"place":"Fiji region","time":1136240020490,"updated":1651515071513,"tz":null,"url":"https://earthquake.usgs.gov/earthquakes/eventpage/usp000e7f0","detail":"https://earthquake.usgs.gov/fdsnws/event/1/query?eventid=usp000e7f0&format=geojson","felt":null,"cdi":null,"mmi":null,"alert":null,"status":"reviewed","tsunami":0,"sig":798,"net":"us","code":"p000e7f0","ids":",choy20060102221340,gcmtm200601022213a,usp000e7f0,gcmt20060102221340,duputel200601022213a,atlas20060102221341,iscgem8029697,","sources":",choy,gcmt,us,gcmt,duputel,atlas,iscgem,","types":",focal-mechanism,general-text,impact-text,moment-tensor,origin,phase-data,","nst":646,"dmin":null,"rms":1.11,"gap":18.7,"magType":"mwc","type":"earthquake","title":"M 7.2 - Fiji region"},"geometry":{"type":"Point","coordinates":[-178.178,-19.926,582.9]},"id":"usp000e7f0"},
{"type":"Feature","properties":{"mag":7.6,"place":"196 km S of Ambon, Indonesia","time":1138381133670,"updated":1657802203741,"tz":null,"url":"https://earthquake.usgs.gov/earthquakes/eventpage/usp000e8ys","detail":"https://earthquake.usgs.gov/fdsnws/event/1/query?eventid=usp000e8ys&format=geojson","felt":74,"cdi":4.3,"mmi":null,"alert":null,"status":"reviewed","tsunami":0,"sig":920,"net":"us","code":"p000e8ys","ids":",us2006ika7,usp000e8ys,choy20060127165853,gcmtm200601271658a,gcmt20060127165853,duputel200601271658a,iscgem8079410,","sources":",us,us,choy,gcmt,gcmt,duputel,iscgem,","types":",associate,dyfi,focal-mechanism,general-text,impact-text,moment-tensor,origin,phase-data,poster,","nst":560,"dmin":null,"rms":0.88,"gap":22.3,"magType":"mwc","type":"earthquake","title":"M 7.6 - 196 km S of Ambon, Indonesia"},"geometry":{"type":"Point","coordinates":[128.131,-5.473,397]},"id":"usp000e8ys"},
{"type":"Feature","properties":{"mag":7,"place":"160 km SE of Chipinge, Zimbabwe","time":1140646747800,"updated":1657801596170,"tz":null,"url":"https://earthquake.usgs.gov/earthquakes/eventpage/usp000eamh","detail":"https://earthquake.usgs.gov/fdsnws/event/1/query?eventid=usp000eamh&format=geojson","felt":268,"cdi":5.1,"mmi":8.758,"alert":null,"status":"reviewed","tsunami":0,"sig":891,"net":"us","code":"p000eamh","ids":",us2006jlca,usp000eamh,choy20060222221907,gcmtc200602222219a,duputel200602222219a,gcmt20060222221907,atlas20060222221907,iscgem8096170,","sources":",us,us,choy,gcmt,duputel,gcmt,atlas,iscgem,","types":",associate,dyfi,focal-mechanism,general-text,ground-failure,impact-text,moment-tensor,origin,phase-data,poster,shakemap,trump-shakemap,","nst":412,"dmin":null,"rms":1.37,"gap":23.2,"magType":"mwb","type":"earthquake","title":"M 7.0 - 160 km SE of Chipinge, Zimbabwe"},"geometry":{"type":"Point","coordinates":[33.583,-21.324,11]},"id":"usp000eamh"},
{"type":"Feature","properties":{"mag":7.6,"place":"80 km NE of Tilichiki, Russia","time":1145575502150,"updated":1651505382339,"tz":null,"url":"https://earthquake.usgs.gov/earthquakes/eventpage/usp000ef1h","detail":"https://earthquake.usgs.gov/fdsnws/event/1/query?eventid=usp000ef1h&format=geojson","felt":null,"cdi":null,"mmi":7.782,"alert":null,"status":"reviewed","tsunami":0,"sig":889,"net":"us","code":"p000ef1h","ids":",usp000ef1h,choy20060420232502,gcmtc200604202325a,duputel200604202325a,gcmt20060420232502,iscgem10697894,atlas20060420232502,","sources":",us,choy,gcmt,duputel,gcmt,iscgem,atlas,","types":",finite-fault,focal-mechanism,general-text,impact-text,moment-tensor,origin,phase-data,poster,shakemap,trump-shakemap,","nst":579,"dmin":null,"rms":0.87,"gap":18.5,"magType":"mwc","type":"earthquake","title":"M 7.6 - 80 km NE of Tilichiki, Russia"},"geometry":{"type":"Point","coordinates":[167.089,60.949,22]},"id":"usp000ef1h"},
{"type":"Feature","properties":{"mag":8,"place":"2006 Tonga Earthquake","time":1146670000290,"updated":1784156687663,"tz":null,"url":"https://earthquake.usgs.gov/earthquakes/eventpage/usp000eg5g","detail":"https://earthquake.usgs.gov/fdsnws/event/1/query?eventid=usp000eg5g&format=geojson","felt":41,"cdi":8.3,"mmi":6.523,"alert":null,"status":"reviewed","tsunami":0,"sig":1019,"net":"us","code":"p000eg5g","ids":",iscgem10698255,us2006mgas,usp000eg5g,duputel200605031527a,choy20060503152640,gcmtc200605031527a,gcmt20060503152640,atlas20060503152640,","sources":",iscgem,us,us,duputel,choy,gcmt,gcmt,atlas,","types":",associate,disassociate,dyfi,earthquake-name,finite-fault,focal-mechanism,general-text,impact-text,moment-tensor,origin,phase-data,poster,shakemap,","nst":626,"dmin":null,"rms":1.18,"gap":20.7,"magType":"mwc","type":"earthquake","title":"M 8.0 - 2006 Tonga Earthquake"},"geometry":{"type":"Point","coordinates":[-174.123,-20.187,55]},"id":"usp000eg5g"},
{"type":"Feature","properties":{"mag":7.4,"place":"Kermadec Islands region","time":1147775963340,"updated":1657797775220,"tz":null,"url":"https://earthquake.usgs.gov/earthquakes/eventpage/usp000eh87","detail":"https://earthquake.usgs.gov/fdsnws/event/1/query?eventid=usp000eh87&format=geojson","felt":44,"cdi":5.9,"mmi":null,"alert":null,"status":"reviewed","tsunami":0,"sig":868,"net":"us","code":"p000eh87","ids":",us2006muah,usp000eh87,choy20060516103923,gcmtc200605161039a,duputel200605161039a,gcmt20060516103923,iscgem10698463,","sources":",us,us,choy,gcmt,duputel,gcmt,iscgem,","types":",associate,dyfi,focal-mechanism,general-text,impact-text,moment-tensor,origin,phase-data,poster,","nst":613,"dmin":null,"rms":1.32,"gap":19.7,"magType":"mwb","type":"earthquake","title":"M 7.4 - Kermadec Islands region"},"geometry":{"type":"Point","coordinates":[-179.307,-31.81,152]},"id":"usp000eh87"},
{"type":"Feature","properties":{"mag":7.7,"place":"226 km SSW of Singaparna, Indonesia","time":1153124366680,"updated":1657795606015,"tz":null,"url":"https://earthquake.usgs.gov/earthquakes/eventpage/usp000ensm","detail":"https://earthquake.usgs.gov/fdsnws/event/1/query?eventid=usp000ensm&format=geojson","felt":48,"cdi":7.3,"mmi":4.958,"alert":null,"status":"reviewed","tsunami":0,"sig":947,"net":"us","code":"p000ensm","ids":",usp000ensm,us2006qgaf,duputel200607170819a,iscgem10699442,choy20060717081928,gcmtm200607170819a,gcmt20060717081928,atlas20060717081928,","sources":",us,us,duputel,iscgem,choy,gcmt,gcmt,atlas,","types":",associate,disassociate,dyfi,finite-fault,focal-mechanism,general-text,impact-text,moment-tensor,origin,phase-data,poster,shakemap,trump-shakemap,","nst":357,"dmin":null,"rms":1.16,"gap":36.8,"magType":"mwc","type":"earthquake","title":"M 7.7 - 226 km SSW of Singaparna, Indonesia"},"geometry":{"type":"Point","coordinates":[107.419,-9.284,20]},"id":"usp000ensm"},
{"type":"Feature","properties":{"mag":7,"place":"Scotia Sea","time":1156045308040,"updated":1651505717371,"tz":null,"url":"https://earthquake.usgs.gov/earthquakes/eventpage/usp000erc2","detail":"https://earthquake.usgs.gov/fdsnws/event/1/query?eventid=usp000erc2&format=geojson","felt":null,"cdi":null,"mmi":null,"alert":null,"status":"reviewed","tsunami":0,"sig":754,"net":"us","code":"p000erc2","ids":",choy20060820034147,gcmtc200608200341a,usp000erc2,gcmt20060820034147,duputel200608200341a,iscgem10699978,","sources":",choy,gcmt,us,gcmt,duputel,iscgem,","types":",focal-mechanism,general-text,impact-text,moment-tensor,origin,phase-data,poster,","nst":322,"dmin":null,"rms":1.01,"gap":27.1,"magType":"mwb","type":"earthquake","title":"M 7.0 - Scotia Sea"},"geometry":{"type":"Point","coordinates":[-34.371,-61.029,13]},"id":"usp000erc2"},
{"type":"Feature","properties":{"mag":8.3,"place":"2006 Kuril Islands Earthquake","time":1163589253570,"updated":1764182929365,"tz":null,"url":"https://earthquake.usgs.gov/earthquakes/eventpage/usp000exfn","detail":"https://earthquake.usgs.gov/fdsnws/event/1/query?eventid=usp000exfn&format=geojson","felt":12,"cdi":3.8,"mmi":6.9,"alert":null,"status":"reviewed","tsunami":0,"sig":1064,"net":"us","code":"p000exfn","ids":",usp000exfn,us2006vcam,choy20061115111413,gcmtm200611151114a,duputel200611151114a,gcmt20061115111417,iscgem9235276,atlas20061115111413,","sources":",us,us,choy,gcmt,duputel,gcmt,iscgem,atlas,","types":",associate,dyfi,earthquake-name,finite-fault,focal-mechanism,general-text,impact-text,moment-tensor,origin,phase-data,poster,shakemap,","nst":576,"dmin":null,"rms":1.07,"gap":20.9,"magType":"mwc","type":"earthquake","title":"M 8.3 - 2006 Kuril Islands Earthquake"},"geometry":{"type":"Point","coordinates":[153.266,46.592,10]},"id":"usp000exfn"},
{"type":"Feature","properties":{"mag":7.1,"place":"30 km SW of Hengchun, Taiwan","time":1167135981140,"updated":1660025424622,"tz":null,"url":"https://earthquake.usgs.gov/earthquakes/eventpage/usp000f114","detail":"https://earthquake.usgs.gov/fdsnws/event/1/query?eventid=usp000f114&format=geojson","felt":317,"cdi":7.8,"mmi":6.503,"alert":null,"status":"reviewed","tsunami":0,"sig":1023,"net":"us","code":"p000f114","ids":",us2006wtai,usp000f114,choy20061226122621,gcmtc200612261226a,gcmt20061226122621,duputel200612261226a,iscgem11123554,atlas20061226122622,","sources":",us,us,choy,gcmt,gcmt,duputel,iscgem,atlas,","types":",associate,dyfi,focal-mechanism,general-text,impact-text,moment-tensor,origin,phase-data,poster,shakemap,trump-shakemap,","nst":744,"dmin":null,"rms":1,"gap":29.1,"magType":"mwb","type":"earthquake","title":"M 7.1 - 30 km SW of Hengchun, Taiwan"},"geometry":{"type":"Point","coordinates":[120.547,21.799,10]},"id":"usp000f114"},
{"type":"Feature","properties":{"mag":8.1,"place":"2007 Kuril Islands Earthquake","time":1168662201160,"updated":1764182881373,"tz":null,"url":"https://earthquake.usgs.gov/earthquakes/eventpage/usp000f2ab","detail":"https://earthquake.usgs.gov/fdsnws/event/1/query?eventid=usp000f2ab&format=geojson","felt":59,"cdi":4.1,"mmi":5.033,"alert":null,"status":"reviewed","tsunami":0,"sig":1034,"net":"us","code":"p000f2ab","ids":",us2007xmae,usp000f2ab,choy20070113042321,gcmtc200701130423a,duputel200701130423a,gcmt20070113042321,iscgem10385751,","sources":",us,us,choy,gcmt,duputel,gcmt,iscgem,","types":",associate,dyfi,earthquake-name,finite-fault,focal-mechanism,general-text,impact-text,moment-tensor,origin,phase-data,poster,shakemap,","nst":606,"dmin":null,"rms":1.12,"gap":14,"magType":"mwc","type":"earthquake","title":"M 8.1 - 2007 Kuril Islands Earthquake"},"geometry":{"type":"Point","coordinates":[154.524,46.243,10]},"id":"usp000f2ab"},
{"type":"Feature","properties":{"mag":7.5,"place":"126 km WNW of Ternate, Indonesia","time":1169378865060,"updated":1657786139870,"tz":null,"url":"https://earthquake.usgs.gov/earthquakes/eventpage/usp000f34b","detail":"https://earthquake.usgs.gov/fdsnws/event/1/query?eventid=usp000f34b&format=geojson","felt":13,"cdi":6.4,"mmi":5.125,"alert":null,"status":"reviewed","tsunami":0,"sig":874,"net":"us","code":"p000f34b","ids":",us2007xvam,usp000f34b,choy20070121112745,gcmtc200701211127a,duputel200701211127a,gcmt20070121112745,iscgem10391634,atlas20070121112744,","sources":",us,us,choy,gcmt,duputel,gcmt,iscgem,atlas,","types":",associate,dyfi,finite-fault,focal-mechanism,general-text,impact-text,moment-tensor,origin,phase-data,poster,shakemap,trump-shakemap,","nst":570,"dmin":null,"rms":1.22,"gap":21.6,"magType":"mwc","type":"earthquake","title":"M 7.5 - 126 km WNW of Ternate, Indonesia"},"geometry":{"type":"Point","coordinates":[126.282,1.065,22]},"id":"usp000f34b"},
{"type":"Feature","properties":{"mag":7.1,"place":"119 km S of Isangel, Vanuatu","time":1174783201610,"updated":1657782807595,"tz":null,"url":"https://earthquake.usgs.gov/earthquakes/eventpage/usp000f7b4","detail":"https://earthquake.usgs.gov/fdsnws/event/1/query?eventid=usp000f7b4&format=geojson","felt":11,"cdi":3,"mmi":5.658,"alert":null,"status":"reviewed","tsunami":0,"sig":779,"net":"us","code":"p000f7b4","ids":",usp000f7b4,us2007aiaf,choy20070325004001,gcmtc200703250040a,duputel200703250040a,gcmt20070325004001,iscgem11703271,atlas20070325004001,","sources":",us,us,choy,gcmt,duputel,gcmt,iscgem,atlas,","types":",associate,dyfi,focal-mechanism,general-text,impact-text,moment-tensor,origin,phase-data,shakemap,trump-shakemap,","nst":426,"dmin":null,"rms":1,"gap":25.3,"magType":"mwb","type":"earthquake","title":"M 7.1 - 119 km S of Isangel, Vanuatu"},"geometry":{"type":"Point","coordinates":[169.357,-20.617,34]},"id":"usp000f7b4"},
{"type":"Feature","properties":{"mag":8.1,"place":"2007 Solomon Islands Earthquake","time":1175459998710,"updated":1764175338355,"tz":null,"url":"https://earthquake.usgs.gov/earthquakes/eventpage/usp000f83m","detail":"https://earthquake.usgs.gov/fdsnws/event/1/query?eventid=usp000f83m&format=geojson","felt":19,"cdi":8.6,"mmi":8.228,"alert":null,"status":"reviewed","tsunami":0,"sig":1026,"net":"us","code":"p000f83m","ids":",us2007aqbk,usp000f83m,choy20070401203956,gcmtc200704012039a,duputel200704012039a,gcmt20070401203956,atlas20070401203956,iscgem11912481,","sources":",us,us,choy,gcmt,duputel,gcmt,atlas,iscgem,","types":",associate,dyfi,earthquake-name,finite-fault,focal-mechanism,general-text,ground-failure,impact-text,moment-tensor,origin,phase-data,poster,shakemap,trump-shakemap,","nst":439,"dmin":null,"rms":1.32,"gap":14.7,"magType":"mwc","type":"earthquake","title":"M 8.1 - 2007 Solomon Islands Earthquake"},"geometry":{"type":"Point","coordinates":[157.043,-8.466,24]},"id":"usp000f83m"},
{"type":"Feature","properties":{"mag":7.2,"place":"56 km E of Luganville, Vanuatu","time":1185988131400,"updated":1657775754830,"tz":null,"url":"https://earthquake.usgs.gov/earthquakes/eventpage/usp000fhm9","detail":"https://earthquake.usgs.gov/fdsnws/event/1/query?eventid=usp000fhm9&format=geojson","felt":7,"cdi":7.3,"mmi":6.743,"alert":null,"status":"reviewed","tsunami":0,"sig":803,"net":"us","code":"p000fhm9","ids":",usp000fhm9,us2007fmba,choy20070801170851,gcmtc200708011708a,gcmt20070801170851,duputel200708011708a,iscgem13199686,atlas20070801170851,","sources":",us,us,choy,gcmt,gcmt,duputel,iscgem,atlas,","types":",associate,dyfi,focal-mechanism,general-text,impact-text,moment-tensor,origin,phase-data,poster,shakemap,trump-shakemap,","nst":494,"dmin":null,"rms":1.14,"gap":20.4,"magType":"mwb","type":"earthquake","title":"M 7.2 - 56 km E of Luganville, Vanuatu"},"geometry":{"type":"Point","coordinates":[167.68,-15.595,120]},"id":"usp000fhm9"},
{"type":"Feature","properties":{"mag":7.5,"place":"35 km NNE of Rengasdengklok, Indonesia","time":1186592704920,"updated":1652123558751,"tz":null,"url":"https://earthquake.usgs.gov/earthquakes/eventpage/usp000fj6k","detail":"https://earthquake.usgs.gov/fdsnws/event/1/query?eventid=usp000fj6k&format=geojson","felt":null,"cdi":null,"mmi":5.342,"alert":null,"status":"reviewed","tsunami":0,"sig":865,"net":"us","code":"p000fj6k","ids":",choy20070808170005,usp000fj6k,iscgemsup13665141,","sources":",choy,us,iscgemsup,","types":",associate,finite-fault,focal-mechanism,general-text,impact-text,moment-tensor,origin,phase-data,poster,shakemap,","nst":228,"dmin":null,"rms":1.13,"gap":30.7,"magType":"mwc","type":"earthquake","title":"M 7.5 - 35 km NNE of Rengasdengklok, Indonesia"},"geometry":{"type":"Point","coordinates":[107.419,-5.859,280]},"id":"usp000fj6k"},
{"type":"Feature","properties":{"mag":8,"place":"41 km SW of San Vicente de Cañete, Peru","time":1187221257890,"updated":1773078445198,"tz":null,"url":"https://earthquake.usgs.gov/earthquakes/eventpage/usp000fjta","detail":"https://earthquake.usgs.gov/fdsnws/event/1/query?eventid=usp000fjta&format=geojson","felt":456,"cdi":9,"mmi":7.911,"alert":null,"status":"reviewed","tsunami":0,"sig":1395,"net":"us","code":"p000fjta","ids":",usp000fjta,us2007gbcv,choy20070815234057,gcmtc200708152340a,duputel200708152340a,atlas20070815234058,iscgem12804735,","sources":",us,us,choy,gcmt,duputel,atlas,iscgem,","types":",associate,dyfi,finite-fault,focal-mechanism,general-text,ground-failure,impact-text,moment-tensor,origin,phase-data,poster,shakemap,trump-shakemap,","nst":625,"dmin":null,"rms":0.86,"gap":25.7,"magType":"mwc","type":"earthquake","title":"M 8.0 - 41 km SW of San Vicente de Cañete, Peru"},"geometry":{"type":"Point","coordinates":[-76.603,-13.386,39]},"id":"usp000fjta"},
{"type":"Feature","properties":{"mag":7.2,"place":"97 km S of Lata, Solomon Islands","time":1188695118150,"updated":1651523589345,"tz":null,"url":"https://earthquake.usgs.gov/earthquakes/eventpage/usp000fm6b","detail":"https://earthquake.usgs.gov/fdsnws/event/1/query?eventid=usp000fm6b&format=geojson","felt":null,"cdi":null,"mmi":5.27,"alert":null,"status":"reviewed","tsunami":0,"sig":798,"net":"us","code":"p000fm6b","ids":",choy20070902010518,gcmtc200709020105a,usp000fm6b,gcmt20070902010518,duputel200709020105a,atlas20070902010518,iscgem12955897,","sources":",choy,gcmt,us,gcmt,duputel,atlas,iscgem,","types":",focal-mechanism,general-text,impact-text,moment-tensor,origin,phase-data,poster,shakemap,trump-shakemap,","nst":312,"dmin":null,"rms":1.31,"gap":21.3,"magType":"mwc","type":"earthquake","title":"M 7.2 - 97 km S of Lata, Solomon Islands"},"geometry":{"type":"Point","coordinates":[165.762,-11.61,35]},"id":"usp000fm6b"},
{"type":"Feature","properties":{"mag":8.4,"place":"122 km SW of Bengkulu, Indonesia","time":1189595426830,"updated":1657768227019,"tz":null,"url":"https://earthquake.usgs.gov/earthquakes/eventpage/official20070912111026830_34","detail":"https://earthquake.usgs.gov/fdsnws/event/1/query?eventid=official20070912111026830_34&format=geojson","felt":null,"cdi":null,"mmi":6.446,"alert":null,"status":"reviewed","tsunami":0,"sig":1086,"net":"official","code":"20070912111026830_34","ids":",us2007hear,usp000fmz4,choy20070912111026,gcmtc200709121110a,official20070912111026830_34,duputel200709121110a,gcmt20070912111026,iscgem13203322,atlas20070912111026,","sources":",us,us,choy,gcmt,official,duputel,gcmt,iscgem,atlas,","types":",associate,finite-fault,focal-mechanism,general-header,general-text,impact-text,moment-tensor,origin,phase-data,shakemap,trump-impact-text,trump-origin,trump-phase-data,trump-shakemap,","nst":411,"dmin":null,"rms":1.03,"gap":32.3,"magType":"mww","type":"earthquake","title":"M 8.4 - 122 km SW of Bengkulu, Indonesia"},"geometry":{"type":"Point","coordinates":[101.367,-4.438,34]},"id":"official20070912111026830_34"},
{"type":"Feature","properties":{"mag":7.9,"place":"87 km SW of Sungai Penuh, Indonesia","time":1189640943720,"updated":1657768012110,"tz":null,"url":"https://earthquake.usgs.gov/earthquakes/eventpage/usp000fn2b","detail":"https://earthquake.usgs.gov/fdsnws/event/1/query?eventid=usp000fn2b&format=geojson","felt":230,"cdi":7.5,"mmi":7.05,"alert":null,"status":"reviewed","tsunami":0,"sig":1133,"net":"us","code":"p000fn2b","ids":",usp000fn2b,us2007hec6,choy20070912234903,gcmtc200709122348a,duputel200709122348a,gcmt20070912234903,iscgem13203366,atlas20070912234903,","sources":",us,us,choy,gcmt,duputel,gcmt,iscgem,atlas,","types":",associate,dyfi,finite-fault,focal-mechanism,general-text,impact-text,moment-tensor,origin,phase-data,poster,shakemap,trump-shakemap,","nst":446,"dmin":null,"rms":1.01,"gap":29.1,"magType":"mwc","type":"earthquake","title":"M 7.9 - 87 km SW of Sungai Penuh, Indonesia"},"geometry":{"type":"Point","coordinates":[100.841,-2.625,35]},"id":"usp000fn2b"},
{"type":"Feature","properties":{"mag":7,"place":"153 km SSW of Padang, Indonesia","time":1189654528720,"updated":1657767699974,"tz":null,"url":"https://earthquake.usgs.gov/earthquakes/eventpage/usp000fn3d","detail":"https://earthquake.usgs.gov/fdsnws/event/1/query?eventid=usp000fn3d&format=geojson","felt":37,"cdi":3.8,"mmi":6.749,"alert":null,"status":"reviewed","tsunami":0,"sig":768,"net":"us","code":"p000fn3d","ids":",us2007hfax,usp000fn3d,choy20070913033528,gcmtc200709130335a,gcmt20070913033528,iscgem13203381,atlas20070913033529,","sources":",us,us,choy,gcmt,gcmt,iscgem,atlas,","types":",associate,dyfi,focal-mechanism,general-text,impact-text,moment-tensor,origin,phase-data,shakemap,trump-shakemap,","nst":537,"dmin":null,"rms":1.04,"gap":23.1,"magType":"mwc","type":"earthquake","title":"M 7.0 - 153 km SSW of Padang, Indonesia"},"geometry":{"type":"Point","coordinates":[99.627,-2.13,22]},"id":"usp000fn3d"},
{"type":"Feature","properties":{"mag":7.5,"place":"Volcano Islands, Japan region","time":1190986737880,"updated":1657765819087,"tz":null,"url":"https://earthquake.usgs.gov/earthquakes/eventpage/usp000fpca","detail":"https://earthquake.usgs.gov/fdsnws/event/1/query?eventid=usp000fpca&format=geojson","felt":27,"cdi":4.8,"mmi":null,"alert":null,"status":"reviewed","tsunami":0,"sig":878,"net":"us","code":"p000fpca","ids":",usp000fpca,us2007hvbq,choy20070928133859,gcmtc200709281338a,duputel200709281338a,iscgem13204251,","sources":",us,us,choy,gcmt,duputel,iscgem,","types":",associate,disassociate,dyfi,finite-fault,focal-mechanism,general-text,impact-text,moment-tensor,origin,phase-data,poster,","nst":558,"dmin":null,"rms":0.97,"gap":11.8,"magType":"mwc","type":"earthquake","title":"M 7.5 - Volcano Islands, Japan region"},"geometry":{"type":"Point","coordinates":[142.668,22.013,260]},"id":"usp000fpca"},
{"type":"Feature","properties":{"mag":7.4,"place":"Auckland Islands, New Zealand region","time":1191129814070,"updated":1657765720224,"tz":null,"url":"https://earthquake.usgs.gov/earthquakes/eventpage/usp000fpgq","detail":"https://earthquake.usgs.gov/fdsnws/event/1/query?eventid=usp000fpgq&format=geojson","felt":33,"cdi":3.3,"mmi":null,"alert":null,"status":"reviewed","tsunami":0,"sig":853,"net":"us","code":"p000fpgq","ids":",usp000fpgq,us2007hxan,choy20070930052334,gcmtc200709300523a,gcmt20070930052334,duputel200709300523a,iscgem13204347,","sources":",us,us,choy,gcmt,gcmt,duputel,iscgem,","types":",associate,dyfi,focal-mechanism,general-text,impact-text,moment-tensor,origin,phase-data,","nst":499,"dmin":null,"rms":1.19,"gap":16.6,"magType":"mwc","type":"earthquake","title":"M 7.4 - Auckland Islands, New Zealand region"},"geometry":{"type":"Point","coordinates":[164.115,-49.271,10]},"id":"usp000fpgq"},
{"type":"Feature","properties":{"mag":7.2,"place":"Pagan region, Northern Mariana Islands","time":1193801415960,"updated":1657679984251,"tz":null,"url":"https://earthquake.usgs.gov/earthquakes/eventpage/usp000frnh","detail":"https://earthquake.usgs.gov/fdsnws/event/1/query?eventid=usp000frnh&format=geojson","felt":29,"cdi":3.9,"mmi":null,"alert":null,"status":"reviewed","tsunami":0,"sig":809,"net":"us","code":"p000frnh","ids":",usp000frnh,us2007jdal,choy20071031033017,gcmtc200710310330a,gcmt20071031033017,duputel200710310330a,iscgem13253340,","sources":",us,us,choy,gcmt,gcmt,duputel,iscgem,","types":",associate,dyfi,focal-mechanism,general-text,impact-text,moment-tensor,origin,phase-data,poster,","nst":461,"dmin":null,"rms":1.09,"gap":19.4,"magType":"mwb","type":"earthquake","title":"M 7.2 - Pagan region, Northern Mariana Islands"},"geometry":{"type":"Point","coordinates":[145.388,18.9,207]},"id":"usp000frnh"},
{"type":"Feature","properties":{"mag":7.7,"place":"36 km ESE of Tocopilla, Chile","time":1195054850530,"updated":1784252885045,"tz":null,"url":"https://earthquake.usgs.gov/earthquakes/eventpage/usp000fshy","detail":"https://earthquake.usgs.gov/fdsnws/event/1/query?eventid=usp000fshy&format=geojson","felt":108,"cdi":9.1,"mmi":7.284,"alert":null,"status":"reviewed","tsunami":0,"sig":1010,"net":"us","code":"p000fshy","ids":",usp000fshy,us2007jsat,choy20071114154050,gcmtc200711141540a,duputel200711141540a,gcmt20071114154050,atlas20071114154053,iscgem13266131,","sources":",us,us,choy,gcmt,duputel,gcmt,atlas,iscgem,","types":",associate,dyfi,finite-fault,focal-mechanism,general-text,impact-text,moment-tensor,origin,phase-data,poster,shakemap,trump-shakemap,","nst":610,"dmin":null,"rms":1.11,"gap":22.4,"magType":"mwc","type":"earthquake","title":"M 7.7 - 36 km ESE of Tocopilla, Chile"},"geometry":{"type":"Point","coordinates":[-69.89,-22.247,40]},"id":"usp000fshy"},
{"type":"Feature","properties":{"mag":7.4,"place":"18 km WNW of Basse-Pointe, Martinique","time":1196362820420,"updated":1657679868411,"tz":null,"url":"https://earthquake.usgs.gov/earthquakes/eventpage/usp000ftj1","detail":"https://earthquake.usgs.gov/fdsnws/event/1/query?eventid=usp000ftj1&format=geojson","felt":2318,"cdi":7,"mmi":6.6,"alert":null,"status":"reviewed","tsunami":0,"sig":1542,"net":"us","code":"p000ftj1","ids":",us2007kha5,usp000ftj1,choy20071129190019,gcmtc200711291900a,gcmt20071129190019,duputel200711291900a,iscgem13276920,atlas20071129190020,","sources":",us,us,choy,gcmt,gcmt,duputel,iscgem,atlas,","types":",associate,dyfi,focal-mechanism,general-text,impact-text,moment-tensor,origin,phase-data,poster,shakemap,","nst":663,"dmin":null,"rms":0.74,"gap":13.4,"magType":"mwb","type":"earthquake","title":"M 7.4 - 18 km WNW of Basse-Pointe, Martinique"},"geometry":{"type":"Point","coordinates":[-61.274,14.944,156]},"id":"usp000ftj1"},
{"type":"Feature","properties":{"mag":7.8,"place":"south of the Fiji Islands","time":1197185300820,"updated":1657757426485,"tz":null,"url":"https://earthquake.usgs.gov/earthquakes/eventpage/usp000fu3q","detail":"https://earthquake.usgs.gov/fdsnws/event/1/query?eventid=usp000fu3q&format=geojson","felt":28,"cdi":6.5,"mmi":null,"alert":null,"status":"reviewed","tsunami":0,"sig":954,"net":"us","code":"p000fu3q","ids":",usp000fu3q,us2007ksak,choy20071209072820,gcmtc200712090728a,gcmt20071209072820,duputel200712090728a,iscgem13285723,","sources":",us,us,choy,gcmt,gcmt,duputel,iscgem,","types":",associate,dyfi,finite-fault,focal-mechanism,general-text,impact-text,moment-tensor,origin,phase-data,poster,","nst":512,"dmin":null,"rms":1.12,"gap":11.8,"magType":"mwc","type":"earthquake","title":"M 7.8 - south of the Fiji Islands"},"geometry":{"type":"Point","coordinates":[-177.514,-25.996,152.5]},"id":"usp000fu3q"},
{"type":"Feature","properties":{"mag":7.2,"place":"207 km WSW of Adak, Alaska","time":1198056627930,"updated":1657654373524,"tz":null,"url":"https://earthquake.usgs.gov/earthquakes/eventpage/usp000fuse","detail":"https://earthquake.usgs.gov/fdsnws/event/1/query?eventid=usp000fuse&format=geojson","felt":5,"cdi":2.2,"mmi":null,"alert":null,"status":"reviewed","tsunami":0,"sig":799,"net":"us","code":"p000fuse","ids":",usp000fuse,us2007lcaq,choy20071219093027,gcmtc200712190930a,duputel200712190930a,ak007g7y8wbv,iscgem13292574,","sources":",us,us,choy,gcmt,duputel,ak,iscgem,","types":",associate,disassociate,dyfi,focal-mechanism,general-text,impact-text,moment-tensor,origin,phase-data,poster,","nst":702,"dmin":null,"rms":0.96,"gap":15.9,"magType":"mwc","type":"earthquake","title":"M 7.2 - 207 km WSW of Adak, Alaska"},"geometry":{"type":"Point","coordinates":[-179.509,51.36,34]},"id":"usp000fuse"},
{"type":"Feature","properties":{"mag":7.4,"place":"56 km NW of Sinabang, Indonesia","time":1203494910520,"updated":1702210128130,"tz":null,"url":"https://earthquake.usgs.gov/earthquakes/eventpage/usp000fzau","detail":"https://earthquake.usgs.gov/fdsnws/event/1/query?eventid=usp000fzau&format=geojson","felt":161,"cdi":4.5,"mmi":6.93,"alert":null,"status":"reviewed","tsunami":0,"sig":915,"net":"us","code":"p000fzau","ids":",usp000fzau,us2008nran,choy20080220080830,gcmtc200802200808a,gcmt20080220080830,duputel200802200808a,atlas20080220080830,iscgem13214445,","sources":",us,us,choy,gcmt,gcmt,duputel,atlas,iscgem,","types":",associate,dyfi,finite-fault,focal-mechanism,general-text,impact-text,moment-tensor,origin,phase-data,shakemap,trump-shakemap,","nst":607,"dmin":null,"rms":0.97,"gap":16.4,"magType":"mwc","type":"earthquake","title":"M 7.4 - 56 km NW of Sinabang, Indonesia"},"geometry":{"type":"Point","coordinates":[95.964,2.768,26]},"id":"usp000fzau"},
{"type":"Feature","properties":{"mag":7.2,"place":"164 km WSW of Sungai Penuh, Indonesia","time":1203928593030,"updated":1657747760073,"tz":null,"url":"https://earthquake.usgs.gov/earthquakes/eventpage/usp000fzx4","detail":"https://earthquake.usgs.gov/fdsnws/event/1/query?eventid=usp000fzx4&format=geojson","felt":83,"cdi":4.1,"mmi":6.813,"alert":null,"status":"reviewed","tsunami":0,"sig":832,"net":"us","code":"p000fzx4","ids":",usp000fzx4,us2008nwbg,choy20080225083633,gcmtc200802250836a,gcmt20080225083633,duputel200802250836a,atlas20080225083633,iscgem12942353,","sources":",us,us,choy,gcmt,gcmt,duputel,atlas,iscgem,","types":",associate,dyfi,focal-mechanism,general-text,impact-text,moment-tensor,origin,phase-data,shakemap,trump-shakemap,","nst":505,"dmin":null,"rms":1.22,"gap":18.4,"magType":"mwc","type":"earthquake","title":"M 7.2 - 164 km WSW of Sungai Penuh, Indonesia"},"geometry":{"type":"Point","coordinates":[99.972,-2.486,25]},"id":"usp000fzx4"},
{"type":"Feature","properties":{"mag":7.2,"place":"226 km SE of Hotan, China","time":1206052377930,"updated":1651526077954,"tz":null,"url":"https://earthquake.usgs.gov/earthquakes/eventpage/usp000g1w2","detail":"https://earthquake.usgs.gov/fdsnws/event/1/query?eventid=usp000g1w2&format=geojson","felt":null,"cdi":null,"mmi":7.475,"alert":null,"status":"reviewed","tsunami":0,"sig":798,"net":"us","code":"p000g1w2","ids":",choy20080320223257,gcmtc200803202233a,usp000g1w2,gcmt20080320223257,duputel200803202233a,atlas20080320223257,iscgem13493073,","sources":",choy,gcmt,us,gcmt,duputel,atlas,iscgem,","types":",focal-mechanism,general-text,impact-text,moment-tensor,origin,phase-data,poster,shakemap,trump-shakemap,","nst":532,"dmin":null,"rms":1.03,"gap":25.9,"magType":"mwc","type":"earthquake","title":"M 7.2 - 226 km SE of Hotan, China"},"geometry":{"type":"Point","coordinates":[81.467,35.49,10]},"id":"usp000g1w2"},
{"type":"Feature","properties":{"mag":7.3,"place":"71 km SW of Isangel, Vanuatu","time":1207745172720,"updated":1651523437983,"tz":null,"url":"https://earthquake.usgs.gov/earthquakes/eventpage/usp000g3eq","detail":"https://earthquake.usgs.gov/fdsnws/event/1/query?eventid=usp000g3eq&format=geojson","felt":null,"cdi":null,"mmi":5.674,"alert":null,"status":"reviewed","tsunami":0,"sig":820,"net":"us","code":"p000g3eq","ids":",choy20080409124612,gcmtc200804091246a,usp000g3eq,gcmt20080409124612,duputel200804091246a,atlas20080409124612,iscgem12942456,","sources":",choy,gcmt,us,gcmt,duputel,atlas,iscgem,","types":",focal-mechanism,general-text,impact-text,moment-tensor,origin,phase-data,poster,shakemap,trump-shakemap,","nst":486,"dmin":null,"rms":1.29,"gap":13.4,"magType":"mwc","type":"earthquake","title":"M 7.3 - 71 km SW of Isangel, Vanuatu"},"geometry":{"type":"Point","coordinates":[168.892,-20.071,33]},"id":"usp000g3eq"},
{"type":"Feature","properties":{"mag":7.1,"place":"Macquarie Island region","time":1207960212600,"updated":1651524232217,"tz":null,"url":"https://earthquake.usgs.gov/earthquakes/eventpage/usp000g3q9","detail":"https://earthquake.usgs.gov/fdsnws/event/1/query?eventid=usp000g3q9&format=geojson","felt":null,"cdi":null,"mmi":null,"alert":null,"status":"reviewed","tsunami":0,"sig":776,"net":"us","code":"p000g3q9","ids":",choy20080412003012,gcmtc200804120030a,usp000g3q9,gcmt20080412003012,duputel200804120030a,iscgem13224811,","sources":",choy,gcmt,us,gcmt,duputel,iscgem,","types":",focal-mechanism,general-text,impact-text,moment-tensor,origin,phase-data,poster,","nst":541,"dmin":null,"rms":0.99,"gap":34.9,"magType":"mwc","type":"earthquake","title":"M 7.1 - Macquarie Island region"},"geometry":{"type":"Point","coordinates":[158.453,-55.664,16]},"id":"usp000g3q9"},
{"type":"Feature","properties":{"mag":7.9,"place":"58 km W of Tianpeng, China","time":1210573681570,"updated":1757654699612,"tz":null,"url":"https://earthquake.usgs.gov/earthquakes/eventpage/usp000g650","detail":"https://earthquake.usgs.gov/fdsnws/event/1/query?eventid=usp000g650&format=geojson","felt":1236,"cdi":9.1,"mmi":9.08,"alert":null,"status":"reviewed","tsunami":0,"sig":1870,"net":"us","code":"p000g650","ids":",us2008ryan,usp000g650,choy20080512062801,gcmtc200805120628a,gcmt20080512062801,duputel200805120628a,atlas20080512062801,iscgem13228121,","sources":",us,us,choy,gcmt,gcmt,duputel,atlas,iscgem,","types":",associate,dyfi,finite-fault,focal-mechanism,general-link,general-text,ground-failure,impact-text,moment-tensor,origin,phase-data,poster,shakemap,trump-shakemap,","nst":774,"dmin":null,"rms":1.2,"gap":11.3,"magType":"mwc","type":"earthquake","title":"M 7.9 - 58 km W of Tianpeng, China"},"geometry":{"type":"Point","coordinates":[103.322,31.002,19]},"id":"usp000g650"},
{"type":"Feature","properties":{"mag":7,"place":"South Sandwich Islands region","time":1214806663020,"updated":1651525230936,"tz":null,"url":"https://earthquake.usgs.gov/earthquakes/eventpage/usp000gazv","detail":"https://earthquake.usgs.gov/fdsnws/event/1/query?eventid=usp000gazv&format=geojson","felt":null,"cdi":null,"mmi":null,"alert":null,"status":"reviewed","tsunami":0,"sig":754,"net":"us","code":"p000gazv","ids":",choy20080630061744,gcmtc200806300617a,usp000gazv,gcmt20080630061744,duputel200806300617a,iscgem13378936,","sources":",choy,gcmt,us,gcmt,duputel,iscgem,","types":",focal-mechanism,general-text,impact-text,moment-tensor,origin,phase-data,","nst":309,"dmin":null,"rms":1.36,"gap":25.4,"magType":"mwc","type":"earthquake","title":"M 7.0 - South Sandwich Islands region"},"geometry":{"type":"Point","coordinates":[-22.099,-58.227,8]},"id":"usp000gazv"},
{"type":"Feature","properties":{"mag":7.7,"place":"Sea of Okhotsk","time":1215223924480,"updated":1657687144928,"tz":null,"url":"https://earthquake.usgs.gov/earthquakes/eventpage/usp000gbc0","detail":"https://earthquake.usgs.gov/fdsnws/event/1/query?eventid=usp000gbc0&format=geojson","felt":10,"cdi":5.4,"mmi":null,"alert":null,"status":"reviewed","tsunami":0,"sig":918,"net":"us","code":"p000gbc0","ids":",usp000gbc0,us2008ucaf,duputel200807050212a,choy20080705021204,gcmtc200807050212a,iscgem12951048,","sources":",us,us,duputel,choy,gcmt,iscgem,","types":",associate,disassociate,dyfi,focal-mechanism,general-text,impact-text,moment-tensor,origin,phase-data,poster,","nst":777,"dmin":null,"rms":0.83,"gap":13.5,"magType":"mwc","type":"earthquake","title":"M 7.7 - Sea of Okhotsk"},"geometry":{"type":"Point","coordinates":[152.886,53.882,632.8]},"id":"usp000gbc0"},
{"type":"Feature","properties":{"mag":7,"place":"107 km E of Namie, Japan","time":1216435168700,"updated":1657686449142,"tz":null,"url":"https://earthquake.usgs.gov/earthquakes/eventpage/usp000gcjg","detail":"https://earthquake.usgs.gov/fdsnws/event/1/query?eventid=usp000gcjg&format=geojson","felt":163,"cdi":5.3,"mmi":4.855,"alert":null,"status":"reviewed","tsunami":0,"sig":840,"net":"us","code":"p000gcjg","ids":",usp000gcjg,us2008urah,choy20080719023928,gcmtc200807190239a,duputel200807190239a,gcmt20080719023928,iscgem13389545,atlas20080719023928,","sources":",us,us,choy,gcmt,duputel,gcmt,iscgem,atlas,","types":",associate,dyfi,focal-mechanism,general-text,impact-text,moment-tensor,origin,phase-data,scitech-text,shakemap,trump-shakemap,","nst":577,"dmin":null,"rms":0.84,"gap":18.2,"magType":"mwc","type":"earthquake","title":"M 7.0 - 107 km E of Namie, Japan"},"geometry":{"type":"Point","coordinates":[142.214,37.552,22]},"id":"usp000gcjg"},
{"type":"Feature","properties":{"mag":7,"place":"Kermadec Islands, New Zealand","time":1222701571590,"updated":1651525423740,"tz":null,"url":"https://earthquake.usgs.gov/earthquakes/eventpage/usp000ghyg","detail":"https://earthquake.usgs.gov/fdsnws/event/1/query?eventid=usp000ghyg&format=geojson","felt":null,"cdi":null,"mmi":null,"alert":null,"status":"reviewed","tsunami":0,"sig":754,"net":"us","code":"p000ghyg","ids":",choy20080929151931,gcmtc200809291519a,usp000ghyg,gcmt20080929151931,duputel200809291519a,iscgem13395461,","sources":",choy,gcmt,us,gcmt,duputel,iscgem,","types":",focal-mechanism,general-text,impact-text,moment-tensor,origin,phase-data,poster,scitech-text,","nst":524,"dmin":null,"rms":1.21,"gap":17.4,"magType":"mwc","type":"earthquake","title":"M 7.0 - Kermadec Islands, New Zealand"},"geometry":{"type":"Point","coordinates":[-177.683,-29.756,36]},"id":"usp000ghyg"},
{"type":"Feature","properties":{"mag":7.4,"place":"135 km NW of Gorontalo, Indonesia","time":1226854952700,"updated":1657834914443,"tz":null,"url":"https://earthquake.usgs.gov/earthquakes/eventpage/usp000gnur","detail":"https://earthquake.usgs.gov/fdsnws/event/1/query?eventid=usp000gnur&format=geojson","felt":6,"cdi":9.1,"mmi":7.08,"alert":null,"status":"reviewed","tsunami":0,"sig":848,"net":"us","code":"p000gnur","ids":",us2008zlbn,usp000gnur,choy20081116170232,gcmtc200811161702a,duputel200811161702a,gcmt20081116170232,atlas20081116170232,iscgem11453303,","sources":",us,us,choy,gcmt,duputel,gcmt,atlas,iscgem,","types":",associate,dyfi,focal-mechanism,general-text,impact-text,moment-tensor,origin,phase-data,poster,scitech-text,shakemap,trump-shakemap,","nst":365,"dmin":null,"rms":1.1,"gap":33.7,"magType":"mww","type":"earthquake","title":"M 7.4 - 135 km NW of Gorontalo, Indonesia"},"geometry":{"type":"Point","coordinates":[122.091,1.271,30]},"id":"usp000gnur"},
{"type":"Feature","properties":{"mag":7.3,"place":"284 km WSW of Mil’kovo, Russia","time":1227517378760,"updated":1657835716282,"tz":null,"url":"https://earthquake.usgs.gov/earthquakes/eventpage/usp000gpbs","detail":"https://earthquake.usgs.gov/fdsnws/event/1/query?eventid=usp000gpbs&format=geojson","felt":8,"cdi":7,"mmi":null,"alert":null,"status":"reviewed","tsunami":0,"sig":825,"net":"us","code":"p000gpbs","ids":",us2008zuat,usp000gpbs,choy20081124090258,gcmtc200811240902a,duputel200811240902a,gcmt20081124090258,iscgem13401002,","sources":",us,us,choy,gcmt,duputel,gcmt,iscgem,","types":",associate,dyfi,focal-mechanism,general-text,impact-text,moment-tensor,origin,phase-data,","nst":531,"dmin":null,"rms":0.77,"gap":22.7,"magType":"mwc","type":"earthquake","title":"M 7.3 - 284 km WSW of Mil’kovo, Russia"},"geometry":{"type":"Point","coordinates":[154.322,54.203,492.3]},"id":"usp000gpbs"},
{"type":"Feature","properties":{"mag":7.7,"place":"140 km WNW of Manokwari, Indonesia","time":1231011830650,"updated":1657856335850,"tz":null,"url":"https://earthquake.usgs.gov/earthquakes/eventpage/usp000gs2d","detail":"https://earthquake.usgs.gov/fdsnws/event/1/query?eventid=usp000gs2d&format=geojson","felt":12,"cdi":4.5,"mmi":6.998,"alert":null,"status":"reviewed","tsunami":0,"sig":918,"net":"us","code":"p000gs2d","ids":",us2009bjbn,usp000gs2d,choy20090103194350,gcmtc200901031943a,duputel200901031943a,gcmt20090103194350,atlas20090103194350,iscgem13989025,","sources":",us,us,choy,gcmt,duputel,gcmt,atlas,iscgem,","types":",associate,dyfi,finite-fault,focal-mechanism,general-text,impact-text,moment-tensor,origin,phase-data,shakemap,trump-shakemap,","nst":288,"dmin":null,"rms":1.27,"gap":29.8,"magType":"mwc","type":"earthquake","title":"M 7.7 - 140 km WNW of Manokwari, Indonesia"},"geometry":{"type":"Point","coordinates":[132.885,-0.414,17]},"id":"usp000gs2d"},
{"type":"Feature","properties":{"mag":7.4,"place":"86 km WNW of Manokwari, Indonesia","time":1231022020290,"updated":1657856133365,"tz":null,"url":"https://earthquake.usgs.gov/earthquakes/eventpage/usp000gs3t","detail":"https://earthquake.usgs.gov/fdsnws/event/1/query?eventid=usp000gs3t&format=geojson","felt":5,"cdi":7.1,"mmi":6.899,"alert":null,"status":"reviewed","tsunami":0,"sig":846,"net":"us","code":"p000gs3t","ids":",usp000gs3t,us2009bjca,choy20090103223340,gcmtc200901032233a,gcmt20090103223340,iscgem13989020,atlas20090103223340,","sources":",us,us,choy,gcmt,gcmt,iscgem,atlas,","types":",associate,dyfi,focal-mechanism,general-text,impact-text,moment-tensor,origin,phase-data,shakemap,trump-shakemap,","nst":314,"dmin":null,"rms":1.03,"gap":21.1,"magType":"mwc","type":"earthquake","title":"M 7.4 - 86 km WNW of Manokwari, Indonesia"},"geometry":{"type":"Point","coordinates":[133.305,-0.691,23]},"id":"usp000gs3t"},
{"type":"Feature","properties":{"mag":7.4,"place":"east of the Kuril Islands","time":1232041779070,"updated":1657855197452,"tz":null,"url":"https://earthquake.usgs.gov/earthquakes/eventpage/usp000gsmz","detail":"https://earthquake.usgs.gov/fdsnws/event/1/query?eventid=usp000gsmz&format=geojson","felt":15,"cdi":3.8,"mmi":null,"alert":null,"status":"reviewed","tsunami":0,"sig":848,"net":"us","code":"p000gsmz","ids":",us2009bwa8,usp000gsmz,choy20090115174939,gcmtc200901151749a,duputel200901151749a,gcmt20090115174939,iscgem13962368,","sources":",us,us,choy,gcmt,duputel,gcmt,iscgem,","types":",associate,dyfi,focal-mechanism,general-text,impact-text,moment-tensor,origin,phase-data,poster,","nst":522,"dmin":null,"rms":0.91,"gap":15.6,"magType":"mwc","type":"earthquake","title":"M 7.4 - east of the Kuril Islands"},"geometry":{"type":"Point","coordinates":[155.154,46.857,36]},"id":"usp000gsmz"},
{"type":"Feature","properties":{"mag":7.2,"place":"196 km SSE of Sarangani, Philippines","time":1234373690490,"updated":1657852081779,"tz":null,"url":"https://earthquake.usgs.gov/earthquakes/eventpage/usp000gtnc","detail":"https://earthquake.usgs.gov/fdsnws/event/1/query?eventid=usp000gtnc&format=geojson","felt":15,"cdi":3.1,"mmi":6.635,"alert":null,"status":"reviewed","tsunami":0,"sig":802,"net":"us","code":"p000gtnc","ids":",usp000gtnc,us2009cybb,choy20090211173450,gcmtc200902111734a,duputel200902111734a,gcmt20090211173450,atlas20090211173450,iscgem13434474,","sources":",us,us,choy,gcmt,duputel,gcmt,atlas,iscgem,","types":",associate,dyfi,focal-mechanism,general-text,impact-text,moment-tensor,origin,phase-data,poster,shakemap,trump-shakemap,","nst":432,"dmin":null,"rms":1.14,"gap":18.6,"magType":"mwc","type":"earthquake","title":"M 7.2 - 196 km SSE of Sarangani, Philippines"},"geometry":{"type":"Point","coordinates":[126.387,3.886,20]},"id":"usp000gtnc"},
{"type":"Feature","properties":{"mag":7,"place":"Kermadec Islands region","time":1234994025160,"updated":1651526993482,"tz":null,"url":"https://earthquake.usgs.gov/earthquakes/eventpage/usp000gu5x","detail":"https://earthquake.usgs.gov/fdsnws/event/1/query?eventid=usp000gu5x&format=geojson","felt":null,"cdi":null,"mmi":null,"alert":null,"status":"reviewed","tsunami":0,"sig":754,"net":"us","code":"p000gu5x","ids":",choy20090218215345,gcmtc200902182153a,usp000gu5x,gcmt20090218215345,duputel200902182153a,iscgem14189641,","sources":",choy,gcmt,us,gcmt,duputel,iscgem,","types":",focal-mechanism,general-text,impact-text,moment-tensor,origin,phase-data,poster,","nst":353,"dmin":null,"rms":0.95,"gap":18.5,"magType":"mwc","type":"earthquake","title":"M 7.0 - Kermadec Islands region"},"geometry":{"type":"Point","coordinates":[-176.33,-27.424,25]},"id":"usp000gu5x"},
{"type":"Feature","properties":{"mag":7.6,"place":"191 km S of ‘Ohonua, Tonga","time":1237486660470,"updated":1657865612074,"tz":null,"url":"https://earthquake.usgs.gov/earthquakes/eventpage/usp000gv5p","detail":"https://earthquake.usgs.gov/fdsnws/event/1/query?eventid=usp000gv5p&format=geojson","felt":42,"cdi":6.6,"mmi":4.556,"alert":null,"status":"reviewed","tsunami":0,"sig":916,"net":"us","code":"p000gv5p","ids":",us2009ejbr,usp000gv5p,choy20090319181740,gcmtc200903191817a,gcmt20090319181740,duputel200903191817a,iscgem15153302,","sources":",us,us,choy,gcmt,gcmt,duputel,iscgem,","types":",associate,dyfi,finite-fault,focal-mechanism,general-text,impact-text,moment-tensor,origin,phase-data,poster,scitech-text,shakemap,","nst":504,"dmin":null,"rms":1,"gap":14,"magType":"mwc","type":"earthquake","title":"M 7.6 - 191 km S of ‘Ohonua, Tonga"},"geometry":{"type":"Point","coordinates":[-174.66,-23.043,31]},"id":"usp000gv5p"},
{"type":"Feature","properties":{"mag":7.3,"place":"46 km NW of Guanaja, Honduras","time":1243499086560,"updated":1751569871454,"tz":null,"url":"https://earthquake.usgs.gov/earthquakes/eventpage/usp000gxkj","detail":"https://earthquake.usgs.gov/fdsnws/event/1/query?eventid=usp000gxkj&format=geojson","felt":1446,"cdi":7.4,"mmi":7.848,"alert":null,"status":"reviewed","tsunami":0,"sig":1560,"net":"us","code":"p000gxkj","ids":",us2009heak,usp000gxkj,choy20090528082445,gcmtc200905280824a,duputel200905280824a,gcmt20090528082445,atlas20090528082445,iscgem12867661,","sources":",us,us,choy,gcmt,duputel,gcmt,atlas,iscgem,","types":",associate,dyfi,focal-mechanism,general-text,ground-failure,impact-text,moment-tensor,origin,phase-data,poster,shakemap,trump-shakemap,","nst":464,"dmin":null,"rms":1.12,"gap":27.2,"magType":"mwc","type":"earthquake","title":"M 7.3 - 46 km NW of Guanaja, Honduras"},"geometry":{"type":"Point","coordinates":[-86.217,16.731,19]},"id":"usp000gxkj"},
{"type":"Feature","properties":{"mag":7.8,"place":"97 km WSW of Te Anau, New Zealand","time":1247649749030,"updated":1657893585046,"tz":null,"url":"https://earthquake.usgs.gov/earthquakes/eventpage/usp000gz8j","detail":"https://earthquake.usgs.gov/fdsnws/event/1/query?eventid=usp000gz8j&format=geojson","felt":363,"cdi":6.3,"mmi":7.644,"alert":null,"status":"reviewed","tsunami":0,"sig":1165,"net":"us","code":"p000gz8j","ids":",usp000gz8j,us2009jcap,choy20090715092229,gcmtc200907150922a,duputel200907150922a,gcmt20090715092229,atlas20090715092229,iscgem15157724,","sources":",us,us,choy,gcmt,duputel,gcmt,atlas,iscgem,","types":",associate,dyfi,finite-fault,focal-mechanism,general-text,impact-text,moment-tensor,origin,phase-data,poster,shakemap,trump-shakemap,","nst":434,"dmin":null,"rms":null,"gap":16.8,"magType":"mwc","type":"earthquake","title":"M 7.8 - 97 km WSW of Te Anau, New Zealand"},"geometry":{"type":"Point","coordinates":[166.562,-45.762,12]},"id":"usp000gz8j"},
{"type":"Feature","properties":{"mag":7.1,"place":"161 km S of ?yama, Japan","time":1249815355110,"updated":1657899017690,"tz":null,"url":"https://earthquake.usgs.gov/earthquakes/eventpage/usp000h04j","detail":"https://earthquake.usgs.gov/fdsnws/event/1/query?eventid=usp000h04j&format=geojson","felt":433,"cdi":5.3,"mmi":4.299,"alert":null,"status":"reviewed","tsunami":0,"sig":1005,"net":"us","code":"p000h04j","ids":",us2009kcaz,usp000h04j,choy20090809105555,gcmtc200908091055a,duputel200908091055a,gcmt20090809105555,iscgem15190095,","sources":",us,us,choy,gcmt,duputel,gcmt,iscgem,","types":",associate,dyfi,focal-mechanism,general-text,impact-text,moment-tensor,origin,phase-data,poster,shakemap,","nst":447,"dmin":null,"rms":0.91,"gap":14.2,"magType":"mwc","type":"earthquake","title":"M 7.1 - 161 km S of ?yama, Japan"},"geometry":{"type":"Point","coordinates":[137.944,33.167,292]},"id":"usp000h04j"},
{"type":"Feature","properties":{"mag":7.5,"place":"266 km N of Bamboo Flat, India","time":1249934138730,"updated":1657899231153,"tz":null,"url":"https://earthquake.usgs.gov/earthquakes/eventpage/usp000h05x","detail":"https://earthquake.usgs.gov/fdsnws/event/1/query?eventid=usp000h05x&format=geojson","felt":539,"cdi":7.1,"mmi":6.258,"alert":null,"status":"reviewed","tsunami":0,"sig":1248,"net":"us","code":"p000h05x","ids":",usp000h05x,us2009kdb2,choy20090810195535,gcmtc200908101955a,gcmt20090810195535,duputel200908101955a,atlas20090810195539,iscgem15190110,","sources":",us,us,choy,gcmt,gcmt,duputel,atlas,iscgem,","types":",associate,dyfi,finite-fault,focal-mechanism,general-text,impact-text,moment-tensor,origin,phase-data,poster,shakemap,trump-shakemap,","nst":303,"dmin":null,"rms":1.03,"gap":18.2,"magType":"mwc","type":"earthquake","title":"M 7.5 - 266 km N of Bamboo Flat, India"},"geometry":{"type":"Point","coordinates":[92.902,14.099,24]},"id":"usp000h05x"},
{"type":"Feature","properties":{"mag":7,"place":"66 km SSW of Banjar, Indonesia","time":1251878101050,"updated":1750247129280,"tz":null,"url":"https://earthquake.usgs.gov/earthquakes/eventpage/usp000h152","detail":"https://earthquake.usgs.gov/fdsnws/event/1/query?eventid=usp000h152&format=geojson","felt":604,"cdi":7,"mmi":6.607,"alert":null,"status":"reviewed","tsunami":0,"sig":1177,"net":"us","code":"p000h152","ids":",us2009lbat,usp000h152,choy20090902075501,gcmtc200909020755a,duputel200909020755a,gcmt20090902075501,iscgem15161670,atlas20090902075501,","sources":",us,us,choy,gcmt,duputel,gcmt,iscgem,atlas,","types":",associate,dyfi,focal-mechanism,general-text,impact-text,moment-tensor,origin,phase-data,poster,shakemap,trump-shakemap,","nst":312,"dmin":null,"rms":0.89,"gap":16.3,"magType":"mwc","type":"earthquake","title":"M 7.0 - 66 km SSW of Banjar, Indonesia"},"geometry":{"type":"Point","coordinates":[107.297,-7.782,46]},"id":"usp000h152"},
{"type":"Feature","properties":{"mag":8.1,"place":"2009 Samoa Earthquake","time":1254246490990,"updated":1764175286460,"tz":null,"url":"https://earthquake.usgs.gov/earthquakes/eventpage/usp000h1ys","detail":"https://earthquake.usgs.gov/fdsnws/event/1/query?eventid=usp000h1ys&format=geojson","felt":66,"cdi":7.2,"mmi":5.681,"alert":null,"status":"reviewed","tsunami":0,"sig":1057,"net":"us","code":"p000h1ys","ids":",us2009mdbi,usp000h1ys,choy20090929174811,gcmtc200909291748a,duputel200909291748a,gcmt20090929174811,atlas20090929174810,iscgem15162203,","sources":",us,us,choy,gcmt,duputel,gcmt,atlas,iscgem,","types":",associate,dyfi,earthquake-name,finite-fault,focal-mechanism,general-text,impact-text,moment-tensor,origin,phase-data,poster,shakemap,trump-shakemap,","nst":520,"dmin":null,"rms":1.01,"gap":20.8,"magType":"mwc","type":"earthquake","title":"M 8.1 - 2009 Samoa Earthquake"},"geometry":{"type":"Point","coordinates":[-172.095,-15.489,18]},"id":"usp000h1ys"},
{"type":"Feature","properties":{"mag":7.6,"place":"30 km WSW of Pariaman, Indonesia","time":1254305769250,"updated":1701444204547,"tz":null,"url":"https://earthquake.usgs.gov/earthquakes/eventpage/usp000h237","detail":"https://earthquake.usgs.gov/fdsnws/event/1/query?eventid=usp000h237&format=geojson","felt":1027,"cdi":7.6,"mmi":8.221,"alert":null,"status":"reviewed","tsunami":0,"sig":1649,"net":"us","code":"p000h237","ids":",us2009mebz,usp000h237,choy20090930101609,gcmtc200909301016a,duputel200909301016a,gcmt20090930101609,atlas20090930101609,iscgem13801688,","sources":",us,us,choy,gcmt,duputel,gcmt,atlas,iscgem,","types":",associate,dyfi,finite-fault,focal-mechanism,general-text,ground-failure,impact-text,moment-tensor,origin,phase-data,poster,shakemap,trump-shakemap,","nst":498,"dmin":null,"rms":0.92,"gap":14,"magType":"mwc","type":"earthquake","title":"M 7.6 - 30 km WSW of Pariaman, Indonesia"},"geometry":{"type":"Point","coordinates":[99.867,-0.72,81]},"id":"usp000h237"},
{"type":"Feature","properties":{"mag":7.7,"place":"148 km NW of Sola, Vanuatu","time":1254952994470,"updated":1657910747803,"tz":null,"url":"https://earthquake.usgs.gov/earthquakes/eventpage/usp000h2g9","detail":"https://earthquake.usgs.gov/fdsnws/event/1/query?eventid=usp000h2g9&format=geojson","felt":9,"cdi":4.3,"mmi":6.621,"alert":null,"status":"reviewed","tsunami":0,"sig":916,"net":"us","code":"p000h2g9","ids":",us2009mlcf,usp000h2g9,choy20091007220314,gcmtc200910072203a,duputel200910072203a,gcmt20091007220314,iscgem13908747,atlas20091007220314,","sources":",us,us,choy,gcmt,duputel,gcmt,iscgem,atlas,","types":",associate,dyfi,finite-fault,focal-mechanism,general-text,impact-text,moment-tensor,origin,phase-data,poster,scitech-text,shakemap,trump-shakemap,","nst":283,"dmin":null,"rms":1.31,"gap":23.2,"magType":"mww","type":"earthquake","title":"M 7.7 - 148 km NW of Sola, Vanuatu"},"geometry":{"type":"Point","coordinates":[166.51,-13.006,45]},"id":"usp000h2g9"},
{"type":"Feature","properties":{"mag":7.8,"place":"196 km NW of Sola, Vanuatu","time":1254953931240,"updated":1651526979820,"tz":null,"url":"https://earthquake.usgs.gov/earthquakes/eventpage/usp000h2gd","detail":"https://earthquake.usgs.gov/fdsnws/event/1/query?eventid=usp000h2gd&format=geojson","felt":null,"cdi":null,"mmi":6.334,"alert":null,"status":"reviewed","tsunami":0,"sig":936,"net":"us","code":"p000h2gd","ids":",gcmtc200910072218a,usp000h2gd,gcmt20091007221851,iscgem14092590,atlas20091007221851,","sources":",gcmt,us,gcmt,iscgem,atlas,","types":",focal-mechanism,general-text,impact-text,moment-tensor,origin,phase-data,poster,shakemap,trump-shakemap,","nst":195,"dmin":null,"rms":0.97,"gap":20.3,"magType":"mwc","type":"earthquake","title":"M 7.8 - 196 km NW of Sola, Vanuatu"},"geometry":{"type":"Point","coordinates":[166.382,-12.517,35]},"id":"usp000h2gd"},
{"type":"Feature","properties":{"mag":7.4,"place":"143 km NW of Sola, Vanuatu","time":1254957228160,"updated":1651530904822,"tz":null,"url":"https://earthquake.usgs.gov/earthquakes/eventpage/usp000h2gr","detail":"https://earthquake.usgs.gov/fdsnws/event/1/query?eventid=usp000h2gr&format=geojson","felt":null,"cdi":null,"mmi":6.664,"alert":null,"status":"reviewed","tsunami":0,"sig":842,"net":"us","code":"p000h2gr","ids":",gcmtc200910072313a,usp000h2gr,gcmt20091007231348,atlas20091007231348,iscgem17141789,","sources":",gcmt,us,gcmt,atlas,iscgem,","types":",focal-mechanism,general-text,impact-text,moment-tensor,origin,phase-data,poster,shakemap,trump-shakemap,","nst":314,"dmin":null,"rms":0.96,"gap":20.2,"magType":"mwc","type":"earthquake","title":"M 7.4 - 143 km NW of Sola, Vanuatu"},"geometry":{"type":"Point","coordinates":[166.497,-13.093,31.1]},"id":"usp000h2gr"},
{"type":"Feature","properties":{"mag":7.3,"place":"77 km ENE of Ba, Fiji","time":1257763495110,"updated":1651526758001,"tz":null,"url":"https://earthquake.usgs.gov/earthquakes/eventpage/usp000h3wn","detail":"https://earthquake.usgs.gov/fdsnws/event/1/query?eventid=usp000h3wn&format=geojson","felt":null,"cdi":null,"mmi":3.771,"alert":null,"status":"reviewed","tsunami":0,"sig":820,"net":"us","code":"p000h3wn","ids":",choy20091109104454,gcmtc200911091044a,usp000h3wn,gcmt20091109104454,duputel200911091044a,atlas20091109104454,iscgem13921941,","sources":",choy,gcmt,us,gcmt,duputel,atlas,iscgem,","types":",focal-mechanism,general-text,impact-text,moment-tensor,origin,phase-data,poster,shakemap,","nst":430,"dmin":null,"rms":0.87,"gap":15,"magType":"mwc","type":"earthquake","title":"M 7.3 - 77 km ENE of Ba, Fiji"},"geometry":{"type":"Point","coordinates":[178.331,-17.239,595]},"id":"usp000h3wn"},
{"type":"Feature","properties":{"mag":7.1,"place":"94 km SE of Gizo, Solomon Islands","time":1262558185640,"updated":1657928485560,"tz":null,"url":"https://earthquake.usgs.gov/earthquakes/eventpage/usp000h5np","detail":"https://earthquake.usgs.gov/fdsnws/event/1/query?eventid=usp000h5np&format=geojson","felt":8,"cdi":5.4,"mmi":6.859,"alert":null,"status":"reviewed","tsunami":0,"sig":780,"net":"us","code":"p000h5np","ids":",usp000h5np,us2010rabw,choy20100103223628,gcmtc201001032236a,gcmt20100103223628,iscgem14287942,atlas20100103223625,","sources":",us,us,choy,gcmt,gcmt,iscgem,atlas,","types":",associate,dyfi,focal-mechanism,general-text,impact-text,moment-tensor,origin,phase-data,poster,shakemap,trump-shakemap,","nst":377,"dmin":null,"rms":1.09,"gap":15,"magType":"mwc","type":"earthquake","title":"M 7.1 - 94 km SE of Gizo, Solomon Islands"},"geometry":{"type":"Point","coordinates":[157.354,-8.783,10]},"id":"usp000h5np"},
{"type":"Feature","properties":{"mag":7,"place":"10 km SE of Léogâne, Haiti","time":1263333190060,"updated":1759250458902,"tz":null,"url":"https://earthquake.usgs.gov/earthquakes/eventpage/usp000h60h","detail":"https://earthquake.usgs.gov/fdsnws/event/1/query?eventid=usp000h60h&format=geojson","felt":960,"cdi":9.1,"mmi":9.022,"alert":null,"status":"reviewed","tsunami":0,"sig":1627,"net":"us","code":"p000h60h","ids":",us2010rja6,usp000h60h,choy20100112215310,gcmtc201001122153a,duputel201001122153a,gcmt20100112215310,atlas20100112215310,iscgem14226221,","sources":",us,us,choy,gcmt,duputel,gcmt,atlas,iscgem,","types":",associate,dyfi,focal-mechanism,general-link,general-text,ground-failure,impact-text,moment-tensor,origin,phase-data,poster,scitech-link,shakemap,trump-shakemap,","nst":500,"dmin":null,"rms":0.97,"gap":22.7,"magType":"mwc","type":"earthquake","title":"M 7.0 - 10 km SE of Léogâne, Haiti"},"geometry":{"type":"Point","coordinates":[-72.571,18.443,13]},"id":"usp000h60h"},
{"type":"Feature","properties":{"mag":7,"place":"70 km SE of Katsuren-haebaru, Japan","time":1267216286970,"updated":1657942009601,"tz":null,"url":"https://earthquake.usgs.gov/earthquakes/eventpage/usp000h7qu","detail":"https://earthquake.usgs.gov/fdsnws/event/1/query?eventid=usp000h7qu&format=geojson","felt":774,"cdi":5.5,"mmi":6,"alert":null,"status":"reviewed","tsunami":0,"sig":1180,"net":"us","code":"p000h7qu","ids":",usp000h7qu,us2010teb2,choy20100226203127,gcmtc201002262031a,duputel201002262031a,gcmt20100226203127,iscgem600144227,atlas20100226203126,","sources":",us,us,choy,gcmt,duputel,gcmt,iscgem,atlas,","types":",associate,dyfi,focal-mechanism,general-text,impact-text,moment-tensor,origin,phase-data,poster,shakemap,","nst":487,"dmin":null,"rms":1.05,"gap":15.7,"magType":"mwc","type":"earthquake","title":"M 7.0 - 70 km SE of Katsuren-haebaru, Japan"},"geometry":{"type":"Point","coordinates":[128.425,25.93,25]},"id":"usp000h7qu"},
{"type":"Feature","properties":{"mag":8.8,"place":"2010 Maule, Chile Earthquake","time":1267252451530,"updated":1783884520054,"tz":null,"url":"https://earthquake.usgs.gov/earthquakes/eventpage/official20100227063411530_30","detail":"https://earthquake.usgs.gov/fdsnws/event/1/query?eventid=official20100227063411530_30&format=geojson","felt":2851,"cdi":9.1,"mmi":8.249,"alert":null,"status":"reviewed","tsunami":0,"sig":2101,"net":"official","code":"20100227063411530_30","ids":",usp000h7rf,us2010tfan,official20100227063411530_30,choy20100227063411,gcmtc201002270634a,duputel201002270634a,gcmt20100227063415,atlas20100227063414,iscgem14340585,","sources":",us,us,official,choy,gcmt,duputel,gcmt,atlas,iscgem,","types":",associate,dyfi,earthquake-name,finite-fault,focal-mechanism,general-header,general-text,ground-failure,impact-text,moment-tensor,origin,phase-data,poster,scitech-link,scitech-text,shakemap,trump-impact-text,trump-origin,trump-phase-data,trump-shakemap,","nst":454,"dmin":null,"rms":1.09,"gap":17.8,"magType":"mww","type":"earthquake","title":"M 8.8 - 2010 Maule, Chile Earthquake"},"geometry":{"type":"Point","coordinates":[-72.898,-36.122,22.9]},"id":"official20100227063411530_30"},
{"type":"Feature","properties":{"mag":7.4,"place":"124 km W of Lebu, Chile","time":1267257683010,"updated":1651527737623,"tz":null,"url":"https://earthquake.usgs.gov/earthquakes/eventpage/usp000h7sq","detail":"https://earthquake.usgs.gov/fdsnws/event/1/query?eventid=usp000h7sq&format=geojson","felt":null,"cdi":null,"mmi":4.867,"alert":null,"status":"reviewed","tsunami":0,"sig":842,"net":"us","code":"p000h7sq","ids":",gcmts201002270801a,usp000h7sq,gcmt20100227080123,iscgem14357776,","sources":",gcmt,us,gcmt,iscgem,","types":",focal-mechanism,general-text,impact-text,moment-tensor,origin,phase-data,shakemap,","nst":409,"dmin":null,"rms":1.06,"gap":17.6,"magType":"mwc","type":"earthquake","title":"M 7.4 - 124 km W of Lebu, Chile"},"geometry":{"type":"Point","coordinates":[-75.048,-37.773,35]},"id":"usp000h7sq"},
{"type":"Feature","properties":{"mag":7,"place":"52 km NW of Santa Cruz, Chile","time":1268319327510,"updated":1731808442713,"tz":null,"url":"https://earthquake.usgs.gov/earthquakes/eventpage/usp000h94v","detail":"https://earthquake.usgs.gov/fdsnws/event/1/query?eventid=usp000h94v&format=geojson","felt":181,"cdi":7.9,"mmi":6.616,"alert":null,"status":"reviewed","tsunami":0,"sig":897,"net":"us","code":"p000h94v","ids":",usp000h94v,us2010tsa8,gcmtc201003111455a,gcmt20100311145527,iscgem14400686,atlas20100311145527,","sources":",us,us,gcmt,gcmt,iscgem,atlas,","types":",associate,dyfi,focal-mechanism,general-text,impact-text,moment-tensor,origin,phase-data,shakemap,trump-shakemap,","nst":403,"dmin":null,"rms":1.02,"gap":17.1,"magType":"mwc","type":"earthquake","title":"M 7.0 - 52 km NW of Santa Cruz, Chile"},"geometry":{"type":"Point","coordinates":[-71.799,-34.326,18]},"id":"usp000h94v"},
{"type":"Feature","properties":{"mag":7.2,"place":"The 2010 Sierra El Mayor, B.C., Mexico Earthquake","time":1270420842360,"updated":1779764260282,"tz":null,"url":"https://earthquake.usgs.gov/earthquakes/eventpage/ci14607652","detail":"https://earthquake.usgs.gov/fdsnws/event/1/query?eventid=ci14607652&format=geojson","felt":67834,"cdi":9.1,"mmi":8.578,"alert":"red","status":"reviewed","tsunami":0,"sig":2910,"net":"ci","code":"14607652","ids":",ci14607652,atlas20100404224043,duputel201004042240a,choy20100404224043,gcmtc201004042240a,usp000habu,gcmt20100404224043,iscgem600257057,","sources":",ci,atlas,duputel,choy,gcmt,us,gcmt,iscgem,","types":",associate,disassociate,dyfi,earthquake-name,focal-mechanism,general-text,ground-failure,impact-text,losspager,moment-tensor,nearby-cities,origin,phase-data,poster,shakemap,trump-shakemap,","nst":10,"dmin":0.5137,"rms":0.11,"gap":239,"magType":"mw","type":"earthquake","title":"M 7.2 - The 2010 Sierra El Mayor, B.C., Mexico Earthquake"},"geometry":{"type":"Point","coordinates":[-115.2953333,32.2861667,9.987]},"id":"ci14607652"},
{"type":"Feature","properties":{"mag":7.8,"place":"75 km E of Sinabang, Indonesia","time":1270592101580,"updated":1651531184108,"tz":null,"url":"https://earthquake.usgs.gov/earthquakes/eventpage/usp000hat0","detail":"https://earthquake.usgs.gov/fdsnws/event/1/query?eventid=usp000hat0&format=geojson","felt":null,"cdi":null,"mmi":7.038,"alert":null,"status":"reviewed","tsunami":0,"sig":936,"net":"us","code":"p000hat0","ids":",usp000hat0,choy20100406221501,gcmtm201004062215a,duputel201004062215a,gcmt20100406221501,atlas20100406221501,iscgem600296664,","sources":",us,choy,gcmt,duputel,gcmt,atlas,iscgem,","types":",finite-fault,focal-mechanism,general-text,impact-text,moment-tensor,origin,phase-data,poster,shakemap,trump-shakemap,","nst":352,"dmin":null,"rms":1.19,"gap":19.2,"magType":"mwc","type":"earthquake","title":"M 7.8 - 75 km E of Sinabang, Indonesia"},"geometry":{"type":"Point","coordinates":[97.048,2.383,31]},"id":"usp000hat0"},
{"type":"Feature","properties":{"mag":7.2,"place":"45 km SSW of Meulaboh, Indonesia","time":1273384781620,"updated":1657977018697,"tz":null,"url":"https://earthquake.usgs.gov/earthquakes/eventpage/usp000hchk","detail":"https://earthquake.usgs.gov/fdsnws/event/1/query?eventid=usp000hchk&format=geojson","felt":227,"cdi":5.3,"mmi":6.252,"alert":null,"status":"reviewed","tsunami":0,"sig":918,"net":"us","code":"p000hchk","ids":",usp000hchk,us2010wbaq,choy20100509055941,gcmtc201005090559a,gcmt20100509055941,duputel201005090559a,atlas20100509055941,iscgem14686988,","sources":",us,us,choy,gcmt,gcmt,duputel,atlas,iscgem,","types":",associate,dyfi,finite-fault,focal-mechanism,general-text,impact-text,moment-tensor,origin,phase-data,poster,shakemap,trump-shakemap,","nst":611,"dmin":null,"rms":0.92,"gap":20.6,"magType":"mwc","type":"earthquake","title":"M 7.2 - 45 km SSW of Meulaboh, Indonesia"},"geometry":{"type":"Point","coordinates":[96.018,3.748,38]},"id":"usp000hchk"},
{"type":"Feature","properties":{"mag":7.2,"place":"100 km WNW of Sola, Vanuatu","time":1274980486570,"updated":1657981418241,"tz":null,"url":"https://earthquake.usgs.gov/earthquakes/eventpage/usp000hd84","detail":"https://earthquake.usgs.gov/fdsnws/event/1/query?eventid=usp000hd84&format=geojson","felt":13,"cdi":5.3,"mmi":5.991,"alert":null,"status":"reviewed","tsunami":0,"sig":804,"net":"us","code":"p000hd84","ids":",usp000hd84,us2010wubj,choy20100527171446,gcmtc201005271714a,gcmt20100527171446,duputel201005271714a,atlas20100527171446,iscgem600180630,","sources":",us,us,choy,gcmt,gcmt,duputel,atlas,iscgem,","types":",associate,dyfi,focal-mechanism,general-text,impact-text,moment-tensor,origin,phase-data,poster,shakemap,trump-shakemap,","nst":327,"dmin":null,"rms":1.08,"gap":11.7,"magType":"mwc","type":"earthquake","title":"M 7.2 - 100 km WNW of Sola, Vanuatu"},"geometry":{"type":"Point","coordinates":[166.643,-13.698,31]},"id":"usp000hd84"},
{"type":"Feature","properties":{"mag":7.5,"place":"Nicobar Islands, India region","time":1276370810460,"updated":1657985095383,"tz":null,"url":"https://earthquake.usgs.gov/earthquakes/eventpage/usp000hdwb","detail":"https://earthquake.usgs.gov/fdsnws/event/1/query?eventid=usp000hdwb&format=geojson","felt":480,"cdi":5.8,"mmi":4.984,"alert":null,"status":"reviewed","tsunami":0,"sig":1144,"net":"us","code":"p000hdwb","ids":",us2010xkbv,usp000hdwb,choy20100612192650,gcmtc201006121926a,duputel201006121926a,gcmt20100612192650,iscgem600181652,atlas20100612192650,","sources":",us,us,choy,gcmt,duputel,gcmt,iscgem,atlas,","types":",associate,dyfi,finite-fault,focal-mechanism,general-text,impact-text,moment-tensor,origin,phase-data,poster,shakemap,trump-shakemap,","nst":514,"dmin":null,"rms":1.1,"gap":18.6,"magType":"mwc","type":"earthquake","title":"M 7.5 - Nicobar Islands, India region"},"geometry":{"type":"Point","coordinates":[91.936,7.881,35]},"id":"usp000hdwb"},
{"type":"Feature","properties":{"mag":7,"place":"121 km SSE of Biak, Indonesia","time":1276658187550,"updated":1657986254648,"tz":null,"url":"https://earthquake.usgs.gov/earthquakes/eventpage/usp000he3f","detail":"https://earthquake.usgs.gov/fdsnws/event/1/query?eventid=usp000he3f&format=geojson","felt":4,"cdi":2.7,"mmi":6.683,"alert":null,"status":"reviewed","tsunami":0,"sig":755,"net":"us","code":"p000he3f","ids":",us2010xpai,usp000he3f,choy20100616031627,gcmtc201006160316a,gcmt20100616031627,duputel201006160316a,atlas20100616031627,iscgem600181845,","sources":",us,us,choy,gcmt,gcmt,duputel,atlas,iscgem,","types":",associate,dyfi,focal-mechanism,general-text,impact-text,moment-tensor,origin,phase-data,poster,shakemap,trump-shakemap,","nst":307,"dmin":null,"rms":1.27,"gap":18.1,"magType":"mwc","type":"earthquake","title":"M 7.0 - 121 km SSE of Biak, Indonesia"},"geometry":{"type":"Point","coordinates":[136.543,-2.174,18]},"id":"usp000he3f"},
{"type":"Feature","properties":{"mag":7.3,"place":"New Britain region, Papua New Guinea","time":1279460099360,"updated":1658162476024,"tz":null,"url":"https://earthquake.usgs.gov/earthquakes/eventpage/usp000hfku","detail":"https://earthquake.usgs.gov/fdsnws/event/1/query?eventid=usp000hfku&format=geojson","felt":15,"cdi":7.5,"mmi":6.62,"alert":null,"status":"reviewed","tsunami":0,"sig":831,"net":"us","code":"p000hfku","ids":",us2010ywbr,usp000hfku,gcmtc201007181335a,gcmt20100718133459,atlas20100718133459,iscgem14996648,","sources":",us,us,gcmt,gcmt,atlas,iscgem,","types":",associate,dyfi,finite-fault,focal-mechanism,general-text,impact-text,moment-tensor,origin,phase-data,poster,shakemap,trump-shakemap,","nst":397,"dmin":null,"rms":1.16,"gap":18.2,"magType":"mwc","type":"earthquake","title":"M 7.3 - New Britain region, Papua New Guinea"},"geometry":{"type":"Point","coordinates":[150.59,-5.931,35]},"id":"usp000hfku"},
{"type":"Feature","properties":{"mag":7.3,"place":"68 km W of Gadung, Philippines","time":1279922891250,"updated":1658163543556,"tz":null,"url":"https://earthquake.usgs.gov/earthquakes/eventpage/usp000hgmd","detail":"https://earthquake.usgs.gov/fdsnws/event/1/query?eventid=usp000hgmd&format=geojson","felt":20,"cdi":4.3,"mmi":null,"alert":null,"status":"reviewed","tsunami":0,"sig":828,"net":"us","code":"p000hgmd","ids":",us2010zbbz,usp000hgmd,choy20100723220811,gcmtc201007232208a,duputel201007232208a,gcmt20100723220811,atlas20100723220811,iscgem15008002,","sources":",us,us,choy,gcmt,duputel,gcmt,atlas,iscgem,","types":",associate,dyfi,focal-mechanism,general-text,impact-text,moment-tensor,origin,phase-data,poster,","nst":491,"dmin":null,"rms":0.91,"gap":16.5,"magType":"mwc","type":"earthquake","title":"M 7.3 - 68 km W of Gadung, Philippines"},"geometry":{"type":"Point","coordinates":[123.409,6.718,607.1]},"id":"usp000hgmd"},
{"type":"Feature","properties":{"mag":7.6,"place":"61 km W of Bantogon, Philippines","time":1279925471840,"updated":1658163638641,"tz":null,"url":"https://earthquake.usgs.gov/earthquakes/eventpage/usp000hgmh","detail":"https://earthquake.usgs.gov/fdsnws/event/1/query?eventid=usp000hgmh&format=geojson","felt":28,"cdi":4.8,"mmi":3.498,"alert":null,"status":"reviewed","tsunami":0,"sig":902,"net":"us","code":"p000hgmh","ids":",usp000hgmh,us2010zbca,choy20100723225112,gcmtc201007232251a,gcmt20100723225112,duputel201007232251a,atlas20100723225112,iscgem17178792,","sources":",us,us,choy,gcmt,gcmt,duputel,atlas,iscgem,","types":",associate,dyfi,focal-mechanism,general-text,impact-text,moment-tensor,origin,phase-data,poster,shakemap,","nst":340,"dmin":null,"rms":0.91,"gap":15.1,"magType":"mwc","type":"earthquake","title":"M 7.6 - 61 km W of Bantogon, Philippines"},"geometry":{"type":"Point","coordinates":[123.48,6.497,578]},"id":"usp000hgmh"},
{"type":"Feature","properties":{"mag":7.5,"place":"72 km S of Panubigan, Philippines","time":1279926910190,"updated":1658163733829,"tz":null,"url":"https://earthquake.usgs.gov/earthquakes/eventpage/usp000hgmq","detail":"https://earthquake.usgs.gov/fdsnws/event/1/query?eventid=usp000hgmq&format=geojson","felt":30,"cdi":4.2,"mmi":null,"alert":null,"status":"reviewed","tsunami":0,"sig":878,"net":"us","code":"p000hgmq","ids":",us2010zbcd,usp000hgmq,gcmtc201007232315a,duputel201007232315a,gcmt20100723231510,atlas20100723231510,iscgem15640291,","sources":",us,us,gcmt,duputel,gcmt,atlas,iscgem,","types":",associate,dyfi,focal-mechanism,general-text,impact-text,moment-tensor,origin,phase-data,","nst":441,"dmin":null,"rms":0.82,"gap":17.5,"magType":"mwc","type":"earthquake","title":"M 7.5 - 72 km S of Panubigan, Philippines"},"geometry":{"type":"Point","coordinates":[123.259,6.776,640.6]},"id":"usp000hgmq"},
{"type":"Feature","properties":{"mag":7,"place":"72 km ESE of Kimbe, Papua New Guinea","time":1280959303620,"updated":1658166438054,"tz":null,"url":"https://earthquake.usgs.gov/earthquakes/eventpage/usp000hhhx","detail":"https://earthquake.usgs.gov/fdsnws/event/1/query?eventid=usp000hhhx&format=geojson","felt":8,"cdi":3.5,"mmi":6.346,"alert":null,"status":"reviewed","tsunami":0,"sig":757,"net":"us","code":"p000hhhx","ids":",us2010zncq,usp000hhhx,choy20100804220143,gcmtc201008042201a,gcmt20100804220143,duputel201008042201a,atlas20100804220143,iscgem600184047,","sources":",us,us,choy,gcmt,gcmt,duputel,atlas,iscgem,","types":",associate,dyfi,finite-fault,focal-mechanism,general-text,impact-text,moment-tensor,origin,phase-data,shakemap,trump-shakemap,","nst":396,"dmin":null,"rms":1.19,"gap":12.7,"magType":"mww","type":"earthquake","title":"M 7.0 - 72 km ESE of Kimbe, Papua New Guinea"},"geometry":{"type":"Point","coordinates":[150.765,-5.746,44]},"id":"usp000hhhx"},
{"type":"Feature","properties":{"mag":7.3,"place":"33 km NW of Port-Vila, Vanuatu","time":1281417824980,"updated":1658168388812,"tz":null,"url":"https://earthquake.usgs.gov/earthquakes/eventpage/usp000hhuc","detail":"https://earthquake.usgs.gov/fdsnws/event/1/query?eventid=usp000hhuc&format=geojson","felt":45,"cdi":6.7,"mmi":6.751,"alert":null,"status":"reviewed","tsunami":0,"sig":850,"net":"us","code":"p000hhuc","ids":",usp000hhuc,us2010zuaq,choy20100810052345,gcmtc201008100523a,duputel201008100523a,gcmt20100810052345,iscgem15080182,atlas20100810052344,","sources":",us,us,choy,gcmt,duputel,gcmt,iscgem,atlas,","types":",associate,dyfi,finite-fault,focal-mechanism,general-text,impact-text,moment-tensor,origin,phase-data,poster,scitech-text,shakemap,trump-shakemap,","nst":405,"dmin":null,"rms":1.25,"gap":20.2,"magType":"mwc","type":"earthquake","title":"M 7.3 - 33 km NW of Port-Vila, Vanuatu"},"geometry":{"type":"Point","coordinates":[168.069,-17.541,25]},"id":"usp000hhuc"},
{"type":"Feature","properties":{"mag":7.1,"place":"Ecuador","time":1281614055580,"updated":1663262011673,"tz":null,"url":"https://earthquake.usgs.gov/earthquakes/eventpage/usp000hj05","detail":"https://earthquake.usgs.gov/fdsnws/event/1/query?eventid=usp000hj05&format=geojson","felt":282,"cdi":6,"mmi":5.268,"alert":null,"status":"reviewed","tsunami":0,"sig":945,"net":"us","code":"p000hj05","ids":",usp000hj05,us2010zwa5,choy20100812115415,gcmtc201008121154a,gcmt20100812115415,duputel201008121154a,atlas20100812115415,iscgem15082104,","sources":",us,us,choy,gcmt,gcmt,duputel,atlas,iscgem,","types":",associate,dyfi,focal-mechanism,general-text,impact-text,moment-tensor,origin,phase-data,poster,shakemap,trump-shakemap,","nst":672,"dmin":null,"rms":0.87,"gap":12.4,"magType":"mwc","type":"earthquake","title":"M 7.1 - Ecuador"},"geometry":{"type":"Point","coordinates":[-77.306,-1.266,206.7]},"id":"usp000hj05"},
{"type":"Feature","properties":{"mag":7,"place":"19 km NE of Methven, New Zealand","time":1283531747770,"updated":1775116355950,"tz":null,"url":"https://earthquake.usgs.gov/earthquakes/eventpage/usp000hk46","detail":"https://earthquake.usgs.gov/fdsnws/event/1/query?eventid=usp000hk46&format=geojson","felt":628,"cdi":8.9,"mmi":8.402,"alert":null,"status":"reviewed","tsunami":0,"sig":1313,"net":"us","code":"p000hk46","ids":",us2010atbj,usp000hk46,choy20100903163547,gcmtc201009031635a,duputel201009031635a,gcmt20100903163547,atlas20100903163546,iscgem15155483,","sources":",us,us,choy,gcmt,duputel,gcmt,atlas,iscgem,","types":",associate,dyfi,focal-mechanism,general-text,ground-failure,impact-text,moment-tensor,origin,phase-data,poster,shakemap,trump-shakemap,","nst":365,"dmin":null,"rms":1.3,"gap":15.8,"magType":"mwc","type":"earthquake","title":"M 7.0 - 19 km NE of Methven, New Zealand"},"geometry":{"type":"Point","coordinates":[171.83,-43.522,12]},"id":"usp000hk46"},
{"type":"Feature","properties":{"mag":7,"place":"Near the south coast of Papua, Indonesia","time":1285780285940,"updated":1658178202228,"tz":null,"url":"https://earthquake.usgs.gov/earthquakes/eventpage/usp000hmbq","detail":"https://earthquake.usgs.gov/fdsnws/event/1/query?eventid=usp000hmbq&format=geojson","felt":23,"cdi":7.9,"mmi":4.832,"alert":null,"status":"reviewed","tsunami":0,"sig":772,"net":"us","code":"p000hmbq","ids":",us2010bubv,usp000hmbq,choy20100929171125,gcmtc201009291711a,duputel201009291711a,gcmt20100929171125,iscgem15217448,atlas20100929171125,","sources":",us,us,choy,gcmt,duputel,gcmt,iscgem,atlas,","types":",associate,dyfi,focal-mechanism,general-text,impact-text,moment-tensor,origin,phase-data,poster,shakemap,trump-shakemap,","nst":271,"dmin":null,"rms":1.31,"gap":15.1,"magType":"mwc","type":"earthquake","title":"M 7.0 - Near the south coast of Papua, Indonesia"},"geometry":{"type":"Point","coordinates":[133.76,-4.963,26]},"id":"usp000hmbq"},
{"type":"Feature","properties":{"mag":7.8,"place":"215 km SW of Sungai Penuh, Indonesia","time":1288017742460,"updated":1658185032869,"tz":null,"url":"https://earthquake.usgs.gov/earthquakes/eventpage/usp000hnj4","detail":"https://earthquake.usgs.gov/fdsnws/event/1/query?eventid=usp000hnj4&format=geojson","felt":25,"cdi":4.2,"mmi":6.81,"alert":null,"status":"reviewed","tsunami":0,"sig":946,"net":"us","code":"p000hnj4","ids":",usa00043nx,usp000hnj4,choy20101025144222,gcmtc201010251442a,duputel201010251442a,gcmt20101025144222,iscgem15264887,atlas20101025144222,","sources":",us,us,choy,gcmt,duputel,gcmt,iscgem,atlas,","types":",associate,dyfi,finite-fault,focal-mechanism,general-text,impact-text,moment-tensor,origin,phase-data,poster,shakemap,trump-shakemap,","nst":379,"dmin":null,"rms":1.17,"gap":23,"magType":"mwc","type":"earthquake","title":"M 7.8 - 215 km SW of Sungai Penuh, Indonesia"},"geometry":{"type":"Point","coordinates":[100.082,-3.487,20.1]},"id":"usp000hnj4"},
{"type":"Feature","properties":{"mag":7.4,"place":"Bonin Islands, Japan region","time":1292951980660,"updated":1658194775861,"tz":null,"url":"https://earthquake.usgs.gov/earthquakes/eventpage/usp000hr97","detail":"https://earthquake.usgs.gov/fdsnws/event/1/query?eventid=usp000hr97&format=geojson","felt":21,"cdi":3.8,"mmi":null,"alert":null,"status":"reviewed","tsunami":0,"sig":850,"net":"us","code":"p000hr97","ids":",usc0000rxc,usp000hr97,choy20101221171940,gcmtc201012211719a,duputel201012211719a,gcmt20101221171940,iscgem600191591,","sources":",us,us,choy,gcmt,duputel,gcmt,iscgem,","types":",associate,dyfi,finite-fault,focal-mechanism,general-text,impact-text,moment-tensor,origin,phase-data,poster,","nst":603,"dmin":null,"rms":0.99,"gap":13,"magType":"mwc","type":"earthquake","title":"M 7.4 - Bonin Islands, Japan region"},"geometry":{"type":"Point","coordinates":[143.698,26.901,14]},"id":"usp000hr97"},
{"type":"Feature","properties":{"mag":7.3,"place":"141 km W of Isangel, Vanuatu","time":1293282997000,"updated":1651530674248,"tz":null,"url":"https://earthquake.usgs.gov/earthquakes/eventpage/usp000hrw0","detail":"https://earthquake.usgs.gov/fdsnws/event/1/query?eventid=usp000hrw0&format=geojson","felt":null,"cdi":null,"mmi":4.527,"alert":null,"status":"reviewed","tsunami":0,"sig":820,"net":"us","code":"p000hrw0","ids":",usp000hrw0,choy20101225131637,gcmtc201012251316a,duputel201012251316a,gcmt20101225131637,atlas20101225131637,iscgem15925442,","sources":",us,choy,gcmt,duputel,gcmt,atlas,iscgem,","types":",finite-fault,focal-mechanism,general-text,impact-text,moment-tensor,origin,phase-data,poster,shakemap,trump-shakemap,","nst":409,"dmin":null,"rms":1.17,"gap":12,"magType":"mwc","type":"earthquake","title":"M 7.3 - 141 km W of Isangel, Vanuatu"},"geometry":{"type":"Point","coordinates":[167.947,-19.702,16]},"id":"usp000hrw0"},
{"type":"Feature","properties":{"mag":7,"place":"26 km NNE of El Hoyo, Argentina","time":1293875818120,"updated":1666578320934,"tz":null,"url":"https://earthquake.usgs.gov/earthquakes/eventpage/usp000hsdc","detail":"https://earthquake.usgs.gov/fdsnws/event/1/query?eventid=usp000hsdc&format=geojson","felt":36,"cdi":2,"mmi":null,"alert":null,"status":"reviewed","tsunami":0,"sig":761,"net":"us","code":"p000hsdc","ids":",usc0000xky,usp000hsdc,choy20110101095658,duputel201101010956a,atlas20110101095658,iscgem601988567,","sources":",us,us,choy,duputel,atlas,iscgem,","types":",associate,dyfi,focal-mechanism,general-text,impact-text,moment-tensor,origin,phase-data,poster,","nst":607,"dmin":null,"rms":0.85,"gap":18.4,"magType":"mww","type":"earthquake","title":"M 7.0 - 26 km NNE of El Hoyo, Argentina"},"geometry":{"type":"Point","coordinates":[-63.136,-26.803,576.8]},"id":"usp000hsdc"},
{"type":"Feature","properties":{"mag":7.2,"place":"42 km NNW of Carahue, Chile","time":1293999617780,"updated":1660016889579,"tz":null,"url":"https://earthquake.usgs.gov/earthquakes/eventpage/usp000hsfq","detail":"https://earthquake.usgs.gov/fdsnws/event/1/query?eventid=usp000hsfq&format=geojson","felt":333,"cdi":7.7,"mmi":7.161,"alert":null,"status":"reviewed","tsunami":0,"sig":1054,"net":"us","code":"p000hsfq","ids":",usc0000y49,usp000hsfq,choy20110102202017,duputel201101022020a,iscgem601988664,atlas20110102202017,","sources":",us,us,choy,duputel,iscgem,atlas,","types":",associate,dyfi,focal-mechanism,general-text,impact-text,moment-tensor,origin,phase-data,poster,shakemap,trump-shakemap,","nst":397,"dmin":null,"rms":1.1,"gap":30.1,"magType":"mww","type":"earthquake","title":"M 7.2 - 42 km NNW of Carahue, Chile"},"geometry":{"type":"Point","coordinates":[-73.326,-38.355,24]},"id":"usp000hsfq"},
{"type":"Feature","properties":{"mag":7,"place":"118 km NNE of Tadine, New Caledonia","time":1294935401540,"updated":1658196972012,"tz":null,"url":"https://earthquake.usgs.gov/earthquakes/eventpage/usp000ht15","detail":"https://earthquake.usgs.gov/fdsnws/event/1/query?eventid=usp000ht15&format=geojson","felt":5,"cdi":2.3,"mmi":5.25,"alert":null,"status":"reviewed","tsunami":0,"sig":755,"net":"us","code":"p000ht15","ids":",usc00012cx,usp000ht15,choy20110113161641,duputel201101131616a,atlas20110113161641,iscgem15925960,","sources":",us,us,choy,duputel,atlas,iscgem,","types":",associate,dyfi,focal-mechanism,general-text,impact-text,moment-tensor,origin,phase-data,poster,shakemap,trump-shakemap,","nst":578,"dmin":null,"rms":0.99,"gap":13.3,"magType":"mww","type":"earthquake","title":"M 7.0 - 118 km NNE of Tadine, New Caledonia"},"geometry":{"type":"Point","coordinates":[168.471,-20.628,9]},"id":"usp000ht15"},
{"type":"Feature","properties":{"mag":7.2,"place":"46 km WSW of Dalbandin, Pakistan","time":1295382203480,"updated":1658197957592,"tz":null,"url":"https://earthquake.usgs.gov/earthquakes/eventpage/usp000htb4","detail":"https://earthquake.usgs.gov/fdsnws/event/1/query?eventid=usp000htb4&format=geojson","felt":987,"cdi":6.6,"mmi":7.284,"alert":null,"status":"reviewed","tsunami":0,"sig":1449,"net":"us","code":"p000htb4","ids":",us2011ggbx,usp000htb4,choy20110118202323,duputel201101182023a,iscgem15938045,atlas20110118202323,","sources":",us,us,choy,duputel,iscgem,atlas,","types":",associate,dyfi,focal-mechanism,general-text,impact-text,moment-tensor,origin,phase-data,poster,shakemap,trump-shakemap,","nst":372,"dmin":null,"rms":1.3,"gap":25.3,"magType":"mww","type":"earthquake","title":"M 7.2 - 46 km WSW of Dalbandin, Pakistan"},"geometry":{"type":"Point","coordinates":[63.951,28.777,68]},"id":"usp000htb4"},
{"type":"Feature","properties":{"mag":7.3,"place":"120 km SE of ?funato, Japan","time":1299638720330,"updated":1658216429766,"tz":null,"url":"https://earthquake.usgs.gov/earthquakes/eventpage/usp000hvhj","detail":"https://earthquake.usgs.gov/fdsnws/event/1/query?eventid=usp000hvhj&format=geojson","felt":281,"cdi":5.4,"mmi":5.048,"alert":null,"status":"reviewed","tsunami":0,"sig":972,"net":"us","code":"p000hvhj","ids":",usb0001r57,usp000hvhj,choy20110309024518,duputel201103090245a,atlas20110309024520,iscgem16293272,","sources":",us,us,choy,duputel,atlas,iscgem,","types":",associate,dyfi,finite-fault,focal-mechanism,general-text,impact-text,moment-tensor,origin,phase-data,poster,shakemap,trump-shakemap,","nst":550,"dmin":null,"rms":0.98,"gap":17.4,"magType":"mww","type":"earthquake","title":"M 7.3 - 120 km SE of ?funato, Japan"},"geometry":{"type":"Point","coordinates":[142.842,38.435,32]},"id":"usp000hvhj"},
{"type":"Feature","properties":{"mag":9.1,"place":"2011 Great Tohoku Earthquake, Japan","time":1299822384120,"updated":1783224518502,"tz":null,"url":"https://earthquake.usgs.gov/earthquakes/eventpage/official20110311054624120_30","detail":"https://earthquake.usgs.gov/fdsnws/event/1/query?eventid=official20110311054624120_30&format=geojson","felt":1456,"cdi":9.1,"mmi":8.18,"alert":null,"status":"reviewed","tsunami":0,"sig":2184,"net":"official","code":"20110311054624120_30","ids":",usc0001xgp,official20110311054624120_30,usp000hvnu,choy20110311054623,duputel201103110546a,atlas20110311054624,iscgem16461282,","sources":",us,official,us,choy,duputel,atlas,iscgem,","types":",dyfi,finite-fault,focal-mechanism,general-header,general-link,general-text,ground-failure,impact-text,moment-tensor,origin,phase-data,poster,scitech-link,scitech-text,shakemap,trump-impact-text,trump-origin,trump-phase-data,trump-shakemap,","nst":541,"dmin":null,"rms":1.16,"gap":9.5,"magType":"mww","type":"earthquake","title":"M 9.1 - 2011 Great Tohoku Earthquake, Japan"},"geometry":{"type":"Point","coordinates":[142.373,38.297,29]},"id":"official20110311054624120_30"},
{"type":"Feature","properties":{"mag":7.9,"place":"47 km E of ?arai, Japan","time":1299824140280,"updated":1686766058583,"tz":null,"url":"https://earthquake.usgs.gov/earthquakes/eventpage/usp000hvpa","detail":"https://earthquake.usgs.gov/fdsnws/event/1/query?eventid=usp000hvpa&format=geojson","felt":256,"cdi":7.6,"mmi":6.705,"alert":null,"status":"reviewed","tsunami":0,"sig":1155,"net":"us","code":"p000hvpa","ids":",usc0001xhz,usp000hvpa,atlas20110311061540,iscgem602707261,","sources":",us,us,atlas,iscgem,","types":",associate,dyfi,general-text,impact-text,moment-tensor,origin,phase-data,poster,shakemap,trump-shakemap,","nst":163,"dmin":null,"rms":1.44,"gap":48.4,"magType":"mwc","type":"earthquake","title":"M 7.9 - 47 km E of ?arai, Japan"},"geometry":{"type":"Point","coordinates":[141.111,36.281,42.6]},"id":"usp000hvpa"},
{"type":"Feature","properties":{"mag":7.7,"place":"272 km ESE of Kamaishi, Japan","time":1299824750300,"updated":1658217891126,"tz":null,"url":"https://earthquake.usgs.gov/earthquakes/eventpage/usp000hvpg","detail":"https://earthquake.usgs.gov/fdsnws/event/1/query?eventid=usp000hvpg&format=geojson","felt":28,"cdi":6.8,"mmi":4.081,"alert":null,"status":"reviewed","tsunami":0,"sig":931,"net":"us","code":"p000hvpg","ids":",usc0001xig,usp000hvpg,iscgem16304073,","sources":",us,us,iscgem,","types":",associate,dyfi,general-text,impact-text,moment-tensor,origin,phase-data,poster,shakemap,","nst":507,"dmin":null,"rms":0.85,"gap":10.8,"magType":"mwc","type":"earthquake","title":"M 7.7 - 272 km ESE of Kamaishi, Japan"},"geometry":{"type":"Point","coordinates":[144.59,38.058,18.6]},"id":"usp000hvpg"},
{"type":"Feature","properties":{"mag":7.1,"place":"29 km ESE of Ishinomaki, Japan","time":1302186763290,"updated":1757793080598,"tz":null,"url":"https://earthquake.usgs.gov/earthquakes/eventpage/usp000hzf6","detail":"https://earthquake.usgs.gov/fdsnws/event/1/query?eventid=usp000hzf6&format=geojson","felt":432,"cdi":7.8,"mmi":7.702,"alert":null,"status":"reviewed","tsunami":0,"sig":1112,"net":"us","code":"p000hzf6","ids":",usc0002ksa,atlas20110407143200,atlas20110407143243,usp000hzf6,choy20110407143243,duputel201104071432a,iscgem16413596,","sources":",us,atlas,atlas,us,choy,duputel,iscgem,","types":",associate,dyfi,finite-fault,focal-mechanism,general-text,impact-text,moment-tensor,origin,phase-data,poster,shakemap,trump-shakemap,","nst":446,"dmin":null,"rms":0.94,"gap":17.7,"magType":"mww","type":"earthquake","title":"M 7.1 - 29 km ESE of Ishinomaki, Japan"},"geometry":{"type":"Point","coordinates":[141.588,38.276,42]},"id":"usp000hzf6"},
{"type":"Feature","properties":{"mag":7.3,"place":"Fox Islands, Aleutian Islands, Alaska","time":1308884979470,"updated":1658255680771,"tz":null,"url":"https://earthquake.usgs.gov/earthquakes/eventpage/usp000j3mq","detail":"https://earthquake.usgs.gov/fdsnws/event/1/query?eventid=usp000j3mq&format=geojson","felt":29,"cdi":5.8,"mmi":null,"alert":null,"status":"reviewed","tsunami":0,"sig":837,"net":"us","code":"p000j3mq","ids":",usp000j3mq,usc0004f5m,choy20110624030939,duputel201106240309a,ak01181gw1jb,iscgem602897721,","sources":",us,us,choy,duputel,ak,iscgem,","types":",associate,dyfi,focal-mechanism,general-text,impact-text,moment-tensor,origin,phase-data,poster,","nst":791,"dmin":null,"rms":1.05,"gap":15.3,"magType":"mww","type":"earthquake","title":"M 7.3 - Fox Islands, Aleutian Islands, Alaska"},"geometry":{"type":"Point","coordinates":[-171.836,52.05,52]},"id":"usp000j3mq"},
{"type":"Feature","properties":{"mag":7.6,"place":"Kermadec Islands region","time":1309978998260,"updated":1658259133101,"tz":null,"url":"https://earthquake.usgs.gov/earthquakes/eventpage/usp000j48h","detail":"https://earthquake.usgs.gov/fdsnws/event/1/query?eventid=usp000j48h&format=geojson","felt":17,"cdi":2.5,"mmi":6.863,"alert":null,"status":"reviewed","tsunami":0,"sig":893,"net":"us","code":"p000j48h","ids":",usc0004pbm,usp000j48h,choy20110706190318,duputel201107061903a,iscgem16719025,","sources":",us,us,choy,duputel,iscgem,","types":",associate,dyfi,finite-fault,focal-mechanism,general-text,impact-text,moment-tensor,origin,phase-data,poster,shakemap,","nst":567,"dmin":null,"rms":1.17,"gap":33.5,"magType":"mww","type":"earthquake","title":"M 7.6 - Kermadec Islands region"},"geometry":{"type":"Point","coordinates":[-176.34,-29.539,17]},"id":"usp000j48h"},
{"type":"Feature","properties":{"mag":7,"place":"177 km ESE of Ishinomaki, Japan","time":1310259430800,"updated":1662468353236,"tz":null,"url":"https://earthquake.usgs.gov/earthquakes/eventpage/usp000j4gp","detail":"https://earthquake.usgs.gov/fdsnws/event/1/query?eventid=usp000j4gp&format=geojson","felt":215,"cdi":5.3,"mmi":null,"alert":null,"status":"reviewed","tsunami":0,"sig":868,"net":"us","code":"p000j4gp","ids":",usc0004sg6,usp000j4gp,choy20110710005710,duputel201107100057a,iscgem16722944,","sources":",us,us,choy,duputel,iscgem,","types":",associate,dyfi,focal-mechanism,general-text,impact-text,moment-tensor,origin,phase-data,poster,","nst":531,"dmin":null,"rms":1.04,"gap":12.4,"magType":"mww","type":"earthquake","title":"M 7.0 - 177 km ESE of Ishinomaki, Japan"},"geometry":{"type":"Point","coordinates":[143.264,38.034,23]},"id":"usp000j4gp"},
{"type":"Feature","properties":{"mag":7.2,"place":"71 km SSW of Port-Vila, Vanuatu","time":1313859302810,"updated":1718646864768,"tz":null,"url":"https://earthquake.usgs.gov/earthquakes/eventpage/usp000j6r4","detail":"https://earthquake.usgs.gov/fdsnws/event/1/query?eventid=usp000j6r4&format=geojson","felt":25,"cdi":7.7,"mmi":5.699,"alert":null,"status":"reviewed","tsunami":0,"sig":817,"net":"us","code":"p000j6r4","ids":",usp000j6r4,usc0005h9f,choy20110820165502,duputel201108201655a,iscgem16990846,atlas20110820165502,","sources":",us,us,choy,duputel,iscgem,atlas,","types":",associate,dyfi,finite-fault,focal-mechanism,general-text,impact-text,moment-tensor,origin,phase-data,shakemap,trump-shakemap,","nst":280,"dmin":null,"rms":1.26,"gap":18.4,"magType":"mww","type":"earthquake","title":"M 7.2 - 71 km SSW of Port-Vila, Vanuatu"},"geometry":{"type":"Point","coordinates":[168.143,-18.365,32]},"id":"usp000j6r4"},
{"type":"Feature","properties":{"mag":7.1,"place":"64 km S of Port-Vila, Vanuatu","time":1313864363550,"updated":1718646946275,"tz":null,"url":"https://earthquake.usgs.gov/earthquakes/eventpage/usp000j6rj","detail":"https://earthquake.usgs.gov/fdsnws/event/1/query?eventid=usp000j6rj&format=geojson","felt":23,"cdi":5.5,"mmi":5.819,"alert":null,"status":"reviewed","tsunami":0,"sig":788,"net":"us","code":"p000j6rj","ids":",usp000j6rj,usc0005hbt,choy20110820181923,atlas20110820181923,iscgem603237745,","sources":",us,us,choy,atlas,iscgem,","types":",associate,dyfi,focal-mechanism,general-text,impact-text,moment-tensor,origin,phase-data,poster,shakemap,trump-shakemap,","nst":564,"dmin":null,"rms":1.07,"gap":12.3,"magType":"mww","type":"earthquake","title":"M 7.1 - 64 km S of Port-Vila, Vanuatu"},"geometry":{"type":"Point","coordinates":[168.218,-18.311,28]},"id":"usp000j6rj"},
{"type":"Feature","properties":{"mag":7,"place":"64 km ESE of Contamana, Peru","time":1314207971650,"updated":1649456450746,"tz":null,"url":"https://earthquake.usgs.gov/earthquakes/eventpage/usp000j6z8","detail":"https://earthquake.usgs.gov/fdsnws/event/1/query?eventid=usp000j6z8&format=geojson","felt":270,"cdi":5.9,"mmi":5.983,"alert":null,"status":"reviewed","tsunami":0,"sig":913,"net":"us","code":"p000j6z8","ids":",usc0005j3l,usp000j6z8,duputel201108241746a,iscgem603237785,atlas20110824174611,","sources":",us,us,duputel,iscgem,atlas,","types":",associate,dyfi,general-text,impact-text,moment-tensor,origin,phase-data,poster,shakemap,trump-shakemap,","nst":471,"dmin":null,"rms":0.87,"gap":26.9,"magType":"mww","type":"earthquake","title":"M 7.0 - 64 km ESE of Contamana, Peru"},"geometry":{"type":"Point","coordinates":[-74.525,-7.641,147]},"id":"usp000j6z8"},
{"type":"Feature","properties":{"mag":7,"place":"133 km SSE of Isangel, Vanuatu","time":1315090540920,"updated":1718647026475,"tz":null,"url":"https://earthquake.usgs.gov/earthquakes/eventpage/usp000j7jb","detail":"https://earthquake.usgs.gov/fdsnws/event/1/query?eventid=usp000j7jb&format=geojson","felt":14,"cdi":6.7,"mmi":5.296,"alert":null,"status":"reviewed","tsunami":0,"sig":763,"net":"us","code":"p000j7jb","ids":",usc0005ntq,usp000j7jb,duputel201109032255a,atlas20110903225540,iscgem603334728,","sources":",us,us,duputel,atlas,iscgem,","types":",associate,dyfi,general-text,impact-text,moment-tensor,origin,phase-data,poster,shakemap,","nst":406,"dmin":null,"rms":0.99,"gap":15.3,"magType":"mww","type":"earthquake","title":"M 7.0 - 133 km SSE of Isangel, Vanuatu"},"geometry":{"type":"Point","coordinates":[169.716,-20.671,185.1]},"id":"usp000j7jb"},
{"type":"Feature","properties":{"mag":7.3,"place":"Fiji region","time":1316115064080,"updated":1649455497338,"tz":null,"url":"https://earthquake.usgs.gov/earthquakes/eventpage/usp000j83e","detail":"https://earthquake.usgs.gov/fdsnws/event/1/query?eventid=usp000j83e&format=geojson","felt":9,"cdi":2,"mmi":null,"alert":null,"status":"reviewed","tsunami":0,"sig":822,"net":"us","code":"p000j83e","ids":",usc0005vcv,usp000j83e,duputel201109151931a,iscgem17227549,","sources":",us,us,duputel,iscgem,","types":",associate,dyfi,general-text,impact-text,moment-tensor,origin,phase-data,poster,","nst":646,"dmin":null,"rms":1.06,"gap":22.2,"magType":"mww","type":"earthquake","title":"M 7.3 - Fiji region"},"geometry":{"type":"Point","coordinates":[-179.528,-21.611,644.6]},"id":"usp000j83e"},
{"type":"Feature","properties":{"mag":7.4,"place":"Kermadec Islands region","time":1319219836100,"updated":1649455715801,"tz":null,"url":"https://earthquake.usgs.gov/earthquakes/eventpage/usp000j9nm","detail":"https://earthquake.usgs.gov/fdsnws/event/1/query?eventid=usp000j9nm&format=geojson","felt":7,"cdi":3,"mmi":null,"alert":null,"status":"reviewed","tsunami":0,"sig":845,"net":"us","code":"p000j9nm","ids":",usb0006b6p,usp000j9nm,choy20111021175716,duputel201110211757a,iscgem17391497,","sources":",us,us,choy,duputel,iscgem,","types":",associate,dyfi,finite-fault,focal-mechanism,general-text,impact-text,moment-tensor,origin,phase-data,poster,","nst":707,"dmin":null,"rms":0.87,"gap":14.8,"magType":"mww","type":"earthquake","title":"M 7.4 - Kermadec Islands region"},"geometry":{"type":"Point","coordinates":[-176.238,-28.993,33]},"id":"usp000j9nm"},
{"type":"Feature","properties":{"mag":7.1,"place":"27 km NNE of Van, Turkey","time":1319366483250,"updated":1700595434503,"tz":null,"url":"https://earthquake.usgs.gov/earthquakes/eventpage/usp000j9rr","detail":"https://earthquake.usgs.gov/fdsnws/event/1/query?eventid=usp000j9rr&format=geojson","felt":351,"cdi":8.6,"mmi":8.909,"alert":null,"status":"reviewed","tsunami":0,"sig":1077,"net":"us","code":"p000j9rr","ids":",usb0006bqc,usp000j9rr,choy20111023104122,duputel201110231041a,atlas20111023104121,iscgem17394270,","sources":",us,us,choy,duputel,atlas,iscgem,","types":",associate,dyfi,finite-fault,focal-mechanism,general-text,ground-failure,impact-text,moment-tensor,origin,phase-data,poster,shakemap,trump-shakemap,","nst":693,"dmin":null,"rms":0.93,"gap":19.7,"magType":"mww","type":"earthquake","title":"M 7.1 - 27 km NNE of Van, Turkey"},"geometry":{"type":"Point","coordinates":[43.508,38.721,18]},"id":"usp000j9rr"},
{"type":"Feature","properties":{"mag":7.1,"place":"25 km SSE of Wau, Papua New Guinea","time":1323839098630,"updated":1649449465265,"tz":null,"url":"https://earthquake.usgs.gov/earthquakes/eventpage/usp000jc5z","detail":"https://earthquake.usgs.gov/fdsnws/event/1/query?eventid=usp000jc5z&format=geojson","felt":105,"cdi":5.6,"mmi":6.062,"alert":null,"status":"reviewed","tsunami":0,"sig":834,"net":"us","code":"p000jc5z","ids":",usc00076e5,choy20111214050459,usp000jc5z,duputel201112140504a,iscgem600043857,atlas20111214050459,","sources":",us,choy,us,duputel,iscgem,atlas,","types":",associate,dyfi,focal-mechanism,general-text,impact-text,moment-tensor,origin,phase-data,poster,shakemap,trump-shakemap,","nst":485,"dmin":null,"rms":0.78,"gap":10.6,"magType":"mww","type":"earthquake","title":"M 7.1 - 25 km SSE of Wau, Papua New Guinea"},"geometry":{"type":"Point","coordinates":[146.809,-7.551,135]},"id":"usp000jc5z"},
{"type":"Feature","properties":{"mag":7.2,"place":"off the west coast of northern Sumatra","time":1326220619080,"updated":1718516930799,"tz":null,"url":"https://earthquake.usgs.gov/earthquakes/eventpage/usp000jdar","detail":"https://earthquake.usgs.gov/fdsnws/event/1/query?eventid=usp000jdar&format=geojson","felt":81,"cdi":6.1,"mmi":3.693,"alert":null,"status":"reviewed","tsunami":0,"sig":847,"net":"us","code":"p000jdar","ids":",usc0007ir5,usp000jdar,choy20120110183659,duputel201201101837a,iscgem600178769,atlas20120110183659,","sources":",us,us,choy,duputel,iscgem,atlas,","types":",associate,dyfi,finite-fault,focal-mechanism,general-text,impact-text,moment-tensor,origin,phase-data,poster,shakemap,","nst":443,"dmin":null,"rms":1.09,"gap":17,"magType":"mww","type":"earthquake","title":"M 7.2 - off the west coast of northern Sumatra"},"geometry":{"type":"Point","coordinates":[93.21,2.433,19]},"id":"usp000jdar"},
{"type":"Feature","properties":{"mag":7.1,"place":"125 km W of Port-Vila, Vanuatu","time":1328189680650,"updated":1718649972849,"tz":null,"url":"https://earthquake.usgs.gov/earthquakes/eventpage/usp000jeag","detail":"https://earthquake.usgs.gov/fdsnws/event/1/query?eventid=usp000jeag&format=geojson","felt":27,"cdi":4.9,"mmi":4.634,"alert":null,"status":"reviewed","tsunami":0,"sig":789,"net":"us","code":"p000jeag","ids":",usb0007uiv,usp000jeag,choy20120202133440,duputel201202021334a,iscgem600766230,atlas20120202133440,","sources":",us,us,choy,duputel,iscgem,atlas,","types":",associate,dyfi,focal-mechanism,general-text,impact-text,moment-tensor,origin,phase-data,poster,shakemap,","nst":573,"dmin":null,"rms":1.07,"gap":12,"magType":"mww","type":"earthquake","title":"M 7.1 - 125 km W of Port-Vila, Vanuatu"},"geometry":{"type":"Point","coordinates":[167.133,-17.827,23]},"id":"usp000jeag"},
{"type":"Feature","properties":{"mag":7.4,"place":"6 km E of Santiago Llano Grande, Mexico","time":1332266567440,"updated":1651592049063,"tz":null,"url":"https://earthquake.usgs.gov/earthquakes/eventpage/usp000jghj","detail":"https://earthquake.usgs.gov/fdsnws/event/1/query?eventid=usp000jghj&format=geojson","felt":2552,"cdi":9.1,"mmi":7.577,"alert":null,"status":"reviewed","tsunami":0,"sig":1752,"net":"us","code":"p000jghj","ids":",usp000jghj,usc0008m6h,choy20120320180247,duputel201203201802a,iscgem600800706,atlas20120320180247,","sources":",us,us,choy,duputel,iscgem,atlas,","types":",associate,dyfi,finite-fault,focal-mechanism,general-text,impact-text,moment-tensor,origin,phase-data,shakemap,","nst":672,"dmin":null,"rms":0.98,"gap":37.9,"magType":"mww","type":"earthquake","title":"M 7.4 - 6 km E of Santiago Llano Grande, Mexico"},"geometry":{"type":"Point","coordinates":[-98.231,16.493,20]},"id":"usp000jghj"},
{"type":"Feature","properties":{"mag":7.1,"place":"23 km NE of Constitución, Chile","time":1332715026000,"updated":1757793676636,"tz":null,"url":"https://earthquake.usgs.gov/earthquakes/eventpage/usp000jgsw","detail":"https://earthquake.usgs.gov/fdsnws/event/1/query?eventid=usp000jgsw&format=geojson","felt":1122,"cdi":7.5,"mmi":7.013,"alert":null,"status":"reviewed","tsunami":0,"sig":1526,"net":"us","code":"p000jgsw","ids":",usp000jgsw,usc0008pwq,choy20120325223706,duputel201203252237a,iscgem600841739,atlas20120325223706,","sources":",us,us,choy,duputel,iscgem,atlas,","types":",associate,dyfi,focal-mechanism,general-text,impact-text,moment-tensor,origin,phase-data,poster,shakemap,","nst":553,"dmin":null,"rms":null,"gap":15.2,"magType":"mww","type":"earthquake","title":"M 7.1 - 23 km NE of Constitución, Chile"},"geometry":{"type":"Point","coordinates":[-72.217,-35.2,40.7]},"id":"usp000jgsw"},
{"type":"Feature","properties":{"mag":8.6,"place":"2012 Wharton Basin Earthquake","time":1334133516720,"updated":1764176327655,"tz":null,"url":"https://earthquake.usgs.gov/earthquakes/eventpage/official20120411083836720_20","detail":"https://earthquake.usgs.gov/fdsnws/event/1/query?eventid=official20120411083836720_20&format=geojson","felt":3311,"cdi":9.1,"mmi":6.755,"alert":"yellow","status":"reviewed","tsunami":0,"sig":2048,"net":"official","code":"20120411083836720_20","ids":",usp000jhh2,usc000905e,official20120411083836720_20,duputel201204110838a,iscgem600860404,atlas20120411083836,","sources":",us,us,official,duputel,iscgem,atlas,","types":",associate,dyfi,earthquake-name,finite-fault,focal-mechanism,general-header,general-text,impact-text,losspager,moment-tensor,origin,phase-data,poster,shakemap,trump-origin,trump-phase-data,trump-shakemap,","nst":499,"dmin":null,"rms":1.33,"gap":16.6,"magType":"mw","type":"earthquake","title":"M 8.6 - 2012 Wharton Basin Earthquake"},"geometry":{"type":"Point","coordinates":[93.063,2.327,20]},"id":"official20120411083836720_20"},
{"type":"Feature","properties":{"mag":8.2,"place":"2012 Wharton Basin Aftershock","time":1334140990850,"updated":1753369146256,"tz":null,"url":"https://earthquake.usgs.gov/earthquakes/eventpage/usp000jhjb","detail":"https://earthquake.usgs.gov/fdsnws/event/1/query?eventid=usp000jhjb&format=geojson","felt":196,"cdi":9.1,"mmi":5.615,"alert":"green","status":"reviewed","tsunami":0,"sig":1213,"net":"us","code":"p000jhjb","ids":",usc00090da,usp000jhjb,iscgem600860502,","sources":",us,us,iscgem,","types":",associate,dyfi,earthquake-name,general-text,impact-text,losspager,moment-tensor,origin,phase-data,shakemap,","nst":341,"dmin":null,"rms":0.9,"gap":14.9,"magType":"mwc","type":"earthquake","title":"M 8.2 - 2012 Wharton Basin Aftershock"},"geometry":{"type":"Point","coordinates":[92.463,0.802,25.1]},"id":"usp000jhjb"},
{"type":"Feature","properties":{"mag":7,"place":"69 km ENE of San Luis, Mexico","time":1334214948500,"updated":1651592180092,"tz":null,"url":"https://earthquake.usgs.gov/earthquakes/eventpage/usp000jhr6","detail":"https://earthquake.usgs.gov/fdsnws/event/1/query?eventid=usp000jhr6&format=geojson","felt":362,"cdi":6.8,"mmi":6.908,"alert":null,"status":"reviewed","tsunami":0,"sig":1000,"net":"us","code":"p000jhr6","ids":",usc00091a1,choy20120412071548,usp000jhr6,iscgem600872957,atlas20120412071548,","sources":",us,choy,us,iscgem,atlas,","types":",associate,dyfi,focal-mechanism,general-text,impact-text,moment-tensor,origin,phase-data,shakemap,","nst":474,"dmin":null,"rms":1.18,"gap":95.9,"magType":"mww","type":"earthquake","title":"M 7.0 - 69 km ENE of San Luis, Mexico"},"geometry":{"type":"Point","coordinates":[-113.104,28.696,13]},"id":"usp000jhr6"},
{"type":"Feature","properties":{"mag":7.7,"place":"156 km ENE of Poronaysk, Russia","time":1344913178460,"updated":1718654264940,"tz":null,"url":"https://earthquake.usgs.gov/earthquakes/eventpage/usp000jq9h","detail":"https://earthquake.usgs.gov/fdsnws/event/1/query?eventid=usp000jq9h&format=geojson","felt":47,"cdi":6.8,"mmi":4.278,"alert":null,"status":"reviewed","tsunami":0,"sig":944,"net":"us","code":"p000jq9h","ids":",usp000jq9h,usc000bz29,choy20120814025938,iscgem601562030,atlas20120814025942,","sources":",us,us,choy,iscgem,atlas,","types":",associate,dyfi,focal-mechanism,general-text,impact-text,moment-tensor,origin,phase-data,shakemap,","nst":862,"dmin":null,"rms":0.83,"gap":13.8,"magType":"mww","type":"earthquake","title":"M 7.7 - 156 km ENE of Poronaysk, Russia"},"geometry":{"type":"Point","coordinates":[145.064,49.8,583.2]},"id":"usp000jq9h"},
{"type":"Feature","properties":{"mag":7.3,"place":"126 km S of Puerto El Triunfo, El Salvador","time":1346042239430,"updated":1651592895643,"tz":null,"url":"https://earthquake.usgs.gov/earthquakes/eventpage/usp000jqvm","detail":"https://earthquake.usgs.gov/fdsnws/event/1/query?eventid=usp000jqvm&format=geojson","felt":334,"cdi":5.2,"mmi":4.941,"alert":null,"status":"reviewed","tsunami":0,"sig":994,"net":"us","code":"p000jqvm","ids":",usp000jqvm,usc000c7yw,choy20120827043719,iscgem601626911,atlas20120827043719,","sources":",us,us,choy,iscgem,atlas,","types":",associate,dyfi,finite-fault,focal-mechanism,general-text,impact-text,moment-tensor,origin,phase-data,poster,shakemap,","nst":417,"dmin":null,"rms":1.3,"gap":37,"magType":"mww","type":"earthquake","title":"M 7.3 - 126 km S of Puerto El Triunfo, El Salvador"},"geometry":{"type":"Point","coordinates":[-88.59,12.139,28]},"id":"usp000jqvm"},
{"type":"Feature","properties":{"mag":7.6,"place":"89 km E of Sulangan, Philippines","time":1346417253380,"updated":1651592926699,"tz":null,"url":"https://earthquake.usgs.gov/earthquakes/eventpage/usp000jr83","detail":"https://earthquake.usgs.gov/fdsnws/event/1/query?eventid=usp000jr83&format=geojson","felt":287,"cdi":7.9,"mmi":5.246,"alert":null,"status":"reviewed","tsunami":0,"sig":1115,"net":"us","code":"p000jr83","ids":",usp000jr83,usc000cc5m,choy20120831124733,iscgem601667544,atlas20120831124733,","sources":",us,us,choy,iscgem,atlas,","types":",associate,dyfi,finite-fault,focal-mechanism,general-text,impact-text,moment-tensor,origin,phase-data,poster,shakemap,","nst":682,"dmin":null,"rms":1.02,"gap":10.2,"magType":"mww","type":"earthquake","title":"M 7.6 - 89 km E of Sulangan, Philippines"},"geometry":{"type":"Point","coordinates":[126.638,10.811,28]},"id":"usp000jr83"},
{"type":"Feature","properties":{"mag":7.6,"place":"11 km ENE of Hojancha, Costa Rica","time":1346856127800,"updated":1735890181170,"tz":null,"url":"https://earthquake.usgs.gov/earthquakes/eventpage/usp000jrsw","detail":"https://earthquake.usgs.gov/fdsnws/event/1/query?eventid=usp000jrsw&format=geojson","felt":769,"cdi":8.2,"mmi":7.172,"alert":null,"status":"reviewed","tsunami":0,"sig":1519,"net":"us","code":"p000jrsw","ids":",usp000jrsw,usc000cfsd,choy20120905144207,atlas20120905144207,iscgem601675877,","sources":",us,us,choy,atlas,iscgem,","types":",associate,dyfi,finite-fault,focal-mechanism,general-text,ground-failure,impact-text,moment-tensor,origin,phase-data,poster,shakemap,trump-shakemap,","nst":703,"dmin":null,"rms":1.2,"gap":34.3,"magType":"mww","type":"earthquake","title":"M 7.6 - 11 km ENE of Hojancha, Costa Rica"},"geometry":{"type":"Point","coordinates":[-85.315,10.085,35]},"id":"usp000jrsw"},
{"type":"Feature","properties":{"mag":7.3,"place":"11 km WNW of San Agustín, Colombia","time":1349022695970,"updated":1651593070914,"tz":null,"url":"https://earthquake.usgs.gov/earthquakes/eventpage/usp000jta1","detail":"https://earthquake.usgs.gov/fdsnws/event/1/query?eventid=usp000jta1&format=geojson","felt":599,"cdi":6.7,"mmi":5.795,"alert":null,"status":"reviewed","tsunami":0,"sig":1221,"net":"us","code":"p000jta1","ids":",us2012gdap,choy20120930163136,usp000jta1,iscgem601768557,atlas20120930163135,","sources":",us,choy,us,iscgem,atlas,","types":",associate,dyfi,focal-mechanism,general-text,impact-text,moment-tensor,origin,phase-data,shakemap,","nst":934,"dmin":null,"rms":0.87,"gap":15.5,"magType":"mww","type":"earthquake","title":"M 7.3 - 11 km WNW of San Agustín, Colombia"},"geometry":{"type":"Point","coordinates":[-76.362,1.929,170]},"id":"usp000jta1"},
{"type":"Feature","properties":{"mag":7.8,"place":"206 km SW of Prince Rupert, Canada","time":1351393448820,"updated":1683841767670,"tz":null,"url":"https://earthquake.usgs.gov/earthquakes/eventpage/usp000juhz","detail":"https://earthquake.usgs.gov/fdsnws/event/1/query?eventid=usp000juhz&format=geojson","felt":1643,"cdi":5,"mmi":6.897,"alert":null,"status":"reviewed","tsunami":0,"sig":1436,"net":"us","code":"p000juhz","ids":",usp000juhz,usb000df7n,choy20121028030408,iscgem603860908,atlas20121028030408,","sources":",us,us,choy,iscgem,atlas,","types":",associate,dyfi,finite-fault,focal-mechanism,general-text,ground-failure,impact-text,moment-tensor,origin,phase-data,poster,shakemap,","nst":807,"dmin":null,"rms":0.99,"gap":42.7,"magType":"mww","type":"earthquake","title":"M 7.8 - 206 km SW of Prince Rupert, Canada"},"geometry":{"type":"Point","coordinates":[-132.101,52.788,14]},"id":"usp000juhz"},
{"type":"Feature","properties":{"mag":7.4,"place":"33 km S of Champerico, Guatemala","time":1352306146930,"updated":1729838167691,"tz":null,"url":"https://earthquake.usgs.gov/earthquakes/eventpage/usp000jv5f","detail":"https://earthquake.usgs.gov/fdsnws/event/1/query?eventid=usp000jv5f&format=geojson","felt":728,"cdi":8.1,"mmi":7.13,"alert":"yellow","status":"reviewed","tsunami":0,"sig":1432,"net":"us","code":"p000jv5f","ids":",usb000dlwm,usp000jv5f,choy20121107163546,iscgem601879562,atlas20121107163546,","sources":",us,us,choy,iscgem,atlas,","types":",associate,dyfi,focal-mechanism,general-text,ground-failure,impact-text,losspager,moment-tensor,origin,phase-data,poster,shakemap,","nst":751,"dmin":null,"rms":1.27,"gap":25.5,"magType":"mww","type":"earthquake","title":"M 7.4 - 33 km S of Champerico, Guatemala"},"geometry":{"type":"Point","coordinates":[-91.895,13.988,24]},"id":"usp000jv5f"},
{"type":"Feature","properties":{"mag":7.3,"place":"234 km SE of ?funato, Japan","time":1354868303130,"updated":1771365983752,"tz":null,"url":"https://earthquake.usgs.gov/earthquakes/eventpage/usp000jwjn","detail":"https://earthquake.usgs.gov/fdsnws/event/1/query?eventid=usp000jwjn&format=geojson","felt":320,"cdi":6.3,"mmi":5.066,"alert":null,"status":"reviewed","tsunami":0,"sig":1021,"net":"us","code":"p000jwjn","ids":",usc000e5n4,usp000jwjn,iscgem602005586,choy20121207081823,iscgem607215270,atlas20121207081823,","sources":",us,us,iscgem,choy,iscgem,atlas,","types":",associate,dyfi,focal-mechanism,general-text,impact-text,moment-tensor,origin,phase-data,poster,shakemap,","nst":918,"dmin":null,"rms":0.91,"gap":14.8,"magType":"mww","type":"earthquake","title":"M 7.3 - 234 km SE of ?funato, Japan"},"geometry":{"type":"Point","coordinates":[143.949,37.89,31]},"id":"usp000jwjn"},
{"type":"Feature","properties":{"mag":7.1,"place":"Banda Sea","time":1355158388770,"updated":1651597128046,"tz":null,"url":"https://earthquake.usgs.gov/earthquakes/eventpage/usp000jwt8","detail":"https://earthquake.usgs.gov/fdsnws/event/1/query?eventid=usp000jwt8&format=geojson","felt":134,"cdi":5,"mmi":5.186,"alert":null,"status":"reviewed","tsunami":0,"sig":843,"net":"us","code":"p000jwt8","ids":",usc000e7j6,choy20121210165308,usp000jwt8,iscgem605137262,","sources":",us,choy,us,iscgem,","types":",associate,dyfi,focal-mechanism,general-text,impact-text,moment-tensor,origin,phase-data,poster,shakemap,","nst":517,"dmin":null,"rms":0.95,"gap":8.7,"magType":"mww","type":"earthquake","title":"M 7.1 - Banda Sea"},"geometry":{"type":"Point","coordinates":[129.825,-6.533,155]},"id":"usp000jwt8"},
{"type":"Feature","properties":{"mag":7.5,"place":"110 km SW of Edna Bay, Alaska","time":1357376294957,"updated":1651593770203,"tz":null,"url":"https://earthquake.usgs.gov/earthquakes/eventpage/ak0138esnzr","detail":"https://earthquake.usgs.gov/fdsnws/event/1/query?eventid=ak0138esnzr&format=geojson","felt":1034,"cdi":5.6,"mmi":5.719,"alert":null,"status":"reviewed","tsunami":0,"sig":1425,"net":"ak","code":"0138esnzr","ids":",usc000ejqv,usp000jxum,choy20130105085819,iscgem602213332,ak0138esnzr,atlas20130105085819,","sources":",us,us,choy,iscgem,ak,atlas,","types":",associate,dyfi,finite-fault,focal-mechanism,general-text,impact-text,moment-tensor,origin,phase-data,poster,shakemap,","nst":null,"dmin":null,"rms":1.51,"gap":null,"magType":"mw","type":"earthquake","title":"M 7.5 - 110 km SW of Edna Bay, Alaska"},"geometry":{"type":"Point","coordinates":[-134.8591,55.228,8.7]},"id":"ak0138esnzr"},
{"type":"Feature","properties":{"mag":8,"place":"2013 Santa Cruz Islands Earthquake","time":1360113145830,"updated":1764175241556,"tz":null,"url":"https://earthquake.usgs.gov/earthquakes/eventpage/usc000f1s0","detail":"https://earthquake.usgs.gov/fdsnws/event/1/query?eventid=usc000f1s0&format=geojson","felt":11,"cdi":7.9,"mmi":7.198,"alert":"green","status":"reviewed","tsunami":1,"sig":993,"net":"us","code":"c000f1s0","ids":",pt13037001,at00mhry0j,usc000f1s0,choy20130206011225,iscgem602419452,atlas20130206011227,","sources":",pt,at,us,choy,iscgem,atlas,","types":",cap,dyfi,earthquake-name,finite-fault,focal-mechanism,general-text,impact-link,impact-text,losspager,moment-tensor,origin,phase-data,poster,scitech-link,shakemap,","nst":460,"dmin":null,"rms":1.29,"gap":20.9,"magType":"mww","type":"earthquake","title":"M 8.0 - 2013 Santa Cruz Islands Earthquake"},"geometry":{"type":"Point","coordinates":[165.114,-10.799,24]},"id":"usc000f1s0"},
{"type":"Feature","properties":{"mag":7.1,"place":"112 km WSW of Lata, Solomon Islands","time":1360113799760,"updated":1651593912368,"tz":null,"url":"https://earthquake.usgs.gov/earthquakes/eventpage/usc000f1se","detail":"https://earthquake.usgs.gov/fdsnws/event/1/query?eventid=usc000f1se&format=geojson","felt":null,"cdi":null,"mmi":5.157,"alert":"green","status":"reviewed","tsunami":0,"sig":776,"net":"us","code":"c000f1se","ids":",usc000f1se,iscgem602419455,atlas20130206012319,","sources":",us,iscgem,atlas,","types":",general-text,impact-text,losspager,moment-tensor,origin,phase-data,scitech-link,shakemap,","nst":550,"dmin":null,"rms":1.19,"gap":18.4,"magType":"mww","type":"earthquake","title":"M 7.1 - 112 km WSW of Lata, Solomon Islands"},"geometry":{"type":"Point","coordinates":[164.882,-11.183,10]},"id":"usc000f1se"},
{"type":"Feature","properties":{"mag":7,"place":"33 km NW of Lata, Solomon Islands","time":1360115654610,"updated":1651598255201,"tz":null,"url":"https://earthquake.usgs.gov/earthquakes/eventpage/usc000f1ts","detail":"https://earthquake.usgs.gov/fdsnws/event/1/query?eventid=usc000f1ts&format=geojson","felt":null,"cdi":null,"mmi":6.051,"alert":"green","status":"reviewed","tsunami":0,"sig":754,"net":"us","code":"c000f1ts","ids":",usc000f1ts,iscgem606935895,atlas20130206015415,","sources":",us,iscgem,atlas,","types":",general-text,impact-text,losspager,moment-tensor,origin,phase-data,scitech-link,shakemap,","nst":445,"dmin":null,"rms":1.22,"gap":17.5,"magType":"mww","type":"earthquake","title":"M 7.0 - 33 km NW of Lata, Solomon Islands"},"geometry":{"type":"Point","coordinates":[165.588,-10.499,8.8]},"id":"usc000f1ts"},
{"type":"Feature","properties":{"mag":7.1,"place":"32 km SE of Lata, Solomon Islands","time":1360337198470,"updated":1658684485339,"tz":null,"url":"https://earthquake.usgs.gov/earthquakes/eventpage/usc000f40j","detail":"https://earthquake.usgs.gov/fdsnws/event/1/query?eventid=usc000f40j&format=geojson","felt":5,"cdi":8.7,"mmi":6.492,"alert":"green","status":"reviewed","tsunami":1,"sig":780,"net":"us","code":"c000f40j","ids":",usc000f40j,choy20130208152638,at00mhwqwe,pt13039002,iscgem602563705,atlas20130208152638,","sources":",us,choy,at,pt,iscgem,atlas,","types":",dyfi,finite-fault,focal-mechanism,general-text,impact-link,impact-text,losspager,moment-tensor,origin,phase-data,scitech-link,shakemap,","nst":334,"dmin":null,"rms":0.92,"gap":16.5,"magType":"mww","type":"earthquake","title":"M 7.1 - 32 km SE of Lata, Solomon Islands"},"geometry":{"type":"Point","coordinates":[166.018,-10.928,21]},"id":"usc000f40j"},
{"type":"Feature","properties":{"mag":7,"place":"260 km WSW of Abepura, Indonesia","time":1365223355860,"updated":1658702523110,"tz":null,"url":"https://earthquake.usgs.gov/earthquakes/eventpage/usb000g13s","detail":"https://earthquake.usgs.gov/fdsnws/event/1/query?eventid=usb000g13s&format=geojson","felt":3,"cdi":2.9,"mmi":6.6,"alert":"green","status":"reviewed","tsunami":1,"sig":755,"net":"us","code":"b000g13s","ids":",pt13096001,at00mkth32,usb000g13s,iscgem602761452,atlas20130406044235,","sources":",pt,at,us,iscgem,atlas,","types":",cap,dyfi,focal-mechanism,general-text,impact-link,impact-text,losspager,moment-tensor,origin,phase-data,poster,scitech-link,shakemap,","nst":640,"dmin":null,"rms":0.81,"gap":11.4,"magType":"mww","type":"earthquake","title":"M 7.0 - 260 km WSW of Abepura, Indonesia"},"geometry":{"type":"Point","coordinates":[138.476,-3.517,66]},"id":"usb000g13s"},
{"type":"Feature","properties":{"mag":7.7,"place":"79 km ESE of Kh?sh, Iran","time":1366109060180,"updated":1658706043236,"tz":null,"url":"https://earthquake.usgs.gov/earthquakes/eventpage/usb000g7x7","detail":"https://earthquake.usgs.gov/fdsnws/event/1/query?eventid=usb000g7x7&format=geojson","felt":644,"cdi":7.9,"mmi":8.285,"alert":"yellow","status":"reviewed","tsunami":0,"sig":1421,"net":"us","code":"b000g7x7","ids":",usb000g7x7,iscgem606824152,atlas20130416104420,","sources":",us,iscgem,atlas,","types":",dyfi,finite-fault,focal-mechanism,general-text,impact-text,losspager,moment-tensor,origin,phase-data,poster,scitech-link,shakemap,","nst":506,"dmin":null,"rms":1.09,"gap":26.6,"magType":"mww","type":"earthquake","title":"M 7.7 - 79 km ESE of Kh?sh, Iran"},"geometry":{"type":"Point","coordinates":[61.996,28.033,80]},"id":"usb000g7x7"},
{"type":"Feature","properties":{"mag":7.2,"place":"252 km ENE of Kuril’sk, Russia","time":1366340752650,"updated":1658707235463,"tz":null,"url":"https://earthquake.usgs.gov/earthquakes/eventpage/usb000gbf8","detail":"https://earthquake.usgs.gov/fdsnws/event/1/query?eventid=usb000gbf8&format=geojson","felt":14,"cdi":4.5,"mmi":7.027,"alert":"green","status":"reviewed","tsunami":1,"sig":804,"net":"us","code":"b000gbf8","ids":",pt13109000,at00mlhf9p,usb000gbf8,iscgem602836134,atlas20130419030552,","sources":",pt,at,us,iscgem,atlas,","types":",cap,dyfi,focal-mechanism,general-text,impact-link,impact-text,losspager,moment-tensor,origin,phase-data,poster,scitech-link,shakemap,","nst":770,"dmin":null,"rms":0.86,"gap":10.1,"magType":"mww","type":"earthquake","title":"M 7.2 - 252 km ENE of Kuril’sk, Russia"},"geometry":{"type":"Point","coordinates":[150.788,46.221,110]},"id":"usb000gbf8"},
{"type":"Feature","properties":{"mag":7.4,"place":"292 km SW of Vaini, Tonga","time":1369329544750,"updated":1651594872895,"tz":null,"url":"https://earthquake.usgs.gov/earthquakes/eventpage/usb000h3k3","detail":"https://earthquake.usgs.gov/fdsnws/event/1/query?eventid=usb000h3k3&format=geojson","felt":null,"cdi":null,"mmi":6.362,"alert":"green","status":"reviewed","tsunami":1,"sig":842,"net":"us","code":"b000h3k3","ids":",at00mn9hfs,usb000h3k3,pt13143000,iscgem603044134,","sources":",at,us,pt,iscgem,","types":",cap,finite-fault,general-text,impact-link,impact-text,losspager,moment-tensor,origin,phase-data,poster,scitech-link,shakemap,","nst":626,"dmin":null,"rms":0.85,"gap":16,"magType":"mww","type":"earthquake","title":"M 7.4 - 292 km SW of Vaini, Tonga"},"geometry":{"type":"Point","coordinates":[-177.232,-23.009,173.7]},"id":"usb000h3k3"},
{"type":"Feature","properties":{"mag":8.3,"place":"2013 Sea of Okhotsk Earthquake","time":1369374288980,"updated":1764182814263,"tz":null,"url":"https://earthquake.usgs.gov/earthquakes/eventpage/usb000h4jh","detail":"https://earthquake.usgs.gov/fdsnws/event/1/query?eventid=usb000h4jh&format=geojson","felt":103,"cdi":5.4,"mmi":4.89,"alert":"green","status":"reviewed","tsunami":1,"sig":1115,"net":"us","code":"b000h4jh","ids":",pt13144001,at00mnafyn,usb000h4jh,iscgem603007131,","sources":",pt,at,us,iscgem,","types":",cap,dyfi,earthquake-name,finite-fault,general-text,impact-link,impact-text,losspager,moment-tensor,origin,phase-data,poster,scitech-link,shakemap,","nst":385,"dmin":null,"rms":1.02,"gap":10,"magType":"mww","type":"earthquake","title":"M 8.3 - 2013 Sea of Okhotsk Earthquake"},"geometry":{"type":"Point","coordinates":[153.221,54.892,598.1]},"id":"usb000h4jh"},
{"type":"Feature","properties":{"mag":7.3,"place":"190 km ENE of Kokopo, Papua New Guinea","time":1373222130740,"updated":1651594972308,"tz":null,"url":"https://earthquake.usgs.gov/earthquakes/eventpage/usb000i89z","detail":"https://earthquake.usgs.gov/fdsnws/event/1/query?eventid=usb000i89z&format=geojson","felt":null,"cdi":null,"mmi":3.835,"alert":"green","status":"reviewed","tsunami":1,"sig":820,"net":"us","code":"b000i89z","ids":",pt13188000,at00mpkf7i,usb000i89z,iscgem603179557,","sources":",pt,at,us,iscgem,","types":",cap,general-text,impact-link,impact-text,losspager,moment-tensor,origin,phase-data,poster,scitech-link,shakemap,","nst":117,"dmin":null,"rms":0.88,"gap":24,"magType":"mww","type":"earthquake","title":"M 7.3 - 190 km ENE of Kokopo, Papua New Guinea"},"geometry":{"type":"Point","coordinates":[153.927,-3.917,385.5]},"id":"usb000i89z"},
{"type":"Feature","properties":{"mag":7.3,"place":"South Sandwich Islands region","time":1373897019880,"updated":1651595096468,"tz":null,"url":"https://earthquake.usgs.gov/earthquakes/eventpage/usb000ief9","detail":"https://earthquake.usgs.gov/fdsnws/event/1/query?eventid=usb000ief9&format=geojson","felt":null,"cdi":null,"mmi":6.06,"alert":"green","status":"reviewed","tsunami":1,"sig":820,"net":"us","code":"b000ief9","ids":",pt13196002,at00mpzdq7,usb000ief9,iscgem603285344,","sources":",pt,at,us,iscgem,","types":",cap,finite-fault,focal-mechanism,general-text,impact-link,impact-text,losspager,moment-tensor,origin,phase-data,poster,scitech-link,shakemap,","nst":398,"dmin":null,"rms":0.88,"gap":43,"magType":"mww","type":"earthquake","title":"M 7.3 - South Sandwich Islands region"},"geometry":{"type":"Point","coordinates":[-25.07,-60.857,11]},"id":"usb000ief9"},
{"type":"Feature","properties":{"mag":7,"place":"101 km SW of Atka, Alaska","time":1377879902300,"updated":1689775591638,"tz":null,"url":"https://earthquake.usgs.gov/earthquakes/eventpage/usb000jdt7","detail":"https://earthquake.usgs.gov/fdsnws/event/1/query?eventid=usb000jdt7&format=geojson","felt":9,"cdi":4.6,"mmi":6.42,"alert":"green","status":"reviewed","tsunami":0,"sig":758,"net":"us","code":"b000jdt7","ids":",usb000jdt7,ak10792992,at00mscqyj,pt13242001,ak013b4hqa6y,iscgem603366810,","sources":",us,ak,at,pt,ak,iscgem,","types":",associate,cap,dyfi,general-text,losspager,moment-tensor,origin,phase-data,poster,scitech-link,shakemap,","nst":null,"dmin":0.624,"rms":0.89,"gap":53,"magType":"mww","type":"earthquake","title":"M 7.0 - 101 km SW of Atka, Alaska"},"geometry":{"type":"Point","coordinates":[-175.2297,51.537,29]},"id":"usb000jdt7"},
{"type":"Feature","properties":{"mag":7.7,"place":"113 km NW of Bela, Pakistan","time":1380022187970,"updated":1784268002658,"tz":null,"url":"https://earthquake.usgs.gov/earthquakes/eventpage/usb000jyiv","detail":"https://earthquake.usgs.gov/fdsnws/event/1/query?eventid=usb000jyiv&format=geojson","felt":34,"cdi":4.5,"mmi":8.188,"alert":"red","status":"reviewed","tsunami":0,"sig":2015,"net":"us","code":"b000jyiv","ids":",usb000jyiv,iscgem608458290,atlas20130924112947,","sources":",us,iscgem,atlas,","types":",cap,dyfi,finite-fault,general-text,losspager,moment-tensor,origin,phase-data,poster,scitech-link,shakemap,","nst":null,"dmin":7.241,"rms":0.93,"gap":17,"magType":"mww","type":"earthquake","title":"M 7.7 - 113 km NW of Bela, Pakistan"},"geometry":{"type":"Point","coordinates":[65.5009,26.951,15]},"id":"usb000jyiv"},
{"type":"Feature","properties":{"mag":7.1,"place":"16 km WSW of Atiquipa, Peru","time":1380127363170,"updated":1659808704998,"tz":null,"url":"https://earthquake.usgs.gov/earthquakes/eventpage/usb000jzma","detail":"https://earthquake.usgs.gov/fdsnws/event/1/query?eventid=usb000jzma&format=geojson","felt":89,"cdi":7.6,"mmi":6.841,"alert":"green","status":"reviewed","tsunami":1,"sig":843,"net":"us","code":"b000jzma","ids":",pt13268000,at00mtox39,usb000jzma,iscgem608607960,atlas20130925164243,","sources":",pt,at,us,iscgem,atlas,","types":",cap,dyfi,general-text,impact-link,losspager,moment-tensor,origin,phase-data,poster,scitech-link,shakemap,","nst":null,"dmin":4.446,"rms":0.9,"gap":17,"magType":"mww","type":"earthquake","title":"M 7.1 - 16 km WSW of Atiquipa, Peru"},"geometry":{"type":"Point","coordinates":[-74.5112,-15.8385,40]},"id":"usb000jzma"},
{"type":"Feature","properties":{"mag":7.1,"place":"4 km SE of Sagbayan, Philippines","time":1381795952050,"updated":1701476181231,"tz":null,"url":"https://earthquake.usgs.gov/earthquakes/eventpage/usb000kdb4","detail":"https://earthquake.usgs.gov/fdsnws/event/1/query?eventid=usb000kdb4&format=geojson","felt":105,"cdi":9.1,"mmi":8.16,"alert":"orange","status":"reviewed","tsunami":1,"sig":1096,"net":"us","code":"b000kdb4","ids":",usb000kdb4,pt13288000,at00muool4,iscgem609078498,atlas20131015001232,","sources":",us,pt,at,iscgem,atlas,","types":",associate,cap,dyfi,finite-fault,general-text,impact-link,losspager,moment-tensor,origin,phase-data,poster,shakemap,","nst":null,"dmin":3.144,"rms":1.3,"gap":12,"magType":"mww","type":"earthquake","title":"M 7.1 - 4 km SE of Sagbayan, Philippines"},"geometry":{"type":"Point","coordinates":[124.1167,9.8796,19.04]},"id":"usb000kdb4"},
{"type":"Feature","properties":{"mag":7.1,"place":"off the east coast of Honshu, Japan","time":1382721019710,"updated":1659810842167,"tz":null,"url":"https://earthquake.usgs.gov/earthquakes/eventpage/usc000kn4n","detail":"https://earthquake.usgs.gov/fdsnws/event/1/query?eventid=usc000kn4n&format=geojson","felt":160,"cdi":6,"mmi":3.509,"alert":"green","status":"reviewed","tsunami":1,"sig":872,"net":"us","code":"c000kn4n","ids":",pt13298000,at00mv8id4,usc000kn4n,iscgem609078601,","sources":",pt,at,us,iscgem,","types":",cap,dyfi,finite-fault,general-text,impact-link,losspager,moment-tensor,origin,phase-data,poster,shakemap,","nst":null,"dmin":3.968,"rms":1.01,"gap":10,"magType":"mww","type":"earthquake","title":"M 7.1 - off the east coast of Honshu, Japan"},"geometry":{"type":"Point","coordinates":[144.6611,37.1557,35]},"id":"usc000kn4n"},
{"type":"Feature","properties":{"mag":7.7,"place":"Scotia Sea","time":1384679095530,"updated":1718516315470,"tz":null,"url":"https://earthquake.usgs.gov/earthquakes/eventpage/usb000l0gq","detail":"https://earthquake.usgs.gov/fdsnws/event/1/query?eventid=usb000l0gq&format=geojson","felt":1,"cdi":0,"mmi":8.002,"alert":"green","status":"reviewed","tsunami":1,"sig":912,"net":"us","code":"b000l0gq","ids":",usb000l0gq,pt13321000,at00mweh87,iscgem603794680,atlas20131117090455,","sources":",us,pt,at,iscgem,atlas,","types":",associate,cap,dyfi,finite-fault,general-text,impact-link,losspager,moment-tensor,origin,phase-data,poster,shakemap,","nst":null,"dmin":8.05,"rms":1.33,"gap":23,"magType":"mww","type":"earthquake","title":"M 7.7 - Scotia Sea"},"geometry":{"type":"Point","coordinates":[-46.4011,-60.2738,10]},"id":"usb000l0gq"},
{"type":"Feature","properties":{"mag":7,"place":"Falkland Islands region","time":1385360853300,"updated":1651598169123,"tz":null,"url":"https://earthquake.usgs.gov/earthquakes/eventpage/usb000l5zn","detail":"https://earthquake.usgs.gov/fdsnws/event/1/query?eventid=usb000l5zn&format=geojson","felt":null,"cdi":null,"mmi":0,"alert":"green","status":"reviewed","tsunami":0,"sig":754,"net":"us","code":"b000l5zn","ids":",usb000l5zn,iscgem606907619,","sources":",us,iscgem,","types":",cap,general-text,losspager,moment-tensor,origin,phase-data,poster,shakemap,","nst":null,"dmin":2.935,"rms":1.08,"gap":31,"magType":"mww","type":"earthquake","title":"M 7.0 - Falkland Islands region"},"geometry":{"type":"Point","coordinates":[-55.0033,-53.9451,11.78]},"id":"usb000l5zn"},
{"type":"Feature","properties":{"mag":8.2,"place":"93 km NW of Iquique, Chile","time":1396396007260,"updated":1782867085065,"tz":null,"url":"https://earthquake.usgs.gov/earthquakes/eventpage/usc000nzvd","detail":"https://earthquake.usgs.gov/fdsnws/event/1/query?eventid=usc000nzvd&format=geojson","felt":357,"cdi":8.5,"mmi":8.204,"alert":"yellow","status":"reviewed","tsunami":1,"sig":1338,"net":"us","code":"c000nzvd","ids":",pt14091000,at00n3dm1y,usc000nzvd,iscgem610102185,atlas20140401234647,","sources":",pt,at,us,iscgem,atlas,","types":",cap,dyfi,finite-fault,general-text,ground-failure,impact-link,losspager,moment-tensor,origin,phase-data,poster,shakemap,trump,","nst":null,"dmin":0.609,"rms":0.66,"gap":23,"magType":"mww","type":"earthquake","title":"M 8.2 - 93 km NW of Iquique, Chile"},"geometry":{"type":"Point","coordinates":[-70.7691,-19.6097,25]},"id":"usc000nzvd"},
{"type":"Feature","properties":{"mag":7.7,"place":"53 km SW of Iquique, Chile","time":1396492993110,"updated":1772642232205,"tz":null,"url":"https://earthquake.usgs.gov/earthquakes/eventpage/usc000p27i","detail":"https://earthquake.usgs.gov/fdsnws/event/1/query?eventid=usc000p27i&format=geojson","felt":177,"cdi":8.4,"mmi":8.642,"alert":"yellow","status":"reviewed","tsunami":1,"sig":1061,"net":"us","code":"c000p27i","ids":",pt14093001,at00n3fow6,usc000p27i,iscgem604399091,atlas20140403024313,","sources":",pt,at,us,iscgem,atlas,","types":",cap,dyfi,finite-fault,general-text,impact-link,losspager,moment-tensor,origin,phase-data,shakemap,trump-shakemap,","nst":null,"dmin":1.029,"rms":0.82,"gap":44,"magType":"mww","type":"earthquake","title":"M 7.7 - 53 km SW of Iquique, Chile"},"geometry":{"type":"Point","coordinates":[-70.4931,-20.5709,22.4]},"id":"usc000p27i"},
{"type":"Feature","properties":{"mag":7.1,"place":"56 km WSW of Panguna, Papua New Guinea","time":1397200043130,"updated":1651596456721,"tz":null,"url":"https://earthquake.usgs.gov/earthquakes/eventpage/usc000pft9","detail":"https://earthquake.usgs.gov/fdsnws/event/1/query?eventid=usc000pft9&format=geojson","felt":null,"cdi":null,"mmi":6.74,"alert":"green","status":"reviewed","tsunami":1,"sig":776,"net":"us","code":"c000pft9","ids":",pt14101001,at00n3unei,usc000pft9,iscgem604452070,atlas20140411070723,","sources":",pt,at,us,iscgem,atlas,","types":",cap,finite-fault,general-text,impact-link,losspager,moment-tensor,origin,phase-data,poster,shakemap,","nst":null,"dmin":3.729,"rms":0.88,"gap":21,"magType":"mww","type":"earthquake","title":"M 7.1 - 56 km WSW of Panguna, Papua New Guinea"},"geometry":{"type":"Point","coordinates":[155.0485,-6.5858,60.53]},"id":"usc000pft9"},
{"type":"Feature","properties":{"mag":7.6,"place":"93 km SSE of Kirakira, Solomon Islands","time":1397333679300,"updated":1651596464748,"tz":null,"url":"https://earthquake.usgs.gov/earthquakes/eventpage/usc000phx5","detail":"https://earthquake.usgs.gov/fdsnws/event/1/query?eventid=usc000phx5&format=geojson","felt":null,"cdi":null,"mmi":6.561,"alert":"green","status":"reviewed","tsunami":1,"sig":889,"net":"us","code":"c000phx5","ids":",usc000phx5,at00n3xpk9,pt14102002,iscgem604452785,","sources":",us,at,pt,iscgem,","types":",finite-fault,general-text,impact-link,losspager,moment-tensor,origin,phase-data,poster,shakemap,","nst":null,"dmin":2.828,"rms":0.71,"gap":13,"magType":"mww","type":"earthquake","title":"M 7.6 - 93 km SSE of Kirakira, Solomon Islands"},"geometry":{"type":"Point","coordinates":[162.1481,-11.2701,22.56]},"id":"usc000phx5"},
{"type":"Feature","properties":{"mag":7.4,"place":"112 km S of Kirakira, Solomon Islands","time":1397392579230,"updated":1651596468290,"tz":null,"url":"https://earthquake.usgs.gov/earthquakes/eventpage/usc000piqj","detail":"https://earthquake.usgs.gov/fdsnws/event/1/query?eventid=usc000piqj&format=geojson","felt":null,"cdi":null,"mmi":5.696,"alert":"green","status":"reviewed","tsunami":1,"sig":842,"net":"us","code":"c000piqj","ids":",usc000piqj,at00n3yz0j,pt14103001,iscgem604453083,","sources":",us,at,pt,iscgem,","types":",finite-fault,general-text,impact-link,losspager,moment-tensor,origin,phase-data,shakemap,","nst":null,"dmin":2.885,"rms":1,"gap":17,"magType":"mww","type":"earthquake","title":"M 7.4 - 112 km S of Kirakira, Solomon Islands"},"geometry":{"type":"Point","coordinates":[162.0511,-11.4633,39]},"id":"usc000piqj"},
{"type":"Feature","properties":{"mag":7.2,"place":"9 km ENE of Coyuquilla Norte, Mexico","time":1397831244920,"updated":1659827823874,"tz":null,"url":"https://earthquake.usgs.gov/earthquakes/eventpage/usb000pq41","detail":"https://earthquake.usgs.gov/fdsnws/event/1/query?eventid=usb000pq41&format=geojson","felt":285,"cdi":7.7,"mmi":6.955,"alert":"yellow","status":"reviewed","tsunami":1,"sig":1017,"net":"us","code":"b000pq41","ids":",pt14108001,usb000pq41,at00n48dhn,iscgem604462903,atlas20140418142724,","sources":",pt,us,at,iscgem,atlas,","types":",cap,dyfi,finite-fault,general-text,impact-link,losspager,moment-tensor,origin,phase-data,poster,shakemap,trump,","nst":null,"dmin":2.25,"rms":1.2,"gap":46,"magType":"mww","type":"earthquake","title":"M 7.2 - 9 km ENE of Coyuquilla Norte, Mexico"},"geometry":{"type":"Point","coordinates":[-100.9723,17.397,24]},"id":"usb000pq41"},
{"type":"Feature","properties":{"mag":7.5,"place":"70 km SW of Panguna, Papua New Guinea","time":1397914080810,"updated":1651596497192,"tz":null,"url":"https://earthquake.usgs.gov/earthquakes/eventpage/usb000pr89","detail":"https://earthquake.usgs.gov/fdsnws/event/1/query?eventid=usb000pr89&format=geojson","felt":null,"cdi":null,"mmi":6.386,"alert":"green","status":"reviewed","tsunami":1,"sig":865,"net":"us","code":"b000pr89","ids":",pt14109002,at00n4a5er,usb000pr89,iscgem604464491,","sources":",pt,at,us,iscgem,","types":",cap,finite-fault,general-text,impact-link,losspager,moment-tensor,origin,phase-data,poster,shakemap,","nst":null,"dmin":3.82,"rms":1.25,"gap":16,"magType":"mww","type":"earthquake","title":"M 7.5 - 70 km SW of Panguna, Papua New Guinea"},"geometry":{"type":"Point","coordinates":[155.0241,-6.7547,43.37]},"id":"usb000pr89"},
{"type":"Feature","properties":{"mag":7.9,"place":"Rat Islands, Aleutian Islands, Alaska","time":1403556789700,"updated":1689963882545,"tz":null,"url":"https://earthquake.usgs.gov/earthquakes/eventpage/usc000rki5","detail":"https://earthquake.usgs.gov/fdsnws/event/1/query?eventid=usc000rki5&format=geojson","felt":5,"cdi":5.8,"mmi":8.1,"alert":"green","status":"reviewed","tsunami":1,"sig":963,"net":"us","code":"c000rki5","ids":",ak014803qfpr,ak11300221,at00n7n3cm,pt14174004,usc000rki5,iscgem604760173,","sources":",ak,ak,at,pt,us,iscgem,","types":",associate,cap,dyfi,finite-fault,general-text,impact-link,losspager,moment-tensor,origin,phase-data,poster,shakemap,","nst":null,"dmin":0.133,"rms":0.71,"gap":22,"magType":"mww","type":"earthquake","title":"M 7.9 - Rat Islands, Aleutian Islands, Alaska"},"geometry":{"type":"Point","coordinates":[178.7352,51.8486,109]},"id":"usc000rki5"},
{"type":"Feature","properties":{"mag":7,"place":"southern East Pacific Rise","time":1412820871440,"updated":1651601914155,"tz":null,"url":"https://earthquake.usgs.gov/earthquakes/eventpage/usb000sk6k","detail":"https://earthquake.usgs.gov/fdsnws/event/1/query?eventid=usb000sk6k&format=geojson","felt":null,"cdi":null,"mmi":0,"alert":"green","status":"reviewed","tsunami":1,"sig":754,"net":"us","code":"b000sk6k","ids":",at00nd5nka,pt14282000,usb000sk6k,iscgem610572978,","sources":",at,pt,us,iscgem,","types":",cap,finite-fault,general-text,impact-link,impact-text,losspager,moment-tensor,origin,phase-data,poster,shakemap,","nst":null,"dmin":5.127,"rms":0.43,"gap":22,"magType":"mww","type":"earthquake","title":"M 7.0 - southern East Pacific Rise"},"geometry":{"type":"Point","coordinates":[-110.8112,-32.1082,16.54]},"id":"usb000sk6k"},
{"type":"Feature","properties":{"mag":7.3,"place":"74 km S of Intipucá, El Salvador","time":1413258694460,"updated":1740024261848,"tz":null,"url":"https://earthquake.usgs.gov/earthquakes/eventpage/usb000slwn","detail":"https://earthquake.usgs.gov/fdsnws/event/1/query?eventid=usb000slwn&format=geojson","felt":217,"cdi":7.5,"mmi":6.312,"alert":"yellow","status":"reviewed","tsunami":1,"sig":983,"net":"us","code":"b000slwn","ids":",usb000slwn,pt14287000,at00ndf1fr,iscgem610573069,atlas20141014035134,","sources":",us,pt,at,iscgem,atlas,","types":",associate,cap,dyfi,finite-fault,general-text,impact-link,impact-text,losspager,moment-tensor,origin,phase-data,poster,shakemap,","nst":null,"dmin":1.078,"rms":0.7,"gap":18,"magType":"mww","type":"earthquake","title":"M 7.3 - 74 km S of Intipucá, El Salvador"},"geometry":{"type":"Point","coordinates":[-88.1225,12.5262,40]},"id":"usb000slwn"},
{"type":"Feature","properties":{"mag":7.1,"place":"Fiji region","time":1414868242380,"updated":1658903300737,"tz":null,"url":"https://earthquake.usgs.gov/earthquakes/eventpage/usc000stdc","detail":"https://earthquake.usgs.gov/fdsnws/event/1/query?eventid=usc000stdc&format=geojson","felt":2,"cdi":2.7,"mmi":6.41,"alert":"green","status":"reviewed","tsunami":1,"sig":776,"net":"us","code":"c000stdc","ids":",at00nedjbm,usc000stdc,gcmt20141101185722,iscgem610573464,","sources":",at,us,gcmt,iscgem,","types":",cap,dyfi,general-text,impact-link,impact-text,losspager,moment-tensor,origin,phase-data,poster,shakemap,","nst":null,"dmin":4.415,"rms":0.84,"gap":13,"magType":"mww","type":"earthquake","title":"M 7.1 - Fiji region"},"geometry":{"type":"Point","coordinates":[-177.7587,-19.6903,434]},"id":"usc000stdc"},
{"type":"Feature","properties":{"mag":7.1,"place":"155 km NW of Ternate, Indonesia","time":1416018701720,"updated":1659845507109,"tz":null,"url":"https://earthquake.usgs.gov/earthquakes/eventpage/usc000sxh8","detail":"https://earthquake.usgs.gov/fdsnws/event/1/query?eventid=usc000sxh8&format=geojson","felt":8,"cdi":4.1,"mmi":6.175,"alert":"green","status":"reviewed","tsunami":1,"sig":779,"net":"us","code":"c000sxh8","ids":",pt14319000,at00nf270v,usc000sxh8,atat00nf270v,gcmt20141115023140,iscgem608459961,atlas20141115023141,","sources":",pt,at,us,at,gcmt,iscgem,atlas,","types":",cap,dyfi,general-text,impact-link,impact-text,losspager,moment-tensor,origin,phase-data,poster,shakemap,","nst":null,"dmin":1.397,"rms":0.71,"gap":18,"magType":"mww","type":"earthquake","title":"M 7.1 - 155 km NW of Ternate, Indonesia"},"geometry":{"type":"Point","coordinates":[126.5217,1.8929,45]},"id":"usc000sxh8"},
{"type":"Feature","properties":{"mag":7.1,"place":"northern Mid-Atlantic Ridge","time":1423853952230,"updated":1658955226755,"tz":null,"url":"https://earthquake.usgs.gov/earthquakes/eventpage/usb000tp5q","detail":"https://earthquake.usgs.gov/fdsnws/event/1/query?eventid=usb000tp5q&format=geojson","felt":2,"cdi":3.1,"mmi":0,"alert":"green","status":"reviewed","tsunami":1,"sig":776,"net":"us","code":"b000tp5q","ids":",at00njq4qr,usb000tp5q,gcmt20150213185912,iscgem606733224,","sources":",at,us,gcmt,iscgem,","types":",cap,dyfi,finite-fault,general-text,impact-link,losspager,moment-tensor,origin,phase-data,poster,shakemap,","nst":null,"dmin":11.262,"rms":0.79,"gap":17,"magType":"mww","type":"earthquake","title":"M 7.1 - northern Mid-Atlantic Ridge"},"geometry":{"type":"Point","coordinates":[-31.9016,52.6487,16.68]},"id":"usb000tp5q"},
{"type":"Feature","properties":{"mag":7,"place":"150 km NNE of Maumere, Indonesia","time":1425044705370,"updated":1658964257079,"tz":null,"url":"https://earthquake.usgs.gov/earthquakes/eventpage/usc000ttkd","detail":"https://earthquake.usgs.gov/fdsnws/event/1/query?eventid=usc000ttkd&format=geojson","felt":17,"cdi":3.7,"mmi":5.52,"alert":"green","status":"reviewed","tsunami":0,"sig":760,"net":"us","code":"c000ttkd","ids":",pt15058000,usc000ttkd,gcmt20150227134505,iscgem610586486,","sources":",pt,us,gcmt,iscgem,","types":",cap,dyfi,general-text,impact-text,losspager,moment-tensor,origin,phase-data,poster,shakemap,touch,trump,","nst":null,"dmin":1.362,"rms":1.12,"gap":12,"magType":"mww","type":"earthquake","title":"M 7.0 - 150 km NNE of Maumere, Indonesia"},"geometry":{"type":"Point","coordinates":[122.5348,-7.2968,552.06]},"id":"usc000ttkd"},
{"type":"Feature","properties":{"mag":7.5,"place":"53 km SE of Kokopo, Papua New Guinea","time":1427672911010,"updated":1658985167373,"tz":null,"url":"https://earthquake.usgs.gov/earthquakes/eventpage/us10001rvu","detail":"https://earthquake.usgs.gov/fdsnws/event/1/query?eventid=us10001rvu&format=geojson","felt":11,"cdi":6.4,"mmi":7.109,"alert":"green","status":"reviewed","tsunami":1,"sig":872,"net":"us","code":"10001rvu","ids":",pt15088051,at00nlzzgx,us10001rvu,iscgem610587229,atlas20150329234831,","sources":",pt,at,us,iscgem,atlas,","types":",cap,dyfi,finite-fault,general-text,impact-link,impact-text,losspager,moment-tensor,origin,phase-data,poster,shakemap,","nst":null,"dmin":0.666,"rms":1.32,"gap":19,"magType":"mww","type":"earthquake","title":"M 7.5 - 53 km SE of Kokopo, Papua New Guinea"},"geometry":{"type":"Point","coordinates":[152.5623,-4.7294,41]},"id":"us10001rvu"},
{"type":"Feature","properties":{"mag":7.8,"place":"67 km NNE of Bharatpur, Nepal","time":1429942285950,"updated":1754562671955,"tz":null,"url":"https://earthquake.usgs.gov/earthquakes/eventpage/us20002926","detail":"https://earthquake.usgs.gov/fdsnws/event/1/query?eventid=us20002926&format=geojson","felt":1134,"cdi":8.2,"mmi":8.718,"alert":"red","status":"reviewed","tsunami":0,"sig":2820,"net":"us","code":"20002926","ids":",us20002926,gcmt20150425061126,iscgem607208674,atlas20150425061125,","sources":",us,gcmt,iscgem,atlas,","types":",cap,dyfi,finite-fault,general-text,ground-failure,impact-link,impact-text,losspager,moment-tensor,origin,phase-data,poster,scitech-link,shakemap,trump-shakemap,","nst":null,"dmin":1.857,"rms":0.96,"gap":12,"magType":"mww","type":"earthquake","title":"M 7.8 - 67 km NNE of Bharatpur, Nepal"},"geometry":{"type":"Point","coordinates":[84.7314,28.2305,8.22]},"id":"us20002926"},
{"type":"Feature","properties":{"mag":7.5,"place":"131 km SSW of Kokopo, Papua New Guinea","time":1430790246380,"updated":1659241382600,"tz":null,"url":"https://earthquake.usgs.gov/earthquakes/eventpage/us20002bnf","detail":"https://earthquake.usgs.gov/fdsnws/event/1/query?eventid=us20002bnf&format=geojson","felt":5,"cdi":7.1,"mmi":7.501,"alert":"green","status":"reviewed","tsunami":1,"sig":869,"net":"us","code":"20002bnf","ids":",pt15125050,at00nnusth,us20002bnf,iscgem607744335,atlas20150505014406,","sources":",pt,at,us,iscgem,atlas,","types":",cap,dyfi,finite-fault,general-text,impact-link,impact-text,losspager,moment-tensor,origin,phase-data,poster,shakemap,","nst":null,"dmin":1.295,"rms":1.02,"gap":22,"magType":"mww","type":"earthquake","title":"M 7.5 - 131 km SSW of Kokopo, Papua New Guinea"},"geometry":{"type":"Point","coordinates":[151.8751,-5.4624,55]},"id":"us20002bnf"},
{"type":"Feature","properties":{"mag":7.1,"place":"143 km SW of Panguna, Papua New Guinea","time":1430982619590,"updated":1659243590659,"tz":null,"url":"https://earthquake.usgs.gov/earthquakes/eventpage/us20002das","detail":"https://earthquake.usgs.gov/fdsnws/event/1/query?eventid=us20002das&format=geojson","felt":1,"cdi":1,"mmi":5.5,"alert":"green","status":"reviewed","tsunami":1,"sig":776,"net":"us","code":"20002das","ids":",pt15127050,at00nnyx9e,us20002das,gcmt20150507071022,iscgem607281870,atlas20150507071019,","sources":",pt,at,us,gcmt,iscgem,atlas,","types":",cap,dyfi,finite-fault,general-text,impact-link,losspager,moment-tensor,origin,phase-data,poster,shakemap,","nst":null,"dmin":3.835,"rms":0.7,"gap":11,"magType":"mww","type":"earthquake","title":"M 7.1 - 143 km SW of Panguna, Papua New Guinea"},"geometry":{"type":"Point","coordinates":[154.5567,-7.2175,10]},"id":"us20002das"},
{"type":"Feature","properties":{"mag":7.3,"place":"Nepal","time":1431414319730,"updated":1719379121027,"tz":null,"url":"https://earthquake.usgs.gov/earthquakes/eventpage/us20002ejl","detail":"https://earthquake.usgs.gov/fdsnws/event/1/query?eventid=us20002ejl&format=geojson","felt":733,"cdi":7.7,"mmi":7.495,"alert":"orange","status":"reviewed","tsunami":0,"sig":1564,"net":"us","code":"20002ejl","ids":",us20002ejl,gcmt20150512070519,iscgem610588278,atlas20150512070519,","sources":",us,gcmt,iscgem,atlas,","types":",cap,dyfi,finite-fault,general-link,general-text,impact-text,losspager,moment-tensor,origin,phase-data,poster,scitech-link,shakemap,","nst":null,"dmin":0.677,"rms":0.92,"gap":11,"magType":"mww","type":"earthquake","title":"M 7.3 - Nepal"},"geometry":{"type":"Point","coordinates":[86.0655,27.8087,15]},"id":"us20002ejl"},
{"type":"Feature","properties":{"mag":7.8,"place":"Bonin Islands, Japan region","time":1432984982110,"updated":1778146349555,"tz":null,"url":"https://earthquake.usgs.gov/earthquakes/eventpage/us20002ki3","detail":"https://earthquake.usgs.gov/fdsnws/event/1/query?eventid=us20002ki3&format=geojson","felt":360,"cdi":6,"mmi":3.361,"alert":"green","status":"reviewed","tsunami":1,"sig":1152,"net":"us","code":"20002ki3","ids":",at00np5uaf,pt15150050,us20002ki3,iscgem607273371,atlas20150530112302,","sources":",at,pt,us,iscgem,atlas,","types":",cap,dyfi,general-text,impact-link,impact-text,losspager,moment-tensor,origin,phase-data,shakemap,","nst":null,"dmin":1.675,"rms":1.12,"gap":12,"magType":"mww","type":"earthquake","title":"M 7.8 - Bonin Islands, Japan region"},"geometry":{"type":"Point","coordinates":[140.4931,27.8386,664]},"id":"us20002ki3"},
{"type":"Feature","properties":{"mag":7,"place":"southern Mid-Atlantic Ridge","time":1434545492790,"updated":1651603787071,"tz":null,"url":"https://earthquake.usgs.gov/earthquakes/eventpage/us20002qn7","detail":"https://earthquake.usgs.gov/fdsnws/event/1/query?eventid=us20002qn7&format=geojson","felt":null,"cdi":null,"mmi":0,"alert":"green","status":"reviewed","tsunami":1,"sig":754,"net":"us","code":"20002qn7","ids":",at00nq3adz,us20002qn7,gcmt20150617125133,pt15168050,iscgem611800925,","sources":",at,us,gcmt,pt,iscgem,","types":",cap,general-text,impact-link,losspager,moment-tensor,origin,phase-data,poster,shakemap,","nst":null,"dmin":21.859,"rms":1.16,"gap":34,"magType":"mww","type":"earthquake","title":"M 7.0 - southern Mid-Atlantic Ridge"},"geometry":{"type":"Point","coordinates":[-17.1605,-35.3639,10]},"id":"us20002qn7"},
{"type":"Feature","properties":{"mag":7,"place":"80 km WNW of Lata, Solomon Islands","time":1437186453820,"updated":1659294645445,"tz":null,"url":"https://earthquake.usgs.gov/earthquakes/eventpage/us20002yaw","detail":"https://earthquake.usgs.gov/fdsnws/event/1/query?eventid=us20002yaw&format=geojson","felt":6,"cdi":8.3,"mmi":6,"alert":"green","status":"reviewed","tsunami":1,"sig":759,"net":"us","code":"20002yaw","ids":",pt15199050,at00nrnw5q,us20002yaw,gcmt20150718022733,iscgem611836237,atlas20150718022733,","sources":",pt,at,us,gcmt,iscgem,atlas,","types":",cap,dyfi,general-text,impact-link,impact-text,losspager,moment-tensor,origin,phase-data,shakemap,","nst":null,"dmin":5.205,"rms":1.09,"gap":22,"magType":"mww","type":"earthquake","title":"M 7.0 - 80 km WNW of Lata, Solomon Islands"},"geometry":{"type":"Point","coordinates":[165.1409,-10.4012,11]},"id":"us20002yaw"},
{"type":"Feature","properties":{"mag":7,"place":"234 km W of Abepura, Indonesia","time":1438033281710,"updated":1659301768114,"tz":null,"url":"https://earthquake.usgs.gov/earthquakes/eventpage/us200030kn","detail":"https://earthquake.usgs.gov/fdsnws/event/1/query?eventid=us200030kn&format=geojson","felt":10,"cdi":8.5,"mmi":7.219,"alert":"green","status":"reviewed","tsunami":1,"sig":762,"net":"us","code":"200030kn","ids":",pt15208054,at00ns61l3,us200030kn,gcmt20150727214121,iscgem611836295,atlas20150727214121,","sources":",pt,at,us,gcmt,iscgem,atlas,","types":",cap,dyfi,finite-fault,general-text,impact-link,impact-text,losspager,moment-tensor,origin,phase-data,poster,shakemap,","nst":null,"dmin":6.278,"rms":1.2,"gap":12,"magType":"mww","type":"earthquake","title":"M 7.0 - 234 km W of Abepura, Indonesia"},"geometry":{"type":"Point","coordinates":[138.5277,-2.6286,48]},"id":"us200030kn"},
{"type":"Feature","properties":{"mag":8.3,"place":"48 km W of Illapel, Chile","time":1442444072860,"updated":1780712634945,"tz":null,"url":"https://earthquake.usgs.gov/earthquakes/eventpage/us20003k7a","detail":"https://earthquake.usgs.gov/fdsnws/event/1/query?eventid=us20003k7a&format=geojson","felt":1216,"cdi":9,"mmi":8.189,"alert":"orange","status":"reviewed","tsunami":1,"sig":1960,"net":"us","code":"20003k7a","ids":",us20003k7a,at00nuskyv,pt15259054,gcmt20150916225433,iscgem611531714,atlas20150916225432,","sources":",us,at,pt,gcmt,iscgem,atlas,","types":",associate,cap,dyfi,finite-fault,general-link,general-text,ground-failure,impact-link,impact-text,losspager,moment-tensor,origin,phase-data,poster,scitech-link,shakemap,","nst":null,"dmin":0.684,"rms":1.02,"gap":19,"magType":"mww","type":"earthquake","title":"M 8.3 - 48 km W of Illapel, Chile"},"geometry":{"type":"Point","coordinates":[-71.6744,-31.5729,22.44]},"id":"us20003k7a"},
{"type":"Feature","properties":{"mag":7,"place":"25 km WNW of Illapel, Chile","time":1442445521850,"updated":1659985963750,"tz":null,"url":"https://earthquake.usgs.gov/earthquakes/eventpage/us20003k7w","detail":"https://earthquake.usgs.gov/fdsnws/event/1/query?eventid=us20003k7w&format=geojson","felt":57,"cdi":8,"mmi":6.998,"alert":"green","status":"reviewed","tsunami":0,"sig":799,"net":"us","code":"20003k7w","ids":",us20003k7w,gcmt20150916231841,iscgem610637518,atlas20150916231841,","sources":",us,gcmt,iscgem,atlas,","types":",cap,dyfi,general-text,impact-text,losspager,moment-tensor,origin,phase-data,shakemap,","nst":null,"dmin":0.903,"rms":0.93,"gap":13,"magType":"mww","type":"earthquake","title":"M 7.0 - 25 km WNW of Illapel, Chile"},"geometry":{"type":"Point","coordinates":[-71.4262,-31.5622,28.41]},"id":"us20003k7w"},
{"type":"Feature","properties":{"mag":7.1,"place":"31 km NE of Port-Olry, Vanuatu","time":1445377922560,"updated":1659358596835,"tz":null,"url":"https://earthquake.usgs.gov/earthquakes/eventpage/us10003q0q","detail":"https://earthquake.usgs.gov/fdsnws/event/1/query?eventid=us10003q0q&format=geojson","felt":8,"cdi":6.1,"mmi":6.407,"alert":"green","status":"reviewed","tsunami":1,"sig":780,"net":"us","code":"10003q0q","ids":",pt15293052,at00nwjgqr,us10003q0q,gcmt20151020215202,iscgem612089430,atlas20151020215202,","sources":",pt,at,us,gcmt,iscgem,atlas,","types":",cap,dyfi,general-text,impact-link,impact-text,losspager,moment-tensor,origin,phase-data,poster,shakemap,","nst":null,"dmin":0.592,"rms":1.02,"gap":11,"magType":"mww","type":"earthquake","title":"M 7.1 - 31 km NE of Port-Olry, Vanuatu"},"geometry":{"type":"Point","coordinates":[167.3028,-14.8595,135]},"id":"us10003q0q"},
{"type":"Feature","properties":{"mag":7.5,"place":"Hindu Kush region, Afghanistan","time":1445850582560,"updated":1745519451641,"tz":null,"url":"https://earthquake.usgs.gov/earthquakes/eventpage/us10003re5","detail":"https://earthquake.usgs.gov/fdsnws/event/1/query?eventid=us10003re5&format=geojson","felt":568,"cdi":7.9,"mmi":6.939,"alert":"orange","status":"reviewed","tsunami":0,"sig":1449,"net":"us","code":"10003re5","ids":",us10003re5,gcmt20151026090942,atlas20151026090942,","sources":",us,gcmt,atlas,","types":",cap,dyfi,finite-fault,general-text,impact-text,losspager,moment-tensor,origin,phase-data,poster,shakemap,","nst":null,"dmin":0.622,"rms":1.43,"gap":18,"magType":"mww","type":"earthquake","title":"M 7.5 - Hindu Kush region, Afghanistan"},"geometry":{"type":"Point","coordinates":[70.3676,36.5244,231]},"id":"us10003re5"},
{"type":"Feature","properties":{"mag":7.6,"place":"155 km WNW of Iñapari, Peru","time":1448405138880,"updated":1651605702904,"tz":null,"url":"https://earthquake.usgs.gov/earthquakes/eventpage/us100040ww","detail":"https://earthquake.usgs.gov/fdsnws/event/1/query?eventid=us100040ww&format=geojson","felt":124,"cdi":5.5,"mmi":4.509,"alert":"green","status":"reviewed","tsunami":1,"sig":957,"net":"us","code":"100040ww","ids":",pt15328051,at00nycck1,us100040ww,gcmt20151124224538,iscgem612296714,atlas20151124224538,","sources":",pt,at,us,gcmt,iscgem,atlas,","types":",cap,dyfi,general-text,impact-link,impact-text,losspager,moment-tensor,origin,phase-data,poster,shakemap,","nst":null,"dmin":3.287,"rms":1.36,"gap":10,"magType":"mww","type":"earthquake","title":"M 7.6 - 155 km WNW of Iñapari, Peru"},"geometry":{"type":"Point","coordinates":[-70.9437,-10.5372,606.21]},"id":"us100040ww"},
{"type":"Feature","properties":{"mag":7.6,"place":"185 km WNW of Iñapari, Peru","time":1448405454370,"updated":1651599379318,"tz":null,"url":"https://earthquake.usgs.gov/earthquakes/eventpage/us100040x6","detail":"https://earthquake.usgs.gov/fdsnws/event/1/query?eventid=us100040x6&format=geojson","felt":15,"cdi":4.9,"mmi":3.538,"alert":"green","status":"reviewed","tsunami":0,"sig":896,"net":"us","code":"100040x6","ids":",us100040x6,gcmt20151124225053,iscgem608053212,atlas20151124225054,","sources":",us,gcmt,iscgem,atlas,","types":",cap,dyfi,general-text,impact-text,losspager,moment-tensor,origin,phase-data,shakemap,","nst":null,"dmin":2.852,"rms":1,"gap":10,"magType":"mww","type":"earthquake","title":"M 7.6 - 185 km WNW of Iñapari, Peru"},"geometry":{"type":"Point","coordinates":[-71.0184,-10.0598,620.56]},"id":"us100040x6"},
{"type":"Feature","properties":{"mag":7.1,"place":"southeast Indian Ridge","time":1449267900110,"updated":1651599403060,"tz":null,"url":"https://earthquake.usgs.gov/earthquakes/eventpage/us100043z2","detail":"https://earthquake.usgs.gov/fdsnws/event/1/query?eventid=us100043z2&format=geojson","felt":0,"cdi":1,"mmi":0,"alert":"green","status":"reviewed","tsunami":0,"sig":776,"net":"us","code":"100043z2","ids":",gcmt20151204222455,us100043z2,iscgem608079035,","sources":",gcmt,us,iscgem,","types":",associate,cap,dyfi,finite-fault,general-text,losspager,moment-tensor,origin,phase-data,poster,shakemap,","nst":null,"dmin":10.034,"rms":1.42,"gap":8,"magType":"mww","type":"earthquake","title":"M 7.1 - southeast Indian Ridge"},"geometry":{"type":"Point","coordinates":[85.0913,-47.6165,35]},"id":"us100043z2"},
{"type":"Feature","properties":{"mag":7.2,"place":"104 km W of Murghob, Tajikistan","time":1449474605950,"updated":1659392023941,"tz":null,"url":"https://earthquake.usgs.gov/earthquakes/eventpage/us100044k6","detail":"https://earthquake.usgs.gov/fdsnws/event/1/query?eventid=us100044k6&format=geojson","felt":73,"cdi":4.1,"mmi":7.424,"alert":"green","status":"reviewed","tsunami":0,"sig":827,"net":"us","code":"100044k6","ids":",us100044k6,gcmt20151207075006,iscgem608081959,atlas20151207075005,","sources":",us,gcmt,iscgem,atlas,","types":",cap,dyfi,finite-fault,general-text,impact-text,losspager,moment-tensor,origin,phase-data,poster,shakemap,","nst":null,"dmin":1.116,"rms":0.94,"gap":18,"magType":"mww","type":"earthquake","title":"M 7.2 - 104 km W of Murghob, Tajikistan"},"geometry":{"type":"Point","coordinates":[72.7797,38.2107,22]},"id":"us100044k6"},
{"type":"Feature","properties":{"mag":7.1,"place":"47 km ESE of Pedro Bay, Alaska","time":1453631429557,"updated":1718516295319,"tz":null,"url":"https://earthquake.usgs.gov/earthquakes/eventpage/ak01613v15nv","detail":"https://earthquake.usgs.gov/fdsnws/event/1/query?eventid=ak01613v15nv&format=geojson","felt":1858,"cdi":6.6,"mmi":7.461,"alert":"green","status":"reviewed","tsunami":1,"sig":1436,"net":"ak","code":"01613v15nv","ids":",ak12496371,at00o1gd6r,us10004gqp,gcmt20160124103030,iscgem612141445,ak01613v15nv,atlas20160124103030,","sources":",ak,at,us,gcmt,iscgem,ak,atlas,","types":",associate,cap,dyfi,finite-fault,general-text,impact-link,impact-text,losspager,moment-tensor,origin,phase-data,shakemap,trump-shakemap,","nst":null,"dmin":null,"rms":1.05,"gap":null,"magType":"mw","type":"earthquake","title":"M 7.1 - 47 km ESE of Pedro Bay, Alaska"},"geometry":{"type":"Point","coordinates":[-153.3392,59.6204,125.6]},"id":"ak01613v15nv"},
{"type":"Feature","properties":{"mag":7.2,"place":"80 km S of Mil’kovo, Russia","time":1454124312220,"updated":1659863257983,"tz":null,"url":"https://earthquake.usgs.gov/earthquakes/eventpage/us20004vvx","detail":"https://earthquake.usgs.gov/fdsnws/event/1/query?eventid=us20004vvx&format=geojson","felt":3,"cdi":3.4,"mmi":6.719,"alert":"green","status":"reviewed","tsunami":1,"sig":799,"net":"us","code":"20004vvx","ids":",pt16030050,at00o1qxho,us20004vvx,gcmt20160130032510,iscgem612141669,atlas20160130032512,","sources":",pt,at,us,gcmt,iscgem,atlas,","types":",cap,dyfi,finite-fault,general-text,impact-link,impact-text,losspager,moment-tensor,origin,phase-data,shakemap,","nst":null,"dmin":0.958,"rms":1.19,"gap":17,"magType":"mww","type":"earthquake","title":"M 7.2 - 80 km S of Mil’kovo, Russia"},"geometry":{"type":"Point","coordinates":[158.5463,53.9776,177]},"id":"us20004vvx"},
{"type":"Feature","properties":{"mag":7.8,"place":"southwest of Sumatra, Indonesia","time":1456922988110,"updated":1659866876151,"tz":null,"url":"https://earthquake.usgs.gov/earthquakes/eventpage/us10004u1y","detail":"https://earthquake.usgs.gov/fdsnws/event/1/query?eventid=us10004u1y&format=geojson","felt":31,"cdi":3.8,"mmi":3.07,"alert":"green","status":"reviewed","tsunami":0,"sig":948,"net":"us","code":"10004u1y","ids":",us10004u1y,gcmt20160302124948,iscgem611461544,","sources":",us,gcmt,iscgem,","types":",dyfi,finite-fault,general-text,impact-text,losspager,moment-tensor,origin,phase-data,poster,shakemap,","nst":null,"dmin":7.009,"rms":1.14,"gap":20,"magType":"mww","type":"earthquake","title":"M 7.8 - southwest of Sumatra, Indonesia"},"geometry":{"type":"Point","coordinates":[94.3299,-4.9521,24]},"id":"us10004u1y"},
{"type":"Feature","properties":{"mag":7,"place":"6 km ESE of Kumamoto, Japan","time":1460737506220,"updated":1766533946947,"tz":null,"url":"https://earthquake.usgs.gov/earthquakes/eventpage/us20005iis","detail":"https://earthquake.usgs.gov/fdsnws/event/1/query?eventid=us20005iis&format=geojson","felt":112,"cdi":8.5,"mmi":8.717,"alert":"red","status":"reviewed","tsunami":1,"sig":2095,"net":"us","code":"20005iis","ids":",at00o5oo9v,pt16106053,us20005iis,gcmt20160415162506,iscgem610289055,atlas20160415162506,","sources":",at,pt,us,gcmt,iscgem,atlas,","types":",cap,dyfi,finite-fault,general-text,ground-failure,impact-link,impact-text,losspager,moment-tensor,origin,phase-data,poster,scitech-link,shakemap,","nst":null,"dmin":0.349,"rms":0.85,"gap":32,"magType":"mww","type":"earthquake","title":"M 7.0 - 6 km ESE of Kumamoto, Japan"},"geometry":{"type":"Point","coordinates":[130.7543,32.7906,10]},"id":"us20005iis"},
{"type":"Feature","properties":{"mag":7.8,"place":"27 km SSE of Muisne, Ecuador","time":1460851116980,"updated":1754042370614,"tz":null,"url":"https://earthquake.usgs.gov/earthquakes/eventpage/us20005j32","detail":"https://earthquake.usgs.gov/fdsnws/event/1/query?eventid=us20005j32&format=geojson","felt":194,"cdi":8.6,"mmi":8.51,"alert":"orange","status":"reviewed","tsunami":1,"sig":1167,"net":"us","code":"20005j32","ids":",at00o5r3xd,us20005j32,pt16107050,gcmt20160416235837,iscgem608556966,atlas20160416235836,","sources":",at,us,pt,gcmt,iscgem,atlas,","types":",cap,dyfi,finite-fault,general-text,ground-failure,impact-link,impact-text,losspager,moment-tensor,origin,phase-data,poster,shakemap,","nst":null,"dmin":1.44,"rms":0.94,"gap":15,"magType":"mww","type":"earthquake","title":"M 7.8 - 27 km SSE of Muisne, Ecuador"},"geometry":{"type":"Point","coordinates":[-79.9218,0.3819,20.59]},"id":"us20005j32"},
{"type":"Feature","properties":{"mag":7,"place":"3 km NW of Norsup, Vanuatu","time":1461872004070,"updated":1651603922036,"tz":null,"url":"https://earthquake.usgs.gov/earthquakes/eventpage/us10005c88","detail":"https://earthquake.usgs.gov/fdsnws/event/1/query?eventid=us10005c88&format=geojson","felt":2,"cdi":6.8,"mmi":6.561,"alert":"green","status":"reviewed","tsunami":1,"sig":755,"net":"us","code":"10005c88","ids":",pt16119051,at00o6cznp,us10005c88,gcmt20160428193324,iscgem611829670,atlas20160428193324,","sources":",pt,at,us,gcmt,iscgem,atlas,","types":",cap,dyfi,finite-fault,general-text,impact-link,impact-text,losspager,moment-tensor,origin,phase-data,poster,shakemap,trump-moment-tensor,","nst":null,"dmin":0.616,"rms":1.33,"gap":14,"magType":"mww","type":"earthquake","title":"M 7.0 - 3 km NW of Norsup, Vanuatu"},"geometry":{"type":"Point","coordinates":[167.3786,-16.0429,24]},"id":"us10005c88"},
{"type":"Feature","properties":{"mag":7.2,"place":"South Sandwich Islands region","time":1464428819780,"updated":1651600168587,"tz":null,"url":"https://earthquake.usgs.gov/earthquakes/eventpage/us20005ysu","detail":"https://earthquake.usgs.gov/fdsnws/event/1/query?eventid=us20005ysu&format=geojson","felt":0,"cdi":1,"mmi":6.01,"alert":"green","status":"reviewed","tsunami":1,"sig":798,"net":"us","code":"20005ysu","ids":",at00o7vsif,us20005ysu,gcmt20160528094659,iscgem608951780,","sources":",at,us,gcmt,iscgem,","types":",cap,dyfi,finite-fault,general-text,impact-link,losspager,moment-tensor,origin,phase-data,poster,shakemap,","nst":null,"dmin":5.803,"rms":0.89,"gap":24,"magType":"mww","type":"earthquake","title":"M 7.2 - South Sandwich Islands region"},"geometry":{"type":"Point","coordinates":[-26.9353,-56.2409,78]},"id":"us20005ysu"},
{"type":"Feature","properties":{"mag":7.7,"place":"Pagan region, Northern Mariana Islands","time":1469827104740,"updated":1651604020050,"tz":null,"url":"https://earthquake.usgs.gov/earthquakes/eventpage/us100068jg","detail":"https://earthquake.usgs.gov/fdsnws/event/1/query?eventid=us100068jg&format=geojson","felt":129,"cdi":4.6,"mmi":6.33,"alert":"green","status":"reviewed","tsunami":1,"sig":971,"net":"us","code":"100068jg","ids":",at00ob3huo,us100068jg,gcmt20160729211825,iscgem611830246,","sources":",at,us,gcmt,iscgem,","types":",cap,dyfi,finite-fault,general-text,impact-link,impact-text,losspager,moment-tensor,origin,phase-data,poster,shakemap,","nst":null,"dmin":3.294,"rms":1.38,"gap":14,"magType":"mww","type":"earthquake","title":"M 7.7 - Pagan region, Northern Mariana Islands"},"geometry":{"type":"Point","coordinates":[145.5073,18.5429,196]},"id":"us100068jg"},
{"type":"Feature","properties":{"mag":7.2,"place":"southeast of the Loyalty Islands","time":1470965196280,"updated":1651604043532,"tz":null,"url":"https://earthquake.usgs.gov/earthquakes/eventpage/us10006d5h","detail":"https://earthquake.usgs.gov/fdsnws/event/1/query?eventid=us10006d5h&format=geojson","felt":2,"cdi":6.2,"mmi":5.1,"alert":"green","status":"reviewed","tsunami":1,"sig":799,"net":"us","code":"10006d5h","ids":",pt16225050,at00obrw0f,us10006d5h,gcmt20160812012635,iscgem611830337,","sources":",pt,at,us,gcmt,iscgem,","types":",cap,dyfi,finite-fault,general-text,impact-link,impact-text,losspager,moment-tensor,origin,phase-data,poster,shakemap,","nst":null,"dmin":4.823,"rms":0.9,"gap":14,"magType":"mww","type":"earthquake","title":"M 7.2 - southeast of the Loyalty Islands"},"geometry":{"type":"Point","coordinates":[173.1167,-22.4765,16.37]},"id":"us10006d5h"},
{"type":"Feature","properties":{"mag":7.4,"place":"South Georgia Island region","time":1471591942710,"updated":1651603230462,"tz":null,"url":"https://earthquake.usgs.gov/earthquakes/eventpage/us10006exl","detail":"https://earthquake.usgs.gov/fdsnws/event/1/query?eventid=us10006exl&format=geojson","felt":1,"cdi":2.7,"mmi":0,"alert":"green","status":"reviewed","tsunami":0,"sig":843,"net":"us","code":"10006exl","ids":",us10006exl,gcmt20160819073222,iscgem611462204,","sources":",us,gcmt,iscgem,","types":",cap,dyfi,finite-fault,general-text,impact-text,losspager,moment-tensor,origin,phase-data,poster,shakemap,","nst":null,"dmin":2.852,"rms":0.79,"gap":18,"magType":"mww","type":"earthquake","title":"M 7.4 - South Georgia Island region"},"geometry":{"type":"Point","coordinates":[-31.8766,-55.2852,10]},"id":"us10006exl"},
{"type":"Feature","properties":{"mag":7.1,"place":"north of Ascension Island","time":1472444997860,"updated":1651604072251,"tz":null,"url":"https://earthquake.usgs.gov/earthquakes/eventpage/us20006uy6","detail":"https://earthquake.usgs.gov/fdsnws/event/1/query?eventid=us20006uy6&format=geojson","felt":8,"cdi":4.7,"mmi":0,"alert":"green","status":"reviewed","tsunami":1,"sig":779,"net":"us","code":"20006uy6","ids":",at00ocnltz,us20006uy6,gcmt20160829042957,iscgem611830455,","sources":",at,us,gcmt,iscgem,","types":",cap,dyfi,finite-fault,general-text,impact-link,impact-text,losspager,moment-tensor,origin,phase-data,poster,shakemap,","nst":null,"dmin":8.561,"rms":0.87,"gap":24,"magType":"mww","type":"earthquake","title":"M 7.1 - north of Ascension Island"},"geometry":{"type":"Point","coordinates":[-17.8255,-0.0456,10]},"id":"us20006uy6"},
{"type":"Feature","properties":{"mag":7,"place":"175 km NE of Gisborne, New Zealand","time":1472747877300,"updated":1702917358428,"tz":null,"url":"https://earthquake.usgs.gov/earthquakes/eventpage/us10006jbi","detail":"https://earthquake.usgs.gov/fdsnws/event/1/query?eventid=us10006jbi&format=geojson","felt":272,"cdi":5,"mmi":6.11,"alert":"green","status":"reviewed","tsunami":1,"sig":890,"net":"us","code":"10006jbi","ids":",pt16245050,at00ocu3ja,us10006jbi,gcmt20160901163757,iscgem611830479,","sources":",pt,at,us,gcmt,iscgem,","types":",cap,dyfi,finite-fault,general-text,impact-link,impact-text,losspager,moment-tensor,origin,phase-data,poster,shakemap,","nst":null,"dmin":0.698,"rms":0.88,"gap":21,"magType":"mww","type":"earthquake","title":"M 7.0 - 175 km NE of Gisborne, New Zealand"},"geometry":{"type":"Point","coordinates":[179.1461,-37.3586,19]},"id":"us10006jbi"},
{"type":"Feature","properties":{"mag":7.8,"place":"53 km NNE of Amberley, New Zealand","time":1479034976340,"updated":1713352119657,"tz":null,"url":"https://earthquake.usgs.gov/earthquakes/eventpage/us1000778i","detail":"https://earthquake.usgs.gov/fdsnws/event/1/query?eventid=us1000778i&format=geojson","felt":604,"cdi":9.1,"mmi":8.539,"alert":"orange","status":"reviewed","tsunami":1,"sig":1550,"net":"us","code":"1000778i","ids":",at00ogkuoy,us1000778i,iscgem615035032,atlas20161113110256,","sources":",at,us,iscgem,atlas,","types":",cap,dyfi,finite-fault,general-link,general-text,ground-failure,impact-link,impact-text,losspager,moment-tensor,origin,phase-data,poster,scitech-link,shakemap,trump-shakemap,","nst":null,"dmin":0.481,"rms":0.56,"gap":21,"magType":"mww","type":"earthquake","title":"M 7.8 - 53 km NNE of Amberley, New Zealand"},"geometry":{"type":"Point","coordinates":[173.054,-42.7373,15.11]},"id":"us1000778i"},
{"type":"Feature","properties":{"mag":7.8,"place":"69 km WSW of Kirakira, Solomon Islands","time":1481218726280,"updated":1651604180197,"tz":null,"url":"https://earthquake.usgs.gov/earthquakes/eventpage/us20007z80","detail":"https://earthquake.usgs.gov/fdsnws/event/1/query?eventid=us20007z80&format=geojson","felt":28,"cdi":9.1,"mmi":7.622,"alert":"green","status":"reviewed","tsunami":1,"sig":961,"net":"us","code":"20007z80","ids":",us20007z80,at00ohvnon,pt16343053,iscgem611831246,","sources":",us,at,pt,iscgem,","types":",dyfi,finite-fault,general-text,impact-link,impact-text,losspager,moment-tensor,origin,phase-data,poster,shakemap,","nst":null,"dmin":1.836,"rms":0.88,"gap":13,"magType":"mww","type":"earthquake","title":"M 7.8 - 69 km WSW of Kirakira, Solomon Islands"},"geometry":{"type":"Point","coordinates":[161.3273,-10.6812,40]},"id":"us20007z80"},
{"type":"Feature","properties":{"mag":7.9,"place":"140 km E of Kokopo, Papua New Guinea","time":1481971870500,"updated":1701449179052,"tz":null,"url":"https://earthquake.usgs.gov/earthquakes/eventpage/us200081v8","detail":"https://earthquake.usgs.gov/fdsnws/event/1/query?eventid=us200081v8&format=geojson","felt":14,"cdi":8.7,"mmi":7.476,"alert":"yellow","status":"reviewed","tsunami":1,"sig":972,"net":"us","code":"200081v8","ids":",us200081v8,at00oibstb,pt16352050,iscgem611831311,","sources":",us,at,pt,iscgem,","types":",dyfi,finite-fault,general-text,impact-link,impact-text,losspager,moment-tensor,origin,phase-data,poster,shakemap,","nst":null,"dmin":1.389,"rms":0.97,"gap":13,"magType":"mww","type":"earthquake","title":"M 7.9 - 140 km E of Kokopo, Papua New Guinea"},"geometry":{"type":"Point","coordinates":[153.5216,-4.5049,94.54]},"id":"us200081v8"},
{"type":"Feature","properties":{"mag":7.6,"place":"41 km SW of Quellón, Chile","time":1482675747010,"updated":1713352058805,"tz":null,"url":"https://earthquake.usgs.gov/earthquakes/eventpage/us10007mn3","detail":"https://earthquake.usgs.gov/fdsnws/event/1/query?eventid=us10007mn3&format=geojson","felt":283,"cdi":9.1,"mmi":7.598,"alert":"yellow","status":"reviewed","tsunami":1,"sig":1146,"net":"us","code":"10007mn3","ids":",us10007mn3,at00oiqvxe,pt16360050,iscgem609939179,","sources":",us,at,pt,iscgem,","types":",dyfi,finite-fault,general-text,impact-link,impact-text,losspager,moment-tensor,origin,phase-data,poster,shakemap,","nst":null,"dmin":0.355,"rms":0.79,"gap":29,"magType":"mww","type":"earthquake","title":"M 7.6 - 41 km SW of Quellón, Chile"},"geometry":{"type":"Point","coordinates":[-73.9413,-43.4064,38]},"id":"us10007mn3"},
{"type":"Feature","properties":{"mag":7.3,"place":"189 km SSE of Tabiauan, Philippines","time":1484028828140,"updated":1651606996287,"tz":null,"url":"https://earthquake.usgs.gov/earthquakes/eventpage/us10007s9c","detail":"https://earthquake.usgs.gov/fdsnws/event/1/query?eventid=us10007s9c&format=geojson","felt":50,"cdi":5.9,"mmi":3.33,"alert":"green","status":"reviewed","tsunami":1,"sig":849,"net":"us","code":"10007s9c","ids":",us10007s9c,at00ojjvz0,iscgem614538632,","sources":",us,at,iscgem,","types":",dyfi,general-text,impact-link,losspager,moment-tensor,origin,phase-data,poster,shakemap,","nst":null,"dmin":3.813,"rms":1.05,"gap":18,"magType":"mww","type":"earthquake","title":"M 7.3 - 189 km SSE of Tabiauan, Philippines"},"geometry":{"type":"Point","coordinates":[122.6171,4.4782,627.17]},"id":"us10007s9c"},
{"type":"Feature","properties":{"mag":7.9,"place":"35 km WNW of Panguna, Papua New Guinea","time":1485059422960,"updated":1651604242533,"tz":null,"url":"https://earthquake.usgs.gov/earthquakes/eventpage/us10007uph","detail":"https://earthquake.usgs.gov/fdsnws/event/1/query?eventid=us10007uph&format=geojson","felt":30,"cdi":9.1,"mmi":7.253,"alert":"yellow","status":"reviewed","tsunami":1,"sig":987,"net":"us","code":"10007uph","ids":",us10007uph,at00ok5z6p,pt17022050,iscgem611831635,","sources":",us,at,pt,iscgem,","types":",dyfi,finite-fault,general-text,impact-link,impact-text,losspager,moment-tensor,origin,phase-data,poster,shakemap,","nst":null,"dmin":3.625,"rms":1.22,"gap":9,"magType":"mww","type":"earthquake","title":"M 7.9 - 35 km WNW of Panguna, Papua New Guinea"},"geometry":{"type":"Point","coordinates":[155.1718,-6.2464,135]},"id":"us10007uph"},
{"type":"Feature","properties":{"mag":7.7,"place":"Komandorskiye Ostrova, Russia region","time":1500334453740,"updated":1659874084728,"tz":null,"url":"https://earthquake.usgs.gov/earthquakes/eventpage/us20009x42","detail":"https://earthquake.usgs.gov/fdsnws/event/1/query?eventid=us20009x42&format=geojson","felt":8,"cdi":7.8,"mmi":6.97,"alert":"green","status":"reviewed","tsunami":1,"sig":918,"net":"us","code":"20009x42","ids":",pt17198005,us20009x42,at00ot9dh6,iscgem610785483,","sources":",pt,us,at,iscgem,","types":",dyfi,finite-fault,general-text,impact-link,losspager,moment-tensor,origin,phase-data,poster,shakemap,","nst":null,"dmin":3.564,"rms":0.68,"gap":13,"magType":"mww","type":"earthquake","title":"M 7.7 - Komandorskiye Ostrova, Russia region"},"geometry":{"type":"Point","coordinates":[168.857,54.4434,10]},"id":"us20009x42"},
{"type":"Feature","properties":{"mag":8.2,"place":"2017 Tehuantepec, Mexico Earthquake","time":1504846159180,"updated":1775504250062,"tz":null,"url":"https://earthquake.usgs.gov/earthquakes/eventpage/us2000ahv0","detail":"https://earthquake.usgs.gov/fdsnws/event/1/query?eventid=us2000ahv0&format=geojson","felt":2649,"cdi":9.1,"mmi":7.398,"alert":"red","status":"reviewed","tsunami":1,"sig":2910,"net":"us","code":"2000ahv0","ids":",at00ovy2q7,pt17251000,us2000ahv0,iscgem611600536,","sources":",at,pt,us,iscgem,","types":",dyfi,earthquake-name,finite-fault,general-link,general-text,ground-failure,impact-link,impact-text,losspager,moment-tensor,origin,phase-data,poster,scitech-link,shakemap,","nst":null,"dmin":0.944,"rms":1.22,"gap":22,"magType":"mww","type":"earthquake","title":"M 8.2 - 2017 Tehuantepec, Mexico Earthquake"},"geometry":{"type":"Point","coordinates":[-93.8993,15.0222,47.39]},"id":"us2000ahv0"},
{"type":"Feature","properties":{"mag":7.1,"place":"1 km S of Matzaco, Mexico","time":1505844878090,"updated":1784336414530,"tz":null,"url":"https://earthquake.usgs.gov/earthquakes/eventpage/us2000ar20","detail":"https://earthquake.usgs.gov/fdsnws/event/1/query?eventid=us2000ar20&format=geojson","felt":2479,"cdi":7.2,"mmi":7.844,"alert":null,"status":"reviewed","tsunami":0,"sig":1496,"net":"us","code":"2000ar20","ids":",us2000ar20,iscgem611079453,","sources":",us,iscgem,","types":",dyfi,finite-fault,general-link,general-text,ground-failure,impact-text,losspager,moment-tensor,origin,phase-data,poster,scitech-link,shakemap,","nst":null,"dmin":0.984,"rms":1.14,"gap":23,"magType":"mww","type":"earthquake","title":"M 7.1 - 1 km S of Matzaco, Mexico"},"geometry":{"type":"Point","coordinates":[-98.4887,18.5499,48]},"id":"us2000ar20"},
{"type":"Feature","properties":{"mag":7.3,"place":"29 km S of ?alabja, Iraq","time":1510510697180,"updated":1722464762515,"tz":null,"url":"https://earthquake.usgs.gov/earthquakes/eventpage/us2000bmcg","detail":"https://earthquake.usgs.gov/fdsnws/event/1/query?eventid=us2000bmcg&format=geojson","felt":1523,"cdi":7.9,"mmi":8.663,"alert":"red","status":"reviewed","tsunami":0,"sig":2790,"net":"us","code":"2000bmcg","ids":",us2000bmcg,iscgem617943542,","sources":",us,iscgem,","types":",dyfi,finite-fault,general-text,ground-failure,impact-text,losspager,moment-tensor,origin,phase-data,poster,shakemap,","nst":null,"dmin":0.284,"rms":1.29,"gap":33,"magType":"mww","type":"earthquake","title":"M 7.3 - 29 km S of ?alabja, Iraq"},"geometry":{"type":"Point","coordinates":[45.9592,34.9109,19]},"id":"us2000bmcg"},
{"type":"Feature","properties":{"mag":7,"place":"85 km ENE of Tadine, New Caledonia","time":1511131409250,"updated":1651607068459,"tz":null,"url":"https://earthquake.usgs.gov/earthquakes/eventpage/us2000brlf","detail":"https://earthquake.usgs.gov/fdsnws/event/1/query?eventid=us2000brlf&format=geojson","felt":44,"cdi":3.8,"mmi":5.926,"alert":"green","status":"reviewed","tsunami":1,"sig":771,"net":"us","code":"2000brlf","ids":",at00ozosgj,us2000brlf,pt17323002,iscgem614999545,","sources":",at,us,pt,iscgem,","types":",dyfi,general-text,impact-link,losspager,moment-tensor,origin,phase-data,poster,shakemap,","nst":null,"dmin":0.617,"rms":0.65,"gap":14,"magType":"mww","type":"earthquake","title":"M 7.0 - 85 km ENE of Tadine, New Caledonia"},"geometry":{"type":"Point","coordinates":[168.6715,-21.3246,10]},"id":"us2000brlf"},
{"type":"Feature","properties":{"mag":7.5,"place":"203 km NNE of Barra Patuca, Honduras","time":1515552693290,"updated":1651603488043,"tz":null,"url":"https://earthquake.usgs.gov/earthquakes/eventpage/us1000c2zy","detail":"https://earthquake.usgs.gov/fdsnws/event/1/query?eventid=us1000c2zy&format=geojson","felt":913,"cdi":8.3,"mmi":5.425,"alert":"green","status":"reviewed","tsunami":1,"sig":1623,"net":"us","code":"1000c2zy","ids":",at00p2bjxw,pt18010000,us1000c2zy,iscgem611634051,","sources":",at,pt,us,iscgem,","types":",dyfi,finite-fault,general-link,general-text,impact-link,impact-text,losspager,moment-tensor,origin,phase-data,poster,shakemap,","nst":null,"dmin":4.581,"rms":0.82,"gap":12,"magType":"mww","type":"earthquake","title":"M 7.5 - 203 km NNE of Barra Patuca, Honduras"},"geometry":{"type":"Point","coordinates":[-83.52,17.4825,19]},"id":"us1000c2zy"},
{"type":"Feature","properties":{"mag":7.1,"place":"37 km W of Atiquipa, Peru","time":1515921525540,"updated":1651603510126,"tz":null,"url":"https://earthquake.usgs.gov/earthquakes/eventpage/us2000cjfy","detail":"https://earthquake.usgs.gov/fdsnws/event/1/query?eventid=us2000cjfy&format=geojson","felt":352,"cdi":8.5,"mmi":6.946,"alert":"green","status":"reviewed","tsunami":1,"sig":1075,"net":"us","code":"2000cjfy","ids":",at00p2jgj9,pt18014000,us2000cjfy,iscgem611648221,","sources":",at,pt,us,iscgem,","types":",dyfi,finite-fault,general-text,impact-link,impact-text,losspager,moment-tensor,origin,phase-data,poster,shakemap,","nst":null,"dmin":4.29,"rms":1.2,"gap":23,"magType":"mww","type":"earthquake","title":"M 7.1 - 37 km W of Atiquipa, Peru"},"geometry":{"type":"Point","coordinates":[-74.7092,-15.7675,39]},"id":"us2000cjfy"},
{"type":"Feature","properties":{"mag":7.9,"place":"261 km SE of Chiniak, Alaska","time":1516699900890,"updated":1731024529736,"tz":null,"url":"https://earthquake.usgs.gov/earthquakes/eventpage/us2000cmy3","detail":"https://earthquake.usgs.gov/fdsnws/event/1/query?eventid=us2000cmy3&format=geojson","felt":2383,"cdi":7.6,"mmi":4.303,"alert":"green","status":"reviewed","tsunami":1,"sig":1720,"net":"us","code":"2000cmy3","ids":",ak18173527,us2000cmy3,at00p3054t,pt18023001,ak018126wm5v,iscgem611653794,ak18173519,","sources":",ak,us,at,pt,ak,iscgem,ak,","types":",associate,dyfi,finite-fault,general-link,general-text,ground-failure,impact-link,impact-text,losspager,moment-tensor,origin,phase-data,poster,shakemap,trump-origin,","nst":null,"dmin":2.585,"rms":0.77,"gap":30,"magType":"mww","type":"earthquake","title":"M 7.9 - 261 km SE of Chiniak, Alaska"},"geometry":{"type":"Point","coordinates":[-149.1658,56.0039,14.06]},"id":"us2000cmy3"},
{"type":"Feature","properties":{"mag":7.2,"place":"4 km S of Pinotepa de Don Luis, Mexico","time":1518824379280,"updated":1728283713331,"tz":null,"url":"https://earthquake.usgs.gov/earthquakes/eventpage/us2000d3km","detail":"https://earthquake.usgs.gov/fdsnws/event/1/query?eventid=us2000d3km&format=geojson","felt":795,"cdi":7.4,"mmi":7.169,"alert":"yellow","status":"reviewed","tsunami":1,"sig":1386,"net":"us","code":"2000d3km","ids":",at00p49oe8,pt18047000,us2000d3km,iscgem611835996,","sources":",at,pt,us,iscgem,","types":",dyfi,finite-fault,general-link,general-text,impact-link,impact-text,losspager,moment-tensor,origin,phase-data,poster,shakemap,","nst":null,"dmin":0.142,"rms":1.23,"gap":82,"magType":"mww","type":"earthquake","title":"M 7.2 - 4 km S of Pinotepa de Don Luis, Mexico"},"geometry":{"type":"Point","coordinates":[-97.9787,16.3855,22]},"id":"us2000d3km"},
{"type":"Feature","properties":{"mag":7.5,"place":"32 km SW of Tari, Papua New Guinea","time":1519580684140,"updated":1651607091042,"tz":null,"url":"https://earthquake.usgs.gov/earthquakes/eventpage/us2000d7q6","detail":"https://earthquake.usgs.gov/fdsnws/event/1/query?eventid=us2000d7q6&format=geojson","felt":86,"cdi":9,"mmi":8.288,"alert":"yellow","status":"reviewed","tsunami":1,"sig":943,"net":"us","code":"2000d7q6","ids":",at00p4pvyj,pt18056001,us2000d7q6,iscgem615000068,","sources":",at,pt,us,iscgem,","types":",dyfi,finite-fault,general-link,general-text,ground-failure,impact-link,impact-text,losspager,moment-tensor,origin,phase-data,poster,shakemap,","nst":null,"dmin":5.48,"rms":1.31,"gap":17,"magType":"mww","type":"earthquake","title":"M 7.5 - 32 km SW of Tari, Papua New Guinea"},"geometry":{"type":"Point","coordinates":[142.7536,-6.0699,25.21]},"id":"us2000d7q6"},
{"type":"Feature","properties":{"mag":8.2,"place":"2018 Fiji Earthquake","time":1534637980670,"updated":1764175192070,"tz":null,"url":"https://earthquake.usgs.gov/earthquakes/eventpage/us1000gcii","detail":"https://earthquake.usgs.gov/fdsnws/event/1/query?eventid=us1000gcii&format=geojson","felt":36,"cdi":5,"mmi":4.033,"alert":"green","status":"reviewed","tsunami":1,"sig":1052,"net":"us","code":"1000gcii","ids":",at00pdom8q,pt18231000,us1000gcii,iscgem616641704,","sources":",at,pt,us,iscgem,","types":",dyfi,earthquake-name,finite-fault,general-text,impact-link,impact-text,losspager,moment-tensor,origin,phase-data,poster,shakemap,","nst":null,"dmin":3.63,"rms":0.79,"gap":13,"magType":"mww","type":"earthquake","title":"M 8.2 - 2018 Fiji Earthquake"},"geometry":{"type":"Point","coordinates":[-178.153,-18.1125,600]},"id":"us1000gcii"},
{"type":"Feature","properties":{"mag":7.3,"place":"40 km ENE of Carúpano, Venezuela","time":1534887107600,"updated":1782699749627,"tz":null,"url":"https://earthquake.usgs.gov/earthquakes/eventpage/us1000gez7","detail":"https://earthquake.usgs.gov/fdsnws/event/1/query?eventid=us1000gez7&format=geojson","felt":1173,"cdi":7.5,"mmi":6.105,"alert":"yellow","status":"reviewed","tsunami":1,"sig":1570,"net":"us","code":"1000gez7","ids":",at00pdtygt,pt18233000,us1000gez7,","sources":",at,pt,us,","types":",dyfi,finite-fault,general-text,ground-failure,impact-link,impact-text,losspager,moment-tensor,origin,phase-data,poster,shakemap,","nst":null,"dmin":1.822,"rms":1.1,"gap":15,"magType":"mww","type":"earthquake","title":"M 7.3 - 40 km ENE of Carúpano, Venezuela"},"geometry":{"type":"Point","coordinates":[-62.9019,10.7731,146.82]},"id":"us1000gez7"},
{"type":"Feature","properties":{"mag":7.1,"place":"136 km W of Iñapari, Peru","time":1535101448250,"updated":1651606100969,"tz":null,"url":"https://earthquake.usgs.gov/earthquakes/eventpage/us1000ggj4","detail":"https://earthquake.usgs.gov/fdsnws/event/1/query?eventid=us1000ggj4&format=geojson","felt":null,"cdi":null,"mmi":2.93,"alert":"green","status":"reviewed","tsunami":0,"sig":776,"net":"us","code":"1000ggj4","ids":",us1000ggj4,iscgem612637304,","sources":",us,iscgem,","types":",general-text,ground-failure,losspager,moment-tensor,origin,phase-data,poster,shakemap,","nst":null,"dmin":3.77,"rms":0.99,"gap":12,"magType":"mww","type":"earthquake","title":"M 7.1 - 136 km W of Iñapari, Peru"},"geometry":{"type":"Point","coordinates":[-70.8284,-11.0355,630]},"id":"us1000ggj4"},
{"type":"Feature","properties":{"mag":7.1,"place":"238 km ESE of Tadine, New Caledonia","time":1535514716100,"updated":1659944054777,"tz":null,"url":"https://earthquake.usgs.gov/earthquakes/eventpage/us1000gjaz","detail":"https://earthquake.usgs.gov/fdsnws/event/1/query?eventid=us1000gjaz&format=geojson","felt":2,"cdi":2,"mmi":4.51,"alert":"green","status":"reviewed","tsunami":1,"sig":776,"net":"us","code":"1000gjaz","ids":",at00pe7eqn,us1000gjaz,pt18241000,iscgem615001001,","sources":",at,us,pt,iscgem,","types":",dyfi,general-text,ground-failure,impact-link,impact-text,losspager,moment-tensor,origin,phase-data,poster,shakemap,","nst":null,"dmin":2.548,"rms":0.98,"gap":23,"magType":"mww","type":"earthquake","title":"M 7.1 - 238 km ESE of Tadine, New Caledonia"},"geometry":{"type":"Point","coordinates":[170.1262,-22.0295,21.43]},"id":"us1000gjaz"},
{"type":"Feature","properties":{"mag":7.9,"place":"45 km S of Levuka, Fiji","time":1536248958710,"updated":1651606409496,"tz":null,"url":"https://earthquake.usgs.gov/earthquakes/eventpage/us2000h9e2","detail":"https://earthquake.usgs.gov/fdsnws/event/1/query?eventid=us2000h9e2&format=geojson","felt":27,"cdi":7,"mmi":3.569,"alert":"green","status":"reviewed","tsunami":1,"sig":979,"net":"us","code":"2000h9e2","ids":",at00pen5a4,pt18249001,us2000h9e2,iscgem612848327,","sources":",at,pt,us,iscgem,","types":",dyfi,general-text,impact-link,losspager,moment-tensor,origin,phase-data,poster,shakemap,","nst":null,"dmin":1.431,"rms":1.07,"gap":12,"magType":"mww","type":"earthquake","title":"M 7.9 - 45 km S of Levuka, Fiji"},"geometry":{"type":"Point","coordinates":[179.3502,-18.4743,670.81]},"id":"us2000h9e2"},
{"type":"Feature","properties":{"mag":7.5,"place":"72 km N of Palu, Indonesia","time":1538128965250,"updated":1780894411212,"tz":null,"url":"https://earthquake.usgs.gov/earthquakes/eventpage/us1000h3p4","detail":"https://earthquake.usgs.gov/fdsnws/event/1/query?eventid=us1000h3p4&format=geojson","felt":40,"cdi":8.6,"mmi":8.367,"alert":"red","status":"reviewed","tsunami":0,"sig":2034,"net":"us","code":"1000h3p4","ids":",us1000h3p4,iscgem616642238,","sources":",us,iscgem,","types":",dyfi,finite-fault,general-text,ground-failure,impact-text,losspager,moment-tensor,origin,phase-data,poster,shakemap,","nst":null,"dmin":1.649,"rms":1,"gap":13,"magType":"mww","type":"earthquake","title":"M 7.5 - 72 km N of Palu, Indonesia"},"geometry":{"type":"Point","coordinates":[119.8462,-0.2559,20]},"id":"us1000h3p4"},
{"type":"Feature","properties":{"mag":7,"place":"119 km E of Kimbe, Papua New Guinea","time":1539204500100,"updated":1651607421621,"tz":null,"url":"https://earthquake.usgs.gov/earthquakes/eventpage/us1000haa3","detail":"https://earthquake.usgs.gov/fdsnws/event/1/query?eventid=us1000haa3&format=geojson","felt":6,"cdi":6.3,"mmi":6.273,"alert":"green","status":"reviewed","tsunami":1,"sig":758,"net":"us","code":"1000haa3","ids":",us1000haa3,at00pgehsk,pt18283003,iscgem615091200,","sources":",us,at,pt,iscgem,","types":",dyfi,finite-fault,general-text,ground-failure,impact-link,losspager,moment-tensor,origin,phase-data,poster,shakemap,","nst":null,"dmin":1.778,"rms":1.1,"gap":18,"magType":"mww","type":"earthquake","title":"M 7.0 - 119 km E of Kimbe, Papua New Guinea"},"geometry":{"type":"Point","coordinates":[151.2046,-5.7012,39]},"id":"us1000haa3"},
{"type":"Feature","properties":{"mag":7.1,"place":"1 km SE of Point MacKenzie, Alaska","time":1543598969330,"updated":1765153958359,"tz":null,"url":"https://earthquake.usgs.gov/earthquakes/eventpage/ak018fcnsk91","detail":"https://earthquake.usgs.gov/fdsnws/event/1/query?eventid=ak018fcnsk91&format=geojson","felt":2342,"cdi":7.5,"mmi":7.696,"alert":"orange","status":"reviewed","tsunami":1,"sig":1750,"net":"ak","code":"018fcnsk91","ids":",ak20419010,at00pj0ol4,us1000hyfh,ak018fcnsk91,pt18334000,iscgem616643636,","sources":",ak,at,us,ak,pt,iscgem,","types":",associate,dyfi,finite-fault,general-link,general-text,ground-failure,impact-link,impact-text,losspager,moment-tensor,origin,phase-data,poster,scitech-link,shakemap,","nst":null,"dmin":null,"rms":1.04,"gap":null,"magType":"mw","type":"earthquake","title":"M 7.1 - 1 km SE of Point MacKenzie, Alaska"},"geometry":{"type":"Point","coordinates":[-149.9552,61.3464,46.7]},"id":"ak018fcnsk91"},
{"type":"Feature","properties":{"mag":7.5,"place":"166 km ESE of Tadine, New Caledonia","time":1543983488420,"updated":1651607449454,"tz":null,"url":"https://earthquake.usgs.gov/earthquakes/eventpage/us1000i2gt","detail":"https://earthquake.usgs.gov/fdsnws/event/1/query?eventid=us1000i2gt&format=geojson","felt":17,"cdi":3.4,"mmi":5.972,"alert":"green","status":"reviewed","tsunami":1,"sig":871,"net":"us","code":"1000i2gt","ids":",at00pj8xaa,pt18339001,us1000i2gt,iscgem615091842,","sources":",at,pt,us,iscgem,","types":",dyfi,finite-fault,general-text,ground-failure,impact-link,impact-text,losspager,moment-tensor,origin,phase-data,poster,shakemap,","nst":null,"dmin":2.405,"rms":0.74,"gap":18,"magType":"mww","type":"earthquake","title":"M 7.5 - 166 km ESE of Tadine, New Caledonia"},"geometry":{"type":"Point","coordinates":[169.4266,-21.9496,10]},"id":"us1000i2gt"},
{"type":"Feature","properties":{"mag":7.1,"place":"South Sandwich Islands region","time":1544495189420,"updated":1651606867127,"tz":null,"url":"https://earthquake.usgs.gov/earthquakes/eventpage/us2000isc8","detail":"https://earthquake.usgs.gov/fdsnws/event/1/query?eventid=us2000isc8&format=geojson","felt":null,"cdi":null,"mmi":5.36,"alert":"green","status":"reviewed","tsunami":1,"sig":776,"net":"us","code":"2000isc8","ids":",us2000isc8,pt18345000,at00pjjw49,iscgem614423758,","sources":",us,pt,at,iscgem,","types":",general-text,impact-link,losspager,moment-tensor,origin,phase-data,poster,shakemap,","nst":null,"dmin":7.043,"rms":0.92,"gap":20,"magType":"mww","type":"earthquake","title":"M 7.1 - South Sandwich Islands region"},"geometry":{"type":"Point","coordinates":[-26.3856,-58.5446,133]},"id":"us2000isc8"},
{"type":"Feature","properties":{"mag":7.3,"place":"187 km SE of Ust’-Kamchatsk Staryy, Russia","time":1545325315150,"updated":1651606930731,"tz":null,"url":"https://earthquake.usgs.gov/earthquakes/eventpage/us2000ivfw","detail":"https://earthquake.usgs.gov/fdsnws/event/1/query?eventid=us2000ivfw&format=geojson","felt":6,"cdi":3.2,"mmi":6.92,"alert":"green","status":"reviewed","tsunami":1,"sig":822,"net":"us","code":"2000ivfw","ids":",us2000ivfw,pt18354000,at00pk1on9,iscgem614459017,","sources":",us,pt,at,iscgem,","types":",dyfi,finite-fault,general-text,ground-failure,impact-link,losspager,moment-tensor,origin,phase-data,poster,shakemap,","nst":null,"dmin":4.126,"rms":0.79,"gap":23,"magType":"mww","type":"earthquake","title":"M 7.3 - 187 km SE of Ust’-Kamchatsk Staryy, Russia"},"geometry":{"type":"Point","coordinates":[164.6993,55.0999,16.56]},"id":"us2000ivfw"},
{"type":"Feature","properties":{"mag":7,"place":"96 km ESE of Pondaguitan, Philippines","time":1546054749740,"updated":1752602338027,"tz":null,"url":"https://earthquake.usgs.gov/earthquakes/eventpage/us2000iyta","detail":"https://earthquake.usgs.gov/fdsnws/event/1/query?eventid=us2000iyta&format=geojson","felt":94,"cdi":6.6,"mmi":5.22,"alert":"green","status":"reviewed","tsunami":1,"sig":816,"net":"us","code":"2000iyta","ids":",at00pkhbhc,pt18363000,us2000iyta,iscgem614463414,","sources":",at,pt,us,iscgem,","types":",dyfi,finite-fault,ground-failure,impact-link,losspager,moment-tensor,origin,phase-data,shakemap,","nst":null,"dmin":1.769,"rms":1.45,"gap":21,"magType":"mww","type":"earthquake","title":"M 7.0 - 96 km ESE of Pondaguitan, Philippines"},"geometry":{"type":"Point","coordinates":[126.9209,5.8983,60.21]},"id":"us2000iyta"},
{"type":"Feature","properties":{"mag":7.5,"place":"115 km ESE of Palora, Ecuador","time":1550830643770,"updated":1766426628343,"tz":null,"url":"https://earthquake.usgs.gov/earthquakes/eventpage/us2000jlfv","detail":"https://earthquake.usgs.gov/fdsnws/event/1/query?eventid=us2000jlfv&format=geojson","felt":418,"cdi":6.7,"mmi":7.281,"alert":"yellow","status":"reviewed","tsunami":1,"sig":1145,"net":"us","code":"2000jlfv","ids":",at00pnbol0,pt19053000,us2000jlfv,iscgem614969911,","sources":",at,pt,us,iscgem,","types":",dyfi,finite-fault,general-text,ground-failure,impact-link,impact-text,losspager,moment-tensor,origin,phase-data,poster,shakemap,","nst":null,"dmin":2.045,"rms":1.12,"gap":15,"magType":"mww","type":"earthquake","title":"M 7.5 - 115 km ESE of Palora, Ecuador"},"geometry":{"type":"Point","coordinates":[-77.0505,-2.1862,145]},"id":"us2000jlfv"},
{"type":"Feature","properties":{"mag":7,"place":"22 km NNE of Azángaro, Peru","time":1551430242591,"updated":1766429794300,"tz":null,"url":"https://earthquake.usgs.gov/earthquakes/eventpage/us1000j96d","detail":"https://earthquake.usgs.gov/fdsnws/event/1/query?eventid=us1000j96d&format=geojson","felt":160,"cdi":7.2,"mmi":4.423,"alert":"green","status":"reviewed","tsunami":1,"sig":869,"net":"us","code":"1000j96d","ids":",at00pnoj8k,pt19060000,us1000j96d,iscgem620328319,","sources":",at,pt,us,iscgem,","types":",dyfi,finite-fault,general-text,ground-failure,impact-link,impact-text,losspager,moment-tensor,origin,phase-data,poster,shakemap,","nst":null,"dmin":2.501,"rms":1.13,"gap":42,"magType":"mww","type":"earthquake","title":"M 7.0 - 22 km NNE of Azángaro, Peru"},"geometry":{"type":"Point","coordinates":[-70.1546,-14.7131,267]},"id":"us1000j96d"},
{"type":"Feature","properties":{"mag":7.1,"place":"32 km NW of Bulolo, Papua New Guinea","time":1557177577983,"updated":1766426081705,"tz":null,"url":"https://earthquake.usgs.gov/earthquakes/eventpage/us70003hqb","detail":"https://earthquake.usgs.gov/fdsnws/event/1/query?eventid=us70003hqb&format=geojson","felt":77,"cdi":6.5,"mmi":6.159,"alert":"yellow","status":"reviewed","tsunami":1,"sig":826,"net":"us","code":"70003hqb","ids":",at00pr3pwp,us70003hqb,pt19126050,iscgem615950088,","sources":",at,us,pt,iscgem,","types":",dyfi,finite-fault,general-text,ground-failure,impact-link,impact-text,losspager,moment-tensor,origin,phase-data,poster,shakemap,","nst":null,"dmin":2.514,"rms":1.02,"gap":16,"magType":"mww","type":"earthquake","title":"M 7.1 - 32 km NW of Bulolo, Papua New Guinea"},"geometry":{"type":"Point","coordinates":[146.4494,-6.9746,146]},"id":"us70003hqb"},
{"type":"Feature","properties":{"mag":7.6,"place":"48 km NE of Kokopo, Papua New Guinea","time":1557838705939,"updated":1766426973553,"tz":null,"url":"https://earthquake.usgs.gov/earthquakes/eventpage/us70003kyy","detail":"https://earthquake.usgs.gov/fdsnws/event/1/query?eventid=us70003kyy&format=geojson","felt":58,"cdi":6.9,"mmi":7.252,"alert":"green","status":"reviewed","tsunami":1,"sig":929,"net":"us","code":"70003kyy","ids":",pt19134000,us70003kyy,iscgem615622891,","sources":",pt,us,iscgem,","types":",dyfi,finite-fault,general-link,general-text,ground-failure,impact-link,impact-text,losspager,moment-tensor,origin,phase-data,poster,shakemap,","nst":null,"dmin":0.453,"rms":1,"gap":16,"magType":"mww","type":"earthquake","title":"M 7.6 - 48 km NE of Kokopo, Papua New Guinea"},"geometry":{"type":"Point","coordinates":[152.5967,-4.051,10]},"id":"us70003kyy"},
{"type":"Feature","properties":{"mag":8,"place":"78 km NE of Navarro, Peru","time":1558856475073,"updated":1766426999494,"tz":null,"url":"https://earthquake.usgs.gov/earthquakes/eventpage/us60003sc0","detail":"https://earthquake.usgs.gov/fdsnws/event/1/query?eventid=us60003sc0&format=geojson","felt":1083,"cdi":8.9,"mmi":7.945,"alert":"orange","status":"reviewed","tsunami":1,"sig":1890,"net":"us","code":"60003sc0","ids":",at00ps3pco,pt19146001,us60003sc0,iscgem615748456,","sources":",at,pt,us,iscgem,","types":",dyfi,finite-fault,general-text,ground-failure,impact-link,impact-text,losspager,moment-tensor,origin,phase-data,poster,shakemap,","nst":null,"dmin":3.18,"rms":0.84,"gap":17,"magType":"mww","type":"earthquake","title":"M 8.0 - 78 km NE of Navarro, Peru"},"geometry":{"type":"Point","coordinates":[-75.2697,-5.8119,122.57]},"id":"us60003sc0"},
{"type":"Feature","properties":{"mag":7.3,"place":"Kermadec Islands, New Zealand","time":1560639304130,"updated":1766427634003,"tz":null,"url":"https://earthquake.usgs.gov/earthquakes/eventpage/us6000417i","detail":"https://earthquake.usgs.gov/fdsnws/event/1/query?eventid=us6000417i&format=geojson","felt":12,"cdi":8.3,"mmi":6.465,"alert":"green","status":"reviewed","tsunami":1,"sig":830,"net":"us","code":"6000417i","ids":",at00pt5wzj,us6000417i,pt19166001,iscgem616744157,","sources":",at,us,pt,iscgem,","types":",dyfi,finite-fault,general-text,impact-link,impact-text,losspager,moment-tensor,origin,phase-data,poster,shakemap,","nst":null,"dmin":1.402,"rms":0.81,"gap":11,"magType":"mww","type":"earthquake","title":"M 7.3 - Kermadec Islands, New Zealand"},"geometry":{"type":"Point","coordinates":[-178.0995,-30.6441,46]},"id":"us6000417i"},
{"type":"Feature","properties":{"mag":7.3,"place":"Banda Sea","time":1561344819830,"updated":1766427120331,"tz":null,"url":"https://earthquake.usgs.gov/earthquakes/eventpage/us600044zz","detail":"https://earthquake.usgs.gov/fdsnws/event/1/query?eventid=us600044zz&format=geojson","felt":295,"cdi":4.1,"mmi":5.64,"alert":"green","status":"reviewed","tsunami":1,"sig":941,"net":"us","code":"600044zz","ids":",at00ptl1dg,pt19175001,us600044zz,iscgem615968173,","sources":",at,pt,us,iscgem,","types":",dyfi,general-text,ground-failure,impact-link,losspager,moment-tensor,origin,phase-data,poster,shakemap,","nst":null,"dmin":2.629,"rms":1.08,"gap":16,"magType":"mww","type":"earthquake","title":"M 7.3 - Banda Sea"},"geometry":{"type":"Point","coordinates":[129.1692,-6.4078,212]},"id":"us600044zz"},
{"type":"Feature","properties":{"mag":7.1,"place":"Ridgecrest Earthquake Sequence","time":1562383193040,"updated":1784824033140,"tz":-480,"url":"https://earthquake.usgs.gov/earthquakes/eventpage/ci38457511","detail":"https://earthquake.usgs.gov/fdsnws/event/1/query?eventid=ci38457511&format=geojson","felt":39887,"cdi":8.7,"mmi":8.73,"alert":"yellow","status":"reviewed","tsunami":0,"sig":1646,"net":"ci","code":"38457511","ids":",ci38457511,us70004bn0,at00pu7alg,pt19187000,iscgem616203758,","sources":",ci,us,at,pt,iscgem,","types":",dyfi,earthquake-name,event-sequence,finite-fault,focal-mechanism,general-link,general-text,geoserve,ground-failure,impact-text,losspager,moment-tensor,nearby-cities,oaf,origin,phase-data,poster,scitech-link,shakemap,","nst":77,"dmin":0.04616,"rms":0.22,"gap":43,"magType":"mw","type":"earthquake","title":"M 7.1 - Ridgecrest Earthquake Sequence"},"geometry":{"type":"Point","coordinates":[-117.5993333,35.7695,8]},"id":"ci38457511"},
{"type":"Feature","properties":{"mag":7.2,"place":"155 km SSE of Sofifi, Indonesia","time":1563095451523,"updated":1766426099386,"tz":null,"url":"https://earthquake.usgs.gov/earthquakes/eventpage/us70004jyv","detail":"https://earthquake.usgs.gov/fdsnws/event/1/query?eventid=us70004jyv&format=geojson","felt":17,"cdi":6.7,"mmi":6.81,"alert":"green","status":"reviewed","tsunami":0,"sig":809,"net":"us","code":"70004jyv","ids":",us70004jyv,iscgem616062317,","sources":",us,iscgem,","types":",dyfi,finite-fault,general-text,ground-failure,impact-text,losspager,moment-tensor,origin,phase-data,poster,shakemap,","nst":null,"dmin":1.504,"rms":0.88,"gap":38,"magType":"mww","type":"earthquake","title":"M 7.2 - 155 km SSE of Sofifi, Indonesia"},"geometry":{"type":"Point","coordinates":[128.034,-0.5858,18.98]},"id":"us70004jyv"},
{"type":"Feature","properties":{"mag":7.1,"place":"141 km NW of Ternate, Indonesia","time":1573748260578,"updated":1766426170937,"tz":null,"url":"https://earthquake.usgs.gov/earthquakes/eventpage/us60006bjl","detail":"https://earthquake.usgs.gov/fdsnws/event/1/query?eventid=us60006bjl&format=geojson","felt":41,"cdi":5.8,"mmi":6.459,"alert":"green","status":"reviewed","tsunami":1,"sig":799,"net":"us","code":"60006bjl","ids":",pt19318001,at00q0yvxj,us60006bjl,iscgem616781144,","sources":",pt,at,us,iscgem,","types":",dyfi,finite-fault,general-text,ground-failure,impact-link,impact-text,losspager,moment-tensor,origin,phase-data,shakemap,","nst":null,"dmin":1.271,"rms":1.15,"gap":11,"magType":"mww","type":"earthquake","title":"M 7.1 - 141 km NW of Ternate, Indonesia"},"geometry":{"type":"Point","coordinates":[126.4156,1.6213,33]},"id":"us60006bjl"},
{"type":"Feature","properties":{"mag":7.7,"place":"123 km NNW of Lucea, Jamaica","time":1580238624918,"updated":1766428039786,"tz":null,"url":"https://earthquake.usgs.gov/earthquakes/eventpage/us60007idc","detail":"https://earthquake.usgs.gov/fdsnws/event/1/query?eventid=us60007idc&format=geojson","felt":1052,"cdi":9,"mmi":6.042,"alert":"yellow","status":"reviewed","tsunami":1,"sig":1812,"net":"us","code":"60007idc","ids":",pt20028001,us60007idc,at00q4ttp1,iscgem617210084,","sources":",pt,us,at,iscgem,","types":",dyfi,finite-fault,general-text,ground-failure,impact-link,impact-text,losspager,losspager-admin,moment-tensor,origin,phase-data,poster,shakemap,","nst":null,"dmin":1.657,"rms":0.75,"gap":26,"magType":"mww","type":"earthquake","title":"M 7.7 - 123 km NNW of Lucea, Jamaica"},"geometry":{"type":"Point","coordinates":[-78.756,19.4193,14.86]},"id":"us60007idc"},
{"type":"Feature","properties":{"mag":7,"place":"95 km ENE of Kuril’sk, Russia","time":1581590024406,"updated":1766428140530,"tz":null,"url":"https://earthquake.usgs.gov/earthquakes/eventpage/us70007pa9","detail":"https://earthquake.usgs.gov/fdsnws/event/1/query?eventid=us70007pa9&format=geojson","felt":33,"cdi":4.8,"mmi":6.255,"alert":"yellow","status":"reviewed","tsunami":1,"sig":770,"net":"us","code":"70007pa9","ids":",us70007pa9,at00q5myo9,pt20044002,at00q5mcj0,iscgem617488870,","sources":",us,at,pt,at,iscgem,","types":",associate,dyfi,finite-fault,ground-failure,impact-link,internal-origin,losspager,moment-tensor,origin,phase-data,shakemap,","nst":null,"dmin":4.501,"rms":0.83,"gap":25,"magType":"mww","type":"earthquake","title":"M 7.0 - 95 km ENE of Kuril’sk, Russia"},"geometry":{"type":"Point","coordinates":[148.959,45.6161,143]},"id":"us70007pa9"},
{"type":"Feature","properties":{"mag":7.5,"place":"221 km SSE of Severo-Kuril’sk, Russia","time":1585104561160,"updated":1766428300721,"tz":null,"url":"https://earthquake.usgs.gov/earthquakes/eventpage/us70008fi4","detail":"https://earthquake.usgs.gov/fdsnws/event/1/query?eventid=us70008fi4&format=geojson","felt":25,"cdi":5.5,"mmi":5.293,"alert":"green","status":"reviewed","tsunami":1,"sig":879,"net":"us","code":"70008fi4","ids":",at00q7qai7,pt20085000,us70008fi4,iscgem617816385,","sources":",at,pt,us,iscgem,","types":",dyfi,finite-fault,general-text,ground-failure,impact-link,impact-text,internal-origin,losspager,moment-tensor,origin,phase-data,shakemap,","nst":null,"dmin":4.109,"rms":0.66,"gap":12,"magType":"mww","type":"earthquake","title":"M 7.5 - 221 km SSE of Severo-Kuril’sk, Russia"},"geometry":{"type":"Point","coordinates":[157.6955,48.9638,57.8]},"id":"us70008fi4"},
{"type":"Feature","properties":{"mag":7.4,"place":"south of the Kermadec Islands","time":1592484593844,"updated":1766428596863,"tz":null,"url":"https://earthquake.usgs.gov/earthquakes/eventpage/us6000ae4n","detail":"https://earthquake.usgs.gov/fdsnws/event/1/query?eventid=us6000ae4n&format=geojson","felt":47,"cdi":6.6,"mmi":6.954,"alert":"green","status":"reviewed","tsunami":1,"sig":873,"net":"us","code":"6000ae4n","ids":",pt20170001,us6000ae4n,at00qc4gz1,iscgem618550810,","sources":",pt,us,at,iscgem,","types":",dyfi,general-text,impact-link,internal-origin,losspager,moment-tensor,origin,phase-data,shakemap,","nst":null,"dmin":4.035,"rms":0.86,"gap":23,"magType":"mww","type":"earthquake","title":"M 7.4 - south of the Kermadec Islands"},"geometry":{"type":"Point","coordinates":[-177.8571,-33.2927,10]},"id":"us6000ae4n"},
{"type":"Feature","properties":{"mag":7.4,"place":"9 km SE of Santa María Xadani, Mexico","time":1592926144350,"updated":1766428619213,"tz":null,"url":"https://earthquake.usgs.gov/earthquakes/eventpage/us6000ah9t","detail":"https://earthquake.usgs.gov/fdsnws/event/1/query?eventid=us6000ah9t&format=geojson","felt":643,"cdi":7.7,"mmi":7.658,"alert":"orange","status":"reviewed","tsunami":1,"sig":1495,"net":"us","code":"6000ah9t","ids":",at00qcdxol,pt20175001,us6000ah9t,iscgem618580119,","sources":",at,pt,us,iscgem,","types":",dyfi,finite-fault,general-link,general-text,ground-failure,impact-link,impact-text,internal-origin,losspager,moment-tensor,origin,phase-data,shakemap,","nst":null,"dmin":0.151,"rms":1.14,"gap":30,"magType":"mww","type":"earthquake","title":"M 7.4 - 9 km SE of Santa María Xadani, Mexico"},"geometry":{"type":"Point","coordinates":[-96.0077,15.8861,20]},"id":"us6000ah9t"},
{"type":"Feature","properties":{"mag":7,"place":"114 km NNW of Popondetta, Papua New Guinea","time":1594954222178,"updated":1766428690468,"tz":null,"url":"https://earthquake.usgs.gov/earthquakes/eventpage/us7000aq3e","detail":"https://earthquake.usgs.gov/fdsnws/event/1/query?eventid=us7000aq3e&format=geojson","felt":103,"cdi":6.4,"mmi":7.003,"alert":"green","status":"reviewed","tsunami":1,"sig":820,"net":"us","code":"7000aq3e","ids":",at00qdlek0,pt20199000,us7000aq3e,iscgem618683061,","sources":",at,pt,us,iscgem,","types":",dyfi,finite-fault,general-text,ground-failure,impact-link,impact-text,internal-origin,losspager,moment-tensor,origin,phase-data,shakemap,","nst":null,"dmin":1.671,"rms":1.1,"gap":18,"magType":"mww","type":"earthquake","title":"M 7.0 - 114 km NNW of Popondetta, Papua New Guinea"},"geometry":{"type":"Point","coordinates":[147.7704,-7.836,73]},"id":"us7000aq3e"},
{"type":"Feature","properties":{"mag":7.8,"place":"2020 Perryville, Alaska Earthquake","time":1595398364810,"updated":1766428712040,"tz":null,"url":"https://earthquake.usgs.gov/earthquakes/eventpage/us7000asvb","detail":"https://earthquake.usgs.gov/fdsnws/event/1/query?eventid=us7000asvb&format=geojson","felt":195,"cdi":9.1,"mmi":6.501,"alert":"green","status":"reviewed","tsunami":1,"sig":1113,"net":"us","code":"7000asvb","ids":",at00qdux98,us7000asvb,pt20204000,ak0209dha24u,iscgem618688608,","sources":",at,us,pt,ak,iscgem,","types":",dyfi,earthquake-name,finite-fault,general-link,general-text,ground-failure,impact-link,impact-text,internal-origin,losspager,moment-tensor,origin,phase-data,shakemap,trump-origin,trump-shakemap,","nst":null,"dmin":0.621,"rms":0.97,"gap":60,"magType":"mww","type":"earthquake","title":"M 7.8 - 2020 Perryville, Alaska Earthquake"},"geometry":{"type":"Point","coordinates":[-158.596,55.0715,28]},"id":"us7000asvb"},
{"type":"Feature","properties":{"mag":7.6,"place":"2020 Sand Point, Alaska Earthquake","time":1603140878950,"updated":1766429034103,"tz":null,"url":"https://earthquake.usgs.gov/earthquakes/eventpage/us6000c9hg","detail":"https://earthquake.usgs.gov/fdsnws/event/1/query?eventid=us6000c9hg&format=geojson","felt":321,"cdi":8.6,"mmi":7.343,"alert":"yellow","status":"reviewed","tsunami":1,"sig":1165,"net":"us","code":"6000c9hg","ids":",at00qigvf4,us6000c9hg,pt20293005,ak020dgwp0mk,iscgem619498906,","sources":",at,us,pt,ak,iscgem,","types":",dyfi,earthquake-name,finite-fault,general-text,ground-failure,impact-link,impact-text,internal-origin,losspager,moment-tensor,origin,phase-data,shakemap,trump-origin,","nst":null,"dmin":0.23,"rms":0.91,"gap":36,"magType":"mww","type":"earthquake","title":"M 7.6 - 2020 Sand Point, Alaska Earthquake"},"geometry":{"type":"Point","coordinates":[-159.6258,54.602,28.37]},"id":"us6000c9hg"},
{"type":"Feature","properties":{"mag":7,"place":"13 km NNE of Néon Karlovásion, Greece","time":1604058687348,"updated":1766429078666,"tz":null,"url":"https://earthquake.usgs.gov/earthquakes/eventpage/us7000c7y0","detail":"https://earthquake.usgs.gov/fdsnws/event/1/query?eventid=us7000c7y0&format=geojson","felt":710,"cdi":7.4,"mmi":7.213,"alert":"orange","status":"reviewed","tsunami":0,"sig":1525,"net":"us","code":"7000c7y0","ids":",us7000c7y0,pt20304000,at00qj0jlr,iscgem619514791,","sources":",us,pt,at,iscgem,","types":",dyfi,finite-fault,general-text,ground-failure,impact-text,internal-origin,losspager,moment-tensor,origin,phase-data,shakemap,","nst":null,"dmin":1.518,"rms":0.59,"gap":18,"magType":"mww","type":"earthquake","title":"M 7.0 - 13 km NNE of Néon Karlovásion, Greece"},"geometry":{"type":"Point","coordinates":[26.7838,37.8973,21]},"id":"us7000c7y0"},
{"type":"Feature","properties":{"mag":7,"place":"211 km SE of Pondaguitan, Philippines","time":1611231784255,"updated":1766429323144,"tz":null,"url":"https://earthquake.usgs.gov/earthquakes/eventpage/us7000d20e","detail":"https://earthquake.usgs.gov/fdsnws/event/1/query?eventid=us7000d20e&format=geojson","felt":75,"cdi":6.4,"mmi":5.451,"alert":"green","status":"reviewed","tsunami":1,"sig":802,"net":"us","code":"7000d20e","ids":",pt21021050,at00qnaaek,us7000d20e,usauto7000d20e,iscgem619760572,","sources":",pt,at,us,usauto,iscgem,","types":",dyfi,general-text,ground-failure,impact-link,impact-text,internal-moment-tensor,internal-origin,losspager,moment-tensor,origin,phase-data,shakemap,","nst":null,"dmin":2.821,"rms":0.77,"gap":15,"magType":"mww","type":"earthquake","title":"M 7.0 - 211 km SE of Pondaguitan, Philippines"},"geometry":{"type":"Point","coordinates":[127.5145,4.9931,80]},"id":"us7000d20e"},
{"type":"Feature","properties":{"mag":7.7,"place":"southeast of the Loyalty Islands","time":1612963195530,"updated":1766429646521,"tz":null,"url":"https://earthquake.usgs.gov/earthquakes/eventpage/us6000dg77","detail":"https://earthquake.usgs.gov/fdsnws/event/1/query?eventid=us6000dg77&format=geojson","felt":7,"cdi":9,"mmi":4.349,"alert":"green","status":"reviewed","tsunami":1,"sig":918,"net":"us","code":"6000dg77","ids":",us6000dg77,at00qobedd,pt21041004,iscgem619942801,","sources":",us,at,pt,iscgem,","types":",dyfi,finite-fault,general-text,ground-failure,impact-link,impact-text,internal-origin,losspager,moment-tensor,origin,phase-data,shakemap,","nst":null,"dmin":7.989,"rms":0.42,"gap":15,"magType":"mww","type":"earthquake","title":"M 7.7 - southeast of the Loyalty Islands"},"geometry":{"type":"Point","coordinates":[171.6566,-23.0511,10]},"id":"us6000dg77"},
{"type":"Feature","properties":{"mag":7.1,"place":"73 km ENE of Namie, Japan","time":1613225269797,"updated":1766429406812,"tz":null,"url":"https://earthquake.usgs.gov/earthquakes/eventpage/us6000dher","detail":"https://earthquake.usgs.gov/fdsnws/event/1/query?eventid=us6000dher&format=geojson","felt":673,"cdi":9.1,"mmi":8.127,"alert":"orange","status":"reviewed","tsunami":1,"sig":1612,"net":"us","code":"6000dher","ids":",at00qoh0l1,us6000dher,pt21044000,iscgem619834062,","sources":",at,us,pt,iscgem,","types":",associate,dyfi,finite-fault,general-text,ground-failure,impact-link,impact-text,internal-origin,losspager,moment-tensor,origin,phase-data,shakemap,","nst":null,"dmin":3.085,"rms":0.94,"gap":11,"magType":"mww","type":"earthquake","title":"M 7.1 - 73 km ENE of Namie, Japan"},"geometry":{"type":"Point","coordinates":[141.7751,37.7265,43.98]},"id":"us6000dher"},
{"type":"Feature","properties":{"mag":7.3,"place":"182 km NE of Gisborne, New Zealand","time":1614864454647,"updated":1766429532665,"tz":null,"url":"https://earthquake.usgs.gov/earthquakes/eventpage/us7000dffl","detail":"https://earthquake.usgs.gov/fdsnws/event/1/query?eventid=us7000dffl&format=geojson","felt":154,"cdi":7.3,"mmi":6.495,"alert":"green","status":"reviewed","tsunami":1,"sig":932,"net":"us","code":"7000dffl","ids":",us7000dffl,at00qpg5dz,pt21063000,usauto7000dffl,iscgem619916464,","sources":",us,at,pt,usauto,iscgem,","types":",associate,dyfi,general-text,ground-failure,impact-link,impact-text,internal-moment-tensor,internal-origin,losspager,moment-tensor,origin,phase-data,shakemap,","nst":null,"dmin":0.918,"rms":0.68,"gap":24,"magType":"mww","type":"earthquake","title":"M 7.3 - 182 km NE of Gisborne, New Zealand"},"geometry":{"type":"Point","coordinates":[179.4576,-37.4787,10]},"id":"us7000dffl"},
{"type":"Feature","properties":{"mag":7.4,"place":"Kermadec Islands, New Zealand","time":1614879683370,"updated":1766429542439,"tz":null,"url":"https://earthquake.usgs.gov/earthquakes/eventpage/us7000dfk3","detail":"https://earthquake.usgs.gov/fdsnws/event/1/query?eventid=us7000dfk3&format=geojson","felt":3,"cdi":3.4,"mmi":6.815,"alert":"green","status":"reviewed","tsunami":1,"sig":843,"net":"us","code":"7000dfk3","ids":",us7000dfk3,pt21063002,at00qpgh52,usauto7000dfk3,iscgem619918421,","sources":",us,pt,at,usauto,iscgem,","types":",dyfi,finite-fault,general-text,impact-link,impact-text,internal-moment-tensor,internal-origin,losspager,moment-tensor,origin,phase-data,shakemap,","nst":null,"dmin":0.437,"rms":1.09,"gap":30,"magType":"mww","type":"earthquake","title":"M 7.4 - Kermadec Islands, New Zealand"},"geometry":{"type":"Point","coordinates":[-177.8398,-29.6768,43]},"id":"us7000dfk3"},
{"type":"Feature","properties":{"mag":8.1,"place":"2021 Kermadec Islands, New Zealand Earthquake","time":1614886113178,"updated":1766429926851,"tz":null,"url":"https://earthquake.usgs.gov/earthquakes/eventpage/us7000dflf","detail":"https://earthquake.usgs.gov/fdsnws/event/1/query?eventid=us7000dflf&format=geojson","felt":13,"cdi":9.1,"mmi":8.038,"alert":"green","status":"reviewed","tsunami":1,"sig":1021,"net":"us","code":"7000dflf","ids":",at00qpgm3n,pt21063003,us7000dflf,usauto7000dflf,iscgem620360228,","sources":",at,pt,us,usauto,iscgem,","types":",associate,dyfi,earthquake-name,finite-fault,general-text,impact-link,impact-text,internal-moment-tensor,internal-origin,losspager,moment-tensor,origin,phase-data,shakemap,","nst":null,"dmin":0.739,"rms":0.69,"gap":21,"magType":"mww","type":"earthquake","title":"M 8.1 - 2021 Kermadec Islands, New Zealand Earthquake"},"geometry":{"type":"Point","coordinates":[-177.2794,-29.7228,28.93]},"id":"us7000dflf"},
{"type":"Feature","properties":{"mag":7,"place":"30 km E of Ishinomaki, Japan","time":1616231383966,"updated":1766429691784,"tz":null,"url":"https://earthquake.usgs.gov/earthquakes/eventpage/us7000dl6y","detail":"https://earthquake.usgs.gov/fdsnws/event/1/query?eventid=us7000dl6y&format=geojson","felt":409,"cdi":7.3,"mmi":7.008,"alert":"yellow","status":"reviewed","tsunami":1,"sig":1052,"net":"us","code":"7000dl6y","ids":",at00qq9g49,us7000dl6y,usauto7000dl6y,pt21079003,iscgem620172298,","sources":",at,us,usauto,pt,iscgem,","types":",associate,dyfi,finite-fault,general-text,ground-failure,impact-link,impact-text,internal-moment-tensor,internal-origin,losspager,moment-tensor,origin,phase-data,shakemap,","nst":null,"dmin":2.378,"rms":0.75,"gap":35,"magType":"mww","type":"earthquake","title":"M 7.0 - 30 km E of Ishinomaki, Japan"},"geometry":{"type":"Point","coordinates":[141.6477,38.4515,43]},"id":"us7000dl6y"},
{"type":"Feature","properties":{"mag":7.3,"place":"Southern Qinghai, China","time":1621620253565,"updated":1766426456941,"tz":null,"url":"https://earthquake.usgs.gov/earthquakes/eventpage/us7000e54r","detail":"https://earthquake.usgs.gov/fdsnws/event/1/query?eventid=us7000e54r&format=geojson","felt":28,"cdi":9.1,"mmi":8.931,"alert":"orange","status":"reviewed","tsunami":0,"sig":1025,"net":"us","code":"7000e54r","ids":",us7000e54r,usauto7000e54r,pt21141001,at00qtgy75,iscgem620437814,","sources":",us,usauto,pt,at,iscgem,","types":",dyfi,finite-fault,general-text,ground-failure,impact-text,internal-moment-tensor,internal-origin,losspager,moment-tensor,origin,phase-data,shakemap,","nst":null,"dmin":4.655,"rms":0.77,"gap":9,"magType":"mww","type":"earthquake","title":"M 7.3 - Southern Qinghai, China"},"geometry":{"type":"Point","coordinates":[98.2513,34.5983,10]},"id":"us7000e54r"},
{"type":"Feature","properties":{"mag":8.2,"place":"2021 Chignik, Alaska Earthquake","time":1627539349188,"updated":1776278531216,"tz":null,"url":"https://earthquake.usgs.gov/earthquakes/eventpage/ak0219neiszm","detail":"https://earthquake.usgs.gov/fdsnws/event/1/query?eventid=ak0219neiszm&format=geojson","felt":512,"cdi":9.1,"mmi":7.355,"alert":"yellow","status":"reviewed","tsunami":1,"sig":1500,"net":"ak","code":"0219neiszm","ids":",ak0219neiszm,us6000f02w,ak0219nejcxv,at00qwzteb,pt21210001,usauto6000f02w,iscgem620857937,","sources":",ak,us,ak,at,pt,usauto,iscgem,","types":",associate,dyfi,earthquake-name,finite-fault,general-text,ground-failure,impact-link,impact-text,internal-moment-tensor,internal-origin,losspager,moment-tensor,origin,phase-data,shakemap,trump-losspager,trump-shakemap,","nst":null,"dmin":null,"rms":0.95,"gap":null,"magType":"mww","type":"earthquake","title":"M 8.2 - 2021 Chignik, Alaska Earthquake"},"geometry":{"type":"Point","coordinates":[-157.8876,55.3635,35]},"id":"ak0219neiszm"},
{"type":"Feature","properties":{"mag":7.1,"place":"60 km ENE of Pondaguitan, Philippines","time":1628703973143,"updated":1766441606024,"tz":null,"url":"https://earthquake.usgs.gov/earthquakes/eventpage/us6000f48v","detail":"https://earthquake.usgs.gov/fdsnws/event/1/query?eventid=us6000f48v&format=geojson","felt":153,"cdi":9.1,"mmi":6.777,"alert":"green","status":"reviewed","tsunami":1,"sig":915,"net":"us","code":"6000f48v","ids":",at00qxos14,us6000f48v,pt21223000,usauto6000f48v,iscgem620983080,","sources":",at,us,pt,usauto,iscgem,","types":",dyfi,finite-fault,general-text,ground-failure,impact-link,impact-text,internal-moment-tensor,internal-origin,losspager,moment-tensor,origin,phase-data,shakemap,","nst":null,"dmin":1.273,"rms":1.27,"gap":25,"magType":"mww","type":"earthquake","title":"M 7.1 - 60 km ENE of Pondaguitan, Philippines"},"geometry":{"type":"Point","coordinates":[126.7151,6.4748,55.14]},"id":"us6000f48v"},
{"type":"Feature","properties":{"mag":7.5,"place":"South Sandwich Islands region","time":1628793172464,"updated":1766441880427,"tz":null,"url":"https://earthquake.usgs.gov/earthquakes/eventpage/us6000f4ly","detail":"https://earthquake.usgs.gov/fdsnws/event/1/query?eventid=us6000f4ly&format=geojson","felt":3,"cdi":8.6,"mmi":5.922,"alert":"green","status":"reviewed","tsunami":1,"sig":868,"net":"us","code":"6000f4ly","ids":",us6000f4ly,at00qxqoup,pt21224001,usauto6000f4ly,iscgem621237435,","sources":",us,at,pt,usauto,iscgem,","types":",dyfi,general-header,general-text,ground-failure,impact-link,internal-moment-tensor,internal-origin,losspager,moment-tensor,origin,phase-data,shakemap,","nst":null,"dmin":7.227,"rms":1.16,"gap":38,"magType":"mww","type":"earthquake","title":"M 7.5 - South Sandwich Islands region"},"geometry":{"type":"Point","coordinates":[-25.0316,-57.5674,47.23]},"id":"us6000f4ly"},
{"type":"Feature","properties":{"mag":8.1,"place":"2021 South Sandwich Islands Earthquake","time":1628793317231,"updated":1766441618221,"tz":null,"url":"https://earthquake.usgs.gov/earthquakes/eventpage/us6000f53e","detail":"https://earthquake.usgs.gov/fdsnws/event/1/query?eventid=us6000f53e&format=geojson","felt":null,"cdi":null,"mmi":6.543,"alert":"green","status":"reviewed","tsunami":0,"sig":1009,"net":"us","code":"6000f53e","ids":",us6000f53e,iscgem620986442,","sources":",us,iscgem,","types":",earthquake-name,general-header,general-text,losspager,moment-tensor,origin,phase-data,shakemap,trump-moment-tensor,","nst":null,"dmin":7.463,"rms":0.76,"gap":78,"magType":"mww","type":"earthquake","title":"M 8.1 - 2021 South Sandwich Islands Earthquake"},"geometry":{"type":"Point","coordinates":[-25.2637,-58.3753,22.79]},"id":"us6000f53e"},
{"type":"Feature","properties":{"mag":7.2,"place":"Nippes, Haiti","time":1628944148454,"updated":1770843486524,"tz":null,"url":"https://earthquake.usgs.gov/earthquakes/eventpage/us6000f65h","detail":"https://earthquake.usgs.gov/fdsnws/event/1/query?eventid=us6000f65h&format=geojson","felt":366,"cdi":9.1,"mmi":8.425,"alert":"red","status":"reviewed","tsunami":1,"sig":2333,"net":"us","code":"6000f65h","ids":",at00qxtxcn,pt21226002,us6000f65h,usauto6000f65h,iscgem620986707,","sources":",at,pt,us,usauto,iscgem,","types":",dyfi,earthquake-name,finite-fault,general-text,ground-failure,impact-link,impact-text,internal-moment-tensor,internal-origin,losspager,moment-tensor,origin,phase-data,shakemap,","nst":null,"dmin":1.178,"rms":0.75,"gap":23,"magType":"mww","type":"earthquake","title":"M 7.2 - Nippes, Haiti"},"geometry":{"type":"Point","coordinates":[-73.4822,18.4335,10]},"id":"us6000f65h"},
{"type":"Feature","properties":{"mag":7.1,"place":"South Sandwich Islands region","time":1629667998983,"updated":1766441903961,"tz":null,"url":"https://earthquake.usgs.gov/earthquakes/eventpage/us6000f9sq","detail":"https://earthquake.usgs.gov/fdsnws/event/1/query?eventid=us6000f9sq&format=geojson","felt":2,"cdi":1,"mmi":3.787,"alert":"green","status":"reviewed","tsunami":1,"sig":776,"net":"us","code":"6000f9sq","ids":",us6000f9sq,pt21234002,at00qy9fvn,usauto6000f9sq,iscgem621237558,","sources":",us,pt,at,usauto,iscgem,","types":",dyfi,finite-fault,general-text,impact-link,internal-moment-tensor,internal-origin,losspager,moment-tensor,origin,phase-data,shakemap,","nst":null,"dmin":9.799,"rms":0.39,"gap":32,"magType":"mww","type":"earthquake","title":"M 7.1 - South Sandwich Islands region"},"geometry":{"type":"Point","coordinates":[-24.8743,-60.2845,6]},"id":"us6000f9sq"},
{"type":"Feature","properties":{"mag":7,"place":"Acapulco, Mexico","time":1631065667437,"updated":1766441743705,"tz":null,"url":"https://earthquake.usgs.gov/earthquakes/eventpage/us7000f93v","detail":"https://earthquake.usgs.gov/fdsnws/event/1/query?eventid=us7000f93v&format=geojson","felt":665,"cdi":7.8,"mmi":7.735,"alert":"red","status":"reviewed","tsunami":1,"sig":2519,"net":"us","code":"7000f93v","ids":",at00qz3ebs,pt21251050,us7000f93v,usauto7000f93v,iscgem621041919,","sources":",at,pt,us,usauto,iscgem,","types":",dyfi,earthquake-name,finite-fault,general-text,ground-failure,impact-link,impact-text,internal-moment-tensor,internal-origin,losspager,moment-tensor,origin,phase-data,shakemap,","nst":null,"dmin":0.07,"rms":0.64,"gap":43,"magType":"mww","type":"earthquake","title":"M 7.0 - Acapulco, Mexico"},"geometry":{"type":"Point","coordinates":[-99.753,16.9465,20]},"id":"us7000f93v"},
{"type":"Feature","properties":{"mag":7.3,"place":"Vanuatu region","time":1633156157897,"updated":1766441694698,"tz":null,"url":"https://earthquake.usgs.gov/earthquakes/eventpage/us6000fr0b","detail":"https://earthquake.usgs.gov/fdsnws/event/1/query?eventid=us6000fr0b&format=geojson","felt":15,"cdi":4.1,"mmi":3.533,"alert":"green","status":"reviewed","tsunami":1,"sig":826,"net":"us","code":"6000fr0b","ids":",at00r0c7cu,us6000fr0b,pt21275000,usauto6000fr0b,iscgem621116405,","sources":",at,us,pt,usauto,iscgem,","types":",dyfi,impact-link,internal-moment-tensor,internal-origin,losspager,moment-tensor,origin,phase-data,shakemap,","nst":null,"dmin":4.493,"rms":0.67,"gap":32,"magType":"mww","type":"earthquake","title":"M 7.3 - Vanuatu region"},"geometry":{"type":"Point","coordinates":[174.8958,-21.1265,527]},"id":"us6000fr0b"},
{"type":"Feature","properties":{"mag":7.5,"place":"43 km NNW of Barranca, Peru","time":1638096734579,"updated":1766442061900,"tz":null,"url":"https://earthquake.usgs.gov/earthquakes/eventpage/us7000fxq2","detail":"https://earthquake.usgs.gov/fdsnws/event/1/query?eventid=us7000fxq2&format=geojson","felt":276,"cdi":8.3,"mmi":7.627,"alert":"yellow","status":"reviewed","tsunami":1,"sig":1094,"net":"us","code":"7000fxq2","ids":",pt21332000,at00r3a3j1,us7000fxq2,usauto7000fxq2,iscgem621480794,","sources":",pt,at,us,usauto,iscgem,","types":",dyfi,finite-fault,general-text,ground-failure,impact-link,impact-text,internal-moment-tensor,internal-origin,losspager,moment-tensor,origin,phase-data,shakemap,","nst":null,"dmin":4.951,"rms":0.61,"gap":40,"magType":"mww","type":"earthquake","title":"M 7.5 - 43 km NNW of Barranca, Peru"},"geometry":{"type":"Point","coordinates":[-76.8126,-4.4667,126]},"id":"us7000fxq2"},
{"type":"Feature","properties":{"mag":7.3,"place":"Flores Sea","time":1639452023809,"updated":1766442149941,"tz":null,"url":"https://earthquake.usgs.gov/earthquakes/eventpage/us6000gc2a","detail":"https://earthquake.usgs.gov/fdsnws/event/1/query?eventid=us6000gc2a&format=geojson","felt":38,"cdi":9.1,"mmi":5.361,"alert":"green","status":"reviewed","tsunami":1,"sig":854,"net":"us","code":"6000gc2a","ids":",at00r435a2,pt21348000,us6000gc2a,usauto6000gc2a,iscgem621629136,","sources":",at,pt,us,usauto,iscgem,","types":",dyfi,finite-fault,general-text,ground-failure,impact-link,impact-text,internal-moment-tensor,internal-origin,losspager,moment-tensor,origin,phase-data,shakemap,","nst":null,"dmin":1.025,"rms":0.61,"gap":32,"magType":"mww","type":"earthquake","title":"M 7.3 - Flores Sea"},"geometry":{"type":"Point","coordinates":[122.2274,-7.6033,14.27]},"id":"us6000gc2a"},
{"type":"Feature","properties":{"mag":7.3,"place":"125 km NNE of Lospalos, Timor Leste","time":1640802351962,"updated":1766442236239,"tz":null,"url":"https://earthquake.usgs.gov/earthquakes/eventpage/us7000g7lx","detail":"https://earthquake.usgs.gov/fdsnws/event/1/query?eventid=us7000g7lx&format=geojson","felt":127,"cdi":8,"mmi":6.966,"alert":"green","status":"reviewed","tsunami":0,"sig":921,"net":"us","code":"7000g7lx","ids":",us7000g7lx,usauto7000g7lx,pt21363002,at00r4w374,iscgem621657133,","sources":",us,usauto,pt,at,iscgem,","types":",dyfi,finite-fault,general-text,ground-failure,impact-text,internal-moment-tensor,internal-origin,losspager,moment-tensor,origin,phase-data,shakemap,","nst":null,"dmin":3.713,"rms":1.06,"gap":19,"magType":"mww","type":"earthquake","title":"M 7.3 - 125 km NNE of Lospalos, Timor Leste"},"geometry":{"type":"Point","coordinates":[127.5773,-7.5482,165.49]},"id":"us7000g7lx"},
{"type":"Feature","properties":{"mag":7.3,"place":"57 km ENE of Namie, Japan","time":1647441390997,"updated":1757529735235,"tz":null,"url":"https://earthquake.usgs.gov/earthquakes/eventpage/us6000h519","detail":"https://earthquake.usgs.gov/fdsnws/event/1/query?eventid=us6000h519&format=geojson","felt":473,"cdi":8.8,"mmi":7.905,"alert":"red","status":"reviewed","tsunami":1,"sig":2416,"net":"us","code":"6000h519","ids":",pt22075004,us6000h519,at00r8udwu,usauto6000h519,","sources":",pt,us,at,usauto,","types":",dyfi,finite-fault,general-text,ground-failure,impact-link,impact-text,internal-moment-tensor,losspager,moment-tensor,origin,phase-data,shakemap,","nst":null,"dmin":2.936,"rms":0.88,"gap":29,"magType":"mww","type":"earthquake","title":"M 7.3 - 57 km ENE of Namie, Japan"},"geometry":{"type":"Point","coordinates":[141.5793,37.7132,41]},"id":"us6000h519"},
{"type":"Feature","properties":{"mag":7,"place":"southeast of the Loyalty Islands","time":1648705441146,"updated":1660352366724,"tz":null,"url":"https://earthquake.usgs.gov/earthquakes/eventpage/us7000gymk","detail":"https://earthquake.usgs.gov/fdsnws/event/1/query?eventid=us7000gymk&format=geojson","felt":16,"cdi":5.6,"mmi":3.695,"alert":"green","status":"reviewed","tsunami":1,"sig":763,"net":"us","code":"7000gymk","ids":",at00r9lh9g,us7000gymk,pt22090001,usauto7000gymk,","sources":",at,us,pt,usauto,","types":",dyfi,finite-fault,general-text,ground-failure,impact-link,impact-text,internal-moment-tensor,internal-origin,losspager,moment-tensor,origin,phase-data,shakemap,","nst":null,"dmin":2.705,"rms":0.82,"gap":26,"magType":"mww","type":"earthquake","title":"M 7.0 - southeast of the Loyalty Islands"},"geometry":{"type":"Point","coordinates":[170.3744,-22.586,10]},"id":"us7000gymk"},
{"type":"Feature","properties":{"mag":7.2,"place":"10 km W of Azángaro, Peru","time":1653566541110,"updated":1752704353114,"tz":null,"url":"https://earthquake.usgs.gov/earthquakes/eventpage/us7000hcmn","detail":"https://earthquake.usgs.gov/fdsnws/event/1/query?eventid=us7000hcmn&format=geojson","felt":109,"cdi":7.3,"mmi":5.326,"alert":"green","status":"reviewed","tsunami":1,"sig":877,"net":"us","code":"7000hcmn","ids":",pt22146000,at00rcho3w,us7000hcmn,usauto7000hcmn,","sources":",pt,at,us,usauto,","types":",dyfi,general-text,ground-failure,impact-link,impact-text,internal-moment-tensor,internal-origin,losspager,moment-tensor,origin,phase-data,shakemap,","nst":144,"dmin":2.494,"rms":1.38,"gap":40,"magType":"mww","type":"earthquake","title":"M 7.2 - 10 km W of Azángaro, Peru"},"geometry":{"type":"Point","coordinates":[-70.2924,-14.9076,236]},"id":"us7000hcmn"},
{"type":"Feature","properties":{"mag":7,"place":"11 km NE of Bantay, Philippines","time":1658882606871,"updated":1757230658257,"tz":null,"url":"https://earthquake.usgs.gov/earthquakes/eventpage/us6000i5rd","detail":"https://earthquake.usgs.gov/fdsnws/event/1/query?eventid=us6000i5rd&format=geojson","felt":691,"cdi":8.9,"mmi":8.064,"alert":"yellow","status":"reviewed","tsunami":1,"sig":1369,"net":"us","code":"6000i5rd","ids":",pt22208000,us6000i5rd,at00rfnm0d,usauto6000i5rd,","sources":",pt,us,at,usauto,","types":",dyfi,finite-fault,general-text,ground-failure,impact-link,impact-text,internal-moment-tensor,internal-origin,losspager,losspager-admin,moment-tensor,origin,phase-data,shakemap,","nst":152,"dmin":5.276,"rms":0.6,"gap":22,"magType":"mww","type":"earthquake","title":"M 7.0 - 11 km NE of Bantay, Philippines"},"geometry":{"type":"Point","coordinates":[120.8181,17.5207,33.729]},"id":"us6000i5rd"},
{"type":"Feature","properties":{"mag":7.6,"place":"70 km E of Kainantu, Papua New Guinea","time":1662853620233,"updated":1668898936040,"tz":null,"url":"https://earthquake.usgs.gov/earthquakes/eventpage/us6000iitd","detail":"https://earthquake.usgs.gov/fdsnws/event/1/query?eventid=us6000iitd&format=geojson","felt":102,"cdi":7.5,"mmi":7.646,"alert":"yellow","status":"reviewed","tsunami":1,"sig":965,"net":"us","code":"6000iitd","ids":",at00ri0q2b,pt22253002,us6000iitd,usauto6000iitd,","sources":",at,pt,us,usauto,","types":",dyfi,general-text,ground-failure,impact-link,impact-text,internal-moment-tensor,internal-origin,losspager,moment-tensor,origin,phase-data,shakemap,","nst":272,"dmin":3.158,"rms":0.62,"gap":12,"magType":"mww","type":"earthquake","title":"M 7.6 - 70 km E of Kainantu, Papua New Guinea"},"geometry":{"type":"Point","coordinates":[146.5038,-6.2944,116]},"id":"us6000iitd"},
{"type":"Feature","properties":{"mag":7,"place":"209 km SSE of Isangel, Vanuatu","time":1663153446558,"updated":1712854941950,"tz":null,"url":"https://earthquake.usgs.gov/earthquakes/eventpage/us7000i7ya","detail":"https://earthquake.usgs.gov/fdsnws/event/1/query?eventid=us7000i7ya&format=geojson","felt":12,"cdi":6.9,"mmi":5.486,"alert":"green","status":"reviewed","tsunami":1,"sig":762,"net":"us","code":"7000i7ya","ids":",at00ri75ev,pt22257002,us7000i7ya,usauto7000i7ya,","sources":",at,pt,us,usauto,","types":",dyfi,finite-fault,general-text,ground-failure,impact-link,internal-moment-tensor,internal-origin,losspager,moment-tensor,origin,phase-data,shakemap,","nst":192,"dmin":2.977,"rms":0.65,"gap":45,"magType":"mww","type":"earthquake","title":"M 7.0 - 209 km SSE of Isangel, Vanuatu"},"geometry":{"type":"Point","coordinates":[170.2666,-21.1909,137]},"id":"us7000i7ya"},
{"type":"Feature","properties":{"mag":7.6,"place":"35 km SSW of Aguililla, Mexico","time":1663610708217,"updated":1765338012288,"tz":null,"url":"https://earthquake.usgs.gov/earthquakes/eventpage/us7000i9bw","detail":"https://earthquake.usgs.gov/fdsnws/event/1/query?eventid=us7000i9bw&format=geojson","felt":1178,"cdi":8.3,"mmi":7.619,"alert":"yellow","status":"reviewed","tsunami":1,"sig":1719,"net":"us","code":"7000i9bw","ids":",at00rigy8l,pt22262001,us7000i9bw,usauto7000i9bw,","sources":",at,pt,us,usauto,","types":",dyfi,finite-fault,general-text,ground-failure,impact-link,impact-text,internal-moment-tensor,internal-origin,losspager,moment-tensor,origin,phase-data,shakemap,","nst":271,"dmin":1.153,"rms":0.76,"gap":69,"magType":"mww","type":"earthquake","title":"M 7.6 - 35 km SSW of Aguililla, Mexico"},"geometry":{"type":"Point","coordinates":[-102.9561,18.4552,26.943]},"id":"us7000i9bw"},
{"type":"Feature","properties":{"mag":7,"place":"south of the Fiji Islands","time":1667987464068,"updated":1674329236040,"tz":null,"url":"https://earthquake.usgs.gov/earthquakes/eventpage/us7000ingi","detail":"https://earthquake.usgs.gov/fdsnws/event/1/query?eventid=us7000ingi&format=geojson","felt":3,"cdi":3.6,"mmi":2.637,"alert":"green","status":"reviewed","tsunami":1,"sig":755,"net":"us","code":"7000ingi","ids":",us7000ingi,pt22313002,","sources":",us,pt,","types":",dyfi,general-text,ground-failure,impact-link,internal-origin,losspager,moment-tensor,origin,phase-data,shakemap,","nst":142,"dmin":4.578,"rms":0.66,"gap":26,"magType":"mwb","type":"earthquake","title":"M 7.0 - south of the Fiji Islands"},"geometry":{"type":"Point","coordinates":[178.3427,-26.0901,660]},"id":"us7000ingi"},
{"type":"Feature","properties":{"mag":7.3,"place":"205 km ESE of Neiafu, Tonga","time":1668163726710,"updated":1674329241040,"tz":null,"url":"https://earthquake.usgs.gov/earthquakes/eventpage/us7000ip0l","detail":"https://earthquake.usgs.gov/fdsnws/event/1/query?eventid=us7000ip0l&format=geojson","felt":28,"cdi":4.6,"mmi":4.619,"alert":"green","status":"reviewed","tsunami":1,"sig":833,"net":"us","code":"7000ip0l","ids":",us7000ip0l,at00rl6jdl,pt22315000,at00rl6jdd,usauto7000ip0l,","sources":",us,at,pt,at,usauto,","types":",associate,dyfi,finite-fault,general-text,ground-failure,impact-link,impact-text,internal-moment-tensor,internal-origin,losspager,moment-tensor,origin,phase-data,shakemap,","nst":149,"dmin":1.865,"rms":0.62,"gap":21,"magType":"mww","type":"earthquake","title":"M 7.3 - 205 km ESE of Neiafu, Tonga"},"geometry":{"type":"Point","coordinates":[-172.1471,-19.2881,37]},"id":"us7000ip0l"},
{"type":"Feature","properties":{"mag":7,"place":"Fiji region","time":1668236953514,"updated":1705598489657,"tz":null,"url":"https://earthquake.usgs.gov/earthquakes/eventpage/us7000ip8h","detail":"https://earthquake.usgs.gov/fdsnws/event/1/query?eventid=us7000ip8h&format=geojson","felt":5,"cdi":3.1,"mmi":3.129,"alert":"green","status":"reviewed","tsunami":1,"sig":755,"net":"us","code":"7000ip8h","ids":",us7000ip8h,pt22316001,at00rl83ve,usauto7000ip8h,","sources":",us,pt,at,usauto,","types":",dyfi,earthquake-name,ground-failure,impact-link,internal-moment-tensor,internal-origin,losspager,moment-tensor,origin,phase-data,shakemap,","nst":147,"dmin":3.125,"rms":0.73,"gap":18,"magType":"mww","type":"earthquake","title":"M 7.0 - Fiji region"},"geometry":{"type":"Point","coordinates":[-178.3453,-20.1112,579]},"id":"us7000ip8h"},
{"type":"Feature","properties":{"mag":7,"place":"18 km SW of Malango, Solomon Islands","time":1669082586891,"updated":1675058441040,"tz":null,"url":"https://earthquake.usgs.gov/earthquakes/eventpage/us7000irfb","detail":"https://earthquake.usgs.gov/fdsnws/event/1/query?eventid=us7000irfb&format=geojson","felt":17,"cdi":8.4,"mmi":7.048,"alert":"green","status":"reviewed","tsunami":1,"sig":768,"net":"us","code":"7000irfb","ids":",at00rlq8db,pt22326000,us7000irfb,usauto7000irfb,","sources":",at,pt,us,usauto,","types":",dyfi,finite-fault,general-text,ground-failure,impact-link,impact-text,internal-moment-tensor,internal-origin,losspager,moment-tensor,origin,phase-data,shakemap,","nst":117,"dmin":0.509,"rms":0.58,"gap":17,"magType":"mww","type":"earthquake","title":"M 7.0 - 18 km SW of Malango, Solomon Islands"},"geometry":{"type":"Point","coordinates":[159.6033,-9.8198,14]},"id":"us7000irfb"},
{"type":"Feature","properties":{"mag":7,"place":"23 km WNW of Port-Olry, Vanuatu","time":1673181162372,"updated":1679292178040,"tz":null,"url":"https://earthquake.usgs.gov/earthquakes/eventpage/us7000j2yw","detail":"https://earthquake.usgs.gov/fdsnws/event/1/query?eventid=us7000j2yw&format=geojson","felt":17,"cdi":8.2,"mmi":7.259,"alert":"green","status":"reviewed","tsunami":1,"sig":768,"net":"us","code":"7000j2yw","ids":",at00ro62ul,us7000j2yw,pt23008051,usauto7000j2yw,","sources":",at,us,pt,usauto,","types":",dyfi,finite-fault,general-text,ground-failure,impact-link,impact-text,internal-moment-tensor,internal-origin,losspager,moment-tensor,origin,phase-data,shakemap,","nst":116,"dmin":6.096,"rms":0.57,"gap":36,"magType":"mww","type":"earthquake","title":"M 7.0 - 23 km WNW of Port-Olry, Vanuatu"},"geometry":{"type":"Point","coordinates":[166.8791,-14.9467,29]},"id":"us7000j2yw"},
{"type":"Feature","properties":{"mag":7.6,"place":"Pulau Pulau Tanimbar, Indonesia","time":1673286455037,"updated":1784812452771,"tz":null,"url":"https://earthquake.usgs.gov/earthquakes/eventpage/us7000j36j","detail":"https://earthquake.usgs.gov/fdsnws/event/1/query?eventid=us7000j36j&format=geojson","felt":216,"cdi":8.8,"mmi":7.212,"alert":"green","status":"reviewed","tsunami":0,"sig":1079,"net":"us","code":"7000j36j","ids":",us7000j36j,usauto7000j36j,at00ro8c3b,pt23009000,","sources":",us,usauto,at,pt,","types":",dyfi,general-text,ground-failure,impact-text,internal-moment-tensor,internal-origin,losspager,moment-tensor,origin,phase-data,shakemap,","nst":113,"dmin":1.574,"rms":0.8,"gap":21,"magType":"mww","type":"earthquake","title":"M 7.6 - Pulau Pulau Tanimbar, Indonesia"},"geometry":{"type":"Point","coordinates":[130.009,-7.0586,104.95]},"id":"us7000j36j"},
{"type":"Feature","properties":{"mag":7,"place":"156 km NW of Tobelo, Indonesia","time":1674021971454,"updated":1696892311015,"tz":null,"url":"https://earthquake.usgs.gov/earthquakes/eventpage/us7000j553","detail":"https://earthquake.usgs.gov/fdsnws/event/1/query?eventid=us7000j553&format=geojson","felt":9,"cdi":3.4,"mmi":5.341,"alert":"green","status":"reviewed","tsunami":1,"sig":757,"net":"us","code":"7000j553","ids":",at00roo3mf,pt23018001,us7000j553,usauto7000j553,","sources":",at,pt,us,usauto,","types":",dyfi,finite-fault,general-text,ground-failure,impact-link,impact-text,internal-moment-tensor,internal-origin,losspager,moment-tensor,origin,phase-data,shakemap,trump-moment-tensor,","nst":141,"dmin":1.976,"rms":0.95,"gap":21,"magType":"mwc","type":"earthquake","title":"M 7.0 - 156 km NW of Tobelo, Indonesia"},"geometry":{"type":"Point","coordinates":[127.0221,2.7306,29.708]},"id":"us7000j553"},
{"type":"Feature","properties":{"mag":7.8,"place":"Pazarcik earthquake, Kahramanmaras earthquake sequence","time":1675646254342,"updated":1776123150032,"tz":null,"url":"https://earthquake.usgs.gov/earthquakes/eventpage/us6000jllz","detail":"https://earthquake.usgs.gov/fdsnws/event/1/query?eventid=us6000jllz&format=geojson","felt":3182,"cdi":9.1,"mmi":9.537,"alert":"red","status":"reviewed","tsunami":0,"sig":2910,"net":"us","code":"6000jllz","ids":",us6000jllz,usauto6000jllz,at00rpmwxe,pt23037000,","sources":",us,usauto,at,pt,","types":",dyfi,earthquake-name,finite-fault,general-link,general-text,ground-failure,groundmotion-packet,impact-text,internal-moment-tensor,internal-origin,losspager,moment-tensor,origin,phase-data,shakemap,","nst":266,"dmin":0.165,"rms":0.66,"gap":17,"magType":"mww","type":"earthquake","title":"M 7.8 - Pazarcik earthquake, Kahramanmaras earthquake sequence"},"geometry":{"type":"Point","coordinates":[37.0143,37.2256,10]},"id":"us6000jllz"},
{"type":"Feature","properties":{"mag":7.5,"place":"Elbistan earthquake, Kahramanmaras earthquake sequence","time":1675679088811,"updated":1758819527163,"tz":null,"url":"https://earthquake.usgs.gov/earthquakes/eventpage/us6000jlqa","detail":"https://earthquake.usgs.gov/fdsnws/event/1/query?eventid=us6000jlqa&format=geojson","felt":675,"cdi":9.1,"mmi":8.963,"alert":"red","status":"reviewed","tsunami":0,"sig":2614,"net":"us","code":"6000jlqa","ids":",us6000jlqa,usauto6000jlqa,pt23037001,at00rpnm9e,","sources":",us,usauto,pt,at,","types":",dyfi,earthquake-name,finite-fault,general-link,general-text,ground-failure,groundmotion-packet,impact-text,internal-moment-tensor,internal-origin,losspager,moment-tensor,origin,phase-data,shakemap,","nst":111,"dmin":0.73,"rms":0.7,"gap":29,"magType":"mww","type":"earthquake","title":"M 7.5 - Elbistan earthquake, Kahramanmaras earthquake sequence"},"geometry":{"type":"Point","coordinates":[37.1962,38.0106,7.432]},"id":"us6000jlqa"},
{"type":"Feature","properties":{"mag":7,"place":"Kermadec Islands region","time":1678928160149,"updated":1728490068687,"tz":null,"url":"https://earthquake.usgs.gov/earthquakes/eventpage/us7000jkbd","detail":"https://earthquake.usgs.gov/fdsnws/event/1/query?eventid=us7000jkbd&format=geojson","felt":6,"cdi":8,"mmi":4.394,"alert":"green","status":"reviewed","tsunami":1,"sig":759,"net":"us","code":"7000jkbd","ids":",us7000jkbd,pt23075000,usauto7000jkbd,","sources":",us,pt,usauto,","types":",dyfi,general-text,ground-failure,groundmotion-packet,impact-link,impact-text,internal-moment-tensor,internal-origin,losspager,moment-tensor,origin,phase-data,shakemap,","nst":324,"dmin":1.747,"rms":0.68,"gap":8,"magType":"mww","type":"earthquake","title":"M 7.0 - Kermadec Islands region"},"geometry":{"type":"Point","coordinates":[-176.2047,-30.1741,10]},"id":"us7000jkbd"},
{"type":"Feature","properties":{"mag":7,"place":"40 km ESE of Ambunti, Papua New Guinea","time":1680458651261,"updated":1757298884175,"tz":null,"url":"https://earthquake.usgs.gov/earthquakes/eventpage/us6000k1id","detail":"https://earthquake.usgs.gov/fdsnws/event/1/query?eventid=us6000k1id&format=geojson","felt":77,"cdi":7.6,"mmi":7.041,"alert":"green","status":"reviewed","tsunami":1,"sig":812,"net":"us","code":"6000k1id","ids":",us6000k1id,pt23092000,at00rsi26z,usauto6000k1id,","sources":",us,pt,at,usauto,","types":",dyfi,earthquake-name,general-text,ground-failure,impact-link,impact-text,internal-moment-tensor,internal-origin,losspager,moment-tensor,origin,phase-data,shakemap,","nst":154,"dmin":3.044,"rms":0.83,"gap":20,"magType":"mww","type":"earthquake","title":"M 7.0 - 40 km ESE of Ambunti, Papua New Guinea"},"geometry":{"type":"Point","coordinates":[143.1658,-4.3229,70]},"id":"us6000k1id"},
{"type":"Feature","properties":{"mag":7,"place":"Java, Indonesia","time":1681466145220,"updated":1687846608251,"tz":null,"url":"https://earthquake.usgs.gov/earthquakes/eventpage/us6000k49j","detail":"https://earthquake.usgs.gov/fdsnws/event/1/query?eventid=us6000k49j&format=geojson","felt":133,"cdi":5.5,"mmi":2.78,"alert":"green","status":"reviewed","tsunami":0,"sig":827,"net":"us","code":"6000k49j","ids":",us6000k49j,usauto6000k49j,at00rt3nky,pt23104000,","sources":",us,usauto,at,pt,","types":",dyfi,ground-failure,impact-text,internal-moment-tensor,internal-origin,losspager,moment-tensor,origin,phase-data,shakemap,","nst":203,"dmin":1.885,"rms":0.71,"gap":31,"magType":"mww","type":"earthquake","title":"M 7.0 - Java, Indonesia"},"geometry":{"type":"Point","coordinates":[112.0478,-6.0413,597]},"id":"us6000k49j"},
{"type":"Feature","properties":{"mag":7.1,"place":"Kermadec Islands, New Zealand","time":1682296915894,"updated":1689039922040,"tz":null,"url":"https://earthquake.usgs.gov/earthquakes/eventpage/us6000k6mg","detail":"https://earthquake.usgs.gov/fdsnws/event/1/query?eventid=us6000k6mg&format=geojson","felt":3,"cdi":7.6,"mmi":7.056,"alert":"green","status":"reviewed","tsunami":1,"sig":778,"net":"us","code":"6000k6mg","ids":",us6000k6mg,pt23114050,at00rtlglr,usauto6000k6mg,","sources":",us,pt,at,usauto,","types":",associate,dyfi,earthquake-name,finite-fault,general-text,impact-link,impact-text,internal-moment-tensor,losspager,moment-tensor,origin,phase-data,shakemap,","nst":134,"dmin":0.697,"rms":0.53,"gap":23,"magType":"mww","type":"earthquake","title":"M 7.1 - Kermadec Islands, New Zealand"},"geometry":{"type":"Point","coordinates":[-177.8386,-29.9574,46.755]},"id":"us6000k6mg"},
{"type":"Feature","properties":{"mag":7.1,"place":"171 km SSE of Teluk Dalam, Indonesia","time":1682366457265,"updated":1689039909040,"tz":null,"url":"https://earthquake.usgs.gov/earthquakes/eventpage/us7000jvl3","detail":"https://earthquake.usgs.gov/fdsnws/event/1/query?eventid=us7000jvl3&format=geojson","felt":80,"cdi":9.1,"mmi":7.969,"alert":"yellow","status":"reviewed","tsunami":0,"sig":848,"net":"us","code":"7000jvl3","ids":",us7000jvl3,usauto7000jvl3,at00rtmy9n,pt23114051,","sources":",us,usauto,at,pt,","types":",dyfi,finite-fault,general-text,ground-failure,impact-text,internal-moment-tensor,internal-origin,losspager,moment-tensor,origin,phase-data,shakemap,","nst":131,"dmin":2.297,"rms":0.7,"gap":34,"magType":"mww","type":"earthquake","title":"M 7.1 - 171 km SSE of Teluk Dalam, Indonesia"},"geometry":{"type":"Point","coordinates":[98.5112,-0.8082,34]},"id":"us7000jvl3"},
{"type":"Feature","properties":{"mag":7.6,"place":"82 km WNW of Hihifo, Tonga","time":1683734520334,"updated":1690053397040,"tz":null,"url":"https://earthquake.usgs.gov/earthquakes/eventpage/us6000kawn","detail":"https://earthquake.usgs.gov/fdsnws/event/1/query?eventid=us6000kawn&format=geojson","felt":26,"cdi":8.1,"mmi":5.968,"alert":"green","status":"reviewed","tsunami":1,"sig":910,"net":"us","code":"6000kawn","ids":",pt23130000,at00rug9vc,us6000kawn,usauto6000kawn,","sources":",pt,at,us,usauto,","types":",dyfi,general-text,ground-failure,impact-link,internal-moment-tensor,internal-origin,losspager,moment-tensor,origin,phase-data,shakemap,","nst":380,"dmin":3.744,"rms":0.7,"gap":15,"magType":"mww","type":"earthquake","title":"M 7.6 - 82 km WNW of Hihifo, Tonga"},"geometry":{"type":"Point","coordinates":[-174.4925,-15.6278,210]},"id":"us6000kawn"},
{"type":"Feature","properties":{"mag":7.7,"place":"southeast of the Loyalty Islands","time":1684465023172,"updated":1755298879104,"tz":null,"url":"https://earthquake.usgs.gov/earthquakes/eventpage/us6000kd0n","detail":"https://earthquake.usgs.gov/fdsnws/event/1/query?eventid=us6000kd0n&format=geojson","felt":44,"cdi":5.2,"mmi":3.886,"alert":"green","status":"reviewed","tsunami":1,"sig":935,"net":"us","code":"6000kd0n","ids":",at00ruvxj7,pt23139000,us6000kd0n,usauto6000kd0n,","sources":",at,pt,us,usauto,","types":",dyfi,finite-fault,general-text,ground-failure,impact-link,impact-text,internal-moment-tensor,internal-origin,losspager,moment-tensor,origin,phase-data,shakemap,","nst":278,"dmin":3.096,"rms":0.89,"gap":15,"magType":"mww","type":"earthquake","title":"M 7.7 - southeast of the Loyalty Islands"},"geometry":{"type":"Point","coordinates":[170.7423,-23.2063,18.053]},"id":"us6000kd0n"},
{"type":"Feature","properties":{"mag":7.1,"place":"southeast of the Loyalty Islands","time":1684547459158,"updated":1690161340040,"tz":null,"url":"https://earthquake.usgs.gov/earthquakes/eventpage/us6000kdce","detail":"https://earthquake.usgs.gov/fdsnws/event/1/query?eventid=us6000kdce&format=geojson","felt":6,"cdi":3.1,"mmi":0,"alert":"green","status":"reviewed","tsunami":1,"sig":777,"net":"us","code":"6000kdce","ids":",pt23140000,us6000kdce,at00ruxp51,usauto6000kdce,","sources":",pt,us,at,usauto,","types":",dyfi,general-text,ground-failure,impact-link,impact-text,internal-moment-tensor,internal-origin,losspager,moment-tensor,origin,phase-data,shakemap,","nst":235,"dmin":2.904,"rms":0.72,"gap":15,"magType":"mww","type":"earthquake","title":"M 7.1 - southeast of the Loyalty Islands"},"geometry":{"type":"Point","coordinates":[170.5603,-23.0421,27.309]},"id":"us6000kdce"},
{"type":"Feature","properties":{"mag":7.2,"place":"274 km SW of Houma, Tonga","time":1686852388572,"updated":1692591540040,"tz":null,"url":"https://earthquake.usgs.gov/earthquakes/eventpage/us7000k8qh","detail":"https://earthquake.usgs.gov/fdsnws/event/1/query?eventid=us7000k8qh&format=geojson","felt":10,"cdi":7.6,"mmi":6.083,"alert":"green","status":"reviewed","tsunami":1,"sig":805,"net":"us","code":"7000k8qh","ids":",at00rwb3mt,us7000k8qh,pt23166001,usauto7000k8qh,","sources":",at,us,pt,usauto,","types":",dyfi,general-text,impact-link,internal-moment-tensor,internal-origin,losspager,moment-tensor,origin,phase-data,shakemap,","nst":146,"dmin":2.532,"rms":0.89,"gap":21,"magType":"mww","type":"earthquake","title":"M 7.2 - 274 km SW of Houma, Tonga"},"geometry":{"type":"Point","coordinates":[-177.1067,-22.9936,179]},"id":"us7000k8qh"},
{"type":"Feature","properties":{"mag":7.2,"place":"2023 Sand Point, Alaska Earthquake","time":1689490101158,"updated":1752773941364,"tz":null,"url":"https://earthquake.usgs.gov/earthquakes/eventpage/us7000kg30","detail":"https://earthquake.usgs.gov/fdsnws/event/1/query?eventid=us7000kg30&format=geojson","felt":165,"cdi":7.2,"mmi":7.058,"alert":"green","status":"reviewed","tsunami":1,"sig":916,"net":"us","code":"7000kg30","ids":",at00rxvmwl,us7000kg30,pt23197000,usauto7000kg30,ak02391wqb5h,","sources":",at,us,pt,usauto,ak,","types":",dyfi,earthquake-name,finite-fault,general-text,ground-failure,impact-link,impact-text,internal-moment-tensor,internal-origin,losspager,moment-tensor,origin,phase-data,shakemap,","nst":410,"dmin":0.973,"rms":0.69,"gap":62,"magType":"mww","type":"earthquake","title":"M 7.2 - 2023 Sand Point, Alaska Earthquake"},"geometry":{"type":"Point","coordinates":[-160.762,54.3926,25]},"id":"us7000kg30"},
{"type":"Feature","properties":{"mag":7.1,"place":"180 km NNE of Gili Air, Indonesia","time":1693252530875,"updated":1706276781200,"tz":null,"url":"https://earthquake.usgs.gov/earthquakes/eventpage/us7000krjx","detail":"https://earthquake.usgs.gov/fdsnws/event/1/query?eventid=us7000krjx&format=geojson","felt":629,"cdi":4.8,"mmi":3.772,"alert":"green","status":"reviewed","tsunami":1,"sig":1077,"net":"us","code":"7000krjx","ids":",us7000krjx,at00s04a0k,at00s04a28,pt23240000,usauto7000krjx,","sources":",us,at,at,pt,usauto,","types":",associate,dyfi,general-text,ground-failure,impact-link,internal-moment-tensor,internal-origin,losspager,moment-tensor,origin,phase-data,shakemap,","nst":139,"dmin":2.377,"rms":0.72,"gap":22,"magType":"mww","type":"earthquake","title":"M 7.1 - 180 km NNE of Gili Air, Indonesia"},"geometry":{"type":"Point","coordinates":[116.5211,-6.7888,500]},"id":"us7000krjx"},
{"type":"Feature","properties":{"mag":7.1,"place":"Banda Sea","time":1699419229631,"updated":1705187431040,"tz":null,"url":"https://earthquake.usgs.gov/earthquakes/eventpage/us7000l9h4","detail":"https://earthquake.usgs.gov/fdsnws/event/1/query?eventid=us7000l9h4&format=geojson","felt":5,"cdi":7.4,"mmi":6.035,"alert":"green","status":"reviewed","tsunami":0,"sig":779,"net":"us","code":"7000l9h4","ids":",us7000l9h4,","sources":",us,","types":",dyfi,finite-fault,general-text,ground-failure,impact-text,losspager,moment-tensor,origin,phase-data,shakemap,","nst":142,"dmin":5.771,"rms":0.7,"gap":53,"magType":"mww","type":"earthquake","title":"M 7.1 - Banda Sea"},"geometry":{"type":"Point","coordinates":[129.5466,-6.416,6]},"id":"us7000l9h4"},
{"type":"Feature","properties":{"mag":7.6,"place":"19 km E of Gamut, Philippines","time":1701527824454,"updated":1782544736872,"tz":null,"url":"https://earthquake.usgs.gov/earthquakes/eventpage/us7000lff4","detail":"https://earthquake.usgs.gov/fdsnws/event/1/query?eventid=us7000lff4&format=geojson","felt":600,"cdi":9.1,"mmi":7.184,"alert":"yellow","status":"reviewed","tsunami":1,"sig":1435,"net":"us","code":"7000lff4","ids":",pt23336002,at00s51n9y,us7000lff4,usauto7000lff4,","sources":",pt,at,us,usauto,","types":",dyfi,finite-fault,general-text,ground-failure,impact-link,impact-text,internal-moment-tensor,internal-origin,losspager,moment-tensor,origin,phase-data,shakemap,","nst":128,"dmin":1.668,"rms":0.98,"gap":43,"magType":"mww","type":"earthquake","title":"M 7.6 - 19 km E of Gamut, Philippines"},"geometry":{"type":"Point","coordinates":[126.4161,8.5266,40]},"id":"us7000lff4"},
{"type":"Feature","properties":{"mag":7.1,"place":"118 km S of Isangel, Vanuatu","time":1701953790184,"updated":1707608860040,"tz":null,"url":"https://earthquake.usgs.gov/earthquakes/eventpage/us7000lgwp","detail":"https://earthquake.usgs.gov/fdsnws/event/1/query?eventid=us7000lgwp&format=geojson","felt":17,"cdi":7.2,"mmi":5.906,"alert":"green","status":"reviewed","tsunami":1,"sig":788,"net":"us","code":"7000lgwp","ids":",at00s5ary7,us7000lgwp,pt23341051,usauto7000lgwp,","sources":",at,us,pt,usauto,","types":",dyfi,finite-fault,general-text,ground-failure,impact-link,impact-text,internal-moment-tensor,internal-origin,losspager,moment-tensor,origin,phase-data,shakemap,","nst":146,"dmin":2.637,"rms":1.08,"gap":20,"magType":"mww","type":"earthquake","title":"M 7.1 - 118 km S of Isangel, Vanuatu"},"geometry":{"type":"Point","coordinates":[169.3089,-20.6152,48]},"id":"us7000lgwp"},
{"type":"Feature","properties":{"mag":7.5,"place":"2024 Noto Peninsula, Japan Earthquake","time":1704093009476,"updated":1780344796871,"tz":null,"url":"https://earthquake.usgs.gov/earthquakes/eventpage/us6000m0xl","detail":"https://earthquake.usgs.gov/fdsnws/event/1/query?eventid=us6000m0xl&format=geojson","felt":420,"cdi":8.9,"mmi":8.793,"alert":"red","status":"reviewed","tsunami":1,"sig":2374,"net":"us","code":"6000m0xl","ids":",pt24001001,at00s6kml3,us6000m0xl,","sources":",pt,at,us,","types":",dyfi,earthquake-name,finite-fault,general-text,ground-failure,impact-link,impact-text,internal-origin,losspager,moment-tensor,origin,phase-data,shakemap,","nst":282,"dmin":0.957,"rms":0.55,"gap":36,"magType":"mww","type":"earthquake","title":"M 7.5 - 2024 Noto Peninsula, Japan Earthquake"},"geometry":{"type":"Point","coordinates":[137.271,37.4874,10]},"id":"us6000m0xl"},
{"type":"Feature","properties":{"mag":7,"place":"128 km WNW of Aykol, China","time":1705946944340,"updated":1764439175418,"tz":null,"url":"https://earthquake.usgs.gov/earthquakes/eventpage/us7000lsze","detail":"https://earthquake.usgs.gov/fdsnws/event/1/query?eventid=us7000lsze&format=geojson","felt":471,"cdi":5.2,"mmi":8.531,"alert":"red","status":"reviewed","tsunami":0,"sig":2245,"net":"us","code":"7000lsze","ids":",us7000lsze,usauto7000lsze,pt24022000,at00s7od3a,","sources":",us,usauto,pt,at,","types":",dyfi,finite-fault,general-text,ground-failure,impact-text,internal-moment-tensor,internal-origin,losspager,moment-tensor,origin,phase-data,shakemap,","nst":121,"dmin":0.428,"rms":0.64,"gap":29,"magType":"mww","type":"earthquake","title":"M 7.0 - 128 km WNW of Aykol, China"},"geometry":{"type":"Point","coordinates":[78.6538,41.2555,13]},"id":"us7000lsze"},
{"type":"Feature","properties":{"mag":7.4,"place":"15 km S of Hualien City, Taiwan","time":1712102292173,"updated":1782384872203,"tz":null,"url":"https://earthquake.usgs.gov/earthquakes/eventpage/us7000m9g4","detail":"https://earthquake.usgs.gov/fdsnws/event/1/query?eventid=us7000m9g4&format=geojson","felt":634,"cdi":9.1,"mmi":7.99,"alert":"yellow","status":"reviewed","tsunami":1,"sig":1419,"net":"us","code":"7000m9g4","ids":",pt24094000,us7000m9g4,pt24094050,at00sbcakx,pt24093050,usauto7000m9g4,","sources":",pt,us,pt,at,pt,usauto,","types":",associate,dyfi,finite-fault,general-link,general-text,ground-failure,impact-link,impact-text,internal-moment-tensor,internal-origin,losspager,moment-tensor,origin,phase-data,shakemap,","nst":322,"dmin":0.337,"rms":0.93,"gap":17,"magType":"mww","type":"earthquake","title":"M 7.4 - 15 km S of Hualien City, Taiwan"},"geometry":{"type":"Point","coordinates":[121.5976,23.8356,40]},"id":"us7000m9g4"},
{"type":"Feature","properties":{"mag":7.2,"place":"10 km WSW of Atiquipa, Peru","time":1719552996902,"updated":1739110605954,"tz":null,"url":"https://earthquake.usgs.gov/earthquakes/eventpage/us6000n8tq","detail":"https://earthquake.usgs.gov/fdsnws/event/1/query?eventid=us6000n8tq&format=geojson","felt":115,"cdi":8.3,"mmi":7.689,"alert":"yellow","status":"reviewed","tsunami":1,"sig":893,"net":"us","code":"6000n8tq","ids":",pt24180000,at00sfrzl3,us6000n8tq,usauto6000n8tq,","sources":",pt,at,us,usauto,","types":",dyfi,finite-fault,general-text,ground-failure,impact-link,impact-text,internal-moment-tensor,internal-origin,losspager,moment-tensor,origin,phase-data,shakemap,","nst":105,"dmin":4.675,"rms":0.93,"gap":46,"magType":"mww","type":"earthquake","title":"M 7.2 - 10 km WSW of Atiquipa, Peru"},"geometry":{"type":"Point","coordinates":[-74.454,-15.8277,24]},"id":"us6000n8tq"},
{"type":"Feature","properties":{"mag":7.1,"place":"106 km WSW of Sangay, Philippines","time":1720663998585,"updated":1728422891485,"tz":null,"url":"https://earthquake.usgs.gov/earthquakes/eventpage/us7000myfa","detail":"https://earthquake.usgs.gov/fdsnws/event/1/query?eventid=us7000myfa&format=geojson","felt":29,"cdi":4.9,"mmi":3.302,"alert":"green","status":"reviewed","tsunami":1,"sig":790,"net":"us","code":"7000myfa","ids":",at00sgfsu7,us7000myfa,pt24193000,usauto7000myfa,","sources":",at,us,pt,usauto,","types":",dyfi,general-text,ground-failure,impact-link,internal-moment-tensor,internal-origin,losspager,moment-tensor,origin,phase-data,shakemap,","nst":401,"dmin":2.604,"rms":0.84,"gap":17,"magType":"mww","type":"earthquake","title":"M 7.1 - 106 km WSW of Sangay, Philippines"},"geometry":{"type":"Point","coordinates":[123.1503,6.0838,639.503]},"id":"us7000myfa"},
{"type":"Feature","properties":{"mag":7.4,"place":"41 km ESE of San Pedro de Atacama, Chile","time":1721353848571,"updated":1758826607009,"tz":null,"url":"https://earthquake.usgs.gov/earthquakes/eventpage/us7000n05d","detail":"https://earthquake.usgs.gov/fdsnws/event/1/query?eventid=us7000n05d&format=geojson","felt":216,"cdi":7.2,"mmi":6.744,"alert":"green","status":"reviewed","tsunami":1,"sig":998,"net":"us","code":"7000n05d","ids":",at00sgul50,pt24201000,us7000n05d,usauto7000n05d,","sources":",at,pt,us,usauto,","types":",dyfi,finite-fault,general-text,ground-failure,impact-link,impact-text,internal-moment-tensor,internal-origin,losspager,moment-tensor,origin,phase-data,shakemap,","nst":119,"dmin":0.336,"rms":1.06,"gap":19,"magType":"mww","type":"earthquake","title":"M 7.4 - 41 km ESE of San Pedro de Atacama, Chile"},"geometry":{"type":"Point","coordinates":[-67.8404,-23.0791,127.291]},"id":"us7000n05d"},
{"type":"Feature","properties":{"mag":7.1,"place":"2024 Hyuganada Sea, Japan Earthquake","time":1723102975206,"updated":1757303276356,"tz":null,"url":"https://earthquake.usgs.gov/earthquakes/eventpage/us6000nith","detail":"https://earthquake.usgs.gov/fdsnws/event/1/query?eventid=us6000nith&format=geojson","felt":45,"cdi":7.9,"mmi":7.513,"alert":"yellow","status":"reviewed","tsunami":0,"sig":811,"net":"us","code":"6000nith","ids":",us6000nith,pt24221000,at00shw2rm,usauto6000nith,","sources":",us,pt,at,usauto,","types":",associate,dyfi,earthquake-name,finite-fault,general-text,ground-failure,impact-text,internal-moment-tensor,losspager,moment-tensor,origin,phase-data,shakemap,","nst":252,"dmin":5.748,"rms":0.74,"gap":34,"magType":"mww","type":"earthquake","title":"M 7.1 - 2024 Hyuganada Sea, Japan Earthquake"},"geometry":{"type":"Point","coordinates":[131.5021,31.7599,24]},"id":"us6000nith"},
{"type":"Feature","properties":{"mag":7,"place":"102 km E of Petropavlovsk-Kamchatsky, Russia","time":1723921826820,"updated":1758225414995,"tz":null,"url":"https://earthquake.usgs.gov/earthquakes/eventpage/us7000n7n8","detail":"https://earthquake.usgs.gov/fdsnws/event/1/query?eventid=us7000n7n8&format=geojson","felt":18,"cdi":6.5,"mmi":6.177,"alert":"green","status":"reviewed","tsunami":1,"sig":766,"net":"us","code":"7000n7n8","ids":",at00sidmlg,us7000n7n8,pt24230000,usauto7000n7n8,ak024akozr4g,","sources":",at,us,pt,usauto,ak,","types":",dyfi,finite-fault,general-text,ground-failure,impact-link,impact-text,internal-moment-tensor,internal-origin,losspager,moment-tensor,origin,phase-data,shakemap,","nst":146,"dmin":0.902,"rms":0.99,"gap":63,"magType":"mww","type":"earthquake","title":"M 7.0 - 102 km E of Petropavlovsk-Kamchatsky, Russia"},"geometry":{"type":"Point","coordinates":[160.1331,52.9308,29]},"id":"us7000n7n8"},
{"type":"Feature","properties":{"mag":7,"place":"2024 Offshore Cape Mendocino, California Earthquake","time":1733424261110,"updated":1784306727673,"tz":null,"url":"https://earthquake.usgs.gov/earthquakes/eventpage/nc75095651","detail":"https://earthquake.usgs.gov/fdsnws/event/1/query?eventid=nc75095651&format=geojson","felt":16883,"cdi":7.5,"mmi":8.05,"alert":"yellow","status":"reviewed","tsunami":1,"sig":1504,"net":"nc","code":"75095651","ids":",ew1733424270,us7000nw7b,nc75095651,at00so1aq0,usauto7000nw7b,pt24340001,","sources":",ew,us,nc,at,usauto,pt,","types":",dyfi,earthquake-name,event-sequence,finite-fault,focal-mechanism,general-link,general-text,ground-failure,impact-link,impact-text,internal-moment-tensor,internal-origin,losspager,moment-tensor,nearby-cities,oaf,origin,phase-data,scitech-link,shake-alert,shakemap,trump-ground-failure,trump-origin,","nst":172,"dmin":0.5261,"rms":0.23,"gap":229,"magType":"mw","type":"earthquake","title":"M 7.0 - 2024 Offshore Cape Mendocino, California Earthquake"},"geometry":{"type":"Point","coordinates":[-125.021666666667,40.374,10]},"id":"nc75095651"},
{"type":"Feature","properties":{"mag":7.3,"place":"24 km WNW of Port-Vila, Vanuatu","time":1734400045741,"updated":1784308867060,"tz":null,"url":"https://earthquake.usgs.gov/earthquakes/eventpage/us7000nzf3","detail":"https://earthquake.usgs.gov/fdsnws/event/1/query?eventid=us7000nzf3&format=geojson","felt":77,"cdi":8.3,"mmi":8.716,"alert":"yellow","status":"reviewed","tsunami":1,"sig":884,"net":"us","code":"7000nzf3","ids":",at00som7n2,us7000nzf3,pt24352000,usauto7000nzf3,","sources":",at,us,pt,usauto,","types":",dyfi,event-sequence,finite-fault,general-text,ground-failure,impact-link,impact-text,internal-moment-tensor,internal-origin,losspager,moment-tensor,oaf,origin,phase-data,shakemap,","nst":246,"dmin":2.386,"rms":0.64,"gap":18,"magType":"mww","type":"earthquake","title":"M 7.3 - 24 km WNW of Port-Vila, Vanuatu"},"geometry":{"type":"Point","coordinates":[168.0842,-17.6914,54.372]},"id":"us7000nzf3"},
{"type":"Feature","properties":{"mag":7.1,"place":"2025 Southern Tibetan Plateau Earthquake","time":1736211916734,"updated":1754895022632,"tz":null,"url":"https://earthquake.usgs.gov/earthquakes/eventpage/us6000pi9w","detail":"https://earthquake.usgs.gov/fdsnws/event/1/query?eventid=us6000pi9w&format=geojson","felt":865,"cdi":9.1,"mmi":9.212,"alert":"red","status":"reviewed","tsunami":0,"sig":2787,"net":"us","code":"6000pi9w","ids":",us6000pi9w,usauto6000pi9w,pt25007000,","sources":",us,usauto,pt,","types":",dyfi,earthquake-name,finite-fault,general-text,ground-failure,impact-text,internal-moment-tensor,internal-origin,losspager,moment-tensor,origin,phase-data,shakemap,","nst":315,"dmin":3.458,"rms":0.56,"gap":17,"magType":"mww","type":"earthquake","title":"M 7.1 - 2025 Southern Tibetan Plateau Earthquake"},"geometry":{"type":"Point","coordinates":[87.3781,28.6036,10]},"id":"us6000pi9w"},
{"type":"Feature","properties":{"mag":7.6,"place":"210 km SSW of George Town, Cayman Islands","time":1739056994697,"updated":1745682709572,"tz":null,"url":"https://earthquake.usgs.gov/earthquakes/eventpage/us7000pcdl","detail":"https://earthquake.usgs.gov/fdsnws/event/1/query?eventid=us7000pcdl&format=geojson","felt":402,"cdi":7.3,"mmi":4.949,"alert":"green","status":"reviewed","tsunami":1,"sig":1182,"net":"us","code":"7000pcdl","ids":",pt25039000,at00sre0yr,us7000pcdl,usauto7000pcdl,","sources":",pt,at,us,usauto,","types":",dyfi,finite-fault,general-text,ground-failure,impact-link,impact-text,internal-moment-tensor,internal-origin,losspager,moment-tensor,origin,phase-data,shakemap,","nst":235,"dmin":4.662,"rms":0.62,"gap":18,"magType":"mww","type":"earthquake","title":"M 7.6 - 210 km SSW of George Town, Cayman Islands"},"geometry":{"type":"Point","coordinates":[-82.395,17.6506,14.326]},"id":"us7000pcdl"},
{"type":"Feature","properties":{"mag":7.7,"place":"2025 Mandalay, Burma (Myanmar) Earthquake","time":1743142852715,"updated":1784316811066,"tz":null,"url":"https://earthquake.usgs.gov/earthquakes/eventpage/us7000pn9s","detail":"https://earthquake.usgs.gov/fdsnws/event/1/query?eventid=us7000pn9s&format=geojson","felt":2545,"cdi":9.1,"mmi":9.953,"alert":"red","status":"reviewed","tsunami":0,"sig":2910,"net":"us","code":"7000pn9s","ids":",us7000pn9s,usauto7000pn9s,pt25087002,at00sttln4,","sources":",us,usauto,pt,at,","types":",dyfi,earthquake-name,event-sequence,finite-fault,general-text,ground-failure,impact-text,internal-moment-tensor,internal-origin,losspager,moment-tensor,oaf,origin,phase-data,shakemap,","nst":246,"dmin":3.474,"rms":0.89,"gap":24,"magType":"mww","type":"earthquake","title":"M 7.7 - 2025 Mandalay, Burma (Myanmar) Earthquake"},"geometry":{"type":"Point","coordinates":[95.9363,22.011,10]},"id":"us7000pn9s"},
{"type":"Feature","properties":{"mag":7,"place":"61 km SSE of Pangai, Tonga","time":1743337130362,"updated":1749244348040,"tz":null,"url":"https://earthquake.usgs.gov/earthquakes/eventpage/us7000pntq","detail":"https://earthquake.usgs.gov/fdsnws/event/1/query?eventid=us7000pntq&format=geojson","felt":27,"cdi":7.1,"mmi":6.108,"alert":"green","status":"reviewed","tsunami":1,"sig":773,"net":"us","code":"7000pntq","ids":",us7000pntq,at00stxrjc,pt25089000,usauto7000pntq,","sources":",us,at,pt,usauto,","types":",dyfi,finite-fault,general-text,ground-failure,impact-link,impact-text,internal-moment-tensor,internal-origin,losspager,moment-tensor,origin,phase-data,shakemap,","nst":287,"dmin":4.091,"rms":0.96,"gap":20,"magType":"mww","type":"earthquake","title":"M 7.0 - 61 km SSE of Pangai, Tonga"},"geometry":{"type":"Point","coordinates":[-174.0718,-20.3036,29]},"id":"us7000pntq"},
{"type":"Feature","properties":{"mag":7.4,"place":"2025 Drake Passage Earthquake","time":1746190706014,"updated":1752337842040,"tz":null,"url":"https://earthquake.usgs.gov/earthquakes/eventpage/us7000pwkn","detail":"https://earthquake.usgs.gov/fdsnws/event/1/query?eventid=us7000pwkn&format=geojson","felt":53,"cdi":8.9,"mmi":5.159,"alert":"green","status":"reviewed","tsunami":1,"sig":890,"net":"us","code":"7000pwkn","ids":",at00svmxdi,us7000pwkn,pt25122001,usauto7000pwkn,","sources":",at,us,pt,usauto,","types":",dyfi,earthquake-name,finite-fault,general-text,ground-failure,impact-link,impact-text,internal-moment-tensor,internal-origin,losspager,moment-tensor,origin,phase-data,shakemap,","nst":284,"dmin":1.9,"rms":0.75,"gap":20,"magType":"mww","type":"earthquake","title":"M 7.4 - 2025 Drake Passage Earthquake"},"geometry":{"type":"Point","coordinates":[-68.1019,-56.8094,10]},"id":"us7000pwkn"},
{"type":"Feature","properties":{"mag":7.3,"place":"2025 Sand Point, Alaska Earthquake","time":1752698261667,"updated":1784234874969,"tz":null,"url":"https://earthquake.usgs.gov/earthquakes/eventpage/us7000qd1y","detail":"https://earthquake.usgs.gov/fdsnws/event/1/query?eventid=us7000qd1y&format=geojson","felt":192,"cdi":7.4,"mmi":6.694,"alert":"green","status":"reviewed","tsunami":1,"sig":962,"net":"us","code":"7000qd1y","ids":",at00sziems,us7000qd1y,pt25197050,usauto7000qd1y,ak025925029r,","sources":",at,us,pt,usauto,ak,","types":",dyfi,earthquake-name,event-sequence,finite-fault,general-text,ground-failure,impact-link,impact-text,internal-moment-tensor,losspager,moment-tensor,oaf,origin,phase-data,shakemap,","nst":180,"dmin":0.576,"rms":0.75,"gap":21,"magType":"mww","type":"earthquake","title":"M 7.3 - 2025 Sand Point, Alaska Earthquake"},"geometry":{"type":"Point","coordinates":[-160.4689,54.5652,38]},"id":"us7000qd1y"},
{"type":"Feature","properties":{"mag":7.4,"place":"2025 Eastern Kamchatka, Russia Earthquake","time":1752994144327,"updated":1759516976040,"tz":null,"url":"https://earthquake.usgs.gov/earthquakes/eventpage/us7000qdyl","detail":"https://earthquake.usgs.gov/fdsnws/event/1/query?eventid=us7000qdyl&format=geojson","felt":24,"cdi":7.7,"mmi":7.578,"alert":"red","status":"reviewed","tsunami":1,"sig":2018,"net":"us","code":"7000qdyl","ids":",at00szoqxu,us7000qdyl,pt25201001,","sources":",at,us,pt,","types":",dyfi,earthquake-name,finite-fault,general-text,ground-failure,impact-link,impact-text,losspager,moment-tensor,origin,phase-data,shakemap,","nst":170,"dmin":1.245,"rms":0.77,"gap":32,"magType":"mww","type":"earthquake","title":"M 7.4 - 2025 Eastern Kamchatka, Russia Earthquake"},"geometry":{"type":"Point","coordinates":[160.6816,52.8301,34]},"id":"us7000qdyl"},
{"type":"Feature","properties":{"mag":7,"place":"Macquarie Island region","time":1753740635109,"updated":1760216249040,"tz":null,"url":"https://earthquake.usgs.gov/earthquakes/eventpage/us6000qvsf","detail":"https://earthquake.usgs.gov/fdsnws/event/1/query?eventid=us6000qvsf&format=geojson","felt":null,"cdi":null,"mmi":3.791,"alert":"green","status":"reviewed","tsunami":1,"sig":754,"net":"us","code":"6000qvsf","ids":",us6000qvsf,pt25209001,at00t04qxl,","sources":",us,pt,at,","types":",ground-failure,impact-link,internal-origin,losspager,moment-tensor,origin,phase-data,shakemap,","nst":128,"dmin":3.292,"rms":0.82,"gap":21,"magType":"mww","type":"earthquake","title":"M 7.0 - Macquarie Island region"},"geometry":{"type":"Point","coordinates":[157.0388,-57.605,31]},"id":"us6000qvsf"},
{"type":"Feature","properties":{"mag":8.8,"place":"2025 Kamchatka Peninsula, Russia Earthquake","time":1753831492483,"updated":1784310636965,"tz":null,"url":"https://earthquake.usgs.gov/earthquakes/eventpage/us6000qw60","detail":"https://earthquake.usgs.gov/fdsnws/event/1/query?eventid=us6000qw60&format=geojson","felt":125,"cdi":9.1,"mmi":8.529,"alert":"red","status":"reviewed","tsunami":1,"sig":2114,"net":"us","code":"6000qw60","ids":",at00t06p1k,us6000qw60,pt25210002,usauto6000qw60,","sources":",at,us,pt,usauto,","types":",dyfi,earthquake-name,event-sequence,finite-fault,general-link,general-text,ground-failure,impact-link,impact-text,internal-moment-tensor,internal-origin,losspager,moment-tensor,oaf,origin,phase-data,shakemap,","nst":251,"dmin":1.102,"rms":0.73,"gap":30,"magType":"mww","type":"earthquake","title":"M 8.8 - 2025 Kamchatka Peninsula, Russia Earthquake"},"geometry":{"type":"Point","coordinates":[160.2395,52.4948,35]},"id":"us6000qw60"},
{"type":"Feature","properties":{"mag":7.5,"place":"2025 Southern Drake Passage Earthquake","time":1755828978246,"updated":1762964736040,"tz":null,"url":"https://earthquake.usgs.gov/earthquakes/eventpage/us6000r2xq","detail":"https://earthquake.usgs.gov/fdsnws/event/1/query?eventid=us6000r2xq&format=geojson","felt":15,"cdi":7.2,"mmi":4.669,"alert":"green","status":"reviewed","tsunami":1,"sig":876,"net":"us","code":"6000r2xq","ids":",us6000r2xq,pt25234000,at00t1dib8,usauto6000r2xq,","sources":",us,pt,at,usauto,","types":",dyfi,earthquake-name,general-text,impact-link,internal-moment-tensor,internal-origin,losspager,moment-tensor,origin,phase-data,shakemap,","nst":101,"dmin":4.579,"rms":1.02,"gap":64,"magType":"mww","type":"earthquake","title":"M 7.5 - 2025 Southern Drake Passage Earthquake"},"geometry":{"type":"Point","coordinates":[-61.9221,-60.3187,10]},"id":"us6000r2xq"},
{"type":"Feature","properties":{"mag":7.4,"place":"105 km E of Petropavlovsk-Kamchatsky, Russia","time":1757731076761,"updated":1764734297040,"tz":null,"url":"https://earthquake.usgs.gov/earthquakes/eventpage/us7000qvw5","detail":"https://earthquake.usgs.gov/fdsnws/event/1/query?eventid=us7000qvw5&format=geojson","felt":23,"cdi":8.2,"mmi":8.022,"alert":"green","status":"reviewed","tsunami":1,"sig":861,"net":"us","code":"7000qvw5","ids":",us7000qvw5,at00t2i9z8,pt25256000,usauto7000qvw5,","sources":",us,at,pt,usauto,","types":",dyfi,finite-fault,general-text,ground-failure,impact-link,internal-moment-tensor,internal-origin,losspager,moment-tensor,origin,phase-data,shakemap,","nst":298,"dmin":0.945,"rms":0.74,"gap":25,"magType":"mww","type":"earthquake","title":"M 7.4 - 105 km E of Petropavlovsk-Kamchatsky, Russia"},"geometry":{"type":"Point","coordinates":[160.1901,53.1969,58]},"id":"us7000qvw5"},
{"type":"Feature","properties":{"mag":7.8,"place":"140 km E of Petropavlovsk-Kamchatsky, Russia","time":1758221894939,"updated":1765039290345,"tz":null,"url":"https://earthquake.usgs.gov/earthquakes/eventpage/us7000qx2g","detail":"https://earthquake.usgs.gov/fdsnws/event/1/query?eventid=us7000qx2g&format=geojson","felt":26,"cdi":8,"mmi":8.302,"alert":"orange","status":"reviewed","tsunami":1,"sig":1021,"net":"us","code":"7000qx2g","ids":",at00t2ssp5,us7000qx2g,pt25261001,usauto7000qx2g,","sources":",at,us,pt,usauto,","types":",dyfi,finite-fault,general-text,ground-failure,impact-link,impact-text,internal-moment-tensor,internal-origin,losspager,moment-tensor,origin,phase-data,shakemap,","nst":212,"dmin":1.255,"rms":1.07,"gap":76,"magType":"mww","type":"earthquake","title":"M 7.8 - 140 km E of Petropavlovsk-Kamchatsky, Russia"},"geometry":{"type":"Point","coordinates":[160.7206,53.1426,27]},"id":"us7000qx2g"},
{"type":"Feature","properties":{"mag":7.4,"place":"12 km E of Santiago, Philippines","time":1760060639585,"updated":1782544311320,"tz":null,"url":"https://earthquake.usgs.gov/earthquakes/eventpage/us6000rfwz","detail":"https://earthquake.usgs.gov/fdsnws/event/1/query?eventid=us6000rfwz&format=geojson","felt":343,"cdi":9,"mmi":7.367,"alert":"green","status":"reviewed","tsunami":1,"sig":1151,"net":"us","code":"6000rfwz","ids":",pt25283000,us6000rfwz,at00t3w7hd,usauto6000rfwz,","sources":",pt,us,at,usauto,","types":",dyfi,finite-fault,general-text,ground-failure,impact-link,impact-text,internal-moment-tensor,internal-origin,losspager,moment-tensor,origin,phase-data,shakemap,","nst":291,"dmin":1.123,"rms":0.6,"gap":19,"magType":"mww","type":"earthquake","title":"M 7.4 - 12 km E of Santiago, Philippines"},"geometry":{"type":"Point","coordinates":[126.6902,7.2866,59.425]},"id":"us6000rfwz"},
{"type":"Feature","properties":{"mag":7.6,"place":"Drake Passage","time":1760128160075,"updated":1767309068040,"tz":null,"url":"https://earthquake.usgs.gov/earthquakes/eventpage/us6000rgf4","detail":"https://earthquake.usgs.gov/fdsnws/event/1/query?eventid=us6000rgf4&format=geojson","felt":5,"cdi":9,"mmi":3.941,"alert":"green","status":"reviewed","tsunami":1,"sig":893,"net":"us","code":"6000rgf4","ids":",us6000rgf4,pt25283002,at00t3xnl1,usauto6000rgf4,","sources":",us,pt,at,usauto,","types":",dyfi,general-text,impact-link,internal-moment-tensor,internal-origin,losspager,moment-tensor,origin,phase-data,shakemap,","nst":402,"dmin":4.719,"rms":0.57,"gap":12,"magType":"mww","type":"earthquake","title":"M 7.6 - Drake Passage"},"geometry":{"type":"Point","coordinates":[-61.8164,-60.1875,5.639]},"id":"us6000rgf4"},
{"type":"Feature","properties":{"mag":7,"place":"2025 Hubbard Glacier Earthquake","time":1765053709288,"updated":1784407916010,"tz":null,"url":"https://earthquake.usgs.gov/earthquakes/eventpage/us6000rsy1","detail":"https://earthquake.usgs.gov/fdsnws/event/1/query?eventid=us6000rsy1&format=geojson","felt":1058,"cdi":6.3,"mmi":8.443,"alert":"green","status":"reviewed","tsunami":1,"sig":1384,"net":"us","code":"6000rsy1","ids":",ak2025xzwiky,us6000rsy1,at00t6v85n,pt25340000,usauto6000rsy1,","sources":",ak,us,at,pt,usauto,","types":",dyfi,earthquake-name,event-sequence,finite-fault,general-text,ground-failure,impact-link,impact-text,internal-moment-tensor,internal-origin,losspager,moment-tensor,oaf,origin,phase-data,shakemap,trump-origin,","nst":270,"dmin":0.417,"rms":0.76,"gap":29,"magType":"mww","type":"earthquake","title":"M 7.0 - 2025 Hubbard Glacier Earthquake"},"geometry":{"type":"Point","coordinates":[-139.5412,60.3127,10.317]},"id":"us6000rsy1"},
{"type":"Feature","properties":{"mag":7.6,"place":"2025 Aomori Prefecture, Japan Earthquake","time":1765203309896,"updated":1781613259815,"tz":null,"url":"https://earthquake.usgs.gov/earthquakes/eventpage/us6000rtdt","detail":"https://earthquake.usgs.gov/fdsnws/event/1/query?eventid=us6000rtdt&format=geojson","felt":259,"cdi":9,"mmi":6.911,"alert":"yellow","status":"reviewed","tsunami":1,"sig":1122,"net":"us","code":"6000rtdt","ids":",at00t6yfla,pt25342050,us6000rtdt,usauto6000rtdt,","sources":",at,pt,us,usauto,","types":",dyfi,earthquake-name,finite-fault,ground-failure,impact-link,impact-text,internal-moment-tensor,internal-origin,losspager,moment-tensor,origin,phase-data,shakemap,","nst":170,"dmin":0.874,"rms":0.72,"gap":17,"magType":"mww","type":"earthquake","title":"M 7.6 - 2025 Aomori Prefecture, Japan Earthquake"},"geometry":{"type":"Point","coordinates":[142.1836,40.9984,40.72]},"id":"us6000rtdt"}],"bbox":[-179.575,-62.877,-0.097,179.791,63.5141,675.4]}