timestamp,asset,timeframe,open,high,low,close,volume,dollar_volume,provider,fetched_at
2026-05-12 00:00:00+00:00,SOL-USD,15m,97.3499984741211,97.41000366210938,97.16000366210938,97.26000213623047,0,0,yfinance,2026-07-10T06:58:01.269533+00:00
2026-05-12 00:15:00+00:00,SOL-USD,15m,97.25,97.45999908447266,97.23999786376953,97.43000030517578,0,0,yfinance,2026-07-10T06:58:01.269533+00:00
2026-05-12 00:30:00+00:00,SOL-USD,15m,97.44999694824219,97.5999984741211,97.33999633789062,97.38999938964844,0,0,yfinance,2026-07-10T06:58:01.269533+00:00
2026-05-12 00:45:00+00:00,SOL-USD,15m,97.38999938964844,97.66000366210938,97.38999938964844,97.51000213623047,0,0,yfinance,2026-07-10T06:58:01.269533+00:00
2026-05-12 01:00:00+00:00,SOL-USD,15m,97.5,97.6500015258789,96.97000122070312,97.02999877929688,0,0,yfinance,2026-07-10T06:58:01.269533+00:00
2026-05-12 01:15:00+00:00,SOL-USD,15m,97.04000091552734,97.04000091552734,96.5999984741211,96.81999969482422,6185472,6185472,yfinance,2026-07-10T06:58:01.269533+00:00
2026-05-12 01:30:00+00:00,SOL-USD,15m,96.73999786376953,96.77999877929688,95.52999877929688,96.11000061035156,40589312,40589312,yfinance,2026-07-10T06:58:01.269533+00:00
2026-05-12 01:45:00+00:00,SOL-USD,15m,96.08000183105469,96.44999694824219,95.9800033569336,96.26000213623047,27976192,27976192,yfinance,2026-07-10T06:58:01.269533+00:00
2026-05-12 02:00:00+00:00,SOL-USD,15m,96.2300033569336,96.69000244140625,96.19000244140625,96.61000061035156,26297856,26297856,yfinance,2026-07-10T06:58:01.269533+00:00
2026-05-12 02:15:00+00:00,SOL-USD,15m,96.62999725341797,96.62999725341797,96.16999816894531,96.55999755859375,87040,87040,yfinance,2026-07-10T06:58:01.269533+00:00
2026-05-12 02:30:00+00:00,SOL-USD,15m,96.58999633789062,96.58999633789062,96.29000091552734,96.36000061035156,13723648,13723648,yfinance,2026-07-10T06:58:01.269533+00:00
2026-05-12 02:45:00+00:00,SOL-USD,15m,96.37999725341797,96.63999938964844,96.3499984741211,96.54000091552734,8434176,8434176,yfinance,2026-07-10T06:58:01.269533+00:00
2026-05-12 03:00:00+00:00,SOL-USD,15m,96.54000091552734,96.62999725341797,96.27999877929688,96.3499984741211,0,0,yfinance,2026-07-10T06:58:01.269533+00:00
2026-05-12 03:15:00+00:00,SOL-USD,15m,96.30000305175781,96.3499984741211,96.08000183105469,96.20999908447266,0,0,yfinance,2026-07-10T06:58:01.269533+00:00
2026-05-12 03:30:00+00:00,SOL-USD,15m,96.20999908447266,96.36000061035156,96.19999694824219,96.33000183105469,0,0,yfinance,2026-07-10T06:58:01.269533+00:00
2026-05-12 03:45:00+00:00,SOL-USD,15m,96.31999969482422,96.31999969482422,96.02999877929688,96.12000274658203,698880,698880,yfinance,2026-07-10T06:58:01.269533+00:00
2026-05-12 04:00:00+00:00,SOL-USD,15m,96.08999633789062,96.16999816894531,96.05000305175781,96.0999984741211,0,0,yfinance,2026-07-10T06:58:01.269533+00:00
2026-05-12 04:15:00+00:00,SOL-USD,15m,96.0999984741211,96.3499984741211,96.08000183105469,96.26000213623047,6031360,6031360,yfinance,2026-07-10T06:58:01.269533+00:00
2026-05-12 04:30:00+00:00,SOL-USD,15m,96.25,96.41999816894531,96.23999786376953,96.30000305175781,56832,56832,yfinance,2026-07-10T06:58:01.269533+00:00
2026-05-12 04:45:00+00:00,SOL-USD,15m,96.30000305175781,96.4800033569336,96.2699966430664,96.33999633789062,2366464,2366464,yfinance,2026-07-10T06:58:01.269533+00:00
2026-05-12 05:00:00+00:00,SOL-USD,15m,96.33000183105469,96.47000122070312,96.2300033569336,96.33000183105469,0,0,yfinance,2026-07-10T06:58:01.269533+00:00
2026-05-12 05:15:00+00:00,SOL-USD,15m,96.33000183105469,96.68000030517578,96.33000183105469,96.5999984741211,2146304,2146304,yfinance,2026-07-10T06:58:01.269533+00:00
2026-05-12 05:30:00+00:00,SOL-USD,15m,96.61000061035156,96.7300033569336,96.47000122070312,96.5999984741211,490496,490496,yfinance,2026-07-10T06:58:01.269533+00:00
2026-05-12 05:45:00+00:00,SOL-USD,15m,96.5999984741211,96.7300033569336,96.55000305175781,96.55000305175781,0,0,yfinance,2026-07-10T06:58:01.269533+00:00
2026-05-12 06:00:00+00:00,SOL-USD,15m,96.5,96.68000030517578,96.44999694824219,96.66000366210938,0,0,yfinance,2026-07-10T06:58:01.269533+00:00
2026-05-12 06:15:00+00:00,SOL-USD,15m,96.6500015258789,96.9800033569336,96.6500015258789,96.70999908447266,3564032,3564032,yfinance,2026-07-10T06:58:01.269533+00:00
2026-05-12 06:30:00+00:00,SOL-USD,15m,96.73999786376953,96.73999786376953,96.29000091552734,96.3499984741211,118272,118272,yfinance,2026-07-10T06:58:01.269533+00:00
2026-05-12 06:45:00+00:00,SOL-USD,15m,96.33000183105469,96.4000015258789,96.13999938964844,96.18000030517578,1489408,1489408,yfinance,2026-07-10T06:58:01.269533+00:00
2026-05-12 07:00:00+00:00,SOL-USD,15m,96.13999938964844,96.25,95.81999969482422,96.20999908447266,13979648,13979648,yfinance,2026-07-10T06:58:01.269533+00:00
2026-05-12 07:15:00+00:00,SOL-USD,15m,96.20999908447266,96.2699966430664,96.0199966430664,96.04000091552734,8454656,8454656,yfinance,2026-07-10T06:58:01.269533+00:00
2026-05-12 07:30:00+00:00,SOL-USD,15m,96.05000305175781,96.19000244140625,96.01000213623047,96.02999877929688,18195968,18195968,yfinance,2026-07-10T06:58:01.269533+00:00
2026-05-12 07:45:00+00:00,SOL-USD,15m,96.02999877929688,96.26000213623047,95.83000183105469,96.0199966430664,4217344,4217344,yfinance,2026-07-10T06:58:01.269533+00:00
2026-05-12 08:00:00+00:00,SOL-USD,15m,95.98999786376953,96.11000061035156,95.56999969482422,95.58999633789062,10549248,10549248,yfinance,2026-07-10T06:58:01.269533+00:00
2026-05-12 08:15:00+00:00,SOL-USD,15m,95.58000183105469,95.83999633789062,95.44000244140625,95.62999725341797,17124352,17124352,yfinance,2026-07-10T06:58:01.269533+00:00
2026-05-12 08:30:00+00:00,SOL-USD,15m,95.5999984741211,95.81999969482422,95.55999755859375,95.80000305175781,0,0,yfinance,2026-07-10T06:58:01.269533+00:00
2026-05-12 08:45:00+00:00,SOL-USD,15m,95.79000091552734,95.86000061035156,95.54000091552734,95.62999725341797,9256960,9256960,yfinance,2026-07-10T06:58:01.269533+00:00
2026-05-12 09:00:00+00:00,SOL-USD,15m,95.61000061035156,95.70999908447266,95.33999633789062,95.36000061035156,0,0,yfinance,2026-07-10T06:58:01.269533+00:00
2026-05-12 09:15:00+00:00,SOL-USD,15m,95.36000061035156,95.55999755859375,95.29000091552734,95.48999786376953,68384768,68384768,yfinance,2026-07-10T06:58:01.269533+00:00
2026-05-12 09:30:00+00:00,SOL-USD,15m,95.48999786376953,96.0199966430664,95.48999786376953,95.94000244140625,31784960,31784960,yfinance,2026-07-10T06:58:01.269533+00:00
2026-05-12 09:45:00+00:00,SOL-USD,15m,95.94999694824219,96.01000213623047,95.69000244140625,95.76000213623047,6049792,6049792,yfinance,2026-07-10T06:58:01.269533+00:00
2026-05-12 10:00:00+00:00,SOL-USD,15m,95.73999786376953,95.94999694824219,95.66000366210938,95.66000366210938,15444480,15444480,yfinance,2026-07-10T06:58:01.269533+00:00
2026-05-12 10:15:00+00:00,SOL-USD,15m,95.66000366210938,95.66000366210938,95.2699966430664,95.4000015258789,6458368,6458368,yfinance,2026-07-10T06:58:01.269533+00:00
2026-05-12 10:30:00+00:00,SOL-USD,15m,95.41000366210938,95.44999694824219,95.01000213623047,95.12000274658203,3745792,3745792,yfinance,2026-07-10T06:58:01.269533+00:00
2026-05-12 10:45:00+00:00,SOL-USD,15m,95.12000274658203,95.1500015258789,94.83999633789062,94.95999908447266,21359616,21359616,yfinance,2026-07-10T06:58:01.269533+00:00
2026-05-12 11:00:00+00:00,SOL-USD,15m,94.9800033569336,94.98999786376953,94.6500015258789,94.7699966430664,7023104,7023104,yfinance,2026-07-10T06:58:01.269533+00:00
2026-05-12 11:15:00+00:00,SOL-USD,15m,94.76000213623047,94.7699966430664,94.58999633789062,94.72000122070312,13885440,13885440,yfinance,2026-07-10T06:58:01.269533+00:00
2026-05-12 11:30:00+00:00,SOL-USD,15m,94.72000122070312,94.88999938964844,94.69000244140625,94.88999938964844,7137792,7137792,yfinance,2026-07-10T06:58:01.269533+00:00
2026-05-12 11:45:00+00:00,SOL-USD,15m,94.88999938964844,94.9800033569336,94.77999877929688,94.94999694824219,5656576,5656576,yfinance,2026-07-10T06:58:01.269533+00:00
2026-05-12 12:00:00+00:00,SOL-USD,15m,94.93000030517578,95.08999633789062,94.7300033569336,95.08000183105469,0,0,yfinance,2026-07-10T06:58:01.269533+00:00
2026-05-12 12:15:00+00:00,SOL-USD,15m,95.06999969482422,95.16999816894531,94.76000213623047,94.83999633789062,8284160,8284160,yfinance,2026-07-10T06:58:01.269533+00:00
2026-05-12 12:30:00+00:00,SOL-USD,15m,95.0,95.48999786376953,94.37999725341797,95.29000091552734,62172160,62172160,yfinance,2026-07-10T06:58:01.269533+00:00
2026-05-12 12:45:00+00:00,SOL-USD,15m,95.2699966430664,95.4000015258789,95.16000366210938,95.19000244140625,31793664,31793664,yfinance,2026-07-10T06:58:01.269533+00:00
2026-05-12 13:00:00+00:00,SOL-USD,15m,95.22000122070312,95.3499984741211,94.98999786376953,94.98999786376953,10225664,10225664,yfinance,2026-07-10T06:58:01.269533+00:00
2026-05-12 13:15:00+00:00,SOL-USD,15m,94.9800033569336,95.0999984741211,94.77999877929688,94.91999816894531,5414400,5414400,yfinance,2026-07-10T06:58:01.269533+00:00
2026-05-12 13:30:00+00:00,SOL-USD,15m,94.9800033569336,95.16999816894531,94.6500015258789,95.11000061035156,0,0,yfinance,2026-07-10T06:58:01.269533+00:00
2026-05-12 13:45:00+00:00,SOL-USD,15m,95.13999938964844,95.3499984741211,94.55999755859375,94.66000366210938,0,0,yfinance,2026-07-10T06:58:01.269533+00:00
2026-05-12 14:00:00+00:00,SOL-USD,15m,94.63999938964844,95.05000305175781,94.56999969482422,95.0199966430664,3990016,3990016,yfinance,2026-07-10T06:58:01.269533+00:00
2026-05-12 14:15:00+00:00,SOL-USD,15m,95.04000091552734,95.19999694824219,94.5999984741211,94.79000091552734,2152448,2152448,yfinance,2026-07-10T06:58:01.269533+00:00
2026-05-12 14:30:00+00:00,SOL-USD,15m,94.7699966430664,95.0999984741211,94.37000274658203,94.91000366210938,9734656,9734656,yfinance,2026-07-10T06:58:01.269533+00:00
2026-05-12 14:45:00+00:00,SOL-USD,15m,94.87000274658203,94.87999725341797,94.4000015258789,94.5199966430664,1961984,1961984,yfinance,2026-07-10T06:58:01.269533+00:00
2026-05-12 15:00:00+00:00,SOL-USD,15m,94.51000213623047,94.76000213623047,94.3499984741211,94.56999969482422,474624,474624,yfinance,2026-07-10T06:58:01.269533+00:00
2026-05-12 15:15:00+00:00,SOL-USD,15m,94.58000183105469,94.58000183105469,93.58999633789062,93.80000305175781,25096192,25096192,yfinance,2026-07-10T06:58:01.269533+00:00
2026-05-12 15:30:00+00:00,SOL-USD,15m,93.86000061035156,94.20999908447266,93.77999877929688,94.0999984741211,4389376,4389376,yfinance,2026-07-10T06:58:01.269533+00:00
2026-05-12 15:45:00+00:00,SOL-USD,15m,94.12999725341797,94.19999694824219,93.81999969482422,93.81999969482422,12772864,12772864,yfinance,2026-07-10T06:58:01.269533+00:00
2026-05-12 16:00:00+00:00,SOL-USD,15m,93.80000305175781,94.16000366210938,93.6500015258789,94.05999755859375,0,0,yfinance,2026-07-10T06:58:01.269533+00:00
2026-05-12 16:15:00+00:00,SOL-USD,15m,94.0199966430664,94.2699966430664,93.94000244140625,94.12000274658203,0,0,yfinance,2026-07-10T06:58:01.269533+00:00
2026-05-12 16:30:00+00:00,SOL-USD,15m,94.13999938964844,94.16999816894531,93.87999725341797,94.02999877929688,0,0,yfinance,2026-07-10T06:58:01.269533+00:00
2026-05-12 16:45:00+00:00,SOL-USD,15m,94.04000091552734,94.06999969482422,93.58000183105469,93.80000305175781,6801408,6801408,yfinance,2026-07-10T06:58:01.269533+00:00
2026-05-12 17:00:00+00:00,SOL-USD,15m,93.81999969482422,94.19000244140625,93.79000091552734,94.19000244140625,0,0,yfinance,2026-07-10T06:58:01.269533+00:00
2026-05-12 17:15:00+00:00,SOL-USD,15m,94.20999908447266,94.5199966430664,94.20999908447266,94.41000366210938,16891904,16891904,yfinance,2026-07-10T06:58:01.269533+00:00
2026-05-12 17:30:00+00:00,SOL-USD,15m,94.41999816894531,94.62999725341797,94.41999816894531,94.61000061035156,9254400,9254400,yfinance,2026-07-10T06:58:01.269533+00:00
2026-05-12 17:45:00+00:00,SOL-USD,15m,94.62999725341797,94.63999938964844,94.44999694824219,94.48999786376953,151552,151552,yfinance,2026-07-10T06:58:01.269533+00:00
2026-05-12 18:00:00+00:00,SOL-USD,15m,94.4800033569336,94.55999755859375,94.31999969482422,94.4000015258789,0,0,yfinance,2026-07-10T06:58:01.269533+00:00
2026-05-12 18:15:00+00:00,SOL-USD,15m,94.41999816894531,94.55000305175781,94.33999633789062,94.38999938964844,0,0,yfinance,2026-07-10T06:58:01.269533+00:00
2026-05-12 18:30:00+00:00,SOL-USD,15m,94.37999725341797,94.62000274658203,94.37999725341797,94.58000183105469,0,0,yfinance,2026-07-10T06:58:01.269533+00:00
2026-05-12 18:45:00+00:00,SOL-USD,15m,94.58000183105469,94.76000213623047,94.45999908447266,94.52999877929688,29594112,29594112,yfinance,2026-07-10T06:58:01.269533+00:00
2026-05-12 19:00:00+00:00,SOL-USD,15m,94.55000305175781,94.95999908447266,94.55000305175781,94.9000015258789,6168576,6168576,yfinance,2026-07-10T06:58:01.269533+00:00
2026-05-12 19:15:00+00:00,SOL-USD,15m,94.9000015258789,94.91999816894531,94.54000091552734,94.55000305175781,5521920,5521920,yfinance,2026-07-10T06:58:01.269533+00:00
2026-05-12 19:30:00+00:00,SOL-USD,15m,94.55000305175781,94.80999755859375,94.55000305175781,94.68000030517578,2114560,2114560,yfinance,2026-07-10T06:58:01.269533+00:00
2026-05-12 19:45:00+00:00,SOL-USD,15m,94.68000030517578,94.93000030517578,94.6500015258789,94.88999938964844,0,0,yfinance,2026-07-10T06:58:01.269533+00:00
2026-05-12 20:00:00+00:00,SOL-USD,15m,94.9000015258789,94.97000122070312,94.77999877929688,94.87999725341797,0,0,yfinance,2026-07-10T06:58:01.269533+00:00
2026-05-12 20:15:00+00:00,SOL-USD,15m,94.88999938964844,94.94999694824219,94.83000183105469,94.93000030517578,0,0,yfinance,2026-07-10T06:58:01.269533+00:00
2026-05-12 20:30:00+00:00,SOL-USD,15m,94.91999816894531,94.93000030517578,94.63999938964844,94.72000122070312,0,0,yfinance,2026-07-10T06:58:01.269533+00:00
2026-05-12 20:45:00+00:00,SOL-USD,15m,94.72000122070312,94.79000091552734,94.5999984741211,94.7300033569336,2266112,2266112,yfinance,2026-07-10T06:58:01.269533+00:00
2026-05-12 21:00:00+00:00,SOL-USD,15m,94.73999786376953,94.83000183105469,94.69000244140625,94.73999786376953,0,0,yfinance,2026-07-10T06:58:01.269533+00:00
2026-05-12 21:15:00+00:00,SOL-USD,15m,94.7300033569336,94.79000091552734,94.66999816894531,94.70999908447266,0,0,yfinance,2026-07-10T06:58:01.269533+00:00
2026-05-12 21:30:00+00:00,SOL-USD,15m,94.7300033569336,94.76000213623047,94.56999969482422,94.68000030517578,0,0,yfinance,2026-07-10T06:58:01.269533+00:00
2026-05-12 21:45:00+00:00,SOL-USD,15m,94.68000030517578,94.69999694824219,94.51000213623047,94.6500015258789,0,0,yfinance,2026-07-10T06:58:01.269533+00:00
2026-05-12 22:00:00+00:00,SOL-USD,15m,94.66999816894531,95.0,94.66999816894531,94.70999908447266,5482240,5482240,yfinance,2026-07-10T06:58:01.269533+00:00
2026-05-12 22:15:00+00:00,SOL-USD,15m,94.7300033569336,94.8499984741211,94.69999694824219,94.7300033569336,438528,438528,yfinance,2026-07-10T06:58:01.269533+00:00
2026-05-12 22:30:00+00:00,SOL-USD,15m,94.72000122070312,94.79000091552734,94.61000061035156,94.70999908447266,0,0,yfinance,2026-07-10T06:58:01.269533+00:00
2026-05-12 22:45:00+00:00,SOL-USD,15m,94.70999908447266,94.76000213623047,94.63999938964844,94.6500015258789,0,0,yfinance,2026-07-10T06:58:01.269533+00:00
2026-05-12 23:00:00+00:00,SOL-USD,15m,94.63999938964844,94.73999786376953,94.48999786376953,94.55000305175781,0,0,yfinance,2026-07-10T06:58:01.269533+00:00
2026-05-12 23:15:00+00:00,SOL-USD,15m,94.52999877929688,94.69000244140625,94.52999877929688,94.6500015258789,0,0,yfinance,2026-07-10T06:58:01.269533+00:00
2026-05-12 23:30:00+00:00,SOL-USD,15m,94.63999938964844,94.6500015258789,94.37999725341797,94.38999938964844,0,0,yfinance,2026-07-10T06:58:01.269533+00:00
2026-05-12 23:45:00+00:00,SOL-USD,15m,94.37000274658203,94.41000366210938,94.25,94.2699966430664,5792768,5792768,yfinance,2026-07-10T06:58:01.269533+00:00
2026-05-13 00:00:00+00:00,SOL-USD,15m,94.26000213623047,94.30000305175781,94.04000091552734,94.13999938964844,1395712,1395712,yfinance,2026-07-10T06:58:01.269533+00:00
2026-05-13 00:15:00+00:00,SOL-USD,15m,94.13999938964844,94.52999877929688,94.13999938964844,94.33999633789062,9854464,9854464,yfinance,2026-07-10T06:58:01.269533+00:00
2026-05-13 00:30:00+00:00,SOL-USD,15m,94.3499984741211,94.62000274658203,94.31999969482422,94.54000091552734,2760960,2760960,yfinance,2026-07-10T06:58:01.269533+00:00
2026-05-13 00:45:00+00:00,SOL-USD,15m,94.55000305175781,94.55000305175781,94.30999755859375,94.45999908447266,126976,126976,yfinance,2026-07-10T06:58:01.269533+00:00
2026-05-13 01:00:00+00:00,SOL-USD,15m,94.44999694824219,95.0999984741211,94.44000244140625,94.9800033569336,6414336,6414336,yfinance,2026-07-10T06:58:01.269533+00:00
2026-05-13 01:15:00+00:00,SOL-USD,15m,95.0,95.33999633789062,94.9000015258789,95.23999786376953,9664512,9664512,yfinance,2026-07-10T06:58:01.269533+00:00
2026-05-13 01:30:00+00:00,SOL-USD,15m,95.27999877929688,95.43000030517578,95.16000366210938,95.23999786376953,901376,901376,yfinance,2026-07-10T06:58:01.269533+00:00
2026-05-13 01:45:00+00:00,SOL-USD,15m,95.29000091552734,95.33000183105469,95.08999633789062,95.16000366210938,0,0,yfinance,2026-07-10T06:58:01.269533+00:00
2026-05-13 02:00:00+00:00,SOL-USD,15m,95.18000030517578,95.29000091552734,95.0,95.19000244140625,0,0,yfinance,2026-07-10T06:58:01.269533+00:00
2026-05-13 02:15:00+00:00,SOL-USD,15m,95.18000030517578,95.51000213623047,95.05999755859375,95.29000091552734,2093056,2093056,yfinance,2026-07-10T06:58:01.269533+00:00
2026-05-13 02:30:00+00:00,SOL-USD,15m,95.31999969482422,95.33999633789062,95.16000366210938,95.26000213623047,0,0,yfinance,2026-07-10T06:58:01.269533+00:00
2026-05-13 02:45:00+00:00,SOL-USD,15m,95.2699966430664,95.30000305175781,95.12999725341797,95.2300033569336,0,0,yfinance,2026-07-10T06:58:01.269533+00:00
2026-05-13 03:00:00+00:00,SOL-USD,15m,95.19000244140625,95.25,95.05999755859375,95.05999755859375,0,0,yfinance,2026-07-10T06:58:01.269533+00:00
2026-05-13 03:15:00+00:00,SOL-USD,15m,95.05999755859375,95.2699966430664,95.05999755859375,95.25,1344768,1344768,yfinance,2026-07-10T06:58:01.269533+00:00
2026-05-13 03:30:00+00:00,SOL-USD,15m,95.23999786376953,95.47000122070312,95.22000122070312,95.44999694824219,4460544,4460544,yfinance,2026-07-10T06:58:01.269533+00:00
2026-05-13 03:45:00+00:00,SOL-USD,15m,95.44999694824219,95.54000091552734,95.4000015258789,95.54000091552734,9844224,9844224,yfinance,2026-07-10T06:58:01.269533+00:00
2026-05-13 04:00:00+00:00,SOL-USD,15m,95.55000305175781,95.66000366210938,95.44999694824219,95.55000305175781,9623296,9623296,yfinance,2026-07-10T06:58:01.269533+00:00
2026-05-13 04:15:00+00:00,SOL-USD,15m,95.55999755859375,95.80000305175781,95.47000122070312,95.69999694824219,7413248,7413248,yfinance,2026-07-10T06:58:01.269533+00:00
2026-05-13 04:30:00+00:00,SOL-USD,15m,95.83999633789062,95.95999908447266,95.51000213623047,95.55000305175781,31382016,31382016,yfinance,2026-07-10T06:58:01.269533+00:00
2026-05-13 04:45:00+00:00,SOL-USD,15m,95.54000091552734,95.5999984741211,95.41000366210938,95.45999908447266,2733824,2733824,yfinance,2026-07-10T06:58:01.269533+00:00
2026-05-13 05:00:00+00:00,SOL-USD,15m,95.47000122070312,95.48999786376953,95.2699966430664,95.37000274658203,1627136,1627136,yfinance,2026-07-10T06:58:01.269533+00:00
2026-05-13 05:15:00+00:00,SOL-USD,15m,95.36000061035156,95.47000122070312,95.05999755859375,95.41000366210938,21371392,21371392,yfinance,2026-07-10T06:58:01.269533+00:00
2026-05-13 05:30:00+00:00,SOL-USD,15m,95.41000366210938,95.43000030517578,95.1500015258789,95.19999694824219,3714816,3714816,yfinance,2026-07-10T06:58:01.269533+00:00
2026-05-13 05:45:00+00:00,SOL-USD,15m,95.19999694824219,95.33999633789062,95.12000274658203,95.2300033569336,897024,897024,yfinance,2026-07-10T06:58:01.269533+00:00
2026-05-13 06:00:00+00:00,SOL-USD,15m,95.2300033569336,95.55999755859375,95.13999938964844,95.55000305175781,5210880,5210880,yfinance,2026-07-10T06:58:01.269533+00:00
2026-05-13 06:15:00+00:00,SOL-USD,15m,95.55000305175781,95.66999816894531,95.13999938964844,95.25,24494848,24494848,yfinance,2026-07-10T06:58:01.269533+00:00
2026-05-13 06:30:00+00:00,SOL-USD,15m,95.25,95.29000091552734,95.13999938964844,95.23999786376953,2854400,2854400,yfinance,2026-07-10T06:58:01.269533+00:00
2026-05-13 06:45:00+00:00,SOL-USD,15m,95.20999908447266,95.2699966430664,95.0999984741211,95.11000061035156,0,0,yfinance,2026-07-10T06:58:01.269533+00:00
2026-05-13 07:00:00+00:00,SOL-USD,15m,95.0999984741211,95.20999908447266,95.0999984741211,95.19999694824219,0,0,yfinance,2026-07-10T06:58:01.269533+00:00
2026-05-13 07:15:00+00:00,SOL-USD,15m,95.20999908447266,95.29000091552734,94.88999938964844,94.94999694824219,3472128,3472128,yfinance,2026-07-10T06:58:01.269533+00:00
2026-05-13 07:30:00+00:00,SOL-USD,15m,94.94999694824219,95.19000244140625,94.86000061035156,95.16999816894531,4912128,4912128,yfinance,2026-07-10T06:58:01.269533+00:00
2026-05-13 07:45:00+00:00,SOL-USD,15m,95.19000244140625,95.20999908447266,94.98999786376953,95.12000274658203,0,0,yfinance,2026-07-10T06:58:01.269533+00:00
2026-05-13 08:00:00+00:00,SOL-USD,15m,95.12000274658203,95.25,95.08999633789062,95.12999725341797,0,0,yfinance,2026-07-10T06:58:01.269533+00:00
2026-05-13 08:15:00+00:00,SOL-USD,15m,95.13999938964844,95.2699966430664,95.11000061035156,95.13999938964844,0,0,yfinance,2026-07-10T06:58:01.269533+00:00
2026-05-13 08:30:00+00:00,SOL-USD,15m,95.12999725341797,95.72000122070312,94.98999786376953,95.69999694824219,2999296,2999296,yfinance,2026-07-10T06:58:01.269533+00:00
2026-05-13 08:45:00+00:00,SOL-USD,15m,95.69000244140625,95.7300033569336,95.4800033569336,95.54000091552734,6725632,6725632,yfinance,2026-07-10T06:58:01.269533+00:00
2026-05-13 09:00:00+00:00,SOL-USD,15m,95.55000305175781,95.80999755859375,95.54000091552734,95.66000366210938,4833024,4833024,yfinance,2026-07-10T06:58:01.269533+00:00
2026-05-13 09:15:00+00:00,SOL-USD,15m,95.68000030517578,95.76000213623047,95.61000061035156,95.69999694824219,0,0,yfinance,2026-07-10T06:58:01.269533+00:00
2026-05-13 09:30:00+00:00,SOL-USD,15m,95.70999908447266,95.8499984741211,95.66000366210938,95.69999694824219,0,0,yfinance,2026-07-10T06:58:01.269533+00:00
2026-05-13 09:45:00+00:00,SOL-USD,15m,95.69000244140625,95.79000091552734,95.62999725341797,95.69000244140625,2088704,2088704,yfinance,2026-07-10T06:58:01.269533+00:00
2026-05-13 10:00:00+00:00,SOL-USD,15m,95.69000244140625,95.73999786376953,95.30999755859375,95.33000183105469,152064,152064,yfinance,2026-07-10T06:58:01.269533+00:00
2026-05-13 10:15:00+00:00,SOL-USD,15m,95.33000183105469,95.41999816894531,95.0999984741211,95.12000274658203,0,0,yfinance,2026-07-10T06:58:01.269533+00:00
2026-05-13 10:30:00+00:00,SOL-USD,15m,95.08999633789062,95.1500015258789,94.75,94.80999755859375,0,0,yfinance,2026-07-10T06:58:01.269533+00:00
2026-05-13 10:45:00+00:00,SOL-USD,15m,94.81999969482422,94.91999816894531,94.70999908447266,94.76000213623047,0,0,yfinance,2026-07-10T06:58:01.269533+00:00
2026-05-13 11:00:00+00:00,SOL-USD,15m,94.73999786376953,94.80000305175781,94.2699966430664,94.3499984741211,9035264,9035264,yfinance,2026-07-10T06:58:01.269533+00:00
2026-05-13 11:15:00+00:00,SOL-USD,15m,94.33000183105469,94.55000305175781,94.23999786376953,94.3499984741211,24327680,24327680,yfinance,2026-07-10T06:58:01.269533+00:00
2026-05-13 11:30:00+00:00,SOL-USD,15m,94.33999633789062,94.61000061035156,94.33999633789062,94.61000061035156,6253568,6253568,yfinance,2026-07-10T06:58:01.269533+00:00
2026-05-13 11:45:00+00:00,SOL-USD,15m,94.58000183105469,94.62999725341797,94.2300033569336,94.30000305175781,2590976,2590976,yfinance,2026-07-10T06:58:01.269533+00:00
2026-05-13 12:00:00+00:00,SOL-USD,15m,94.30000305175781,94.58000183105469,94.29000091552734,94.48999786376953,5060864,5060864,yfinance,2026-07-10T06:58:01.269533+00:00
2026-05-13 12:15:00+00:00,SOL-USD,15m,94.52999877929688,94.5999984741211,93.9800033569336,94.12999725341797,8383488,8383488,yfinance,2026-07-10T06:58:01.269533+00:00
2026-05-13 12:30:00+00:00,SOL-USD,15m,94.16000366210938,94.16000366210938,92.31999969482422,92.98999786376953,105999872,105999872,yfinance,2026-07-10T06:58:01.269533+00:00
2026-05-13 12:45:00+00:00,SOL-USD,15m,92.97000122070312,93.22000122070312,92.95999908447266,93.1500015258789,70311424,70311424,yfinance,2026-07-10T06:58:01.269533+00:00
2026-05-13 13:00:00+00:00,SOL-USD,15m,93.18000030517578,93.41999816894531,93.1500015258789,93.33999633789062,29726720,29726720,yfinance,2026-07-10T06:58:01.269533+00:00
2026-05-13 13:15:00+00:00,SOL-USD,15m,93.33000183105469,93.41000366210938,93.18000030517578,93.23999786376953,3155456,3155456,yfinance,2026-07-10T06:58:01.269533+00:00
2026-05-13 13:30:00+00:00,SOL-USD,15m,93.20999908447266,93.31999969482422,92.7300033569336,92.8499984741211,13615360,13615360,yfinance,2026-07-10T06:58:01.269533+00:00
2026-05-13 13:45:00+00:00,SOL-USD,15m,92.8499984741211,92.8499984741211,91.93000030517578,92.26000213623047,85692160,85692160,yfinance,2026-07-10T06:58:01.269533+00:00
2026-05-13 14:00:00+00:00,SOL-USD,15m,92.1500015258789,92.1500015258789,91.41000366210938,92.0,92201472,92201472,yfinance,2026-07-10T06:58:01.269533+00:00
2026-05-13 14:15:00+00:00,SOL-USD,15m,91.97000122070312,92.29000091552734,91.86000061035156,92.19000244140625,32322304,32322304,yfinance,2026-07-10T06:58:01.269533+00:00
2026-05-13 14:30:00+00:00,SOL-USD,15m,92.18000030517578,92.23999786376953,91.7699966430664,91.7699966430664,2952960,2952960,yfinance,2026-07-10T06:58:01.269533+00:00
2026-05-13 14:45:00+00:00,SOL-USD,15m,91.80999755859375,91.8499984741211,91.63999938964844,91.73999786376953,2796032,2796032,yfinance,2026-07-10T06:58:01.269533+00:00
2026-05-13 15:00:00+00:00,SOL-USD,15m,91.75,91.88999938964844,90.95999908447266,90.98999786376953,39262208,39262208,yfinance,2026-07-10T06:58:01.269533+00:00
2026-05-13 15:15:00+00:00,SOL-USD,15m,90.97000122070312,91.23999786376953,90.70999908447266,90.81999969482422,25297920,25297920,yfinance,2026-07-10T06:58:01.269533+00:00
2026-05-13 15:30:00+00:00,SOL-USD,15m,90.77999877929688,90.98999786376953,90.70999908447266,90.79000091552734,1373184,1373184,yfinance,2026-07-10T06:58:01.269533+00:00
2026-05-13 15:45:00+00:00,SOL-USD,15m,90.79000091552734,90.8499984741211,90.2300033569336,90.38999938964844,1103616,1103616,yfinance,2026-07-10T06:58:01.269533+00:00
2026-05-13 16:00:00+00:00,SOL-USD,15m,90.37999725341797,90.97000122070312,90.37999725341797,90.68000030517578,23418880,23418880,yfinance,2026-07-10T06:58:01.269533+00:00
2026-05-13 16:15:00+00:00,SOL-USD,15m,90.66999816894531,90.95999908447266,90.5,90.91000366210938,23254016,23254016,yfinance,2026-07-10T06:58:01.269533+00:00
2026-05-13 16:30:00+00:00,SOL-USD,15m,90.91000366210938,91.0999984741211,90.80000305175781,90.94000244140625,33665536,33665536,yfinance,2026-07-10T06:58:01.269533+00:00
2026-05-13 16:45:00+00:00,SOL-USD,15m,90.94999694824219,91.22000122070312,90.81999969482422,90.81999969482422,3560960,3560960,yfinance,2026-07-10T06:58:01.269533+00:00
2026-05-13 17:00:00+00:00,SOL-USD,15m,90.86000061035156,91.0999984741211,90.80000305175781,90.9800033569336,30063616,30063616,yfinance,2026-07-10T06:58:01.269533+00:00
2026-05-13 17:15:00+00:00,SOL-USD,15m,90.9800033569336,91.04000091552734,90.72000122070312,90.93000030517578,18003968,18003968,yfinance,2026-07-10T06:58:01.269533+00:00
2026-05-13 17:30:00+00:00,SOL-USD,15m,90.95999908447266,90.98999786376953,90.68000030517578,90.91000366210938,8947200,8947200,yfinance,2026-07-10T06:58:01.269533+00:00
2026-05-13 17:45:00+00:00,SOL-USD,15m,90.9000015258789,90.97000122070312,90.70999908447266,90.86000061035156,8534528,8534528,yfinance,2026-07-10T06:58:01.269533+00:00
2026-05-13 18:00:00+00:00,SOL-USD,15m,90.8499984741211,91.08999633789062,90.8499984741211,91.04000091552734,15130624,15130624,yfinance,2026-07-10T06:58:01.269533+00:00
2026-05-13 18:15:00+00:00,SOL-USD,15m,91.05000305175781,91.3499984741211,90.98999786376953,91.29000091552734,29551616,29551616,yfinance,2026-07-10T06:58:01.269533+00:00
2026-05-13 18:30:00+00:00,SOL-USD,15m,91.30000305175781,91.4000015258789,90.9800033569336,90.98999786376953,11751424,11751424,yfinance,2026-07-10T06:58:01.269533+00:00
2026-05-13 18:45:00+00:00,SOL-USD,15m,90.98999786376953,91.05000305175781,90.73999786376953,90.9000015258789,801280,801280,yfinance,2026-07-10T06:58:01.269533+00:00
2026-05-13 19:00:00+00:00,SOL-USD,15m,90.9000015258789,90.91999816894531,90.58000183105469,90.61000061035156,0,0,yfinance,2026-07-10T06:58:01.269533+00:00
2026-05-13 19:15:00+00:00,SOL-USD,15m,90.5999984741211,90.68000030517578,90.44999694824219,90.62000274658203,7113728,7113728,yfinance,2026-07-10T06:58:01.269533+00:00
2026-05-13 19:30:00+00:00,SOL-USD,15m,90.6500015258789,90.91999816894531,90.6500015258789,90.87000274658203,8562176,8562176,yfinance,2026-07-10T06:58:01.269533+00:00
2026-05-13 19:45:00+00:00,SOL-USD,15m,90.9000015258789,90.98999786376953,90.77999877929688,90.9000015258789,6152192,6152192,yfinance,2026-07-10T06:58:01.269533+00:00
2026-05-13 20:00:00+00:00,SOL-USD,15m,90.93000030517578,91.1500015258789,90.91999816894531,91.05999755859375,2139648,2139648,yfinance,2026-07-10T06:58:01.269533+00:00
2026-05-13 20:15:00+00:00,SOL-USD,15m,91.08999633789062,91.27999877929688,91.05000305175781,91.11000061035156,13980160,13980160,yfinance,2026-07-10T06:58:01.269533+00:00
2026-05-13 20:30:00+00:00,SOL-USD,15m,91.11000061035156,91.31999969482422,91.0999984741211,91.0999984741211,3451904,3451904,yfinance,2026-07-10T06:58:01.269533+00:00
2026-05-13 20:45:00+00:00,SOL-USD,15m,91.12000274658203,91.22000122070312,91.05999755859375,91.22000122070312,7073792,7073792,yfinance,2026-07-10T06:58:01.269533+00:00
2026-05-13 21:00:00+00:00,SOL-USD,15m,91.23999786376953,91.23999786376953,90.73999786376953,90.91999816894531,9979904,9979904,yfinance,2026-07-10T06:58:01.269533+00:00
2026-05-13 21:15:00+00:00,SOL-USD,15m,90.9000015258789,90.95999908447266,90.80000305175781,90.87999725341797,16704512,16704512,yfinance,2026-07-10T06:58:01.269533+00:00
2026-05-13 21:30:00+00:00,SOL-USD,15m,90.88999938964844,90.94000244140625,90.81999969482422,90.87000274658203,5132800,5132800,yfinance,2026-07-10T06:58:01.269533+00:00
2026-05-13 21:45:00+00:00,SOL-USD,15m,90.87999725341797,90.98999786376953,90.75,90.87999725341797,10577920,10577920,yfinance,2026-07-10T06:58:01.269533+00:00
2026-05-13 22:00:00+00:00,SOL-USD,15m,90.91000366210938,90.95999908447266,90.62000274658203,90.93000030517578,7760896,7760896,yfinance,2026-07-10T06:58:01.269533+00:00
2026-05-13 22:15:00+00:00,SOL-USD,15m,90.93000030517578,91.12000274658203,90.80999755859375,91.0999984741211,9117184,9117184,yfinance,2026-07-10T06:58:01.269533+00:00
2026-05-13 22:30:00+00:00,SOL-USD,15m,91.08999633789062,91.1500015258789,90.97000122070312,91.05999755859375,10792448,10792448,yfinance,2026-07-10T06:58:01.269533+00:00
2026-05-13 22:45:00+00:00,SOL-USD,15m,91.05999755859375,91.20999908447266,91.05999755859375,91.13999938964844,13925376,13925376,yfinance,2026-07-10T06:58:01.269533+00:00
2026-05-13 23:00:00+00:00,SOL-USD,15m,91.13999938964844,91.29000091552734,91.05000305175781,91.2300033569336,8049152,8049152,yfinance,2026-07-10T06:58:01.269533+00:00
2026-05-13 23:15:00+00:00,SOL-USD,15m,91.22000122070312,91.29000091552734,91.08999633789062,91.19999694824219,3604992,3604992,yfinance,2026-07-10T06:58:01.269533+00:00
2026-05-13 23:30:00+00:00,SOL-USD,15m,91.18000030517578,91.23999786376953,91.0199966430664,91.12999725341797,5991936,5991936,yfinance,2026-07-10T06:58:01.269533+00:00
2026-05-13 23:45:00+00:00,SOL-USD,15m,91.11000061035156,91.16000366210938,91.02999877929688,91.13999938964844,306176,306176,yfinance,2026-07-10T06:58:01.269533+00:00
2026-05-14 00:00:00+00:00,SOL-USD,15m,91.1500015258789,91.37999725341797,91.13999938964844,91.33000183105469,10222080,10222080,yfinance,2026-07-10T06:58:01.269533+00:00
2026-05-14 00:15:00+00:00,SOL-USD,15m,91.31999969482422,91.37999725341797,91.05000305175781,91.12999725341797,4425216,4425216,yfinance,2026-07-10T06:58:01.269533+00:00
2026-05-14 00:30:00+00:00,SOL-USD,15m,91.16000366210938,91.27999877929688,91.11000061035156,91.18000030517578,8648704,8648704,yfinance,2026-07-10T06:58:01.269533+00:00
2026-05-14 00:45:00+00:00,SOL-USD,15m,91.19000244140625,91.26000213623047,91.13999938964844,91.18000030517578,3346432,3346432,yfinance,2026-07-10T06:58:01.269533+00:00
2026-05-14 01:00:00+00:00,SOL-USD,15m,91.12999725341797,91.30999755859375,91.06999969482422,91.13999938964844,3165184,3165184,yfinance,2026-07-10T06:58:01.269533+00:00
2026-05-14 01:15:00+00:00,SOL-USD,15m,91.12000274658203,91.2300033569336,90.97000122070312,91.08000183105469,0,0,yfinance,2026-07-10T06:58:01.269533+00:00
2026-05-14 01:30:00+00:00,SOL-USD,15m,91.06999969482422,91.16000366210938,90.95999908447266,91.08000183105469,0,0,yfinance,2026-07-10T06:58:01.269533+00:00
2026-05-14 01:45:00+00:00,SOL-USD,15m,91.0999984741211,91.2300033569336,90.9800033569336,91.11000061035156,3848192,3848192,yfinance,2026-07-10T06:58:01.269533+00:00
2026-05-14 02:00:00+00:00,SOL-USD,15m,91.0999984741211,91.2300033569336,91.05000305175781,91.06999969482422,1384448,1384448,yfinance,2026-07-10T06:58:01.269533+00:00
2026-05-14 02:15:00+00:00,SOL-USD,15m,91.05000305175781,91.19000244140625,90.98999786376953,91.16000366210938,1529344,1529344,yfinance,2026-07-10T06:58:01.269533+00:00
2026-05-14 02:30:00+00:00,SOL-USD,15m,91.11000061035156,91.11000061035156,90.9000015258789,91.02999877929688,416256,416256,yfinance,2026-07-10T06:58:01.269533+00:00
2026-05-14 02:45:00+00:00,SOL-USD,15m,91.0199966430664,91.02999877929688,90.44000244140625,90.54000091552734,15943680,15943680,yfinance,2026-07-10T06:58:01.269533+00:00
2026-05-14 03:00:00+00:00,SOL-USD,15m,90.55000305175781,90.75,90.11000061035156,90.47000122070312,25739776,25739776,yfinance,2026-07-10T06:58:01.269533+00:00
2026-05-14 03:15:00+00:00,SOL-USD,15m,90.4800033569336,90.55000305175781,90.0,90.5199966430664,34350080,34350080,yfinance,2026-07-10T06:58:01.269533+00:00
2026-05-14 03:30:00+00:00,SOL-USD,15m,90.5199966430664,90.55999755859375,90.18000030517578,90.27999877929688,26378240,26378240,yfinance,2026-07-10T06:58:01.269533+00:00
2026-05-14 03:45:00+00:00,SOL-USD,15m,90.26000213623047,90.27999877929688,89.80999755859375,89.9000015258789,10378240,10378240,yfinance,2026-07-10T06:58:01.269533+00:00
2026-05-14 04:00:00+00:00,SOL-USD,15m,89.91999816894531,90.2300033569336,89.83000183105469,90.18000030517578,36016640,36016640,yfinance,2026-07-10T06:58:01.269533+00:00
2026-05-14 04:15:00+00:00,SOL-USD,15m,90.22000122070312,90.3499984741211,90.11000061035156,90.29000091552734,4321280,4321280,yfinance,2026-07-10T06:58:01.269533+00:00
2026-05-14 04:30:00+00:00,SOL-USD,15m,90.27999877929688,90.41999816894531,90.2300033569336,90.37999725341797,0,0,yfinance,2026-07-10T06:58:01.269533+00:00
2026-05-14 04:45:00+00:00,SOL-USD,15m,90.37999725341797,90.58000183105469,90.29000091552734,90.45999908447266,7507968,7507968,yfinance,2026-07-10T06:58:01.269533+00:00
2026-05-14 05:00:00+00:00,SOL-USD,15m,90.41999816894531,90.58999633789062,90.38999938964844,90.48999786376953,190464,190464,yfinance,2026-07-10T06:58:01.269533+00:00
2026-05-14 05:15:00+00:00,SOL-USD,15m,90.48999786376953,90.83999633789062,90.44999694824219,90.81999969482422,0,0,yfinance,2026-07-10T06:58:01.269533+00:00
2026-05-14 05:30:00+00:00,SOL-USD,15m,90.86000061035156,91.16000366210938,90.86000061035156,91.08999633789062,13378048,13378048,yfinance,2026-07-10T06:58:01.269533+00:00
2026-05-14 05:45:00+00:00,SOL-USD,15m,91.11000061035156,91.41999816894531,91.11000061035156,91.25,18024960,18024960,yfinance,2026-07-10T06:58:01.269533+00:00
2026-05-14 06:00:00+00:00,SOL-USD,15m,91.2699966430664,91.41999816894531,91.1500015258789,91.41999816894531,5061632,5061632,yfinance,2026-07-10T06:58:01.269533+00:00
2026-05-14 06:15:00+00:00,SOL-USD,15m,91.43000030517578,91.43000030517578,91.2699966430664,91.31999969482422,2086400,2086400,yfinance,2026-07-10T06:58:01.269533+00:00
2026-05-14 06:30:00+00:00,SOL-USD,15m,91.30000305175781,91.33000183105469,91.12999725341797,91.23999786376953,3528192,3528192,yfinance,2026-07-10T06:58:01.269533+00:00
2026-05-14 06:45:00+00:00,SOL-USD,15m,91.23999786376953,91.38999938964844,91.19000244140625,91.37999725341797,8513536,8513536,yfinance,2026-07-10T06:58:01.269533+00:00
2026-05-14 07:00:00+00:00,SOL-USD,15m,91.33000183105469,91.58000183105469,90.86000061035156,90.9000015258789,71399424,71399424,yfinance,2026-07-10T06:58:01.269533+00:00
2026-05-14 07:15:00+00:00,SOL-USD,15m,90.88999938964844,90.9000015258789,90.70999908447266,90.80000305175781,8059392,8059392,yfinance,2026-07-10T06:58:01.269533+00:00
2026-05-14 07:30:00+00:00,SOL-USD,15m,90.79000091552734,91.12000274658203,90.66000366210938,91.02999877929688,29149184,29149184,yfinance,2026-07-10T06:58:01.269533+00:00
2026-05-14 07:45:00+00:00,SOL-USD,15m,91.0199966430664,91.05000305175781,90.81999969482422,90.8499984741211,12730368,12730368,yfinance,2026-07-10T06:58:01.269533+00:00
2026-05-14 08:00:00+00:00,SOL-USD,15m,90.87000274658203,91.02999877929688,90.6500015258789,91.01000213623047,12494848,12494848,yfinance,2026-07-10T06:58:01.269533+00:00
2026-05-14 08:15:00+00:00,SOL-USD,15m,91.0199966430664,91.06999969482422,90.87999725341797,90.95999908447266,14889472,14889472,yfinance,2026-07-10T06:58:01.269533+00:00
2026-05-14 08:30:00+00:00,SOL-USD,15m,90.94999694824219,91.26000213623047,90.94999694824219,91.12999725341797,10856448,10856448,yfinance,2026-07-10T06:58:01.269533+00:00
2026-05-14 08:45:00+00:00,SOL-USD,15m,91.16000366210938,91.19000244140625,90.97000122070312,91.01000213623047,1851904,1851904,yfinance,2026-07-10T06:58:01.269533+00:00
2026-05-14 09:00:00+00:00,SOL-USD,15m,91.05999755859375,91.11000061035156,90.94999694824219,90.94999694824219,0,0,yfinance,2026-07-10T06:58:01.269533+00:00
2026-05-14 09:15:00+00:00,SOL-USD,15m,90.94000244140625,91.05999755859375,90.77999877929688,90.83999633789062,0,0,yfinance,2026-07-10T06:58:01.269533+00:00
2026-05-14 09:30:00+00:00,SOL-USD,15m,90.81999969482422,90.86000061035156,90.54000091552734,90.66999816894531,0,0,yfinance,2026-07-10T06:58:01.269533+00:00
2026-05-14 09:45:00+00:00,SOL-USD,15m,90.63999938964844,90.87000274658203,90.55000305175781,90.81999969482422,2107392,2107392,yfinance,2026-07-10T06:58:01.269533+00:00
2026-05-14 10:00:00+00:00,SOL-USD,15m,90.81999969482422,91.05999755859375,90.69000244140625,90.9000015258789,0,0,yfinance,2026-07-10T06:58:01.269533+00:00
2026-05-14 10:15:00+00:00,SOL-USD,15m,90.88999938964844,91.08999633789062,90.88999938964844,90.97000122070312,3943424,3943424,yfinance,2026-07-10T06:58:01.269533+00:00
2026-05-14 10:30:00+00:00,SOL-USD,15m,90.9800033569336,91.02999877929688,90.62999725341797,90.73999786376953,0,0,yfinance,2026-07-10T06:58:01.269533+00:00
2026-05-14 10:45:00+00:00,SOL-USD,15m,90.75,91.08999633789062,90.75,91.01000213623047,1787392,1787392,yfinance,2026-07-10T06:58:01.269533+00:00
2026-05-14 11:00:00+00:00,SOL-USD,15m,91.01000213623047,91.06999969482422,90.87000274658203,90.87000274658203,0,0,yfinance,2026-07-10T06:58:01.269533+00:00
2026-05-14 11:15:00+00:00,SOL-USD,15m,90.8499984741211,90.97000122070312,90.68000030517578,90.69999694824219,0,0,yfinance,2026-07-10T06:58:01.269533+00:00
2026-05-14 11:30:00+00:00,SOL-USD,15m,90.72000122070312,90.76000213623047,90.58999633789062,90.63999938964844,814080,814080,yfinance,2026-07-10T06:58:01.269533+00:00
2026-05-14 11:45:00+00:00,SOL-USD,15m,90.6500015258789,90.73999786376953,90.58999633789062,90.61000061035156,0,0,yfinance,2026-07-10T06:58:01.269533+00:00
2026-05-14 12:00:00+00:00,SOL-USD,15m,90.55999755859375,90.91999816894531,90.4800033569336,90.8499984741211,0,0,yfinance,2026-07-10T06:58:01.269533+00:00
2026-05-14 12:15:00+00:00,SOL-USD,15m,90.8499984741211,90.97000122070312,90.70999908447266,90.88999938964844,0,0,yfinance,2026-07-10T06:58:01.269533+00:00
2026-05-14 12:30:00+00:00,SOL-USD,15m,90.86000061035156,91.20999908447266,90.86000061035156,91.08999633789062,0,0,yfinance,2026-07-10T06:58:01.269533+00:00
2026-05-14 12:45:00+00:00,SOL-USD,15m,91.06999969482422,91.26000213623047,91.06999969482422,91.18000030517578,0,0,yfinance,2026-07-10T06:58:01.269533+00:00
2026-05-14 13:00:00+00:00,SOL-USD,15m,91.18000030517578,91.37000274658203,91.08999633789062,91.33999633789062,0,0,yfinance,2026-07-10T06:58:01.269533+00:00
2026-05-14 13:15:00+00:00,SOL-USD,15m,91.33999633789062,91.44999694824219,91.08999633789062,91.22000122070312,13074432,13074432,yfinance,2026-07-10T06:58:01.269533+00:00
2026-05-14 13:30:00+00:00,SOL-USD,15m,91.22000122070312,91.30000305175781,90.80000305175781,91.08000183105469,1574144,1574144,yfinance,2026-07-10T06:58:01.269533+00:00
2026-05-14 13:45:00+00:00,SOL-USD,15m,91.16999816894531,91.2699966430664,90.7300033569336,90.7699966430664,0,0,yfinance,2026-07-10T06:58:01.269533+00:00
2026-05-14 14:00:00+00:00,SOL-USD,15m,90.73999786376953,91.08999633789062,90.5999984741211,91.02999877929688,0,0,yfinance,2026-07-10T06:58:01.269533+00:00
2026-05-14 14:15:00+00:00,SOL-USD,15m,91.02999877929688,91.61000061035156,91.01000213623047,91.44000244140625,28351744,28351744,yfinance,2026-07-10T06:58:01.269533+00:00
2026-05-14 14:30:00+00:00,SOL-USD,15m,91.5,91.61000061035156,91.25,91.58000183105469,2374656,2374656,yfinance,2026-07-10T06:58:01.269533+00:00
2026-05-14 14:45:00+00:00,SOL-USD,15m,91.62999725341797,92.27999877929688,91.62999725341797,92.23999786376953,57496576,57496576,yfinance,2026-07-10T06:58:01.269533+00:00
2026-05-14 15:00:00+00:00,SOL-USD,15m,92.26000213623047,92.33000183105469,91.91999816894531,92.23999786376953,2276864,2276864,yfinance,2026-07-10T06:58:01.269533+00:00
2026-05-14 15:15:00+00:00,SOL-USD,15m,92.2699966430664,92.6500015258789,92.12000274658203,92.47000122070312,11760896,11760896,yfinance,2026-07-10T06:58:01.269533+00:00
2026-05-14 15:30:00+00:00,SOL-USD,15m,92.45999908447266,92.68000030517578,92.19999694824219,92.44000244140625,112128,112128,yfinance,2026-07-10T06:58:01.269533+00:00
2026-05-14 15:45:00+00:00,SOL-USD,15m,92.44999694824219,93.22000122070312,92.44000244140625,93.1500015258789,23554560,23554560,yfinance,2026-07-10T06:58:01.269533+00:00
2026-05-14 16:00:00+00:00,SOL-USD,15m,93.22000122070312,93.6500015258789,93.04000091552734,93.4800033569336,6852864,6852864,yfinance,2026-07-10T06:58:01.269533+00:00
2026-05-14 16:15:00+00:00,SOL-USD,15m,93.5,93.5,93.0999984741211,93.2699966430664,9822720,9822720,yfinance,2026-07-10T06:58:01.269533+00:00
2026-05-14 16:30:00+00:00,SOL-USD,15m,93.30999755859375,93.3499984741211,93.02999877929688,93.25,1325568,1325568,yfinance,2026-07-10T06:58:01.269533+00:00
2026-05-14 16:45:00+00:00,SOL-USD,15m,93.25,93.37999725341797,92.36000061035156,93.36000061035156,5864704,5864704,yfinance,2026-07-10T06:58:01.269533+00:00
2026-05-14 17:00:00+00:00,SOL-USD,15m,93.29000091552734,93.55999755859375,92.9800033569336,93.04000091552734,25397760,25397760,yfinance,2026-07-10T06:58:01.269533+00:00
2026-05-14 17:15:00+00:00,SOL-USD,15m,93.0,93.02999877929688,92.30999755859375,92.41999816894531,17886208,17886208,yfinance,2026-07-10T06:58:01.269533+00:00
2026-05-14 17:30:00+00:00,SOL-USD,15m,92.37999725341797,92.94000244140625,92.30999755859375,92.93000030517578,13919488,13919488,yfinance,2026-07-10T06:58:01.269533+00:00
2026-05-14 17:45:00+00:00,SOL-USD,15m,92.91999816894531,93.30999755859375,92.91999816894531,93.0199966430664,33369088,33369088,yfinance,2026-07-10T06:58:01.269533+00:00
2026-05-14 18:00:00+00:00,SOL-USD,15m,93.0,93.3499984741211,92.68000030517578,93.33999633789062,4091136,4091136,yfinance,2026-07-10T06:58:01.269533+00:00
2026-05-14 18:15:00+00:00,SOL-USD,15m,93.36000061035156,93.63999938964844,93.16000366210938,93.58000183105469,8334592,8334592,yfinance,2026-07-10T06:58:01.269533+00:00
2026-05-14 18:30:00+00:00,SOL-USD,15m,93.56999969482422,93.58000183105469,93.12000274658203,93.19999694824219,12237056,12237056,yfinance,2026-07-10T06:58:01.269533+00:00
2026-05-14 18:45:00+00:00,SOL-USD,15m,93.22000122070312,93.56999969482422,93.20999908447266,93.43000030517578,4293888,4293888,yfinance,2026-07-10T06:58:01.269533+00:00
2026-05-14 19:00:00+00:00,SOL-USD,15m,93.45999908447266,93.6500015258789,93.31999969482422,93.37000274658203,0,0,yfinance,2026-07-10T06:58:01.269533+00:00
2026-05-14 19:15:00+00:00,SOL-USD,15m,93.3499984741211,93.4800033569336,92.93000030517578,92.94000244140625,0,0,yfinance,2026-07-10T06:58:01.269533+00:00
2026-05-14 19:30:00+00:00,SOL-USD,15m,93.0,93.22000122070312,92.95999908447266,93.0999984741211,9776128,9776128,yfinance,2026-07-10T06:58:01.269533+00:00
2026-05-14 19:45:00+00:00,SOL-USD,15m,93.06999969482422,93.06999969482422,92.79000091552734,92.88999938964844,9771520,9771520,yfinance,2026-07-10T06:58:01.269533+00:00
2026-05-14 20:00:00+00:00,SOL-USD,15m,92.88999938964844,92.97000122070312,92.6500015258789,92.6500015258789,1330944,1330944,yfinance,2026-07-10T06:58:01.269533+00:00
2026-05-14 20:15:00+00:00,SOL-USD,15m,92.62999725341797,92.81999969482422,92.43000030517578,92.5199966430664,3740416,3740416,yfinance,2026-07-10T06:58:01.269533+00:00
2026-05-14 20:30:00+00:00,SOL-USD,15m,92.52999877929688,92.58999633789062,92.36000061035156,92.55999755859375,5513472,5513472,yfinance,2026-07-10T06:58:01.269533+00:00
2026-05-14 20:45:00+00:00,SOL-USD,15m,92.55000305175781,92.80000305175781,92.52999877929688,92.7300033569336,1255168,1255168,yfinance,2026-07-10T06:58:01.269533+00:00
2026-05-14 21:00:00+00:00,SOL-USD,15m,92.80999755859375,92.86000061035156,92.5999984741211,92.61000061035156,0,0,yfinance,2026-07-10T06:58:01.269533+00:00
2026-05-14 21:15:00+00:00,SOL-USD,15m,92.62000274658203,92.83000183105469,92.54000091552734,92.77999877929688,1344256,1344256,yfinance,2026-07-10T06:58:01.269533+00:00
2026-05-14 21:30:00+00:00,SOL-USD,15m,92.77999877929688,92.93000030517578,92.7699966430664,92.79000091552734,2317824,2317824,yfinance,2026-07-10T06:58:01.269533+00:00
2026-05-14 21:45:00+00:00,SOL-USD,15m,92.79000091552734,92.80999755859375,92.62999725341797,92.69999694824219,0,0,yfinance,2026-07-10T06:58:01.269533+00:00
2026-05-14 22:00:00+00:00,SOL-USD,15m,92.72000122070312,92.83999633789062,92.62000274658203,92.83999633789062,0,0,yfinance,2026-07-10T06:58:01.269533+00:00
2026-05-14 22:15:00+00:00,SOL-USD,15m,92.83000183105469,92.83000183105469,92.63999938964844,92.76000213623047,854528,854528,yfinance,2026-07-10T06:58:01.269533+00:00
2026-05-14 22:30:00+00:00,SOL-USD,15m,92.75,92.91000366210938,92.73999786376953,92.8499984741211,3394816,3394816,yfinance,2026-07-10T06:58:01.269533+00:00
2026-05-14 22:45:00+00:00,SOL-USD,15m,92.86000061035156,92.9000015258789,92.61000061035156,92.6500015258789,0,0,yfinance,2026-07-10T06:58:01.269533+00:00
2026-05-14 23:00:00+00:00,SOL-USD,15m,92.56999969482422,92.63999938964844,92.33000183105469,92.43000030517578,1486336,1486336,yfinance,2026-07-10T06:58:01.269533+00:00
2026-05-14 23:15:00+00:00,SOL-USD,15m,92.43000030517578,92.5999984741211,92.30999755859375,92.56999969482422,3388160,3388160,yfinance,2026-07-10T06:58:01.269533+00:00
2026-05-14 23:30:00+00:00,SOL-USD,15m,92.54000091552734,92.58000183105469,92.43000030517578,92.5,4656640,4656640,yfinance,2026-07-10T06:58:01.269533+00:00
2026-05-14 23:45:00+00:00,SOL-USD,15m,92.45999908447266,92.4800033569336,92.11000061035156,92.12999725341797,7006208,7006208,yfinance,2026-07-10T06:58:01.269533+00:00
2026-05-15 00:00:00+00:00,SOL-USD,15m,92.13999938964844,92.36000061035156,92.08000183105469,92.33000183105469,0,0,yfinance,2026-07-10T06:58:01.269533+00:00
2026-05-15 00:15:00+00:00,SOL-USD,15m,92.37000274658203,92.51000213623047,92.33000183105469,92.47000122070312,7820544,7820544,yfinance,2026-07-10T06:58:01.269533+00:00
2026-05-15 00:30:00+00:00,SOL-USD,15m,92.44000244140625,92.63999938964844,92.0999984741211,92.30999755859375,6250240,6250240,yfinance,2026-07-10T06:58:01.269533+00:00
2026-05-15 00:45:00+00:00,SOL-USD,15m,92.29000091552734,92.45999908447266,92.27999877929688,92.41000366210938,9829376,9829376,yfinance,2026-07-10T06:58:01.269533+00:00
2026-05-15 01:00:00+00:00,SOL-USD,15m,92.41999816894531,92.52999877929688,92.33000183105469,92.41000366210938,5631744,5631744,yfinance,2026-07-10T06:58:01.269533+00:00
2026-05-15 01:15:00+00:00,SOL-USD,15m,92.38999938964844,92.5,92.16999816894531,92.16999816894531,0,0,yfinance,2026-07-10T06:58:01.269533+00:00
2026-05-15 01:30:00+00:00,SOL-USD,15m,92.1500015258789,92.27999877929688,91.79000091552734,92.19000244140625,14392832,14392832,yfinance,2026-07-10T06:58:01.269533+00:00
2026-05-15 01:45:00+00:00,SOL-USD,15m,92.20999908447266,92.20999908447266,91.68000030517578,91.7300033569336,4760320,4760320,yfinance,2026-07-10T06:58:01.269533+00:00
2026-05-15 02:00:00+00:00,SOL-USD,15m,91.70999908447266,92.0199966430664,91.55000305175781,91.88999938964844,93078528,93078528,yfinance,2026-07-10T06:58:01.269533+00:00
2026-05-15 02:15:00+00:00,SOL-USD,15m,91.88999938964844,92.0,91.66999816894531,91.69999694824219,23755264,23755264,yfinance,2026-07-10T06:58:01.269533+00:00
2026-05-15 02:30:00+00:00,SOL-USD,15m,91.68000030517578,92.08999633789062,91.47000122070312,92.05000305175781,19030528,19030528,yfinance,2026-07-10T06:58:01.269533+00:00
2026-05-15 02:45:00+00:00,SOL-USD,15m,92.08999633789062,92.41999816894531,92.05000305175781,92.33000183105469,4633344,4633344,yfinance,2026-07-10T06:58:01.269533+00:00
2026-05-15 03:00:00+00:00,SOL-USD,15m,92.33000183105469,92.44000244140625,92.11000061035156,92.20999908447266,7998976,7998976,yfinance,2026-07-10T06:58:01.269533+00:00
2026-05-15 03:15:00+00:00,SOL-USD,15m,92.22000122070312,92.30000305175781,92.12999725341797,92.2699966430664,0,0,yfinance,2026-07-10T06:58:01.269533+00:00
2026-05-15 03:30:00+00:00,SOL-USD,15m,92.26000213623047,92.26000213623047,91.8499984741211,91.98999786376953,764672,764672,yfinance,2026-07-10T06:58:01.269533+00:00
2026-05-15 03:45:00+00:00,SOL-USD,15m,91.97000122070312,92.11000061035156,91.91000366210938,92.04000091552734,0,0,yfinance,2026-07-10T06:58:01.269533+00:00
2026-05-15 04:00:00+00:00,SOL-USD,15m,92.02999877929688,92.02999877929688,91.8499984741211,91.97000122070312,0,0,yfinance,2026-07-10T06:58:01.269533+00:00
2026-05-15 04:15:00+00:00,SOL-USD,15m,91.9800033569336,92.0,91.6500015258789,91.69999694824219,0,0,yfinance,2026-07-10T06:58:01.269533+00:00
2026-05-15 04:30:00+00:00,SOL-USD,15m,91.68000030517578,91.83999633789062,91.55000305175781,91.69999694824219,2877440,2877440,yfinance,2026-07-10T06:58:01.269533+00:00
2026-05-15 04:45:00+00:00,SOL-USD,15m,91.69000244140625,91.75,91.26000213623047,91.26000213623047,925952,925952,yfinance,2026-07-10T06:58:01.269533+00:00
2026-05-15 05:00:00+00:00,SOL-USD,15m,91.2699966430664,91.47000122070312,91.1500015258789,91.44999694824219,12130560,12130560,yfinance,2026-07-10T06:58:01.269533+00:00
2026-05-15 05:15:00+00:00,SOL-USD,15m,91.44999694824219,91.5199966430664,91.30000305175781,91.33999633789062,1806080,1806080,yfinance,2026-07-10T06:58:01.269533+00:00
2026-05-15 05:30:00+00:00,SOL-USD,15m,91.3499984741211,91.3499984741211,90.25,90.6500015258789,58371328,58371328,yfinance,2026-07-10T06:58:01.269533+00:00
2026-05-15 05:45:00+00:00,SOL-USD,15m,90.63999938964844,90.73999786376953,90.4000015258789,90.58999633789062,22365440,22365440,yfinance,2026-07-10T06:58:01.269533+00:00
2026-05-15 06:00:00+00:00,SOL-USD,15m,90.5999984741211,90.9800033569336,90.58000183105469,90.62999725341797,32383232,32383232,yfinance,2026-07-10T06:58:01.269533+00:00
2026-05-15 06:15:00+00:00,SOL-USD,15m,90.66000366210938,90.79000091552734,90.47000122070312,90.77999877929688,12592128,12592128,yfinance,2026-07-10T06:58:01.269533+00:00
2026-05-15 06:30:00+00:00,SOL-USD,15m,90.76000213623047,91.05000305175781,90.76000213623047,91.0199966430664,3800064,3800064,yfinance,2026-07-10T06:58:01.269533+00:00
2026-05-15 06:45:00+00:00,SOL-USD,15m,91.04000091552734,91.06999969482422,90.94000244140625,90.98999786376953,560640,560640,yfinance,2026-07-10T06:58:01.269533+00:00
2026-05-15 07:00:00+00:00,SOL-USD,15m,91.0199966430664,91.2300033569336,90.91999816894531,91.22000122070312,0,0,yfinance,2026-07-10T06:58:01.269533+00:00
2026-05-15 07:15:00+00:00,SOL-USD,15m,91.19999694824219,91.69999694824219,91.08000183105469,91.55000305175781,28953856,28953856,yfinance,2026-07-10T06:58:01.269533+00:00
2026-05-15 07:30:00+00:00,SOL-USD,15m,91.55000305175781,91.56999969482422,91.25,91.3499984741211,17205504,17205504,yfinance,2026-07-10T06:58:01.269533+00:00
2026-05-15 07:45:00+00:00,SOL-USD,15m,91.33000183105469,91.69000244140625,91.30000305175781,91.58000183105469,21579264,21579264,yfinance,2026-07-10T06:58:01.269533+00:00
2026-05-15 08:00:00+00:00,SOL-USD,15m,91.56999969482422,91.5999984741211,91.33000183105469,91.43000030517578,0,0,yfinance,2026-07-10T06:58:01.269533+00:00
2026-05-15 08:15:00+00:00,SOL-USD,15m,91.44000244140625,91.44000244140625,91.08999633789062,91.12000274658203,2278144,2278144,yfinance,2026-07-10T06:58:01.269533+00:00
2026-05-15 08:30:00+00:00,SOL-USD,15m,91.12999725341797,91.44000244140625,90.95999908447266,91.41000366210938,14565632,14565632,yfinance,2026-07-10T06:58:01.269533+00:00
2026-05-15 08:45:00+00:00,SOL-USD,15m,91.4000015258789,91.61000061035156,91.1500015258789,91.23999786376953,30898944,30898944,yfinance,2026-07-10T06:58:01.269533+00:00
2026-05-15 09:00:00+00:00,SOL-USD,15m,91.25,91.26000213623047,90.94000244140625,91.18000030517578,15309312,15309312,yfinance,2026-07-10T06:58:01.269533+00:00
2026-05-15 09:15:00+00:00,SOL-USD,15m,91.19000244140625,91.19999694824219,91.0,91.19000244140625,24510208,24510208,yfinance,2026-07-10T06:58:01.269533+00:00
2026-05-15 09:30:00+00:00,SOL-USD,15m,91.19000244140625,91.30000305175781,90.94000244140625,90.95999908447266,5088000,5088000,yfinance,2026-07-10T06:58:01.269533+00:00
2026-05-15 09:45:00+00:00,SOL-USD,15m,90.94000244140625,91.16000366210938,90.91000366210938,91.1500015258789,12971520,12971520,yfinance,2026-07-10T06:58:01.269533+00:00
2026-05-15 10:00:00+00:00,SOL-USD,15m,91.16999816894531,91.26000213623047,90.9800033569336,91.23999786376953,9727488,9727488,yfinance,2026-07-10T06:58:01.269533+00:00
2026-05-15 10:15:00+00:00,SOL-USD,15m,91.22000122070312,91.22000122070312,91.0,91.06999969482422,309504,309504,yfinance,2026-07-10T06:58:01.269533+00:00
2026-05-15 10:30:00+00:00,SOL-USD,15m,91.08999633789062,91.2699966430664,90.98999786376953,91.19000244140625,5192448,5192448,yfinance,2026-07-10T06:58:01.269533+00:00
2026-05-15 10:45:00+00:00,SOL-USD,15m,91.22000122070312,91.55999755859375,91.19999694824219,91.44999694824219,13677824,13677824,yfinance,2026-07-10T06:58:01.269533+00:00
2026-05-15 11:00:00+00:00,SOL-USD,15m,91.47000122070312,91.52999877929688,91.2300033569336,91.41000366210938,2524928,2524928,yfinance,2026-07-10T06:58:01.269533+00:00
2026-05-15 11:15:00+00:00,SOL-USD,15m,91.41999816894531,91.47000122070312,91.26000213623047,91.31999969482422,3113728,3113728,yfinance,2026-07-10T06:58:01.269533+00:00
2026-05-15 11:30:00+00:00,SOL-USD,15m,91.30999755859375,91.37999725341797,91.22000122070312,91.27999877929688,0,0,yfinance,2026-07-10T06:58:01.269533+00:00
2026-05-15 11:45:00+00:00,SOL-USD,15m,91.30000305175781,91.3499984741211,91.16999816894531,91.23999786376953,548608,548608,yfinance,2026-07-10T06:58:01.269533+00:00
2026-05-15 12:00:00+00:00,SOL-USD,15m,91.25,91.26000213623047,90.77999877929688,90.77999877929688,3573760,3573760,yfinance,2026-07-10T06:58:01.269533+00:00
2026-05-15 12:15:00+00:00,SOL-USD,15m,90.76000213623047,90.98999786376953,90.72000122070312,90.83999633789062,12871424,12871424,yfinance,2026-07-10T06:58:01.269533+00:00
2026-05-15 12:30:00+00:00,SOL-USD,15m,90.77999877929688,90.87000274658203,90.5999984741211,90.6500015258789,1757696,1757696,yfinance,2026-07-10T06:58:01.269533+00:00
2026-05-15 12:45:00+00:00,SOL-USD,15m,90.61000061035156,90.72000122070312,90.54000091552734,90.66000366210938,1453056,1453056,yfinance,2026-07-10T06:58:01.269533+00:00
2026-05-15 13:00:00+00:00,SOL-USD,15m,90.62999725341797,90.62999725341797,90.19999694824219,90.30999755859375,7815424,7815424,yfinance,2026-07-10T06:58:01.269533+00:00
2026-05-15 13:15:00+00:00,SOL-USD,15m,90.30999755859375,90.52999877929688,90.23999786376953,90.44999694824219,2163200,2163200,yfinance,2026-07-10T06:58:01.269533+00:00
2026-05-15 13:30:00+00:00,SOL-USD,15m,90.25,90.25,89.1500015258789,89.19999694824219,45893888,45893888,yfinance,2026-07-10T06:58:01.269533+00:00
2026-05-15 13:45:00+00:00,SOL-USD,15m,89.19999694824219,89.58999633789062,88.69000244140625,88.8499984741211,76510720,76510720,yfinance,2026-07-10T06:58:01.269533+00:00
2026-05-15 14:00:00+00:00,SOL-USD,15m,88.8499984741211,89.44000244140625,88.52999877929688,89.33000183105469,61973504,61973504,yfinance,2026-07-10T06:58:01.269533+00:00
2026-05-15 14:15:00+00:00,SOL-USD,15m,89.29000091552734,89.5,88.9800033569336,89.05999755859375,26599424,26599424,yfinance,2026-07-10T06:58:01.269533+00:00
2026-05-15 14:30:00+00:00,SOL-USD,15m,89.12000274658203,89.26000213623047,88.97000122070312,89.08000183105469,10017280,10017280,yfinance,2026-07-10T06:58:01.269533+00:00
2026-05-15 14:45:00+00:00,SOL-USD,15m,89.04000091552734,89.19000244140625,88.75,89.0199966430664,0,0,yfinance,2026-07-10T06:58:01.269533+00:00
2026-05-15 15:00:00+00:00,SOL-USD,15m,89.04000091552734,89.18000030517578,88.81999969482422,89.04000091552734,0,0,yfinance,2026-07-10T06:58:01.269533+00:00
2026-05-15 15:15:00+00:00,SOL-USD,15m,89.04000091552734,89.25,88.86000061035156,88.9800033569336,0,0,yfinance,2026-07-10T06:58:01.269533+00:00
2026-05-15 15:30:00+00:00,SOL-USD,15m,89.04000091552734,89.13999938964844,88.72000122070312,88.7699966430664,0,0,yfinance,2026-07-10T06:58:01.269533+00:00
2026-05-15 15:45:00+00:00,SOL-USD,15m,88.77999877929688,89.06999969482422,88.66999816894531,89.0,3534336,3534336,yfinance,2026-07-10T06:58:01.269533+00:00
2026-05-15 16:00:00+00:00,SOL-USD,15m,89.0199966430664,89.04000091552734,88.7699966430664,88.9000015258789,0,0,yfinance,2026-07-10T06:58:01.269533+00:00
2026-05-15 16:15:00+00:00,SOL-USD,15m,88.88999938964844,89.44999694824219,88.83999633789062,89.4000015258789,0,0,yfinance,2026-07-10T06:58:01.269533+00:00
2026-05-15 16:30:00+00:00,SOL-USD,15m,89.44999694824219,89.62000274658203,89.44000244140625,89.47000122070312,13922048,13922048,yfinance,2026-07-10T06:58:01.269533+00:00
2026-05-15 16:45:00+00:00,SOL-USD,15m,89.47000122070312,89.51000213623047,89.23999786376953,89.47000122070312,0,0,yfinance,2026-07-10T06:58:01.269533+00:00
2026-05-15 17:00:00+00:00,SOL-USD,15m,89.45999908447266,89.8499984741211,89.45999908447266,89.66999816894531,0,0,yfinance,2026-07-10T06:58:01.269533+00:00
2026-05-15 17:15:00+00:00,SOL-USD,15m,89.66000366210938,89.86000061035156,89.55999755859375,89.70999908447266,0,0,yfinance,2026-07-10T06:58:01.269533+00:00
2026-05-15 17:30:00+00:00,SOL-USD,15m,89.7300033569336,89.79000091552734,89.62000274658203,89.6500015258789,0,0,yfinance,2026-07-10T06:58:01.269533+00:00
2026-05-15 17:45:00+00:00,SOL-USD,15m,89.66000366210938,89.80000305175781,89.58000183105469,89.79000091552734,0,0,yfinance,2026-07-10T06:58:01.269533+00:00
2026-05-15 18:00:00+00:00,SOL-USD,15m,89.77999877929688,90.05000305175781,89.77999877929688,89.93000030517578,0,0,yfinance,2026-07-10T06:58:01.269533+00:00
2026-05-15 18:15:00+00:00,SOL-USD,15m,89.93000030517578,89.97000122070312,89.61000061035156,89.72000122070312,0,0,yfinance,2026-07-10T06:58:01.269533+00:00
2026-05-15 18:30:00+00:00,SOL-USD,15m,89.69999694824219,89.8499984741211,89.44000244140625,89.83999633789062,0,0,yfinance,2026-07-10T06:58:01.269533+00:00
2026-05-15 18:45:00+00:00,SOL-USD,15m,89.83999633789062,89.87999725341797,89.68000030517578,89.75,566784,566784,yfinance,2026-07-10T06:58:01.269533+00:00
2026-05-15 19:00:00+00:00,SOL-USD,15m,89.73999786376953,89.76000213623047,89.36000061035156,89.44999694824219,0,0,yfinance,2026-07-10T06:58:01.269533+00:00
2026-05-15 19:15:00+00:00,SOL-USD,15m,89.45999908447266,89.58000183105469,89.45999908447266,89.5199966430664,0,0,yfinance,2026-07-10T06:58:01.269533+00:00
2026-05-15 19:30:00+00:00,SOL-USD,15m,89.54000091552734,89.62000274658203,89.36000061035156,89.37999725341797,0,0,yfinance,2026-07-10T06:58:01.269533+00:00
2026-05-15 19:45:00+00:00,SOL-USD,15m,89.41999816894531,89.51000213623047,89.31999969482422,89.37999725341797,5561088,5561088,yfinance,2026-07-10T06:58:01.269533+00:00
2026-05-15 20:00:00+00:00,SOL-USD,15m,89.37999725341797,89.45999908447266,89.08999633789062,89.2699966430664,1764096,1764096,yfinance,2026-07-10T06:58:01.269533+00:00
2026-05-15 20:15:00+00:00,SOL-USD,15m,89.23999786376953,89.37000274658203,89.08000183105469,89.37000274658203,260096,260096,yfinance,2026-07-10T06:58:01.269533+00:00
2026-05-15 20:30:00+00:00,SOL-USD,15m,89.37999725341797,89.37999725341797,89.12000274658203,89.12000274658203,466432,466432,yfinance,2026-07-10T06:58:01.269533+00:00
2026-05-15 20:45:00+00:00,SOL-USD,15m,89.12000274658203,89.23999786376953,89.05000305175781,89.2300033569336,834048,834048,yfinance,2026-07-10T06:58:01.269533+00:00
2026-05-15 21:00:00+00:00,SOL-USD,15m,89.2300033569336,89.37999725341797,89.22000122070312,89.3499984741211,1526784,1526784,yfinance,2026-07-10T06:58:01.269533+00:00
2026-05-15 21:15:00+00:00,SOL-USD,15m,89.30000305175781,89.38999938964844,89.19999694824219,89.22000122070312,1651200,1651200,yfinance,2026-07-10T06:58:01.269533+00:00
2026-05-15 21:30:00+00:00,SOL-USD,15m,89.2300033569336,89.25,89.0999984741211,89.16999816894531,10957056,10957056,yfinance,2026-07-10T06:58:01.269533+00:00
2026-05-15 21:45:00+00:00,SOL-USD,15m,89.18000030517578,89.19000244140625,88.95999908447266,89.0,1120256,1120256,yfinance,2026-07-10T06:58:01.269533+00:00
2026-05-15 22:00:00+00:00,SOL-USD,15m,89.01000213623047,89.20999908447266,88.97000122070312,89.16000366210938,1776384,1776384,yfinance,2026-07-10T06:58:01.269533+00:00
2026-05-15 22:15:00+00:00,SOL-USD,15m,89.16000366210938,89.23999786376953,89.08999633789062,89.1500015258789,1840384,1840384,yfinance,2026-07-10T06:58:01.269533+00:00
2026-05-15 22:30:00+00:00,SOL-USD,15m,89.16999816894531,89.26000213623047,89.08999633789062,89.20999908447266,126720,126720,yfinance,2026-07-10T06:58:01.269533+00:00
2026-05-15 22:45:00+00:00,SOL-USD,15m,89.19000244140625,89.30999755859375,89.18000030517578,89.27999877929688,627968,627968,yfinance,2026-07-10T06:58:01.269533+00:00
2026-05-15 23:00:00+00:00,SOL-USD,15m,89.23999786376953,89.33999633789062,89.20999908447266,89.20999908447266,0,0,yfinance,2026-07-10T06:58:01.269533+00:00
2026-05-15 23:15:00+00:00,SOL-USD,15m,89.20999908447266,89.30999755859375,89.19999694824219,89.2300033569336,1061632,1061632,yfinance,2026-07-10T06:58:01.269533+00:00
2026-05-15 23:30:00+00:00,SOL-USD,15m,89.23999786376953,89.29000091552734,89.1500015258789,89.2699966430664,0,0,yfinance,2026-07-10T06:58:01.269533+00:00
2026-05-15 23:45:00+00:00,SOL-USD,15m,89.22000122070312,89.23999786376953,89.16999816894531,89.19000244140625,0,0,yfinance,2026-07-10T06:58:01.269533+00:00
2026-05-16 00:00:00+00:00,SOL-USD,15m,89.19000244140625,89.37000274658203,89.08999633789062,89.37000274658203,13056,13056,yfinance,2026-07-10T06:58:01.269533+00:00
2026-05-16 00:15:00+00:00,SOL-USD,15m,89.37000274658203,89.37000274658203,89.22000122070312,89.29000091552734,377600,377600,yfinance,2026-07-10T06:58:01.269533+00:00
2026-05-16 00:30:00+00:00,SOL-USD,15m,89.29000091552734,89.3499984741211,89.22000122070312,89.23999786376953,0,0,yfinance,2026-07-10T06:58:01.269533+00:00
2026-05-16 00:45:00+00:00,SOL-USD,15m,89.2300033569336,89.29000091552734,89.0999984741211,89.16000366210938,0,0,yfinance,2026-07-10T06:58:01.269533+00:00
2026-05-16 01:00:00+00:00,SOL-USD,15m,89.16999816894531,89.20999908447266,89.12999725341797,89.19000244140625,0,0,yfinance,2026-07-10T06:58:01.269533+00:00
2026-05-16 01:15:00+00:00,SOL-USD,15m,89.19999694824219,89.2300033569336,88.95999908447266,88.95999908447266,0,0,yfinance,2026-07-10T06:58:01.269533+00:00
2026-05-16 01:30:00+00:00,SOL-USD,15m,88.95999908447266,89.04000091552734,88.9000015258789,88.91999816894531,0,0,yfinance,2026-07-10T06:58:01.269533+00:00
2026-05-16 01:45:00+00:00,SOL-USD,15m,88.93000030517578,89.29000091552734,88.93000030517578,89.2300033569336,2890496,2890496,yfinance,2026-07-10T06:58:01.269533+00:00
2026-05-16 02:00:00+00:00,SOL-USD,15m,89.2699966430664,89.33000183105469,89.12000274658203,89.2300033569336,0,0,yfinance,2026-07-10T06:58:01.269533+00:00
2026-05-16 02:15:00+00:00,SOL-USD,15m,89.25,89.2699966430664,89.02999877929688,89.04000091552734,0,0,yfinance,2026-07-10T06:58:01.269533+00:00
2026-05-16 02:30:00+00:00,SOL-USD,15m,89.02999877929688,89.06999969482422,88.91999816894531,89.01000213623047,0,0,yfinance,2026-07-10T06:58:01.269533+00:00
2026-05-16 02:45:00+00:00,SOL-USD,15m,89.01000213623047,89.16000366210938,89.0,89.16000366210938,0,0,yfinance,2026-07-10T06:58:01.269533+00:00
2026-05-16 03:00:00+00:00,SOL-USD,15m,89.13999938964844,89.22000122070312,89.12000274658203,89.16000366210938,0,0,yfinance,2026-07-10T06:58:01.269533+00:00
2026-05-16 03:15:00+00:00,SOL-USD,15m,89.16000366210938,89.22000122070312,89.12999725341797,89.16999816894531,601856,601856,yfinance,2026-07-10T06:58:01.269533+00:00
2026-05-16 03:30:00+00:00,SOL-USD,15m,89.18000030517578,89.18000030517578,88.98999786376953,88.98999786376953,0,0,yfinance,2026-07-10T06:58:01.269533+00:00
2026-05-16 03:45:00+00:00,SOL-USD,15m,88.98999786376953,89.06999969482422,88.94999694824219,89.01000213623047,0,0,yfinance,2026-07-10T06:58:01.269533+00:00
2026-05-16 04:00:00+00:00,SOL-USD,15m,88.9800033569336,89.01000213623047,88.87000274658203,88.91999816894531,2444800,2444800,yfinance,2026-07-10T06:58:01.269533+00:00
2026-05-16 04:15:00+00:00,SOL-USD,15m,88.91999816894531,88.95999908447266,88.70999908447266,88.73999786376953,0,0,yfinance,2026-07-10T06:58:01.269533+00:00
2026-05-16 04:30:00+00:00,SOL-USD,15m,88.75,88.75,88.16000366210938,88.58000183105469,34693888,34693888,yfinance,2026-07-10T06:58:01.269533+00:00
2026-05-16 04:45:00+00:00,SOL-USD,15m,88.55000305175781,88.80999755859375,88.44999694824219,88.80000305175781,7397632,7397632,yfinance,2026-07-10T06:58:01.269533+00:00
2026-05-16 05:00:00+00:00,SOL-USD,15m,88.80999755859375,88.86000061035156,88.41000366210938,88.55000305175781,3065344,3065344,yfinance,2026-07-10T06:58:01.269533+00:00
2026-05-16 05:15:00+00:00,SOL-USD,15m,88.52999877929688,88.61000061035156,88.48999786376953,88.52999877929688,0,0,yfinance,2026-07-10T06:58:01.269533+00:00
2026-05-16 05:30:00+00:00,SOL-USD,15m,88.55999755859375,88.6500015258789,88.23999786376953,88.56999969482422,0,0,yfinance,2026-07-10T06:58:01.269533+00:00
2026-05-16 05:45:00+00:00,SOL-USD,15m,88.61000061035156,88.62999725341797,88.4800033569336,88.54000091552734,15305216,15305216,yfinance,2026-07-10T06:58:01.269533+00:00
2026-05-16 06:00:00+00:00,SOL-USD,15m,88.52999877929688,88.62000274658203,88.27999877929688,88.31999969482422,0,0,yfinance,2026-07-10T06:58:01.269533+00:00
2026-05-16 06:15:00+00:00,SOL-USD,15m,88.30999755859375,88.3499984741211,88.08999633789062,88.26000213623047,192000,192000,yfinance,2026-07-10T06:58:01.269533+00:00
2026-05-16 06:30:00+00:00,SOL-USD,15m,88.2300033569336,88.4000015258789,87.97000122070312,88.02999877929688,9247232,9247232,yfinance,2026-07-10T06:58:01.269533+00:00
2026-05-16 06:45:00+00:00,SOL-USD,15m,88.05000305175781,88.12999725341797,87.80000305175781,87.97000122070312,39700736,39700736,yfinance,2026-07-10T06:58:01.269533+00:00
2026-05-16 07:00:00+00:00,SOL-USD,15m,87.94000244140625,87.97000122070312,87.0199966430664,87.12000274658203,12419328,12419328,yfinance,2026-07-10T06:58:01.269533+00:00
2026-05-16 07:15:00+00:00,SOL-USD,15m,87.16999816894531,87.3499984741211,86.7300033569336,87.3499984741211,94616832,94616832,yfinance,2026-07-10T06:58:01.269533+00:00
2026-05-16 07:30:00+00:00,SOL-USD,15m,87.31999969482422,87.68000030517578,87.12000274658203,87.61000061035156,0,0,yfinance,2026-07-10T06:58:01.269533+00:00
2026-05-16 07:45:00+00:00,SOL-USD,15m,87.61000061035156,87.66999816894531,87.33000183105469,87.41000366210938,5477376,5477376,yfinance,2026-07-10T06:58:01.269533+00:00
2026-05-16 08:00:00+00:00,SOL-USD,15m,87.4000015258789,87.58000183105469,87.37999725341797,87.43000030517578,10476800,10476800,yfinance,2026-07-10T06:58:01.269533+00:00
2026-05-16 08:15:00+00:00,SOL-USD,15m,87.44000244140625,87.48999786376953,87.33000183105469,87.44999694824219,1918720,1918720,yfinance,2026-07-10T06:58:01.269533+00:00
2026-05-16 08:30:00+00:00,SOL-USD,15m,87.43000030517578,87.58000183105469,87.41000366210938,87.5,0,0,yfinance,2026-07-10T06:58:01.269533+00:00
2026-05-16 08:45:00+00:00,SOL-USD,15m,87.5199966430664,87.5199966430664,87.4000015258789,87.43000030517578,0,0,yfinance,2026-07-10T06:58:01.269533+00:00
2026-05-16 09:00:00+00:00,SOL-USD,15m,87.41999816894531,87.47000122070312,87.18000030517578,87.22000122070312,0,0,yfinance,2026-07-10T06:58:01.269533+00:00
2026-05-16 09:15:00+00:00,SOL-USD,15m,87.20999908447266,87.25,85.76000213623047,85.91000366210938,116573952,116573952,yfinance,2026-07-10T06:58:01.269533+00:00
2026-05-16 09:30:00+00:00,SOL-USD,15m,85.94999694824219,86.22000122070312,85.93000030517578,86.08999633789062,47518208,47518208,yfinance,2026-07-10T06:58:01.269533+00:00
2026-05-16 09:45:00+00:00,SOL-USD,15m,86.08999633789062,86.26000213623047,85.87000274658203,86.01000213623047,11017728,11017728,yfinance,2026-07-10T06:58:01.269533+00:00
2026-05-16 10:00:00+00:00,SOL-USD,15m,86.01000213623047,86.11000061035156,85.62999725341797,85.77999877929688,29519616,29519616,yfinance,2026-07-10T06:58:01.269533+00:00
2026-05-16 10:15:00+00:00,SOL-USD,15m,85.80999755859375,85.8499984741211,85.48999786376953,85.66000366210938,24337664,24337664,yfinance,2026-07-10T06:58:01.269533+00:00
2026-05-16 10:30:00+00:00,SOL-USD,15m,85.66000366210938,86.0,85.61000061035156,85.7699966430664,25285888,25285888,yfinance,2026-07-10T06:58:01.269533+00:00
2026-05-16 10:45:00+00:00,SOL-USD,15m,85.7699966430664,85.9800033569336,85.73999786376953,85.95999908447266,8073216,8073216,yfinance,2026-07-10T06:58:01.269533+00:00
2026-05-16 11:00:00+00:00,SOL-USD,15m,85.9800033569336,86.1500015258789,85.9800033569336,86.11000061035156,14275840,14275840,yfinance,2026-07-10T06:58:01.269533+00:00
2026-05-16 11:15:00+00:00,SOL-USD,15m,86.08000183105469,86.23999786376953,86.05000305175781,86.1500015258789,8210432,8210432,yfinance,2026-07-10T06:58:01.269533+00:00
2026-05-16 11:30:00+00:00,SOL-USD,15m,86.13999938964844,86.29000091552734,86.11000061035156,86.19999694824219,9543680,9543680,yfinance,2026-07-10T06:58:01.269533+00:00
2026-05-16 11:45:00+00:00,SOL-USD,15m,86.18000030517578,86.2300033569336,86.05999755859375,86.05999755859375,2812160,2812160,yfinance,2026-07-10T06:58:01.269533+00:00
2026-05-16 12:00:00+00:00,SOL-USD,15m,86.04000091552734,86.16000366210938,85.95999908447266,86.12000274658203,0,0,yfinance,2026-07-10T06:58:01.269533+00:00
2026-05-16 12:15:00+00:00,SOL-USD,15m,86.11000061035156,86.19999694824219,85.9800033569336,86.12999725341797,3721984,3721984,yfinance,2026-07-10T06:58:01.269533+00:00
2026-05-16 12:30:00+00:00,SOL-USD,15m,86.12999725341797,86.29000091552734,86.12999725341797,86.26000213623047,1095680,1095680,yfinance,2026-07-10T06:58:01.269533+00:00
2026-05-16 12:45:00+00:00,SOL-USD,15m,86.26000213623047,86.38999938964844,86.20999908447266,86.22000122070312,1723136,1723136,yfinance,2026-07-10T06:58:01.269533+00:00
2026-05-16 13:00:00+00:00,SOL-USD,15m,86.20999908447266,86.2699966430664,86.08999633789062,86.12999725341797,0,0,yfinance,2026-07-10T06:58:01.269533+00:00
2026-05-16 13:15:00+00:00,SOL-USD,15m,86.12999725341797,86.30000305175781,86.08000183105469,86.29000091552734,282112,282112,yfinance,2026-07-10T06:58:01.269533+00:00
2026-05-16 13:30:00+00:00,SOL-USD,15m,86.2699966430664,86.30000305175781,86.08000183105469,86.25,0,0,yfinance,2026-07-10T06:58:01.269533+00:00
2026-05-16 13:45:00+00:00,SOL-USD,15m,86.23999786376953,86.27999877929688,86.19000244140625,86.20999908447266,0,0,yfinance,2026-07-10T06:58:01.269533+00:00
2026-05-16 14:00:00+00:00,SOL-USD,15m,86.2300033569336,86.27999877929688,86.02999877929688,86.08999633789062,0,0,yfinance,2026-07-10T06:58:01.269533+00:00
2026-05-16 14:15:00+00:00,SOL-USD,15m,86.08999633789062,86.20999908447266,86.05000305175781,86.1500015258789,0,0,yfinance,2026-07-10T06:58:01.269533+00:00
2026-05-16 14:30:00+00:00,SOL-USD,15m,86.16999816894531,86.41999816894531,86.1500015258789,86.41000366210938,0,0,yfinance,2026-07-10T06:58:01.269533+00:00
2026-05-16 14:45:00+00:00,SOL-USD,15m,86.4000015258789,86.58999633789062,86.26000213623047,86.36000061035156,1141504,1141504,yfinance,2026-07-10T06:58:01.269533+00:00
2026-05-16 15:00:00+00:00,SOL-USD,15m,86.36000061035156,86.56999969482422,86.30000305175781,86.3499984741211,0,0,yfinance,2026-07-10T06:58:01.269533+00:00
2026-05-16 15:15:00+00:00,SOL-USD,15m,86.36000061035156,86.41000366210938,86.23999786376953,86.30000305175781,0,0,yfinance,2026-07-10T06:58:01.269533+00:00
2026-05-16 15:30:00+00:00,SOL-USD,15m,86.30999755859375,86.56999969482422,86.30999755859375,86.51000213623047,4203264,4203264,yfinance,2026-07-10T06:58:01.269533+00:00
2026-05-16 15:45:00+00:00,SOL-USD,15m,86.5,86.62000274658203,86.43000030517578,86.44999694824219,0,0,yfinance,2026-07-10T06:58:01.269533+00:00
2026-05-16 16:00:00+00:00,SOL-USD,15m,86.44000244140625,86.68000030517578,86.3499984741211,86.3499984741211,0,0,yfinance,2026-07-10T06:58:01.269533+00:00
2026-05-16 16:15:00+00:00,SOL-USD,15m,86.36000061035156,86.66999816894531,86.33999633789062,86.58999633789062,4302848,4302848,yfinance,2026-07-10T06:58:01.269533+00:00
2026-05-16 16:30:00+00:00,SOL-USD,15m,86.61000061035156,86.73999786376953,86.47000122070312,86.54000091552734,0,0,yfinance,2026-07-10T06:58:01.269533+00:00
2026-05-16 16:45:00+00:00,SOL-USD,15m,86.55999755859375,86.68000030517578,86.52999877929688,86.5999984741211,0,0,yfinance,2026-07-10T06:58:01.269533+00:00
2026-05-16 17:00:00+00:00,SOL-USD,15m,86.5999984741211,86.7300033569336,86.5999984741211,86.68000030517578,0,0,yfinance,2026-07-10T06:58:01.269533+00:00
2026-05-16 17:15:00+00:00,SOL-USD,15m,86.68000030517578,86.81999969482422,86.5999984741211,86.77999877929688,0,0,yfinance,2026-07-10T06:58:01.269533+00:00
2026-05-16 17:30:00+00:00,SOL-USD,15m,86.77999877929688,86.88999938964844,86.7699966430664,86.80999755859375,0,0,yfinance,2026-07-10T06:58:01.269533+00:00
2026-05-16 17:45:00+00:00,SOL-USD,15m,86.80999755859375,86.93000030517578,86.7300033569336,86.7699966430664,1096448,1096448,yfinance,2026-07-10T06:58:01.269533+00:00
2026-05-16 18:00:00+00:00,SOL-USD,15m,86.7699966430664,86.86000061035156,86.63999938964844,86.72000122070312,0,0,yfinance,2026-07-10T06:58:01.269533+00:00
2026-05-16 18:15:00+00:00,SOL-USD,15m,86.7300033569336,86.75,86.5999984741211,86.7300033569336,0,0,yfinance,2026-07-10T06:58:01.269533+00:00
2026-05-16 18:30:00+00:00,SOL-USD,15m,86.72000122070312,86.83000183105469,86.68000030517578,86.77999877929688,0,0,yfinance,2026-07-10T06:58:01.269533+00:00
2026-05-16 18:45:00+00:00,SOL-USD,15m,86.76000213623047,86.93000030517578,86.73999786376953,86.79000091552734,1678592,1678592,yfinance,2026-07-10T06:58:01.269533+00:00
2026-05-16 19:00:00+00:00,SOL-USD,15m,86.79000091552734,86.83000183105469,86.70999908447266,86.73999786376953,0,0,yfinance,2026-07-10T06:58:01.269533+00:00
2026-05-16 19:15:00+00:00,SOL-USD,15m,86.75,86.80999755859375,86.69000244140625,86.79000091552734,1011200,1011200,yfinance,2026-07-10T06:58:01.269533+00:00
2026-05-16 19:30:00+00:00,SOL-USD,15m,86.75,86.80999755859375,86.7300033569336,86.77999877929688,2497024,2497024,yfinance,2026-07-10T06:58:01.269533+00:00
2026-05-16 19:45:00+00:00,SOL-USD,15m,86.76000213623047,86.83000183105469,86.62999725341797,86.66000366210938,387584,387584,yfinance,2026-07-10T06:58:01.269533+00:00
2026-05-16 20:00:00+00:00,SOL-USD,15m,86.69000244140625,86.83000183105469,86.6500015258789,86.80999755859375,0,0,yfinance,2026-07-10T06:58:01.269533+00:00
2026-05-16 20:15:00+00:00,SOL-USD,15m,86.80999755859375,86.87000274658203,86.7699966430664,86.7699966430664,2591744,2591744,yfinance,2026-07-10T06:58:01.269533+00:00
2026-05-16 20:30:00+00:00,SOL-USD,15m,86.73999786376953,86.75,86.6500015258789,86.69000244140625,0,0,yfinance,2026-07-10T06:58:01.269533+00:00
2026-05-16 20:45:00+00:00,SOL-USD,15m,86.69999694824219,86.70999908447266,86.6500015258789,86.6500015258789,0,0,yfinance,2026-07-10T06:58:01.269533+00:00
2026-05-16 21:00:00+00:00,SOL-USD,15m,86.62999725341797,86.7300033569336,86.5999984741211,86.69000244140625,0,0,yfinance,2026-07-10T06:58:01.269533+00:00
2026-05-16 21:15:00+00:00,SOL-USD,15m,86.66999816894531,86.68000030517578,86.58000183105469,86.62000274658203,585728,585728,yfinance,2026-07-10T06:58:01.269533+00:00
2026-05-16 21:30:00+00:00,SOL-USD,15m,86.62999725341797,86.6500015258789,86.45999908447266,86.52999877929688,2094080,2094080,yfinance,2026-07-10T06:58:01.269533+00:00
2026-05-16 21:45:00+00:00,SOL-USD,15m,86.54000091552734,86.58999633789062,86.47000122070312,86.55999755859375,1627392,1627392,yfinance,2026-07-10T06:58:01.269533+00:00
2026-05-16 22:00:00+00:00,SOL-USD,15m,86.52999877929688,86.58000183105469,86.41999816894531,86.55999755859375,0,0,yfinance,2026-07-10T06:58:01.269533+00:00
2026-05-16 22:15:00+00:00,SOL-USD,15m,86.55000305175781,86.66999816894531,86.52999877929688,86.61000061035156,659456,659456,yfinance,2026-07-10T06:58:01.269533+00:00
2026-05-16 22:30:00+00:00,SOL-USD,15m,86.5999984741211,86.62999725341797,86.55000305175781,86.58999633789062,0,0,yfinance,2026-07-10T06:58:01.269533+00:00
2026-05-16 22:45:00+00:00,SOL-USD,15m,86.61000061035156,86.62999725341797,86.4800033569336,86.51000213623047,0,0,yfinance,2026-07-10T06:58:01.269533+00:00
2026-05-16 23:00:00+00:00,SOL-USD,15m,86.5,86.55999755859375,86.44999694824219,86.52999877929688,1363456,1363456,yfinance,2026-07-10T06:58:01.269533+00:00
2026-05-16 23:15:00+00:00,SOL-USD,15m,86.54000091552734,86.66000366210938,86.54000091552734,86.58000183105469,920832,920832,yfinance,2026-07-10T06:58:01.269533+00:00
2026-05-16 23:30:00+00:00,SOL-USD,15m,86.58999633789062,86.62999725341797,86.54000091552734,86.56999969482422,2273536,2273536,yfinance,2026-07-10T06:58:01.269533+00:00
2026-05-16 23:45:00+00:00,SOL-USD,15m,86.62999725341797,86.62999725341797,86.48999786376953,86.51000213623047,0,0,yfinance,2026-07-10T06:58:01.269533+00:00
2026-05-17 00:00:00+00:00,SOL-USD,15m,86.5199966430664,86.69000244140625,86.51000213623047,86.51000213623047,0,0,yfinance,2026-07-10T06:58:01.269533+00:00
2026-05-17 00:15:00+00:00,SOL-USD,15m,86.51000213623047,86.55999755859375,86.4000015258789,86.44999694824219,4286976,4286976,yfinance,2026-07-10T06:58:01.269533+00:00
2026-05-17 00:30:00+00:00,SOL-USD,15m,86.44999694824219,86.5199966430664,86.2699966430664,86.29000091552734,2046720,2046720,yfinance,2026-07-10T06:58:01.269533+00:00
2026-05-17 00:45:00+00:00,SOL-USD,15m,86.26000213623047,86.30000305175781,85.93000030517578,86.05999755859375,6768640,6768640,yfinance,2026-07-10T06:58:01.269533+00:00
2026-05-17 01:00:00+00:00,SOL-USD,15m,86.08999633789062,86.30000305175781,85.87999725341797,86.19000244140625,19247104,19247104,yfinance,2026-07-10T06:58:01.269533+00:00
2026-05-17 01:15:00+00:00,SOL-USD,15m,86.19000244140625,86.20999908447266,85.80000305175781,85.83999633789062,714496,714496,yfinance,2026-07-10T06:58:01.269533+00:00
2026-05-17 01:30:00+00:00,SOL-USD,15m,85.79000091552734,85.9800033569336,85.55000305175781,85.7300033569336,23513088,23513088,yfinance,2026-07-10T06:58:01.269533+00:00
2026-05-17 01:45:00+00:00,SOL-USD,15m,85.73999786376953,85.91000366210938,85.69999694824219,85.7300033569336,9205504,9205504,yfinance,2026-07-10T06:58:01.269533+00:00
2026-05-17 02:00:00+00:00,SOL-USD,15m,85.72000122070312,86.0199966430664,85.72000122070312,85.94999694824219,18944,18944,yfinance,2026-07-10T06:58:01.269533+00:00
2026-05-17 02:15:00+00:00,SOL-USD,15m,85.95999908447266,86.08999633789062,85.88999938964844,86.08999633789062,4034048,4034048,yfinance,2026-07-10T06:58:01.269533+00:00
2026-05-17 02:30:00+00:00,SOL-USD,15m,86.0999984741211,86.19999694824219,85.91999816894531,85.94999694824219,19830272,19830272,yfinance,2026-07-10T06:58:01.269533+00:00
2026-05-17 02:45:00+00:00,SOL-USD,15m,85.93000030517578,86.02999877929688,85.7699966430664,85.97000122070312,30742272,30742272,yfinance,2026-07-10T06:58:01.269533+00:00
2026-05-17 03:00:00+00:00,SOL-USD,15m,85.95999908447266,86.20999908447266,85.95999908447266,86.16000366210938,11192064,11192064,yfinance,2026-07-10T06:58:01.269533+00:00
2026-05-17 03:15:00+00:00,SOL-USD,15m,86.16000366210938,86.29000091552734,86.11000061035156,86.18000030517578,1996800,1996800,yfinance,2026-07-10T06:58:01.269533+00:00
2026-05-17 03:30:00+00:00,SOL-USD,15m,86.18000030517578,86.41000366210938,86.16000366210938,86.4000015258789,6989824,6989824,yfinance,2026-07-10T06:58:01.269533+00:00
2026-05-17 03:45:00+00:00,SOL-USD,15m,86.41999816894531,86.58000183105469,86.41000366210938,86.4800033569336,14452992,14452992,yfinance,2026-07-10T06:58:01.269533+00:00
2026-05-17 04:00:00+00:00,SOL-USD,15m,86.44999694824219,86.62999725341797,86.44000244140625,86.61000061035156,944896,944896,yfinance,2026-07-10T06:58:01.269533+00:00
2026-05-17 04:15:00+00:00,SOL-USD,15m,86.61000061035156,86.87000274658203,86.61000061035156,86.7699966430664,6262528,6262528,yfinance,2026-07-10T06:58:01.269533+00:00
2026-05-17 04:30:00+00:00,SOL-USD,15m,86.76000213623047,86.93000030517578,86.69999694824219,86.87999725341797,0,0,yfinance,2026-07-10T06:58:01.269533+00:00
2026-05-17 04:45:00+00:00,SOL-USD,15m,86.88999938964844,86.91999816894531,86.80000305175781,86.81999969482422,0,0,yfinance,2026-07-10T06:58:01.269533+00:00
2026-05-17 05:00:00+00:00,SOL-USD,15m,86.81999969482422,87.23999786376953,86.80999755859375,87.02999877929688,8956928,8956928,yfinance,2026-07-10T06:58:01.269533+00:00
2026-05-17 05:15:00+00:00,SOL-USD,15m,87.02999877929688,87.05000305175781,86.9000015258789,86.91999816894531,6008832,6008832,yfinance,2026-07-10T06:58:01.269533+00:00
2026-05-17 05:30:00+00:00,SOL-USD,15m,86.91999816894531,87.0,86.86000061035156,86.91999816894531,1789952,1789952,yfinance,2026-07-10T06:58:01.269533+00:00
2026-05-17 05:45:00+00:00,SOL-USD,15m,86.94000244140625,87.0199966430664,86.86000061035156,86.87000274658203,443392,443392,yfinance,2026-07-10T06:58:01.269533+00:00
2026-05-17 06:00:00+00:00,SOL-USD,15m,86.87000274658203,86.9800033569336,86.87000274658203,86.97000122070312,0,0,yfinance,2026-07-10T06:58:01.269533+00:00
2026-05-17 06:15:00+00:00,SOL-USD,15m,86.97000122070312,86.9800033569336,86.73999786376953,86.83999633789062,0,0,yfinance,2026-07-10T06:58:01.269533+00:00
2026-05-17 06:30:00+00:00,SOL-USD,15m,86.83999633789062,86.91999816894531,86.69999694824219,86.72000122070312,1719040,1719040,yfinance,2026-07-10T06:58:01.269533+00:00
2026-05-17 06:45:00+00:00,SOL-USD,15m,86.72000122070312,86.81999969482422,86.70999908447266,86.80999755859375,0,0,yfinance,2026-07-10T06:58:01.269533+00:00
2026-05-17 07:00:00+00:00,SOL-USD,15m,86.81999969482422,86.83999633789062,86.75,86.80000305175781,0,0,yfinance,2026-07-10T06:58:01.269533+00:00
2026-05-17 07:15:00+00:00,SOL-USD,15m,86.80000305175781,86.91999816894531,86.75,86.87000274658203,0,0,yfinance,2026-07-10T06:58:01.269533+00:00
2026-05-17 07:30:00+00:00,SOL-USD,15m,86.87000274658203,87.06999969482422,86.83000183105469,86.9000015258789,0,0,yfinance,2026-07-10T06:58:01.269533+00:00
2026-05-17 07:45:00+00:00,SOL-USD,15m,86.9000015258789,86.97000122070312,86.87999725341797,86.94999694824219,0,0,yfinance,2026-07-10T06:58:01.269533+00:00
2026-05-17 08:00:00+00:00,SOL-USD,15m,86.95999908447266,86.9800033569336,86.69999694824219,86.73999786376953,0,0,yfinance,2026-07-10T06:58:01.269533+00:00
2026-05-17 08:15:00+00:00,SOL-USD,15m,86.7300033569336,86.79000091552734,86.55999755859375,86.6500015258789,0,0,yfinance,2026-07-10T06:58:01.269533+00:00
2026-05-17 08:30:00+00:00,SOL-USD,15m,86.62999725341797,86.75,86.58000183105469,86.66999816894531,387072,387072,yfinance,2026-07-10T06:58:01.269533+00:00
2026-05-17 08:45:00+00:00,SOL-USD,15m,86.66999816894531,86.79000091552734,86.62000274658203,86.77999877929688,870144,870144,yfinance,2026-07-10T06:58:01.269533+00:00
2026-05-17 09:00:00+00:00,SOL-USD,15m,86.79000091552734,86.87999725341797,86.69000244140625,86.86000061035156,1850880,1850880,yfinance,2026-07-10T06:58:01.269533+00:00
2026-05-17 09:15:00+00:00,SOL-USD,15m,86.83999633789062,86.95999908447266,86.75,86.80000305175781,0,0,yfinance,2026-07-10T06:58:01.269533+00:00
2026-05-17 09:30:00+00:00,SOL-USD,15m,86.80000305175781,86.81999969482422,86.69000244140625,86.69999694824219,0,0,yfinance,2026-07-10T06:58:01.269533+00:00
2026-05-17 09:45:00+00:00,SOL-USD,15m,86.69000244140625,86.88999938964844,86.69000244140625,86.8499984741211,0,0,yfinance,2026-07-10T06:58:01.269533+00:00
2026-05-17 10:00:00+00:00,SOL-USD,15m,86.8499984741211,87.18000030517578,86.83000183105469,87.0999984741211,0,0,yfinance,2026-07-10T06:58:01.269533+00:00
2026-05-17 10:15:00+00:00,SOL-USD,15m,87.08999633789062,87.20999908447266,87.0,87.0999984741211,441088,441088,yfinance,2026-07-10T06:58:01.269533+00:00
2026-05-17 10:30:00+00:00,SOL-USD,15m,87.08999633789062,87.08999633789062,86.86000061035156,86.91999816894531,0,0,yfinance,2026-07-10T06:58:01.269533+00:00
2026-05-17 10:45:00+00:00,SOL-USD,15m,86.9000015258789,86.97000122070312,86.77999877929688,86.97000122070312,73728,73728,yfinance,2026-07-10T06:58:01.269533+00:00
2026-05-17 11:00:00+00:00,SOL-USD,15m,86.94999694824219,87.0,86.80999755859375,86.83999633789062,2862592,2862592,yfinance,2026-07-10T06:58:01.269533+00:00
2026-05-17 11:15:00+00:00,SOL-USD,15m,86.83999633789062,86.87000274658203,86.77999877929688,86.81999969482422,0,0,yfinance,2026-07-10T06:58:01.269533+00:00
2026-05-17 11:30:00+00:00,SOL-USD,15m,86.83000183105469,86.94000244140625,86.76000213623047,86.94000244140625,0,0,yfinance,2026-07-10T06:58:01.269533+00:00
2026-05-17 11:45:00+00:00,SOL-USD,15m,86.94000244140625,86.9800033569336,86.83000183105469,86.87000274658203,0,0,yfinance,2026-07-10T06:58:01.269533+00:00
2026-05-17 12:00:00+00:00,SOL-USD,15m,86.87000274658203,86.94999694824219,86.83000183105469,86.88999938964844,0,0,yfinance,2026-07-10T06:58:01.269533+00:00
2026-05-17 12:15:00+00:00,SOL-USD,15m,86.88999938964844,86.97000122070312,86.83999633789062,86.87999725341797,0,0,yfinance,2026-07-10T06:58:01.269533+00:00
2026-05-17 12:30:00+00:00,SOL-USD,15m,86.88999938964844,86.95999908447266,86.86000061035156,86.88999938964844,0,0,yfinance,2026-07-10T06:58:01.269533+00:00
2026-05-17 12:45:00+00:00,SOL-USD,15m,86.9000015258789,86.95999908447266,86.66999816894531,86.73999786376953,899072,899072,yfinance,2026-07-10T06:58:01.269533+00:00
2026-05-17 13:00:00+00:00,SOL-USD,15m,86.70999908447266,86.75,86.44000244140625,86.47000122070312,0,0,yfinance,2026-07-10T06:58:01.269533+00:00
2026-05-17 13:15:00+00:00,SOL-USD,15m,86.4800033569336,86.4800033569336,86.27999877929688,86.45999908447266,9139968,9139968,yfinance,2026-07-10T06:58:01.269533+00:00
2026-05-17 13:30:00+00:00,SOL-USD,15m,86.45999908447266,86.58999633789062,86.4000015258789,86.47000122070312,0,0,yfinance,2026-07-10T06:58:01.269533+00:00
2026-05-17 13:45:00+00:00,SOL-USD,15m,86.47000122070312,86.55999755859375,86.30999755859375,86.37000274658203,957184,957184,yfinance,2026-07-10T06:58:01.269533+00:00
2026-05-17 14:00:00+00:00,SOL-USD,15m,86.37000274658203,86.41000366210938,86.2300033569336,86.30999755859375,3591680,3591680,yfinance,2026-07-10T06:58:01.269533+00:00
2026-05-17 14:15:00+00:00,SOL-USD,15m,86.25,86.43000030517578,85.95999908447266,86.29000091552734,17810944,17810944,yfinance,2026-07-10T06:58:01.269533+00:00
2026-05-17 14:30:00+00:00,SOL-USD,15m,86.30000305175781,86.3499984741211,86.1500015258789,86.2699966430664,2581504,2581504,yfinance,2026-07-10T06:58:01.269533+00:00
2026-05-17 14:45:00+00:00,SOL-USD,15m,86.27999877929688,86.37000274658203,86.25,86.27999877929688,0,0,yfinance,2026-07-10T06:58:01.269533+00:00
2026-05-17 15:00:00+00:00,SOL-USD,15m,86.23999786376953,86.44999694824219,86.16999816894531,86.3499984741211,0,0,yfinance,2026-07-10T06:58:01.269533+00:00
2026-05-17 15:15:00+00:00,SOL-USD,15m,86.31999969482422,86.33000183105469,86.1500015258789,86.2699966430664,0,0,yfinance,2026-07-10T06:58:01.269533+00:00
2026-05-17 15:30:00+00:00,SOL-USD,15m,86.26000213623047,86.43000030517578,86.26000213623047,86.4000015258789,0,0,yfinance,2026-07-10T06:58:01.269533+00:00
2026-05-17 15:45:00+00:00,SOL-USD,15m,86.37999725341797,86.45999908447266,86.37999725341797,86.41999816894531,192768,192768,yfinance,2026-07-10T06:58:01.269533+00:00
2026-05-17 16:00:00+00:00,SOL-USD,15m,86.43000030517578,86.54000091552734,86.41000366210938,86.5,0,0,yfinance,2026-07-10T06:58:01.269533+00:00
2026-05-17 16:15:00+00:00,SOL-USD,15m,86.48999786376953,86.58999633789062,86.41000366210938,86.58999633789062,0,0,yfinance,2026-07-10T06:58:01.269533+00:00
2026-05-17 16:30:00+00:00,SOL-USD,15m,86.5999984741211,86.6500015258789,86.48999786376953,86.55000305175781,0,0,yfinance,2026-07-10T06:58:01.269533+00:00
2026-05-17 16:45:00+00:00,SOL-USD,15m,86.55000305175781,86.55000305175781,86.16999816894531,86.27999877929688,3414784,3414784,yfinance,2026-07-10T06:58:01.269533+00:00
2026-05-17 17:00:00+00:00,SOL-USD,15m,86.29000091552734,86.33000183105469,86.06999969482422,86.12999725341797,4929792,4929792,yfinance,2026-07-10T06:58:01.269533+00:00
2026-05-17 17:15:00+00:00,SOL-USD,15m,86.11000061035156,86.19000244140625,85.9800033569336,86.1500015258789,4958464,4958464,yfinance,2026-07-10T06:58:01.269533+00:00
2026-05-17 17:30:00+00:00,SOL-USD,15m,86.16000366210938,86.22000122070312,85.9800033569336,86.19999694824219,112128,112128,yfinance,2026-07-10T06:58:01.269533+00:00
2026-05-17 17:45:00+00:00,SOL-USD,15m,86.19999694824219,86.26000213623047,86.18000030517578,86.22000122070312,1418496,1418496,yfinance,2026-07-10T06:58:01.269533+00:00
2026-05-17 18:00:00+00:00,SOL-USD,15m,86.22000122070312,86.38999938964844,86.16999816894531,86.19000244140625,6450944,6450944,yfinance,2026-07-10T06:58:01.269533+00:00
2026-05-17 18:15:00+00:00,SOL-USD,15m,86.18000030517578,86.22000122070312,85.98999786376953,86.20999908447266,7625216,7625216,yfinance,2026-07-10T06:58:01.269533+00:00
2026-05-17 18:30:00+00:00,SOL-USD,15m,86.20999908447266,86.25,86.16999816894531,86.19000244140625,6576896,6576896,yfinance,2026-07-10T06:58:01.269533+00:00
2026-05-17 18:45:00+00:00,SOL-USD,15m,86.16000366210938,86.4000015258789,86.13999938964844,86.38999938964844,859136,859136,yfinance,2026-07-10T06:58:01.269533+00:00
2026-05-17 19:00:00+00:00,SOL-USD,15m,86.38999938964844,86.5199966430664,86.37999725341797,86.41000366210938,2748928,2748928,yfinance,2026-07-10T06:58:01.269533+00:00
2026-05-17 19:15:00+00:00,SOL-USD,15m,86.41999816894531,86.52999877929688,86.37000274658203,86.43000030517578,1769984,1769984,yfinance,2026-07-10T06:58:01.269533+00:00
2026-05-17 19:30:00+00:00,SOL-USD,15m,86.43000030517578,86.68000030517578,86.43000030517578,86.63999938964844,0,0,yfinance,2026-07-10T06:58:01.269533+00:00
2026-05-17 19:45:00+00:00,SOL-USD,15m,86.6500015258789,86.88999938964844,86.61000061035156,86.75,13836544,13836544,yfinance,2026-07-10T06:58:01.269533+00:00
2026-05-17 20:00:00+00:00,SOL-USD,15m,86.7699966430664,86.80999755859375,86.63999938964844,86.72000122070312,485376,485376,yfinance,2026-07-10T06:58:01.269533+00:00
2026-05-17 20:15:00+00:00,SOL-USD,15m,86.7300033569336,86.7300033569336,86.52999877929688,86.62000274658203,4990720,4990720,yfinance,2026-07-10T06:58:01.269533+00:00
2026-05-17 20:30:00+00:00,SOL-USD,15m,86.6500015258789,86.7300033569336,86.55999755859375,86.62999725341797,3487744,3487744,yfinance,2026-07-10T06:58:01.269533+00:00
2026-05-17 20:45:00+00:00,SOL-USD,15m,86.63999938964844,86.66000366210938,86.58999633789062,86.6500015258789,2446336,2446336,yfinance,2026-07-10T06:58:01.269533+00:00
2026-05-17 21:00:00+00:00,SOL-USD,15m,86.62999725341797,86.73999786376953,86.55000305175781,86.69999694824219,0,0,yfinance,2026-07-10T06:58:01.269533+00:00
2026-05-17 21:15:00+00:00,SOL-USD,15m,86.69000244140625,86.88999938964844,86.63999938964844,86.88999938964844,4735232,4735232,yfinance,2026-07-10T06:58:01.269533+00:00
2026-05-17 21:30:00+00:00,SOL-USD,15m,86.9000015258789,86.93000030517578,86.79000091552734,86.86000061035156,1688832,1688832,yfinance,2026-07-10T06:58:01.269533+00:00
2026-05-17 21:45:00+00:00,SOL-USD,15m,86.87000274658203,86.91999816894531,86.83000183105469,86.88999938964844,1608960,1608960,yfinance,2026-07-10T06:58:01.269533+00:00
2026-05-17 22:00:00+00:00,SOL-USD,15m,86.8499984741211,86.88999938964844,86.19999694824219,86.30999755859375,16990464,16990464,yfinance,2026-07-10T06:58:01.269533+00:00
2026-05-17 22:15:00+00:00,SOL-USD,15m,86.31999969482422,86.37999725341797,86.0,86.0999984741211,9694720,9694720,yfinance,2026-07-10T06:58:01.269533+00:00
2026-05-17 22:30:00+00:00,SOL-USD,15m,86.06999969482422,86.37999725341797,86.0199966430664,86.27999877929688,17074176,17074176,yfinance,2026-07-10T06:58:01.269533+00:00
2026-05-17 22:45:00+00:00,SOL-USD,15m,86.29000091552734,86.29000091552734,85.98999786376953,86.18000030517578,9424896,9424896,yfinance,2026-07-10T06:58:01.269533+00:00
2026-05-17 23:00:00+00:00,SOL-USD,15m,86.12999725341797,86.16999816894531,85.91999816894531,86.04000091552734,16102656,16102656,yfinance,2026-07-10T06:58:01.269533+00:00
2026-05-17 23:15:00+00:00,SOL-USD,15m,86.04000091552734,86.08999633789062,85.68000030517578,85.76000213623047,25572096,25572096,yfinance,2026-07-10T06:58:01.269533+00:00
2026-05-17 23:30:00+00:00,SOL-USD,15m,85.76000213623047,85.83000183105469,83.47000122070312,84.4800033569336,49430784,49430784,yfinance,2026-07-10T06:58:01.269533+00:00
2026-05-17 23:45:00+00:00,SOL-USD,15m,84.41000366210938,85.27999877929688,84.3499984741211,85.19000244140625,278421248,278421248,yfinance,2026-07-10T06:58:01.269533+00:00
2026-05-18 00:00:00+00:00,SOL-USD,15m,85.18000030517578,85.18000030517578,84.37999725341797,84.8499984741211,63089920,63089920,yfinance,2026-07-10T06:58:01.269533+00:00
2026-05-18 00:15:00+00:00,SOL-USD,15m,84.87000274658203,85.19999694824219,84.77999877929688,85.06999969482422,42294784,42294784,yfinance,2026-07-10T06:58:01.269533+00:00
2026-05-18 00:30:00+00:00,SOL-USD,15m,85.04000091552734,85.16000366210938,84.83999633789062,84.86000061035156,49283840,49283840,yfinance,2026-07-10T06:58:01.269533+00:00
2026-05-18 00:45:00+00:00,SOL-USD,15m,84.8499984741211,85.30999755859375,84.8499984741211,85.30999755859375,15729152,15729152,yfinance,2026-07-10T06:58:01.269533+00:00
2026-05-18 01:00:00+00:00,SOL-USD,15m,85.2699966430664,85.41000366210938,85.0999984741211,85.16000366210938,11570944,11570944,yfinance,2026-07-10T06:58:01.269533+00:00
2026-05-18 01:15:00+00:00,SOL-USD,15m,85.13999938964844,85.16000366210938,84.6500015258789,84.83999633789062,21390592,21390592,yfinance,2026-07-10T06:58:01.269533+00:00
2026-05-18 01:30:00+00:00,SOL-USD,15m,84.83000183105469,84.87999725341797,84.58999633789062,84.69000244140625,174848,174848,yfinance,2026-07-10T06:58:01.269533+00:00
2026-05-18 01:45:00+00:00,SOL-USD,15m,84.66999816894531,85.08000183105469,84.5199966430664,84.94000244140625,7329024,7329024,yfinance,2026-07-10T06:58:01.269533+00:00
2026-05-18 02:00:00+00:00,SOL-USD,15m,84.93000030517578,85.31999969482422,84.83000183105469,85.27999877929688,13466624,13466624,yfinance,2026-07-10T06:58:01.269533+00:00
2026-05-18 02:15:00+00:00,SOL-USD,15m,85.26000213623047,85.30000305175781,84.94999694824219,85.02999877929688,11604992,11604992,yfinance,2026-07-10T06:58:01.269533+00:00
2026-05-18 02:30:00+00:00,SOL-USD,15m,85.01000213623047,85.13999938964844,84.81999969482422,84.93000030517578,0,0,yfinance,2026-07-10T06:58:01.269533+00:00
2026-05-18 02:45:00+00:00,SOL-USD,15m,84.94000244140625,85.02999877929688,84.68000030517578,84.83000183105469,598016,598016,yfinance,2026-07-10T06:58:01.269533+00:00
2026-05-18 03:00:00+00:00,SOL-USD,15m,84.91000366210938,85.20999908447266,84.87999725341797,84.94000244140625,3208704,3208704,yfinance,2026-07-10T06:58:01.269533+00:00
2026-05-18 03:15:00+00:00,SOL-USD,15m,84.9000015258789,85.0,84.7699966430664,84.94000244140625,4103680,4103680,yfinance,2026-07-10T06:58:01.269533+00:00
2026-05-18 03:30:00+00:00,SOL-USD,15m,84.94000244140625,84.94000244140625,84.66999816894531,84.91000366210938,16056064,16056064,yfinance,2026-07-10T06:58:01.269533+00:00
2026-05-18 03:45:00+00:00,SOL-USD,15m,84.9000015258789,84.97000122070312,84.7699966430664,84.80999755859375,7976448,7976448,yfinance,2026-07-10T06:58:01.269533+00:00
2026-05-18 04:00:00+00:00,SOL-USD,15m,84.83999633789062,85.08999633789062,84.83999633789062,85.08000183105469,8067328,8067328,yfinance,2026-07-10T06:58:01.269533+00:00
2026-05-18 04:15:00+00:00,SOL-USD,15m,85.08000183105469,85.11000061035156,84.55999755859375,84.69000244140625,3757056,3757056,yfinance,2026-07-10T06:58:01.269533+00:00
2026-05-18 04:30:00+00:00,SOL-USD,15m,84.69000244140625,85.11000061035156,84.6500015258789,85.08999633789062,2660864,2660864,yfinance,2026-07-10T06:58:01.269533+00:00
2026-05-18 04:45:00+00:00,SOL-USD,15m,85.0999984741211,85.26000213623047,85.0,85.20999908447266,15007232,15007232,yfinance,2026-07-10T06:58:01.269533+00:00
2026-05-18 05:00:00+00:00,SOL-USD,15m,85.2300033569336,85.33000183105469,85.16000366210938,85.26000213623047,3270144,3270144,yfinance,2026-07-10T06:58:01.269533+00:00
2026-05-18 05:15:00+00:00,SOL-USD,15m,85.22000122070312,85.27999877929688,85.0999984741211,85.19999694824219,3689216,3689216,yfinance,2026-07-10T06:58:01.269533+00:00
2026-05-18 05:30:00+00:00,SOL-USD,15m,85.23999786376953,85.26000213623047,84.62000274658203,84.83000183105469,22754816,22754816,yfinance,2026-07-10T06:58:01.269533+00:00
2026-05-18 05:45:00+00:00,SOL-USD,15m,84.83000183105469,84.88999938964844,84.73999786376953,84.81999969482422,25064192,25064192,yfinance,2026-07-10T06:58:01.269533+00:00
2026-05-18 06:00:00+00:00,SOL-USD,15m,84.80999755859375,84.94000244140625,84.30999755859375,84.63999938964844,31747584,31747584,yfinance,2026-07-10T06:58:01.269533+00:00
2026-05-18 06:15:00+00:00,SOL-USD,15m,84.66000366210938,84.83999633789062,84.2699966430664,84.44000244140625,45934336,45934336,yfinance,2026-07-10T06:58:01.269533+00:00
2026-05-18 06:30:00+00:00,SOL-USD,15m,84.4000015258789,84.76000213623047,84.33000183105469,84.6500015258789,24602112,24602112,yfinance,2026-07-10T06:58:01.269533+00:00
2026-05-18 06:45:00+00:00,SOL-USD,15m,84.66000366210938,84.83000183105469,84.61000061035156,84.69000244140625,16976640,16976640,yfinance,2026-07-10T06:58:01.269533+00:00
2026-05-18 07:00:00+00:00,SOL-USD,15m,84.7699966430664,84.8499984741211,84.58999633789062,84.69999694824219,13595392,13595392,yfinance,2026-07-10T06:58:01.269533+00:00
2026-05-18 07:15:00+00:00,SOL-USD,15m,84.68000030517578,84.95999908447266,84.37000274658203,84.88999938964844,9431552,9431552,yfinance,2026-07-10T06:58:01.269533+00:00
2026-05-18 07:30:00+00:00,SOL-USD,15m,84.88999938964844,84.93000030517578,84.4800033569336,84.51000213623047,13879296,13879296,yfinance,2026-07-10T06:58:01.269533+00:00
2026-05-18 07:45:00+00:00,SOL-USD,15m,84.55000305175781,84.7699966430664,84.54000091552734,84.7300033569336,6920704,6920704,yfinance,2026-07-10T06:58:01.269533+00:00
2026-05-18 08:00:00+00:00,SOL-USD,15m,84.69999694824219,84.94999694824219,84.69000244140625,84.76000213623047,20430592,20430592,yfinance,2026-07-10T06:58:01.269533+00:00
2026-05-18 08:15:00+00:00,SOL-USD,15m,84.7300033569336,84.8499984741211,84.70999908447266,84.79000091552734,6949120,6949120,yfinance,2026-07-10T06:58:01.269533+00:00
2026-05-18 08:30:00+00:00,SOL-USD,15m,84.79000091552734,84.79000091552734,84.55999755859375,84.62999725341797,426240,426240,yfinance,2026-07-10T06:58:01.269533+00:00
2026-05-18 08:45:00+00:00,SOL-USD,15m,84.62999725341797,84.86000061035156,84.61000061035156,84.8499984741211,9496064,9496064,yfinance,2026-07-10T06:58:01.269533+00:00
2026-05-18 09:00:00+00:00,SOL-USD,15m,84.8499984741211,84.87000274658203,84.52999877929688,84.55000305175781,0,0,yfinance,2026-07-10T06:58:01.269533+00:00
2026-05-18 09:15:00+00:00,SOL-USD,15m,84.56999969482422,84.69999694824219,84.55999755859375,84.61000061035156,4542208,4542208,yfinance,2026-07-10T06:58:01.269533+00:00
2026-05-18 09:30:00+00:00,SOL-USD,15m,84.5999984741211,84.69999694824219,84.48999786376953,84.56999969482422,2210304,2210304,yfinance,2026-07-10T06:58:01.269533+00:00
2026-05-18 09:45:00+00:00,SOL-USD,15m,84.58000183105469,84.68000030517578,84.41999816894531,84.44999694824219,3070976,3070976,yfinance,2026-07-10T06:58:01.269533+00:00
2026-05-18 10:00:00+00:00,SOL-USD,15m,84.44000244140625,84.45999908447266,84.18000030517578,84.20999908447266,1409792,1409792,yfinance,2026-07-10T06:58:01.269533+00:00
2026-05-18 10:15:00+00:00,SOL-USD,15m,84.19000244140625,84.37999725341797,84.19000244140625,84.31999969482422,0,0,yfinance,2026-07-10T06:58:01.269533+00:00
2026-05-18 10:30:00+00:00,SOL-USD,15m,84.30999755859375,84.37999725341797,84.19000244140625,84.27999877929688,382464,382464,yfinance,2026-07-10T06:58:01.269533+00:00
2026-05-18 10:45:00+00:00,SOL-USD,15m,84.27999877929688,84.43000030517578,84.19000244140625,84.20999908447266,176128,176128,yfinance,2026-07-10T06:58:01.269533+00:00
2026-05-18 11:00:00+00:00,SOL-USD,15m,84.26000213623047,84.2699966430664,84.04000091552734,84.19000244140625,1011456,1011456,yfinance,2026-07-10T06:58:01.269533+00:00
2026-05-18 11:15:00+00:00,SOL-USD,15m,84.18000030517578,84.38999938964844,84.16999816894531,84.26000213623047,4562944,4562944,yfinance,2026-07-10T06:58:01.269533+00:00
2026-05-18 11:30:00+00:00,SOL-USD,15m,84.2699966430664,85.25,84.16000366210938,85.18000030517578,20088576,20088576,yfinance,2026-07-10T06:58:01.269533+00:00
2026-05-18 11:45:00+00:00,SOL-USD,15m,85.16999816894531,85.16999816894531,84.86000061035156,84.93000030517578,48993024,48993024,yfinance,2026-07-10T06:58:01.269533+00:00
2026-05-18 12:00:00+00:00,SOL-USD,15m,84.94000244140625,85.30000305175781,84.94000244140625,85.22000122070312,32908544,32908544,yfinance,2026-07-10T06:58:01.269533+00:00
2026-05-18 12:15:00+00:00,SOL-USD,15m,85.23999786376953,85.43000030517578,85.12000274658203,85.13999938964844,25301760,25301760,yfinance,2026-07-10T06:58:01.269533+00:00
2026-05-18 12:30:00+00:00,SOL-USD,15m,85.13999938964844,85.7300033569336,85.05000305175781,85.66999816894531,34147072,34147072,yfinance,2026-07-10T06:58:01.269533+00:00
2026-05-18 12:45:00+00:00,SOL-USD,15m,85.68000030517578,85.7300033569336,85.41999816894531,85.5199966430664,31864064,31864064,yfinance,2026-07-10T06:58:01.269533+00:00
2026-05-18 13:00:00+00:00,SOL-USD,15m,85.51000213623047,85.51000213623047,85.20999908447266,85.36000061035156,14217216,14217216,yfinance,2026-07-10T06:58:01.269533+00:00
2026-05-18 13:15:00+00:00,SOL-USD,15m,85.31999969482422,85.33999633789062,85.08999633789062,85.0999984741211,4975360,4975360,yfinance,2026-07-10T06:58:01.269533+00:00
2026-05-18 13:30:00+00:00,SOL-USD,15m,85.04000091552734,85.05000305175781,84.30999755859375,84.55000305175781,31330304,31330304,yfinance,2026-07-10T06:58:01.269533+00:00
2026-05-18 13:45:00+00:00,SOL-USD,15m,84.4800033569336,84.91999816894531,84.44000244140625,84.6500015258789,51851264,51851264,yfinance,2026-07-10T06:58:01.269533+00:00
2026-05-18 14:00:00+00:00,SOL-USD,15m,84.58999633789062,84.61000061035156,84.30999755859375,84.37999725341797,20022016,20022016,yfinance,2026-07-10T06:58:01.269533+00:00
2026-05-18 14:15:00+00:00,SOL-USD,15m,84.37000274658203,84.45999908447266,84.0,84.18000030517578,14685696,14685696,yfinance,2026-07-10T06:58:01.269533+00:00
2026-05-18 14:30:00+00:00,SOL-USD,15m,84.20999908447266,84.27999877929688,83.69999694824219,84.0,39734784,39734784,yfinance,2026-07-10T06:58:01.269533+00:00
2026-05-18 14:45:00+00:00,SOL-USD,15m,84.01000213623047,84.05000305175781,83.69000244140625,83.93000030517578,27068672,27068672,yfinance,2026-07-10T06:58:01.269533+00:00
2026-05-18 15:00:00+00:00,SOL-USD,15m,83.88999938964844,84.0,83.55999755859375,83.91999816894531,46962944,46962944,yfinance,2026-07-10T06:58:01.269533+00:00
2026-05-18 15:15:00+00:00,SOL-USD,15m,83.87000274658203,83.94000244140625,83.66000366210938,83.66999816894531,23746560,23746560,yfinance,2026-07-10T06:58:01.269533+00:00
2026-05-18 15:30:00+00:00,SOL-USD,15m,83.66999816894531,84.13999938964844,83.5999984741211,84.08999633789062,30767360,30767360,yfinance,2026-07-10T06:58:01.269533+00:00
2026-05-18 15:45:00+00:00,SOL-USD,15m,84.08000183105469,84.33999633789062,84.04000091552734,84.13999938964844,16055552,16055552,yfinance,2026-07-10T06:58:01.269533+00:00
2026-05-18 16:00:00+00:00,SOL-USD,15m,84.12000274658203,84.3499984741211,84.0199966430664,84.30999755859375,13171456,13171456,yfinance,2026-07-10T06:58:01.269533+00:00
2026-05-18 16:15:00+00:00,SOL-USD,15m,84.31999969482422,84.44000244140625,83.95999908447266,84.0,23424768,23424768,yfinance,2026-07-10T06:58:01.269533+00:00
2026-05-18 16:30:00+00:00,SOL-USD,15m,84.0199966430664,84.33999633789062,83.93000030517578,84.2699966430664,27024896,27024896,yfinance,2026-07-10T06:58:01.269533+00:00
2026-05-18 16:45:00+00:00,SOL-USD,15m,84.30000305175781,84.41999816894531,84.23999786376953,84.26000213623047,8074496,8074496,yfinance,2026-07-10T06:58:01.269533+00:00
2026-05-18 17:00:00+00:00,SOL-USD,15m,84.26000213623047,84.62999725341797,84.18000030517578,84.31999969482422,11169024,11169024,yfinance,2026-07-10T06:58:01.269533+00:00
2026-05-18 17:15:00+00:00,SOL-USD,15m,84.3499984741211,84.5,84.33999633789062,84.38999938964844,3394816,3394816,yfinance,2026-07-10T06:58:01.269533+00:00
2026-05-18 17:30:00+00:00,SOL-USD,15m,84.38999938964844,84.4000015258789,84.19999694824219,84.30999755859375,1864704,1864704,yfinance,2026-07-10T06:58:01.269533+00:00
2026-05-18 17:45:00+00:00,SOL-USD,15m,84.30999755859375,84.4000015258789,84.23999786376953,84.33999633789062,4803584,4803584,yfinance,2026-07-10T06:58:01.269533+00:00
2026-05-18 18:00:00+00:00,SOL-USD,15m,84.31999969482422,84.37000274658203,83.93000030517578,83.95999908447266,806144,806144,yfinance,2026-07-10T06:58:01.269533+00:00
2026-05-18 18:15:00+00:00,SOL-USD,15m,83.88999938964844,83.93000030517578,83.44000244140625,83.75,901888,901888,yfinance,2026-07-10T06:58:01.269533+00:00
2026-05-18 18:30:00+00:00,SOL-USD,15m,83.73999786376953,83.91000366210938,83.70999908447266,83.81999969482422,24311552,24311552,yfinance,2026-07-10T06:58:01.269533+00:00
2026-05-18 18:45:00+00:00,SOL-USD,15m,83.83000183105469,83.88999938964844,83.4800033569336,83.4800033569336,12885760,12885760,yfinance,2026-07-10T06:58:01.269533+00:00
2026-05-18 19:00:00+00:00,SOL-USD,15m,83.44000244140625,84.83999633789062,83.44000244140625,84.5199966430664,76198912,76198912,yfinance,2026-07-10T06:58:01.269533+00:00
2026-05-18 19:15:00+00:00,SOL-USD,15m,84.55000305175781,84.5999984741211,84.27999877929688,84.38999938964844,30083072,30083072,yfinance,2026-07-10T06:58:01.269533+00:00
2026-05-18 19:30:00+00:00,SOL-USD,15m,84.36000061035156,84.9000015258789,84.36000061035156,84.83000183105469,19514624,19514624,yfinance,2026-07-10T06:58:01.269533+00:00
2026-05-18 19:45:00+00:00,SOL-USD,15m,84.86000061035156,85.13999938964844,84.80000305175781,84.94999694824219,25999104,25999104,yfinance,2026-07-10T06:58:01.269533+00:00
2026-05-18 20:00:00+00:00,SOL-USD,15m,84.97000122070312,85.26000213623047,84.94999694824219,85.19999694824219,26085120,26085120,yfinance,2026-07-10T06:58:01.269533+00:00
2026-05-18 20:15:00+00:00,SOL-USD,15m,85.16999816894531,85.31999969482422,85.16000366210938,85.2699966430664,12080896,12080896,yfinance,2026-07-10T06:58:01.269533+00:00
2026-05-18 20:30:00+00:00,SOL-USD,15m,85.27999877929688,85.3499984741211,84.94999694824219,84.98999786376953,9980160,9980160,yfinance,2026-07-10T06:58:01.269533+00:00
2026-05-18 20:45:00+00:00,SOL-USD,15m,85.01000213623047,85.01000213623047,84.77999877929688,84.86000061035156,3954944,3954944,yfinance,2026-07-10T06:58:01.269533+00:00
2026-05-18 21:00:00+00:00,SOL-USD,15m,84.87000274658203,85.08999633789062,84.7300033569336,85.0199966430664,12944896,12944896,yfinance,2026-07-10T06:58:01.269533+00:00
2026-05-18 21:15:00+00:00,SOL-USD,15m,85.04000091552734,85.29000091552734,85.0,85.23999786376953,15063552,15063552,yfinance,2026-07-10T06:58:01.269533+00:00
2026-05-18 21:30:00+00:00,SOL-USD,15m,85.26000213623047,85.5999984741211,85.26000213623047,85.5,30203136,30203136,yfinance,2026-07-10T06:58:01.269533+00:00
2026-05-18 21:45:00+00:00,SOL-USD,15m,85.4800033569336,85.55000305175781,85.37999725341797,85.52999877929688,9722624,9722624,yfinance,2026-07-10T06:58:01.269533+00:00
2026-05-18 22:00:00+00:00,SOL-USD,15m,85.55999755859375,85.62999725341797,85.38999938964844,85.58999633789062,1596160,1596160,yfinance,2026-07-10T06:58:01.269533+00:00
2026-05-18 22:15:00+00:00,SOL-USD,15m,85.56999969482422,85.72000122070312,85.48999786376953,85.48999786376953,1580032,1580032,yfinance,2026-07-10T06:58:01.269533+00:00
2026-05-18 22:30:00+00:00,SOL-USD,15m,85.54000091552734,85.56999969482422,85.31999969482422,85.3499984741211,2156288,2156288,yfinance,2026-07-10T06:58:01.269533+00:00
2026-05-18 22:45:00+00:00,SOL-USD,15m,85.3499984741211,85.41999816894531,85.22000122070312,85.4000015258789,0,0,yfinance,2026-07-10T06:58:01.269533+00:00
2026-05-18 23:00:00+00:00,SOL-USD,15m,85.38999938964844,85.58000183105469,85.37999725341797,85.43000030517578,0,0,yfinance,2026-07-10T06:58:01.269533+00:00
2026-05-18 23:15:00+00:00,SOL-USD,15m,85.41999816894531,85.47000122070312,85.33000183105469,85.4000015258789,0,0,yfinance,2026-07-10T06:58:01.269533+00:00
2026-05-18 23:30:00+00:00,SOL-USD,15m,85.4000015258789,85.5,85.30999755859375,85.5,0,0,yfinance,2026-07-10T06:58:01.269533+00:00
2026-05-18 23:45:00+00:00,SOL-USD,15m,85.47000122070312,85.47000122070312,85.20999908447266,85.30999755859375,0,0,yfinance,2026-07-10T06:58:01.269533+00:00
2026-05-19 00:00:00+00:00,SOL-USD,15m,85.33000183105469,85.55999755859375,85.2699966430664,85.48999786376953,0,0,yfinance,2026-07-10T06:58:01.269533+00:00
2026-05-19 00:15:00+00:00,SOL-USD,15m,85.44999694824219,85.88999938964844,85.43000030517578,85.76000213623047,4071680,4071680,yfinance,2026-07-10T06:58:01.269533+00:00
2026-05-19 00:30:00+00:00,SOL-USD,15m,85.76000213623047,85.80000305175781,85.5199966430664,85.5999984741211,0,0,yfinance,2026-07-10T06:58:01.269533+00:00
2026-05-19 00:45:00+00:00,SOL-USD,15m,85.58999633789062,85.7300033569336,85.5,85.5199966430664,0,0,yfinance,2026-07-10T06:58:01.269533+00:00
2026-05-19 01:00:00+00:00,SOL-USD,15m,85.5,85.54000091552734,85.37000274658203,85.44999694824219,0,0,yfinance,2026-07-10T06:58:01.269533+00:00
2026-05-19 01:15:00+00:00,SOL-USD,15m,85.44000244140625,85.45999908447266,85.0,85.04000091552734,0,0,yfinance,2026-07-10T06:58:01.269533+00:00
2026-05-19 01:30:00+00:00,SOL-USD,15m,84.98999786376953,85.30999755859375,84.95999908447266,85.16999816894531,0,0,yfinance,2026-07-10T06:58:01.269533+00:00
2026-05-19 01:45:00+00:00,SOL-USD,15m,85.18000030517578,85.18000030517578,84.83999633789062,84.83999633789062,0,0,yfinance,2026-07-10T06:58:01.269533+00:00
2026-05-19 02:00:00+00:00,SOL-USD,15m,84.83000183105469,84.91999816894531,84.56999969482422,84.80999755859375,4894976,4894976,yfinance,2026-07-10T06:58:01.269533+00:00
2026-05-19 02:15:00+00:00,SOL-USD,15m,84.79000091552734,85.22000122070312,84.70999908447266,85.04000091552734,839424,839424,yfinance,2026-07-10T06:58:01.269533+00:00
2026-05-19 02:30:00+00:00,SOL-USD,15m,85.0199966430664,85.04000091552734,84.83000183105469,84.87999725341797,2325248,2325248,yfinance,2026-07-10T06:58:01.269533+00:00
2026-05-19 02:45:00+00:00,SOL-USD,15m,84.88999938964844,84.9800033569336,84.72000122070312,84.80000305175781,0,0,yfinance,2026-07-10T06:58:01.269533+00:00
2026-05-19 03:00:00+00:00,SOL-USD,15m,84.7699966430664,84.94999694824219,84.68000030517578,84.94000244140625,457472,457472,yfinance,2026-07-10T06:58:01.269533+00:00
2026-05-19 03:15:00+00:00,SOL-USD,15m,84.94000244140625,85.0999984741211,84.9000015258789,84.97000122070312,1765376,1765376,yfinance,2026-07-10T06:58:01.269533+00:00
2026-05-19 03:30:00+00:00,SOL-USD,15m,84.97000122070312,85.16000366210938,84.97000122070312,85.1500015258789,0,0,yfinance,2026-07-10T06:58:01.269533+00:00
2026-05-19 03:45:00+00:00,SOL-USD,15m,85.1500015258789,85.18000030517578,84.97000122070312,85.01000213623047,0,0,yfinance,2026-07-10T06:58:01.269533+00:00
2026-05-19 04:00:00+00:00,SOL-USD,15m,85.0199966430664,85.26000213623047,84.93000030517578,85.18000030517578,1742848,1742848,yfinance,2026-07-10T06:58:01.269533+00:00
2026-05-19 04:15:00+00:00,SOL-USD,15m,85.16999816894531,85.18000030517578,84.72000122070312,84.7699966430664,0,0,yfinance,2026-07-10T06:58:01.269533+00:00
2026-05-19 04:30:00+00:00,SOL-USD,15m,84.76000213623047,85.12000274658203,84.75,85.05000305175781,3851264,3851264,yfinance,2026-07-10T06:58:01.269533+00:00
2026-05-19 04:45:00+00:00,SOL-USD,15m,85.05000305175781,85.19000244140625,85.04000091552734,85.08999633789062,793088,793088,yfinance,2026-07-10T06:58:01.269533+00:00
2026-05-19 05:00:00+00:00,SOL-USD,15m,85.08999633789062,85.12000274658203,84.8499984741211,84.91000366210938,0,0,yfinance,2026-07-10T06:58:01.269533+00:00
2026-05-19 05:15:00+00:00,SOL-USD,15m,84.9000015258789,84.9000015258789,84.41000366210938,84.7699966430664,6444544,6444544,yfinance,2026-07-10T06:58:01.269533+00:00
2026-05-19 05:30:00+00:00,SOL-USD,15m,84.7300033569336,85.20999908447266,84.72000122070312,85.05000305175781,14822400,14822400,yfinance,2026-07-10T06:58:01.269533+00:00
2026-05-19 05:45:00+00:00,SOL-USD,15m,85.06999969482422,85.22000122070312,85.04000091552734,85.12000274658203,0,0,yfinance,2026-07-10T06:58:01.269533+00:00
2026-05-19 06:00:00+00:00,SOL-USD,15m,85.0999984741211,85.22000122070312,85.05000305175781,85.20999908447266,0,0,yfinance,2026-07-10T06:58:01.269533+00:00
2026-05-19 06:15:00+00:00,SOL-USD,15m,85.22000122070312,85.29000091552734,85.0999984741211,85.2300033569336,0,0,yfinance,2026-07-10T06:58:01.269533+00:00
2026-05-19 06:30:00+00:00,SOL-USD,15m,85.22000122070312,85.51000213623047,85.22000122070312,85.51000213623047,0,0,yfinance,2026-07-10T06:58:01.269533+00:00
2026-05-19 06:45:00+00:00,SOL-USD,15m,85.48999786376953,85.48999786376953,85.18000030517578,85.19999694824219,16316928,16316928,yfinance,2026-07-10T06:58:01.269533+00:00
2026-05-19 07:00:00+00:00,SOL-USD,15m,85.16000366210938,85.38999938964844,85.05999755859375,85.30999755859375,1264896,1264896,yfinance,2026-07-10T06:58:01.269533+00:00
2026-05-19 07:15:00+00:00,SOL-USD,15m,85.33999633789062,85.43000030517578,85.23999786376953,85.2699966430664,1566720,1566720,yfinance,2026-07-10T06:58:01.269533+00:00
2026-05-19 07:30:00+00:00,SOL-USD,15m,85.29000091552734,85.48999786376953,85.26000213623047,85.41999816894531,614400,614400,yfinance,2026-07-10T06:58:01.269533+00:00
2026-05-19 07:45:00+00:00,SOL-USD,15m,85.41000366210938,85.55000305175781,85.37999725341797,85.44000244140625,4575488,4575488,yfinance,2026-07-10T06:58:01.269533+00:00
2026-05-19 08:00:00+00:00,SOL-USD,15m,85.44000244140625,85.44999694824219,84.97000122070312,85.12999725341797,0,0,yfinance,2026-07-10T06:58:01.269533+00:00
2026-05-19 08:15:00+00:00,SOL-USD,15m,85.0999984741211,85.30000305175781,85.0,85.13999938964844,21007872,21007872,yfinance,2026-07-10T06:58:01.269533+00:00
2026-05-19 08:30:00+00:00,SOL-USD,15m,85.18000030517578,85.51000213623047,85.11000061035156,85.31999969482422,9075712,9075712,yfinance,2026-07-10T06:58:01.269533+00:00
2026-05-19 08:45:00+00:00,SOL-USD,15m,85.30999755859375,85.4000015258789,85.16000366210938,85.16000366210938,987904,987904,yfinance,2026-07-10T06:58:01.269533+00:00
2026-05-19 09:00:00+00:00,SOL-USD,15m,85.1500015258789,85.23999786376953,85.08000183105469,85.1500015258789,0,0,yfinance,2026-07-10T06:58:01.269533+00:00
2026-05-19 09:15:00+00:00,SOL-USD,15m,85.13999938964844,85.13999938964844,84.54000091552734,84.54000091552734,4890368,4890368,yfinance,2026-07-10T06:58:01.269533+00:00
2026-05-19 09:30:00+00:00,SOL-USD,15m,84.5199966430664,84.70999908447266,84.43000030517578,84.69000244140625,29996800,29996800,yfinance,2026-07-10T06:58:01.269533+00:00
2026-05-19 09:45:00+00:00,SOL-USD,15m,84.68000030517578,84.75,84.55999755859375,84.69000244140625,8716288,8716288,yfinance,2026-07-10T06:58:01.269533+00:00
2026-05-19 10:00:00+00:00,SOL-USD,15m,84.68000030517578,84.72000122070312,84.55999755859375,84.61000061035156,0,0,yfinance,2026-07-10T06:58:01.269533+00:00
2026-05-19 10:15:00+00:00,SOL-USD,15m,84.62999725341797,84.62999725341797,84.5,84.61000061035156,0,0,yfinance,2026-07-10T06:58:01.269533+00:00
2026-05-19 10:30:00+00:00,SOL-USD,15m,84.62000274658203,84.80999755859375,84.3499984741211,84.37000274658203,2520064,2520064,yfinance,2026-07-10T06:58:01.269533+00:00
2026-05-19 10:45:00+00:00,SOL-USD,15m,84.4000015258789,84.75,84.27999877929688,84.63999938964844,10710784,10710784,yfinance,2026-07-10T06:58:01.269533+00:00
2026-05-19 11:00:00+00:00,SOL-USD,15m,84.66000366210938,84.75,84.5999984741211,84.6500015258789,3064832,3064832,yfinance,2026-07-10T06:58:01.269533+00:00
2026-05-19 11:15:00+00:00,SOL-USD,15m,84.66000366210938,84.69999694824219,84.41999816894531,84.52999877929688,0,0,yfinance,2026-07-10T06:58:01.269533+00:00
2026-05-19 11:30:00+00:00,SOL-USD,15m,84.54000091552734,84.58000183105469,84.16999816894531,84.22000122070312,3184896,3184896,yfinance,2026-07-10T06:58:01.269533+00:00
2026-05-19 11:45:00+00:00,SOL-USD,15m,84.20999908447266,84.43000030517578,84.20999908447266,84.31999969482422,770560,770560,yfinance,2026-07-10T06:58:01.269533+00:00
2026-05-19 12:00:00+00:00,SOL-USD,15m,84.31999969482422,84.51000213623047,84.22000122070312,84.48999786376953,0,0,yfinance,2026-07-10T06:58:01.269533+00:00
2026-05-19 12:15:00+00:00,SOL-USD,15m,84.54000091552734,84.61000061035156,84.48999786376953,84.55000305175781,0,0,yfinance,2026-07-10T06:58:01.269533+00:00
2026-05-19 12:30:00+00:00,SOL-USD,15m,84.55000305175781,84.72000122070312,84.55000305175781,84.68000030517578,0,0,yfinance,2026-07-10T06:58:01.269533+00:00
2026-05-19 12:45:00+00:00,SOL-USD,15m,84.69000244140625,84.7300033569336,84.63999938964844,84.72000122070312,1234688,1234688,yfinance,2026-07-10T06:58:01.269533+00:00
2026-05-19 13:00:00+00:00,SOL-USD,15m,84.72000122070312,84.83999633789062,84.5199966430664,84.62999725341797,0,0,yfinance,2026-07-10T06:58:01.269533+00:00
2026-05-19 13:15:00+00:00,SOL-USD,15m,84.66999816894531,84.66999816894531,84.30999755859375,84.33000183105469,4641280,4641280,yfinance,2026-07-10T06:58:01.269533+00:00
2026-05-19 13:30:00+00:00,SOL-USD,15m,84.36000061035156,85.0199966430664,84.36000061035156,84.55999755859375,0,0,yfinance,2026-07-10T06:58:01.269533+00:00
2026-05-19 13:45:00+00:00,SOL-USD,15m,84.58000183105469,84.9800033569336,84.58000183105469,84.7300033569336,0,0,yfinance,2026-07-10T06:58:01.269533+00:00
2026-05-19 14:00:00+00:00,SOL-USD,15m,84.7300033569336,84.87000274658203,84.29000091552734,84.33000183105469,1310208,1310208,yfinance,2026-07-10T06:58:01.269533+00:00
2026-05-19 14:15:00+00:00,SOL-USD,15m,84.30000305175781,84.3499984741211,84.02999877929688,84.19999694824219,4979200,4979200,yfinance,2026-07-10T06:58:01.269533+00:00
2026-05-19 14:30:00+00:00,SOL-USD,15m,84.22000122070312,84.36000061035156,84.01000213623047,84.19999694824219,3780608,3780608,yfinance,2026-07-10T06:58:01.269533+00:00
2026-05-19 14:45:00+00:00,SOL-USD,15m,84.18000030517578,84.23999786376953,83.66999816894531,84.05000305175781,8372224,8372224,yfinance,2026-07-10T06:58:01.269533+00:00
2026-05-19 15:00:00+00:00,SOL-USD,15m,84.0199966430664,84.31999969482422,83.94999694824219,84.25,0,0,yfinance,2026-07-10T06:58:01.269533+00:00
2026-05-19 15:15:00+00:00,SOL-USD,15m,84.2699966430664,84.4000015258789,83.98999786376953,84.13999938964844,0,0,yfinance,2026-07-10T06:58:01.269533+00:00
2026-05-19 15:30:00+00:00,SOL-USD,15m,84.12999725341797,84.47000122070312,84.12999725341797,84.23999786376953,1296896,1296896,yfinance,2026-07-10T06:58:01.269533+00:00
2026-05-19 15:45:00+00:00,SOL-USD,15m,84.26000213623047,84.37999725341797,84.12999725341797,84.30000305175781,0,0,yfinance,2026-07-10T06:58:01.269533+00:00
2026-05-19 16:00:00+00:00,SOL-USD,15m,84.29000091552734,84.36000061035156,84.06999969482422,84.12999725341797,0,0,yfinance,2026-07-10T06:58:01.269533+00:00
2026-05-19 16:15:00+00:00,SOL-USD,15m,84.16000366210938,84.33999633789062,84.13999938964844,84.30999755859375,0,0,yfinance,2026-07-10T06:58:01.269533+00:00
2026-05-19 16:30:00+00:00,SOL-USD,15m,84.31999969482422,84.66000366210938,84.31999969482422,84.62999725341797,1433344,1433344,yfinance,2026-07-10T06:58:01.269533+00:00
2026-05-19 16:45:00+00:00,SOL-USD,15m,84.66000366210938,84.83000183105469,84.58999633789062,84.75,3549952,3549952,yfinance,2026-07-10T06:58:01.269533+00:00
2026-05-19 17:00:00+00:00,SOL-USD,15m,84.7699966430664,84.87999725341797,84.6500015258789,84.7300033569336,0,0,yfinance,2026-07-10T06:58:01.269533+00:00
2026-05-19 17:15:00+00:00,SOL-USD,15m,84.73999786376953,84.91999816894531,84.62999725341797,84.63999938964844,8335360,8335360,yfinance,2026-07-10T06:58:01.269533+00:00
2026-05-19 17:30:00+00:00,SOL-USD,15m,84.63999938964844,84.73999786376953,84.44999694824219,84.58999633789062,2902784,2902784,yfinance,2026-07-10T06:58:01.269533+00:00
2026-05-19 17:45:00+00:00,SOL-USD,15m,84.5999984741211,84.63999938964844,84.4000015258789,84.5999984741211,3835392,3835392,yfinance,2026-07-10T06:58:01.269533+00:00
2026-05-19 18:00:00+00:00,SOL-USD,15m,84.5999984741211,84.7300033569336,84.51000213623047,84.66000366210938,0,0,yfinance,2026-07-10T06:58:01.269533+00:00
2026-05-19 18:15:00+00:00,SOL-USD,15m,84.63999938964844,84.68000030517578,84.33000183105469,84.3499984741211,0,0,yfinance,2026-07-10T06:58:01.269533+00:00
2026-05-19 18:30:00+00:00,SOL-USD,15m,84.30999755859375,84.41000366210938,84.18000030517578,84.37999725341797,3812352,3812352,yfinance,2026-07-10T06:58:01.269533+00:00
2026-05-19 18:45:00+00:00,SOL-USD,15m,84.41000366210938,84.44999694824219,84.22000122070312,84.29000091552734,0,0,yfinance,2026-07-10T06:58:01.269533+00:00
2026-05-19 19:00:00+00:00,SOL-USD,15m,84.33000183105469,84.63999938964844,84.29000091552734,84.62999725341797,0,0,yfinance,2026-07-10T06:58:01.269533+00:00
2026-05-19 19:15:00+00:00,SOL-USD,15m,84.63999938964844,84.6500015258789,84.18000030517578,84.2300033569336,0,0,yfinance,2026-07-10T06:58:01.269533+00:00
2026-05-19 19:30:00+00:00,SOL-USD,15m,84.26000213623047,84.44000244140625,84.1500015258789,84.38999938964844,732160,732160,yfinance,2026-07-10T06:58:01.269533+00:00
2026-05-19 19:45:00+00:00,SOL-USD,15m,84.4000015258789,84.41999816894531,84.20999908447266,84.2699966430664,0,0,yfinance,2026-07-10T06:58:01.269533+00:00
2026-05-19 20:00:00+00:00,SOL-USD,15m,84.2699966430664,84.44000244140625,84.22000122070312,84.36000061035156,0,0,yfinance,2026-07-10T06:58:01.269533+00:00
2026-05-19 20:15:00+00:00,SOL-USD,15m,84.3499984741211,84.41999816894531,84.30999755859375,84.30999755859375,0,0,yfinance,2026-07-10T06:58:01.269533+00:00
2026-05-19 20:30:00+00:00,SOL-USD,15m,84.33000183105469,84.45999908447266,84.30000305175781,84.37999725341797,3440896,3440896,yfinance,2026-07-10T06:58:01.269533+00:00
2026-05-19 20:45:00+00:00,SOL-USD,15m,84.37999725341797,84.51000213623047,84.37000274658203,84.44999694824219,10093312,10093312,yfinance,2026-07-10T06:58:01.269533+00:00
2026-05-19 21:00:00+00:00,SOL-USD,15m,84.43000030517578,84.58000183105469,84.30999755859375,84.52999877929688,0,0,yfinance,2026-07-10T06:58:01.269533+00:00
2026-05-19 21:15:00+00:00,SOL-USD,15m,84.55000305175781,84.58000183105469,84.44000244140625,84.48999786376953,4200960,4200960,yfinance,2026-07-10T06:58:01.269533+00:00
2026-05-19 21:30:00+00:00,SOL-USD,15m,84.48999786376953,84.56999969482422,84.4800033569336,84.51000213623047,0,0,yfinance,2026-07-10T06:58:01.269533+00:00
2026-05-19 21:45:00+00:00,SOL-USD,15m,84.5199966430664,84.52999877929688,84.37000274658203,84.37000274658203,0,0,yfinance,2026-07-10T06:58:01.269533+00:00
2026-05-19 22:00:00+00:00,SOL-USD,15m,84.3499984741211,84.3499984741211,84.18000030517578,84.20999908447266,0,0,yfinance,2026-07-10T06:58:01.269533+00:00
2026-05-19 22:15:00+00:00,SOL-USD,15m,84.16999816894531,84.20999908447266,84.0,84.02999877929688,1985536,1985536,yfinance,2026-07-10T06:58:01.269533+00:00
2026-05-19 22:30:00+00:00,SOL-USD,15m,83.98999786376953,84.16999816894531,83.94999694824219,84.11000061035156,2408960,2408960,yfinance,2026-07-10T06:58:01.269533+00:00
2026-05-19 22:45:00+00:00,SOL-USD,15m,84.11000061035156,84.12999725341797,84.02999877929688,84.04000091552734,0,0,yfinance,2026-07-10T06:58:01.269533+00:00
2026-05-19 23:00:00+00:00,SOL-USD,15m,84.01000213623047,84.26000213623047,83.95999908447266,84.16999816894531,0,0,yfinance,2026-07-10T06:58:01.269533+00:00
2026-05-19 23:15:00+00:00,SOL-USD,15m,84.18000030517578,84.4000015258789,84.13999938964844,84.37999725341797,1529856,1529856,yfinance,2026-07-10T06:58:01.269533+00:00
2026-05-19 23:30:00+00:00,SOL-USD,15m,84.41000366210938,84.51000213623047,84.31999969482422,84.37999725341797,3916032,3916032,yfinance,2026-07-10T06:58:01.269533+00:00
2026-05-19 23:45:00+00:00,SOL-USD,15m,84.38999938964844,84.38999938964844,84.16999816894531,84.22000122070312,0,0,yfinance,2026-07-10T06:58:01.269533+00:00
2026-05-20 00:00:00+00:00,SOL-USD,15m,84.20999908447266,84.30999755859375,83.93000030517578,83.93000030517578,0,0,yfinance,2026-07-10T06:58:01.269533+00:00
2026-05-20 00:15:00+00:00,SOL-USD,15m,83.94000244140625,84.0999984741211,83.86000061035156,84.0999984741211,4729600,4729600,yfinance,2026-07-10T06:58:01.269533+00:00
2026-05-20 00:30:00+00:00,SOL-USD,15m,84.13999938964844,84.31999969482422,83.9800033569336,84.12000274658203,0,0,yfinance,2026-07-10T06:58:01.269533+00:00
2026-05-20 00:45:00+00:00,SOL-USD,15m,84.13999938964844,84.19999694824219,84.06999969482422,84.13999938964844,1029632,1029632,yfinance,2026-07-10T06:58:01.269533+00:00
2026-05-20 01:00:00+00:00,SOL-USD,15m,84.16000366210938,84.37999725341797,84.02999877929688,84.30000305175781,137216,137216,yfinance,2026-07-10T06:58:01.269533+00:00
2026-05-20 01:15:00+00:00,SOL-USD,15m,84.27999877929688,84.30999755859375,83.80999755859375,83.80999755859375,3499776,3499776,yfinance,2026-07-10T06:58:01.269533+00:00
2026-05-20 01:30:00+00:00,SOL-USD,15m,83.86000061035156,84.0,83.77999877929688,83.94000244140625,2289664,2289664,yfinance,2026-07-10T06:58:01.269533+00:00
2026-05-20 01:45:00+00:00,SOL-USD,15m,83.95999908447266,84.37999725341797,83.87000274658203,84.30000305175781,9182208,9182208,yfinance,2026-07-10T06:58:01.269533+00:00
2026-05-20 02:00:00+00:00,SOL-USD,15m,84.29000091552734,84.3499984741211,84.11000061035156,84.19999694824219,0,0,yfinance,2026-07-10T06:58:01.269533+00:00
2026-05-20 02:15:00+00:00,SOL-USD,15m,84.23999786376953,84.41999816894531,84.1500015258789,84.20999908447266,2315776,2315776,yfinance,2026-07-10T06:58:01.269533+00:00
2026-05-20 02:30:00+00:00,SOL-USD,15m,84.18000030517578,84.18000030517578,83.9800033569336,84.01000213623047,799488,799488,yfinance,2026-07-10T06:58:01.269533+00:00
2026-05-20 02:45:00+00:00,SOL-USD,15m,83.98999786376953,84.11000061035156,83.8499984741211,83.91000366210938,2747904,2747904,yfinance,2026-07-10T06:58:01.269533+00:00
2026-05-20 03:00:00+00:00,SOL-USD,15m,83.9000015258789,83.94999694824219,83.79000091552734,83.93000030517578,272896,272896,yfinance,2026-07-10T06:58:01.269533+00:00
2026-05-20 03:15:00+00:00,SOL-USD,15m,83.93000030517578,84.19000244140625,83.91999816894531,84.16000366210938,0,0,yfinance,2026-07-10T06:58:01.269533+00:00
2026-05-20 03:30:00+00:00,SOL-USD,15m,84.13999938964844,84.18000030517578,84.02999877929688,84.06999969482422,4429824,4429824,yfinance,2026-07-10T06:58:01.269533+00:00
2026-05-20 03:45:00+00:00,SOL-USD,15m,84.06999969482422,84.06999969482422,83.94000244140625,84.0199966430664,0,0,yfinance,2026-07-10T06:58:01.269533+00:00
2026-05-20 04:00:00+00:00,SOL-USD,15m,84.0199966430664,84.12000274658203,83.94999694824219,84.0999984741211,0,0,yfinance,2026-07-10T06:58:01.269533+00:00
2026-05-20 04:15:00+00:00,SOL-USD,15m,84.0999984741211,84.12999725341797,83.97000122070312,83.98999786376953,940544,940544,yfinance,2026-07-10T06:58:01.269533+00:00
2026-05-20 04:30:00+00:00,SOL-USD,15m,84.01000213623047,84.01000213623047,83.80000305175781,83.91999816894531,653568,653568,yfinance,2026-07-10T06:58:01.269533+00:00
2026-05-20 04:45:00+00:00,SOL-USD,15m,83.91999816894531,84.12999725341797,83.91999816894531,84.12999725341797,368128,368128,yfinance,2026-07-10T06:58:01.269533+00:00
2026-05-20 05:00:00+00:00,SOL-USD,15m,84.1500015258789,84.69000244140625,84.1500015258789,84.69000244140625,12719616,12719616,yfinance,2026-07-10T06:58:01.269533+00:00
2026-05-20 05:15:00+00:00,SOL-USD,15m,84.69000244140625,84.69000244140625,84.5199966430664,84.62999725341797,19925504,19925504,yfinance,2026-07-10T06:58:01.269533+00:00
2026-05-20 05:30:00+00:00,SOL-USD,15m,84.63999938964844,84.86000061035156,84.63999938964844,84.69000244140625,4140288,4140288,yfinance,2026-07-10T06:58:01.269533+00:00
2026-05-20 05:45:00+00:00,SOL-USD,15m,84.69000244140625,84.75,84.62000274658203,84.69000244140625,1730816,1730816,yfinance,2026-07-10T06:58:01.269533+00:00
2026-05-20 06:00:00+00:00,SOL-USD,15m,84.69000244140625,84.79000091552734,84.69000244140625,84.79000091552734,4678144,4678144,yfinance,2026-07-10T06:58:01.269533+00:00
2026-05-20 06:15:00+00:00,SOL-USD,15m,84.79000091552734,84.88999938964844,84.73999786376953,84.7699966430664,4689920,4689920,yfinance,2026-07-10T06:58:01.269533+00:00
2026-05-20 06:30:00+00:00,SOL-USD,15m,84.79000091552734,84.8499984741211,84.63999938964844,84.8499984741211,0,0,yfinance,2026-07-10T06:58:01.269533+00:00
2026-05-20 06:45:00+00:00,SOL-USD,15m,84.83999633789062,84.94000244140625,84.73999786376953,84.88999938964844,0,0,yfinance,2026-07-10T06:58:01.269533+00:00
2026-05-20 07:00:00+00:00,SOL-USD,15m,84.91999816894531,84.91999816894531,84.73999786376953,84.80999755859375,1117696,1117696,yfinance,2026-07-10T06:58:01.269533+00:00
2026-05-20 07:15:00+00:00,SOL-USD,15m,84.80999755859375,85.02999877929688,84.75,84.93000030517578,5814528,5814528,yfinance,2026-07-10T06:58:01.269533+00:00
2026-05-20 07:30:00+00:00,SOL-USD,15m,84.93000030517578,84.93000030517578,84.80000305175781,84.80000305175781,2171648,2171648,yfinance,2026-07-10T06:58:01.269533+00:00
2026-05-20 07:45:00+00:00,SOL-USD,15m,84.79000091552734,84.80000305175781,84.61000061035156,84.66999816894531,0,0,yfinance,2026-07-10T06:58:01.269533+00:00
2026-05-20 08:00:00+00:00,SOL-USD,15m,84.68000030517578,84.81999969482422,84.62000274658203,84.7300033569336,0,0,yfinance,2026-07-10T06:58:01.269533+00:00
2026-05-20 08:15:00+00:00,SOL-USD,15m,84.7300033569336,84.79000091552734,84.6500015258789,84.76000213623047,0,0,yfinance,2026-07-10T06:58:01.269533+00:00
2026-05-20 08:30:00+00:00,SOL-USD,15m,84.79000091552734,85.05999755859375,84.79000091552734,85.0,3538432,3538432,yfinance,2026-07-10T06:58:01.269533+00:00
2026-05-20 08:45:00+00:00,SOL-USD,15m,84.98999786376953,85.0,84.87000274658203,84.88999938964844,9232128,9232128,yfinance,2026-07-10T06:58:01.269533+00:00
2026-05-20 09:00:00+00:00,SOL-USD,15m,84.87999725341797,84.97000122070312,84.81999969482422,84.87999725341797,1121792,1121792,yfinance,2026-07-10T06:58:01.269533+00:00
2026-05-20 09:15:00+00:00,SOL-USD,15m,84.87000274658203,84.95999908447266,84.79000091552734,84.94000244140625,3593216,3593216,yfinance,2026-07-10T06:58:01.269533+00:00
2026-05-20 09:30:00+00:00,SOL-USD,15m,84.94000244140625,85.0,84.87000274658203,84.87999725341797,0,0,yfinance,2026-07-10T06:58:01.269533+00:00
2026-05-20 09:45:00+00:00,SOL-USD,15m,84.87999725341797,84.87999725341797,84.76000213623047,84.80000305175781,0,0,yfinance,2026-07-10T06:58:01.269533+00:00
2026-05-20 10:00:00+00:00,SOL-USD,15m,84.80000305175781,84.94000244140625,84.80000305175781,84.87999725341797,0,0,yfinance,2026-07-10T06:58:01.269533+00:00
2026-05-20 10:15:00+00:00,SOL-USD,15m,84.87000274658203,84.94999694824219,84.8499984741211,84.94999694824219,3916544,3916544,yfinance,2026-07-10T06:58:01.269533+00:00
2026-05-20 10:30:00+00:00,SOL-USD,15m,84.94999694824219,85.12000274658203,84.91999816894531,84.97000122070312,5055744,5055744,yfinance,2026-07-10T06:58:01.269533+00:00
2026-05-20 10:45:00+00:00,SOL-USD,15m,84.9800033569336,85.04000091552734,84.87000274658203,84.88999938964844,0,0,yfinance,2026-07-10T06:58:01.269533+00:00
2026-05-20 11:00:00+00:00,SOL-USD,15m,84.87999725341797,84.9800033569336,84.83999633789062,84.87999725341797,0,0,yfinance,2026-07-10T06:58:01.269533+00:00
2026-05-20 11:15:00+00:00,SOL-USD,15m,84.87000274658203,84.91999816894531,84.75,84.75,1448960,1448960,yfinance,2026-07-10T06:58:01.269533+00:00
2026-05-20 11:30:00+00:00,SOL-USD,15m,84.7699966430664,84.8499984741211,84.66000366210938,84.69999694824219,1386496,1386496,yfinance,2026-07-10T06:58:01.269533+00:00
2026-05-20 11:45:00+00:00,SOL-USD,15m,84.69000244140625,84.7300033569336,84.5199966430664,84.62999725341797,1583616,1583616,yfinance,2026-07-10T06:58:01.269533+00:00
2026-05-20 12:00:00+00:00,SOL-USD,15m,84.5999984741211,84.79000091552734,84.52999877929688,84.69999694824219,0,0,yfinance,2026-07-10T06:58:01.269533+00:00
2026-05-20 12:15:00+00:00,SOL-USD,15m,84.69999694824219,84.79000091552734,84.56999969482422,84.79000091552734,1960192,1960192,yfinance,2026-07-10T06:58:01.269533+00:00
2026-05-20 12:30:00+00:00,SOL-USD,15m,84.80000305175781,84.97000122070312,84.79000091552734,84.94000244140625,10007040,10007040,yfinance,2026-07-10T06:58:01.269533+00:00
2026-05-20 12:45:00+00:00,SOL-USD,15m,84.94000244140625,85.23999786376953,84.93000030517578,85.0199966430664,7697408,7697408,yfinance,2026-07-10T06:58:01.269533+00:00
2026-05-20 13:00:00+00:00,SOL-USD,15m,85.04000091552734,85.08000183105469,84.8499984741211,84.86000061035156,0,0,yfinance,2026-07-10T06:58:01.269533+00:00
2026-05-20 13:15:00+00:00,SOL-USD,15m,84.83999633789062,84.91999816894531,84.62999725341797,84.68000030517578,226560,226560,yfinance,2026-07-10T06:58:01.269533+00:00
2026-05-20 13:30:00+00:00,SOL-USD,15m,84.69000244140625,84.73999786376953,84.11000061035156,84.41999816894531,9456384,9456384,yfinance,2026-07-10T06:58:01.269533+00:00
2026-05-20 13:45:00+00:00,SOL-USD,15m,84.44000244140625,84.70999908447266,84.41000366210938,84.62000274658203,10606848,10606848,yfinance,2026-07-10T06:58:01.269533+00:00
2026-05-20 14:00:00+00:00,SOL-USD,15m,84.62999725341797,84.72000122070312,84.29000091552734,84.58000183105469,0,0,yfinance,2026-07-10T06:58:01.269533+00:00
2026-05-20 14:15:00+00:00,SOL-USD,15m,84.5999984741211,85.25,84.5999984741211,85.04000091552734,19975680,19975680,yfinance,2026-07-10T06:58:01.269533+00:00
2026-05-20 14:30:00+00:00,SOL-USD,15m,85.05999755859375,85.5199966430664,85.05999755859375,85.5199966430664,46402816,46402816,yfinance,2026-07-10T06:58:01.269533+00:00
2026-05-20 14:45:00+00:00,SOL-USD,15m,85.55999755859375,86.04000091552734,85.48999786376953,85.80999755859375,50193920,50193920,yfinance,2026-07-10T06:58:01.269533+00:00
2026-05-20 15:00:00+00:00,SOL-USD,15m,85.7699966430664,85.83000183105469,85.3499984741211,85.36000061035156,25370880,25370880,yfinance,2026-07-10T06:58:01.269533+00:00
2026-05-20 15:15:00+00:00,SOL-USD,15m,85.41000366210938,86.16000366210938,85.41000366210938,85.9000015258789,62764544,62764544,yfinance,2026-07-10T06:58:01.269533+00:00
2026-05-20 15:30:00+00:00,SOL-USD,15m,85.93000030517578,85.98999786376953,85.58000183105469,85.69999694824219,17480704,17480704,yfinance,2026-07-10T06:58:01.269533+00:00
2026-05-20 15:45:00+00:00,SOL-USD,15m,85.69999694824219,85.97000122070312,85.69999694824219,85.83999633789062,21856000,21856000,yfinance,2026-07-10T06:58:01.269533+00:00
2026-05-20 16:00:00+00:00,SOL-USD,15m,85.87999725341797,86.37999725341797,85.87999725341797,86.2300033569336,39395840,39395840,yfinance,2026-07-10T06:58:01.269533+00:00
2026-05-20 16:15:00+00:00,SOL-USD,15m,86.19000244140625,86.25,85.47000122070312,85.5999984741211,35569920,35569920,yfinance,2026-07-10T06:58:01.269533+00:00
2026-05-20 16:30:00+00:00,SOL-USD,15m,85.58999633789062,86.13999938964844,85.52999877929688,86.08999633789062,26167808,26167808,yfinance,2026-07-10T06:58:01.269533+00:00
2026-05-20 16:45:00+00:00,SOL-USD,15m,86.16000366210938,86.72000122070312,86.06999969482422,86.4000015258789,167084288,167084288,yfinance,2026-07-10T06:58:01.269533+00:00
2026-05-20 17:00:00+00:00,SOL-USD,15m,86.4000015258789,86.54000091552734,86.23999786376953,86.45999908447266,42666752,42666752,yfinance,2026-07-10T06:58:01.269533+00:00
2026-05-20 17:15:00+00:00,SOL-USD,15m,86.45999908447266,86.80999755859375,86.36000061035156,86.69999694824219,21281536,21281536,yfinance,2026-07-10T06:58:01.269533+00:00
2026-05-20 17:30:00+00:00,SOL-USD,15m,86.75,86.9800033569336,86.5999984741211,86.7699966430664,39770880,39770880,yfinance,2026-07-10T06:58:01.269533+00:00
2026-05-20 17:45:00+00:00,SOL-USD,15m,86.77999877929688,86.81999969482422,86.41000366210938,86.44000244140625,6810112,6810112,yfinance,2026-07-10T06:58:01.269533+00:00
2026-05-20 18:00:00+00:00,SOL-USD,15m,86.45999908447266,86.5,86.29000091552734,86.30999755859375,14632960,14632960,yfinance,2026-07-10T06:58:01.269533+00:00
2026-05-20 18:15:00+00:00,SOL-USD,15m,86.33999633789062,86.43000030517578,85.9800033569336,85.98999786376953,8027392,8027392,yfinance,2026-07-10T06:58:01.269533+00:00
2026-05-20 18:30:00+00:00,SOL-USD,15m,85.9800033569336,86.0999984741211,85.8499984741211,85.88999938964844,62295040,62295040,yfinance,2026-07-10T06:58:01.269533+00:00
2026-05-20 18:45:00+00:00,SOL-USD,15m,85.83999633789062,85.9000015258789,85.61000061035156,85.75,62159360,62159360,yfinance,2026-07-10T06:58:01.269533+00:00
2026-05-20 19:00:00+00:00,SOL-USD,15m,85.72000122070312,85.83000183105469,85.55000305175781,85.7300033569336,14458624,14458624,yfinance,2026-07-10T06:58:01.269533+00:00
2026-05-20 19:15:00+00:00,SOL-USD,15m,85.7300033569336,86.12999725341797,85.70999908447266,86.12999725341797,13027840,13027840,yfinance,2026-07-10T06:58:01.269533+00:00
2026-05-20 19:30:00+00:00,SOL-USD,15m,86.1500015258789,86.19999694824219,86.0,86.08000183105469,7931392,7931392,yfinance,2026-07-10T06:58:01.269533+00:00
2026-05-20 19:45:00+00:00,SOL-USD,15m,86.08000183105469,86.19000244140625,85.9800033569336,86.06999969482422,3633152,3633152,yfinance,2026-07-10T06:58:01.269533+00:00
2026-05-20 20:00:00+00:00,SOL-USD,15m,86.08000183105469,86.1500015258789,85.86000061035156,86.11000061035156,2490112,2490112,yfinance,2026-07-10T06:58:01.269533+00:00
2026-05-20 20:15:00+00:00,SOL-USD,15m,86.12999725341797,86.12999725341797,85.4800033569336,85.88999938964844,14577920,14577920,yfinance,2026-07-10T06:58:01.269533+00:00
2026-05-20 20:30:00+00:00,SOL-USD,15m,85.87999725341797,85.97000122070312,85.70999908447266,85.93000030517578,7003136,7003136,yfinance,2026-07-10T06:58:01.269533+00:00
2026-05-20 20:45:00+00:00,SOL-USD,15m,85.91999816894531,86.13999938964844,85.87000274658203,86.05999755859375,5227008,5227008,yfinance,2026-07-10T06:58:01.269533+00:00
2026-05-20 21:00:00+00:00,SOL-USD,15m,86.06999969482422,86.2300033569336,85.98999786376953,86.20999908447266,0,0,yfinance,2026-07-10T06:58:01.269533+00:00
2026-05-20 21:15:00+00:00,SOL-USD,15m,86.19999694824219,86.22000122070312,85.91000366210938,85.91000366210938,2836736,2836736,yfinance,2026-07-10T06:58:01.269533+00:00
2026-05-20 21:30:00+00:00,SOL-USD,15m,85.88999938964844,86.12999725341797,85.87999725341797,86.05999755859375,8507648,8507648,yfinance,2026-07-10T06:58:01.269533+00:00
2026-05-20 21:45:00+00:00,SOL-USD,15m,86.05999755859375,86.12999725341797,85.88999938964844,85.88999938964844,8118784,8118784,yfinance,2026-07-10T06:58:01.269533+00:00
2026-05-20 22:00:00+00:00,SOL-USD,15m,85.87999725341797,85.87999725341797,85.56999969482422,85.69999694824219,17649664,17649664,yfinance,2026-07-10T06:58:01.269533+00:00
2026-05-20 22:15:00+00:00,SOL-USD,15m,85.69999694824219,86.02999877929688,85.54000091552734,86.02999877929688,22112000,22112000,yfinance,2026-07-10T06:58:01.269533+00:00
2026-05-20 22:30:00+00:00,SOL-USD,15m,86.08000183105469,86.12999725341797,85.83000183105469,85.93000030517578,13084160,13084160,yfinance,2026-07-10T06:58:01.269533+00:00
2026-05-20 22:45:00+00:00,SOL-USD,15m,85.91999816894531,86.05000305175781,85.88999938964844,85.95999908447266,10176768,10176768,yfinance,2026-07-10T06:58:01.269533+00:00
2026-05-20 23:00:00+00:00,SOL-USD,15m,85.87000274658203,85.97000122070312,85.83000183105469,85.88999938964844,12446976,12446976,yfinance,2026-07-10T06:58:01.269533+00:00
2026-05-20 23:15:00+00:00,SOL-USD,15m,85.88999938964844,85.91999816894531,85.77999877929688,85.87000274658203,5618432,5618432,yfinance,2026-07-10T06:58:01.269533+00:00
2026-05-20 23:30:00+00:00,SOL-USD,15m,85.87000274658203,86.0199966430664,85.80000305175781,85.94999694824219,3264256,3264256,yfinance,2026-07-10T06:58:01.269533+00:00
2026-05-20 23:45:00+00:00,SOL-USD,15m,85.91999816894531,86.08999633789062,85.88999938964844,86.08999633789062,7944192,7944192,yfinance,2026-07-10T06:58:01.269533+00:00
2026-05-21 00:00:00+00:00,SOL-USD,15m,86.08999633789062,86.27999877929688,86.0199966430664,86.26000213623047,3156992,3156992,yfinance,2026-07-10T06:58:01.269533+00:00
2026-05-21 00:15:00+00:00,SOL-USD,15m,86.2699966430664,86.3499984741211,86.12999725341797,86.30000305175781,0,0,yfinance,2026-07-10T06:58:01.269533+00:00
2026-05-21 00:30:00+00:00,SOL-USD,15m,86.30000305175781,86.45999908447266,86.2300033569336,86.45999908447266,5365248,5365248,yfinance,2026-07-10T06:58:01.269533+00:00
2026-05-21 00:45:00+00:00,SOL-USD,15m,86.44000244140625,86.73999786376953,86.44000244140625,86.52999877929688,20057344,20057344,yfinance,2026-07-10T06:58:01.269533+00:00
2026-05-21 01:00:00+00:00,SOL-USD,15m,86.55999755859375,86.79000091552734,86.41000366210938,86.79000091552734,5976320,5976320,yfinance,2026-07-10T06:58:01.269533+00:00
2026-05-21 01:15:00+00:00,SOL-USD,15m,86.76000213623047,86.94000244140625,86.36000061035156,86.44000244140625,26413312,26413312,yfinance,2026-07-10T06:58:01.269533+00:00
2026-05-21 01:30:00+00:00,SOL-USD,15m,86.38999938964844,86.55999755859375,86.37000274658203,86.45999908447266,7082496,7082496,yfinance,2026-07-10T06:58:01.269533+00:00
2026-05-21 01:45:00+00:00,SOL-USD,15m,86.44999694824219,86.5999984741211,86.37000274658203,86.45999908447266,2025472,2025472,yfinance,2026-07-10T06:58:01.269533+00:00
2026-05-21 02:00:00+00:00,SOL-USD,15m,86.44000244140625,86.5199966430664,86.36000061035156,86.43000030517578,3063296,3063296,yfinance,2026-07-10T06:58:01.269533+00:00
2026-05-21 02:15:00+00:00,SOL-USD,15m,86.41999816894531,86.77999877929688,86.38999938964844,86.6500015258789,9913088,9913088,yfinance,2026-07-10T06:58:01.269533+00:00
2026-05-21 02:30:00+00:00,SOL-USD,15m,86.63999938964844,86.75,86.58999633789062,86.66000366210938,4473344,4473344,yfinance,2026-07-10T06:58:01.269533+00:00
2026-05-21 02:45:00+00:00,SOL-USD,15m,86.62999725341797,86.68000030517578,86.52999877929688,86.52999877929688,1664256,1664256,yfinance,2026-07-10T06:58:01.269533+00:00
2026-05-21 03:00:00+00:00,SOL-USD,15m,86.5,86.62999725341797,86.44999694824219,86.55000305175781,2984704,2984704,yfinance,2026-07-10T06:58:01.269533+00:00
2026-05-21 03:15:00+00:00,SOL-USD,15m,86.55000305175781,86.7300033569336,86.45999908447266,86.69000244140625,11262976,11262976,yfinance,2026-07-10T06:58:01.269533+00:00
2026-05-21 03:30:00+00:00,SOL-USD,15m,86.66999816894531,86.73999786376953,86.66999816894531,86.69000244140625,7620608,7620608,yfinance,2026-07-10T06:58:01.269533+00:00
2026-05-21 03:45:00+00:00,SOL-USD,15m,86.69999694824219,86.83999633789062,86.61000061035156,86.76000213623047,22853888,22853888,yfinance,2026-07-10T06:58:01.269533+00:00
2026-05-21 04:00:00+00:00,SOL-USD,15m,86.76000213623047,87.06999969482422,86.76000213623047,86.79000091552734,34758400,34758400,yfinance,2026-07-10T06:58:01.269533+00:00
2026-05-21 04:15:00+00:00,SOL-USD,15m,86.79000091552734,86.94999694824219,86.77999877929688,86.87000274658203,18235904,18235904,yfinance,2026-07-10T06:58:01.269533+00:00
2026-05-21 04:30:00+00:00,SOL-USD,15m,86.87000274658203,86.93000030517578,86.68000030517578,86.91000366210938,11391232,11391232,yfinance,2026-07-10T06:58:01.269533+00:00
2026-05-21 04:45:00+00:00,SOL-USD,15m,86.9000015258789,87.08999633789062,86.87000274658203,86.9000015258789,22704896,22704896,yfinance,2026-07-10T06:58:01.269533+00:00
2026-05-21 05:00:00+00:00,SOL-USD,15m,86.87999725341797,87.01000213623047,86.68000030517578,86.69000244140625,25650944,25650944,yfinance,2026-07-10T06:58:01.269533+00:00
2026-05-21 05:15:00+00:00,SOL-USD,15m,86.69999694824219,86.79000091552734,86.55000305175781,86.56999969482422,0,0,yfinance,2026-07-10T06:58:01.269533+00:00
2026-05-21 05:30:00+00:00,SOL-USD,15m,86.55000305175781,86.61000061035156,86.47000122070312,86.54000091552734,0,0,yfinance,2026-07-10T06:58:01.269533+00:00
2026-05-21 05:45:00+00:00,SOL-USD,15m,86.5199966430664,86.55999755859375,86.2699966430664,86.41999816894531,12755456,12755456,yfinance,2026-07-10T06:58:01.269533+00:00
2026-05-21 06:00:00+00:00,SOL-USD,15m,86.41999816894531,86.4800033569336,86.23999786376953,86.30000305175781,0,0,yfinance,2026-07-10T06:58:01.269533+00:00
2026-05-21 06:15:00+00:00,SOL-USD,15m,86.30000305175781,86.43000030517578,86.19000244140625,86.38999938964844,7235584,7235584,yfinance,2026-07-10T06:58:01.269533+00:00
2026-05-21 06:30:00+00:00,SOL-USD,15m,86.38999938964844,86.51000213623047,86.22000122070312,86.25,14363904,14363904,yfinance,2026-07-10T06:58:01.269533+00:00
2026-05-21 06:45:00+00:00,SOL-USD,15m,86.25,86.2699966430664,86.11000061035156,86.22000122070312,1842688,1842688,yfinance,2026-07-10T06:58:01.269533+00:00
2026-05-21 07:00:00+00:00,SOL-USD,15m,86.19000244140625,86.36000061035156,86.16999816894531,86.33000183105469,5542400,5542400,yfinance,2026-07-10T06:58:01.269533+00:00
2026-05-21 07:15:00+00:00,SOL-USD,15m,86.31999969482422,86.44000244140625,86.2300033569336,86.37999725341797,4228864,4228864,yfinance,2026-07-10T06:58:01.269533+00:00
2026-05-21 07:30:00+00:00,SOL-USD,15m,86.41000366210938,86.55000305175781,86.41000366210938,86.51000213623047,4399872,4399872,yfinance,2026-07-10T06:58:01.269533+00:00
2026-05-21 07:45:00+00:00,SOL-USD,15m,86.5,86.6500015258789,86.48999786376953,86.55999755859375,253440,253440,yfinance,2026-07-10T06:58:01.269533+00:00
2026-05-21 08:00:00+00:00,SOL-USD,15m,86.55999755859375,87.05999755859375,86.55000305175781,87.04000091552734,15405568,15405568,yfinance,2026-07-10T06:58:01.269533+00:00
2026-05-21 08:15:00+00:00,SOL-USD,15m,87.08000183105469,87.12000274658203,86.79000091552734,86.95999908447266,22632448,22632448,yfinance,2026-07-10T06:58:01.269533+00:00
2026-05-21 08:30:00+00:00,SOL-USD,15m,86.94999694824219,86.94999694824219,86.69000244140625,86.7699966430664,15651072,15651072,yfinance,2026-07-10T06:58:01.269533+00:00
2026-05-21 08:45:00+00:00,SOL-USD,15m,86.7699966430664,86.81999969482422,86.61000061035156,86.76000213623047,1478144,1478144,yfinance,2026-07-10T06:58:01.269533+00:00
2026-05-21 09:00:00+00:00,SOL-USD,15m,86.73999786376953,86.95999908447266,86.7300033569336,86.79000091552734,33705984,33705984,yfinance,2026-07-10T06:58:01.269533+00:00
2026-05-21 09:15:00+00:00,SOL-USD,15m,86.80999755859375,86.87999725341797,86.72000122070312,86.79000091552734,10693376,10693376,yfinance,2026-07-10T06:58:01.269533+00:00
2026-05-21 09:30:00+00:00,SOL-USD,15m,86.7699966430664,86.81999969482422,86.37999725341797,86.43000030517578,704512,704512,yfinance,2026-07-10T06:58:01.269533+00:00
2026-05-21 09:45:00+00:00,SOL-USD,15m,86.41999816894531,86.48999786376953,86.37999725341797,86.4000015258789,1990656,1990656,yfinance,2026-07-10T06:58:01.269533+00:00
2026-05-21 10:00:00+00:00,SOL-USD,15m,86.38999938964844,86.51000213623047,86.37000274658203,86.51000213623047,1817856,1817856,yfinance,2026-07-10T06:58:01.269533+00:00
2026-05-21 10:15:00+00:00,SOL-USD,15m,86.5199966430664,86.56999969482422,85.69000244140625,85.91000366210938,9182464,9182464,yfinance,2026-07-10T06:58:01.269533+00:00
2026-05-21 10:30:00+00:00,SOL-USD,15m,85.87000274658203,86.01000213623047,85.62999725341797,85.9000015258789,50925568,50925568,yfinance,2026-07-10T06:58:01.269533+00:00
2026-05-21 10:45:00+00:00,SOL-USD,15m,85.88999938964844,85.93000030517578,85.66000366210938,85.66000366210938,14247936,14247936,yfinance,2026-07-10T06:58:01.269533+00:00
2026-05-21 11:00:00+00:00,SOL-USD,15m,85.66000366210938,85.81999969482422,85.56999969482422,85.79000091552734,22786816,22786816,yfinance,2026-07-10T06:58:01.269533+00:00
2026-05-21 11:15:00+00:00,SOL-USD,15m,85.80000305175781,85.86000061035156,85.68000030517578,85.75,8873728,8873728,yfinance,2026-07-10T06:58:01.269533+00:00
2026-05-21 11:30:00+00:00,SOL-USD,15m,85.7699966430664,85.83999633789062,85.61000061035156,85.66999816894531,6957056,6957056,yfinance,2026-07-10T06:58:01.269533+00:00
2026-05-21 11:45:00+00:00,SOL-USD,15m,85.6500015258789,85.66999816894531,85.4800033569336,85.5,5501696,5501696,yfinance,2026-07-10T06:58:01.269533+00:00
2026-05-21 12:00:00+00:00,SOL-USD,15m,85.54000091552734,85.63999938964844,85.41000366210938,85.51000213623047,10414592,10414592,yfinance,2026-07-10T06:58:01.269533+00:00
2026-05-21 12:15:00+00:00,SOL-USD,15m,85.5,85.5999984741211,85.44000244140625,85.44000244140625,13312768,13312768,yfinance,2026-07-10T06:58:01.269533+00:00
2026-05-21 12:30:00+00:00,SOL-USD,15m,85.43000030517578,85.75,85.33999633789062,85.61000061035156,21337600,21337600,yfinance,2026-07-10T06:58:01.269533+00:00
2026-05-21 12:45:00+00:00,SOL-USD,15m,85.61000061035156,85.76000213623047,85.61000061035156,85.66000366210938,1309696,1309696,yfinance,2026-07-10T06:58:01.269533+00:00
2026-05-21 13:00:00+00:00,SOL-USD,15m,85.6500015258789,85.91000366210938,85.62000274658203,85.8499984741211,12840960,12840960,yfinance,2026-07-10T06:58:01.269533+00:00
2026-05-21 13:15:00+00:00,SOL-USD,15m,85.83000183105469,86.0,85.7699966430664,85.95999908447266,11666432,11666432,yfinance,2026-07-10T06:58:01.269533+00:00
2026-05-21 13:30:00+00:00,SOL-USD,15m,85.94000244140625,85.94000244140625,85.2300033569336,85.27999877929688,5512192,5512192,yfinance,2026-07-10T06:58:01.269533+00:00
2026-05-21 13:45:00+00:00,SOL-USD,15m,85.33000183105469,86.02999877929688,85.33000183105469,85.97000122070312,20727808,20727808,yfinance,2026-07-10T06:58:01.269533+00:00
2026-05-21 14:00:00+00:00,SOL-USD,15m,85.9800033569336,86.36000061035156,85.81999969482422,85.93000030517578,37248768,37248768,yfinance,2026-07-10T06:58:01.269533+00:00
2026-05-21 14:15:00+00:00,SOL-USD,15m,85.94000244140625,85.94999694824219,85.52999877929688,85.87999725341797,637184,637184,yfinance,2026-07-10T06:58:01.269533+00:00
2026-05-21 14:30:00+00:00,SOL-USD,15m,85.94000244140625,86.37999725341797,85.88999938964844,85.93000030517578,8758784,8758784,yfinance,2026-07-10T06:58:01.269533+00:00
2026-05-21 14:45:00+00:00,SOL-USD,15m,85.88999938964844,86.01000213623047,85.7300033569336,85.9000015258789,0,0,yfinance,2026-07-10T06:58:01.269533+00:00
2026-05-21 15:00:00+00:00,SOL-USD,15m,85.94000244140625,86.43000030517578,85.83000183105469,86.2699966430664,1262080,1262080,yfinance,2026-07-10T06:58:01.269533+00:00
2026-05-21 15:15:00+00:00,SOL-USD,15m,86.30999755859375,86.79000091552734,86.29000091552734,86.7300033569336,12533760,12533760,yfinance,2026-07-10T06:58:01.269533+00:00
2026-05-21 15:30:00+00:00,SOL-USD,15m,86.7300033569336,86.77999877929688,86.30999755859375,86.33000183105469,14617600,14617600,yfinance,2026-07-10T06:58:01.269533+00:00
2026-05-21 15:45:00+00:00,SOL-USD,15m,86.37999725341797,86.6500015258789,86.22000122070312,86.37000274658203,3876864,3876864,yfinance,2026-07-10T06:58:01.269533+00:00
2026-05-21 16:00:00+00:00,SOL-USD,15m,86.37999725341797,86.5,86.19999694824219,86.25,0,0,yfinance,2026-07-10T06:58:01.269533+00:00
2026-05-21 16:15:00+00:00,SOL-USD,15m,86.26000213623047,86.29000091552734,86.05999755859375,86.20999908447266,1014784,1014784,yfinance,2026-07-10T06:58:01.269533+00:00
2026-05-21 16:30:00+00:00,SOL-USD,15m,86.20999908447266,86.43000030517578,86.0,86.05999755859375,0,0,yfinance,2026-07-10T06:58:01.269533+00:00
2026-05-21 16:45:00+00:00,SOL-USD,15m,86.06999969482422,86.19999694824219,85.95999908447266,86.16999816894531,0,0,yfinance,2026-07-10T06:58:01.269533+00:00
2026-05-21 17:00:00+00:00,SOL-USD,15m,86.20999908447266,86.72000122070312,86.08999633789062,86.62000274658203,13013248,13013248,yfinance,2026-07-10T06:58:01.269533+00:00
2026-05-21 17:15:00+00:00,SOL-USD,15m,86.62000274658203,87.80999755859375,86.61000061035156,87.72000122070312,136232192,136232192,yfinance,2026-07-10T06:58:01.269533+00:00
2026-05-21 17:30:00+00:00,SOL-USD,15m,87.73999786376953,87.87999725341797,87.4000015258789,87.48999786376953,47485440,47485440,yfinance,2026-07-10T06:58:01.269533+00:00
2026-05-21 17:45:00+00:00,SOL-USD,15m,87.51000213623047,87.87000274658203,87.31999969482422,87.52999877929688,85993728,85993728,yfinance,2026-07-10T06:58:01.269533+00:00
2026-05-21 18:00:00+00:00,SOL-USD,15m,87.66000366210938,87.66999816894531,87.26000213623047,87.44999694824219,40069120,40069120,yfinance,2026-07-10T06:58:01.269533+00:00
2026-05-21 18:15:00+00:00,SOL-USD,15m,87.4800033569336,87.69999694824219,87.33000183105469,87.4800033569336,7586304,7586304,yfinance,2026-07-10T06:58:01.269533+00:00
2026-05-21 18:30:00+00:00,SOL-USD,15m,87.4800033569336,87.61000061035156,87.44999694824219,87.52999877929688,0,0,yfinance,2026-07-10T06:58:01.269533+00:00
2026-05-21 18:45:00+00:00,SOL-USD,15m,87.5199966430664,87.5199966430664,86.7300033569336,87.0,17763072,17763072,yfinance,2026-07-10T06:58:01.269533+00:00
2026-05-21 19:00:00+00:00,SOL-USD,15m,87.0,87.48999786376953,87.0,87.37000274658203,13821696,13821696,yfinance,2026-07-10T06:58:01.269533+00:00
2026-05-21 19:15:00+00:00,SOL-USD,15m,87.37999725341797,87.45999908447266,87.27999877929688,87.36000061035156,8769536,8769536,yfinance,2026-07-10T06:58:01.269533+00:00
2026-05-21 19:30:00+00:00,SOL-USD,15m,87.37000274658203,87.58999633789062,87.3499984741211,87.45999908447266,5061632,5061632,yfinance,2026-07-10T06:58:01.269533+00:00
2026-05-21 19:45:00+00:00,SOL-USD,15m,87.44999694824219,87.7699966430664,87.43000030517578,87.73999786376953,12055296,12055296,yfinance,2026-07-10T06:58:01.269533+00:00
2026-05-21 20:00:00+00:00,SOL-USD,15m,87.75,87.83000183105469,87.63999938964844,87.73999786376953,20899328,20899328,yfinance,2026-07-10T06:58:01.269533+00:00
2026-05-21 20:15:00+00:00,SOL-USD,15m,87.75,87.76000213623047,87.58000183105469,87.58999633789062,867328,867328,yfinance,2026-07-10T06:58:01.269533+00:00
2026-05-21 20:30:00+00:00,SOL-USD,15m,87.61000061035156,87.7300033569336,87.48999786376953,87.52999877929688,2072576,2072576,yfinance,2026-07-10T06:58:01.269533+00:00
2026-05-21 20:45:00+00:00,SOL-USD,15m,87.61000061035156,87.7300033569336,87.41999816894531,87.4800033569336,788224,788224,yfinance,2026-07-10T06:58:01.269533+00:00
2026-05-21 21:00:00+00:00,SOL-USD,15m,87.48999786376953,87.62000274658203,87.44000244140625,87.45999908447266,2635520,2635520,yfinance,2026-07-10T06:58:01.269533+00:00
2026-05-21 21:15:00+00:00,SOL-USD,15m,87.45999908447266,87.51000213623047,87.38999938964844,87.38999938964844,2155264,2155264,yfinance,2026-07-10T06:58:01.269533+00:00
2026-05-21 21:30:00+00:00,SOL-USD,15m,87.4000015258789,87.45999908447266,87.2699966430664,87.30000305175781,14591744,14591744,yfinance,2026-07-10T06:58:01.269533+00:00
2026-05-21 21:45:00+00:00,SOL-USD,15m,87.30000305175781,87.41999816894531,87.23999786376953,87.2699966430664,2765568,2765568,yfinance,2026-07-10T06:58:01.269533+00:00
2026-05-21 22:00:00+00:00,SOL-USD,15m,87.27999877929688,87.41000366210938,87.12000274658203,87.2699966430664,0,0,yfinance,2026-07-10T06:58:01.269533+00:00
2026-05-21 22:15:00+00:00,SOL-USD,15m,87.26000213623047,87.30000305175781,87.1500015258789,87.27999877929688,0,0,yfinance,2026-07-10T06:58:01.269533+00:00
2026-05-21 22:30:00+00:00,SOL-USD,15m,87.2699966430664,87.33999633789062,87.05999755859375,87.19000244140625,0,0,yfinance,2026-07-10T06:58:01.269533+00:00
2026-05-21 22:45:00+00:00,SOL-USD,15m,87.20999908447266,87.22000122070312,87.08000183105469,87.11000061035156,0,0,yfinance,2026-07-10T06:58:01.269533+00:00
2026-05-21 23:00:00+00:00,SOL-USD,15m,87.08999633789062,87.23999786376953,86.9800033569336,87.0,57344,57344,yfinance,2026-07-10T06:58:01.269533+00:00
2026-05-21 23:15:00+00:00,SOL-USD,15m,86.9800033569336,87.11000061035156,86.93000030517578,87.05999755859375,626432,626432,yfinance,2026-07-10T06:58:01.269533+00:00
2026-05-21 23:30:00+00:00,SOL-USD,15m,87.05000305175781,87.30000305175781,87.02999877929688,87.19000244140625,9653248,9653248,yfinance,2026-07-10T06:58:01.269533+00:00
2026-05-21 23:45:00+00:00,SOL-USD,15m,87.19000244140625,87.2699966430664,87.11000061035156,87.26000213623047,943360,943360,yfinance,2026-07-10T06:58:01.269533+00:00
2026-05-22 00:00:00+00:00,SOL-USD,15m,87.2699966430664,87.2699966430664,86.97000122070312,86.98999786376953,1289984,1289984,yfinance,2026-07-10T06:58:01.269533+00:00
2026-05-22 00:15:00+00:00,SOL-USD,15m,86.98999786376953,87.12999725341797,86.94999694824219,86.95999908447266,0,0,yfinance,2026-07-10T06:58:01.269533+00:00
2026-05-22 00:30:00+00:00,SOL-USD,15m,86.95999908447266,87.11000061035156,86.81999969482422,86.88999938964844,257024,257024,yfinance,2026-07-10T06:58:01.269533+00:00
2026-05-22 00:45:00+00:00,SOL-USD,15m,86.88999938964844,86.98999786376953,86.76000213623047,86.7699966430664,0,0,yfinance,2026-07-10T06:58:01.269533+00:00
2026-05-22 01:00:00+00:00,SOL-USD,15m,86.73999786376953,86.9000015258789,86.62999725341797,86.87999725341797,6185216,6185216,yfinance,2026-07-10T06:58:01.269533+00:00
2026-05-22 01:15:00+00:00,SOL-USD,15m,86.88999938964844,86.9000015258789,86.66000366210938,86.73999786376953,0,0,yfinance,2026-07-10T06:58:01.269533+00:00
2026-05-22 01:30:00+00:00,SOL-USD,15m,86.72000122070312,86.81999969482422,86.54000091552734,86.76000213623047,0,0,yfinance,2026-07-10T06:58:01.269533+00:00
2026-05-22 01:45:00+00:00,SOL-USD,15m,86.76000213623047,87.0199966430664,86.76000213623047,86.98999786376953,5947648,5947648,yfinance,2026-07-10T06:58:01.269533+00:00
2026-05-22 02:00:00+00:00,SOL-USD,15m,86.98999786376953,87.13999938964844,86.9800033569336,87.02999877929688,2262016,2262016,yfinance,2026-07-10T06:58:01.269533+00:00
2026-05-22 02:15:00+00:00,SOL-USD,15m,87.05000305175781,87.11000061035156,86.9000015258789,86.9800033569336,3443712,3443712,yfinance,2026-07-10T06:58:01.269533+00:00
2026-05-22 02:30:00+00:00,SOL-USD,15m,86.98999786376953,87.05999755859375,86.91999816894531,86.97000122070312,5120,5120,yfinance,2026-07-10T06:58:01.269533+00:00
2026-05-22 02:45:00+00:00,SOL-USD,15m,86.9800033569336,87.16000366210938,86.97000122070312,87.08000183105469,9013504,9013504,yfinance,2026-07-10T06:58:01.269533+00:00
2026-05-22 03:00:00+00:00,SOL-USD,15m,87.08000183105469,87.2300033569336,86.95999908447266,86.98999786376953,1365504,1365504,yfinance,2026-07-10T06:58:01.269533+00:00
2026-05-22 03:15:00+00:00,SOL-USD,15m,87.01000213623047,87.05000305175781,86.83999633789062,86.94000244140625,0,0,yfinance,2026-07-10T06:58:01.269533+00:00
2026-05-22 03:30:00+00:00,SOL-USD,15m,86.97000122070312,87.01000213623047,86.88999938964844,86.91999816894531,1219584,1219584,yfinance,2026-07-10T06:58:01.269533+00:00
2026-05-22 03:45:00+00:00,SOL-USD,15m,86.91999816894531,86.9800033569336,86.88999938964844,86.94999694824219,1592576,1592576,yfinance,2026-07-10T06:58:01.269533+00:00
2026-05-22 04:00:00+00:00,SOL-USD,15m,86.97000122070312,87.22000122070312,86.97000122070312,87.22000122070312,0,0,yfinance,2026-07-10T06:58:01.269533+00:00
2026-05-22 04:15:00+00:00,SOL-USD,15m,87.2300033569336,87.30000305175781,87.08000183105469,87.13999938964844,0,0,yfinance,2026-07-10T06:58:01.269533+00:00
2026-05-22 04:30:00+00:00,SOL-USD,15m,87.16000366210938,87.16000366210938,86.95999908447266,86.97000122070312,0,0,yfinance,2026-07-10T06:58:01.269533+00:00
2026-05-22 04:45:00+00:00,SOL-USD,15m,86.95999908447266,86.95999908447266,86.83999633789062,86.9000015258789,0,0,yfinance,2026-07-10T06:58:01.269533+00:00
2026-05-22 05:00:00+00:00,SOL-USD,15m,86.9000015258789,87.05999755859375,86.8499984741211,87.0,713728,713728,yfinance,2026-07-10T06:58:01.269533+00:00
2026-05-22 05:15:00+00:00,SOL-USD,15m,87.0199966430664,87.04000091552734,86.76000213623047,86.87000274658203,0,0,yfinance,2026-07-10T06:58:01.269533+00:00
2026-05-22 05:30:00+00:00,SOL-USD,15m,86.87000274658203,86.93000030517578,86.69000244140625,86.83999633789062,102656,102656,yfinance,2026-07-10T06:58:01.269533+00:00
2026-05-22 05:45:00+00:00,SOL-USD,15m,86.83000183105469,87.02999877929688,86.68000030517578,86.7300033569336,2482944,2482944,yfinance,2026-07-10T06:58:01.269533+00:00
2026-05-22 06:00:00+00:00,SOL-USD,15m,86.70999908447266,86.75,86.55000305175781,86.63999938964844,938240,938240,yfinance,2026-07-10T06:58:01.269533+00:00
2026-05-22 06:15:00+00:00,SOL-USD,15m,86.61000061035156,86.66999816894531,86.43000030517578,86.51000213623047,0,0,yfinance,2026-07-10T06:58:01.269533+00:00
2026-05-22 06:30:00+00:00,SOL-USD,15m,86.5199966430664,86.73999786376953,86.41999816894531,86.73999786376953,15970048,15970048,yfinance,2026-07-10T06:58:01.269533+00:00
2026-05-22 06:45:00+00:00,SOL-USD,15m,86.69999694824219,86.76000213623047,86.55999755859375,86.62000274658203,2670592,2670592,yfinance,2026-07-10T06:58:01.269533+00:00
2026-05-22 07:00:00+00:00,SOL-USD,15m,86.62000274658203,86.70999908447266,86.44999694824219,86.62999725341797,1899264,1899264,yfinance,2026-07-10T06:58:01.269533+00:00
2026-05-22 07:15:00+00:00,SOL-USD,15m,86.62000274658203,86.94000244140625,86.62000274658203,86.91999816894531,32725760,32725760,yfinance,2026-07-10T06:58:01.269533+00:00
2026-05-22 07:30:00+00:00,SOL-USD,15m,86.94000244140625,87.05999755859375,86.91000366210938,87.02999877929688,13657344,13657344,yfinance,2026-07-10T06:58:01.269533+00:00
2026-05-22 07:45:00+00:00,SOL-USD,15m,87.0199966430664,87.0199966430664,86.87000274658203,86.88999938964844,3689216,3689216,yfinance,2026-07-10T06:58:01.269533+00:00
2026-05-22 08:00:00+00:00,SOL-USD,15m,86.88999938964844,87.08999633789062,86.86000061035156,87.0199966430664,6903552,6903552,yfinance,2026-07-10T06:58:01.269533+00:00
2026-05-22 08:15:00+00:00,SOL-USD,15m,87.0199966430664,87.4000015258789,87.0199966430664,87.37999725341797,856576,856576,yfinance,2026-07-10T06:58:01.269533+00:00
2026-05-22 08:30:00+00:00,SOL-USD,15m,87.38999938964844,87.41999816894531,86.80999755859375,87.05999755859375,7328512,7328512,yfinance,2026-07-10T06:58:01.269533+00:00
2026-05-22 08:45:00+00:00,SOL-USD,15m,87.06999969482422,87.18000030517578,86.94999694824219,87.05000305175781,11655424,11655424,yfinance,2026-07-10T06:58:01.269533+00:00
2026-05-22 09:00:00+00:00,SOL-USD,15m,87.0199966430664,87.16000366210938,86.9800033569336,87.0199966430664,0,0,yfinance,2026-07-10T06:58:01.269533+00:00
2026-05-22 09:15:00+00:00,SOL-USD,15m,87.0,87.19000244140625,86.95999908447266,87.0999984741211,6711040,6711040,yfinance,2026-07-10T06:58:01.269533+00:00
2026-05-22 09:30:00+00:00,SOL-USD,15m,87.12000274658203,87.30000305175781,86.97000122070312,87.19999694824219,9725440,9725440,yfinance,2026-07-10T06:58:01.269533+00:00
2026-05-22 09:45:00+00:00,SOL-USD,15m,87.20999908447266,87.2699966430664,87.05999755859375,87.18000030517578,6212864,6212864,yfinance,2026-07-10T06:58:01.269533+00:00
2026-05-22 10:00:00+00:00,SOL-USD,15m,87.13999938964844,87.19000244140625,86.9800033569336,87.01000213623047,360448,360448,yfinance,2026-07-10T06:58:01.269533+00:00
2026-05-22 10:15:00+00:00,SOL-USD,15m,86.98999786376953,87.0,86.80000305175781,86.95999908447266,1473024,1473024,yfinance,2026-07-10T06:58:01.269533+00:00
2026-05-22 10:30:00+00:00,SOL-USD,15m,86.9800033569336,87.02999877929688,86.88999938964844,87.0199966430664,0,0,yfinance,2026-07-10T06:58:01.269533+00:00
2026-05-22 10:45:00+00:00,SOL-USD,15m,87.01000213623047,87.02999877929688,86.87000274658203,86.91000366210938,0,0,yfinance,2026-07-10T06:58:01.269533+00:00
2026-05-22 11:00:00+00:00,SOL-USD,15m,86.91000366210938,87.0,86.83000183105469,86.87000274658203,0,0,yfinance,2026-07-10T06:58:01.269533+00:00
2026-05-22 11:15:00+00:00,SOL-USD,15m,86.86000061035156,86.86000061035156,86.62999725341797,86.79000091552734,0,0,yfinance,2026-07-10T06:58:01.269533+00:00
2026-05-22 11:30:00+00:00,SOL-USD,15m,86.77999877929688,86.94999694824219,86.77999877929688,86.87999725341797,390656,390656,yfinance,2026-07-10T06:58:01.269533+00:00
2026-05-22 11:45:00+00:00,SOL-USD,15m,86.87999725341797,87.25,86.8499984741211,87.23999786376953,7193856,7193856,yfinance,2026-07-10T06:58:01.269533+00:00
2026-05-22 12:00:00+00:00,SOL-USD,15m,87.23999786376953,87.5999984741211,87.16999816894531,87.52999877929688,0,0,yfinance,2026-07-10T06:58:01.269533+00:00
2026-05-22 12:15:00+00:00,SOL-USD,15m,87.56999969482422,87.58999633789062,87.27999877929688,87.30000305175781,25045760,25045760,yfinance,2026-07-10T06:58:01.269533+00:00
2026-05-22 12:30:00+00:00,SOL-USD,15m,87.30000305175781,87.51000213623047,87.2699966430664,87.44999694824219,0,0,yfinance,2026-07-10T06:58:01.269533+00:00
2026-05-22 12:45:00+00:00,SOL-USD,15m,87.45999908447266,87.69000244140625,87.44000244140625,87.66999816894531,5693184,5693184,yfinance,2026-07-10T06:58:01.269533+00:00
2026-05-22 13:00:00+00:00,SOL-USD,15m,87.69000244140625,87.7699966430664,87.52999877929688,87.62000274658203,1558784,1558784,yfinance,2026-07-10T06:58:01.269533+00:00
2026-05-22 13:15:00+00:00,SOL-USD,15m,87.62000274658203,87.69000244140625,87.33000183105469,87.33000183105469,5448960,5448960,yfinance,2026-07-10T06:58:01.269533+00:00
2026-05-22 13:30:00+00:00,SOL-USD,15m,87.29000091552734,87.45999908447266,87.0199966430664,87.19000244140625,4262656,4262656,yfinance,2026-07-10T06:58:01.269533+00:00
2026-05-22 13:45:00+00:00,SOL-USD,15m,87.23999786376953,87.30999755859375,87.05999755859375,87.30000305175781,1434368,1434368,yfinance,2026-07-10T06:58:01.269533+00:00
2026-05-22 14:00:00+00:00,SOL-USD,15m,87.13999938964844,87.20999908447266,86.72000122070312,86.87999725341797,0,0,yfinance,2026-07-10T06:58:01.269533+00:00
2026-05-22 14:15:00+00:00,SOL-USD,15m,86.83999633789062,86.91999816894531,86.29000091552734,86.55000305175781,3176704,3176704,yfinance,2026-07-10T06:58:01.269533+00:00
2026-05-22 14:30:00+00:00,SOL-USD,15m,86.5,86.7300033569336,86.44999694824219,86.6500015258789,13824768,13824768,yfinance,2026-07-10T06:58:01.269533+00:00
2026-05-22 14:45:00+00:00,SOL-USD,15m,86.6500015258789,86.66999816894531,86.41999816894531,86.5199966430664,1537792,1537792,yfinance,2026-07-10T06:58:01.269533+00:00
2026-05-22 15:00:00+00:00,SOL-USD,15m,86.45999908447266,86.80999755859375,86.43000030517578,86.4800033569336,7505408,7505408,yfinance,2026-07-10T06:58:01.269533+00:00
2026-05-22 15:15:00+00:00,SOL-USD,15m,86.4800033569336,86.63999938964844,86.20999908447266,86.63999938964844,0,0,yfinance,2026-07-10T06:58:01.269533+00:00
2026-05-22 15:30:00+00:00,SOL-USD,15m,86.61000061035156,86.87999725341797,86.5,86.5199966430664,6694656,6694656,yfinance,2026-07-10T06:58:01.269533+00:00
2026-05-22 15:45:00+00:00,SOL-USD,15m,86.5,86.76000213623047,86.47000122070312,86.66999816894531,0,0,yfinance,2026-07-10T06:58:01.269533+00:00
2026-05-22 16:00:00+00:00,SOL-USD,15m,86.66999816894531,86.83999633789062,86.58000183105469,86.69000244140625,0,0,yfinance,2026-07-10T06:58:01.269533+00:00
2026-05-22 16:15:00+00:00,SOL-USD,15m,86.68000030517578,86.79000091552734,86.56999969482422,86.69999694824219,0,0,yfinance,2026-07-10T06:58:01.269533+00:00
2026-05-22 16:30:00+00:00,SOL-USD,15m,86.70999908447266,86.86000061035156,86.62999725341797,86.69999694824219,973568,973568,yfinance,2026-07-10T06:58:01.269533+00:00
2026-05-22 16:45:00+00:00,SOL-USD,15m,86.72000122070312,86.93000030517578,86.72000122070312,86.83000183105469,4474368,4474368,yfinance,2026-07-10T06:58:01.269533+00:00
2026-05-22 17:00:00+00:00,SOL-USD,15m,86.83000183105469,86.93000030517578,86.75,86.80999755859375,0,0,yfinance,2026-07-10T06:58:01.269533+00:00
2026-05-22 17:15:00+00:00,SOL-USD,15m,86.81999969482422,86.93000030517578,86.41999816894531,86.93000030517578,0,0,yfinance,2026-07-10T06:58:01.269533+00:00
2026-05-22 17:30:00+00:00,SOL-USD,15m,87.02999877929688,87.08999633789062,86.7699966430664,86.98999786376953,0,0,yfinance,2026-07-10T06:58:01.269533+00:00
2026-05-22 17:45:00+00:00,SOL-USD,15m,87.0,87.0,86.52999877929688,86.55000305175781,0,0,yfinance,2026-07-10T06:58:01.269533+00:00
2026-05-22 18:00:00+00:00,SOL-USD,15m,86.54000091552734,86.58000183105469,86.30000305175781,86.44000244140625,0,0,yfinance,2026-07-10T06:58:01.269533+00:00
2026-05-22 18:15:00+00:00,SOL-USD,15m,86.41999816894531,86.58999633789062,86.37000274658203,86.43000030517578,0,0,yfinance,2026-07-10T06:58:01.269533+00:00
2026-05-22 18:30:00+00:00,SOL-USD,15m,86.4000015258789,86.43000030517578,85.5999984741211,85.61000061035156,32012288,32012288,yfinance,2026-07-10T06:58:01.269533+00:00
2026-05-22 18:45:00+00:00,SOL-USD,15m,85.5999984741211,85.62000274658203,84.58999633789062,85.36000061035156,70088192,70088192,yfinance,2026-07-10T06:58:01.269533+00:00
2026-05-22 19:00:00+00:00,SOL-USD,15m,85.33999633789062,85.52999877929688,84.87000274658203,85.05000305175781,12849152,12849152,yfinance,2026-07-10T06:58:01.269533+00:00
2026-05-22 19:15:00+00:00,SOL-USD,15m,85.02999877929688,85.20999908447266,84.75,84.87999725341797,17764608,17764608,yfinance,2026-07-10T06:58:01.269533+00:00
2026-05-22 19:30:00+00:00,SOL-USD,15m,84.91999816894531,84.91999816894531,83.98999786376953,84.22000122070312,55488768,55488768,yfinance,2026-07-10T06:58:01.269533+00:00
2026-05-22 19:45:00+00:00,SOL-USD,15m,84.18000030517578,84.73999786376953,84.08000183105469,84.45999908447266,75995136,75995136,yfinance,2026-07-10T06:58:01.269533+00:00
2026-05-22 20:00:00+00:00,SOL-USD,15m,84.45999908447266,84.91000366210938,84.45999908447266,84.7300033569336,26681344,26681344,yfinance,2026-07-10T06:58:01.269533+00:00
2026-05-22 20:15:00+00:00,SOL-USD,15m,84.7699966430664,84.86000061035156,84.62000274658203,84.7699966430664,4713472,4713472,yfinance,2026-07-10T06:58:01.269533+00:00
2026-05-22 20:30:00+00:00,SOL-USD,15m,84.7300033569336,84.80999755859375,84.5199966430664,84.75,27900416,27900416,yfinance,2026-07-10T06:58:01.269533+00:00
2026-05-22 20:45:00+00:00,SOL-USD,15m,84.70999908447266,84.97000122070312,84.6500015258789,84.9000015258789,11759872,11759872,yfinance,2026-07-10T06:58:01.269533+00:00
2026-05-22 21:00:00+00:00,SOL-USD,15m,84.87000274658203,85.0,84.83000183105469,84.94000244140625,1903104,1903104,yfinance,2026-07-10T06:58:01.269533+00:00
2026-05-22 21:15:00+00:00,SOL-USD,15m,84.91999816894531,85.12000274658203,84.86000061035156,85.08999633789062,9004032,9004032,yfinance,2026-07-10T06:58:01.269533+00:00
2026-05-22 21:30:00+00:00,SOL-USD,15m,85.08999633789062,85.19000244140625,85.01000213623047,85.02999877929688,4375296,4375296,yfinance,2026-07-10T06:58:01.269533+00:00
2026-05-22 21:45:00+00:00,SOL-USD,15m,85.04000091552734,85.19000244140625,85.04000091552734,85.06999969482422,531712,531712,yfinance,2026-07-10T06:58:01.269533+00:00
2026-05-22 22:00:00+00:00,SOL-USD,15m,85.08999633789062,85.11000061035156,84.97000122070312,85.0999984741211,0,0,yfinance,2026-07-10T06:58:01.269533+00:00
2026-05-22 22:15:00+00:00,SOL-USD,15m,85.08999633789062,85.11000061035156,84.86000061035156,84.88999938964844,4120576,4120576,yfinance,2026-07-10T06:58:01.269533+00:00
2026-05-22 22:30:00+00:00,SOL-USD,15m,84.88999938964844,85.0,84.72000122070312,84.80000305175781,8092672,8092672,yfinance,2026-07-10T06:58:01.269533+00:00
2026-05-22 22:45:00+00:00,SOL-USD,15m,84.80000305175781,84.9000015258789,84.80000305175781,84.86000061035156,11764992,11764992,yfinance,2026-07-10T06:58:01.269533+00:00
2026-05-22 23:00:00+00:00,SOL-USD,15m,84.87999725341797,85.05000305175781,84.87999725341797,85.01000213623047,6698752,6698752,yfinance,2026-07-10T06:58:01.269533+00:00
2026-05-22 23:15:00+00:00,SOL-USD,15m,85.01000213623047,85.0199966430664,84.5999984741211,84.5999984741211,0,0,yfinance,2026-07-10T06:58:01.269533+00:00
2026-05-22 23:30:00+00:00,SOL-USD,15m,84.62000274658203,84.80000305175781,84.56999969482422,84.77999877929688,4418560,4418560,yfinance,2026-07-10T06:58:01.269533+00:00
2026-05-22 23:45:00+00:00,SOL-USD,15m,84.75,84.75,83.91000366210938,84.29000091552734,54738944,54738944,yfinance,2026-07-10T06:58:01.269533+00:00
2026-05-23 00:00:00+00:00,SOL-USD,15m,84.31999969482422,84.44000244140625,84.08000183105469,84.16999816894531,15542272,15542272,yfinance,2026-07-10T06:58:01.269533+00:00
2026-05-23 00:15:00+00:00,SOL-USD,15m,84.16999816894531,84.29000091552734,84.08999633789062,84.2699966430664,19544832,19544832,yfinance,2026-07-10T06:58:01.269533+00:00
2026-05-23 00:30:00+00:00,SOL-USD,15m,84.26000213623047,84.30999755859375,83.9800033569336,84.16000366210938,23332096,23332096,yfinance,2026-07-10T06:58:01.269533+00:00
2026-05-23 00:45:00+00:00,SOL-USD,15m,84.13999938964844,84.37999725341797,84.13999938964844,84.33000183105469,68698880,68698880,yfinance,2026-07-10T06:58:01.269533+00:00
2026-05-23 01:00:00+00:00,SOL-USD,15m,84.3499984741211,84.52999877929688,84.27999877929688,84.30999755859375,9566464,9566464,yfinance,2026-07-10T06:58:01.269533+00:00
2026-05-23 01:15:00+00:00,SOL-USD,15m,84.30999755859375,84.4800033569336,84.20999908447266,84.47000122070312,2733056,2733056,yfinance,2026-07-10T06:58:01.269533+00:00
2026-05-23 01:30:00+00:00,SOL-USD,15m,84.4800033569336,84.54000091552734,84.41999816894531,84.48999786376953,963584,963584,yfinance,2026-07-10T06:58:01.269533+00:00
2026-05-23 01:45:00+00:00,SOL-USD,15m,84.48999786376953,84.51000213623047,84.33999633789062,84.41999816894531,3358976,3358976,yfinance,2026-07-10T06:58:01.269533+00:00
2026-05-23 02:00:00+00:00,SOL-USD,15m,84.44999694824219,84.48999786376953,84.2699966430664,84.2699966430664,1313536,1313536,yfinance,2026-07-10T06:58:01.269533+00:00
2026-05-23 02:15:00+00:00,SOL-USD,15m,84.27999877929688,84.37000274658203,84.12999725341797,84.22000122070312,323584,323584,yfinance,2026-07-10T06:58:01.269533+00:00
2026-05-23 02:30:00+00:00,SOL-USD,15m,84.2300033569336,84.33000183105469,84.19999694824219,84.30999755859375,1334272,1334272,yfinance,2026-07-10T06:58:01.269533+00:00
2026-05-23 02:45:00+00:00,SOL-USD,15m,84.30999755859375,84.45999908447266,84.27999877929688,84.44000244140625,0,0,yfinance,2026-07-10T06:58:01.269533+00:00
2026-05-23 03:00:00+00:00,SOL-USD,15m,84.41000366210938,84.51000213623047,84.38999938964844,84.5,18513664,18513664,yfinance,2026-07-10T06:58:01.269533+00:00
2026-05-23 03:15:00+00:00,SOL-USD,15m,84.47000122070312,84.54000091552734,84.41000366210938,84.5199966430664,146432,146432,yfinance,2026-07-10T06:58:01.269533+00:00
2026-05-23 03:30:00+00:00,SOL-USD,15m,84.51000213623047,84.62999725341797,84.51000213623047,84.5999984741211,348160,348160,yfinance,2026-07-10T06:58:01.269533+00:00
2026-05-23 03:45:00+00:00,SOL-USD,15m,84.58999633789062,84.6500015258789,84.54000091552734,84.58000183105469,862976,862976,yfinance,2026-07-10T06:58:01.269533+00:00
2026-05-23 04:00:00+00:00,SOL-USD,15m,84.58000183105469,84.61000061035156,84.51000213623047,84.56999969482422,0,0,yfinance,2026-07-10T06:58:01.269533+00:00
2026-05-23 04:15:00+00:00,SOL-USD,15m,84.55999755859375,84.58000183105469,84.38999938964844,84.44000244140625,1162752,1162752,yfinance,2026-07-10T06:58:01.269533+00:00
2026-05-23 04:30:00+00:00,SOL-USD,15m,84.44000244140625,84.55000305175781,84.25,84.29000091552734,55889920,55889920,yfinance,2026-07-10T06:58:01.269533+00:00
2026-05-23 04:45:00+00:00,SOL-USD,15m,84.27999877929688,84.37000274658203,84.27999877929688,84.30999755859375,1589248,1589248,yfinance,2026-07-10T06:58:01.269533+00:00
2026-05-23 05:00:00+00:00,SOL-USD,15m,84.31999969482422,84.33999633789062,84.18000030517578,84.2699966430664,1553408,1553408,yfinance,2026-07-10T06:58:01.269533+00:00
2026-05-23 05:15:00+00:00,SOL-USD,15m,84.26000213623047,84.37999725341797,84.08999633789062,84.12999725341797,4211456,4211456,yfinance,2026-07-10T06:58:01.269533+00:00
2026-05-23 05:30:00+00:00,SOL-USD,15m,84.12999725341797,84.3499984741211,84.11000061035156,84.3499984741211,4846848,4846848,yfinance,2026-07-10T06:58:01.269533+00:00
2026-05-23 05:45:00+00:00,SOL-USD,15m,84.33999633789062,84.37000274658203,84.29000091552734,84.36000061035156,334080,334080,yfinance,2026-07-10T06:58:01.269533+00:00
2026-05-23 06:00:00+00:00,SOL-USD,15m,84.3499984741211,84.38999938964844,84.27999877929688,84.31999969482422,0,0,yfinance,2026-07-10T06:58:01.269533+00:00
2026-05-23 06:15:00+00:00,SOL-USD,15m,84.31999969482422,84.37999725341797,84.26000213623047,84.30000305175781,0,0,yfinance,2026-07-10T06:58:01.269533+00:00
2026-05-23 06:30:00+00:00,SOL-USD,15m,84.29000091552734,84.38999938964844,84.16000366210938,84.23999786376953,3427584,3427584,yfinance,2026-07-10T06:58:01.269533+00:00
2026-05-23 06:45:00+00:00,SOL-USD,15m,84.23999786376953,84.23999786376953,84.08999633789062,84.16000366210938,827904,827904,yfinance,2026-07-10T06:58:01.269533+00:00
2026-05-23 07:00:00+00:00,SOL-USD,15m,84.16999816894531,84.22000122070312,84.0199966430664,84.13999938964844,1521408,1521408,yfinance,2026-07-10T06:58:01.269533+00:00
2026-05-23 07:15:00+00:00,SOL-USD,15m,84.12000274658203,84.12000274658203,83.93000030517578,84.02999877929688,0,0,yfinance,2026-07-10T06:58:01.269533+00:00
2026-05-23 07:30:00+00:00,SOL-USD,15m,84.02999877929688,84.02999877929688,83.72000122070312,83.80999755859375,13590016,13590016,yfinance,2026-07-10T06:58:01.269533+00:00
2026-05-23 07:45:00+00:00,SOL-USD,15m,83.80000305175781,83.80000305175781,81.4800033569336,82.13999938964844,295187712,295187712,yfinance,2026-07-10T06:58:01.269533+00:00
2026-05-23 08:00:00+00:00,SOL-USD,15m,82.12999725341797,82.19999694824219,81.81999969482422,81.91000366210938,108295680,108295680,yfinance,2026-07-10T06:58:01.269533+00:00
2026-05-23 08:15:00+00:00,SOL-USD,15m,81.91999816894531,82.25,81.91999816894531,81.98999786376953,54086656,54086656,yfinance,2026-07-10T06:58:01.269533+00:00
2026-05-23 08:30:00+00:00,SOL-USD,15m,81.98999786376953,82.0,81.61000061035156,81.7699966430664,21685248,21685248,yfinance,2026-07-10T06:58:01.269533+00:00
2026-05-23 08:45:00+00:00,SOL-USD,15m,81.76000213623047,82.04000091552734,81.73999786376953,82.04000091552734,24021760,24021760,yfinance,2026-07-10T06:58:01.269533+00:00
2026-05-23 09:00:00+00:00,SOL-USD,15m,82.02999877929688,82.0999984741211,81.91000366210938,81.97000122070312,23407616,23407616,yfinance,2026-07-10T06:58:01.269533+00:00
2026-05-23 09:15:00+00:00,SOL-USD,15m,81.9800033569336,82.0199966430664,81.91000366210938,82.0,2923008,2923008,yfinance,2026-07-10T06:58:01.269533+00:00
2026-05-23 09:30:00+00:00,SOL-USD,15m,81.9800033569336,82.04000091552734,81.88999938964844,82.01000213623047,658432,658432,yfinance,2026-07-10T06:58:01.269533+00:00
2026-05-23 09:45:00+00:00,SOL-USD,15m,82.01000213623047,82.05000305175781,81.88999938964844,81.91000366210938,4503808,4503808,yfinance,2026-07-10T06:58:01.269533+00:00
2026-05-23 10:00:00+00:00,SOL-USD,15m,81.91000366210938,82.16999816894531,81.91000366210938,82.16999816894531,4127744,4127744,yfinance,2026-07-10T06:58:01.269533+00:00
2026-05-23 10:15:00+00:00,SOL-USD,15m,82.16999816894531,82.22000122070312,82.11000061035156,82.22000122070312,2153728,2153728,yfinance,2026-07-10T06:58:01.269533+00:00
2026-05-23 10:30:00+00:00,SOL-USD,15m,82.19000244140625,82.2699966430664,82.1500015258789,82.23999786376953,1987328,1987328,yfinance,2026-07-10T06:58:01.269533+00:00
2026-05-23 10:45:00+00:00,SOL-USD,15m,82.26000213623047,82.27999877929688,82.12000274658203,82.16000366210938,9501440,9501440,yfinance,2026-07-10T06:58:01.269533+00:00
2026-05-23 11:00:00+00:00,SOL-USD,15m,82.16000366210938,82.27999877929688,82.13999938964844,82.25,4306176,4306176,yfinance,2026-07-10T06:58:01.269533+00:00
2026-05-23 11:15:00+00:00,SOL-USD,15m,82.23999786376953,82.37999725341797,82.23999786376953,82.3499984741211,2541312,2541312,yfinance,2026-07-10T06:58:01.269533+00:00
2026-05-23 11:30:00+00:00,SOL-USD,15m,82.3499984741211,82.37000274658203,82.26000213623047,82.26000213623047,964096,964096,yfinance,2026-07-10T06:58:01.269533+00:00
2026-05-23 11:45:00+00:00,SOL-USD,15m,82.26000213623047,82.30000305175781,82.20999908447266,82.20999908447266,0,0,yfinance,2026-07-10T06:58:01.269533+00:00
2026-05-23 12:00:00+00:00,SOL-USD,15m,82.19999694824219,82.26000213623047,82.1500015258789,82.19999694824219,0,0,yfinance,2026-07-10T06:58:01.269533+00:00
2026-05-23 12:15:00+00:00,SOL-USD,15m,82.20999908447266,82.25,82.06999969482422,82.20999908447266,0,0,yfinance,2026-07-10T06:58:01.269533+00:00
2026-05-23 12:30:00+00:00,SOL-USD,15m,82.20999908447266,82.30999755859375,82.20999908447266,82.23999786376953,204032,204032,yfinance,2026-07-10T06:58:01.269533+00:00
2026-05-23 12:45:00+00:00,SOL-USD,15m,82.23999786376953,82.45999908447266,82.23999786376953,82.38999938964844,0,0,yfinance,2026-07-10T06:58:01.269533+00:00
2026-05-23 13:00:00+00:00,SOL-USD,15m,82.38999938964844,82.87000274658203,82.38999938964844,82.79000091552734,30271744,30271744,yfinance,2026-07-10T06:58:01.269533+00:00
2026-05-23 13:15:00+00:00,SOL-USD,15m,82.79000091552734,83.19000244140625,82.79000091552734,83.12000274658203,15262976,15262976,yfinance,2026-07-10T06:58:01.269533+00:00
2026-05-23 13:30:00+00:00,SOL-USD,15m,83.13999938964844,83.2300033569336,82.91000366210938,83.0,3760384,3760384,yfinance,2026-07-10T06:58:01.269533+00:00
2026-05-23 13:45:00+00:00,SOL-USD,15m,83.01000213623047,83.31999969482422,83.01000213623047,83.12999725341797,2314752,2314752,yfinance,2026-07-10T06:58:01.269533+00:00
2026-05-23 14:00:00+00:00,SOL-USD,15m,83.13999938964844,83.25,83.01000213623047,83.22000122070312,0,0,yfinance,2026-07-10T06:58:01.269533+00:00
2026-05-23 14:15:00+00:00,SOL-USD,15m,83.22000122070312,83.4800033569336,83.20999908447266,83.4800033569336,0,0,yfinance,2026-07-10T06:58:01.269533+00:00
2026-05-23 14:30:00+00:00,SOL-USD,15m,83.4800033569336,83.88999938964844,83.4000015258789,83.87000274658203,4708864,4708864,yfinance,2026-07-10T06:58:01.269533+00:00
2026-05-23 14:45:00+00:00,SOL-USD,15m,83.86000061035156,84.36000061035156,83.66999816894531,84.04000091552734,11508224,11508224,yfinance,2026-07-10T06:58:01.269533+00:00
2026-05-23 15:00:00+00:00,SOL-USD,15m,84.05000305175781,84.43000030517578,83.94000244140625,84.31999969482422,30470144,30470144,yfinance,2026-07-10T06:58:01.269533+00:00
2026-05-23 15:15:00+00:00,SOL-USD,15m,84.30000305175781,84.30000305175781,83.81999969482422,83.83999633789062,12081408,12081408,yfinance,2026-07-10T06:58:01.269533+00:00
2026-05-23 15:30:00+00:00,SOL-USD,15m,83.83000183105469,83.87000274658203,83.55000305175781,83.7699966430664,6805504,6805504,yfinance,2026-07-10T06:58:01.269533+00:00
2026-05-23 15:45:00+00:00,SOL-USD,15m,83.77999877929688,84.01000213623047,83.77999877929688,84.0,16364800,16364800,yfinance,2026-07-10T06:58:01.269533+00:00
2026-05-23 16:00:00+00:00,SOL-USD,15m,84.02999877929688,84.16000366210938,83.9000015258789,83.91999816894531,10808064,10808064,yfinance,2026-07-10T06:58:01.269533+00:00
2026-05-23 16:15:00+00:00,SOL-USD,15m,83.94000244140625,84.05000305175781,83.83000183105469,83.94999694824219,14887680,14887680,yfinance,2026-07-10T06:58:01.269533+00:00
2026-05-23 16:30:00+00:00,SOL-USD,15m,83.97000122070312,84.20999908447266,83.94000244140625,84.06999969482422,6850304,6850304,yfinance,2026-07-10T06:58:01.269533+00:00
2026-05-23 16:45:00+00:00,SOL-USD,15m,84.06999969482422,84.12000274658203,83.9800033569336,84.0199966430664,312320,312320,yfinance,2026-07-10T06:58:01.269533+00:00
2026-05-23 17:00:00+00:00,SOL-USD,15m,84.0199966430664,84.19999694824219,84.0199966430664,84.16999816894531,1226240,1226240,yfinance,2026-07-10T06:58:01.269533+00:00
2026-05-23 17:15:00+00:00,SOL-USD,15m,84.19999694824219,84.26000213623047,84.01000213623047,84.12999725341797,1290752,1290752,yfinance,2026-07-10T06:58:01.269533+00:00
2026-05-23 17:30:00+00:00,SOL-USD,15m,84.12999725341797,84.18000030517578,83.97000122070312,84.05999755859375,0,0,yfinance,2026-07-10T06:58:01.269533+00:00
2026-05-23 17:45:00+00:00,SOL-USD,15m,84.06999969482422,84.19999694824219,83.93000030517578,84.11000061035156,1626624,1626624,yfinance,2026-07-10T06:58:01.269533+00:00
2026-05-23 18:00:00+00:00,SOL-USD,15m,84.12000274658203,84.79000091552734,84.06999969482422,84.69000244140625,373504,373504,yfinance,2026-07-10T06:58:01.269533+00:00
2026-05-23 18:15:00+00:00,SOL-USD,15m,84.81999969482422,84.94000244140625,84.6500015258789,84.7699966430664,61543424,61543424,yfinance,2026-07-10T06:58:01.269533+00:00
2026-05-23 18:30:00+00:00,SOL-USD,15m,84.80000305175781,85.02999877929688,84.66999816894531,84.75,6935552,6935552,yfinance,2026-07-10T06:58:01.269533+00:00
2026-05-23 18:45:00+00:00,SOL-USD,15m,84.75,84.77999877929688,84.56999969482422,84.61000061035156,0,0,yfinance,2026-07-10T06:58:01.269533+00:00
2026-05-23 19:00:00+00:00,SOL-USD,15m,84.63999938964844,84.69000244140625,84.5199966430664,84.61000061035156,0,0,yfinance,2026-07-10T06:58:01.269533+00:00
2026-05-23 19:15:00+00:00,SOL-USD,15m,84.63999938964844,84.97000122070312,84.63999938964844,84.94999694824219,12148736,12148736,yfinance,2026-07-10T06:58:01.269533+00:00
2026-05-23 19:30:00+00:00,SOL-USD,15m,84.95999908447266,85.01000213623047,84.69000244140625,84.73999786376953,0,0,yfinance,2026-07-10T06:58:01.269533+00:00
2026-05-23 19:45:00+00:00,SOL-USD,15m,84.75,84.88999938964844,84.7300033569336,84.86000061035156,0,0,yfinance,2026-07-10T06:58:01.269533+00:00
2026-05-23 20:00:00+00:00,SOL-USD,15m,84.87000274658203,84.94999694824219,84.69999694824219,84.8499984741211,1532160,1532160,yfinance,2026-07-10T06:58:01.269533+00:00
2026-05-23 20:15:00+00:00,SOL-USD,15m,84.83999633789062,85.02999877929688,84.76000213623047,84.7699966430664,1478144,1478144,yfinance,2026-07-10T06:58:01.269533+00:00
2026-05-23 20:30:00+00:00,SOL-USD,15m,84.7699966430664,86.56999969482422,84.69999694824219,86.33999633789062,103148288,103148288,yfinance,2026-07-10T06:58:01.269533+00:00
2026-05-23 20:45:00+00:00,SOL-USD,15m,86.33999633789062,86.94999694824219,86.12999725341797,86.94999694824219,148067840,148067840,yfinance,2026-07-10T06:58:01.269533+00:00
2026-05-23 21:00:00+00:00,SOL-USD,15m,87.0199966430664,87.33999633789062,86.54000091552734,86.55000305175781,102312192,102312192,yfinance,2026-07-10T06:58:01.269533+00:00
2026-05-23 21:15:00+00:00,SOL-USD,15m,86.55999755859375,86.73999786376953,86.26000213623047,86.2699966430664,26743808,26743808,yfinance,2026-07-10T06:58:01.269533+00:00
2026-05-23 21:30:00+00:00,SOL-USD,15m,86.22000122070312,86.47000122070312,85.88999938964844,86.19000244140625,32255488,32255488,yfinance,2026-07-10T06:58:01.269533+00:00
2026-05-23 21:45:00+00:00,SOL-USD,15m,86.19000244140625,86.26000213623047,85.9000015258789,86.16999816894531,18144256,18144256,yfinance,2026-07-10T06:58:01.269533+00:00
2026-05-23 22:00:00+00:00,SOL-USD,15m,86.22000122070312,86.5,86.16000366210938,86.16000366210938,20057600,20057600,yfinance,2026-07-10T06:58:01.269533+00:00
2026-05-23 22:15:00+00:00,SOL-USD,15m,86.18000030517578,86.20999908447266,85.97000122070312,85.97000122070312,827648,827648,yfinance,2026-07-10T06:58:01.269533+00:00
2026-05-23 22:30:00+00:00,SOL-USD,15m,85.9800033569336,86.0199966430664,85.41999816894531,85.73999786376953,21937152,21937152,yfinance,2026-07-10T06:58:01.269533+00:00
2026-05-23 22:45:00+00:00,SOL-USD,15m,85.7300033569336,85.77999877929688,85.62999725341797,85.70999908447266,3713280,3713280,yfinance,2026-07-10T06:58:01.269533+00:00
2026-05-23 23:00:00+00:00,SOL-USD,15m,85.61000061035156,85.83000183105469,85.58999633789062,85.69000244140625,9312256,9312256,yfinance,2026-07-10T06:58:01.269533+00:00
2026-05-23 23:15:00+00:00,SOL-USD,15m,85.70999908447266,85.79000091552734,85.55000305175781,85.61000061035156,10213120,10213120,yfinance,2026-07-10T06:58:01.269533+00:00
2026-05-23 23:30:00+00:00,SOL-USD,15m,85.62000274658203,85.76000213623047,85.61000061035156,85.63999938964844,720640,720640,yfinance,2026-07-10T06:58:01.269533+00:00
2026-05-23 23:45:00+00:00,SOL-USD,15m,85.63999938964844,85.70999908447266,85.55999755859375,85.63999938964844,0,0,yfinance,2026-07-10T06:58:01.269533+00:00
2026-05-24 00:00:00+00:00,SOL-USD,15m,85.66999816894531,85.7300033569336,85.52999877929688,85.58000183105469,0,0,yfinance,2026-07-10T06:58:01.269533+00:00
2026-05-24 00:15:00+00:00,SOL-USD,15m,85.55999755859375,85.69000244140625,85.5199966430664,85.66999816894531,0,0,yfinance,2026-07-10T06:58:01.269533+00:00
2026-05-24 00:30:00+00:00,SOL-USD,15m,85.66000366210938,85.9000015258789,85.66000366210938,85.75,0,0,yfinance,2026-07-10T06:58:01.269533+00:00
2026-05-24 00:45:00+00:00,SOL-USD,15m,85.75,85.87999725341797,85.66000366210938,85.77999877929688,688384,688384,yfinance,2026-07-10T06:58:01.269533+00:00
2026-05-24 01:00:00+00:00,SOL-USD,15m,85.80000305175781,85.91999816894531,85.7699966430664,85.87999725341797,881920,881920,yfinance,2026-07-10T06:58:01.269533+00:00
2026-05-24 01:15:00+00:00,SOL-USD,15m,85.88999938964844,86.04000091552734,85.87000274658203,86.01000213623047,211968,211968,yfinance,2026-07-10T06:58:01.269533+00:00
2026-05-24 01:30:00+00:00,SOL-USD,15m,86.01000213623047,86.12000274658203,85.8499984741211,85.87999725341797,15302912,15302912,yfinance,2026-07-10T06:58:01.269533+00:00
2026-05-24 01:45:00+00:00,SOL-USD,15m,85.88999938964844,86.0199966430664,85.87000274658203,85.91000366210938,1429248,1429248,yfinance,2026-07-10T06:58:01.269533+00:00
2026-05-24 02:00:00+00:00,SOL-USD,15m,85.91000366210938,85.9800033569336,85.79000091552734,85.97000122070312,1121536,1121536,yfinance,2026-07-10T06:58:01.269533+00:00
2026-05-24 02:15:00+00:00,SOL-USD,15m,85.9800033569336,85.98999786376953,85.62999725341797,85.66999816894531,64256,64256,yfinance,2026-07-10T06:58:01.269533+00:00
2026-05-24 02:30:00+00:00,SOL-USD,15m,85.66999816894531,85.80999755859375,85.6500015258789,85.79000091552734,3564032,3564032,yfinance,2026-07-10T06:58:01.269533+00:00
2026-05-24 02:45:00+00:00,SOL-USD,15m,85.80000305175781,85.93000030517578,85.7699966430664,85.87000274658203,1963008,1963008,yfinance,2026-07-10T06:58:01.269533+00:00
2026-05-24 03:00:00+00:00,SOL-USD,15m,85.86000061035156,86.01000213623047,85.80999755859375,85.81999969482422,2240256,2240256,yfinance,2026-07-10T06:58:01.269533+00:00
2026-05-24 03:15:00+00:00,SOL-USD,15m,85.77999877929688,85.81999969482422,85.72000122070312,85.76000213623047,18944,18944,yfinance,2026-07-10T06:58:01.269533+00:00
2026-05-24 03:30:00+00:00,SOL-USD,15m,85.7699966430664,85.7699966430664,85.5199966430664,85.58000183105469,0,0,yfinance,2026-07-10T06:58:01.269533+00:00
2026-05-24 03:45:00+00:00,SOL-USD,15m,85.58999633789062,85.73999786376953,85.58999633789062,85.73999786376953,6797056,6797056,yfinance,2026-07-10T06:58:01.269533+00:00
2026-05-24 04:00:00+00:00,SOL-USD,15m,85.75,85.98999786376953,85.68000030517578,85.93000030517578,13652480,13652480,yfinance,2026-07-10T06:58:01.269533+00:00
2026-05-24 04:15:00+00:00,SOL-USD,15m,85.91000366210938,85.97000122070312,85.83999633789062,85.88999938964844,8307456,8307456,yfinance,2026-07-10T06:58:01.269533+00:00
2026-05-24 04:30:00+00:00,SOL-USD,15m,85.88999938964844,85.95999908447266,85.80999755859375,85.88999938964844,0,0,yfinance,2026-07-10T06:58:01.269533+00:00
2026-05-24 04:45:00+00:00,SOL-USD,15m,85.87000274658203,85.91999816894531,85.7699966430664,85.81999969482422,57600,57600,yfinance,2026-07-10T06:58:01.269533+00:00
2026-05-24 05:00:00+00:00,SOL-USD,15m,85.81999969482422,85.86000061035156,85.63999938964844,85.75,0,0,yfinance,2026-07-10T06:58:01.269533+00:00
2026-05-24 05:15:00+00:00,SOL-USD,15m,85.70999908447266,85.72000122070312,85.54000091552734,85.62000274658203,10089984,10089984,yfinance,2026-07-10T06:58:01.269533+00:00
2026-05-24 05:30:00+00:00,SOL-USD,15m,85.61000061035156,85.66000366210938,85.4800033569336,85.58000183105469,0,0,yfinance,2026-07-10T06:58:01.269533+00:00
2026-05-24 05:45:00+00:00,SOL-USD,15m,85.58000183105469,86.05999755859375,85.58000183105469,86.04000091552734,33665792,33665792,yfinance,2026-07-10T06:58:01.269533+00:00
2026-05-24 06:00:00+00:00,SOL-USD,15m,86.04000091552734,86.11000061035156,85.95999908447266,85.98999786376953,3424768,3424768,yfinance,2026-07-10T06:58:01.269533+00:00
2026-05-24 06:15:00+00:00,SOL-USD,15m,85.97000122070312,85.9800033569336,85.83999633789062,85.86000061035156,2096384,2096384,yfinance,2026-07-10T06:58:01.269533+00:00
2026-05-24 06:30:00+00:00,SOL-USD,15m,85.87999725341797,86.0199966430664,85.83000183105469,86.01000213623047,0,0,yfinance,2026-07-10T06:58:01.269533+00:00
2026-05-24 06:45:00+00:00,SOL-USD,15m,86.02999877929688,86.37000274658203,85.94999694824219,86.3499984741211,12272640,12272640,yfinance,2026-07-10T06:58:01.269533+00:00
2026-05-24 07:00:00+00:00,SOL-USD,15m,86.36000061035156,86.56999969482422,86.20999908447266,86.20999908447266,0,0,yfinance,2026-07-10T06:58:01.269533+00:00
2026-05-24 07:15:00+00:00,SOL-USD,15m,86.20999908447266,86.25,86.08999633789062,86.12999725341797,0,0,yfinance,2026-07-10T06:58:01.269533+00:00
2026-05-24 07:30:00+00:00,SOL-USD,15m,86.12999725341797,86.16999816894531,86.06999969482422,86.1500015258789,0,0,yfinance,2026-07-10T06:58:01.269533+00:00
2026-05-24 07:45:00+00:00,SOL-USD,15m,86.1500015258789,86.1500015258789,85.91999816894531,85.97000122070312,0,0,yfinance,2026-07-10T06:58:01.269533+00:00
2026-05-24 08:00:00+00:00,SOL-USD,15m,85.9800033569336,86.0199966430664,85.91000366210938,85.94999694824219,0,0,yfinance,2026-07-10T06:58:01.269533+00:00
2026-05-24 08:15:00+00:00,SOL-USD,15m,85.94999694824219,86.2300033569336,85.94999694824219,86.16999816894531,0,0,yfinance,2026-07-10T06:58:01.269533+00:00
2026-05-24 08:30:00+00:00,SOL-USD,15m,86.16999816894531,86.37000274658203,86.16000366210938,86.26000213623047,0,0,yfinance,2026-07-10T06:58:01.269533+00:00
2026-05-24 08:45:00+00:00,SOL-USD,15m,86.26000213623047,86.41000366210938,86.23999786376953,86.41000366210938,0,0,yfinance,2026-07-10T06:58:01.269533+00:00
2026-05-24 09:00:00+00:00,SOL-USD,15m,86.4000015258789,86.44999694824219,86.30999755859375,86.41999816894531,0,0,yfinance,2026-07-10T06:58:01.269533+00:00
2026-05-24 09:15:00+00:00,SOL-USD,15m,86.4000015258789,86.83000183105469,86.4000015258789,86.55000305175781,25068544,25068544,yfinance,2026-07-10T06:58:01.269533+00:00
2026-05-24 09:30:00+00:00,SOL-USD,15m,86.54000091552734,86.6500015258789,86.44999694824219,86.54000091552734,31147264,31147264,yfinance,2026-07-10T06:58:01.269533+00:00
2026-05-24 09:45:00+00:00,SOL-USD,15m,86.5199966430664,86.5199966430664,86.41000366210938,86.43000030517578,0,0,yfinance,2026-07-10T06:58:01.269533+00:00
2026-05-24 10:00:00+00:00,SOL-USD,15m,86.41999816894531,86.41999816894531,86.1500015258789,86.20999908447266,2570752,2570752,yfinance,2026-07-10T06:58:01.269533+00:00
2026-05-24 10:15:00+00:00,SOL-USD,15m,86.19000244140625,86.5999984741211,86.1500015258789,86.31999969482422,15218944,15218944,yfinance,2026-07-10T06:58:01.269533+00:00
2026-05-24 10:30:00+00:00,SOL-USD,15m,86.30000305175781,86.3499984741211,86.18000030517578,86.2699966430664,28101120,28101120,yfinance,2026-07-10T06:58:01.269533+00:00
2026-05-24 10:45:00+00:00,SOL-USD,15m,86.2699966430664,86.4000015258789,86.19000244140625,86.37999725341797,2140160,2140160,yfinance,2026-07-10T06:58:01.269533+00:00
2026-05-24 11:00:00+00:00,SOL-USD,15m,86.38999938964844,86.58999633789062,86.38999938964844,86.55000305175781,3953920,3953920,yfinance,2026-07-10T06:58:01.269533+00:00
2026-05-24 11:15:00+00:00,SOL-USD,15m,86.55000305175781,86.79000091552734,86.5,86.5199966430664,15468544,15468544,yfinance,2026-07-10T06:58:01.269533+00:00
2026-05-24 11:30:00+00:00,SOL-USD,15m,86.5199966430664,86.61000061035156,86.41999816894531,86.41999816894531,22175744,22175744,yfinance,2026-07-10T06:58:01.269533+00:00
2026-05-24 11:45:00+00:00,SOL-USD,15m,86.43000030517578,86.62000274658203,86.3499984741211,86.55000305175781,23047424,23047424,yfinance,2026-07-10T06:58:01.269533+00:00
2026-05-24 12:00:00+00:00,SOL-USD,15m,86.56999969482422,86.58000183105469,86.31999969482422,86.41000366210938,5515264,5515264,yfinance,2026-07-10T06:58:01.269533+00:00
2026-05-24 12:15:00+00:00,SOL-USD,15m,86.41999816894531,86.41999816894531,86.11000061035156,86.16000366210938,0,0,yfinance,2026-07-10T06:58:01.269533+00:00
2026-05-24 12:30:00+00:00,SOL-USD,15m,86.1500015258789,86.27999877929688,86.08000183105469,86.23999786376953,12602880,12602880,yfinance,2026-07-10T06:58:01.269533+00:00
2026-05-24 12:45:00+00:00,SOL-USD,15m,86.23999786376953,86.27999877929688,86.16000366210938,86.25,3595264,3595264,yfinance,2026-07-10T06:58:01.269533+00:00
2026-05-24 13:00:00+00:00,SOL-USD,15m,86.27999877929688,86.31999969482422,86.19999694824219,86.27999877929688,0,0,yfinance,2026-07-10T06:58:01.269533+00:00
2026-05-24 13:15:00+00:00,SOL-USD,15m,86.29000091552734,86.3499984741211,86.05000305175781,86.08000183105469,0,0,yfinance,2026-07-10T06:58:01.269533+00:00
2026-05-24 13:30:00+00:00,SOL-USD,15m,86.08000183105469,86.19000244140625,85.9800033569336,86.12999725341797,10196736,10196736,yfinance,2026-07-10T06:58:01.269533+00:00
2026-05-24 13:45:00+00:00,SOL-USD,15m,86.16999816894531,86.2300033569336,85.62999725341797,85.80000305175781,2876672,2876672,yfinance,2026-07-10T06:58:01.269533+00:00
2026-05-24 14:00:00+00:00,SOL-USD,15m,85.80000305175781,85.91000366210938,85.13999938964844,85.26000213623047,491264,491264,yfinance,2026-07-10T06:58:01.269533+00:00
2026-05-24 14:15:00+00:00,SOL-USD,15m,85.16999816894531,85.19999694824219,84.37999725341797,84.97000122070312,74492672,74492672,yfinance,2026-07-10T06:58:01.269533+00:00
2026-05-24 14:30:00+00:00,SOL-USD,15m,84.94999694824219,85.20999908447266,84.94999694824219,85.16999816894531,16262912,16262912,yfinance,2026-07-10T06:58:01.269533+00:00
2026-05-24 14:45:00+00:00,SOL-USD,15m,85.16999816894531,85.23999786376953,85.08999633789062,85.1500015258789,0,0,yfinance,2026-07-10T06:58:01.269533+00:00
2026-05-24 15:00:00+00:00,SOL-USD,15m,85.16000366210938,85.26000213623047,85.11000061035156,85.20999908447266,0,0,yfinance,2026-07-10T06:58:01.269533+00:00
2026-05-24 15:15:00+00:00,SOL-USD,15m,85.22000122070312,85.27999877929688,85.06999969482422,85.22000122070312,0,0,yfinance,2026-07-10T06:58:01.269533+00:00
2026-05-24 15:30:00+00:00,SOL-USD,15m,85.19999694824219,85.33999633789062,85.16000366210938,85.19999694824219,0,0,yfinance,2026-07-10T06:58:01.269533+00:00
2026-05-24 15:45:00+00:00,SOL-USD,15m,85.20999908447266,85.31999969482422,85.1500015258789,85.20999908447266,0,0,yfinance,2026-07-10T06:58:01.269533+00:00
2026-05-24 16:00:00+00:00,SOL-USD,15m,85.19999694824219,85.47000122070312,85.08999633789062,85.47000122070312,10146304,10146304,yfinance,2026-07-10T06:58:01.269533+00:00
2026-05-24 16:15:00+00:00,SOL-USD,15m,85.44999694824219,85.7300033569336,85.3499984741211,85.43000030517578,15232256,15232256,yfinance,2026-07-10T06:58:01.269533+00:00
2026-05-24 16:30:00+00:00,SOL-USD,15m,85.41999816894531,85.45999908447266,85.18000030517578,85.2300033569336,1268224,1268224,yfinance,2026-07-10T06:58:01.269533+00:00
2026-05-24 16:45:00+00:00,SOL-USD,15m,85.22000122070312,85.61000061035156,85.20999908447266,85.55000305175781,2339584,2339584,yfinance,2026-07-10T06:58:01.269533+00:00
2026-05-24 17:00:00+00:00,SOL-USD,15m,85.52999877929688,85.6500015258789,85.4800033569336,85.51000213623047,3467264,3467264,yfinance,2026-07-10T06:58:01.269533+00:00
2026-05-24 17:15:00+00:00,SOL-USD,15m,85.5,85.56999969482422,85.37000274658203,85.41999816894531,0,0,yfinance,2026-07-10T06:58:01.269533+00:00
2026-05-24 17:30:00+00:00,SOL-USD,15m,85.44000244140625,85.68000030517578,85.37999725341797,85.61000061035156,2738688,2738688,yfinance,2026-07-10T06:58:01.269533+00:00
2026-05-24 17:45:00+00:00,SOL-USD,15m,85.62000274658203,85.66999816894531,85.52999877929688,85.55000305175781,55296,55296,yfinance,2026-07-10T06:58:01.269533+00:00
2026-05-24 18:00:00+00:00,SOL-USD,15m,85.55999755859375,85.58000183105469,85.41000366210938,85.47000122070312,0,0,yfinance,2026-07-10T06:58:01.269533+00:00
2026-05-24 18:15:00+00:00,SOL-USD,15m,85.4800033569336,85.54000091552734,85.19000244140625,85.25,0,0,yfinance,2026-07-10T06:58:01.269533+00:00
2026-05-24 18:30:00+00:00,SOL-USD,15m,85.25,85.37999725341797,85.16000366210938,85.25,0,0,yfinance,2026-07-10T06:58:01.269533+00:00
2026-05-24 18:45:00+00:00,SOL-USD,15m,85.26000213623047,85.31999969482422,85.18000030517578,85.27999877929688,0,0,yfinance,2026-07-10T06:58:01.269533+00:00
2026-05-24 19:00:00+00:00,SOL-USD,15m,85.29000091552734,85.4000015258789,85.16999816894531,85.18000030517578,0,0,yfinance,2026-07-10T06:58:01.269533+00:00
2026-05-24 19:15:00+00:00,SOL-USD,15m,85.16999816894531,85.27999877929688,85.12999725341797,85.18000030517578,0,0,yfinance,2026-07-10T06:58:01.269533+00:00
2026-05-24 19:30:00+00:00,SOL-USD,15m,85.18000030517578,85.29000091552734,85.12000274658203,85.2300033569336,0,0,yfinance,2026-07-10T06:58:01.269533+00:00
2026-05-24 19:45:00+00:00,SOL-USD,15m,85.2300033569336,85.30000305175781,85.19999694824219,85.26000213623047,0,0,yfinance,2026-07-10T06:58:01.269533+00:00
2026-05-24 20:00:00+00:00,SOL-USD,15m,85.27999877929688,85.30999755859375,84.93000030517578,84.94999694824219,0,0,yfinance,2026-07-10T06:58:01.269533+00:00
2026-05-24 20:15:00+00:00,SOL-USD,15m,84.91000366210938,84.98999786376953,84.80999755859375,84.93000030517578,1718016,1718016,yfinance,2026-07-10T06:58:01.269533+00:00
2026-05-24 20:30:00+00:00,SOL-USD,15m,84.93000030517578,85.01000213623047,84.83000183105469,84.87000274658203,0,0,yfinance,2026-07-10T06:58:01.269533+00:00
2026-05-24 20:45:00+00:00,SOL-USD,15m,84.87000274658203,84.97000122070312,84.4800033569336,84.66999816894531,13398784,13398784,yfinance,2026-07-10T06:58:01.269533+00:00
2026-05-24 21:00:00+00:00,SOL-USD,15m,84.66999816894531,84.8499984741211,84.62000274658203,84.8499984741211,0,0,yfinance,2026-07-10T06:58:01.269533+00:00
2026-05-24 21:15:00+00:00,SOL-USD,15m,84.81999969482422,84.87999725341797,84.41999816894531,84.44999694824219,0,0,yfinance,2026-07-10T06:58:01.269533+00:00
2026-05-24 21:30:00+00:00,SOL-USD,15m,84.4800033569336,84.55000305175781,83.69999694824219,83.73999786376953,19323392,19323392,yfinance,2026-07-10T06:58:01.269533+00:00
2026-05-24 21:45:00+00:00,SOL-USD,15m,83.80999755859375,84.05000305175781,83.58000183105469,83.8499984741211,21550592,21550592,yfinance,2026-07-10T06:58:01.269533+00:00
2026-05-24 22:00:00+00:00,SOL-USD,15m,83.91000366210938,85.16000366210938,83.9000015258789,85.11000061035156,27580416,27580416,yfinance,2026-07-10T06:58:01.269533+00:00
2026-05-24 22:15:00+00:00,SOL-USD,15m,85.05999755859375,85.2300033569336,84.95999908447266,84.95999908447266,42012160,42012160,yfinance,2026-07-10T06:58:01.269533+00:00
2026-05-24 22:30:00+00:00,SOL-USD,15m,85.0,85.16000366210938,84.66999816894531,84.81999969482422,5524736,5524736,yfinance,2026-07-10T06:58:01.269533+00:00
2026-05-24 22:45:00+00:00,SOL-USD,15m,84.81999969482422,85.1500015258789,84.81999969482422,84.88999938964844,8362752,8362752,yfinance,2026-07-10T06:58:01.269533+00:00
2026-05-24 23:00:00+00:00,SOL-USD,15m,84.88999938964844,85.08999633789062,84.88999938964844,85.04000091552734,7364096,7364096,yfinance,2026-07-10T06:58:01.269533+00:00
2026-05-24 23:15:00+00:00,SOL-USD,15m,85.05999755859375,85.13999938964844,84.9000015258789,84.9800033569336,2075648,2075648,yfinance,2026-07-10T06:58:01.269533+00:00
2026-05-24 23:30:00+00:00,SOL-USD,15m,84.9800033569336,85.4000015258789,84.9800033569336,85.36000061035156,6485760,6485760,yfinance,2026-07-10T06:58:01.269533+00:00
2026-05-24 23:45:00+00:00,SOL-USD,15m,85.30000305175781,85.37999725341797,85.13999938964844,85.16999816894531,16297984,16297984,yfinance,2026-07-10T06:58:01.269533+00:00
2026-05-25 00:00:00+00:00,SOL-USD,15m,85.18000030517578,85.3499984741211,85.1500015258789,85.30000305175781,2150912,2150912,yfinance,2026-07-10T06:58:01.269533+00:00
2026-05-25 00:15:00+00:00,SOL-USD,15m,85.30000305175781,85.43000030517578,85.25,85.38999938964844,5393664,5393664,yfinance,2026-07-10T06:58:01.269533+00:00
2026-05-25 00:30:00+00:00,SOL-USD,15m,85.41000366210938,85.5,85.30999755859375,85.3499984741211,9618176,9618176,yfinance,2026-07-10T06:58:01.269533+00:00
2026-05-25 00:45:00+00:00,SOL-USD,15m,85.33000183105469,85.5199966430664,85.29000091552734,85.38999938964844,4732928,4732928,yfinance,2026-07-10T06:58:01.269533+00:00
2026-05-25 01:00:00+00:00,SOL-USD,15m,85.41999816894531,85.44000244140625,85.25,85.41000366210938,2909440,2909440,yfinance,2026-07-10T06:58:01.269533+00:00
2026-05-25 01:15:00+00:00,SOL-USD,15m,85.44000244140625,85.5,85.30000305175781,85.3499984741211,6803712,6803712,yfinance,2026-07-10T06:58:01.269533+00:00
2026-05-25 01:30:00+00:00,SOL-USD,15m,85.3499984741211,85.38999938964844,85.20999908447266,85.20999908447266,0,0,yfinance,2026-07-10T06:58:01.269533+00:00
2026-05-25 01:45:00+00:00,SOL-USD,15m,85.23999786376953,85.25,84.7300033569336,84.76000213623047,1538560,1538560,yfinance,2026-07-10T06:58:01.269533+00:00
2026-05-25 02:00:00+00:00,SOL-USD,15m,84.80000305175781,85.63999938964844,84.80000305175781,85.58000183105469,31435008,31435008,yfinance,2026-07-10T06:58:01.269533+00:00
2026-05-25 02:15:00+00:00,SOL-USD,15m,85.55000305175781,85.55999755859375,84.94000244140625,85.05999755859375,25344512,25344512,yfinance,2026-07-10T06:58:01.269533+00:00
2026-05-25 02:30:00+00:00,SOL-USD,15m,85.05000305175781,85.16999816894531,84.91000366210938,85.06999969482422,5814528,5814528,yfinance,2026-07-10T06:58:01.269533+00:00
2026-05-25 02:45:00+00:00,SOL-USD,15m,85.06999969482422,85.16000366210938,84.94000244140625,84.97000122070312,7365632,7365632,yfinance,2026-07-10T06:58:01.269533+00:00
2026-05-25 03:00:00+00:00,SOL-USD,15m,84.95999908447266,85.06999969482422,84.76000213623047,84.8499984741211,11195136,11195136,yfinance,2026-07-10T06:58:01.269533+00:00
2026-05-25 03:15:00+00:00,SOL-USD,15m,84.80999755859375,84.95999908447266,84.80000305175781,84.81999969482422,7491840,7491840,yfinance,2026-07-10T06:58:01.269533+00:00
2026-05-25 03:30:00+00:00,SOL-USD,15m,84.83000183105469,84.87000274658203,84.69999694824219,84.8499984741211,7085056,7085056,yfinance,2026-07-10T06:58:01.269533+00:00
2026-05-25 03:45:00+00:00,SOL-USD,15m,84.79000091552734,84.88999938964844,84.75,84.83999633789062,1864448,1864448,yfinance,2026-07-10T06:58:01.269533+00:00
2026-05-25 04:00:00+00:00,SOL-USD,15m,84.83999633789062,85.0,84.83000183105469,84.91999816894531,0,0,yfinance,2026-07-10T06:58:01.269533+00:00
2026-05-25 04:15:00+00:00,SOL-USD,15m,84.91999816894531,85.16000366210938,84.83999633789062,85.16000366210938,336640,336640,yfinance,2026-07-10T06:58:01.269533+00:00
2026-05-25 04:30:00+00:00,SOL-USD,15m,85.1500015258789,85.41999816894531,85.11000061035156,85.41999816894531,14254336,14254336,yfinance,2026-07-10T06:58:01.269533+00:00
2026-05-25 04:45:00+00:00,SOL-USD,15m,85.41000366210938,85.80000305175781,85.38999938964844,85.73999786376953,27591680,27591680,yfinance,2026-07-10T06:58:01.269533+00:00
2026-05-25 05:00:00+00:00,SOL-USD,15m,85.76000213623047,85.97000122070312,85.6500015258789,85.91999816894531,19174144,19174144,yfinance,2026-07-10T06:58:01.269533+00:00
2026-05-25 05:15:00+00:00,SOL-USD,15m,85.93000030517578,86.05000305175781,85.81999969482422,85.87999725341797,21953024,21953024,yfinance,2026-07-10T06:58:01.269533+00:00
2026-05-25 05:30:00+00:00,SOL-USD,15m,85.88999938964844,86.04000091552734,85.87999725341797,86.04000091552734,12389120,12389120,yfinance,2026-07-10T06:58:01.269533+00:00
2026-05-25 05:45:00+00:00,SOL-USD,15m,86.02999877929688,86.05000305175781,85.86000061035156,85.88999938964844,0,0,yfinance,2026-07-10T06:58:01.269533+00:00
2026-05-25 06:00:00+00:00,SOL-USD,15m,85.88999938964844,86.0199966430664,85.76000213623047,85.76000213623047,6951424,6951424,yfinance,2026-07-10T06:58:01.269533+00:00
2026-05-25 06:15:00+00:00,SOL-USD,15m,85.75,85.76000213623047,85.56999969482422,85.68000030517578,8175360,8175360,yfinance,2026-07-10T06:58:01.269533+00:00
2026-05-25 06:30:00+00:00,SOL-USD,15m,85.69000244140625,85.95999908447266,85.69000244140625,85.83999633789062,11560960,11560960,yfinance,2026-07-10T06:58:01.269533+00:00
2026-05-25 06:45:00+00:00,SOL-USD,15m,85.83000183105469,85.94000244140625,85.80999755859375,85.88999938964844,5074688,5074688,yfinance,2026-07-10T06:58:01.269533+00:00
2026-05-25 07:00:00+00:00,SOL-USD,15m,85.9000015258789,86.05999755859375,85.72000122070312,85.76000213623047,0,0,yfinance,2026-07-10T06:58:01.269533+00:00
2026-05-25 07:15:00+00:00,SOL-USD,15m,85.7699966430664,85.8499984741211,85.5199966430664,85.55999755859375,4807168,4807168,yfinance,2026-07-10T06:58:01.269533+00:00
2026-05-25 07:30:00+00:00,SOL-USD,15m,85.55000305175781,85.73999786376953,85.5199966430664,85.62999725341797,5033728,5033728,yfinance,2026-07-10T06:58:01.269533+00:00
2026-05-25 07:45:00+00:00,SOL-USD,15m,85.62999725341797,85.87000274658203,85.61000061035156,85.87000274658203,13387008,13387008,yfinance,2026-07-10T06:58:01.269533+00:00
2026-05-25 08:00:00+00:00,SOL-USD,15m,85.83000183105469,85.8499984741211,85.70999908447266,85.70999908447266,3512064,3512064,yfinance,2026-07-10T06:58:01.269533+00:00
2026-05-25 08:15:00+00:00,SOL-USD,15m,85.7300033569336,85.80999755859375,85.68000030517578,85.73999786376953,2063616,2063616,yfinance,2026-07-10T06:58:01.269533+00:00
2026-05-25 08:30:00+00:00,SOL-USD,15m,85.76000213623047,85.95999908447266,85.75,85.87000274658203,2126848,2126848,yfinance,2026-07-10T06:58:01.269533+00:00
2026-05-25 08:45:00+00:00,SOL-USD,15m,85.87000274658203,86.0,85.80999755859375,85.94999694824219,1990912,1990912,yfinance,2026-07-10T06:58:01.269533+00:00
2026-05-25 09:00:00+00:00,SOL-USD,15m,85.93000030517578,86.06999969482422,85.88999938964844,85.94000244140625,0,0,yfinance,2026-07-10T06:58:01.269533+00:00
2026-05-25 09:15:00+00:00,SOL-USD,15m,85.93000030517578,85.94999694824219,85.83000183105469,85.94999694824219,1519104,1519104,yfinance,2026-07-10T06:58:01.269533+00:00
2026-05-25 09:30:00+00:00,SOL-USD,15m,85.95999908447266,86.12000274658203,85.87000274658203,85.88999938964844,1047040,1047040,yfinance,2026-07-10T06:58:01.269533+00:00
2026-05-25 09:45:00+00:00,SOL-USD,15m,85.88999938964844,85.94000244140625,85.83999633789062,85.83999633789062,845312,845312,yfinance,2026-07-10T06:58:01.269533+00:00
2026-05-25 10:00:00+00:00,SOL-USD,15m,85.86000061035156,85.93000030517578,85.80000305175781,85.93000030517578,39769856,39769856,yfinance,2026-07-10T06:58:01.269533+00:00
2026-05-25 10:15:00+00:00,SOL-USD,15m,85.93000030517578,86.01000213623047,85.80000305175781,85.93000030517578,62921216,62921216,yfinance,2026-07-10T06:58:01.269533+00:00
2026-05-25 10:30:00+00:00,SOL-USD,15m,85.93000030517578,85.9800033569336,85.87000274658203,85.91999816894531,0,0,yfinance,2026-07-10T06:58:01.269533+00:00
2026-05-25 10:45:00+00:00,SOL-USD,15m,85.9000015258789,86.0199966430664,85.9000015258789,85.9800033569336,533760,533760,yfinance,2026-07-10T06:58:01.269533+00:00
2026-05-25 11:00:00+00:00,SOL-USD,15m,85.95999908447266,85.9800033569336,85.87000274658203,85.91999816894531,0,0,yfinance,2026-07-10T06:58:01.269533+00:00
2026-05-25 11:15:00+00:00,SOL-USD,15m,85.91999816894531,85.93000030517578,85.81999969482422,85.83000183105469,0,0,yfinance,2026-07-10T06:58:01.269533+00:00
2026-05-25 11:30:00+00:00,SOL-USD,15m,85.83000183105469,86.06999969482422,85.81999969482422,85.88999938964844,1350144,1350144,yfinance,2026-07-10T06:58:01.269533+00:00
2026-05-25 11:45:00+00:00,SOL-USD,15m,85.91000366210938,85.94000244140625,85.63999938964844,85.69000244140625,0,0,yfinance,2026-07-10T06:58:01.269533+00:00
2026-05-25 12:00:00+00:00,SOL-USD,15m,85.69000244140625,85.79000091552734,85.58000183105469,85.77999877929688,2481152,2481152,yfinance,2026-07-10T06:58:01.269533+00:00
2026-05-25 12:15:00+00:00,SOL-USD,15m,85.76000213623047,85.98999786376953,85.76000213623047,85.88999938964844,8396800,8396800,yfinance,2026-07-10T06:58:01.269533+00:00
2026-05-25 12:30:00+00:00,SOL-USD,15m,85.88999938964844,85.9800033569336,85.83000183105469,85.88999938964844,1518336,1518336,yfinance,2026-07-10T06:58:01.269533+00:00
2026-05-25 12:45:00+00:00,SOL-USD,15m,85.9000015258789,85.93000030517578,85.7699966430664,85.79000091552734,7177984,7177984,yfinance,2026-07-10T06:58:01.269533+00:00
2026-05-25 13:00:00+00:00,SOL-USD,15m,85.77999877929688,85.94999694824219,85.7699966430664,85.83000183105469,82176,82176,yfinance,2026-07-10T06:58:01.269533+00:00
2026-05-25 13:15:00+00:00,SOL-USD,15m,85.81999969482422,85.86000061035156,85.75,85.7699966430664,456448,456448,yfinance,2026-07-10T06:58:01.269533+00:00
2026-05-25 13:30:00+00:00,SOL-USD,15m,85.80000305175781,85.80999755859375,85.69000244140625,85.80000305175781,0,0,yfinance,2026-07-10T06:58:01.269533+00:00
2026-05-25 13:45:00+00:00,SOL-USD,15m,85.80999755859375,85.94000244140625,85.76000213623047,85.93000030517578,0,0,yfinance,2026-07-10T06:58:01.269533+00:00
2026-05-25 14:00:00+00:00,SOL-USD,15m,85.93000030517578,86.16000366210938,85.8499984741211,86.02999877929688,6333696,6333696,yfinance,2026-07-10T06:58:01.269533+00:00
2026-05-25 14:15:00+00:00,SOL-USD,15m,86.05000305175781,86.30000305175781,86.0199966430664,86.30000305175781,0,0,yfinance,2026-07-10T06:58:01.269533+00:00
2026-05-25 14:30:00+00:00,SOL-USD,15m,86.29000091552734,86.29000091552734,86.06999969482422,86.1500015258789,0,0,yfinance,2026-07-10T06:58:01.269533+00:00
2026-05-25 14:45:00+00:00,SOL-USD,15m,86.16000366210938,86.37000274658203,86.16000366210938,86.26000213623047,5499392,5499392,yfinance,2026-07-10T06:58:01.269533+00:00
2026-05-25 15:00:00+00:00,SOL-USD,15m,86.2699966430664,86.41999816894531,86.16999816894531,86.19000244140625,1707264,1707264,yfinance,2026-07-10T06:58:01.269533+00:00
2026-05-25 15:15:00+00:00,SOL-USD,15m,86.18000030517578,86.23999786376953,85.98999786376953,86.02999877929688,58745344,58745344,yfinance,2026-07-10T06:58:01.269533+00:00
2026-05-25 15:30:00+00:00,SOL-USD,15m,86.0199966430664,86.2300033569336,85.9800033569336,86.2300033569336,3815936,3815936,yfinance,2026-07-10T06:58:01.269533+00:00
2026-05-25 15:45:00+00:00,SOL-USD,15m,86.2300033569336,86.2300033569336,86.05999755859375,86.16999816894531,3102208,3102208,yfinance,2026-07-10T06:58:01.269533+00:00
2026-05-25 16:00:00+00:00,SOL-USD,15m,86.16999816894531,86.19999694824219,85.98999786376953,86.0,0,0,yfinance,2026-07-10T06:58:01.269533+00:00
2026-05-25 16:15:00+00:00,SOL-USD,15m,86.01000213623047,86.05999755859375,85.9000015258789,85.94000244140625,0,0,yfinance,2026-07-10T06:58:01.269533+00:00
2026-05-25 16:30:00+00:00,SOL-USD,15m,85.93000030517578,86.08000183105469,85.9000015258789,86.05999755859375,4270848,4270848,yfinance,2026-07-10T06:58:01.269533+00:00
2026-05-25 16:45:00+00:00,SOL-USD,15m,86.05999755859375,86.3499984741211,86.02999877929688,86.19000244140625,9754368,9754368,yfinance,2026-07-10T06:58:01.269533+00:00
2026-05-25 17:00:00+00:00,SOL-USD,15m,86.19999694824219,86.31999969482422,86.18000030517578,86.19000244140625,8374528,8374528,yfinance,2026-07-10T06:58:01.269533+00:00
2026-05-25 17:15:00+00:00,SOL-USD,15m,86.19000244140625,86.2300033569336,86.0199966430664,86.2300033569336,3669760,3669760,yfinance,2026-07-10T06:58:01.269533+00:00
2026-05-25 17:30:00+00:00,SOL-USD,15m,86.2300033569336,86.2300033569336,86.04000091552734,86.05000305175781,10501888,10501888,yfinance,2026-07-10T06:58:01.269533+00:00
2026-05-25 17:45:00+00:00,SOL-USD,15m,86.04000091552734,86.0999984741211,85.98999786376953,86.05999755859375,3377664,3377664,yfinance,2026-07-10T06:58:01.269533+00:00
2026-05-25 18:00:00+00:00,SOL-USD,15m,86.0199966430664,86.2300033569336,86.0199966430664,86.16000366210938,9669120,9669120,yfinance,2026-07-10T06:58:01.269533+00:00
2026-05-25 18:15:00+00:00,SOL-USD,15m,86.1500015258789,86.19000244140625,86.06999969482422,86.13999938964844,294656,294656,yfinance,2026-07-10T06:58:01.269533+00:00
2026-05-25 18:30:00+00:00,SOL-USD,15m,86.13999938964844,86.13999938964844,85.91999816894531,85.9800033569336,82944,82944,yfinance,2026-07-10T06:58:01.269533+00:00
2026-05-25 18:45:00+00:00,SOL-USD,15m,85.97000122070312,86.0,85.81999969482422,85.83999633789062,571136,571136,yfinance,2026-07-10T06:58:01.269533+00:00
2026-05-25 19:00:00+00:00,SOL-USD,15m,85.83000183105469,85.83999633789062,85.66000366210938,85.77999877929688,9716992,9716992,yfinance,2026-07-10T06:58:01.269533+00:00
2026-05-25 19:15:00+00:00,SOL-USD,15m,85.77999877929688,85.86000061035156,85.72000122070312,85.83999633789062,2550784,2550784,yfinance,2026-07-10T06:58:01.269533+00:00
2026-05-25 19:30:00+00:00,SOL-USD,15m,85.83999633789062,85.86000061035156,85.47000122070312,85.56999969482422,4658688,4658688,yfinance,2026-07-10T06:58:01.269533+00:00
2026-05-25 19:45:00+00:00,SOL-USD,15m,85.58000183105469,85.61000061035156,85.52999877929688,85.55999755859375,10231552,10231552,yfinance,2026-07-10T06:58:01.269533+00:00
2026-05-25 20:00:00+00:00,SOL-USD,15m,85.55000305175781,85.7300033569336,85.52999877929688,85.7300033569336,0,0,yfinance,2026-07-10T06:58:01.269533+00:00
2026-05-25 20:15:00+00:00,SOL-USD,15m,85.72000122070312,85.80000305175781,85.55999755859375,85.5999984741211,0,0,yfinance,2026-07-10T06:58:01.269533+00:00
2026-05-25 20:30:00+00:00,SOL-USD,15m,85.5999984741211,85.6500015258789,85.2300033569336,85.33000183105469,1382656,1382656,yfinance,2026-07-10T06:58:01.269533+00:00
2026-05-25 20:45:00+00:00,SOL-USD,15m,85.31999969482422,85.4800033569336,85.2699966430664,85.33000183105469,3962624,3962624,yfinance,2026-07-10T06:58:01.269533+00:00
2026-05-25 21:00:00+00:00,SOL-USD,15m,85.31999969482422,85.4800033569336,85.30999755859375,85.36000061035156,0,0,yfinance,2026-07-10T06:58:01.269533+00:00
2026-05-25 21:15:00+00:00,SOL-USD,15m,85.3499984741211,85.41000366210938,85.26000213623047,85.37999725341797,116224,116224,yfinance,2026-07-10T06:58:01.269533+00:00
2026-05-25 21:30:00+00:00,SOL-USD,15m,85.37999725341797,85.4000015258789,85.25,85.25,0,0,yfinance,2026-07-10T06:58:01.269533+00:00
2026-05-25 21:45:00+00:00,SOL-USD,15m,85.26000213623047,85.37000274658203,85.19999694824219,85.30000305175781,27102208,27102208,yfinance,2026-07-10T06:58:01.269533+00:00
2026-05-25 22:00:00+00:00,SOL-USD,15m,85.29000091552734,85.45999908447266,85.12000274658203,85.4000015258789,0,0,yfinance,2026-07-10T06:58:01.269533+00:00
2026-05-25 22:15:00+00:00,SOL-USD,15m,85.37999725341797,85.45999908447266,85.1500015258789,85.22000122070312,0,0,yfinance,2026-07-10T06:58:01.269533+00:00
2026-05-25 22:30:00+00:00,SOL-USD,15m,85.16000366210938,85.16000366210938,84.62999725341797,84.75,14675456,14675456,yfinance,2026-07-10T06:58:01.269533+00:00
2026-05-25 22:45:00+00:00,SOL-USD,15m,84.75,84.87999725341797,84.7300033569336,84.73999786376953,0,0,yfinance,2026-07-10T06:58:01.269533+00:00
2026-05-25 23:00:00+00:00,SOL-USD,15m,84.69999694824219,85.0,84.66000366210938,84.98999786376953,2149376,2149376,yfinance,2026-07-10T06:58:01.269533+00:00
2026-05-25 23:15:00+00:00,SOL-USD,15m,84.98999786376953,85.06999969482422,84.94000244140625,85.0199966430664,7883776,7883776,yfinance,2026-07-10T06:58:01.269533+00:00
2026-05-25 23:30:00+00:00,SOL-USD,15m,84.9800033569336,85.12999725341797,84.97000122070312,84.9800033569336,837888,837888,yfinance,2026-07-10T06:58:01.269533+00:00
2026-05-25 23:45:00+00:00,SOL-USD,15m,84.95999908447266,85.04000091552734,84.86000061035156,84.9800033569336,0,0,yfinance,2026-07-10T06:58:01.269533+00:00
2026-05-26 00:00:00+00:00,SOL-USD,15m,84.98999786376953,84.98999786376953,84.76000213623047,84.80000305175781,0,0,yfinance,2026-07-10T06:58:01.269533+00:00
2026-05-26 00:15:00+00:00,SOL-USD,15m,84.80000305175781,84.81999969482422,84.58999633789062,84.62999725341797,2432512,2432512,yfinance,2026-07-10T06:58:01.269533+00:00
2026-05-26 00:30:00+00:00,SOL-USD,15m,84.62999725341797,84.73999786376953,84.22000122070312,84.30000305175781,2689792,2689792,yfinance,2026-07-10T06:58:01.269533+00:00
2026-05-26 00:45:00+00:00,SOL-USD,15m,84.30999755859375,84.37000274658203,83.83000183105469,84.30999755859375,26382080,26382080,yfinance,2026-07-10T06:58:01.269533+00:00
2026-05-26 01:00:00+00:00,SOL-USD,15m,84.26000213623047,84.43000030517578,84.05999755859375,84.43000030517578,20260608,20260608,yfinance,2026-07-10T06:58:01.269533+00:00
2026-05-26 01:15:00+00:00,SOL-USD,15m,84.43000030517578,84.4800033569336,84.12999725341797,84.22000122070312,11131648,11131648,yfinance,2026-07-10T06:58:01.269533+00:00
2026-05-26 01:30:00+00:00,SOL-USD,15m,84.22000122070312,84.23999786376953,83.79000091552734,83.91999816894531,8581376,8581376,yfinance,2026-07-10T06:58:01.269533+00:00
2026-05-26 01:45:00+00:00,SOL-USD,15m,83.88999938964844,84.16000366210938,83.87999725341797,84.02999877929688,12290048,12290048,yfinance,2026-07-10T06:58:01.269533+00:00
2026-05-26 02:00:00+00:00,SOL-USD,15m,84.06999969482422,84.13999938964844,83.94999694824219,84.08999633789062,0,0,yfinance,2026-07-10T06:58:01.269533+00:00
2026-05-26 02:15:00+00:00,SOL-USD,15m,84.08000183105469,84.1500015258789,83.91000366210938,83.93000030517578,25572864,25572864,yfinance,2026-07-10T06:58:01.269533+00:00
2026-05-26 02:30:00+00:00,SOL-USD,15m,83.91999816894531,84.05999755859375,83.86000061035156,83.93000030517578,4585472,4585472,yfinance,2026-07-10T06:58:01.269533+00:00
2026-05-26 02:45:00+00:00,SOL-USD,15m,83.93000030517578,84.0199966430664,83.83000183105469,83.94000244140625,3715328,3715328,yfinance,2026-07-10T06:58:01.269533+00:00
2026-05-26 03:00:00+00:00,SOL-USD,15m,83.93000030517578,83.94000244140625,83.7699966430664,83.77999877929688,0,0,yfinance,2026-07-10T06:58:01.269533+00:00
2026-05-26 03:15:00+00:00,SOL-USD,15m,83.7699966430664,83.91999816894531,83.76000213623047,83.91000366210938,1146368,1146368,yfinance,2026-07-10T06:58:01.269533+00:00
2026-05-26 03:30:00+00:00,SOL-USD,15m,83.94000244140625,84.12000274658203,83.87000274658203,84.06999969482422,1682432,1682432,yfinance,2026-07-10T06:58:01.269533+00:00
2026-05-26 03:45:00+00:00,SOL-USD,15m,84.06999969482422,84.18000030517578,84.0199966430664,84.12999725341797,3354880,3354880,yfinance,2026-07-10T06:58:01.269533+00:00
2026-05-26 04:00:00+00:00,SOL-USD,15m,84.16000366210938,84.20999908447266,83.98999786376953,84.01000213623047,0,0,yfinance,2026-07-10T06:58:01.269533+00:00
2026-05-26 04:15:00+00:00,SOL-USD,15m,84.01000213623047,84.38999938964844,83.91999816894531,84.37000274658203,36898048,36898048,yfinance,2026-07-10T06:58:01.269533+00:00
2026-05-26 04:30:00+00:00,SOL-USD,15m,84.37999725341797,84.43000030517578,84.26000213623047,84.27999877929688,9939200,9939200,yfinance,2026-07-10T06:58:01.269533+00:00
2026-05-26 04:45:00+00:00,SOL-USD,15m,84.2699966430664,84.37000274658203,84.25,84.27999877929688,0,0,yfinance,2026-07-10T06:58:01.269533+00:00
2026-05-26 05:00:00+00:00,SOL-USD,15m,84.2699966430664,84.41999816894531,84.19000244140625,84.38999938964844,0,0,yfinance,2026-07-10T06:58:01.269533+00:00
2026-05-26 05:15:00+00:00,SOL-USD,15m,84.38999938964844,84.58000183105469,84.38999938964844,84.55999755859375,2549760,2549760,yfinance,2026-07-10T06:58:01.269533+00:00
2026-05-26 05:30:00+00:00,SOL-USD,15m,84.54000091552734,84.87000274658203,84.54000091552734,84.69000244140625,9733632,9733632,yfinance,2026-07-10T06:58:01.269533+00:00
2026-05-26 05:45:00+00:00,SOL-USD,15m,84.66000366210938,84.66000366210938,84.44999694824219,84.56999969482422,942592,942592,yfinance,2026-07-10T06:58:01.269533+00:00
2026-05-26 06:00:00+00:00,SOL-USD,15m,84.54000091552734,84.54000091552734,84.4000015258789,84.45999908447266,1788928,1788928,yfinance,2026-07-10T06:58:01.269533+00:00
2026-05-26 06:15:00+00:00,SOL-USD,15m,84.44999694824219,84.54000091552734,84.33000183105469,84.41000366210938,0,0,yfinance,2026-07-10T06:58:01.269533+00:00
2026-05-26 06:30:00+00:00,SOL-USD,15m,84.43000030517578,84.73999786376953,84.41999816894531,84.66000366210938,6586624,6586624,yfinance,2026-07-10T06:58:01.269533+00:00
2026-05-26 06:45:00+00:00,SOL-USD,15m,84.6500015258789,84.68000030517578,84.48999786376953,84.5199966430664,3680000,3680000,yfinance,2026-07-10T06:58:01.269533+00:00
2026-05-26 07:00:00+00:00,SOL-USD,15m,84.52999877929688,84.54000091552734,84.13999938964844,84.18000030517578,0,0,yfinance,2026-07-10T06:58:01.269533+00:00
2026-05-26 07:15:00+00:00,SOL-USD,15m,84.16999816894531,84.26000213623047,84.05000305175781,84.19000244140625,5817600,5817600,yfinance,2026-07-10T06:58:01.269533+00:00
2026-05-26 07:30:00+00:00,SOL-USD,15m,84.16999816894531,84.19999694824219,84.01000213623047,84.18000030517578,3006464,3006464,yfinance,2026-07-10T06:58:01.269533+00:00
2026-05-26 07:45:00+00:00,SOL-USD,15m,84.19000244140625,84.41000366210938,84.18000030517578,84.25,2935296,2935296,yfinance,2026-07-10T06:58:01.269533+00:00
2026-05-26 08:00:00+00:00,SOL-USD,15m,84.26000213623047,84.43000030517578,84.23999786376953,84.38999938964844,160512,160512,yfinance,2026-07-10T06:58:01.269533+00:00
2026-05-26 08:15:00+00:00,SOL-USD,15m,84.36000061035156,84.41999816894531,84.26000213623047,84.37000274658203,2764288,2764288,yfinance,2026-07-10T06:58:01.269533+00:00
2026-05-26 08:30:00+00:00,SOL-USD,15m,84.36000061035156,84.47000122070312,84.26000213623047,84.44999694824219,9855232,9855232,yfinance,2026-07-10T06:58:01.269533+00:00
2026-05-26 08:45:00+00:00,SOL-USD,15m,84.44999694824219,84.44999694824219,84.26000213623047,84.36000061035156,0,0,yfinance,2026-07-10T06:58:01.269533+00:00
2026-05-26 09:00:00+00:00,SOL-USD,15m,84.37999725341797,84.41000366210938,84.2699966430664,84.31999969482422,0,0,yfinance,2026-07-10T06:58:01.269533+00:00
2026-05-26 09:15:00+00:00,SOL-USD,15m,84.30999755859375,84.54000091552734,84.29000091552734,84.4800033569336,10820608,10820608,yfinance,2026-07-10T06:58:01.269533+00:00
2026-05-26 09:30:00+00:00,SOL-USD,15m,84.5,84.61000061035156,84.33000183105469,84.4000015258789,3131392,3131392,yfinance,2026-07-10T06:58:01.269533+00:00
2026-05-26 09:45:00+00:00,SOL-USD,15m,84.4000015258789,84.45999908447266,84.19999694824219,84.37999725341797,4994560,4994560,yfinance,2026-07-10T06:58:01.269533+00:00
2026-05-26 10:00:00+00:00,SOL-USD,15m,84.33999633789062,84.58000183105469,84.2699966430664,84.55999755859375,2899712,2899712,yfinance,2026-07-10T06:58:01.269533+00:00
2026-05-26 10:15:00+00:00,SOL-USD,15m,84.58000183105469,85.45999908447266,84.58000183105469,85.41999816894531,32577024,32577024,yfinance,2026-07-10T06:58:01.269533+00:00
2026-05-26 10:30:00+00:00,SOL-USD,15m,85.41999816894531,85.69000244140625,85.38999938964844,85.56999969482422,64626432,64626432,yfinance,2026-07-10T06:58:01.269533+00:00
2026-05-26 10:45:00+00:00,SOL-USD,15m,85.56999969482422,85.66000366210938,85.43000030517578,85.47000122070312,33925888,33925888,yfinance,2026-07-10T06:58:01.269533+00:00
2026-05-26 11:00:00+00:00,SOL-USD,15m,85.51000213623047,85.55999755859375,85.33000183105469,85.3499984741211,22077952,22077952,yfinance,2026-07-10T06:58:01.269533+00:00
2026-05-26 11:15:00+00:00,SOL-USD,15m,85.3499984741211,85.4800033569336,85.2300033569336,85.2699966430664,14361856,14361856,yfinance,2026-07-10T06:58:01.269533+00:00
2026-05-26 11:30:00+00:00,SOL-USD,15m,85.2699966430664,85.41000366210938,85.11000061035156,85.23999786376953,11372288,11372288,yfinance,2026-07-10T06:58:01.269533+00:00
2026-05-26 11:45:00+00:00,SOL-USD,15m,85.20999908447266,85.31999969482422,85.12000274658203,85.12999725341797,4361728,4361728,yfinance,2026-07-10T06:58:01.269533+00:00
2026-05-26 12:00:00+00:00,SOL-USD,15m,85.12999725341797,85.2300033569336,84.7300033569336,85.01000213623047,15254016,15254016,yfinance,2026-07-10T06:58:01.269533+00:00
2026-05-26 12:15:00+00:00,SOL-USD,15m,85.01000213623047,85.06999969482422,84.8499984741211,84.9800033569336,20454912,20454912,yfinance,2026-07-10T06:58:01.269533+00:00
2026-05-26 12:30:00+00:00,SOL-USD,15m,85.0,85.08999633789062,84.88999938964844,85.04000091552734,6234880,6234880,yfinance,2026-07-10T06:58:01.269533+00:00
2026-05-26 12:45:00+00:00,SOL-USD,15m,85.05000305175781,85.31999969482422,85.05000305175781,85.22000122070312,16871936,16871936,yfinance,2026-07-10T06:58:01.269533+00:00
2026-05-26 13:00:00+00:00,SOL-USD,15m,85.2300033569336,85.2699966430664,85.13999938964844,85.19999694824219,15406848,15406848,yfinance,2026-07-10T06:58:01.269533+00:00
2026-05-26 13:15:00+00:00,SOL-USD,15m,85.19999694824219,85.19999694824219,84.83999633789062,84.8499984741211,13063936,13063936,yfinance,2026-07-10T06:58:01.269533+00:00
2026-05-26 13:30:00+00:00,SOL-USD,15m,84.8499984741211,85.1500015258789,84.5999984741211,85.0,25388288,25388288,yfinance,2026-07-10T06:58:01.269533+00:00
2026-05-26 13:45:00+00:00,SOL-USD,15m,85.02999877929688,85.66000366210938,85.02999877929688,85.37999725341797,39489536,39489536,yfinance,2026-07-10T06:58:01.269533+00:00
2026-05-26 14:00:00+00:00,SOL-USD,15m,85.4800033569336,85.61000061035156,85.30000305175781,85.5999984741211,24863488,24863488,yfinance,2026-07-10T06:58:01.269533+00:00
2026-05-26 14:15:00+00:00,SOL-USD,15m,85.62000274658203,86.02999877929688,85.51000213623047,85.93000030517578,26313728,26313728,yfinance,2026-07-10T06:58:01.269533+00:00
2026-05-26 14:30:00+00:00,SOL-USD,15m,85.9800033569336,85.9800033569336,84.70999908447266,84.83999633789062,51775744,51775744,yfinance,2026-07-10T06:58:01.269533+00:00
2026-05-26 14:45:00+00:00,SOL-USD,15m,84.91000366210938,85.44000244140625,84.77999877929688,85.13999938964844,53004288,53004288,yfinance,2026-07-10T06:58:01.269533+00:00
2026-05-26 15:00:00+00:00,SOL-USD,15m,85.16999816894531,85.25,84.79000091552734,85.19999694824219,28272640,28272640,yfinance,2026-07-10T06:58:01.269533+00:00
2026-05-26 15:15:00+00:00,SOL-USD,15m,85.20999908447266,85.2300033569336,84.66000366210938,84.75,6328320,6328320,yfinance,2026-07-10T06:58:01.269533+00:00
2026-05-26 15:30:00+00:00,SOL-USD,15m,84.69999694824219,84.81999969482422,84.30000305175781,84.55000305175781,38923776,38923776,yfinance,2026-07-10T06:58:01.269533+00:00
2026-05-26 15:45:00+00:00,SOL-USD,15m,84.54000091552734,84.55999755859375,83.93000030517578,84.38999938964844,32553472,32553472,yfinance,2026-07-10T06:58:01.269533+00:00
2026-05-26 16:00:00+00:00,SOL-USD,15m,84.38999938964844,84.45999908447266,83.8499984741211,84.04000091552734,34147840,34147840,yfinance,2026-07-10T06:58:01.269533+00:00
2026-05-26 16:15:00+00:00,SOL-USD,15m,84.01000213623047,84.31999969482422,84.01000213623047,84.19999694824219,37282304,37282304,yfinance,2026-07-10T06:58:01.269533+00:00
2026-05-26 16:30:00+00:00,SOL-USD,15m,84.19999694824219,84.41000366210938,84.0999984741211,84.2699966430664,25197312,25197312,yfinance,2026-07-10T06:58:01.269533+00:00
2026-05-26 16:45:00+00:00,SOL-USD,15m,84.26000213623047,84.37000274658203,83.9000015258789,84.12999725341797,15797248,15797248,yfinance,2026-07-10T06:58:01.269533+00:00
2026-05-26 17:00:00+00:00,SOL-USD,15m,84.12999725341797,84.29000091552734,83.98999786376953,84.06999969482422,9905664,9905664,yfinance,2026-07-10T06:58:01.269533+00:00
2026-05-26 17:15:00+00:00,SOL-USD,15m,84.06999969482422,84.06999969482422,83.3499984741211,83.37999725341797,15005952,15005952,yfinance,2026-07-10T06:58:01.269533+00:00
2026-05-26 17:30:00+00:00,SOL-USD,15m,83.18000030517578,83.55000305175781,83.05000305175781,83.5199966430664,59294976,59294976,yfinance,2026-07-10T06:58:01.269533+00:00
2026-05-26 17:45:00+00:00,SOL-USD,15m,83.5,83.72000122070312,83.41999816894531,83.47000122070312,41274880,41274880,yfinance,2026-07-10T06:58:01.269533+00:00
2026-05-26 18:00:00+00:00,SOL-USD,15m,83.44000244140625,83.69000244140625,83.38999938964844,83.62999725341797,19112704,19112704,yfinance,2026-07-10T06:58:01.269533+00:00
2026-05-26 18:15:00+00:00,SOL-USD,15m,83.63999938964844,83.95999908447266,83.62000274658203,83.79000091552734,17965824,17965824,yfinance,2026-07-10T06:58:01.269533+00:00
2026-05-26 18:30:00+00:00,SOL-USD,15m,83.80000305175781,83.83000183105469,83.3499984741211,83.37999725341797,20651520,20651520,yfinance,2026-07-10T06:58:01.269533+00:00
2026-05-26 18:45:00+00:00,SOL-USD,15m,83.38999938964844,83.69000244140625,83.37999725341797,83.47000122070312,11175168,11175168,yfinance,2026-07-10T06:58:01.269533+00:00
2026-05-26 19:00:00+00:00,SOL-USD,15m,83.48999786376953,83.55000305175781,83.31999969482422,83.33000183105469,603904,603904,yfinance,2026-07-10T06:58:01.269533+00:00
2026-05-26 19:15:00+00:00,SOL-USD,15m,83.31999969482422,83.47000122070312,83.20999908447266,83.44000244140625,1938432,1938432,yfinance,2026-07-10T06:58:01.269533+00:00
2026-05-26 19:30:00+00:00,SOL-USD,15m,83.44000244140625,83.83000183105469,83.44000244140625,83.73999786376953,11520768,11520768,yfinance,2026-07-10T06:58:01.269533+00:00
2026-05-26 19:45:00+00:00,SOL-USD,15m,83.75,83.87000274658203,83.58000183105469,83.58999633789062,11908608,11908608,yfinance,2026-07-10T06:58:01.269533+00:00
2026-05-26 20:00:00+00:00,SOL-USD,15m,83.66999816894531,83.81999969482422,83.58999633789062,83.81999969482422,3443456,3443456,yfinance,2026-07-10T06:58:01.269533+00:00
2026-05-26 20:15:00+00:00,SOL-USD,15m,83.80999755859375,83.83999633789062,83.63999938964844,83.77999877929688,10091008,10091008,yfinance,2026-07-10T06:58:01.269533+00:00
2026-05-26 20:30:00+00:00,SOL-USD,15m,83.7699966430664,83.80999755859375,83.61000061035156,83.75,2926592,2926592,yfinance,2026-07-10T06:58:01.269533+00:00
2026-05-26 20:45:00+00:00,SOL-USD,15m,83.75,83.83999633789062,83.7300033569336,83.80999755859375,0,0,yfinance,2026-07-10T06:58:01.269533+00:00
2026-05-26 21:00:00+00:00,SOL-USD,15m,83.80999755859375,83.83999633789062,83.45999908447266,83.54000091552734,500992,500992,yfinance,2026-07-10T06:58:01.269533+00:00
2026-05-26 21:15:00+00:00,SOL-USD,15m,83.5199966430664,83.80999755859375,83.51000213623047,83.73999786376953,5625344,5625344,yfinance,2026-07-10T06:58:01.269533+00:00
2026-05-26 21:30:00+00:00,SOL-USD,15m,83.73999786376953,83.8499984741211,83.7300033569336,83.80000305175781,3684608,3684608,yfinance,2026-07-10T06:58:01.269533+00:00
2026-05-26 21:45:00+00:00,SOL-USD,15m,83.80000305175781,83.81999969482422,83.4800033569336,83.56999969482422,2999296,2999296,yfinance,2026-07-10T06:58:01.269533+00:00
2026-05-26 22:00:00+00:00,SOL-USD,15m,83.58999633789062,83.75,83.44999694824219,83.52999877929688,0,0,yfinance,2026-07-10T06:58:01.269533+00:00
2026-05-26 22:15:00+00:00,SOL-USD,15m,83.5199966430664,83.6500015258789,83.5,83.62999725341797,4493056,4493056,yfinance,2026-07-10T06:58:01.269533+00:00
2026-05-26 22:30:00+00:00,SOL-USD,15m,83.61000061035156,83.6500015258789,83.48999786376953,83.5199966430664,0,0,yfinance,2026-07-10T06:58:01.269533+00:00
2026-05-26 22:45:00+00:00,SOL-USD,15m,83.5,83.55000305175781,83.41000366210938,83.54000091552734,0,0,yfinance,2026-07-10T06:58:01.269533+00:00
2026-05-26 23:00:00+00:00,SOL-USD,15m,83.55999755859375,83.7300033569336,83.55999755859375,83.69000244140625,0,0,yfinance,2026-07-10T06:58:01.269533+00:00
2026-05-26 23:15:00+00:00,SOL-USD,15m,83.69000244140625,83.70999908447266,83.5199966430664,83.58000183105469,2718464,2718464,yfinance,2026-07-10T06:58:01.269533+00:00
2026-05-26 23:30:00+00:00,SOL-USD,15m,83.58999633789062,83.69000244140625,83.55000305175781,83.66000366210938,146688,146688,yfinance,2026-07-10T06:58:01.269533+00:00
2026-05-26 23:45:00+00:00,SOL-USD,15m,83.66999816894531,83.70999908447266,83.55000305175781,83.58000183105469,2288384,2288384,yfinance,2026-07-10T06:58:01.269533+00:00
2026-05-27 00:00:00+00:00,SOL-USD,15m,83.62000274658203,83.83000183105469,83.5999984741211,83.79000091552734,769280,769280,yfinance,2026-07-10T06:58:01.269533+00:00
2026-05-27 00:15:00+00:00,SOL-USD,15m,83.77999877929688,83.87000274658203,83.62999725341797,83.83000183105469,0,0,yfinance,2026-07-10T06:58:01.269533+00:00
2026-05-27 00:30:00+00:00,SOL-USD,15m,83.86000061035156,84.0,83.7699966430664,83.83999633789062,7583744,7583744,yfinance,2026-07-10T06:58:01.269533+00:00
2026-05-27 00:45:00+00:00,SOL-USD,15m,83.86000061035156,84.05000305175781,83.86000061035156,84.0199966430664,0,0,yfinance,2026-07-10T06:58:01.269533+00:00
2026-05-27 01:00:00+00:00,SOL-USD,15m,84.02999877929688,84.05999755859375,83.91999816894531,84.0199966430664,0,0,yfinance,2026-07-10T06:58:01.269533+00:00
2026-05-27 01:15:00+00:00,SOL-USD,15m,84.01000213623047,84.0199966430664,83.69999694824219,83.77999877929688,0,0,yfinance,2026-07-10T06:58:01.269533+00:00
2026-05-27 01:30:00+00:00,SOL-USD,15m,83.72000122070312,83.91999816894531,83.69000244140625,83.79000091552734,0,0,yfinance,2026-07-10T06:58:01.269533+00:00
2026-05-27 01:45:00+00:00,SOL-USD,15m,83.80999755859375,83.94999694824219,83.69999694824219,83.75,0,0,yfinance,2026-07-10T06:58:01.269533+00:00
2026-05-27 02:00:00+00:00,SOL-USD,15m,83.75,83.79000091552734,83.56999969482422,83.66999816894531,0,0,yfinance,2026-07-10T06:58:01.269533+00:00
2026-05-27 02:15:00+00:00,SOL-USD,15m,83.69999694824219,83.72000122070312,83.43000030517578,83.62000274658203,0,0,yfinance,2026-07-10T06:58:01.269533+00:00
2026-05-27 02:30:00+00:00,SOL-USD,15m,83.62000274658203,83.72000122070312,83.51000213623047,83.58999633789062,0,0,yfinance,2026-07-10T06:58:01.269533+00:00
2026-05-27 02:45:00+00:00,SOL-USD,15m,83.58999633789062,83.80000305175781,83.56999969482422,83.80000305175781,0,0,yfinance,2026-07-10T06:58:01.269533+00:00
2026-05-27 03:00:00+00:00,SOL-USD,15m,83.83999633789062,83.94999694824219,83.76000213623047,83.79000091552734,2300928,2300928,yfinance,2026-07-10T06:58:01.269533+00:00
2026-05-27 03:15:00+00:00,SOL-USD,15m,83.77999877929688,83.80999755859375,83.66999816894531,83.76000213623047,0,0,yfinance,2026-07-10T06:58:01.269533+00:00
2026-05-27 03:30:00+00:00,SOL-USD,15m,83.7699966430664,83.83000183105469,83.58000183105469,83.5999984741211,0,0,yfinance,2026-07-10T06:58:01.269533+00:00
2026-05-27 03:45:00+00:00,SOL-USD,15m,83.5999984741211,83.5999984741211,83.38999938964844,83.51000213623047,4026368,4026368,yfinance,2026-07-10T06:58:01.269533+00:00
2026-05-27 04:00:00+00:00,SOL-USD,15m,83.4800033569336,83.55000305175781,83.43000030517578,83.44999694824219,496384,496384,yfinance,2026-07-10T06:58:01.269533+00:00
2026-05-27 04:15:00+00:00,SOL-USD,15m,83.43000030517578,83.45999908447266,83.22000122070312,83.29000091552734,1539072,1539072,yfinance,2026-07-10T06:58:01.269533+00:00
2026-05-27 04:30:00+00:00,SOL-USD,15m,83.2699966430664,83.31999969482422,82.81999969482422,83.08000183105469,38358016,38358016,yfinance,2026-07-10T06:58:01.269533+00:00
2026-05-27 04:45:00+00:00,SOL-USD,15m,83.0999984741211,83.55999755859375,83.0999984741211,83.5199966430664,5351168,5351168,yfinance,2026-07-10T06:58:01.269533+00:00
2026-05-27 05:00:00+00:00,SOL-USD,15m,83.5199966430664,83.61000061035156,83.5199966430664,83.58000183105469,2058496,2058496,yfinance,2026-07-10T06:58:01.269533+00:00
2026-05-27 05:15:00+00:00,SOL-USD,15m,83.56999969482422,83.72000122070312,83.44999694824219,83.63999938964844,0,0,yfinance,2026-07-10T06:58:01.269533+00:00
2026-05-27 05:30:00+00:00,SOL-USD,15m,83.6500015258789,83.70999908447266,83.54000091552734,83.58999633789062,0,0,yfinance,2026-07-10T06:58:01.269533+00:00
2026-05-27 05:45:00+00:00,SOL-USD,15m,83.56999969482422,83.80000305175781,83.54000091552734,83.76000213623047,0,0,yfinance,2026-07-10T06:58:01.269533+00:00
2026-05-27 06:00:00+00:00,SOL-USD,15m,83.7699966430664,83.83999633789062,83.66999816894531,83.72000122070312,163328,163328,yfinance,2026-07-10T06:58:01.269533+00:00
2026-05-27 06:15:00+00:00,SOL-USD,15m,83.70999908447266,83.7699966430664,83.62000274658203,83.73999786376953,0,0,yfinance,2026-07-10T06:58:01.269533+00:00
2026-05-27 06:30:00+00:00,SOL-USD,15m,83.73999786376953,83.91000366210938,83.72000122070312,83.9000015258789,2701568,2701568,yfinance,2026-07-10T06:58:01.269533+00:00
2026-05-27 06:45:00+00:00,SOL-USD,15m,83.87999725341797,83.93000030517578,83.83000183105469,83.91000366210938,4101120,4101120,yfinance,2026-07-10T06:58:01.269533+00:00
2026-05-27 07:00:00+00:00,SOL-USD,15m,83.95999908447266,83.97000122070312,83.76000213623047,83.80999755859375,236544,236544,yfinance,2026-07-10T06:58:01.269533+00:00
2026-05-27 07:15:00+00:00,SOL-USD,15m,83.79000091552734,83.94999694824219,83.77999877929688,83.93000030517578,0,0,yfinance,2026-07-10T06:58:01.269533+00:00
2026-05-27 07:30:00+00:00,SOL-USD,15m,83.97000122070312,84.0199966430664,83.86000061035156,83.87999725341797,1568512,1568512,yfinance,2026-07-10T06:58:01.269533+00:00
2026-05-27 07:45:00+00:00,SOL-USD,15m,83.87999725341797,84.08000183105469,83.87999725341797,84.06999969482422,1021440,1021440,yfinance,2026-07-10T06:58:01.269533+00:00
2026-05-27 08:00:00+00:00,SOL-USD,15m,84.06999969482422,84.19999694824219,83.97000122070312,84.0,1745920,1745920,yfinance,2026-07-10T06:58:01.269533+00:00
2026-05-27 08:15:00+00:00,SOL-USD,15m,84.0199966430664,84.27999877929688,83.94000244140625,84.16999816894531,3256576,3256576,yfinance,2026-07-10T06:58:01.269533+00:00
2026-05-27 08:30:00+00:00,SOL-USD,15m,84.18000030517578,84.22000122070312,84.02999877929688,84.08000183105469,7797248,7797248,yfinance,2026-07-10T06:58:01.269533+00:00
2026-05-27 08:45:00+00:00,SOL-USD,15m,84.08000183105469,84.08999633789062,83.77999877929688,83.80999755859375,4058368,4058368,yfinance,2026-07-10T06:58:01.269533+00:00
2026-05-27 09:00:00+00:00,SOL-USD,15m,83.83000183105469,83.83999633789062,83.56999969482422,83.68000030517578,718080,718080,yfinance,2026-07-10T06:58:01.269533+00:00
2026-05-27 09:15:00+00:00,SOL-USD,15m,83.68000030517578,83.68000030517578,83.5,83.52999877929688,5148672,5148672,yfinance,2026-07-10T06:58:01.269533+00:00
2026-05-27 09:30:00+00:00,SOL-USD,15m,83.56999969482422,83.81999969482422,83.5199966430664,83.68000030517578,5879808,5879808,yfinance,2026-07-10T06:58:01.269533+00:00
2026-05-27 09:45:00+00:00,SOL-USD,15m,83.68000030517578,83.7300033569336,83.56999969482422,83.6500015258789,0,0,yfinance,2026-07-10T06:58:01.269533+00:00
2026-05-27 10:00:00+00:00,SOL-USD,15m,83.62999725341797,83.77999877929688,83.54000091552734,83.77999877929688,0,0,yfinance,2026-07-10T06:58:01.269533+00:00
2026-05-27 10:15:00+00:00,SOL-USD,15m,83.7699966430664,83.95999908447266,83.75,83.9000015258789,0,0,yfinance,2026-07-10T06:58:01.269533+00:00
2026-05-27 10:30:00+00:00,SOL-USD,15m,83.91000366210938,83.94000244140625,83.66000366210938,83.75,0,0,yfinance,2026-07-10T06:58:01.269533+00:00
2026-05-27 10:45:00+00:00,SOL-USD,15m,83.76000213623047,83.87999725341797,83.7300033569336,83.86000061035156,0,0,yfinance,2026-07-10T06:58:01.269533+00:00
2026-05-27 11:00:00+00:00,SOL-USD,15m,83.83000183105469,84.02999877929688,83.80000305175781,83.9800033569336,0,0,yfinance,2026-07-10T06:58:01.269533+00:00
2026-05-27 11:15:00+00:00,SOL-USD,15m,83.9800033569336,84.0999984741211,83.94000244140625,83.97000122070312,0,0,yfinance,2026-07-10T06:58:01.269533+00:00
2026-05-27 11:30:00+00:00,SOL-USD,15m,83.95999908447266,84.05999755859375,83.7699966430664,83.94999694824219,0,0,yfinance,2026-07-10T06:58:01.269533+00:00
2026-05-27 11:45:00+00:00,SOL-USD,15m,83.94999694824219,83.95999908447266,83.77999877929688,83.80000305175781,567040,567040,yfinance,2026-07-10T06:58:01.269533+00:00
2026-05-27 12:00:00+00:00,SOL-USD,15m,83.81999969482422,83.81999969482422,83.44000244140625,83.56999969482422,0,0,yfinance,2026-07-10T06:58:01.269533+00:00
2026-05-27 12:15:00+00:00,SOL-USD,15m,83.56999969482422,84.51000213623047,83.44000244140625,84.20999908447266,40222720,40222720,yfinance,2026-07-10T06:58:01.269533+00:00
2026-05-27 12:30:00+00:00,SOL-USD,15m,84.20999908447266,84.30999755859375,83.95999908447266,84.19999694824219,22727680,22727680,yfinance,2026-07-10T06:58:01.269533+00:00
2026-05-27 12:45:00+00:00,SOL-USD,15m,84.19999694824219,84.19999694824219,83.79000091552734,83.80000305175781,0,0,yfinance,2026-07-10T06:58:01.269533+00:00
2026-05-27 13:00:00+00:00,SOL-USD,15m,83.83999633789062,83.91999816894531,83.4800033569336,83.58000183105469,1189120,1189120,yfinance,2026-07-10T06:58:01.269533+00:00
2026-05-27 13:15:00+00:00,SOL-USD,15m,83.62000274658203,83.66999816894531,83.38999938964844,83.45999908447266,2984960,2984960,yfinance,2026-07-10T06:58:01.269533+00:00
2026-05-27 13:30:00+00:00,SOL-USD,15m,83.41000366210938,83.5199966430664,82.86000061035156,82.9000015258789,1824512,1824512,yfinance,2026-07-10T06:58:01.269533+00:00
2026-05-27 13:45:00+00:00,SOL-USD,15m,82.93000030517578,83.48999786376953,82.83000183105469,83.4800033569336,18974976,18974976,yfinance,2026-07-10T06:58:01.269533+00:00
2026-05-27 14:00:00+00:00,SOL-USD,15m,83.51000213623047,83.94999694824219,83.51000213623047,83.61000061035156,25844224,25844224,yfinance,2026-07-10T06:58:01.269533+00:00
2026-05-27 14:15:00+00:00,SOL-USD,15m,83.62000274658203,83.77999877929688,83.0999984741211,83.27999877929688,1999872,1999872,yfinance,2026-07-10T06:58:01.269533+00:00
2026-05-27 14:30:00+00:00,SOL-USD,15m,83.26000213623047,83.58999633789062,83.23999786376953,83.41999816894531,0,0,yfinance,2026-07-10T06:58:01.269533+00:00
2026-05-27 14:45:00+00:00,SOL-USD,15m,83.41000366210938,83.80999755859375,83.41000366210938,83.7699966430664,0,0,yfinance,2026-07-10T06:58:01.269533+00:00
2026-05-27 15:00:00+00:00,SOL-USD,15m,83.75,84.18000030517578,83.75,84.16000366210938,0,0,yfinance,2026-07-10T06:58:01.269533+00:00
2026-05-27 15:15:00+00:00,SOL-USD,15m,84.13999938964844,84.47000122070312,84.12999725341797,84.33999633789062,30943488,30943488,yfinance,2026-07-10T06:58:01.269533+00:00
2026-05-27 15:30:00+00:00,SOL-USD,15m,84.33000183105469,84.63999938964844,84.20999908447266,84.26000213623047,4178688,4178688,yfinance,2026-07-10T06:58:01.269533+00:00
2026-05-27 15:45:00+00:00,SOL-USD,15m,84.29000091552734,84.36000061035156,84.05999755859375,84.27999877929688,0,0,yfinance,2026-07-10T06:58:01.269533+00:00
2026-05-27 16:00:00+00:00,SOL-USD,15m,84.29000091552734,84.58999633789062,84.23999786376953,84.31999969482422,4444416,4444416,yfinance,2026-07-10T06:58:01.269533+00:00
2026-05-27 16:15:00+00:00,SOL-USD,15m,84.30999755859375,84.30999755859375,83.91000366210938,84.0,1407488,1407488,yfinance,2026-07-10T06:58:01.269533+00:00
2026-05-27 16:30:00+00:00,SOL-USD,15m,83.98999786376953,84.0999984741211,83.73999786376953,83.94999694824219,0,0,yfinance,2026-07-10T06:58:01.269533+00:00
2026-05-27 16:45:00+00:00,SOL-USD,15m,83.94999694824219,84.12999725341797,83.88999938964844,84.02999877929688,2895104,2895104,yfinance,2026-07-10T06:58:01.269533+00:00
2026-05-27 17:00:00+00:00,SOL-USD,15m,84.04000091552734,84.05999755859375,83.20999908447266,83.20999908447266,0,0,yfinance,2026-07-10T06:58:01.269533+00:00
2026-05-27 17:15:00+00:00,SOL-USD,15m,83.20999908447266,83.62999725341797,83.0199966430664,83.56999969482422,7653376,7653376,yfinance,2026-07-10T06:58:01.269533+00:00
2026-05-27 17:30:00+00:00,SOL-USD,15m,83.54000091552734,83.58000183105469,83.19999694824219,83.29000091552734,0,0,yfinance,2026-07-10T06:58:01.269533+00:00
2026-05-27 17:45:00+00:00,SOL-USD,15m,83.30000305175781,83.43000030517578,83.0999984741211,83.26000213623047,0,0,yfinance,2026-07-10T06:58:01.269533+00:00
2026-05-27 18:00:00+00:00,SOL-USD,15m,83.23999786376953,83.37000274658203,83.05000305175781,83.22000122070312,3546112,3546112,yfinance,2026-07-10T06:58:01.269533+00:00
2026-05-27 18:15:00+00:00,SOL-USD,15m,83.20999908447266,83.41999816894531,83.12999725341797,83.4000015258789,4174592,4174592,yfinance,2026-07-10T06:58:01.269533+00:00
2026-05-27 18:30:00+00:00,SOL-USD,15m,83.37000274658203,83.62999725341797,83.27999877929688,83.54000091552734,0,0,yfinance,2026-07-10T06:58:01.269533+00:00
2026-05-27 18:45:00+00:00,SOL-USD,15m,83.54000091552734,83.83999633789062,83.5199966430664,83.79000091552734,905984,905984,yfinance,2026-07-10T06:58:01.269533+00:00
2026-05-27 19:00:00+00:00,SOL-USD,15m,83.80999755859375,83.9800033569336,83.75,83.9800033569336,0,0,yfinance,2026-07-10T06:58:01.269533+00:00
2026-05-27 19:15:00+00:00,SOL-USD,15m,83.9000015258789,83.93000030517578,83.76000213623047,83.79000091552734,3725312,3725312,yfinance,2026-07-10T06:58:01.269533+00:00
2026-05-27 19:30:00+00:00,SOL-USD,15m,83.77999877929688,83.95999908447266,83.75,83.80000305175781,716800,716800,yfinance,2026-07-10T06:58:01.269533+00:00
2026-05-27 19:45:00+00:00,SOL-USD,15m,83.81999969482422,83.87999725341797,83.72000122070312,83.76000213623047,0,0,yfinance,2026-07-10T06:58:01.269533+00:00
2026-05-27 20:00:00+00:00,SOL-USD,15m,83.76000213623047,83.9000015258789,83.70999908447266,83.83999633789062,5404672,5404672,yfinance,2026-07-10T06:58:01.269533+00:00
2026-05-27 20:15:00+00:00,SOL-USD,15m,83.87999725341797,83.97000122070312,83.69999694824219,83.73999786376953,4361728,4361728,yfinance,2026-07-10T06:58:01.269533+00:00
2026-05-27 20:30:00+00:00,SOL-USD,15m,83.72000122070312,83.7699966430664,83.61000061035156,83.68000030517578,0,0,yfinance,2026-07-10T06:58:01.269533+00:00
2026-05-27 20:45:00+00:00,SOL-USD,15m,83.69000244140625,83.73999786376953,83.6500015258789,83.6500015258789,1108224,1108224,yfinance,2026-07-10T06:58:01.269533+00:00
2026-05-27 21:00:00+00:00,SOL-USD,15m,83.6500015258789,83.6500015258789,83.47000122070312,83.5,0,0,yfinance,2026-07-10T06:58:01.269533+00:00
2026-05-27 21:15:00+00:00,SOL-USD,15m,83.5,83.5199966430664,83.31999969482422,83.31999969482422,0,0,yfinance,2026-07-10T06:58:01.269533+00:00
2026-05-27 21:30:00+00:00,SOL-USD,15m,83.29000091552734,83.29000091552734,82.41000366210938,82.5999984741211,33946368,33946368,yfinance,2026-07-10T06:58:01.269533+00:00
2026-05-27 21:45:00+00:00,SOL-USD,15m,82.58999633789062,82.5999984741211,82.0,82.3499984741211,57491712,57491712,yfinance,2026-07-10T06:58:01.269533+00:00
2026-05-27 22:00:00+00:00,SOL-USD,15m,82.37999725341797,82.86000061035156,82.16000366210938,82.4800033569336,52175616,52175616,yfinance,2026-07-10T06:58:01.269533+00:00
2026-05-27 22:15:00+00:00,SOL-USD,15m,82.44999694824219,82.61000061035156,82.18000030517578,82.55999755859375,28928000,28928000,yfinance,2026-07-10T06:58:01.269533+00:00
2026-05-27 22:30:00+00:00,SOL-USD,15m,82.52999877929688,82.69000244140625,82.4000015258789,82.55999755859375,13566720,13566720,yfinance,2026-07-10T06:58:01.269533+00:00
2026-05-27 22:45:00+00:00,SOL-USD,15m,82.55000305175781,82.5999984741211,82.31999969482422,82.31999969482422,7910912,7910912,yfinance,2026-07-10T06:58:01.269533+00:00
2026-05-27 23:00:00+00:00,SOL-USD,15m,82.29000091552734,82.47000122070312,82.23999786376953,82.44999694824219,8731136,8731136,yfinance,2026-07-10T06:58:01.269533+00:00
2026-05-27 23:15:00+00:00,SOL-USD,15m,82.5,82.55999755859375,82.08999633789062,82.18000030517578,7916288,7916288,yfinance,2026-07-10T06:58:01.269533+00:00
2026-05-27 23:30:00+00:00,SOL-USD,15m,82.13999938964844,82.33000183105469,82.06999969482422,82.22000122070312,12019968,12019968,yfinance,2026-07-10T06:58:01.269533+00:00
2026-05-27 23:45:00+00:00,SOL-USD,15m,82.22000122070312,82.41000366210938,82.19000244140625,82.30000305175781,11211776,11211776,yfinance,2026-07-10T06:58:01.269533+00:00
2026-05-28 00:00:00+00:00,SOL-USD,15m,82.2699966430664,82.45999908447266,82.2300033569336,82.27999877929688,8776448,8776448,yfinance,2026-07-10T06:58:01.269533+00:00
2026-05-28 00:15:00+00:00,SOL-USD,15m,82.30000305175781,82.52999877929688,82.26000213623047,82.43000030517578,7550720,7550720,yfinance,2026-07-10T06:58:01.269533+00:00
2026-05-28 00:30:00+00:00,SOL-USD,15m,82.47000122070312,82.54000091552734,82.43000030517578,82.54000091552734,1114624,1114624,yfinance,2026-07-10T06:58:01.269533+00:00
2026-05-28 00:45:00+00:00,SOL-USD,15m,82.52999877929688,82.5999984741211,82.41000366210938,82.58999633789062,3942656,3942656,yfinance,2026-07-10T06:58:01.269533+00:00
2026-05-28 01:00:00+00:00,SOL-USD,15m,82.5999984741211,82.62999725341797,82.36000061035156,82.48999786376953,2369024,2369024,yfinance,2026-07-10T06:58:01.269533+00:00
2026-05-28 01:15:00+00:00,SOL-USD,15m,82.4800033569336,82.48999786376953,81.83000183105469,82.08000183105469,15179520,15179520,yfinance,2026-07-10T06:58:01.269533+00:00
2026-05-28 01:30:00+00:00,SOL-USD,15m,82.02999877929688,82.29000091552734,81.98999786376953,82.16999816894531,39370752,39370752,yfinance,2026-07-10T06:58:01.269533+00:00
2026-05-28 01:45:00+00:00,SOL-USD,15m,82.18000030517578,82.33999633789062,82.0,82.1500015258789,21572096,21572096,yfinance,2026-07-10T06:58:01.269533+00:00
2026-05-28 02:00:00+00:00,SOL-USD,15m,82.19999694824219,82.26000213623047,82.0199966430664,82.23999786376953,16787968,16787968,yfinance,2026-07-10T06:58:01.269533+00:00
2026-05-28 02:15:00+00:00,SOL-USD,15m,82.27999877929688,82.30000305175781,81.9000015258789,82.04000091552734,8969216,8969216,yfinance,2026-07-10T06:58:01.269533+00:00
2026-05-28 02:30:00+00:00,SOL-USD,15m,82.12000274658203,82.12000274658203,81.93000030517578,81.95999908447266,9928960,9928960,yfinance,2026-07-10T06:58:01.269533+00:00
2026-05-28 02:45:00+00:00,SOL-USD,15m,81.94000244140625,82.0999984741211,81.9000015258789,81.97000122070312,18952192,18952192,yfinance,2026-07-10T06:58:01.269533+00:00
2026-05-28 03:00:00+00:00,SOL-USD,15m,82.0,82.0999984741211,81.66000366210938,81.81999969482422,11122944,11122944,yfinance,2026-07-10T06:58:01.269533+00:00
2026-05-28 03:15:00+00:00,SOL-USD,15m,81.80999755859375,81.8499984741211,80.69000244140625,81.25,110177024,110177024,yfinance,2026-07-10T06:58:01.269533+00:00
2026-05-28 03:30:00+00:00,SOL-USD,15m,81.1500015258789,81.29000091552734,80.87000274658203,80.87000274658203,53472256,53472256,yfinance,2026-07-10T06:58:01.269533+00:00
2026-05-28 03:45:00+00:00,SOL-USD,15m,80.87999725341797,81.08999633789062,80.4000015258789,80.58000183105469,33236480,33236480,yfinance,2026-07-10T06:58:01.269533+00:00
2026-05-28 04:00:00+00:00,SOL-USD,15m,80.58000183105469,80.7699966430664,80.01000213623047,80.43000030517578,106731008,106731008,yfinance,2026-07-10T06:58:01.269533+00:00
2026-05-28 04:15:00+00:00,SOL-USD,15m,80.43000030517578,80.5199966430664,79.94999694824219,80.22000122070312,31641088,31641088,yfinance,2026-07-10T06:58:01.269533+00:00
2026-05-28 04:30:00+00:00,SOL-USD,15m,80.19999694824219,80.76000213623047,80.18000030517578,80.73999786376953,6476544,6476544,yfinance,2026-07-10T06:58:01.269533+00:00
2026-05-28 04:45:00+00:00,SOL-USD,15m,80.69999694824219,80.81999969482422,80.62999725341797,80.76000213623047,13070336,13070336,yfinance,2026-07-10T06:58:01.269533+00:00
2026-05-28 05:00:00+00:00,SOL-USD,15m,80.76000213623047,80.83999633789062,80.58999633789062,80.61000061035156,20726784,20726784,yfinance,2026-07-10T06:58:01.269533+00:00
2026-05-28 05:15:00+00:00,SOL-USD,15m,80.61000061035156,80.63999938964844,80.30999755859375,80.37999725341797,10781440,10781440,yfinance,2026-07-10T06:58:01.269533+00:00
2026-05-28 05:30:00+00:00,SOL-USD,15m,80.37999725341797,80.77999877929688,80.37999725341797,80.72000122070312,24012288,24012288,yfinance,2026-07-10T06:58:01.269533+00:00
2026-05-28 05:45:00+00:00,SOL-USD,15m,80.7300033569336,80.76000213623047,80.5,80.55999755859375,8603392,8603392,yfinance,2026-07-10T06:58:01.269533+00:00
2026-05-28 06:00:00+00:00,SOL-USD,15m,80.54000091552734,80.75,80.54000091552734,80.69999694824219,9976832,9976832,yfinance,2026-07-10T06:58:01.269533+00:00
2026-05-28 06:15:00+00:00,SOL-USD,15m,80.69999694824219,80.7699966430664,80.5199966430664,80.63999938964844,8396288,8396288,yfinance,2026-07-10T06:58:01.269533+00:00
2026-05-28 06:30:00+00:00,SOL-USD,15m,80.62999725341797,80.6500015258789,80.4000015258789,80.56999969482422,1850880,1850880,yfinance,2026-07-10T06:58:01.269533+00:00
2026-05-28 06:45:00+00:00,SOL-USD,15m,80.58000183105469,80.94000244140625,80.58000183105469,80.81999969482422,19484160,19484160,yfinance,2026-07-10T06:58:01.269533+00:00
2026-05-28 07:00:00+00:00,SOL-USD,15m,80.81999969482422,80.87999725341797,80.7300033569336,80.83999633789062,10983168,10983168,yfinance,2026-07-10T06:58:01.269533+00:00
2026-05-28 07:15:00+00:00,SOL-USD,15m,80.8499984741211,81.0199966430664,80.83999633789062,80.9000015258789,23444992,23444992,yfinance,2026-07-10T06:58:01.269533+00:00
2026-05-28 07:30:00+00:00,SOL-USD,15m,80.91999816894531,81.13999938964844,80.91999816894531,81.12000274658203,8701440,8701440,yfinance,2026-07-10T06:58:01.269533+00:00
2026-05-28 07:45:00+00:00,SOL-USD,15m,81.0999984741211,81.12000274658203,80.94000244140625,81.11000061035156,9507072,9507072,yfinance,2026-07-10T06:58:01.269533+00:00
2026-05-28 08:00:00+00:00,SOL-USD,15m,81.1500015258789,81.1500015258789,80.91000366210938,81.06999969482422,6400768,6400768,yfinance,2026-07-10T06:58:01.269533+00:00
2026-05-28 08:15:00+00:00,SOL-USD,15m,81.06999969482422,81.06999969482422,80.76000213623047,80.79000091552734,3302400,3302400,yfinance,2026-07-10T06:58:01.269533+00:00
2026-05-28 08:30:00+00:00,SOL-USD,15m,80.79000091552734,80.94000244140625,80.69000244140625,80.87000274658203,0,0,yfinance,2026-07-10T06:58:01.269533+00:00
2026-05-28 08:45:00+00:00,SOL-USD,15m,80.87999725341797,80.95999908447266,80.83999633789062,80.8499984741211,0,0,yfinance,2026-07-10T06:58:01.269533+00:00
2026-05-28 09:00:00+00:00,SOL-USD,15m,80.86000061035156,80.95999908447266,80.70999908447266,80.86000061035156,1185024,1185024,yfinance,2026-07-10T06:58:01.269533+00:00
2026-05-28 09:15:00+00:00,SOL-USD,15m,80.87000274658203,81.05999755859375,80.80000305175781,81.04000091552734,1446656,1446656,yfinance,2026-07-10T06:58:01.269533+00:00
2026-05-28 09:30:00+00:00,SOL-USD,15m,81.04000091552734,81.12000274658203,80.94999694824219,81.08000183105469,1225472,1225472,yfinance,2026-07-10T06:58:01.269533+00:00
2026-05-28 09:45:00+00:00,SOL-USD,15m,81.05999755859375,81.16999816894531,81.05000305175781,81.08999633789062,21950208,21950208,yfinance,2026-07-10T06:58:01.269533+00:00
2026-05-28 10:00:00+00:00,SOL-USD,15m,81.08999633789062,81.19000244140625,81.04000091552734,81.11000061035156,10162688,10162688,yfinance,2026-07-10T06:58:01.269533+00:00
2026-05-28 10:15:00+00:00,SOL-USD,15m,81.0999984741211,81.12999725341797,80.77999877929688,80.91000366210938,4273152,4273152,yfinance,2026-07-10T06:58:01.269533+00:00
2026-05-28 10:30:00+00:00,SOL-USD,15m,80.9000015258789,80.97000122070312,80.80999755859375,80.88999938964844,786432,786432,yfinance,2026-07-10T06:58:01.269533+00:00
2026-05-28 10:45:00+00:00,SOL-USD,15m,80.87000274658203,80.94999694824219,80.61000061035156,80.61000061035156,8128000,8128000,yfinance,2026-07-10T06:58:01.269533+00:00
2026-05-28 11:00:00+00:00,SOL-USD,15m,80.62000274658203,80.73999786376953,80.47000122070312,80.69999694824219,3507712,3507712,yfinance,2026-07-10T06:58:01.269533+00:00
2026-05-28 11:15:00+00:00,SOL-USD,15m,80.69999694824219,80.75,80.55000305175781,80.62999725341797,2995968,2995968,yfinance,2026-07-10T06:58:01.269533+00:00
2026-05-28 11:30:00+00:00,SOL-USD,15m,80.62999725341797,80.69999694824219,80.5199966430664,80.69999694824219,580352,580352,yfinance,2026-07-10T06:58:01.269533+00:00
2026-05-28 11:45:00+00:00,SOL-USD,15m,80.70999908447266,80.80000305175781,80.61000061035156,80.73999786376953,1247744,1247744,yfinance,2026-07-10T06:58:01.269533+00:00
2026-05-28 12:00:00+00:00,SOL-USD,15m,80.73999786376953,80.81999969482422,80.66999816894531,80.69000244140625,0,0,yfinance,2026-07-10T06:58:01.269533+00:00
2026-05-28 12:15:00+00:00,SOL-USD,15m,80.69000244140625,80.7300033569336,80.45999908447266,80.62999725341797,0,0,yfinance,2026-07-10T06:58:01.269533+00:00
2026-05-28 12:30:00+00:00,SOL-USD,15m,80.55000305175781,81.02999877929688,80.55000305175781,80.95999908447266,0,0,yfinance,2026-07-10T06:58:01.269533+00:00
2026-05-28 12:45:00+00:00,SOL-USD,15m,80.94999694824219,81.11000061035156,80.94999694824219,81.01000213623047,3763200,3763200,yfinance,2026-07-10T06:58:01.269533+00:00
2026-05-28 13:00:00+00:00,SOL-USD,15m,81.0,81.19999694824219,80.73999786376953,80.80999755859375,0,0,yfinance,2026-07-10T06:58:01.269533+00:00
2026-05-28 13:15:00+00:00,SOL-USD,15m,80.80999755859375,80.91000366210938,80.63999938964844,80.91000366210938,79360,79360,yfinance,2026-07-10T06:58:01.269533+00:00
2026-05-28 13:30:00+00:00,SOL-USD,15m,80.83000183105469,80.91000366210938,80.41999816894531,80.44000244140625,259584,259584,yfinance,2026-07-10T06:58:01.269533+00:00
2026-05-28 13:45:00+00:00,SOL-USD,15m,80.45999908447266,80.77999877929688,80.41000366210938,80.6500015258789,0,0,yfinance,2026-07-10T06:58:01.269533+00:00
2026-05-28 14:00:00+00:00,SOL-USD,15m,80.66000366210938,81.0199966430664,79.87999725341797,80.9800033569336,0,0,yfinance,2026-07-10T06:58:01.269533+00:00
2026-05-28 14:15:00+00:00,SOL-USD,15m,80.97000122070312,81.48999786376953,80.7699966430664,80.97000122070312,85099264,85099264,yfinance,2026-07-10T06:58:01.269533+00:00
2026-05-28 14:30:00+00:00,SOL-USD,15m,80.91000366210938,81.0999984741211,80.62000274658203,80.72000122070312,10555648,10555648,yfinance,2026-07-10T06:58:01.269533+00:00
2026-05-28 14:45:00+00:00,SOL-USD,15m,80.73999786376953,81.0999984741211,80.56999969482422,81.05000305175781,11140608,11140608,yfinance,2026-07-10T06:58:01.269533+00:00
2026-05-28 15:00:00+00:00,SOL-USD,15m,81.02999877929688,81.16999816894531,80.63999938964844,80.66000366210938,9254912,9254912,yfinance,2026-07-10T06:58:01.269533+00:00
2026-05-28 15:15:00+00:00,SOL-USD,15m,80.66999816894531,80.87999725341797,80.45999908447266,80.86000061035156,0,0,yfinance,2026-07-10T06:58:01.269533+00:00
2026-05-28 15:30:00+00:00,SOL-USD,15m,80.87000274658203,81.11000061035156,80.68000030517578,81.08000183105469,0,0,yfinance,2026-07-10T06:58:01.269533+00:00
2026-05-28 15:45:00+00:00,SOL-USD,15m,81.08999633789062,81.23999786376953,80.91999816894531,81.01000213623047,3153920,3153920,yfinance,2026-07-10T06:58:01.269533+00:00
2026-05-28 16:00:00+00:00,SOL-USD,15m,80.9800033569336,81.31999969482422,80.79000091552734,81.30000305175781,0,0,yfinance,2026-07-10T06:58:01.269533+00:00
2026-05-28 16:15:00+00:00,SOL-USD,15m,81.30999755859375,81.61000061035156,81.18000030517578,81.38999938964844,22675968,22675968,yfinance,2026-07-10T06:58:01.269533+00:00
2026-05-28 16:30:00+00:00,SOL-USD,15m,81.38999938964844,81.76000213623047,81.33999633789062,81.76000213623047,13707520,13707520,yfinance,2026-07-10T06:58:01.269533+00:00
2026-05-28 16:45:00+00:00,SOL-USD,15m,81.7699966430664,82.05000305175781,81.72000122070312,81.94000244140625,12957184,12957184,yfinance,2026-07-10T06:58:01.269533+00:00
2026-05-28 17:00:00+00:00,SOL-USD,15m,81.95999908447266,82.04000091552734,81.72000122070312,81.9800033569336,0,0,yfinance,2026-07-10T06:58:01.269533+00:00
2026-05-28 17:15:00+00:00,SOL-USD,15m,81.94999694824219,82.16999816894531,81.91000366210938,82.04000091552734,0,0,yfinance,2026-07-10T06:58:01.269533+00:00
2026-05-28 17:30:00+00:00,SOL-USD,15m,82.04000091552734,82.37000274658203,82.01000213623047,82.18000030517578,1849600,1849600,yfinance,2026-07-10T06:58:01.269533+00:00
2026-05-28 17:45:00+00:00,SOL-USD,15m,82.19999694824219,82.48999786376953,82.08000183105469,82.18000030517578,4723712,4723712,yfinance,2026-07-10T06:58:01.269533+00:00
2026-05-28 18:00:00+00:00,SOL-USD,15m,82.1500015258789,82.7300033569336,82.12999725341797,82.62000274658203,14340864,14340864,yfinance,2026-07-10T06:58:01.269533+00:00
2026-05-28 18:15:00+00:00,SOL-USD,15m,82.63999938964844,82.81999969482422,82.45999908447266,82.5,16036352,16036352,yfinance,2026-07-10T06:58:01.269533+00:00
2026-05-28 18:30:00+00:00,SOL-USD,15m,82.51000213623047,82.68000030517578,82.47000122070312,82.66000366210938,8232960,8232960,yfinance,2026-07-10T06:58:01.269533+00:00
2026-05-28 18:45:00+00:00,SOL-USD,15m,82.63999938964844,82.87999725341797,82.63999938964844,82.77999877929688,20991744,20991744,yfinance,2026-07-10T06:58:01.269533+00:00
2026-05-28 19:00:00+00:00,SOL-USD,15m,82.75,82.75,82.31999969482422,82.41000366210938,334592,334592,yfinance,2026-07-10T06:58:01.269533+00:00
2026-05-28 19:15:00+00:00,SOL-USD,15m,82.4000015258789,82.58000183105469,82.30000305175781,82.58000183105469,0,0,yfinance,2026-07-10T06:58:01.269533+00:00
2026-05-28 19:30:00+00:00,SOL-USD,15m,82.62999725341797,82.62999725341797,82.20999908447266,82.2300033569336,252160,252160,yfinance,2026-07-10T06:58:01.269533+00:00
2026-05-28 19:45:00+00:00,SOL-USD,15m,82.2300033569336,82.3499984741211,82.05000305175781,82.08000183105469,400896,400896,yfinance,2026-07-10T06:58:01.269533+00:00
2026-05-28 20:00:00+00:00,SOL-USD,15m,82.08999633789062,82.12000274658203,81.69999694824219,81.98999786376953,1065216,1065216,yfinance,2026-07-10T06:58:01.269533+00:00
2026-05-28 20:15:00+00:00,SOL-USD,15m,81.94999694824219,82.33000183105469,81.93000030517578,82.30000305175781,14794496,14794496,yfinance,2026-07-10T06:58:01.269533+00:00
2026-05-28 20:30:00+00:00,SOL-USD,15m,82.29000091552734,82.4800033569336,82.22000122070312,82.43000030517578,5065984,5065984,yfinance,2026-07-10T06:58:01.269533+00:00
2026-05-28 20:45:00+00:00,SOL-USD,15m,82.36000061035156,82.41000366210938,82.18000030517578,82.18000030517578,2628864,2628864,yfinance,2026-07-10T06:58:01.269533+00:00
2026-05-28 21:00:00+00:00,SOL-USD,15m,82.2300033569336,82.52999877929688,82.12000274658203,82.4800033569336,4629760,4629760,yfinance,2026-07-10T06:58:01.269533+00:00
2026-05-28 21:15:00+00:00,SOL-USD,15m,82.4800033569336,82.55000305175781,82.4000015258789,82.4000015258789,8773632,8773632,yfinance,2026-07-10T06:58:01.269533+00:00
2026-05-28 21:30:00+00:00,SOL-USD,15m,82.4000015258789,82.55000305175781,82.3499984741211,82.5,2337536,2337536,yfinance,2026-07-10T06:58:01.269533+00:00
2026-05-28 21:45:00+00:00,SOL-USD,15m,82.48999786376953,82.5,82.31999969482422,82.31999969482422,0,0,yfinance,2026-07-10T06:58:01.269533+00:00
2026-05-28 22:00:00+00:00,SOL-USD,15m,82.30000305175781,82.51000213623047,82.19000244140625,82.25,0,0,yfinance,2026-07-10T06:58:01.269533+00:00
2026-05-28 22:15:00+00:00,SOL-USD,15m,82.23999786376953,82.23999786376953,81.95999908447266,81.9800033569336,0,0,yfinance,2026-07-10T06:58:01.269533+00:00
2026-05-28 22:30:00+00:00,SOL-USD,15m,81.93000030517578,82.0,81.80000305175781,81.81999969482422,2862080,2862080,yfinance,2026-07-10T06:58:01.269533+00:00
2026-05-28 22:45:00+00:00,SOL-USD,15m,81.83999633789062,82.04000091552734,81.83999633789062,81.91999816894531,1849856,1849856,yfinance,2026-07-10T06:58:01.269533+00:00
2026-05-28 23:00:00+00:00,SOL-USD,15m,81.91999816894531,82.08000183105469,81.9000015258789,82.08000183105469,0,0,yfinance,2026-07-10T06:58:01.269533+00:00
2026-05-28 23:15:00+00:00,SOL-USD,15m,82.06999969482422,82.16000366210938,81.95999908447266,82.13999938964844,0,0,yfinance,2026-07-10T06:58:01.269533+00:00
2026-05-28 23:30:00+00:00,SOL-USD,15m,82.12000274658203,82.12999725341797,81.88999938964844,82.05999755859375,0,0,yfinance,2026-07-10T06:58:01.269533+00:00
2026-05-28 23:45:00+00:00,SOL-USD,15m,82.0199966430664,82.05000305175781,81.87999725341797,82.0,12800,12800,yfinance,2026-07-10T06:58:01.269533+00:00
2026-05-29 00:00:00+00:00,SOL-USD,15m,82.01000213623047,82.27999877929688,82.01000213623047,82.16000366210938,0,0,yfinance,2026-07-10T06:58:01.269533+00:00
2026-05-29 00:15:00+00:00,SOL-USD,15m,82.12999725341797,82.33999633789062,82.06999969482422,82.23999786376953,1905920,1905920,yfinance,2026-07-10T06:58:01.269533+00:00
2026-05-29 00:30:00+00:00,SOL-USD,15m,82.26000213623047,82.37000274658203,82.18000030517578,82.31999969482422,0,0,yfinance,2026-07-10T06:58:01.269533+00:00
2026-05-29 00:45:00+00:00,SOL-USD,15m,82.31999969482422,82.33000183105469,82.12000274658203,82.20999908447266,869632,869632,yfinance,2026-07-10T06:58:01.269533+00:00
2026-05-29 01:00:00+00:00,SOL-USD,15m,82.20999908447266,82.37000274658203,82.19000244140625,82.2300033569336,0,0,yfinance,2026-07-10T06:58:01.269533+00:00
2026-05-29 01:15:00+00:00,SOL-USD,15m,82.2300033569336,82.26000213623047,81.9800033569336,82.01000213623047,0,0,yfinance,2026-07-10T06:58:01.269533+00:00
2026-05-29 01:30:00+00:00,SOL-USD,15m,81.9800033569336,82.1500015258789,81.93000030517578,82.1500015258789,0,0,yfinance,2026-07-10T06:58:01.269533+00:00
2026-05-29 01:45:00+00:00,SOL-USD,15m,82.1500015258789,82.20999908447266,81.98999786376953,82.08999633789062,0,0,yfinance,2026-07-10T06:58:01.269533+00:00
2026-05-29 02:00:00+00:00,SOL-USD,15m,82.0999984741211,82.20999908447266,82.0199966430664,82.06999969482422,0,0,yfinance,2026-07-10T06:58:01.269533+00:00
2026-05-29 02:15:00+00:00,SOL-USD,15m,82.05000305175781,82.0999984741211,81.72000122070312,81.72000122070312,0,0,yfinance,2026-07-10T06:58:01.269533+00:00
2026-05-29 02:30:00+00:00,SOL-USD,15m,81.66999816894531,81.83000183105469,81.54000091552734,81.58999633789062,13135360,13135360,yfinance,2026-07-10T06:58:01.269533+00:00
2026-05-29 02:45:00+00:00,SOL-USD,15m,81.5999984741211,81.62999725341797,81.37000274658203,81.44000244140625,0,0,yfinance,2026-07-10T06:58:01.269533+00:00
2026-05-29 03:00:00+00:00,SOL-USD,15m,81.52999877929688,81.83000183105469,81.47000122070312,81.7699966430664,2894336,2894336,yfinance,2026-07-10T06:58:01.269533+00:00
2026-05-29 03:15:00+00:00,SOL-USD,15m,81.7699966430664,81.7699966430664,81.55000305175781,81.56999969482422,0,0,yfinance,2026-07-10T06:58:01.269533+00:00
2026-05-29 03:30:00+00:00,SOL-USD,15m,81.58999633789062,81.69999694824219,81.45999908447266,81.54000091552734,0,0,yfinance,2026-07-10T06:58:01.269533+00:00
2026-05-29 03:45:00+00:00,SOL-USD,15m,81.51000213623047,81.58000183105469,81.4000015258789,81.5,0,0,yfinance,2026-07-10T06:58:01.269533+00:00
2026-05-29 04:00:00+00:00,SOL-USD,15m,81.5,81.58000183105469,81.2699966430664,81.36000061035156,0,0,yfinance,2026-07-10T06:58:01.269533+00:00
2026-05-29 04:15:00+00:00,SOL-USD,15m,81.38999938964844,81.58999633789062,81.37000274658203,81.58999633789062,0,0,yfinance,2026-07-10T06:58:01.269533+00:00
2026-05-29 04:30:00+00:00,SOL-USD,15m,81.56999969482422,81.66999816894531,81.55000305175781,81.6500015258789,0,0,yfinance,2026-07-10T06:58:01.269533+00:00
2026-05-29 04:45:00+00:00,SOL-USD,15m,81.66999816894531,81.80999755859375,81.62000274658203,81.80000305175781,0,0,yfinance,2026-07-10T06:58:01.269533+00:00
2026-05-29 05:00:00+00:00,SOL-USD,15m,81.80000305175781,82.06999969482422,81.79000091552734,81.97000122070312,1919488,1919488,yfinance,2026-07-10T06:58:01.269533+00:00
2026-05-29 05:15:00+00:00,SOL-USD,15m,81.97000122070312,82.0,81.79000091552734,81.86000061035156,0,0,yfinance,2026-07-10T06:58:01.269533+00:00
2026-05-29 05:30:00+00:00,SOL-USD,15m,81.86000061035156,81.86000061035156,81.70999908447266,81.7699966430664,0,0,yfinance,2026-07-10T06:58:01.269533+00:00
2026-05-29 05:45:00+00:00,SOL-USD,15m,81.76000213623047,82.0199966430664,81.76000213623047,81.95999908447266,3256064,3256064,yfinance,2026-07-10T06:58:01.269533+00:00
2026-05-29 06:00:00+00:00,SOL-USD,15m,81.93000030517578,82.0999984741211,81.91000366210938,82.08999633789062,0,0,yfinance,2026-07-10T06:58:01.269533+00:00
2026-05-29 06:15:00+00:00,SOL-USD,15m,82.0999984741211,82.36000061035156,82.06999969482422,82.11000061035156,5698304,5698304,yfinance,2026-07-10T06:58:01.269533+00:00
2026-05-29 06:30:00+00:00,SOL-USD,15m,82.0999984741211,82.11000061035156,81.91999816894531,82.04000091552734,0,0,yfinance,2026-07-10T06:58:01.269533+00:00
2026-05-29 06:45:00+00:00,SOL-USD,15m,82.05999755859375,82.25,82.04000091552734,82.18000030517578,0,0,yfinance,2026-07-10T06:58:01.269533+00:00
2026-05-29 07:00:00+00:00,SOL-USD,15m,82.16000366210938,82.30000305175781,82.13999938964844,82.27999877929688,0,0,yfinance,2026-07-10T06:58:01.269533+00:00
2026-05-29 07:15:00+00:00,SOL-USD,15m,82.2699966430664,82.33999633789062,82.18000030517578,82.23999786376953,0,0,yfinance,2026-07-10T06:58:01.269533+00:00
2026-05-29 07:30:00+00:00,SOL-USD,15m,82.20999908447266,82.20999908447266,81.81999969482422,81.8499984741211,4334336,4334336,yfinance,2026-07-10T06:58:01.269533+00:00
2026-05-29 07:45:00+00:00,SOL-USD,15m,81.8499984741211,82.1500015258789,81.80000305175781,82.12999725341797,10839040,10839040,yfinance,2026-07-10T06:58:01.269533+00:00
2026-05-29 08:00:00+00:00,SOL-USD,15m,82.0999984741211,82.36000061035156,82.0999984741211,82.19999694824219,14206720,14206720,yfinance,2026-07-10T06:58:01.269533+00:00
2026-05-29 08:15:00+00:00,SOL-USD,15m,82.19000244140625,82.37000274658203,82.13999938964844,82.26000213623047,4263936,4263936,yfinance,2026-07-10T06:58:01.269533+00:00
2026-05-29 08:30:00+00:00,SOL-USD,15m,82.26000213623047,82.31999969482422,82.16000366210938,82.2699966430664,2216960,2216960,yfinance,2026-07-10T06:58:01.269533+00:00
2026-05-29 08:45:00+00:00,SOL-USD,15m,82.27999877929688,82.27999877929688,82.06999969482422,82.0999984741211,558848,558848,yfinance,2026-07-10T06:58:01.269533+00:00
2026-05-29 09:00:00+00:00,SOL-USD,15m,82.12999725341797,82.37000274658203,82.08999633789062,82.30999755859375,608512,608512,yfinance,2026-07-10T06:58:01.269533+00:00
2026-05-29 09:15:00+00:00,SOL-USD,15m,82.33000183105469,82.5199966430664,82.30999755859375,82.45999908447266,5971456,5971456,yfinance,2026-07-10T06:58:01.269533+00:00
2026-05-29 09:30:00+00:00,SOL-USD,15m,82.45999908447266,82.4800033569336,82.30999755859375,82.36000061035156,1604096,1604096,yfinance,2026-07-10T06:58:01.269533+00:00
2026-05-29 09:45:00+00:00,SOL-USD,15m,82.3499984741211,82.37999725341797,82.27999877929688,82.33000183105469,0,0,yfinance,2026-07-10T06:58:01.269533+00:00
2026-05-29 10:00:00+00:00,SOL-USD,15m,82.31999969482422,82.31999969482422,82.16000366210938,82.19000244140625,0,0,yfinance,2026-07-10T06:58:01.269533+00:00
2026-05-29 10:15:00+00:00,SOL-USD,15m,82.19000244140625,82.22000122070312,82.11000061035156,82.12999725341797,0,0,yfinance,2026-07-10T06:58:01.269533+00:00
2026-05-29 10:30:00+00:00,SOL-USD,15m,82.06999969482422,82.1500015258789,81.9800033569336,82.02999877929688,159744,159744,yfinance,2026-07-10T06:58:01.269533+00:00
2026-05-29 10:45:00+00:00,SOL-USD,15m,82.0,82.12000274658203,81.98999786376953,82.02999877929688,11025408,11025408,yfinance,2026-07-10T06:58:01.269533+00:00
2026-05-29 11:00:00+00:00,SOL-USD,15m,82.02999877929688,82.05999755859375,81.94000244140625,81.9800033569336,0,0,yfinance,2026-07-10T06:58:01.269533+00:00
2026-05-29 11:15:00+00:00,SOL-USD,15m,81.9800033569336,82.0999984741211,81.87999725341797,81.94000244140625,3203584,3203584,yfinance,2026-07-10T06:58:01.269533+00:00
2026-05-29 11:30:00+00:00,SOL-USD,15m,81.94000244140625,81.95999908447266,81.69999694824219,81.76000213623047,3420672,3420672,yfinance,2026-07-10T06:58:01.269533+00:00
2026-05-29 11:45:00+00:00,SOL-USD,15m,81.76000213623047,81.77999877929688,81.41999816894531,81.66000366210938,10549760,10549760,yfinance,2026-07-10T06:58:01.269533+00:00
2026-05-29 12:00:00+00:00,SOL-USD,15m,81.63999938964844,81.66999816894531,81.4800033569336,81.55000305175781,12985344,12985344,yfinance,2026-07-10T06:58:01.269533+00:00
2026-05-29 12:15:00+00:00,SOL-USD,15m,81.48999786376953,81.66999816894531,81.48999786376953,81.56999969482422,4604928,4604928,yfinance,2026-07-10T06:58:01.269533+00:00
2026-05-29 12:30:00+00:00,SOL-USD,15m,81.58000183105469,81.63999938964844,81.20999908447266,81.36000061035156,7136000,7136000,yfinance,2026-07-10T06:58:01.269533+00:00
2026-05-29 12:45:00+00:00,SOL-USD,15m,81.33999633789062,81.51000213623047,81.20999908447266,81.38999938964844,3028736,3028736,yfinance,2026-07-10T06:58:01.269533+00:00
2026-05-29 13:00:00+00:00,SOL-USD,15m,81.36000061035156,81.37999725341797,81.12000274658203,81.16999816894531,0,0,yfinance,2026-07-10T06:58:01.269533+00:00
2026-05-29 13:15:00+00:00,SOL-USD,15m,81.16999816894531,81.30999755859375,81.16000366210938,81.23999786376953,3201536,3201536,yfinance,2026-07-10T06:58:01.269533+00:00
2026-05-29 13:30:00+00:00,SOL-USD,15m,81.23999786376953,81.44999694824219,80.98999786376953,81.41999816894531,0,0,yfinance,2026-07-10T06:58:01.269533+00:00
2026-05-29 13:45:00+00:00,SOL-USD,15m,81.41999816894531,81.58000183105469,81.19999694824219,81.30000305175781,0,0,yfinance,2026-07-10T06:58:01.269533+00:00
2026-05-29 14:00:00+00:00,SOL-USD,15m,81.31999969482422,81.44000244140625,81.06999969482422,81.25,0,0,yfinance,2026-07-10T06:58:01.269533+00:00
2026-05-29 14:15:00+00:00,SOL-USD,15m,81.25,81.31999969482422,80.25,80.76000213623047,1575424,1575424,yfinance,2026-07-10T06:58:01.269533+00:00
2026-05-29 14:30:00+00:00,SOL-USD,15m,80.75,80.88999938964844,80.36000061035156,80.45999908447266,12137984,12137984,yfinance,2026-07-10T06:58:01.269533+00:00
2026-05-29 14:45:00+00:00,SOL-USD,15m,80.41000366210938,81.41999816894531,80.41000366210938,81.20999908447266,49214720,49214720,yfinance,2026-07-10T06:58:01.269533+00:00
2026-05-29 15:00:00+00:00,SOL-USD,15m,81.23999786376953,82.12000274658203,81.0999984741211,82.01000213623047,46334976,46334976,yfinance,2026-07-10T06:58:01.269533+00:00
2026-05-29 15:15:00+00:00,SOL-USD,15m,82.02999877929688,82.52999877929688,81.80000305175781,82.5199966430664,47142912,47142912,yfinance,2026-07-10T06:58:01.269533+00:00
2026-05-29 15:30:00+00:00,SOL-USD,15m,82.4800033569336,83.08000183105469,82.16999816894531,82.33000183105469,114008832,114008832,yfinance,2026-07-10T06:58:01.269533+00:00
2026-05-29 15:45:00+00:00,SOL-USD,15m,82.37000274658203,82.56999969482422,82.22000122070312,82.45999908447266,51598336,51598336,yfinance,2026-07-10T06:58:01.269533+00:00
2026-05-29 16:00:00+00:00,SOL-USD,15m,82.48999786376953,82.7699966430664,82.41999816894531,82.66999816894531,26006528,26006528,yfinance,2026-07-10T06:58:01.269533+00:00
2026-05-29 16:15:00+00:00,SOL-USD,15m,82.69000244140625,82.77999877929688,82.08999633789062,82.22000122070312,0,0,yfinance,2026-07-10T06:58:01.269533+00:00
2026-05-29 16:30:00+00:00,SOL-USD,15m,82.20999908447266,82.98999786376953,82.20999908447266,82.83999633789062,32199936,32199936,yfinance,2026-07-10T06:58:01.269533+00:00
2026-05-29 16:45:00+00:00,SOL-USD,15m,82.81999969482422,82.91000366210938,82.66999816894531,82.81999969482422,1387264,1387264,yfinance,2026-07-10T06:58:01.269533+00:00
2026-05-29 17:00:00+00:00,SOL-USD,15m,82.80999755859375,83.0199966430664,82.61000061035156,82.97000122070312,11512320,11512320,yfinance,2026-07-10T06:58:01.269533+00:00
2026-05-29 17:15:00+00:00,SOL-USD,15m,82.95999908447266,83.05999755859375,82.86000061035156,82.97000122070312,33262848,33262848,yfinance,2026-07-10T06:58:01.269533+00:00
2026-05-29 17:30:00+00:00,SOL-USD,15m,82.94999694824219,83.0999984741211,82.88999938964844,82.9000015258789,14432000,14432000,yfinance,2026-07-10T06:58:01.269533+00:00
2026-05-29 17:45:00+00:00,SOL-USD,15m,82.87000274658203,82.9000015258789,82.55999755859375,82.66999816894531,49664,49664,yfinance,2026-07-10T06:58:01.269533+00:00
2026-05-29 18:00:00+00:00,SOL-USD,15m,82.69999694824219,82.86000061035156,82.58000183105469,82.77999877929688,3131136,3131136,yfinance,2026-07-10T06:58:01.269533+00:00
2026-05-29 18:15:00+00:00,SOL-USD,15m,82.80999755859375,82.80999755859375,82.47000122070312,82.5199966430664,0,0,yfinance,2026-07-10T06:58:01.269533+00:00
2026-05-29 18:30:00+00:00,SOL-USD,15m,82.52999877929688,82.68000030517578,82.47000122070312,82.61000061035156,2893312,2893312,yfinance,2026-07-10T06:58:01.269533+00:00
2026-05-29 18:45:00+00:00,SOL-USD,15m,82.5999984741211,82.5999984741211,81.7300033569336,81.94999694824219,11670272,11670272,yfinance,2026-07-10T06:58:01.269533+00:00
2026-05-29 19:00:00+00:00,SOL-USD,15m,81.94000244140625,82.08999633789062,81.76000213623047,81.7699966430664,1922816,1922816,yfinance,2026-07-10T06:58:01.269533+00:00
2026-05-29 19:15:00+00:00,SOL-USD,15m,81.76000213623047,81.80000305175781,81.47000122070312,81.77999877929688,2292992,2292992,yfinance,2026-07-10T06:58:01.269533+00:00
2026-05-29 19:30:00+00:00,SOL-USD,15m,81.80999755859375,82.2699966430664,81.80999755859375,82.19999694824219,18997248,18997248,yfinance,2026-07-10T06:58:01.269533+00:00
2026-05-29 19:45:00+00:00,SOL-USD,15m,82.2300033569336,82.2300033569336,81.94000244140625,81.97000122070312,3574272,3574272,yfinance,2026-07-10T06:58:01.269533+00:00
2026-05-29 20:00:00+00:00,SOL-USD,15m,81.95999908447266,82.16000366210938,81.91000366210938,82.11000061035156,0,0,yfinance,2026-07-10T06:58:01.269533+00:00
2026-05-29 20:15:00+00:00,SOL-USD,15m,82.08000183105469,82.22000122070312,81.9800033569336,82.13999938964844,1974528,1974528,yfinance,2026-07-10T06:58:01.269533+00:00
2026-05-29 20:30:00+00:00,SOL-USD,15m,82.16000366210938,82.20999908447266,82.0999984741211,82.1500015258789,1365760,1365760,yfinance,2026-07-10T06:58:01.269533+00:00
2026-05-29 20:45:00+00:00,SOL-USD,15m,82.16000366210938,82.22000122070312,81.94999694824219,82.12000274658203,2644736,2644736,yfinance,2026-07-10T06:58:01.269533+00:00
2026-05-29 21:00:00+00:00,SOL-USD,15m,82.11000061035156,82.27999877929688,82.02999877929688,82.20999908447266,251904,251904,yfinance,2026-07-10T06:58:01.269533+00:00
2026-05-29 21:15:00+00:00,SOL-USD,15m,82.19999694824219,82.20999908447266,81.81999969482422,81.83000183105469,12344064,12344064,yfinance,2026-07-10T06:58:01.269533+00:00
2026-05-29 21:30:00+00:00,SOL-USD,15m,81.83000183105469,81.9800033569336,81.66000366210938,81.94000244140625,2529280,2529280,yfinance,2026-07-10T06:58:01.269533+00:00
2026-05-29 21:45:00+00:00,SOL-USD,15m,81.93000030517578,81.98999786376953,81.5999984741211,81.5999984741211,0,0,yfinance,2026-07-10T06:58:01.269533+00:00
2026-05-29 22:00:00+00:00,SOL-USD,15m,81.61000061035156,81.69999694824219,81.51000213623047,81.58999633789062,4141824,4141824,yfinance,2026-07-10T06:58:01.269533+00:00
2026-05-29 22:15:00+00:00,SOL-USD,15m,81.5999984741211,81.9000015258789,81.56999969482422,81.77999877929688,7811328,7811328,yfinance,2026-07-10T06:58:01.269533+00:00
2026-05-29 22:30:00+00:00,SOL-USD,15m,81.80000305175781,81.9000015258789,81.76000213623047,81.80999755859375,4511488,4511488,yfinance,2026-07-10T06:58:01.269533+00:00
2026-05-29 22:45:00+00:00,SOL-USD,15m,81.80999755859375,81.9000015258789,81.70999908447266,81.87000274658203,8246016,8246016,yfinance,2026-07-10T06:58:01.269533+00:00
2026-05-29 23:00:00+00:00,SOL-USD,15m,81.8499984741211,81.9800033569336,81.79000091552734,81.83999633789062,7057920,7057920,yfinance,2026-07-10T06:58:01.269533+00:00
2026-05-29 23:15:00+00:00,SOL-USD,15m,81.8499984741211,81.93000030517578,81.76000213623047,81.83999633789062,5467392,5467392,yfinance,2026-07-10T06:58:01.269533+00:00
2026-05-29 23:30:00+00:00,SOL-USD,15m,81.83999633789062,81.87999725341797,81.66000366210938,81.87999725341797,5835264,5835264,yfinance,2026-07-10T06:58:01.269533+00:00
2026-05-29 23:45:00+00:00,SOL-USD,15m,81.86000061035156,81.95999908447266,81.81999969482422,81.93000030517578,5899008,5899008,yfinance,2026-07-10T06:58:01.269533+00:00
2026-05-30 00:00:00+00:00,SOL-USD,15m,81.93000030517578,82.08999633789062,81.8499984741211,81.9800033569336,954112,954112,yfinance,2026-07-10T06:58:01.269533+00:00
2026-05-30 00:15:00+00:00,SOL-USD,15m,81.98999786376953,82.0999984741211,81.98999786376953,82.01000213623047,1282048,1282048,yfinance,2026-07-10T06:58:01.269533+00:00
2026-05-30 00:30:00+00:00,SOL-USD,15m,82.0199966430664,82.16999816894531,81.95999908447266,82.16000366210938,1076224,1076224,yfinance,2026-07-10T06:58:01.269533+00:00
2026-05-30 00:45:00+00:00,SOL-USD,15m,82.16000366210938,82.23999786376953,82.12999725341797,82.18000030517578,4137472,4137472,yfinance,2026-07-10T06:58:01.269533+00:00
2026-05-30 01:00:00+00:00,SOL-USD,15m,82.20999908447266,82.37999725341797,82.0999984741211,82.37000274658203,1928448,1928448,yfinance,2026-07-10T06:58:01.269533+00:00
2026-05-30 01:15:00+00:00,SOL-USD,15m,82.37999725341797,82.55999755859375,82.33999633789062,82.51000213623047,3049728,3049728,yfinance,2026-07-10T06:58:01.269533+00:00
2026-05-30 01:30:00+00:00,SOL-USD,15m,82.48999786376953,82.80000305175781,82.48999786376953,82.62000274658203,18508032,18508032,yfinance,2026-07-10T06:58:01.269533+00:00
2026-05-30 01:45:00+00:00,SOL-USD,15m,82.62999725341797,82.7300033569336,82.62000274658203,82.70999908447266,3957760,3957760,yfinance,2026-07-10T06:58:01.269533+00:00
2026-05-30 02:00:00+00:00,SOL-USD,15m,82.70999908447266,82.91000366210938,82.70999908447266,82.81999969482422,6941952,6941952,yfinance,2026-07-10T06:58:01.269533+00:00
2026-05-30 02:15:00+00:00,SOL-USD,15m,82.81999969482422,82.91000366210938,82.66000366210938,82.69999694824219,964352,964352,yfinance,2026-07-10T06:58:01.269533+00:00
2026-05-30 02:30:00+00:00,SOL-USD,15m,82.69999694824219,82.86000061035156,82.69999694824219,82.81999969482422,0,0,yfinance,2026-07-10T06:58:01.269533+00:00
2026-05-30 02:45:00+00:00,SOL-USD,15m,82.83999633789062,82.88999938964844,82.73999786376953,82.87000274658203,884736,884736,yfinance,2026-07-10T06:58:01.269533+00:00
2026-05-30 03:00:00+00:00,SOL-USD,15m,82.86000061035156,82.9800033569336,82.83000183105469,82.86000061035156,0,0,yfinance,2026-07-10T06:58:01.269533+00:00
2026-05-30 03:15:00+00:00,SOL-USD,15m,82.86000061035156,82.88999938964844,82.75,82.75,0,0,yfinance,2026-07-10T06:58:01.269533+00:00
2026-05-30 03:30:00+00:00,SOL-USD,15m,82.75,82.76000213623047,82.58000183105469,82.5999984741211,327168,327168,yfinance,2026-07-10T06:58:01.269533+00:00
2026-05-30 03:45:00+00:00,SOL-USD,15m,82.5999984741211,82.69999694824219,82.52999877929688,82.55999755859375,0,0,yfinance,2026-07-10T06:58:01.269533+00:00
2026-05-30 04:00:00+00:00,SOL-USD,15m,82.55999755859375,82.69000244140625,82.4000015258789,82.5999984741211,78592,78592,yfinance,2026-07-10T06:58:01.269533+00:00
2026-05-30 04:15:00+00:00,SOL-USD,15m,82.58999633789062,82.58999633789062,82.06999969482422,82.12000274658203,7507712,7507712,yfinance,2026-07-10T06:58:01.269533+00:00
2026-05-30 04:30:00+00:00,SOL-USD,15m,82.05999755859375,82.08000183105469,81.77999877929688,82.05999755859375,12538624,12538624,yfinance,2026-07-10T06:58:01.269533+00:00
2026-05-30 04:45:00+00:00,SOL-USD,15m,82.05000305175781,82.2300033569336,82.0199966430664,82.22000122070312,5291264,5291264,yfinance,2026-07-10T06:58:01.269533+00:00
2026-05-30 05:00:00+00:00,SOL-USD,15m,82.19999694824219,82.5999984741211,82.11000061035156,82.43000030517578,36918272,36918272,yfinance,2026-07-10T06:58:01.269533+00:00
2026-05-30 05:15:00+00:00,SOL-USD,15m,82.43000030517578,82.44999694824219,82.33000183105469,82.36000061035156,829696,829696,yfinance,2026-07-10T06:58:01.269533+00:00
2026-05-30 05:30:00+00:00,SOL-USD,15m,82.36000061035156,82.41999816894531,82.33000183105469,82.41999816894531,0,0,yfinance,2026-07-10T06:58:01.269533+00:00
2026-05-30 05:45:00+00:00,SOL-USD,15m,82.41000366210938,82.56999969482422,82.41000366210938,82.48999786376953,0,0,yfinance,2026-07-10T06:58:01.269533+00:00
2026-05-30 06:00:00+00:00,SOL-USD,15m,82.5,82.5,82.2699966430664,82.33999633789062,0,0,yfinance,2026-07-10T06:58:01.269533+00:00
2026-05-30 06:15:00+00:00,SOL-USD,15m,82.36000061035156,82.56999969482422,82.33000183105469,82.56999969482422,0,0,yfinance,2026-07-10T06:58:01.269533+00:00
2026-05-30 06:30:00+00:00,SOL-USD,15m,82.5999984741211,82.62000274658203,82.5199966430664,82.54000091552734,5044480,5044480,yfinance,2026-07-10T06:58:01.269533+00:00
2026-05-30 06:45:00+00:00,SOL-USD,15m,82.54000091552734,82.54000091552734,82.33999633789062,82.37999725341797,0,0,yfinance,2026-07-10T06:58:01.269533+00:00
2026-05-30 07:00:00+00:00,SOL-USD,15m,82.37999725341797,82.37999725341797,82.16000366210938,82.26000213623047,336640,336640,yfinance,2026-07-10T06:58:01.269533+00:00
2026-05-30 07:15:00+00:00,SOL-USD,15m,82.25,82.37999725341797,82.23999786376953,82.36000061035156,765952,765952,yfinance,2026-07-10T06:58:01.269533+00:00
2026-05-30 07:30:00+00:00,SOL-USD,15m,82.3499984741211,82.41000366210938,82.19999694824219,82.19999694824219,0,0,yfinance,2026-07-10T06:58:01.269533+00:00
2026-05-30 07:45:00+00:00,SOL-USD,15m,82.16999816894531,82.2699966430664,82.16999816894531,82.2699966430664,0,0,yfinance,2026-07-10T06:58:01.269533+00:00
2026-05-30 08:00:00+00:00,SOL-USD,15m,82.2699966430664,82.27999877929688,82.22000122070312,82.26000213623047,0,0,yfinance,2026-07-10T06:58:01.269533+00:00
2026-05-30 08:15:00+00:00,SOL-USD,15m,82.25,82.29000091552734,82.16999816894531,82.25,0,0,yfinance,2026-07-10T06:58:01.269533+00:00
2026-05-30 08:30:00+00:00,SOL-USD,15m,82.23999786376953,82.27999877929688,82.12999725341797,82.12999725341797,0,0,yfinance,2026-07-10T06:58:01.269533+00:00
2026-05-30 08:45:00+00:00,SOL-USD,15m,82.12000274658203,82.19000244140625,82.08999633789062,82.12000274658203,0,0,yfinance,2026-07-10T06:58:01.269533+00:00
2026-05-30 09:00:00+00:00,SOL-USD,15m,82.12000274658203,82.19999694824219,82.0999984741211,82.16999816894531,0,0,yfinance,2026-07-10T06:58:01.269533+00:00
2026-05-30 09:15:00+00:00,SOL-USD,15m,82.16000366210938,82.19999694824219,82.12000274658203,82.19999694824219,0,0,yfinance,2026-07-10T06:58:01.269533+00:00
2026-05-30 09:30:00+00:00,SOL-USD,15m,82.19999694824219,82.2699966430664,82.16000366210938,82.20999908447266,924416,924416,yfinance,2026-07-10T06:58:01.269533+00:00
2026-05-30 09:45:00+00:00,SOL-USD,15m,82.20999908447266,82.29000091552734,82.18000030517578,82.23999786376953,0,0,yfinance,2026-07-10T06:58:01.269533+00:00
2026-05-30 10:00:00+00:00,SOL-USD,15m,82.26000213623047,82.31999969482422,82.19999694824219,82.30000305175781,0,0,yfinance,2026-07-10T06:58:01.269533+00:00
2026-05-30 10:15:00+00:00,SOL-USD,15m,82.30000305175781,82.4000015258789,82.30000305175781,82.30999755859375,0,0,yfinance,2026-07-10T06:58:01.269533+00:00
2026-05-30 10:30:00+00:00,SOL-USD,15m,82.30999755859375,82.37000274658203,82.30000305175781,82.3499984741211,5505792,5505792,yfinance,2026-07-10T06:58:01.269533+00:00
2026-05-30 10:45:00+00:00,SOL-USD,15m,82.36000061035156,82.36000061035156,82.23999786376953,82.2699966430664,0,0,yfinance,2026-07-10T06:58:01.269533+00:00
2026-05-30 11:00:00+00:00,SOL-USD,15m,82.25,82.29000091552734,82.16000366210938,82.20999908447266,0,0,yfinance,2026-07-10T06:58:01.269533+00:00
2026-05-30 11:15:00+00:00,SOL-USD,15m,82.20999908447266,82.23999786376953,82.11000061035156,82.20999908447266,0,0,yfinance,2026-07-10T06:58:01.269533+00:00
2026-05-30 11:30:00+00:00,SOL-USD,15m,82.20999908447266,82.43000030517578,82.20999908447266,82.33000183105469,0,0,yfinance,2026-07-10T06:58:01.269533+00:00
2026-05-30 11:45:00+00:00,SOL-USD,15m,82.33000183105469,82.3499984741211,82.20999908447266,82.22000122070312,0,0,yfinance,2026-07-10T06:58:01.269533+00:00
2026-05-30 12:00:00+00:00,SOL-USD,15m,82.22000122070312,82.22000122070312,82.13999938964844,82.18000030517578,0,0,yfinance,2026-07-10T06:58:01.269533+00:00
2026-05-30 12:15:00+00:00,SOL-USD,15m,82.19000244140625,82.27999877929688,82.16000366210938,82.2300033569336,197888,197888,yfinance,2026-07-10T06:58:01.269533+00:00
2026-05-30 12:30:00+00:00,SOL-USD,15m,82.2300033569336,82.30000305175781,82.19000244140625,82.2300033569336,0,0,yfinance,2026-07-10T06:58:01.269533+00:00
2026-05-30 12:45:00+00:00,SOL-USD,15m,82.2300033569336,82.33000183105469,82.16999816894531,82.31999969482422,0,0,yfinance,2026-07-10T06:58:01.269533+00:00
2026-05-30 13:00:00+00:00,SOL-USD,15m,82.31999969482422,82.41999816894531,82.30999755859375,82.4000015258789,0,0,yfinance,2026-07-10T06:58:01.269533+00:00
2026-05-30 13:15:00+00:00,SOL-USD,15m,82.37000274658203,82.43000030517578,82.33000183105469,82.36000061035156,783360,783360,yfinance,2026-07-10T06:58:01.269533+00:00
2026-05-30 13:30:00+00:00,SOL-USD,15m,82.36000061035156,82.36000061035156,82.13999938964844,82.29000091552734,0,0,yfinance,2026-07-10T06:58:01.269533+00:00
2026-05-30 13:45:00+00:00,SOL-USD,15m,82.30000305175781,82.4000015258789,82.27999877929688,82.37000274658203,0,0,yfinance,2026-07-10T06:58:01.269533+00:00
2026-05-30 14:00:00+00:00,SOL-USD,15m,82.37999725341797,82.47000122070312,82.33000183105469,82.4000015258789,0,0,yfinance,2026-07-10T06:58:01.269533+00:00
2026-05-30 14:15:00+00:00,SOL-USD,15m,82.38999938964844,82.55999755859375,82.33999633789062,82.55999755859375,0,0,yfinance,2026-07-10T06:58:01.269533+00:00
2026-05-30 14:30:00+00:00,SOL-USD,15m,82.58000183105469,82.6500015258789,82.5,82.55999755859375,0,0,yfinance,2026-07-10T06:58:01.269533+00:00
2026-05-30 14:45:00+00:00,SOL-USD,15m,82.54000091552734,82.58000183105469,82.45999908447266,82.5199966430664,0,0,yfinance,2026-07-10T06:58:01.269533+00:00
2026-05-30 15:00:00+00:00,SOL-USD,15m,82.56999969482422,82.79000091552734,82.47000122070312,82.75,0,0,yfinance,2026-07-10T06:58:01.269533+00:00
2026-05-30 15:15:00+00:00,SOL-USD,15m,82.73999786376953,82.75,82.48999786376953,82.58000183105469,0,0,yfinance,2026-07-10T06:58:01.269533+00:00
2026-05-30 15:30:00+00:00,SOL-USD,15m,82.58000183105469,82.58999633789062,82.37000274658203,82.41000366210938,0,0,yfinance,2026-07-10T06:58:01.269533+00:00
2026-05-30 15:45:00+00:00,SOL-USD,15m,82.41999816894531,82.62999725341797,82.41000366210938,82.56999969482422,0,0,yfinance,2026-07-10T06:58:01.269533+00:00
2026-05-30 16:00:00+00:00,SOL-USD,15m,82.56999969482422,82.76000213623047,82.5,82.73999786376953,0,0,yfinance,2026-07-10T06:58:01.269533+00:00
2026-05-30 16:15:00+00:00,SOL-USD,15m,82.72000122070312,82.76000213623047,82.56999969482422,82.63999938964844,0,0,yfinance,2026-07-10T06:58:01.269533+00:00
2026-05-30 16:30:00+00:00,SOL-USD,15m,82.66999816894531,82.80999755859375,82.6500015258789,82.73999786376953,0,0,yfinance,2026-07-10T06:58:01.269533+00:00
2026-05-30 16:45:00+00:00,SOL-USD,15m,82.7699966430664,82.80000305175781,82.6500015258789,82.77999877929688,0,0,yfinance,2026-07-10T06:58:01.269533+00:00
2026-05-30 17:00:00+00:00,SOL-USD,15m,82.7699966430664,82.87999725341797,82.68000030517578,82.76000213623047,0,0,yfinance,2026-07-10T06:58:01.269533+00:00
2026-05-30 17:15:00+00:00,SOL-USD,15m,82.77999877929688,82.91999816894531,82.69000244140625,82.77999877929688,0,0,yfinance,2026-07-10T06:58:01.269533+00:00
2026-05-30 17:30:00+00:00,SOL-USD,15m,82.7699966430664,82.77999877929688,82.55000305175781,82.7699966430664,0,0,yfinance,2026-07-10T06:58:01.269533+00:00
2026-05-30 17:45:00+00:00,SOL-USD,15m,82.77999877929688,82.93000030517578,82.77999877929688,82.93000030517578,0,0,yfinance,2026-07-10T06:58:01.269533+00:00
2026-05-30 18:00:00+00:00,SOL-USD,15m,82.91000366210938,82.9800033569336,82.86000061035156,82.87000274658203,1486848,1486848,yfinance,2026-07-10T06:58:01.269533+00:00
2026-05-30 18:15:00+00:00,SOL-USD,15m,82.87000274658203,82.98999786376953,82.76000213623047,82.77999877929688,0,0,yfinance,2026-07-10T06:58:01.269533+00:00
2026-05-30 18:30:00+00:00,SOL-USD,15m,82.77999877929688,82.94999694824219,82.73999786376953,82.94999694824219,0,0,yfinance,2026-07-10T06:58:01.269533+00:00
2026-05-30 18:45:00+00:00,SOL-USD,15m,82.97000122070312,83.0199966430664,82.83999633789062,82.9000015258789,0,0,yfinance,2026-07-10T06:58:01.269533+00:00
2026-05-30 19:00:00+00:00,SOL-USD,15m,82.9000015258789,82.91999816894531,82.77999877929688,82.83000183105469,0,0,yfinance,2026-07-10T06:58:01.269533+00:00
2026-05-30 19:15:00+00:00,SOL-USD,15m,82.81999969482422,82.9000015258789,82.70999908447266,82.7300033569336,0,0,yfinance,2026-07-10T06:58:01.269533+00:00
2026-05-30 19:30:00+00:00,SOL-USD,15m,82.7300033569336,82.80999755859375,82.66000366210938,82.80999755859375,0,0,yfinance,2026-07-10T06:58:01.269533+00:00
2026-05-30 19:45:00+00:00,SOL-USD,15m,82.80999755859375,82.91000366210938,82.80999755859375,82.87000274658203,0,0,yfinance,2026-07-10T06:58:01.269533+00:00
2026-05-30 20:00:00+00:00,SOL-USD,15m,82.87000274658203,82.95999908447266,82.80999755859375,82.88999938964844,0,0,yfinance,2026-07-10T06:58:01.269533+00:00
2026-05-30 20:15:00+00:00,SOL-USD,15m,82.88999938964844,82.91000366210938,82.80000305175781,82.80999755859375,37632,37632,yfinance,2026-07-10T06:58:01.269533+00:00
2026-05-30 20:30:00+00:00,SOL-USD,15m,82.80999755859375,82.87000274658203,82.7300033569336,82.7699966430664,306176,306176,yfinance,2026-07-10T06:58:01.269533+00:00
2026-05-30 20:45:00+00:00,SOL-USD,15m,82.77999877929688,82.87999725341797,82.7699966430664,82.83999633789062,0,0,yfinance,2026-07-10T06:58:01.269533+00:00
2026-05-30 21:00:00+00:00,SOL-USD,15m,82.8499984741211,82.9800033569336,82.79000091552734,82.94000244140625,0,0,yfinance,2026-07-10T06:58:01.269533+00:00
2026-05-30 21:15:00+00:00,SOL-USD,15m,82.94999694824219,82.95999908447266,82.87999725341797,82.91999816894531,0,0,yfinance,2026-07-10T06:58:01.269533+00:00
2026-05-30 21:30:00+00:00,SOL-USD,15m,82.91000366210938,83.02999877929688,82.87999725341797,82.97000122070312,0,0,yfinance,2026-07-10T06:58:01.269533+00:00
2026-05-30 21:45:00+00:00,SOL-USD,15m,82.97000122070312,83.0199966430664,82.88999938964844,82.9000015258789,3927808,3927808,yfinance,2026-07-10T06:58:01.269533+00:00
2026-05-30 22:00:00+00:00,SOL-USD,15m,82.86000061035156,82.86000061035156,82.43000030517578,82.62999725341797,927488,927488,yfinance,2026-07-10T06:58:01.269533+00:00
2026-05-30 22:15:00+00:00,SOL-USD,15m,82.63999938964844,82.72000122070312,82.52999877929688,82.5999984741211,418048,418048,yfinance,2026-07-10T06:58:01.269533+00:00
2026-05-30 22:30:00+00:00,SOL-USD,15m,82.5999984741211,82.63999938964844,82.36000061035156,82.41000366210938,594432,594432,yfinance,2026-07-10T06:58:01.269533+00:00
2026-05-30 22:45:00+00:00,SOL-USD,15m,82.41000366210938,82.54000091552734,82.38999938964844,82.54000091552734,0,0,yfinance,2026-07-10T06:58:01.269533+00:00
2026-05-30 23:00:00+00:00,SOL-USD,15m,82.52999877929688,82.7699966430664,82.41999816894531,82.44999694824219,2155008,2155008,yfinance,2026-07-10T06:58:01.269533+00:00
2026-05-30 23:15:00+00:00,SOL-USD,15m,82.44000244140625,82.55000305175781,82.4000015258789,82.5199966430664,0,0,yfinance,2026-07-10T06:58:01.269533+00:00
2026-05-30 23:30:00+00:00,SOL-USD,15m,82.51000213623047,82.51000213623047,82.41000366210938,82.44000244140625,0,0,yfinance,2026-07-10T06:58:01.269533+00:00
2026-05-30 23:45:00+00:00,SOL-USD,15m,82.45999908447266,82.61000061035156,82.45999908447266,82.61000061035156,0,0,yfinance,2026-07-10T06:58:01.269533+00:00
2026-05-31 00:00:00+00:00,SOL-USD,15m,82.63999938964844,82.70999908447266,82.51000213623047,82.63999938964844,0,0,yfinance,2026-07-10T06:58:01.269533+00:00
2026-05-31 00:15:00+00:00,SOL-USD,15m,82.62999725341797,82.81999969482422,82.61000061035156,82.7300033569336,1932288,1932288,yfinance,2026-07-10T06:58:01.269533+00:00
2026-05-31 00:30:00+00:00,SOL-USD,15m,82.70999908447266,82.79000091552734,82.6500015258789,82.72000122070312,2223104,2223104,yfinance,2026-07-10T06:58:01.269533+00:00
2026-05-31 00:45:00+00:00,SOL-USD,15m,82.72000122070312,82.83000183105469,82.66000366210938,82.80999755859375,0,0,yfinance,2026-07-10T06:58:01.269533+00:00
2026-05-31 01:00:00+00:00,SOL-USD,15m,82.80000305175781,82.91000366210938,82.80000305175781,82.88999938964844,0,0,yfinance,2026-07-10T06:58:01.269533+00:00
2026-05-31 01:15:00+00:00,SOL-USD,15m,82.88999938964844,83.05000305175781,82.86000061035156,82.9000015258789,4880128,4880128,yfinance,2026-07-10T06:58:01.269533+00:00
2026-05-31 01:30:00+00:00,SOL-USD,15m,82.9000015258789,83.0999984741211,82.87000274658203,82.87999725341797,0,0,yfinance,2026-07-10T06:58:01.269533+00:00
2026-05-31 01:45:00+00:00,SOL-USD,15m,82.87999725341797,83.04000091552734,82.87000274658203,82.88999938964844,3037952,3037952,yfinance,2026-07-10T06:58:01.269533+00:00
2026-05-31 02:00:00+00:00,SOL-USD,15m,82.87999725341797,83.06999969482422,82.87999725341797,83.06999969482422,554240,554240,yfinance,2026-07-10T06:58:01.269533+00:00
2026-05-31 02:15:00+00:00,SOL-USD,15m,83.06999969482422,83.2699966430664,82.80000305175781,82.80000305175781,10622464,10622464,yfinance,2026-07-10T06:58:01.269533+00:00
2026-05-31 02:30:00+00:00,SOL-USD,15m,82.80000305175781,82.93000030517578,82.75,82.91000366210938,6321152,6321152,yfinance,2026-07-10T06:58:01.269533+00:00
2026-05-31 02:45:00+00:00,SOL-USD,15m,82.91000366210938,83.06999969482422,82.86000061035156,83.02999877929688,3842816,3842816,yfinance,2026-07-10T06:58:01.269533+00:00
2026-05-31 03:00:00+00:00,SOL-USD,15m,83.02999877929688,83.0999984741211,82.9800033569336,83.08999633789062,0,0,yfinance,2026-07-10T06:58:01.269533+00:00
2026-05-31 03:15:00+00:00,SOL-USD,15m,83.08999633789062,83.20999908447266,83.04000091552734,83.1500015258789,4189440,4189440,yfinance,2026-07-10T06:58:01.269533+00:00
2026-05-31 03:30:00+00:00,SOL-USD,15m,83.1500015258789,83.18000030517578,83.01000213623047,83.08999633789062,2195200,2195200,yfinance,2026-07-10T06:58:01.269533+00:00
2026-05-31 03:45:00+00:00,SOL-USD,15m,83.08000183105469,83.16000366210938,83.05000305175781,83.11000061035156,0,0,yfinance,2026-07-10T06:58:01.269533+00:00
2026-05-31 04:00:00+00:00,SOL-USD,15m,83.11000061035156,83.12999725341797,82.9800033569336,82.98999786376953,0,0,yfinance,2026-07-10T06:58:01.269533+00:00
2026-05-31 04:15:00+00:00,SOL-USD,15m,82.98999786376953,83.16999816894531,82.9800033569336,83.0999984741211,0,0,yfinance,2026-07-10T06:58:01.269533+00:00
2026-05-31 04:30:00+00:00,SOL-USD,15m,83.0999984741211,83.16000366210938,83.04000091552734,83.11000061035156,0,0,yfinance,2026-07-10T06:58:01.269533+00:00
2026-05-31 04:45:00+00:00,SOL-USD,15m,83.11000061035156,83.18000030517578,83.04000091552734,83.08999633789062,0,0,yfinance,2026-07-10T06:58:01.269533+00:00
2026-05-31 05:00:00+00:00,SOL-USD,15m,83.06999969482422,83.08999633789062,82.9000015258789,82.95999908447266,0,0,yfinance,2026-07-10T06:58:01.269533+00:00
2026-05-31 05:15:00+00:00,SOL-USD,15m,82.94999694824219,83.01000213623047,82.91000366210938,82.98999786376953,0,0,yfinance,2026-07-10T06:58:01.269533+00:00
2026-05-31 05:30:00+00:00,SOL-USD,15m,82.98999786376953,83.0999984741211,82.94999694824219,82.94999694824219,626048,626048,yfinance,2026-07-10T06:58:01.269533+00:00
2026-05-31 05:45:00+00:00,SOL-USD,15m,82.94999694824219,82.95999908447266,82.87000274658203,82.9000015258789,1229568,1229568,yfinance,2026-07-10T06:58:01.269533+00:00
2026-05-31 06:00:00+00:00,SOL-USD,15m,82.91999816894531,82.91999816894531,82.73999786376953,82.7699966430664,0,0,yfinance,2026-07-10T06:58:01.269533+00:00
2026-05-31 06:15:00+00:00,SOL-USD,15m,82.7699966430664,82.83000183105469,82.70999908447266,82.79000091552734,891264,891264,yfinance,2026-07-10T06:58:01.269533+00:00
2026-05-31 06:30:00+00:00,SOL-USD,15m,82.75,82.87000274658203,82.75,82.81999969482422,1916928,1916928,yfinance,2026-07-10T06:58:01.269533+00:00
2026-05-31 06:45:00+00:00,SOL-USD,15m,82.81999969482422,82.91000366210938,82.81999969482422,82.83999633789062,1902592,1902592,yfinance,2026-07-10T06:58:01.269533+00:00
2026-05-31 07:00:00+00:00,SOL-USD,15m,82.80999755859375,82.81999969482422,82.5999984741211,82.66000366210938,0,0,yfinance,2026-07-10T06:58:01.269533+00:00
2026-05-31 07:15:00+00:00,SOL-USD,15m,82.66000366210938,82.69999694824219,82.5,82.55000305175781,1944448,1944448,yfinance,2026-07-10T06:58:01.269533+00:00
2026-05-31 07:30:00+00:00,SOL-USD,15m,82.52999877929688,82.56999969482422,82.4000015258789,82.48999786376953,5316608,5316608,yfinance,2026-07-10T06:58:01.269533+00:00
2026-05-31 07:45:00+00:00,SOL-USD,15m,82.47000122070312,82.56999969482422,82.47000122070312,82.54000091552734,2315648,2315648,yfinance,2026-07-10T06:58:01.269533+00:00
2026-05-31 08:00:00+00:00,SOL-USD,15m,82.54000091552734,82.73999786376953,82.54000091552734,82.61000061035156,3961088,3961088,yfinance,2026-07-10T06:58:01.269533+00:00
2026-05-31 08:15:00+00:00,SOL-USD,15m,82.62000274658203,82.7300033569336,82.61000061035156,82.70999908447266,5343616,5343616,yfinance,2026-07-10T06:58:01.269533+00:00
2026-05-31 08:30:00+00:00,SOL-USD,15m,82.69000244140625,82.69000244140625,82.51000213623047,82.56999969482422,3281536,3281536,yfinance,2026-07-10T06:58:01.269533+00:00
2026-05-31 08:45:00+00:00,SOL-USD,15m,82.58000183105469,82.72000122070312,82.4800033569336,82.66999816894531,0,0,yfinance,2026-07-10T06:58:01.269533+00:00
2026-05-31 09:00:00+00:00,SOL-USD,15m,82.66000366210938,82.69000244140625,82.54000091552734,82.61000061035156,263936,263936,yfinance,2026-07-10T06:58:01.269533+00:00
2026-05-31 09:15:00+00:00,SOL-USD,15m,82.54000091552734,82.73999786376953,82.54000091552734,82.70999908447266,674304,674304,yfinance,2026-07-10T06:58:01.269533+00:00
2026-05-31 09:30:00+00:00,SOL-USD,15m,82.73999786376953,82.93000030517578,82.69000244140625,82.87999725341797,4864640,4864640,yfinance,2026-07-10T06:58:01.269533+00:00
2026-05-31 09:45:00+00:00,SOL-USD,15m,82.87000274658203,82.91999816894531,82.52999877929688,82.62000274658203,3015680,3015680,yfinance,2026-07-10T06:58:01.269533+00:00
2026-05-31 10:00:00+00:00,SOL-USD,15m,82.61000061035156,82.62000274658203,82.51000213623047,82.5999984741211,3034240,3034240,yfinance,2026-07-10T06:58:01.269533+00:00
2026-05-31 10:15:00+00:00,SOL-USD,15m,82.5999984741211,82.61000061035156,82.36000061035156,82.5199966430664,6355072,6355072,yfinance,2026-07-10T06:58:01.269533+00:00
2026-05-31 10:30:00+00:00,SOL-USD,15m,82.5199966430664,82.55999755859375,82.41999816894531,82.44000244140625,4103552,4103552,yfinance,2026-07-10T06:58:01.269533+00:00
2026-05-31 10:45:00+00:00,SOL-USD,15m,82.43000030517578,82.5999984741211,82.37999725341797,82.5999984741211,923648,923648,yfinance,2026-07-10T06:58:01.269533+00:00
2026-05-31 11:00:00+00:00,SOL-USD,15m,82.5999984741211,82.7300033569336,82.5999984741211,82.69999694824219,2057984,2057984,yfinance,2026-07-10T06:58:01.269533+00:00
2026-05-31 11:15:00+00:00,SOL-USD,15m,82.70999908447266,82.7300033569336,82.55999755859375,82.7300033569336,40704,40704,yfinance,2026-07-10T06:58:01.269533+00:00
2026-05-31 11:30:00+00:00,SOL-USD,15m,82.70999908447266,82.7300033569336,82.61000061035156,82.68000030517578,889600,889600,yfinance,2026-07-10T06:58:01.269533+00:00
2026-05-31 11:45:00+00:00,SOL-USD,15m,82.68000030517578,82.68000030517578,82.55999755859375,82.6500015258789,1244288,1244288,yfinance,2026-07-10T06:58:01.269533+00:00
2026-05-31 12:00:00+00:00,SOL-USD,15m,82.63999938964844,82.68000030517578,82.44999694824219,82.5999984741211,1114752,1114752,yfinance,2026-07-10T06:58:01.269533+00:00
2026-05-31 12:15:00+00:00,SOL-USD,15m,82.5999984741211,82.73999786376953,82.5999984741211,82.66999816894531,72960,72960,yfinance,2026-07-10T06:58:01.269533+00:00
2026-05-31 12:30:00+00:00,SOL-USD,15m,82.66999816894531,82.79000091552734,82.61000061035156,82.77999877929688,0,0,yfinance,2026-07-10T06:58:01.269533+00:00
2026-05-31 12:45:00+00:00,SOL-USD,15m,82.79000091552734,82.80999755859375,82.6500015258789,82.69999694824219,526976,526976,yfinance,2026-07-10T06:58:01.269533+00:00
2026-05-31 13:00:00+00:00,SOL-USD,15m,82.69999694824219,82.83000183105469,82.62000274658203,82.80999755859375,0,0,yfinance,2026-07-10T06:58:01.269533+00:00
2026-05-31 13:15:00+00:00,SOL-USD,15m,82.80999755859375,83.0,82.79000091552734,82.87000274658203,3819264,3819264,yfinance,2026-07-10T06:58:01.269533+00:00
2026-05-31 13:30:00+00:00,SOL-USD,15m,82.88999938964844,82.9000015258789,82.66000366210938,82.69999694824219,242048,242048,yfinance,2026-07-10T06:58:01.269533+00:00
2026-05-31 13:45:00+00:00,SOL-USD,15m,82.69000244140625,82.73999786376953,82.54000091552734,82.63999938964844,417152,417152,yfinance,2026-07-10T06:58:01.269533+00:00
2026-05-31 14:00:00+00:00,SOL-USD,15m,82.6500015258789,82.6500015258789,82.2300033569336,82.2300033569336,0,0,yfinance,2026-07-10T06:58:01.269533+00:00
2026-05-31 14:15:00+00:00,SOL-USD,15m,82.30000305175781,82.37000274658203,81.7699966430664,81.87999725341797,52413696,52413696,yfinance,2026-07-10T06:58:01.269533+00:00
2026-05-31 14:30:00+00:00,SOL-USD,15m,81.8499984741211,82.06999969482422,81.79000091552734,81.83999633789062,9782528,9782528,yfinance,2026-07-10T06:58:01.269533+00:00
2026-05-31 14:45:00+00:00,SOL-USD,15m,81.8499984741211,81.9800033569336,81.77999877929688,81.8499984741211,3099136,3099136,yfinance,2026-07-10T06:58:01.269533+00:00
2026-05-31 15:00:00+00:00,SOL-USD,15m,81.83999633789062,81.97000122070312,81.80999755859375,81.97000122070312,6773504,6773504,yfinance,2026-07-10T06:58:01.269533+00:00
2026-05-31 15:15:00+00:00,SOL-USD,15m,81.95999908447266,82.16000366210938,81.91000366210938,82.11000061035156,0,0,yfinance,2026-07-10T06:58:01.269533+00:00
2026-05-31 15:30:00+00:00,SOL-USD,15m,82.11000061035156,82.12000274658203,81.87000274658203,81.87000274658203,0,0,yfinance,2026-07-10T06:58:01.269533+00:00
2026-05-31 15:45:00+00:00,SOL-USD,15m,81.87000274658203,81.97000122070312,81.73999786376953,81.77999877929688,0,0,yfinance,2026-07-10T06:58:01.269533+00:00
2026-05-31 16:00:00+00:00,SOL-USD,15m,81.7699966430664,81.91999816894531,81.61000061035156,81.66000366210938,1379712,1379712,yfinance,2026-07-10T06:58:01.269533+00:00
2026-05-31 16:15:00+00:00,SOL-USD,15m,81.6500015258789,81.76000213623047,81.51000213623047,81.62000274658203,4940160,4940160,yfinance,2026-07-10T06:58:01.269533+00:00
2026-05-31 16:30:00+00:00,SOL-USD,15m,81.62000274658203,81.62999725341797,81.33000183105469,81.45999908447266,23435520,23435520,yfinance,2026-07-10T06:58:01.269533+00:00
2026-05-31 16:45:00+00:00,SOL-USD,15m,81.41999816894531,81.48999786376953,81.33000183105469,81.47000122070312,9426688,9426688,yfinance,2026-07-10T06:58:01.269533+00:00
2026-05-31 17:00:00+00:00,SOL-USD,15m,81.45999908447266,81.56999969482422,81.36000061035156,81.44999694824219,5722368,5722368,yfinance,2026-07-10T06:58:01.269533+00:00
2026-05-31 17:15:00+00:00,SOL-USD,15m,81.44000244140625,81.63999938964844,81.44000244140625,81.62999725341797,2385408,2385408,yfinance,2026-07-10T06:58:01.269533+00:00
2026-05-31 17:30:00+00:00,SOL-USD,15m,81.62999725341797,81.79000091552734,81.62999725341797,81.73999786376953,0,0,yfinance,2026-07-10T06:58:01.269533+00:00
2026-05-31 17:45:00+00:00,SOL-USD,15m,81.73999786376953,81.79000091552734,81.69999694824219,81.7300033569336,0,0,yfinance,2026-07-10T06:58:01.269533+00:00
2026-05-31 18:00:00+00:00,SOL-USD,15m,81.73999786376953,81.73999786376953,81.56999969482422,81.62999725341797,0,0,yfinance,2026-07-10T06:58:01.269533+00:00
2026-05-31 18:15:00+00:00,SOL-USD,15m,81.61000061035156,81.62999725341797,81.5,81.5999984741211,0,0,yfinance,2026-07-10T06:58:01.269533+00:00
2026-05-31 18:30:00+00:00,SOL-USD,15m,81.58999633789062,81.7300033569336,81.58000183105469,81.63999938964844,449536,449536,yfinance,2026-07-10T06:58:01.269533+00:00
2026-05-31 18:45:00+00:00,SOL-USD,15m,81.63999938964844,81.66000366210938,81.54000091552734,81.62999725341797,0,0,yfinance,2026-07-10T06:58:01.269533+00:00
2026-05-31 19:00:00+00:00,SOL-USD,15m,81.62000274658203,81.66000366210938,81.5,81.51000213623047,0,0,yfinance,2026-07-10T06:58:01.269533+00:00
2026-05-31 19:15:00+00:00,SOL-USD,15m,81.48999786376953,81.55000305175781,81.3499984741211,81.43000030517578,0,0,yfinance,2026-07-10T06:58:01.269533+00:00
2026-05-31 19:30:00+00:00,SOL-USD,15m,81.43000030517578,81.4800033569336,81.2300033569336,81.45999908447266,2439168,2439168,yfinance,2026-07-10T06:58:01.269533+00:00
2026-05-31 19:45:00+00:00,SOL-USD,15m,81.45999908447266,81.54000091552734,81.41000366210938,81.45999908447266,0,0,yfinance,2026-07-10T06:58:01.269533+00:00
2026-05-31 20:00:00+00:00,SOL-USD,15m,81.47000122070312,81.69999694824219,81.47000122070312,81.62999725341797,3853824,3853824,yfinance,2026-07-10T06:58:01.269533+00:00
2026-05-31 20:15:00+00:00,SOL-USD,15m,81.6500015258789,81.7699966430664,81.62000274658203,81.68000030517578,1434880,1434880,yfinance,2026-07-10T06:58:01.269533+00:00
2026-05-31 20:30:00+00:00,SOL-USD,15m,81.68000030517578,81.7300033569336,81.62999725341797,81.69999694824219,380160,380160,yfinance,2026-07-10T06:58:01.269533+00:00
2026-05-31 20:45:00+00:00,SOL-USD,15m,81.69999694824219,81.87000274658203,81.69999694824219,81.8499984741211,2014464,2014464,yfinance,2026-07-10T06:58:01.269533+00:00
2026-05-31 21:00:00+00:00,SOL-USD,15m,81.8499984741211,81.87000274658203,81.76000213623047,81.79000091552734,144384,144384,yfinance,2026-07-10T06:58:01.269533+00:00
2026-05-31 21:15:00+00:00,SOL-USD,15m,81.79000091552734,81.94999694824219,81.79000091552734,81.80999755859375,330112,330112,yfinance,2026-07-10T06:58:01.269533+00:00
2026-05-31 21:30:00+00:00,SOL-USD,15m,81.81999969482422,82.04000091552734,81.77999877929688,82.01000213623047,1416192,1416192,yfinance,2026-07-10T06:58:01.269533+00:00
2026-05-31 21:45:00+00:00,SOL-USD,15m,82.01000213623047,82.23999786376953,81.98999786376953,82.19000244140625,6844928,6844928,yfinance,2026-07-10T06:58:01.269533+00:00
2026-05-31 22:00:00+00:00,SOL-USD,15m,82.19000244140625,82.33000183105469,81.91999816894531,82.31999969482422,0,0,yfinance,2026-07-10T06:58:01.269533+00:00
2026-05-31 22:15:00+00:00,SOL-USD,15m,82.31999969482422,82.52999877929688,82.18000030517578,82.29000091552734,9783808,9783808,yfinance,2026-07-10T06:58:01.269533+00:00
2026-05-31 22:30:00+00:00,SOL-USD,15m,82.33999633789062,82.4800033569336,82.25,82.4000015258789,12965376,12965376,yfinance,2026-07-10T06:58:01.269533+00:00
2026-05-31 22:45:00+00:00,SOL-USD,15m,82.43000030517578,82.56999969482422,82.33999633789062,82.38999938964844,6274816,6274816,yfinance,2026-07-10T06:58:01.269533+00:00
2026-05-31 23:00:00+00:00,SOL-USD,15m,82.41999816894531,82.77999877929688,82.38999938964844,82.45999908447266,12759040,12759040,yfinance,2026-07-10T06:58:01.269533+00:00
2026-05-31 23:15:00+00:00,SOL-USD,15m,82.45999908447266,82.56999969482422,82.2300033569336,82.33999633789062,6618880,6618880,yfinance,2026-07-10T06:58:01.269533+00:00
2026-05-31 23:30:00+00:00,SOL-USD,15m,82.33999633789062,82.33999633789062,81.83000183105469,81.97000122070312,8187136,8187136,yfinance,2026-07-10T06:58:01.269533+00:00
2026-05-31 23:45:00+00:00,SOL-USD,15m,81.9800033569336,82.33999633789062,81.94000244140625,82.31999969482422,6346752,6346752,yfinance,2026-07-10T06:58:01.269533+00:00
2026-06-01 00:00:00+00:00,SOL-USD,15m,82.30999755859375,82.62000274658203,82.26000213623047,82.61000061035156,20096000,20096000,yfinance,2026-07-10T06:58:01.269533+00:00
2026-06-01 00:15:00+00:00,SOL-USD,15m,82.6500015258789,82.87999725341797,82.48999786376953,82.81999969482422,12285184,12285184,yfinance,2026-07-10T06:58:01.269533+00:00
2026-06-01 00:30:00+00:00,SOL-USD,15m,82.87000274658203,82.95999908447266,82.62999725341797,82.81999969482422,23140864,23140864,yfinance,2026-07-10T06:58:01.269533+00:00
2026-06-01 00:45:00+00:00,SOL-USD,15m,82.81999969482422,82.91999816894531,82.66999816894531,82.69999694824219,13390848,13390848,yfinance,2026-07-10T06:58:01.269533+00:00
2026-06-01 01:00:00+00:00,SOL-USD,15m,82.70999908447266,82.72000122070312,82.22000122070312,82.22000122070312,9990144,9990144,yfinance,2026-07-10T06:58:01.269533+00:00
2026-06-01 01:15:00+00:00,SOL-USD,15m,82.26000213623047,82.3499984741211,82.11000061035156,82.19000244140625,3062016,3062016,yfinance,2026-07-10T06:58:01.269533+00:00
2026-06-01 01:30:00+00:00,SOL-USD,15m,82.16000366210938,82.27999877929688,81.94999694824219,82.01000213623047,3985664,3985664,yfinance,2026-07-10T06:58:01.269533+00:00
2026-06-01 01:45:00+00:00,SOL-USD,15m,82.0,82.13999938964844,81.63999938964844,81.6500015258789,7599360,7599360,yfinance,2026-07-10T06:58:01.269533+00:00
2026-06-01 02:00:00+00:00,SOL-USD,15m,81.62999725341797,82.20999908447266,81.52999877929688,82.19000244140625,12986112,12986112,yfinance,2026-07-10T06:58:01.269533+00:00
2026-06-01 02:15:00+00:00,SOL-USD,15m,82.19000244140625,82.20999908447266,82.0199966430664,82.12999725341797,3467264,3467264,yfinance,2026-07-10T06:58:01.269533+00:00
2026-06-01 02:30:00+00:00,SOL-USD,15m,82.11000061035156,82.75,82.0,82.52999877929688,1947648,1947648,yfinance,2026-07-10T06:58:01.269533+00:00
2026-06-01 02:45:00+00:00,SOL-USD,15m,82.52999877929688,82.73999786376953,82.5,82.56999969482422,25158912,25158912,yfinance,2026-07-10T06:58:01.269533+00:00
2026-06-01 03:00:00+00:00,SOL-USD,15m,82.54000091552734,82.81999969482422,82.54000091552734,82.6500015258789,14679808,14679808,yfinance,2026-07-10T06:58:01.269533+00:00
2026-06-01 03:15:00+00:00,SOL-USD,15m,82.66000366210938,82.80999755859375,82.48999786376953,82.75,8094464,8094464,yfinance,2026-07-10T06:58:01.269533+00:00
2026-06-01 03:30:00+00:00,SOL-USD,15m,82.7699966430664,82.8499984741211,82.54000091552734,82.62999725341797,13963520,13963520,yfinance,2026-07-10T06:58:01.269533+00:00
2026-06-01 03:45:00+00:00,SOL-USD,15m,82.63999938964844,82.68000030517578,82.44000244140625,82.5,2189312,2189312,yfinance,2026-07-10T06:58:01.269533+00:00
2026-06-01 04:00:00+00:00,SOL-USD,15m,82.51000213623047,82.6500015258789,82.1500015258789,82.19999694824219,4048384,4048384,yfinance,2026-07-10T06:58:01.269533+00:00
2026-06-01 04:15:00+00:00,SOL-USD,15m,82.20999908447266,82.23999786376953,81.73999786376953,81.80000305175781,7422720,7422720,yfinance,2026-07-10T06:58:01.269533+00:00
2026-06-01 04:30:00+00:00,SOL-USD,15m,81.80000305175781,82.0,81.80000305175781,81.95999908447266,14730496,14730496,yfinance,2026-07-10T06:58:01.269533+00:00
2026-06-01 04:45:00+00:00,SOL-USD,15m,81.97000122070312,81.98999786376953,81.66000366210938,81.91999816894531,11942144,11942144,yfinance,2026-07-10T06:58:01.269533+00:00
2026-06-01 05:00:00+00:00,SOL-USD,15m,81.9000015258789,81.97000122070312,81.76000213623047,81.91000366210938,9548800,9548800,yfinance,2026-07-10T06:58:01.269533+00:00
2026-06-01 05:15:00+00:00,SOL-USD,15m,81.91999816894531,82.0,81.6500015258789,81.66000366210938,3002624,3002624,yfinance,2026-07-10T06:58:01.269533+00:00
2026-06-01 05:30:00+00:00,SOL-USD,15m,81.68000030517578,81.80999755859375,81.51000213623047,81.80999755859375,2895360,2895360,yfinance,2026-07-10T06:58:01.269533+00:00
2026-06-01 05:45:00+00:00,SOL-USD,15m,81.80999755859375,81.91999816894531,81.66999816894531,81.70999908447266,5444096,5444096,yfinance,2026-07-10T06:58:01.269533+00:00
2026-06-01 06:00:00+00:00,SOL-USD,15m,81.69999694824219,81.76000213623047,81.41000366210938,81.5199966430664,5065216,5065216,yfinance,2026-07-10T06:58:01.269533+00:00
2026-06-01 06:15:00+00:00,SOL-USD,15m,81.5199966430664,81.56999969482422,81.27999877929688,81.33999633789062,12978432,12978432,yfinance,2026-07-10T06:58:01.269533+00:00
2026-06-01 06:30:00+00:00,SOL-USD,15m,81.31999969482422,81.37999725341797,81.05999755859375,81.06999969482422,5804544,5804544,yfinance,2026-07-10T06:58:01.269533+00:00
2026-06-01 06:45:00+00:00,SOL-USD,15m,81.04000091552734,81.4000015258789,81.0199966430664,81.33999633789062,19290624,19290624,yfinance,2026-07-10T06:58:01.269533+00:00
2026-06-01 07:00:00+00:00,SOL-USD,15m,81.33000183105469,81.45999908447266,81.23999786376953,81.3499984741211,6522368,6522368,yfinance,2026-07-10T06:58:01.269533+00:00
2026-06-01 07:15:00+00:00,SOL-USD,15m,81.37999725341797,81.41000366210938,81.1500015258789,81.1500015258789,5198592,5198592,yfinance,2026-07-10T06:58:01.269533+00:00
2026-06-01 07:30:00+00:00,SOL-USD,15m,81.08999633789062,81.13999938964844,80.9000015258789,80.97000122070312,8500224,8500224,yfinance,2026-07-10T06:58:01.269533+00:00
2026-06-01 07:45:00+00:00,SOL-USD,15m,80.9800033569336,81.02999877929688,80.54000091552734,80.62999725341797,21432320,21432320,yfinance,2026-07-10T06:58:01.269533+00:00
2026-06-01 08:00:00+00:00,SOL-USD,15m,80.63999938964844,80.80000305175781,80.58999633789062,80.66000366210938,10588416,10588416,yfinance,2026-07-10T06:58:01.269533+00:00
2026-06-01 08:15:00+00:00,SOL-USD,15m,80.6500015258789,80.80999755859375,80.5,80.54000091552734,10362880,10362880,yfinance,2026-07-10T06:58:01.269533+00:00
2026-06-01 08:30:00+00:00,SOL-USD,15m,80.56999969482422,80.79000091552734,80.36000061035156,80.68000030517578,26083328,26083328,yfinance,2026-07-10T06:58:01.269533+00:00
2026-06-01 08:45:00+00:00,SOL-USD,15m,80.69000244140625,80.94000244140625,80.69000244140625,80.88999938964844,16051712,16051712,yfinance,2026-07-10T06:58:01.269533+00:00
2026-06-01 09:00:00+00:00,SOL-USD,15m,80.88999938964844,81.0999984741211,80.87999725341797,81.06999969482422,13705472,13705472,yfinance,2026-07-10T06:58:01.269533+00:00
2026-06-01 09:15:00+00:00,SOL-USD,15m,81.08000183105469,81.18000030517578,81.01000213623047,81.04000091552734,9790464,9790464,yfinance,2026-07-10T06:58:01.269533+00:00
2026-06-01 09:30:00+00:00,SOL-USD,15m,81.02999877929688,81.12000274658203,80.91000366210938,81.01000213623047,6907392,6907392,yfinance,2026-07-10T06:58:01.269533+00:00
2026-06-01 09:45:00+00:00,SOL-USD,15m,81.05000305175781,81.16999816894531,80.94000244140625,80.95999908447266,21425920,21425920,yfinance,2026-07-10T06:58:01.269533+00:00
2026-06-01 10:00:00+00:00,SOL-USD,15m,80.98999786376953,81.0199966430664,80.83999633789062,80.88999938964844,15419136,15419136,yfinance,2026-07-10T06:58:01.269533+00:00
2026-06-01 10:15:00+00:00,SOL-USD,15m,80.87999725341797,80.94999694824219,80.75,80.79000091552734,7369472,7369472,yfinance,2026-07-10T06:58:01.269533+00:00
2026-06-01 10:30:00+00:00,SOL-USD,15m,80.79000091552734,80.94999694824219,80.7300033569336,80.94000244140625,9736192,9736192,yfinance,2026-07-10T06:58:01.269533+00:00
2026-06-01 10:45:00+00:00,SOL-USD,15m,80.94999694824219,81.08000183105469,80.94999694824219,81.0,10161664,10161664,yfinance,2026-07-10T06:58:01.269533+00:00
2026-06-01 11:00:00+00:00,SOL-USD,15m,81.0,81.08999633789062,80.91000366210938,80.98999786376953,9006080,9006080,yfinance,2026-07-10T06:58:01.269533+00:00
2026-06-01 11:15:00+00:00,SOL-USD,15m,80.98999786376953,81.12999725341797,80.95999908447266,81.04000091552734,6518528,6518528,yfinance,2026-07-10T06:58:01.269533+00:00
2026-06-01 11:30:00+00:00,SOL-USD,15m,81.05000305175781,81.08999633789062,80.97000122070312,80.9800033569336,10296320,10296320,yfinance,2026-07-10T06:58:01.269533+00:00
2026-06-01 11:45:00+00:00,SOL-USD,15m,80.9800033569336,81.0,80.55000305175781,80.72000122070312,14849024,14849024,yfinance,2026-07-10T06:58:01.269533+00:00
2026-06-01 12:00:00+00:00,SOL-USD,15m,80.76000213623047,80.9000015258789,80.19000244140625,80.43000030517578,46353664,46353664,yfinance,2026-07-10T06:58:01.269533+00:00
2026-06-01 12:15:00+00:00,SOL-USD,15m,80.44999694824219,80.88999938964844,80.44999694824219,80.80999755859375,52516608,52516608,yfinance,2026-07-10T06:58:01.269533+00:00
2026-06-01 12:30:00+00:00,SOL-USD,15m,80.80000305175781,80.94000244140625,80.72000122070312,80.91999816894531,31136512,31136512,yfinance,2026-07-10T06:58:01.269533+00:00
2026-06-01 12:45:00+00:00,SOL-USD,15m,80.94999694824219,80.95999908447266,80.66999816894531,80.72000122070312,16765440,16765440,yfinance,2026-07-10T06:58:01.269533+00:00
2026-06-01 13:00:00+00:00,SOL-USD,15m,80.73999786376953,80.75,80.08999633789062,80.19000244140625,23994368,23994368,yfinance,2026-07-10T06:58:01.269533+00:00
2026-06-01 13:15:00+00:00,SOL-USD,15m,80.2300033569336,80.5,80.08000183105469,80.2300033569336,48744960,48744960,yfinance,2026-07-10T06:58:01.269533+00:00
2026-06-01 13:30:00+00:00,SOL-USD,15m,80.3499984741211,80.5,80.04000091552734,80.04000091552734,46296576,46296576,yfinance,2026-07-10T06:58:01.269533+00:00
2026-06-01 13:45:00+00:00,SOL-USD,15m,80.08999633789062,80.2300033569336,79.16999816894531,79.70999908447266,68713216,68713216,yfinance,2026-07-10T06:58:01.269533+00:00
2026-06-01 14:00:00+00:00,SOL-USD,15m,79.72000122070312,79.9800033569336,79.4000015258789,79.55000305175781,123398656,123398656,yfinance,2026-07-10T06:58:01.269533+00:00
2026-06-01 14:15:00+00:00,SOL-USD,15m,79.5199966430664,79.7300033569336,79.30000305175781,79.41999816894531,0,0,yfinance,2026-07-10T06:58:01.269533+00:00
2026-06-01 14:30:00+00:00,SOL-USD,15m,79.44999694824219,79.56999969482422,79.30000305175781,79.48999786376953,6977280,6977280,yfinance,2026-07-10T06:58:01.269533+00:00
2026-06-01 14:45:00+00:00,SOL-USD,15m,79.4800033569336,79.68000030517578,79.4000015258789,79.54000091552734,12150016,12150016,yfinance,2026-07-10T06:58:01.269533+00:00
2026-06-01 15:00:00+00:00,SOL-USD,15m,79.58000183105469,79.77999877929688,79.51000213623047,79.6500015258789,4540672,4540672,yfinance,2026-07-10T06:58:01.269533+00:00
2026-06-01 15:15:00+00:00,SOL-USD,15m,79.66000366210938,79.69999694824219,79.05999755859375,79.12999725341797,23081216,23081216,yfinance,2026-07-10T06:58:01.269533+00:00
2026-06-01 15:30:00+00:00,SOL-USD,15m,79.1500015258789,79.9000015258789,79.1500015258789,79.72000122070312,66882816,66882816,yfinance,2026-07-10T06:58:01.269533+00:00
2026-06-01 15:45:00+00:00,SOL-USD,15m,79.76000213623047,79.83000183105469,79.41999816894531,79.47000122070312,20285952,20285952,yfinance,2026-07-10T06:58:01.269533+00:00
2026-06-01 16:00:00+00:00,SOL-USD,15m,79.45999908447266,79.61000061035156,79.0,79.33000183105469,23940096,23940096,yfinance,2026-07-10T06:58:01.269533+00:00
2026-06-01 16:15:00+00:00,SOL-USD,15m,79.30000305175781,79.5999984741211,79.2300033569336,79.58999633789062,21560832,21560832,yfinance,2026-07-10T06:58:01.269533+00:00
2026-06-01 16:30:00+00:00,SOL-USD,15m,79.66000366210938,79.7699966430664,79.55999755859375,79.73999786376953,4739840,4739840,yfinance,2026-07-10T06:58:01.269533+00:00
2026-06-01 16:45:00+00:00,SOL-USD,15m,79.76000213623047,80.31999969482422,79.76000213623047,80.27999877929688,19351808,19351808,yfinance,2026-07-10T06:58:01.269533+00:00
2026-06-01 17:00:00+00:00,SOL-USD,15m,80.29000091552734,80.56999969482422,80.16999816894531,80.43000030517578,38278400,38278400,yfinance,2026-07-10T06:58:01.269533+00:00
2026-06-01 17:15:00+00:00,SOL-USD,15m,80.45999908447266,80.72000122070312,80.30000305175781,80.72000122070312,23050496,23050496,yfinance,2026-07-10T06:58:01.269533+00:00
2026-06-01 17:30:00+00:00,SOL-USD,15m,80.75,80.97000122070312,80.5199966430664,80.95999908447266,35466240,35466240,yfinance,2026-07-10T06:58:01.269533+00:00
2026-06-01 17:45:00+00:00,SOL-USD,15m,81.04000091552734,81.06999969482422,80.77999877929688,80.83000183105469,46010880,46010880,yfinance,2026-07-10T06:58:01.269533+00:00
2026-06-01 18:00:00+00:00,SOL-USD,15m,80.80999755859375,80.9000015258789,80.47000122070312,80.52999877929688,13245184,13245184,yfinance,2026-07-10T06:58:01.269533+00:00
2026-06-01 18:15:00+00:00,SOL-USD,15m,80.55000305175781,80.88999938964844,80.48999786376953,80.87999725341797,9447168,9447168,yfinance,2026-07-10T06:58:01.269533+00:00
2026-06-01 18:30:00+00:00,SOL-USD,15m,80.9000015258789,81.0999984741211,80.88999938964844,80.88999938964844,17192448,17192448,yfinance,2026-07-10T06:58:01.269533+00:00
2026-06-01 18:45:00+00:00,SOL-USD,15m,80.86000061035156,80.9000015258789,80.69000244140625,80.73999786376953,8024576,8024576,yfinance,2026-07-10T06:58:01.269533+00:00
2026-06-01 19:00:00+00:00,SOL-USD,15m,80.75,80.75,80.51000213623047,80.66000366210938,8481792,8481792,yfinance,2026-07-10T06:58:01.269533+00:00
2026-06-01 19:15:00+00:00,SOL-USD,15m,80.68000030517578,80.95999908447266,80.55000305175781,80.93000030517578,9151232,9151232,yfinance,2026-07-10T06:58:01.269533+00:00
2026-06-01 19:30:00+00:00,SOL-USD,15m,80.94000244140625,81.19000244140625,80.9000015258789,81.1500015258789,19230208,19230208,yfinance,2026-07-10T06:58:01.269533+00:00
2026-06-01 19:45:00+00:00,SOL-USD,15m,81.16999816894531,81.16999816894531,81.01000213623047,81.08999633789062,14051072,14051072,yfinance,2026-07-10T06:58:01.269533+00:00
2026-06-01 20:00:00+00:00,SOL-USD,15m,81.0999984741211,81.0999984741211,80.8499984741211,80.98999786376953,4538624,4538624,yfinance,2026-07-10T06:58:01.269533+00:00
2026-06-01 20:15:00+00:00,SOL-USD,15m,81.01000213623047,81.13999938964844,80.87999725341797,81.0199966430664,11677952,11677952,yfinance,2026-07-10T06:58:01.269533+00:00
2026-06-01 20:30:00+00:00,SOL-USD,15m,81.0199966430664,81.12999725341797,80.94999694824219,81.05999755859375,10944512,10944512,yfinance,2026-07-10T06:58:01.269533+00:00
2026-06-01 20:45:00+00:00,SOL-USD,15m,81.08000183105469,81.12000274658203,80.91000366210938,81.02999877929688,6561280,6561280,yfinance,2026-07-10T06:58:01.269533+00:00
2026-06-01 21:00:00+00:00,SOL-USD,15m,81.02999877929688,81.04000091552734,80.58000183105469,80.66999816894531,29228288,29228288,yfinance,2026-07-10T06:58:01.269533+00:00
2026-06-01 21:15:00+00:00,SOL-USD,15m,80.66000366210938,80.79000091552734,80.4000015258789,80.68000030517578,36188416,36188416,yfinance,2026-07-10T06:58:01.269533+00:00
2026-06-01 21:30:00+00:00,SOL-USD,15m,80.69999694824219,80.7699966430664,80.5999984741211,80.62999725341797,12415488,12415488,yfinance,2026-07-10T06:58:01.269533+00:00
2026-06-01 21:45:00+00:00,SOL-USD,15m,80.63999938964844,80.73999786376953,80.48999786376953,80.56999969482422,3618560,3618560,yfinance,2026-07-10T06:58:01.269533+00:00
2026-06-01 22:00:00+00:00,SOL-USD,15m,80.52999877929688,80.52999877929688,80.2300033569336,80.4000015258789,7017472,7017472,yfinance,2026-07-10T06:58:01.269533+00:00
2026-06-01 22:15:00+00:00,SOL-USD,15m,80.41999816894531,80.87000274658203,80.27999877929688,80.83999633789062,5619456,5619456,yfinance,2026-07-10T06:58:01.269533+00:00
2026-06-01 22:30:00+00:00,SOL-USD,15m,80.86000061035156,80.9000015258789,80.44999694824219,80.66000366210938,3036672,3036672,yfinance,2026-07-10T06:58:01.269533+00:00
2026-06-01 22:45:00+00:00,SOL-USD,15m,80.6500015258789,81.36000061035156,80.6500015258789,81.29000091552734,35595264,35595264,yfinance,2026-07-10T06:58:01.269533+00:00
2026-06-01 23:00:00+00:00,SOL-USD,15m,81.29000091552734,81.36000061035156,81.13999938964844,81.25,4763648,4763648,yfinance,2026-07-10T06:58:01.269533+00:00
2026-06-01 23:15:00+00:00,SOL-USD,15m,81.23999786376953,81.5199966430664,81.04000091552734,81.04000091552734,15079936,15079936,yfinance,2026-07-10T06:58:01.269533+00:00
2026-06-01 23:30:00+00:00,SOL-USD,15m,81.05000305175781,81.4000015258789,80.97000122070312,81.26000213623047,7995648,7995648,yfinance,2026-07-10T06:58:01.269533+00:00
2026-06-01 23:45:00+00:00,SOL-USD,15m,81.27999877929688,81.3499984741211,81.01000213623047,81.13999938964844,18177024,18177024,yfinance,2026-07-10T06:58:01.269533+00:00
2026-06-02 00:00:00+00:00,SOL-USD,15m,81.16999816894531,81.16999816894531,80.94000244140625,81.02999877929688,0,0,yfinance,2026-07-10T06:58:01.269533+00:00
2026-06-02 00:15:00+00:00,SOL-USD,15m,81.0199966430664,81.08000183105469,80.81999969482422,80.8499984741211,1820416,1820416,yfinance,2026-07-10T06:58:01.269533+00:00
2026-06-02 00:30:00+00:00,SOL-USD,15m,80.87000274658203,81.08000183105469,80.80000305175781,80.87000274658203,0,0,yfinance,2026-07-10T06:58:01.269533+00:00
2026-06-02 00:45:00+00:00,SOL-USD,15m,80.87999725341797,80.97000122070312,80.7699966430664,80.77999877929688,0,0,yfinance,2026-07-10T06:58:01.269533+00:00
2026-06-02 01:00:00+00:00,SOL-USD,15m,80.83000183105469,80.93000030517578,80.61000061035156,80.80999755859375,0,0,yfinance,2026-07-10T06:58:01.269533+00:00
2026-06-02 01:15:00+00:00,SOL-USD,15m,80.81999969482422,80.86000061035156,80.51000213623047,80.51000213623047,1708544,1708544,yfinance,2026-07-10T06:58:01.269533+00:00
2026-06-02 01:30:00+00:00,SOL-USD,15m,80.55000305175781,80.56999969482422,80.05000305175781,80.31999969482422,6593792,6593792,yfinance,2026-07-10T06:58:01.269533+00:00
2026-06-02 01:45:00+00:00,SOL-USD,15m,80.31999969482422,80.31999969482422,79.97000122070312,79.98999786376953,10466048,10466048,yfinance,2026-07-10T06:58:01.269533+00:00
2026-06-02 02:00:00+00:00,SOL-USD,15m,79.98999786376953,80.05000305175781,79.33999633789062,79.72000122070312,19567872,19567872,yfinance,2026-07-10T06:58:01.269533+00:00
2026-06-02 02:15:00+00:00,SOL-USD,15m,79.73999786376953,80.43000030517578,79.58000183105469,80.43000030517578,27070720,27070720,yfinance,2026-07-10T06:58:01.269533+00:00
2026-06-02 02:30:00+00:00,SOL-USD,15m,80.43000030517578,80.44999694824219,80.04000091552734,80.06999969482422,22469120,22469120,yfinance,2026-07-10T06:58:01.269533+00:00
2026-06-02 02:45:00+00:00,SOL-USD,15m,80.05999755859375,80.61000061035156,80.04000091552734,80.61000061035156,2775552,2775552,yfinance,2026-07-10T06:58:01.269533+00:00
2026-06-02 03:00:00+00:00,SOL-USD,15m,80.69999694824219,80.86000061035156,80.52999877929688,80.68000030517578,8309504,8309504,yfinance,2026-07-10T06:58:01.269533+00:00
2026-06-02 03:15:00+00:00,SOL-USD,15m,80.69999694824219,80.83999633789062,80.56999969482422,80.80000305175781,2309632,2309632,yfinance,2026-07-10T06:58:01.269533+00:00
2026-06-02 03:30:00+00:00,SOL-USD,15m,80.80999755859375,80.87000274658203,80.66000366210938,80.87000274658203,2776576,2776576,yfinance,2026-07-10T06:58:01.269533+00:00
2026-06-02 03:45:00+00:00,SOL-USD,15m,80.86000061035156,80.91999816894531,80.73999786376953,80.79000091552734,8280064,8280064,yfinance,2026-07-10T06:58:01.269533+00:00
2026-06-02 04:00:00+00:00,SOL-USD,15m,80.81999969482422,80.91000366210938,80.3499984741211,80.45999908447266,496896,496896,yfinance,2026-07-10T06:58:01.269533+00:00
2026-06-02 04:15:00+00:00,SOL-USD,15m,80.4800033569336,80.83999633789062,80.4800033569336,80.76000213623047,1175552,1175552,yfinance,2026-07-10T06:58:01.269533+00:00
2026-06-02 04:30:00+00:00,SOL-USD,15m,80.76000213623047,80.81999969482422,80.62000274658203,80.66000366210938,5601792,5601792,yfinance,2026-07-10T06:58:01.269533+00:00
2026-06-02 04:45:00+00:00,SOL-USD,15m,80.63999938964844,80.63999938964844,80.26000213623047,80.31999969482422,689664,689664,yfinance,2026-07-10T06:58:01.269533+00:00
2026-06-02 05:00:00+00:00,SOL-USD,15m,80.31999969482422,80.44999694824219,79.97000122070312,80.43000030517578,911360,911360,yfinance,2026-07-10T06:58:01.269533+00:00
2026-06-02 05:15:00+00:00,SOL-USD,15m,80.44000244140625,80.44000244140625,79.97000122070312,79.97000122070312,5366528,5366528,yfinance,2026-07-10T06:58:01.269533+00:00
2026-06-02 05:30:00+00:00,SOL-USD,15m,79.94000244140625,80.12000274658203,79.7699966430664,79.97000122070312,6372096,6372096,yfinance,2026-07-10T06:58:01.269533+00:00
2026-06-02 05:45:00+00:00,SOL-USD,15m,79.9800033569336,79.9800033569336,79.48999786376953,79.51000213623047,16990720,16990720,yfinance,2026-07-10T06:58:01.269533+00:00
2026-06-02 06:00:00+00:00,SOL-USD,15m,79.51000213623047,79.70999908447266,79.29000091552734,79.38999938964844,12620800,12620800,yfinance,2026-07-10T06:58:01.269533+00:00
2026-06-02 06:15:00+00:00,SOL-USD,15m,79.44000244140625,79.55999755859375,79.29000091552734,79.52999877929688,15890688,15890688,yfinance,2026-07-10T06:58:01.269533+00:00
2026-06-02 06:30:00+00:00,SOL-USD,15m,79.52999877929688,79.61000061035156,79.41999816894531,79.41999816894531,4030976,4030976,yfinance,2026-07-10T06:58:01.269533+00:00
2026-06-02 06:45:00+00:00,SOL-USD,15m,79.41000366210938,79.63999938964844,79.2300033569336,79.4800033569336,6947072,6947072,yfinance,2026-07-10T06:58:01.269533+00:00
2026-06-02 07:00:00+00:00,SOL-USD,15m,79.51000213623047,79.54000091552734,79.05999755859375,79.51000213623047,22818304,22818304,yfinance,2026-07-10T06:58:01.269533+00:00
2026-06-02 07:15:00+00:00,SOL-USD,15m,79.5199966430664,79.80999755859375,79.30000305175781,79.37999725341797,5391872,5391872,yfinance,2026-07-10T06:58:01.269533+00:00
2026-06-02 07:30:00+00:00,SOL-USD,15m,79.38999938964844,79.80000305175781,79.37999725341797,79.68000030517578,3065600,3065600,yfinance,2026-07-10T06:58:01.269533+00:00
2026-06-02 07:45:00+00:00,SOL-USD,15m,79.6500015258789,79.69999694824219,79.48999786376953,79.54000091552734,0,0,yfinance,2026-07-10T06:58:01.269533+00:00
2026-06-02 08:00:00+00:00,SOL-USD,15m,79.55999755859375,79.63999938964844,79.41999816894531,79.56999969482422,45312,45312,yfinance,2026-07-10T06:58:01.269533+00:00
2026-06-02 08:15:00+00:00,SOL-USD,15m,79.5199966430664,79.66000366210938,79.41000366210938,79.58999633789062,4073728,4073728,yfinance,2026-07-10T06:58:01.269533+00:00
2026-06-02 08:30:00+00:00,SOL-USD,15m,79.56999969482422,79.69000244140625,79.44000244140625,79.44000244140625,0,0,yfinance,2026-07-10T06:58:01.269533+00:00
2026-06-02 08:45:00+00:00,SOL-USD,15m,79.44000244140625,79.5199966430664,79.36000061035156,79.4800033569336,1036544,1036544,yfinance,2026-07-10T06:58:01.269533+00:00
2026-06-02 09:00:00+00:00,SOL-USD,15m,79.51000213623047,79.5199966430664,79.0999984741211,79.18000030517578,4030464,4030464,yfinance,2026-07-10T06:58:01.269533+00:00
2026-06-02 09:15:00+00:00,SOL-USD,15m,79.19999694824219,79.27999877929688,78.66999816894531,78.80000305175781,20590336,20590336,yfinance,2026-07-10T06:58:01.269533+00:00
2026-06-02 09:30:00+00:00,SOL-USD,15m,78.80000305175781,79.0999984741211,78.69999694824219,79.0199966430664,23346176,23346176,yfinance,2026-07-10T06:58:01.269533+00:00
2026-06-02 09:45:00+00:00,SOL-USD,15m,78.98999786376953,79.12000274658203,78.91999816894531,78.98999786376953,0,0,yfinance,2026-07-10T06:58:01.269533+00:00
2026-06-02 10:00:00+00:00,SOL-USD,15m,78.98999786376953,79.29000091552734,78.8499984741211,79.2300033569336,0,0,yfinance,2026-07-10T06:58:01.269533+00:00
2026-06-02 10:15:00+00:00,SOL-USD,15m,79.2300033569336,79.33999633789062,79.1500015258789,79.2699966430664,8648704,8648704,yfinance,2026-07-10T06:58:01.269533+00:00
2026-06-02 10:30:00+00:00,SOL-USD,15m,79.27999877929688,79.31999969482422,79.08000183105469,79.0999984741211,635648,635648,yfinance,2026-07-10T06:58:01.269533+00:00
2026-06-02 10:45:00+00:00,SOL-USD,15m,79.08999633789062,79.3499984741211,79.08999633789062,79.31999969482422,8466944,8466944,yfinance,2026-07-10T06:58:01.269533+00:00
2026-06-02 11:00:00+00:00,SOL-USD,15m,79.29000091552734,79.30999755859375,79.01000213623047,79.02999877929688,8087808,8087808,yfinance,2026-07-10T06:58:01.269533+00:00
2026-06-02 11:15:00+00:00,SOL-USD,15m,79.0199966430664,79.02999877929688,78.79000091552734,78.91000366210938,9848320,9848320,yfinance,2026-07-10T06:58:01.269533+00:00
2026-06-02 11:30:00+00:00,SOL-USD,15m,78.9000015258789,79.01000213623047,78.73999786376953,78.87000274658203,6652672,6652672,yfinance,2026-07-10T06:58:01.269533+00:00
2026-06-02 11:45:00+00:00,SOL-USD,15m,78.87999725341797,79.06999969482422,78.83000183105469,78.83000183105469,0,0,yfinance,2026-07-10T06:58:01.269533+00:00
2026-06-02 12:00:00+00:00,SOL-USD,15m,78.80999755859375,78.91999816894531,78.62000274658203,78.68000030517578,0,0,yfinance,2026-07-10T06:58:01.269533+00:00
2026-06-02 12:15:00+00:00,SOL-USD,15m,78.66999816894531,78.87000274658203,78.52999877929688,78.81999969482422,0,0,yfinance,2026-07-10T06:58:01.269533+00:00
2026-06-02 12:30:00+00:00,SOL-USD,15m,78.80999755859375,79.01000213623047,78.66000366210938,79.01000213623047,0,0,yfinance,2026-07-10T06:58:01.269533+00:00
2026-06-02 12:45:00+00:00,SOL-USD,15m,79.0199966430664,79.0199966430664,78.77999877929688,78.86000061035156,3955456,3955456,yfinance,2026-07-10T06:58:01.269533+00:00
2026-06-02 13:00:00+00:00,SOL-USD,15m,78.86000061035156,78.95999908447266,78.68000030517578,78.68000030517578,0,0,yfinance,2026-07-10T06:58:01.269533+00:00
2026-06-02 13:15:00+00:00,SOL-USD,15m,78.72000122070312,79.11000061035156,78.72000122070312,79.04000091552734,0,0,yfinance,2026-07-10T06:58:01.269533+00:00
2026-06-02 13:30:00+00:00,SOL-USD,15m,79.02999877929688,79.08999633789062,78.83000183105469,78.97000122070312,0,0,yfinance,2026-07-10T06:58:01.269533+00:00
2026-06-02 13:45:00+00:00,SOL-USD,15m,79.01000213623047,79.05999755859375,78.70999908447266,78.80000305175781,0,0,yfinance,2026-07-10T06:58:01.269533+00:00
2026-06-02 14:00:00+00:00,SOL-USD,15m,78.76000213623047,78.80999755859375,78.12999725341797,78.55000305175781,6886144,6886144,yfinance,2026-07-10T06:58:01.269533+00:00
2026-06-02 14:15:00+00:00,SOL-USD,15m,78.54000091552734,78.56999969482422,76.63999938964844,77.12000274658203,73031424,73031424,yfinance,2026-07-10T06:58:01.269533+00:00
2026-06-02 14:30:00+00:00,SOL-USD,15m,77.0999984741211,77.76000213623047,76.87999725341797,77.05999755859375,95041024,95041024,yfinance,2026-07-10T06:58:01.269533+00:00
2026-06-02 14:45:00+00:00,SOL-USD,15m,77.04000091552734,77.55000305175781,77.04000091552734,77.30000305175781,32473600,32473600,yfinance,2026-07-10T06:58:01.269533+00:00
2026-06-02 15:00:00+00:00,SOL-USD,15m,77.30999755859375,77.31999969482422,76.79000091552734,76.91000366210938,40135424,40135424,yfinance,2026-07-10T06:58:01.269533+00:00
2026-06-02 15:15:00+00:00,SOL-USD,15m,76.93000030517578,76.94000244140625,76.18000030517578,76.23999786376953,44643584,44643584,yfinance,2026-07-10T06:58:01.269533+00:00
2026-06-02 15:30:00+00:00,SOL-USD,15m,76.2300033569336,76.25,75.58999633789062,76.06999969482422,68002560,68002560,yfinance,2026-07-10T06:58:01.269533+00:00
2026-06-02 15:45:00+00:00,SOL-USD,15m,76.08000183105469,76.33999633789062,75.9000015258789,76.25,34642176,34642176,yfinance,2026-07-10T06:58:01.269533+00:00
2026-06-02 16:00:00+00:00,SOL-USD,15m,76.19999694824219,77.13999938964844,76.0199966430664,77.13999938964844,39179520,39179520,yfinance,2026-07-10T06:58:01.269533+00:00
2026-06-02 16:15:00+00:00,SOL-USD,15m,77.2300033569336,77.52999877929688,76.98999786376953,77.11000061035156,43164928,43164928,yfinance,2026-07-10T06:58:01.269533+00:00
2026-06-02 16:30:00+00:00,SOL-USD,15m,77.0999984741211,77.11000061035156,76.81999969482422,76.87999725341797,11823616,11823616,yfinance,2026-07-10T06:58:01.269533+00:00
2026-06-02 16:45:00+00:00,SOL-USD,15m,76.88999938964844,77.1500015258789,76.56999969482422,76.5999984741211,4151552,4151552,yfinance,2026-07-10T06:58:01.269533+00:00
2026-06-02 17:00:00+00:00,SOL-USD,15m,76.58000183105469,76.83999633789062,76.37000274658203,76.6500015258789,2698752,2698752,yfinance,2026-07-10T06:58:01.269533+00:00
2026-06-02 17:15:00+00:00,SOL-USD,15m,76.61000061035156,77.0199966430664,76.58000183105469,76.93000030517578,29328384,29328384,yfinance,2026-07-10T06:58:01.269533+00:00
2026-06-02 17:30:00+00:00,SOL-USD,15m,76.88999938964844,77.05999755859375,76.72000122070312,76.72000122070312,383744,383744,yfinance,2026-07-10T06:58:01.269533+00:00
2026-06-02 17:45:00+00:00,SOL-USD,15m,76.72000122070312,76.80000305175781,76.62000274658203,76.69999694824219,0,0,yfinance,2026-07-10T06:58:01.269533+00:00
2026-06-02 18:00:00+00:00,SOL-USD,15m,76.69000244140625,76.93000030517578,76.55999755859375,76.58000183105469,3966464,3966464,yfinance,2026-07-10T06:58:01.269533+00:00
2026-06-02 18:15:00+00:00,SOL-USD,15m,76.58999633789062,76.5999984741211,76.18000030517578,76.19000244140625,5714432,5714432,yfinance,2026-07-10T06:58:01.269533+00:00
2026-06-02 18:30:00+00:00,SOL-USD,15m,76.20999908447266,76.29000091552734,76.01000213623047,76.12000274658203,542976,542976,yfinance,2026-07-10T06:58:01.269533+00:00
2026-06-02 18:45:00+00:00,SOL-USD,15m,76.13999938964844,76.13999938964844,75.70999908447266,76.02999877929688,10840320,10840320,yfinance,2026-07-10T06:58:01.269533+00:00
2026-06-02 19:00:00+00:00,SOL-USD,15m,76.0199966430664,76.1500015258789,75.81999969482422,76.0,8031744,8031744,yfinance,2026-07-10T06:58:01.269533+00:00
2026-06-02 19:15:00+00:00,SOL-USD,15m,75.98999786376953,76.0199966430664,75.4000015258789,75.43000030517578,9790208,9790208,yfinance,2026-07-10T06:58:01.269533+00:00
2026-06-02 19:30:00+00:00,SOL-USD,15m,75.44000244140625,75.5,74.5199966430664,75.12000274658203,124820224,124820224,yfinance,2026-07-10T06:58:01.269533+00:00
2026-06-02 19:45:00+00:00,SOL-USD,15m,75.13999938964844,75.86000061035156,75.0999984741211,75.41000366210938,70184960,70184960,yfinance,2026-07-10T06:58:01.269533+00:00
2026-06-02 20:00:00+00:00,SOL-USD,15m,75.36000061035156,75.80999755859375,75.31999969482422,75.55000305175781,15619072,15619072,yfinance,2026-07-10T06:58:01.269533+00:00
2026-06-02 20:15:00+00:00,SOL-USD,15m,75.58999633789062,75.58999633789062,74.66999816894531,74.79000091552734,5756160,5756160,yfinance,2026-07-10T06:58:01.269533+00:00
2026-06-02 20:30:00+00:00,SOL-USD,15m,74.79000091552734,75.19000244140625,74.79000091552734,75.05000305175781,25617664,25617664,yfinance,2026-07-10T06:58:01.269533+00:00
2026-06-02 20:45:00+00:00,SOL-USD,15m,75.05999755859375,75.43000030517578,75.05000305175781,75.31999969482422,23621120,23621120,yfinance,2026-07-10T06:58:01.269533+00:00
2026-06-02 21:00:00+00:00,SOL-USD,15m,75.33000183105469,75.69000244140625,75.22000122070312,75.31999969482422,1733888,1733888,yfinance,2026-07-10T06:58:01.269533+00:00
2026-06-02 21:15:00+00:00,SOL-USD,15m,75.33000183105469,75.83000183105469,75.33000183105469,75.80999755859375,0,0,yfinance,2026-07-10T06:58:01.269533+00:00
2026-06-02 21:30:00+00:00,SOL-USD,15m,75.83000183105469,75.95999908447266,75.68000030517578,75.80999755859375,6159872,6159872,yfinance,2026-07-10T06:58:01.269533+00:00
2026-06-02 21:45:00+00:00,SOL-USD,15m,75.81999969482422,75.81999969482422,75.4800033569336,75.55999755859375,1229312,1229312,yfinance,2026-07-10T06:58:01.269533+00:00
2026-06-02 22:00:00+00:00,SOL-USD,15m,75.52999877929688,75.54000091552734,75.01000213623047,75.0199966430664,637952,637952,yfinance,2026-07-10T06:58:01.269533+00:00
2026-06-02 22:15:00+00:00,SOL-USD,15m,75.0199966430664,75.44999694824219,74.55999755859375,75.25,35759360,35759360,yfinance,2026-07-10T06:58:01.269533+00:00
2026-06-02 22:30:00+00:00,SOL-USD,15m,75.22000122070312,75.25,74.66000366210938,74.75,12815360,12815360,yfinance,2026-07-10T06:58:01.269533+00:00
2026-06-02 22:45:00+00:00,SOL-USD,15m,74.7300033569336,74.7300033569336,73.2699966430664,73.54000091552734,54271232,54271232,yfinance,2026-07-10T06:58:01.269533+00:00
2026-06-02 23:00:00+00:00,SOL-USD,15m,73.6500015258789,73.86000061035156,73.30999755859375,73.83999633789062,75015168,75015168,yfinance,2026-07-10T06:58:01.269533+00:00
2026-06-02 23:15:00+00:00,SOL-USD,15m,73.80999755859375,73.9000015258789,72.66999816894531,72.94999694824219,51428864,51428864,yfinance,2026-07-10T06:58:01.269533+00:00
2026-06-02 23:30:00+00:00,SOL-USD,15m,72.94999694824219,73.8499984741211,72.80999755859375,73.83999633789062,68291072,68291072,yfinance,2026-07-10T06:58:01.269533+00:00
2026-06-02 23:45:00+00:00,SOL-USD,15m,73.77999877929688,74.2300033569336,73.77999877929688,74.11000061035156,32641536,32641536,yfinance,2026-07-10T06:58:01.269533+00:00
2026-06-03 00:00:00+00:00,SOL-USD,15m,74.13999938964844,74.69999694824219,73.91000366210938,74.68000030517578,42945536,42945536,yfinance,2026-07-10T06:58:01.269533+00:00
2026-06-03 00:15:00+00:00,SOL-USD,15m,74.69999694824219,75.01000213623047,74.58000183105469,74.62999725341797,51228160,51228160,yfinance,2026-07-10T06:58:01.269533+00:00
2026-06-03 00:30:00+00:00,SOL-USD,15m,74.62000274658203,74.9800033569336,74.5,74.87999725341797,25384448,25384448,yfinance,2026-07-10T06:58:01.269533+00:00
2026-06-03 00:45:00+00:00,SOL-USD,15m,74.87999725341797,74.94999694824219,74.73999786376953,74.75,14134784,14134784,yfinance,2026-07-10T06:58:01.269533+00:00
2026-06-03 01:00:00+00:00,SOL-USD,15m,74.75,74.91999816894531,74.55000305175781,74.7300033569336,8049152,8049152,yfinance,2026-07-10T06:58:01.269533+00:00
2026-06-03 01:15:00+00:00,SOL-USD,15m,74.68000030517578,74.94000244140625,74.68000030517578,74.87000274658203,11370496,11370496,yfinance,2026-07-10T06:58:01.269533+00:00
2026-06-03 01:30:00+00:00,SOL-USD,15m,74.86000061035156,74.94000244140625,74.05000305175781,74.11000061035156,1764352,1764352,yfinance,2026-07-10T06:58:01.269533+00:00
2026-06-03 01:45:00+00:00,SOL-USD,15m,74.12000274658203,74.80000305175781,74.12000274658203,74.63999938964844,14833152,14833152,yfinance,2026-07-10T06:58:01.269533+00:00
2026-06-03 02:00:00+00:00,SOL-USD,15m,74.63999938964844,74.69999694824219,74.4000015258789,74.44999694824219,0,0,yfinance,2026-07-10T06:58:01.269533+00:00
2026-06-03 02:15:00+00:00,SOL-USD,15m,74.44999694824219,74.55999755859375,74.12999725341797,74.27999877929688,0,0,yfinance,2026-07-10T06:58:01.269533+00:00
2026-06-03 02:30:00+00:00,SOL-USD,15m,74.27999877929688,74.44999694824219,74.16000366210938,74.2699966430664,3175936,3175936,yfinance,2026-07-10T06:58:01.269533+00:00
2026-06-03 02:45:00+00:00,SOL-USD,15m,74.27999877929688,74.3499984741211,74.11000061035156,74.30000305175781,2304000,2304000,yfinance,2026-07-10T06:58:01.269533+00:00
2026-06-03 03:00:00+00:00,SOL-USD,15m,74.33000183105469,74.44000244140625,74.08999633789062,74.2300033569336,76288,76288,yfinance,2026-07-10T06:58:01.269533+00:00
2026-06-03 03:15:00+00:00,SOL-USD,15m,74.23999786376953,74.37000274658203,73.66999816894531,73.73999786376953,5217792,5217792,yfinance,2026-07-10T06:58:01.269533+00:00
2026-06-03 03:30:00+00:00,SOL-USD,15m,73.7699966430664,74.0199966430664,72.69000244140625,72.72000122070312,43948032,43948032,yfinance,2026-07-10T06:58:01.269533+00:00
2026-06-03 03:45:00+00:00,SOL-USD,15m,72.73999786376953,72.93000030517578,72.2300033569336,72.5999984741211,73166336,73166336,yfinance,2026-07-10T06:58:01.269533+00:00
2026-06-03 04:00:00+00:00,SOL-USD,15m,72.62000274658203,73.66999816894531,72.62000274658203,73.2300033569336,63301120,63301120,yfinance,2026-07-10T06:58:01.269533+00:00
2026-06-03 04:15:00+00:00,SOL-USD,15m,73.19999694824219,73.56999969482422,73.18000030517578,73.52999877929688,23331840,23331840,yfinance,2026-07-10T06:58:01.269533+00:00
2026-06-03 04:30:00+00:00,SOL-USD,15m,73.5,73.76000213623047,73.2300033569336,73.69999694824219,15551488,15551488,yfinance,2026-07-10T06:58:01.269533+00:00
2026-06-03 04:45:00+00:00,SOL-USD,15m,73.70999908447266,74.01000213623047,73.58999633789062,73.95999908447266,12898816,12898816,yfinance,2026-07-10T06:58:01.269533+00:00
2026-06-03 05:00:00+00:00,SOL-USD,15m,73.98999786376953,74.76000213623047,73.94999694824219,74.68000030517578,48176640,48176640,yfinance,2026-07-10T06:58:01.269533+00:00
2026-06-03 05:15:00+00:00,SOL-USD,15m,74.7300033569336,74.76000213623047,74.41000366210938,74.51000213623047,29093888,29093888,yfinance,2026-07-10T06:58:01.269533+00:00
2026-06-03 05:30:00+00:00,SOL-USD,15m,74.5,74.52999877929688,74.1500015258789,74.44999694824219,3157504,3157504,yfinance,2026-07-10T06:58:01.269533+00:00
2026-06-03 05:45:00+00:00,SOL-USD,15m,74.44000244140625,74.70999908447266,74.33999633789062,74.63999938964844,14735360,14735360,yfinance,2026-07-10T06:58:01.269533+00:00
2026-06-03 06:00:00+00:00,SOL-USD,15m,74.63999938964844,74.80999755859375,74.56999969482422,74.79000091552734,7767552,7767552,yfinance,2026-07-10T06:58:01.269533+00:00
2026-06-03 06:15:00+00:00,SOL-USD,15m,74.79000091552734,75.05999755859375,74.68000030517578,74.95999908447266,8370688,8370688,yfinance,2026-07-10T06:58:01.269533+00:00
2026-06-03 06:30:00+00:00,SOL-USD,15m,74.94000244140625,75.22000122070312,74.87000274658203,75.05000305175781,22679552,22679552,yfinance,2026-07-10T06:58:01.269533+00:00
2026-06-03 06:45:00+00:00,SOL-USD,15m,75.08000183105469,75.08000183105469,74.7300033569336,74.76000213623047,14006272,14006272,yfinance,2026-07-10T06:58:01.269533+00:00
2026-06-03 07:00:00+00:00,SOL-USD,15m,74.70999908447266,75.12000274658203,74.68000030517578,75.04000091552734,2222080,2222080,yfinance,2026-07-10T06:58:01.269533+00:00
2026-06-03 07:15:00+00:00,SOL-USD,15m,75.02999877929688,75.2699966430664,74.9800033569336,75.05000305175781,8639488,8639488,yfinance,2026-07-10T06:58:01.269533+00:00
2026-06-03 07:30:00+00:00,SOL-USD,15m,75.04000091552734,75.29000091552734,75.02999877929688,75.19999694824219,3629056,3629056,yfinance,2026-07-10T06:58:01.269533+00:00
2026-06-03 07:45:00+00:00,SOL-USD,15m,75.20999908447266,75.31999969482422,75.0999984741211,75.16000366210938,12981760,12981760,yfinance,2026-07-10T06:58:01.269533+00:00
2026-06-03 08:00:00+00:00,SOL-USD,15m,75.16000366210938,75.23999786376953,74.9000015258789,74.9000015258789,0,0,yfinance,2026-07-10T06:58:01.269533+00:00
2026-06-03 08:15:00+00:00,SOL-USD,15m,74.9000015258789,74.97000122070312,74.7699966430664,74.88999938964844,3884544,3884544,yfinance,2026-07-10T06:58:01.269533+00:00
2026-06-03 08:30:00+00:00,SOL-USD,15m,74.9000015258789,75.12000274658203,74.87000274658203,74.98999786376953,5542912,5542912,yfinance,2026-07-10T06:58:01.269533+00:00
2026-06-03 08:45:00+00:00,SOL-USD,15m,74.9800033569336,75.0999984741211,74.80000305175781,74.88999938964844,7884288,7884288,yfinance,2026-07-10T06:58:01.269533+00:00
2026-06-03 09:00:00+00:00,SOL-USD,15m,74.94000244140625,75.0,74.83000183105469,74.87000274658203,0,0,yfinance,2026-07-10T06:58:01.269533+00:00
2026-06-03 09:15:00+00:00,SOL-USD,15m,74.87000274658203,74.9000015258789,74.68000030517578,74.80999755859375,0,0,yfinance,2026-07-10T06:58:01.269533+00:00
2026-06-03 09:30:00+00:00,SOL-USD,15m,74.80000305175781,74.91999816894531,74.68000030517578,74.68000030517578,0,0,yfinance,2026-07-10T06:58:01.269533+00:00
2026-06-03 09:45:00+00:00,SOL-USD,15m,74.68000030517578,75.29000091552734,74.62999725341797,74.87999725341797,40554496,40554496,yfinance,2026-07-10T06:58:01.269533+00:00
2026-06-03 10:00:00+00:00,SOL-USD,15m,74.88999938964844,75.44000244140625,74.86000061035156,75.19999694824219,21274112,21274112,yfinance,2026-07-10T06:58:01.269533+00:00
2026-06-03 10:15:00+00:00,SOL-USD,15m,75.20999908447266,75.38999938964844,75.08000183105469,75.38999938964844,4773888,4773888,yfinance,2026-07-10T06:58:01.269533+00:00
2026-06-03 10:30:00+00:00,SOL-USD,15m,75.4000015258789,75.48999786376953,75.23999786376953,75.2699966430664,15844352,15844352,yfinance,2026-07-10T06:58:01.269533+00:00
2026-06-03 10:45:00+00:00,SOL-USD,15m,75.27999877929688,75.45999908447266,75.23999786376953,75.44000244140625,401920,401920,yfinance,2026-07-10T06:58:01.269533+00:00
2026-06-03 11:00:00+00:00,SOL-USD,15m,75.44000244140625,75.5999984741211,75.37999725341797,75.55000305175781,0,0,yfinance,2026-07-10T06:58:01.269533+00:00
2026-06-03 11:15:00+00:00,SOL-USD,15m,75.54000091552734,75.58999633789062,75.44999694824219,75.51000213623047,0,0,yfinance,2026-07-10T06:58:01.269533+00:00
2026-06-03 11:30:00+00:00,SOL-USD,15m,75.51000213623047,75.51000213623047,75.1500015258789,75.1500015258789,0,0,yfinance,2026-07-10T06:58:01.269533+00:00
2026-06-03 11:45:00+00:00,SOL-USD,15m,75.16000366210938,75.16999816894531,74.88999938964844,75.0199966430664,2013696,2013696,yfinance,2026-07-10T06:58:01.269533+00:00
2026-06-03 12:00:00+00:00,SOL-USD,15m,75.02999877929688,75.06999969482422,74.80999755859375,74.87999725341797,1020416,1020416,yfinance,2026-07-10T06:58:01.269533+00:00
2026-06-03 12:15:00+00:00,SOL-USD,15m,74.83999633789062,74.98999786376953,74.5999984741211,74.95999908447266,5852672,5852672,yfinance,2026-07-10T06:58:01.269533+00:00
2026-06-03 12:30:00+00:00,SOL-USD,15m,74.94999694824219,75.05000305175781,74.75,74.91000366210938,7920128,7920128,yfinance,2026-07-10T06:58:01.269533+00:00
2026-06-03 12:45:00+00:00,SOL-USD,15m,74.91000366210938,75.16000366210938,74.83999633789062,75.05000305175781,531968,531968,yfinance,2026-07-10T06:58:01.269533+00:00
2026-06-03 13:00:00+00:00,SOL-USD,15m,75.0999984741211,75.22000122070312,74.91000366210938,75.01000213623047,0,0,yfinance,2026-07-10T06:58:01.269533+00:00
2026-06-03 13:15:00+00:00,SOL-USD,15m,75.01000213623047,75.2699966430664,74.62000274658203,74.70999908447266,4227584,4227584,yfinance,2026-07-10T06:58:01.269533+00:00
2026-06-03 13:30:00+00:00,SOL-USD,15m,74.7300033569336,75.02999877929688,74.41000366210938,74.44000244140625,8305152,8305152,yfinance,2026-07-10T06:58:01.269533+00:00
2026-06-03 13:45:00+00:00,SOL-USD,15m,74.41999816894531,74.68000030517578,74.30000305175781,74.44999694824219,15149568,15149568,yfinance,2026-07-10T06:58:01.269533+00:00
2026-06-03 14:00:00+00:00,SOL-USD,15m,74.4000015258789,74.45999908447266,74.11000061035156,74.37999725341797,0,0,yfinance,2026-07-10T06:58:01.269533+00:00
2026-06-03 14:15:00+00:00,SOL-USD,15m,74.36000061035156,74.41999816894531,73.73999786376953,73.95999908447266,0,0,yfinance,2026-07-10T06:58:01.269533+00:00
2026-06-03 14:30:00+00:00,SOL-USD,15m,74.04000091552734,74.36000061035156,73.7699966430664,74.04000091552734,0,0,yfinance,2026-07-10T06:58:01.269533+00:00
2026-06-03 14:45:00+00:00,SOL-USD,15m,74.04000091552734,74.33999633789062,74.04000091552734,74.33999633789062,0,0,yfinance,2026-07-10T06:58:01.269533+00:00
2026-06-03 15:00:00+00:00,SOL-USD,15m,74.30000305175781,74.37999725341797,73.83000183105469,73.94000244140625,0,0,yfinance,2026-07-10T06:58:01.269533+00:00
2026-06-03 15:15:00+00:00,SOL-USD,15m,73.95999908447266,74.19000244140625,73.62000274658203,74.12000274658203,0,0,yfinance,2026-07-10T06:58:01.269533+00:00
2026-06-03 15:30:00+00:00,SOL-USD,15m,74.12999725341797,74.20999908447266,73.26000213623047,73.4800033569336,0,0,yfinance,2026-07-10T06:58:01.269533+00:00
2026-06-03 15:45:00+00:00,SOL-USD,15m,73.48999786376953,73.54000091552734,73.13999938964844,73.19999694824219,0,0,yfinance,2026-07-10T06:58:01.269533+00:00
2026-06-03 16:00:00+00:00,SOL-USD,15m,73.30000305175781,73.37000274658203,72.83000183105469,72.98999786376953,0,0,yfinance,2026-07-10T06:58:01.269533+00:00
2026-06-03 16:15:00+00:00,SOL-USD,15m,72.91999816894531,73.1500015258789,71.95999908447266,72.31999969482422,8205824,8205824,yfinance,2026-07-10T06:58:01.269533+00:00
2026-06-03 16:30:00+00:00,SOL-USD,15m,72.30999755859375,72.70999908447266,72.30999755859375,72.62000274658203,45601792,45601792,yfinance,2026-07-10T06:58:01.269533+00:00
2026-06-03 16:45:00+00:00,SOL-USD,15m,72.62000274658203,72.9000015258789,72.5,72.88999938964844,15618048,15618048,yfinance,2026-07-10T06:58:01.269533+00:00
2026-06-03 17:00:00+00:00,SOL-USD,15m,72.91999816894531,73.0199966430664,72.30999755859375,72.5999984741211,978944,978944,yfinance,2026-07-10T06:58:01.269533+00:00
2026-06-03 17:15:00+00:00,SOL-USD,15m,72.58999633789062,73.33999633789062,72.58999633789062,73.33999633789062,4637184,4637184,yfinance,2026-07-10T06:58:01.269533+00:00
2026-06-03 17:30:00+00:00,SOL-USD,15m,73.33999633789062,73.95999908447266,73.31999969482422,73.5999984741211,36059136,36059136,yfinance,2026-07-10T06:58:01.269533+00:00
2026-06-03 17:45:00+00:00,SOL-USD,15m,73.61000061035156,73.61000061035156,72.87999725341797,73.05000305175781,1330176,1330176,yfinance,2026-07-10T06:58:01.269533+00:00
2026-06-03 18:00:00+00:00,SOL-USD,15m,73.08999633789062,73.33999633789062,72.93000030517578,73.12000274658203,2951680,2951680,yfinance,2026-07-10T06:58:01.269533+00:00
2026-06-03 18:15:00+00:00,SOL-USD,15m,73.12000274658203,73.12000274658203,72.55000305175781,72.66999816894531,2978304,2978304,yfinance,2026-07-10T06:58:01.269533+00:00
2026-06-03 18:30:00+00:00,SOL-USD,15m,72.66999816894531,72.97000122070312,72.37000274658203,72.80999755859375,7366656,7366656,yfinance,2026-07-10T06:58:01.269533+00:00
2026-06-03 18:45:00+00:00,SOL-USD,15m,72.7699966430664,73.0999984741211,72.73999786376953,73.0,8501248,8501248,yfinance,2026-07-10T06:58:01.269533+00:00
2026-06-03 19:00:00+00:00,SOL-USD,15m,72.98999786376953,73.05999755859375,72.63999938964844,72.76000213623047,0,0,yfinance,2026-07-10T06:58:01.269533+00:00
2026-06-03 19:15:00+00:00,SOL-USD,15m,72.73999786376953,72.7699966430664,71.9000015258789,71.9800033569336,13083648,13083648,yfinance,2026-07-10T06:58:01.269533+00:00
2026-06-03 19:30:00+00:00,SOL-USD,15m,71.94000244140625,72.44000244140625,71.70999908447266,72.37000274658203,0,0,yfinance,2026-07-10T06:58:01.269533+00:00
2026-06-03 19:45:00+00:00,SOL-USD,15m,72.37999725341797,72.5199966430664,71.62999725341797,71.9000015258789,6279680,6279680,yfinance,2026-07-10T06:58:01.269533+00:00
2026-06-03 20:00:00+00:00,SOL-USD,15m,71.87000274658203,72.26000213623047,71.5199966430664,72.22000122070312,34233856,34233856,yfinance,2026-07-10T06:58:01.269533+00:00
2026-06-03 20:15:00+00:00,SOL-USD,15m,72.01000213623047,72.31999969482422,71.66000366210938,72.2699966430664,19441664,19441664,yfinance,2026-07-10T06:58:01.269533+00:00
2026-06-03 20:30:00+00:00,SOL-USD,15m,72.25,72.31999969482422,71.56999969482422,71.5999984741211,6708224,6708224,yfinance,2026-07-10T06:58:01.269533+00:00
2026-06-03 20:45:00+00:00,SOL-USD,15m,71.62999725341797,71.69999694824219,70.87999725341797,71.12000274658203,88007680,88007680,yfinance,2026-07-10T06:58:01.269533+00:00
2026-06-03 21:00:00+00:00,SOL-USD,15m,71.05000305175781,71.87000274658203,70.94000244140625,71.55999755859375,41555968,41555968,yfinance,2026-07-10T06:58:01.269533+00:00
2026-06-03 21:15:00+00:00,SOL-USD,15m,71.55999755859375,71.7699966430664,71.54000091552734,71.69000244140625,12993536,12993536,yfinance,2026-07-10T06:58:01.269533+00:00
2026-06-03 21:30:00+00:00,SOL-USD,15m,71.62999725341797,72.2300033569336,71.62999725341797,71.9800033569336,29490176,29490176,yfinance,2026-07-10T06:58:01.269533+00:00
2026-06-03 21:45:00+00:00,SOL-USD,15m,72.01000213623047,72.73999786376953,71.98999786376953,72.69000244140625,40556032,40556032,yfinance,2026-07-10T06:58:01.269533+00:00
2026-06-03 22:00:00+00:00,SOL-USD,15m,72.72000122070312,73.02999877929688,72.37000274658203,72.44000244140625,5402624,5402624,yfinance,2026-07-10T06:58:01.269533+00:00
2026-06-03 22:15:00+00:00,SOL-USD,15m,72.37000274658203,72.45999908447266,72.05000305175781,72.26000213623047,0,0,yfinance,2026-07-10T06:58:01.269533+00:00
2026-06-03 22:30:00+00:00,SOL-USD,15m,72.19000244140625,72.33000183105469,71.88999938964844,72.19000244140625,0,0,yfinance,2026-07-10T06:58:01.269533+00:00
2026-06-03 22:45:00+00:00,SOL-USD,15m,72.16000366210938,72.23999786376953,71.8499984741211,72.0999984741211,0,0,yfinance,2026-07-10T06:58:01.269533+00:00
2026-06-03 23:00:00+00:00,SOL-USD,15m,72.12000274658203,72.16000366210938,71.5,71.73999786376953,0,0,yfinance,2026-07-10T06:58:01.269533+00:00
2026-06-03 23:15:00+00:00,SOL-USD,15m,71.70999908447266,71.80000305175781,71.47000122070312,71.6500015258789,0,0,yfinance,2026-07-10T06:58:01.269533+00:00
2026-06-03 23:30:00+00:00,SOL-USD,15m,71.69000244140625,71.8499984741211,71.4800033569336,71.56999969482422,0,0,yfinance,2026-07-10T06:58:01.269533+00:00
2026-06-03 23:45:00+00:00,SOL-USD,15m,71.62000274658203,71.7699966430664,71.48999786376953,71.5199966430664,0,0,yfinance,2026-07-10T06:58:01.269533+00:00
2026-06-04 00:00:00+00:00,SOL-USD,15m,71.5199966430664,71.94000244140625,71.51000213623047,71.83000183105469,55823872,55823872,yfinance,2026-07-10T06:58:01.269533+00:00
2026-06-04 00:15:00+00:00,SOL-USD,15m,71.83000183105469,71.98999786376953,70.58000183105469,70.62999725341797,0,0,yfinance,2026-07-10T06:58:01.269533+00:00
2026-06-04 00:30:00+00:00,SOL-USD,15m,70.41000366210938,71.13999938964844,70.26000213623047,71.12000274658203,53690368,53690368,yfinance,2026-07-10T06:58:01.269533+00:00
2026-06-04 00:45:00+00:00,SOL-USD,15m,71.08000183105469,71.08000183105469,70.3499984741211,70.68000030517578,48133120,48133120,yfinance,2026-07-10T06:58:01.269533+00:00
2026-06-04 01:00:00+00:00,SOL-USD,15m,70.66000366210938,70.83999633789062,70.05000305175781,70.08999633789062,37219840,37219840,yfinance,2026-07-10T06:58:01.269533+00:00
2026-06-04 01:15:00+00:00,SOL-USD,15m,70.08999633789062,70.13999938964844,68.94000244140625,69.22000122070312,120697856,120697856,yfinance,2026-07-10T06:58:01.269533+00:00
2026-06-04 01:30:00+00:00,SOL-USD,15m,69.27999877929688,69.88999938964844,69.16999816894531,69.5199966430664,75400192,75400192,yfinance,2026-07-10T06:58:01.269533+00:00
2026-06-04 01:45:00+00:00,SOL-USD,15m,69.43000030517578,69.51000213623047,68.33999633789062,68.5,55876608,55876608,yfinance,2026-07-10T06:58:01.269533+00:00
2026-06-04 02:00:00+00:00,SOL-USD,15m,68.56999969482422,68.62999725341797,66.83000183105469,68.1500015258789,254508544,254508544,yfinance,2026-07-10T06:58:01.269533+00:00
2026-06-04 02:15:00+00:00,SOL-USD,15m,68.16000366210938,69.48999786376953,67.77999877929688,69.2300033569336,107667968,107667968,yfinance,2026-07-10T06:58:01.269533+00:00
2026-06-04 02:30:00+00:00,SOL-USD,15m,69.22000122070312,70.16999816894531,69.12000274658203,70.02999877929688,94601216,94601216,yfinance,2026-07-10T06:58:01.269533+00:00
2026-06-04 02:45:00+00:00,SOL-USD,15m,70.01000213623047,70.37999725341797,69.91999816894531,69.9800033569336,54789632,54789632,yfinance,2026-07-10T06:58:01.269533+00:00
2026-06-04 03:00:00+00:00,SOL-USD,15m,70.05000305175781,70.94000244140625,69.98999786376953,70.88999938964844,63818752,63818752,yfinance,2026-07-10T06:58:01.269533+00:00
2026-06-04 03:15:00+00:00,SOL-USD,15m,70.88999938964844,71.19000244140625,70.8499984741211,70.94000244140625,49199616,49199616,yfinance,2026-07-10T06:58:01.269533+00:00
2026-06-04 03:30:00+00:00,SOL-USD,15m,70.93000030517578,71.55000305175781,70.93000030517578,71.4800033569336,3779584,3779584,yfinance,2026-07-10T06:58:01.269533+00:00
2026-06-04 03:45:00+00:00,SOL-USD,15m,71.4800033569336,71.55000305175781,71.2300033569336,71.38999938964844,2939904,2939904,yfinance,2026-07-10T06:58:01.269533+00:00
2026-06-04 04:00:00+00:00,SOL-USD,15m,71.41000366210938,71.69000244140625,71.36000061035156,71.62999725341797,0,0,yfinance,2026-07-10T06:58:01.269533+00:00
2026-06-04 04:15:00+00:00,SOL-USD,15m,71.61000061035156,71.66000366210938,71.3499984741211,71.41000366210938,4594176,4594176,yfinance,2026-07-10T06:58:01.269533+00:00
2026-06-04 04:30:00+00:00,SOL-USD,15m,71.37999725341797,71.43000030517578,70.83000183105469,71.0,7321600,7321600,yfinance,2026-07-10T06:58:01.269533+00:00
2026-06-04 04:45:00+00:00,SOL-USD,15m,70.98999786376953,71.0199966430664,70.7300033569336,70.81999969482422,4271104,4271104,yfinance,2026-07-10T06:58:01.269533+00:00
2026-06-04 05:00:00+00:00,SOL-USD,15m,70.7699966430664,70.80999755859375,69.88999938964844,70.20999908447266,0,0,yfinance,2026-07-10T06:58:01.269533+00:00
2026-06-04 05:15:00+00:00,SOL-USD,15m,70.19999694824219,70.36000061035156,69.94000244140625,70.02999877929688,3714048,3714048,yfinance,2026-07-10T06:58:01.269533+00:00
2026-06-04 05:30:00+00:00,SOL-USD,15m,70.01000213623047,70.5999984741211,69.91999816894531,70.51000213623047,21870080,21870080,yfinance,2026-07-10T06:58:01.269533+00:00
2026-06-04 05:45:00+00:00,SOL-USD,15m,70.5,70.54000091552734,70.12000274658203,70.2699966430664,0,0,yfinance,2026-07-10T06:58:01.269533+00:00
2026-06-04 06:00:00+00:00,SOL-USD,15m,70.25,70.68000030517578,70.19000244140625,70.66999816894531,0,0,yfinance,2026-07-10T06:58:01.269533+00:00
2026-06-04 06:15:00+00:00,SOL-USD,15m,70.62999725341797,71.12999725341797,70.62999725341797,70.75,9309696,9309696,yfinance,2026-07-10T06:58:01.269533+00:00
2026-06-04 06:30:00+00:00,SOL-USD,15m,70.75,71.01000213623047,70.45999908447266,70.86000061035156,835072,835072,yfinance,2026-07-10T06:58:01.269533+00:00
2026-06-04 06:45:00+00:00,SOL-USD,15m,70.80000305175781,70.80000305175781,70.29000091552734,70.29000091552734,0,0,yfinance,2026-07-10T06:58:01.269533+00:00
2026-06-04 07:00:00+00:00,SOL-USD,15m,70.30999755859375,70.33000183105469,69.73999786376953,69.93000030517578,2619904,2619904,yfinance,2026-07-10T06:58:01.269533+00:00
2026-06-04 07:15:00+00:00,SOL-USD,15m,69.95999908447266,70.01000213623047,69.37999725341797,69.58000183105469,11112448,11112448,yfinance,2026-07-10T06:58:01.269533+00:00
2026-06-04 07:30:00+00:00,SOL-USD,15m,69.56999969482422,69.91000366210938,69.51000213623047,69.76000213623047,26256384,26256384,yfinance,2026-07-10T06:58:01.269533+00:00
2026-06-04 07:45:00+00:00,SOL-USD,15m,69.77999877929688,69.77999877929688,69.08000183105469,69.08999633789062,850944,850944,yfinance,2026-07-10T06:58:01.269533+00:00
2026-06-04 08:00:00+00:00,SOL-USD,15m,69.08000183105469,69.3499984741211,68.41999816894531,68.41999816894531,20396544,20396544,yfinance,2026-07-10T06:58:01.269533+00:00
2026-06-04 08:15:00+00:00,SOL-USD,15m,68.47000122070312,68.9800033569336,68.26000213623047,68.91000366210938,46785536,46785536,yfinance,2026-07-10T06:58:01.269533+00:00
2026-06-04 08:30:00+00:00,SOL-USD,15m,68.94000244140625,69.27999877929688,68.69999694824219,68.79000091552734,31806464,31806464,yfinance,2026-07-10T06:58:01.269533+00:00
2026-06-04 08:45:00+00:00,SOL-USD,15m,68.81999969482422,69.30000305175781,68.79000091552734,69.16000366210938,17082368,17082368,yfinance,2026-07-10T06:58:01.269533+00:00
2026-06-04 09:00:00+00:00,SOL-USD,15m,69.13999938964844,69.13999938964844,68.20999908447266,68.36000061035156,22745088,22745088,yfinance,2026-07-10T06:58:01.269533+00:00
2026-06-04 09:15:00+00:00,SOL-USD,15m,68.33000183105469,68.38999938964844,67.75,67.80000305175781,12124672,12124672,yfinance,2026-07-10T06:58:01.269533+00:00
2026-06-04 09:30:00+00:00,SOL-USD,15m,67.83999633789062,68.12000274658203,67.6500015258789,68.0,46202368,46202368,yfinance,2026-07-10T06:58:01.269533+00:00
2026-06-04 09:45:00+00:00,SOL-USD,15m,68.0199966430664,68.76000213623047,68.0199966430664,68.76000213623047,16409088,16409088,yfinance,2026-07-10T06:58:01.269533+00:00
2026-06-04 10:00:00+00:00,SOL-USD,15m,68.70999908447266,68.81999969482422,68.20999908447266,68.4000015258789,7434240,7434240,yfinance,2026-07-10T06:58:01.269533+00:00
2026-06-04 10:15:00+00:00,SOL-USD,15m,68.43000030517578,68.6500015258789,68.20999908447266,68.2699966430664,0,0,yfinance,2026-07-10T06:58:01.269533+00:00
2026-06-04 10:30:00+00:00,SOL-USD,15m,68.19999694824219,68.69999694824219,68.12999725341797,68.30999755859375,0,0,yfinance,2026-07-10T06:58:01.269533+00:00
2026-06-04 10:45:00+00:00,SOL-USD,15m,68.29000091552734,68.30999755859375,67.48999786376953,67.83999633789062,0,0,yfinance,2026-07-10T06:58:01.269533+00:00
2026-06-04 11:00:00+00:00,SOL-USD,15m,67.83000183105469,68.05000305175781,67.37999725341797,67.55000305175781,151025664,151025664,yfinance,2026-07-10T06:58:01.269533+00:00
2026-06-04 11:15:00+00:00,SOL-USD,15m,67.55000305175781,68.33000183105469,67.47000122070312,68.11000061035156,30187008,30187008,yfinance,2026-07-10T06:58:01.269533+00:00
2026-06-04 11:30:00+00:00,SOL-USD,15m,68.13999938964844,68.47000122070312,67.87999725341797,67.91999816894531,41435136,41435136,yfinance,2026-07-10T06:58:01.269533+00:00
2026-06-04 11:45:00+00:00,SOL-USD,15m,67.94999694824219,68.62000274658203,67.93000030517578,68.62000274658203,27300352,27300352,yfinance,2026-07-10T06:58:01.269533+00:00
2026-06-04 12:00:00+00:00,SOL-USD,15m,68.62999725341797,68.98999786376953,68.25,68.4000015258789,37297152,37297152,yfinance,2026-07-10T06:58:01.269533+00:00
2026-06-04 12:15:00+00:00,SOL-USD,15m,68.4000015258789,69.27999877929688,68.3499984741211,69.2699966430664,22231040,22231040,yfinance,2026-07-10T06:58:01.269533+00:00
2026-06-04 12:30:00+00:00,SOL-USD,15m,69.27999877929688,70.0999984741211,69.22000122070312,69.83999633789062,82910720,82910720,yfinance,2026-07-10T06:58:01.269533+00:00
2026-06-04 12:45:00+00:00,SOL-USD,15m,69.80999755859375,70.26000213623047,69.76000213623047,70.02999877929688,44628992,44628992,yfinance,2026-07-10T06:58:01.269533+00:00
2026-06-04 13:00:00+00:00,SOL-USD,15m,70.0199966430664,70.0999984741211,69.7300033569336,69.7300033569336,15435264,15435264,yfinance,2026-07-10T06:58:01.269533+00:00
2026-06-04 13:15:00+00:00,SOL-USD,15m,69.72000122070312,69.81999969482422,69.0,69.29000091552734,4356096,4356096,yfinance,2026-07-10T06:58:01.269533+00:00
2026-06-04 13:30:00+00:00,SOL-USD,15m,69.2300033569336,70.47000122070312,69.19999694824219,69.98999786376953,62043648,62043648,yfinance,2026-07-10T06:58:01.269533+00:00
2026-06-04 13:45:00+00:00,SOL-USD,15m,69.88999938964844,70.30000305175781,69.79000091552734,70.2699966430664,7651840,7651840,yfinance,2026-07-10T06:58:01.269533+00:00
2026-06-04 14:00:00+00:00,SOL-USD,15m,70.3499984741211,70.55999755859375,70.04000091552734,70.44999694824219,16198144,16198144,yfinance,2026-07-10T06:58:01.269533+00:00
2026-06-04 14:15:00+00:00,SOL-USD,15m,70.43000030517578,70.44999694824219,70.0,70.0999984741211,6975488,6975488,yfinance,2026-07-10T06:58:01.269533+00:00
2026-06-04 14:30:00+00:00,SOL-USD,15m,70.08999633789062,70.08999633789062,69.55000305175781,69.81999969482422,13570048,13570048,yfinance,2026-07-10T06:58:01.269533+00:00
2026-06-04 14:45:00+00:00,SOL-USD,15m,69.80999755859375,69.9000015258789,69.51000213623047,69.69999694824219,21500928,21500928,yfinance,2026-07-10T06:58:01.269533+00:00
2026-06-04 15:00:00+00:00,SOL-USD,15m,69.6500015258789,70.41999816894531,69.54000091552734,70.20999908447266,50264064,50264064,yfinance,2026-07-10T06:58:01.269533+00:00
2026-06-04 15:15:00+00:00,SOL-USD,15m,70.19000244140625,70.25,69.33999633789062,69.79000091552734,13703680,13703680,yfinance,2026-07-10T06:58:01.269533+00:00
2026-06-04 15:30:00+00:00,SOL-USD,15m,69.7699966430664,69.86000061035156,69.54000091552734,69.63999938964844,7984128,7984128,yfinance,2026-07-10T06:58:01.269533+00:00
2026-06-04 15:45:00+00:00,SOL-USD,15m,69.6500015258789,69.79000091552734,69.37000274658203,69.55999755859375,7412224,7412224,yfinance,2026-07-10T06:58:01.269533+00:00
2026-06-04 16:00:00+00:00,SOL-USD,15m,69.58000183105469,69.58999633789062,69.20999908447266,69.2300033569336,0,0,yfinance,2026-07-10T06:58:01.269533+00:00
2026-06-04 16:15:00+00:00,SOL-USD,15m,69.2300033569336,69.5,69.01000213623047,69.01000213623047,0,0,yfinance,2026-07-10T06:58:01.269533+00:00
2026-06-04 16:30:00+00:00,SOL-USD,15m,69.01000213623047,69.4800033569336,68.9000015258789,69.36000061035156,0,0,yfinance,2026-07-10T06:58:01.269533+00:00
2026-06-04 16:45:00+00:00,SOL-USD,15m,69.33999633789062,69.54000091552734,69.16000366210938,69.33000183105469,0,0,yfinance,2026-07-10T06:58:01.269533+00:00
2026-06-04 17:00:00+00:00,SOL-USD,15m,69.31999969482422,69.63999938964844,69.18000030517578,69.56999969482422,0,0,yfinance,2026-07-10T06:58:01.269533+00:00
2026-06-04 17:15:00+00:00,SOL-USD,15m,69.5199966430664,69.5199966430664,68.94999694824219,69.08000183105469,0,0,yfinance,2026-07-10T06:58:01.269533+00:00
2026-06-04 17:30:00+00:00,SOL-USD,15m,69.11000061035156,69.18000030517578,68.44999694824219,68.56999969482422,0,0,yfinance,2026-07-10T06:58:01.269533+00:00
2026-06-04 17:45:00+00:00,SOL-USD,15m,68.54000091552734,69.41999816894531,68.44000244140625,69.16000366210938,24968704,24968704,yfinance,2026-07-10T06:58:01.269533+00:00
2026-06-04 18:00:00+00:00,SOL-USD,15m,69.20999908447266,69.22000122070312,68.58999633789062,68.58999633789062,269312,269312,yfinance,2026-07-10T06:58:01.269533+00:00
2026-06-04 18:15:00+00:00,SOL-USD,15m,68.61000061035156,69.54000091552734,68.61000061035156,69.52999877929688,3751424,3751424,yfinance,2026-07-10T06:58:01.269533+00:00
2026-06-04 18:30:00+00:00,SOL-USD,15m,69.52999877929688,69.7699966430664,69.37000274658203,69.51000213623047,32176640,32176640,yfinance,2026-07-10T06:58:01.269533+00:00
2026-06-04 18:45:00+00:00,SOL-USD,15m,69.5199966430664,69.76000213623047,69.37000274658203,69.43000030517578,2814464,2814464,yfinance,2026-07-10T06:58:01.269533+00:00
2026-06-04 19:00:00+00:00,SOL-USD,15m,69.4000015258789,69.47000122070312,69.0199966430664,69.33000183105469,0,0,yfinance,2026-07-10T06:58:01.269533+00:00
2026-06-04 19:15:00+00:00,SOL-USD,15m,69.31999969482422,69.5999984741211,69.19000244140625,69.5,2070528,2070528,yfinance,2026-07-10T06:58:01.269533+00:00
2026-06-04 19:30:00+00:00,SOL-USD,15m,69.47000122070312,69.5199966430664,69.16000366210938,69.19000244140625,0,0,yfinance,2026-07-10T06:58:01.269533+00:00
2026-06-04 19:45:00+00:00,SOL-USD,15m,69.18000030517578,69.20999908447266,68.95999908447266,69.0199966430664,0,0,yfinance,2026-07-10T06:58:01.269533+00:00
2026-06-04 20:00:00+00:00,SOL-USD,15m,69.01000213623047,69.04000091552734,68.36000061035156,68.79000091552734,0,0,yfinance,2026-07-10T06:58:01.269533+00:00
2026-06-04 20:15:00+00:00,SOL-USD,15m,68.80000305175781,68.94999694824219,68.52999877929688,68.63999938964844,1943552,1943552,yfinance,2026-07-10T06:58:01.269533+00:00
2026-06-04 20:30:00+00:00,SOL-USD,15m,68.66999816894531,68.94000244140625,68.66999816894531,68.81999969482422,0,0,yfinance,2026-07-10T06:58:01.269533+00:00
2026-06-04 20:45:00+00:00,SOL-USD,15m,68.81999969482422,68.93000030517578,68.45999908447266,68.73999786376953,0,0,yfinance,2026-07-10T06:58:01.269533+00:00
2026-06-04 21:00:00+00:00,SOL-USD,15m,68.73999786376953,68.95999908447266,68.58000183105469,68.76000213623047,0,0,yfinance,2026-07-10T06:58:01.269533+00:00
2026-06-04 21:15:00+00:00,SOL-USD,15m,68.80999755859375,68.80999755859375,68.16000366210938,68.25,0,0,yfinance,2026-07-10T06:58:01.269533+00:00
2026-06-04 21:30:00+00:00,SOL-USD,15m,68.2699966430664,68.2699966430664,67.55000305175781,67.9800033569336,1069056,1069056,yfinance,2026-07-10T06:58:01.269533+00:00
2026-06-04 21:45:00+00:00,SOL-USD,15m,68.01000213623047,68.05999755859375,67.70999908447266,67.70999908447266,0,0,yfinance,2026-07-10T06:58:01.269533+00:00
2026-06-04 22:00:00+00:00,SOL-USD,15m,67.69999694824219,68.08000183105469,67.51000213623047,67.75,467968,467968,yfinance,2026-07-10T06:58:01.269533+00:00
2026-06-04 22:15:00+00:00,SOL-USD,15m,67.76000213623047,68.05000305175781,67.75,67.87000274658203,18293248,18293248,yfinance,2026-07-10T06:58:01.269533+00:00
2026-06-04 22:30:00+00:00,SOL-USD,15m,67.83999633789062,68.0,67.55999755859375,67.93000030517578,9196544,9196544,yfinance,2026-07-10T06:58:01.269533+00:00
2026-06-04 22:45:00+00:00,SOL-USD,15m,67.94000244140625,68.48999786376953,67.76000213623047,68.41000366210938,25949184,25949184,yfinance,2026-07-10T06:58:01.269533+00:00
2026-06-04 23:00:00+00:00,SOL-USD,15m,68.37000274658203,68.80000305175781,68.33000183105469,68.5,2559488,2559488,yfinance,2026-07-10T06:58:01.269533+00:00
2026-06-04 23:15:00+00:00,SOL-USD,15m,68.44000244140625,68.52999877929688,67.94000244140625,68.19999694824219,0,0,yfinance,2026-07-10T06:58:01.269533+00:00
2026-06-04 23:30:00+00:00,SOL-USD,15m,68.19999694824219,68.6500015258789,68.16999816894531,68.6500015258789,9754112,9754112,yfinance,2026-07-10T06:58:01.269533+00:00
2026-06-04 23:45:00+00:00,SOL-USD,15m,68.61000061035156,68.8499984741211,68.5199966430664,68.80999755859375,490496,490496,yfinance,2026-07-10T06:58:01.269533+00:00
2026-06-05 00:00:00+00:00,SOL-USD,15m,68.72000122070312,68.75,68.38999938964844,68.44000244140625,0,0,yfinance,2026-07-10T06:58:01.269533+00:00
2026-06-05 00:15:00+00:00,SOL-USD,15m,68.41999816894531,69.0,68.2699966430664,68.9800033569336,609792,609792,yfinance,2026-07-10T06:58:01.269533+00:00
2026-06-05 00:30:00+00:00,SOL-USD,15m,68.95999908447266,69.0,68.61000061035156,68.72000122070312,0,0,yfinance,2026-07-10T06:58:01.269533+00:00
2026-06-05 00:45:00+00:00,SOL-USD,15m,68.68000030517578,68.97000122070312,68.19999694824219,68.2300033569336,0,0,yfinance,2026-07-10T06:58:01.269533+00:00
2026-06-05 01:00:00+00:00,SOL-USD,15m,68.19999694824219,68.19999694824219,67.5,68.18000030517578,0,0,yfinance,2026-07-10T06:58:01.269533+00:00
2026-06-05 01:15:00+00:00,SOL-USD,15m,68.11000061035156,68.37999725341797,67.94000244140625,68.33999633789062,0,0,yfinance,2026-07-10T06:58:01.269533+00:00
2026-06-05 01:30:00+00:00,SOL-USD,15m,68.41999816894531,68.7300033569336,68.19999694824219,68.4800033569336,0,0,yfinance,2026-07-10T06:58:01.269533+00:00
2026-06-05 01:45:00+00:00,SOL-USD,15m,68.44999694824219,68.63999938964844,68.25,68.43000030517578,0,0,yfinance,2026-07-10T06:58:01.269533+00:00
2026-06-05 02:00:00+00:00,SOL-USD,15m,68.41999816894531,68.52999877929688,68.11000061035156,68.16000366210938,0,0,yfinance,2026-07-10T06:58:01.269533+00:00
2026-06-05 02:15:00+00:00,SOL-USD,15m,68.22000122070312,68.26000213623047,67.6500015258789,67.6500015258789,0,0,yfinance,2026-07-10T06:58:01.269533+00:00
2026-06-05 02:30:00+00:00,SOL-USD,15m,67.68000030517578,67.9800033569336,67.38999938964844,67.68000030517578,0,0,yfinance,2026-07-10T06:58:01.269533+00:00
2026-06-05 02:45:00+00:00,SOL-USD,15m,67.66999816894531,67.9000015258789,67.12000274658203,67.2300033569336,0,0,yfinance,2026-07-10T06:58:01.269533+00:00
2026-06-05 03:00:00+00:00,SOL-USD,15m,67.31999969482422,67.31999969482422,66.9800033569336,67.02999877929688,0,0,yfinance,2026-07-10T06:58:01.269533+00:00
2026-06-05 03:15:00+00:00,SOL-USD,15m,67.04000091552734,67.77999877929688,67.04000091552734,67.23999786376953,3762688,3762688,yfinance,2026-07-10T06:58:01.269533+00:00
2026-06-05 03:30:00+00:00,SOL-USD,15m,67.23999786376953,67.58000183105469,66.9000015258789,66.95999908447266,0,0,yfinance,2026-07-10T06:58:01.269533+00:00
2026-06-05 03:45:00+00:00,SOL-USD,15m,66.94000244140625,67.16000366210938,66.91999816894531,67.0,11208192,11208192,yfinance,2026-07-10T06:58:01.269533+00:00
2026-06-05 04:00:00+00:00,SOL-USD,15m,67.05000305175781,67.66999816894531,66.45999908447266,67.31999969482422,52443136,52443136,yfinance,2026-07-10T06:58:01.269533+00:00
2026-06-05 04:15:00+00:00,SOL-USD,15m,67.33999633789062,67.81999969482422,66.93000030517578,67.81999969482422,17106944,17106944,yfinance,2026-07-10T06:58:01.269533+00:00
2026-06-05 04:30:00+00:00,SOL-USD,15m,67.7699966430664,67.7699966430664,67.0999984741211,67.16000366210938,31293440,31293440,yfinance,2026-07-10T06:58:01.269533+00:00
2026-06-05 04:45:00+00:00,SOL-USD,15m,67.19000244140625,67.94000244140625,66.86000061035156,67.8499984741211,5637632,5637632,yfinance,2026-07-10T06:58:01.269533+00:00
2026-06-05 05:00:00+00:00,SOL-USD,15m,67.87999725341797,68.0,67.48999786376953,67.63999938964844,17468928,17468928,yfinance,2026-07-10T06:58:01.269533+00:00
2026-06-05 05:15:00+00:00,SOL-USD,15m,67.66000366210938,67.8499984741211,67.43000030517578,67.7300033569336,0,0,yfinance,2026-07-10T06:58:01.269533+00:00
2026-06-05 05:30:00+00:00,SOL-USD,15m,67.72000122070312,67.87000274658203,66.62000274658203,66.66999816894531,7199744,7199744,yfinance,2026-07-10T06:58:01.269533+00:00
2026-06-05 05:45:00+00:00,SOL-USD,15m,66.62999725341797,66.75,66.0199966430664,66.12999725341797,43158016,43158016,yfinance,2026-07-10T06:58:01.269533+00:00
2026-06-05 06:00:00+00:00,SOL-USD,15m,66.08000183105469,66.4800033569336,65.58999633789062,65.58999633789062,107587584,107587584,yfinance,2026-07-10T06:58:01.269533+00:00
2026-06-05 06:15:00+00:00,SOL-USD,15m,65.61000061035156,65.83000183105469,63.86000061035156,64.55000305175781,171651072,171651072,yfinance,2026-07-10T06:58:01.269533+00:00
2026-06-05 06:30:00+00:00,SOL-USD,15m,64.55999755859375,65.44000244140625,64.44000244140625,65.37999725341797,107200000,107200000,yfinance,2026-07-10T06:58:01.269533+00:00
2026-06-05 06:45:00+00:00,SOL-USD,15m,65.38999938964844,65.4000015258789,64.69999694824219,64.97000122070312,78119424,78119424,yfinance,2026-07-10T06:58:01.269533+00:00
2026-06-05 07:00:00+00:00,SOL-USD,15m,64.95999908447266,65.08000183105469,63.88999938964844,64.13999938964844,21463040,21463040,yfinance,2026-07-10T06:58:01.269533+00:00
2026-06-05 07:15:00+00:00,SOL-USD,15m,64.11000061035156,65.44999694824219,64.11000061035156,65.41999816894531,69640704,69640704,yfinance,2026-07-10T06:58:01.269533+00:00
2026-06-05 07:30:00+00:00,SOL-USD,15m,65.36000061035156,66.12000274658203,65.2699966430664,66.0999984741211,88761856,88761856,yfinance,2026-07-10T06:58:01.269533+00:00
2026-06-05 07:45:00+00:00,SOL-USD,15m,66.06999969482422,66.23999786376953,65.83000183105469,66.11000061035156,44662272,44662272,yfinance,2026-07-10T06:58:01.269533+00:00
2026-06-05 08:00:00+00:00,SOL-USD,15m,66.12999725341797,66.12999725341797,65.47000122070312,65.5999984741211,0,0,yfinance,2026-07-10T06:58:01.269533+00:00
2026-06-05 08:15:00+00:00,SOL-USD,15m,65.61000061035156,65.91999816894531,65.37999725341797,65.8499984741211,0,0,yfinance,2026-07-10T06:58:01.269533+00:00
2026-06-05 08:30:00+00:00,SOL-USD,15m,65.91999816894531,66.01000213623047,65.30000305175781,65.31999969482422,1203200,1203200,yfinance,2026-07-10T06:58:01.269533+00:00
2026-06-05 08:45:00+00:00,SOL-USD,15m,65.27999877929688,65.5,65.04000091552734,65.25,419328,419328,yfinance,2026-07-10T06:58:01.269533+00:00
2026-06-05 09:00:00+00:00,SOL-USD,15m,65.2699966430664,66.20999908447266,65.2699966430664,66.20999908447266,11606528,11606528,yfinance,2026-07-10T06:58:01.269533+00:00
2026-06-05 09:15:00+00:00,SOL-USD,15m,66.43000030517578,66.43000030517578,65.97000122070312,66.36000061035156,7908352,7908352,yfinance,2026-07-10T06:58:01.269533+00:00
2026-06-05 09:30:00+00:00,SOL-USD,15m,66.37000274658203,66.37999725341797,66.02999877929688,66.08000183105469,0,0,yfinance,2026-07-10T06:58:01.269533+00:00
2026-06-05 09:45:00+00:00,SOL-USD,15m,66.11000061035156,66.5199966430664,66.08000183105469,66.51000213623047,3229184,3229184,yfinance,2026-07-10T06:58:01.269533+00:00
2026-06-05 10:00:00+00:00,SOL-USD,15m,66.52999877929688,66.66999816894531,66.36000061035156,66.54000091552734,1238016,1238016,yfinance,2026-07-10T06:58:01.269533+00:00
2026-06-05 10:15:00+00:00,SOL-USD,15m,66.5199966430664,66.52999877929688,66.16000366210938,66.44999694824219,0,0,yfinance,2026-07-10T06:58:01.269533+00:00
2026-06-05 10:30:00+00:00,SOL-USD,15m,66.45999908447266,66.66999816894531,66.16000366210938,66.54000091552734,0,0,yfinance,2026-07-10T06:58:01.269533+00:00
2026-06-05 10:45:00+00:00,SOL-USD,15m,66.4800033569336,66.4800033569336,66.08999633789062,66.36000061035156,0,0,yfinance,2026-07-10T06:58:01.269533+00:00
2026-06-05 11:00:00+00:00,SOL-USD,15m,66.37000274658203,66.37000274658203,65.79000091552734,65.94000244140625,0,0,yfinance,2026-07-10T06:58:01.269533+00:00
2026-06-05 11:15:00+00:00,SOL-USD,15m,65.87000274658203,66.72000122070312,65.87000274658203,66.54000091552734,23080960,23080960,yfinance,2026-07-10T06:58:01.269533+00:00
2026-06-05 11:30:00+00:00,SOL-USD,15m,66.5,66.56999969482422,66.01000213623047,66.0199966430664,4017664,4017664,yfinance,2026-07-10T06:58:01.269533+00:00
2026-06-05 11:45:00+00:00,SOL-USD,15m,65.98999786376953,66.2699966430664,65.93000030517578,66.0199966430664,420864,420864,yfinance,2026-07-10T06:58:01.269533+00:00
2026-06-05 12:00:00+00:00,SOL-USD,15m,66.05000305175781,66.18000030517578,65.37999725341797,65.8499984741211,4667904,4667904,yfinance,2026-07-10T06:58:01.269533+00:00
2026-06-05 12:15:00+00:00,SOL-USD,15m,65.83999633789062,66.30000305175781,65.76000213623047,65.83999633789062,1915904,1915904,yfinance,2026-07-10T06:58:01.269533+00:00
2026-06-05 12:30:00+00:00,SOL-USD,15m,66.12999725341797,66.12999725341797,65.19000244140625,65.62999725341797,2913280,2913280,yfinance,2026-07-10T06:58:01.269533+00:00
2026-06-05 12:45:00+00:00,SOL-USD,15m,65.66999816894531,65.80000305175781,65.33999633789062,65.7699966430664,0,0,yfinance,2026-07-10T06:58:01.269533+00:00
2026-06-05 13:00:00+00:00,SOL-USD,15m,65.7699966430664,66.33999633789062,65.7699966430664,66.23999786376953,31520768,31520768,yfinance,2026-07-10T06:58:01.269533+00:00
2026-06-05 13:15:00+00:00,SOL-USD,15m,66.20999908447266,66.66000366210938,66.08000183105469,66.45999908447266,23562240,23562240,yfinance,2026-07-10T06:58:01.269533+00:00
2026-06-05 13:30:00+00:00,SOL-USD,15m,66.33000183105469,66.75,65.69999694824219,65.83999633789062,9418752,9418752,yfinance,2026-07-10T06:58:01.269533+00:00
2026-06-05 13:45:00+00:00,SOL-USD,15m,65.86000061035156,65.87999725341797,64.29000091552734,64.29000091552734,18735616,18735616,yfinance,2026-07-10T06:58:01.269533+00:00
2026-06-05 14:00:00+00:00,SOL-USD,15m,64.2699966430664,65.27999877929688,64.02999877929688,64.91000366210938,74921984,74921984,yfinance,2026-07-10T06:58:01.269533+00:00
2026-06-05 14:15:00+00:00,SOL-USD,15m,64.91999816894531,65.31999969482422,64.55999755859375,64.83999633789062,44450304,44450304,yfinance,2026-07-10T06:58:01.269533+00:00
2026-06-05 14:30:00+00:00,SOL-USD,15m,64.95999908447266,65.69000244140625,64.6500015258789,65.38999938964844,60467712,60467712,yfinance,2026-07-10T06:58:01.269533+00:00
2026-06-05 14:45:00+00:00,SOL-USD,15m,65.44000244140625,65.7699966430664,64.86000061035156,65.20999908447266,19415040,19415040,yfinance,2026-07-10T06:58:01.269533+00:00
2026-06-05 15:00:00+00:00,SOL-USD,15m,65.12000274658203,65.30000305175781,64.2699966430664,64.37999725341797,9646592,9646592,yfinance,2026-07-10T06:58:01.269533+00:00
2026-06-05 15:15:00+00:00,SOL-USD,15m,64.3499984741211,64.94999694824219,64.1500015258789,64.55000305175781,35783168,35783168,yfinance,2026-07-10T06:58:01.269533+00:00
2026-06-05 15:30:00+00:00,SOL-USD,15m,64.44999694824219,64.69999694824219,63.959999084472656,64.29000091552734,36912128,36912128,yfinance,2026-07-10T06:58:01.269533+00:00
2026-06-05 15:45:00+00:00,SOL-USD,15m,64.31999969482422,64.43000030517578,63.7599983215332,64.25,65184256,65184256,yfinance,2026-07-10T06:58:01.269533+00:00
2026-06-05 16:00:00+00:00,SOL-USD,15m,64.19000244140625,64.66000366210938,63.16999816894531,64.48999786376953,35470336,35470336,yfinance,2026-07-10T06:58:01.269533+00:00
2026-06-05 16:15:00+00:00,SOL-USD,15m,64.4800033569336,65.47000122070312,64.3499984741211,64.91999816894531,234974208,234974208,yfinance,2026-07-10T06:58:01.269533+00:00
2026-06-05 16:30:00+00:00,SOL-USD,15m,64.87999725341797,65.12000274658203,64.41000366210938,64.56999969482422,34097664,34097664,yfinance,2026-07-10T06:58:01.269533+00:00
2026-06-05 16:45:00+00:00,SOL-USD,15m,64.5999984741211,65.91999816894531,64.5999984741211,65.80999755859375,97051136,97051136,yfinance,2026-07-10T06:58:01.269533+00:00
2026-06-05 17:00:00+00:00,SOL-USD,15m,65.83000183105469,66.0,65.26000213623047,65.41000366210938,40161792,40161792,yfinance,2026-07-10T06:58:01.269533+00:00
2026-06-05 17:15:00+00:00,SOL-USD,15m,65.36000061035156,65.41999816894531,64.7699966430664,64.8499984741211,14550016,14550016,yfinance,2026-07-10T06:58:01.269533+00:00
2026-06-05 17:30:00+00:00,SOL-USD,15m,64.83000183105469,65.5199966430664,64.76000213623047,64.98999786376953,29142528,29142528,yfinance,2026-07-10T06:58:01.269533+00:00
2026-06-05 17:45:00+00:00,SOL-USD,15m,65.0,65.11000061035156,64.8499984741211,65.05999755859375,6112768,6112768,yfinance,2026-07-10T06:58:01.269533+00:00
2026-06-05 18:00:00+00:00,SOL-USD,15m,65.05000305175781,65.33000183105469,64.87000274658203,64.91999816894531,12462592,12462592,yfinance,2026-07-10T06:58:01.269533+00:00
2026-06-05 18:15:00+00:00,SOL-USD,15m,64.88999938964844,64.91999816894531,63.939998626708984,63.95000076293945,14157312,14157312,yfinance,2026-07-10T06:58:01.269533+00:00
2026-06-05 18:30:00+00:00,SOL-USD,15m,63.97999954223633,64.2300033569336,63.439998626708984,63.790000915527344,21105152,21105152,yfinance,2026-07-10T06:58:01.269533+00:00
2026-06-05 18:45:00+00:00,SOL-USD,15m,63.7599983215332,63.7599983215332,62.59000015258789,62.880001068115234,73888256,73888256,yfinance,2026-07-10T06:58:01.269533+00:00
2026-06-05 19:00:00+00:00,SOL-USD,15m,62.84000015258789,62.95000076293945,61.77000045776367,61.90999984741211,52615168,52615168,yfinance,2026-07-10T06:58:01.269533+00:00
2026-06-05 19:15:00+00:00,SOL-USD,15m,61.86000061035156,62.779998779296875,61.459999084472656,62.779998779296875,105489920,105489920,yfinance,2026-07-10T06:58:01.269533+00:00
2026-06-05 19:30:00+00:00,SOL-USD,15m,62.720001220703125,62.77000045776367,61.970001220703125,62.40999984741211,29735936,29735936,yfinance,2026-07-10T06:58:01.269533+00:00
2026-06-05 19:45:00+00:00,SOL-USD,15m,62.41999816894531,63.77000045776367,62.41999816894531,63.43000030517578,119991296,119991296,yfinance,2026-07-10T06:58:01.269533+00:00
2026-06-05 20:00:00+00:00,SOL-USD,15m,63.43000030517578,64.08000183105469,62.68000030517578,63.9900016784668,60489728,60489728,yfinance,2026-07-10T06:58:01.269533+00:00
2026-06-05 20:15:00+00:00,SOL-USD,15m,64.01000213623047,64.33999633789062,63.84000015258789,64.18000030517578,72608768,72608768,yfinance,2026-07-10T06:58:01.269533+00:00
2026-06-05 20:30:00+00:00,SOL-USD,15m,64.16999816894531,64.47000122070312,64.0,64.43000030517578,38407168,38407168,yfinance,2026-07-10T06:58:01.269533+00:00
2026-06-05 20:45:00+00:00,SOL-USD,15m,64.43000030517578,64.7699966430664,64.2300033569336,64.6500015258789,34460672,34460672,yfinance,2026-07-10T06:58:01.269533+00:00
2026-06-05 21:00:00+00:00,SOL-USD,15m,64.62999725341797,64.95999908447266,64.51000213623047,64.87000274658203,29914624,29914624,yfinance,2026-07-10T06:58:01.269533+00:00
2026-06-05 21:15:00+00:00,SOL-USD,15m,64.87999725341797,65.04000091552734,64.79000091552734,64.9000015258789,35396096,35396096,yfinance,2026-07-10T06:58:01.269533+00:00
2026-06-05 21:30:00+00:00,SOL-USD,15m,64.87999725341797,65.37999725341797,64.69999694824219,65.30999755859375,10246656,10246656,yfinance,2026-07-10T06:58:01.269533+00:00
2026-06-05 21:45:00+00:00,SOL-USD,15m,65.2699966430664,65.36000061035156,64.83999633789062,64.9000015258789,8597504,8597504,yfinance,2026-07-10T06:58:01.269533+00:00
2026-06-05 22:00:00+00:00,SOL-USD,15m,64.86000061035156,64.86000061035156,63.790000915527344,64.30000305175781,8309760,8309760,yfinance,2026-07-10T06:58:01.269533+00:00
2026-06-05 22:15:00+00:00,SOL-USD,15m,64.19999694824219,64.66999816894531,64.08999633789062,64.12000274658203,20438016,20438016,yfinance,2026-07-10T06:58:01.269533+00:00
2026-06-05 22:30:00+00:00,SOL-USD,15m,64.18000030517578,64.62000274658203,63.9900016784668,64.55000305175781,11237888,11237888,yfinance,2026-07-10T06:58:01.269533+00:00
2026-06-05 22:45:00+00:00,SOL-USD,15m,64.54000091552734,64.58000183105469,64.27999877929688,64.37000274658203,767488,767488,yfinance,2026-07-10T06:58:01.269533+00:00
2026-06-05 23:00:00+00:00,SOL-USD,15m,64.41999816894531,64.76000213623047,64.05000305175781,64.05999755859375,6134784,6134784,yfinance,2026-07-10T06:58:01.269533+00:00
2026-06-05 23:15:00+00:00,SOL-USD,15m,64.06999969482422,64.06999969482422,63.400001525878906,63.54999923706055,869376,869376,yfinance,2026-07-10T06:58:01.269533+00:00
2026-06-05 23:30:00+00:00,SOL-USD,15m,63.560001373291016,63.560001373291016,62.63999938964844,63.2400016784668,20605440,20605440,yfinance,2026-07-10T06:58:01.269533+00:00
2026-06-05 23:45:00+00:00,SOL-USD,15m,63.220001220703125,63.61000061035156,63.0,63.61000061035156,16864768,16864768,yfinance,2026-07-10T06:58:01.269533+00:00
2026-06-06 00:00:00+00:00,SOL-USD,15m,63.61000061035156,64.5,63.61000061035156,64.5,40734208,40734208,yfinance,2026-07-10T06:58:01.269533+00:00
2026-06-06 00:15:00+00:00,SOL-USD,15m,64.5,64.6500015258789,64.18000030517578,64.43000030517578,11759616,11759616,yfinance,2026-07-10T06:58:01.269533+00:00
2026-06-06 00:30:00+00:00,SOL-USD,15m,64.41999816894531,64.66999816894531,64.37999725341797,64.55999755859375,4548608,4548608,yfinance,2026-07-10T06:58:01.269533+00:00
2026-06-06 00:45:00+00:00,SOL-USD,15m,64.55999755859375,64.79000091552734,64.5199966430664,64.6500015258789,4787200,4787200,yfinance,2026-07-10T06:58:01.269533+00:00
2026-06-06 01:00:00+00:00,SOL-USD,15m,64.68000030517578,64.83000183105469,64.30000305175781,64.3499984741211,0,0,yfinance,2026-07-10T06:58:01.269533+00:00
2026-06-06 01:15:00+00:00,SOL-USD,15m,64.37000274658203,64.43000030517578,63.81999969482422,64.41000366210938,2387456,2387456,yfinance,2026-07-10T06:58:01.269533+00:00
2026-06-06 01:30:00+00:00,SOL-USD,15m,64.37000274658203,64.5,63.91999816894531,64.02999877929688,1752576,1752576,yfinance,2026-07-10T06:58:01.269533+00:00
2026-06-06 01:45:00+00:00,SOL-USD,15m,64.01000213623047,64.18000030517578,63.790000915527344,63.88999938964844,0,0,yfinance,2026-07-10T06:58:01.269533+00:00
2026-06-06 02:00:00+00:00,SOL-USD,15m,63.81999969482422,63.84000015258789,63.5099983215332,63.560001373291016,0,0,yfinance,2026-07-10T06:58:01.269533+00:00
2026-06-06 02:15:00+00:00,SOL-USD,15m,63.540000915527344,63.709999084472656,63.25,63.5,2849792,2849792,yfinance,2026-07-10T06:58:01.269533+00:00
2026-06-06 02:30:00+00:00,SOL-USD,15m,63.529998779296875,63.83000183105469,63.41999816894531,63.61000061035156,0,0,yfinance,2026-07-10T06:58:01.269533+00:00
2026-06-06 02:45:00+00:00,SOL-USD,15m,63.58000183105469,63.90999984741211,63.47999954223633,63.5099983215332,0,0,yfinance,2026-07-10T06:58:01.269533+00:00
2026-06-06 03:00:00+00:00,SOL-USD,15m,63.5099983215332,63.5099983215332,63.06999969482422,63.22999954223633,0,0,yfinance,2026-07-10T06:58:01.269533+00:00
2026-06-06 03:15:00+00:00,SOL-USD,15m,63.290000915527344,63.369998931884766,62.900001525878906,63.040000915527344,0,0,yfinance,2026-07-10T06:58:01.269533+00:00
2026-06-06 03:30:00+00:00,SOL-USD,15m,63.02000045776367,63.06999969482422,62.59000015258789,62.849998474121094,0,0,yfinance,2026-07-10T06:58:01.269533+00:00
2026-06-06 03:45:00+00:00,SOL-USD,15m,62.83000183105469,63.029998779296875,62.63999938964844,62.810001373291016,0,0,yfinance,2026-07-10T06:58:01.269533+00:00
2026-06-06 04:00:00+00:00,SOL-USD,15m,62.81999969482422,63.09000015258789,61.56999969482422,61.63999938964844,0,0,yfinance,2026-07-10T06:58:01.269533+00:00
2026-06-06 04:15:00+00:00,SOL-USD,15m,61.650001525878906,61.970001220703125,61.08000183105469,61.20000076293945,11351040,11351040,yfinance,2026-07-10T06:58:01.269533+00:00
2026-06-06 04:30:00+00:00,SOL-USD,15m,61.220001220703125,61.2400016784668,60.36000061035156,60.599998474121094,34167296,34167296,yfinance,2026-07-10T06:58:01.269533+00:00
2026-06-06 04:45:00+00:00,SOL-USD,15m,60.56999969482422,61.290000915527344,60.369998931884766,60.849998474121094,34835456,34835456,yfinance,2026-07-10T06:58:01.269533+00:00
2026-06-06 05:00:00+00:00,SOL-USD,15m,60.790000915527344,61.209999084472656,60.130001068115234,60.63999938964844,16114688,16114688,yfinance,2026-07-10T06:58:01.269533+00:00
2026-06-06 05:15:00+00:00,SOL-USD,15m,60.619998931884766,62.5099983215332,60.619998931884766,62.08000183105469,102561280,102561280,yfinance,2026-07-10T06:58:01.269533+00:00
2026-06-06 05:30:00+00:00,SOL-USD,15m,62.08000183105469,62.45000076293945,61.880001068115234,62.290000915527344,7610368,7610368,yfinance,2026-07-10T06:58:01.269533+00:00
2026-06-06 05:45:00+00:00,SOL-USD,15m,62.29999923706055,62.66999816894531,62.189998626708984,62.58000183105469,0,0,yfinance,2026-07-10T06:58:01.269533+00:00
2026-06-06 06:00:00+00:00,SOL-USD,15m,62.54999923706055,62.97999954223633,62.54999923706055,62.97999954223633,0,0,yfinance,2026-07-10T06:58:01.269533+00:00
2026-06-06 06:15:00+00:00,SOL-USD,15m,62.95000076293945,63.29999923706055,62.77000045776367,63.0,0,0,yfinance,2026-07-10T06:58:01.269533+00:00
2026-06-06 06:30:00+00:00,SOL-USD,15m,63.0,63.27000045776367,62.63999938964844,62.63999938964844,0,0,yfinance,2026-07-10T06:58:01.269533+00:00
2026-06-06 06:45:00+00:00,SOL-USD,15m,62.599998474121094,62.63999938964844,62.04999923706055,62.189998626708984,0,0,yfinance,2026-07-10T06:58:01.269533+00:00
2026-06-06 07:00:00+00:00,SOL-USD,15m,62.20000076293945,62.90999984741211,62.040000915527344,62.900001525878906,0,0,yfinance,2026-07-10T06:58:01.269533+00:00
2026-06-06 07:15:00+00:00,SOL-USD,15m,62.91999816894531,63.09000015258789,62.540000915527344,62.599998474121094,0,0,yfinance,2026-07-10T06:58:01.269533+00:00
2026-06-06 07:30:00+00:00,SOL-USD,15m,62.61000061035156,62.9900016784668,62.58000183105469,62.93000030517578,0,0,yfinance,2026-07-10T06:58:01.269533+00:00
2026-06-06 07:45:00+00:00,SOL-USD,15m,62.9900016784668,63.09000015258789,62.689998626708984,62.7599983215332,0,0,yfinance,2026-07-10T06:58:01.269533+00:00
2026-06-06 08:00:00+00:00,SOL-USD,15m,62.7599983215332,62.9900016784668,62.5099983215332,62.939998626708984,0,0,yfinance,2026-07-10T06:58:01.269533+00:00
2026-06-06 08:15:00+00:00,SOL-USD,15m,62.939998626708984,63.40999984741211,62.7400016784668,63.36000061035156,0,0,yfinance,2026-07-10T06:58:01.269533+00:00
2026-06-06 08:30:00+00:00,SOL-USD,15m,63.31999969482422,63.540000915527344,63.20000076293945,63.27000045776367,18007040,18007040,yfinance,2026-07-10T06:58:01.269533+00:00
2026-06-06 08:45:00+00:00,SOL-USD,15m,63.22999954223633,63.380001068115234,63.09000015258789,63.130001068115234,0,0,yfinance,2026-07-10T06:58:01.269533+00:00
2026-06-06 09:00:00+00:00,SOL-USD,15m,63.11000061035156,63.31999969482422,63.02000045776367,63.16999816894531,0,0,yfinance,2026-07-10T06:58:01.269533+00:00
2026-06-06 09:15:00+00:00,SOL-USD,15m,63.13999938964844,63.5099983215332,63.040000915527344,63.5,0,0,yfinance,2026-07-10T06:58:01.269533+00:00
2026-06-06 09:30:00+00:00,SOL-USD,15m,63.4900016784668,63.52000045776367,63.119998931884766,63.20000076293945,226304,226304,yfinance,2026-07-10T06:58:01.269533+00:00
2026-06-06 09:45:00+00:00,SOL-USD,15m,63.18000030517578,63.20000076293945,62.459999084472656,62.66999816894531,0,0,yfinance,2026-07-10T06:58:01.269533+00:00
2026-06-06 10:00:00+00:00,SOL-USD,15m,62.66999816894531,62.66999816894531,61.900001525878906,61.93000030517578,1616384,1616384,yfinance,2026-07-10T06:58:01.269533+00:00
2026-06-06 10:15:00+00:00,SOL-USD,15m,61.959999084472656,62.08000183105469,61.70000076293945,61.83000183105469,11450880,11450880,yfinance,2026-07-10T06:58:01.269533+00:00
2026-06-06 10:30:00+00:00,SOL-USD,15m,61.79999923706055,61.83000183105469,61.189998626708984,61.5099983215332,22081024,22081024,yfinance,2026-07-10T06:58:01.269533+00:00
2026-06-06 10:45:00+00:00,SOL-USD,15m,61.45000076293945,61.880001068115234,61.29999923706055,61.84000015258789,15427584,15427584,yfinance,2026-07-10T06:58:01.269533+00:00
2026-06-06 11:00:00+00:00,SOL-USD,15m,61.779998779296875,62.16999816894531,61.75,62.0099983215332,3893248,3893248,yfinance,2026-07-10T06:58:01.269533+00:00
2026-06-06 11:15:00+00:00,SOL-USD,15m,61.97999954223633,62.310001373291016,61.810001373291016,62.2599983215332,0,0,yfinance,2026-07-10T06:58:01.269533+00:00
2026-06-06 11:30:00+00:00,SOL-USD,15m,62.22999954223633,62.459999084472656,62.150001525878906,62.36000061035156,1944576,1944576,yfinance,2026-07-10T06:58:01.269533+00:00
2026-06-06 11:45:00+00:00,SOL-USD,15m,62.349998474121094,62.630001068115234,62.33000183105469,62.40999984741211,4365312,4365312,yfinance,2026-07-10T06:58:01.269533+00:00
2026-06-06 12:00:00+00:00,SOL-USD,15m,62.40999984741211,62.72999954223633,62.40999984741211,62.619998931884766,4642816,4642816,yfinance,2026-07-10T06:58:01.269533+00:00
2026-06-06 12:15:00+00:00,SOL-USD,15m,62.61000061035156,62.66999816894531,62.189998626708984,62.20000076293945,0,0,yfinance,2026-07-10T06:58:01.269533+00:00
2026-06-06 12:30:00+00:00,SOL-USD,15m,62.18000030517578,62.58000183105469,62.0,62.54999923706055,0,0,yfinance,2026-07-10T06:58:01.269533+00:00
2026-06-06 12:45:00+00:00,SOL-USD,15m,62.529998779296875,63.04999923706055,62.40999984741211,62.880001068115234,36612096,36612096,yfinance,2026-07-10T06:58:01.269533+00:00
2026-06-06 13:00:00+00:00,SOL-USD,15m,62.83000183105469,63.040000915527344,62.72999954223633,62.72999954223633,0,0,yfinance,2026-07-10T06:58:01.269533+00:00
2026-06-06 13:15:00+00:00,SOL-USD,15m,62.72999954223633,62.880001068115234,62.52000045776367,62.52000045776367,0,0,yfinance,2026-07-10T06:58:01.269533+00:00
2026-06-06 13:30:00+00:00,SOL-USD,15m,62.47999954223633,62.52000045776367,62.130001068115234,62.5099983215332,0,0,yfinance,2026-07-10T06:58:01.269533+00:00
2026-06-06 13:45:00+00:00,SOL-USD,15m,62.52000045776367,62.720001220703125,62.27000045776367,62.369998931884766,0,0,yfinance,2026-07-10T06:58:01.269533+00:00
2026-06-06 14:00:00+00:00,SOL-USD,15m,62.400001525878906,62.84000015258789,62.31999969482422,62.75,0,0,yfinance,2026-07-10T06:58:01.269533+00:00
2026-06-06 14:15:00+00:00,SOL-USD,15m,62.7599983215332,62.880001068115234,62.459999084472656,62.619998931884766,0,0,yfinance,2026-07-10T06:58:01.269533+00:00
2026-06-06 14:30:00+00:00,SOL-USD,15m,62.599998474121094,62.869998931884766,62.5,62.790000915527344,0,0,yfinance,2026-07-10T06:58:01.269533+00:00
2026-06-06 14:45:00+00:00,SOL-USD,15m,62.790000915527344,62.849998474121094,62.290000915527344,62.290000915527344,0,0,yfinance,2026-07-10T06:58:01.269533+00:00
2026-06-06 15:00:00+00:00,SOL-USD,15m,62.310001373291016,62.45000076293945,61.599998474121094,61.650001525878906,6496768,6496768,yfinance,2026-07-10T06:58:01.269533+00:00
2026-06-06 15:15:00+00:00,SOL-USD,15m,61.619998931884766,61.75,61.310001373291016,61.61000061035156,0,0,yfinance,2026-07-10T06:58:01.269533+00:00
2026-06-06 15:30:00+00:00,SOL-USD,15m,61.599998474121094,62.22999954223633,61.5,62.130001068115234,0,0,yfinance,2026-07-10T06:58:01.269533+00:00
2026-06-06 15:45:00+00:00,SOL-USD,15m,62.150001525878906,62.29999923706055,61.90999984741211,62.02000045776367,0,0,yfinance,2026-07-10T06:58:01.269533+00:00
2026-06-06 16:00:00+00:00,SOL-USD,15m,61.97999954223633,62.36000061035156,61.849998474121094,61.95000076293945,0,0,yfinance,2026-07-10T06:58:01.269533+00:00
2026-06-06 16:15:00+00:00,SOL-USD,15m,61.91999816894531,62.0,61.52000045776367,61.540000915527344,0,0,yfinance,2026-07-10T06:58:01.269533+00:00
2026-06-06 16:30:00+00:00,SOL-USD,15m,61.529998779296875,61.810001373291016,61.380001068115234,61.810001373291016,0,0,yfinance,2026-07-10T06:58:01.269533+00:00
2026-06-06 16:45:00+00:00,SOL-USD,15m,61.810001373291016,62.18000030517578,61.79999923706055,62.09000015258789,0,0,yfinance,2026-07-10T06:58:01.269533+00:00
2026-06-06 17:00:00+00:00,SOL-USD,15m,62.09000015258789,62.18000030517578,61.689998626708984,61.900001525878906,0,0,yfinance,2026-07-10T06:58:01.269533+00:00
2026-06-06 17:15:00+00:00,SOL-USD,15m,61.88999938964844,61.97999954223633,61.59000015258789,61.79999923706055,0,0,yfinance,2026-07-10T06:58:01.269533+00:00
2026-06-06 17:30:00+00:00,SOL-USD,15m,61.790000915527344,62.209999084472656,61.66999816894531,61.900001525878906,1227008,1227008,yfinance,2026-07-10T06:58:01.269533+00:00
2026-06-06 17:45:00+00:00,SOL-USD,15m,61.900001525878906,61.959999084472656,61.41999816894531,61.59000015258789,0,0,yfinance,2026-07-10T06:58:01.269533+00:00
2026-06-06 18:00:00+00:00,SOL-USD,15m,61.59000015258789,61.689998626708984,61.40999984741211,61.5099983215332,0,0,yfinance,2026-07-10T06:58:01.269533+00:00
2026-06-06 18:15:00+00:00,SOL-USD,15m,61.5,62.099998474121094,61.45000076293945,62.0,0,0,yfinance,2026-07-10T06:58:01.269533+00:00
2026-06-06 18:30:00+00:00,SOL-USD,15m,61.959999084472656,61.959999084472656,61.61000061035156,61.77000045776367,0,0,yfinance,2026-07-10T06:58:01.269533+00:00
2026-06-06 18:45:00+00:00,SOL-USD,15m,61.779998779296875,61.79999923706055,61.4900016784668,61.70000076293945,0,0,yfinance,2026-07-10T06:58:01.269533+00:00
2026-06-06 19:00:00+00:00,SOL-USD,15m,61.68000030517578,62.16999816894531,61.599998474121094,62.029998779296875,0,0,yfinance,2026-07-10T06:58:01.269533+00:00
2026-06-06 19:15:00+00:00,SOL-USD,15m,61.97999954223633,62.040000915527344,61.72999954223633,61.7599983215332,0,0,yfinance,2026-07-10T06:58:01.269533+00:00
2026-06-06 19:30:00+00:00,SOL-USD,15m,61.75,61.83000183105469,61.619998931884766,61.72999954223633,0,0,yfinance,2026-07-10T06:58:01.269533+00:00
2026-06-06 19:45:00+00:00,SOL-USD,15m,61.7400016784668,61.810001373291016,61.599998474121094,61.61000061035156,0,0,yfinance,2026-07-10T06:58:01.269533+00:00
2026-06-06 20:00:00+00:00,SOL-USD,15m,61.630001068115234,61.689998626708984,61.34000015258789,61.59000015258789,0,0,yfinance,2026-07-10T06:58:01.269533+00:00
2026-06-06 20:15:00+00:00,SOL-USD,15m,61.56999969482422,61.72999954223633,61.470001220703125,61.470001220703125,0,0,yfinance,2026-07-10T06:58:01.269533+00:00
2026-06-06 20:30:00+00:00,SOL-USD,15m,61.47999954223633,61.7599983215332,61.40999984741211,61.7400016784668,0,0,yfinance,2026-07-10T06:58:01.269533+00:00
2026-06-06 20:45:00+00:00,SOL-USD,15m,61.72999954223633,61.88999938964844,61.61000061035156,61.810001373291016,263936,263936,yfinance,2026-07-10T06:58:01.269533+00:00
2026-06-06 21:00:00+00:00,SOL-USD,15m,61.81999969482422,62.16999816894531,61.79999923706055,62.099998474121094,0,0,yfinance,2026-07-10T06:58:01.269533+00:00
2026-06-06 21:15:00+00:00,SOL-USD,15m,62.119998931884766,62.189998626708984,61.970001220703125,62.099998474121094,0,0,yfinance,2026-07-10T06:58:01.269533+00:00
2026-06-06 21:30:00+00:00,SOL-USD,15m,62.099998474121094,62.31999969482422,62.02000045776367,62.060001373291016,0,0,yfinance,2026-07-10T06:58:01.269533+00:00
2026-06-06 21:45:00+00:00,SOL-USD,15m,62.040000915527344,62.099998474121094,61.849998474121094,61.869998931884766,0,0,yfinance,2026-07-10T06:58:01.269533+00:00
2026-06-06 22:00:00+00:00,SOL-USD,15m,61.849998474121094,61.91999816894531,61.4900016784668,61.650001525878906,0,0,yfinance,2026-07-10T06:58:01.269533+00:00
2026-06-06 22:15:00+00:00,SOL-USD,15m,61.63999938964844,61.95000076293945,61.439998626708984,61.4900016784668,0,0,yfinance,2026-07-10T06:58:01.269533+00:00
2026-06-06 22:30:00+00:00,SOL-USD,15m,61.4900016784668,61.689998626708984,61.43000030517578,61.63999938964844,0,0,yfinance,2026-07-10T06:58:01.269533+00:00
2026-06-06 22:45:00+00:00,SOL-USD,15m,61.65999984741211,61.88999938964844,61.65999984741211,61.779998779296875,0,0,yfinance,2026-07-10T06:58:01.269533+00:00
2026-06-06 23:00:00+00:00,SOL-USD,15m,61.68000030517578,62.09000015258789,61.650001525878906,62.02000045776367,0,0,yfinance,2026-07-10T06:58:01.269533+00:00
2026-06-06 23:15:00+00:00,SOL-USD,15m,62.0099983215332,62.040000915527344,61.779998779296875,61.91999816894531,0,0,yfinance,2026-07-10T06:58:01.269533+00:00
2026-06-06 23:30:00+00:00,SOL-USD,15m,61.91999816894531,62.2599983215332,61.900001525878906,62.119998931884766,0,0,yfinance,2026-07-10T06:58:01.269533+00:00
2026-06-06 23:45:00+00:00,SOL-USD,15m,62.15999984741211,62.220001220703125,62.06999969482422,62.16999816894531,0,0,yfinance,2026-07-10T06:58:01.269533+00:00
2026-06-07 00:00:00+00:00,SOL-USD,15m,62.16999816894531,62.29999923706055,61.93000030517578,62.02000045776367,0,0,yfinance,2026-07-10T06:58:01.269533+00:00
2026-06-07 00:15:00+00:00,SOL-USD,15m,62.040000915527344,62.2400016784668,62.02000045776367,62.2400016784668,0,0,yfinance,2026-07-10T06:58:01.269533+00:00
2026-06-07 00:30:00+00:00,SOL-USD,15m,62.2599983215332,62.58000183105469,62.209999084472656,62.2400016784668,8313088,8313088,yfinance,2026-07-10T06:58:01.269533+00:00
2026-06-07 00:45:00+00:00,SOL-USD,15m,62.22999954223633,62.290000915527344,62.060001373291016,62.09000015258789,0,0,yfinance,2026-07-10T06:58:01.269533+00:00
2026-06-07 01:00:00+00:00,SOL-USD,15m,62.06999969482422,63.16999816894531,62.0099983215332,63.11000061035156,30159104,30159104,yfinance,2026-07-10T06:58:01.269533+00:00
2026-06-07 01:15:00+00:00,SOL-USD,15m,63.11000061035156,63.7400016784668,63.040000915527344,63.720001220703125,34099712,34099712,yfinance,2026-07-10T06:58:01.269533+00:00
2026-06-07 01:30:00+00:00,SOL-USD,15m,63.709999084472656,63.81999969482422,63.41999816894531,63.540000915527344,16619520,16619520,yfinance,2026-07-10T06:58:01.269533+00:00
2026-06-07 01:45:00+00:00,SOL-USD,15m,63.56999969482422,63.790000915527344,63.40999984741211,63.650001525878906,2809344,2809344,yfinance,2026-07-10T06:58:01.269533+00:00
2026-06-07 02:00:00+00:00,SOL-USD,15m,63.599998474121094,63.7599983215332,63.540000915527344,63.630001068115234,0,0,yfinance,2026-07-10T06:58:01.269533+00:00
2026-06-07 02:15:00+00:00,SOL-USD,15m,63.61000061035156,63.650001525878906,63.11000061035156,63.189998626708984,1824768,1824768,yfinance,2026-07-10T06:58:01.269533+00:00
2026-06-07 02:30:00+00:00,SOL-USD,15m,63.18000030517578,63.31999969482422,63.060001373291016,63.27000045776367,0,0,yfinance,2026-07-10T06:58:01.269533+00:00
2026-06-07 02:45:00+00:00,SOL-USD,15m,63.25,63.599998474121094,63.25,63.52000045776367,8352256,8352256,yfinance,2026-07-10T06:58:01.269533+00:00
2026-06-07 03:00:00+00:00,SOL-USD,15m,63.52000045776367,63.65999984741211,63.380001068115234,63.630001068115234,0,0,yfinance,2026-07-10T06:58:01.269533+00:00
2026-06-07 03:15:00+00:00,SOL-USD,15m,63.619998931884766,64.05000305175781,63.529998779296875,64.01000213623047,12898304,12898304,yfinance,2026-07-10T06:58:01.269533+00:00
2026-06-07 03:30:00+00:00,SOL-USD,15m,64.01000213623047,64.0199966430664,63.54999923706055,63.72999954223633,10106368,10106368,yfinance,2026-07-10T06:58:01.269533+00:00
2026-06-07 03:45:00+00:00,SOL-USD,15m,63.689998626708984,63.810001373291016,63.599998474121094,63.810001373291016,0,0,yfinance,2026-07-10T06:58:01.269533+00:00
2026-06-07 04:00:00+00:00,SOL-USD,15m,63.810001373291016,63.81999969482422,63.45000076293945,63.560001373291016,0,0,yfinance,2026-07-10T06:58:01.269533+00:00
2026-06-07 04:15:00+00:00,SOL-USD,15m,63.56999969482422,63.59000015258789,63.290000915527344,63.380001068115234,0,0,yfinance,2026-07-10T06:58:01.269533+00:00
2026-06-07 04:30:00+00:00,SOL-USD,15m,63.349998474121094,64.06999969482422,63.349998474121094,63.93000030517578,0,0,yfinance,2026-07-10T06:58:01.269533+00:00
2026-06-07 04:45:00+00:00,SOL-USD,15m,63.959999084472656,64.0999984741211,63.84000015258789,64.05999755859375,0,0,yfinance,2026-07-10T06:58:01.269533+00:00
2026-06-07 05:00:00+00:00,SOL-USD,15m,64.05999755859375,64.33999633789062,63.880001068115234,64.1500015258789,0,0,yfinance,2026-07-10T06:58:01.269533+00:00
2026-06-07 05:15:00+00:00,SOL-USD,15m,64.11000061035156,64.44000244140625,64.0199966430664,64.19000244140625,0,0,yfinance,2026-07-10T06:58:01.269533+00:00
2026-06-07 05:30:00+00:00,SOL-USD,15m,64.19999694824219,64.41999816894531,64.01000213623047,64.41999816894531,0,0,yfinance,2026-07-10T06:58:01.269533+00:00
2026-06-07 05:45:00+00:00,SOL-USD,15m,64.4000015258789,64.43000030517578,64.12000274658203,64.23999786376953,0,0,yfinance,2026-07-10T06:58:01.269533+00:00
2026-06-07 06:00:00+00:00,SOL-USD,15m,64.20999908447266,64.26000213623047,64.0,64.12000274658203,0,0,yfinance,2026-07-10T06:58:01.269533+00:00
2026-06-07 06:15:00+00:00,SOL-USD,15m,64.16999816894531,64.81999969482422,64.08000183105469,64.7300033569336,0,0,yfinance,2026-07-10T06:58:01.269533+00:00
2026-06-07 06:30:00+00:00,SOL-USD,15m,64.69000244140625,64.94000244140625,64.6500015258789,64.87999725341797,23572480,23572480,yfinance,2026-07-10T06:58:01.269533+00:00
2026-06-07 06:45:00+00:00,SOL-USD,15m,64.87000274658203,64.95999908447266,64.69999694824219,64.83000183105469,0,0,yfinance,2026-07-10T06:58:01.269533+00:00
2026-06-07 07:00:00+00:00,SOL-USD,15m,64.81999969482422,64.94999694824219,64.58999633789062,64.7699966430664,3239680,3239680,yfinance,2026-07-10T06:58:01.269533+00:00
2026-06-07 07:15:00+00:00,SOL-USD,15m,64.7699966430664,64.95999908447266,64.63999938964844,64.94999694824219,2721536,2721536,yfinance,2026-07-10T06:58:01.269533+00:00
2026-06-07 07:30:00+00:00,SOL-USD,15m,64.93000030517578,64.9800033569336,64.7699966430664,64.81999969482422,3409920,3409920,yfinance,2026-07-10T06:58:01.269533+00:00
2026-06-07 07:45:00+00:00,SOL-USD,15m,64.80999755859375,64.91000366210938,64.73999786376953,64.9000015258789,9378816,9378816,yfinance,2026-07-10T06:58:01.269533+00:00
2026-06-07 08:00:00+00:00,SOL-USD,15m,64.87000274658203,64.93000030517578,64.48999786376953,64.6500015258789,8008704,8008704,yfinance,2026-07-10T06:58:01.269533+00:00
2026-06-07 08:15:00+00:00,SOL-USD,15m,64.61000061035156,64.87999725341797,64.4800033569336,64.8499984741211,2977280,2977280,yfinance,2026-07-10T06:58:01.269533+00:00
2026-06-07 08:30:00+00:00,SOL-USD,15m,64.80999755859375,65.25,64.72000122070312,65.23999786376953,5595392,5595392,yfinance,2026-07-10T06:58:01.269533+00:00
2026-06-07 08:45:00+00:00,SOL-USD,15m,65.26000213623047,65.94000244140625,65.26000213623047,65.94000244140625,40412160,40412160,yfinance,2026-07-10T06:58:01.269533+00:00
2026-06-07 09:00:00+00:00,SOL-USD,15m,65.91000366210938,65.9800033569336,65.70999908447266,65.97000122070312,26266624,26266624,yfinance,2026-07-10T06:58:01.269533+00:00
2026-06-07 09:15:00+00:00,SOL-USD,15m,65.94000244140625,66.06999969482422,65.54000091552734,65.75,19264512,19264512,yfinance,2026-07-10T06:58:01.269533+00:00
2026-06-07 09:30:00+00:00,SOL-USD,15m,65.7699966430664,65.7699966430664,65.08000183105469,65.1500015258789,4126208,4126208,yfinance,2026-07-10T06:58:01.269533+00:00
2026-06-07 09:45:00+00:00,SOL-USD,15m,65.1500015258789,65.1500015258789,64.8499984741211,65.0,0,0,yfinance,2026-07-10T06:58:01.269533+00:00
2026-06-07 10:00:00+00:00,SOL-USD,15m,65.0,65.05000305175781,64.62000274658203,64.73999786376953,0,0,yfinance,2026-07-10T06:58:01.269533+00:00
2026-06-07 10:15:00+00:00,SOL-USD,15m,64.73999786376953,65.02999877929688,64.7300033569336,64.95999908447266,0,0,yfinance,2026-07-10T06:58:01.269533+00:00
2026-06-07 10:30:00+00:00,SOL-USD,15m,64.91999816894531,65.0199966430664,64.56999969482422,64.63999938964844,0,0,yfinance,2026-07-10T06:58:01.269533+00:00
2026-06-07 10:45:00+00:00,SOL-USD,15m,64.66000366210938,64.7699966430664,64.45999908447266,64.63999938964844,0,0,yfinance,2026-07-10T06:58:01.269533+00:00
2026-06-07 11:00:00+00:00,SOL-USD,15m,64.63999938964844,64.80000305175781,64.5199966430664,64.63999938964844,0,0,yfinance,2026-07-10T06:58:01.269533+00:00
2026-06-07 11:15:00+00:00,SOL-USD,15m,64.62000274658203,64.83000183105469,64.56999969482422,64.80999755859375,0,0,yfinance,2026-07-10T06:58:01.269533+00:00
2026-06-07 11:30:00+00:00,SOL-USD,15m,64.79000091552734,65.05000305175781,64.69999694824219,65.05000305175781,1384192,1384192,yfinance,2026-07-10T06:58:01.269533+00:00
2026-06-07 11:45:00+00:00,SOL-USD,15m,65.04000091552734,65.19999694824219,64.94999694824219,65.01000213623047,0,0,yfinance,2026-07-10T06:58:01.269533+00:00
2026-06-07 12:00:00+00:00,SOL-USD,15m,65.01000213623047,65.08000183105469,63.959999084472656,63.970001220703125,9396992,9396992,yfinance,2026-07-10T06:58:01.269533+00:00
2026-06-07 12:15:00+00:00,SOL-USD,15m,64.0199966430664,64.25,63.880001068115234,64.0199966430664,26057984,26057984,yfinance,2026-07-10T06:58:01.269533+00:00
2026-06-07 12:30:00+00:00,SOL-USD,15m,64.0,64.12999725341797,63.709999084472656,63.86000061035156,10667776,10667776,yfinance,2026-07-10T06:58:01.269533+00:00
2026-06-07 12:45:00+00:00,SOL-USD,15m,63.88999938964844,64.37000274658203,63.88999938964844,64.30999755859375,4648704,4648704,yfinance,2026-07-10T06:58:01.269533+00:00
2026-06-07 13:00:00+00:00,SOL-USD,15m,64.2699966430664,64.31999969482422,64.06999969482422,64.30999755859375,3090688,3090688,yfinance,2026-07-10T06:58:01.269533+00:00
2026-06-07 13:15:00+00:00,SOL-USD,15m,64.33000183105469,64.36000061035156,64.11000061035156,64.33999633789062,2192640,2192640,yfinance,2026-07-10T06:58:01.269533+00:00
2026-06-07 13:30:00+00:00,SOL-USD,15m,64.3499984741211,64.4000015258789,64.12000274658203,64.33000183105469,0,0,yfinance,2026-07-10T06:58:01.269533+00:00
2026-06-07 13:45:00+00:00,SOL-USD,15m,64.33000183105469,64.37999725341797,64.22000122070312,64.30999755859375,0,0,yfinance,2026-07-10T06:58:01.269533+00:00
2026-06-07 14:00:00+00:00,SOL-USD,15m,64.31999969482422,64.54000091552734,64.30000305175781,64.44000244140625,0,0,yfinance,2026-07-10T06:58:01.269533+00:00
2026-06-07 14:15:00+00:00,SOL-USD,15m,64.41000366210938,65.04000091552734,64.4000015258789,64.94999694824219,10106624,10106624,yfinance,2026-07-10T06:58:01.269533+00:00
2026-06-07 14:30:00+00:00,SOL-USD,15m,64.95999908447266,65.30999755859375,64.75,64.77999877929688,8713472,8713472,yfinance,2026-07-10T06:58:01.269533+00:00
2026-06-07 14:45:00+00:00,SOL-USD,15m,64.7699966430664,64.91000366210938,64.58999633789062,64.91000366210938,0,0,yfinance,2026-07-10T06:58:01.269533+00:00
2026-06-07 15:00:00+00:00,SOL-USD,15m,64.87000274658203,64.88999938964844,64.62000274658203,64.87999725341797,0,0,yfinance,2026-07-10T06:58:01.269533+00:00
2026-06-07 15:15:00+00:00,SOL-USD,15m,64.8499984741211,64.94999694824219,64.62000274658203,64.93000030517578,0,0,yfinance,2026-07-10T06:58:01.269533+00:00
2026-06-07 15:30:00+00:00,SOL-USD,15m,64.97000122070312,65.20999908447266,64.88999938964844,65.11000061035156,0,0,yfinance,2026-07-10T06:58:01.269533+00:00
2026-06-07 15:45:00+00:00,SOL-USD,15m,65.0999984741211,65.0999984741211,64.7699966430664,64.94999694824219,0,0,yfinance,2026-07-10T06:58:01.269533+00:00
2026-06-07 16:00:00+00:00,SOL-USD,15m,65.0,65.04000091552734,64.73999786376953,65.0,0,0,yfinance,2026-07-10T06:58:01.269533+00:00
2026-06-07 16:15:00+00:00,SOL-USD,15m,65.0,65.13999938964844,64.94999694824219,64.98999786376953,2276096,2276096,yfinance,2026-07-10T06:58:01.269533+00:00
2026-06-07 16:30:00+00:00,SOL-USD,15m,64.97000122070312,65.29000091552734,64.94000244140625,65.13999938964844,0,0,yfinance,2026-07-10T06:58:01.269533+00:00
2026-06-07 16:45:00+00:00,SOL-USD,15m,65.16000366210938,65.29000091552734,64.91999816894531,65.13999938964844,0,0,yfinance,2026-07-10T06:58:01.269533+00:00
2026-06-07 17:00:00+00:00,SOL-USD,15m,65.12999725341797,65.58000183105469,65.05999755859375,65.44999694824219,0,0,yfinance,2026-07-10T06:58:01.269533+00:00
2026-06-07 17:15:00+00:00,SOL-USD,15m,65.45999908447266,65.51000213623047,65.33999633789062,65.43000030517578,0,0,yfinance,2026-07-10T06:58:01.269533+00:00
2026-06-07 17:30:00+00:00,SOL-USD,15m,65.44999694824219,65.55999755859375,65.38999938964844,65.41999816894531,0,0,yfinance,2026-07-10T06:58:01.269533+00:00
2026-06-07 17:45:00+00:00,SOL-USD,15m,65.4000015258789,65.4000015258789,65.12999725341797,65.29000091552734,0,0,yfinance,2026-07-10T06:58:01.269533+00:00
2026-06-07 18:00:00+00:00,SOL-USD,15m,65.27999877929688,65.54000091552734,65.27999877929688,65.5199966430664,0,0,yfinance,2026-07-10T06:58:01.269533+00:00
2026-06-07 18:15:00+00:00,SOL-USD,15m,65.5,65.5199966430664,65.19999694824219,65.4000015258789,0,0,yfinance,2026-07-10T06:58:01.269533+00:00
2026-06-07 18:30:00+00:00,SOL-USD,15m,65.4000015258789,65.5199966430664,65.23999786376953,65.26000213623047,0,0,yfinance,2026-07-10T06:58:01.269533+00:00
2026-06-07 18:45:00+00:00,SOL-USD,15m,65.26000213623047,65.33000183105469,64.86000061035156,64.9000015258789,0,0,yfinance,2026-07-10T06:58:01.269533+00:00
2026-06-07 19:00:00+00:00,SOL-USD,15m,64.93000030517578,64.97000122070312,64.16000366210938,64.30000305175781,2370560,2370560,yfinance,2026-07-10T06:58:01.269533+00:00
2026-06-07 19:15:00+00:00,SOL-USD,15m,64.30000305175781,64.30000305175781,63.779998779296875,64.01000213623047,16296192,16296192,yfinance,2026-07-10T06:58:01.269533+00:00
2026-06-07 19:30:00+00:00,SOL-USD,15m,64.01000213623047,64.04000091552734,63.66999816894531,63.7400016784668,10406400,10406400,yfinance,2026-07-10T06:58:01.269533+00:00
2026-06-07 19:45:00+00:00,SOL-USD,15m,63.77000045776367,64.08000183105469,63.63999938964844,63.91999816894531,21501440,21501440,yfinance,2026-07-10T06:58:01.269533+00:00
2026-06-07 20:00:00+00:00,SOL-USD,15m,63.81999969482422,64.37000274658203,63.720001220703125,64.25,1742848,1742848,yfinance,2026-07-10T06:58:01.269533+00:00
2026-06-07 20:15:00+00:00,SOL-USD,15m,64.19999694824219,64.66000366210938,64.08999633789062,64.47000122070312,9847552,9847552,yfinance,2026-07-10T06:58:01.269533+00:00
2026-06-07 20:30:00+00:00,SOL-USD,15m,64.47000122070312,64.5999984741211,64.38999938964844,64.52999877929688,0,0,yfinance,2026-07-10T06:58:01.269533+00:00
2026-06-07 20:45:00+00:00,SOL-USD,15m,64.51000213623047,64.7699966430664,64.44999694824219,64.66999816894531,0,0,yfinance,2026-07-10T06:58:01.269533+00:00
2026-06-07 21:00:00+00:00,SOL-USD,15m,64.66000366210938,64.87000274658203,64.44999694824219,64.81999969482422,0,0,yfinance,2026-07-10T06:58:01.269533+00:00
2026-06-07 21:15:00+00:00,SOL-USD,15m,64.81999969482422,64.86000061035156,64.52999877929688,64.55000305175781,0,0,yfinance,2026-07-10T06:58:01.269533+00:00
2026-06-07 21:30:00+00:00,SOL-USD,15m,64.55000305175781,64.5999984741211,64.27999877929688,64.31999969482422,0,0,yfinance,2026-07-10T06:58:01.269533+00:00
2026-06-07 21:45:00+00:00,SOL-USD,15m,64.31999969482422,64.61000061035156,64.30000305175781,64.58999633789062,5499648,5499648,yfinance,2026-07-10T06:58:01.269533+00:00
2026-06-07 22:00:00+00:00,SOL-USD,15m,64.63999938964844,67.27999877929688,64.48999786376953,67.27999877929688,11843584,11843584,yfinance,2026-07-10T06:58:01.269533+00:00
2026-06-07 22:15:00+00:00,SOL-USD,15m,67.2699966430664,67.7300033569336,66.02999877929688,66.20999908447266,140493568,140493568,yfinance,2026-07-10T06:58:01.269533+00:00
2026-06-07 22:30:00+00:00,SOL-USD,15m,66.25,66.70999908447266,65.8499984741211,66.23999786376953,27167232,27167232,yfinance,2026-07-10T06:58:01.269533+00:00
2026-06-07 22:45:00+00:00,SOL-USD,15m,66.26000213623047,66.43000030517578,65.70999908447266,65.79000091552734,21274880,21274880,yfinance,2026-07-10T06:58:01.269533+00:00
2026-06-07 23:00:00+00:00,SOL-USD,15m,65.7699966430664,66.0999984741211,65.73999786376953,66.06999969482422,24993536,24993536,yfinance,2026-07-10T06:58:01.269533+00:00
2026-06-07 23:15:00+00:00,SOL-USD,15m,66.0999984741211,66.33999633789062,65.7699966430664,66.30000305175781,22035968,22035968,yfinance,2026-07-10T06:58:01.269533+00:00
2026-06-07 23:30:00+00:00,SOL-USD,15m,66.30999755859375,66.33999633789062,66.01000213623047,66.20999908447266,19063552,19063552,yfinance,2026-07-10T06:58:01.269533+00:00
2026-06-07 23:45:00+00:00,SOL-USD,15m,66.16000366210938,66.55000305175781,66.13999938964844,66.45999908447266,27767808,27767808,yfinance,2026-07-10T06:58:01.269533+00:00
2026-06-08 00:00:00+00:00,SOL-USD,15m,66.44000244140625,66.5199966430664,66.01000213623047,66.18000030517578,8620288,8620288,yfinance,2026-07-10T06:58:01.269533+00:00
2026-06-08 00:15:00+00:00,SOL-USD,15m,66.1500015258789,66.54000091552734,66.02999877929688,66.52999877929688,9062656,9062656,yfinance,2026-07-10T06:58:01.269533+00:00
2026-06-08 00:30:00+00:00,SOL-USD,15m,66.5,67.05000305175781,66.37999725341797,66.7699966430664,32578304,32578304,yfinance,2026-07-10T06:58:01.269533+00:00
2026-06-08 00:45:00+00:00,SOL-USD,15m,66.72000122070312,66.95999908447266,66.54000091552734,66.68000030517578,16699904,16699904,yfinance,2026-07-10T06:58:01.269533+00:00
2026-06-08 01:00:00+00:00,SOL-USD,15m,66.72000122070312,66.7699966430664,65.9800033569336,66.0,0,0,yfinance,2026-07-10T06:58:01.269533+00:00
2026-06-08 01:15:00+00:00,SOL-USD,15m,65.97000122070312,65.9800033569336,65.45999908447266,65.51000213623047,1670144,1670144,yfinance,2026-07-10T06:58:01.269533+00:00
2026-06-08 01:30:00+00:00,SOL-USD,15m,65.5,65.9800033569336,65.37999725341797,65.94000244140625,9861376,9861376,yfinance,2026-07-10T06:58:01.269533+00:00
2026-06-08 01:45:00+00:00,SOL-USD,15m,65.95999908447266,66.25,65.8499984741211,66.12999725341797,4654336,4654336,yfinance,2026-07-10T06:58:01.269533+00:00
2026-06-08 02:00:00+00:00,SOL-USD,15m,66.1500015258789,66.44000244140625,66.02999877929688,66.43000030517578,32768,32768,yfinance,2026-07-10T06:58:01.269533+00:00
2026-06-08 02:15:00+00:00,SOL-USD,15m,66.4000015258789,66.58999633789062,66.1500015258789,66.45999908447266,3142400,3142400,yfinance,2026-07-10T06:58:01.269533+00:00
2026-06-08 02:30:00+00:00,SOL-USD,15m,66.47000122070312,66.52999877929688,66.12000274658203,66.37000274658203,13303040,13303040,yfinance,2026-07-10T06:58:01.269533+00:00
2026-06-08 02:45:00+00:00,SOL-USD,15m,66.37999725341797,66.44999694824219,66.16999816894531,66.43000030517578,1738240,1738240,yfinance,2026-07-10T06:58:01.269533+00:00
2026-06-08 03:00:00+00:00,SOL-USD,15m,66.43000030517578,66.72000122070312,66.19999694824219,66.54000091552734,5276160,5276160,yfinance,2026-07-10T06:58:01.269533+00:00
2026-06-08 03:15:00+00:00,SOL-USD,15m,66.55000305175781,66.56999969482422,66.23999786376953,66.23999786376953,498176,498176,yfinance,2026-07-10T06:58:01.269533+00:00
2026-06-08 03:30:00+00:00,SOL-USD,15m,66.23999786376953,66.41000366210938,66.16999816894531,66.2300033569336,0,0,yfinance,2026-07-10T06:58:01.269533+00:00
2026-06-08 03:45:00+00:00,SOL-USD,15m,66.26000213623047,66.38999938964844,66.1500015258789,66.33000183105469,2455808,2455808,yfinance,2026-07-10T06:58:01.269533+00:00
2026-06-08 04:00:00+00:00,SOL-USD,15m,66.33000183105469,66.37999725341797,65.79000091552734,65.9000015258789,3429376,3429376,yfinance,2026-07-10T06:58:01.269533+00:00
2026-06-08 04:15:00+00:00,SOL-USD,15m,65.91999816894531,65.93000030517578,65.55000305175781,65.7300033569336,3211264,3211264,yfinance,2026-07-10T06:58:01.269533+00:00
2026-06-08 04:30:00+00:00,SOL-USD,15m,65.7300033569336,65.83999633789062,65.33000183105469,65.41000366210938,222720,222720,yfinance,2026-07-10T06:58:01.269533+00:00
2026-06-08 04:45:00+00:00,SOL-USD,15m,65.41000366210938,65.70999908447266,65.38999938964844,65.47000122070312,12800,12800,yfinance,2026-07-10T06:58:01.269533+00:00
2026-06-08 05:00:00+00:00,SOL-USD,15m,65.43000030517578,65.61000061035156,65.12000274658203,65.16000366210938,0,0,yfinance,2026-07-10T06:58:01.269533+00:00
2026-06-08 05:15:00+00:00,SOL-USD,15m,65.19000244140625,65.47000122070312,65.08000183105469,65.38999938964844,0,0,yfinance,2026-07-10T06:58:01.269533+00:00
2026-06-08 05:30:00+00:00,SOL-USD,15m,65.41000366210938,65.41000366210938,64.94000244140625,65.06999969482422,93696,93696,yfinance,2026-07-10T06:58:01.269533+00:00
2026-06-08 05:45:00+00:00,SOL-USD,15m,65.08000183105469,65.30000305175781,65.0199966430664,65.27999877929688,2158848,2158848,yfinance,2026-07-10T06:58:01.269533+00:00
2026-06-08 06:00:00+00:00,SOL-USD,15m,65.27999877929688,65.6500015258789,65.2699966430664,65.5199966430664,4423680,4423680,yfinance,2026-07-10T06:58:01.269533+00:00
2026-06-08 06:15:00+00:00,SOL-USD,15m,65.5,65.83999633789062,65.44000244140625,65.73999786376953,2193664,2193664,yfinance,2026-07-10T06:58:01.269533+00:00
2026-06-08 06:30:00+00:00,SOL-USD,15m,65.69999694824219,65.79000091552734,65.55000305175781,65.69999694824219,0,0,yfinance,2026-07-10T06:58:01.269533+00:00
2026-06-08 06:45:00+00:00,SOL-USD,15m,65.7300033569336,65.73999786376953,65.56999969482422,65.63999938964844,151808,151808,yfinance,2026-07-10T06:58:01.269533+00:00
2026-06-08 07:00:00+00:00,SOL-USD,15m,65.6500015258789,65.83000183105469,65.33999633789062,65.63999938964844,0,0,yfinance,2026-07-10T06:58:01.269533+00:00
2026-06-08 07:15:00+00:00,SOL-USD,15m,65.61000061035156,65.98999786376953,65.5,65.91999816894531,3301888,3301888,yfinance,2026-07-10T06:58:01.269533+00:00
2026-06-08 07:30:00+00:00,SOL-USD,15m,65.91000366210938,66.02999877929688,65.83999633789062,65.93000030517578,59307008,59307008,yfinance,2026-07-10T06:58:01.269533+00:00
2026-06-08 07:45:00+00:00,SOL-USD,15m,65.93000030517578,66.16999816894531,65.9000015258789,66.05999755859375,0,0,yfinance,2026-07-10T06:58:01.269533+00:00
2026-06-08 08:00:00+00:00,SOL-USD,15m,66.02999877929688,66.02999877929688,65.76000213623047,65.88999938964844,0,0,yfinance,2026-07-10T06:58:01.269533+00:00
2026-06-08 08:15:00+00:00,SOL-USD,15m,65.87999725341797,65.93000030517578,65.47000122070312,65.66999816894531,0,0,yfinance,2026-07-10T06:58:01.269533+00:00
2026-06-08 08:30:00+00:00,SOL-USD,15m,65.69000244140625,65.83000183105469,65.55000305175781,65.6500015258789,2014720,2014720,yfinance,2026-07-10T06:58:01.269533+00:00
2026-06-08 08:45:00+00:00,SOL-USD,15m,65.62000274658203,65.66000366210938,65.41000366210938,65.55999755859375,0,0,yfinance,2026-07-10T06:58:01.269533+00:00
2026-06-08 09:00:00+00:00,SOL-USD,15m,65.56999969482422,65.81999969482422,65.55999755859375,65.80000305175781,0,0,yfinance,2026-07-10T06:58:01.269533+00:00
2026-06-08 09:15:00+00:00,SOL-USD,15m,65.80000305175781,66.11000061035156,65.75,65.97000122070312,0,0,yfinance,2026-07-10T06:58:01.269533+00:00
2026-06-08 09:30:00+00:00,SOL-USD,15m,65.94000244140625,66.12000274658203,65.73999786376953,66.08999633789062,12259840,12259840,yfinance,2026-07-10T06:58:01.269533+00:00
2026-06-08 09:45:00+00:00,SOL-USD,15m,66.08999633789062,66.31999969482422,66.05999755859375,66.30999755859375,4863488,4863488,yfinance,2026-07-10T06:58:01.269533+00:00
2026-06-08 10:00:00+00:00,SOL-USD,15m,66.30999755859375,66.37000274658203,66.13999938964844,66.19000244140625,0,0,yfinance,2026-07-10T06:58:01.269533+00:00
2026-06-08 10:15:00+00:00,SOL-USD,15m,66.19000244140625,66.19999694824219,65.75,65.87000274658203,493312,493312,yfinance,2026-07-10T06:58:01.269533+00:00
2026-06-08 10:30:00+00:00,SOL-USD,15m,65.87000274658203,66.30999755859375,65.80999755859375,66.11000061035156,16105728,16105728,yfinance,2026-07-10T06:58:01.269533+00:00
2026-06-08 10:45:00+00:00,SOL-USD,15m,66.0999984741211,66.16000366210938,65.98999786376953,66.12999725341797,0,0,yfinance,2026-07-10T06:58:01.269533+00:00
2026-06-08 11:00:00+00:00,SOL-USD,15m,66.12999725341797,66.45999908447266,65.9800033569336,66.41999816894531,14238464,14238464,yfinance,2026-07-10T06:58:01.269533+00:00
2026-06-08 11:15:00+00:00,SOL-USD,15m,66.45999908447266,66.8499984741211,66.44000244140625,66.75,45449472,45449472,yfinance,2026-07-10T06:58:01.269533+00:00
2026-06-08 11:30:00+00:00,SOL-USD,15m,66.79000091552734,66.98999786376953,66.63999938964844,66.79000091552734,26232320,26232320,yfinance,2026-07-10T06:58:01.269533+00:00
2026-06-08 11:45:00+00:00,SOL-USD,15m,66.81999969482422,66.81999969482422,66.54000091552734,66.62000274658203,12577280,12577280,yfinance,2026-07-10T06:58:01.269533+00:00
2026-06-08 12:00:00+00:00,SOL-USD,15m,66.61000061035156,66.83000183105469,66.0199966430664,66.04000091552734,16906240,16906240,yfinance,2026-07-10T06:58:01.269533+00:00
2026-06-08 12:15:00+00:00,SOL-USD,15m,66.02999877929688,66.41000366210938,65.97000122070312,66.41000366210938,0,0,yfinance,2026-07-10T06:58:01.269533+00:00
2026-06-08 12:30:00+00:00,SOL-USD,15m,66.43000030517578,67.19999694824219,66.43000030517578,67.04000091552734,3463424,3463424,yfinance,2026-07-10T06:58:01.269533+00:00
2026-06-08 12:45:00+00:00,SOL-USD,15m,67.06999969482422,67.27999877929688,66.81999969482422,67.19999694824219,13895680,13895680,yfinance,2026-07-10T06:58:01.269533+00:00
2026-06-08 13:00:00+00:00,SOL-USD,15m,67.22000122070312,67.2300033569336,66.81999969482422,66.8499984741211,11852800,11852800,yfinance,2026-07-10T06:58:01.269533+00:00
2026-06-08 13:15:00+00:00,SOL-USD,15m,66.86000061035156,67.06999969482422,66.76000213623047,66.79000091552734,10576640,10576640,yfinance,2026-07-10T06:58:01.269533+00:00
2026-06-08 13:30:00+00:00,SOL-USD,15m,66.79000091552734,66.94000244140625,66.48999786376953,66.5,29508608,29508608,yfinance,2026-07-10T06:58:01.269533+00:00
2026-06-08 13:45:00+00:00,SOL-USD,15m,66.55000305175781,66.88999938964844,66.37000274658203,66.75,27094016,27094016,yfinance,2026-07-10T06:58:01.269533+00:00
2026-06-08 14:00:00+00:00,SOL-USD,15m,66.7300033569336,66.86000061035156,66.41999816894531,66.80999755859375,12727040,12727040,yfinance,2026-07-10T06:58:01.269533+00:00
2026-06-08 14:15:00+00:00,SOL-USD,15m,66.83999633789062,66.88999938964844,66.56999969482422,66.77999877929688,44342272,44342272,yfinance,2026-07-10T06:58:01.269533+00:00
2026-06-08 14:30:00+00:00,SOL-USD,15m,66.7699966430664,67.01000213623047,66.70999908447266,66.86000061035156,28559616,28559616,yfinance,2026-07-10T06:58:01.269533+00:00
2026-06-08 14:45:00+00:00,SOL-USD,15m,66.87000274658203,67.27999877929688,66.80999755859375,67.23999786376953,20092160,20092160,yfinance,2026-07-10T06:58:01.269533+00:00
2026-06-08 15:00:00+00:00,SOL-USD,15m,67.23999786376953,67.7699966430664,67.19999694824219,67.76000213623047,39750144,39750144,yfinance,2026-07-10T06:58:01.269533+00:00
2026-06-08 15:15:00+00:00,SOL-USD,15m,67.76000213623047,67.7699966430664,67.4000015258789,67.4000015258789,39615232,39615232,yfinance,2026-07-10T06:58:01.269533+00:00
2026-06-08 15:30:00+00:00,SOL-USD,15m,67.38999938964844,67.41999816894531,67.13999938964844,67.36000061035156,18427648,18427648,yfinance,2026-07-10T06:58:01.269533+00:00
2026-06-08 15:45:00+00:00,SOL-USD,15m,67.36000061035156,67.5199966430664,67.05000305175781,67.12999725341797,8648704,8648704,yfinance,2026-07-10T06:58:01.269533+00:00
2026-06-08 16:00:00+00:00,SOL-USD,15m,67.1500015258789,67.44000244140625,67.0,67.36000061035156,5897728,5897728,yfinance,2026-07-10T06:58:01.269533+00:00
2026-06-08 16:15:00+00:00,SOL-USD,15m,67.3499984741211,67.72000122070312,67.3499984741211,67.48999786376953,11642624,11642624,yfinance,2026-07-10T06:58:01.269533+00:00
2026-06-08 16:30:00+00:00,SOL-USD,15m,67.51000213623047,67.51000213623047,67.04000091552734,67.16999816894531,17010688,17010688,yfinance,2026-07-10T06:58:01.269533+00:00
2026-06-08 16:45:00+00:00,SOL-USD,15m,67.20999908447266,67.20999908447266,66.87000274658203,66.91000366210938,12694272,12694272,yfinance,2026-07-10T06:58:01.269533+00:00
2026-06-08 17:00:00+00:00,SOL-USD,15m,66.94000244140625,66.94999694824219,66.5199966430664,66.62000274658203,23772416,23772416,yfinance,2026-07-10T06:58:01.269533+00:00
2026-06-08 17:15:00+00:00,SOL-USD,15m,66.66999816894531,67.11000061035156,66.6500015258789,67.11000061035156,19588608,19588608,yfinance,2026-07-10T06:58:01.269533+00:00
2026-06-08 17:30:00+00:00,SOL-USD,15m,67.0999984741211,67.11000061035156,66.69000244140625,66.91999816894531,7648256,7648256,yfinance,2026-07-10T06:58:01.269533+00:00
2026-06-08 17:45:00+00:00,SOL-USD,15m,66.94999694824219,67.36000061035156,66.93000030517578,67.33999633789062,4974336,4974336,yfinance,2026-07-10T06:58:01.269533+00:00
2026-06-08 18:00:00+00:00,SOL-USD,15m,67.33999633789062,67.58000183105469,67.33999633789062,67.43000030517578,5780992,5780992,yfinance,2026-07-10T06:58:01.269533+00:00
2026-06-08 18:15:00+00:00,SOL-USD,15m,67.44999694824219,67.5,67.36000061035156,67.5,10689536,10689536,yfinance,2026-07-10T06:58:01.269533+00:00
2026-06-08 18:30:00+00:00,SOL-USD,15m,67.52999877929688,67.58000183105469,67.20999908447266,67.30000305175781,6031616,6031616,yfinance,2026-07-10T06:58:01.269533+00:00
2026-06-08 18:45:00+00:00,SOL-USD,15m,67.30999755859375,67.51000213623047,67.13999938964844,67.41000366210938,12547840,12547840,yfinance,2026-07-10T06:58:01.269533+00:00
2026-06-08 19:00:00+00:00,SOL-USD,15m,67.4000015258789,67.69999694824219,67.3499984741211,67.51000213623047,0,0,yfinance,2026-07-10T06:58:01.269533+00:00
2026-06-08 19:15:00+00:00,SOL-USD,15m,67.51000213623047,67.80000305175781,67.41000366210938,67.58000183105469,0,0,yfinance,2026-07-10T06:58:01.269533+00:00
2026-06-08 19:30:00+00:00,SOL-USD,15m,67.61000061035156,67.69999694824219,67.41999816894531,67.55000305175781,3572224,3572224,yfinance,2026-07-10T06:58:01.269533+00:00
2026-06-08 19:45:00+00:00,SOL-USD,15m,67.54000091552734,67.56999969482422,67.26000213623047,67.41999816894531,4090112,4090112,yfinance,2026-07-10T06:58:01.269533+00:00
2026-06-08 20:00:00+00:00,SOL-USD,15m,67.44999694824219,67.51000213623047,67.0199966430664,67.08000183105469,4418304,4418304,yfinance,2026-07-10T06:58:01.269533+00:00
2026-06-08 20:15:00+00:00,SOL-USD,15m,67.08999633789062,67.16000366210938,66.93000030517578,67.0,4222208,4222208,yfinance,2026-07-10T06:58:01.269533+00:00
2026-06-08 20:30:00+00:00,SOL-USD,15m,67.0,67.36000061035156,66.95999908447266,67.31999969482422,1391360,1391360,yfinance,2026-07-10T06:58:01.269533+00:00
2026-06-08 20:45:00+00:00,SOL-USD,15m,67.29000091552734,67.47000122070312,67.2300033569336,67.47000122070312,1025024,1025024,yfinance,2026-07-10T06:58:01.269533+00:00
2026-06-08 21:00:00+00:00,SOL-USD,15m,67.45999908447266,68.13999938964844,67.41000366210938,67.91999816894531,25970944,25970944,yfinance,2026-07-10T06:58:01.269533+00:00
2026-06-08 21:15:00+00:00,SOL-USD,15m,67.94999694824219,68.02999877929688,67.69000244140625,67.79000091552734,16651776,16651776,yfinance,2026-07-10T06:58:01.269533+00:00
2026-06-08 21:30:00+00:00,SOL-USD,15m,67.81999969482422,67.9000015258789,67.7300033569336,67.88999938964844,3322624,3322624,yfinance,2026-07-10T06:58:01.269533+00:00
2026-06-08 21:45:00+00:00,SOL-USD,15m,67.87999725341797,67.91999816894531,67.45999908447266,67.47000122070312,1842688,1842688,yfinance,2026-07-10T06:58:01.269533+00:00
2026-06-08 22:00:00+00:00,SOL-USD,15m,67.37000274658203,67.41999816894531,67.0199966430664,67.02999877929688,0,0,yfinance,2026-07-10T06:58:01.269533+00:00
2026-06-08 22:15:00+00:00,SOL-USD,15m,67.0199966430664,67.2300033569336,66.83000183105469,67.06999969482422,0,0,yfinance,2026-07-10T06:58:01.269533+00:00
2026-06-08 22:30:00+00:00,SOL-USD,15m,67.08999633789062,67.13999938964844,66.93000030517578,67.02999877929688,0,0,yfinance,2026-07-10T06:58:01.269533+00:00
2026-06-08 22:45:00+00:00,SOL-USD,15m,67.05000305175781,67.19000244140625,66.9000015258789,67.1500015258789,0,0,yfinance,2026-07-10T06:58:01.269533+00:00
2026-06-08 23:00:00+00:00,SOL-USD,15m,67.16999816894531,67.41000366210938,67.12999725341797,67.37999725341797,0,0,yfinance,2026-07-10T06:58:01.269533+00:00
2026-06-08 23:15:00+00:00,SOL-USD,15m,67.37999725341797,67.37999725341797,66.6500015258789,66.80000305175781,0,0,yfinance,2026-07-10T06:58:01.269533+00:00
2026-06-08 23:30:00+00:00,SOL-USD,15m,66.76000213623047,66.93000030517578,66.6500015258789,66.81999969482422,0,0,yfinance,2026-07-10T06:58:01.269533+00:00
2026-06-08 23:45:00+00:00,SOL-USD,15m,66.80999755859375,66.83000183105469,66.62999725341797,66.80999755859375,0,0,yfinance,2026-07-10T06:58:01.269533+00:00
2026-06-09 00:00:00+00:00,SOL-USD,15m,66.77999877929688,66.81999969482422,66.52999877929688,66.55999755859375,0,0,yfinance,2026-07-10T06:58:01.269533+00:00
2026-06-09 00:15:00+00:00,SOL-USD,15m,66.52999877929688,66.87000274658203,65.83999633789062,65.9000015258789,18796032,18796032,yfinance,2026-07-10T06:58:01.269533+00:00
2026-06-09 00:30:00+00:00,SOL-USD,15m,65.94000244140625,65.95999908447266,65.47000122070312,65.76000213623047,26101504,26101504,yfinance,2026-07-10T06:58:01.269533+00:00
2026-06-09 00:45:00+00:00,SOL-USD,15m,65.7300033569336,65.7300033569336,65.27999877929688,65.41999816894531,22031616,22031616,yfinance,2026-07-10T06:58:01.269533+00:00
2026-06-09 01:00:00+00:00,SOL-USD,15m,65.37000274658203,65.63999938964844,65.37000274658203,65.56999969482422,6643712,6643712,yfinance,2026-07-10T06:58:01.269533+00:00
2026-06-09 01:15:00+00:00,SOL-USD,15m,65.51000213623047,65.97000122070312,65.51000213623047,65.8499984741211,0,0,yfinance,2026-07-10T06:58:01.269533+00:00
2026-06-09 01:30:00+00:00,SOL-USD,15m,65.8499984741211,66.02999877929688,65.75,65.83000183105469,0,0,yfinance,2026-07-10T06:58:01.269533+00:00
2026-06-09 01:45:00+00:00,SOL-USD,15m,65.83999633789062,66.02999877929688,65.7300033569336,65.95999908447266,0,0,yfinance,2026-07-10T06:58:01.269533+00:00
2026-06-09 02:00:00+00:00,SOL-USD,15m,65.95999908447266,66.05999755859375,65.83999633789062,65.8499984741211,0,0,yfinance,2026-07-10T06:58:01.269533+00:00
2026-06-09 02:15:00+00:00,SOL-USD,15m,65.8499984741211,65.88999938964844,65.58999633789062,65.87000274658203,0,0,yfinance,2026-07-10T06:58:01.269533+00:00
2026-06-09 02:30:00+00:00,SOL-USD,15m,65.87999725341797,65.95999908447266,65.51000213623047,65.72000122070312,0,0,yfinance,2026-07-10T06:58:01.269533+00:00
2026-06-09 02:45:00+00:00,SOL-USD,15m,65.73999786376953,65.9000015258789,65.62999725341797,65.88999938964844,442368,442368,yfinance,2026-07-10T06:58:01.269533+00:00
2026-06-09 03:00:00+00:00,SOL-USD,15m,65.91000366210938,66.0,65.7699966430664,65.97000122070312,122880,122880,yfinance,2026-07-10T06:58:01.269533+00:00
2026-06-09 03:15:00+00:00,SOL-USD,15m,65.97000122070312,66.08000183105469,65.81999969482422,65.86000061035156,429312,429312,yfinance,2026-07-10T06:58:01.269533+00:00
2026-06-09 03:30:00+00:00,SOL-USD,15m,65.88999938964844,65.93000030517578,65.63999938964844,65.8499984741211,0,0,yfinance,2026-07-10T06:58:01.269533+00:00
2026-06-09 03:45:00+00:00,SOL-USD,15m,65.83000183105469,66.0199966430664,65.76000213623047,65.98999786376953,254720,254720,yfinance,2026-07-10T06:58:01.269533+00:00
2026-06-09 04:00:00+00:00,SOL-USD,15m,65.9800033569336,66.19000244140625,65.80999755859375,66.0999984741211,0,0,yfinance,2026-07-10T06:58:01.269533+00:00
2026-06-09 04:15:00+00:00,SOL-USD,15m,66.05000305175781,66.18000030517578,65.91999816894531,65.94000244140625,1174528,1174528,yfinance,2026-07-10T06:58:01.269533+00:00
2026-06-09 04:30:00+00:00,SOL-USD,15m,65.94999694824219,67.25,65.86000061035156,67.04000091552734,71643136,71643136,yfinance,2026-07-10T06:58:01.269533+00:00
2026-06-09 04:45:00+00:00,SOL-USD,15m,66.98999786376953,67.3499984741211,66.95999908447266,66.97000122070312,32266240,32266240,yfinance,2026-07-10T06:58:01.269533+00:00
2026-06-09 05:00:00+00:00,SOL-USD,15m,66.97000122070312,67.12999725341797,66.66999816894531,67.0,3704064,3704064,yfinance,2026-07-10T06:58:01.269533+00:00
2026-06-09 05:15:00+00:00,SOL-USD,15m,66.98999786376953,67.1500015258789,66.93000030517578,67.0,67092992,67092992,yfinance,2026-07-10T06:58:01.269533+00:00
2026-06-09 05:30:00+00:00,SOL-USD,15m,67.01000213623047,67.36000061035156,67.0,67.16000366210938,10518272,10518272,yfinance,2026-07-10T06:58:01.269533+00:00
2026-06-09 05:45:00+00:00,SOL-USD,15m,67.13999938964844,67.30999755859375,67.06999969482422,67.16999816894531,1827584,1827584,yfinance,2026-07-10T06:58:01.269533+00:00
2026-06-09 06:00:00+00:00,SOL-USD,15m,67.18000030517578,67.2699966430664,67.06999969482422,67.19999694824219,1009664,1009664,yfinance,2026-07-10T06:58:01.269533+00:00
2026-06-09 06:15:00+00:00,SOL-USD,15m,67.19999694824219,67.43000030517578,67.19000244140625,67.23999786376953,748544,748544,yfinance,2026-07-10T06:58:01.269533+00:00
2026-06-09 06:30:00+00:00,SOL-USD,15m,67.2699966430664,67.31999969482422,67.13999938964844,67.19999694824219,0,0,yfinance,2026-07-10T06:58:01.269533+00:00
2026-06-09 06:45:00+00:00,SOL-USD,15m,67.22000122070312,67.30000305175781,66.94999694824219,67.02999877929688,3556864,3556864,yfinance,2026-07-10T06:58:01.269533+00:00
2026-06-09 07:00:00+00:00,SOL-USD,15m,67.05999755859375,67.30000305175781,66.97000122070312,66.97000122070312,1761024,1761024,yfinance,2026-07-10T06:58:01.269533+00:00
2026-06-09 07:15:00+00:00,SOL-USD,15m,66.91999816894531,67.18000030517578,66.5999984741211,66.63999938964844,0,0,yfinance,2026-07-10T06:58:01.269533+00:00
2026-06-09 07:30:00+00:00,SOL-USD,15m,66.68000030517578,66.9000015258789,66.68000030517578,66.83000183105469,20479488,20479488,yfinance,2026-07-10T06:58:01.269533+00:00
2026-06-09 07:45:00+00:00,SOL-USD,15m,66.86000061035156,66.93000030517578,66.7699966430664,66.86000061035156,991232,991232,yfinance,2026-07-10T06:58:01.269533+00:00
2026-06-09 08:00:00+00:00,SOL-USD,15m,66.87000274658203,66.9000015258789,66.37999725341797,66.55999755859375,8459008,8459008,yfinance,2026-07-10T06:58:01.269533+00:00
2026-06-09 08:15:00+00:00,SOL-USD,15m,66.55999755859375,66.68000030517578,66.41999816894531,66.58999633789062,10570752,10570752,yfinance,2026-07-10T06:58:01.269533+00:00
2026-06-09 08:30:00+00:00,SOL-USD,15m,66.55999755859375,66.76000213623047,66.5,66.68000030517578,3724288,3724288,yfinance,2026-07-10T06:58:01.269533+00:00
2026-06-09 08:45:00+00:00,SOL-USD,15m,66.69000244140625,66.75,66.55000305175781,66.56999969482422,1830912,1830912,yfinance,2026-07-10T06:58:01.269533+00:00
2026-06-09 09:00:00+00:00,SOL-USD,15m,66.58000183105469,66.68000030517578,66.47000122070312,66.66999816894531,0,0,yfinance,2026-07-10T06:58:01.269533+00:00
2026-06-09 09:15:00+00:00,SOL-USD,15m,66.68000030517578,66.80000305175781,66.37999725341797,66.38999938964844,0,0,yfinance,2026-07-10T06:58:01.269533+00:00
2026-06-09 09:30:00+00:00,SOL-USD,15m,66.36000061035156,66.38999938964844,66.05000305175781,66.11000061035156,7446272,7446272,yfinance,2026-07-10T06:58:01.269533+00:00
2026-06-09 09:45:00+00:00,SOL-USD,15m,66.12000274658203,66.19000244140625,66.08000183105469,66.13999938964844,0,0,yfinance,2026-07-10T06:58:01.269533+00:00
2026-06-09 10:00:00+00:00,SOL-USD,15m,66.16999816894531,66.25,65.97000122070312,66.18000030517578,5793792,5793792,yfinance,2026-07-10T06:58:01.269533+00:00
2026-06-09 10:15:00+00:00,SOL-USD,15m,66.18000030517578,66.19999694824219,66.05999755859375,66.16999816894531,2529792,2529792,yfinance,2026-07-10T06:58:01.269533+00:00
2026-06-09 10:30:00+00:00,SOL-USD,15m,66.16999816894531,66.16999816894531,66.0199966430664,66.12000274658203,0,0,yfinance,2026-07-10T06:58:01.269533+00:00
2026-06-09 10:45:00+00:00,SOL-USD,15m,66.0999984741211,66.44000244140625,66.05999755859375,66.37000274658203,2863104,2863104,yfinance,2026-07-10T06:58:01.269533+00:00
2026-06-09 11:00:00+00:00,SOL-USD,15m,66.37999725341797,66.41999816894531,66.0,66.01000213623047,0,0,yfinance,2026-07-10T06:58:01.269533+00:00
2026-06-09 11:15:00+00:00,SOL-USD,15m,66.0199966430664,66.08000183105469,65.87000274658203,65.9800033569336,688896,688896,yfinance,2026-07-10T06:58:01.269533+00:00
2026-06-09 11:30:00+00:00,SOL-USD,15m,65.97000122070312,66.12999725341797,65.88999938964844,66.05999755859375,0,0,yfinance,2026-07-10T06:58:01.269533+00:00
2026-06-09 11:45:00+00:00,SOL-USD,15m,66.05000305175781,66.18000030517578,65.94999694824219,66.08999633789062,0,0,yfinance,2026-07-10T06:58:01.269533+00:00
2026-06-09 12:00:00+00:00,SOL-USD,15m,66.05999755859375,66.4800033569336,66.05999755859375,66.38999938964844,1175808,1175808,yfinance,2026-07-10T06:58:01.269533+00:00
2026-06-09 12:15:00+00:00,SOL-USD,15m,66.38999938964844,66.38999938964844,66.19000244140625,66.23999786376953,0,0,yfinance,2026-07-10T06:58:01.269533+00:00
2026-06-09 12:30:00+00:00,SOL-USD,15m,66.2300033569336,66.29000091552734,66.04000091552734,66.05000305175781,0,0,yfinance,2026-07-10T06:58:01.269533+00:00
2026-06-09 12:45:00+00:00,SOL-USD,15m,66.02999877929688,66.2300033569336,65.93000030517578,66.16999816894531,0,0,yfinance,2026-07-10T06:58:01.269533+00:00
2026-06-09 13:00:00+00:00,SOL-USD,15m,66.20999908447266,66.33000183105469,66.12999725341797,66.18000030517578,274688,274688,yfinance,2026-07-10T06:58:01.269533+00:00
2026-06-09 13:15:00+00:00,SOL-USD,15m,66.18000030517578,66.18000030517578,65.6500015258789,65.72000122070312,7589120,7589120,yfinance,2026-07-10T06:58:01.269533+00:00
2026-06-09 13:30:00+00:00,SOL-USD,15m,65.66000366210938,66.01000213623047,65.56999969482422,66.0,2732544,2732544,yfinance,2026-07-10T06:58:01.269533+00:00
2026-06-09 13:45:00+00:00,SOL-USD,15m,65.9800033569336,66.1500015258789,65.80999755859375,65.81999969482422,2965248,2965248,yfinance,2026-07-10T06:58:01.269533+00:00
2026-06-09 14:00:00+00:00,SOL-USD,15m,65.80000305175781,65.94999694824219,65.31999969482422,65.31999969482422,5159680,5159680,yfinance,2026-07-10T06:58:01.269533+00:00
2026-06-09 14:15:00+00:00,SOL-USD,15m,65.33000183105469,65.41999816894531,64.69999694824219,64.69999694824219,16728320,16728320,yfinance,2026-07-10T06:58:01.269533+00:00
2026-06-09 14:30:00+00:00,SOL-USD,15m,64.73999786376953,64.91999816894531,64.47000122070312,64.5199966430664,10655744,10655744,yfinance,2026-07-10T06:58:01.269533+00:00
2026-06-09 14:45:00+00:00,SOL-USD,15m,64.48999786376953,65.0199966430664,64.37999725341797,65.01000213623047,16139520,16139520,yfinance,2026-07-10T06:58:01.269533+00:00
2026-06-09 15:00:00+00:00,SOL-USD,15m,65.02999877929688,65.26000213623047,64.79000091552734,65.16999816894531,3352576,3352576,yfinance,2026-07-10T06:58:01.269533+00:00
2026-06-09 15:15:00+00:00,SOL-USD,15m,65.16000366210938,65.23999786376953,64.63999938964844,64.66000366210938,0,0,yfinance,2026-07-10T06:58:01.269533+00:00
2026-06-09 15:30:00+00:00,SOL-USD,15m,64.68000030517578,64.7699966430664,64.41000366210938,64.62999725341797,5814784,5814784,yfinance,2026-07-10T06:58:01.269533+00:00
2026-06-09 15:45:00+00:00,SOL-USD,15m,64.66999816894531,64.69999694824219,64.22000122070312,64.27999877929688,10990336,10990336,yfinance,2026-07-10T06:58:01.269533+00:00
2026-06-09 16:00:00+00:00,SOL-USD,15m,64.31999969482422,64.43000030517578,63.95000076293945,63.959999084472656,17451008,17451008,yfinance,2026-07-10T06:58:01.269533+00:00
2026-06-09 16:15:00+00:00,SOL-USD,15m,63.970001220703125,64.13999938964844,63.790000915527344,64.05000305175781,13497344,13497344,yfinance,2026-07-10T06:58:01.269533+00:00
2026-06-09 16:30:00+00:00,SOL-USD,15m,64.0,64.30999755859375,63.5099983215332,64.06999969482422,27549696,27549696,yfinance,2026-07-10T06:58:01.269533+00:00
2026-06-09 16:45:00+00:00,SOL-USD,15m,64.06999969482422,64.27999877929688,63.790000915527344,64.08999633789062,24240896,24240896,yfinance,2026-07-10T06:58:01.269533+00:00
2026-06-09 17:00:00+00:00,SOL-USD,15m,64.12000274658203,64.58000183105469,64.05000305175781,64.4800033569336,89600,89600,yfinance,2026-07-10T06:58:01.269533+00:00
2026-06-09 17:15:00+00:00,SOL-USD,15m,64.4800033569336,65.06999969482422,64.4800033569336,64.88999938964844,36088320,36088320,yfinance,2026-07-10T06:58:01.269533+00:00
2026-06-09 17:30:00+00:00,SOL-USD,15m,64.9000015258789,65.0999984741211,64.80999755859375,64.8499984741211,12364544,12364544,yfinance,2026-07-10T06:58:01.269533+00:00
2026-06-09 17:45:00+00:00,SOL-USD,15m,64.86000061035156,64.97000122070312,64.69000244140625,64.73999786376953,12851968,12851968,yfinance,2026-07-10T06:58:01.269533+00:00
2026-06-09 18:00:00+00:00,SOL-USD,15m,64.79000091552734,64.98999786376953,64.61000061035156,64.93000030517578,4052736,4052736,yfinance,2026-07-10T06:58:01.269533+00:00
2026-06-09 18:15:00+00:00,SOL-USD,15m,64.9000015258789,65.44000244140625,64.87999725341797,65.0199966430664,15924224,15924224,yfinance,2026-07-10T06:58:01.269533+00:00
2026-06-09 18:30:00+00:00,SOL-USD,15m,65.01000213623047,65.31999969482422,64.98999786376953,65.0,11662592,11662592,yfinance,2026-07-10T06:58:01.269533+00:00
2026-06-09 18:45:00+00:00,SOL-USD,15m,65.01000213623047,65.27999877929688,65.01000213623047,65.23999786376953,1161472,1161472,yfinance,2026-07-10T06:58:01.269533+00:00
2026-06-09 19:00:00+00:00,SOL-USD,15m,65.23999786376953,65.4000015258789,65.11000061035156,65.1500015258789,346880,346880,yfinance,2026-07-10T06:58:01.269533+00:00
2026-06-09 19:15:00+00:00,SOL-USD,15m,65.16000366210938,65.30000305175781,65.06999969482422,65.30000305175781,4635904,4635904,yfinance,2026-07-10T06:58:01.269533+00:00
2026-06-09 19:30:00+00:00,SOL-USD,15m,65.31999969482422,65.5999984741211,65.11000061035156,65.26000213623047,6254336,6254336,yfinance,2026-07-10T06:58:01.269533+00:00
2026-06-09 19:45:00+00:00,SOL-USD,15m,65.2699966430664,65.56999969482422,65.0,65.37000274658203,9879296,9879296,yfinance,2026-07-10T06:58:01.269533+00:00
2026-06-09 20:00:00+00:00,SOL-USD,15m,65.41000366210938,65.55000305175781,65.23999786376953,65.5199966430664,2253312,2253312,yfinance,2026-07-10T06:58:01.269533+00:00
2026-06-09 20:15:00+00:00,SOL-USD,15m,65.5199966430664,65.6500015258789,65.2699966430664,65.43000030517578,0,0,yfinance,2026-07-10T06:58:01.269533+00:00
2026-06-09 20:30:00+00:00,SOL-USD,15m,65.41000366210938,65.62000274658203,65.29000091552734,65.55000305175781,1007104,1007104,yfinance,2026-07-10T06:58:01.269533+00:00
2026-06-09 20:45:00+00:00,SOL-USD,15m,65.58000183105469,65.58000183105469,65.41999816894531,65.58000183105469,318976,318976,yfinance,2026-07-10T06:58:01.269533+00:00
2026-06-09 21:00:00+00:00,SOL-USD,15m,65.58000183105469,65.61000061035156,65.37999725341797,65.48999786376953,0,0,yfinance,2026-07-10T06:58:01.269533+00:00
2026-06-09 21:15:00+00:00,SOL-USD,15m,65.48999786376953,65.51000213623047,65.05999755859375,65.08999633789062,0,0,yfinance,2026-07-10T06:58:01.269533+00:00
2026-06-09 21:30:00+00:00,SOL-USD,15m,65.08999633789062,65.1500015258789,64.91999816894531,64.97000122070312,470528,470528,yfinance,2026-07-10T06:58:01.269533+00:00
2026-06-09 21:45:00+00:00,SOL-USD,15m,64.97000122070312,65.01000213623047,64.8499984741211,64.95999908447266,1614592,1614592,yfinance,2026-07-10T06:58:01.269533+00:00
2026-06-09 22:00:00+00:00,SOL-USD,15m,64.9800033569336,65.05000305175781,64.83000183105469,65.05000305175781,0,0,yfinance,2026-07-10T06:58:01.269533+00:00
2026-06-09 22:15:00+00:00,SOL-USD,15m,65.04000091552734,65.30000305175781,65.02999877929688,65.08999633789062,0,0,yfinance,2026-07-10T06:58:01.269533+00:00
2026-06-09 22:30:00+00:00,SOL-USD,15m,65.11000061035156,65.23999786376953,65.01000213623047,65.12000274658203,723200,723200,yfinance,2026-07-10T06:58:01.269533+00:00
2026-06-09 22:45:00+00:00,SOL-USD,15m,65.08999633789062,65.13999938964844,64.79000091552734,64.83999633789062,7340032,7340032,yfinance,2026-07-10T06:58:01.269533+00:00
2026-06-09 23:00:00+00:00,SOL-USD,15m,64.8499984741211,64.9800033569336,64.7300033569336,64.9000015258789,5438208,5438208,yfinance,2026-07-10T06:58:01.269533+00:00
2026-06-09 23:15:00+00:00,SOL-USD,15m,64.88999938964844,65.12000274658203,64.8499984741211,64.86000061035156,0,0,yfinance,2026-07-10T06:58:01.269533+00:00
2026-06-09 23:30:00+00:00,SOL-USD,15m,64.9000015258789,64.94999694824219,64.69000244140625,64.88999938964844,1330944,1330944,yfinance,2026-07-10T06:58:01.269533+00:00
2026-06-09 23:45:00+00:00,SOL-USD,15m,64.91000366210938,65.05999755859375,64.80999755859375,64.93000030517578,3117824,3117824,yfinance,2026-07-10T06:58:01.269533+00:00
2026-06-10 00:00:00+00:00,SOL-USD,15m,64.97000122070312,65.16999816894531,64.91999816894531,65.06999969482422,2033408,2033408,yfinance,2026-07-10T06:58:01.269533+00:00
2026-06-10 00:15:00+00:00,SOL-USD,15m,65.05999755859375,65.08000183105469,64.81999969482422,65.04000091552734,302848,302848,yfinance,2026-07-10T06:58:01.269533+00:00
2026-06-10 00:30:00+00:00,SOL-USD,15m,65.04000091552734,65.05000305175781,64.44000244140625,64.52999877929688,0,0,yfinance,2026-07-10T06:58:01.269533+00:00
2026-06-10 00:45:00+00:00,SOL-USD,15m,64.52999877929688,65.13999938964844,64.48999786376953,65.13999938964844,846336,846336,yfinance,2026-07-10T06:58:01.269533+00:00
2026-06-10 01:00:00+00:00,SOL-USD,15m,65.13999938964844,65.2300033569336,64.83999633789062,65.05999755859375,0,0,yfinance,2026-07-10T06:58:01.269533+00:00
2026-06-10 01:15:00+00:00,SOL-USD,15m,65.05000305175781,65.26000213623047,65.01000213623047,65.13999938964844,0,0,yfinance,2026-07-10T06:58:01.269533+00:00
2026-06-10 01:30:00+00:00,SOL-USD,15m,65.1500015258789,65.19999694824219,64.7699966430664,64.86000061035156,851200,851200,yfinance,2026-07-10T06:58:01.269533+00:00
2026-06-10 01:45:00+00:00,SOL-USD,15m,64.87000274658203,65.20999908447266,64.83000183105469,65.06999969482422,5282304,5282304,yfinance,2026-07-10T06:58:01.269533+00:00
2026-06-10 02:00:00+00:00,SOL-USD,15m,65.05999755859375,65.19000244140625,64.83000183105469,64.83999633789062,2060288,2060288,yfinance,2026-07-10T06:58:01.269533+00:00
2026-06-10 02:15:00+00:00,SOL-USD,15m,64.86000061035156,64.88999938964844,64.5,64.66999816894531,5850368,5850368,yfinance,2026-07-10T06:58:01.269533+00:00
2026-06-10 02:30:00+00:00,SOL-USD,15m,64.68000030517578,64.7300033569336,64.29000091552734,64.36000061035156,4869120,4869120,yfinance,2026-07-10T06:58:01.269533+00:00
2026-06-10 02:45:00+00:00,SOL-USD,15m,64.37999725341797,64.37999725341797,64.19999694824219,64.2699966430664,4225792,4225792,yfinance,2026-07-10T06:58:01.269533+00:00
2026-06-10 03:00:00+00:00,SOL-USD,15m,64.23999786376953,64.6500015258789,64.2300033569336,64.45999908447266,792832,792832,yfinance,2026-07-10T06:58:01.269533+00:00
2026-06-10 03:15:00+00:00,SOL-USD,15m,64.45999908447266,64.80000305175781,64.44000244140625,64.76000213623047,439040,439040,yfinance,2026-07-10T06:58:01.269533+00:00
2026-06-10 03:30:00+00:00,SOL-USD,15m,64.7300033569336,64.7300033569336,64.47000122070312,64.56999969482422,258048,258048,yfinance,2026-07-10T06:58:01.269533+00:00
2026-06-10 03:45:00+00:00,SOL-USD,15m,64.56999969482422,64.69000244140625,64.41000366210938,64.47000122070312,2639360,2639360,yfinance,2026-07-10T06:58:01.269533+00:00
2026-06-10 04:00:00+00:00,SOL-USD,15m,64.47000122070312,64.52999877929688,64.3499984741211,64.4800033569336,768000,768000,yfinance,2026-07-10T06:58:01.269533+00:00
2026-06-10 04:15:00+00:00,SOL-USD,15m,64.4800033569336,64.5999984741211,64.37999725341797,64.45999908447266,792832,792832,yfinance,2026-07-10T06:58:01.269533+00:00
2026-06-10 04:30:00+00:00,SOL-USD,15m,64.44999694824219,64.44999694824219,64.12000274658203,64.1500015258789,0,0,yfinance,2026-07-10T06:58:01.269533+00:00
2026-06-10 04:45:00+00:00,SOL-USD,15m,64.1500015258789,64.30000305175781,64.08000183105469,64.2300033569336,0,0,yfinance,2026-07-10T06:58:01.269533+00:00
2026-06-10 05:00:00+00:00,SOL-USD,15m,64.25,64.33000183105469,64.04000091552734,64.06999969482422,0,0,yfinance,2026-07-10T06:58:01.269533+00:00
2026-06-10 05:15:00+00:00,SOL-USD,15m,64.05000305175781,64.13999938964844,63.880001068115234,64.13999938964844,684032,684032,yfinance,2026-07-10T06:58:01.269533+00:00
2026-06-10 05:30:00+00:00,SOL-USD,15m,64.16000366210938,64.18000030517578,63.970001220703125,64.05000305175781,0,0,yfinance,2026-07-10T06:58:01.269533+00:00
2026-06-10 05:45:00+00:00,SOL-USD,15m,64.05000305175781,64.13999938964844,63.91999816894531,64.06999969482422,0,0,yfinance,2026-07-10T06:58:01.269533+00:00
2026-06-10 06:00:00+00:00,SOL-USD,15m,64.0999984741211,64.0999984741211,63.880001068115234,63.97999954223633,0,0,yfinance,2026-07-10T06:58:01.269533+00:00
2026-06-10 06:15:00+00:00,SOL-USD,15m,63.959999084472656,64.18000030517578,63.939998626708984,64.08000183105469,0,0,yfinance,2026-07-10T06:58:01.269533+00:00
2026-06-10 06:30:00+00:00,SOL-USD,15m,64.05999755859375,64.27999877929688,63.790000915527344,64.18000030517578,4630016,4630016,yfinance,2026-07-10T06:58:01.269533+00:00
2026-06-10 06:45:00+00:00,SOL-USD,15m,64.19000244140625,64.30000305175781,64.12999725341797,64.16000366210938,1401088,1401088,yfinance,2026-07-10T06:58:01.269533+00:00
2026-06-10 07:00:00+00:00,SOL-USD,15m,64.1500015258789,64.4000015258789,64.08999633789062,64.33000183105469,0,0,yfinance,2026-07-10T06:58:01.269533+00:00
2026-06-10 07:15:00+00:00,SOL-USD,15m,64.33000183105469,64.54000091552734,64.30999755859375,64.4800033569336,2640896,2640896,yfinance,2026-07-10T06:58:01.269533+00:00
2026-06-10 07:30:00+00:00,SOL-USD,15m,64.47000122070312,64.70999908447266,64.38999938964844,64.56999969482422,617216,617216,yfinance,2026-07-10T06:58:01.269533+00:00
2026-06-10 07:45:00+00:00,SOL-USD,15m,64.56999969482422,64.5999984741211,64.41000366210938,64.44999694824219,1051648,1051648,yfinance,2026-07-10T06:58:01.269533+00:00
2026-06-10 08:00:00+00:00,SOL-USD,15m,64.44999694824219,64.47000122070312,63.9900016784668,64.05000305175781,0,0,yfinance,2026-07-10T06:58:01.269533+00:00
2026-06-10 08:15:00+00:00,SOL-USD,15m,64.06999969482422,64.22000122070312,63.7599983215332,63.790000915527344,2254080,2254080,yfinance,2026-07-10T06:58:01.269533+00:00
2026-06-10 08:30:00+00:00,SOL-USD,15m,63.79999923706055,63.88999938964844,63.459999084472656,63.470001220703125,15685632,15685632,yfinance,2026-07-10T06:58:01.269533+00:00
2026-06-10 08:45:00+00:00,SOL-USD,15m,63.47999954223633,63.63999938964844,63.380001068115234,63.56999969482422,14994432,14994432,yfinance,2026-07-10T06:58:01.269533+00:00
2026-06-10 09:00:00+00:00,SOL-USD,15m,63.560001373291016,63.689998626708984,63.380001068115234,63.380001068115234,4507392,4507392,yfinance,2026-07-10T06:58:01.269533+00:00
2026-06-10 09:15:00+00:00,SOL-USD,15m,63.400001525878906,63.459999084472656,63.060001373291016,63.43000030517578,14567680,14567680,yfinance,2026-07-10T06:58:01.269533+00:00
2026-06-10 09:30:00+00:00,SOL-USD,15m,63.41999816894531,63.68000030517578,63.400001525878906,63.52000045776367,2724864,2724864,yfinance,2026-07-10T06:58:01.269533+00:00
2026-06-10 09:45:00+00:00,SOL-USD,15m,63.52000045776367,63.63999938964844,63.33000183105469,63.59000015258789,3132160,3132160,yfinance,2026-07-10T06:58:01.269533+00:00
2026-06-10 10:00:00+00:00,SOL-USD,15m,63.56999969482422,63.619998931884766,63.31999969482422,63.41999816894531,0,0,yfinance,2026-07-10T06:58:01.269533+00:00
2026-06-10 10:15:00+00:00,SOL-USD,15m,63.40999984741211,63.54999923706055,63.22999954223633,63.5,2436608,2436608,yfinance,2026-07-10T06:58:01.269533+00:00
2026-06-10 10:30:00+00:00,SOL-USD,15m,63.5,63.72999954223633,63.369998931884766,63.47999954223633,13603584,13603584,yfinance,2026-07-10T06:58:01.269533+00:00
2026-06-10 10:45:00+00:00,SOL-USD,15m,63.47999954223633,63.68000030517578,63.439998626708984,63.630001068115234,12897536,12897536,yfinance,2026-07-10T06:58:01.269533+00:00
2026-06-10 11:00:00+00:00,SOL-USD,15m,63.63999938964844,63.709999084472656,62.90999984741211,63.380001068115234,34565632,34565632,yfinance,2026-07-10T06:58:01.269533+00:00
2026-06-10 11:15:00+00:00,SOL-USD,15m,63.369998931884766,63.52000045776367,63.0,63.16999816894531,8424192,8424192,yfinance,2026-07-10T06:58:01.269533+00:00
2026-06-10 11:30:00+00:00,SOL-USD,15m,63.18000030517578,63.38999938964844,63.150001525878906,63.33000183105469,20519424,20519424,yfinance,2026-07-10T06:58:01.269533+00:00
2026-06-10 11:45:00+00:00,SOL-USD,15m,63.290000915527344,63.560001373291016,63.290000915527344,63.45000076293945,14713088,14713088,yfinance,2026-07-10T06:58:01.269533+00:00
2026-06-10 12:00:00+00:00,SOL-USD,15m,63.470001220703125,63.540000915527344,63.27000045776367,63.47999954223633,346368,346368,yfinance,2026-07-10T06:58:01.269533+00:00
2026-06-10 12:15:00+00:00,SOL-USD,15m,63.470001220703125,63.58000183105469,63.27000045776367,63.47999954223633,17648640,17648640,yfinance,2026-07-10T06:58:01.269533+00:00
2026-06-10 12:30:00+00:00,SOL-USD,15m,63.65999984741211,64.58999633789062,63.65999984741211,64.23999786376953,103231744,103231744,yfinance,2026-07-10T06:58:01.269533+00:00
2026-06-10 12:45:00+00:00,SOL-USD,15m,64.25,64.43000030517578,64.06999969482422,64.08000183105469,32109312,32109312,yfinance,2026-07-10T06:58:01.269533+00:00
2026-06-10 13:00:00+00:00,SOL-USD,15m,64.08000183105469,64.20999908447266,63.959999084472656,64.12000274658203,9833472,9833472,yfinance,2026-07-10T06:58:01.269533+00:00
2026-06-10 13:15:00+00:00,SOL-USD,15m,64.1500015258789,64.37999725341797,64.05000305175781,64.3499984741211,890624,890624,yfinance,2026-07-10T06:58:01.269533+00:00
2026-06-10 13:30:00+00:00,SOL-USD,15m,64.33000183105469,65.36000061035156,64.33000183105469,65.3499984741211,50394368,50394368,yfinance,2026-07-10T06:58:01.269533+00:00
2026-06-10 13:45:00+00:00,SOL-USD,15m,65.38999938964844,65.47000122070312,64.95999908447266,65.0199966430664,43478784,43478784,yfinance,2026-07-10T06:58:01.269533+00:00
2026-06-10 14:00:00+00:00,SOL-USD,15m,65.02999877929688,65.2300033569336,64.80000305175781,64.86000061035156,0,0,yfinance,2026-07-10T06:58:01.269533+00:00
2026-06-10 14:15:00+00:00,SOL-USD,15m,64.87999725341797,65.12999725341797,64.5999984741211,64.95999908447266,0,0,yfinance,2026-07-10T06:58:01.269533+00:00
2026-06-10 14:30:00+00:00,SOL-USD,15m,65.0,65.08999633789062,64.54000091552734,64.83999633789062,0,0,yfinance,2026-07-10T06:58:01.269533+00:00
2026-06-10 14:45:00+00:00,SOL-USD,15m,64.81999969482422,65.0,64.55000305175781,65.0,0,0,yfinance,2026-07-10T06:58:01.269533+00:00
2026-06-10 15:00:00+00:00,SOL-USD,15m,65.0,65.2699966430664,64.52999877929688,64.70999908447266,1527040,1527040,yfinance,2026-07-10T06:58:01.269533+00:00
2026-06-10 15:15:00+00:00,SOL-USD,15m,64.66999816894531,65.26000213623047,64.5,65.16999816894531,10782720,10782720,yfinance,2026-07-10T06:58:01.269533+00:00
2026-06-10 15:30:00+00:00,SOL-USD,15m,65.13999938964844,65.36000061035156,65.02999877929688,65.33999633789062,579840,579840,yfinance,2026-07-10T06:58:01.269533+00:00
2026-06-10 15:45:00+00:00,SOL-USD,15m,65.33000183105469,65.70999908447266,64.70999908447266,65.38999938964844,51145728,51145728,yfinance,2026-07-10T06:58:01.269533+00:00
2026-06-10 16:00:00+00:00,SOL-USD,15m,65.38999938964844,65.4000015258789,65.02999877929688,65.04000091552734,3847936,3847936,yfinance,2026-07-10T06:58:01.269533+00:00
2026-06-10 16:15:00+00:00,SOL-USD,15m,65.05999755859375,65.20999908447266,64.63999938964844,64.91000366210938,0,0,yfinance,2026-07-10T06:58:01.269533+00:00
2026-06-10 16:30:00+00:00,SOL-USD,15m,64.91999816894531,65.05999755859375,64.70999908447266,64.70999908447266,4883456,4883456,yfinance,2026-07-10T06:58:01.269533+00:00
2026-06-10 16:45:00+00:00,SOL-USD,15m,64.68000030517578,64.70999908447266,64.19000244140625,64.55999755859375,1531392,1531392,yfinance,2026-07-10T06:58:01.269533+00:00
2026-06-10 17:00:00+00:00,SOL-USD,15m,64.56999969482422,64.9000015258789,64.4000015258789,64.47000122070312,0,0,yfinance,2026-07-10T06:58:01.269533+00:00
2026-06-10 17:15:00+00:00,SOL-USD,15m,64.45999908447266,64.63999938964844,64.02999877929688,64.02999877929688,0,0,yfinance,2026-07-10T06:58:01.269533+00:00
2026-06-10 17:30:00+00:00,SOL-USD,15m,64.04000091552734,64.04000091552734,63.58000183105469,63.68000030517578,15817472,15817472,yfinance,2026-07-10T06:58:01.269533+00:00
2026-06-10 17:45:00+00:00,SOL-USD,15m,63.68000030517578,64.16999816894531,63.619998931884766,63.9900016784668,19015936,19015936,yfinance,2026-07-10T06:58:01.269533+00:00
2026-06-10 18:00:00+00:00,SOL-USD,15m,64.04000091552734,64.16000366210938,63.779998779296875,63.88999938964844,3722240,3722240,yfinance,2026-07-10T06:58:01.269533+00:00
2026-06-10 18:15:00+00:00,SOL-USD,15m,63.88999938964844,64.0,63.68000030517578,64.0,2569984,2569984,yfinance,2026-07-10T06:58:01.269533+00:00
2026-06-10 18:30:00+00:00,SOL-USD,15m,63.970001220703125,63.970001220703125,63.369998931884766,63.41999816894531,8482304,8482304,yfinance,2026-07-10T06:58:01.269533+00:00
2026-06-10 18:45:00+00:00,SOL-USD,15m,63.43000030517578,63.79999923706055,63.33000183105469,63.77000045776367,12450560,12450560,yfinance,2026-07-10T06:58:01.269533+00:00
2026-06-10 19:00:00+00:00,SOL-USD,15m,63.77000045776367,63.880001068115234,63.52000045776367,63.56999969482422,1491200,1491200,yfinance,2026-07-10T06:58:01.269533+00:00
2026-06-10 19:15:00+00:00,SOL-USD,15m,63.58000183105469,63.650001525878906,63.380001068115234,63.599998474121094,265984,265984,yfinance,2026-07-10T06:58:01.269533+00:00
2026-06-10 19:30:00+00:00,SOL-USD,15m,63.630001068115234,63.83000183105469,63.54999923706055,63.689998626708984,8454144,8454144,yfinance,2026-07-10T06:58:01.269533+00:00
2026-06-10 19:45:00+00:00,SOL-USD,15m,63.68000030517578,63.709999084472656,63.38999938964844,63.47999954223633,0,0,yfinance,2026-07-10T06:58:01.269533+00:00
2026-06-10 20:00:00+00:00,SOL-USD,15m,63.470001220703125,63.560001373291016,63.13999938964844,63.400001525878906,2921472,2921472,yfinance,2026-07-10T06:58:01.269533+00:00
2026-06-10 20:15:00+00:00,SOL-USD,15m,63.400001525878906,63.59000015258789,63.189998626708984,63.529998779296875,8889344,8889344,yfinance,2026-07-10T06:58:01.269533+00:00
2026-06-10 20:30:00+00:00,SOL-USD,15m,63.47999954223633,63.56999969482422,63.290000915527344,63.36000061035156,3442432,3442432,yfinance,2026-07-10T06:58:01.269533+00:00
2026-06-10 20:45:00+00:00,SOL-USD,15m,63.31999969482422,63.400001525878906,63.099998474121094,63.290000915527344,11593984,11593984,yfinance,2026-07-10T06:58:01.269533+00:00
2026-06-10 21:00:00+00:00,SOL-USD,15m,63.2400016784668,63.2400016784668,62.619998931884766,62.68000030517578,13494784,13494784,yfinance,2026-07-10T06:58:01.269533+00:00
2026-06-10 21:15:00+00:00,SOL-USD,15m,62.75,63.0,62.75,62.93000030517578,12552960,12552960,yfinance,2026-07-10T06:58:01.269533+00:00
2026-06-10 21:30:00+00:00,SOL-USD,15m,62.91999816894531,63.08000183105469,62.880001068115234,63.0099983215332,931072,931072,yfinance,2026-07-10T06:58:01.269533+00:00
2026-06-10 21:45:00+00:00,SOL-USD,15m,62.9900016784668,63.04999923706055,62.310001373291016,62.540000915527344,8873728,8873728,yfinance,2026-07-10T06:58:01.269533+00:00
2026-06-10 22:00:00+00:00,SOL-USD,15m,62.56999969482422,62.630001068115234,62.31999969482422,62.52000045776367,16627968,16627968,yfinance,2026-07-10T06:58:01.269533+00:00
2026-06-10 22:15:00+00:00,SOL-USD,15m,62.5099983215332,62.650001525878906,62.310001373291016,62.540000915527344,14199040,14199040,yfinance,2026-07-10T06:58:01.269533+00:00
2026-06-10 22:30:00+00:00,SOL-USD,15m,62.529998779296875,63.0,62.5099983215332,62.869998931884766,15894784,15894784,yfinance,2026-07-10T06:58:01.269533+00:00
2026-06-10 22:45:00+00:00,SOL-USD,15m,62.849998474121094,62.869998931884766,62.70000076293945,62.720001220703125,10305536,10305536,yfinance,2026-07-10T06:58:01.269533+00:00
2026-06-10 23:00:00+00:00,SOL-USD,15m,62.720001220703125,62.720001220703125,62.47999954223633,62.5099983215332,0,0,yfinance,2026-07-10T06:58:01.269533+00:00
2026-06-10 23:15:00+00:00,SOL-USD,15m,62.5099983215332,63.029998779296875,62.400001525878906,63.02000045776367,17450496,17450496,yfinance,2026-07-10T06:58:01.269533+00:00
2026-06-10 23:30:00+00:00,SOL-USD,15m,63.02000045776367,63.189998626708984,62.90999984741211,63.119998931884766,11431680,11431680,yfinance,2026-07-10T06:58:01.269533+00:00
2026-06-10 23:45:00+00:00,SOL-USD,15m,63.09000015258789,63.2400016784668,63.060001373291016,63.119998931884766,4139008,4139008,yfinance,2026-07-10T06:58:01.269533+00:00
2026-06-11 00:00:00+00:00,SOL-USD,15m,63.150001525878906,63.380001068115234,63.13999938964844,63.369998931884766,747776,747776,yfinance,2026-07-10T06:58:01.269533+00:00
2026-06-11 00:15:00+00:00,SOL-USD,15m,63.400001525878906,63.68000030517578,63.36000061035156,63.619998931884766,17721088,17721088,yfinance,2026-07-10T06:58:01.269533+00:00
2026-06-11 00:30:00+00:00,SOL-USD,15m,63.630001068115234,63.650001525878906,63.41999816894531,63.52000045776367,4005632,4005632,yfinance,2026-07-10T06:58:01.269533+00:00
2026-06-11 00:45:00+00:00,SOL-USD,15m,63.54999923706055,63.70000076293945,63.54999923706055,63.599998474121094,0,0,yfinance,2026-07-10T06:58:01.269533+00:00
2026-06-11 01:00:00+00:00,SOL-USD,15m,63.61000061035156,64.19000244140625,63.61000061035156,64.11000061035156,5667584,5667584,yfinance,2026-07-10T06:58:01.269533+00:00
2026-06-11 01:15:00+00:00,SOL-USD,15m,64.08999633789062,64.29000091552734,64.08000183105469,64.20999908447266,9643776,9643776,yfinance,2026-07-10T06:58:01.269533+00:00
2026-06-11 01:30:00+00:00,SOL-USD,15m,64.2300033569336,65.05000305175781,64.06999969482422,64.8499984741211,11115264,11115264,yfinance,2026-07-10T06:58:01.269533+00:00
2026-06-11 01:45:00+00:00,SOL-USD,15m,64.83999633789062,65.0999984741211,64.70999908447266,64.8499984741211,80956160,80956160,yfinance,2026-07-10T06:58:01.269533+00:00
2026-06-11 02:00:00+00:00,SOL-USD,15m,64.87999725341797,64.94000244140625,64.62999725341797,64.7300033569336,15846400,15846400,yfinance,2026-07-10T06:58:01.269533+00:00
2026-06-11 02:15:00+00:00,SOL-USD,15m,64.73999786376953,64.80999755859375,64.44999694824219,64.48999786376953,3180288,3180288,yfinance,2026-07-10T06:58:01.269533+00:00
2026-06-11 02:30:00+00:00,SOL-USD,15m,64.4800033569336,64.55000305175781,64.30000305175781,64.41999816894531,16390912,16390912,yfinance,2026-07-10T06:58:01.269533+00:00
2026-06-11 02:45:00+00:00,SOL-USD,15m,64.37999725341797,64.58999633789062,64.30000305175781,64.45999908447266,7031808,7031808,yfinance,2026-07-10T06:58:01.269533+00:00
2026-06-11 03:00:00+00:00,SOL-USD,15m,64.47000122070312,64.5199966430664,64.27999877929688,64.3499984741211,4252160,4252160,yfinance,2026-07-10T06:58:01.269533+00:00
2026-06-11 03:15:00+00:00,SOL-USD,15m,64.36000061035156,64.45999908447266,64.26000213623047,64.44000244140625,959744,959744,yfinance,2026-07-10T06:58:01.269533+00:00
2026-06-11 03:30:00+00:00,SOL-USD,15m,64.43000030517578,64.93000030517578,64.43000030517578,64.79000091552734,27806208,27806208,yfinance,2026-07-10T06:58:01.269533+00:00
2026-06-11 03:45:00+00:00,SOL-USD,15m,64.80000305175781,65.37000274658203,64.79000091552734,65.19000244140625,22188288,22188288,yfinance,2026-07-10T06:58:01.269533+00:00
2026-06-11 04:00:00+00:00,SOL-USD,15m,65.22000122070312,65.22000122070312,64.94000244140625,65.02999877929688,30953216,30953216,yfinance,2026-07-10T06:58:01.269533+00:00
2026-06-11 04:15:00+00:00,SOL-USD,15m,65.02999877929688,65.12999725341797,64.9800033569336,65.02999877929688,2644992,2644992,yfinance,2026-07-10T06:58:01.269533+00:00
2026-06-11 04:30:00+00:00,SOL-USD,15m,65.02999877929688,65.11000061035156,64.91000366210938,65.0999984741211,1864192,1864192,yfinance,2026-07-10T06:58:01.269533+00:00
2026-06-11 04:45:00+00:00,SOL-USD,15m,65.11000061035156,65.26000213623047,65.08999633789062,65.13999938964844,2251264,2251264,yfinance,2026-07-10T06:58:01.269533+00:00
2026-06-11 05:00:00+00:00,SOL-USD,15m,65.11000061035156,65.11000061035156,64.95999908447266,65.01000213623047,0,0,yfinance,2026-07-10T06:58:01.269533+00:00
2026-06-11 05:15:00+00:00,SOL-USD,15m,65.0,65.19000244140625,64.98999786376953,65.05999755859375,1267968,1267968,yfinance,2026-07-10T06:58:01.269533+00:00
2026-06-11 05:30:00+00:00,SOL-USD,15m,65.05999755859375,65.11000061035156,64.98999786376953,65.08999633789062,0,0,yfinance,2026-07-10T06:58:01.269533+00:00
2026-06-11 05:45:00+00:00,SOL-USD,15m,65.0999984741211,65.12999725341797,64.87999725341797,64.87999725341797,1601536,1601536,yfinance,2026-07-10T06:58:01.269533+00:00
2026-06-11 06:00:00+00:00,SOL-USD,15m,64.87999725341797,65.12000274658203,64.73999786376953,65.11000061035156,1934080,1934080,yfinance,2026-07-10T06:58:01.269533+00:00
2026-06-11 06:15:00+00:00,SOL-USD,15m,65.12000274658203,65.31999969482422,65.08000183105469,65.26000213623047,21404928,21404928,yfinance,2026-07-10T06:58:01.269533+00:00
2026-06-11 06:30:00+00:00,SOL-USD,15m,65.2699966430664,65.36000061035156,65.19999694824219,65.2300033569336,8831744,8831744,yfinance,2026-07-10T06:58:01.269533+00:00
2026-06-11 06:45:00+00:00,SOL-USD,15m,65.23999786376953,65.26000213623047,65.02999877929688,65.04000091552734,1674752,1674752,yfinance,2026-07-10T06:58:01.269533+00:00
2026-06-11 07:00:00+00:00,SOL-USD,15m,65.0199966430664,65.05000305175781,64.83000183105469,64.9000015258789,668928,668928,yfinance,2026-07-10T06:58:01.269533+00:00
2026-06-11 07:15:00+00:00,SOL-USD,15m,64.88999938964844,65.08000183105469,64.87000274658203,65.04000091552734,1610752,1610752,yfinance,2026-07-10T06:58:01.269533+00:00
2026-06-11 07:30:00+00:00,SOL-USD,15m,65.05999755859375,65.08999633789062,64.72000122070312,64.81999969482422,5181440,5181440,yfinance,2026-07-10T06:58:01.269533+00:00
2026-06-11 07:45:00+00:00,SOL-USD,15m,64.81999969482422,64.95999908447266,64.81999969482422,64.95999908447266,11619584,11619584,yfinance,2026-07-10T06:58:01.269533+00:00
2026-06-11 08:00:00+00:00,SOL-USD,15m,64.97000122070312,65.19000244140625,64.94999694824219,65.11000061035156,415744,415744,yfinance,2026-07-10T06:58:01.269533+00:00
2026-06-11 08:15:00+00:00,SOL-USD,15m,65.11000061035156,65.44999694824219,65.08000183105469,65.4000015258789,1062400,1062400,yfinance,2026-07-10T06:58:01.269533+00:00
2026-06-11 08:30:00+00:00,SOL-USD,15m,65.41999816894531,65.44999694824219,65.23999786376953,65.23999786376953,0,0,yfinance,2026-07-10T06:58:01.269533+00:00
2026-06-11 08:45:00+00:00,SOL-USD,15m,65.23999786376953,65.33999633789062,65.19999694824219,65.23999786376953,0,0,yfinance,2026-07-10T06:58:01.269533+00:00
2026-06-11 09:00:00+00:00,SOL-USD,15m,65.2300033569336,65.23999786376953,65.0199966430664,65.04000091552734,952576,952576,yfinance,2026-07-10T06:58:01.269533+00:00
2026-06-11 09:15:00+00:00,SOL-USD,15m,65.0199966430664,65.0999984741211,64.94999694824219,65.08999633789062,4713728,4713728,yfinance,2026-07-10T06:58:01.269533+00:00
2026-06-11 09:30:00+00:00,SOL-USD,15m,65.0999984741211,65.41000366210938,65.08999633789062,65.30999755859375,4910080,4910080,yfinance,2026-07-10T06:58:01.269533+00:00
2026-06-11 09:45:00+00:00,SOL-USD,15m,65.30000305175781,65.47000122070312,65.30000305175781,65.30999755859375,15764224,15764224,yfinance,2026-07-10T06:58:01.269533+00:00
2026-06-11 10:00:00+00:00,SOL-USD,15m,65.33000183105469,65.41999816894531,65.27999877929688,65.30999755859375,2184448,2184448,yfinance,2026-07-10T06:58:01.269533+00:00
2026-06-11 10:15:00+00:00,SOL-USD,15m,65.30000305175781,65.4000015258789,65.22000122070312,65.37000274658203,2730240,2730240,yfinance,2026-07-10T06:58:01.269533+00:00
2026-06-11 10:30:00+00:00,SOL-USD,15m,65.37000274658203,65.5,65.3499984741211,65.37999725341797,45568,45568,yfinance,2026-07-10T06:58:01.269533+00:00
2026-06-11 10:45:00+00:00,SOL-USD,15m,65.38999938964844,65.58999633789062,65.37000274658203,65.44000244140625,1112576,1112576,yfinance,2026-07-10T06:58:01.269533+00:00
2026-06-11 11:00:00+00:00,SOL-USD,15m,65.43000030517578,65.55999755859375,65.29000091552734,65.52999877929688,0,0,yfinance,2026-07-10T06:58:01.269533+00:00
2026-06-11 11:15:00+00:00,SOL-USD,15m,65.51000213623047,65.55000305175781,65.3499984741211,65.44999694824219,0,0,yfinance,2026-07-10T06:58:01.269533+00:00
2026-06-11 11:30:00+00:00,SOL-USD,15m,65.44000244140625,65.55000305175781,65.33000183105469,65.45999908447266,0,0,yfinance,2026-07-10T06:58:01.269533+00:00
2026-06-11 11:45:00+00:00,SOL-USD,15m,65.44999694824219,66.05999755859375,65.44000244140625,65.81999969482422,27345664,27345664,yfinance,2026-07-10T06:58:01.269533+00:00
2026-06-11 12:00:00+00:00,SOL-USD,15m,65.8499984741211,65.86000061035156,65.55999755859375,65.5999984741211,7374848,7374848,yfinance,2026-07-10T06:58:01.269533+00:00
2026-06-11 12:15:00+00:00,SOL-USD,15m,65.58999633789062,65.66000366210938,64.91999816894531,65.05000305175781,11191040,11191040,yfinance,2026-07-10T06:58:01.269533+00:00
2026-06-11 12:30:00+00:00,SOL-USD,15m,65.19999694824219,65.2300033569336,64.83000183105469,65.2300033569336,1604096,1604096,yfinance,2026-07-10T06:58:01.269533+00:00
2026-06-11 12:45:00+00:00,SOL-USD,15m,65.20999908447266,65.27999877929688,65.08999633789062,65.19999694824219,0,0,yfinance,2026-07-10T06:58:01.269533+00:00
2026-06-11 13:00:00+00:00,SOL-USD,15m,65.19000244140625,65.19000244140625,65.04000091552734,65.12999725341797,0,0,yfinance,2026-07-10T06:58:01.269533+00:00
2026-06-11 13:15:00+00:00,SOL-USD,15m,65.16000366210938,65.41000366210938,65.13999938964844,65.19999694824219,2434816,2434816,yfinance,2026-07-10T06:58:01.269533+00:00
2026-06-11 13:30:00+00:00,SOL-USD,15m,65.11000061035156,65.44999694824219,64.98999786376953,65.33999633789062,0,0,yfinance,2026-07-10T06:58:01.269533+00:00
2026-06-11 13:45:00+00:00,SOL-USD,15m,65.3499984741211,65.6500015258789,65.3499984741211,65.44999694824219,3467776,3467776,yfinance,2026-07-10T06:58:01.269533+00:00
2026-06-11 14:00:00+00:00,SOL-USD,15m,65.44000244140625,65.5,65.04000091552734,65.05999755859375,0,0,yfinance,2026-07-10T06:58:01.269533+00:00
2026-06-11 14:15:00+00:00,SOL-USD,15m,65.05999755859375,65.33000183105469,64.91999816894531,65.31999969482422,0,0,yfinance,2026-07-10T06:58:01.269533+00:00
2026-06-11 14:30:00+00:00,SOL-USD,15m,65.30999755859375,65.6500015258789,65.2300033569336,65.48999786376953,0,0,yfinance,2026-07-10T06:58:01.269533+00:00
2026-06-11 14:45:00+00:00,SOL-USD,15m,65.51000213623047,65.69999694824219,65.26000213623047,65.29000091552734,1940736,1940736,yfinance,2026-07-10T06:58:01.269533+00:00
2026-06-11 15:00:00+00:00,SOL-USD,15m,65.26000213623047,65.5999984741211,64.94999694824219,65.48999786376953,3659008,3659008,yfinance,2026-07-10T06:58:01.269533+00:00
2026-06-11 15:15:00+00:00,SOL-USD,15m,65.47000122070312,65.72000122070312,65.38999938964844,65.66999816894531,4717312,4717312,yfinance,2026-07-10T06:58:01.269533+00:00
2026-06-11 15:30:00+00:00,SOL-USD,15m,65.5999984741211,65.7699966430664,65.45999908447266,65.47000122070312,0,0,yfinance,2026-07-10T06:58:01.269533+00:00
2026-06-11 15:45:00+00:00,SOL-USD,15m,65.45999908447266,65.5,65.29000091552734,65.47000122070312,0,0,yfinance,2026-07-10T06:58:01.269533+00:00
2026-06-11 16:00:00+00:00,SOL-USD,15m,65.48999786376953,65.7300033569336,65.43000030517578,65.70999908447266,0,0,yfinance,2026-07-10T06:58:01.269533+00:00
2026-06-11 16:15:00+00:00,SOL-USD,15m,65.72000122070312,65.72000122070312,65.30999755859375,65.38999938964844,0,0,yfinance,2026-07-10T06:58:01.269533+00:00
2026-06-11 16:30:00+00:00,SOL-USD,15m,65.37999725341797,65.68000030517578,65.26000213623047,65.5,4584704,4584704,yfinance,2026-07-10T06:58:01.269533+00:00
2026-06-11 16:45:00+00:00,SOL-USD,15m,65.5,65.51000213623047,65.30000305175781,65.30999755859375,0,0,yfinance,2026-07-10T06:58:01.269533+00:00
2026-06-11 17:00:00+00:00,SOL-USD,15m,65.30999755859375,65.4000015258789,65.12999725341797,65.16999816894531,1633024,1633024,yfinance,2026-07-10T06:58:01.269533+00:00
2026-06-11 17:15:00+00:00,SOL-USD,15m,65.13999938964844,65.7699966430664,64.95999908447266,65.7699966430664,1468928,1468928,yfinance,2026-07-10T06:58:01.269533+00:00
2026-06-11 17:30:00+00:00,SOL-USD,15m,65.83999633789062,66.62999725341797,65.79000091552734,66.58000183105469,80133632,80133632,yfinance,2026-07-10T06:58:01.269533+00:00
2026-06-11 17:45:00+00:00,SOL-USD,15m,66.5999984741211,67.08999633789062,66.52999877929688,67.08000183105469,26373632,26373632,yfinance,2026-07-10T06:58:01.269533+00:00
2026-06-11 18:00:00+00:00,SOL-USD,15m,67.08999633789062,67.2300033569336,66.7699966430664,67.0199966430664,27512064,27512064,yfinance,2026-07-10T06:58:01.269533+00:00
2026-06-11 18:15:00+00:00,SOL-USD,15m,67.0199966430664,67.20999908447266,66.62000274658203,66.69999694824219,21040128,21040128,yfinance,2026-07-10T06:58:01.269533+00:00
2026-06-11 18:30:00+00:00,SOL-USD,15m,66.69999694824219,66.93000030517578,66.58000183105469,66.93000030517578,3093760,3093760,yfinance,2026-07-10T06:58:01.269533+00:00
2026-06-11 18:45:00+00:00,SOL-USD,15m,66.91999816894531,66.94999694824219,66.72000122070312,66.7300033569336,0,0,yfinance,2026-07-10T06:58:01.269533+00:00
2026-06-11 19:00:00+00:00,SOL-USD,15m,66.7300033569336,66.83999633789062,66.5199966430664,66.69000244140625,452352,452352,yfinance,2026-07-10T06:58:01.269533+00:00
2026-06-11 19:15:00+00:00,SOL-USD,15m,66.69000244140625,67.05000305175781,66.68000030517578,66.88999938964844,21456128,21456128,yfinance,2026-07-10T06:58:01.269533+00:00
2026-06-11 19:30:00+00:00,SOL-USD,15m,66.88999938964844,67.30000305175781,66.87999725341797,66.91999816894531,22620672,22620672,yfinance,2026-07-10T06:58:01.269533+00:00
2026-06-11 19:45:00+00:00,SOL-USD,15m,66.91999816894531,66.97000122070312,66.83000183105469,66.87000274658203,3512320,3512320,yfinance,2026-07-10T06:58:01.269533+00:00
2026-06-11 20:00:00+00:00,SOL-USD,15m,66.87999725341797,66.97000122070312,66.76000213623047,66.79000091552734,0,0,yfinance,2026-07-10T06:58:01.269533+00:00
2026-06-11 20:15:00+00:00,SOL-USD,15m,66.80000305175781,66.86000061035156,66.47000122070312,66.5,0,0,yfinance,2026-07-10T06:58:01.269533+00:00
2026-06-11 20:30:00+00:00,SOL-USD,15m,66.45999908447266,66.55000305175781,66.30999755859375,66.3499984741211,8937472,8937472,yfinance,2026-07-10T06:58:01.269533+00:00
2026-06-11 20:45:00+00:00,SOL-USD,15m,66.36000061035156,66.54000091552734,66.31999969482422,66.52999877929688,0,0,yfinance,2026-07-10T06:58:01.269533+00:00
2026-06-11 21:00:00+00:00,SOL-USD,15m,66.52999877929688,67.02999877929688,66.51000213623047,66.95999908447266,0,0,yfinance,2026-07-10T06:58:01.269533+00:00
2026-06-11 21:15:00+00:00,SOL-USD,15m,66.94000244140625,66.9800033569336,66.8499984741211,66.91999816894531,0,0,yfinance,2026-07-10T06:58:01.269533+00:00
2026-06-11 21:30:00+00:00,SOL-USD,15m,66.94999694824219,66.97000122070312,66.87000274658203,66.94000244140625,0,0,yfinance,2026-07-10T06:58:01.269533+00:00
2026-06-11 21:45:00+00:00,SOL-USD,15m,66.94999694824219,67.05000305175781,66.7699966430664,66.8499984741211,0,0,yfinance,2026-07-10T06:58:01.269533+00:00
2026-06-11 22:00:00+00:00,SOL-USD,15m,66.83999633789062,67.05000305175781,66.83999633789062,66.98999786376953,311040,311040,yfinance,2026-07-10T06:58:01.269533+00:00
2026-06-11 22:15:00+00:00,SOL-USD,15m,66.9800033569336,67.08000183105469,66.80999755859375,66.91000366210938,0,0,yfinance,2026-07-10T06:58:01.269533+00:00
2026-06-11 22:30:00+00:00,SOL-USD,15m,66.94999694824219,67.05999755859375,66.83000183105469,66.87999725341797,0,0,yfinance,2026-07-10T06:58:01.269533+00:00
2026-06-11 22:45:00+00:00,SOL-USD,15m,66.87000274658203,66.9800033569336,66.80999755859375,66.81999969482422,0,0,yfinance,2026-07-10T06:58:01.269533+00:00
2026-06-11 23:00:00+00:00,SOL-USD,15m,66.81999969482422,66.81999969482422,66.6500015258789,66.72000122070312,0,0,yfinance,2026-07-10T06:58:01.269533+00:00
2026-06-11 23:15:00+00:00,SOL-USD,15m,66.69999694824219,66.80000305175781,66.66999816894531,66.66999816894531,0,0,yfinance,2026-07-10T06:58:01.269533+00:00
2026-06-11 23:30:00+00:00,SOL-USD,15m,66.66999816894531,67.0199966430664,66.66999816894531,66.97000122070312,329472,329472,yfinance,2026-07-10T06:58:01.269533+00:00
2026-06-11 23:45:00+00:00,SOL-USD,15m,66.95999908447266,66.98999786376953,66.69000244140625,66.8499984741211,1244928,1244928,yfinance,2026-07-10T06:58:01.269533+00:00
2026-06-12 00:00:00+00:00,SOL-USD,15m,66.86000061035156,67.0199966430664,66.66999816894531,66.9000015258789,1965056,1965056,yfinance,2026-07-10T06:58:01.269533+00:00
2026-06-12 00:15:00+00:00,SOL-USD,15m,66.86000061035156,66.88999938964844,66.68000030517578,66.81999969482422,952320,952320,yfinance,2026-07-10T06:58:01.269533+00:00
2026-06-12 00:30:00+00:00,SOL-USD,15m,66.81999969482422,67.04000091552734,66.77999877929688,66.91999816894531,0,0,yfinance,2026-07-10T06:58:01.269533+00:00
2026-06-12 00:45:00+00:00,SOL-USD,15m,66.9000015258789,66.98999786376953,66.81999969482422,66.81999969482422,3831552,3831552,yfinance,2026-07-10T06:58:01.269533+00:00
2026-06-12 01:00:00+00:00,SOL-USD,15m,66.79000091552734,66.79000091552734,66.55999755859375,66.62000274658203,132352,132352,yfinance,2026-07-10T06:58:01.269533+00:00
2026-06-12 01:15:00+00:00,SOL-USD,15m,66.62999725341797,66.73999786376953,66.37999725341797,66.45999908447266,0,0,yfinance,2026-07-10T06:58:01.269533+00:00
2026-06-12 01:30:00+00:00,SOL-USD,15m,66.45999908447266,66.56999969482422,66.4000015258789,66.48999786376953,10508032,10508032,yfinance,2026-07-10T06:58:01.269533+00:00
2026-06-12 01:45:00+00:00,SOL-USD,15m,66.5,66.61000061035156,66.48999786376953,66.61000061035156,0,0,yfinance,2026-07-10T06:58:01.269533+00:00
2026-06-12 02:00:00+00:00,SOL-USD,15m,66.61000061035156,67.06999969482422,66.5999984741211,66.97000122070312,0,0,yfinance,2026-07-10T06:58:01.269533+00:00
2026-06-12 02:15:00+00:00,SOL-USD,15m,66.98999786376953,67.04000091552734,66.83999633789062,66.91999816894531,5979392,5979392,yfinance,2026-07-10T06:58:01.269533+00:00
2026-06-12 02:30:00+00:00,SOL-USD,15m,66.91999816894531,67.19999694824219,66.9000015258789,67.19999694824219,0,0,yfinance,2026-07-10T06:58:01.269533+00:00
2026-06-12 02:45:00+00:00,SOL-USD,15m,67.19999694824219,67.20999908447266,66.98999786376953,67.05000305175781,0,0,yfinance,2026-07-10T06:58:01.269533+00:00
2026-06-12 03:00:00+00:00,SOL-USD,15m,67.04000091552734,67.08999633789062,66.83999633789062,66.91000366210938,683520,683520,yfinance,2026-07-10T06:58:01.269533+00:00
2026-06-12 03:15:00+00:00,SOL-USD,15m,66.88999938964844,66.91000366210938,66.58999633789062,66.73999786376953,2161152,2161152,yfinance,2026-07-10T06:58:01.269533+00:00
2026-06-12 03:30:00+00:00,SOL-USD,15m,66.76000213623047,66.9000015258789,66.73999786376953,66.81999969482422,4368384,4368384,yfinance,2026-07-10T06:58:01.269533+00:00
2026-06-12 03:45:00+00:00,SOL-USD,15m,66.80999755859375,66.95999908447266,66.75,66.94000244140625,1082112,1082112,yfinance,2026-07-10T06:58:01.269533+00:00
2026-06-12 04:00:00+00:00,SOL-USD,15m,66.95999908447266,66.97000122070312,66.76000213623047,66.81999969482422,0,0,yfinance,2026-07-10T06:58:01.269533+00:00
2026-06-12 04:15:00+00:00,SOL-USD,15m,66.83000183105469,67.08000183105469,66.81999969482422,67.02999877929688,4895488,4895488,yfinance,2026-07-10T06:58:01.269533+00:00
2026-06-12 04:30:00+00:00,SOL-USD,15m,67.02999877929688,67.13999938964844,66.94999694824219,67.02999877929688,7349760,7349760,yfinance,2026-07-10T06:58:01.269533+00:00
2026-06-12 04:45:00+00:00,SOL-USD,15m,67.04000091552734,67.08000183105469,66.95999908447266,66.9800033569336,4323328,4323328,yfinance,2026-07-10T06:58:01.269533+00:00
2026-06-12 05:00:00+00:00,SOL-USD,15m,66.98999786376953,66.98999786376953,66.6500015258789,66.68000030517578,378880,378880,yfinance,2026-07-10T06:58:01.269533+00:00
2026-06-12 05:15:00+00:00,SOL-USD,15m,66.69999694824219,66.83000183105469,66.68000030517578,66.69999694824219,3468032,3468032,yfinance,2026-07-10T06:58:01.269533+00:00
2026-06-12 05:30:00+00:00,SOL-USD,15m,66.69999694824219,66.7699966430664,66.54000091552734,66.66000366210938,11714816,11714816,yfinance,2026-07-10T06:58:01.269533+00:00
2026-06-12 05:45:00+00:00,SOL-USD,15m,66.66000366210938,66.70999908447266,66.55000305175781,66.62999725341797,4430080,4430080,yfinance,2026-07-10T06:58:01.269533+00:00
2026-06-12 06:00:00+00:00,SOL-USD,15m,66.62000274658203,66.72000122070312,66.55000305175781,66.5999984741211,841728,841728,yfinance,2026-07-10T06:58:01.269533+00:00
2026-06-12 06:15:00+00:00,SOL-USD,15m,66.58000183105469,66.58999633789062,66.33000183105469,66.4000015258789,0,0,yfinance,2026-07-10T06:58:01.269533+00:00
2026-06-12 06:30:00+00:00,SOL-USD,15m,66.33999633789062,66.3499984741211,65.87000274658203,65.93000030517578,15957248,15957248,yfinance,2026-07-10T06:58:01.269533+00:00
2026-06-12 06:45:00+00:00,SOL-USD,15m,65.94000244140625,66.12999725341797,65.94000244140625,66.04000091552734,10301696,10301696,yfinance,2026-07-10T06:58:01.269533+00:00
2026-06-12 07:00:00+00:00,SOL-USD,15m,66.06999969482422,66.26000213623047,66.06999969482422,66.0999984741211,0,0,yfinance,2026-07-10T06:58:01.269533+00:00
2026-06-12 07:15:00+00:00,SOL-USD,15m,66.0999984741211,66.2699966430664,66.05000305175781,66.22000122070312,513024,513024,yfinance,2026-07-10T06:58:01.269533+00:00
2026-06-12 07:30:00+00:00,SOL-USD,15m,66.20999908447266,66.27999877929688,66.16999816894531,66.19999694824219,0,0,yfinance,2026-07-10T06:58:01.269533+00:00
2026-06-12 07:45:00+00:00,SOL-USD,15m,66.19999694824219,66.4000015258789,66.08999633789062,66.2300033569336,2151680,2151680,yfinance,2026-07-10T06:58:01.269533+00:00
2026-06-12 08:00:00+00:00,SOL-USD,15m,66.2300033569336,66.58999633789062,66.2300033569336,66.54000091552734,12253696,12253696,yfinance,2026-07-10T06:58:01.269533+00:00
2026-06-12 08:15:00+00:00,SOL-USD,15m,66.52999877929688,66.95999908447266,66.51000213623047,66.86000061035156,14303232,14303232,yfinance,2026-07-10T06:58:01.269533+00:00
2026-06-12 08:30:00+00:00,SOL-USD,15m,66.87000274658203,66.93000030517578,66.7300033569336,66.7300033569336,0,0,yfinance,2026-07-10T06:58:01.269533+00:00
2026-06-12 08:45:00+00:00,SOL-USD,15m,66.73999786376953,66.87999725341797,66.69999694824219,66.83000183105469,2957056,2957056,yfinance,2026-07-10T06:58:01.269533+00:00
2026-06-12 09:00:00+00:00,SOL-USD,15m,66.83000183105469,66.91000366210938,66.76000213623047,66.91000366210938,0,0,yfinance,2026-07-10T06:58:01.269533+00:00
2026-06-12 09:15:00+00:00,SOL-USD,15m,66.91999816894531,67.19999694824219,66.88999938964844,67.16000366210938,4320512,4320512,yfinance,2026-07-10T06:58:01.269533+00:00
2026-06-12 09:30:00+00:00,SOL-USD,15m,67.16000366210938,67.4000015258789,67.13999938964844,67.2300033569336,36785152,36785152,yfinance,2026-07-10T06:58:01.269533+00:00
2026-06-12 09:45:00+00:00,SOL-USD,15m,67.19000244140625,67.27999877929688,67.0999984741211,67.0999984741211,7564800,7564800,yfinance,2026-07-10T06:58:01.269533+00:00
2026-06-12 10:00:00+00:00,SOL-USD,15m,67.08999633789062,67.26000213623047,67.04000091552734,67.08999633789062,1887744,1887744,yfinance,2026-07-10T06:58:01.269533+00:00
2026-06-12 10:15:00+00:00,SOL-USD,15m,67.08999633789062,67.16000366210938,66.52999877929688,66.62000274658203,7367936,7367936,yfinance,2026-07-10T06:58:01.269533+00:00
2026-06-12 10:30:00+00:00,SOL-USD,15m,66.62999725341797,66.80000305175781,66.62999725341797,66.69999694824219,10842624,10842624,yfinance,2026-07-10T06:58:01.269533+00:00
2026-06-12 10:45:00+00:00,SOL-USD,15m,66.70999908447266,66.83999633789062,66.66000366210938,66.72000122070312,449280,449280,yfinance,2026-07-10T06:58:01.269533+00:00
2026-06-12 11:00:00+00:00,SOL-USD,15m,66.70999908447266,66.93000030517578,66.70999908447266,66.87000274658203,1556736,1556736,yfinance,2026-07-10T06:58:01.269533+00:00
2026-06-12 11:15:00+00:00,SOL-USD,15m,66.86000061035156,66.9800033569336,66.76000213623047,66.91000366210938,2886400,2886400,yfinance,2026-07-10T06:58:01.269533+00:00
2026-06-12 11:30:00+00:00,SOL-USD,15m,66.87999725341797,66.94000244140625,66.72000122070312,66.91999816894531,1599488,1599488,yfinance,2026-07-10T06:58:01.269533+00:00
2026-06-12 11:45:00+00:00,SOL-USD,15m,66.94999694824219,67.0199966430664,66.83999633789062,66.8499984741211,2260224,2260224,yfinance,2026-07-10T06:58:01.269533+00:00
2026-06-12 12:00:00+00:00,SOL-USD,15m,66.80000305175781,66.9000015258789,66.70999908447266,66.80999755859375,648960,648960,yfinance,2026-07-10T06:58:01.269533+00:00
2026-06-12 12:15:00+00:00,SOL-USD,15m,66.83999633789062,66.91999816894531,66.68000030517578,66.69999694824219,0,0,yfinance,2026-07-10T06:58:01.269533+00:00
2026-06-12 12:30:00+00:00,SOL-USD,15m,66.66000366210938,66.83999633789062,66.56999969482422,66.70999908447266,0,0,yfinance,2026-07-10T06:58:01.269533+00:00
2026-06-12 12:45:00+00:00,SOL-USD,15m,66.69999694824219,66.88999938964844,66.5999984741211,66.69999694824219,0,0,yfinance,2026-07-10T06:58:01.269533+00:00
2026-06-12 13:00:00+00:00,SOL-USD,15m,66.69000244140625,66.80999755859375,66.62999725341797,66.7699966430664,1015296,1015296,yfinance,2026-07-10T06:58:01.269533+00:00
2026-06-12 13:15:00+00:00,SOL-USD,15m,66.7699966430664,66.91000366210938,66.63999938964844,66.7699966430664,4480000,4480000,yfinance,2026-07-10T06:58:01.269533+00:00
2026-06-12 13:30:00+00:00,SOL-USD,15m,66.58999633789062,66.93000030517578,66.31999969482422,66.52999877929688,23924736,23924736,yfinance,2026-07-10T06:58:01.269533+00:00
2026-06-12 13:45:00+00:00,SOL-USD,15m,66.52999877929688,66.80000305175781,66.44000244140625,66.6500015258789,24083968,24083968,yfinance,2026-07-10T06:58:01.269533+00:00
2026-06-12 14:00:00+00:00,SOL-USD,15m,66.62000274658203,66.98999786376953,66.62000274658203,66.9000015258789,6120704,6120704,yfinance,2026-07-10T06:58:01.269533+00:00
2026-06-12 14:15:00+00:00,SOL-USD,15m,66.87000274658203,67.16999816894531,66.6500015258789,67.12999725341797,9293312,9293312,yfinance,2026-07-10T06:58:01.269533+00:00
2026-06-12 14:30:00+00:00,SOL-USD,15m,67.11000061035156,67.4800033569336,67.0199966430664,67.16999816894531,29223168,29223168,yfinance,2026-07-10T06:58:01.269533+00:00
2026-06-12 14:45:00+00:00,SOL-USD,15m,67.16999816894531,67.91999816894531,67.05000305175781,67.87999725341797,33505536,33505536,yfinance,2026-07-10T06:58:01.269533+00:00
2026-06-12 15:00:00+00:00,SOL-USD,15m,67.9000015258789,68.70999908447266,67.61000061035156,68.70999908447266,116044032,116044032,yfinance,2026-07-10T06:58:01.269533+00:00
2026-06-12 15:15:00+00:00,SOL-USD,15m,68.73999786376953,68.75,68.13999938964844,68.1500015258789,66396160,66396160,yfinance,2026-07-10T06:58:01.269533+00:00
2026-06-12 15:30:00+00:00,SOL-USD,15m,68.11000061035156,68.20999908447266,67.5999984741211,67.68000030517578,52200704,52200704,yfinance,2026-07-10T06:58:01.269533+00:00
2026-06-12 15:45:00+00:00,SOL-USD,15m,67.69000244140625,67.80999755859375,67.16000366210938,67.22000122070312,38606592,38606592,yfinance,2026-07-10T06:58:01.269533+00:00
2026-06-12 16:00:00+00:00,SOL-USD,15m,67.20999908447266,67.72000122070312,67.02999877929688,67.62000274658203,15281152,15281152,yfinance,2026-07-10T06:58:01.269533+00:00
2026-06-12 16:15:00+00:00,SOL-USD,15m,67.62999725341797,67.79000091552734,67.37999725341797,67.58999633789062,27996928,27996928,yfinance,2026-07-10T06:58:01.269533+00:00
2026-06-12 16:30:00+00:00,SOL-USD,15m,67.58999633789062,67.94000244140625,67.51000213623047,67.69999694824219,2556416,2556416,yfinance,2026-07-10T06:58:01.269533+00:00
2026-06-12 16:45:00+00:00,SOL-USD,15m,67.7300033569336,67.9800033569336,67.68000030517578,67.9800033569336,13393664,13393664,yfinance,2026-07-10T06:58:01.269533+00:00
2026-06-12 17:00:00+00:00,SOL-USD,15m,67.9800033569336,68.13999938964844,67.70999908447266,67.73999786376953,7221504,7221504,yfinance,2026-07-10T06:58:01.269533+00:00
2026-06-12 17:15:00+00:00,SOL-USD,15m,67.80000305175781,67.80000305175781,67.30999755859375,67.5,12438528,12438528,yfinance,2026-07-10T06:58:01.269533+00:00
2026-06-12 17:30:00+00:00,SOL-USD,15m,67.55000305175781,67.6500015258789,67.33999633789062,67.4000015258789,0,0,yfinance,2026-07-10T06:58:01.269533+00:00
2026-06-12 17:45:00+00:00,SOL-USD,15m,67.4000015258789,67.45999908447266,67.22000122070312,67.37000274658203,0,0,yfinance,2026-07-10T06:58:01.269533+00:00
2026-06-12 18:00:00+00:00,SOL-USD,15m,67.37999725341797,67.44000244140625,66.97000122070312,67.20999908447266,1711360,1711360,yfinance,2026-07-10T06:58:01.269533+00:00
2026-06-12 18:15:00+00:00,SOL-USD,15m,67.16000366210938,67.25,66.98999786376953,67.19000244140625,3157760,3157760,yfinance,2026-07-10T06:58:01.269533+00:00
2026-06-12 18:30:00+00:00,SOL-USD,15m,67.19999694824219,67.43000030517578,67.12000274658203,67.33000183105469,1894144,1894144,yfinance,2026-07-10T06:58:01.269533+00:00
2026-06-12 18:45:00+00:00,SOL-USD,15m,67.31999969482422,67.36000061035156,67.01000213623047,67.0199966430664,1033728,1033728,yfinance,2026-07-10T06:58:01.269533+00:00
2026-06-12 19:00:00+00:00,SOL-USD,15m,67.01000213623047,67.19999694824219,66.98999786376953,67.1500015258789,0,0,yfinance,2026-07-10T06:58:01.269533+00:00
2026-06-12 19:15:00+00:00,SOL-USD,15m,67.16000366210938,67.2699966430664,67.02999877929688,67.18000030517578,0,0,yfinance,2026-07-10T06:58:01.269533+00:00
2026-06-12 19:30:00+00:00,SOL-USD,15m,67.19999694824219,67.33000183105469,66.94999694824219,66.97000122070312,2288640,2288640,yfinance,2026-07-10T06:58:01.269533+00:00
2026-06-12 19:45:00+00:00,SOL-USD,15m,67.02999877929688,67.02999877929688,66.6500015258789,66.7699966430664,23044352,23044352,yfinance,2026-07-10T06:58:01.269533+00:00
2026-06-12 20:00:00+00:00,SOL-USD,15m,66.7699966430664,66.79000091552734,66.48999786376953,66.70999908447266,37876736,37876736,yfinance,2026-07-10T06:58:01.269533+00:00
2026-06-12 20:15:00+00:00,SOL-USD,15m,66.69999694824219,66.70999908447266,66.55000305175781,66.69999694824219,1755904,1755904,yfinance,2026-07-10T06:58:01.269533+00:00
2026-06-12 20:30:00+00:00,SOL-USD,15m,66.69000244140625,66.80999755859375,66.66000366210938,66.80000305175781,688384,688384,yfinance,2026-07-10T06:58:01.269533+00:00
2026-06-12 20:45:00+00:00,SOL-USD,15m,66.77999877929688,66.77999877929688,66.54000091552734,66.6500015258789,5793280,5793280,yfinance,2026-07-10T06:58:01.269533+00:00
2026-06-12 21:00:00+00:00,SOL-USD,15m,66.66000366210938,66.83000183105469,66.58000183105469,66.7699966430664,709888,709888,yfinance,2026-07-10T06:58:01.269533+00:00
2026-06-12 21:15:00+00:00,SOL-USD,15m,66.77999877929688,66.9000015258789,66.73999786376953,66.75,3571712,3571712,yfinance,2026-07-10T06:58:01.269533+00:00
2026-06-12 21:30:00+00:00,SOL-USD,15m,66.76000213623047,66.80000305175781,66.69000244140625,66.69000244140625,1632768,1632768,yfinance,2026-07-10T06:58:01.269533+00:00
2026-06-12 21:45:00+00:00,SOL-USD,15m,66.68000030517578,66.68000030517578,66.47000122070312,66.54000091552734,2467072,2467072,yfinance,2026-07-10T06:58:01.269533+00:00
2026-06-12 22:00:00+00:00,SOL-USD,15m,66.55999755859375,66.62999725341797,66.43000030517578,66.62999725341797,0,0,yfinance,2026-07-10T06:58:01.269533+00:00
2026-06-12 22:15:00+00:00,SOL-USD,15m,66.63999938964844,66.72000122070312,66.55999755859375,66.66000366210938,1607168,1607168,yfinance,2026-07-10T06:58:01.269533+00:00
2026-06-12 22:30:00+00:00,SOL-USD,15m,66.66000366210938,66.68000030517578,66.44999694824219,66.52999877929688,0,0,yfinance,2026-07-10T06:58:01.269533+00:00
2026-06-12 22:45:00+00:00,SOL-USD,15m,66.52999877929688,66.62000274658203,66.47000122070312,66.58999633789062,1603584,1603584,yfinance,2026-07-10T06:58:01.269533+00:00
2026-06-12 23:00:00+00:00,SOL-USD,15m,66.5999984741211,66.62999725341797,66.45999908447266,66.52999877929688,0,0,yfinance,2026-07-10T06:58:01.269533+00:00
2026-06-12 23:15:00+00:00,SOL-USD,15m,66.55000305175781,66.63999938964844,66.45999908447266,66.58000183105469,0,0,yfinance,2026-07-10T06:58:01.269533+00:00
2026-06-12 23:30:00+00:00,SOL-USD,15m,66.58999633789062,66.69999694824219,66.51000213623047,66.58000183105469,0,0,yfinance,2026-07-10T06:58:01.269533+00:00
2026-06-12 23:45:00+00:00,SOL-USD,15m,66.58999633789062,66.79000091552734,66.58000183105469,66.79000091552734,292864,292864,yfinance,2026-07-10T06:58:01.269533+00:00
2026-06-13 00:00:00+00:00,SOL-USD,15m,66.76000213623047,66.9000015258789,66.73999786376953,66.87000274658203,0,0,yfinance,2026-07-10T06:58:01.269533+00:00
2026-06-13 00:15:00+00:00,SOL-USD,15m,66.88999938964844,67.0,66.83000183105469,66.87000274658203,1547008,1547008,yfinance,2026-07-10T06:58:01.269533+00:00
2026-06-13 00:30:00+00:00,SOL-USD,15m,66.8499984741211,67.01000213623047,66.83999633789062,66.91000366210938,0,0,yfinance,2026-07-10T06:58:01.269533+00:00
2026-06-13 00:45:00+00:00,SOL-USD,15m,66.87999725341797,67.0199966430664,66.8499984741211,66.94999694824219,1483520,1483520,yfinance,2026-07-10T06:58:01.269533+00:00
2026-06-13 01:00:00+00:00,SOL-USD,15m,66.94999694824219,67.13999938964844,66.94000244140625,67.11000061035156,0,0,yfinance,2026-07-10T06:58:01.269533+00:00
2026-06-13 01:15:00+00:00,SOL-USD,15m,67.12000274658203,67.16999816894531,67.0199966430664,67.16999816894531,0,0,yfinance,2026-07-10T06:58:01.269533+00:00
2026-06-13 01:30:00+00:00,SOL-USD,15m,67.16999816894531,67.41999816894531,67.0999984741211,67.31999969482422,113664,113664,yfinance,2026-07-10T06:58:01.269533+00:00
2026-06-13 01:45:00+00:00,SOL-USD,15m,67.31999969482422,67.4800033569336,67.31999969482422,67.4000015258789,11198464,11198464,yfinance,2026-07-10T06:58:01.269533+00:00
2026-06-13 02:00:00+00:00,SOL-USD,15m,67.41000366210938,67.47000122070312,67.23999786376953,67.26000213623047,0,0,yfinance,2026-07-10T06:58:01.269533+00:00
2026-06-13 02:15:00+00:00,SOL-USD,15m,67.25,67.25,67.08000183105469,67.0999984741211,2477312,2477312,yfinance,2026-07-10T06:58:01.269533+00:00
2026-06-13 02:30:00+00:00,SOL-USD,15m,67.12999725341797,67.13999938964844,66.97000122070312,66.9800033569336,0,0,yfinance,2026-07-10T06:58:01.269533+00:00
2026-06-13 02:45:00+00:00,SOL-USD,15m,66.9800033569336,67.01000213623047,66.8499984741211,66.93000030517578,0,0,yfinance,2026-07-10T06:58:01.269533+00:00
2026-06-13 03:00:00+00:00,SOL-USD,15m,66.91999816894531,67.0199966430664,66.91000366210938,66.91000366210938,38656,38656,yfinance,2026-07-10T06:58:01.269533+00:00
2026-06-13 03:15:00+00:00,SOL-USD,15m,66.91000366210938,66.94999694824219,66.68000030517578,66.76000213623047,2043392,2043392,yfinance,2026-07-10T06:58:01.269533+00:00
2026-06-13 03:30:00+00:00,SOL-USD,15m,66.76000213623047,66.86000061035156,66.72000122070312,66.8499984741211,65280,65280,yfinance,2026-07-10T06:58:01.269533+00:00
2026-06-13 03:45:00+00:00,SOL-USD,15m,66.86000061035156,66.91000366210938,66.83999633789062,66.83999633789062,0,0,yfinance,2026-07-10T06:58:01.269533+00:00
2026-06-13 04:00:00+00:00,SOL-USD,15m,66.83999633789062,66.88999938964844,66.68000030517578,66.70999908447266,0,0,yfinance,2026-07-10T06:58:01.269533+00:00
2026-06-13 04:15:00+00:00,SOL-USD,15m,66.69999694824219,66.80999755859375,66.68000030517578,66.72000122070312,0,0,yfinance,2026-07-10T06:58:01.269533+00:00
2026-06-13 04:30:00+00:00,SOL-USD,15m,66.7300033569336,66.91000366210938,66.72000122070312,66.87999725341797,0,0,yfinance,2026-07-10T06:58:01.269533+00:00
2026-06-13 04:45:00+00:00,SOL-USD,15m,66.87000274658203,66.93000030517578,66.62000274658203,66.62999725341797,0,0,yfinance,2026-07-10T06:58:01.269533+00:00
2026-06-13 05:00:00+00:00,SOL-USD,15m,66.66000366210938,66.81999969482422,66.58999633789062,66.7699966430664,6507264,6507264,yfinance,2026-07-10T06:58:01.269533+00:00
2026-06-13 05:15:00+00:00,SOL-USD,15m,66.76000213623047,66.83000183105469,66.6500015258789,66.6500015258789,276736,276736,yfinance,2026-07-10T06:58:01.269533+00:00
2026-06-13 05:30:00+00:00,SOL-USD,15m,66.6500015258789,66.79000091552734,66.6500015258789,66.7300033569336,0,0,yfinance,2026-07-10T06:58:01.269533+00:00
2026-06-13 05:45:00+00:00,SOL-USD,15m,66.7300033569336,66.76000213623047,66.56999969482422,66.75,1956608,1956608,yfinance,2026-07-10T06:58:01.269533+00:00
2026-06-13 06:00:00+00:00,SOL-USD,15m,66.76000213623047,66.77999877929688,66.66999816894531,66.69000244140625,0,0,yfinance,2026-07-10T06:58:01.269533+00:00
2026-06-13 06:15:00+00:00,SOL-USD,15m,66.69000244140625,66.80999755859375,66.63999938964844,66.80999755859375,0,0,yfinance,2026-07-10T06:58:01.269533+00:00
2026-06-13 06:30:00+00:00,SOL-USD,15m,66.81999969482422,66.94000244140625,66.7699966430664,66.87999725341797,0,0,yfinance,2026-07-10T06:58:01.269533+00:00
2026-06-13 06:45:00+00:00,SOL-USD,15m,66.88999938964844,67.18000030517578,66.87999725341797,67.12000274658203,3630848,3630848,yfinance,2026-07-10T06:58:01.269533+00:00
2026-06-13 07:00:00+00:00,SOL-USD,15m,67.13999938964844,67.13999938964844,66.97000122070312,67.05000305175781,4228608,4228608,yfinance,2026-07-10T06:58:01.269533+00:00
2026-06-13 07:15:00+00:00,SOL-USD,15m,67.05000305175781,67.27999877929688,66.93000030517578,67.2300033569336,1179136,1179136,yfinance,2026-07-10T06:58:01.269533+00:00
2026-06-13 07:30:00+00:00,SOL-USD,15m,67.22000122070312,67.25,67.12000274658203,67.2300033569336,6845696,6845696,yfinance,2026-07-10T06:58:01.269533+00:00
2026-06-13 07:45:00+00:00,SOL-USD,15m,67.2300033569336,67.41000366210938,67.20999908447266,67.31999969482422,6736384,6736384,yfinance,2026-07-10T06:58:01.269533+00:00
2026-06-13 08:00:00+00:00,SOL-USD,15m,67.30000305175781,67.41999816894531,67.22000122070312,67.27999877929688,5548800,5548800,yfinance,2026-07-10T06:58:01.269533+00:00
2026-06-13 08:15:00+00:00,SOL-USD,15m,67.27999877929688,67.41000366210938,67.23999786376953,67.33000183105469,1939456,1939456,yfinance,2026-07-10T06:58:01.269533+00:00
2026-06-13 08:30:00+00:00,SOL-USD,15m,67.30999755859375,67.5,67.27999877929688,67.41000366210938,1651968,1651968,yfinance,2026-07-10T06:58:01.269533+00:00
2026-06-13 08:45:00+00:00,SOL-USD,15m,67.41999816894531,67.44000244140625,67.27999877929688,67.27999877929688,630528,630528,yfinance,2026-07-10T06:58:01.269533+00:00
2026-06-13 09:00:00+00:00,SOL-USD,15m,67.27999877929688,67.44999694824219,67.27999877929688,67.38999938964844,1737216,1737216,yfinance,2026-07-10T06:58:01.269533+00:00
2026-06-13 09:15:00+00:00,SOL-USD,15m,67.38999938964844,67.5,67.30000305175781,67.37000274658203,0,0,yfinance,2026-07-10T06:58:01.269533+00:00
2026-06-13 09:30:00+00:00,SOL-USD,15m,67.36000061035156,67.4000015258789,67.27999877929688,67.31999969482422,0,0,yfinance,2026-07-10T06:58:01.269533+00:00
2026-06-13 09:45:00+00:00,SOL-USD,15m,67.31999969482422,67.3499984741211,67.25,67.31999969482422,0,0,yfinance,2026-07-10T06:58:01.269533+00:00
2026-06-13 10:00:00+00:00,SOL-USD,15m,67.3499984741211,67.44000244140625,67.31999969482422,67.38999938964844,0,0,yfinance,2026-07-10T06:58:01.269533+00:00
2026-06-13 10:15:00+00:00,SOL-USD,15m,67.37999725341797,67.41999816894531,67.30000305175781,67.37999725341797,0,0,yfinance,2026-07-10T06:58:01.269533+00:00
2026-06-13 10:30:00+00:00,SOL-USD,15m,67.36000061035156,67.48999786376953,67.36000061035156,67.45999908447266,0,0,yfinance,2026-07-10T06:58:01.269533+00:00
2026-06-13 10:45:00+00:00,SOL-USD,15m,67.47000122070312,67.56999969482422,67.30999755859375,67.4000015258789,185856,185856,yfinance,2026-07-10T06:58:01.269533+00:00
2026-06-13 11:00:00+00:00,SOL-USD,15m,67.4000015258789,67.69000244140625,67.3499984741211,67.69000244140625,0,0,yfinance,2026-07-10T06:58:01.269533+00:00
2026-06-13 11:15:00+00:00,SOL-USD,15m,67.66999816894531,67.93000030517578,67.66000366210938,67.9000015258789,5182720,5182720,yfinance,2026-07-10T06:58:01.269533+00:00
2026-06-13 11:30:00+00:00,SOL-USD,15m,67.87999725341797,67.88999938964844,67.76000213623047,67.7699966430664,196352,196352,yfinance,2026-07-10T06:58:01.269533+00:00
2026-06-13 11:45:00+00:00,SOL-USD,15m,67.76000213623047,67.87000274658203,67.73999786376953,67.87000274658203,0,0,yfinance,2026-07-10T06:58:01.269533+00:00
2026-06-13 12:00:00+00:00,SOL-USD,15m,67.87999725341797,67.87999725341797,67.76000213623047,67.80000305175781,0,0,yfinance,2026-07-10T06:58:01.269533+00:00
2026-06-13 12:15:00+00:00,SOL-USD,15m,67.77999877929688,67.86000061035156,67.76000213623047,67.76000213623047,3630208,3630208,yfinance,2026-07-10T06:58:01.269533+00:00
2026-06-13 12:30:00+00:00,SOL-USD,15m,67.76000213623047,67.86000061035156,67.76000213623047,67.76000213623047,0,0,yfinance,2026-07-10T06:58:01.269533+00:00
2026-06-13 12:45:00+00:00,SOL-USD,15m,67.7699966430664,68.0,67.75,67.93000030517578,0,0,yfinance,2026-07-10T06:58:01.269533+00:00
2026-06-13 13:00:00+00:00,SOL-USD,15m,67.94000244140625,67.94999694824219,67.80000305175781,67.81999969482422,372224,372224,yfinance,2026-07-10T06:58:01.269533+00:00
2026-06-13 13:15:00+00:00,SOL-USD,15m,67.83999633789062,68.0199966430664,67.79000091552734,67.95999908447266,0,0,yfinance,2026-07-10T06:58:01.269533+00:00
2026-06-13 13:30:00+00:00,SOL-USD,15m,67.94999694824219,68.26000213623047,67.83999633789062,68.12999725341797,0,0,yfinance,2026-07-10T06:58:01.269533+00:00
2026-06-13 13:45:00+00:00,SOL-USD,15m,68.0999984741211,68.18000030517578,67.83999633789062,67.98999786376953,0,0,yfinance,2026-07-10T06:58:01.269533+00:00
2026-06-13 14:00:00+00:00,SOL-USD,15m,67.98999786376953,68.26000213623047,67.94999694824219,68.2300033569336,0,0,yfinance,2026-07-10T06:58:01.269533+00:00
2026-06-13 14:15:00+00:00,SOL-USD,15m,68.2300033569336,68.38999938964844,68.11000061035156,68.13999938964844,0,0,yfinance,2026-07-10T06:58:01.269533+00:00
2026-06-13 14:30:00+00:00,SOL-USD,15m,68.16000366210938,68.29000091552734,68.06999969482422,68.08999633789062,0,0,yfinance,2026-07-10T06:58:01.269533+00:00
2026-06-13 14:45:00+00:00,SOL-USD,15m,68.0999984741211,68.25,68.0999984741211,68.25,0,0,yfinance,2026-07-10T06:58:01.269533+00:00
2026-06-13 15:00:00+00:00,SOL-USD,15m,68.25,68.48999786376953,68.13999938964844,68.47000122070312,0,0,yfinance,2026-07-10T06:58:01.269533+00:00
2026-06-13 15:15:00+00:00,SOL-USD,15m,68.48999786376953,68.58999633789062,68.41000366210938,68.5,0,0,yfinance,2026-07-10T06:58:01.269533+00:00
2026-06-13 15:30:00+00:00,SOL-USD,15m,68.51000213623047,68.66999816894531,68.37999725341797,68.38999938964844,0,0,yfinance,2026-07-10T06:58:01.269533+00:00
2026-06-13 15:45:00+00:00,SOL-USD,15m,68.4000015258789,68.62000274658203,68.33999633789062,68.56999969482422,0,0,yfinance,2026-07-10T06:58:01.269533+00:00
2026-06-13 16:00:00+00:00,SOL-USD,15m,68.58000183105469,68.58000183105469,68.11000061035156,68.12000274658203,0,0,yfinance,2026-07-10T06:58:01.269533+00:00
2026-06-13 16:15:00+00:00,SOL-USD,15m,68.12999725341797,68.1500015258789,67.8499984741211,67.9800033569336,407936,407936,yfinance,2026-07-10T06:58:01.269533+00:00
2026-06-13 16:30:00+00:00,SOL-USD,15m,67.98999786376953,68.05000305175781,67.83999633789062,68.02999877929688,2178560,2178560,yfinance,2026-07-10T06:58:01.269533+00:00
2026-06-13 16:45:00+00:00,SOL-USD,15m,68.04000091552734,68.2300033569336,67.79000091552734,68.05000305175781,2817536,2817536,yfinance,2026-07-10T06:58:01.269533+00:00
2026-06-13 17:00:00+00:00,SOL-USD,15m,68.05999755859375,68.08000183105469,67.8499984741211,67.95999908447266,0,0,yfinance,2026-07-10T06:58:01.269533+00:00
2026-06-13 17:15:00+00:00,SOL-USD,15m,67.95999908447266,68.16000366210938,67.87999725341797,68.16000366210938,0,0,yfinance,2026-07-10T06:58:01.269533+00:00
2026-06-13 17:30:00+00:00,SOL-USD,15m,68.16000366210938,68.22000122070312,68.06999969482422,68.22000122070312,0,0,yfinance,2026-07-10T06:58:01.269533+00:00
2026-06-13 17:45:00+00:00,SOL-USD,15m,68.23999786376953,68.23999786376953,67.81999969482422,67.95999908447266,0,0,yfinance,2026-07-10T06:58:01.269533+00:00
2026-06-13 18:00:00+00:00,SOL-USD,15m,67.95999908447266,68.19000244140625,67.93000030517578,68.16999816894531,0,0,yfinance,2026-07-10T06:58:01.269533+00:00
2026-06-13 18:15:00+00:00,SOL-USD,15m,68.19000244140625,68.27999877929688,68.06999969482422,68.2300033569336,0,0,yfinance,2026-07-10T06:58:01.269533+00:00
2026-06-13 18:30:00+00:00,SOL-USD,15m,68.23999786376953,68.33999633789062,68.18000030517578,68.31999969482422,0,0,yfinance,2026-07-10T06:58:01.269533+00:00
2026-06-13 18:45:00+00:00,SOL-USD,15m,68.30999755859375,68.31999969482422,68.0199966430664,68.08999633789062,0,0,yfinance,2026-07-10T06:58:01.269533+00:00
2026-06-13 19:00:00+00:00,SOL-USD,15m,68.08000183105469,68.1500015258789,68.04000091552734,68.12000274658203,0,0,yfinance,2026-07-10T06:58:01.269533+00:00
2026-06-13 19:15:00+00:00,SOL-USD,15m,68.11000061035156,68.12000274658203,67.98999786376953,68.05000305175781,0,0,yfinance,2026-07-10T06:58:01.269533+00:00
2026-06-13 19:30:00+00:00,SOL-USD,15m,68.05000305175781,68.30999755859375,68.0,68.30000305175781,0,0,yfinance,2026-07-10T06:58:01.269533+00:00
2026-06-13 19:45:00+00:00,SOL-USD,15m,68.30999755859375,68.37000274658203,68.18000030517578,68.19999694824219,0,0,yfinance,2026-07-10T06:58:01.269533+00:00
2026-06-13 20:00:00+00:00,SOL-USD,15m,68.19000244140625,68.20999908447266,68.02999877929688,68.16999816894531,0,0,yfinance,2026-07-10T06:58:01.269533+00:00
2026-06-13 20:15:00+00:00,SOL-USD,15m,68.1500015258789,68.22000122070312,68.0999984741211,68.12999725341797,0,0,yfinance,2026-07-10T06:58:01.269533+00:00
2026-06-13 20:30:00+00:00,SOL-USD,15m,68.13999938964844,68.19999694824219,68.08000183105469,68.1500015258789,0,0,yfinance,2026-07-10T06:58:01.269533+00:00
2026-06-13 20:45:00+00:00,SOL-USD,15m,68.16000366210938,68.26000213623047,68.11000061035156,68.25,0,0,yfinance,2026-07-10T06:58:01.269533+00:00
2026-06-13 21:00:00+00:00,SOL-USD,15m,68.26000213623047,68.33999633789062,68.2300033569336,68.25,2626944,2626944,yfinance,2026-07-10T06:58:01.269533+00:00
2026-06-13 21:15:00+00:00,SOL-USD,15m,68.27999877929688,68.4000015258789,68.20999908447266,68.3499984741211,554880,554880,yfinance,2026-07-10T06:58:01.269533+00:00
2026-06-13 21:30:00+00:00,SOL-USD,15m,68.3499984741211,69.26000213623047,68.3499984741211,69.23999786376953,15121920,15121920,yfinance,2026-07-10T06:58:01.269533+00:00
2026-06-13 21:45:00+00:00,SOL-USD,15m,69.2699966430664,69.51000213623047,69.19999694824219,69.23999786376953,79457280,79457280,yfinance,2026-07-10T06:58:01.269533+00:00
2026-06-13 22:00:00+00:00,SOL-USD,15m,69.2300033569336,69.23999786376953,68.87000274658203,69.01000213623047,16579968,16579968,yfinance,2026-07-10T06:58:01.269533+00:00
2026-06-13 22:15:00+00:00,SOL-USD,15m,69.0199966430664,69.0999984741211,68.88999938964844,69.08999633789062,3997312,3997312,yfinance,2026-07-10T06:58:01.269533+00:00
2026-06-13 22:30:00+00:00,SOL-USD,15m,69.08999633789062,69.19000244140625,68.9000015258789,68.91999816894531,9217536,9217536,yfinance,2026-07-10T06:58:01.269533+00:00
2026-06-13 22:45:00+00:00,SOL-USD,15m,68.91999816894531,69.0,68.86000061035156,68.87000274658203,8656384,8656384,yfinance,2026-07-10T06:58:01.269533+00:00
2026-06-13 23:00:00+00:00,SOL-USD,15m,68.8499984741211,68.97000122070312,68.83999633789062,68.91999816894531,2110336,2110336,yfinance,2026-07-10T06:58:01.269533+00:00
2026-06-13 23:15:00+00:00,SOL-USD,15m,68.91999816894531,69.1500015258789,68.91999816894531,68.93000030517578,7191168,7191168,yfinance,2026-07-10T06:58:01.269533+00:00
2026-06-13 23:30:00+00:00,SOL-USD,15m,68.91999816894531,69.04000091552734,68.87000274658203,68.88999938964844,3507840,3507840,yfinance,2026-07-10T06:58:01.269533+00:00
2026-06-13 23:45:00+00:00,SOL-USD,15m,68.91999816894531,68.91999816894531,68.76000213623047,68.9000015258789,1381120,1381120,yfinance,2026-07-10T06:58:01.269533+00:00
2026-06-14 00:00:00+00:00,SOL-USD,15m,68.88999938964844,68.88999938964844,68.69999694824219,68.7699966430664,4605440,4605440,yfinance,2026-07-10T06:58:01.269533+00:00
2026-06-14 00:15:00+00:00,SOL-USD,15m,68.7699966430664,68.81999969482422,68.66999816894531,68.69000244140625,1180032,1180032,yfinance,2026-07-10T06:58:01.269533+00:00
2026-06-14 00:30:00+00:00,SOL-USD,15m,68.69000244140625,68.87000274658203,68.66000366210938,68.79000091552734,3979648,3979648,yfinance,2026-07-10T06:58:01.269533+00:00
2026-06-14 00:45:00+00:00,SOL-USD,15m,68.79000091552734,68.83000183105469,68.62000274658203,68.73999786376953,0,0,yfinance,2026-07-10T06:58:01.269533+00:00
2026-06-14 01:00:00+00:00,SOL-USD,15m,68.73999786376953,68.87000274658203,68.62000274658203,68.7699966430664,2608512,2608512,yfinance,2026-07-10T06:58:01.269533+00:00
2026-06-14 01:15:00+00:00,SOL-USD,15m,68.7699966430664,69.05999755859375,68.7699966430664,68.97000122070312,4661248,4661248,yfinance,2026-07-10T06:58:01.269533+00:00
2026-06-14 01:30:00+00:00,SOL-USD,15m,68.94999694824219,68.97000122070312,68.79000091552734,68.87999725341797,5444096,5444096,yfinance,2026-07-10T06:58:01.269533+00:00
2026-06-14 01:45:00+00:00,SOL-USD,15m,68.86000061035156,68.97000122070312,68.76000213623047,68.80000305175781,0,0,yfinance,2026-07-10T06:58:01.269533+00:00
2026-06-14 02:00:00+00:00,SOL-USD,15m,68.77999877929688,69.01000213623047,68.69000244140625,68.9800033569336,5139200,5139200,yfinance,2026-07-10T06:58:01.269533+00:00
2026-06-14 02:15:00+00:00,SOL-USD,15m,68.9800033569336,69.05000305175781,68.87999725341797,68.93000030517578,523648,523648,yfinance,2026-07-10T06:58:01.269533+00:00
2026-06-14 02:30:00+00:00,SOL-USD,15m,68.93000030517578,68.98999786376953,68.80000305175781,68.86000061035156,387200,387200,yfinance,2026-07-10T06:58:01.269533+00:00
2026-06-14 02:45:00+00:00,SOL-USD,15m,68.86000061035156,68.87000274658203,68.76000213623047,68.80999755859375,2050304,2050304,yfinance,2026-07-10T06:58:01.269533+00:00
2026-06-14 03:00:00+00:00,SOL-USD,15m,68.80000305175781,68.8499984741211,68.75,68.80999755859375,0,0,yfinance,2026-07-10T06:58:01.269533+00:00
2026-06-14 03:15:00+00:00,SOL-USD,15m,68.7699966430664,68.97000122070312,68.7699966430664,68.91999816894531,97408,97408,yfinance,2026-07-10T06:58:01.269533+00:00
2026-06-14 03:30:00+00:00,SOL-USD,15m,68.91999816894531,68.97000122070312,68.7300033569336,68.7300033569336,0,0,yfinance,2026-07-10T06:58:01.269533+00:00
2026-06-14 03:45:00+00:00,SOL-USD,15m,68.75,69.0,68.7300033569336,68.94999694824219,6701440,6701440,yfinance,2026-07-10T06:58:01.269533+00:00
2026-06-14 04:00:00+00:00,SOL-USD,15m,68.91999816894531,68.98999786376953,68.73999786376953,68.86000061035156,0,0,yfinance,2026-07-10T06:58:01.269533+00:00
2026-06-14 04:15:00+00:00,SOL-USD,15m,68.83999633789062,68.94999694824219,68.80999755859375,68.81999969482422,0,0,yfinance,2026-07-10T06:58:01.269533+00:00
2026-06-14 04:30:00+00:00,SOL-USD,15m,68.83000183105469,68.83999633789062,68.5999984741211,68.61000061035156,2954496,2954496,yfinance,2026-07-10T06:58:01.269533+00:00
2026-06-14 04:45:00+00:00,SOL-USD,15m,68.61000061035156,68.61000061035156,68.41000366210938,68.48999786376953,23100672,23100672,yfinance,2026-07-10T06:58:01.269533+00:00
2026-06-14 05:00:00+00:00,SOL-USD,15m,68.51000213623047,68.55999755859375,68.41999816894531,68.44999694824219,178944,178944,yfinance,2026-07-10T06:58:01.269533+00:00
2026-06-14 05:15:00+00:00,SOL-USD,15m,68.45999908447266,68.45999908447266,68.1500015258789,68.19000244140625,25569920,25569920,yfinance,2026-07-10T06:58:01.269533+00:00
2026-06-14 05:30:00+00:00,SOL-USD,15m,68.19000244140625,68.31999969482422,68.0,68.25,38086784,38086784,yfinance,2026-07-10T06:58:01.269533+00:00
2026-06-14 05:45:00+00:00,SOL-USD,15m,68.2699966430664,68.3499984741211,68.19000244140625,68.20999908447266,19941760,19941760,yfinance,2026-07-10T06:58:01.269533+00:00
2026-06-14 06:00:00+00:00,SOL-USD,15m,68.2300033569336,68.45999908447266,68.22000122070312,68.41999816894531,10164352,10164352,yfinance,2026-07-10T06:58:01.269533+00:00
2026-06-14 06:15:00+00:00,SOL-USD,15m,68.41999816894531,68.41999816894531,68.2300033569336,68.36000061035156,4499840,4499840,yfinance,2026-07-10T06:58:01.269533+00:00
2026-06-14 06:30:00+00:00,SOL-USD,15m,68.36000061035156,68.36000061035156,68.11000061035156,68.1500015258789,1641344,1641344,yfinance,2026-07-10T06:58:01.269533+00:00
2026-06-14 06:45:00+00:00,SOL-USD,15m,68.13999938964844,68.18000030517578,68.06999969482422,68.16000366210938,0,0,yfinance,2026-07-10T06:58:01.269533+00:00
2026-06-14 07:00:00+00:00,SOL-USD,15m,68.19000244140625,68.19000244140625,68.02999877929688,68.08000183105469,0,0,yfinance,2026-07-10T06:58:01.269533+00:00
2026-06-14 07:15:00+00:00,SOL-USD,15m,68.05999755859375,68.22000122070312,68.05999755859375,68.16000366210938,0,0,yfinance,2026-07-10T06:58:01.269533+00:00
2026-06-14 07:30:00+00:00,SOL-USD,15m,68.16999816894531,68.16999816894531,68.01000213623047,68.02999877929688,0,0,yfinance,2026-07-10T06:58:01.269533+00:00
2026-06-14 07:45:00+00:00,SOL-USD,15m,68.0199966430664,68.19999694824219,68.0199966430664,68.19000244140625,0,0,yfinance,2026-07-10T06:58:01.269533+00:00
2026-06-14 08:00:00+00:00,SOL-USD,15m,68.18000030517578,68.23999786376953,68.06999969482422,68.18000030517578,0,0,yfinance,2026-07-10T06:58:01.269533+00:00
2026-06-14 08:15:00+00:00,SOL-USD,15m,68.19000244140625,68.33000183105469,68.19000244140625,68.27999877929688,0,0,yfinance,2026-07-10T06:58:01.269533+00:00
2026-06-14 08:30:00+00:00,SOL-USD,15m,68.29000091552734,68.30999755859375,68.1500015258789,68.23999786376953,0,0,yfinance,2026-07-10T06:58:01.269533+00:00
2026-06-14 08:45:00+00:00,SOL-USD,15m,68.22000122070312,68.29000091552734,68.13999938964844,68.22000122070312,407936,407936,yfinance,2026-07-10T06:58:01.269533+00:00
2026-06-14 09:00:00+00:00,SOL-USD,15m,68.19999694824219,68.2300033569336,68.08000183105469,68.08999633789062,0,0,yfinance,2026-07-10T06:58:01.269533+00:00
2026-06-14 09:15:00+00:00,SOL-USD,15m,68.0999984741211,68.11000061035156,67.87999725341797,68.11000061035156,2626304,2626304,yfinance,2026-07-10T06:58:01.269533+00:00
2026-06-14 09:30:00+00:00,SOL-USD,15m,68.11000061035156,68.41999816894531,68.08999633789062,68.37000274658203,3530496,3530496,yfinance,2026-07-10T06:58:01.269533+00:00
2026-06-14 09:45:00+00:00,SOL-USD,15m,68.37999725341797,68.45999908447266,68.33000183105469,68.44000244140625,1571072,1571072,yfinance,2026-07-10T06:58:01.269533+00:00
2026-06-14 10:00:00+00:00,SOL-USD,15m,68.43000030517578,68.44999694824219,68.26000213623047,68.33000183105469,565504,565504,yfinance,2026-07-10T06:58:01.269533+00:00
2026-06-14 10:15:00+00:00,SOL-USD,15m,68.31999969482422,68.47000122070312,68.30000305175781,68.36000061035156,859264,859264,yfinance,2026-07-10T06:58:01.269533+00:00
2026-06-14 10:30:00+00:00,SOL-USD,15m,68.37000274658203,68.47000122070312,68.31999969482422,68.3499984741211,2103680,2103680,yfinance,2026-07-10T06:58:01.269533+00:00
2026-06-14 10:45:00+00:00,SOL-USD,15m,68.36000061035156,68.37000274658203,68.12000274658203,68.12000274658203,497920,497920,yfinance,2026-07-10T06:58:01.269533+00:00
2026-06-14 11:00:00+00:00,SOL-USD,15m,68.11000061035156,68.16000366210938,67.9800033569336,68.12000274658203,520448,520448,yfinance,2026-07-10T06:58:01.269533+00:00
2026-06-14 11:15:00+00:00,SOL-USD,15m,68.13999938964844,68.19000244140625,68.01000213623047,68.16000366210938,0,0,yfinance,2026-07-10T06:58:01.269533+00:00
2026-06-14 11:30:00+00:00,SOL-USD,15m,68.16000366210938,68.30000305175781,68.16000366210938,68.20999908447266,0,0,yfinance,2026-07-10T06:58:01.269533+00:00
2026-06-14 11:45:00+00:00,SOL-USD,15m,68.2300033569336,68.25,68.05000305175781,68.05999755859375,817408,817408,yfinance,2026-07-10T06:58:01.269533+00:00
2026-06-14 12:00:00+00:00,SOL-USD,15m,68.08000183105469,68.12999725341797,67.97000122070312,67.98999786376953,0,0,yfinance,2026-07-10T06:58:01.269533+00:00
2026-06-14 12:15:00+00:00,SOL-USD,15m,68.0,68.08000183105469,67.94000244140625,67.95999908447266,447616,447616,yfinance,2026-07-10T06:58:01.269533+00:00
2026-06-14 12:30:00+00:00,SOL-USD,15m,67.94000244140625,68.0,67.69000244140625,67.81999969482422,6265984,6265984,yfinance,2026-07-10T06:58:01.269533+00:00
2026-06-14 12:45:00+00:00,SOL-USD,15m,67.80000305175781,67.86000061035156,67.66999816894531,67.7300033569336,0,0,yfinance,2026-07-10T06:58:01.269533+00:00
2026-06-14 13:00:00+00:00,SOL-USD,15m,67.75,67.83000183105469,67.66000366210938,67.75,389888,389888,yfinance,2026-07-10T06:58:01.269533+00:00
2026-06-14 13:15:00+00:00,SOL-USD,15m,67.76000213623047,67.81999969482422,67.56999969482422,67.56999969482422,1544832,1544832,yfinance,2026-07-10T06:58:01.269533+00:00
2026-06-14 13:30:00+00:00,SOL-USD,15m,67.61000061035156,67.7699966430664,67.4800033569336,67.73999786376953,935296,935296,yfinance,2026-07-10T06:58:01.269533+00:00
2026-06-14 13:45:00+00:00,SOL-USD,15m,67.73999786376953,67.7699966430664,67.58000183105469,67.70999908447266,0,0,yfinance,2026-07-10T06:58:01.269533+00:00
2026-06-14 14:00:00+00:00,SOL-USD,15m,67.70999908447266,67.7300033569336,67.58000183105469,67.66999816894531,0,0,yfinance,2026-07-10T06:58:01.269533+00:00
2026-06-14 14:15:00+00:00,SOL-USD,15m,67.66999816894531,67.79000091552734,67.56999969482422,67.56999969482422,1803392,1803392,yfinance,2026-07-10T06:58:01.269533+00:00
2026-06-14 14:30:00+00:00,SOL-USD,15m,67.55999755859375,67.55999755859375,66.91999816894531,67.0,16713472,16713472,yfinance,2026-07-10T06:58:01.269533+00:00
2026-06-14 14:45:00+00:00,SOL-USD,15m,67.01000213623047,67.23999786376953,67.0,67.2300033569336,23726976,23726976,yfinance,2026-07-10T06:58:01.269533+00:00
2026-06-14 15:00:00+00:00,SOL-USD,15m,67.23999786376953,67.41999816894531,67.23999786376953,67.37000274658203,4312960,4312960,yfinance,2026-07-10T06:58:01.269533+00:00
2026-06-14 15:15:00+00:00,SOL-USD,15m,67.36000061035156,67.47000122070312,67.30000305175781,67.4000015258789,0,0,yfinance,2026-07-10T06:58:01.269533+00:00
2026-06-14 15:30:00+00:00,SOL-USD,15m,67.38999938964844,67.48999786376953,67.30999755859375,67.44000244140625,0,0,yfinance,2026-07-10T06:58:01.269533+00:00
2026-06-14 15:45:00+00:00,SOL-USD,15m,67.41999816894531,67.51000213623047,67.36000061035156,67.38999938964844,0,0,yfinance,2026-07-10T06:58:01.269533+00:00
2026-06-14 16:00:00+00:00,SOL-USD,15m,67.37999725341797,67.62000274658203,67.37999725341797,67.56999969482422,0,0,yfinance,2026-07-10T06:58:01.269533+00:00
2026-06-14 16:15:00+00:00,SOL-USD,15m,67.58000183105469,67.69999694824219,67.54000091552734,67.6500015258789,0,0,yfinance,2026-07-10T06:58:01.269533+00:00
2026-06-14 16:30:00+00:00,SOL-USD,15m,67.6500015258789,67.69000244140625,67.56999969482422,67.66000366210938,0,0,yfinance,2026-07-10T06:58:01.269533+00:00
2026-06-14 16:45:00+00:00,SOL-USD,15m,67.68000030517578,67.69000244140625,67.41999816894531,67.44999694824219,0,0,yfinance,2026-07-10T06:58:01.269533+00:00
2026-06-14 17:00:00+00:00,SOL-USD,15m,67.44000244140625,67.62000274658203,67.41000366210938,67.61000061035156,0,0,yfinance,2026-07-10T06:58:01.269533+00:00
2026-06-14 17:15:00+00:00,SOL-USD,15m,67.5999984741211,67.69000244140625,67.54000091552734,67.55000305175781,0,0,yfinance,2026-07-10T06:58:01.269533+00:00
2026-06-14 17:30:00+00:00,SOL-USD,15m,67.55000305175781,67.62999725341797,67.43000030517578,67.56999969482422,297984,297984,yfinance,2026-07-10T06:58:01.269533+00:00
2026-06-14 17:45:00+00:00,SOL-USD,15m,67.55999755859375,67.5999984741211,67.26000213623047,67.30000305175781,994304,994304,yfinance,2026-07-10T06:58:01.269533+00:00
2026-06-14 18:00:00+00:00,SOL-USD,15m,67.31999969482422,67.44000244140625,67.30000305175781,67.41999816894531,0,0,yfinance,2026-07-10T06:58:01.269533+00:00
2026-06-14 18:15:00+00:00,SOL-USD,15m,67.44000244140625,67.44999694824219,67.16999816894531,67.25,569728,569728,yfinance,2026-07-10T06:58:01.269533+00:00
2026-06-14 18:30:00+00:00,SOL-USD,15m,67.23999786376953,67.37999725341797,67.22000122070312,67.37000274658203,0,0,yfinance,2026-07-10T06:58:01.269533+00:00
2026-06-14 18:45:00+00:00,SOL-USD,15m,67.4000015258789,67.41999816894531,67.33999633789062,67.37999725341797,0,0,yfinance,2026-07-10T06:58:01.269533+00:00
2026-06-14 19:00:00+00:00,SOL-USD,15m,67.37999725341797,67.55000305175781,67.30000305175781,67.4800033569336,0,0,yfinance,2026-07-10T06:58:01.269533+00:00
2026-06-14 19:15:00+00:00,SOL-USD,15m,67.5,67.6500015258789,67.48999786376953,67.61000061035156,2569728,2569728,yfinance,2026-07-10T06:58:01.269533+00:00
2026-06-14 19:30:00+00:00,SOL-USD,15m,67.62000274658203,67.70999908447266,67.48999786376953,67.54000091552734,481408,481408,yfinance,2026-07-10T06:58:01.269533+00:00
2026-06-14 19:45:00+00:00,SOL-USD,15m,67.54000091552734,67.58000183105469,67.5,67.51000213623047,0,0,yfinance,2026-07-10T06:58:01.269533+00:00
2026-06-14 20:00:00+00:00,SOL-USD,15m,67.52999877929688,67.62999725341797,67.41000366210938,67.4800033569336,97792,97792,yfinance,2026-07-10T06:58:01.269533+00:00
2026-06-14 20:15:00+00:00,SOL-USD,15m,67.47000122070312,67.73999786376953,67.45999908447266,67.69999694824219,1637504,1637504,yfinance,2026-07-10T06:58:01.269533+00:00
2026-06-14 20:30:00+00:00,SOL-USD,15m,67.70999908447266,68.0199966430664,67.68000030517578,67.87999725341797,10079744,10079744,yfinance,2026-07-10T06:58:01.269533+00:00
2026-06-14 20:45:00+00:00,SOL-USD,15m,67.87999725341797,67.93000030517578,67.76000213623047,67.76000213623047,579328,579328,yfinance,2026-07-10T06:58:01.269533+00:00
2026-06-14 21:00:00+00:00,SOL-USD,15m,67.79000091552734,68.0,67.76000213623047,68.0,0,0,yfinance,2026-07-10T06:58:01.269533+00:00
2026-06-14 21:15:00+00:00,SOL-USD,15m,68.0,69.44999694824219,68.0,69.2300033569336,50596352,50596352,yfinance,2026-07-10T06:58:01.269533+00:00
2026-06-14 21:30:00+00:00,SOL-USD,15m,69.2699966430664,70.31999969482422,69.25,70.16000366210938,84235776,84235776,yfinance,2026-07-10T06:58:01.269533+00:00
2026-06-14 21:45:00+00:00,SOL-USD,15m,70.2300033569336,70.5,69.95999908447266,70.11000061035156,5209088,5209088,yfinance,2026-07-10T06:58:01.269533+00:00
2026-06-14 22:00:00+00:00,SOL-USD,15m,70.31999969482422,70.44999694824219,69.69000244140625,70.12000274658203,27822592,27822592,yfinance,2026-07-10T06:58:01.269533+00:00
2026-06-14 22:15:00+00:00,SOL-USD,15m,70.12000274658203,70.37999725341797,69.91000366210938,70.12999725341797,31593984,31593984,yfinance,2026-07-10T06:58:01.269533+00:00
2026-06-14 22:30:00+00:00,SOL-USD,15m,70.13999938964844,70.58000183105469,70.0999984741211,70.55000305175781,14383104,14383104,yfinance,2026-07-10T06:58:01.269533+00:00
2026-06-14 22:45:00+00:00,SOL-USD,15m,70.58999633789062,70.58999633789062,70.30000305175781,70.41000366210938,21156864,21156864,yfinance,2026-07-10T06:58:01.269533+00:00
2026-06-14 23:00:00+00:00,SOL-USD,15m,70.41999816894531,70.6500015258789,70.12000274658203,70.55000305175781,13965440,13965440,yfinance,2026-07-10T06:58:01.269533+00:00
2026-06-14 23:15:00+00:00,SOL-USD,15m,70.56999969482422,70.83999633789062,70.37999725341797,70.73999786376953,16080512,16080512,yfinance,2026-07-10T06:58:01.269533+00:00
2026-06-14 23:30:00+00:00,SOL-USD,15m,70.75,70.83000183105469,70.52999877929688,70.66000366210938,33443200,33443200,yfinance,2026-07-10T06:58:01.269533+00:00
2026-06-14 23:45:00+00:00,SOL-USD,15m,70.69999694824219,71.23999786376953,70.66000366210938,71.23999786376953,36349568,36349568,yfinance,2026-07-10T06:58:01.269533+00:00
2026-06-15 00:00:00+00:00,SOL-USD,15m,71.23999786376953,71.6500015258789,71.11000061035156,71.6500015258789,24249472,24249472,yfinance,2026-07-10T06:58:01.269533+00:00
2026-06-15 00:15:00+00:00,SOL-USD,15m,71.62000274658203,71.66999816894531,71.26000213623047,71.55999755859375,36478592,36478592,yfinance,2026-07-10T06:58:01.269533+00:00
2026-06-15 00:30:00+00:00,SOL-USD,15m,71.52999877929688,71.52999877929688,70.91999816894531,71.0,26063616,26063616,yfinance,2026-07-10T06:58:01.269533+00:00
2026-06-15 00:45:00+00:00,SOL-USD,15m,71.0,71.13999938964844,70.9000015258789,71.0999984741211,23643904,23643904,yfinance,2026-07-10T06:58:01.269533+00:00
2026-06-15 01:00:00+00:00,SOL-USD,15m,71.08999633789062,71.08999633789062,70.66000366210938,70.94999694824219,12245632,12245632,yfinance,2026-07-10T06:58:01.269533+00:00
2026-06-15 01:15:00+00:00,SOL-USD,15m,70.94999694824219,70.95999908447266,70.66999816894531,70.75,8507904,8507904,yfinance,2026-07-10T06:58:01.269533+00:00
2026-06-15 01:30:00+00:00,SOL-USD,15m,70.77999877929688,71.29000091552734,70.72000122070312,71.29000091552734,10484992,10484992,yfinance,2026-07-10T06:58:01.269533+00:00
2026-06-15 01:45:00+00:00,SOL-USD,15m,71.29000091552734,71.30999755859375,70.88999938964844,70.9800033569336,10694272,10694272,yfinance,2026-07-10T06:58:01.269533+00:00
2026-06-15 02:00:00+00:00,SOL-USD,15m,70.9800033569336,71.30000305175781,70.87999725341797,71.2699966430664,5380736,5380736,yfinance,2026-07-10T06:58:01.269533+00:00
2026-06-15 02:15:00+00:00,SOL-USD,15m,71.29000091552734,71.54000091552734,71.2300033569336,71.25,13047936,13047936,yfinance,2026-07-10T06:58:01.269533+00:00
2026-06-15 02:30:00+00:00,SOL-USD,15m,71.2300033569336,71.27999877929688,71.11000061035156,71.11000061035156,9166592,9166592,yfinance,2026-07-10T06:58:01.269533+00:00
2026-06-15 02:45:00+00:00,SOL-USD,15m,71.08000183105469,71.12000274658203,70.87999725341797,70.94999694824219,3726848,3726848,yfinance,2026-07-10T06:58:01.269533+00:00
2026-06-15 03:00:00+00:00,SOL-USD,15m,70.94999694824219,71.19000244140625,70.87999725341797,71.19000244140625,11601024,11601024,yfinance,2026-07-10T06:58:01.269533+00:00
2026-06-15 03:15:00+00:00,SOL-USD,15m,71.20999908447266,71.22000122070312,71.08999633789062,71.18000030517578,7513216,7513216,yfinance,2026-07-10T06:58:01.269533+00:00
2026-06-15 03:30:00+00:00,SOL-USD,15m,71.18000030517578,71.31999969482422,71.05000305175781,71.30999755859375,6510976,6510976,yfinance,2026-07-10T06:58:01.269533+00:00
2026-06-15 03:45:00+00:00,SOL-USD,15m,71.27999877929688,71.31999969482422,71.18000030517578,71.20999908447266,6662528,6662528,yfinance,2026-07-10T06:58:01.269533+00:00
2026-06-15 04:00:00+00:00,SOL-USD,15m,71.19000244140625,71.19000244140625,71.04000091552734,71.16000366210938,3413120,3413120,yfinance,2026-07-10T06:58:01.269533+00:00
2026-06-15 04:15:00+00:00,SOL-USD,15m,71.1500015258789,71.23999786376953,71.04000091552734,71.05000305175781,3985408,3985408,yfinance,2026-07-10T06:58:01.269533+00:00
2026-06-15 04:30:00+00:00,SOL-USD,15m,71.06999969482422,71.11000061035156,70.87000274658203,70.91999816894531,2969088,2969088,yfinance,2026-07-10T06:58:01.269533+00:00
2026-06-15 04:45:00+00:00,SOL-USD,15m,70.91000366210938,70.98999786376953,70.86000061035156,70.88999938964844,0,0,yfinance,2026-07-10T06:58:01.269533+00:00
2026-06-15 05:00:00+00:00,SOL-USD,15m,70.87999725341797,71.0,70.77999877929688,70.93000030517578,0,0,yfinance,2026-07-10T06:58:01.269533+00:00
2026-06-15 05:15:00+00:00,SOL-USD,15m,70.91999816894531,71.18000030517578,70.91999816894531,71.16000366210938,0,0,yfinance,2026-07-10T06:58:01.269533+00:00
2026-06-15 05:30:00+00:00,SOL-USD,15m,71.16999816894531,71.18000030517578,70.87000274658203,70.95999908447266,0,0,yfinance,2026-07-10T06:58:01.269533+00:00
2026-06-15 05:45:00+00:00,SOL-USD,15m,70.94999694824219,71.2699966430664,70.94999694824219,71.16999816894531,820608,820608,yfinance,2026-07-10T06:58:01.269533+00:00
2026-06-15 06:00:00+00:00,SOL-USD,15m,71.16000366210938,71.25,71.06999969482422,71.18000030517578,0,0,yfinance,2026-07-10T06:58:01.269533+00:00
2026-06-15 06:15:00+00:00,SOL-USD,15m,71.18000030517578,71.41000366210938,71.12999725341797,71.36000061035156,6324224,6324224,yfinance,2026-07-10T06:58:01.269533+00:00
2026-06-15 06:30:00+00:00,SOL-USD,15m,71.37000274658203,71.41000366210938,71.16000366210938,71.30999755859375,8976128,8976128,yfinance,2026-07-10T06:58:01.269533+00:00
2026-06-15 06:45:00+00:00,SOL-USD,15m,71.30999755859375,71.44999694824219,71.29000091552734,71.29000091552734,0,0,yfinance,2026-07-10T06:58:01.269533+00:00
2026-06-15 07:00:00+00:00,SOL-USD,15m,71.30999755859375,71.33999633789062,71.08999633789062,71.23999786376953,3486080,3486080,yfinance,2026-07-10T06:58:01.269533+00:00
2026-06-15 07:15:00+00:00,SOL-USD,15m,71.23999786376953,71.45999908447266,71.23999786376953,71.37999725341797,15513472,15513472,yfinance,2026-07-10T06:58:01.269533+00:00
2026-06-15 07:30:00+00:00,SOL-USD,15m,71.37999725341797,71.37999725341797,71.0999984741211,71.30999755859375,10080256,10080256,yfinance,2026-07-10T06:58:01.269533+00:00
2026-06-15 07:45:00+00:00,SOL-USD,15m,71.27999877929688,71.36000061035156,71.16999816894531,71.22000122070312,5839616,5839616,yfinance,2026-07-10T06:58:01.269533+00:00
2026-06-15 08:00:00+00:00,SOL-USD,15m,71.23999786376953,71.44999694824219,71.13999938964844,71.43000030517578,13143168,13143168,yfinance,2026-07-10T06:58:01.269533+00:00
2026-06-15 08:15:00+00:00,SOL-USD,15m,71.44000244140625,71.55999755859375,71.16999816894531,71.31999969482422,16868480,16868480,yfinance,2026-07-10T06:58:01.269533+00:00
2026-06-15 08:30:00+00:00,SOL-USD,15m,71.29000091552734,71.48999786376953,71.2699966430664,71.37999725341797,11343232,11343232,yfinance,2026-07-10T06:58:01.269533+00:00
2026-06-15 08:45:00+00:00,SOL-USD,15m,71.38999938964844,71.44999694824219,71.20999908447266,71.23999786376953,6698752,6698752,yfinance,2026-07-10T06:58:01.269533+00:00
2026-06-15 09:00:00+00:00,SOL-USD,15m,71.26000213623047,71.33999633789062,71.19999694824219,71.23999786376953,1437056,1437056,yfinance,2026-07-10T06:58:01.269533+00:00
2026-06-15 09:15:00+00:00,SOL-USD,15m,71.2300033569336,71.43000030517578,71.13999938964844,71.1500015258789,6425344,6425344,yfinance,2026-07-10T06:58:01.269533+00:00
2026-06-15 09:30:00+00:00,SOL-USD,15m,71.13999938964844,71.13999938964844,70.79000091552734,70.94999694824219,9545216,9545216,yfinance,2026-07-10T06:58:01.269533+00:00
2026-06-15 09:45:00+00:00,SOL-USD,15m,70.94000244140625,71.19000244140625,70.8499984741211,71.18000030517578,11880832,11880832,yfinance,2026-07-10T06:58:01.269533+00:00
2026-06-15 10:00:00+00:00,SOL-USD,15m,71.18000030517578,71.43000030517578,71.1500015258789,71.33999633789062,8872832,8872832,yfinance,2026-07-10T06:58:01.269533+00:00
2026-06-15 10:15:00+00:00,SOL-USD,15m,71.3499984741211,71.44999694824219,71.30000305175781,71.37000274658203,14078976,14078976,yfinance,2026-07-10T06:58:01.269533+00:00
2026-06-15 10:30:00+00:00,SOL-USD,15m,71.37000274658203,71.47000122070312,71.36000061035156,71.44999694824219,1917568,1917568,yfinance,2026-07-10T06:58:01.269533+00:00
2026-06-15 10:45:00+00:00,SOL-USD,15m,71.45999908447266,72.05999755859375,71.41000366210938,71.83000183105469,19155712,19155712,yfinance,2026-07-10T06:58:01.269533+00:00
2026-06-15 11:00:00+00:00,SOL-USD,15m,71.81999969482422,72.12999725341797,71.62000274658203,72.01000213623047,68959360,68959360,yfinance,2026-07-10T06:58:01.269533+00:00
2026-06-15 11:15:00+00:00,SOL-USD,15m,72.0199966430664,72.73999786376953,71.98999786376953,72.63999938964844,47193216,47193216,yfinance,2026-07-10T06:58:01.269533+00:00
2026-06-15 11:30:00+00:00,SOL-USD,15m,72.6500015258789,72.70999908447266,72.4000015258789,72.44999694824219,60008448,60008448,yfinance,2026-07-10T06:58:01.269533+00:00
2026-06-15 11:45:00+00:00,SOL-USD,15m,72.44999694824219,72.68000030517578,72.38999938964844,72.56999969482422,20921472,20921472,yfinance,2026-07-10T06:58:01.269533+00:00
2026-06-15 12:00:00+00:00,SOL-USD,15m,72.58999633789062,72.62999725341797,72.4000015258789,72.58000183105469,15411584,15411584,yfinance,2026-07-10T06:58:01.269533+00:00
2026-06-15 12:15:00+00:00,SOL-USD,15m,72.61000061035156,72.61000061035156,72.30999755859375,72.52999877929688,18201088,18201088,yfinance,2026-07-10T06:58:01.269533+00:00
2026-06-15 12:30:00+00:00,SOL-USD,15m,72.51000213623047,72.95999908447266,72.37999725341797,72.91999816894531,26416896,26416896,yfinance,2026-07-10T06:58:01.269533+00:00
2026-06-15 12:45:00+00:00,SOL-USD,15m,72.9000015258789,72.91000366210938,72.72000122070312,72.80000305175781,27329408,27329408,yfinance,2026-07-10T06:58:01.269533+00:00
2026-06-15 13:00:00+00:00,SOL-USD,15m,72.80999755859375,73.3499984741211,72.69000244140625,73.30000305175781,34168064,34168064,yfinance,2026-07-10T06:58:01.269533+00:00
2026-06-15 13:15:00+00:00,SOL-USD,15m,73.30000305175781,74.19000244140625,73.30000305175781,73.9000015258789,96545024,96545024,yfinance,2026-07-10T06:58:01.269533+00:00
2026-06-15 13:30:00+00:00,SOL-USD,15m,73.88999938964844,74.13999938964844,73.41000366210938,73.63999938964844,40590848,40590848,yfinance,2026-07-10T06:58:01.269533+00:00
2026-06-15 13:45:00+00:00,SOL-USD,15m,73.6500015258789,73.80000305175781,73.41000366210938,73.58999633789062,28461824,28461824,yfinance,2026-07-10T06:58:01.269533+00:00
2026-06-15 14:00:00+00:00,SOL-USD,15m,73.61000061035156,73.61000061035156,73.16000366210938,73.44999694824219,33046272,33046272,yfinance,2026-07-10T06:58:01.269533+00:00
2026-06-15 14:15:00+00:00,SOL-USD,15m,73.43000030517578,73.80000305175781,73.37000274658203,73.80000305175781,12593408,12593408,yfinance,2026-07-10T06:58:01.269533+00:00
2026-06-15 14:30:00+00:00,SOL-USD,15m,73.77999877929688,73.88999938964844,73.56999969482422,73.7300033569336,17582336,17582336,yfinance,2026-07-10T06:58:01.269533+00:00
2026-06-15 14:45:00+00:00,SOL-USD,15m,73.72000122070312,73.93000030517578,73.66000366210938,73.7699966430664,5507840,5507840,yfinance,2026-07-10T06:58:01.269533+00:00
2026-06-15 15:00:00+00:00,SOL-USD,15m,73.73999786376953,73.95999908447266,73.73999786376953,73.86000061035156,8237824,8237824,yfinance,2026-07-10T06:58:01.269533+00:00
2026-06-15 15:15:00+00:00,SOL-USD,15m,73.83999633789062,74.16000366210938,73.77999877929688,74.0,25196544,25196544,yfinance,2026-07-10T06:58:01.269533+00:00
2026-06-15 15:30:00+00:00,SOL-USD,15m,74.01000213623047,74.73999786376953,73.80999755859375,74.62999725341797,38742016,38742016,yfinance,2026-07-10T06:58:01.269533+00:00
2026-06-15 15:45:00+00:00,SOL-USD,15m,74.62999725341797,75.19999694824219,74.61000061035156,75.19999694824219,74321920,74321920,yfinance,2026-07-10T06:58:01.269533+00:00
2026-06-15 16:00:00+00:00,SOL-USD,15m,75.19999694824219,75.91000366210938,74.94000244140625,75.79000091552734,55572480,55572480,yfinance,2026-07-10T06:58:01.269533+00:00
2026-06-15 16:15:00+00:00,SOL-USD,15m,75.7699966430664,75.8499984741211,75.25,75.69999694824219,65870336,65870336,yfinance,2026-07-10T06:58:01.269533+00:00
2026-06-15 16:30:00+00:00,SOL-USD,15m,75.73999786376953,76.02999877929688,75.48999786376953,75.9000015258789,41315584,41315584,yfinance,2026-07-10T06:58:01.269533+00:00
2026-06-15 16:45:00+00:00,SOL-USD,15m,75.94999694824219,75.9800033569336,75.44000244140625,75.44000244140625,35427328,35427328,yfinance,2026-07-10T06:58:01.269533+00:00
2026-06-15 17:00:00+00:00,SOL-USD,15m,75.44000244140625,75.44000244140625,74.79000091552734,75.12999725341797,47104256,47104256,yfinance,2026-07-10T06:58:01.269533+00:00
2026-06-15 17:15:00+00:00,SOL-USD,15m,75.08999633789062,75.2300033569336,74.87000274658203,74.93000030517578,40219648,40219648,yfinance,2026-07-10T06:58:01.269533+00:00
2026-06-15 17:30:00+00:00,SOL-USD,15m,74.9000015258789,75.29000091552734,74.62999725341797,75.16000366210938,46574336,46574336,yfinance,2026-07-10T06:58:01.269533+00:00
2026-06-15 17:45:00+00:00,SOL-USD,15m,75.13999938964844,75.30999755859375,75.12000274658203,75.23999786376953,17129728,17129728,yfinance,2026-07-10T06:58:01.269533+00:00
2026-06-15 18:00:00+00:00,SOL-USD,15m,75.26000213623047,75.36000061035156,75.06999969482422,75.33000183105469,15927552,15927552,yfinance,2026-07-10T06:58:01.269533+00:00
2026-06-15 18:15:00+00:00,SOL-USD,15m,75.33000183105469,75.4800033569336,75.31999969482422,75.36000061035156,20068608,20068608,yfinance,2026-07-10T06:58:01.269533+00:00
2026-06-15 18:30:00+00:00,SOL-USD,15m,75.37999725341797,75.66000366210938,75.2699966430664,75.41000366210938,25067264,25067264,yfinance,2026-07-10T06:58:01.269533+00:00
2026-06-15 18:45:00+00:00,SOL-USD,15m,75.45999908447266,75.58000183105469,75.19999694824219,75.2699966430664,16643840,16643840,yfinance,2026-07-10T06:58:01.269533+00:00
2026-06-15 19:00:00+00:00,SOL-USD,15m,75.2300033569336,75.70999908447266,75.16000366210938,75.62000274658203,19443968,19443968,yfinance,2026-07-10T06:58:01.269533+00:00
2026-06-15 19:15:00+00:00,SOL-USD,15m,75.63999938964844,75.7699966430664,74.58999633789062,74.87999725341797,32027392,32027392,yfinance,2026-07-10T06:58:01.269533+00:00
2026-06-15 19:30:00+00:00,SOL-USD,15m,74.88999938964844,75.4800033569336,74.86000061035156,75.4800033569336,28648192,28648192,yfinance,2026-07-10T06:58:01.269533+00:00
2026-06-15 19:45:00+00:00,SOL-USD,15m,75.47000122070312,75.5,74.9800033569336,75.1500015258789,16019712,16019712,yfinance,2026-07-10T06:58:01.269533+00:00
2026-06-15 20:00:00+00:00,SOL-USD,15m,75.18000030517578,75.41000366210938,75.0199966430664,75.20999908447266,16167680,16167680,yfinance,2026-07-10T06:58:01.269533+00:00
2026-06-15 20:15:00+00:00,SOL-USD,15m,75.19000244140625,75.23999786376953,74.91000366210938,75.01000213623047,8465152,8465152,yfinance,2026-07-10T06:58:01.269533+00:00
2026-06-15 20:30:00+00:00,SOL-USD,15m,75.0,75.16999816894531,74.93000030517578,74.94999694824219,5261568,5261568,yfinance,2026-07-10T06:58:01.269533+00:00
2026-06-15 20:45:00+00:00,SOL-USD,15m,74.88999938964844,74.94999694824219,74.75,74.9000015258789,13950720,13950720,yfinance,2026-07-10T06:58:01.269533+00:00
2026-06-15 21:00:00+00:00,SOL-USD,15m,74.9000015258789,74.97000122070312,74.66000366210938,74.95999908447266,8679936,8679936,yfinance,2026-07-10T06:58:01.269533+00:00
2026-06-15 21:15:00+00:00,SOL-USD,15m,74.94000244140625,74.95999908447266,74.41999816894531,74.43000030517578,5712128,5712128,yfinance,2026-07-10T06:58:01.269533+00:00
2026-06-15 21:30:00+00:00,SOL-USD,15m,74.44000244140625,74.62000274658203,74.37000274658203,74.56999969482422,0,0,yfinance,2026-07-10T06:58:01.269533+00:00
2026-06-15 21:45:00+00:00,SOL-USD,15m,74.56999969482422,74.61000061035156,74.36000061035156,74.41000366210938,0,0,yfinance,2026-07-10T06:58:01.269533+00:00
2026-06-15 22:00:00+00:00,SOL-USD,15m,74.41999816894531,74.55000305175781,74.29000091552734,74.29000091552734,0,0,yfinance,2026-07-10T06:58:01.269533+00:00
2026-06-15 22:15:00+00:00,SOL-USD,15m,74.33999633789062,74.41999816894531,73.68000030517578,73.77999877929688,777472,777472,yfinance,2026-07-10T06:58:01.269533+00:00
2026-06-15 22:30:00+00:00,SOL-USD,15m,73.76000213623047,74.06999969482422,73.5999984741211,73.86000061035156,27023616,27023616,yfinance,2026-07-10T06:58:01.269533+00:00
2026-06-15 22:45:00+00:00,SOL-USD,15m,73.87000274658203,73.91999816894531,73.63999938964844,73.7300033569336,1746688,1746688,yfinance,2026-07-10T06:58:01.269533+00:00
2026-06-15 23:00:00+00:00,SOL-USD,15m,73.7300033569336,73.86000061035156,73.63999938964844,73.83000183105469,0,0,yfinance,2026-07-10T06:58:01.269533+00:00
2026-06-15 23:15:00+00:00,SOL-USD,15m,73.83999633789062,73.91000366210938,73.62000274658203,73.83999633789062,0,0,yfinance,2026-07-10T06:58:01.269533+00:00
2026-06-15 23:30:00+00:00,SOL-USD,15m,73.8499984741211,73.91000366210938,73.5999984741211,73.91000366210938,0,0,yfinance,2026-07-10T06:58:01.269533+00:00
2026-06-15 23:45:00+00:00,SOL-USD,15m,73.91000366210938,74.0199966430664,73.8499984741211,73.93000030517578,0,0,yfinance,2026-07-10T06:58:01.269533+00:00
2026-06-16 00:00:00+00:00,SOL-USD,15m,73.93000030517578,74.12000274658203,73.80000305175781,74.05999755859375,0,0,yfinance,2026-07-10T06:58:01.269533+00:00
2026-06-16 00:15:00+00:00,SOL-USD,15m,74.08999633789062,74.13999938964844,73.83999633789062,73.87000274658203,0,0,yfinance,2026-07-10T06:58:01.269533+00:00
2026-06-16 00:30:00+00:00,SOL-USD,15m,73.86000061035156,74.3499984741211,73.83999633789062,74.25,0,0,yfinance,2026-07-10T06:58:01.269533+00:00
2026-06-16 00:45:00+00:00,SOL-USD,15m,74.23999786376953,74.30999755859375,73.94999694824219,73.9800033569336,0,0,yfinance,2026-07-10T06:58:01.269533+00:00
2026-06-16 01:00:00+00:00,SOL-USD,15m,73.98999786376953,74.30000305175781,73.95999908447266,74.0999984741211,0,0,yfinance,2026-07-10T06:58:01.269533+00:00
2026-06-16 01:15:00+00:00,SOL-USD,15m,74.08000183105469,74.22000122070312,74.0,74.16000366210938,520192,520192,yfinance,2026-07-10T06:58:01.269533+00:00
2026-06-16 01:30:00+00:00,SOL-USD,15m,74.16000366210938,74.2300033569336,74.0199966430664,74.0999984741211,0,0,yfinance,2026-07-10T06:58:01.269533+00:00
2026-06-16 01:45:00+00:00,SOL-USD,15m,74.08000183105469,74.20999908447266,73.81999969482422,73.83000183105469,1384192,1384192,yfinance,2026-07-10T06:58:01.269533+00:00
2026-06-16 02:00:00+00:00,SOL-USD,15m,73.8499984741211,73.8499984741211,73.37000274658203,73.37999725341797,7192064,7192064,yfinance,2026-07-10T06:58:01.269533+00:00
2026-06-16 02:15:00+00:00,SOL-USD,15m,73.4000015258789,73.47000122070312,72.79000091552734,72.80000305175781,8254976,8254976,yfinance,2026-07-10T06:58:01.269533+00:00
2026-06-16 02:30:00+00:00,SOL-USD,15m,72.80000305175781,73.04000091552734,72.79000091552734,73.0199966430664,25208064,25208064,yfinance,2026-07-10T06:58:01.269533+00:00
2026-06-16 02:45:00+00:00,SOL-USD,15m,73.0199966430664,73.12999725341797,72.86000061035156,72.98999786376953,3478784,3478784,yfinance,2026-07-10T06:58:01.269533+00:00
2026-06-16 03:00:00+00:00,SOL-USD,15m,72.98999786376953,73.06999969482422,72.83000183105469,73.06999969482422,1721088,1721088,yfinance,2026-07-10T06:58:01.269533+00:00
2026-06-16 03:15:00+00:00,SOL-USD,15m,73.06999969482422,73.47000122070312,72.83999633789062,73.44999694824219,3724032,3724032,yfinance,2026-07-10T06:58:01.269533+00:00
2026-06-16 03:30:00+00:00,SOL-USD,15m,73.44999694824219,73.62000274658203,73.4000015258789,73.58000183105469,11157504,11157504,yfinance,2026-07-10T06:58:01.269533+00:00
2026-06-16 03:45:00+00:00,SOL-USD,15m,73.58999633789062,73.75,73.55000305175781,73.69000244140625,9262848,9262848,yfinance,2026-07-10T06:58:01.269533+00:00
2026-06-16 04:00:00+00:00,SOL-USD,15m,73.70999908447266,73.87999725341797,73.62999725341797,73.72000122070312,5523968,5523968,yfinance,2026-07-10T06:58:01.269533+00:00
2026-06-16 04:15:00+00:00,SOL-USD,15m,73.69000244140625,73.70999908447266,73.43000030517578,73.44999694824219,585216,585216,yfinance,2026-07-10T06:58:01.269533+00:00
2026-06-16 04:30:00+00:00,SOL-USD,15m,73.41000366210938,73.41000366210938,73.1500015258789,73.22000122070312,7245824,7245824,yfinance,2026-07-10T06:58:01.269533+00:00
2026-06-16 04:45:00+00:00,SOL-USD,15m,73.23999786376953,73.38999938964844,73.16999816894531,73.33000183105469,3532032,3532032,yfinance,2026-07-10T06:58:01.269533+00:00
2026-06-16 05:00:00+00:00,SOL-USD,15m,73.33000183105469,73.66999816894531,73.31999969482422,73.61000061035156,9311232,9311232,yfinance,2026-07-10T06:58:01.269533+00:00
2026-06-16 05:15:00+00:00,SOL-USD,15m,73.58000183105469,73.75,73.5,73.66999816894531,6862080,6862080,yfinance,2026-07-10T06:58:01.269533+00:00
2026-06-16 05:30:00+00:00,SOL-USD,15m,73.66000366210938,73.75,73.55000305175781,73.66999816894531,115200,115200,yfinance,2026-07-10T06:58:01.269533+00:00
2026-06-16 05:45:00+00:00,SOL-USD,15m,73.69000244140625,73.79000091552734,73.61000061035156,73.62000274658203,2209280,2209280,yfinance,2026-07-10T06:58:01.269533+00:00
2026-06-16 06:00:00+00:00,SOL-USD,15m,73.6500015258789,73.87000274658203,73.63999938964844,73.81999969482422,488448,488448,yfinance,2026-07-10T06:58:01.269533+00:00
2026-06-16 06:15:00+00:00,SOL-USD,15m,73.80999755859375,73.95999908447266,73.73999786376953,73.95999908447266,1597440,1597440,yfinance,2026-07-10T06:58:01.269533+00:00
2026-06-16 06:30:00+00:00,SOL-USD,15m,73.93000030517578,74.11000061035156,73.91000366210938,74.0199966430664,8809728,8809728,yfinance,2026-07-10T06:58:01.269533+00:00
2026-06-16 06:45:00+00:00,SOL-USD,15m,74.02999877929688,74.23999786376953,74.0,74.13999938964844,14214400,14214400,yfinance,2026-07-10T06:58:01.269533+00:00
2026-06-16 07:00:00+00:00,SOL-USD,15m,74.13999938964844,74.43000030517578,74.08000183105469,74.19000244140625,7188736,7188736,yfinance,2026-07-10T06:58:01.269533+00:00
2026-06-16 07:15:00+00:00,SOL-USD,15m,74.16999816894531,74.2699966430664,74.0999984741211,74.25,2609408,2609408,yfinance,2026-07-10T06:58:01.269533+00:00
2026-06-16 07:30:00+00:00,SOL-USD,15m,74.26000213623047,74.47000122070312,74.22000122070312,74.29000091552734,5497856,5497856,yfinance,2026-07-10T06:58:01.269533+00:00
2026-06-16 07:45:00+00:00,SOL-USD,15m,74.29000091552734,74.48999786376953,74.25,74.43000030517578,2887168,2887168,yfinance,2026-07-10T06:58:01.269533+00:00
2026-06-16 08:00:00+00:00,SOL-USD,15m,74.41000366210938,74.73999786376953,74.30999755859375,74.70999908447266,1624832,1624832,yfinance,2026-07-10T06:58:01.269533+00:00
2026-06-16 08:15:00+00:00,SOL-USD,15m,74.72000122070312,74.98999786376953,74.5199966430664,74.72000122070312,5651712,5651712,yfinance,2026-07-10T06:58:01.269533+00:00
2026-06-16 08:30:00+00:00,SOL-USD,15m,74.75,74.97000122070312,74.70999908447266,74.97000122070312,8295680,8295680,yfinance,2026-07-10T06:58:01.269533+00:00
2026-06-16 08:45:00+00:00,SOL-USD,15m,74.9800033569336,75.55000305175781,74.91999816894531,75.33999633789062,25613312,25613312,yfinance,2026-07-10T06:58:01.269533+00:00
2026-06-16 09:00:00+00:00,SOL-USD,15m,75.30000305175781,75.38999938964844,75.12999725341797,75.27999877929688,10525440,10525440,yfinance,2026-07-10T06:58:01.269533+00:00
2026-06-16 09:15:00+00:00,SOL-USD,15m,75.25,75.25,74.7699966430664,74.87000274658203,6862848,6862848,yfinance,2026-07-10T06:58:01.269533+00:00
2026-06-16 09:30:00+00:00,SOL-USD,15m,74.88999938964844,75.0999984741211,74.80000305175781,75.0999984741211,756224,756224,yfinance,2026-07-10T06:58:01.269533+00:00
2026-06-16 09:45:00+00:00,SOL-USD,15m,75.12999725341797,75.13999938964844,74.7699966430664,74.79000091552734,547584,547584,yfinance,2026-07-10T06:58:01.269533+00:00
2026-06-16 10:00:00+00:00,SOL-USD,15m,74.80000305175781,74.9000015258789,74.72000122070312,74.7699966430664,0,0,yfinance,2026-07-10T06:58:01.269533+00:00
2026-06-16 10:15:00+00:00,SOL-USD,15m,74.7699966430664,75.05000305175781,74.7699966430664,74.98999786376953,4476672,4476672,yfinance,2026-07-10T06:58:01.269533+00:00
2026-06-16 10:30:00+00:00,SOL-USD,15m,74.98999786376953,75.05999755859375,74.8499984741211,74.9800033569336,3190016,3190016,yfinance,2026-07-10T06:58:01.269533+00:00
2026-06-16 10:45:00+00:00,SOL-USD,15m,74.9800033569336,75.01000213623047,74.62000274658203,74.6500015258789,1170688,1170688,yfinance,2026-07-10T06:58:01.269533+00:00
2026-06-16 11:00:00+00:00,SOL-USD,15m,74.63999938964844,74.83000183105469,74.55000305175781,74.5999984741211,0,0,yfinance,2026-07-10T06:58:01.269533+00:00
2026-06-16 11:15:00+00:00,SOL-USD,15m,74.5999984741211,74.83000183105469,74.41999816894531,74.51000213623047,0,0,yfinance,2026-07-10T06:58:01.269533+00:00
2026-06-16 11:30:00+00:00,SOL-USD,15m,74.48999786376953,74.52999877929688,74.33999633789062,74.4800033569336,0,0,yfinance,2026-07-10T06:58:01.269533+00:00
2026-06-16 11:45:00+00:00,SOL-USD,15m,74.48999786376953,74.62000274658203,74.37000274658203,74.58999633789062,341504,341504,yfinance,2026-07-10T06:58:01.269533+00:00
2026-06-16 12:00:00+00:00,SOL-USD,15m,74.62999725341797,74.7699966430664,74.43000030517578,74.68000030517578,625152,625152,yfinance,2026-07-10T06:58:01.269533+00:00
2026-06-16 12:15:00+00:00,SOL-USD,15m,74.70999908447266,75.05999755859375,74.70999908447266,74.97000122070312,15460864,15460864,yfinance,2026-07-10T06:58:01.269533+00:00
2026-06-16 12:30:00+00:00,SOL-USD,15m,74.97000122070312,75.4800033569336,74.7699966430664,74.94999694824219,12213504,12213504,yfinance,2026-07-10T06:58:01.269533+00:00
2026-06-16 12:45:00+00:00,SOL-USD,15m,74.91999816894531,74.98999786376953,74.68000030517578,74.87999725341797,529664,529664,yfinance,2026-07-10T06:58:01.269533+00:00
2026-06-16 13:00:00+00:00,SOL-USD,15m,74.88999938964844,74.9000015258789,73.93000030517578,74.26000213623047,0,0,yfinance,2026-07-10T06:58:01.269533+00:00
2026-06-16 13:15:00+00:00,SOL-USD,15m,74.2699966430664,74.38999938964844,73.9800033569336,73.9800033569336,0,0,yfinance,2026-07-10T06:58:01.269533+00:00
2026-06-16 13:30:00+00:00,SOL-USD,15m,74.04000091552734,74.27999877929688,73.83999633789062,74.22000122070312,6426368,6426368,yfinance,2026-07-10T06:58:01.269533+00:00
2026-06-16 13:45:00+00:00,SOL-USD,15m,74.2300033569336,74.30999755859375,73.87999725341797,73.91999816894531,0,0,yfinance,2026-07-10T06:58:01.269533+00:00
2026-06-16 14:00:00+00:00,SOL-USD,15m,73.93000030517578,74.2300033569336,73.66000366210938,73.70999908447266,257024,257024,yfinance,2026-07-10T06:58:01.269533+00:00
2026-06-16 14:15:00+00:00,SOL-USD,15m,73.7300033569336,73.80999755859375,72.69999694824219,72.7300033569336,32307456,32307456,yfinance,2026-07-10T06:58:01.269533+00:00
2026-06-16 14:30:00+00:00,SOL-USD,15m,72.7699966430664,72.97000122070312,72.30000305175781,72.81999969482422,38624512,38624512,yfinance,2026-07-10T06:58:01.269533+00:00
2026-06-16 14:45:00+00:00,SOL-USD,15m,72.8499984741211,73.0199966430664,72.80000305175781,72.91999816894531,10056448,10056448,yfinance,2026-07-10T06:58:01.269533+00:00
2026-06-16 15:00:00+00:00,SOL-USD,15m,72.91999816894531,73.41000366210938,72.83999633789062,73.38999938964844,3596032,3596032,yfinance,2026-07-10T06:58:01.269533+00:00
2026-06-16 15:15:00+00:00,SOL-USD,15m,73.37999725341797,73.41000366210938,72.93000030517578,73.1500015258789,4337408,4337408,yfinance,2026-07-10T06:58:01.269533+00:00
2026-06-16 15:30:00+00:00,SOL-USD,15m,73.16999816894531,73.58999633789062,73.04000091552734,73.13999938964844,0,0,yfinance,2026-07-10T06:58:01.269533+00:00
2026-06-16 15:45:00+00:00,SOL-USD,15m,73.1500015258789,73.4800033569336,72.95999908447266,73.23999786376953,0,0,yfinance,2026-07-10T06:58:01.269533+00:00
2026-06-16 16:00:00+00:00,SOL-USD,15m,73.23999786376953,73.44000244140625,73.1500015258789,73.16999816894531,0,0,yfinance,2026-07-10T06:58:01.269533+00:00
2026-06-16 16:15:00+00:00,SOL-USD,15m,73.16999816894531,73.33000183105469,73.13999938964844,73.31999969482422,0,0,yfinance,2026-07-10T06:58:01.269533+00:00
2026-06-16 16:30:00+00:00,SOL-USD,15m,73.31999969482422,73.31999969482422,72.9800033569336,73.18000030517578,0,0,yfinance,2026-07-10T06:58:01.269533+00:00
2026-06-16 16:45:00+00:00,SOL-USD,15m,73.20999908447266,73.22000122070312,72.94000244140625,73.01000213623047,0,0,yfinance,2026-07-10T06:58:01.269533+00:00
2026-06-16 17:00:00+00:00,SOL-USD,15m,73.04000091552734,73.26000213623047,73.04000091552734,73.19000244140625,0,0,yfinance,2026-07-10T06:58:01.269533+00:00
2026-06-16 17:15:00+00:00,SOL-USD,15m,73.19000244140625,73.36000061035156,73.0,73.19999694824219,0,0,yfinance,2026-07-10T06:58:01.269533+00:00
2026-06-16 17:30:00+00:00,SOL-USD,15m,73.1500015258789,73.38999938964844,73.06999969482422,73.22000122070312,0,0,yfinance,2026-07-10T06:58:01.269533+00:00
2026-06-16 17:45:00+00:00,SOL-USD,15m,73.19999694824219,73.77999877929688,73.19999694824219,73.61000061035156,8527360,8527360,yfinance,2026-07-10T06:58:01.269533+00:00
2026-06-16 18:00:00+00:00,SOL-USD,15m,73.63999938964844,74.25,73.58999633789062,74.02999877929688,21943552,21943552,yfinance,2026-07-10T06:58:01.269533+00:00
2026-06-16 18:15:00+00:00,SOL-USD,15m,74.05000305175781,74.05000305175781,73.5199966430664,73.66000366210938,3156224,3156224,yfinance,2026-07-10T06:58:01.269533+00:00
2026-06-16 18:30:00+00:00,SOL-USD,15m,73.68000030517578,73.87000274658203,73.62999725341797,73.86000061035156,3793920,3793920,yfinance,2026-07-10T06:58:01.269533+00:00
2026-06-16 18:45:00+00:00,SOL-USD,15m,73.87000274658203,74.12999725341797,73.83000183105469,73.94000244140625,5874432,5874432,yfinance,2026-07-10T06:58:01.269533+00:00
2026-06-16 19:00:00+00:00,SOL-USD,15m,73.91999816894531,73.91999816894531,73.61000061035156,73.68000030517578,1534464,1534464,yfinance,2026-07-10T06:58:01.269533+00:00
2026-06-16 19:15:00+00:00,SOL-USD,15m,73.68000030517578,73.95999908447266,73.43000030517578,73.94000244140625,0,0,yfinance,2026-07-10T06:58:01.269533+00:00
2026-06-16 19:30:00+00:00,SOL-USD,15m,73.95999908447266,74.13999938964844,73.83999633789062,73.97000122070312,467968,467968,yfinance,2026-07-10T06:58:01.269533+00:00
2026-06-16 19:45:00+00:00,SOL-USD,15m,73.9800033569336,74.12999725341797,73.66999816894531,73.77999877929688,449792,449792,yfinance,2026-07-10T06:58:01.269533+00:00
2026-06-16 20:00:00+00:00,SOL-USD,15m,73.7300033569336,74.0199966430664,73.61000061035156,73.94999694824219,0,0,yfinance,2026-07-10T06:58:01.269533+00:00
2026-06-16 20:15:00+00:00,SOL-USD,15m,73.95999908447266,74.12000274658203,73.7699966430664,73.80000305175781,1716480,1716480,yfinance,2026-07-10T06:58:01.269533+00:00
2026-06-16 20:30:00+00:00,SOL-USD,15m,73.80000305175781,74.13999938964844,73.80000305175781,74.12000274658203,1084928,1084928,yfinance,2026-07-10T06:58:01.269533+00:00
2026-06-16 20:45:00+00:00,SOL-USD,15m,74.12000274658203,74.18000030517578,74.01000213623047,74.08000183105469,628480,628480,yfinance,2026-07-10T06:58:01.269533+00:00
2026-06-16 21:00:00+00:00,SOL-USD,15m,74.06999969482422,74.12000274658203,73.94000244140625,73.9800033569336,0,0,yfinance,2026-07-10T06:58:01.269533+00:00
2026-06-16 21:15:00+00:00,SOL-USD,15m,73.9800033569336,74.01000213623047,73.7300033569336,73.7300033569336,2632192,2632192,yfinance,2026-07-10T06:58:01.269533+00:00
2026-06-16 21:30:00+00:00,SOL-USD,15m,73.7300033569336,73.8499984741211,73.68000030517578,73.8499984741211,0,0,yfinance,2026-07-10T06:58:01.269533+00:00
2026-06-16 21:45:00+00:00,SOL-USD,15m,73.83999633789062,73.91000366210938,73.79000091552734,73.87000274658203,1338112,1338112,yfinance,2026-07-10T06:58:01.269533+00:00
2026-06-16 22:00:00+00:00,SOL-USD,15m,73.87000274658203,74.0199966430664,73.69999694824219,73.88999938964844,1491200,1491200,yfinance,2026-07-10T06:58:01.269533+00:00
2026-06-16 22:15:00+00:00,SOL-USD,15m,73.87999725341797,73.91999816894531,73.62999725341797,73.79000091552734,0,0,yfinance,2026-07-10T06:58:01.269533+00:00
2026-06-16 22:30:00+00:00,SOL-USD,15m,73.81999969482422,73.83000183105469,73.62000274658203,73.63999938964844,0,0,yfinance,2026-07-10T06:58:01.269533+00:00
2026-06-16 22:45:00+00:00,SOL-USD,15m,73.62999725341797,73.80000305175781,73.54000091552734,73.7699966430664,0,0,yfinance,2026-07-10T06:58:01.269533+00:00
2026-06-16 23:00:00+00:00,SOL-USD,15m,73.7699966430664,73.88999938964844,73.66000366210938,73.75,0,0,yfinance,2026-07-10T06:58:01.269533+00:00
2026-06-16 23:15:00+00:00,SOL-USD,15m,73.75,73.76000213623047,73.51000213623047,73.70999908447266,0,0,yfinance,2026-07-10T06:58:01.269533+00:00
2026-06-16 23:30:00+00:00,SOL-USD,15m,73.69999694824219,73.75,73.55000305175781,73.58000183105469,0,0,yfinance,2026-07-10T06:58:01.269533+00:00
2026-06-16 23:45:00+00:00,SOL-USD,15m,73.5,73.55999755859375,73.3499984741211,73.45999908447266,0,0,yfinance,2026-07-10T06:58:01.269533+00:00
2026-06-17 00:00:00+00:00,SOL-USD,15m,73.45999908447266,73.72000122070312,73.45999908447266,73.55000305175781,0,0,yfinance,2026-07-10T06:58:01.269533+00:00
2026-06-17 00:15:00+00:00,SOL-USD,15m,73.56999969482422,73.5999984741211,73.37999725341797,73.44000244140625,0,0,yfinance,2026-07-10T06:58:01.269533+00:00
2026-06-17 00:30:00+00:00,SOL-USD,15m,73.44000244140625,73.58000183105469,73.29000091552734,73.52999877929688,7936,7936,yfinance,2026-07-10T06:58:01.269533+00:00
2026-06-17 00:45:00+00:00,SOL-USD,15m,73.54000091552734,73.5999984741211,73.26000213623047,73.30000305175781,0,0,yfinance,2026-07-10T06:58:01.269533+00:00
2026-06-17 01:00:00+00:00,SOL-USD,15m,73.30000305175781,73.58999633789062,73.25,73.58000183105469,0,0,yfinance,2026-07-10T06:58:01.269533+00:00
2026-06-17 01:15:00+00:00,SOL-USD,15m,73.55000305175781,73.55000305175781,73.0999984741211,73.3499984741211,6643072,6643072,yfinance,2026-07-10T06:58:01.269533+00:00
2026-06-17 01:30:00+00:00,SOL-USD,15m,73.36000061035156,73.62000274658203,73.2300033569336,73.4800033569336,1012864,1012864,yfinance,2026-07-10T06:58:01.269533+00:00
2026-06-17 01:45:00+00:00,SOL-USD,15m,73.48999786376953,73.93000030517578,73.4800033569336,73.86000061035156,6056448,6056448,yfinance,2026-07-10T06:58:01.269533+00:00
2026-06-17 02:00:00+00:00,SOL-USD,15m,73.87000274658203,73.9000015258789,73.7300033569336,73.87999725341797,0,0,yfinance,2026-07-10T06:58:01.269533+00:00
2026-06-17 02:15:00+00:00,SOL-USD,15m,73.88999938964844,74.37999725341797,73.79000091552734,74.30999755859375,8996736,8996736,yfinance,2026-07-10T06:58:01.269533+00:00
2026-06-17 02:30:00+00:00,SOL-USD,15m,74.31999969482422,74.31999969482422,73.62999725341797,73.80999755859375,0,0,yfinance,2026-07-10T06:58:01.269533+00:00
2026-06-17 02:45:00+00:00,SOL-USD,15m,73.80000305175781,73.9800033569336,73.75,73.9800033569336,1857664,1857664,yfinance,2026-07-10T06:58:01.269533+00:00
2026-06-17 03:00:00+00:00,SOL-USD,15m,73.9800033569336,73.9800033569336,73.73999786376953,73.7699966430664,0,0,yfinance,2026-07-10T06:58:01.269533+00:00
2026-06-17 03:15:00+00:00,SOL-USD,15m,73.7699966430664,73.7699966430664,73.51000213623047,73.62999725341797,2121728,2121728,yfinance,2026-07-10T06:58:01.269533+00:00
2026-06-17 03:30:00+00:00,SOL-USD,15m,73.62999725341797,73.8499984741211,73.52999877929688,73.55999755859375,0,0,yfinance,2026-07-10T06:58:01.269533+00:00
2026-06-17 03:45:00+00:00,SOL-USD,15m,73.55999755859375,73.66999816894531,73.47000122070312,73.62999725341797,0,0,yfinance,2026-07-10T06:58:01.269533+00:00
2026-06-17 04:00:00+00:00,SOL-USD,15m,73.6500015258789,73.81999969482422,73.52999877929688,73.66999816894531,0,0,yfinance,2026-07-10T06:58:01.269533+00:00
2026-06-17 04:15:00+00:00,SOL-USD,15m,73.62000274658203,73.75,73.54000091552734,73.68000030517578,2128896,2128896,yfinance,2026-07-10T06:58:01.269533+00:00
2026-06-17 04:30:00+00:00,SOL-USD,15m,73.66999816894531,73.80000305175781,73.62999725341797,73.7300033569336,0,0,yfinance,2026-07-10T06:58:01.269533+00:00
2026-06-17 04:45:00+00:00,SOL-USD,15m,73.72000122070312,74.01000213623047,73.72000122070312,73.7300033569336,3740416,3740416,yfinance,2026-07-10T06:58:01.269533+00:00
2026-06-17 05:00:00+00:00,SOL-USD,15m,73.7699966430664,73.94000244140625,73.51000213623047,73.54000091552734,0,0,yfinance,2026-07-10T06:58:01.269533+00:00
2026-06-17 05:15:00+00:00,SOL-USD,15m,73.51000213623047,73.66999816894531,73.37999725341797,73.6500015258789,95488,95488,yfinance,2026-07-10T06:58:01.269533+00:00
2026-06-17 05:30:00+00:00,SOL-USD,15m,73.66999816894531,73.83000183105469,73.58999633789062,73.79000091552734,624256,624256,yfinance,2026-07-10T06:58:01.269533+00:00
2026-06-17 05:45:00+00:00,SOL-USD,15m,73.77999877929688,73.86000061035156,73.4800033569336,73.56999969482422,5241344,5241344,yfinance,2026-07-10T06:58:01.269533+00:00
2026-06-17 06:00:00+00:00,SOL-USD,15m,73.61000061035156,73.7300033569336,73.51000213623047,73.69000244140625,0,0,yfinance,2026-07-10T06:58:01.269533+00:00
2026-06-17 06:15:00+00:00,SOL-USD,15m,73.69000244140625,73.76000213623047,73.27999877929688,73.30999755859375,64384,64384,yfinance,2026-07-10T06:58:01.269533+00:00
2026-06-17 06:30:00+00:00,SOL-USD,15m,73.25,73.45999908447266,73.13999938964844,73.29000091552734,0,0,yfinance,2026-07-10T06:58:01.269533+00:00
2026-06-17 06:45:00+00:00,SOL-USD,15m,73.29000091552734,73.48999786376953,73.23999786376953,73.3499984741211,1457920,1457920,yfinance,2026-07-10T06:58:01.269533+00:00
2026-06-17 07:00:00+00:00,SOL-USD,15m,73.3499984741211,73.4800033569336,73.12999725341797,73.47000122070312,470656,470656,yfinance,2026-07-10T06:58:01.269533+00:00
2026-06-17 07:15:00+00:00,SOL-USD,15m,73.45999908447266,73.54000091552734,73.0999984741211,73.12999725341797,12160,12160,yfinance,2026-07-10T06:58:01.269533+00:00
2026-06-17 07:30:00+00:00,SOL-USD,15m,73.12999725341797,73.31999969482422,73.04000091552734,73.2300033569336,1980800,1980800,yfinance,2026-07-10T06:58:01.269533+00:00
2026-06-17 07:45:00+00:00,SOL-USD,15m,73.22000122070312,73.30999755859375,72.91999816894531,73.19000244140625,15381376,15381376,yfinance,2026-07-10T06:58:01.269533+00:00
2026-06-17 08:00:00+00:00,SOL-USD,15m,73.19000244140625,73.20999908447266,72.79000091552734,72.80000305175781,1999616,1999616,yfinance,2026-07-10T06:58:01.269533+00:00
2026-06-17 08:15:00+00:00,SOL-USD,15m,72.80999755859375,72.88999938964844,72.6500015258789,72.72000122070312,5390336,5390336,yfinance,2026-07-10T06:58:01.269533+00:00
2026-06-17 08:30:00+00:00,SOL-USD,15m,72.69000244140625,72.70999908447266,72.30999755859375,72.3499984741211,15390080,15390080,yfinance,2026-07-10T06:58:01.269533+00:00
2026-06-17 08:45:00+00:00,SOL-USD,15m,72.33999633789062,72.43000030517578,72.08999633789062,72.27999877929688,3310720,3310720,yfinance,2026-07-10T06:58:01.269533+00:00
2026-06-17 09:00:00+00:00,SOL-USD,15m,72.2699966430664,72.41999816894531,72.2699966430664,72.33000183105469,1248768,1248768,yfinance,2026-07-10T06:58:01.269533+00:00
2026-06-17 09:15:00+00:00,SOL-USD,15m,72.33999633789062,72.52999877929688,72.25,72.44999694824219,439808,439808,yfinance,2026-07-10T06:58:01.269533+00:00
2026-06-17 09:30:00+00:00,SOL-USD,15m,72.45999908447266,72.5,72.3499984741211,72.44999694824219,891008,891008,yfinance,2026-07-10T06:58:01.269533+00:00
2026-06-17 09:45:00+00:00,SOL-USD,15m,72.43000030517578,72.58999633789062,72.27999877929688,72.47000122070312,1099008,1099008,yfinance,2026-07-10T06:58:01.269533+00:00
2026-06-17 10:00:00+00:00,SOL-USD,15m,72.4800033569336,72.61000061035156,72.33000183105469,72.47000122070312,2569344,2569344,yfinance,2026-07-10T06:58:01.269533+00:00
2026-06-17 10:15:00+00:00,SOL-USD,15m,72.45999908447266,72.55000305175781,72.3499984741211,72.4000015258789,863872,863872,yfinance,2026-07-10T06:58:01.269533+00:00
2026-06-17 10:30:00+00:00,SOL-USD,15m,72.41000366210938,72.45999908447266,72.20999908447266,72.33000183105469,1875200,1875200,yfinance,2026-07-10T06:58:01.269533+00:00
2026-06-17 10:45:00+00:00,SOL-USD,15m,72.33000183105469,72.37999725341797,72.05000305175781,72.08000183105469,692608,692608,yfinance,2026-07-10T06:58:01.269533+00:00
2026-06-17 11:00:00+00:00,SOL-USD,15m,72.08000183105469,72.16000366210938,71.6500015258789,71.93000030517578,20202624,20202624,yfinance,2026-07-10T06:58:01.269533+00:00
2026-06-17 11:15:00+00:00,SOL-USD,15m,71.91999816894531,72.0,71.75,71.94000244140625,10092544,10092544,yfinance,2026-07-10T06:58:01.269533+00:00
2026-06-17 11:30:00+00:00,SOL-USD,15m,71.95999908447266,72.11000061035156,71.87999725341797,72.08000183105469,1140608,1140608,yfinance,2026-07-10T06:58:01.269533+00:00
2026-06-17 11:45:00+00:00,SOL-USD,15m,72.08000183105469,72.16000366210938,71.95999908447266,71.97000122070312,0,0,yfinance,2026-07-10T06:58:01.269533+00:00
2026-06-17 12:00:00+00:00,SOL-USD,15m,72.01000213623047,72.2300033569336,71.91999816894531,72.20999908447266,632192,632192,yfinance,2026-07-10T06:58:01.269533+00:00
2026-06-17 12:15:00+00:00,SOL-USD,15m,72.20999908447266,72.22000122070312,71.62000274658203,71.68000030517578,1994752,1994752,yfinance,2026-07-10T06:58:01.269533+00:00
2026-06-17 12:30:00+00:00,SOL-USD,15m,71.63999938964844,72.11000061035156,71.54000091552734,72.0999984741211,2947840,2947840,yfinance,2026-07-10T06:58:01.269533+00:00
2026-06-17 12:45:00+00:00,SOL-USD,15m,72.12999725341797,72.27999877929688,72.0999984741211,72.27999877929688,0,0,yfinance,2026-07-10T06:58:01.269533+00:00
2026-06-17 13:00:00+00:00,SOL-USD,15m,72.26000213623047,72.44000244140625,72.16999816894531,72.4000015258789,0,0,yfinance,2026-07-10T06:58:01.269533+00:00
2026-06-17 13:15:00+00:00,SOL-USD,15m,72.37000274658203,72.37999725341797,72.0999984741211,72.26000213623047,0,0,yfinance,2026-07-10T06:58:01.269533+00:00
2026-06-17 13:30:00+00:00,SOL-USD,15m,72.19999694824219,72.61000061035156,72.08000183105469,72.55999755859375,0,0,yfinance,2026-07-10T06:58:01.269533+00:00
2026-06-17 13:45:00+00:00,SOL-USD,15m,72.55999755859375,72.69999694824219,72.36000061035156,72.36000061035156,3389824,3389824,yfinance,2026-07-10T06:58:01.269533+00:00
2026-06-17 14:00:00+00:00,SOL-USD,15m,72.30999755859375,72.44999694824219,72.06999969482422,72.41999816894531,0,0,yfinance,2026-07-10T06:58:01.269533+00:00
2026-06-17 14:15:00+00:00,SOL-USD,15m,72.44999694824219,72.61000061035156,72.2300033569336,72.41000366210938,0,0,yfinance,2026-07-10T06:58:01.269533+00:00
2026-06-17 14:30:00+00:00,SOL-USD,15m,72.41000366210938,72.48999786376953,72.16000366210938,72.33999633789062,0,0,yfinance,2026-07-10T06:58:01.269533+00:00
2026-06-17 14:45:00+00:00,SOL-USD,15m,72.33000183105469,72.54000091552734,71.79000091552734,72.31999969482422,22152192,22152192,yfinance,2026-07-10T06:58:01.269533+00:00
2026-06-17 15:00:00+00:00,SOL-USD,15m,72.33999633789062,72.75,72.30999755859375,72.72000122070312,1033728,1033728,yfinance,2026-07-10T06:58:01.269533+00:00
2026-06-17 15:15:00+00:00,SOL-USD,15m,72.7300033569336,73.05000305175781,72.66000366210938,72.97000122070312,10180992,10180992,yfinance,2026-07-10T06:58:01.269533+00:00
2026-06-17 15:30:00+00:00,SOL-USD,15m,73.0,73.37000274658203,72.86000061035156,73.36000061035156,18909184,18909184,yfinance,2026-07-10T06:58:01.269533+00:00
2026-06-17 15:45:00+00:00,SOL-USD,15m,73.41000366210938,73.80999755859375,73.27999877929688,73.75,12527488,12527488,yfinance,2026-07-10T06:58:01.269533+00:00
2026-06-17 16:00:00+00:00,SOL-USD,15m,73.77999877929688,73.88999938964844,73.66000366210938,73.86000061035156,8137856,8137856,yfinance,2026-07-10T06:58:01.269533+00:00
2026-06-17 16:15:00+00:00,SOL-USD,15m,73.86000061035156,74.58999633789062,73.80000305175781,74.44000244140625,21906432,21906432,yfinance,2026-07-10T06:58:01.269533+00:00
2026-06-17 16:30:00+00:00,SOL-USD,15m,74.41000366210938,74.41000366210938,73.83999633789062,74.01000213623047,31965312,31965312,yfinance,2026-07-10T06:58:01.269533+00:00
2026-06-17 16:45:00+00:00,SOL-USD,15m,73.97000122070312,74.0199966430664,73.66000366210938,73.69000244140625,8053760,8053760,yfinance,2026-07-10T06:58:01.269533+00:00
2026-06-17 17:00:00+00:00,SOL-USD,15m,73.73999786376953,73.79000091552734,73.44999694824219,73.48999786376953,9983872,9983872,yfinance,2026-07-10T06:58:01.269533+00:00
2026-06-17 17:15:00+00:00,SOL-USD,15m,73.48999786376953,73.8499984741211,73.4800033569336,73.7699966430664,4056192,4056192,yfinance,2026-07-10T06:58:01.269533+00:00
2026-06-17 17:30:00+00:00,SOL-USD,15m,73.7699966430664,73.8499984741211,73.48999786376953,73.55000305175781,1090560,1090560,yfinance,2026-07-10T06:58:01.269533+00:00
2026-06-17 17:45:00+00:00,SOL-USD,15m,73.55000305175781,74.23999786376953,73.41000366210938,74.11000061035156,6746368,6746368,yfinance,2026-07-10T06:58:01.269533+00:00
2026-06-17 18:00:00+00:00,SOL-USD,15m,73.80999755859375,73.80999755859375,72.1500015258789,73.11000061035156,65653504,65653504,yfinance,2026-07-10T06:58:01.269533+00:00
2026-06-17 18:15:00+00:00,SOL-USD,15m,73.08000183105469,73.4800033569336,73.0,73.12999725341797,34086144,34086144,yfinance,2026-07-10T06:58:01.269533+00:00
2026-06-17 18:30:00+00:00,SOL-USD,15m,73.11000061035156,74.2699966430664,72.98999786376953,74.26000213623047,53282048,53282048,yfinance,2026-07-10T06:58:01.269533+00:00
2026-06-17 18:45:00+00:00,SOL-USD,15m,74.23999786376953,74.23999786376953,73.31999969482422,73.45999908447266,48158208,48158208,yfinance,2026-07-10T06:58:01.269533+00:00
2026-06-17 19:00:00+00:00,SOL-USD,15m,73.51000213623047,73.6500015258789,72.88999938964844,73.44000244140625,32259840,32259840,yfinance,2026-07-10T06:58:01.269533+00:00
2026-06-17 19:15:00+00:00,SOL-USD,15m,73.44999694824219,73.44999694824219,71.83000183105469,72.01000213623047,43230720,43230720,yfinance,2026-07-10T06:58:01.269533+00:00
2026-06-17 19:30:00+00:00,SOL-USD,15m,72.0,72.31999969482422,71.47000122070312,71.54000091552734,59609600,59609600,yfinance,2026-07-10T06:58:01.269533+00:00
2026-06-17 19:45:00+00:00,SOL-USD,15m,71.58999633789062,71.86000061035156,71.4000015258789,71.5999984741211,68684544,68684544,yfinance,2026-07-10T06:58:01.269533+00:00
2026-06-17 20:00:00+00:00,SOL-USD,15m,71.62999725341797,71.97000122070312,71.5,71.66999816894531,34594560,34594560,yfinance,2026-07-10T06:58:01.269533+00:00
2026-06-17 20:15:00+00:00,SOL-USD,15m,71.70999908447266,71.95999908447266,71.5999984741211,71.86000061035156,10283520,10283520,yfinance,2026-07-10T06:58:01.269533+00:00
2026-06-17 20:30:00+00:00,SOL-USD,15m,71.87000274658203,72.18000030517578,71.69999694824219,71.70999908447266,13988352,13988352,yfinance,2026-07-10T06:58:01.269533+00:00
2026-06-17 20:45:00+00:00,SOL-USD,15m,71.69000244140625,72.13999938964844,71.66999816894531,72.13999938964844,2870528,2870528,yfinance,2026-07-10T06:58:01.269533+00:00
2026-06-17 21:00:00+00:00,SOL-USD,15m,72.13999938964844,72.1500015258789,71.86000061035156,71.93000030517578,12241408,12241408,yfinance,2026-07-10T06:58:01.269533+00:00
2026-06-17 21:15:00+00:00,SOL-USD,15m,71.91999816894531,71.98999786376953,71.81999969482422,71.83000183105469,2297856,2297856,yfinance,2026-07-10T06:58:01.269533+00:00
2026-06-17 21:30:00+00:00,SOL-USD,15m,71.81999969482422,71.94999694824219,71.52999877929688,71.58000183105469,4209664,4209664,yfinance,2026-07-10T06:58:01.269533+00:00
2026-06-17 21:45:00+00:00,SOL-USD,15m,71.56999969482422,71.58000183105469,71.31999969482422,71.55999755859375,9671168,9671168,yfinance,2026-07-10T06:58:01.269533+00:00
2026-06-17 22:00:00+00:00,SOL-USD,15m,71.55999755859375,71.55999755859375,70.79000091552734,71.30000305175781,23784704,23784704,yfinance,2026-07-10T06:58:01.269533+00:00
2026-06-17 22:15:00+00:00,SOL-USD,15m,71.30000305175781,71.79000091552734,71.2699966430664,71.79000091552734,13741056,13741056,yfinance,2026-07-10T06:58:01.269533+00:00
2026-06-17 22:30:00+00:00,SOL-USD,15m,71.80000305175781,71.8499984741211,71.66999816894531,71.69999694824219,6128640,6128640,yfinance,2026-07-10T06:58:01.269533+00:00
2026-06-17 22:45:00+00:00,SOL-USD,15m,71.70999908447266,71.87000274658203,71.63999938964844,71.6500015258789,2426624,2426624,yfinance,2026-07-10T06:58:01.269533+00:00
2026-06-17 23:00:00+00:00,SOL-USD,15m,71.62999725341797,71.91000366210938,71.62999725341797,71.7699966430664,3144960,3144960,yfinance,2026-07-10T06:58:01.269533+00:00
2026-06-17 23:15:00+00:00,SOL-USD,15m,71.80999755859375,72.05999755859375,71.77999877929688,71.95999908447266,9165824,9165824,yfinance,2026-07-10T06:58:01.269533+00:00
2026-06-17 23:30:00+00:00,SOL-USD,15m,71.95999908447266,72.0,71.87999725341797,71.9000015258789,1754112,1754112,yfinance,2026-07-10T06:58:01.269533+00:00
2026-06-17 23:45:00+00:00,SOL-USD,15m,71.87999725341797,72.02999877929688,71.83000183105469,71.9800033569336,2558720,2558720,yfinance,2026-07-10T06:58:01.269533+00:00
2026-06-18 00:00:00+00:00,SOL-USD,15m,72.01000213623047,72.2699966430664,71.95999908447266,72.20999908447266,1600000,1600000,yfinance,2026-07-10T06:58:01.269533+00:00
2026-06-18 00:15:00+00:00,SOL-USD,15m,72.26000213623047,72.30000305175781,72.12000274658203,72.26000213623047,2495232,2495232,yfinance,2026-07-10T06:58:01.269533+00:00
2026-06-18 00:30:00+00:00,SOL-USD,15m,72.25,72.41999816894531,72.19000244140625,72.33999633789062,1520640,1520640,yfinance,2026-07-10T06:58:01.269533+00:00
2026-06-18 00:45:00+00:00,SOL-USD,15m,72.33999633789062,72.41000366210938,72.12000274658203,72.1500015258789,1120000,1120000,yfinance,2026-07-10T06:58:01.269533+00:00
2026-06-18 01:00:00+00:00,SOL-USD,15m,72.12999725341797,72.55999755859375,72.12999725341797,72.44000244140625,6409472,6409472,yfinance,2026-07-10T06:58:01.269533+00:00
2026-06-18 01:15:00+00:00,SOL-USD,15m,72.44999694824219,72.45999908447266,72.30000305175781,72.33000183105469,1707520,1707520,yfinance,2026-07-10T06:58:01.269533+00:00
2026-06-18 01:30:00+00:00,SOL-USD,15m,72.36000061035156,72.4800033569336,72.22000122070312,72.26000213623047,0,0,yfinance,2026-07-10T06:58:01.269533+00:00
2026-06-18 01:45:00+00:00,SOL-USD,15m,72.23999786376953,72.23999786376953,72.02999877929688,72.1500015258789,0,0,yfinance,2026-07-10T06:58:01.269533+00:00
2026-06-18 02:00:00+00:00,SOL-USD,15m,72.16000366210938,72.4000015258789,72.16000366210938,72.19999694824219,139264,139264,yfinance,2026-07-10T06:58:01.269533+00:00
2026-06-18 02:15:00+00:00,SOL-USD,15m,72.19000244140625,72.58999633789062,72.04000091552734,72.52999877929688,2971904,2971904,yfinance,2026-07-10T06:58:01.269533+00:00
2026-06-18 02:30:00+00:00,SOL-USD,15m,72.55000305175781,72.58999633789062,72.41000366210938,72.54000091552734,1228288,1228288,yfinance,2026-07-10T06:58:01.269533+00:00
2026-06-18 02:45:00+00:00,SOL-USD,15m,72.52999877929688,72.55000305175781,72.41000366210938,72.45999908447266,0,0,yfinance,2026-07-10T06:58:01.269533+00:00
2026-06-18 03:00:00+00:00,SOL-USD,15m,72.44000244140625,72.45999908447266,72.19999694824219,72.19999694824219,0,0,yfinance,2026-07-10T06:58:01.269533+00:00
2026-06-18 03:15:00+00:00,SOL-USD,15m,72.19999694824219,72.22000122070312,71.7300033569336,71.7300033569336,0,0,yfinance,2026-07-10T06:58:01.269533+00:00
2026-06-18 03:30:00+00:00,SOL-USD,15m,71.72000122070312,71.83999633789062,71.47000122070312,71.58999633789062,6510592,6510592,yfinance,2026-07-10T06:58:01.269533+00:00
2026-06-18 03:45:00+00:00,SOL-USD,15m,71.61000061035156,71.77999877929688,71.56999969482422,71.58000183105469,11790336,11790336,yfinance,2026-07-10T06:58:01.269533+00:00
2026-06-18 04:00:00+00:00,SOL-USD,15m,71.58000183105469,71.6500015258789,70.97000122070312,71.12999725341797,5570304,5570304,yfinance,2026-07-10T06:58:01.269533+00:00
2026-06-18 04:15:00+00:00,SOL-USD,15m,71.1500015258789,71.31999969482422,70.94000244140625,71.13999938964844,15578368,15578368,yfinance,2026-07-10T06:58:01.269533+00:00
2026-06-18 04:30:00+00:00,SOL-USD,15m,71.13999938964844,71.18000030517578,70.93000030517578,70.94999694824219,2228480,2228480,yfinance,2026-07-10T06:58:01.269533+00:00
2026-06-18 04:45:00+00:00,SOL-USD,15m,70.94999694824219,71.12000274658203,70.83999633789062,70.98999786376953,3462400,3462400,yfinance,2026-07-10T06:58:01.269533+00:00
2026-06-18 05:00:00+00:00,SOL-USD,15m,70.9800033569336,71.0,70.56999969482422,70.77999877929688,10788864,10788864,yfinance,2026-07-10T06:58:01.269533+00:00
2026-06-18 05:15:00+00:00,SOL-USD,15m,70.79000091552734,70.95999908447266,70.76000213623047,70.83000183105469,6694144,6694144,yfinance,2026-07-10T06:58:01.269533+00:00
2026-06-18 05:30:00+00:00,SOL-USD,15m,70.8499984741211,71.0,70.72000122070312,70.91000366210938,4637440,4637440,yfinance,2026-07-10T06:58:01.269533+00:00
2026-06-18 05:45:00+00:00,SOL-USD,15m,70.9000015258789,71.05999755859375,70.87000274658203,71.04000091552734,535552,535552,yfinance,2026-07-10T06:58:01.269533+00:00
2026-06-18 06:00:00+00:00,SOL-USD,15m,71.05000305175781,71.19999694824219,70.91999816894531,71.08000183105469,4414720,4414720,yfinance,2026-07-10T06:58:01.269533+00:00
2026-06-18 06:15:00+00:00,SOL-USD,15m,71.12999725341797,71.16000366210938,70.94000244140625,71.11000061035156,1936128,1936128,yfinance,2026-07-10T06:58:01.269533+00:00
2026-06-18 06:30:00+00:00,SOL-USD,15m,71.11000061035156,71.25,71.06999969482422,71.2300033569336,0,0,yfinance,2026-07-10T06:58:01.269533+00:00
2026-06-18 06:45:00+00:00,SOL-USD,15m,71.23999786376953,71.33000183105469,71.16000366210938,71.26000213623047,547328,547328,yfinance,2026-07-10T06:58:01.269533+00:00
2026-06-18 07:00:00+00:00,SOL-USD,15m,71.2699966430664,71.2699966430664,71.08000183105469,71.22000122070312,0,0,yfinance,2026-07-10T06:58:01.269533+00:00
2026-06-18 07:15:00+00:00,SOL-USD,15m,71.20999908447266,71.70999908447266,71.20999908447266,71.66000366210938,759040,759040,yfinance,2026-07-10T06:58:01.269533+00:00
2026-06-18 07:30:00+00:00,SOL-USD,15m,71.6500015258789,71.69999694824219,71.48999786376953,71.58999633789062,978176,978176,yfinance,2026-07-10T06:58:01.269533+00:00
2026-06-18 07:45:00+00:00,SOL-USD,15m,71.61000061035156,71.76000213623047,71.58999633789062,71.69999694824219,107264,107264,yfinance,2026-07-10T06:58:01.269533+00:00
2026-06-18 08:00:00+00:00,SOL-USD,15m,71.72000122070312,71.9000015258789,71.55999755859375,71.77999877929688,0,0,yfinance,2026-07-10T06:58:01.269533+00:00
2026-06-18 08:15:00+00:00,SOL-USD,15m,71.79000091552734,71.87000274658203,71.72000122070312,71.8499984741211,0,0,yfinance,2026-07-10T06:58:01.269533+00:00
2026-06-18 08:30:00+00:00,SOL-USD,15m,71.8499984741211,72.0,71.83999633789062,71.87000274658203,0,0,yfinance,2026-07-10T06:58:01.269533+00:00
2026-06-18 08:45:00+00:00,SOL-USD,15m,71.86000061035156,71.97000122070312,71.7699966430664,71.79000091552734,0,0,yfinance,2026-07-10T06:58:01.269533+00:00
2026-06-18 09:00:00+00:00,SOL-USD,15m,71.80000305175781,71.9000015258789,71.72000122070312,71.88999938964844,0,0,yfinance,2026-07-10T06:58:01.269533+00:00
2026-06-18 09:15:00+00:00,SOL-USD,15m,71.88999938964844,72.08999633789062,71.76000213623047,71.76000213623047,438272,438272,yfinance,2026-07-10T06:58:01.269533+00:00
2026-06-18 09:30:00+00:00,SOL-USD,15m,71.76000213623047,71.9000015258789,71.70999908447266,71.88999938964844,0,0,yfinance,2026-07-10T06:58:01.269533+00:00
2026-06-18 09:45:00+00:00,SOL-USD,15m,71.9000015258789,71.9800033569336,71.73999786376953,71.77999877929688,0,0,yfinance,2026-07-10T06:58:01.269533+00:00
2026-06-18 10:00:00+00:00,SOL-USD,15m,71.79000091552734,71.79000091552734,71.2699966430664,71.2699966430664,5886720,5886720,yfinance,2026-07-10T06:58:01.269533+00:00
2026-06-18 10:15:00+00:00,SOL-USD,15m,71.22000122070312,71.37000274658203,71.05000305175781,71.16000366210938,6926848,6926848,yfinance,2026-07-10T06:58:01.269533+00:00
2026-06-18 10:30:00+00:00,SOL-USD,15m,71.16999816894531,71.2300033569336,71.05999755859375,71.08999633789062,6442752,6442752,yfinance,2026-07-10T06:58:01.269533+00:00
2026-06-18 10:45:00+00:00,SOL-USD,15m,71.05000305175781,71.44000244140625,71.02999877929688,71.33999633789062,7652608,7652608,yfinance,2026-07-10T06:58:01.269533+00:00
2026-06-18 11:00:00+00:00,SOL-USD,15m,71.3499984741211,71.48999786376953,71.0,71.08000183105469,2556672,2556672,yfinance,2026-07-10T06:58:01.269533+00:00
2026-06-18 11:15:00+00:00,SOL-USD,15m,71.0999984741211,71.13999938964844,70.7699966430664,71.08999633789062,0,0,yfinance,2026-07-10T06:58:01.269533+00:00
2026-06-18 11:30:00+00:00,SOL-USD,15m,71.0999984741211,71.18000030517578,70.70999908447266,70.87000274658203,1198336,1198336,yfinance,2026-07-10T06:58:01.269533+00:00
2026-06-18 11:45:00+00:00,SOL-USD,15m,70.87000274658203,70.94999694824219,70.66000366210938,70.87000274658203,13404672,13404672,yfinance,2026-07-10T06:58:01.269533+00:00
2026-06-18 12:00:00+00:00,SOL-USD,15m,70.9000015258789,71.04000091552734,70.81999969482422,70.94000244140625,0,0,yfinance,2026-07-10T06:58:01.269533+00:00
2026-06-18 12:15:00+00:00,SOL-USD,15m,70.94999694824219,71.30000305175781,70.91000366210938,71.29000091552734,0,0,yfinance,2026-07-10T06:58:01.269533+00:00
2026-06-18 12:30:00+00:00,SOL-USD,15m,71.33000183105469,71.37999725341797,71.16999816894531,71.3499984741211,0,0,yfinance,2026-07-10T06:58:01.269533+00:00
2026-06-18 12:45:00+00:00,SOL-USD,15m,71.3499984741211,71.54000091552734,71.33000183105469,71.4800033569336,339968,339968,yfinance,2026-07-10T06:58:01.269533+00:00
2026-06-18 13:00:00+00:00,SOL-USD,15m,71.5,71.63999938964844,71.37999725341797,71.5199966430664,0,0,yfinance,2026-07-10T06:58:01.269533+00:00
2026-06-18 13:15:00+00:00,SOL-USD,15m,71.52999877929688,71.69999694824219,71.47000122070312,71.61000061035156,405248,405248,yfinance,2026-07-10T06:58:01.269533+00:00
2026-06-18 13:30:00+00:00,SOL-USD,15m,71.58000183105469,71.61000061035156,70.6500015258789,70.66999816894531,4666624,4666624,yfinance,2026-07-10T06:58:01.269533+00:00
2026-06-18 13:45:00+00:00,SOL-USD,15m,70.69999694824219,71.2699966430664,70.66999816894531,70.94999694824219,3624704,3624704,yfinance,2026-07-10T06:58:01.269533+00:00
2026-06-18 14:00:00+00:00,SOL-USD,15m,70.9800033569336,71.16999816894531,70.76000213623047,70.83000183105469,9085952,9085952,yfinance,2026-07-10T06:58:01.269533+00:00
2026-06-18 14:15:00+00:00,SOL-USD,15m,70.86000061035156,71.58000183105469,70.62999725341797,70.95999908447266,13003520,13003520,yfinance,2026-07-10T06:58:01.269533+00:00
2026-06-18 14:30:00+00:00,SOL-USD,15m,70.93000030517578,71.33000183105469,70.87000274658203,70.88999938964844,11545344,11545344,yfinance,2026-07-10T06:58:01.269533+00:00
2026-06-18 14:45:00+00:00,SOL-USD,15m,70.87999725341797,71.16999816894531,70.6500015258789,70.9800033569336,0,0,yfinance,2026-07-10T06:58:01.269533+00:00
2026-06-18 15:00:00+00:00,SOL-USD,15m,70.93000030517578,70.94999694824219,70.54000091552734,70.55000305175781,5785088,5785088,yfinance,2026-07-10T06:58:01.269533+00:00
2026-06-18 15:15:00+00:00,SOL-USD,15m,70.52999877929688,70.5999984741211,69.72000122070312,69.80000305175781,38110720,38110720,yfinance,2026-07-10T06:58:01.269533+00:00
2026-06-18 15:30:00+00:00,SOL-USD,15m,69.77999877929688,69.98999786376953,68.79000091552734,68.95999908447266,80989696,80989696,yfinance,2026-07-10T06:58:01.269533+00:00
2026-06-18 15:45:00+00:00,SOL-USD,15m,68.97000122070312,69.04000091552734,68.29000091552734,68.3499984741211,95363072,95363072,yfinance,2026-07-10T06:58:01.269533+00:00
2026-06-18 16:00:00+00:00,SOL-USD,15m,68.30000305175781,68.88999938964844,68.30000305175781,68.80999755859375,95596544,95596544,yfinance,2026-07-10T06:58:01.269533+00:00
2026-06-18 16:15:00+00:00,SOL-USD,15m,68.81999969482422,68.83000183105469,68.38999938964844,68.62000274658203,4118528,4118528,yfinance,2026-07-10T06:58:01.269533+00:00
2026-06-18 16:30:00+00:00,SOL-USD,15m,68.58000183105469,68.80999755859375,68.41999816894531,68.72000122070312,0,0,yfinance,2026-07-10T06:58:01.269533+00:00
2026-06-18 16:45:00+00:00,SOL-USD,15m,68.75,69.04000091552734,68.69000244140625,68.95999908447266,3127040,3127040,yfinance,2026-07-10T06:58:01.269533+00:00
2026-06-18 17:00:00+00:00,SOL-USD,15m,69.01000213623047,69.0199966430664,68.68000030517578,68.80999755859375,1391616,1391616,yfinance,2026-07-10T06:58:01.269533+00:00
2026-06-18 17:15:00+00:00,SOL-USD,15m,68.7699966430664,68.97000122070312,68.5199966430664,68.87999725341797,2539008,2539008,yfinance,2026-07-10T06:58:01.269533+00:00
2026-06-18 17:30:00+00:00,SOL-USD,15m,68.88999938964844,69.05000305175781,68.55000305175781,68.62999725341797,28051200,28051200,yfinance,2026-07-10T06:58:01.269533+00:00
2026-06-18 17:45:00+00:00,SOL-USD,15m,68.62000274658203,68.7300033569336,68.4000015258789,68.54000091552734,7001600,7001600,yfinance,2026-07-10T06:58:01.269533+00:00
2026-06-18 18:00:00+00:00,SOL-USD,15m,68.55999755859375,68.58000183105469,68.33000183105469,68.33000183105469,0,0,yfinance,2026-07-10T06:58:01.269533+00:00
2026-06-18 18:15:00+00:00,SOL-USD,15m,68.31999969482422,68.87999725341797,68.16000366210938,68.72000122070312,19324672,19324672,yfinance,2026-07-10T06:58:01.269533+00:00
2026-06-18 18:30:00+00:00,SOL-USD,15m,68.69999694824219,68.70999908447266,68.41999816894531,68.62999725341797,3486720,3486720,yfinance,2026-07-10T06:58:01.269533+00:00
2026-06-18 18:45:00+00:00,SOL-USD,15m,68.63999938964844,68.73999786376953,68.45999908447266,68.55999755859375,0,0,yfinance,2026-07-10T06:58:01.269533+00:00
2026-06-18 19:00:00+00:00,SOL-USD,15m,68.55999755859375,68.62999725341797,68.47000122070312,68.58000183105469,0,0,yfinance,2026-07-10T06:58:01.269533+00:00
2026-06-18 19:15:00+00:00,SOL-USD,15m,68.55000305175781,68.83000183105469,68.48999786376953,68.75,0,0,yfinance,2026-07-10T06:58:01.269533+00:00
2026-06-18 19:30:00+00:00,SOL-USD,15m,68.73999786376953,69.36000061035156,68.70999908447266,69.3499984741211,0,0,yfinance,2026-07-10T06:58:01.269533+00:00
2026-06-18 19:45:00+00:00,SOL-USD,15m,69.33000183105469,69.44000244140625,69.16999816894531,69.30000305175781,0,0,yfinance,2026-07-10T06:58:01.269533+00:00
2026-06-18 20:00:00+00:00,SOL-USD,15m,69.33000183105469,69.75,69.33000183105469,69.66999816894531,0,0,yfinance,2026-07-10T06:58:01.269533+00:00
2026-06-18 20:15:00+00:00,SOL-USD,15m,69.6500015258789,69.87000274658203,69.61000061035156,69.7300033569336,787456,787456,yfinance,2026-07-10T06:58:01.269533+00:00
2026-06-18 20:30:00+00:00,SOL-USD,15m,69.69000244140625,69.86000061035156,69.66000366210938,69.77999877929688,237824,237824,yfinance,2026-07-10T06:58:01.269533+00:00
2026-06-18 20:45:00+00:00,SOL-USD,15m,69.79000091552734,69.83000183105469,69.63999938964844,69.7300033569336,0,0,yfinance,2026-07-10T06:58:01.269533+00:00
2026-06-18 21:00:00+00:00,SOL-USD,15m,69.7300033569336,69.80999755859375,69.47000122070312,69.4800033569336,0,0,yfinance,2026-07-10T06:58:01.269533+00:00
2026-06-18 21:15:00+00:00,SOL-USD,15m,69.45999908447266,69.62999725341797,69.33000183105469,69.58000183105469,9407232,9407232,yfinance,2026-07-10T06:58:01.269533+00:00
2026-06-18 21:30:00+00:00,SOL-USD,15m,69.58999633789062,69.6500015258789,69.33000183105469,69.44000244140625,0,0,yfinance,2026-07-10T06:58:01.269533+00:00
2026-06-18 21:45:00+00:00,SOL-USD,15m,69.43000030517578,69.54000091552734,69.38999938964844,69.51000213623047,0,0,yfinance,2026-07-10T06:58:01.269533+00:00
2026-06-18 22:00:00+00:00,SOL-USD,15m,69.44000244140625,69.5999984741211,69.36000061035156,69.55999755859375,0,0,yfinance,2026-07-10T06:58:01.269533+00:00
2026-06-18 22:15:00+00:00,SOL-USD,15m,69.55999755859375,69.55999755859375,69.33000183105469,69.36000061035156,455424,455424,yfinance,2026-07-10T06:58:01.269533+00:00
2026-06-18 22:30:00+00:00,SOL-USD,15m,69.41000366210938,69.41000366210938,69.19000244140625,69.37000274658203,588800,588800,yfinance,2026-07-10T06:58:01.269533+00:00
2026-06-18 22:45:00+00:00,SOL-USD,15m,69.37999725341797,69.56999969482422,69.30000305175781,69.44000244140625,1891584,1891584,yfinance,2026-07-10T06:58:01.269533+00:00
2026-06-18 23:00:00+00:00,SOL-USD,15m,69.4000015258789,69.5,69.20999908447266,69.20999908447266,389120,389120,yfinance,2026-07-10T06:58:01.269533+00:00
2026-06-18 23:15:00+00:00,SOL-USD,15m,69.22000122070312,69.48999786376953,69.19999694824219,69.47000122070312,0,0,yfinance,2026-07-10T06:58:01.269533+00:00
2026-06-18 23:30:00+00:00,SOL-USD,15m,69.48999786376953,69.62999725341797,69.48999786376953,69.58999633789062,3786752,3786752,yfinance,2026-07-10T06:58:01.269533+00:00
2026-06-18 23:45:00+00:00,SOL-USD,15m,69.55999755859375,69.69999694824219,69.45999908447266,69.62999725341797,4592640,4592640,yfinance,2026-07-10T06:58:01.269533+00:00
2026-06-19 00:00:00+00:00,SOL-USD,15m,69.62999725341797,69.6500015258789,69.4800033569336,69.58999633789062,0,0,yfinance,2026-07-10T06:58:01.269533+00:00
2026-06-19 00:15:00+00:00,SOL-USD,15m,69.61000061035156,69.72000122070312,69.5199966430664,69.66999816894531,3384064,3384064,yfinance,2026-07-10T06:58:01.269533+00:00
2026-06-19 00:30:00+00:00,SOL-USD,15m,69.72000122070312,69.80999755859375,69.66000366210938,69.75,3534336,3534336,yfinance,2026-07-10T06:58:01.269533+00:00
2026-06-19 00:45:00+00:00,SOL-USD,15m,69.77999877929688,69.77999877929688,69.63999938964844,69.72000122070312,1645056,1645056,yfinance,2026-07-10T06:58:01.269533+00:00
2026-06-19 01:00:00+00:00,SOL-USD,15m,69.72000122070312,69.93000030517578,69.58000183105469,69.66999816894531,815104,815104,yfinance,2026-07-10T06:58:01.269533+00:00
2026-06-19 01:15:00+00:00,SOL-USD,15m,69.69999694824219,69.88999938964844,69.5999984741211,69.5999984741211,4561152,4561152,yfinance,2026-07-10T06:58:01.269533+00:00
2026-06-19 01:30:00+00:00,SOL-USD,15m,69.61000061035156,69.68000030517578,69.45999908447266,69.66999816894531,1873664,1873664,yfinance,2026-07-10T06:58:01.269533+00:00
2026-06-19 01:45:00+00:00,SOL-USD,15m,69.66999816894531,69.9000015258789,69.66000366210938,69.86000061035156,4328704,4328704,yfinance,2026-07-10T06:58:01.269533+00:00
2026-06-19 02:00:00+00:00,SOL-USD,15m,69.86000061035156,70.0,69.73999786376953,69.75,2595072,2595072,yfinance,2026-07-10T06:58:01.269533+00:00
2026-06-19 02:15:00+00:00,SOL-USD,15m,69.76000213623047,69.80000305175781,69.44000244140625,69.44000244140625,796160,796160,yfinance,2026-07-10T06:58:01.269533+00:00
2026-06-19 02:30:00+00:00,SOL-USD,15m,69.43000030517578,69.54000091552734,69.36000061035156,69.44999694824219,0,0,yfinance,2026-07-10T06:58:01.269533+00:00
2026-06-19 02:45:00+00:00,SOL-USD,15m,69.4800033569336,69.63999938964844,69.33000183105469,69.56999969482422,893696,893696,yfinance,2026-07-10T06:58:01.269533+00:00
2026-06-19 03:00:00+00:00,SOL-USD,15m,69.58999633789062,69.66000366210938,69.2300033569336,69.23999786376953,0,0,yfinance,2026-07-10T06:58:01.269533+00:00
2026-06-19 03:15:00+00:00,SOL-USD,15m,69.25,69.3499984741211,68.56999969482422,69.26000213623047,53877248,53877248,yfinance,2026-07-10T06:58:01.269533+00:00
2026-06-19 03:30:00+00:00,SOL-USD,15m,69.23999786376953,69.25,68.77999877929688,68.91000366210938,7215616,7215616,yfinance,2026-07-10T06:58:01.269533+00:00
2026-06-19 03:45:00+00:00,SOL-USD,15m,68.91000366210938,69.05999755859375,68.87999725341797,68.9800033569336,6321152,6321152,yfinance,2026-07-10T06:58:01.269533+00:00
2026-06-19 04:00:00+00:00,SOL-USD,15m,68.9800033569336,69.08999633789062,68.62000274658203,69.05999755859375,3147008,3147008,yfinance,2026-07-10T06:58:01.269533+00:00
2026-06-19 04:15:00+00:00,SOL-USD,15m,69.06999969482422,69.19999694824219,68.68000030517578,68.69999694824219,0,0,yfinance,2026-07-10T06:58:01.269533+00:00
2026-06-19 04:30:00+00:00,SOL-USD,15m,68.70999908447266,68.70999908447266,68.30000305175781,68.4800033569336,10303744,10303744,yfinance,2026-07-10T06:58:01.269533+00:00
2026-06-19 04:45:00+00:00,SOL-USD,15m,68.4800033569336,68.58000183105469,68.13999938964844,68.25,8699904,8699904,yfinance,2026-07-10T06:58:01.269533+00:00
2026-06-19 05:00:00+00:00,SOL-USD,15m,68.30000305175781,68.66999816894531,68.26000213623047,68.62999725341797,0,0,yfinance,2026-07-10T06:58:01.269533+00:00
2026-06-19 05:15:00+00:00,SOL-USD,15m,68.56999969482422,68.58999633789062,68.3499984741211,68.47000122070312,1617408,1617408,yfinance,2026-07-10T06:58:01.269533+00:00
2026-06-19 05:30:00+00:00,SOL-USD,15m,68.45999908447266,68.58000183105469,68.30999755859375,68.4800033569336,2419968,2419968,yfinance,2026-07-10T06:58:01.269533+00:00
2026-06-19 05:45:00+00:00,SOL-USD,15m,68.5,68.66999816894531,68.44000244140625,68.63999938964844,14371328,14371328,yfinance,2026-07-10T06:58:01.269533+00:00
2026-06-19 06:00:00+00:00,SOL-USD,15m,68.62000274658203,68.7699966430664,68.51000213623047,68.75,8129280,8129280,yfinance,2026-07-10T06:58:01.269533+00:00
2026-06-19 06:15:00+00:00,SOL-USD,15m,68.7300033569336,68.7699966430664,68.61000061035156,68.68000030517578,15127808,15127808,yfinance,2026-07-10T06:58:01.269533+00:00
2026-06-19 06:30:00+00:00,SOL-USD,15m,68.66000366210938,68.7699966430664,68.41000366210938,68.5999984741211,9217280,9217280,yfinance,2026-07-10T06:58:01.269533+00:00
2026-06-19 06:45:00+00:00,SOL-USD,15m,68.5999984741211,68.73999786376953,68.41999816894531,68.69000244140625,3510016,3510016,yfinance,2026-07-10T06:58:01.269533+00:00
2026-06-19 07:00:00+00:00,SOL-USD,15m,68.66999816894531,68.70999908447266,68.44999694824219,68.44999694824219,489984,489984,yfinance,2026-07-10T06:58:01.269533+00:00
2026-06-19 07:15:00+00:00,SOL-USD,15m,68.44999694824219,68.54000091552734,68.31999969482422,68.37999725341797,201984,201984,yfinance,2026-07-10T06:58:01.269533+00:00
2026-06-19 07:30:00+00:00,SOL-USD,15m,68.41000366210938,68.52999877929688,67.91000366210938,68.18000030517578,20667136,20667136,yfinance,2026-07-10T06:58:01.269533+00:00
2026-06-19 07:45:00+00:00,SOL-USD,15m,68.16000366210938,68.31999969482422,68.01000213623047,68.30999755859375,9463040,9463040,yfinance,2026-07-10T06:58:01.269533+00:00
2026-06-19 08:00:00+00:00,SOL-USD,15m,68.2699966430664,68.44000244140625,68.1500015258789,68.43000030517578,0,0,yfinance,2026-07-10T06:58:01.269533+00:00
2026-06-19 08:15:00+00:00,SOL-USD,15m,68.41000366210938,68.58999633789062,68.37000274658203,68.5,8865024,8865024,yfinance,2026-07-10T06:58:01.269533+00:00
2026-06-19 08:30:00+00:00,SOL-USD,15m,68.52999877929688,68.68000030517578,68.44999694824219,68.58000183105469,5099776,5099776,yfinance,2026-07-10T06:58:01.269533+00:00
2026-06-19 08:45:00+00:00,SOL-USD,15m,68.58000183105469,68.6500015258789,68.48999786376953,68.58999633789062,4305408,4305408,yfinance,2026-07-10T06:58:01.269533+00:00
2026-06-19 09:00:00+00:00,SOL-USD,15m,68.62000274658203,68.66999816894531,68.1500015258789,68.23999786376953,1732608,1732608,yfinance,2026-07-10T06:58:01.269533+00:00
2026-06-19 09:15:00+00:00,SOL-USD,15m,68.2300033569336,68.37000274658203,68.18000030517578,68.26000213623047,4470016,4470016,yfinance,2026-07-10T06:58:01.269533+00:00
2026-06-19 09:30:00+00:00,SOL-USD,15m,68.26000213623047,68.45999908447266,68.26000213623047,68.38999938964844,6587648,6587648,yfinance,2026-07-10T06:58:01.269533+00:00
2026-06-19 09:45:00+00:00,SOL-USD,15m,68.36000061035156,68.4000015258789,68.23999786376953,68.23999786376953,7204096,7204096,yfinance,2026-07-10T06:58:01.269533+00:00
2026-06-19 10:00:00+00:00,SOL-USD,15m,68.2699966430664,68.38999938964844,68.18000030517578,68.30000305175781,0,0,yfinance,2026-07-10T06:58:01.269533+00:00
2026-06-19 10:15:00+00:00,SOL-USD,15m,68.2699966430664,68.30000305175781,68.05999755859375,68.25,8474880,8474880,yfinance,2026-07-10T06:58:01.269533+00:00
2026-06-19 10:30:00+00:00,SOL-USD,15m,68.2699966430664,68.2699966430664,67.98999786376953,68.05000305175781,2048,2048,yfinance,2026-07-10T06:58:01.269533+00:00
2026-06-19 10:45:00+00:00,SOL-USD,15m,67.98999786376953,68.37000274658203,67.98999786376953,68.25,1814272,1814272,yfinance,2026-07-10T06:58:01.269533+00:00
2026-06-19 11:00:00+00:00,SOL-USD,15m,68.23999786376953,68.27999877929688,68.04000091552734,68.18000030517578,0,0,yfinance,2026-07-10T06:58:01.269533+00:00
2026-06-19 11:15:00+00:00,SOL-USD,15m,68.18000030517578,68.41000366210938,68.12000274658203,68.2699966430664,0,0,yfinance,2026-07-10T06:58:01.269533+00:00
2026-06-19 11:30:00+00:00,SOL-USD,15m,68.26000213623047,68.37000274658203,68.2300033569336,68.33000183105469,0,0,yfinance,2026-07-10T06:58:01.269533+00:00
2026-06-19 11:45:00+00:00,SOL-USD,15m,68.30999755859375,68.37999725341797,68.16000366210938,68.19000244140625,0,0,yfinance,2026-07-10T06:58:01.269533+00:00
2026-06-19 12:00:00+00:00,SOL-USD,15m,68.19999694824219,68.3499984741211,68.16999816894531,68.25,1725952,1725952,yfinance,2026-07-10T06:58:01.269533+00:00
2026-06-19 12:15:00+00:00,SOL-USD,15m,68.22000122070312,68.2699966430664,68.08000183105469,68.19000244140625,238848,238848,yfinance,2026-07-10T06:58:01.269533+00:00
2026-06-19 12:30:00+00:00,SOL-USD,15m,68.19000244140625,68.33000183105469,68.0199966430664,68.19000244140625,10740480,10740480,yfinance,2026-07-10T06:58:01.269533+00:00
2026-06-19 12:45:00+00:00,SOL-USD,15m,68.16999816894531,68.63999938964844,67.87000274658203,68.55000305175781,20945152,20945152,yfinance,2026-07-10T06:58:01.269533+00:00
2026-06-19 13:00:00+00:00,SOL-USD,15m,68.56999969482422,68.70999908447266,68.41999816894531,68.5199966430664,12510208,12510208,yfinance,2026-07-10T06:58:01.269533+00:00
2026-06-19 13:15:00+00:00,SOL-USD,15m,68.5199966430664,68.55999755859375,68.33999633789062,68.4800033569336,3638784,3638784,yfinance,2026-07-10T06:58:01.269533+00:00
2026-06-19 13:30:00+00:00,SOL-USD,15m,68.4800033569336,68.98999786376953,68.43000030517578,68.94999694824219,0,0,yfinance,2026-07-10T06:58:01.269533+00:00
2026-06-19 13:45:00+00:00,SOL-USD,15m,68.95999908447266,69.47000122070312,68.95999908447266,69.22000122070312,35874560,35874560,yfinance,2026-07-10T06:58:01.269533+00:00
2026-06-19 14:00:00+00:00,SOL-USD,15m,69.2300033569336,69.33000183105469,68.83999633789062,68.91000366210938,3089408,3089408,yfinance,2026-07-10T06:58:01.269533+00:00
2026-06-19 14:15:00+00:00,SOL-USD,15m,68.91999816894531,69.26000213623047,68.7699966430664,69.19999694824219,0,0,yfinance,2026-07-10T06:58:01.269533+00:00
2026-06-19 14:30:00+00:00,SOL-USD,15m,69.22000122070312,69.41000366210938,69.02999877929688,69.2699966430664,550912,550912,yfinance,2026-07-10T06:58:01.269533+00:00
2026-06-19 14:45:00+00:00,SOL-USD,15m,69.2699966430664,69.4000015258789,69.08000183105469,69.08000183105469,0,0,yfinance,2026-07-10T06:58:01.269533+00:00
2026-06-19 15:00:00+00:00,SOL-USD,15m,69.05999755859375,69.1500015258789,68.9000015258789,69.12000274658203,0,0,yfinance,2026-07-10T06:58:01.269533+00:00
2026-06-19 15:15:00+00:00,SOL-USD,15m,69.13999938964844,69.16999816894531,68.87000274658203,68.95999908447266,0,0,yfinance,2026-07-10T06:58:01.269533+00:00
2026-06-19 15:30:00+00:00,SOL-USD,15m,68.97000122070312,69.45999908447266,68.97000122070312,69.38999938964844,0,0,yfinance,2026-07-10T06:58:01.269533+00:00
2026-06-19 15:45:00+00:00,SOL-USD,15m,69.37999725341797,69.41999816894531,69.18000030517578,69.26000213623047,0,0,yfinance,2026-07-10T06:58:01.269533+00:00
2026-06-19 16:00:00+00:00,SOL-USD,15m,69.26000213623047,69.48999786376953,69.19000244140625,69.48999786376953,0,0,yfinance,2026-07-10T06:58:01.269533+00:00
2026-06-19 16:15:00+00:00,SOL-USD,15m,69.47000122070312,69.4800033569336,69.31999969482422,69.36000061035156,0,0,yfinance,2026-07-10T06:58:01.269533+00:00
2026-06-19 16:30:00+00:00,SOL-USD,15m,69.3499984741211,69.37999725341797,69.12000274658203,69.19999694824219,0,0,yfinance,2026-07-10T06:58:01.269533+00:00
2026-06-19 16:45:00+00:00,SOL-USD,15m,69.16000366210938,69.16000366210938,68.63999938964844,68.6500015258789,0,0,yfinance,2026-07-10T06:58:01.269533+00:00
2026-06-19 17:00:00+00:00,SOL-USD,15m,68.66999816894531,68.8499984741211,68.5999984741211,68.8499984741211,0,0,yfinance,2026-07-10T06:58:01.269533+00:00
2026-06-19 17:15:00+00:00,SOL-USD,15m,68.86000061035156,69.16999816894531,68.81999969482422,68.91000366210938,1247360,1247360,yfinance,2026-07-10T06:58:01.269533+00:00
2026-06-19 17:30:00+00:00,SOL-USD,15m,68.91000366210938,69.3499984741211,68.91000366210938,69.30999755859375,0,0,yfinance,2026-07-10T06:58:01.269533+00:00
2026-06-19 17:45:00+00:00,SOL-USD,15m,69.30999755859375,69.44999694824219,69.19999694824219,69.26000213623047,0,0,yfinance,2026-07-10T06:58:01.269533+00:00
2026-06-19 18:00:00+00:00,SOL-USD,15m,69.26000213623047,69.30000305175781,69.08999633789062,69.19999694824219,0,0,yfinance,2026-07-10T06:58:01.269533+00:00
2026-06-19 18:15:00+00:00,SOL-USD,15m,69.16999816894531,69.18000030517578,69.0,69.01000213623047,0,0,yfinance,2026-07-10T06:58:01.269533+00:00
2026-06-19 18:30:00+00:00,SOL-USD,15m,69.01000213623047,69.08999633789062,68.75,68.83999633789062,0,0,yfinance,2026-07-10T06:58:01.269533+00:00
2026-06-19 18:45:00+00:00,SOL-USD,15m,68.83999633789062,69.0199966430664,68.83999633789062,68.98999786376953,0,0,yfinance,2026-07-10T06:58:01.269533+00:00
2026-06-19 19:00:00+00:00,SOL-USD,15m,68.98999786376953,69.08000183105469,68.7699966430664,68.91999816894531,0,0,yfinance,2026-07-10T06:58:01.269533+00:00
2026-06-19 19:15:00+00:00,SOL-USD,15m,68.91000366210938,68.94000244140625,68.7300033569336,68.8499984741211,0,0,yfinance,2026-07-10T06:58:01.269533+00:00
2026-06-19 19:30:00+00:00,SOL-USD,15m,68.83999633789062,68.86000061035156,68.73999786376953,68.81999969482422,0,0,yfinance,2026-07-10T06:58:01.269533+00:00
2026-06-19 19:45:00+00:00,SOL-USD,15m,68.80999755859375,69.08000183105469,68.7699966430664,68.88999938964844,0,0,yfinance,2026-07-10T06:58:01.269533+00:00
2026-06-19 20:00:00+00:00,SOL-USD,15m,68.91000366210938,69.01000213623047,68.87999725341797,68.94000244140625,0,0,yfinance,2026-07-10T06:58:01.269533+00:00
2026-06-19 20:15:00+00:00,SOL-USD,15m,68.94999694824219,68.94999694824219,68.66999816894531,68.87999725341797,0,0,yfinance,2026-07-10T06:58:01.269533+00:00
2026-06-19 20:30:00+00:00,SOL-USD,15m,68.88999938964844,68.94000244140625,68.7699966430664,68.86000061035156,0,0,yfinance,2026-07-10T06:58:01.269533+00:00
2026-06-19 20:45:00+00:00,SOL-USD,15m,68.8499984741211,69.22000122070312,68.8499984741211,69.19000244140625,947968,947968,yfinance,2026-07-10T06:58:01.269533+00:00
2026-06-19 21:00:00+00:00,SOL-USD,15m,69.16000366210938,69.2300033569336,69.04000091552734,69.22000122070312,133376,133376,yfinance,2026-07-10T06:58:01.269533+00:00
2026-06-19 21:15:00+00:00,SOL-USD,15m,69.20999908447266,69.2300033569336,69.04000091552734,69.06999969482422,0,0,yfinance,2026-07-10T06:58:01.269533+00:00
2026-06-19 21:30:00+00:00,SOL-USD,15m,69.06999969482422,69.12999725341797,68.86000061035156,68.87000274658203,481536,481536,yfinance,2026-07-10T06:58:01.269533+00:00
2026-06-19 21:45:00+00:00,SOL-USD,15m,68.9000015258789,68.95999908447266,68.8499984741211,68.94000244140625,237312,237312,yfinance,2026-07-10T06:58:01.269533+00:00
2026-06-19 22:00:00+00:00,SOL-USD,15m,68.93000030517578,69.04000091552734,68.93000030517578,69.0199966430664,0,0,yfinance,2026-07-10T06:58:01.269533+00:00
2026-06-19 22:15:00+00:00,SOL-USD,15m,69.02999877929688,69.33999633789062,69.01000213623047,69.23999786376953,0,0,yfinance,2026-07-10T06:58:01.269533+00:00
2026-06-19 22:30:00+00:00,SOL-USD,15m,69.25,69.37999725341797,69.19999694824219,69.30000305175781,1594880,1594880,yfinance,2026-07-10T06:58:01.269533+00:00
2026-06-19 22:45:00+00:00,SOL-USD,15m,69.29000091552734,69.36000061035156,69.20999908447266,69.3499984741211,8513152,8513152,yfinance,2026-07-10T06:58:01.269533+00:00
2026-06-19 23:00:00+00:00,SOL-USD,15m,69.36000061035156,69.37999725341797,69.16999816894531,69.23999786376953,1215488,1215488,yfinance,2026-07-10T06:58:01.269533+00:00
2026-06-19 23:15:00+00:00,SOL-USD,15m,69.20999908447266,69.38999938964844,69.19999694824219,69.37999725341797,1286656,1286656,yfinance,2026-07-10T06:58:01.269533+00:00
2026-06-19 23:30:00+00:00,SOL-USD,15m,69.38999938964844,69.47000122070312,69.3499984741211,69.4000015258789,1452288,1452288,yfinance,2026-07-10T06:58:01.269533+00:00
2026-06-19 23:45:00+00:00,SOL-USD,15m,69.37999725341797,69.80000305175781,69.33000183105469,69.68000030517578,15215872,15215872,yfinance,2026-07-10T06:58:01.269533+00:00
2026-06-20 00:00:00+00:00,SOL-USD,15m,69.6500015258789,69.80000305175781,69.55000305175781,69.63999938964844,7786112,7786112,yfinance,2026-07-10T06:58:01.269533+00:00
2026-06-20 00:15:00+00:00,SOL-USD,15m,69.62999725341797,69.87999725341797,69.62999725341797,69.83999633789062,3589120,3589120,yfinance,2026-07-10T06:58:01.269533+00:00
2026-06-20 00:30:00+00:00,SOL-USD,15m,69.83000183105469,70.02999877929688,69.68000030517578,69.73999786376953,11638784,11638784,yfinance,2026-07-10T06:58:01.269533+00:00
2026-06-20 00:45:00+00:00,SOL-USD,15m,69.7300033569336,69.7300033569336,69.55999755859375,69.56999969482422,3682688,3682688,yfinance,2026-07-10T06:58:01.269533+00:00
2026-06-20 01:00:00+00:00,SOL-USD,15m,69.56999969482422,69.62000274658203,69.4800033569336,69.5199966430664,0,0,yfinance,2026-07-10T06:58:01.269533+00:00
2026-06-20 01:15:00+00:00,SOL-USD,15m,69.51000213623047,69.66999816894531,69.4800033569336,69.56999969482422,0,0,yfinance,2026-07-10T06:58:01.269533+00:00
2026-06-20 01:30:00+00:00,SOL-USD,15m,69.55999755859375,69.88999938964844,69.55999755859375,69.7300033569336,2535040,2535040,yfinance,2026-07-10T06:58:01.269533+00:00
2026-06-20 01:45:00+00:00,SOL-USD,15m,69.7300033569336,69.77999877929688,69.69000244140625,69.75,226816,226816,yfinance,2026-07-10T06:58:01.269533+00:00
2026-06-20 02:00:00+00:00,SOL-USD,15m,69.70999908447266,69.80000305175781,69.58000183105469,69.61000061035156,0,0,yfinance,2026-07-10T06:58:01.269533+00:00
2026-06-20 02:15:00+00:00,SOL-USD,15m,69.58999633789062,69.58999633789062,69.43000030517578,69.44999694824219,2270208,2270208,yfinance,2026-07-10T06:58:01.269533+00:00
2026-06-20 02:30:00+00:00,SOL-USD,15m,69.47000122070312,69.66000366210938,69.47000122070312,69.52999877929688,322048,322048,yfinance,2026-07-10T06:58:01.269533+00:00
2026-06-20 02:45:00+00:00,SOL-USD,15m,69.52999877929688,69.66999816894531,69.51000213623047,69.56999969482422,328448,328448,yfinance,2026-07-10T06:58:01.269533+00:00
2026-06-20 03:00:00+00:00,SOL-USD,15m,69.58999633789062,69.77999877929688,69.56999969482422,69.76000213623047,0,0,yfinance,2026-07-10T06:58:01.269533+00:00
2026-06-20 03:15:00+00:00,SOL-USD,15m,69.75,69.95999908447266,69.75,69.91000366210938,0,0,yfinance,2026-07-10T06:58:01.269533+00:00
2026-06-20 03:30:00+00:00,SOL-USD,15m,69.91000366210938,70.02999877929688,69.81999969482422,70.0,0,0,yfinance,2026-07-10T06:58:01.269533+00:00
2026-06-20 03:45:00+00:00,SOL-USD,15m,70.0,70.04000091552734,69.87999725341797,69.93000030517578,0,0,yfinance,2026-07-10T06:58:01.269533+00:00
2026-06-20 04:00:00+00:00,SOL-USD,15m,69.93000030517578,69.98999786376953,69.83000183105469,69.94000244140625,0,0,yfinance,2026-07-10T06:58:01.269533+00:00
2026-06-20 04:15:00+00:00,SOL-USD,15m,69.95999908447266,70.36000061035156,69.93000030517578,70.36000061035156,5186944,5186944,yfinance,2026-07-10T06:58:01.269533+00:00
2026-06-20 04:30:00+00:00,SOL-USD,15m,70.38999938964844,70.83999633789062,70.29000091552734,70.83000183105469,5370880,5370880,yfinance,2026-07-10T06:58:01.269533+00:00
2026-06-20 04:45:00+00:00,SOL-USD,15m,70.83000183105469,71.0199966430664,70.69999694824219,70.77999877929688,11470080,11470080,yfinance,2026-07-10T06:58:01.269533+00:00
2026-06-20 05:00:00+00:00,SOL-USD,15m,70.81999969482422,72.38999938964844,70.66999816894531,72.18000030517578,23854464,23854464,yfinance,2026-07-10T06:58:01.269533+00:00
2026-06-20 05:15:00+00:00,SOL-USD,15m,72.12999725341797,72.25,71.37999725341797,71.4000015258789,60131328,60131328,yfinance,2026-07-10T06:58:01.269533+00:00
2026-06-20 05:30:00+00:00,SOL-USD,15m,71.4000015258789,71.7699966430664,71.4000015258789,71.56999969482422,8399488,8399488,yfinance,2026-07-10T06:58:01.269533+00:00
2026-06-20 05:45:00+00:00,SOL-USD,15m,71.58000183105469,71.7699966430664,71.51000213623047,71.7300033569336,0,0,yfinance,2026-07-10T06:58:01.269533+00:00
2026-06-20 06:00:00+00:00,SOL-USD,15m,71.7699966430664,71.87999725341797,71.6500015258789,71.83000183105469,0,0,yfinance,2026-07-10T06:58:01.269533+00:00
2026-06-20 06:15:00+00:00,SOL-USD,15m,71.86000061035156,72.30000305175781,71.76000213623047,72.0,9709568,9709568,yfinance,2026-07-10T06:58:01.269533+00:00
2026-06-20 06:30:00+00:00,SOL-USD,15m,72.0,72.2300033569336,71.91999816894531,72.12999725341797,7801344,7801344,yfinance,2026-07-10T06:58:01.269533+00:00
2026-06-20 06:45:00+00:00,SOL-USD,15m,72.11000061035156,72.19999694824219,71.95999908447266,72.05999755859375,9382784,9382784,yfinance,2026-07-10T06:58:01.269533+00:00
2026-06-20 07:00:00+00:00,SOL-USD,15m,72.05999755859375,72.05999755859375,71.5,71.63999938964844,7738112,7738112,yfinance,2026-07-10T06:58:01.269533+00:00
2026-06-20 07:15:00+00:00,SOL-USD,15m,71.66000366210938,71.87999725341797,71.58999633789062,71.8499984741211,4280448,4280448,yfinance,2026-07-10T06:58:01.269533+00:00
2026-06-20 07:30:00+00:00,SOL-USD,15m,71.87000274658203,71.88999938964844,71.6500015258789,71.66000366210938,126080,126080,yfinance,2026-07-10T06:58:01.269533+00:00
2026-06-20 07:45:00+00:00,SOL-USD,15m,71.66000366210938,71.69999694824219,71.41000366210938,71.5199966430664,427392,427392,yfinance,2026-07-10T06:58:01.269533+00:00
2026-06-20 08:00:00+00:00,SOL-USD,15m,71.5199966430664,71.54000091552734,71.30999755859375,71.44000244140625,6467328,6467328,yfinance,2026-07-10T06:58:01.269533+00:00
2026-06-20 08:15:00+00:00,SOL-USD,15m,71.45999908447266,71.56999969482422,71.45999908447266,71.47000122070312,0,0,yfinance,2026-07-10T06:58:01.269533+00:00
2026-06-20 08:30:00+00:00,SOL-USD,15m,71.45999908447266,71.4800033569336,71.25,71.36000061035156,702976,702976,yfinance,2026-07-10T06:58:01.269533+00:00
2026-06-20 08:45:00+00:00,SOL-USD,15m,71.3499984741211,71.36000061035156,71.20999908447266,71.2699966430664,1507584,1507584,yfinance,2026-07-10T06:58:01.269533+00:00
2026-06-20 09:00:00+00:00,SOL-USD,15m,71.29000091552734,71.41999816894531,71.27999877929688,71.30999755859375,0,0,yfinance,2026-07-10T06:58:01.269533+00:00
2026-06-20 09:15:00+00:00,SOL-USD,15m,71.31999969482422,71.33999633789062,71.1500015258789,71.30999755859375,10880,10880,yfinance,2026-07-10T06:58:01.269533+00:00
2026-06-20 09:30:00+00:00,SOL-USD,15m,71.30000305175781,71.5199966430664,71.30000305175781,71.4800033569336,652160,652160,yfinance,2026-07-10T06:58:01.269533+00:00
2026-06-20 09:45:00+00:00,SOL-USD,15m,71.5,71.55999755859375,71.43000030517578,71.48999786376953,3487104,3487104,yfinance,2026-07-10T06:58:01.269533+00:00
2026-06-20 10:00:00+00:00,SOL-USD,15m,71.5,71.55999755859375,71.37000274658203,71.44999694824219,0,0,yfinance,2026-07-10T06:58:01.269533+00:00
2026-06-20 10:15:00+00:00,SOL-USD,15m,71.44999694824219,71.58000183105469,71.43000030517578,71.52999877929688,0,0,yfinance,2026-07-10T06:58:01.269533+00:00
2026-06-20 10:30:00+00:00,SOL-USD,15m,71.52999877929688,71.55999755859375,71.3499984741211,71.4000015258789,0,0,yfinance,2026-07-10T06:58:01.269533+00:00
2026-06-20 10:45:00+00:00,SOL-USD,15m,71.43000030517578,71.63999938964844,71.41999816894531,71.61000061035156,278400,278400,yfinance,2026-07-10T06:58:01.269533+00:00
2026-06-20 11:00:00+00:00,SOL-USD,15m,71.63999938964844,71.66999816894531,71.37999725341797,71.45999908447266,0,0,yfinance,2026-07-10T06:58:01.269533+00:00
2026-06-20 11:15:00+00:00,SOL-USD,15m,71.47000122070312,71.55999755859375,71.4000015258789,71.52999877929688,0,0,yfinance,2026-07-10T06:58:01.269533+00:00
2026-06-20 11:30:00+00:00,SOL-USD,15m,71.55000305175781,71.81999969482422,71.51000213623047,71.77999877929688,547712,547712,yfinance,2026-07-10T06:58:01.269533+00:00
2026-06-20 11:45:00+00:00,SOL-USD,15m,71.79000091552734,72.01000213623047,71.69999694824219,71.70999908447266,9996672,9996672,yfinance,2026-07-10T06:58:01.269533+00:00
2026-06-20 12:00:00+00:00,SOL-USD,15m,71.72000122070312,71.8499984741211,71.66000366210938,71.83000183105469,101120,101120,yfinance,2026-07-10T06:58:01.269533+00:00
2026-06-20 12:15:00+00:00,SOL-USD,15m,71.83999633789062,71.87000274658203,71.70999908447266,71.7300033569336,2157440,2157440,yfinance,2026-07-10T06:58:01.269533+00:00
2026-06-20 12:30:00+00:00,SOL-USD,15m,71.73999786376953,71.73999786376953,71.43000030517578,71.5199966430664,2328192,2328192,yfinance,2026-07-10T06:58:01.269533+00:00
2026-06-20 12:45:00+00:00,SOL-USD,15m,71.52999877929688,71.52999877929688,71.36000061035156,71.48999786376953,0,0,yfinance,2026-07-10T06:58:01.269533+00:00
2026-06-20 13:00:00+00:00,SOL-USD,15m,71.45999908447266,71.51000213623047,71.41000366210938,71.43000030517578,0,0,yfinance,2026-07-10T06:58:01.269533+00:00
2026-06-20 13:15:00+00:00,SOL-USD,15m,71.43000030517578,71.5199966430664,70.69000244140625,70.80000305175781,11028608,11028608,yfinance,2026-07-10T06:58:01.269533+00:00
2026-06-20 13:30:00+00:00,SOL-USD,15m,70.81999969482422,71.08000183105469,70.81999969482422,71.08000183105469,10849536,10849536,yfinance,2026-07-10T06:58:01.269533+00:00
2026-06-20 13:45:00+00:00,SOL-USD,15m,71.11000061035156,71.23999786376953,71.06999969482422,71.16000366210938,0,0,yfinance,2026-07-10T06:58:01.269533+00:00
2026-06-20 14:00:00+00:00,SOL-USD,15m,71.0999984741211,71.12999725341797,70.43000030517578,70.47000122070312,0,0,yfinance,2026-07-10T06:58:01.269533+00:00
2026-06-20 14:15:00+00:00,SOL-USD,15m,70.45999908447266,70.76000213623047,70.45999908447266,70.7300033569336,6549248,6549248,yfinance,2026-07-10T06:58:01.269533+00:00
2026-06-20 14:30:00+00:00,SOL-USD,15m,70.72000122070312,71.11000061035156,70.66999816894531,71.08999633789062,0,0,yfinance,2026-07-10T06:58:01.269533+00:00
2026-06-20 14:45:00+00:00,SOL-USD,15m,71.06999969482422,72.01000213623047,71.05000305175781,71.88999938964844,54510720,54510720,yfinance,2026-07-10T06:58:01.269533+00:00
2026-06-20 15:00:00+00:00,SOL-USD,15m,71.9000015258789,71.93000030517578,71.56999969482422,71.9000015258789,62061952,62061952,yfinance,2026-07-10T06:58:01.269533+00:00
2026-06-20 15:15:00+00:00,SOL-USD,15m,71.91999816894531,72.5199966430664,71.79000091552734,72.08999633789062,81907712,81907712,yfinance,2026-07-10T06:58:01.269533+00:00
2026-06-20 15:30:00+00:00,SOL-USD,15m,72.13999938964844,72.19000244140625,71.69000244140625,71.7300033569336,20688000,20688000,yfinance,2026-07-10T06:58:01.269533+00:00
2026-06-20 15:45:00+00:00,SOL-USD,15m,71.75,72.01000213623047,71.75,71.93000030517578,3628416,3628416,yfinance,2026-07-10T06:58:01.269533+00:00
2026-06-20 16:00:00+00:00,SOL-USD,15m,71.95999908447266,71.97000122070312,71.58000183105469,71.66000366210938,24464768,24464768,yfinance,2026-07-10T06:58:01.269533+00:00
2026-06-20 16:15:00+00:00,SOL-USD,15m,71.66000366210938,71.7699966430664,71.4000015258789,71.41999816894531,974080,974080,yfinance,2026-07-10T06:58:01.269533+00:00
2026-06-20 16:30:00+00:00,SOL-USD,15m,71.41000366210938,71.5199966430664,71.26000213623047,71.4800033569336,3574016,3574016,yfinance,2026-07-10T06:58:01.269533+00:00
2026-06-20 16:45:00+00:00,SOL-USD,15m,71.4800033569336,71.5999984741211,71.41999816894531,71.5999984741211,2237696,2237696,yfinance,2026-07-10T06:58:01.269533+00:00
2026-06-20 17:00:00+00:00,SOL-USD,15m,71.61000061035156,71.61000061035156,71.31999969482422,71.41999816894531,0,0,yfinance,2026-07-10T06:58:01.269533+00:00
2026-06-20 17:15:00+00:00,SOL-USD,15m,71.41999816894531,71.4800033569336,71.25,71.4800033569336,21376,21376,yfinance,2026-07-10T06:58:01.269533+00:00
2026-06-20 17:30:00+00:00,SOL-USD,15m,71.47000122070312,71.54000091552734,71.0199966430664,71.3499984741211,7236352,7236352,yfinance,2026-07-10T06:58:01.269533+00:00
2026-06-20 17:45:00+00:00,SOL-USD,15m,71.37000274658203,71.58000183105469,71.33000183105469,71.4800033569336,2996608,2996608,yfinance,2026-07-10T06:58:01.269533+00:00
2026-06-20 18:00:00+00:00,SOL-USD,15m,71.48999786376953,71.69999694824219,71.45999908447266,71.58000183105469,3833984,3833984,yfinance,2026-07-10T06:58:01.269533+00:00
2026-06-20 18:15:00+00:00,SOL-USD,15m,71.5999984741211,71.80999755859375,71.58999633789062,71.80999755859375,12615296,12615296,yfinance,2026-07-10T06:58:01.269533+00:00
2026-06-20 18:30:00+00:00,SOL-USD,15m,71.87000274658203,71.88999938964844,71.6500015258789,71.70999908447266,7455232,7455232,yfinance,2026-07-10T06:58:01.269533+00:00
2026-06-20 18:45:00+00:00,SOL-USD,15m,71.69999694824219,71.75,71.62000274658203,71.68000030517578,1065984,1065984,yfinance,2026-07-10T06:58:01.269533+00:00
2026-06-20 19:00:00+00:00,SOL-USD,15m,71.6500015258789,71.76000213623047,71.54000091552734,71.7300033569336,3612160,3612160,yfinance,2026-07-10T06:58:01.269533+00:00
2026-06-20 19:15:00+00:00,SOL-USD,15m,71.7300033569336,71.7300033569336,71.54000091552734,71.58999633789062,6149632,6149632,yfinance,2026-07-10T06:58:01.269533+00:00
2026-06-20 19:30:00+00:00,SOL-USD,15m,71.58999633789062,71.83999633789062,71.56999969482422,71.80000305175781,3958144,3958144,yfinance,2026-07-10T06:58:01.269533+00:00
2026-06-20 19:45:00+00:00,SOL-USD,15m,71.81999969482422,71.81999969482422,71.69999694824219,71.7699966430664,2403968,2403968,yfinance,2026-07-10T06:58:01.269533+00:00
2026-06-20 20:00:00+00:00,SOL-USD,15m,71.77999877929688,71.9000015258789,71.77999877929688,71.83000183105469,331776,331776,yfinance,2026-07-10T06:58:01.269533+00:00
2026-06-20 20:15:00+00:00,SOL-USD,15m,71.80999755859375,71.86000061035156,71.76000213623047,71.7699966430664,700672,700672,yfinance,2026-07-10T06:58:01.269533+00:00
2026-06-20 20:30:00+00:00,SOL-USD,15m,71.76000213623047,71.80999755859375,71.63999938964844,71.77999877929688,2512384,2512384,yfinance,2026-07-10T06:58:01.269533+00:00
2026-06-20 20:45:00+00:00,SOL-USD,15m,71.77999877929688,71.97000122070312,71.7699966430664,71.94999694824219,1475456,1475456,yfinance,2026-07-10T06:58:01.269533+00:00
2026-06-20 21:00:00+00:00,SOL-USD,15m,71.94999694824219,72.30999755859375,71.87999725341797,72.22000122070312,0,0,yfinance,2026-07-10T06:58:01.269533+00:00
2026-06-20 21:15:00+00:00,SOL-USD,15m,72.22000122070312,72.2300033569336,72.06999969482422,72.08999633789062,9568000,9568000,yfinance,2026-07-10T06:58:01.269533+00:00
2026-06-20 21:30:00+00:00,SOL-USD,15m,72.08999633789062,72.2699966430664,72.06999969482422,72.2699966430664,3253888,3253888,yfinance,2026-07-10T06:58:01.269533+00:00
2026-06-20 21:45:00+00:00,SOL-USD,15m,72.2699966430664,72.37000274658203,72.19000244140625,72.33000183105469,2496000,2496000,yfinance,2026-07-10T06:58:01.269533+00:00
2026-06-20 22:00:00+00:00,SOL-USD,15m,72.30000305175781,73.27999877929688,72.29000091552734,73.27999877929688,12023808,12023808,yfinance,2026-07-10T06:58:01.269533+00:00
2026-06-20 22:15:00+00:00,SOL-USD,15m,73.26000213623047,73.87999725341797,72.9000015258789,73.87999725341797,57908992,57908992,yfinance,2026-07-10T06:58:01.269533+00:00
2026-06-20 22:30:00+00:00,SOL-USD,15m,73.87999725341797,74.19000244140625,73.52999877929688,73.80999755859375,72682496,72682496,yfinance,2026-07-10T06:58:01.269533+00:00
2026-06-20 22:45:00+00:00,SOL-USD,15m,73.83000183105469,73.83000183105469,73.44000244140625,73.4800033569336,21893760,21893760,yfinance,2026-07-10T06:58:01.269533+00:00
2026-06-20 23:00:00+00:00,SOL-USD,15m,73.47000122070312,73.55000305175781,73.33999633789062,73.38999938964844,10453376,10453376,yfinance,2026-07-10T06:58:01.269533+00:00
2026-06-20 23:15:00+00:00,SOL-USD,15m,73.37000274658203,73.55000305175781,73.22000122070312,73.25,12368000,12368000,yfinance,2026-07-10T06:58:01.269533+00:00
2026-06-20 23:30:00+00:00,SOL-USD,15m,73.26000213623047,73.38999938964844,73.16999816894531,73.31999969482422,8407680,8407680,yfinance,2026-07-10T06:58:01.269533+00:00
2026-06-20 23:45:00+00:00,SOL-USD,15m,73.22000122070312,73.26000213623047,73.12999725341797,73.13999938964844,233344,233344,yfinance,2026-07-10T06:58:01.269533+00:00
2026-06-21 00:00:00+00:00,SOL-USD,15m,73.16000366210938,73.19000244140625,73.0,73.12999725341797,0,0,yfinance,2026-07-10T06:58:01.269533+00:00
2026-06-21 00:15:00+00:00,SOL-USD,15m,73.0999984741211,73.19999694824219,72.94000244140625,72.9800033569336,0,0,yfinance,2026-07-10T06:58:01.269533+00:00
2026-06-21 00:30:00+00:00,SOL-USD,15m,72.97000122070312,73.1500015258789,72.94999694824219,73.0,0,0,yfinance,2026-07-10T06:58:01.269533+00:00
2026-06-21 00:45:00+00:00,SOL-USD,15m,72.98999786376953,73.12999725341797,72.97000122070312,73.12999725341797,0,0,yfinance,2026-07-10T06:58:01.269533+00:00
2026-06-21 01:00:00+00:00,SOL-USD,15m,73.12000274658203,73.19999694824219,73.05000305175781,73.08000183105469,7516288,7516288,yfinance,2026-07-10T06:58:01.269533+00:00
2026-06-21 01:15:00+00:00,SOL-USD,15m,73.08999633789062,73.0999984741211,72.8499984741211,72.87999725341797,7327488,7327488,yfinance,2026-07-10T06:58:01.269533+00:00
2026-06-21 01:30:00+00:00,SOL-USD,15m,72.86000061035156,73.08000183105469,72.80000305175781,73.02999877929688,3310976,3310976,yfinance,2026-07-10T06:58:01.269533+00:00
2026-06-21 01:45:00+00:00,SOL-USD,15m,73.04000091552734,73.19000244140625,73.01000213623047,73.11000061035156,1193344,1193344,yfinance,2026-07-10T06:58:01.269533+00:00
2026-06-21 02:00:00+00:00,SOL-USD,15m,73.08999633789062,73.16999816894531,73.0,73.16000366210938,520320,520320,yfinance,2026-07-10T06:58:01.269533+00:00
2026-06-21 02:15:00+00:00,SOL-USD,15m,73.16000366210938,73.16999816894531,73.02999877929688,73.0999984741211,1986048,1986048,yfinance,2026-07-10T06:58:01.269533+00:00
2026-06-21 02:30:00+00:00,SOL-USD,15m,73.06999969482422,73.2300033569336,73.05000305175781,73.16000366210938,1945216,1945216,yfinance,2026-07-10T06:58:01.269533+00:00
2026-06-21 02:45:00+00:00,SOL-USD,15m,73.16000366210938,73.30000305175781,73.13999938964844,73.25,3520640,3520640,yfinance,2026-07-10T06:58:01.269533+00:00
2026-06-21 03:00:00+00:00,SOL-USD,15m,73.26000213623047,73.5199966430664,73.05000305175781,73.5,23123328,23123328,yfinance,2026-07-10T06:58:01.269533+00:00
2026-06-21 03:15:00+00:00,SOL-USD,15m,73.58999633789062,73.77999877929688,73.37000274658203,73.43000030517578,24960768,24960768,yfinance,2026-07-10T06:58:01.269533+00:00
2026-06-21 03:30:00+00:00,SOL-USD,15m,73.45999908447266,73.66999816894531,73.33999633789062,73.66000366210938,0,0,yfinance,2026-07-10T06:58:01.269533+00:00
2026-06-21 03:45:00+00:00,SOL-USD,15m,73.66000366210938,73.68000030517578,73.48999786376953,73.55999755859375,1116544,1116544,yfinance,2026-07-10T06:58:01.269533+00:00
2026-06-21 04:00:00+00:00,SOL-USD,15m,73.54000091552734,73.58000183105469,73.37000274658203,73.41999816894531,1857664,1857664,yfinance,2026-07-10T06:58:01.269533+00:00
2026-06-21 04:15:00+00:00,SOL-USD,15m,73.43000030517578,73.75,73.43000030517578,73.69999694824219,381824,381824,yfinance,2026-07-10T06:58:01.269533+00:00
2026-06-21 04:30:00+00:00,SOL-USD,15m,73.69000244140625,73.72000122070312,73.55000305175781,73.66000366210938,0,0,yfinance,2026-07-10T06:58:01.269533+00:00
2026-06-21 04:45:00+00:00,SOL-USD,15m,73.66000366210938,73.66000366210938,73.27999877929688,73.37000274658203,0,0,yfinance,2026-07-10T06:58:01.269533+00:00
2026-06-21 05:00:00+00:00,SOL-USD,15m,73.37000274658203,73.43000030517578,73.12000274658203,73.13999938964844,0,0,yfinance,2026-07-10T06:58:01.269533+00:00
2026-06-21 05:15:00+00:00,SOL-USD,15m,73.12999725341797,73.16000366210938,72.94000244140625,73.12999725341797,0,0,yfinance,2026-07-10T06:58:01.269533+00:00
2026-06-21 05:30:00+00:00,SOL-USD,15m,73.12999725341797,73.18000030517578,73.02999877929688,73.05999755859375,0,0,yfinance,2026-07-10T06:58:01.269533+00:00
2026-06-21 05:45:00+00:00,SOL-USD,15m,73.05999755859375,73.05999755859375,72.93000030517578,73.0,0,0,yfinance,2026-07-10T06:58:01.269533+00:00
2026-06-21 06:00:00+00:00,SOL-USD,15m,73.01000213623047,73.12000274658203,72.95999908447266,72.9800033569336,740352,740352,yfinance,2026-07-10T06:58:01.269533+00:00
2026-06-21 06:15:00+00:00,SOL-USD,15m,72.97000122070312,73.18000030517578,72.95999908447266,73.1500015258789,0,0,yfinance,2026-07-10T06:58:01.269533+00:00
2026-06-21 06:30:00+00:00,SOL-USD,15m,73.12000274658203,73.27999877929688,73.05999755859375,73.23999786376953,0,0,yfinance,2026-07-10T06:58:01.269533+00:00
2026-06-21 06:45:00+00:00,SOL-USD,15m,73.22000122070312,73.23999786376953,73.12000274658203,73.16000366210938,0,0,yfinance,2026-07-10T06:58:01.269533+00:00
2026-06-21 07:00:00+00:00,SOL-USD,15m,73.16000366210938,73.2699966430664,73.11000061035156,73.25,0,0,yfinance,2026-07-10T06:58:01.269533+00:00
2026-06-21 07:15:00+00:00,SOL-USD,15m,73.27999877929688,73.36000061035156,73.12000274658203,73.19000244140625,0,0,yfinance,2026-07-10T06:58:01.269533+00:00
2026-06-21 07:30:00+00:00,SOL-USD,15m,73.18000030517578,73.33999633789062,73.11000061035156,73.25,61323648,61323648,yfinance,2026-07-10T06:58:01.269533+00:00
2026-06-21 07:45:00+00:00,SOL-USD,15m,73.29000091552734,73.29000091552734,73.02999877929688,73.12000274658203,7223168,7223168,yfinance,2026-07-10T06:58:01.269533+00:00
2026-06-21 08:00:00+00:00,SOL-USD,15m,73.12999725341797,73.16000366210938,72.9800033569336,73.02999877929688,0,0,yfinance,2026-07-10T06:58:01.269533+00:00
2026-06-21 08:15:00+00:00,SOL-USD,15m,73.02999877929688,73.05000305175781,72.88999938964844,72.93000030517578,5782656,5782656,yfinance,2026-07-10T06:58:01.269533+00:00
2026-06-21 08:30:00+00:00,SOL-USD,15m,72.91999816894531,72.97000122070312,72.66000366210938,72.97000122070312,7860224,7860224,yfinance,2026-07-10T06:58:01.269533+00:00
2026-06-21 08:45:00+00:00,SOL-USD,15m,72.91999816894531,73.06999969482422,72.80999755859375,73.06999969482422,9086336,9086336,yfinance,2026-07-10T06:58:01.269533+00:00
2026-06-21 09:00:00+00:00,SOL-USD,15m,73.06999969482422,73.16000366210938,73.0,73.12999725341797,3972864,3972864,yfinance,2026-07-10T06:58:01.269533+00:00
2026-06-21 09:15:00+00:00,SOL-USD,15m,73.16000366210938,73.61000061035156,73.16000366210938,73.48999786376953,10539648,10539648,yfinance,2026-07-10T06:58:01.269533+00:00
2026-06-21 09:30:00+00:00,SOL-USD,15m,73.48999786376953,73.9000015258789,73.48999786376953,73.70999908447266,19242624,19242624,yfinance,2026-07-10T06:58:01.269533+00:00
2026-06-21 09:45:00+00:00,SOL-USD,15m,73.69999694824219,74.0,73.66000366210938,73.94000244140625,17102592,17102592,yfinance,2026-07-10T06:58:01.269533+00:00
2026-06-21 10:00:00+00:00,SOL-USD,15m,73.94999694824219,74.02999877929688,73.80000305175781,73.94000244140625,10619392,10619392,yfinance,2026-07-10T06:58:01.269533+00:00
2026-06-21 10:15:00+00:00,SOL-USD,15m,73.94000244140625,74.30000305175781,73.88999938964844,74.08000183105469,19763072,19763072,yfinance,2026-07-10T06:58:01.269533+00:00
2026-06-21 10:30:00+00:00,SOL-USD,15m,74.08000183105469,74.16999816894531,73.94000244140625,73.95999908447266,7988224,7988224,yfinance,2026-07-10T06:58:01.269533+00:00
2026-06-21 10:45:00+00:00,SOL-USD,15m,73.94999694824219,74.08000183105469,73.80999755859375,73.80999755859375,9984128,9984128,yfinance,2026-07-10T06:58:01.269533+00:00
2026-06-21 11:00:00+00:00,SOL-USD,15m,73.80999755859375,73.91999816894531,73.63999938964844,73.83000183105469,4041472,4041472,yfinance,2026-07-10T06:58:01.269533+00:00
2026-06-21 11:15:00+00:00,SOL-USD,15m,73.77999877929688,73.79000091552734,73.2699966430664,73.48999786376953,10797696,10797696,yfinance,2026-07-10T06:58:01.269533+00:00
2026-06-21 11:30:00+00:00,SOL-USD,15m,73.4800033569336,73.4800033569336,73.16999816894531,73.3499984741211,7153280,7153280,yfinance,2026-07-10T06:58:01.269533+00:00
2026-06-21 11:45:00+00:00,SOL-USD,15m,73.3499984741211,73.41999816894531,72.95999908447266,73.08999633789062,2156544,2156544,yfinance,2026-07-10T06:58:01.269533+00:00
2026-06-21 12:00:00+00:00,SOL-USD,15m,73.12000274658203,73.19000244140625,73.0199966430664,73.05000305175781,14751616,14751616,yfinance,2026-07-10T06:58:01.269533+00:00
2026-06-21 12:15:00+00:00,SOL-USD,15m,73.05000305175781,73.0999984741211,72.8499984741211,72.9800033569336,21824512,21824512,yfinance,2026-07-10T06:58:01.269533+00:00
2026-06-21 12:30:00+00:00,SOL-USD,15m,72.9800033569336,73.18000030517578,72.93000030517578,73.16000366210938,6654464,6654464,yfinance,2026-07-10T06:58:01.269533+00:00
2026-06-21 12:45:00+00:00,SOL-USD,15m,73.12999725341797,73.58999633789062,73.12000274658203,73.55000305175781,7053184,7053184,yfinance,2026-07-10T06:58:01.269533+00:00
2026-06-21 13:00:00+00:00,SOL-USD,15m,73.55000305175781,73.7300033569336,73.47000122070312,73.62999725341797,10133248,10133248,yfinance,2026-07-10T06:58:01.269533+00:00
2026-06-21 13:15:00+00:00,SOL-USD,15m,73.68000030517578,73.86000061035156,73.62000274658203,73.66999816894531,22089216,22089216,yfinance,2026-07-10T06:58:01.269533+00:00
2026-06-21 13:30:00+00:00,SOL-USD,15m,73.70999908447266,73.70999908447266,73.37000274658203,73.41999816894531,1431552,1431552,yfinance,2026-07-10T06:58:01.269533+00:00
2026-06-21 13:45:00+00:00,SOL-USD,15m,73.41000366210938,73.83000183105469,73.41000366210938,73.83000183105469,2066432,2066432,yfinance,2026-07-10T06:58:01.269533+00:00
2026-06-21 14:00:00+00:00,SOL-USD,15m,73.80000305175781,73.9000015258789,73.69000244140625,73.69000244140625,723328,723328,yfinance,2026-07-10T06:58:01.269533+00:00
2026-06-21 14:15:00+00:00,SOL-USD,15m,73.66999816894531,73.87999725341797,73.56999969482422,73.73999786376953,3387904,3387904,yfinance,2026-07-10T06:58:01.269533+00:00
2026-06-21 14:30:00+00:00,SOL-USD,15m,73.72000122070312,74.05000305175781,73.68000030517578,73.91999816894531,19622400,19622400,yfinance,2026-07-10T06:58:01.269533+00:00
2026-06-21 14:45:00+00:00,SOL-USD,15m,73.93000030517578,74.0199966430664,73.7300033569336,74.0199966430664,0,0,yfinance,2026-07-10T06:58:01.269533+00:00
2026-06-21 15:00:00+00:00,SOL-USD,15m,73.98999786376953,74.16000366210938,73.9000015258789,73.91000366210938,0,0,yfinance,2026-07-10T06:58:01.269533+00:00
2026-06-21 15:15:00+00:00,SOL-USD,15m,73.9000015258789,74.11000061035156,73.83999633789062,74.08000183105469,0,0,yfinance,2026-07-10T06:58:01.269533+00:00
2026-06-21 15:30:00+00:00,SOL-USD,15m,74.08000183105469,74.19999694824219,73.97000122070312,74.12000274658203,0,0,yfinance,2026-07-10T06:58:01.269533+00:00
2026-06-21 15:45:00+00:00,SOL-USD,15m,74.11000061035156,74.11000061035156,73.91999816894531,74.05999755859375,0,0,yfinance,2026-07-10T06:58:01.269533+00:00
2026-06-21 16:00:00+00:00,SOL-USD,15m,74.04000091552734,74.05000305175781,73.7699966430664,73.80000305175781,0,0,yfinance,2026-07-10T06:58:01.269533+00:00
2026-06-21 16:15:00+00:00,SOL-USD,15m,73.81999969482422,74.01000213623047,73.77999877929688,73.91999816894531,318336,318336,yfinance,2026-07-10T06:58:01.269533+00:00
2026-06-21 16:30:00+00:00,SOL-USD,15m,73.93000030517578,73.9800033569336,73.72000122070312,73.97000122070312,0,0,yfinance,2026-07-10T06:58:01.269533+00:00
2026-06-21 16:45:00+00:00,SOL-USD,15m,73.98999786376953,74.51000213623047,73.9800033569336,74.26000213623047,26153344,26153344,yfinance,2026-07-10T06:58:01.269533+00:00
2026-06-21 17:00:00+00:00,SOL-USD,15m,74.25,74.45999908447266,74.11000061035156,74.43000030517578,9821952,9821952,yfinance,2026-07-10T06:58:01.269533+00:00
2026-06-21 17:15:00+00:00,SOL-USD,15m,74.43000030517578,74.55000305175781,74.19000244140625,74.41000366210938,10778496,10778496,yfinance,2026-07-10T06:58:01.269533+00:00
2026-06-21 17:30:00+00:00,SOL-USD,15m,74.41000366210938,74.41999816894531,73.97000122070312,74.0999984741211,7382656,7382656,yfinance,2026-07-10T06:58:01.269533+00:00
2026-06-21 17:45:00+00:00,SOL-USD,15m,74.11000061035156,74.3499984741211,74.11000061035156,74.16999816894531,7296896,7296896,yfinance,2026-07-10T06:58:01.269533+00:00
2026-06-21 18:00:00+00:00,SOL-USD,15m,74.16000366210938,74.16000366210938,73.80999755859375,73.86000061035156,7309056,7309056,yfinance,2026-07-10T06:58:01.269533+00:00
2026-06-21 18:15:00+00:00,SOL-USD,15m,73.87000274658203,74.06999969482422,73.87000274658203,74.02999877929688,1584000,1584000,yfinance,2026-07-10T06:58:01.269533+00:00
2026-06-21 18:30:00+00:00,SOL-USD,15m,74.05000305175781,74.33000183105469,73.95999908447266,74.2300033569336,9039360,9039360,yfinance,2026-07-10T06:58:01.269533+00:00
2026-06-21 18:45:00+00:00,SOL-USD,15m,74.18000030517578,74.26000213623047,74.04000091552734,74.12000274658203,7606144,7606144,yfinance,2026-07-10T06:58:01.269533+00:00
2026-06-21 19:00:00+00:00,SOL-USD,15m,74.11000061035156,74.37000274658203,74.0199966430664,74.31999969482422,1919232,1919232,yfinance,2026-07-10T06:58:01.269533+00:00
2026-06-21 19:15:00+00:00,SOL-USD,15m,74.30000305175781,74.31999969482422,74.13999938964844,74.16999816894531,1113344,1113344,yfinance,2026-07-10T06:58:01.269533+00:00
2026-06-21 19:30:00+00:00,SOL-USD,15m,74.19000244140625,74.30999755859375,74.13999938964844,74.27999877929688,138240,138240,yfinance,2026-07-10T06:58:01.269533+00:00
2026-06-21 19:45:00+00:00,SOL-USD,15m,74.29000091552734,74.37000274658203,74.23999786376953,74.33999633789062,1080448,1080448,yfinance,2026-07-10T06:58:01.269533+00:00
2026-06-21 20:00:00+00:00,SOL-USD,15m,74.31999969482422,74.44999694824219,74.0999984741211,74.16000366210938,455552,455552,yfinance,2026-07-10T06:58:01.269533+00:00
2026-06-21 20:15:00+00:00,SOL-USD,15m,74.16000366210938,74.18000030517578,73.9000015258789,74.0199966430664,2991616,2991616,yfinance,2026-07-10T06:58:01.269533+00:00
2026-06-21 20:30:00+00:00,SOL-USD,15m,74.0199966430664,74.05000305175781,73.7699966430664,73.7699966430664,1842432,1842432,yfinance,2026-07-10T06:58:01.269533+00:00
2026-06-21 20:45:00+00:00,SOL-USD,15m,73.77999877929688,73.77999877929688,73.27999877929688,73.3499984741211,25485824,25485824,yfinance,2026-07-10T06:58:01.269533+00:00
2026-06-21 21:00:00+00:00,SOL-USD,15m,73.33999633789062,73.37000274658203,72.37999725341797,72.66000366210938,22625536,22625536,yfinance,2026-07-10T06:58:01.269533+00:00
2026-06-21 21:15:00+00:00,SOL-USD,15m,72.6500015258789,73.0199966430664,72.41999816894531,72.68000030517578,46853504,46853504,yfinance,2026-07-10T06:58:01.269533+00:00
2026-06-21 21:30:00+00:00,SOL-USD,15m,72.69999694824219,73.2300033569336,72.68000030517578,73.18000030517578,16594176,16594176,yfinance,2026-07-10T06:58:01.269533+00:00
2026-06-21 21:45:00+00:00,SOL-USD,15m,73.16999816894531,73.2699966430664,72.95999908447266,73.05999755859375,5295872,5295872,yfinance,2026-07-10T06:58:01.269533+00:00
2026-06-21 22:00:00+00:00,SOL-USD,15m,72.86000061035156,73.12000274658203,72.81999969482422,72.94999694824219,2779008,2779008,yfinance,2026-07-10T06:58:01.269533+00:00
2026-06-21 22:15:00+00:00,SOL-USD,15m,72.9800033569336,73.16999816894531,72.87999725341797,72.9000015258789,0,0,yfinance,2026-07-10T06:58:01.269533+00:00
2026-06-21 22:30:00+00:00,SOL-USD,15m,72.83999633789062,72.87999725341797,72.55000305175781,72.81999969482422,0,0,yfinance,2026-07-10T06:58:01.269533+00:00
2026-06-21 22:45:00+00:00,SOL-USD,15m,72.79000091552734,73.1500015258789,72.77999877929688,72.9800033569336,0,0,yfinance,2026-07-10T06:58:01.269533+00:00
2026-06-21 23:00:00+00:00,SOL-USD,15m,72.93000030517578,72.93000030517578,72.63999938964844,72.72000122070312,770304,770304,yfinance,2026-07-10T06:58:01.269533+00:00
2026-06-21 23:15:00+00:00,SOL-USD,15m,72.69999694824219,73.0199966430664,72.6500015258789,72.79000091552734,37760,37760,yfinance,2026-07-10T06:58:01.269533+00:00
2026-06-21 23:30:00+00:00,SOL-USD,15m,72.7699966430664,72.88999938964844,72.23999786376953,72.41999816894531,26320256,26320256,yfinance,2026-07-10T06:58:01.269533+00:00
2026-06-21 23:45:00+00:00,SOL-USD,15m,72.45999908447266,72.55000305175781,72.31999969482422,72.37999725341797,9704448,9704448,yfinance,2026-07-10T06:58:01.269533+00:00
2026-06-22 00:00:00+00:00,SOL-USD,15m,72.37000274658203,72.80999755859375,72.37000274658203,72.62999725341797,11224064,11224064,yfinance,2026-07-10T06:58:01.269533+00:00
2026-06-22 00:15:00+00:00,SOL-USD,15m,72.62999725341797,73.04000091552734,72.5999984741211,72.91000366210938,7569664,7569664,yfinance,2026-07-10T06:58:01.269533+00:00
2026-06-22 00:30:00+00:00,SOL-USD,15m,72.93000030517578,73.43000030517578,72.86000061035156,73.19999694824219,20774016,20774016,yfinance,2026-07-10T06:58:01.269533+00:00
2026-06-22 00:45:00+00:00,SOL-USD,15m,73.19999694824219,73.36000061035156,72.95999908447266,73.2699966430664,13715456,13715456,yfinance,2026-07-10T06:58:01.269533+00:00
2026-06-22 01:00:00+00:00,SOL-USD,15m,73.33000183105469,73.54000091552734,73.16999816894531,73.23999786376953,3217152,3217152,yfinance,2026-07-10T06:58:01.269533+00:00
2026-06-22 01:15:00+00:00,SOL-USD,15m,73.26000213623047,74.83999633789062,73.26000213623047,74.52999877929688,22473216,22473216,yfinance,2026-07-10T06:58:01.269533+00:00
2026-06-22 01:30:00+00:00,SOL-USD,15m,74.54000091552734,74.6500015258789,74.02999877929688,74.30999755859375,72462208,72462208,yfinance,2026-07-10T06:58:01.269533+00:00
2026-06-22 01:45:00+00:00,SOL-USD,15m,74.33999633789062,74.41999816894531,74.22000122070312,74.27999877929688,22089344,22089344,yfinance,2026-07-10T06:58:01.269533+00:00
2026-06-22 02:00:00+00:00,SOL-USD,15m,74.3499984741211,74.3499984741211,73.91999816894531,73.98999786376953,10767104,10767104,yfinance,2026-07-10T06:58:01.269533+00:00
2026-06-22 02:15:00+00:00,SOL-USD,15m,73.95999908447266,74.23999786376953,73.9000015258789,74.13999938964844,16505600,16505600,yfinance,2026-07-10T06:58:01.269533+00:00
2026-06-22 02:30:00+00:00,SOL-USD,15m,74.13999938964844,74.19000244140625,73.97000122070312,73.98999786376953,9315712,9315712,yfinance,2026-07-10T06:58:01.269533+00:00
2026-06-22 02:45:00+00:00,SOL-USD,15m,74.0,74.0,73.68000030517578,73.7300033569336,8669184,8669184,yfinance,2026-07-10T06:58:01.269533+00:00
2026-06-22 03:00:00+00:00,SOL-USD,15m,73.73999786376953,73.73999786376953,73.22000122070312,73.44999694824219,0,0,yfinance,2026-07-10T06:58:01.269533+00:00
2026-06-22 03:15:00+00:00,SOL-USD,15m,73.48999786376953,73.93000030517578,73.48999786376953,73.72000122070312,947200,947200,yfinance,2026-07-10T06:58:01.269533+00:00
2026-06-22 03:30:00+00:00,SOL-USD,15m,73.73999786376953,73.94999694824219,73.61000061035156,73.61000061035156,5690496,5690496,yfinance,2026-07-10T06:58:01.269533+00:00
2026-06-22 03:45:00+00:00,SOL-USD,15m,73.63999938964844,73.66000366210938,73.27999877929688,73.44000244140625,18049408,18049408,yfinance,2026-07-10T06:58:01.269533+00:00
2026-06-22 04:00:00+00:00,SOL-USD,15m,73.41999816894531,73.58999633789062,73.2699966430664,73.5,8723584,8723584,yfinance,2026-07-10T06:58:01.269533+00:00
2026-06-22 04:15:00+00:00,SOL-USD,15m,73.4800033569336,73.62999725341797,73.43000030517578,73.56999969482422,5897728,5897728,yfinance,2026-07-10T06:58:01.269533+00:00
2026-06-22 04:30:00+00:00,SOL-USD,15m,73.56999969482422,73.62999725341797,73.3499984741211,73.37999725341797,7835648,7835648,yfinance,2026-07-10T06:58:01.269533+00:00
2026-06-22 04:45:00+00:00,SOL-USD,15m,73.37999725341797,73.80999755859375,73.37999725341797,73.77999877929688,12278272,12278272,yfinance,2026-07-10T06:58:01.269533+00:00
2026-06-22 05:00:00+00:00,SOL-USD,15m,73.76000213623047,74.04000091552734,73.70999908447266,74.04000091552734,5372544,5372544,yfinance,2026-07-10T06:58:01.269533+00:00
2026-06-22 05:15:00+00:00,SOL-USD,15m,74.02999877929688,74.05000305175781,73.91000366210938,73.95999908447266,3460608,3460608,yfinance,2026-07-10T06:58:01.269533+00:00
2026-06-22 05:30:00+00:00,SOL-USD,15m,73.97000122070312,74.05000305175781,73.87999725341797,73.94000244140625,4966144,4966144,yfinance,2026-07-10T06:58:01.269533+00:00
2026-06-22 05:45:00+00:00,SOL-USD,15m,73.91000366210938,73.94999694824219,73.77999877929688,73.86000061035156,4403712,4403712,yfinance,2026-07-10T06:58:01.269533+00:00
2026-06-22 06:00:00+00:00,SOL-USD,15m,73.88999938964844,74.08000183105469,73.73999786376953,73.93000030517578,1233664,1233664,yfinance,2026-07-10T06:58:01.269533+00:00
2026-06-22 06:15:00+00:00,SOL-USD,15m,73.9000015258789,74.01000213623047,73.72000122070312,73.77999877929688,4875520,4875520,yfinance,2026-07-10T06:58:01.269533+00:00
2026-06-22 06:30:00+00:00,SOL-USD,15m,73.76000213623047,73.76000213623047,73.51000213623047,73.61000061035156,9300736,9300736,yfinance,2026-07-10T06:58:01.269533+00:00
2026-06-22 06:45:00+00:00,SOL-USD,15m,73.58000183105469,73.68000030517578,73.45999908447266,73.61000061035156,3475968,3475968,yfinance,2026-07-10T06:58:01.269533+00:00
2026-06-22 07:00:00+00:00,SOL-USD,15m,73.62000274658203,74.20999908447266,73.58999633789062,74.11000061035156,7888128,7888128,yfinance,2026-07-10T06:58:01.269533+00:00
2026-06-22 07:15:00+00:00,SOL-USD,15m,74.08999633789062,74.30000305175781,74.05999755859375,74.23999786376953,15987712,15987712,yfinance,2026-07-10T06:58:01.269533+00:00
2026-06-22 07:30:00+00:00,SOL-USD,15m,74.2300033569336,74.3499984741211,74.0999984741211,74.0999984741211,4065280,4065280,yfinance,2026-07-10T06:58:01.269533+00:00
2026-06-22 07:45:00+00:00,SOL-USD,15m,74.0999984741211,74.16000366210938,73.94999694824219,74.0199966430664,3408640,3408640,yfinance,2026-07-10T06:58:01.269533+00:00
2026-06-22 08:00:00+00:00,SOL-USD,15m,74.04000091552734,74.22000122070312,73.93000030517578,74.22000122070312,8902912,8902912,yfinance,2026-07-10T06:58:01.269533+00:00
2026-06-22 08:15:00+00:00,SOL-USD,15m,74.20999908447266,74.20999908447266,73.91999816894531,73.91999816894531,7050752,7050752,yfinance,2026-07-10T06:58:01.269533+00:00
2026-06-22 08:30:00+00:00,SOL-USD,15m,73.91999816894531,73.95999908447266,73.63999938964844,73.94999694824219,0,0,yfinance,2026-07-10T06:58:01.269533+00:00
2026-06-22 08:45:00+00:00,SOL-USD,15m,73.95999908447266,74.01000213623047,73.73999786376953,73.81999969482422,0,0,yfinance,2026-07-10T06:58:01.269533+00:00
2026-06-22 09:00:00+00:00,SOL-USD,15m,73.81999969482422,73.94000244140625,73.7300033569336,73.83000183105469,2516352,2516352,yfinance,2026-07-10T06:58:01.269533+00:00
2026-06-22 09:15:00+00:00,SOL-USD,15m,73.81999969482422,73.87999725341797,73.61000061035156,73.62000274658203,0,0,yfinance,2026-07-10T06:58:01.269533+00:00
2026-06-22 09:30:00+00:00,SOL-USD,15m,73.58999633789062,73.75,73.5,73.68000030517578,0,0,yfinance,2026-07-10T06:58:01.269533+00:00
2026-06-22 09:45:00+00:00,SOL-USD,15m,73.66999816894531,73.80000305175781,73.62999725341797,73.72000122070312,0,0,yfinance,2026-07-10T06:58:01.269533+00:00
2026-06-22 10:00:00+00:00,SOL-USD,15m,73.69999694824219,73.94999694824219,73.63999938964844,73.79000091552734,0,0,yfinance,2026-07-10T06:58:01.269533+00:00
2026-06-22 10:15:00+00:00,SOL-USD,15m,73.80999755859375,73.87999725341797,73.58000183105469,73.5999984741211,0,0,yfinance,2026-07-10T06:58:01.269533+00:00
2026-06-22 10:30:00+00:00,SOL-USD,15m,73.58999633789062,73.69999694824219,73.51000213623047,73.54000091552734,0,0,yfinance,2026-07-10T06:58:01.269533+00:00
2026-06-22 10:45:00+00:00,SOL-USD,15m,73.56999969482422,73.80999755859375,73.56999969482422,73.69999694824219,900736,900736,yfinance,2026-07-10T06:58:01.269533+00:00
2026-06-22 11:00:00+00:00,SOL-USD,15m,73.72000122070312,74.12999725341797,73.58000183105469,73.88999938964844,11009664,11009664,yfinance,2026-07-10T06:58:01.269533+00:00
2026-06-22 11:15:00+00:00,SOL-USD,15m,73.91999816894531,74.01000213623047,73.72000122070312,73.81999969482422,17030144,17030144,yfinance,2026-07-10T06:58:01.269533+00:00
2026-06-22 11:30:00+00:00,SOL-USD,15m,73.83000183105469,74.3499984741211,73.83000183105469,74.13999938964844,46306176,46306176,yfinance,2026-07-10T06:58:01.269533+00:00
2026-06-22 11:45:00+00:00,SOL-USD,15m,74.13999938964844,74.33000183105469,74.08000183105469,74.0999984741211,33923840,33923840,yfinance,2026-07-10T06:58:01.269533+00:00
2026-06-22 12:00:00+00:00,SOL-USD,15m,74.12000274658203,74.16999816894531,73.97000122070312,74.11000061035156,18733056,18733056,yfinance,2026-07-10T06:58:01.269533+00:00
2026-06-22 12:15:00+00:00,SOL-USD,15m,74.08000183105469,74.33000183105469,73.95999908447266,74.27999877929688,0,0,yfinance,2026-07-10T06:58:01.269533+00:00
2026-06-22 12:30:00+00:00,SOL-USD,15m,74.30999755859375,74.4800033569336,74.0999984741211,74.33999633789062,17497088,17497088,yfinance,2026-07-10T06:58:01.269533+00:00
2026-06-22 12:45:00+00:00,SOL-USD,15m,74.3499984741211,74.45999908447266,74.18000030517578,74.33000183105469,16236032,16236032,yfinance,2026-07-10T06:58:01.269533+00:00
2026-06-22 13:00:00+00:00,SOL-USD,15m,74.3499984741211,74.4800033569336,74.19999694824219,74.37000274658203,5170944,5170944,yfinance,2026-07-10T06:58:01.269533+00:00
2026-06-22 13:15:00+00:00,SOL-USD,15m,74.37000274658203,74.45999908447266,74.16999816894531,74.23999786376953,1545728,1545728,yfinance,2026-07-10T06:58:01.269533+00:00
2026-06-22 13:30:00+00:00,SOL-USD,15m,74.2699966430664,74.7699966430664,74.2300033569336,74.61000061035156,39774720,39774720,yfinance,2026-07-10T06:58:01.269533+00:00
2026-06-22 13:45:00+00:00,SOL-USD,15m,74.62000274658203,74.9000015258789,74.62000274658203,74.88999938964844,43204608,43204608,yfinance,2026-07-10T06:58:01.269533+00:00
2026-06-22 14:00:00+00:00,SOL-USD,15m,74.91000366210938,74.91000366210938,74.18000030517578,74.26000213623047,6345216,6345216,yfinance,2026-07-10T06:58:01.269533+00:00
2026-06-22 14:15:00+00:00,SOL-USD,15m,74.26000213623047,74.26000213623047,73.66999816894531,73.68000030517578,27381248,27381248,yfinance,2026-07-10T06:58:01.269533+00:00
2026-06-22 14:30:00+00:00,SOL-USD,15m,73.66999816894531,73.72000122070312,73.27999877929688,73.33999633789062,22149376,22149376,yfinance,2026-07-10T06:58:01.269533+00:00
2026-06-22 14:45:00+00:00,SOL-USD,15m,73.33000183105469,73.58000183105469,73.1500015258789,73.37000274658203,27356416,27356416,yfinance,2026-07-10T06:58:01.269533+00:00
2026-06-22 15:00:00+00:00,SOL-USD,15m,73.37999725341797,73.62000274658203,73.16000366210938,73.55999755859375,5344512,5344512,yfinance,2026-07-10T06:58:01.269533+00:00
2026-06-22 15:15:00+00:00,SOL-USD,15m,73.52999877929688,73.66999816894531,73.37000274658203,73.58000183105469,20882944,20882944,yfinance,2026-07-10T06:58:01.269533+00:00
2026-06-22 15:30:00+00:00,SOL-USD,15m,73.62000274658203,73.70999908447266,73.41000366210938,73.44000244140625,18315520,18315520,yfinance,2026-07-10T06:58:01.269533+00:00
2026-06-22 15:45:00+00:00,SOL-USD,15m,73.44999694824219,73.4800033569336,72.91000366210938,73.05999755859375,22949120,22949120,yfinance,2026-07-10T06:58:01.269533+00:00
2026-06-22 16:00:00+00:00,SOL-USD,15m,73.08999633789062,73.12000274658203,72.5999984741211,72.66999816894531,20032256,20032256,yfinance,2026-07-10T06:58:01.269533+00:00
2026-06-22 16:15:00+00:00,SOL-USD,15m,72.68000030517578,72.87999725341797,72.54000091552734,72.70999908447266,18035712,18035712,yfinance,2026-07-10T06:58:01.269533+00:00
2026-06-22 16:30:00+00:00,SOL-USD,15m,72.66999816894531,72.69000244140625,72.5,72.62000274658203,12610816,12610816,yfinance,2026-07-10T06:58:01.269533+00:00
2026-06-22 16:45:00+00:00,SOL-USD,15m,72.62999725341797,72.91000366210938,72.55000305175781,72.87000274658203,5932800,5932800,yfinance,2026-07-10T06:58:01.269533+00:00
2026-06-22 17:00:00+00:00,SOL-USD,15m,72.87000274658203,72.94000244140625,72.73999786376953,72.9000015258789,0,0,yfinance,2026-07-10T06:58:01.269533+00:00
2026-06-22 17:15:00+00:00,SOL-USD,15m,72.9000015258789,72.94000244140625,72.69999694824219,72.69999694824219,0,0,yfinance,2026-07-10T06:58:01.269533+00:00
2026-06-22 17:30:00+00:00,SOL-USD,15m,72.66999816894531,72.8499984741211,72.55999755859375,72.83999633789062,0,0,yfinance,2026-07-10T06:58:01.269533+00:00
2026-06-22 17:45:00+00:00,SOL-USD,15m,72.83999633789062,73.25,72.83000183105469,73.19999694824219,4211712,4211712,yfinance,2026-07-10T06:58:01.269533+00:00
2026-06-22 18:00:00+00:00,SOL-USD,15m,73.19000244140625,73.44999694824219,73.19000244140625,73.41000366210938,0,0,yfinance,2026-07-10T06:58:01.269533+00:00
2026-06-22 18:15:00+00:00,SOL-USD,15m,73.41000366210938,73.4800033569336,73.2300033569336,73.29000091552734,4021504,4021504,yfinance,2026-07-10T06:58:01.269533+00:00
2026-06-22 18:30:00+00:00,SOL-USD,15m,73.29000091552734,73.33000183105469,73.19000244140625,73.19999694824219,2460928,2460928,yfinance,2026-07-10T06:58:01.269533+00:00
2026-06-22 18:45:00+00:00,SOL-USD,15m,73.20999908447266,73.2300033569336,72.5199966430664,72.54000091552734,15430912,15430912,yfinance,2026-07-10T06:58:01.269533+00:00
2026-06-22 19:00:00+00:00,SOL-USD,15m,72.55000305175781,72.66000366210938,72.44999694824219,72.58999633789062,21998080,21998080,yfinance,2026-07-10T06:58:01.269533+00:00
2026-06-22 19:15:00+00:00,SOL-USD,15m,72.5999984741211,72.72000122070312,72.37999725341797,72.55000305175781,5434368,5434368,yfinance,2026-07-10T06:58:01.269533+00:00
2026-06-22 19:30:00+00:00,SOL-USD,15m,72.58999633789062,72.72000122070312,72.51000213623047,72.6500015258789,15128576,15128576,yfinance,2026-07-10T06:58:01.269533+00:00
2026-06-22 19:45:00+00:00,SOL-USD,15m,72.62999725341797,72.72000122070312,72.48999786376953,72.68000030517578,8198912,8198912,yfinance,2026-07-10T06:58:01.269533+00:00
2026-06-22 20:00:00+00:00,SOL-USD,15m,72.62999725341797,72.87000274658203,72.62000274658203,72.70999908447266,2608128,2608128,yfinance,2026-07-10T06:58:01.269533+00:00
2026-06-22 20:15:00+00:00,SOL-USD,15m,72.70999908447266,72.7300033569336,72.41000366210938,72.54000091552734,937728,937728,yfinance,2026-07-10T06:58:01.269533+00:00
2026-06-22 20:30:00+00:00,SOL-USD,15m,72.54000091552734,72.73999786376953,72.54000091552734,72.7300033569336,3162368,3162368,yfinance,2026-07-10T06:58:01.269533+00:00
2026-06-22 20:45:00+00:00,SOL-USD,15m,72.7300033569336,72.77999877929688,72.55999755859375,72.73999786376953,0,0,yfinance,2026-07-10T06:58:01.269533+00:00
2026-06-22 21:00:00+00:00,SOL-USD,15m,72.7300033569336,72.80000305175781,72.66000366210938,72.73999786376953,0,0,yfinance,2026-07-10T06:58:01.269533+00:00
2026-06-22 21:15:00+00:00,SOL-USD,15m,72.72000122070312,72.75,72.51000213623047,72.61000061035156,26900224,26900224,yfinance,2026-07-10T06:58:01.269533+00:00
2026-06-22 21:30:00+00:00,SOL-USD,15m,72.5999984741211,72.61000061035156,72.19999694824219,72.27999877929688,0,0,yfinance,2026-07-10T06:58:01.269533+00:00
2026-06-22 21:45:00+00:00,SOL-USD,15m,72.29000091552734,72.6500015258789,72.29000091552734,72.63999938964844,3240192,3240192,yfinance,2026-07-10T06:58:01.269533+00:00
2026-06-22 22:00:00+00:00,SOL-USD,15m,72.6500015258789,72.86000061035156,72.56999969482422,72.63999938964844,0,0,yfinance,2026-07-10T06:58:01.269533+00:00
2026-06-22 22:15:00+00:00,SOL-USD,15m,72.66000366210938,72.69999694824219,71.56999969482422,71.77999877929688,0,0,yfinance,2026-07-10T06:58:01.269533+00:00
2026-06-22 22:30:00+00:00,SOL-USD,15m,71.73999786376953,71.94000244140625,71.51000213623047,71.63999938964844,59709696,59709696,yfinance,2026-07-10T06:58:01.269533+00:00
2026-06-22 22:45:00+00:00,SOL-USD,15m,71.66000366210938,72.05999755859375,71.62000274658203,72.02999877929688,8337152,8337152,yfinance,2026-07-10T06:58:01.269533+00:00
2026-06-22 23:00:00+00:00,SOL-USD,15m,72.0,72.05000305175781,71.87999725341797,71.93000030517578,0,0,yfinance,2026-07-10T06:58:01.269533+00:00
2026-06-22 23:15:00+00:00,SOL-USD,15m,71.97000122070312,72.08999633789062,71.86000061035156,72.0199966430664,0,0,yfinance,2026-07-10T06:58:01.269533+00:00
2026-06-22 23:30:00+00:00,SOL-USD,15m,71.95999908447266,72.0199966430664,71.8499984741211,71.87999725341797,0,0,yfinance,2026-07-10T06:58:01.269533+00:00
2026-06-22 23:45:00+00:00,SOL-USD,15m,71.87000274658203,71.95999908447266,71.75,71.87999725341797,0,0,yfinance,2026-07-10T06:58:01.269533+00:00
2026-06-23 00:00:00+00:00,SOL-USD,15m,71.81999969482422,71.93000030517578,71.69000244140625,71.76000213623047,0,0,yfinance,2026-07-10T06:58:01.269533+00:00
2026-06-23 00:15:00+00:00,SOL-USD,15m,71.79000091552734,71.83000183105469,71.37999725341797,71.4000015258789,891648,891648,yfinance,2026-07-10T06:58:01.269533+00:00
2026-06-23 00:30:00+00:00,SOL-USD,15m,71.41000366210938,71.7699966430664,71.38999938964844,71.7699966430664,2976256,2976256,yfinance,2026-07-10T06:58:01.269533+00:00
2026-06-23 00:45:00+00:00,SOL-USD,15m,71.7699966430664,71.83999633789062,71.58000183105469,71.80000305175781,0,0,yfinance,2026-07-10T06:58:01.269533+00:00
2026-06-23 01:00:00+00:00,SOL-USD,15m,71.80999755859375,71.95999908447266,71.73999786376953,71.7699966430664,0,0,yfinance,2026-07-10T06:58:01.269533+00:00
2026-06-23 01:15:00+00:00,SOL-USD,15m,71.77999877929688,71.94000244140625,71.76000213623047,71.80000305175781,0,0,yfinance,2026-07-10T06:58:01.269533+00:00
2026-06-23 01:30:00+00:00,SOL-USD,15m,71.80000305175781,71.94000244140625,71.55000305175781,71.61000061035156,0,0,yfinance,2026-07-10T06:58:01.269533+00:00
2026-06-23 01:45:00+00:00,SOL-USD,15m,71.61000061035156,71.69999694824219,71.26000213623047,71.6500015258789,318720,318720,yfinance,2026-07-10T06:58:01.269533+00:00
2026-06-23 02:00:00+00:00,SOL-USD,15m,71.62999725341797,71.72000122070312,71.47000122070312,71.66999816894531,0,0,yfinance,2026-07-10T06:58:01.269533+00:00
2026-06-23 02:15:00+00:00,SOL-USD,15m,71.66999816894531,71.91999816894531,71.66999816894531,71.81999969482422,0,0,yfinance,2026-07-10T06:58:01.269533+00:00
2026-06-23 02:30:00+00:00,SOL-USD,15m,71.79000091552734,71.91999816894531,71.7699966430664,71.87999725341797,0,0,yfinance,2026-07-10T06:58:01.269533+00:00
2026-06-23 02:45:00+00:00,SOL-USD,15m,71.8499984741211,71.97000122070312,71.80000305175781,71.91999816894531,1873664,1873664,yfinance,2026-07-10T06:58:01.269533+00:00
2026-06-23 03:00:00+00:00,SOL-USD,15m,71.91000366210938,71.93000030517578,71.63999938964844,71.7300033569336,0,0,yfinance,2026-07-10T06:58:01.269533+00:00
2026-06-23 03:15:00+00:00,SOL-USD,15m,71.7300033569336,71.87000274658203,71.66000366210938,71.83999633789062,0,0,yfinance,2026-07-10T06:58:01.269533+00:00
2026-06-23 03:30:00+00:00,SOL-USD,15m,71.83000183105469,71.83999633789062,71.66000366210938,71.7699966430664,0,0,yfinance,2026-07-10T06:58:01.269533+00:00
2026-06-23 03:45:00+00:00,SOL-USD,15m,71.80000305175781,71.91000366210938,71.76000213623047,71.91000366210938,0,0,yfinance,2026-07-10T06:58:01.269533+00:00
2026-06-23 04:00:00+00:00,SOL-USD,15m,71.9000015258789,71.94000244140625,71.72000122070312,71.83999633789062,0,0,yfinance,2026-07-10T06:58:01.269533+00:00
2026-06-23 04:15:00+00:00,SOL-USD,15m,71.8499984741211,71.86000061035156,71.61000061035156,71.86000061035156,1105920,1105920,yfinance,2026-07-10T06:58:01.269533+00:00
2026-06-23 04:30:00+00:00,SOL-USD,15m,71.86000061035156,71.87999725341797,71.68000030517578,71.70999908447266,459392,459392,yfinance,2026-07-10T06:58:01.269533+00:00
2026-06-23 04:45:00+00:00,SOL-USD,15m,71.70999908447266,71.72000122070312,71.31999969482422,71.36000061035156,1593856,1593856,yfinance,2026-07-10T06:58:01.269533+00:00
2026-06-23 05:00:00+00:00,SOL-USD,15m,71.37000274658203,71.51000213623047,71.30000305175781,71.37999725341797,2893312,2893312,yfinance,2026-07-10T06:58:01.269533+00:00
2026-06-23 05:15:00+00:00,SOL-USD,15m,71.37000274658203,71.44999694824219,70.95999908447266,71.0999984741211,4827264,4827264,yfinance,2026-07-10T06:58:01.269533+00:00
2026-06-23 05:30:00+00:00,SOL-USD,15m,71.06999969482422,71.0999984741211,70.8499984741211,71.08999633789062,12118400,12118400,yfinance,2026-07-10T06:58:01.269533+00:00
2026-06-23 05:45:00+00:00,SOL-USD,15m,71.0999984741211,71.0999984741211,70.86000061035156,70.94000244140625,7220992,7220992,yfinance,2026-07-10T06:58:01.269533+00:00
2026-06-23 06:00:00+00:00,SOL-USD,15m,70.95999908447266,70.9800033569336,70.5199966430664,70.72000122070312,34696960,34696960,yfinance,2026-07-10T06:58:01.269533+00:00
2026-06-23 06:15:00+00:00,SOL-USD,15m,70.69999694824219,70.77999877929688,69.61000061035156,69.91999816894531,55412480,55412480,yfinance,2026-07-10T06:58:01.269533+00:00
2026-06-23 06:30:00+00:00,SOL-USD,15m,69.83000183105469,70.19999694824219,69.76000213623047,70.0999984741211,44806144,44806144,yfinance,2026-07-10T06:58:01.269533+00:00
2026-06-23 06:45:00+00:00,SOL-USD,15m,70.08999633789062,70.31999969482422,70.05000305175781,70.23999786376953,7924224,7924224,yfinance,2026-07-10T06:58:01.269533+00:00
2026-06-23 07:00:00+00:00,SOL-USD,15m,70.22000122070312,70.47000122070312,70.22000122070312,70.44000244140625,9238016,9238016,yfinance,2026-07-10T06:58:01.269533+00:00
2026-06-23 07:15:00+00:00,SOL-USD,15m,70.43000030517578,70.4800033569336,70.29000091552734,70.37999725341797,13956096,13956096,yfinance,2026-07-10T06:58:01.269533+00:00
2026-06-23 07:30:00+00:00,SOL-USD,15m,70.3499984741211,70.37999725341797,70.06999969482422,70.06999969482422,5243392,5243392,yfinance,2026-07-10T06:58:01.269533+00:00
2026-06-23 07:45:00+00:00,SOL-USD,15m,70.08999633789062,70.19000244140625,69.9000015258789,69.9000015258789,1469696,1469696,yfinance,2026-07-10T06:58:01.269533+00:00
2026-06-23 08:00:00+00:00,SOL-USD,15m,69.94000244140625,70.02999877929688,68.93000030517578,68.98999786376953,4545024,4545024,yfinance,2026-07-10T06:58:01.269533+00:00
2026-06-23 08:15:00+00:00,SOL-USD,15m,69.0,69.0,68.11000061035156,68.38999938964844,105740032,105740032,yfinance,2026-07-10T06:58:01.269533+00:00
2026-06-23 08:30:00+00:00,SOL-USD,15m,68.33999633789062,68.83000183105469,68.33999633789062,68.76000213623047,65831424,65831424,yfinance,2026-07-10T06:58:01.269533+00:00
2026-06-23 08:45:00+00:00,SOL-USD,15m,68.72000122070312,68.72000122070312,68.5,68.62000274658203,14980608,14980608,yfinance,2026-07-10T06:58:01.269533+00:00
2026-06-23 09:00:00+00:00,SOL-USD,15m,68.6500015258789,68.83999633789062,68.62000274658203,68.75,8765952,8765952,yfinance,2026-07-10T06:58:01.269533+00:00
2026-06-23 09:15:00+00:00,SOL-USD,15m,68.76000213623047,68.94000244140625,68.76000213623047,68.88999938964844,12812288,12812288,yfinance,2026-07-10T06:58:01.269533+00:00
2026-06-23 09:30:00+00:00,SOL-USD,15m,68.93000030517578,68.94000244140625,68.66000366210938,68.80000305175781,5469696,5469696,yfinance,2026-07-10T06:58:01.269533+00:00
2026-06-23 09:45:00+00:00,SOL-USD,15m,68.7699966430664,68.95999908447266,68.73999786376953,68.83000183105469,11366144,11366144,yfinance,2026-07-10T06:58:01.269533+00:00
2026-06-23 10:00:00+00:00,SOL-USD,15m,68.8499984741211,69.12000274658203,68.8499984741211,68.9000015258789,4048896,4048896,yfinance,2026-07-10T06:58:01.269533+00:00
2026-06-23 10:15:00+00:00,SOL-USD,15m,68.9000015258789,68.93000030517578,68.80999755859375,68.81999969482422,1143808,1143808,yfinance,2026-07-10T06:58:01.269533+00:00
2026-06-23 10:30:00+00:00,SOL-USD,15m,68.83000183105469,68.88999938964844,68.5999984741211,68.62000274658203,1826304,1826304,yfinance,2026-07-10T06:58:01.269533+00:00
2026-06-23 10:45:00+00:00,SOL-USD,15m,68.62999725341797,68.75,68.55000305175781,68.7300033569336,9191680,9191680,yfinance,2026-07-10T06:58:01.269533+00:00
2026-06-23 11:00:00+00:00,SOL-USD,15m,68.75,68.94000244140625,68.73999786376953,68.88999938964844,0,0,yfinance,2026-07-10T06:58:01.269533+00:00
2026-06-23 11:15:00+00:00,SOL-USD,15m,68.9000015258789,69.16000366210938,68.86000061035156,69.08000183105469,3097088,3097088,yfinance,2026-07-10T06:58:01.269533+00:00
2026-06-23 11:30:00+00:00,SOL-USD,15m,69.06999969482422,69.19999694824219,69.05999755859375,69.13999938964844,0,0,yfinance,2026-07-10T06:58:01.269533+00:00
2026-06-23 11:45:00+00:00,SOL-USD,15m,69.18000030517578,69.25,69.01000213623047,69.22000122070312,0,0,yfinance,2026-07-10T06:58:01.269533+00:00
2026-06-23 12:00:00+00:00,SOL-USD,15m,69.16000366210938,69.29000091552734,69.02999877929688,69.11000061035156,0,0,yfinance,2026-07-10T06:58:01.269533+00:00
2026-06-23 12:15:00+00:00,SOL-USD,15m,69.11000061035156,69.16999816894531,68.97000122070312,69.11000061035156,0,0,yfinance,2026-07-10T06:58:01.269533+00:00
2026-06-23 12:30:00+00:00,SOL-USD,15m,69.11000061035156,69.25,69.01000213623047,69.05000305175781,0,0,yfinance,2026-07-10T06:58:01.269533+00:00
2026-06-23 12:45:00+00:00,SOL-USD,15m,69.01000213623047,69.0199966430664,68.80999755859375,68.88999938964844,342528,342528,yfinance,2026-07-10T06:58:01.269533+00:00
2026-06-23 13:00:00+00:00,SOL-USD,15m,68.91000366210938,68.91999816894531,68.68000030517578,68.88999938964844,0,0,yfinance,2026-07-10T06:58:01.269533+00:00
2026-06-23 13:15:00+00:00,SOL-USD,15m,68.8499984741211,68.86000061035156,68.61000061035156,68.72000122070312,0,0,yfinance,2026-07-10T06:58:01.269533+00:00
2026-06-23 13:30:00+00:00,SOL-USD,15m,68.72000122070312,69.25,68.56999969482422,68.91000366210938,9263872,9263872,yfinance,2026-07-10T06:58:01.269533+00:00
2026-06-23 13:45:00+00:00,SOL-USD,15m,68.83000183105469,69.22000122070312,68.75,69.12999725341797,0,0,yfinance,2026-07-10T06:58:01.269533+00:00
2026-06-23 14:00:00+00:00,SOL-USD,15m,69.11000061035156,69.44000244140625,69.01000213623047,69.44000244140625,506368,506368,yfinance,2026-07-10T06:58:01.269533+00:00
2026-06-23 14:15:00+00:00,SOL-USD,15m,69.4000015258789,69.5999984741211,69.04000091552734,69.25,3251456,3251456,yfinance,2026-07-10T06:58:01.269533+00:00
2026-06-23 14:30:00+00:00,SOL-USD,15m,69.2699966430664,69.51000213623047,69.05999755859375,69.16999816894531,0,0,yfinance,2026-07-10T06:58:01.269533+00:00
2026-06-23 14:45:00+00:00,SOL-USD,15m,69.23999786376953,69.27999877929688,68.9800033569336,69.11000061035156,0,0,yfinance,2026-07-10T06:58:01.269533+00:00
2026-06-23 15:00:00+00:00,SOL-USD,15m,69.05999755859375,69.12000274658203,68.62000274658203,68.76000213623047,393216,393216,yfinance,2026-07-10T06:58:01.269533+00:00
2026-06-23 15:15:00+00:00,SOL-USD,15m,68.76000213623047,68.76000213623047,68.45999908447266,68.52999877929688,0,0,yfinance,2026-07-10T06:58:01.269533+00:00
2026-06-23 15:30:00+00:00,SOL-USD,15m,68.56999969482422,68.94000244140625,68.55000305175781,68.5999984741211,0,0,yfinance,2026-07-10T06:58:01.269533+00:00
2026-06-23 15:45:00+00:00,SOL-USD,15m,68.61000061035156,68.83000183105469,68.31999969482422,68.83000183105469,701696,701696,yfinance,2026-07-10T06:58:01.269533+00:00
2026-06-23 16:00:00+00:00,SOL-USD,15m,68.81999969482422,69.30999755859375,68.72000122070312,69.19999694824219,0,0,yfinance,2026-07-10T06:58:01.269533+00:00
2026-06-23 16:15:00+00:00,SOL-USD,15m,69.19000244140625,69.19999694824219,68.91999816894531,68.9800033569336,4854016,4854016,yfinance,2026-07-10T06:58:01.269533+00:00
2026-06-23 16:30:00+00:00,SOL-USD,15m,68.94000244140625,69.06999969482422,68.91000366210938,68.94000244140625,0,0,yfinance,2026-07-10T06:58:01.269533+00:00
2026-06-23 16:45:00+00:00,SOL-USD,15m,68.97000122070312,69.01000213623047,68.75,68.83000183105469,0,0,yfinance,2026-07-10T06:58:01.269533+00:00
2026-06-23 17:00:00+00:00,SOL-USD,15m,68.80000305175781,68.80000305175781,68.58000183105469,68.62000274658203,911616,911616,yfinance,2026-07-10T06:58:01.269533+00:00
2026-06-23 17:15:00+00:00,SOL-USD,15m,68.62000274658203,69.02999877929688,68.62000274658203,68.98999786376953,1333760,1333760,yfinance,2026-07-10T06:58:01.269533+00:00
2026-06-23 17:30:00+00:00,SOL-USD,15m,69.01000213623047,69.0999984741211,68.77999877929688,68.81999969482422,0,0,yfinance,2026-07-10T06:58:01.269533+00:00
2026-06-23 17:45:00+00:00,SOL-USD,15m,68.80999755859375,68.87999725341797,68.55999755859375,68.69000244140625,0,0,yfinance,2026-07-10T06:58:01.269533+00:00
2026-06-23 18:00:00+00:00,SOL-USD,15m,68.68000030517578,68.8499984741211,68.5999984741211,68.80999755859375,0,0,yfinance,2026-07-10T06:58:01.269533+00:00
2026-06-23 18:15:00+00:00,SOL-USD,15m,68.80000305175781,68.97000122070312,68.70999908447266,68.86000061035156,2217472,2217472,yfinance,2026-07-10T06:58:01.269533+00:00
2026-06-23 18:30:00+00:00,SOL-USD,15m,68.83000183105469,68.8499984741211,68.61000061035156,68.66000366210938,67840,67840,yfinance,2026-07-10T06:58:01.269533+00:00
2026-06-23 18:45:00+00:00,SOL-USD,15m,68.6500015258789,68.86000061035156,68.5999984741211,68.81999969482422,879616,879616,yfinance,2026-07-10T06:58:01.269533+00:00
2026-06-23 19:00:00+00:00,SOL-USD,15m,68.80000305175781,69.02999877929688,68.7699966430664,68.86000061035156,0,0,yfinance,2026-07-10T06:58:01.269533+00:00
2026-06-23 19:15:00+00:00,SOL-USD,15m,68.8499984741211,68.87999725341797,68.66999816894531,68.87000274658203,0,0,yfinance,2026-07-10T06:58:01.269533+00:00
2026-06-23 19:30:00+00:00,SOL-USD,15m,68.87000274658203,68.94000244140625,68.66000366210938,68.66000366210938,0,0,yfinance,2026-07-10T06:58:01.269533+00:00
2026-06-23 19:45:00+00:00,SOL-USD,15m,68.6500015258789,68.95999908447266,68.6500015258789,68.77999877929688,1364736,1364736,yfinance,2026-07-10T06:58:01.269533+00:00
2026-06-23 20:00:00+00:00,SOL-USD,15m,68.77999877929688,68.97000122070312,68.76000213623047,68.83999633789062,0,0,yfinance,2026-07-10T06:58:01.269533+00:00
2026-06-23 20:15:00+00:00,SOL-USD,15m,68.87000274658203,68.95999908447266,68.83000183105469,68.93000030517578,0,0,yfinance,2026-07-10T06:58:01.269533+00:00
2026-06-23 20:30:00+00:00,SOL-USD,15m,68.9000015258789,68.97000122070312,68.83000183105469,68.8499984741211,969472,969472,yfinance,2026-07-10T06:58:01.269533+00:00
2026-06-23 20:45:00+00:00,SOL-USD,15m,68.83999633789062,68.93000030517578,68.76000213623047,68.93000030517578,2159232,2159232,yfinance,2026-07-10T06:58:01.269533+00:00
2026-06-23 21:00:00+00:00,SOL-USD,15m,68.93000030517578,69.11000061035156,68.87999725341797,69.06999969482422,5495552,5495552,yfinance,2026-07-10T06:58:01.269533+00:00
2026-06-23 21:15:00+00:00,SOL-USD,15m,69.08999633789062,69.1500015258789,68.95999908447266,69.1500015258789,1620608,1620608,yfinance,2026-07-10T06:58:01.269533+00:00
2026-06-23 21:30:00+00:00,SOL-USD,15m,69.19000244140625,69.2300033569336,69.12000274658203,69.18000030517578,3374848,3374848,yfinance,2026-07-10T06:58:01.269533+00:00
2026-06-23 21:45:00+00:00,SOL-USD,15m,69.19000244140625,69.19999694824219,69.13999938964844,69.19999694824219,489344,489344,yfinance,2026-07-10T06:58:01.269533+00:00
2026-06-23 22:00:00+00:00,SOL-USD,15m,69.19000244140625,69.62999725341797,69.16000366210938,69.5999984741211,2886144,2886144,yfinance,2026-07-10T06:58:01.269533+00:00
2026-06-23 22:15:00+00:00,SOL-USD,15m,69.5999984741211,69.75,69.25,69.37000274658203,14881152,14881152,yfinance,2026-07-10T06:58:01.269533+00:00
2026-06-23 22:30:00+00:00,SOL-USD,15m,69.37000274658203,69.5199966430664,69.27999877929688,69.38999938964844,0,0,yfinance,2026-07-10T06:58:01.269533+00:00
2026-06-23 22:45:00+00:00,SOL-USD,15m,69.37000274658203,69.5199966430664,69.33000183105469,69.4800033569336,0,0,yfinance,2026-07-10T06:58:01.269533+00:00
2026-06-23 23:00:00+00:00,SOL-USD,15m,69.44999694824219,69.45999908447266,69.22000122070312,69.2699966430664,0,0,yfinance,2026-07-10T06:58:01.269533+00:00
2026-06-23 23:15:00+00:00,SOL-USD,15m,69.2699966430664,69.5199966430664,69.2699966430664,69.41999816894531,0,0,yfinance,2026-07-10T06:58:01.269533+00:00
2026-06-23 23:30:00+00:00,SOL-USD,15m,69.44000244140625,69.5199966430664,69.29000091552734,69.33999633789062,941824,941824,yfinance,2026-07-10T06:58:01.269533+00:00
2026-06-23 23:45:00+00:00,SOL-USD,15m,69.33999633789062,69.72000122070312,69.33999633789062,69.5999984741211,5539072,5539072,yfinance,2026-07-10T06:58:01.269533+00:00
2026-06-24 00:00:00+00:00,SOL-USD,15m,69.61000061035156,69.86000061035156,69.51000213623047,69.86000061035156,2538496,2538496,yfinance,2026-07-10T06:58:01.269533+00:00
2026-06-24 00:15:00+00:00,SOL-USD,15m,69.8499984741211,69.9000015258789,69.70999908447266,69.7699966430664,5073792,5073792,yfinance,2026-07-10T06:58:01.269533+00:00
2026-06-24 00:30:00+00:00,SOL-USD,15m,69.80000305175781,70.05000305175781,69.72000122070312,69.94999694824219,3542272,3542272,yfinance,2026-07-10T06:58:01.269533+00:00
2026-06-24 00:45:00+00:00,SOL-USD,15m,69.91999816894531,70.0199966430664,69.77999877929688,69.9000015258789,2745856,2745856,yfinance,2026-07-10T06:58:01.269533+00:00
2026-06-24 01:00:00+00:00,SOL-USD,15m,69.91999816894531,69.93000030517578,69.61000061035156,69.9000015258789,1991680,1991680,yfinance,2026-07-10T06:58:01.269533+00:00
2026-06-24 01:15:00+00:00,SOL-USD,15m,69.87999725341797,69.88999938964844,69.58999633789062,69.87999725341797,3949696,3949696,yfinance,2026-07-10T06:58:01.269533+00:00
2026-06-24 01:30:00+00:00,SOL-USD,15m,69.87999725341797,70.30999755859375,69.87999725341797,70.06999969482422,14348160,14348160,yfinance,2026-07-10T06:58:01.269533+00:00
2026-06-24 01:45:00+00:00,SOL-USD,15m,70.06999969482422,70.23999786376953,69.97000122070312,69.9800033569336,3030656,3030656,yfinance,2026-07-10T06:58:01.269533+00:00
2026-06-24 02:00:00+00:00,SOL-USD,15m,70.0,70.05999755859375,69.75,69.83999633789062,10198144,10198144,yfinance,2026-07-10T06:58:01.269533+00:00
2026-06-24 02:15:00+00:00,SOL-USD,15m,69.81999969482422,69.81999969482422,69.4800033569336,69.63999938964844,2586240,2586240,yfinance,2026-07-10T06:58:01.269533+00:00
2026-06-24 02:30:00+00:00,SOL-USD,15m,69.63999938964844,69.7300033569336,69.44000244140625,69.58000183105469,2716160,2716160,yfinance,2026-07-10T06:58:01.269533+00:00
2026-06-24 02:45:00+00:00,SOL-USD,15m,69.58000183105469,69.58999633789062,69.33999633789062,69.37000274658203,3202560,3202560,yfinance,2026-07-10T06:58:01.269533+00:00
2026-06-24 03:00:00+00:00,SOL-USD,15m,69.37999725341797,69.44000244140625,69.22000122070312,69.26000213623047,290048,290048,yfinance,2026-07-10T06:58:01.269533+00:00
2026-06-24 03:15:00+00:00,SOL-USD,15m,69.25,69.2699966430664,69.01000213623047,69.2699966430664,3550080,3550080,yfinance,2026-07-10T06:58:01.269533+00:00
2026-06-24 03:30:00+00:00,SOL-USD,15m,69.2699966430664,69.68000030517578,69.2699966430664,69.62000274658203,6492416,6492416,yfinance,2026-07-10T06:58:01.269533+00:00
2026-06-24 03:45:00+00:00,SOL-USD,15m,69.62999725341797,69.66000366210938,69.45999908447266,69.4800033569336,126656512,126656512,yfinance,2026-07-10T06:58:01.269533+00:00
2026-06-24 04:00:00+00:00,SOL-USD,15m,69.5199966430664,69.52999877929688,69.33999633789062,69.4000015258789,4636416,4636416,yfinance,2026-07-10T06:58:01.269533+00:00
2026-06-24 04:15:00+00:00,SOL-USD,15m,69.43000030517578,69.48999786376953,68.93000030517578,69.05999755859375,0,0,yfinance,2026-07-10T06:58:01.269533+00:00
2026-06-24 04:30:00+00:00,SOL-USD,15m,69.05999755859375,69.31999969482422,69.02999877929688,69.25,7457024,7457024,yfinance,2026-07-10T06:58:01.269533+00:00
2026-06-24 04:45:00+00:00,SOL-USD,15m,69.2699966430664,69.5999984741211,69.2699966430664,69.5,2772736,2772736,yfinance,2026-07-10T06:58:01.269533+00:00
2026-06-24 05:00:00+00:00,SOL-USD,15m,69.48999786376953,69.73999786376953,69.41999816894531,69.62000274658203,0,0,yfinance,2026-07-10T06:58:01.269533+00:00
2026-06-24 05:15:00+00:00,SOL-USD,15m,69.62999725341797,69.91000366210938,69.62000274658203,69.9000015258789,2772224,2772224,yfinance,2026-07-10T06:58:01.269533+00:00
2026-06-24 05:30:00+00:00,SOL-USD,15m,69.87999725341797,70.12999725341797,69.81999969482422,69.94000244140625,2122496,2122496,yfinance,2026-07-10T06:58:01.269533+00:00
2026-06-24 05:45:00+00:00,SOL-USD,15m,69.94000244140625,69.98999786376953,69.79000091552734,69.8499984741211,0,0,yfinance,2026-07-10T06:58:01.269533+00:00
2026-06-24 06:00:00+00:00,SOL-USD,15m,69.83999633789062,69.9000015258789,69.66999816894531,69.8499984741211,0,0,yfinance,2026-07-10T06:58:01.269533+00:00
2026-06-24 06:15:00+00:00,SOL-USD,15m,69.81999969482422,69.94999694824219,69.75,69.81999969482422,0,0,yfinance,2026-07-10T06:58:01.269533+00:00
2026-06-24 06:30:00+00:00,SOL-USD,15m,69.83999633789062,69.91999816894531,69.68000030517578,69.68000030517578,0,0,yfinance,2026-07-10T06:58:01.269533+00:00
2026-06-24 06:45:00+00:00,SOL-USD,15m,69.66000366210938,69.75,69.61000061035156,69.6500015258789,0,0,yfinance,2026-07-10T06:58:01.269533+00:00
2026-06-24 07:00:00+00:00,SOL-USD,15m,69.6500015258789,69.69000244140625,69.44999694824219,69.58000183105469,0,0,yfinance,2026-07-10T06:58:01.269533+00:00
2026-06-24 07:15:00+00:00,SOL-USD,15m,69.5999984741211,69.61000061035156,69.44999694824219,69.45999908447266,0,0,yfinance,2026-07-10T06:58:01.269533+00:00
2026-06-24 07:30:00+00:00,SOL-USD,15m,69.45999908447266,69.56999969482422,69.33999633789062,69.44999694824219,0,0,yfinance,2026-07-10T06:58:01.269533+00:00
2026-06-24 07:45:00+00:00,SOL-USD,15m,69.43000030517578,69.45999908447266,69.18000030517578,69.29000091552734,2065152,2065152,yfinance,2026-07-10T06:58:01.269533+00:00
2026-06-24 08:00:00+00:00,SOL-USD,15m,69.27999877929688,69.38999938964844,69.16000366210938,69.2699966430664,0,0,yfinance,2026-07-10T06:58:01.269533+00:00
2026-06-24 08:15:00+00:00,SOL-USD,15m,69.27999877929688,69.33999633789062,69.16999816894531,69.33999633789062,0,0,yfinance,2026-07-10T06:58:01.269533+00:00
2026-06-24 08:30:00+00:00,SOL-USD,15m,69.33999633789062,69.54000091552734,69.31999969482422,69.41999816894531,0,0,yfinance,2026-07-10T06:58:01.269533+00:00
2026-06-24 08:45:00+00:00,SOL-USD,15m,69.37999725341797,69.4000015258789,69.27999877929688,69.37000274658203,0,0,yfinance,2026-07-10T06:58:01.269533+00:00
2026-06-24 09:00:00+00:00,SOL-USD,15m,69.38999938964844,69.44999694824219,69.20999908447266,69.30000305175781,12288,12288,yfinance,2026-07-10T06:58:01.269533+00:00
2026-06-24 09:15:00+00:00,SOL-USD,15m,69.33000183105469,69.41999816894531,69.2300033569336,69.2300033569336,3963008,3963008,yfinance,2026-07-10T06:58:01.269533+00:00
2026-06-24 09:30:00+00:00,SOL-USD,15m,69.23999786376953,69.2699966430664,69.13999938964844,69.19000244140625,3636352,3636352,yfinance,2026-07-10T06:58:01.269533+00:00
2026-06-24 09:45:00+00:00,SOL-USD,15m,69.1500015258789,69.2699966430664,69.11000061035156,69.22000122070312,0,0,yfinance,2026-07-10T06:58:01.269533+00:00
2026-06-24 10:00:00+00:00,SOL-USD,15m,69.22000122070312,69.23999786376953,69.04000091552734,69.16000366210938,43599616,43599616,yfinance,2026-07-10T06:58:01.269533+00:00
2026-06-24 10:15:00+00:00,SOL-USD,15m,69.13999938964844,69.1500015258789,68.87000274658203,69.0,55639424,55639424,yfinance,2026-07-10T06:58:01.269533+00:00
2026-06-24 10:30:00+00:00,SOL-USD,15m,69.05000305175781,69.16999816894531,68.9800033569336,69.12999725341797,502912,502912,yfinance,2026-07-10T06:58:01.269533+00:00
2026-06-24 10:45:00+00:00,SOL-USD,15m,69.11000061035156,69.12000274658203,68.88999938964844,68.9800033569336,0,0,yfinance,2026-07-10T06:58:01.269533+00:00
2026-06-24 11:00:00+00:00,SOL-USD,15m,68.95999908447266,69.05999755859375,68.76000213623047,68.79000091552734,5236864,5236864,yfinance,2026-07-10T06:58:01.269533+00:00
2026-06-24 11:15:00+00:00,SOL-USD,15m,68.80999755859375,68.87999725341797,68.69000244140625,68.79000091552734,1414528,1414528,yfinance,2026-07-10T06:58:01.269533+00:00
2026-06-24 11:30:00+00:00,SOL-USD,15m,68.81999969482422,69.45999908447266,68.80999755859375,69.45999908447266,3818880,3818880,yfinance,2026-07-10T06:58:01.269533+00:00
2026-06-24 11:45:00+00:00,SOL-USD,15m,69.44000244140625,70.2699966430664,69.4000015258789,69.7300033569336,26501888,26501888,yfinance,2026-07-10T06:58:01.269533+00:00
2026-06-24 12:00:00+00:00,SOL-USD,15m,69.7300033569336,69.80999755859375,69.58999633789062,69.75,7403264,7403264,yfinance,2026-07-10T06:58:01.269533+00:00
2026-06-24 12:15:00+00:00,SOL-USD,15m,69.79000091552734,69.81999969482422,69.55000305175781,69.66000366210938,5074304,5074304,yfinance,2026-07-10T06:58:01.269533+00:00
2026-06-24 12:30:00+00:00,SOL-USD,15m,69.68000030517578,69.72000122070312,69.52999877929688,69.66999816894531,1046272,1046272,yfinance,2026-07-10T06:58:01.269533+00:00
2026-06-24 12:45:00+00:00,SOL-USD,15m,69.66999816894531,69.68000030517578,69.33999633789062,69.36000061035156,0,0,yfinance,2026-07-10T06:58:01.269533+00:00
2026-06-24 13:00:00+00:00,SOL-USD,15m,69.36000061035156,69.4000015258789,68.54000091552734,68.66000366210938,2258048,2258048,yfinance,2026-07-10T06:58:01.269533+00:00
2026-06-24 13:15:00+00:00,SOL-USD,15m,68.69999694824219,68.91000366210938,68.27999877929688,68.88999938964844,31428352,31428352,yfinance,2026-07-10T06:58:01.269533+00:00
2026-06-24 13:30:00+00:00,SOL-USD,15m,68.69999694824219,69.37000274658203,68.55999755859375,68.68000030517578,29507968,29507968,yfinance,2026-07-10T06:58:01.269533+00:00
2026-06-24 13:45:00+00:00,SOL-USD,15m,68.66999816894531,69.20999908447266,68.58000183105469,68.77999877929688,38150528,38150528,yfinance,2026-07-10T06:58:01.269533+00:00
2026-06-24 14:00:00+00:00,SOL-USD,15m,68.73999786376953,69.06999969482422,68.5999984741211,68.91999816894531,18391936,18391936,yfinance,2026-07-10T06:58:01.269533+00:00
2026-06-24 14:15:00+00:00,SOL-USD,15m,68.87999725341797,69.0,68.5,68.94000244140625,23085312,23085312,yfinance,2026-07-10T06:58:01.269533+00:00
2026-06-24 14:30:00+00:00,SOL-USD,15m,68.94000244140625,69.2699966430664,68.68000030517578,69.0,15979648,15979648,yfinance,2026-07-10T06:58:01.269533+00:00
2026-06-24 14:45:00+00:00,SOL-USD,15m,68.95999908447266,69.06999969482422,68.6500015258789,68.76000213623047,6793728,6793728,yfinance,2026-07-10T06:58:01.269533+00:00
2026-06-24 15:00:00+00:00,SOL-USD,15m,68.72000122070312,68.7699966430664,68.18000030517578,68.27999877929688,3422464,3422464,yfinance,2026-07-10T06:58:01.269533+00:00
2026-06-24 15:15:00+00:00,SOL-USD,15m,68.2699966430664,68.58000183105469,68.22000122070312,68.3499984741211,7035520,7035520,yfinance,2026-07-10T06:58:01.269533+00:00
2026-06-24 15:30:00+00:00,SOL-USD,15m,68.33999633789062,68.33999633789062,67.61000061035156,67.66999816894531,15837696,15837696,yfinance,2026-07-10T06:58:01.269533+00:00
2026-06-24 15:45:00+00:00,SOL-USD,15m,67.61000061035156,67.61000061035156,67.16000366210938,67.23999786376953,42078208,42078208,yfinance,2026-07-10T06:58:01.269533+00:00
2026-06-24 16:00:00+00:00,SOL-USD,15m,67.20999908447266,67.62000274658203,67.19999694824219,67.58999633789062,20158464,20158464,yfinance,2026-07-10T06:58:01.269533+00:00
2026-06-24 16:15:00+00:00,SOL-USD,15m,67.58999633789062,67.91000366210938,67.2699966430664,67.70999908447266,76151296,76151296,yfinance,2026-07-10T06:58:01.269533+00:00
2026-06-24 16:30:00+00:00,SOL-USD,15m,67.7300033569336,67.79000091552734,67.2300033569336,67.27999877929688,43575552,43575552,yfinance,2026-07-10T06:58:01.269533+00:00
2026-06-24 16:45:00+00:00,SOL-USD,15m,67.23999786376953,67.23999786376953,66.20999908447266,66.45999908447266,117644544,117644544,yfinance,2026-07-10T06:58:01.269533+00:00
2026-06-24 17:00:00+00:00,SOL-USD,15m,66.47000122070312,66.83000183105469,66.12999725341797,66.29000091552734,96886784,96886784,yfinance,2026-07-10T06:58:01.269533+00:00
2026-06-24 17:15:00+00:00,SOL-USD,15m,66.30999755859375,66.33000183105469,65.12000274658203,65.54000091552734,65991680,65991680,yfinance,2026-07-10T06:58:01.269533+00:00
2026-06-24 17:30:00+00:00,SOL-USD,15m,65.4800033569336,65.62000274658203,65.13999938964844,65.20999908447266,64774400,64774400,yfinance,2026-07-10T06:58:01.269533+00:00
2026-06-24 17:45:00+00:00,SOL-USD,15m,65.20999908447266,65.2699966430664,64.62999725341797,64.87999725341797,74725632,74725632,yfinance,2026-07-10T06:58:01.269533+00:00
2026-06-24 18:00:00+00:00,SOL-USD,15m,64.87999725341797,65.38999938964844,64.73999786376953,65.38999938964844,73430272,73430272,yfinance,2026-07-10T06:58:01.269533+00:00
2026-06-24 18:15:00+00:00,SOL-USD,15m,65.41999816894531,66.4000015258789,65.41999816894531,66.08000183105469,57615872,57615872,yfinance,2026-07-10T06:58:01.269533+00:00
2026-06-24 18:30:00+00:00,SOL-USD,15m,66.11000061035156,66.19999694824219,65.83999633789062,65.95999908447266,34490368,34490368,yfinance,2026-07-10T06:58:01.269533+00:00
2026-06-24 18:45:00+00:00,SOL-USD,15m,65.91000366210938,66.06999969482422,65.69999694824219,65.94000244140625,20140800,20140800,yfinance,2026-07-10T06:58:01.269533+00:00
2026-06-24 19:00:00+00:00,SOL-USD,15m,65.9800033569336,66.2699966430664,65.54000091552734,65.66999816894531,56866560,56866560,yfinance,2026-07-10T06:58:01.269533+00:00
2026-06-24 19:15:00+00:00,SOL-USD,15m,65.66000366210938,65.87000274658203,65.47000122070312,65.80000305175781,22351360,22351360,yfinance,2026-07-10T06:58:01.269533+00:00
2026-06-24 19:30:00+00:00,SOL-USD,15m,65.77999877929688,65.93000030517578,65.66000366210938,65.72000122070312,13830912,13830912,yfinance,2026-07-10T06:58:01.269533+00:00
2026-06-24 19:45:00+00:00,SOL-USD,15m,65.80000305175781,66.1500015258789,65.62000274658203,66.04000091552734,26408960,26408960,yfinance,2026-07-10T06:58:01.269533+00:00
2026-06-24 20:00:00+00:00,SOL-USD,15m,66.02999877929688,67.30000305175781,65.88999938964844,67.16999816894531,90526720,90526720,yfinance,2026-07-10T06:58:01.269533+00:00
2026-06-24 20:15:00+00:00,SOL-USD,15m,67.1500015258789,67.54000091552734,67.04000091552734,67.4000015258789,38656768,38656768,yfinance,2026-07-10T06:58:01.269533+00:00
2026-06-24 20:30:00+00:00,SOL-USD,15m,67.38999938964844,67.54000091552734,67.20999908447266,67.47000122070312,45186560,45186560,yfinance,2026-07-10T06:58:01.269533+00:00
2026-06-24 20:45:00+00:00,SOL-USD,15m,67.43000030517578,67.9000015258789,67.41999816894531,67.55999755859375,39749376,39749376,yfinance,2026-07-10T06:58:01.269533+00:00
2026-06-24 21:00:00+00:00,SOL-USD,15m,67.5999984741211,67.62999725341797,67.16000366210938,67.19999694824219,27598080,27598080,yfinance,2026-07-10T06:58:01.269533+00:00
2026-06-24 21:15:00+00:00,SOL-USD,15m,67.19000244140625,67.47000122070312,67.12000274658203,67.44999694824219,29742080,29742080,yfinance,2026-07-10T06:58:01.269533+00:00
2026-06-24 21:30:00+00:00,SOL-USD,15m,67.45999908447266,67.81999969482422,67.33999633789062,67.73999786376953,11632640,11632640,yfinance,2026-07-10T06:58:01.269533+00:00
2026-06-24 21:45:00+00:00,SOL-USD,15m,67.7300033569336,68.01000213623047,67.68000030517578,68.01000213623047,12350464,12350464,yfinance,2026-07-10T06:58:01.269533+00:00
2026-06-24 22:00:00+00:00,SOL-USD,15m,67.97000122070312,68.37999725341797,67.93000030517578,67.97000122070312,25672960,25672960,yfinance,2026-07-10T06:58:01.269533+00:00
2026-06-24 22:15:00+00:00,SOL-USD,15m,67.94999694824219,67.97000122070312,67.72000122070312,67.76000213623047,713984,713984,yfinance,2026-07-10T06:58:01.269533+00:00
2026-06-24 22:30:00+00:00,SOL-USD,15m,67.7699966430664,67.88999938964844,67.6500015258789,67.81999969482422,4052992,4052992,yfinance,2026-07-10T06:58:01.269533+00:00
2026-06-24 22:45:00+00:00,SOL-USD,15m,67.80999755859375,67.83999633789062,67.5999984741211,67.7300033569336,2559744,2559744,yfinance,2026-07-10T06:58:01.269533+00:00
2026-06-24 23:00:00+00:00,SOL-USD,15m,67.72000122070312,67.81999969482422,67.6500015258789,67.7699966430664,0,0,yfinance,2026-07-10T06:58:01.269533+00:00
2026-06-24 23:15:00+00:00,SOL-USD,15m,67.79000091552734,68.08000183105469,67.75,67.88999938964844,5908224,5908224,yfinance,2026-07-10T06:58:01.269533+00:00
2026-06-24 23:30:00+00:00,SOL-USD,15m,67.87000274658203,68.01000213623047,67.81999969482422,67.94999694824219,3092224,3092224,yfinance,2026-07-10T06:58:01.269533+00:00
2026-06-24 23:45:00+00:00,SOL-USD,15m,67.94000244140625,68.05000305175781,67.76000213623047,67.9800033569336,3333376,3333376,yfinance,2026-07-10T06:58:01.269533+00:00
2026-06-25 00:00:00+00:00,SOL-USD,15m,68.0,68.19000244140625,67.91000366210938,68.08999633789062,657408,657408,yfinance,2026-07-10T06:58:01.269533+00:00
2026-06-25 00:15:00+00:00,SOL-USD,15m,68.08999633789062,68.08999633789062,67.80000305175781,67.83000183105469,0,0,yfinance,2026-07-10T06:58:01.269533+00:00
2026-06-25 00:30:00+00:00,SOL-USD,15m,67.83999633789062,67.87000274658203,67.66999816894531,67.68000030517578,604672,604672,yfinance,2026-07-10T06:58:01.269533+00:00
2026-06-25 00:45:00+00:00,SOL-USD,15m,67.70999908447266,67.80999755859375,67.5,67.5999984741211,1103616,1103616,yfinance,2026-07-10T06:58:01.269533+00:00
2026-06-25 01:00:00+00:00,SOL-USD,15m,67.58999633789062,67.69000244140625,67.37999725341797,67.41000366210938,957952,957952,yfinance,2026-07-10T06:58:01.269533+00:00
2026-06-25 01:15:00+00:00,SOL-USD,15m,67.41000366210938,67.63999938964844,67.27999877929688,67.52999877929688,5435904,5435904,yfinance,2026-07-10T06:58:01.269533+00:00
2026-06-25 01:30:00+00:00,SOL-USD,15m,67.51000213623047,67.68000030517578,67.5,67.6500015258789,276480,276480,yfinance,2026-07-10T06:58:01.269533+00:00
2026-06-25 01:45:00+00:00,SOL-USD,15m,67.6500015258789,67.88999938964844,67.63999938964844,67.7699966430664,491008,491008,yfinance,2026-07-10T06:58:01.269533+00:00
2026-06-25 02:00:00+00:00,SOL-USD,15m,67.77999877929688,67.83000183105469,67.55999755859375,67.58000183105469,0,0,yfinance,2026-07-10T06:58:01.269533+00:00
2026-06-25 02:15:00+00:00,SOL-USD,15m,67.55999755859375,67.79000091552734,67.51000213623047,67.77999877929688,0,0,yfinance,2026-07-10T06:58:01.269533+00:00
2026-06-25 02:30:00+00:00,SOL-USD,15m,67.7699966430664,67.80000305175781,67.54000091552734,67.55999755859375,1245184,1245184,yfinance,2026-07-10T06:58:01.269533+00:00
2026-06-25 02:45:00+00:00,SOL-USD,15m,67.55999755859375,67.66000366210938,67.51000213623047,67.62999725341797,273920,273920,yfinance,2026-07-10T06:58:01.269533+00:00
2026-06-25 03:00:00+00:00,SOL-USD,15m,67.6500015258789,67.75,67.4800033569336,67.51000213623047,0,0,yfinance,2026-07-10T06:58:01.269533+00:00
2026-06-25 03:15:00+00:00,SOL-USD,15m,67.51000213623047,67.58999633789062,67.38999938964844,67.55000305175781,235776,235776,yfinance,2026-07-10T06:58:01.269533+00:00
2026-06-25 03:30:00+00:00,SOL-USD,15m,67.54000091552734,67.6500015258789,67.4000015258789,67.4000015258789,244480,244480,yfinance,2026-07-10T06:58:01.269533+00:00
2026-06-25 03:45:00+00:00,SOL-USD,15m,67.43000030517578,67.62000274658203,67.4000015258789,67.56999969482422,5875200,5875200,yfinance,2026-07-10T06:58:01.269533+00:00
2026-06-25 04:00:00+00:00,SOL-USD,15m,67.5999984741211,67.62000274658203,67.4800033569336,67.5,2793728,2793728,yfinance,2026-07-10T06:58:01.269533+00:00
2026-06-25 04:15:00+00:00,SOL-USD,15m,67.5,67.58999633789062,67.44999694824219,67.5199966430664,135936,135936,yfinance,2026-07-10T06:58:01.269533+00:00
2026-06-25 04:30:00+00:00,SOL-USD,15m,67.52999877929688,67.70999908447266,67.37999725341797,67.70999908447266,1108992,1108992,yfinance,2026-07-10T06:58:01.269533+00:00
2026-06-25 04:45:00+00:00,SOL-USD,15m,67.72000122070312,68.41000366210938,67.70999908447266,68.3499984741211,18912000,18912000,yfinance,2026-07-10T06:58:01.269533+00:00
2026-06-25 05:00:00+00:00,SOL-USD,15m,68.33999633789062,69.0,68.26000213623047,68.91999816894531,56523776,56523776,yfinance,2026-07-10T06:58:01.269533+00:00
2026-06-25 05:15:00+00:00,SOL-USD,15m,68.88999938964844,69.13999938964844,68.7300033569336,68.94999694824219,33813760,33813760,yfinance,2026-07-10T06:58:01.269533+00:00
2026-06-25 05:30:00+00:00,SOL-USD,15m,68.94999694824219,69.19000244140625,68.87000274658203,68.87000274658203,14816256,14816256,yfinance,2026-07-10T06:58:01.269533+00:00
2026-06-25 05:45:00+00:00,SOL-USD,15m,68.83000183105469,69.05000305175781,68.83000183105469,68.91000366210938,10017280,10017280,yfinance,2026-07-10T06:58:01.269533+00:00
2026-06-25 06:00:00+00:00,SOL-USD,15m,68.93000030517578,69.16999816894531,68.91000366210938,69.06999969482422,19722496,19722496,yfinance,2026-07-10T06:58:01.269533+00:00
2026-06-25 06:15:00+00:00,SOL-USD,15m,69.08000183105469,69.5199966430664,69.08000183105469,69.13999938964844,30325760,30325760,yfinance,2026-07-10T06:58:01.269533+00:00
2026-06-25 06:30:00+00:00,SOL-USD,15m,69.12999725341797,69.3499984741211,69.12999725341797,69.30999755859375,9581824,9581824,yfinance,2026-07-10T06:58:01.269533+00:00
2026-06-25 06:45:00+00:00,SOL-USD,15m,69.30000305175781,69.48999786376953,69.27999877929688,69.37000274658203,5762560,5762560,yfinance,2026-07-10T06:58:01.269533+00:00
2026-06-25 07:00:00+00:00,SOL-USD,15m,69.38999938964844,69.45999908447266,69.12999725341797,69.2300033569336,8920064,8920064,yfinance,2026-07-10T06:58:01.269533+00:00
2026-06-25 07:15:00+00:00,SOL-USD,15m,69.22000122070312,69.41999816894531,69.19999694824219,69.25,8647168,8647168,yfinance,2026-07-10T06:58:01.269533+00:00
2026-06-25 07:30:00+00:00,SOL-USD,15m,69.25,69.41000366210938,69.2300033569336,69.36000061035156,1987840,1987840,yfinance,2026-07-10T06:58:01.269533+00:00
2026-06-25 07:45:00+00:00,SOL-USD,15m,69.33999633789062,69.38999938964844,69.16000366210938,69.33000183105469,5131264,5131264,yfinance,2026-07-10T06:58:01.269533+00:00
2026-06-25 08:00:00+00:00,SOL-USD,15m,69.33999633789062,69.33999633789062,69.13999938964844,69.13999938964844,2804480,2804480,yfinance,2026-07-10T06:58:01.269533+00:00
2026-06-25 08:15:00+00:00,SOL-USD,15m,69.12000274658203,69.16999816894531,68.93000030517578,69.02999877929688,3338240,3338240,yfinance,2026-07-10T06:58:01.269533+00:00
2026-06-25 08:30:00+00:00,SOL-USD,15m,69.01000213623047,69.12000274658203,68.91000366210938,69.12000274658203,2493184,2493184,yfinance,2026-07-10T06:58:01.269533+00:00
2026-06-25 08:45:00+00:00,SOL-USD,15m,69.0999984741211,69.12999725341797,68.9000015258789,68.93000030517578,6533376,6533376,yfinance,2026-07-10T06:58:01.269533+00:00
2026-06-25 09:00:00+00:00,SOL-USD,15m,68.95999908447266,69.08999633789062,68.93000030517578,69.04000091552734,0,0,yfinance,2026-07-10T06:58:01.269533+00:00
2026-06-25 09:15:00+00:00,SOL-USD,15m,69.02999877929688,69.08000183105469,68.75,68.86000061035156,0,0,yfinance,2026-07-10T06:58:01.269533+00:00
2026-06-25 09:30:00+00:00,SOL-USD,15m,68.86000061035156,68.94999694824219,68.75,68.83999633789062,275712,275712,yfinance,2026-07-10T06:58:01.269533+00:00
2026-06-25 09:45:00+00:00,SOL-USD,15m,68.8499984741211,68.9000015258789,68.69999694824219,68.72000122070312,0,0,yfinance,2026-07-10T06:58:01.269533+00:00
2026-06-25 10:00:00+00:00,SOL-USD,15m,68.72000122070312,68.7699966430664,68.6500015258789,68.7300033569336,0,0,yfinance,2026-07-10T06:58:01.269533+00:00
2026-06-25 10:15:00+00:00,SOL-USD,15m,68.72000122070312,68.7699966430664,68.43000030517578,68.45999908447266,0,0,yfinance,2026-07-10T06:58:01.269533+00:00
2026-06-25 10:30:00+00:00,SOL-USD,15m,68.45999908447266,68.5,68.19999694824219,68.19999694824219,8570880,8570880,yfinance,2026-07-10T06:58:01.269533+00:00
2026-06-25 10:45:00+00:00,SOL-USD,15m,68.22000122070312,68.30000305175781,68.05999755859375,68.20999908447266,19441408,19441408,yfinance,2026-07-10T06:58:01.269533+00:00
2026-06-25 11:00:00+00:00,SOL-USD,15m,68.20999908447266,68.29000091552734,67.91999816894531,68.2699966430664,974592,974592,yfinance,2026-07-10T06:58:01.269533+00:00
2026-06-25 11:15:00+00:00,SOL-USD,15m,68.26000213623047,68.33000183105469,68.0,68.01000213623047,17124608,17124608,yfinance,2026-07-10T06:58:01.269533+00:00
2026-06-25 11:30:00+00:00,SOL-USD,15m,68.02999877929688,68.22000122070312,68.0199966430664,68.0999984741211,3601664,3601664,yfinance,2026-07-10T06:58:01.269533+00:00
2026-06-25 11:45:00+00:00,SOL-USD,15m,68.0999984741211,68.11000061035156,67.91000366210938,68.08000183105469,376320,376320,yfinance,2026-07-10T06:58:01.269533+00:00
2026-06-25 12:00:00+00:00,SOL-USD,15m,68.08000183105469,68.1500015258789,67.9800033569336,68.02999877929688,0,0,yfinance,2026-07-10T06:58:01.269533+00:00
2026-06-25 12:15:00+00:00,SOL-USD,15m,68.0199966430664,68.05000305175781,67.70999908447266,67.76000213623047,6560256,6560256,yfinance,2026-07-10T06:58:01.269533+00:00
2026-06-25 12:30:00+00:00,SOL-USD,15m,67.7699966430664,68.68000030517578,67.7699966430664,68.27999877929688,69765376,69765376,yfinance,2026-07-10T06:58:01.269533+00:00
2026-06-25 12:45:00+00:00,SOL-USD,15m,68.26000213623047,68.4000015258789,68.08999633789062,68.18000030517578,11758080,11758080,yfinance,2026-07-10T06:58:01.269533+00:00
2026-06-25 13:00:00+00:00,SOL-USD,15m,68.37000274658203,68.37000274658203,68.0,68.26000213623047,3194368,3194368,yfinance,2026-07-10T06:58:01.269533+00:00
2026-06-25 13:15:00+00:00,SOL-USD,15m,68.25,68.30999755859375,68.05000305175781,68.11000061035156,0,0,yfinance,2026-07-10T06:58:01.269533+00:00
2026-06-25 13:30:00+00:00,SOL-USD,15m,68.1500015258789,68.26000213623047,66.4000015258789,66.4000015258789,9360640,9360640,yfinance,2026-07-10T06:58:01.269533+00:00
2026-06-25 13:45:00+00:00,SOL-USD,15m,66.5,66.58000183105469,63.939998626708984,63.939998626708984,116656640,116656640,yfinance,2026-07-10T06:58:01.269533+00:00
2026-06-25 14:00:00+00:00,SOL-USD,15m,64.16999816894531,66.23999786376953,64.16999816894531,65.76000213623047,198899712,198899712,yfinance,2026-07-10T06:58:01.269533+00:00
2026-06-25 14:15:00+00:00,SOL-USD,15m,65.83000183105469,66.12000274658203,65.19000244140625,65.6500015258789,70605312,70605312,yfinance,2026-07-10T06:58:01.269533+00:00
2026-06-25 14:30:00+00:00,SOL-USD,15m,65.72000122070312,67.0,65.45999908447266,66.0,97808896,97808896,yfinance,2026-07-10T06:58:01.269533+00:00
2026-06-25 14:45:00+00:00,SOL-USD,15m,66.02999877929688,66.62999725341797,65.86000061035156,66.25,32443648,32443648,yfinance,2026-07-10T06:58:01.269533+00:00
2026-06-25 15:00:00+00:00,SOL-USD,15m,66.26000213623047,66.26000213623047,65.62000274658203,65.66000366210938,37346304,37346304,yfinance,2026-07-10T06:58:01.269533+00:00
2026-06-25 15:15:00+00:00,SOL-USD,15m,65.58000183105469,65.94000244140625,65.1500015258789,65.76000213623047,48818944,48818944,yfinance,2026-07-10T06:58:01.269533+00:00
2026-06-25 15:30:00+00:00,SOL-USD,15m,65.79000091552734,66.0999984741211,65.55999755859375,65.69000244140625,15864064,15864064,yfinance,2026-07-10T06:58:01.269533+00:00
2026-06-25 15:45:00+00:00,SOL-USD,15m,65.69999694824219,66.26000213623047,65.6500015258789,66.22000122070312,0,0,yfinance,2026-07-10T06:58:01.269533+00:00
2026-06-25 16:00:00+00:00,SOL-USD,15m,66.25,66.91999816894531,66.18000030517578,66.55999755859375,11835648,11835648,yfinance,2026-07-10T06:58:01.269533+00:00
2026-06-25 16:15:00+00:00,SOL-USD,15m,66.55999755859375,66.63999938964844,66.43000030517578,66.61000061035156,0,0,yfinance,2026-07-10T06:58:01.269533+00:00
2026-06-25 16:30:00+00:00,SOL-USD,15m,66.52999877929688,66.52999877929688,65.9000015258789,65.93000030517578,0,0,yfinance,2026-07-10T06:58:01.269533+00:00
2026-06-25 16:45:00+00:00,SOL-USD,15m,65.86000061035156,65.9000015258789,65.55999755859375,65.88999938964844,0,0,yfinance,2026-07-10T06:58:01.269533+00:00
2026-06-25 17:00:00+00:00,SOL-USD,15m,65.91000366210938,66.4000015258789,65.7300033569336,66.33999633789062,0,0,yfinance,2026-07-10T06:58:01.269533+00:00
2026-06-25 17:15:00+00:00,SOL-USD,15m,66.38999938964844,67.25,66.37999725341797,67.20999908447266,1562624,1562624,yfinance,2026-07-10T06:58:01.269533+00:00
2026-06-25 17:30:00+00:00,SOL-USD,15m,67.25,67.25,66.81999969482422,66.81999969482422,0,0,yfinance,2026-07-10T06:58:01.269533+00:00
2026-06-25 17:45:00+00:00,SOL-USD,15m,66.7699966430664,67.0199966430664,66.61000061035156,67.01000213623047,0,0,yfinance,2026-07-10T06:58:01.269533+00:00
2026-06-25 18:00:00+00:00,SOL-USD,15m,66.98999786376953,67.04000091552734,65.97000122070312,65.97000122070312,0,0,yfinance,2026-07-10T06:58:01.269533+00:00
2026-06-25 18:15:00+00:00,SOL-USD,15m,66.0,66.55000305175781,65.94000244140625,66.45999908447266,1586176,1586176,yfinance,2026-07-10T06:58:01.269533+00:00
2026-06-25 18:30:00+00:00,SOL-USD,15m,66.43000030517578,66.43000030517578,65.87999725341797,66.01000213623047,0,0,yfinance,2026-07-10T06:58:01.269533+00:00
2026-06-25 18:45:00+00:00,SOL-USD,15m,65.98999786376953,66.19999694824219,65.81999969482422,66.08000183105469,2607104,2607104,yfinance,2026-07-10T06:58:01.269533+00:00
2026-06-25 19:00:00+00:00,SOL-USD,15m,66.08999633789062,66.0999984741211,65.66000366210938,65.73999786376953,0,0,yfinance,2026-07-10T06:58:01.269533+00:00
2026-06-25 19:15:00+00:00,SOL-USD,15m,65.7300033569336,65.9000015258789,65.58999633789062,65.88999938964844,4415232,4415232,yfinance,2026-07-10T06:58:01.269533+00:00
2026-06-25 19:30:00+00:00,SOL-USD,15m,65.88999938964844,66.11000061035156,65.88999938964844,65.98999786376953,3252992,3252992,yfinance,2026-07-10T06:58:01.269533+00:00
2026-06-25 19:45:00+00:00,SOL-USD,15m,65.9800033569336,66.11000061035156,65.77999877929688,66.11000061035156,0,0,yfinance,2026-07-10T06:58:01.269533+00:00
2026-06-25 20:00:00+00:00,SOL-USD,15m,66.12000274658203,66.54000091552734,66.0999984741211,66.36000061035156,0,0,yfinance,2026-07-10T06:58:01.269533+00:00
2026-06-25 20:15:00+00:00,SOL-USD,15m,66.37999725341797,66.69999694824219,66.37000274658203,66.61000061035156,0,0,yfinance,2026-07-10T06:58:01.269533+00:00
2026-06-25 20:30:00+00:00,SOL-USD,15m,66.62000274658203,66.63999938964844,66.2300033569336,66.3499984741211,0,0,yfinance,2026-07-10T06:58:01.269533+00:00
2026-06-25 20:45:00+00:00,SOL-USD,15m,66.3499984741211,66.3499984741211,65.98999786376953,66.16999816894531,0,0,yfinance,2026-07-10T06:58:01.269533+00:00
2026-06-25 21:00:00+00:00,SOL-USD,15m,66.16999816894531,66.41000366210938,66.16999816894531,66.4000015258789,0,0,yfinance,2026-07-10T06:58:01.269533+00:00
2026-06-25 21:15:00+00:00,SOL-USD,15m,66.37000274658203,66.73999786376953,66.27999877929688,66.7300033569336,0,0,yfinance,2026-07-10T06:58:01.269533+00:00
2026-06-25 21:30:00+00:00,SOL-USD,15m,66.69999694824219,67.08999633789062,66.63999938964844,66.83999633789062,13842944,13842944,yfinance,2026-07-10T06:58:01.269533+00:00
2026-06-25 21:45:00+00:00,SOL-USD,15m,66.8499984741211,67.19999694824219,66.81999969482422,67.19999694824219,27392,27392,yfinance,2026-07-10T06:58:01.269533+00:00
2026-06-25 22:00:00+00:00,SOL-USD,15m,67.16000366210938,67.2300033569336,66.86000061035156,66.88999938964844,0,0,yfinance,2026-07-10T06:58:01.269533+00:00
2026-06-25 22:15:00+00:00,SOL-USD,15m,66.86000061035156,67.05999755859375,66.86000061035156,66.97000122070312,2992896,2992896,yfinance,2026-07-10T06:58:01.269533+00:00
2026-06-25 22:30:00+00:00,SOL-USD,15m,66.95999908447266,67.16999816894531,66.95999908447266,67.08999633789062,2042112,2042112,yfinance,2026-07-10T06:58:01.269533+00:00
2026-06-25 22:45:00+00:00,SOL-USD,15m,67.0999984741211,67.19000244140625,66.9800033569336,67.05000305175781,2155264,2155264,yfinance,2026-07-10T06:58:01.269533+00:00
2026-06-25 23:00:00+00:00,SOL-USD,15m,67.05999755859375,67.16999816894531,66.91000366210938,67.08999633789062,455680,455680,yfinance,2026-07-10T06:58:01.269533+00:00
2026-06-25 23:15:00+00:00,SOL-USD,15m,67.0999984741211,68.3499984741211,67.08000183105469,68.23999786376953,21760256,21760256,yfinance,2026-07-10T06:58:01.269533+00:00
2026-06-25 23:30:00+00:00,SOL-USD,15m,68.19999694824219,68.69000244140625,67.69999694824219,67.86000061035156,77660928,77660928,yfinance,2026-07-10T06:58:01.269533+00:00
2026-06-25 23:45:00+00:00,SOL-USD,15m,67.83000183105469,67.83000183105469,67.47000122070312,67.58999633789062,15067136,15067136,yfinance,2026-07-10T06:58:01.269533+00:00
2026-06-26 00:00:00+00:00,SOL-USD,15m,67.62999725341797,67.79000091552734,67.54000091552734,67.7699966430664,12659712,12659712,yfinance,2026-07-10T06:58:01.269533+00:00
2026-06-26 00:15:00+00:00,SOL-USD,15m,67.7699966430664,68.0,67.62000274658203,67.83000183105469,13844736,13844736,yfinance,2026-07-10T06:58:01.269533+00:00
2026-06-26 00:30:00+00:00,SOL-USD,15m,67.81999969482422,67.9800033569336,67.66000366210938,67.83999633789062,2068992,2068992,yfinance,2026-07-10T06:58:01.269533+00:00
2026-06-26 00:45:00+00:00,SOL-USD,15m,67.8499984741211,67.87000274658203,67.55000305175781,67.63999938964844,2646016,2646016,yfinance,2026-07-10T06:58:01.269533+00:00
2026-06-26 01:00:00+00:00,SOL-USD,15m,67.6500015258789,67.80000305175781,67.36000061035156,67.5,2573312,2573312,yfinance,2026-07-10T06:58:01.269533+00:00
2026-06-26 01:15:00+00:00,SOL-USD,15m,67.5,67.69999694824219,67.11000061035156,67.11000061035156,4528640,4528640,yfinance,2026-07-10T06:58:01.269533+00:00
2026-06-26 01:30:00+00:00,SOL-USD,15m,67.13999938964844,67.29000091552734,67.04000091552734,67.25,14444800,14444800,yfinance,2026-07-10T06:58:01.269533+00:00
2026-06-26 01:45:00+00:00,SOL-USD,15m,67.2300033569336,67.37000274658203,67.0999984741211,67.20999908447266,7496448,7496448,yfinance,2026-07-10T06:58:01.269533+00:00
2026-06-26 02:00:00+00:00,SOL-USD,15m,67.25,67.26000213623047,65.95999908447266,66.05000305175781,3175168,3175168,yfinance,2026-07-10T06:58:01.269533+00:00
2026-06-26 02:15:00+00:00,SOL-USD,15m,66.16999816894531,66.5999984741211,65.83999633789062,66.55999755859375,58501120,58501120,yfinance,2026-07-10T06:58:01.269533+00:00
2026-06-26 02:30:00+00:00,SOL-USD,15m,66.55000305175781,66.70999908447266,66.26000213623047,66.51000213623047,46004480,46004480,yfinance,2026-07-10T06:58:01.269533+00:00
2026-06-26 02:45:00+00:00,SOL-USD,15m,66.5199966430664,66.5199966430664,65.94999694824219,66.11000061035156,15383040,15383040,yfinance,2026-07-10T06:58:01.269533+00:00
2026-06-26 03:00:00+00:00,SOL-USD,15m,66.12000274658203,67.0,65.87000274658203,66.87000274658203,55381504,55381504,yfinance,2026-07-10T06:58:01.269533+00:00
2026-06-26 03:15:00+00:00,SOL-USD,15m,66.86000061035156,66.94000244140625,66.43000030517578,66.73999786376953,34212352,34212352,yfinance,2026-07-10T06:58:01.269533+00:00
2026-06-26 03:30:00+00:00,SOL-USD,15m,66.69000244140625,67.47000122070312,66.52999877929688,67.47000122070312,48225536,48225536,yfinance,2026-07-10T06:58:01.269533+00:00
2026-06-26 03:45:00+00:00,SOL-USD,15m,67.43000030517578,68.4000015258789,67.41999816894531,68.0999984741211,69513472,69513472,yfinance,2026-07-10T06:58:01.269533+00:00
2026-06-26 04:00:00+00:00,SOL-USD,15m,68.12000274658203,68.16000366210938,67.87999725341797,67.9000015258789,50658048,50658048,yfinance,2026-07-10T06:58:01.269533+00:00
2026-06-26 04:15:00+00:00,SOL-USD,15m,67.88999938964844,68.25,67.87999725341797,68.01000213623047,12761856,12761856,yfinance,2026-07-10T06:58:01.269533+00:00
2026-06-26 04:30:00+00:00,SOL-USD,15m,67.98999786376953,68.05999755859375,67.88999938964844,68.05000305175781,13890304,13890304,yfinance,2026-07-10T06:58:01.269533+00:00
2026-06-26 04:45:00+00:00,SOL-USD,15m,68.05000305175781,68.05999755859375,67.87000274658203,67.95999908447266,5117952,5117952,yfinance,2026-07-10T06:58:01.269533+00:00
2026-06-26 05:00:00+00:00,SOL-USD,15m,67.98999786376953,68.11000061035156,67.87999725341797,68.0999984741211,0,0,yfinance,2026-07-10T06:58:01.269533+00:00
2026-06-26 05:15:00+00:00,SOL-USD,15m,68.12000274658203,68.27999877929688,67.91999816894531,68.19999694824219,0,0,yfinance,2026-07-10T06:58:01.269533+00:00
2026-06-26 05:30:00+00:00,SOL-USD,15m,68.19000244140625,68.3499984741211,68.1500015258789,68.16000366210938,812288,812288,yfinance,2026-07-10T06:58:01.269533+00:00
2026-06-26 05:45:00+00:00,SOL-USD,15m,68.19000244140625,68.33000183105469,68.01000213623047,68.2699966430664,2266880,2266880,yfinance,2026-07-10T06:58:01.269533+00:00
2026-06-26 06:00:00+00:00,SOL-USD,15m,68.19999694824219,68.22000122070312,67.91000366210938,68.01000213623047,1726208,1726208,yfinance,2026-07-10T06:58:01.269533+00:00
2026-06-26 06:15:00+00:00,SOL-USD,15m,68.0,69.2699966430664,68.0,69.08999633789062,69624064,69624064,yfinance,2026-07-10T06:58:01.269533+00:00
2026-06-26 06:30:00+00:00,SOL-USD,15m,69.08999633789062,69.66999816894531,68.93000030517578,69.6500015258789,48484864,48484864,yfinance,2026-07-10T06:58:01.269533+00:00
2026-06-26 06:45:00+00:00,SOL-USD,15m,69.66000366210938,69.88999938964844,69.41000366210938,69.88999938964844,61554688,61554688,yfinance,2026-07-10T06:58:01.269533+00:00
2026-06-26 07:00:00+00:00,SOL-USD,15m,69.9000015258789,70.68000030517578,69.83000183105469,70.55999755859375,109026048,109026048,yfinance,2026-07-10T06:58:01.269533+00:00
2026-06-26 07:15:00+00:00,SOL-USD,15m,70.4800033569336,70.63999938964844,70.23999786376953,70.41000366210938,51995904,51995904,yfinance,2026-07-10T06:58:01.269533+00:00
2026-06-26 07:30:00+00:00,SOL-USD,15m,70.38999938964844,70.86000061035156,70.36000061035156,70.54000091552734,39876352,39876352,yfinance,2026-07-10T06:58:01.269533+00:00
2026-06-26 07:45:00+00:00,SOL-USD,15m,70.52999877929688,70.72000122070312,70.4800033569336,70.69000244140625,26239488,26239488,yfinance,2026-07-10T06:58:01.269533+00:00
2026-06-26 08:00:00+00:00,SOL-USD,15m,70.66999816894531,70.7699966430664,69.87000274658203,69.88999938964844,30007552,30007552,yfinance,2026-07-10T06:58:01.269533+00:00
2026-06-26 08:15:00+00:00,SOL-USD,15m,69.94999694824219,70.05000305175781,69.73999786376953,69.80000305175781,45171968,45171968,yfinance,2026-07-10T06:58:01.269533+00:00
2026-06-26 08:30:00+00:00,SOL-USD,15m,69.80000305175781,69.87000274658203,69.62999725341797,69.7699966430664,13411328,13411328,yfinance,2026-07-10T06:58:01.269533+00:00
2026-06-26 08:45:00+00:00,SOL-USD,15m,69.77999877929688,69.95999908447266,69.62000274658203,69.83000183105469,12259840,12259840,yfinance,2026-07-10T06:58:01.269533+00:00
2026-06-26 09:00:00+00:00,SOL-USD,15m,69.83000183105469,69.83000183105469,69.44999694824219,69.69000244140625,27990016,27990016,yfinance,2026-07-10T06:58:01.269533+00:00
2026-06-26 09:15:00+00:00,SOL-USD,15m,69.69000244140625,69.79000091552734,69.5999984741211,69.70999908447266,21552640,21552640,yfinance,2026-07-10T06:58:01.269533+00:00
2026-06-26 09:30:00+00:00,SOL-USD,15m,69.69000244140625,69.77999877929688,69.45999908447266,69.47000122070312,17725440,17725440,yfinance,2026-07-10T06:58:01.269533+00:00
2026-06-26 09:45:00+00:00,SOL-USD,15m,69.4800033569336,69.54000091552734,68.72000122070312,68.88999938964844,22059008,22059008,yfinance,2026-07-10T06:58:01.269533+00:00
2026-06-26 10:00:00+00:00,SOL-USD,15m,68.88999938964844,69.0999984741211,68.80999755859375,68.97000122070312,22051328,22051328,yfinance,2026-07-10T06:58:01.269533+00:00
2026-06-26 10:15:00+00:00,SOL-USD,15m,68.9800033569336,69.12999725341797,68.91000366210938,69.05999755859375,3488768,3488768,yfinance,2026-07-10T06:58:01.269533+00:00
2026-06-26 10:30:00+00:00,SOL-USD,15m,69.05999755859375,69.13999938964844,68.58999633789062,68.86000061035156,967168,967168,yfinance,2026-07-10T06:58:01.269533+00:00
2026-06-26 10:45:00+00:00,SOL-USD,15m,68.83000183105469,68.91999816894531,68.54000091552734,68.66999816894531,0,0,yfinance,2026-07-10T06:58:01.269533+00:00
2026-06-26 11:00:00+00:00,SOL-USD,15m,68.69000244140625,68.95999908447266,68.58999633789062,68.68000030517578,0,0,yfinance,2026-07-10T06:58:01.269533+00:00
2026-06-26 11:15:00+00:00,SOL-USD,15m,68.66000366210938,68.66999816894531,68.44000244140625,68.48999786376953,0,0,yfinance,2026-07-10T06:58:01.269533+00:00
2026-06-26 11:30:00+00:00,SOL-USD,15m,68.4800033569336,68.66000366210938,68.47000122070312,68.54000091552734,2240000,2240000,yfinance,2026-07-10T06:58:01.269533+00:00
2026-06-26 11:45:00+00:00,SOL-USD,15m,68.48999786376953,68.55999755859375,68.30000305175781,68.5,998912,998912,yfinance,2026-07-10T06:58:01.269533+00:00
2026-06-26 12:00:00+00:00,SOL-USD,15m,68.51000213623047,68.83000183105469,68.5,68.76000213623047,5755392,5755392,yfinance,2026-07-10T06:58:01.269533+00:00
2026-06-26 12:15:00+00:00,SOL-USD,15m,68.7699966430664,69.16000366210938,68.70999908447266,69.16000366210938,13738496,13738496,yfinance,2026-07-10T06:58:01.269533+00:00
2026-06-26 12:30:00+00:00,SOL-USD,15m,69.1500015258789,69.62000274658203,68.30999755859375,68.48999786376953,0,0,yfinance,2026-07-10T06:58:01.269533+00:00
2026-06-26 12:45:00+00:00,SOL-USD,15m,68.43000030517578,69.08000183105469,68.41000366210938,68.75,20623872,20623872,yfinance,2026-07-10T06:58:01.269533+00:00
2026-06-26 13:00:00+00:00,SOL-USD,15m,68.80000305175781,69.12999725341797,68.55999755859375,68.83999633789062,5235200,5235200,yfinance,2026-07-10T06:58:01.269533+00:00
2026-06-26 13:15:00+00:00,SOL-USD,15m,68.83000183105469,68.91999816894531,68.20999908447266,68.66999816894531,27068416,27068416,yfinance,2026-07-10T06:58:01.269533+00:00
2026-06-26 13:30:00+00:00,SOL-USD,15m,68.58999633789062,69.56999969482422,68.58000183105469,69.55000305175781,8141312,8141312,yfinance,2026-07-10T06:58:01.269533+00:00
2026-06-26 13:45:00+00:00,SOL-USD,15m,69.5199966430664,70.83000183105469,69.33999633789062,70.58999633789062,0,0,yfinance,2026-07-10T06:58:01.269533+00:00
2026-06-26 14:00:00+00:00,SOL-USD,15m,70.56999969482422,71.1500015258789,70.1500015258789,70.91999816894531,0,0,yfinance,2026-07-10T06:58:01.269533+00:00
2026-06-26 14:15:00+00:00,SOL-USD,15m,70.94999694824219,71.8499984741211,70.77999877929688,71.5999984741211,11709696,11709696,yfinance,2026-07-10T06:58:01.269533+00:00
2026-06-26 14:30:00+00:00,SOL-USD,15m,71.52999877929688,71.7300033569336,70.5999984741211,70.62000274658203,14710016,14710016,yfinance,2026-07-10T06:58:01.269533+00:00
2026-06-26 14:45:00+00:00,SOL-USD,15m,70.5999984741211,71.05000305175781,70.27999877929688,70.33999633789062,13240832,13240832,yfinance,2026-07-10T06:58:01.269533+00:00
2026-06-26 15:00:00+00:00,SOL-USD,15m,70.37000274658203,71.16999816894531,70.22000122070312,70.7300033569336,15121408,15121408,yfinance,2026-07-10T06:58:01.269533+00:00
2026-06-26 15:15:00+00:00,SOL-USD,15m,70.70999908447266,71.77999877929688,70.66000366210938,71.3499984741211,1106688,1106688,yfinance,2026-07-10T06:58:01.269533+00:00
2026-06-26 15:30:00+00:00,SOL-USD,15m,71.3499984741211,72.12000274658203,71.33999633789062,72.04000091552734,31144192,31144192,yfinance,2026-07-10T06:58:01.269533+00:00
2026-06-26 15:45:00+00:00,SOL-USD,15m,72.02999877929688,72.05000305175781,71.45999908447266,71.97000122070312,49517056,49517056,yfinance,2026-07-10T06:58:01.269533+00:00
2026-06-26 16:00:00+00:00,SOL-USD,15m,72.0,73.30999755859375,72.0,72.33999633789062,79174400,79174400,yfinance,2026-07-10T06:58:01.269533+00:00
2026-06-26 16:15:00+00:00,SOL-USD,15m,72.36000061035156,72.58999633789062,71.94999694824219,72.12999725341797,18296320,18296320,yfinance,2026-07-10T06:58:01.269533+00:00
2026-06-26 16:30:00+00:00,SOL-USD,15m,72.23999786376953,73.0999984741211,72.23999786376953,72.5,47859200,47859200,yfinance,2026-07-10T06:58:01.269533+00:00
2026-06-26 16:45:00+00:00,SOL-USD,15m,72.48999786376953,72.7300033569336,72.31999969482422,72.37999725341797,8420352,8420352,yfinance,2026-07-10T06:58:01.269533+00:00
2026-06-26 17:00:00+00:00,SOL-USD,15m,72.31999969482422,72.77999877929688,72.29000091552734,72.63999938964844,19521024,19521024,yfinance,2026-07-10T06:58:01.269533+00:00
2026-06-26 17:15:00+00:00,SOL-USD,15m,72.66000366210938,72.66000366210938,72.08000183105469,72.5199966430664,5067776,5067776,yfinance,2026-07-10T06:58:01.269533+00:00
2026-06-26 17:30:00+00:00,SOL-USD,15m,72.51000213623047,72.69999694824219,72.13999938964844,72.54000091552734,0,0,yfinance,2026-07-10T06:58:01.269533+00:00
2026-06-26 17:45:00+00:00,SOL-USD,15m,72.52999877929688,72.70999908447266,72.41000366210938,72.47000122070312,0,0,yfinance,2026-07-10T06:58:01.269533+00:00
2026-06-26 18:00:00+00:00,SOL-USD,15m,72.47000122070312,72.9800033569336,72.47000122070312,72.83999633789062,0,0,yfinance,2026-07-10T06:58:01.269533+00:00
2026-06-26 18:15:00+00:00,SOL-USD,15m,72.9000015258789,72.9000015258789,72.30000305175781,72.31999969482422,0,0,yfinance,2026-07-10T06:58:01.269533+00:00
2026-06-26 18:30:00+00:00,SOL-USD,15m,72.30999755859375,72.62999725341797,72.29000091552734,72.58000183105469,0,0,yfinance,2026-07-10T06:58:01.269533+00:00
2026-06-26 18:45:00+00:00,SOL-USD,15m,72.52999877929688,72.55999755859375,72.30999755859375,72.48999786376953,476416,476416,yfinance,2026-07-10T06:58:01.269533+00:00
2026-06-26 19:00:00+00:00,SOL-USD,15m,72.44000244140625,73.19999694824219,72.37999725341797,73.08999633789062,14124032,14124032,yfinance,2026-07-10T06:58:01.269533+00:00
2026-06-26 19:15:00+00:00,SOL-USD,15m,73.0999984741211,73.27999877929688,72.9800033569336,73.20999908447266,30011136,30011136,yfinance,2026-07-10T06:58:01.269533+00:00
2026-06-26 19:30:00+00:00,SOL-USD,15m,73.25,73.81999969482422,73.25,73.58999633789062,37337600,37337600,yfinance,2026-07-10T06:58:01.269533+00:00
2026-06-26 19:45:00+00:00,SOL-USD,15m,73.61000061035156,73.75,73.06999969482422,73.06999969482422,26572288,26572288,yfinance,2026-07-10T06:58:01.269533+00:00
2026-06-26 20:00:00+00:00,SOL-USD,15m,72.94000244140625,73.48999786376953,72.58999633789062,72.6500015258789,48164352,48164352,yfinance,2026-07-10T06:58:01.269533+00:00
2026-06-26 20:15:00+00:00,SOL-USD,15m,72.68000030517578,72.94999694824219,72.62999725341797,72.94999694824219,21423616,21423616,yfinance,2026-07-10T06:58:01.269533+00:00
2026-06-26 20:30:00+00:00,SOL-USD,15m,72.95999908447266,72.95999908447266,72.05000305175781,72.13999938964844,35178496,35178496,yfinance,2026-07-10T06:58:01.269533+00:00
2026-06-26 20:45:00+00:00,SOL-USD,15m,72.11000061035156,72.33000183105469,72.0,72.05999755859375,22497280,22497280,yfinance,2026-07-10T06:58:01.269533+00:00
2026-06-26 21:00:00+00:00,SOL-USD,15m,72.05000305175781,72.11000061035156,71.70999908447266,71.86000061035156,21188608,21188608,yfinance,2026-07-10T06:58:01.269533+00:00
2026-06-26 21:15:00+00:00,SOL-USD,15m,71.87999725341797,72.16999816894531,71.69999694824219,72.16000366210938,15610368,15610368,yfinance,2026-07-10T06:58:01.269533+00:00
2026-06-26 21:30:00+00:00,SOL-USD,15m,72.13999938964844,72.27999877929688,71.91000366210938,72.11000061035156,6088704,6088704,yfinance,2026-07-10T06:58:01.269533+00:00
2026-06-26 21:45:00+00:00,SOL-USD,15m,72.12999725341797,72.18000030517578,71.83999633789062,71.87999725341797,6941696,6941696,yfinance,2026-07-10T06:58:01.269533+00:00
2026-06-26 22:00:00+00:00,SOL-USD,15m,71.87000274658203,71.9800033569336,71.37000274658203,71.63999938964844,7547392,7547392,yfinance,2026-07-10T06:58:01.269533+00:00
2026-06-26 22:15:00+00:00,SOL-USD,15m,71.62999725341797,71.7699966430664,71.5199966430664,71.55999755859375,3082752,3082752,yfinance,2026-07-10T06:58:01.269533+00:00
2026-06-26 22:30:00+00:00,SOL-USD,15m,71.54000091552734,71.77999877929688,71.43000030517578,71.75,8397824,8397824,yfinance,2026-07-10T06:58:01.269533+00:00
2026-06-26 22:45:00+00:00,SOL-USD,15m,71.7699966430664,71.80999755859375,71.62999725341797,71.7300033569336,1766400,1766400,yfinance,2026-07-10T06:58:01.269533+00:00
2026-06-26 23:00:00+00:00,SOL-USD,15m,71.70999908447266,71.9000015258789,71.69999694824219,71.80999755859375,5569024,5569024,yfinance,2026-07-10T06:58:01.269533+00:00
2026-06-26 23:15:00+00:00,SOL-USD,15m,71.83000183105469,71.83000183105469,71.58000183105469,71.58999633789062,0,0,yfinance,2026-07-10T06:58:01.269533+00:00
2026-06-26 23:30:00+00:00,SOL-USD,15m,71.58999633789062,71.91999816894531,71.56999969482422,71.8499984741211,0,0,yfinance,2026-07-10T06:58:01.269533+00:00
2026-06-26 23:45:00+00:00,SOL-USD,15m,71.86000061035156,71.9000015258789,71.79000091552734,71.79000091552734,11223552,11223552,yfinance,2026-07-10T06:58:01.269533+00:00
2026-06-27 00:00:00+00:00,SOL-USD,15m,71.77999877929688,72.36000061035156,71.77999877929688,72.2699966430664,23891968,23891968,yfinance,2026-07-10T06:58:01.269533+00:00
2026-06-27 00:15:00+00:00,SOL-USD,15m,72.2699966430664,72.30000305175781,71.94999694824219,71.94999694824219,7267840,7267840,yfinance,2026-07-10T06:58:01.269533+00:00
2026-06-27 00:30:00+00:00,SOL-USD,15m,71.94999694824219,71.97000122070312,71.51000213623047,71.58000183105469,7871488,7871488,yfinance,2026-07-10T06:58:01.269533+00:00
2026-06-27 00:45:00+00:00,SOL-USD,15m,71.58000183105469,71.80000305175781,71.52999877929688,71.72000122070312,507904,507904,yfinance,2026-07-10T06:58:01.269533+00:00
2026-06-27 01:00:00+00:00,SOL-USD,15m,71.72000122070312,71.72000122070312,71.48999786376953,71.55999755859375,0,0,yfinance,2026-07-10T06:58:01.269533+00:00
2026-06-27 01:15:00+00:00,SOL-USD,15m,71.55999755859375,71.66000366210938,71.5199966430664,71.62999725341797,0,0,yfinance,2026-07-10T06:58:01.269533+00:00
2026-06-27 01:30:00+00:00,SOL-USD,15m,71.58999633789062,71.58999633789062,71.37999725341797,71.47000122070312,0,0,yfinance,2026-07-10T06:58:01.269533+00:00
2026-06-27 01:45:00+00:00,SOL-USD,15m,71.47000122070312,71.55999755859375,71.26000213623047,71.33000183105469,0,0,yfinance,2026-07-10T06:58:01.269533+00:00
2026-06-27 02:00:00+00:00,SOL-USD,15m,71.30999755859375,71.73999786376953,71.26000213623047,71.70999908447266,647680,647680,yfinance,2026-07-10T06:58:01.269533+00:00
2026-06-27 02:15:00+00:00,SOL-USD,15m,71.75,72.11000061035156,71.66999816894531,72.04000091552734,0,0,yfinance,2026-07-10T06:58:01.269533+00:00
2026-06-27 02:30:00+00:00,SOL-USD,15m,72.01000213623047,72.06999969482422,71.80999755859375,71.9800033569336,0,0,yfinance,2026-07-10T06:58:01.269533+00:00
2026-06-27 02:45:00+00:00,SOL-USD,15m,72.0,72.13999938964844,71.88999938964844,72.01000213623047,0,0,yfinance,2026-07-10T06:58:01.269533+00:00
2026-06-27 03:00:00+00:00,SOL-USD,15m,71.97000122070312,72.06999969482422,71.70999908447266,71.76000213623047,0,0,yfinance,2026-07-10T06:58:01.269533+00:00
2026-06-27 03:15:00+00:00,SOL-USD,15m,71.73999786376953,72.2699966430664,71.72000122070312,72.08000183105469,735488,735488,yfinance,2026-07-10T06:58:01.269533+00:00
2026-06-27 03:30:00+00:00,SOL-USD,15m,72.08999633789062,72.23999786376953,71.91999816894531,72.22000122070312,0,0,yfinance,2026-07-10T06:58:01.269533+00:00
2026-06-27 03:45:00+00:00,SOL-USD,15m,72.18000030517578,72.29000091552734,72.08000183105469,72.1500015258789,0,0,yfinance,2026-07-10T06:58:01.269533+00:00
2026-06-27 04:00:00+00:00,SOL-USD,15m,72.13999938964844,72.37999725341797,72.12999725341797,72.27999877929688,0,0,yfinance,2026-07-10T06:58:01.269533+00:00
2026-06-27 04:15:00+00:00,SOL-USD,15m,72.23999786376953,72.4800033569336,72.13999938964844,72.2300033569336,1971968,1971968,yfinance,2026-07-10T06:58:01.269533+00:00
2026-06-27 04:30:00+00:00,SOL-USD,15m,72.23999786376953,72.30000305175781,72.06999969482422,72.12999725341797,0,0,yfinance,2026-07-10T06:58:01.269533+00:00
2026-06-27 04:45:00+00:00,SOL-USD,15m,72.0999984741211,72.13999938964844,71.77999877929688,71.81999969482422,0,0,yfinance,2026-07-10T06:58:01.269533+00:00
2026-06-27 05:00:00+00:00,SOL-USD,15m,71.81999969482422,71.91999816894531,71.70999908447266,71.9000015258789,0,0,yfinance,2026-07-10T06:58:01.269533+00:00
2026-06-27 05:15:00+00:00,SOL-USD,15m,71.87000274658203,71.91000366210938,71.4000015258789,71.44999694824219,0,0,yfinance,2026-07-10T06:58:01.269533+00:00
2026-06-27 05:30:00+00:00,SOL-USD,15m,71.47000122070312,71.69000244140625,71.47000122070312,71.61000061035156,44439808,44439808,yfinance,2026-07-10T06:58:01.269533+00:00
2026-06-27 05:45:00+00:00,SOL-USD,15m,71.5999984741211,71.73999786376953,71.55999755859375,71.69000244140625,0,0,yfinance,2026-07-10T06:58:01.269533+00:00
2026-06-27 06:00:00+00:00,SOL-USD,15m,71.69999694824219,71.7300033569336,71.5,71.5999984741211,0,0,yfinance,2026-07-10T06:58:01.269533+00:00
2026-06-27 06:15:00+00:00,SOL-USD,15m,71.5999984741211,71.81999969482422,71.55000305175781,71.77999877929688,0,0,yfinance,2026-07-10T06:58:01.269533+00:00
2026-06-27 06:30:00+00:00,SOL-USD,15m,71.79000091552734,72.19000244140625,71.79000091552734,72.0999984741211,0,0,yfinance,2026-07-10T06:58:01.269533+00:00
2026-06-27 06:45:00+00:00,SOL-USD,15m,72.0999984741211,72.20999908447266,71.9800033569336,72.01000213623047,0,0,yfinance,2026-07-10T06:58:01.269533+00:00
2026-06-27 07:00:00+00:00,SOL-USD,15m,72.0199966430664,72.04000091552734,71.88999938964844,71.94000244140625,0,0,yfinance,2026-07-10T06:58:01.269533+00:00
2026-06-27 07:15:00+00:00,SOL-USD,15m,71.95999908447266,72.13999938964844,71.93000030517578,72.0199966430664,0,0,yfinance,2026-07-10T06:58:01.269533+00:00
2026-06-27 07:30:00+00:00,SOL-USD,15m,72.02999877929688,72.02999877929688,71.9000015258789,71.9800033569336,0,0,yfinance,2026-07-10T06:58:01.269533+00:00
2026-06-27 07:45:00+00:00,SOL-USD,15m,72.02999877929688,72.23999786376953,72.02999877929688,72.19999694824219,0,0,yfinance,2026-07-10T06:58:01.269533+00:00
2026-06-27 08:00:00+00:00,SOL-USD,15m,72.19999694824219,72.19999694824219,72.06999969482422,72.16999816894531,0,0,yfinance,2026-07-10T06:58:01.269533+00:00
2026-06-27 08:15:00+00:00,SOL-USD,15m,72.16000366210938,72.19999694824219,71.95999908447266,72.08000183105469,0,0,yfinance,2026-07-10T06:58:01.269533+00:00
2026-06-27 08:30:00+00:00,SOL-USD,15m,72.06999969482422,72.08000183105469,71.77999877929688,71.80999755859375,0,0,yfinance,2026-07-10T06:58:01.269533+00:00
2026-06-27 08:45:00+00:00,SOL-USD,15m,71.80999755859375,72.04000091552734,71.80000305175781,71.93000030517578,0,0,yfinance,2026-07-10T06:58:01.269533+00:00
2026-06-27 09:00:00+00:00,SOL-USD,15m,71.93000030517578,71.98999786376953,71.68000030517578,71.69000244140625,0,0,yfinance,2026-07-10T06:58:01.269533+00:00
2026-06-27 09:15:00+00:00,SOL-USD,15m,71.6500015258789,71.72000122070312,71.62000274658203,71.69000244140625,0,0,yfinance,2026-07-10T06:58:01.269533+00:00
2026-06-27 09:30:00+00:00,SOL-USD,15m,71.68000030517578,71.80000305175781,71.61000061035156,71.63999938964844,0,0,yfinance,2026-07-10T06:58:01.269533+00:00
2026-06-27 09:45:00+00:00,SOL-USD,15m,71.6500015258789,71.7699966430664,71.62999725341797,71.76000213623047,0,0,yfinance,2026-07-10T06:58:01.269533+00:00
2026-06-27 10:00:00+00:00,SOL-USD,15m,71.73999786376953,71.83999633789062,71.72000122070312,71.77999877929688,0,0,yfinance,2026-07-10T06:58:01.269533+00:00
2026-06-27 10:15:00+00:00,SOL-USD,15m,71.77999877929688,71.94000244140625,71.73999786376953,71.8499984741211,0,0,yfinance,2026-07-10T06:58:01.269533+00:00
2026-06-27 10:30:00+00:00,SOL-USD,15m,71.83000183105469,71.94999694824219,71.75,71.83000183105469,0,0,yfinance,2026-07-10T06:58:01.269533+00:00
2026-06-27 10:45:00+00:00,SOL-USD,15m,71.81999969482422,71.93000030517578,71.80999755859375,71.91999816894531,415488,415488,yfinance,2026-07-10T06:58:01.269533+00:00
2026-06-27 11:00:00+00:00,SOL-USD,15m,71.91999816894531,71.9800033569336,71.76000213623047,71.77999877929688,0,0,yfinance,2026-07-10T06:58:01.269533+00:00
2026-06-27 11:15:00+00:00,SOL-USD,15m,71.7699966430664,71.77999877929688,71.41999816894531,71.51000213623047,1115136,1115136,yfinance,2026-07-10T06:58:01.269533+00:00
2026-06-27 11:30:00+00:00,SOL-USD,15m,71.51000213623047,71.5999984741211,71.44000244140625,71.58999633789062,1373696,1373696,yfinance,2026-07-10T06:58:01.269533+00:00
2026-06-27 11:45:00+00:00,SOL-USD,15m,71.58000183105469,71.79000091552734,71.56999969482422,71.69999694824219,0,0,yfinance,2026-07-10T06:58:01.269533+00:00
2026-06-27 12:00:00+00:00,SOL-USD,15m,71.66999816894531,71.7699966430664,71.54000091552734,71.62000274658203,0,0,yfinance,2026-07-10T06:58:01.269533+00:00
2026-06-27 12:15:00+00:00,SOL-USD,15m,71.61000061035156,71.80000305175781,71.61000061035156,71.70999908447266,0,0,yfinance,2026-07-10T06:58:01.269533+00:00
2026-06-27 12:30:00+00:00,SOL-USD,15m,71.72000122070312,71.80000305175781,71.63999938964844,71.72000122070312,0,0,yfinance,2026-07-10T06:58:01.269533+00:00
2026-06-27 12:45:00+00:00,SOL-USD,15m,71.7300033569336,72.06999969482422,71.68000030517578,72.05999755859375,0,0,yfinance,2026-07-10T06:58:01.269533+00:00
2026-06-27 13:00:00+00:00,SOL-USD,15m,72.05000305175781,72.22000122070312,72.01000213623047,72.13999938964844,0,0,yfinance,2026-07-10T06:58:01.269533+00:00
2026-06-27 13:15:00+00:00,SOL-USD,15m,72.12999725341797,72.36000061035156,72.05999755859375,72.29000091552734,0,0,yfinance,2026-07-10T06:58:01.269533+00:00
2026-06-27 13:30:00+00:00,SOL-USD,15m,72.27999877929688,72.44999694824219,72.19999694824219,72.33999633789062,0,0,yfinance,2026-07-10T06:58:01.269533+00:00
2026-06-27 13:45:00+00:00,SOL-USD,15m,72.31999969482422,72.41000366210938,72.19000244140625,72.23999786376953,0,0,yfinance,2026-07-10T06:58:01.269533+00:00
2026-06-27 14:00:00+00:00,SOL-USD,15m,72.23999786376953,72.58999633789062,72.11000061035156,72.5199966430664,0,0,yfinance,2026-07-10T06:58:01.269533+00:00
2026-06-27 14:15:00+00:00,SOL-USD,15m,72.47000122070312,72.69999694824219,72.41999816894531,72.58999633789062,0,0,yfinance,2026-07-10T06:58:01.269533+00:00
2026-06-27 14:30:00+00:00,SOL-USD,15m,72.58999633789062,72.76000213623047,72.4800033569336,72.7300033569336,0,0,yfinance,2026-07-10T06:58:01.269533+00:00
2026-06-27 14:45:00+00:00,SOL-USD,15m,72.69000244140625,72.77999877929688,72.55999755859375,72.5999984741211,0,0,yfinance,2026-07-10T06:58:01.269533+00:00
2026-06-27 15:00:00+00:00,SOL-USD,15m,72.61000061035156,73.06999969482422,72.5,72.91999816894531,0,0,yfinance,2026-07-10T06:58:01.269533+00:00
2026-06-27 15:15:00+00:00,SOL-USD,15m,72.91999816894531,72.93000030517578,72.70999908447266,72.77999877929688,568320,568320,yfinance,2026-07-10T06:58:01.269533+00:00
2026-06-27 15:30:00+00:00,SOL-USD,15m,72.80999755859375,72.94999694824219,72.69000244140625,72.88999938964844,0,0,yfinance,2026-07-10T06:58:01.269533+00:00
2026-06-27 15:45:00+00:00,SOL-USD,15m,72.88999938964844,72.88999938964844,72.61000061035156,72.70999908447266,0,0,yfinance,2026-07-10T06:58:01.269533+00:00
2026-06-27 16:00:00+00:00,SOL-USD,15m,72.72000122070312,72.87999725341797,72.5999984741211,72.62999725341797,0,0,yfinance,2026-07-10T06:58:01.269533+00:00
2026-06-27 16:15:00+00:00,SOL-USD,15m,72.62999725341797,72.7300033569336,72.52999877929688,72.69999694824219,0,0,yfinance,2026-07-10T06:58:01.269533+00:00
2026-06-27 16:30:00+00:00,SOL-USD,15m,72.69000244140625,72.70999908447266,72.55000305175781,72.62999725341797,0,0,yfinance,2026-07-10T06:58:01.269533+00:00
2026-06-27 16:45:00+00:00,SOL-USD,15m,72.63999938964844,72.69999694824219,72.5199966430664,72.52999877929688,0,0,yfinance,2026-07-10T06:58:01.269533+00:00
2026-06-27 17:00:00+00:00,SOL-USD,15m,72.5199966430664,72.5199966430664,71.80999755859375,72.0999984741211,0,0,yfinance,2026-07-10T06:58:01.269533+00:00
2026-06-27 17:15:00+00:00,SOL-USD,15m,72.1500015258789,72.19000244140625,71.94000244140625,72.13999938964844,0,0,yfinance,2026-07-10T06:58:01.269533+00:00
2026-06-27 17:30:00+00:00,SOL-USD,15m,72.1500015258789,72.2300033569336,72.01000213623047,72.12999725341797,1080064,1080064,yfinance,2026-07-10T06:58:01.269533+00:00
2026-06-27 17:45:00+00:00,SOL-USD,15m,72.12000274658203,72.16000366210938,71.94000244140625,71.94000244140625,0,0,yfinance,2026-07-10T06:58:01.269533+00:00
2026-06-27 18:00:00+00:00,SOL-USD,15m,71.93000030517578,72.05000305175781,71.81999969482422,71.93000030517578,0,0,yfinance,2026-07-10T06:58:01.269533+00:00
2026-06-27 18:15:00+00:00,SOL-USD,15m,71.93000030517578,72.04000091552734,71.63999938964844,71.77999877929688,0,0,yfinance,2026-07-10T06:58:01.269533+00:00
2026-06-27 18:30:00+00:00,SOL-USD,15m,71.77999877929688,71.93000030517578,71.75,71.83000183105469,0,0,yfinance,2026-07-10T06:58:01.269533+00:00
2026-06-27 18:45:00+00:00,SOL-USD,15m,71.83999633789062,71.86000061035156,71.76000213623047,71.79000091552734,0,0,yfinance,2026-07-10T06:58:01.269533+00:00
2026-06-27 19:00:00+00:00,SOL-USD,15m,71.79000091552734,71.88999938964844,71.76000213623047,71.79000091552734,0,0,yfinance,2026-07-10T06:58:01.269533+00:00
2026-06-27 19:15:00+00:00,SOL-USD,15m,71.79000091552734,71.79000091552734,71.02999877929688,71.22000122070312,21561984,21561984,yfinance,2026-07-10T06:58:01.269533+00:00
2026-06-27 19:30:00+00:00,SOL-USD,15m,71.19999694824219,71.19999694824219,70.8499984741211,71.02999877929688,0,0,yfinance,2026-07-10T06:58:01.269533+00:00
2026-06-27 19:45:00+00:00,SOL-USD,15m,71.04000091552734,71.12999725341797,70.95999908447266,70.98999786376953,0,0,yfinance,2026-07-10T06:58:01.269533+00:00
2026-06-27 20:00:00+00:00,SOL-USD,15m,70.98999786376953,71.16000366210938,70.9800033569336,71.12000274658203,0,0,yfinance,2026-07-10T06:58:01.269533+00:00
2026-06-27 20:15:00+00:00,SOL-USD,15m,71.12000274658203,71.19000244140625,71.05000305175781,71.12000274658203,0,0,yfinance,2026-07-10T06:58:01.269533+00:00
2026-06-27 20:30:00+00:00,SOL-USD,15m,71.12000274658203,71.16999816894531,71.05000305175781,71.06999969482422,0,0,yfinance,2026-07-10T06:58:01.269533+00:00
2026-06-27 20:45:00+00:00,SOL-USD,15m,71.06999969482422,71.23999786376953,71.05999755859375,71.16999816894531,0,0,yfinance,2026-07-10T06:58:01.269533+00:00
2026-06-27 21:00:00+00:00,SOL-USD,15m,71.19999694824219,71.4000015258789,71.19999694824219,71.38999938964844,0,0,yfinance,2026-07-10T06:58:01.269533+00:00
2026-06-27 21:15:00+00:00,SOL-USD,15m,71.38999938964844,71.45999908447266,71.30000305175781,71.45999908447266,0,0,yfinance,2026-07-10T06:58:01.269533+00:00
2026-06-27 21:30:00+00:00,SOL-USD,15m,71.4800033569336,71.52999877929688,70.93000030517578,70.95999908447266,0,0,yfinance,2026-07-10T06:58:01.269533+00:00
2026-06-27 21:45:00+00:00,SOL-USD,15m,70.95999908447266,71.06999969482422,70.68000030517578,70.87000274658203,16296832,16296832,yfinance,2026-07-10T06:58:01.269533+00:00
2026-06-27 22:00:00+00:00,SOL-USD,15m,70.79000091552734,70.81999969482422,70.55999755859375,70.66999816894531,0,0,yfinance,2026-07-10T06:58:01.269533+00:00
2026-06-27 22:15:00+00:00,SOL-USD,15m,70.6500015258789,70.6500015258789,70.19000244140625,70.61000061035156,15899392,15899392,yfinance,2026-07-10T06:58:01.269533+00:00
2026-06-27 22:30:00+00:00,SOL-USD,15m,70.58999633789062,70.94000244140625,70.58999633789062,70.79000091552734,3246080,3246080,yfinance,2026-07-10T06:58:01.269533+00:00
2026-06-27 22:45:00+00:00,SOL-USD,15m,70.79000091552734,70.98999786376953,70.7300033569336,70.97000122070312,0,0,yfinance,2026-07-10T06:58:01.269533+00:00
2026-06-27 23:00:00+00:00,SOL-USD,15m,70.97000122070312,71.05000305175781,70.5199966430664,70.5199966430664,0,0,yfinance,2026-07-10T06:58:01.269533+00:00
2026-06-27 23:15:00+00:00,SOL-USD,15m,70.5,70.5999984741211,70.33000183105469,70.37999725341797,11424384,11424384,yfinance,2026-07-10T06:58:01.269533+00:00
2026-06-27 23:30:00+00:00,SOL-USD,15m,70.38999938964844,70.58000183105469,70.33999633789062,70.51000213623047,3326336,3326336,yfinance,2026-07-10T06:58:01.269533+00:00
2026-06-27 23:45:00+00:00,SOL-USD,15m,70.5,70.5199966430664,70.37999725341797,70.38999938964844,513152,513152,yfinance,2026-07-10T06:58:01.269533+00:00
2026-06-28 00:00:00+00:00,SOL-USD,15m,70.38999938964844,70.55000305175781,70.36000061035156,70.54000091552734,0,0,yfinance,2026-07-10T06:58:01.269533+00:00
2026-06-28 00:15:00+00:00,SOL-USD,15m,70.54000091552734,70.68000030517578,70.5,70.6500015258789,0,0,yfinance,2026-07-10T06:58:01.269533+00:00
2026-06-28 00:30:00+00:00,SOL-USD,15m,70.68000030517578,70.68000030517578,70.4800033569336,70.63999938964844,0,0,yfinance,2026-07-10T06:58:01.269533+00:00
2026-06-28 00:45:00+00:00,SOL-USD,15m,70.66000366210938,70.72000122070312,70.5199966430664,70.5999984741211,1513984,1513984,yfinance,2026-07-10T06:58:01.269533+00:00
2026-06-28 01:00:00+00:00,SOL-USD,15m,70.5999984741211,70.62999725341797,70.33999633789062,70.48999786376953,871040,871040,yfinance,2026-07-10T06:58:01.269533+00:00
2026-06-28 01:15:00+00:00,SOL-USD,15m,70.45999908447266,70.72000122070312,70.44999694824219,70.68000030517578,2535808,2535808,yfinance,2026-07-10T06:58:01.269533+00:00
2026-06-28 01:30:00+00:00,SOL-USD,15m,70.66999816894531,70.80000305175781,70.63999938964844,70.77999877929688,1020416,1020416,yfinance,2026-07-10T06:58:01.269533+00:00
2026-06-28 01:45:00+00:00,SOL-USD,15m,70.77999877929688,70.83000183105469,70.70999908447266,70.7300033569336,0,0,yfinance,2026-07-10T06:58:01.269533+00:00
2026-06-28 02:00:00+00:00,SOL-USD,15m,70.7300033569336,70.91000366210938,70.7300033569336,70.87000274658203,0,0,yfinance,2026-07-10T06:58:01.269533+00:00
2026-06-28 02:15:00+00:00,SOL-USD,15m,70.87999725341797,70.9000015258789,70.38999938964844,70.5999984741211,0,0,yfinance,2026-07-10T06:58:01.269533+00:00
2026-06-28 02:30:00+00:00,SOL-USD,15m,70.61000061035156,70.72000122070312,70.58999633789062,70.63999938964844,0,0,yfinance,2026-07-10T06:58:01.269533+00:00
2026-06-28 02:45:00+00:00,SOL-USD,15m,70.62999725341797,70.69000244140625,70.58999633789062,70.62999725341797,0,0,yfinance,2026-07-10T06:58:01.269533+00:00
2026-06-28 03:00:00+00:00,SOL-USD,15m,70.6500015258789,70.87999725341797,70.6500015258789,70.83999633789062,0,0,yfinance,2026-07-10T06:58:01.269533+00:00
2026-06-28 03:15:00+00:00,SOL-USD,15m,70.79000091552734,70.81999969482422,70.70999908447266,70.75,0,0,yfinance,2026-07-10T06:58:01.269533+00:00
2026-06-28 03:30:00+00:00,SOL-USD,15m,70.75,70.83000183105469,70.70999908447266,70.76000213623047,0,0,yfinance,2026-07-10T06:58:01.269533+00:00
2026-06-28 03:45:00+00:00,SOL-USD,15m,70.75,70.83999633789062,70.66999816894531,70.77999877929688,0,0,yfinance,2026-07-10T06:58:01.269533+00:00
2026-06-28 04:00:00+00:00,SOL-USD,15m,70.76000213623047,70.77999877929688,70.66000366210938,70.69000244140625,0,0,yfinance,2026-07-10T06:58:01.269533+00:00
2026-06-28 04:15:00+00:00,SOL-USD,15m,70.69999694824219,70.75,70.62000274658203,70.6500015258789,0,0,yfinance,2026-07-10T06:58:01.269533+00:00
2026-06-28 04:30:00+00:00,SOL-USD,15m,70.61000061035156,70.77999877929688,70.45999908447266,70.7699966430664,413568,413568,yfinance,2026-07-10T06:58:01.269533+00:00
2026-06-28 04:45:00+00:00,SOL-USD,15m,70.79000091552734,70.87999725341797,70.6500015258789,70.66000366210938,1122944,1122944,yfinance,2026-07-10T06:58:01.269533+00:00
2026-06-28 05:00:00+00:00,SOL-USD,15m,70.66999816894531,70.66999816894531,70.37999725341797,70.45999908447266,3136896,3136896,yfinance,2026-07-10T06:58:01.269533+00:00
2026-06-28 05:15:00+00:00,SOL-USD,15m,70.45999908447266,70.52999877929688,70.12000274658203,70.13999938964844,10083712,10083712,yfinance,2026-07-10T06:58:01.269533+00:00
2026-06-28 05:30:00+00:00,SOL-USD,15m,70.12999725341797,70.37999725341797,70.05999755859375,70.33000183105469,0,0,yfinance,2026-07-10T06:58:01.269533+00:00
2026-06-28 05:45:00+00:00,SOL-USD,15m,70.3499984741211,70.44999694824219,70.27999877929688,70.43000030517578,2002048,2002048,yfinance,2026-07-10T06:58:01.269533+00:00
2026-06-28 06:00:00+00:00,SOL-USD,15m,70.43000030517578,70.47000122070312,70.0999984741211,70.11000061035156,22528,22528,yfinance,2026-07-10T06:58:01.269533+00:00
2026-06-28 06:15:00+00:00,SOL-USD,15m,70.12999725341797,70.36000061035156,70.06999969482422,70.31999969482422,5646464,5646464,yfinance,2026-07-10T06:58:01.269533+00:00
2026-06-28 06:30:00+00:00,SOL-USD,15m,70.31999969482422,70.43000030517578,70.31999969482422,70.36000061035156,0,0,yfinance,2026-07-10T06:58:01.269533+00:00
2026-06-28 06:45:00+00:00,SOL-USD,15m,70.3499984741211,70.44000244140625,70.29000091552734,70.3499984741211,0,0,yfinance,2026-07-10T06:58:01.269533+00:00
2026-06-28 07:00:00+00:00,SOL-USD,15m,70.3499984741211,70.7699966430664,70.3499984741211,70.69000244140625,8534784,8534784,yfinance,2026-07-10T06:58:01.269533+00:00
2026-06-28 07:15:00+00:00,SOL-USD,15m,70.68000030517578,70.69000244140625,70.56999969482422,70.58999633789062,0,0,yfinance,2026-07-10T06:58:01.269533+00:00
2026-06-28 07:30:00+00:00,SOL-USD,15m,70.58000183105469,70.83999633789062,70.56999969482422,70.76000213623047,2028800,2028800,yfinance,2026-07-10T06:58:01.269533+00:00
2026-06-28 07:45:00+00:00,SOL-USD,15m,70.7699966430664,70.9800033569336,70.75,70.97000122070312,2407168,2407168,yfinance,2026-07-10T06:58:01.269533+00:00
2026-06-28 08:00:00+00:00,SOL-USD,15m,70.9800033569336,71.20999908447266,70.95999908447266,71.04000091552734,8100224,8100224,yfinance,2026-07-10T06:58:01.269533+00:00
2026-06-28 08:15:00+00:00,SOL-USD,15m,71.0199966430664,71.19999694824219,71.01000213623047,71.12999725341797,355328,355328,yfinance,2026-07-10T06:58:01.269533+00:00
2026-06-28 08:30:00+00:00,SOL-USD,15m,71.12999725341797,72.05999755859375,71.12000274658203,71.97000122070312,37955456,37955456,yfinance,2026-07-10T06:58:01.269533+00:00
2026-06-28 08:45:00+00:00,SOL-USD,15m,71.95999908447266,72.06999969482422,71.76000213623047,71.80999755859375,24865664,24865664,yfinance,2026-07-10T06:58:01.269533+00:00
2026-06-28 09:00:00+00:00,SOL-USD,15m,71.83999633789062,71.83999633789062,71.55999755859375,71.63999938964844,8475392,8475392,yfinance,2026-07-10T06:58:01.269533+00:00
2026-06-28 09:15:00+00:00,SOL-USD,15m,71.66999816894531,71.70999908447266,71.5999984741211,71.66999816894531,2342144,2342144,yfinance,2026-07-10T06:58:01.269533+00:00
2026-06-28 09:30:00+00:00,SOL-USD,15m,71.66000366210938,71.9000015258789,71.61000061035156,71.87999725341797,1850496,1850496,yfinance,2026-07-10T06:58:01.269533+00:00
2026-06-28 09:45:00+00:00,SOL-USD,15m,71.87999725341797,71.9000015258789,71.38999938964844,71.43000030517578,13206400,13206400,yfinance,2026-07-10T06:58:01.269533+00:00
2026-06-28 10:00:00+00:00,SOL-USD,15m,71.44000244140625,71.5,71.19999694824219,71.4000015258789,9213312,9213312,yfinance,2026-07-10T06:58:01.269533+00:00
2026-06-28 10:15:00+00:00,SOL-USD,15m,71.37999725341797,71.48999786376953,71.02999877929688,71.0999984741211,4962944,4962944,yfinance,2026-07-10T06:58:01.269533+00:00
2026-06-28 10:30:00+00:00,SOL-USD,15m,71.12000274658203,71.33000183105469,71.12000274658203,71.30000305175781,10606080,10606080,yfinance,2026-07-10T06:58:01.269533+00:00
2026-06-28 10:45:00+00:00,SOL-USD,15m,71.33000183105469,71.37999725341797,71.27999877929688,71.37999725341797,301056,301056,yfinance,2026-07-10T06:58:01.269533+00:00
2026-06-28 11:00:00+00:00,SOL-USD,15m,71.37000274658203,71.68000030517578,71.37000274658203,71.41999816894531,8448896,8448896,yfinance,2026-07-10T06:58:01.269533+00:00
2026-06-28 11:15:00+00:00,SOL-USD,15m,71.43000030517578,71.80999755859375,71.33000183105469,71.76000213623047,3424896,3424896,yfinance,2026-07-10T06:58:01.269533+00:00
2026-06-28 11:30:00+00:00,SOL-USD,15m,71.7699966430664,71.83000183105469,71.5199966430664,71.80999755859375,2058496,2058496,yfinance,2026-07-10T06:58:01.269533+00:00
2026-06-28 11:45:00+00:00,SOL-USD,15m,71.83000183105469,71.91999816894531,71.72000122070312,71.81999969482422,7860992,7860992,yfinance,2026-07-10T06:58:01.269533+00:00
2026-06-28 12:00:00+00:00,SOL-USD,15m,71.80999755859375,71.88999938964844,71.66000366210938,71.77999877929688,630400,630400,yfinance,2026-07-10T06:58:01.269533+00:00
2026-06-28 12:15:00+00:00,SOL-USD,15m,71.7699966430664,71.98999786376953,71.55000305175781,71.98999786376953,4100864,4100864,yfinance,2026-07-10T06:58:01.269533+00:00
2026-06-28 12:30:00+00:00,SOL-USD,15m,72.0,72.16999816894531,71.66000366210938,71.69000244140625,8727040,8727040,yfinance,2026-07-10T06:58:01.269533+00:00
2026-06-28 12:45:00+00:00,SOL-USD,15m,71.69000244140625,71.83999633789062,71.69000244140625,71.80000305175781,656768,656768,yfinance,2026-07-10T06:58:01.269533+00:00
2026-06-28 13:00:00+00:00,SOL-USD,15m,71.75,71.7699966430664,71.25,71.5,3962752,3962752,yfinance,2026-07-10T06:58:01.269533+00:00
2026-06-28 13:15:00+00:00,SOL-USD,15m,71.51000213623047,71.62000274658203,71.4000015258789,71.55999755859375,0,0,yfinance,2026-07-10T06:58:01.269533+00:00
2026-06-28 13:30:00+00:00,SOL-USD,15m,71.54000091552734,71.9800033569336,71.5,71.95999908447266,668928,668928,yfinance,2026-07-10T06:58:01.269533+00:00
2026-06-28 13:45:00+00:00,SOL-USD,15m,71.97000122070312,71.98999786376953,71.58000183105469,71.63999938964844,818816,818816,yfinance,2026-07-10T06:58:01.269533+00:00
2026-06-28 14:00:00+00:00,SOL-USD,15m,71.66000366210938,71.88999938964844,71.5999984741211,71.83999633789062,0,0,yfinance,2026-07-10T06:58:01.269533+00:00
2026-06-28 14:15:00+00:00,SOL-USD,15m,71.83999633789062,72.06999969482422,71.68000030517578,71.76000213623047,217472,217472,yfinance,2026-07-10T06:58:01.269533+00:00
2026-06-28 14:30:00+00:00,SOL-USD,15m,71.75,71.87000274658203,71.66000366210938,71.76000213623047,0,0,yfinance,2026-07-10T06:58:01.269533+00:00
2026-06-28 14:45:00+00:00,SOL-USD,15m,71.7699966430664,71.91999816894531,71.55000305175781,71.55000305175781,1386752,1386752,yfinance,2026-07-10T06:58:01.269533+00:00
2026-06-28 15:00:00+00:00,SOL-USD,15m,71.55999755859375,71.79000091552734,71.36000061035156,71.72000122070312,0,0,yfinance,2026-07-10T06:58:01.269533+00:00
2026-06-28 15:15:00+00:00,SOL-USD,15m,71.69000244140625,71.9000015258789,71.56999969482422,71.7300033569336,148608,148608,yfinance,2026-07-10T06:58:01.269533+00:00
2026-06-28 15:30:00+00:00,SOL-USD,15m,71.72000122070312,71.98999786376953,71.62000274658203,71.79000091552734,828800,828800,yfinance,2026-07-10T06:58:01.269533+00:00
2026-06-28 15:45:00+00:00,SOL-USD,15m,71.76000213623047,71.97000122070312,71.62000274658203,71.97000122070312,6152064,6152064,yfinance,2026-07-10T06:58:01.269533+00:00
2026-06-28 16:00:00+00:00,SOL-USD,15m,71.91999816894531,72.0,71.69999694824219,71.77999877929688,3694848,3694848,yfinance,2026-07-10T06:58:01.269533+00:00
2026-06-28 16:15:00+00:00,SOL-USD,15m,71.7699966430664,71.91000366210938,71.30999755859375,71.44000244140625,9194624,9194624,yfinance,2026-07-10T06:58:01.269533+00:00
2026-06-28 16:30:00+00:00,SOL-USD,15m,71.47000122070312,71.5,71.08999633789062,71.1500015258789,17389440,17389440,yfinance,2026-07-10T06:58:01.269533+00:00
2026-06-28 16:45:00+00:00,SOL-USD,15m,71.1500015258789,71.48999786376953,71.08999633789062,71.47000122070312,12402688,12402688,yfinance,2026-07-10T06:58:01.269533+00:00
2026-06-28 17:00:00+00:00,SOL-USD,15m,71.45999908447266,71.83000183105469,71.37999725341797,71.52999877929688,0,0,yfinance,2026-07-10T06:58:01.269533+00:00
2026-06-28 17:15:00+00:00,SOL-USD,15m,71.52999877929688,71.58000183105469,71.2300033569336,71.2300033569336,0,0,yfinance,2026-07-10T06:58:01.269533+00:00
2026-06-28 17:30:00+00:00,SOL-USD,15m,71.22000122070312,71.37000274658203,70.86000061035156,71.19999694824219,1127168,1127168,yfinance,2026-07-10T06:58:01.269533+00:00
2026-06-28 17:45:00+00:00,SOL-USD,15m,71.22000122070312,71.52999877929688,71.19999694824219,71.44000244140625,5641856,5641856,yfinance,2026-07-10T06:58:01.269533+00:00
2026-06-28 18:00:00+00:00,SOL-USD,15m,71.44999694824219,71.62000274658203,71.26000213623047,71.27999877929688,0,0,yfinance,2026-07-10T06:58:01.269533+00:00
2026-06-28 18:15:00+00:00,SOL-USD,15m,71.27999877929688,71.30000305175781,71.02999877929688,71.0999984741211,958976,958976,yfinance,2026-07-10T06:58:01.269533+00:00
2026-06-28 18:30:00+00:00,SOL-USD,15m,71.11000061035156,71.13999938964844,70.9000015258789,71.04000091552734,689792,689792,yfinance,2026-07-10T06:58:01.269533+00:00
2026-06-28 18:45:00+00:00,SOL-USD,15m,71.0199966430664,71.16999816894531,70.88999938964844,71.06999969482422,4550912,4550912,yfinance,2026-07-10T06:58:01.269533+00:00
2026-06-28 19:00:00+00:00,SOL-USD,15m,71.06999969482422,71.06999969482422,70.80000305175781,70.94999694824219,1720192,1720192,yfinance,2026-07-10T06:58:01.269533+00:00
2026-06-28 19:15:00+00:00,SOL-USD,15m,70.95999908447266,70.9800033569336,70.79000091552734,70.94000244140625,0,0,yfinance,2026-07-10T06:58:01.269533+00:00
2026-06-28 19:30:00+00:00,SOL-USD,15m,70.94999694824219,71.22000122070312,70.66999816894531,70.66999816894531,0,0,yfinance,2026-07-10T06:58:01.269533+00:00
2026-06-28 19:45:00+00:00,SOL-USD,15m,70.69999694824219,70.69999694824219,70.19999694824219,70.61000061035156,18295168,18295168,yfinance,2026-07-10T06:58:01.269533+00:00
2026-06-28 20:00:00+00:00,SOL-USD,15m,70.61000061035156,71.04000091552734,70.56999969482422,70.9800033569336,677376,677376,yfinance,2026-07-10T06:58:01.269533+00:00
2026-06-28 20:15:00+00:00,SOL-USD,15m,70.94999694824219,71.16000366210938,70.88999938964844,70.93000030517578,10499072,10499072,yfinance,2026-07-10T06:58:01.269533+00:00
2026-06-28 20:30:00+00:00,SOL-USD,15m,70.93000030517578,70.93000030517578,70.5999984741211,70.62999725341797,17083520,17083520,yfinance,2026-07-10T06:58:01.269533+00:00
2026-06-28 20:45:00+00:00,SOL-USD,15m,70.5999984741211,70.83999633789062,70.55000305175781,70.79000091552734,11366272,11366272,yfinance,2026-07-10T06:58:01.269533+00:00
2026-06-28 21:00:00+00:00,SOL-USD,15m,70.79000091552734,70.83000183105469,70.52999877929688,70.69999694824219,1126272,1126272,yfinance,2026-07-10T06:58:01.269533+00:00
2026-06-28 21:15:00+00:00,SOL-USD,15m,70.68000030517578,70.7699966430664,70.52999877929688,70.72000122070312,611456,611456,yfinance,2026-07-10T06:58:01.269533+00:00
2026-06-28 21:30:00+00:00,SOL-USD,15m,70.72000122070312,70.93000030517578,70.63999938964844,70.66000366210938,762496,762496,yfinance,2026-07-10T06:58:01.269533+00:00
2026-06-28 21:45:00+00:00,SOL-USD,15m,70.69000244140625,70.72000122070312,70.19000244140625,70.36000061035156,15744,15744,yfinance,2026-07-10T06:58:01.269533+00:00
2026-06-28 22:00:00+00:00,SOL-USD,15m,70.41000366210938,71.30000305175781,70.41000366210938,70.94999694824219,16999936,16999936,yfinance,2026-07-10T06:58:01.269533+00:00
2026-06-28 22:15:00+00:00,SOL-USD,15m,70.93000030517578,70.9800033569336,70.36000061035156,70.7699966430664,7713280,7713280,yfinance,2026-07-10T06:58:01.269533+00:00
2026-06-28 22:30:00+00:00,SOL-USD,15m,70.75,70.86000061035156,70.37999725341797,70.41999816894531,7032064,7032064,yfinance,2026-07-10T06:58:01.269533+00:00
2026-06-28 22:45:00+00:00,SOL-USD,15m,70.4000015258789,70.55000305175781,69.73999786376953,70.1500015258789,33943296,33943296,yfinance,2026-07-10T06:58:01.269533+00:00
2026-06-28 23:00:00+00:00,SOL-USD,15m,70.06999969482422,70.70999908447266,70.04000091552734,70.48999786376953,34843008,34843008,yfinance,2026-07-10T06:58:01.269533+00:00
2026-06-28 23:15:00+00:00,SOL-USD,15m,70.48999786376953,71.02999877929688,70.43000030517578,70.93000030517578,769920,769920,yfinance,2026-07-10T06:58:01.269533+00:00
2026-06-28 23:30:00+00:00,SOL-USD,15m,70.87000274658203,71.62999725341797,70.87000274658203,71.41000366210938,26640384,26640384,yfinance,2026-07-10T06:58:01.269533+00:00
2026-06-28 23:45:00+00:00,SOL-USD,15m,71.43000030517578,71.62000274658203,71.23999786376953,71.27999877929688,19992320,19992320,yfinance,2026-07-10T06:58:01.269533+00:00
2026-06-29 00:00:00+00:00,SOL-USD,15m,71.2699966430664,71.44999694824219,70.80999755859375,71.30999755859375,10124800,10124800,yfinance,2026-07-10T06:58:01.269533+00:00
2026-06-29 00:15:00+00:00,SOL-USD,15m,71.29000091552734,71.3499984741211,70.69000244140625,70.69000244140625,20127616,20127616,yfinance,2026-07-10T06:58:01.269533+00:00
2026-06-29 00:30:00+00:00,SOL-USD,15m,70.63999938964844,71.05000305175781,70.26000213623047,71.01000213623047,28807936,28807936,yfinance,2026-07-10T06:58:01.269533+00:00
2026-06-29 00:45:00+00:00,SOL-USD,15m,71.0,71.58000183105469,70.66999816894531,71.54000091552734,19038080,19038080,yfinance,2026-07-10T06:58:01.269533+00:00
2026-06-29 01:00:00+00:00,SOL-USD,15m,71.55000305175781,71.58000183105469,71.16999816894531,71.26000213623047,23498368,23498368,yfinance,2026-07-10T06:58:01.269533+00:00
2026-06-29 01:15:00+00:00,SOL-USD,15m,71.26000213623047,71.31999969482422,70.87999725341797,70.9800033569336,13211520,13211520,yfinance,2026-07-10T06:58:01.269533+00:00
2026-06-29 01:30:00+00:00,SOL-USD,15m,70.94999694824219,71.55999755859375,70.86000061035156,71.5,13068160,13068160,yfinance,2026-07-10T06:58:01.269533+00:00
2026-06-29 01:45:00+00:00,SOL-USD,15m,71.5199966430664,71.55999755859375,71.3499984741211,71.37000274658203,20373504,20373504,yfinance,2026-07-10T06:58:01.269533+00:00
2026-06-29 02:00:00+00:00,SOL-USD,15m,71.3499984741211,71.52999877929688,70.44000244140625,70.58000183105469,10354560,10354560,yfinance,2026-07-10T06:58:01.269533+00:00
2026-06-29 02:15:00+00:00,SOL-USD,15m,70.69000244140625,71.70999908447266,70.58999633789062,71.66000366210938,26202368,26202368,yfinance,2026-07-10T06:58:01.269533+00:00
2026-06-29 02:30:00+00:00,SOL-USD,15m,71.6500015258789,72.0199966430664,71.4800033569336,71.97000122070312,30901376,30901376,yfinance,2026-07-10T06:58:01.269533+00:00
2026-06-29 02:45:00+00:00,SOL-USD,15m,71.9800033569336,72.0999984741211,71.86000061035156,72.06999969482422,22863488,22863488,yfinance,2026-07-10T06:58:01.269533+00:00
2026-06-29 03:00:00+00:00,SOL-USD,15m,72.06999969482422,73.19000244140625,72.06999969482422,72.80999755859375,73112832,73112832,yfinance,2026-07-10T06:58:01.269533+00:00
2026-06-29 03:15:00+00:00,SOL-USD,15m,72.7699966430664,73.16000366210938,72.69999694824219,73.08000183105469,43904128,43904128,yfinance,2026-07-10T06:58:01.269533+00:00
2026-06-29 03:30:00+00:00,SOL-USD,15m,73.08999633789062,73.1500015258789,72.58000183105469,72.63999938964844,26994688,26994688,yfinance,2026-07-10T06:58:01.269533+00:00
2026-06-29 03:45:00+00:00,SOL-USD,15m,72.5999984741211,72.80000305175781,72.4800033569336,72.55999755859375,11419648,11419648,yfinance,2026-07-10T06:58:01.269533+00:00
2026-06-29 04:00:00+00:00,SOL-USD,15m,72.54000091552734,72.55999755859375,72.27999877929688,72.31999969482422,10570752,10570752,yfinance,2026-07-10T06:58:01.269533+00:00
2026-06-29 04:15:00+00:00,SOL-USD,15m,72.31999969482422,72.36000061035156,72.02999877929688,72.25,6475776,6475776,yfinance,2026-07-10T06:58:01.269533+00:00
2026-06-29 04:30:00+00:00,SOL-USD,15m,72.29000091552734,72.29000091552734,71.69000244140625,71.79000091552734,8446464,8446464,yfinance,2026-07-10T06:58:01.269533+00:00
2026-06-29 04:45:00+00:00,SOL-USD,15m,71.79000091552734,71.79000091552734,71.52999877929688,71.58000183105469,16061696,16061696,yfinance,2026-07-10T06:58:01.269533+00:00
2026-06-29 05:00:00+00:00,SOL-USD,15m,71.5999984741211,71.63999938964844,70.91000366210938,71.16000366210938,10464768,10464768,yfinance,2026-07-10T06:58:01.269533+00:00
2026-06-29 05:15:00+00:00,SOL-USD,15m,71.18000030517578,71.4000015258789,71.16000366210938,71.33000183105469,11557888,11557888,yfinance,2026-07-10T06:58:01.269533+00:00
2026-06-29 05:30:00+00:00,SOL-USD,15m,71.3499984741211,71.72000122070312,71.19999694824219,71.69000244140625,1852416,1852416,yfinance,2026-07-10T06:58:01.269533+00:00
2026-06-29 05:45:00+00:00,SOL-USD,15m,71.66000366210938,72.20999908447266,71.58999633789062,72.19000244140625,10129920,10129920,yfinance,2026-07-10T06:58:01.269533+00:00
2026-06-29 06:00:00+00:00,SOL-USD,15m,72.22000122070312,72.4000015258789,72.0999984741211,72.37999725341797,19346688,19346688,yfinance,2026-07-10T06:58:01.269533+00:00
2026-06-29 06:15:00+00:00,SOL-USD,15m,72.36000061035156,72.97000122070312,72.31999969482422,72.55000305175781,23789312,23789312,yfinance,2026-07-10T06:58:01.269533+00:00
2026-06-29 06:30:00+00:00,SOL-USD,15m,72.56999969482422,72.6500015258789,72.20999908447266,72.2699966430664,18312448,18312448,yfinance,2026-07-10T06:58:01.269533+00:00
2026-06-29 06:45:00+00:00,SOL-USD,15m,72.26000213623047,72.33999633789062,72.18000030517578,72.2699966430664,12454912,12454912,yfinance,2026-07-10T06:58:01.269533+00:00
2026-06-29 07:00:00+00:00,SOL-USD,15m,72.25,72.27999877929688,71.95999908447266,72.27999877929688,578816,578816,yfinance,2026-07-10T06:58:01.269533+00:00
2026-06-29 07:15:00+00:00,SOL-USD,15m,72.30999755859375,72.44999694824219,72.16000366210938,72.31999969482422,6148608,6148608,yfinance,2026-07-10T06:58:01.269533+00:00
2026-06-29 07:30:00+00:00,SOL-USD,15m,72.30999755859375,72.47000122070312,72.23999786376953,72.2699966430664,9871360,9871360,yfinance,2026-07-10T06:58:01.269533+00:00
2026-06-29 07:45:00+00:00,SOL-USD,15m,72.26000213623047,72.80000305175781,72.19999694824219,72.61000061035156,9437952,9437952,yfinance,2026-07-10T06:58:01.269533+00:00
2026-06-29 08:00:00+00:00,SOL-USD,15m,72.58999633789062,72.83999633789062,72.41000366210938,72.6500015258789,5590528,5590528,yfinance,2026-07-10T06:58:01.269533+00:00
2026-06-29 08:15:00+00:00,SOL-USD,15m,72.66999816894531,72.86000061035156,72.31999969482422,72.37000274658203,17798656,17798656,yfinance,2026-07-10T06:58:01.269533+00:00
2026-06-29 08:30:00+00:00,SOL-USD,15m,72.36000061035156,72.68000030517578,72.29000091552734,72.63999938964844,10294016,10294016,yfinance,2026-07-10T06:58:01.269533+00:00
2026-06-29 08:45:00+00:00,SOL-USD,15m,72.63999938964844,72.9000015258789,72.55000305175781,72.62999725341797,4637952,4637952,yfinance,2026-07-10T06:58:01.269533+00:00
2026-06-29 09:00:00+00:00,SOL-USD,15m,72.58999633789062,72.77999877929688,72.51000213623047,72.7699966430664,53760,53760,yfinance,2026-07-10T06:58:01.269533+00:00
2026-06-29 09:15:00+00:00,SOL-USD,15m,72.73999786376953,73.0199966430664,72.51000213623047,72.80000305175781,12468480,12468480,yfinance,2026-07-10T06:58:01.269533+00:00
2026-06-29 09:30:00+00:00,SOL-USD,15m,72.80999755859375,72.88999938964844,72.63999938964844,72.68000030517578,11653376,11653376,yfinance,2026-07-10T06:58:01.269533+00:00
2026-06-29 09:45:00+00:00,SOL-USD,15m,72.69999694824219,72.8499984741211,72.58999633789062,72.81999969482422,2702592,2702592,yfinance,2026-07-10T06:58:01.269533+00:00
2026-06-29 10:00:00+00:00,SOL-USD,15m,72.86000061035156,73.41999816894531,72.8499984741211,73.36000061035156,6726400,6726400,yfinance,2026-07-10T06:58:01.269533+00:00
2026-06-29 10:15:00+00:00,SOL-USD,15m,73.3499984741211,73.55999755859375,73.23999786376953,73.31999969482422,28613376,28613376,yfinance,2026-07-10T06:58:01.269533+00:00
2026-06-29 10:30:00+00:00,SOL-USD,15m,73.31999969482422,73.33000183105469,73.02999877929688,73.13999938964844,7860480,7860480,yfinance,2026-07-10T06:58:01.269533+00:00
2026-06-29 10:45:00+00:00,SOL-USD,15m,73.16000366210938,73.26000213623047,73.0999984741211,73.13999938964844,17123840,17123840,yfinance,2026-07-10T06:58:01.269533+00:00
2026-06-29 11:00:00+00:00,SOL-USD,15m,73.1500015258789,73.16000366210938,72.5199966430664,72.54000091552734,26015744,26015744,yfinance,2026-07-10T06:58:01.269533+00:00
2026-06-29 11:15:00+00:00,SOL-USD,15m,72.51000213623047,72.6500015258789,72.36000061035156,72.62999725341797,9015040,9015040,yfinance,2026-07-10T06:58:01.269533+00:00
2026-06-29 11:30:00+00:00,SOL-USD,15m,72.62000274658203,73.02999877929688,72.2699966430664,72.33000183105469,34678784,34678784,yfinance,2026-07-10T06:58:01.269533+00:00
2026-06-29 11:45:00+00:00,SOL-USD,15m,72.33000183105469,72.4800033569336,72.13999938964844,72.4800033569336,6223104,6223104,yfinance,2026-07-10T06:58:01.269533+00:00
2026-06-29 12:00:00+00:00,SOL-USD,15m,72.43000030517578,73.9800033569336,72.0199966430664,73.88999938964844,67971072,67971072,yfinance,2026-07-10T06:58:01.269533+00:00
2026-06-29 12:15:00+00:00,SOL-USD,15m,73.88999938964844,74.0,73.58000183105469,73.9000015258789,85895424,85895424,yfinance,2026-07-10T06:58:01.269533+00:00
2026-06-29 12:30:00+00:00,SOL-USD,15m,73.88999938964844,74.36000061035156,73.13999938964844,73.30999755859375,107985408,107985408,yfinance,2026-07-10T06:58:01.269533+00:00
2026-06-29 12:45:00+00:00,SOL-USD,15m,73.29000091552734,73.5199966430664,72.95999908447266,73.41000366210938,44698112,44698112,yfinance,2026-07-10T06:58:01.269533+00:00
2026-06-29 13:00:00+00:00,SOL-USD,15m,73.45999908447266,74.22000122070312,73.45999908447266,74.05999755859375,54297088,54297088,yfinance,2026-07-10T06:58:01.269533+00:00
2026-06-29 13:15:00+00:00,SOL-USD,15m,74.05000305175781,74.23999786376953,73.48999786376953,73.51000213623047,42556928,42556928,yfinance,2026-07-10T06:58:01.269533+00:00
2026-06-29 13:30:00+00:00,SOL-USD,15m,73.4000015258789,73.98999786376953,72.80999755859375,72.86000061035156,77006848,77006848,yfinance,2026-07-10T06:58:01.269533+00:00
2026-06-29 13:45:00+00:00,SOL-USD,15m,72.83999633789062,73.5999984741211,72.69000244140625,73.58000183105469,99592960,99592960,yfinance,2026-07-10T06:58:01.269533+00:00
2026-06-29 14:00:00+00:00,SOL-USD,15m,73.62999725341797,73.73999786376953,72.38999938964844,72.43000030517578,129567744,129567744,yfinance,2026-07-10T06:58:01.269533+00:00
2026-06-29 14:15:00+00:00,SOL-USD,15m,72.41999816894531,73.16999816894531,72.22000122070312,73.05000305175781,73016576,73016576,yfinance,2026-07-10T06:58:01.269533+00:00
2026-06-29 14:30:00+00:00,SOL-USD,15m,73.05999755859375,73.45999908447266,72.79000091552734,72.94999694824219,48009472,48009472,yfinance,2026-07-10T06:58:01.269533+00:00
2026-06-29 14:45:00+00:00,SOL-USD,15m,72.87999725341797,73.7300033569336,72.79000091552734,73.58000183105469,26470144,26470144,yfinance,2026-07-10T06:58:01.269533+00:00
2026-06-29 15:00:00+00:00,SOL-USD,15m,73.56999969482422,73.56999969482422,72.66000366210938,73.13999938964844,42156288,42156288,yfinance,2026-07-10T06:58:01.269533+00:00
2026-06-29 15:15:00+00:00,SOL-USD,15m,73.12000274658203,73.77999877929688,73.05999755859375,73.77999877929688,38544128,38544128,yfinance,2026-07-10T06:58:01.269533+00:00
2026-06-29 15:30:00+00:00,SOL-USD,15m,73.83000183105469,74.25,73.69000244140625,73.87000274658203,71559936,71559936,yfinance,2026-07-10T06:58:01.269533+00:00
2026-06-29 15:45:00+00:00,SOL-USD,15m,73.87000274658203,74.05999755859375,73.66999816894531,73.76000213623047,39400448,39400448,yfinance,2026-07-10T06:58:01.269533+00:00
2026-06-29 16:00:00+00:00,SOL-USD,15m,73.80000305175781,73.93000030517578,73.38999938964844,73.44000244140625,15061248,15061248,yfinance,2026-07-10T06:58:01.269533+00:00
2026-06-29 16:15:00+00:00,SOL-USD,15m,73.5199966430664,73.58999633789062,72.7699966430664,72.81999969482422,2234368,2234368,yfinance,2026-07-10T06:58:01.269533+00:00
2026-06-29 16:30:00+00:00,SOL-USD,15m,72.83000183105469,73.6500015258789,72.83000183105469,73.61000061035156,15798528,15798528,yfinance,2026-07-10T06:58:01.269533+00:00
2026-06-29 16:45:00+00:00,SOL-USD,15m,73.5999984741211,74.02999877929688,73.54000091552734,73.91999816894531,36436480,36436480,yfinance,2026-07-10T06:58:01.269533+00:00
2026-06-29 17:00:00+00:00,SOL-USD,15m,73.9000015258789,75.25,73.9000015258789,75.13999938964844,70142720,70142720,yfinance,2026-07-10T06:58:01.269533+00:00
2026-06-29 17:15:00+00:00,SOL-USD,15m,75.1500015258789,76.19000244140625,75.1500015258789,75.80000305175781,219843072,219843072,yfinance,2026-07-10T06:58:01.269533+00:00
2026-06-29 17:30:00+00:00,SOL-USD,15m,75.87000274658203,75.98999786376953,75.41999816894531,75.6500015258789,47624192,47624192,yfinance,2026-07-10T06:58:01.269533+00:00
2026-06-29 17:45:00+00:00,SOL-USD,15m,75.6500015258789,75.7300033569336,75.1500015258789,75.18000030517578,23350528,23350528,yfinance,2026-07-10T06:58:01.269533+00:00
2026-06-29 18:00:00+00:00,SOL-USD,15m,75.18000030517578,75.69000244140625,75.05000305175781,75.51000213623047,50088448,50088448,yfinance,2026-07-10T06:58:01.269533+00:00
2026-06-29 18:15:00+00:00,SOL-USD,15m,75.5199966430664,75.56999969482422,75.08999633789062,75.11000061035156,15604224,15604224,yfinance,2026-07-10T06:58:01.269533+00:00
2026-06-29 18:30:00+00:00,SOL-USD,15m,75.12000274658203,75.6500015258789,75.08000183105469,75.6500015258789,16558336,16558336,yfinance,2026-07-10T06:58:01.269533+00:00
2026-06-29 18:45:00+00:00,SOL-USD,15m,75.5999984741211,75.62000274658203,75.29000091552734,75.48999786376953,6833664,6833664,yfinance,2026-07-10T06:58:01.269533+00:00
2026-06-29 19:00:00+00:00,SOL-USD,15m,75.4800033569336,75.68000030517578,75.30000305175781,75.38999938964844,14110208,14110208,yfinance,2026-07-10T06:58:01.269533+00:00
2026-06-29 19:15:00+00:00,SOL-USD,15m,75.36000061035156,76.08000183105469,75.36000061035156,75.94000244140625,22097664,22097664,yfinance,2026-07-10T06:58:01.269533+00:00
2026-06-29 19:30:00+00:00,SOL-USD,15m,75.91999816894531,75.95999908447266,75.5999984741211,75.87999725341797,25929728,25929728,yfinance,2026-07-10T06:58:01.269533+00:00
2026-06-29 19:45:00+00:00,SOL-USD,15m,75.91000366210938,76.0999984741211,75.7699966430664,75.86000061035156,2643200,2643200,yfinance,2026-07-10T06:58:01.269533+00:00
2026-06-29 20:00:00+00:00,SOL-USD,15m,75.87999725341797,75.87999725341797,75.51000213623047,75.62999725341797,18838016,18838016,yfinance,2026-07-10T06:58:01.269533+00:00
2026-06-29 20:15:00+00:00,SOL-USD,15m,75.63999938964844,75.63999938964844,75.38999938964844,75.41000366210938,1791744,1791744,yfinance,2026-07-10T06:58:01.269533+00:00
2026-06-29 20:30:00+00:00,SOL-USD,15m,75.41000366210938,75.58000183105469,75.27999877929688,75.30999755859375,1441536,1441536,yfinance,2026-07-10T06:58:01.269533+00:00
2026-06-29 20:45:00+00:00,SOL-USD,15m,75.30999755859375,75.41999816894531,75.16999816894531,75.26000213623047,2068480,2068480,yfinance,2026-07-10T06:58:01.269533+00:00
2026-06-29 21:00:00+00:00,SOL-USD,15m,75.2699966430664,75.58000183105469,75.12000274658203,75.44999694824219,10270976,10270976,yfinance,2026-07-10T06:58:01.269533+00:00
2026-06-29 21:15:00+00:00,SOL-USD,15m,75.41999816894531,75.47000122070312,75.33000183105469,75.33999633789062,10215936,10215936,yfinance,2026-07-10T06:58:01.269533+00:00
2026-06-29 21:30:00+00:00,SOL-USD,15m,75.33000183105469,75.66000366210938,75.33000183105469,75.51000213623047,15547392,15547392,yfinance,2026-07-10T06:58:01.269533+00:00
2026-06-29 21:45:00+00:00,SOL-USD,15m,75.52999877929688,75.62000274658203,75.33999633789062,75.41999816894531,5584384,5584384,yfinance,2026-07-10T06:58:01.269533+00:00
2026-06-29 22:00:00+00:00,SOL-USD,15m,75.4000015258789,75.52999877929688,75.33999633789062,75.47000122070312,0,0,yfinance,2026-07-10T06:58:01.269533+00:00
2026-06-29 22:15:00+00:00,SOL-USD,15m,75.48999786376953,75.54000091552734,75.16999816894531,75.27999877929688,0,0,yfinance,2026-07-10T06:58:01.269533+00:00
2026-06-29 22:30:00+00:00,SOL-USD,15m,75.27999877929688,75.30000305175781,75.05000305175781,75.22000122070312,0,0,yfinance,2026-07-10T06:58:01.269533+00:00
2026-06-29 22:45:00+00:00,SOL-USD,15m,75.20999908447266,75.36000061035156,75.0,75.16999816894531,0,0,yfinance,2026-07-10T06:58:01.269533+00:00
2026-06-29 23:00:00+00:00,SOL-USD,15m,75.1500015258789,75.31999969482422,75.1500015258789,75.25,0,0,yfinance,2026-07-10T06:58:01.269533+00:00
2026-06-29 23:15:00+00:00,SOL-USD,15m,75.26000213623047,75.27999877929688,74.94999694824219,75.08999633789062,0,0,yfinance,2026-07-10T06:58:01.269533+00:00
2026-06-29 23:30:00+00:00,SOL-USD,15m,75.06999969482422,75.06999969482422,74.80999755859375,74.91999816894531,0,0,yfinance,2026-07-10T06:58:01.269533+00:00
2026-06-29 23:45:00+00:00,SOL-USD,15m,74.91999816894531,75.0999984741211,74.91999816894531,75.0199966430664,633088,633088,yfinance,2026-07-10T06:58:01.269533+00:00
2026-06-30 00:00:00+00:00,SOL-USD,15m,75.05000305175781,75.12000274658203,74.81999969482422,74.87999725341797,1372672,1372672,yfinance,2026-07-10T06:58:01.269533+00:00
2026-06-30 00:15:00+00:00,SOL-USD,15m,74.88999938964844,74.97000122070312,74.5,74.51000213623047,0,0,yfinance,2026-07-10T06:58:01.269533+00:00
2026-06-30 00:30:00+00:00,SOL-USD,15m,74.48999786376953,74.54000091552734,74.08000183105469,74.27999877929688,4198656,4198656,yfinance,2026-07-10T06:58:01.269533+00:00
2026-06-30 00:45:00+00:00,SOL-USD,15m,74.23999786376953,74.5199966430664,74.22000122070312,74.29000091552734,5157888,5157888,yfinance,2026-07-10T06:58:01.269533+00:00
2026-06-30 01:00:00+00:00,SOL-USD,15m,74.33000183105469,74.3499984741211,73.95999908447266,74.12000274658203,606208,606208,yfinance,2026-07-10T06:58:01.269533+00:00
2026-06-30 01:15:00+00:00,SOL-USD,15m,74.08000183105469,74.55000305175781,74.08000183105469,74.55000305175781,5336832,5336832,yfinance,2026-07-10T06:58:01.269533+00:00
2026-06-30 01:30:00+00:00,SOL-USD,15m,74.52999877929688,74.55000305175781,74.0999984741211,74.19000244140625,11310336,11310336,yfinance,2026-07-10T06:58:01.269533+00:00
2026-06-30 01:45:00+00:00,SOL-USD,15m,74.18000030517578,74.31999969482422,74.16000366210938,74.29000091552734,0,0,yfinance,2026-07-10T06:58:01.269533+00:00
2026-06-30 02:00:00+00:00,SOL-USD,15m,74.30000305175781,74.30999755859375,73.93000030517578,73.98999786376953,0,0,yfinance,2026-07-10T06:58:01.269533+00:00
2026-06-30 02:15:00+00:00,SOL-USD,15m,73.98999786376953,74.23999786376953,73.95999908447266,74.2300033569336,0,0,yfinance,2026-07-10T06:58:01.269533+00:00
2026-06-30 02:30:00+00:00,SOL-USD,15m,74.22000122070312,74.44000244140625,74.08999633789062,74.44000244140625,0,0,yfinance,2026-07-10T06:58:01.269533+00:00
2026-06-30 02:45:00+00:00,SOL-USD,15m,74.5,74.69000244140625,74.45999908447266,74.47000122070312,0,0,yfinance,2026-07-10T06:58:01.269533+00:00
2026-06-30 03:00:00+00:00,SOL-USD,15m,74.48999786376953,74.63999938964844,74.44999694824219,74.55999755859375,0,0,yfinance,2026-07-10T06:58:01.269533+00:00
2026-06-30 03:15:00+00:00,SOL-USD,15m,74.54000091552734,74.7699966430664,74.41999816894531,74.5,0,0,yfinance,2026-07-10T06:58:01.269533+00:00
2026-06-30 03:30:00+00:00,SOL-USD,15m,74.5,74.5199966430664,74.22000122070312,74.3499984741211,0,0,yfinance,2026-07-10T06:58:01.269533+00:00
2026-06-30 03:45:00+00:00,SOL-USD,15m,74.31999969482422,74.3499984741211,74.0,74.06999969482422,0,0,yfinance,2026-07-10T06:58:01.269533+00:00
2026-06-30 04:00:00+00:00,SOL-USD,15m,74.05000305175781,74.12999725341797,73.66000366210938,74.01000213623047,5326592,5326592,yfinance,2026-07-10T06:58:01.269533+00:00
2026-06-30 04:15:00+00:00,SOL-USD,15m,73.94999694824219,74.05000305175781,73.55999755859375,73.83000183105469,26202368,26202368,yfinance,2026-07-10T06:58:01.269533+00:00
2026-06-30 04:30:00+00:00,SOL-USD,15m,73.83000183105469,74.05000305175781,73.83000183105469,73.94000244140625,3955712,3955712,yfinance,2026-07-10T06:58:01.269533+00:00
2026-06-30 04:45:00+00:00,SOL-USD,15m,73.94999694824219,73.97000122070312,73.83000183105469,73.91000366210938,0,0,yfinance,2026-07-10T06:58:01.269533+00:00
2026-06-30 05:00:00+00:00,SOL-USD,15m,73.9000015258789,74.04000091552734,73.81999969482422,73.91000366210938,0,0,yfinance,2026-07-10T06:58:01.269533+00:00
2026-06-30 05:15:00+00:00,SOL-USD,15m,73.93000030517578,73.9800033569336,73.72000122070312,73.8499984741211,0,0,yfinance,2026-07-10T06:58:01.269533+00:00
2026-06-30 05:30:00+00:00,SOL-USD,15m,73.83999633789062,74.08999633789062,73.7300033569336,73.98999786376953,2210560,2210560,yfinance,2026-07-10T06:58:01.269533+00:00
2026-06-30 05:45:00+00:00,SOL-USD,15m,73.9800033569336,74.11000061035156,73.9800033569336,74.11000061035156,0,0,yfinance,2026-07-10T06:58:01.269533+00:00
2026-06-30 06:00:00+00:00,SOL-USD,15m,74.12000274658203,74.12000274658203,73.87999725341797,73.91999816894531,0,0,yfinance,2026-07-10T06:58:01.269533+00:00
2026-06-30 06:15:00+00:00,SOL-USD,15m,73.94000244140625,74.12999725341797,73.79000091552734,74.11000061035156,0,0,yfinance,2026-07-10T06:58:01.269533+00:00
2026-06-30 06:30:00+00:00,SOL-USD,15m,74.11000061035156,74.13999938964844,73.91999816894531,73.97000122070312,0,0,yfinance,2026-07-10T06:58:01.269533+00:00
2026-06-30 06:45:00+00:00,SOL-USD,15m,73.9800033569336,74.08000183105469,73.94999694824219,74.05000305175781,0,0,yfinance,2026-07-10T06:58:01.269533+00:00
2026-06-30 07:00:00+00:00,SOL-USD,15m,74.05000305175781,74.12999725341797,73.75,73.83999633789062,0,0,yfinance,2026-07-10T06:58:01.269533+00:00
2026-06-30 07:15:00+00:00,SOL-USD,15m,73.87000274658203,73.93000030517578,73.7699966430664,73.81999969482422,2151168,2151168,yfinance,2026-07-10T06:58:01.269533+00:00
2026-06-30 07:30:00+00:00,SOL-USD,15m,73.81999969482422,74.0199966430664,73.81999969482422,73.93000030517578,0,0,yfinance,2026-07-10T06:58:01.269533+00:00
2026-06-30 07:45:00+00:00,SOL-USD,15m,73.93000030517578,74.08999633789062,73.87999725341797,74.04000091552734,1206528,1206528,yfinance,2026-07-10T06:58:01.269533+00:00
2026-06-30 08:00:00+00:00,SOL-USD,15m,74.02999877929688,74.0999984741211,73.79000091552734,73.80000305175781,0,0,yfinance,2026-07-10T06:58:01.269533+00:00
2026-06-30 08:15:00+00:00,SOL-USD,15m,73.80000305175781,73.91999816894531,73.7300033569336,73.88999938964844,0,0,yfinance,2026-07-10T06:58:01.269533+00:00
2026-06-30 08:30:00+00:00,SOL-USD,15m,73.88999938964844,73.93000030517578,73.30999755859375,73.44999694824219,20876544,20876544,yfinance,2026-07-10T06:58:01.269533+00:00
2026-06-30 08:45:00+00:00,SOL-USD,15m,73.43000030517578,73.72000122070312,73.16999816894531,73.5,62399744,62399744,yfinance,2026-07-10T06:58:01.269533+00:00
2026-06-30 09:00:00+00:00,SOL-USD,15m,73.48999786376953,73.69000244140625,73.45999908447266,73.69000244140625,18337024,18337024,yfinance,2026-07-10T06:58:01.269533+00:00
2026-06-30 09:15:00+00:00,SOL-USD,15m,73.68000030517578,73.70999908447266,73.4800033569336,73.5199966430664,6645504,6645504,yfinance,2026-07-10T06:58:01.269533+00:00
2026-06-30 09:30:00+00:00,SOL-USD,15m,73.51000213623047,73.68000030517578,73.43000030517578,73.62000274658203,0,0,yfinance,2026-07-10T06:58:01.269533+00:00
2026-06-30 09:45:00+00:00,SOL-USD,15m,73.62000274658203,73.7699966430664,73.62000274658203,73.69999694824219,0,0,yfinance,2026-07-10T06:58:01.269533+00:00
2026-06-30 10:00:00+00:00,SOL-USD,15m,73.69999694824219,73.7699966430664,73.5199966430664,73.6500015258789,264812288,264812288,yfinance,2026-07-10T06:58:01.269533+00:00
2026-06-30 10:15:00+00:00,SOL-USD,15m,73.66000366210938,73.7300033569336,73.52999877929688,73.54000091552734,0,0,yfinance,2026-07-10T06:58:01.269533+00:00
2026-06-30 10:30:00+00:00,SOL-USD,15m,73.5199966430664,73.55000305175781,73.37999725341797,73.5199966430664,0,0,yfinance,2026-07-10T06:58:01.269533+00:00
2026-06-30 10:45:00+00:00,SOL-USD,15m,73.4800033569336,73.69000244140625,73.45999908447266,73.58000183105469,0,0,yfinance,2026-07-10T06:58:01.269533+00:00
2026-06-30 11:00:00+00:00,SOL-USD,15m,73.56999969482422,73.63999938964844,73.5199966430664,73.58999633789062,0,0,yfinance,2026-07-10T06:58:01.269533+00:00
2026-06-30 11:15:00+00:00,SOL-USD,15m,73.62000274658203,73.62000274658203,73.2699966430664,73.33000183105469,0,0,yfinance,2026-07-10T06:58:01.269533+00:00
2026-06-30 11:30:00+00:00,SOL-USD,15m,73.33999633789062,73.45999908447266,73.25,73.44000244140625,0,0,yfinance,2026-07-10T06:58:01.269533+00:00
2026-06-30 11:45:00+00:00,SOL-USD,15m,73.44000244140625,73.56999969482422,73.22000122070312,73.27999877929688,530176,530176,yfinance,2026-07-10T06:58:01.269533+00:00
2026-06-30 12:00:00+00:00,SOL-USD,15m,73.2699966430664,73.29000091552734,72.8499984741211,72.86000061035156,0,0,yfinance,2026-07-10T06:58:01.269533+00:00
2026-06-30 12:15:00+00:00,SOL-USD,15m,72.86000061035156,72.93000030517578,72.4800033569336,72.55000305175781,0,0,yfinance,2026-07-10T06:58:01.269533+00:00
2026-06-30 12:30:00+00:00,SOL-USD,15m,72.54000091552734,72.61000061035156,72.30999755859375,72.38999938964844,0,0,yfinance,2026-07-10T06:58:01.269533+00:00
2026-06-30 12:45:00+00:00,SOL-USD,15m,72.38999938964844,72.41999816894531,71.95999908447266,71.95999908447266,0,0,yfinance,2026-07-10T06:58:01.269533+00:00
2026-06-30 13:00:00+00:00,SOL-USD,15m,72.01000213623047,72.37000274658203,71.80999755859375,72.23999786376953,2952448,2952448,yfinance,2026-07-10T06:58:01.269533+00:00
2026-06-30 13:15:00+00:00,SOL-USD,15m,72.2699966430664,72.45999908447266,72.26000213623047,72.4000015258789,0,0,yfinance,2026-07-10T06:58:01.269533+00:00
2026-06-30 13:30:00+00:00,SOL-USD,15m,72.51000213623047,72.69999694824219,71.87000274658203,72.36000061035156,96066560,96066560,yfinance,2026-07-10T06:58:01.269533+00:00
2026-06-30 13:45:00+00:00,SOL-USD,15m,72.36000061035156,72.80999755859375,72.18000030517578,72.76000213623047,0,0,yfinance,2026-07-10T06:58:01.269533+00:00
2026-06-30 14:00:00+00:00,SOL-USD,15m,72.69999694824219,73.44999694824219,72.69999694824219,73.25,0,0,yfinance,2026-07-10T06:58:01.269533+00:00
2026-06-30 14:15:00+00:00,SOL-USD,15m,73.25,73.66000366210938,73.12999725341797,73.66000366210938,2486784,2486784,yfinance,2026-07-10T06:58:01.269533+00:00
2026-06-30 14:30:00+00:00,SOL-USD,15m,73.63999938964844,73.76000213623047,72.98999786376953,73.4800033569336,0,0,yfinance,2026-07-10T06:58:01.269533+00:00
2026-06-30 14:45:00+00:00,SOL-USD,15m,73.45999908447266,73.45999908447266,72.62000274658203,72.81999969482422,7171584,7171584,yfinance,2026-07-10T06:58:01.269533+00:00
2026-06-30 15:00:00+00:00,SOL-USD,15m,72.81999969482422,73.02999877929688,72.4800033569336,72.86000061035156,0,0,yfinance,2026-07-10T06:58:01.269533+00:00
2026-06-30 15:15:00+00:00,SOL-USD,15m,72.86000061035156,73.27999877929688,72.55000305175781,73.11000061035156,21167104,21167104,yfinance,2026-07-10T06:58:01.269533+00:00
2026-06-30 15:30:00+00:00,SOL-USD,15m,73.12000274658203,73.37000274658203,72.94000244140625,73.19000244140625,0,0,yfinance,2026-07-10T06:58:01.269533+00:00
2026-06-30 15:45:00+00:00,SOL-USD,15m,73.2300033569336,73.91999816894531,72.97000122070312,73.0,21942016,21942016,yfinance,2026-07-10T06:58:01.269533+00:00
2026-06-30 16:00:00+00:00,SOL-USD,15m,73.01000213623047,73.43000030517578,72.7699966430664,72.77999877929688,5062400,5062400,yfinance,2026-07-10T06:58:01.269533+00:00
2026-06-30 16:15:00+00:00,SOL-USD,15m,72.76000213623047,72.91999816894531,72.61000061035156,72.6500015258789,8812288,8812288,yfinance,2026-07-10T06:58:01.269533+00:00
2026-06-30 16:30:00+00:00,SOL-USD,15m,72.69999694824219,73.13999938964844,72.63999938964844,72.97000122070312,0,0,yfinance,2026-07-10T06:58:01.269533+00:00
2026-06-30 16:45:00+00:00,SOL-USD,15m,72.94999694824219,73.58999633789062,72.94999694824219,73.37999725341797,0,0,yfinance,2026-07-10T06:58:01.269533+00:00
2026-06-30 17:00:00+00:00,SOL-USD,15m,73.41999816894531,73.7699966430664,73.33999633789062,73.37000274658203,0,0,yfinance,2026-07-10T06:58:01.269533+00:00
2026-06-30 17:15:00+00:00,SOL-USD,15m,73.38999938964844,73.4800033569336,73.26000213623047,73.31999969482422,0,0,yfinance,2026-07-10T06:58:01.269533+00:00
2026-06-30 17:30:00+00:00,SOL-USD,15m,73.3499984741211,73.44999694824219,73.22000122070312,73.23999786376953,0,0,yfinance,2026-07-10T06:58:01.269533+00:00
2026-06-30 17:45:00+00:00,SOL-USD,15m,73.22000122070312,73.4000015258789,73.05000305175781,73.06999969482422,0,0,yfinance,2026-07-10T06:58:01.269533+00:00
2026-06-30 18:00:00+00:00,SOL-USD,15m,73.06999969482422,73.23999786376953,72.9800033569336,73.19999694824219,0,0,yfinance,2026-07-10T06:58:01.269533+00:00
2026-06-30 18:15:00+00:00,SOL-USD,15m,73.19999694824219,73.62999725341797,73.08999633789062,73.30000305175781,2660352,2660352,yfinance,2026-07-10T06:58:01.269533+00:00
2026-06-30 18:30:00+00:00,SOL-USD,15m,73.30000305175781,73.30999755859375,72.83999633789062,73.1500015258789,4571904,4571904,yfinance,2026-07-10T06:58:01.269533+00:00
2026-06-30 18:45:00+00:00,SOL-USD,15m,73.16999816894531,73.56999969482422,73.16999816894531,73.45999908447266,11152128,11152128,yfinance,2026-07-10T06:58:01.269533+00:00
2026-06-30 19:00:00+00:00,SOL-USD,15m,73.44999694824219,73.58000183105469,73.33999633789062,73.44999694824219,0,0,yfinance,2026-07-10T06:58:01.269533+00:00
2026-06-30 19:15:00+00:00,SOL-USD,15m,73.41999816894531,73.44000244140625,73.23999786376953,73.44000244140625,0,0,yfinance,2026-07-10T06:58:01.269533+00:00
2026-06-30 19:30:00+00:00,SOL-USD,15m,73.43000030517578,73.83000183105469,73.4000015258789,73.69999694824219,566784,566784,yfinance,2026-07-10T06:58:01.269533+00:00
2026-06-30 19:45:00+00:00,SOL-USD,15m,73.69000244140625,73.69999694824219,73.41000366210938,73.62000274658203,0,0,yfinance,2026-07-10T06:58:01.269533+00:00
2026-06-30 20:00:00+00:00,SOL-USD,15m,73.56999969482422,73.80999755859375,73.5199966430664,73.76000213623047,0,0,yfinance,2026-07-10T06:58:01.269533+00:00
2026-06-30 20:15:00+00:00,SOL-USD,15m,73.75,73.75,73.47000122070312,73.58000183105469,10445568,10445568,yfinance,2026-07-10T06:58:01.269533+00:00
2026-06-30 20:30:00+00:00,SOL-USD,15m,73.52999877929688,73.63999938964844,73.41000366210938,73.48999786376953,1048832,1048832,yfinance,2026-07-10T06:58:01.269533+00:00
2026-06-30 20:45:00+00:00,SOL-USD,15m,73.45999908447266,73.80000305175781,73.45999908447266,73.56999969482422,15297792,15297792,yfinance,2026-07-10T06:58:01.269533+00:00
2026-06-30 21:00:00+00:00,SOL-USD,15m,73.56999969482422,73.66000366210938,73.12999725341797,73.19000244140625,524032,524032,yfinance,2026-07-10T06:58:01.269533+00:00
2026-06-30 21:15:00+00:00,SOL-USD,15m,73.19999694824219,73.29000091552734,73.11000061035156,73.18000030517578,6110208,6110208,yfinance,2026-07-10T06:58:01.269533+00:00
2026-06-30 21:30:00+00:00,SOL-USD,15m,73.22000122070312,73.37999725341797,73.20999908447266,73.25,0,0,yfinance,2026-07-10T06:58:01.269533+00:00
2026-06-30 21:45:00+00:00,SOL-USD,15m,73.27999877929688,73.37999725341797,73.19000244140625,73.37999725341797,748544,748544,yfinance,2026-07-10T06:58:01.269533+00:00
2026-06-30 22:00:00+00:00,SOL-USD,15m,73.4000015258789,73.58000183105469,73.37000274658203,73.52999877929688,52736,52736,yfinance,2026-07-10T06:58:01.269533+00:00
2026-06-30 22:15:00+00:00,SOL-USD,15m,73.5199966430664,73.62000274658203,73.38999938964844,73.4000015258789,686336,686336,yfinance,2026-07-10T06:58:01.269533+00:00
2026-06-30 22:30:00+00:00,SOL-USD,15m,73.4000015258789,73.4000015258789,73.1500015258789,73.31999969482422,2570496,2570496,yfinance,2026-07-10T06:58:01.269533+00:00
2026-06-30 22:45:00+00:00,SOL-USD,15m,73.31999969482422,73.36000061035156,73.2300033569336,73.31999969482422,0,0,yfinance,2026-07-10T06:58:01.269533+00:00
2026-06-30 23:00:00+00:00,SOL-USD,15m,73.30999755859375,73.36000061035156,73.19000244140625,73.25,0,0,yfinance,2026-07-10T06:58:01.269533+00:00
2026-06-30 23:15:00+00:00,SOL-USD,15m,73.25,73.55000305175781,73.25,73.45999908447266,0,0,yfinance,2026-07-10T06:58:01.269533+00:00
2026-06-30 23:30:00+00:00,SOL-USD,15m,73.43000030517578,73.58999633789062,73.37999725341797,73.45999908447266,0,0,yfinance,2026-07-10T06:58:01.269533+00:00
2026-06-30 23:45:00+00:00,SOL-USD,15m,73.45999908447266,73.58999633789062,73.44999694824219,73.55000305175781,0,0,yfinance,2026-07-10T06:58:01.269533+00:00
2026-07-01 00:00:00+00:00,SOL-USD,15m,73.56999969482422,73.62999725341797,73.44000244140625,73.58999633789062,0,0,yfinance,2026-07-10T06:58:01.269533+00:00
2026-07-01 00:15:00+00:00,SOL-USD,15m,73.63999938964844,73.70999908447266,73.25,73.38999938964844,10229760,10229760,yfinance,2026-07-10T06:58:01.269533+00:00
2026-07-01 00:30:00+00:00,SOL-USD,15m,73.4000015258789,73.7300033569336,73.38999938964844,73.51000213623047,0,0,yfinance,2026-07-10T06:58:01.269533+00:00
2026-07-01 00:45:00+00:00,SOL-USD,15m,73.51000213623047,73.69999694824219,73.45999908447266,73.5199966430664,993536,993536,yfinance,2026-07-10T06:58:01.269533+00:00
2026-07-01 01:00:00+00:00,SOL-USD,15m,73.52999877929688,73.55000305175781,72.19000244140625,72.75,1984768,1984768,yfinance,2026-07-10T06:58:01.269533+00:00
2026-07-01 01:15:00+00:00,SOL-USD,15m,72.8499984741211,73.33999633789062,72.63999938964844,73.13999938964844,44659456,44659456,yfinance,2026-07-10T06:58:01.269533+00:00
2026-07-01 01:30:00+00:00,SOL-USD,15m,73.16000366210938,74.20999908447266,73.16000366210938,74.08000183105469,21751296,21751296,yfinance,2026-07-10T06:58:01.269533+00:00
2026-07-01 01:45:00+00:00,SOL-USD,15m,74.05000305175781,74.16000366210938,73.66999816894531,73.83000183105469,35957504,35957504,yfinance,2026-07-10T06:58:01.269533+00:00
2026-07-01 02:00:00+00:00,SOL-USD,15m,73.86000061035156,74.0999984741211,73.68000030517578,74.0199966430664,8466688,8466688,yfinance,2026-07-10T06:58:01.269533+00:00
2026-07-01 02:15:00+00:00,SOL-USD,15m,74.02999877929688,74.47000122070312,73.97000122070312,74.36000061035156,18313728,18313728,yfinance,2026-07-10T06:58:01.269533+00:00
2026-07-01 02:30:00+00:00,SOL-USD,15m,74.4000015258789,74.91000366210938,74.31999969482422,74.88999938964844,30691072,30691072,yfinance,2026-07-10T06:58:01.269533+00:00
2026-07-01 02:45:00+00:00,SOL-USD,15m,74.86000061035156,74.9000015258789,74.58999633789062,74.6500015258789,34927616,34927616,yfinance,2026-07-10T06:58:01.269533+00:00
2026-07-01 03:00:00+00:00,SOL-USD,15m,74.70999908447266,74.77999877929688,74.45999908447266,74.52999877929688,19325696,19325696,yfinance,2026-07-10T06:58:01.269533+00:00
2026-07-01 03:15:00+00:00,SOL-USD,15m,74.55000305175781,74.55000305175781,74.23999786376953,74.41000366210938,3351552,3351552,yfinance,2026-07-10T06:58:01.269533+00:00
2026-07-01 03:30:00+00:00,SOL-USD,15m,74.44999694824219,75.08999633789062,74.30999755859375,74.69000244140625,20787200,20787200,yfinance,2026-07-10T06:58:01.269533+00:00
2026-07-01 03:45:00+00:00,SOL-USD,15m,74.69000244140625,75.55000305175781,74.69000244140625,75.37000274658203,84038144,84038144,yfinance,2026-07-10T06:58:01.269533+00:00
2026-07-01 04:00:00+00:00,SOL-USD,15m,75.41999816894531,75.5199966430664,75.25,75.2699966430664,19754752,19754752,yfinance,2026-07-10T06:58:01.269533+00:00
2026-07-01 04:15:00+00:00,SOL-USD,15m,75.26000213623047,75.36000061035156,75.12999725341797,75.31999969482422,0,0,yfinance,2026-07-10T06:58:01.269533+00:00
2026-07-01 04:30:00+00:00,SOL-USD,15m,75.30999755859375,75.69999694824219,75.25,75.4800033569336,28942592,28942592,yfinance,2026-07-10T06:58:01.269533+00:00
2026-07-01 04:45:00+00:00,SOL-USD,15m,75.48999786376953,75.7300033569336,75.41000366210938,75.45999908447266,18176256,18176256,yfinance,2026-07-10T06:58:01.269533+00:00
2026-07-01 05:00:00+00:00,SOL-USD,15m,75.44999694824219,75.66000366210938,75.29000091552734,75.37999725341797,3293696,3293696,yfinance,2026-07-10T06:58:01.269533+00:00
2026-07-01 05:15:00+00:00,SOL-USD,15m,75.37999725341797,75.51000213623047,75.04000091552734,75.06999969482422,7694592,7694592,yfinance,2026-07-10T06:58:01.269533+00:00
2026-07-01 05:30:00+00:00,SOL-USD,15m,75.05000305175781,75.23999786376953,75.02999877929688,75.23999786376953,8523264,8523264,yfinance,2026-07-10T06:58:01.269533+00:00
2026-07-01 05:45:00+00:00,SOL-USD,15m,75.2699966430664,75.29000091552734,75.04000091552734,75.12999725341797,10022912,10022912,yfinance,2026-07-10T06:58:01.269533+00:00
2026-07-01 06:00:00+00:00,SOL-USD,15m,75.12000274658203,75.16000366210938,74.83000183105469,74.91000366210938,3386112,3386112,yfinance,2026-07-10T06:58:01.269533+00:00
2026-07-01 06:15:00+00:00,SOL-USD,15m,74.91000366210938,74.95999908447266,74.47000122070312,74.6500015258789,13293312,13293312,yfinance,2026-07-10T06:58:01.269533+00:00
2026-07-01 06:30:00+00:00,SOL-USD,15m,74.63999938964844,74.68000030517578,73.83000183105469,74.16000366210938,33575680,33575680,yfinance,2026-07-10T06:58:01.269533+00:00
2026-07-01 06:45:00+00:00,SOL-USD,15m,74.13999938964844,74.23999786376953,73.9000015258789,74.19999694824219,19911936,19911936,yfinance,2026-07-10T06:58:01.269533+00:00
2026-07-01 07:00:00+00:00,SOL-USD,15m,74.25,74.31999969482422,73.98999786376953,74.31999969482422,4794880,4794880,yfinance,2026-07-10T06:58:01.269533+00:00
2026-07-01 07:15:00+00:00,SOL-USD,15m,74.29000091552734,74.68000030517578,74.16000366210938,74.4800033569336,23918080,23918080,yfinance,2026-07-10T06:58:01.269533+00:00
2026-07-01 07:30:00+00:00,SOL-USD,15m,74.47000122070312,74.75,74.31999969482422,74.61000061035156,33167104,33167104,yfinance,2026-07-10T06:58:01.269533+00:00
2026-07-01 07:45:00+00:00,SOL-USD,15m,74.5999984741211,74.83000183105469,74.52999877929688,74.77999877929688,3554048,3554048,yfinance,2026-07-10T06:58:01.269533+00:00
2026-07-01 08:00:00+00:00,SOL-USD,15m,74.75,74.97000122070312,74.55999755859375,74.75,19780608,19780608,yfinance,2026-07-10T06:58:01.269533+00:00
2026-07-01 08:15:00+00:00,SOL-USD,15m,74.75,74.80999755859375,74.44999694824219,74.56999969482422,7478016,7478016,yfinance,2026-07-10T06:58:01.269533+00:00
2026-07-01 08:30:00+00:00,SOL-USD,15m,74.61000061035156,74.7699966430664,74.37000274658203,74.76000213623047,1962496,1962496,yfinance,2026-07-10T06:58:01.269533+00:00
2026-07-01 08:45:00+00:00,SOL-USD,15m,74.73999786376953,75.4000015258789,74.58000183105469,75.33999633789062,0,0,yfinance,2026-07-10T06:58:01.269533+00:00
2026-07-01 09:00:00+00:00,SOL-USD,15m,75.33999633789062,75.33999633789062,75.05000305175781,75.06999969482422,1971712,1971712,yfinance,2026-07-10T06:58:01.269533+00:00
2026-07-01 09:15:00+00:00,SOL-USD,15m,75.06999969482422,75.30000305175781,74.97000122070312,75.0199966430664,16275968,16275968,yfinance,2026-07-10T06:58:01.269533+00:00
2026-07-01 09:30:00+00:00,SOL-USD,15m,75.08000183105469,75.25,75.01000213623047,75.0999984741211,12610304,12610304,yfinance,2026-07-10T06:58:01.269533+00:00
2026-07-01 09:45:00+00:00,SOL-USD,15m,75.0999984741211,75.4800033569336,75.04000091552734,75.3499984741211,21791232,21791232,yfinance,2026-07-10T06:58:01.269533+00:00
2026-07-01 10:00:00+00:00,SOL-USD,15m,75.36000061035156,75.44999694824219,75.18000030517578,75.22000122070312,32267776,32267776,yfinance,2026-07-10T06:58:01.269533+00:00
2026-07-01 10:15:00+00:00,SOL-USD,15m,75.22000122070312,75.44000244140625,75.05999755859375,75.26000213623047,10413568,10413568,yfinance,2026-07-10T06:58:01.269533+00:00
2026-07-01 10:30:00+00:00,SOL-USD,15m,75.23999786376953,75.30000305175781,74.94000244140625,74.95999908447266,7649792,7649792,yfinance,2026-07-10T06:58:01.269533+00:00
2026-07-01 10:45:00+00:00,SOL-USD,15m,74.95999908447266,75.13999938964844,74.88999938964844,74.88999938964844,1204224,1204224,yfinance,2026-07-10T06:58:01.269533+00:00
2026-07-01 11:00:00+00:00,SOL-USD,15m,74.91999816894531,75.05999755859375,74.62000274658203,75.05999755859375,15768320,15768320,yfinance,2026-07-10T06:58:01.269533+00:00
2026-07-01 11:15:00+00:00,SOL-USD,15m,75.06999969482422,75.22000122070312,74.93000030517578,74.93000030517578,12411136,12411136,yfinance,2026-07-10T06:58:01.269533+00:00
2026-07-01 11:30:00+00:00,SOL-USD,15m,74.9000015258789,75.0,74.75,74.87000274658203,7437056,7437056,yfinance,2026-07-10T06:58:01.269533+00:00
2026-07-01 11:45:00+00:00,SOL-USD,15m,74.88999938964844,74.94000244140625,74.55000305175781,74.73999786376953,12383232,12383232,yfinance,2026-07-10T06:58:01.269533+00:00
2026-07-01 12:00:00+00:00,SOL-USD,15m,74.80999755859375,74.8499984741211,74.30999755859375,74.38999938964844,10601216,10601216,yfinance,2026-07-10T06:58:01.269533+00:00
2026-07-01 12:15:00+00:00,SOL-USD,15m,74.41000366210938,74.5999984741211,74.41000366210938,74.5199966430664,9544448,9544448,yfinance,2026-07-10T06:58:01.269533+00:00
2026-07-01 12:30:00+00:00,SOL-USD,15m,74.45999908447266,74.62000274658203,74.29000091552734,74.41000366210938,0,0,yfinance,2026-07-10T06:58:01.269533+00:00
2026-07-01 12:45:00+00:00,SOL-USD,15m,74.43000030517578,74.5199966430664,74.18000030517578,74.51000213623047,2460672,2460672,yfinance,2026-07-10T06:58:01.269533+00:00
2026-07-01 13:00:00+00:00,SOL-USD,15m,74.51000213623047,74.95999908447266,74.51000213623047,74.8499984741211,153088,153088,yfinance,2026-07-10T06:58:01.269533+00:00
2026-07-01 13:15:00+00:00,SOL-USD,15m,74.87999725341797,75.30999755859375,74.7699966430664,75.30999755859375,12188160,12188160,yfinance,2026-07-10T06:58:01.269533+00:00
2026-07-01 13:30:00+00:00,SOL-USD,15m,75.20999908447266,75.58000183105469,74.62000274658203,75.43000030517578,0,0,yfinance,2026-07-10T06:58:01.269533+00:00
2026-07-01 13:45:00+00:00,SOL-USD,15m,75.29000091552734,76.04000091552734,75.2699966430664,75.98999786376953,55451392,55451392,yfinance,2026-07-10T06:58:01.269533+00:00
2026-07-01 14:00:00+00:00,SOL-USD,15m,75.91000366210938,76.20999908447266,75.58999633789062,76.20999908447266,18796800,18796800,yfinance,2026-07-10T06:58:01.269533+00:00
2026-07-01 14:15:00+00:00,SOL-USD,15m,76.22000122070312,77.0999984741211,76.18000030517578,76.61000061035156,112504320,112504320,yfinance,2026-07-10T06:58:01.269533+00:00
2026-07-01 14:30:00+00:00,SOL-USD,15m,76.5999984741211,76.91999816894531,76.27999877929688,76.80000305175781,25753088,25753088,yfinance,2026-07-10T06:58:01.269533+00:00
2026-07-01 14:45:00+00:00,SOL-USD,15m,76.73999786376953,77.08000183105469,76.3499984741211,76.9000015258789,32798208,32798208,yfinance,2026-07-10T06:58:01.269533+00:00
2026-07-01 15:00:00+00:00,SOL-USD,15m,76.88999938964844,77.36000061035156,76.80000305175781,76.94000244140625,34969856,34969856,yfinance,2026-07-10T06:58:01.269533+00:00
2026-07-01 15:15:00+00:00,SOL-USD,15m,76.95999908447266,77.63999938964844,76.77999877929688,77.48999786376953,28330496,28330496,yfinance,2026-07-10T06:58:01.269533+00:00
2026-07-01 15:30:00+00:00,SOL-USD,15m,77.48999786376953,77.54000091552734,77.16000366210938,77.37000274658203,35421952,35421952,yfinance,2026-07-10T06:58:01.269533+00:00
2026-07-01 15:45:00+00:00,SOL-USD,15m,77.37000274658203,77.43000030517578,77.04000091552734,77.36000061035156,0,0,yfinance,2026-07-10T06:58:01.269533+00:00
2026-07-01 16:00:00+00:00,SOL-USD,15m,77.36000061035156,77.43000030517578,77.12000274658203,77.2300033569336,3555072,3555072,yfinance,2026-07-10T06:58:01.269533+00:00
2026-07-01 16:15:00+00:00,SOL-USD,15m,77.23999786376953,78.08000183105469,77.19999694824219,77.68000030517578,20343552,20343552,yfinance,2026-07-10T06:58:01.269533+00:00
2026-07-01 16:30:00+00:00,SOL-USD,15m,77.66999816894531,77.72000122070312,77.41999816894531,77.58999633789062,58313984,58313984,yfinance,2026-07-10T06:58:01.269533+00:00
2026-07-01 16:45:00+00:00,SOL-USD,15m,77.54000091552734,77.55999755859375,76.8499984741211,77.08999633789062,1567488,1567488,yfinance,2026-07-10T06:58:01.269533+00:00
2026-07-01 17:00:00+00:00,SOL-USD,15m,77.11000061035156,77.18000030517578,76.79000091552734,77.16999816894531,11861248,11861248,yfinance,2026-07-10T06:58:01.269533+00:00
2026-07-01 17:15:00+00:00,SOL-USD,15m,77.16999816894531,77.87000274658203,77.12999725341797,77.66000366210938,21715712,21715712,yfinance,2026-07-10T06:58:01.269533+00:00
2026-07-01 17:30:00+00:00,SOL-USD,15m,77.66000366210938,77.83000183105469,77.52999877929688,77.58999633789062,11065088,11065088,yfinance,2026-07-10T06:58:01.269533+00:00
2026-07-01 17:45:00+00:00,SOL-USD,15m,77.58999633789062,77.80999755859375,77.58000183105469,77.69999694824219,4416256,4416256,yfinance,2026-07-10T06:58:01.269533+00:00
2026-07-01 18:00:00+00:00,SOL-USD,15m,77.62999725341797,77.83000183105469,77.44000244140625,77.66999816894531,5800704,5800704,yfinance,2026-07-10T06:58:01.269533+00:00
2026-07-01 18:15:00+00:00,SOL-USD,15m,77.6500015258789,77.80000305175781,77.44999694824219,77.54000091552734,3150336,3150336,yfinance,2026-07-10T06:58:01.269533+00:00
2026-07-01 18:30:00+00:00,SOL-USD,15m,77.55000305175781,77.70999908447266,77.30000305175781,77.66999816894531,5287168,5287168,yfinance,2026-07-10T06:58:01.269533+00:00
2026-07-01 18:45:00+00:00,SOL-USD,15m,77.69000244140625,77.69000244140625,77.2300033569336,77.36000061035156,2273024,2273024,yfinance,2026-07-10T06:58:01.269533+00:00
2026-07-01 19:00:00+00:00,SOL-USD,15m,77.33999633789062,77.58999633789062,77.33000183105469,77.44000244140625,0,0,yfinance,2026-07-10T06:58:01.269533+00:00
2026-07-01 19:15:00+00:00,SOL-USD,15m,77.44999694824219,77.52999877929688,77.11000061035156,77.16000366210938,5539072,5539072,yfinance,2026-07-10T06:58:01.269533+00:00
2026-07-01 19:30:00+00:00,SOL-USD,15m,77.16000366210938,77.31999969482422,77.12000274658203,77.26000213623047,2949120,2949120,yfinance,2026-07-10T06:58:01.269533+00:00
2026-07-01 19:45:00+00:00,SOL-USD,15m,77.25,77.26000213623047,76.7300033569336,76.91999816894531,1205504,1205504,yfinance,2026-07-10T06:58:01.269533+00:00
2026-07-01 20:00:00+00:00,SOL-USD,15m,76.91000366210938,76.94999694824219,76.62999725341797,76.7699966430664,666880,666880,yfinance,2026-07-10T06:58:01.269533+00:00
2026-07-01 20:15:00+00:00,SOL-USD,15m,76.76000213623047,76.83000183105469,76.52999877929688,76.77999877929688,1506816,1506816,yfinance,2026-07-10T06:58:01.269533+00:00
2026-07-01 20:30:00+00:00,SOL-USD,15m,76.79000091552734,77.22000122070312,76.75,77.1500015258789,22318848,22318848,yfinance,2026-07-10T06:58:01.269533+00:00
2026-07-01 20:45:00+00:00,SOL-USD,15m,77.19999694824219,77.44000244140625,77.16999816894531,77.3499984741211,2651648,2651648,yfinance,2026-07-10T06:58:01.269533+00:00
2026-07-01 21:00:00+00:00,SOL-USD,15m,77.33999633789062,77.9800033569336,77.33999633789062,77.79000091552734,21221120,21221120,yfinance,2026-07-10T06:58:01.269533+00:00
2026-07-01 21:15:00+00:00,SOL-USD,15m,77.80000305175781,77.8499984741211,77.62999725341797,77.76000213623047,8927744,8927744,yfinance,2026-07-10T06:58:01.269533+00:00
2026-07-01 21:30:00+00:00,SOL-USD,15m,77.75,78.36000061035156,77.73999786376953,78.16000366210938,40601856,40601856,yfinance,2026-07-10T06:58:01.269533+00:00
2026-07-01 21:45:00+00:00,SOL-USD,15m,78.1500015258789,78.58999633789062,78.06999969482422,78.36000061035156,19587840,19587840,yfinance,2026-07-10T06:58:01.269533+00:00
2026-07-01 22:00:00+00:00,SOL-USD,15m,78.29000091552734,78.31999969482422,78.1500015258789,78.22000122070312,16385536,16385536,yfinance,2026-07-10T06:58:01.269533+00:00
2026-07-01 22:15:00+00:00,SOL-USD,15m,78.22000122070312,78.80999755859375,78.1500015258789,78.1500015258789,43692032,43692032,yfinance,2026-07-10T06:58:01.269533+00:00
2026-07-01 22:30:00+00:00,SOL-USD,15m,78.2300033569336,78.30999755859375,77.95999908447266,77.97000122070312,28335104,28335104,yfinance,2026-07-10T06:58:01.269533+00:00
2026-07-01 22:45:00+00:00,SOL-USD,15m,77.97000122070312,77.9800033569336,77.69999694824219,77.77999877929688,23325696,23325696,yfinance,2026-07-10T06:58:01.269533+00:00
2026-07-01 23:00:00+00:00,SOL-USD,15m,77.75,77.80000305175781,77.41000366210938,77.45999908447266,19250944,19250944,yfinance,2026-07-10T06:58:01.269533+00:00
2026-07-01 23:15:00+00:00,SOL-USD,15m,77.47000122070312,77.66000366210938,77.31999969482422,77.61000061035156,15082496,15082496,yfinance,2026-07-10T06:58:01.269533+00:00
2026-07-01 23:30:00+00:00,SOL-USD,15m,77.5999984741211,77.69000244140625,77.41000366210938,77.44999694824219,16023040,16023040,yfinance,2026-07-10T06:58:01.269533+00:00
2026-07-01 23:45:00+00:00,SOL-USD,15m,77.44000244140625,77.54000091552734,77.19000244140625,77.36000061035156,27864832,27864832,yfinance,2026-07-10T06:58:01.269533+00:00
2026-07-02 00:00:00+00:00,SOL-USD,15m,77.33000183105469,77.36000061035156,77.05999755859375,77.26000213623047,7406080,7406080,yfinance,2026-07-10T06:58:01.269533+00:00
2026-07-02 00:15:00+00:00,SOL-USD,15m,77.26000213623047,77.30000305175781,77.01000213623047,77.0999984741211,581376,581376,yfinance,2026-07-10T06:58:01.269533+00:00
2026-07-02 00:30:00+00:00,SOL-USD,15m,77.12000274658203,77.12000274658203,76.81999969482422,76.88999938964844,0,0,yfinance,2026-07-10T06:58:01.269533+00:00
2026-07-02 00:45:00+00:00,SOL-USD,15m,76.91999816894531,77.26000213623047,76.91999816894531,77.19000244140625,13612544,13612544,yfinance,2026-07-10T06:58:01.269533+00:00
2026-07-02 01:00:00+00:00,SOL-USD,15m,77.19000244140625,77.56999969482422,77.1500015258789,77.54000091552734,2075648,2075648,yfinance,2026-07-10T06:58:01.269533+00:00
2026-07-02 01:15:00+00:00,SOL-USD,15m,77.56999969482422,77.86000061035156,77.4800033569336,77.86000061035156,0,0,yfinance,2026-07-10T06:58:01.269533+00:00
2026-07-02 01:30:00+00:00,SOL-USD,15m,77.9000015258789,78.58999633789062,77.88999938964844,78.23999786376953,4730368,4730368,yfinance,2026-07-10T06:58:01.269533+00:00
2026-07-02 01:45:00+00:00,SOL-USD,15m,78.20999908447266,78.31999969482422,77.91999816894531,78.12000274658203,0,0,yfinance,2026-07-10T06:58:01.269533+00:00
2026-07-02 02:00:00+00:00,SOL-USD,15m,78.0999984741211,78.0999984741211,77.7300033569336,77.94999694824219,0,0,yfinance,2026-07-10T06:58:01.269533+00:00
2026-07-02 02:15:00+00:00,SOL-USD,15m,78.0,78.16999816894531,77.95999908447266,78.0999984741211,0,0,yfinance,2026-07-10T06:58:01.269533+00:00
2026-07-02 02:30:00+00:00,SOL-USD,15m,78.0999984741211,78.44000244140625,78.02999877929688,78.41000366210938,0,0,yfinance,2026-07-10T06:58:01.269533+00:00
2026-07-02 02:45:00+00:00,SOL-USD,15m,78.37999725341797,78.51000213623047,78.22000122070312,78.33999633789062,0,0,yfinance,2026-07-10T06:58:01.269533+00:00
2026-07-02 03:00:00+00:00,SOL-USD,15m,78.36000061035156,78.45999908447266,78.2699966430664,78.36000061035156,0,0,yfinance,2026-07-10T06:58:01.269533+00:00
2026-07-02 03:15:00+00:00,SOL-USD,15m,78.36000061035156,78.58000183105469,77.8499984741211,78.37000274658203,24337408,24337408,yfinance,2026-07-10T06:58:01.269533+00:00
2026-07-02 03:30:00+00:00,SOL-USD,15m,78.30000305175781,78.48999786376953,78.18000030517578,78.44999694824219,45447168,45447168,yfinance,2026-07-10T06:58:01.269533+00:00
2026-07-02 03:45:00+00:00,SOL-USD,15m,78.43000030517578,78.86000061035156,78.30000305175781,78.62999725341797,0,0,yfinance,2026-07-10T06:58:01.269533+00:00
2026-07-02 04:00:00+00:00,SOL-USD,15m,78.62000274658203,78.62000274658203,78.2699966430664,78.41999816894531,943872,943872,yfinance,2026-07-10T06:58:01.269533+00:00
2026-07-02 04:15:00+00:00,SOL-USD,15m,78.4000015258789,78.41000366210938,78.16000366210938,78.20999908447266,18176,18176,yfinance,2026-07-10T06:58:01.269533+00:00
2026-07-02 04:30:00+00:00,SOL-USD,15m,78.19000244140625,78.19000244140625,77.95999908447266,78.11000061035156,0,0,yfinance,2026-07-10T06:58:01.269533+00:00
2026-07-02 04:45:00+00:00,SOL-USD,15m,78.0999984741211,78.30999755859375,78.06999969482422,78.19999694824219,0,0,yfinance,2026-07-10T06:58:01.269533+00:00
2026-07-02 05:00:00+00:00,SOL-USD,15m,78.19000244140625,78.26000213623047,78.0199966430664,78.19000244140625,0,0,yfinance,2026-07-10T06:58:01.269533+00:00
2026-07-02 05:15:00+00:00,SOL-USD,15m,78.19000244140625,78.2300033569336,77.95999908447266,77.9800033569336,0,0,yfinance,2026-07-10T06:58:01.269533+00:00
2026-07-02 05:30:00+00:00,SOL-USD,15m,77.95999908447266,78.05000305175781,77.69999694824219,77.75,0,0,yfinance,2026-07-10T06:58:01.269533+00:00
2026-07-02 05:45:00+00:00,SOL-USD,15m,77.7699966430664,78.02999877929688,77.7300033569336,78.0199966430664,205312,205312,yfinance,2026-07-10T06:58:01.269533+00:00
2026-07-02 06:00:00+00:00,SOL-USD,15m,78.01000213623047,78.0999984741211,77.83999633789062,77.9800033569336,6095616,6095616,yfinance,2026-07-10T06:58:01.269533+00:00
2026-07-02 06:15:00+00:00,SOL-USD,15m,77.94000244140625,78.30999755859375,77.94000244140625,78.1500015258789,698624,698624,yfinance,2026-07-10T06:58:01.269533+00:00
2026-07-02 06:30:00+00:00,SOL-USD,15m,78.12999725341797,78.52999877929688,78.0,78.04000091552734,0,0,yfinance,2026-07-10T06:58:01.269533+00:00
2026-07-02 06:45:00+00:00,SOL-USD,15m,78.04000091552734,78.06999969482422,77.68000030517578,77.80999755859375,392960,392960,yfinance,2026-07-10T06:58:01.269533+00:00
2026-07-02 07:00:00+00:00,SOL-USD,15m,77.80000305175781,77.87000274658203,77.58000183105469,77.69999694824219,3598848,3598848,yfinance,2026-07-10T06:58:01.269533+00:00
2026-07-02 07:15:00+00:00,SOL-USD,15m,77.69000244140625,77.83999633789062,77.5,77.66000366210938,0,0,yfinance,2026-07-10T06:58:01.269533+00:00
2026-07-02 07:30:00+00:00,SOL-USD,15m,77.62999725341797,77.87999725341797,77.55999755859375,77.87000274658203,205056,205056,yfinance,2026-07-10T06:58:01.269533+00:00
2026-07-02 07:45:00+00:00,SOL-USD,15m,77.88999938964844,78.08000183105469,77.81999969482422,77.87999725341797,5213696,5213696,yfinance,2026-07-10T06:58:01.269533+00:00
2026-07-02 08:00:00+00:00,SOL-USD,15m,77.94000244140625,78.12999725341797,77.86000061035156,78.02999877929688,0,0,yfinance,2026-07-10T06:58:01.269533+00:00
2026-07-02 08:15:00+00:00,SOL-USD,15m,78.04000091552734,78.16999816894531,78.04000091552734,78.0999984741211,0,0,yfinance,2026-07-10T06:58:01.269533+00:00
2026-07-02 08:30:00+00:00,SOL-USD,15m,78.0199966430664,78.37000274658203,78.0,78.30999755859375,9530112,9530112,yfinance,2026-07-10T06:58:01.269533+00:00
2026-07-02 08:45:00+00:00,SOL-USD,15m,78.31999969482422,78.4000015258789,78.25,78.38999938964844,2156032,2156032,yfinance,2026-07-10T06:58:01.269533+00:00
2026-07-02 09:00:00+00:00,SOL-USD,15m,78.38999938964844,78.5199966430664,78.19999694824219,78.33999633789062,0,0,yfinance,2026-07-10T06:58:01.269533+00:00
2026-07-02 09:15:00+00:00,SOL-USD,15m,78.36000061035156,78.7699966430664,78.26000213623047,78.70999908447266,14074880,14074880,yfinance,2026-07-10T06:58:01.269533+00:00
2026-07-02 09:30:00+00:00,SOL-USD,15m,78.70999908447266,79.63999938964844,78.68000030517578,79.37000274658203,80491008,80491008,yfinance,2026-07-10T06:58:01.269533+00:00
2026-07-02 09:45:00+00:00,SOL-USD,15m,79.3499984741211,79.58999633789062,79.1500015258789,79.37999725341797,48069888,48069888,yfinance,2026-07-10T06:58:01.269533+00:00
2026-07-02 10:00:00+00:00,SOL-USD,15m,79.36000061035156,79.73999786376953,79.31999969482422,79.5999984741211,7778816,7778816,yfinance,2026-07-10T06:58:01.269533+00:00
2026-07-02 10:15:00+00:00,SOL-USD,15m,79.58999633789062,80.44999694824219,79.38999938964844,80.13999938964844,44649728,44649728,yfinance,2026-07-10T06:58:01.269533+00:00
2026-07-02 10:30:00+00:00,SOL-USD,15m,80.16000366210938,81.19999694824219,80.11000061035156,80.93000030517578,105153536,105153536,yfinance,2026-07-10T06:58:01.269533+00:00
2026-07-02 10:45:00+00:00,SOL-USD,15m,80.95999908447266,82.05000305175781,80.81999969482422,81.91000366210938,211684352,211684352,yfinance,2026-07-10T06:58:01.269533+00:00
2026-07-02 11:00:00+00:00,SOL-USD,15m,81.8499984741211,82.55000305175781,81.43000030517578,82.16999816894531,123335424,123335424,yfinance,2026-07-10T06:58:01.269533+00:00
2026-07-02 11:15:00+00:00,SOL-USD,15m,82.1500015258789,82.6500015258789,81.86000061035156,82.43000030517578,143284224,143284224,yfinance,2026-07-10T06:58:01.269533+00:00
2026-07-02 11:30:00+00:00,SOL-USD,15m,82.41000366210938,82.58999633789062,82.11000061035156,82.33000183105469,69228032,69228032,yfinance,2026-07-10T06:58:01.269533+00:00
2026-07-02 11:45:00+00:00,SOL-USD,15m,82.33999633789062,82.44999694824219,81.91000366210938,82.33000183105469,40723456,40723456,yfinance,2026-07-10T06:58:01.269533+00:00
2026-07-02 12:00:00+00:00,SOL-USD,15m,82.26000213623047,82.36000061035156,82.06999969482422,82.18000030517578,60789760,60789760,yfinance,2026-07-10T06:58:01.269533+00:00
2026-07-02 12:15:00+00:00,SOL-USD,15m,82.2300033569336,82.29000091552734,81.5999984741211,81.97000122070312,32077824,32077824,yfinance,2026-07-10T06:58:01.269533+00:00
2026-07-02 12:30:00+00:00,SOL-USD,15m,82.2699966430664,82.2699966430664,81.04000091552734,81.12000274658203,115119616,115119616,yfinance,2026-07-10T06:58:01.269533+00:00
2026-07-02 12:45:00+00:00,SOL-USD,15m,81.1500015258789,81.4000015258789,81.12000274658203,81.30999755859375,33966080,33966080,yfinance,2026-07-10T06:58:01.269533+00:00
2026-07-02 13:00:00+00:00,SOL-USD,15m,81.31999969482422,81.56999969482422,81.16999816894531,81.36000061035156,17157120,17157120,yfinance,2026-07-10T06:58:01.269533+00:00
2026-07-02 13:15:00+00:00,SOL-USD,15m,81.38999938964844,81.55000305175781,80.72000122070312,80.8499984741211,15308288,15308288,yfinance,2026-07-10T06:58:01.269533+00:00
2026-07-02 13:30:00+00:00,SOL-USD,15m,80.87000274658203,81.69999694824219,80.69000244140625,81.68000030517578,45992448,45992448,yfinance,2026-07-10T06:58:01.269533+00:00
2026-07-02 13:45:00+00:00,SOL-USD,15m,81.66000366210938,81.88999938964844,81.2699966430664,81.41000366210938,4802048,4802048,yfinance,2026-07-10T06:58:01.269533+00:00
2026-07-02 14:00:00+00:00,SOL-USD,15m,81.41000366210938,81.44000244140625,80.98999786376953,81.20999908447266,0,0,yfinance,2026-07-10T06:58:01.269533+00:00
2026-07-02 14:15:00+00:00,SOL-USD,15m,81.19999694824219,81.36000061035156,80.37999725341797,80.5,0,0,yfinance,2026-07-10T06:58:01.269533+00:00
2026-07-02 14:30:00+00:00,SOL-USD,15m,80.4800033569336,80.81999969482422,80.33999633789062,80.44999694824219,0,0,yfinance,2026-07-10T06:58:01.269533+00:00
2026-07-02 14:45:00+00:00,SOL-USD,15m,80.51000213623047,80.76000213623047,80.05000305175781,80.44999694824219,23244800,23244800,yfinance,2026-07-10T06:58:01.269533+00:00
2026-07-02 15:00:00+00:00,SOL-USD,15m,80.44000244140625,80.58000183105469,80.01000213623047,80.27999877929688,1967104,1967104,yfinance,2026-07-10T06:58:01.269533+00:00
2026-07-02 15:15:00+00:00,SOL-USD,15m,80.33000183105469,80.69999694824219,80.18000030517578,80.5999984741211,123904,123904,yfinance,2026-07-10T06:58:01.269533+00:00
2026-07-02 15:30:00+00:00,SOL-USD,15m,80.61000061035156,80.77999877929688,80.45999908447266,80.66999816894531,0,0,yfinance,2026-07-10T06:58:01.269533+00:00
2026-07-02 15:45:00+00:00,SOL-USD,15m,80.68000030517578,80.81999969482422,80.48999786376953,80.76000213623047,0,0,yfinance,2026-07-10T06:58:01.269533+00:00
2026-07-02 16:00:00+00:00,SOL-USD,15m,80.80000305175781,81.02999877929688,80.58000183105469,80.94000244140625,306176,306176,yfinance,2026-07-10T06:58:01.269533+00:00
2026-07-02 16:15:00+00:00,SOL-USD,15m,80.94999694824219,80.94999694824219,80.31999969482422,80.41999816894531,3196416,3196416,yfinance,2026-07-10T06:58:01.269533+00:00
2026-07-02 16:30:00+00:00,SOL-USD,15m,80.47000122070312,80.62999725341797,80.08000183105469,80.18000030517578,0,0,yfinance,2026-07-10T06:58:01.269533+00:00
2026-07-02 16:45:00+00:00,SOL-USD,15m,80.18000030517578,80.68000030517578,80.1500015258789,80.48999786376953,14085120,14085120,yfinance,2026-07-10T06:58:01.269533+00:00
2026-07-02 17:00:00+00:00,SOL-USD,15m,80.48999786376953,80.91999816894531,80.44999694824219,80.86000061035156,20911104,20911104,yfinance,2026-07-10T06:58:01.269533+00:00
2026-07-02 17:15:00+00:00,SOL-USD,15m,80.86000061035156,81.1500015258789,80.83000183105469,81.05999755859375,36565504,36565504,yfinance,2026-07-10T06:58:01.269533+00:00
2026-07-02 17:30:00+00:00,SOL-USD,15m,81.0199966430664,81.02999877929688,80.62000274658203,80.79000091552734,0,0,yfinance,2026-07-10T06:58:01.269533+00:00
2026-07-02 17:45:00+00:00,SOL-USD,15m,80.81999969482422,80.86000061035156,80.52999877929688,80.56999969482422,1219584,1219584,yfinance,2026-07-10T06:58:01.269533+00:00
2026-07-02 18:00:00+00:00,SOL-USD,15m,80.58999633789062,81.05999755859375,80.56999969482422,81.02999877929688,4734464,4734464,yfinance,2026-07-10T06:58:01.269533+00:00
2026-07-02 18:15:00+00:00,SOL-USD,15m,81.0,81.01000213623047,80.79000091552734,80.87999725341797,258048,258048,yfinance,2026-07-10T06:58:01.269533+00:00
2026-07-02 18:30:00+00:00,SOL-USD,15m,80.87999725341797,81.0199966430664,80.80999755859375,80.98999786376953,3400192,3400192,yfinance,2026-07-10T06:58:01.269533+00:00
2026-07-02 18:45:00+00:00,SOL-USD,15m,81.01000213623047,81.18000030517578,80.87000274658203,80.95999908447266,1688064,1688064,yfinance,2026-07-10T06:58:01.269533+00:00
2026-07-02 19:00:00+00:00,SOL-USD,15m,80.94999694824219,81.05000305175781,80.8499984741211,81.0199966430664,7294464,7294464,yfinance,2026-07-10T06:58:01.269533+00:00
2026-07-02 19:15:00+00:00,SOL-USD,15m,81.01000213623047,81.01000213623047,80.75,80.80000305175781,3408384,3408384,yfinance,2026-07-10T06:58:01.269533+00:00
2026-07-02 19:30:00+00:00,SOL-USD,15m,80.81999969482422,81.01000213623047,80.7699966430664,81.01000213623047,931840,931840,yfinance,2026-07-10T06:58:01.269533+00:00
2026-07-02 19:45:00+00:00,SOL-USD,15m,81.0,81.22000122070312,80.76000213623047,80.76000213623047,2256384,2256384,yfinance,2026-07-10T06:58:01.269533+00:00
2026-07-02 20:00:00+00:00,SOL-USD,15m,80.77999877929688,80.77999877929688,80.5199966430664,80.72000122070312,2387968,2387968,yfinance,2026-07-10T06:58:01.269533+00:00
2026-07-02 20:15:00+00:00,SOL-USD,15m,80.77999877929688,80.79000091552734,80.52999877929688,80.55999755859375,0,0,yfinance,2026-07-10T06:58:01.269533+00:00
2026-07-02 20:30:00+00:00,SOL-USD,15m,80.54000091552734,80.73999786376953,80.5199966430664,80.70999908447266,0,0,yfinance,2026-07-10T06:58:01.269533+00:00
2026-07-02 20:45:00+00:00,SOL-USD,15m,80.70999908447266,81.01000213623047,80.70999908447266,80.94000244140625,0,0,yfinance,2026-07-10T06:58:01.269533+00:00
2026-07-02 21:00:00+00:00,SOL-USD,15m,80.97000122070312,81.11000061035156,80.8499984741211,80.98999786376953,0,0,yfinance,2026-07-10T06:58:01.269533+00:00
2026-07-02 21:15:00+00:00,SOL-USD,15m,80.9800033569336,81.0199966430664,80.8499984741211,80.8499984741211,0,0,yfinance,2026-07-10T06:58:01.269533+00:00
2026-07-02 21:30:00+00:00,SOL-USD,15m,80.83000183105469,80.93000030517578,80.66000366210938,80.68000030517578,0,0,yfinance,2026-07-10T06:58:01.269533+00:00
2026-07-02 21:45:00+00:00,SOL-USD,15m,80.62999725341797,80.70999908447266,80.43000030517578,80.70999908447266,0,0,yfinance,2026-07-10T06:58:01.269533+00:00
2026-07-02 22:00:00+00:00,SOL-USD,15m,80.63999938964844,80.7699966430664,80.36000061035156,80.38999938964844,455424,455424,yfinance,2026-07-10T06:58:01.269533+00:00
2026-07-02 22:15:00+00:00,SOL-USD,15m,80.4000015258789,80.5999984741211,80.37999725341797,80.56999969482422,1935616,1935616,yfinance,2026-07-10T06:58:01.269533+00:00
2026-07-02 22:30:00+00:00,SOL-USD,15m,80.54000091552734,80.68000030517578,80.44000244140625,80.45999908447266,0,0,yfinance,2026-07-10T06:58:01.269533+00:00
2026-07-02 22:45:00+00:00,SOL-USD,15m,80.47000122070312,80.79000091552734,80.4000015258789,80.58000183105469,3330304,3330304,yfinance,2026-07-10T06:58:01.269533+00:00
2026-07-02 23:00:00+00:00,SOL-USD,15m,80.55999755859375,80.58000183105469,80.41999816894531,80.45999908447266,0,0,yfinance,2026-07-10T06:58:01.269533+00:00
2026-07-02 23:15:00+00:00,SOL-USD,15m,80.45999908447266,80.66000366210938,80.41999816894531,80.5999984741211,0,0,yfinance,2026-07-10T06:58:01.269533+00:00
2026-07-02 23:30:00+00:00,SOL-USD,15m,80.58000183105469,80.66999816894531,80.43000030517578,80.54000091552734,0,0,yfinance,2026-07-10T06:58:01.269533+00:00
2026-07-02 23:45:00+00:00,SOL-USD,15m,80.55000305175781,80.68000030517578,80.55000305175781,80.62000274658203,320512,320512,yfinance,2026-07-10T06:58:01.269533+00:00
2026-07-03 00:00:00+00:00,SOL-USD,15m,80.62000274658203,80.73999786376953,80.5,80.62000274658203,0,0,yfinance,2026-07-10T06:58:01.269533+00:00
2026-07-03 00:15:00+00:00,SOL-USD,15m,80.62000274658203,80.73999786376953,80.51000213623047,80.52999877929688,174592,174592,yfinance,2026-07-10T06:58:01.269533+00:00
2026-07-03 00:30:00+00:00,SOL-USD,15m,80.5199966430664,80.77999877929688,80.43000030517578,80.7300033569336,599808,599808,yfinance,2026-07-10T06:58:01.269533+00:00
2026-07-03 00:45:00+00:00,SOL-USD,15m,80.7300033569336,80.83000183105469,80.62000274658203,80.66000366210938,359936,359936,yfinance,2026-07-10T06:58:01.269533+00:00
2026-07-03 01:00:00+00:00,SOL-USD,15m,80.62999725341797,81.18000030517578,80.62000274658203,81.1500015258789,7447808,7447808,yfinance,2026-07-10T06:58:01.269533+00:00
2026-07-03 01:15:00+00:00,SOL-USD,15m,81.13999938964844,81.16000366210938,80.9000015258789,81.06999969482422,6909696,6909696,yfinance,2026-07-10T06:58:01.269533+00:00
2026-07-03 01:30:00+00:00,SOL-USD,15m,81.08000183105469,81.5,81.01000213623047,81.37999725341797,0,0,yfinance,2026-07-10T06:58:01.269533+00:00
2026-07-03 01:45:00+00:00,SOL-USD,15m,81.37999725341797,81.5999984741211,81.30000305175781,81.37000274658203,0,0,yfinance,2026-07-10T06:58:01.269533+00:00
2026-07-03 02:00:00+00:00,SOL-USD,15m,81.4000015258789,81.58000183105469,81.20999908447266,81.20999908447266,2936064,2936064,yfinance,2026-07-10T06:58:01.269533+00:00
2026-07-03 02:15:00+00:00,SOL-USD,15m,81.20999908447266,81.44000244140625,81.05999755859375,81.05999755859375,26112,26112,yfinance,2026-07-10T06:58:01.269533+00:00
2026-07-03 02:30:00+00:00,SOL-USD,15m,81.02999877929688,81.02999877929688,80.69999694824219,80.73999786376953,3794944,3794944,yfinance,2026-07-10T06:58:01.269533+00:00
2026-07-03 02:45:00+00:00,SOL-USD,15m,80.75,80.79000091552734,80.58999633789062,80.72000122070312,0,0,yfinance,2026-07-10T06:58:01.269533+00:00
2026-07-03 03:00:00+00:00,SOL-USD,15m,80.68000030517578,80.70999908447266,80.25,80.33000183105469,471552,471552,yfinance,2026-07-10T06:58:01.269533+00:00
2026-07-03 03:15:00+00:00,SOL-USD,15m,80.43000030517578,80.87999725341797,80.43000030517578,80.80000305175781,2405120,2405120,yfinance,2026-07-10T06:58:01.269533+00:00
2026-07-03 03:30:00+00:00,SOL-USD,15m,80.81999969482422,80.88999938964844,80.5199966430664,80.58000183105469,0,0,yfinance,2026-07-10T06:58:01.269533+00:00
2026-07-03 03:45:00+00:00,SOL-USD,15m,80.56999969482422,80.72000122070312,80.52999877929688,80.62999725341797,0,0,yfinance,2026-07-10T06:58:01.269533+00:00
2026-07-03 04:00:00+00:00,SOL-USD,15m,80.63999938964844,80.66999816894531,80.4000015258789,80.58000183105469,0,0,yfinance,2026-07-10T06:58:01.269533+00:00
2026-07-03 04:15:00+00:00,SOL-USD,15m,80.55999755859375,80.55999755859375,80.4000015258789,80.55999755859375,0,0,yfinance,2026-07-10T06:58:01.269533+00:00
2026-07-03 04:30:00+00:00,SOL-USD,15m,80.5199966430664,80.73999786376953,80.4800033569336,80.68000030517578,557312,557312,yfinance,2026-07-10T06:58:01.269533+00:00
2026-07-03 04:45:00+00:00,SOL-USD,15m,80.69999694824219,80.72000122070312,80.4000015258789,80.41000366210938,0,0,yfinance,2026-07-10T06:58:01.269533+00:00
2026-07-03 05:00:00+00:00,SOL-USD,15m,80.38999938964844,80.66000366210938,80.38999938964844,80.62999725341797,1522944,1522944,yfinance,2026-07-10T06:58:01.269533+00:00
2026-07-03 05:15:00+00:00,SOL-USD,15m,80.62999725341797,80.81999969482422,80.52999877929688,80.7699966430664,1626624,1626624,yfinance,2026-07-10T06:58:01.269533+00:00
2026-07-03 05:30:00+00:00,SOL-USD,15m,80.7300033569336,81.0999984741211,80.7300033569336,81.0199966430664,5710848,5710848,yfinance,2026-07-10T06:58:01.269533+00:00
2026-07-03 05:45:00+00:00,SOL-USD,15m,80.98999786376953,81.1500015258789,80.93000030517578,81.06999969482422,0,0,yfinance,2026-07-10T06:58:01.269533+00:00
2026-07-03 06:00:00+00:00,SOL-USD,15m,81.06999969482422,81.30000305175781,81.02999877929688,81.05999755859375,2925312,2925312,yfinance,2026-07-10T06:58:01.269533+00:00
2026-07-03 06:15:00+00:00,SOL-USD,15m,81.04000091552734,81.13999938964844,80.86000061035156,80.93000030517578,1123584,1123584,yfinance,2026-07-10T06:58:01.269533+00:00
2026-07-03 06:30:00+00:00,SOL-USD,15m,80.91999816894531,81.04000091552734,80.66000366210938,80.76000213623047,3107072,3107072,yfinance,2026-07-10T06:58:01.269533+00:00
2026-07-03 06:45:00+00:00,SOL-USD,15m,80.7699966430664,80.98999786376953,80.7699966430664,80.87000274658203,2189056,2189056,yfinance,2026-07-10T06:58:01.269533+00:00
2026-07-03 07:00:00+00:00,SOL-USD,15m,80.91000366210938,80.94000244140625,80.75,80.81999969482422,0,0,yfinance,2026-07-10T06:58:01.269533+00:00
2026-07-03 07:15:00+00:00,SOL-USD,15m,80.83000183105469,81.0199966430664,80.83000183105469,81.0199966430664,0,0,yfinance,2026-07-10T06:58:01.269533+00:00
2026-07-03 07:30:00+00:00,SOL-USD,15m,81.01000213623047,81.23999786376953,80.94999694824219,81.19999694824219,2783232,2783232,yfinance,2026-07-10T06:58:01.269533+00:00
2026-07-03 07:45:00+00:00,SOL-USD,15m,81.19000244140625,81.41000366210938,81.12999725341797,81.1500015258789,1835776,1835776,yfinance,2026-07-10T06:58:01.269533+00:00
2026-07-03 08:00:00+00:00,SOL-USD,15m,81.1500015258789,81.25,81.04000091552734,81.08999633789062,0,0,yfinance,2026-07-10T06:58:01.269533+00:00
2026-07-03 08:15:00+00:00,SOL-USD,15m,81.11000061035156,81.18000030517578,80.91999816894531,80.95999908447266,1161472,1161472,yfinance,2026-07-10T06:58:01.269533+00:00
2026-07-03 08:30:00+00:00,SOL-USD,15m,80.94000244140625,81.41000366210938,80.87000274658203,81.30999755859375,0,0,yfinance,2026-07-10T06:58:01.269533+00:00
2026-07-03 08:45:00+00:00,SOL-USD,15m,81.27999877929688,81.27999877929688,80.75,80.83000183105469,15684096,15684096,yfinance,2026-07-10T06:58:01.269533+00:00
2026-07-03 09:00:00+00:00,SOL-USD,15m,80.83000183105469,81.0,80.69999694824219,81.0,3724544,3724544,yfinance,2026-07-10T06:58:01.269533+00:00
2026-07-03 09:15:00+00:00,SOL-USD,15m,81.0,81.02999877929688,80.77999877929688,80.87000274658203,0,0,yfinance,2026-07-10T06:58:01.269533+00:00
2026-07-03 09:30:00+00:00,SOL-USD,15m,80.86000061035156,80.86000061035156,80.58999633789062,80.76000213623047,0,0,yfinance,2026-07-10T06:58:01.269533+00:00
2026-07-03 09:45:00+00:00,SOL-USD,15m,80.80999755859375,81.16000366210938,80.77999877929688,80.94000244140625,0,0,yfinance,2026-07-10T06:58:01.269533+00:00
2026-07-03 10:00:00+00:00,SOL-USD,15m,80.91999816894531,81.16000366210938,80.91999816894531,81.0,0,0,yfinance,2026-07-10T06:58:01.269533+00:00
2026-07-03 10:15:00+00:00,SOL-USD,15m,81.0,81.1500015258789,80.79000091552734,81.06999969482422,0,0,yfinance,2026-07-10T06:58:01.269533+00:00
2026-07-03 10:30:00+00:00,SOL-USD,15m,81.05999755859375,81.44999694824219,80.98999786376953,81.33999633789062,0,0,yfinance,2026-07-10T06:58:01.269533+00:00
2026-07-03 10:45:00+00:00,SOL-USD,15m,81.37999725341797,81.7699966430664,81.16000366210938,81.44999694824219,0,0,yfinance,2026-07-10T06:58:01.269533+00:00
2026-07-03 11:00:00+00:00,SOL-USD,15m,81.44000244140625,81.5999984741211,81.33000183105469,81.44000244140625,0,0,yfinance,2026-07-10T06:58:01.269533+00:00
2026-07-03 11:15:00+00:00,SOL-USD,15m,81.44999694824219,81.52999877929688,81.26000213623047,81.29000091552734,0,0,yfinance,2026-07-10T06:58:01.269533+00:00
2026-07-03 11:30:00+00:00,SOL-USD,15m,81.30000305175781,81.36000061035156,81.1500015258789,81.23999786376953,0,0,yfinance,2026-07-10T06:58:01.269533+00:00
2026-07-03 11:45:00+00:00,SOL-USD,15m,81.27999877929688,81.56999969482422,81.25,81.47000122070312,0,0,yfinance,2026-07-10T06:58:01.269533+00:00
2026-07-03 12:00:00+00:00,SOL-USD,15m,81.5,81.66999816894531,81.37000274658203,81.44999694824219,0,0,yfinance,2026-07-10T06:58:01.269533+00:00
2026-07-03 12:15:00+00:00,SOL-USD,15m,81.43000030517578,81.43000030517578,81.12000274658203,81.2300033569336,0,0,yfinance,2026-07-10T06:58:01.269533+00:00
2026-07-03 12:30:00+00:00,SOL-USD,15m,81.2300033569336,81.31999969482422,81.16000366210938,81.2699966430664,0,0,yfinance,2026-07-10T06:58:01.269533+00:00
2026-07-03 12:45:00+00:00,SOL-USD,15m,81.29000091552734,81.45999908447266,81.29000091552734,81.44999694824219,0,0,yfinance,2026-07-10T06:58:01.269533+00:00
2026-07-03 13:00:00+00:00,SOL-USD,15m,81.45999908447266,81.61000061035156,81.43000030517578,81.5199966430664,0,0,yfinance,2026-07-10T06:58:01.269533+00:00
2026-07-03 13:15:00+00:00,SOL-USD,15m,81.54000091552734,81.62999725341797,81.3499984741211,81.56999969482422,0,0,yfinance,2026-07-10T06:58:01.269533+00:00
2026-07-03 13:30:00+00:00,SOL-USD,15m,81.5999984741211,81.61000061035156,81.36000061035156,81.56999969482422,0,0,yfinance,2026-07-10T06:58:01.269533+00:00
2026-07-03 13:45:00+00:00,SOL-USD,15m,81.56999969482422,81.7300033569336,81.38999938964844,81.52999877929688,0,0,yfinance,2026-07-10T06:58:01.269533+00:00
2026-07-03 14:00:00+00:00,SOL-USD,15m,81.5199966430664,81.5199966430664,80.91000366210938,80.94000244140625,0,0,yfinance,2026-07-10T06:58:01.269533+00:00
2026-07-03 14:15:00+00:00,SOL-USD,15m,81.0,81.19999694824219,80.87000274658203,81.19999694824219,0,0,yfinance,2026-07-10T06:58:01.269533+00:00
2026-07-03 14:30:00+00:00,SOL-USD,15m,81.19000244140625,81.5,81.16999816894531,81.4800033569336,0,0,yfinance,2026-07-10T06:58:01.269533+00:00
2026-07-03 14:45:00+00:00,SOL-USD,15m,81.47000122070312,81.72000122070312,81.38999938964844,81.5999984741211,0,0,yfinance,2026-07-10T06:58:01.269533+00:00
2026-07-03 15:00:00+00:00,SOL-USD,15m,81.62999725341797,81.95999908447266,81.52999877929688,81.54000091552734,3990784,3990784,yfinance,2026-07-10T06:58:01.269533+00:00
2026-07-03 15:15:00+00:00,SOL-USD,15m,81.55999755859375,81.58000183105469,81.16000366210938,81.19000244140625,278272,278272,yfinance,2026-07-10T06:58:01.269533+00:00
2026-07-03 15:30:00+00:00,SOL-USD,15m,81.18000030517578,81.30000305175781,81.06999969482422,81.1500015258789,0,0,yfinance,2026-07-10T06:58:01.269533+00:00
2026-07-03 15:45:00+00:00,SOL-USD,15m,81.16000366210938,81.25,81.06999969482422,81.13999938964844,286208,286208,yfinance,2026-07-10T06:58:01.269533+00:00
2026-07-03 16:00:00+00:00,SOL-USD,15m,81.13999938964844,81.29000091552734,81.0,81.12000274658203,0,0,yfinance,2026-07-10T06:58:01.269533+00:00
2026-07-03 16:15:00+00:00,SOL-USD,15m,81.1500015258789,81.3499984741211,81.11000061035156,81.2699966430664,0,0,yfinance,2026-07-10T06:58:01.269533+00:00
2026-07-03 16:30:00+00:00,SOL-USD,15m,81.27999877929688,81.38999938964844,81.11000061035156,81.37000274658203,0,0,yfinance,2026-07-10T06:58:01.269533+00:00
2026-07-03 16:45:00+00:00,SOL-USD,15m,81.38999938964844,81.48999786376953,81.23999786376953,81.45999908447266,0,0,yfinance,2026-07-10T06:58:01.269533+00:00
2026-07-03 17:00:00+00:00,SOL-USD,15m,81.44000244140625,81.66000366210938,81.41000366210938,81.56999969482422,0,0,yfinance,2026-07-10T06:58:01.269533+00:00
2026-07-03 17:15:00+00:00,SOL-USD,15m,81.56999969482422,81.87999725341797,81.55000305175781,81.70999908447266,825856,825856,yfinance,2026-07-10T06:58:01.269533+00:00
2026-07-03 17:30:00+00:00,SOL-USD,15m,81.69999694824219,81.77999877929688,81.5199966430664,81.62999725341797,1509120,1509120,yfinance,2026-07-10T06:58:01.269533+00:00
2026-07-03 17:45:00+00:00,SOL-USD,15m,81.63999938964844,81.73999786376953,81.56999969482422,81.70999908447266,39936,39936,yfinance,2026-07-10T06:58:01.269533+00:00
2026-07-03 18:00:00+00:00,SOL-USD,15m,81.75,81.75,81.56999969482422,81.62999725341797,0,0,yfinance,2026-07-10T06:58:01.269533+00:00
2026-07-03 18:15:00+00:00,SOL-USD,15m,81.66000366210938,81.83000183105469,81.6500015258789,81.70999908447266,2918144,2918144,yfinance,2026-07-10T06:58:01.269533+00:00
2026-07-03 18:30:00+00:00,SOL-USD,15m,81.69999694824219,81.9000015258789,81.68000030517578,81.9000015258789,0,0,yfinance,2026-07-10T06:58:01.269533+00:00
2026-07-03 18:45:00+00:00,SOL-USD,15m,81.9000015258789,82.20999908447266,81.81999969482422,82.04000091552734,2700288,2700288,yfinance,2026-07-10T06:58:01.269533+00:00
2026-07-03 19:00:00+00:00,SOL-USD,15m,82.01000213623047,82.2300033569336,82.01000213623047,82.0199966430664,2345344,2345344,yfinance,2026-07-10T06:58:01.269533+00:00
2026-07-03 19:15:00+00:00,SOL-USD,15m,82.02999877929688,82.29000091552734,82.02999877929688,82.25,7105024,7105024,yfinance,2026-07-10T06:58:01.269533+00:00
2026-07-03 19:30:00+00:00,SOL-USD,15m,82.26000213623047,83.13999938964844,82.12999725341797,82.72000122070312,49417856,49417856,yfinance,2026-07-10T06:58:01.269533+00:00
2026-07-03 19:45:00+00:00,SOL-USD,15m,82.69999694824219,82.69999694824219,82.37000274658203,82.41000366210938,44724736,44724736,yfinance,2026-07-10T06:58:01.269533+00:00
2026-07-03 20:00:00+00:00,SOL-USD,15m,82.38999938964844,82.63999938964844,82.16999816894531,82.37999725341797,11532800,11532800,yfinance,2026-07-10T06:58:01.269533+00:00
2026-07-03 20:15:00+00:00,SOL-USD,15m,82.41000366210938,82.58000183105469,82.2300033569336,82.45999908447266,23751936,23751936,yfinance,2026-07-10T06:58:01.269533+00:00
2026-07-03 20:30:00+00:00,SOL-USD,15m,82.4800033569336,82.88999938964844,82.29000091552734,82.66999816894531,20700544,20700544,yfinance,2026-07-10T06:58:01.269533+00:00
2026-07-03 20:45:00+00:00,SOL-USD,15m,82.6500015258789,82.87999725341797,82.58000183105469,82.62000274658203,14651136,14651136,yfinance,2026-07-10T06:58:01.269533+00:00
2026-07-03 21:00:00+00:00,SOL-USD,15m,82.66000366210938,82.94000244140625,82.55999755859375,82.5999984741211,3487488,3487488,yfinance,2026-07-10T06:58:01.269533+00:00
2026-07-03 21:15:00+00:00,SOL-USD,15m,82.56999969482422,82.62999725341797,82.25,82.30000305175781,13955328,13955328,yfinance,2026-07-10T06:58:01.269533+00:00
2026-07-03 21:30:00+00:00,SOL-USD,15m,82.29000091552734,82.37000274658203,82.12000274658203,82.27999877929688,5407488,5407488,yfinance,2026-07-10T06:58:01.269533+00:00
2026-07-03 21:45:00+00:00,SOL-USD,15m,82.30000305175781,82.7699966430664,82.30000305175781,82.55999755859375,10730496,10730496,yfinance,2026-07-10T06:58:01.269533+00:00
2026-07-03 22:00:00+00:00,SOL-USD,15m,82.56999969482422,82.61000061035156,82.27999877929688,82.29000091552734,0,0,yfinance,2026-07-10T06:58:01.269533+00:00
2026-07-03 22:15:00+00:00,SOL-USD,15m,82.30000305175781,82.48999786376953,82.30000305175781,82.33999633789062,0,0,yfinance,2026-07-10T06:58:01.269533+00:00
2026-07-03 22:30:00+00:00,SOL-USD,15m,82.33999633789062,82.37000274658203,82.19000244140625,82.37000274658203,1291008,1291008,yfinance,2026-07-10T06:58:01.269533+00:00
2026-07-03 22:45:00+00:00,SOL-USD,15m,82.33999633789062,82.33999633789062,82.18000030517578,82.27999877929688,1193472,1193472,yfinance,2026-07-10T06:58:01.269533+00:00
2026-07-03 23:00:00+00:00,SOL-USD,15m,82.2699966430664,82.31999969482422,82.0999984741211,82.16999816894531,0,0,yfinance,2026-07-10T06:58:01.269533+00:00
2026-07-03 23:15:00+00:00,SOL-USD,15m,82.1500015258789,82.2699966430664,82.0999984741211,82.18000030517578,3431424,3431424,yfinance,2026-07-10T06:58:01.269533+00:00
2026-07-03 23:30:00+00:00,SOL-USD,15m,82.19000244140625,82.4000015258789,82.19000244140625,82.33999633789062,68864,68864,yfinance,2026-07-10T06:58:01.269533+00:00
2026-07-03 23:45:00+00:00,SOL-USD,15m,82.33999633789062,82.37999725341797,82.2300033569336,82.29000091552734,7355136,7355136,yfinance,2026-07-10T06:58:01.269533+00:00
2026-07-04 00:00:00+00:00,SOL-USD,15m,82.26000213623047,82.6500015258789,82.18000030517578,82.51000213623047,8881408,8881408,yfinance,2026-07-10T06:58:01.269533+00:00
2026-07-04 00:15:00+00:00,SOL-USD,15m,82.51000213623047,82.66000366210938,82.33999633789062,82.51000213623047,6875904,6875904,yfinance,2026-07-10T06:58:01.269533+00:00
2026-07-04 00:30:00+00:00,SOL-USD,15m,82.5199966430664,82.58000183105469,82.33000183105469,82.4000015258789,4162816,4162816,yfinance,2026-07-10T06:58:01.269533+00:00
2026-07-04 00:45:00+00:00,SOL-USD,15m,82.41000366210938,82.5199966430664,82.30999755859375,82.30999755859375,2726144,2726144,yfinance,2026-07-10T06:58:01.269533+00:00
2026-07-04 01:00:00+00:00,SOL-USD,15m,82.30000305175781,82.30000305175781,81.83999633789062,81.93000030517578,4194688,4194688,yfinance,2026-07-10T06:58:01.269533+00:00
2026-07-04 01:15:00+00:00,SOL-USD,15m,81.93000030517578,82.1500015258789,81.83999633789062,81.94000244140625,953728,953728,yfinance,2026-07-10T06:58:01.269533+00:00
2026-07-04 01:30:00+00:00,SOL-USD,15m,81.94999694824219,82.0,81.77999877929688,81.83999633789062,3376128,3376128,yfinance,2026-07-10T06:58:01.269533+00:00
2026-07-04 01:45:00+00:00,SOL-USD,15m,81.83999633789062,81.91000366210938,81.7300033569336,81.87000274658203,779776,779776,yfinance,2026-07-10T06:58:01.269533+00:00
2026-07-04 02:00:00+00:00,SOL-USD,15m,81.87000274658203,82.04000091552734,81.81999969482422,81.9800033569336,0,0,yfinance,2026-07-10T06:58:01.269533+00:00
2026-07-04 02:15:00+00:00,SOL-USD,15m,81.95999908447266,82.01000213623047,81.87999725341797,81.98999786376953,963712,963712,yfinance,2026-07-10T06:58:01.269533+00:00
2026-07-04 02:30:00+00:00,SOL-USD,15m,81.98999786376953,82.12000274658203,81.86000061035156,82.11000061035156,0,0,yfinance,2026-07-10T06:58:01.269533+00:00
2026-07-04 02:45:00+00:00,SOL-USD,15m,82.11000061035156,82.31999969482422,82.06999969482422,82.11000061035156,2155008,2155008,yfinance,2026-07-10T06:58:01.269533+00:00
2026-07-04 03:00:00+00:00,SOL-USD,15m,82.11000061035156,82.33000183105469,81.9800033569336,82.19000244140625,3954688,3954688,yfinance,2026-07-10T06:58:01.269533+00:00
2026-07-04 03:15:00+00:00,SOL-USD,15m,82.20999908447266,82.33000183105469,82.16999816894531,82.33000183105469,27769984,27769984,yfinance,2026-07-10T06:58:01.269533+00:00
2026-07-04 03:30:00+00:00,SOL-USD,15m,82.31999969482422,82.75,82.26000213623047,82.66000366210938,21709312,21709312,yfinance,2026-07-10T06:58:01.269533+00:00
2026-07-04 03:45:00+00:00,SOL-USD,15m,82.66999816894531,82.69999694824219,82.52999877929688,82.66000366210938,10639104,10639104,yfinance,2026-07-10T06:58:01.269533+00:00
2026-07-04 04:00:00+00:00,SOL-USD,15m,82.69000244140625,82.97000122070312,82.58999633789062,82.86000061035156,12758528,12758528,yfinance,2026-07-10T06:58:01.269533+00:00
2026-07-04 04:15:00+00:00,SOL-USD,15m,82.80999755859375,83.02999877929688,82.69000244140625,82.93000030517578,8572160,8572160,yfinance,2026-07-10T06:58:01.269533+00:00
2026-07-04 04:30:00+00:00,SOL-USD,15m,82.91999816894531,83.87999725341797,82.88999938964844,83.66000366210938,48330496,48330496,yfinance,2026-07-10T06:58:01.269533+00:00
2026-07-04 04:45:00+00:00,SOL-USD,15m,83.63999938964844,83.9000015258789,83.3499984741211,83.41000366210938,43334400,43334400,yfinance,2026-07-10T06:58:01.269533+00:00
2026-07-04 05:00:00+00:00,SOL-USD,15m,83.4000015258789,83.4000015258789,83.05000305175781,83.16000366210938,23035904,23035904,yfinance,2026-07-10T06:58:01.269533+00:00
2026-07-04 05:15:00+00:00,SOL-USD,15m,83.16000366210938,83.31999969482422,82.8499984741211,83.02999877929688,18713344,18713344,yfinance,2026-07-10T06:58:01.269533+00:00
2026-07-04 05:30:00+00:00,SOL-USD,15m,83.02999877929688,83.30999755859375,82.97000122070312,83.25,3527424,3527424,yfinance,2026-07-10T06:58:01.269533+00:00
2026-07-04 05:45:00+00:00,SOL-USD,15m,83.25,83.4000015258789,83.12000274658203,83.30000305175781,5291264,5291264,yfinance,2026-07-10T06:58:01.269533+00:00
2026-07-04 06:00:00+00:00,SOL-USD,15m,83.31999969482422,83.5199966430664,83.20999908447266,83.22000122070312,6064384,6064384,yfinance,2026-07-10T06:58:01.269533+00:00
2026-07-04 06:15:00+00:00,SOL-USD,15m,83.2300033569336,83.2699966430664,82.44000244140625,82.56999969482422,79712000,79712000,yfinance,2026-07-10T06:58:01.269533+00:00
2026-07-04 06:30:00+00:00,SOL-USD,15m,82.58999633789062,82.73999786376953,82.54000091552734,82.61000061035156,17652480,17652480,yfinance,2026-07-10T06:58:01.269533+00:00
2026-07-04 06:45:00+00:00,SOL-USD,15m,82.5999984741211,82.6500015258789,82.41000366210938,82.4800033569336,0,0,yfinance,2026-07-10T06:58:01.269533+00:00
2026-07-04 07:00:00+00:00,SOL-USD,15m,82.47000122070312,82.51000213623047,82.20999908447266,82.36000061035156,16961792,16961792,yfinance,2026-07-10T06:58:01.269533+00:00
2026-07-04 07:15:00+00:00,SOL-USD,15m,82.37000274658203,82.4800033569336,82.23999786376953,82.33000183105469,8689920,8689920,yfinance,2026-07-10T06:58:01.269533+00:00
2026-07-04 07:30:00+00:00,SOL-USD,15m,82.30999755859375,82.48999786376953,82.30999755859375,82.41999816894531,1938176,1938176,yfinance,2026-07-10T06:58:01.269533+00:00
2026-07-04 07:45:00+00:00,SOL-USD,15m,82.41000366210938,82.76000213623047,82.37999725341797,82.63999938964844,1760512,1760512,yfinance,2026-07-10T06:58:01.269533+00:00
2026-07-04 08:00:00+00:00,SOL-USD,15m,82.63999938964844,82.69999694824219,82.45999908447266,82.58000183105469,781824,781824,yfinance,2026-07-10T06:58:01.269533+00:00
2026-07-04 08:15:00+00:00,SOL-USD,15m,82.58999633789062,82.5999984741211,82.36000061035156,82.38999938964844,7597568,7597568,yfinance,2026-07-10T06:58:01.269533+00:00
2026-07-04 08:30:00+00:00,SOL-USD,15m,82.36000061035156,82.5999984741211,82.3499984741211,82.37999725341797,1151744,1151744,yfinance,2026-07-10T06:58:01.269533+00:00
2026-07-04 08:45:00+00:00,SOL-USD,15m,82.37999725341797,82.55000305175781,82.18000030517578,82.23999786376953,0,0,yfinance,2026-07-10T06:58:01.269533+00:00
2026-07-04 09:00:00+00:00,SOL-USD,15m,82.23999786376953,82.23999786376953,81.79000091552734,82.0199966430664,13401600,13401600,yfinance,2026-07-10T06:58:01.269533+00:00
2026-07-04 09:15:00+00:00,SOL-USD,15m,81.97000122070312,82.0999984741211,81.87999725341797,81.94000244140625,46336512,46336512,yfinance,2026-07-10T06:58:01.269533+00:00
2026-07-04 09:30:00+00:00,SOL-USD,15m,81.9000015258789,81.91000366210938,81.55000305175781,81.5999984741211,6432256,6432256,yfinance,2026-07-10T06:58:01.269533+00:00
2026-07-04 09:45:00+00:00,SOL-USD,15m,81.58000183105469,81.76000213623047,81.56999969482422,81.66000366210938,1662720,1662720,yfinance,2026-07-10T06:58:01.269533+00:00
2026-07-04 10:00:00+00:00,SOL-USD,15m,81.66000366210938,81.76000213623047,81.5999984741211,81.7300033569336,1593088,1593088,yfinance,2026-07-10T06:58:01.269533+00:00
2026-07-04 10:15:00+00:00,SOL-USD,15m,81.73999786376953,81.8499984741211,81.62000274658203,81.68000030517578,0,0,yfinance,2026-07-10T06:58:01.269533+00:00
2026-07-04 10:30:00+00:00,SOL-USD,15m,81.61000061035156,81.6500015258789,81.38999938964844,81.54000091552734,4347136,4347136,yfinance,2026-07-10T06:58:01.269533+00:00
2026-07-04 10:45:00+00:00,SOL-USD,15m,81.51000213623047,81.69000244140625,81.4800033569336,81.55999755859375,0,0,yfinance,2026-07-10T06:58:01.269533+00:00
2026-07-04 11:00:00+00:00,SOL-USD,15m,81.55000305175781,81.69000244140625,81.48999786376953,81.61000061035156,0,0,yfinance,2026-07-10T06:58:01.269533+00:00
2026-07-04 11:15:00+00:00,SOL-USD,15m,81.61000061035156,81.76000213623047,81.58999633789062,81.66000366210938,0,0,yfinance,2026-07-10T06:58:01.269533+00:00
2026-07-04 11:30:00+00:00,SOL-USD,15m,81.66000366210938,81.83000183105469,81.6500015258789,81.79000091552734,177664,177664,yfinance,2026-07-10T06:58:01.269533+00:00
2026-07-04 11:45:00+00:00,SOL-USD,15m,81.80000305175781,81.83000183105469,81.69999694824219,81.73999786376953,9263360,9263360,yfinance,2026-07-10T06:58:01.269533+00:00
2026-07-04 12:00:00+00:00,SOL-USD,15m,81.73999786376953,81.91000366210938,81.70999908447266,81.73999786376953,0,0,yfinance,2026-07-10T06:58:01.269533+00:00
2026-07-04 12:15:00+00:00,SOL-USD,15m,81.73999786376953,81.76000213623047,81.4800033569336,81.58999633789062,0,0,yfinance,2026-07-10T06:58:01.269533+00:00
2026-07-04 12:30:00+00:00,SOL-USD,15m,81.61000061035156,81.61000061035156,81.30999755859375,81.41999816894531,8389120,8389120,yfinance,2026-07-10T06:58:01.269533+00:00
2026-07-04 12:45:00+00:00,SOL-USD,15m,81.41000366210938,81.58000183105469,81.30000305175781,81.51000213623047,3276800,3276800,yfinance,2026-07-10T06:58:01.269533+00:00
2026-07-04 13:00:00+00:00,SOL-USD,15m,81.52999877929688,81.5999984741211,81.4000015258789,81.44999694824219,0,0,yfinance,2026-07-10T06:58:01.269533+00:00
2026-07-04 13:15:00+00:00,SOL-USD,15m,81.47000122070312,81.81999969482422,81.44999694824219,81.55999755859375,6797824,6797824,yfinance,2026-07-10T06:58:01.269533+00:00
2026-07-04 13:30:00+00:00,SOL-USD,15m,81.55999755859375,81.55999755859375,81.33000183105469,81.47000122070312,2699520,2699520,yfinance,2026-07-10T06:58:01.269533+00:00
2026-07-04 13:45:00+00:00,SOL-USD,15m,81.44999694824219,81.5999984741211,81.3499984741211,81.58000183105469,0,0,yfinance,2026-07-10T06:58:01.269533+00:00
2026-07-04 14:00:00+00:00,SOL-USD,15m,81.58000183105469,81.7699966430664,81.56999969482422,81.70999908447266,0,0,yfinance,2026-07-10T06:58:01.269533+00:00
2026-07-04 14:15:00+00:00,SOL-USD,15m,81.7300033569336,81.79000091552734,81.4800033569336,81.62999725341797,0,0,yfinance,2026-07-10T06:58:01.269533+00:00
2026-07-04 14:30:00+00:00,SOL-USD,15m,81.63999938964844,81.77999877929688,81.54000091552734,81.75,0,0,yfinance,2026-07-10T06:58:01.269533+00:00
2026-07-04 14:45:00+00:00,SOL-USD,15m,81.75,81.77999877929688,81.5999984741211,81.73999786376953,0,0,yfinance,2026-07-10T06:58:01.269533+00:00
2026-07-04 15:00:00+00:00,SOL-USD,15m,81.75,82.30000305175781,81.66000366210938,81.98999786376953,0,0,yfinance,2026-07-10T06:58:01.269533+00:00
2026-07-04 15:15:00+00:00,SOL-USD,15m,81.98999786376953,82.20999908447266,81.88999938964844,82.1500015258789,18854912,18854912,yfinance,2026-07-10T06:58:01.269533+00:00
2026-07-04 15:30:00+00:00,SOL-USD,15m,82.16999816894531,82.30000305175781,82.02999877929688,82.13999938964844,13389312,13389312,yfinance,2026-07-10T06:58:01.269533+00:00
2026-07-04 15:45:00+00:00,SOL-USD,15m,82.16000366210938,82.36000061035156,82.02999877929688,82.16999816894531,2625024,2625024,yfinance,2026-07-10T06:58:01.269533+00:00
2026-07-04 16:00:00+00:00,SOL-USD,15m,82.1500015258789,82.22000122070312,81.91000366210938,81.95999908447266,2124288,2124288,yfinance,2026-07-10T06:58:01.269533+00:00
2026-07-04 16:15:00+00:00,SOL-USD,15m,81.97000122070312,82.22000122070312,81.97000122070312,82.16999816894531,3117824,3117824,yfinance,2026-07-10T06:58:01.269533+00:00
2026-07-04 16:30:00+00:00,SOL-USD,15m,82.19999694824219,82.30000305175781,82.0999984741211,82.12999725341797,6671872,6671872,yfinance,2026-07-10T06:58:01.269533+00:00
2026-07-04 16:45:00+00:00,SOL-USD,15m,82.12000274658203,82.2300033569336,82.08999633789062,82.13999938964844,2876416,2876416,yfinance,2026-07-10T06:58:01.269533+00:00
2026-07-04 17:00:00+00:00,SOL-USD,15m,82.12999725341797,82.1500015258789,81.87999725341797,81.9800033569336,3062784,3062784,yfinance,2026-07-10T06:58:01.269533+00:00
2026-07-04 17:15:00+00:00,SOL-USD,15m,82.0,82.25,81.94999694824219,82.20999908447266,193280,193280,yfinance,2026-07-10T06:58:01.269533+00:00
2026-07-04 17:30:00+00:00,SOL-USD,15m,82.22000122070312,82.55999755859375,82.22000122070312,82.4000015258789,24581376,24581376,yfinance,2026-07-10T06:58:01.269533+00:00
2026-07-04 17:45:00+00:00,SOL-USD,15m,82.38999938964844,82.7300033569336,82.33999633789062,82.45999908447266,16089344,16089344,yfinance,2026-07-10T06:58:01.269533+00:00
2026-07-04 18:00:00+00:00,SOL-USD,15m,82.48999786376953,82.54000091552734,82.33000183105469,82.5,10609664,10609664,yfinance,2026-07-10T06:58:01.269533+00:00
2026-07-04 18:15:00+00:00,SOL-USD,15m,82.5,82.52999877929688,82.05000305175781,82.2300033569336,2189056,2189056,yfinance,2026-07-10T06:58:01.269533+00:00
2026-07-04 18:30:00+00:00,SOL-USD,15m,82.20999908447266,82.20999908447266,82.06999969482422,82.06999969482422,8131328,8131328,yfinance,2026-07-10T06:58:01.269533+00:00
2026-07-04 18:45:00+00:00,SOL-USD,15m,82.08999633789062,82.27999877929688,82.08000183105469,82.19000244140625,0,0,yfinance,2026-07-10T06:58:01.269533+00:00
2026-07-04 19:00:00+00:00,SOL-USD,15m,82.19000244140625,82.2699966430664,81.66999816894531,81.72000122070312,0,0,yfinance,2026-07-10T06:58:01.269533+00:00
2026-07-04 19:15:00+00:00,SOL-USD,15m,81.72000122070312,81.9000015258789,81.69999694824219,81.81999969482422,5713920,5713920,yfinance,2026-07-10T06:58:01.269533+00:00
2026-07-04 19:30:00+00:00,SOL-USD,15m,81.81999969482422,81.95999908447266,81.72000122070312,81.94999694824219,480000,480000,yfinance,2026-07-10T06:58:01.269533+00:00
2026-07-04 19:45:00+00:00,SOL-USD,15m,81.93000030517578,81.93000030517578,81.69000244140625,81.80999755859375,0,0,yfinance,2026-07-10T06:58:01.269533+00:00
2026-07-04 20:00:00+00:00,SOL-USD,15m,81.79000091552734,81.88999938964844,81.72000122070312,81.8499984741211,0,0,yfinance,2026-07-10T06:58:01.269533+00:00
2026-07-04 20:15:00+00:00,SOL-USD,15m,81.86000061035156,81.9000015258789,81.51000213623047,81.66999816894531,1619712,1619712,yfinance,2026-07-10T06:58:01.269533+00:00
2026-07-04 20:30:00+00:00,SOL-USD,15m,81.66000366210938,82.0199966430664,81.66000366210938,82.0199966430664,0,0,yfinance,2026-07-10T06:58:01.269533+00:00
2026-07-04 20:45:00+00:00,SOL-USD,15m,82.01000213623047,82.06999969482422,81.86000061035156,81.91000366210938,0,0,yfinance,2026-07-10T06:58:01.269533+00:00
2026-07-04 21:00:00+00:00,SOL-USD,15m,81.91000366210938,81.94999694824219,81.77999877929688,81.93000030517578,0,0,yfinance,2026-07-10T06:58:01.269533+00:00
2026-07-04 21:15:00+00:00,SOL-USD,15m,81.91999816894531,82.06999969482422,81.91000366210938,82.02999877929688,0,0,yfinance,2026-07-10T06:58:01.269533+00:00
2026-07-04 21:30:00+00:00,SOL-USD,15m,82.04000091552734,82.1500015258789,81.9000015258789,81.95999908447266,0,0,yfinance,2026-07-10T06:58:01.269533+00:00
2026-07-04 21:45:00+00:00,SOL-USD,15m,81.95999908447266,81.9800033569336,81.86000061035156,81.91000366210938,0,0,yfinance,2026-07-10T06:58:01.269533+00:00
2026-07-04 22:00:00+00:00,SOL-USD,15m,81.91000366210938,81.97000122070312,81.73999786376953,81.8499984741211,0,0,yfinance,2026-07-10T06:58:01.269533+00:00
2026-07-04 22:15:00+00:00,SOL-USD,15m,81.87000274658203,81.93000030517578,81.72000122070312,81.7699966430664,0,0,yfinance,2026-07-10T06:58:01.269533+00:00
2026-07-04 22:30:00+00:00,SOL-USD,15m,81.76000213623047,81.83999633789062,81.7300033569336,81.77999877929688,0,0,yfinance,2026-07-10T06:58:01.269533+00:00
2026-07-04 22:45:00+00:00,SOL-USD,15m,81.76000213623047,81.8499984741211,81.7300033569336,81.8499984741211,846208,846208,yfinance,2026-07-10T06:58:01.269533+00:00
2026-07-04 23:00:00+00:00,SOL-USD,15m,81.87000274658203,81.87000274658203,81.47000122070312,81.47000122070312,1681280,1681280,yfinance,2026-07-10T06:58:01.269533+00:00
2026-07-04 23:15:00+00:00,SOL-USD,15m,81.4800033569336,81.68000030517578,81.37000274658203,81.62000274658203,9875840,9875840,yfinance,2026-07-10T06:58:01.269533+00:00
2026-07-04 23:30:00+00:00,SOL-USD,15m,81.62000274658203,81.7699966430664,81.62000274658203,81.7300033569336,2418176,2418176,yfinance,2026-07-10T06:58:01.269533+00:00
2026-07-04 23:45:00+00:00,SOL-USD,15m,81.7699966430664,81.79000091552734,81.58000183105469,81.69000244140625,0,0,yfinance,2026-07-10T06:58:01.269533+00:00
2026-07-05 00:00:00+00:00,SOL-USD,15m,81.72000122070312,81.7300033569336,81.44000244140625,81.55000305175781,7143552,7143552,yfinance,2026-07-10T06:58:01.269533+00:00
2026-07-05 00:15:00+00:00,SOL-USD,15m,81.48999786376953,81.55999755859375,81.25,81.37000274658203,3294208,3294208,yfinance,2026-07-10T06:58:01.269533+00:00
2026-07-05 00:30:00+00:00,SOL-USD,15m,81.3499984741211,81.38999938964844,81.06999969482422,81.31999969482422,11246720,11246720,yfinance,2026-07-10T06:58:01.269533+00:00
2026-07-05 00:45:00+00:00,SOL-USD,15m,81.31999969482422,81.37000274658203,81.05999755859375,81.23999786376953,4049280,4049280,yfinance,2026-07-10T06:58:01.269533+00:00
2026-07-05 01:00:00+00:00,SOL-USD,15m,81.23999786376953,81.37000274658203,81.11000061035156,81.12999725341797,9252992,9252992,yfinance,2026-07-10T06:58:01.269533+00:00
2026-07-05 01:15:00+00:00,SOL-USD,15m,81.13999938964844,81.13999938964844,80.68000030517578,80.98999786376953,19940224,19940224,yfinance,2026-07-10T06:58:01.269533+00:00
2026-07-05 01:30:00+00:00,SOL-USD,15m,80.93000030517578,80.93000030517578,80.54000091552734,80.7699966430664,20988416,20988416,yfinance,2026-07-10T06:58:01.269533+00:00
2026-07-05 01:45:00+00:00,SOL-USD,15m,80.77999877929688,80.87999725341797,80.66999816894531,80.79000091552734,2793216,2793216,yfinance,2026-07-10T06:58:01.269533+00:00
2026-07-05 02:00:00+00:00,SOL-USD,15m,80.7699966430664,80.80000305175781,80.37000274658203,80.45999908447266,5598720,5598720,yfinance,2026-07-10T06:58:01.269533+00:00
2026-07-05 02:15:00+00:00,SOL-USD,15m,80.44000244140625,80.61000061035156,80.33000183105469,80.4800033569336,16577280,16577280,yfinance,2026-07-10T06:58:01.269533+00:00
2026-07-05 02:30:00+00:00,SOL-USD,15m,80.45999908447266,80.58000183105469,80.18000030517578,80.19999694824219,15070976,15070976,yfinance,2026-07-10T06:58:01.269533+00:00
2026-07-05 02:45:00+00:00,SOL-USD,15m,80.16999816894531,80.31999969482422,80.1500015258789,80.30000305175781,12827648,12827648,yfinance,2026-07-10T06:58:01.269533+00:00
2026-07-05 03:00:00+00:00,SOL-USD,15m,80.30000305175781,80.52999877929688,80.29000091552734,80.51000213623047,3255552,3255552,yfinance,2026-07-10T06:58:01.269533+00:00
2026-07-05 03:15:00+00:00,SOL-USD,15m,80.51000213623047,80.5199966430664,80.2699966430664,80.30000305175781,0,0,yfinance,2026-07-10T06:58:01.269533+00:00
2026-07-05 03:30:00+00:00,SOL-USD,15m,80.30999755859375,80.48999786376953,80.30000305175781,80.38999938964844,374784,374784,yfinance,2026-07-10T06:58:01.269533+00:00
2026-07-05 03:45:00+00:00,SOL-USD,15m,80.37999725341797,80.48999786376953,80.37000274658203,80.48999786376953,0,0,yfinance,2026-07-10T06:58:01.269533+00:00
2026-07-05 04:00:00+00:00,SOL-USD,15m,80.4800033569336,80.51000213623047,80.33000183105469,80.45999908447266,0,0,yfinance,2026-07-10T06:58:01.269533+00:00
2026-07-05 04:15:00+00:00,SOL-USD,15m,80.45999908447266,80.61000061035156,80.45999908447266,80.5999984741211,3290368,3290368,yfinance,2026-07-10T06:58:01.269533+00:00
2026-07-05 04:30:00+00:00,SOL-USD,15m,80.62000274658203,80.79000091552734,80.5999984741211,80.75,0,0,yfinance,2026-07-10T06:58:01.269533+00:00
2026-07-05 04:45:00+00:00,SOL-USD,15m,80.75,80.77999877929688,80.51000213623047,80.54000091552734,0,0,yfinance,2026-07-10T06:58:01.269533+00:00
2026-07-05 05:00:00+00:00,SOL-USD,15m,80.5,80.5,80.36000061035156,80.44000244140625,0,0,yfinance,2026-07-10T06:58:01.269533+00:00
2026-07-05 05:15:00+00:00,SOL-USD,15m,80.41999816894531,80.48999786376953,80.3499984741211,80.41999816894531,0,0,yfinance,2026-07-10T06:58:01.269533+00:00
2026-07-05 05:30:00+00:00,SOL-USD,15m,80.41999816894531,80.51000213623047,80.19000244140625,80.19999694824219,0,0,yfinance,2026-07-10T06:58:01.269533+00:00
2026-07-05 05:45:00+00:00,SOL-USD,15m,80.19999694824219,80.44000244140625,80.19999694824219,80.4000015258789,0,0,yfinance,2026-07-10T06:58:01.269533+00:00
2026-07-05 06:00:00+00:00,SOL-USD,15m,80.38999938964844,80.43000030517578,80.2699966430664,80.37999725341797,0,0,yfinance,2026-07-10T06:58:01.269533+00:00
2026-07-05 06:15:00+00:00,SOL-USD,15m,80.37000274658203,80.47000122070312,80.33000183105469,80.45999908447266,0,0,yfinance,2026-07-10T06:58:01.269533+00:00
2026-07-05 06:30:00+00:00,SOL-USD,15m,80.44999694824219,80.58000183105469,80.41000366210938,80.44999694824219,0,0,yfinance,2026-07-10T06:58:01.269533+00:00
2026-07-05 06:45:00+00:00,SOL-USD,15m,80.44000244140625,80.55999755859375,80.43000030517578,80.52999877929688,0,0,yfinance,2026-07-10T06:58:01.269533+00:00
2026-07-05 07:00:00+00:00,SOL-USD,15m,80.5199966430664,80.56999969482422,80.36000061035156,80.38999938964844,0,0,yfinance,2026-07-10T06:58:01.269533+00:00
2026-07-05 07:15:00+00:00,SOL-USD,15m,80.37000274658203,80.45999908447266,80.30000305175781,80.3499984741211,1103744,1103744,yfinance,2026-07-10T06:58:01.269533+00:00
2026-07-05 07:30:00+00:00,SOL-USD,15m,80.3499984741211,80.56999969482422,80.3499984741211,80.5199966430664,632960,632960,yfinance,2026-07-10T06:58:01.269533+00:00
2026-07-05 07:45:00+00:00,SOL-USD,15m,80.5,80.69000244140625,80.4800033569336,80.62999725341797,657024,657024,yfinance,2026-07-10T06:58:01.269533+00:00
2026-07-05 08:00:00+00:00,SOL-USD,15m,80.6500015258789,80.77999877929688,80.44000244140625,80.54000091552734,3844096,3844096,yfinance,2026-07-10T06:58:01.269533+00:00
2026-07-05 08:15:00+00:00,SOL-USD,15m,80.55000305175781,80.62999725341797,80.37999725341797,80.41999816894531,447616,447616,yfinance,2026-07-10T06:58:01.269533+00:00
2026-07-05 08:30:00+00:00,SOL-USD,15m,80.41999816894531,80.55000305175781,80.41999816894531,80.5,0,0,yfinance,2026-07-10T06:58:01.269533+00:00
2026-07-05 08:45:00+00:00,SOL-USD,15m,80.5,80.55000305175781,80.38999938964844,80.41999816894531,0,0,yfinance,2026-07-10T06:58:01.269533+00:00
2026-07-05 09:00:00+00:00,SOL-USD,15m,80.41999816894531,80.47000122070312,80.33000183105469,80.33999633789062,0,0,yfinance,2026-07-10T06:58:01.269533+00:00
2026-07-05 09:15:00+00:00,SOL-USD,15m,80.33999633789062,80.37999725341797,80.08000183105469,80.12999725341797,2104320,2104320,yfinance,2026-07-10T06:58:01.269533+00:00
2026-07-05 09:30:00+00:00,SOL-USD,15m,80.12999725341797,80.16999816894531,79.66000366210938,79.7300033569336,3976192,3976192,yfinance,2026-07-10T06:58:01.269533+00:00
2026-07-05 09:45:00+00:00,SOL-USD,15m,79.7300033569336,79.86000061035156,79.69000244140625,79.83999633789062,36384384,36384384,yfinance,2026-07-10T06:58:01.269533+00:00
2026-07-05 10:00:00+00:00,SOL-USD,15m,79.80999755859375,80.04000091552734,79.68000030517578,79.94000244140625,7832832,7832832,yfinance,2026-07-10T06:58:01.269533+00:00
2026-07-05 10:15:00+00:00,SOL-USD,15m,79.91999816894531,80.16999816894531,79.91999816894531,80.12000274658203,10719488,10719488,yfinance,2026-07-10T06:58:01.269533+00:00
2026-07-05 10:30:00+00:00,SOL-USD,15m,80.11000061035156,80.22000122070312,80.11000061035156,80.16999816894531,0,0,yfinance,2026-07-10T06:58:01.269533+00:00
2026-07-05 10:45:00+00:00,SOL-USD,15m,80.19999694824219,80.37999725341797,80.19999694824219,80.37000274658203,0,0,yfinance,2026-07-10T06:58:01.269533+00:00
2026-07-05 11:00:00+00:00,SOL-USD,15m,80.37000274658203,80.5199966430664,80.29000091552734,80.45999908447266,0,0,yfinance,2026-07-10T06:58:01.269533+00:00
2026-07-05 11:15:00+00:00,SOL-USD,15m,80.44999694824219,80.48999786376953,80.31999969482422,80.37999725341797,0,0,yfinance,2026-07-10T06:58:01.269533+00:00
2026-07-05 11:30:00+00:00,SOL-USD,15m,80.36000061035156,80.58000183105469,80.33000183105469,80.5199966430664,1190912,1190912,yfinance,2026-07-10T06:58:01.269533+00:00
2026-07-05 11:45:00+00:00,SOL-USD,15m,80.51000213623047,80.58000183105469,80.47000122070312,80.48999786376953,0,0,yfinance,2026-07-10T06:58:01.269533+00:00
2026-07-05 12:00:00+00:00,SOL-USD,15m,80.48999786376953,80.48999786376953,80.29000091552734,80.45999908447266,0,0,yfinance,2026-07-10T06:58:01.269533+00:00
2026-07-05 12:15:00+00:00,SOL-USD,15m,80.44999694824219,81.01000213623047,80.44999694824219,81.0,8004992,8004992,yfinance,2026-07-10T06:58:01.269533+00:00
2026-07-05 12:30:00+00:00,SOL-USD,15m,81.0,81.19999694824219,80.73999786376953,80.75,20961792,20961792,yfinance,2026-07-10T06:58:01.269533+00:00
2026-07-05 12:45:00+00:00,SOL-USD,15m,80.73999786376953,80.83999633789062,80.69000244140625,80.69000244140625,4729472,4729472,yfinance,2026-07-10T06:58:01.269533+00:00
2026-07-05 13:00:00+00:00,SOL-USD,15m,80.70999908447266,80.94000244140625,80.63999938964844,80.83000183105469,5415552,5415552,yfinance,2026-07-10T06:58:01.269533+00:00
2026-07-05 13:15:00+00:00,SOL-USD,15m,80.80999755859375,80.8499984741211,80.62999725341797,80.73999786376953,1019008,1019008,yfinance,2026-07-10T06:58:01.269533+00:00
2026-07-05 13:30:00+00:00,SOL-USD,15m,80.69000244140625,81.08000183105469,80.68000030517578,81.06999969482422,3780224,3780224,yfinance,2026-07-10T06:58:01.269533+00:00
2026-07-05 13:45:00+00:00,SOL-USD,15m,81.12000274658203,81.18000030517578,81.0199966430664,81.16999816894531,8564864,8564864,yfinance,2026-07-10T06:58:01.269533+00:00
2026-07-05 14:00:00+00:00,SOL-USD,15m,81.18000030517578,81.26000213623047,81.06999969482422,81.13999938964844,6429568,6429568,yfinance,2026-07-10T06:58:01.269533+00:00
2026-07-05 14:15:00+00:00,SOL-USD,15m,81.12999725341797,81.18000030517578,80.95999908447266,81.02999877929688,0,0,yfinance,2026-07-10T06:58:01.269533+00:00
2026-07-05 14:30:00+00:00,SOL-USD,15m,81.0199966430664,81.52999877929688,80.97000122070312,81.33999633789062,3434624,3434624,yfinance,2026-07-10T06:58:01.269533+00:00
2026-07-05 14:45:00+00:00,SOL-USD,15m,81.31999969482422,81.4000015258789,81.19999694824219,81.37000274658203,11107840,11107840,yfinance,2026-07-10T06:58:01.269533+00:00
2026-07-05 15:00:00+00:00,SOL-USD,15m,81.37999725341797,81.61000061035156,81.23999786376953,81.25,704000,704000,yfinance,2026-07-10T06:58:01.269533+00:00
2026-07-05 15:15:00+00:00,SOL-USD,15m,81.23999786376953,81.30000305175781,81.0999984741211,81.18000030517578,0,0,yfinance,2026-07-10T06:58:01.269533+00:00
2026-07-05 15:30:00+00:00,SOL-USD,15m,81.18000030517578,81.47000122070312,81.04000091552734,81.11000061035156,0,0,yfinance,2026-07-10T06:58:01.269533+00:00
2026-07-05 15:45:00+00:00,SOL-USD,15m,81.08999633789062,81.37999725341797,81.05999755859375,81.27999877929688,0,0,yfinance,2026-07-10T06:58:01.269533+00:00
2026-07-05 16:00:00+00:00,SOL-USD,15m,81.30999755859375,81.43000030517578,81.18000030517578,81.18000030517578,5982464,5982464,yfinance,2026-07-10T06:58:01.269533+00:00
2026-07-05 16:15:00+00:00,SOL-USD,15m,81.19999694824219,81.22000122070312,80.9800033569336,80.9800033569336,2459136,2459136,yfinance,2026-07-10T06:58:01.269533+00:00
2026-07-05 16:30:00+00:00,SOL-USD,15m,80.9800033569336,81.12999725341797,80.9000015258789,80.91999816894531,2272896,2272896,yfinance,2026-07-10T06:58:01.269533+00:00
2026-07-05 16:45:00+00:00,SOL-USD,15m,80.91999816894531,81.08000183105469,80.8499984741211,81.0199966430664,501760,501760,yfinance,2026-07-10T06:58:01.269533+00:00
2026-07-05 17:00:00+00:00,SOL-USD,15m,81.0199966430664,81.19000244140625,80.9800033569336,81.06999969482422,0,0,yfinance,2026-07-10T06:58:01.269533+00:00
2026-07-05 17:15:00+00:00,SOL-USD,15m,81.06999969482422,81.30000305175781,81.0,81.0,338944,338944,yfinance,2026-07-10T06:58:01.269533+00:00
2026-07-05 17:30:00+00:00,SOL-USD,15m,81.01000213623047,81.1500015258789,80.94999694824219,80.95999908447266,0,0,yfinance,2026-07-10T06:58:01.269533+00:00
2026-07-05 17:45:00+00:00,SOL-USD,15m,80.95999908447266,81.11000061035156,80.94000244140625,81.06999969482422,0,0,yfinance,2026-07-10T06:58:01.269533+00:00
2026-07-05 18:00:00+00:00,SOL-USD,15m,81.06999969482422,81.1500015258789,81.04000091552734,81.11000061035156,0,0,yfinance,2026-07-10T06:58:01.269533+00:00
2026-07-05 18:15:00+00:00,SOL-USD,15m,81.12000274658203,81.18000030517578,81.08000183105469,81.08000183105469,0,0,yfinance,2026-07-10T06:58:01.269533+00:00
2026-07-05 18:30:00+00:00,SOL-USD,15m,81.08999633789062,81.1500015258789,81.01000213623047,81.12000274658203,0,0,yfinance,2026-07-10T06:58:01.269533+00:00
2026-07-05 18:45:00+00:00,SOL-USD,15m,81.12999725341797,81.19000244140625,80.91999816894531,80.93000030517578,1854720,1854720,yfinance,2026-07-10T06:58:01.269533+00:00
2026-07-05 19:00:00+00:00,SOL-USD,15m,80.91999816894531,81.04000091552734,80.87000274658203,80.97000122070312,184832,184832,yfinance,2026-07-10T06:58:01.269533+00:00
2026-07-05 19:15:00+00:00,SOL-USD,15m,80.98999786376953,81.01000213623047,80.75,80.87999725341797,0,0,yfinance,2026-07-10T06:58:01.269533+00:00
2026-07-05 19:30:00+00:00,SOL-USD,15m,80.86000061035156,81.0,80.83000183105469,80.97000122070312,5541248,5541248,yfinance,2026-07-10T06:58:01.269533+00:00
2026-07-05 19:45:00+00:00,SOL-USD,15m,80.97000122070312,81.05000305175781,80.88999938964844,80.97000122070312,206336,206336,yfinance,2026-07-10T06:58:01.269533+00:00
2026-07-05 20:00:00+00:00,SOL-USD,15m,80.95999908447266,81.08999633789062,80.91999816894531,81.01000213623047,361344,361344,yfinance,2026-07-10T06:58:01.269533+00:00
2026-07-05 20:15:00+00:00,SOL-USD,15m,81.0199966430664,81.02999877929688,80.87999725341797,80.94000244140625,130688,130688,yfinance,2026-07-10T06:58:01.269533+00:00
2026-07-05 20:30:00+00:00,SOL-USD,15m,80.91999816894531,80.9800033569336,80.87999725341797,80.94000244140625,1088000,1088000,yfinance,2026-07-10T06:58:01.269533+00:00
2026-07-05 20:45:00+00:00,SOL-USD,15m,80.94999694824219,81.0199966430664,80.9000015258789,80.9800033569336,0,0,yfinance,2026-07-10T06:58:01.269533+00:00
2026-07-05 21:00:00+00:00,SOL-USD,15m,81.01000213623047,81.0199966430664,80.7300033569336,80.87999725341797,10991488,10991488,yfinance,2026-07-10T06:58:01.269533+00:00
2026-07-05 21:15:00+00:00,SOL-USD,15m,80.87999725341797,81.47000122070312,80.87000274658203,81.41999816894531,11489024,11489024,yfinance,2026-07-10T06:58:01.269533+00:00
2026-07-05 21:30:00+00:00,SOL-USD,15m,81.44000244140625,82.0,81.43000030517578,81.56999969482422,30609920,30609920,yfinance,2026-07-10T06:58:01.269533+00:00
2026-07-05 21:45:00+00:00,SOL-USD,15m,81.56999969482422,81.97000122070312,81.43000030517578,81.72000122070312,8219264,8219264,yfinance,2026-07-10T06:58:01.269533+00:00
2026-07-05 22:00:00+00:00,SOL-USD,15m,81.69999694824219,82.0199966430664,81.58999633789062,81.95999908447266,24811776,24811776,yfinance,2026-07-10T06:58:01.269533+00:00
2026-07-05 22:15:00+00:00,SOL-USD,15m,81.95999908447266,82.31999969482422,81.83999633789062,82.06999969482422,39284224,39284224,yfinance,2026-07-10T06:58:01.269533+00:00
2026-07-05 22:30:00+00:00,SOL-USD,15m,82.0999984741211,82.26000213623047,81.58000183105469,81.62000274658203,58271104,58271104,yfinance,2026-07-10T06:58:01.269533+00:00
2026-07-05 22:45:00+00:00,SOL-USD,15m,81.62000274658203,81.79000091552734,81.58000183105469,81.75,10428416,10428416,yfinance,2026-07-10T06:58:01.269533+00:00
2026-07-05 23:00:00+00:00,SOL-USD,15m,81.75,81.9000015258789,81.66000366210938,81.88999938964844,7764608,7764608,yfinance,2026-07-10T06:58:01.269533+00:00
2026-07-05 23:15:00+00:00,SOL-USD,15m,81.93000030517578,82.0,81.51000213623047,81.56999969482422,4583296,4583296,yfinance,2026-07-10T06:58:01.269533+00:00
2026-07-05 23:30:00+00:00,SOL-USD,15m,81.52999877929688,81.69999694824219,81.47000122070312,81.5999984741211,12205056,12205056,yfinance,2026-07-10T06:58:01.269533+00:00
2026-07-05 23:45:00+00:00,SOL-USD,15m,81.58999633789062,81.62999725341797,81.37000274658203,81.5199966430664,10368000,10368000,yfinance,2026-07-10T06:58:01.269533+00:00
2026-07-06 00:00:00+00:00,SOL-USD,15m,81.51000213623047,81.52999877929688,81.26000213623047,81.44999694824219,0,0,yfinance,2026-07-10T06:58:01.269533+00:00
2026-07-06 00:15:00+00:00,SOL-USD,15m,81.48999786376953,81.62999725341797,81.11000061035156,81.16999816894531,1745664,1745664,yfinance,2026-07-10T06:58:01.269533+00:00
2026-07-06 00:30:00+00:00,SOL-USD,15m,81.16000366210938,81.81999969482422,81.05999755859375,81.79000091552734,1583744,1583744,yfinance,2026-07-10T06:58:01.269533+00:00
2026-07-06 00:45:00+00:00,SOL-USD,15m,81.87000274658203,82.16000366210938,81.75,82.12000274658203,23044224,23044224,yfinance,2026-07-10T06:58:01.269533+00:00
2026-07-06 01:00:00+00:00,SOL-USD,15m,82.11000061035156,82.25,81.9000015258789,81.93000030517578,0,0,yfinance,2026-07-10T06:58:01.269533+00:00
2026-07-06 01:15:00+00:00,SOL-USD,15m,81.91999816894531,82.0199966430664,81.58999633789062,81.75,1959424,1959424,yfinance,2026-07-10T06:58:01.269533+00:00
2026-07-06 01:30:00+00:00,SOL-USD,15m,81.76000213623047,82.02999877929688,81.69999694824219,81.88999938964844,0,0,yfinance,2026-07-10T06:58:01.269533+00:00
2026-07-06 01:45:00+00:00,SOL-USD,15m,81.86000061035156,81.86000061035156,81.41000366210938,81.47000122070312,1085696,1085696,yfinance,2026-07-10T06:58:01.269533+00:00
2026-07-06 02:00:00+00:00,SOL-USD,15m,81.47000122070312,81.55999755859375,81.11000061035156,81.18000030517578,3440128,3440128,yfinance,2026-07-10T06:58:01.269533+00:00
2026-07-06 02:15:00+00:00,SOL-USD,15m,81.16999816894531,81.58999633789062,81.1500015258789,81.30000305175781,6343936,6343936,yfinance,2026-07-10T06:58:01.269533+00:00
2026-07-06 02:30:00+00:00,SOL-USD,15m,81.30000305175781,81.37999725341797,81.08999633789062,81.08999633789062,1945344,1945344,yfinance,2026-07-10T06:58:01.269533+00:00
2026-07-06 02:45:00+00:00,SOL-USD,15m,81.08999633789062,81.19000244140625,80.76000213623047,80.94999694824219,1652352,1652352,yfinance,2026-07-10T06:58:01.269533+00:00
2026-07-06 03:00:00+00:00,SOL-USD,15m,80.91999816894531,80.97000122070312,80.77999877929688,80.8499984741211,12308352,12308352,yfinance,2026-07-10T06:58:01.269533+00:00
2026-07-06 03:15:00+00:00,SOL-USD,15m,80.83999633789062,80.9000015258789,80.37999725341797,80.61000061035156,8699776,8699776,yfinance,2026-07-10T06:58:01.269533+00:00
2026-07-06 03:30:00+00:00,SOL-USD,15m,80.61000061035156,80.7300033569336,80.41000366210938,80.51000213623047,7570304,7570304,yfinance,2026-07-10T06:58:01.269533+00:00
2026-07-06 03:45:00+00:00,SOL-USD,15m,80.48999786376953,80.7300033569336,80.4800033569336,80.7300033569336,5549824,5549824,yfinance,2026-07-10T06:58:01.269533+00:00
2026-07-06 04:00:00+00:00,SOL-USD,15m,80.70999908447266,80.8499984741211,80.63999938964844,80.8499984741211,0,0,yfinance,2026-07-10T06:58:01.269533+00:00
2026-07-06 04:15:00+00:00,SOL-USD,15m,80.81999969482422,80.91000366210938,80.6500015258789,80.69000244140625,7845888,7845888,yfinance,2026-07-10T06:58:01.269533+00:00
2026-07-06 04:30:00+00:00,SOL-USD,15m,80.66000366210938,80.88999938964844,80.63999938964844,80.80000305175781,8087808,8087808,yfinance,2026-07-10T06:58:01.269533+00:00
2026-07-06 04:45:00+00:00,SOL-USD,15m,80.80000305175781,80.91000366210938,80.70999908447266,80.76000213623047,1186944,1186944,yfinance,2026-07-10T06:58:01.269533+00:00
2026-07-06 05:00:00+00:00,SOL-USD,15m,80.75,80.75,80.4800033569336,80.52999877929688,1548288,1548288,yfinance,2026-07-10T06:58:01.269533+00:00
2026-07-06 05:15:00+00:00,SOL-USD,15m,80.5199966430664,80.56999969482422,80.13999938964844,80.19000244140625,2439808,2439808,yfinance,2026-07-10T06:58:01.269533+00:00
2026-07-06 05:30:00+00:00,SOL-USD,15m,80.1500015258789,80.45999908447266,80.08000183105469,80.36000061035156,19313152,19313152,yfinance,2026-07-10T06:58:01.269533+00:00
2026-07-06 05:45:00+00:00,SOL-USD,15m,80.3499984741211,80.4800033569336,80.31999969482422,80.3499984741211,4012160,4012160,yfinance,2026-07-10T06:58:01.269533+00:00
2026-07-06 06:00:00+00:00,SOL-USD,15m,80.33999633789062,80.44000244140625,80.25,80.41000366210938,3102208,3102208,yfinance,2026-07-10T06:58:01.269533+00:00
2026-07-06 06:15:00+00:00,SOL-USD,15m,80.4000015258789,80.44000244140625,80.20999908447266,80.30999755859375,2402816,2402816,yfinance,2026-07-10T06:58:01.269533+00:00
2026-07-06 06:30:00+00:00,SOL-USD,15m,80.29000091552734,80.36000061035156,80.18000030517578,80.3499984741211,4223104,4223104,yfinance,2026-07-10T06:58:01.269533+00:00
2026-07-06 06:45:00+00:00,SOL-USD,15m,80.37000274658203,80.37999725341797,80.19999694824219,80.30000305175781,3319936,3319936,yfinance,2026-07-10T06:58:01.269533+00:00
2026-07-06 07:00:00+00:00,SOL-USD,15m,80.2699966430664,80.44999694824219,80.19000244140625,80.31999969482422,6112896,6112896,yfinance,2026-07-10T06:58:01.269533+00:00
2026-07-06 07:15:00+00:00,SOL-USD,15m,80.33999633789062,80.68000030517578,80.30000305175781,80.58999633789062,11709440,11709440,yfinance,2026-07-10T06:58:01.269533+00:00
2026-07-06 07:30:00+00:00,SOL-USD,15m,80.58000183105469,80.87999725341797,80.54000091552734,80.8499984741211,12700800,12700800,yfinance,2026-07-10T06:58:01.269533+00:00
2026-07-06 07:45:00+00:00,SOL-USD,15m,80.83999633789062,80.9000015258789,80.7300033569336,80.75,1440896,1440896,yfinance,2026-07-10T06:58:01.269533+00:00
2026-07-06 08:00:00+00:00,SOL-USD,15m,80.76000213623047,80.98999786376953,80.69000244140625,80.7300033569336,547328,547328,yfinance,2026-07-10T06:58:01.269533+00:00
2026-07-06 08:15:00+00:00,SOL-USD,15m,80.75,80.7699966430664,80.56999969482422,80.63999938964844,1054720,1054720,yfinance,2026-07-10T06:58:01.269533+00:00
2026-07-06 08:30:00+00:00,SOL-USD,15m,80.62999725341797,80.63999938964844,80.22000122070312,80.30999755859375,4782208,4782208,yfinance,2026-07-10T06:58:01.269533+00:00
2026-07-06 08:45:00+00:00,SOL-USD,15m,80.30999755859375,80.4000015258789,80.26000213623047,80.38999938964844,5198464,5198464,yfinance,2026-07-10T06:58:01.269533+00:00
2026-07-06 09:00:00+00:00,SOL-USD,15m,80.4000015258789,80.41000366210938,80.29000091552734,80.29000091552734,0,0,yfinance,2026-07-10T06:58:01.269533+00:00
2026-07-06 09:15:00+00:00,SOL-USD,15m,80.29000091552734,80.37000274658203,80.2300033569336,80.30999755859375,1878528,1878528,yfinance,2026-07-10T06:58:01.269533+00:00
2026-07-06 09:30:00+00:00,SOL-USD,15m,80.33000183105469,80.33000183105469,80.08999633789062,80.16999816894531,0,0,yfinance,2026-07-10T06:58:01.269533+00:00
2026-07-06 09:45:00+00:00,SOL-USD,15m,80.16000366210938,80.16000366210938,79.9800033569336,79.9800033569336,0,0,yfinance,2026-07-10T06:58:01.269533+00:00
2026-07-06 10:00:00+00:00,SOL-USD,15m,79.98999786376953,80.18000030517578,79.9800033569336,80.16000366210938,5366144,5366144,yfinance,2026-07-10T06:58:01.269533+00:00
2026-07-06 10:15:00+00:00,SOL-USD,15m,80.16000366210938,80.3499984741211,80.1500015258789,80.33999633789062,1617280,1617280,yfinance,2026-07-10T06:58:01.269533+00:00
2026-07-06 10:30:00+00:00,SOL-USD,15m,80.33999633789062,80.62999725341797,80.30999755859375,80.5199966430664,2734080,2734080,yfinance,2026-07-10T06:58:01.269533+00:00
2026-07-06 10:45:00+00:00,SOL-USD,15m,80.48999786376953,80.5999984741211,80.48999786376953,80.5999984741211,2046848,2046848,yfinance,2026-07-10T06:58:01.269533+00:00
2026-07-06 11:00:00+00:00,SOL-USD,15m,80.62000274658203,80.7300033569336,80.56999969482422,80.58999633789062,1144320,1144320,yfinance,2026-07-10T06:58:01.269533+00:00
2026-07-06 11:15:00+00:00,SOL-USD,15m,80.58999633789062,80.87000274658203,80.56999969482422,80.7300033569336,3346688,3346688,yfinance,2026-07-10T06:58:01.269533+00:00
2026-07-06 11:30:00+00:00,SOL-USD,15m,80.69999694824219,80.91999816894531,80.69999694824219,80.86000061035156,3971072,3971072,yfinance,2026-07-10T06:58:01.269533+00:00
2026-07-06 11:45:00+00:00,SOL-USD,15m,80.87000274658203,80.91999816894531,80.33000183105469,80.33000183105469,355968,355968,yfinance,2026-07-10T06:58:01.269533+00:00
2026-07-06 12:00:00+00:00,SOL-USD,15m,80.27999877929688,80.47000122070312,79.30999755859375,80.1500015258789,99283584,99283584,yfinance,2026-07-10T06:58:01.269533+00:00
2026-07-06 12:15:00+00:00,SOL-USD,15m,80.16999816894531,80.55999755859375,80.12999725341797,80.18000030517578,40639360,40639360,yfinance,2026-07-10T06:58:01.269533+00:00
2026-07-06 12:30:00+00:00,SOL-USD,15m,80.16999816894531,80.44000244140625,79.81999969482422,79.88999938964844,0,0,yfinance,2026-07-10T06:58:01.269533+00:00
2026-07-06 12:45:00+00:00,SOL-USD,15m,79.86000061035156,79.9000015258789,79.38999938964844,79.4000015258789,25663872,25663872,yfinance,2026-07-10T06:58:01.269533+00:00
2026-07-06 13:00:00+00:00,SOL-USD,15m,79.36000061035156,79.58999633789062,79.16000366210938,79.37999725341797,55634816,55634816,yfinance,2026-07-10T06:58:01.269533+00:00
2026-07-06 13:15:00+00:00,SOL-USD,15m,79.43000030517578,79.48999786376953,79.19999694824219,79.36000061035156,22510976,22510976,yfinance,2026-07-10T06:58:01.269533+00:00
2026-07-06 13:30:00+00:00,SOL-USD,15m,79.33000183105469,80.31999969482422,79.33000183105469,80.30999755859375,24781184,24781184,yfinance,2026-07-10T06:58:01.269533+00:00
2026-07-06 13:45:00+00:00,SOL-USD,15m,80.3499984741211,80.8499984741211,80.11000061035156,80.11000061035156,52196224,52196224,yfinance,2026-07-10T06:58:01.269533+00:00
2026-07-06 14:00:00+00:00,SOL-USD,15m,80.11000061035156,80.2300033569336,79.97000122070312,80.08000183105469,26841344,26841344,yfinance,2026-07-10T06:58:01.269533+00:00
2026-07-06 14:15:00+00:00,SOL-USD,15m,80.05999755859375,80.69000244140625,79.77999877929688,80.29000091552734,21062016,21062016,yfinance,2026-07-10T06:58:01.269533+00:00
2026-07-06 14:30:00+00:00,SOL-USD,15m,80.30000305175781,80.44000244140625,80.08000183105469,80.27999877929688,30177536,30177536,yfinance,2026-07-10T06:58:01.269533+00:00
2026-07-06 14:45:00+00:00,SOL-USD,15m,80.2699966430664,80.30999755859375,80.02999877929688,80.2300033569336,4973824,4973824,yfinance,2026-07-10T06:58:01.269533+00:00
2026-07-06 15:00:00+00:00,SOL-USD,15m,80.25,80.76000213623047,80.22000122070312,80.63999938964844,13387776,13387776,yfinance,2026-07-10T06:58:01.269533+00:00
2026-07-06 15:15:00+00:00,SOL-USD,15m,80.63999938964844,80.73999786376953,80.33999633789062,80.72000122070312,22939136,22939136,yfinance,2026-07-10T06:58:01.269533+00:00
2026-07-06 15:30:00+00:00,SOL-USD,15m,80.7300033569336,81.30000305175781,80.4000015258789,81.30000305175781,18884608,18884608,yfinance,2026-07-10T06:58:01.269533+00:00
2026-07-06 15:45:00+00:00,SOL-USD,15m,81.29000091552734,81.47000122070312,81.02999877929688,81.41000366210938,69746176,69746176,yfinance,2026-07-10T06:58:01.269533+00:00
2026-07-06 16:00:00+00:00,SOL-USD,15m,81.44000244140625,82.12999725341797,81.22000122070312,81.95999908447266,59704576,59704576,yfinance,2026-07-10T06:58:01.269533+00:00
2026-07-06 16:15:00+00:00,SOL-USD,15m,81.94000244140625,82.33000183105469,81.62999725341797,81.7699966430664,64229376,64229376,yfinance,2026-07-10T06:58:01.269533+00:00
2026-07-06 16:30:00+00:00,SOL-USD,15m,81.79000091552734,82.0999984741211,81.73999786376953,82.0,22270720,22270720,yfinance,2026-07-10T06:58:01.269533+00:00
2026-07-06 16:45:00+00:00,SOL-USD,15m,81.98999786376953,82.08000183105469,81.87000274658203,82.05000305175781,43866368,43866368,yfinance,2026-07-10T06:58:01.269533+00:00
2026-07-06 17:00:00+00:00,SOL-USD,15m,82.05000305175781,82.12000274658203,81.7300033569336,81.9000015258789,31867392,31867392,yfinance,2026-07-10T06:58:01.269533+00:00
2026-07-06 17:15:00+00:00,SOL-USD,15m,81.91000366210938,82.08000183105469,81.81999969482422,81.94999694824219,9643264,9643264,yfinance,2026-07-10T06:58:01.269533+00:00
2026-07-06 17:30:00+00:00,SOL-USD,15m,81.9800033569336,82.0,81.5,81.51000213623047,12550656,12550656,yfinance,2026-07-10T06:58:01.269533+00:00
2026-07-06 17:45:00+00:00,SOL-USD,15m,81.47000122070312,81.80000305175781,81.41000366210938,81.56999969482422,12291072,12291072,yfinance,2026-07-10T06:58:01.269533+00:00
2026-07-06 18:00:00+00:00,SOL-USD,15m,81.58000183105469,81.75,81.30999755859375,81.33999633789062,7239424,7239424,yfinance,2026-07-10T06:58:01.269533+00:00
2026-07-06 18:15:00+00:00,SOL-USD,15m,81.3499984741211,81.6500015258789,81.26000213623047,81.5,11011584,11011584,yfinance,2026-07-10T06:58:01.269533+00:00
2026-07-06 18:30:00+00:00,SOL-USD,15m,81.48999786376953,81.91000366210938,81.47000122070312,81.80000305175781,34318848,34318848,yfinance,2026-07-10T06:58:01.269533+00:00
2026-07-06 18:45:00+00:00,SOL-USD,15m,81.77999877929688,82.2300033569336,81.75,81.93000030517578,42382848,42382848,yfinance,2026-07-10T06:58:01.269533+00:00
2026-07-06 19:00:00+00:00,SOL-USD,15m,81.94999694824219,81.94999694824219,81.76000213623047,81.87000274658203,21065472,21065472,yfinance,2026-07-10T06:58:01.269533+00:00
2026-07-06 19:15:00+00:00,SOL-USD,15m,81.87999725341797,82.05000305175781,81.8499984741211,82.02999877929688,12834048,12834048,yfinance,2026-07-10T06:58:01.269533+00:00
2026-07-06 19:30:00+00:00,SOL-USD,15m,82.0199966430664,82.12000274658203,81.88999938964844,82.05000305175781,8549120,8549120,yfinance,2026-07-10T06:58:01.269533+00:00
2026-07-06 19:45:00+00:00,SOL-USD,15m,82.02999877929688,82.06999969482422,81.83000183105469,82.02999877929688,7388416,7388416,yfinance,2026-07-10T06:58:01.269533+00:00
2026-07-06 20:00:00+00:00,SOL-USD,15m,82.0199966430664,82.0199966430664,81.6500015258789,81.70999908447266,16191744,16191744,yfinance,2026-07-10T06:58:01.269533+00:00
2026-07-06 20:15:00+00:00,SOL-USD,15m,81.73999786376953,81.93000030517578,81.72000122070312,81.91000366210938,2863872,2863872,yfinance,2026-07-10T06:58:01.269533+00:00
2026-07-06 20:30:00+00:00,SOL-USD,15m,81.91999816894531,82.11000061035156,81.88999938964844,81.95999908447266,8821248,8821248,yfinance,2026-07-10T06:58:01.269533+00:00
2026-07-06 20:45:00+00:00,SOL-USD,15m,81.91000366210938,82.18000030517578,81.86000061035156,82.02999877929688,4667392,4667392,yfinance,2026-07-10T06:58:01.269533+00:00
2026-07-06 21:00:00+00:00,SOL-USD,15m,82.04000091552734,83.55999755859375,82.0,82.88999938964844,70472448,70472448,yfinance,2026-07-10T06:58:01.269533+00:00
2026-07-06 21:15:00+00:00,SOL-USD,15m,82.94000244140625,83.01000213623047,82.54000091552734,82.62000274658203,90048256,90048256,yfinance,2026-07-10T06:58:01.269533+00:00
2026-07-06 21:30:00+00:00,SOL-USD,15m,82.61000061035156,82.79000091552734,82.41999816894531,82.56999969482422,0,0,yfinance,2026-07-10T06:58:01.269533+00:00
2026-07-06 21:45:00+00:00,SOL-USD,15m,82.55999755859375,82.83999633789062,82.43000030517578,82.76000213623047,7046912,7046912,yfinance,2026-07-10T06:58:01.269533+00:00
2026-07-06 22:00:00+00:00,SOL-USD,15m,82.79000091552734,82.80000305175781,82.55000305175781,82.62000274658203,11871744,11871744,yfinance,2026-07-10T06:58:01.269533+00:00
2026-07-06 22:15:00+00:00,SOL-USD,15m,82.62000274658203,82.6500015258789,82.31999969482422,82.33000183105469,0,0,yfinance,2026-07-10T06:58:01.269533+00:00
2026-07-06 22:30:00+00:00,SOL-USD,15m,82.30999755859375,82.4800033569336,82.29000091552734,82.3499984741211,0,0,yfinance,2026-07-10T06:58:01.269533+00:00
2026-07-06 22:45:00+00:00,SOL-USD,15m,82.33999633789062,82.41999816894531,82.19999694824219,82.26000213623047,3838976,3838976,yfinance,2026-07-10T06:58:01.269533+00:00
2026-07-06 23:00:00+00:00,SOL-USD,15m,82.27999877929688,82.36000061035156,82.16999816894531,82.25,0,0,yfinance,2026-07-10T06:58:01.269533+00:00
2026-07-06 23:15:00+00:00,SOL-USD,15m,82.25,82.2699966430664,81.94000244140625,82.08999633789062,0,0,yfinance,2026-07-10T06:58:01.269533+00:00
2026-07-06 23:30:00+00:00,SOL-USD,15m,82.08999633789062,82.11000061035156,81.93000030517578,81.97000122070312,0,0,yfinance,2026-07-10T06:58:01.269533+00:00
2026-07-06 23:45:00+00:00,SOL-USD,15m,81.97000122070312,81.98999786376953,81.83999633789062,81.88999938964844,424192,424192,yfinance,2026-07-10T06:58:01.269533+00:00
2026-07-07 00:00:00+00:00,SOL-USD,15m,81.9000015258789,81.95999908447266,81.77999877929688,81.81999969482422,1059840,1059840,yfinance,2026-07-10T06:58:01.269533+00:00
2026-07-07 00:15:00+00:00,SOL-USD,15m,81.81999969482422,82.36000061035156,81.77999877929688,82.27999877929688,2469632,2469632,yfinance,2026-07-10T06:58:01.269533+00:00
2026-07-07 00:30:00+00:00,SOL-USD,15m,82.23999786376953,82.43000030517578,82.12000274658203,82.2699966430664,8257280,8257280,yfinance,2026-07-10T06:58:01.269533+00:00
2026-07-07 00:45:00+00:00,SOL-USD,15m,82.26000213623047,82.41000366210938,82.18000030517578,82.30999755859375,1599232,1599232,yfinance,2026-07-10T06:58:01.269533+00:00
2026-07-07 01:00:00+00:00,SOL-USD,15m,82.30999755859375,82.30999755859375,81.80000305175781,82.08999633789062,6244608,6244608,yfinance,2026-07-10T06:58:01.269533+00:00
2026-07-07 01:15:00+00:00,SOL-USD,15m,82.11000061035156,82.1500015258789,81.8499984741211,81.87999725341797,0,0,yfinance,2026-07-10T06:58:01.269533+00:00
2026-07-07 01:30:00+00:00,SOL-USD,15m,81.87999725341797,82.0,81.7699966430664,81.95999908447266,2373376,2373376,yfinance,2026-07-10T06:58:01.269533+00:00
2026-07-07 01:45:00+00:00,SOL-USD,15m,81.95999908447266,82.12999725341797,81.81999969482422,81.8499984741211,1415936,1415936,yfinance,2026-07-10T06:58:01.269533+00:00
2026-07-07 02:00:00+00:00,SOL-USD,15m,81.80999755859375,81.93000030517578,81.72000122070312,81.79000091552734,0,0,yfinance,2026-07-10T06:58:01.269533+00:00
2026-07-07 02:15:00+00:00,SOL-USD,15m,81.77999877929688,81.88999938964844,81.51000213623047,81.52999877929688,0,0,yfinance,2026-07-10T06:58:01.269533+00:00
2026-07-07 02:30:00+00:00,SOL-USD,15m,81.55999755859375,81.55999755859375,81.3499984741211,81.54000091552734,2729728,2729728,yfinance,2026-07-10T06:58:01.269533+00:00
2026-07-07 02:45:00+00:00,SOL-USD,15m,81.52999877929688,81.61000061035156,81.2300033569336,81.29000091552734,0,0,yfinance,2026-07-10T06:58:01.269533+00:00
2026-07-07 03:00:00+00:00,SOL-USD,15m,81.30000305175781,81.41999816894531,81.19999694824219,81.25,0,0,yfinance,2026-07-10T06:58:01.269533+00:00
2026-07-07 03:15:00+00:00,SOL-USD,15m,81.25,81.30000305175781,81.08999633789062,81.12999725341797,1629952,1629952,yfinance,2026-07-10T06:58:01.269533+00:00
2026-07-07 03:30:00+00:00,SOL-USD,15m,81.12999725341797,81.22000122070312,81.05999755859375,81.12999725341797,0,0,yfinance,2026-07-10T06:58:01.269533+00:00
2026-07-07 03:45:00+00:00,SOL-USD,15m,81.11000061035156,81.11000061035156,80.91000366210938,81.0,7238912,7238912,yfinance,2026-07-10T06:58:01.269533+00:00
2026-07-07 04:00:00+00:00,SOL-USD,15m,80.98999786376953,81.05000305175781,80.8499984741211,80.87999725341797,162048,162048,yfinance,2026-07-10T06:58:01.269533+00:00
2026-07-07 04:15:00+00:00,SOL-USD,15m,80.86000061035156,80.97000122070312,80.73999786376953,80.91999816894531,1135360,1135360,yfinance,2026-07-10T06:58:01.269533+00:00
2026-07-07 04:30:00+00:00,SOL-USD,15m,80.91999816894531,80.97000122070312,80.7300033569336,80.73999786376953,111360,111360,yfinance,2026-07-10T06:58:01.269533+00:00
2026-07-07 04:45:00+00:00,SOL-USD,15m,80.75,80.86000061035156,80.58999633789062,80.8499984741211,10010880,10010880,yfinance,2026-07-10T06:58:01.269533+00:00
2026-07-07 05:00:00+00:00,SOL-USD,15m,80.86000061035156,80.86000061035156,80.44999694824219,80.47000122070312,463872,463872,yfinance,2026-07-10T06:58:01.269533+00:00
2026-07-07 05:15:00+00:00,SOL-USD,15m,80.44999694824219,80.5999984741211,80.41000366210938,80.55999755859375,15111168,15111168,yfinance,2026-07-10T06:58:01.269533+00:00
2026-07-07 05:30:00+00:00,SOL-USD,15m,80.58999633789062,81.0,80.58999633789062,80.94999694824219,2406144,2406144,yfinance,2026-07-10T06:58:01.269533+00:00
2026-07-07 05:45:00+00:00,SOL-USD,15m,80.94999694824219,81.16999816894531,80.91999816894531,81.05000305175781,7317760,7317760,yfinance,2026-07-10T06:58:01.269533+00:00
2026-07-07 06:00:00+00:00,SOL-USD,15m,81.04000091552734,81.16999816894531,80.75,80.87999725341797,5549568,5549568,yfinance,2026-07-10T06:58:01.269533+00:00
2026-07-07 06:15:00+00:00,SOL-USD,15m,80.88999938964844,81.04000091552734,80.86000061035156,81.0199966430664,9754112,9754112,yfinance,2026-07-10T06:58:01.269533+00:00
2026-07-07 06:30:00+00:00,SOL-USD,15m,80.9800033569336,81.3499984741211,80.94999694824219,81.30999755859375,8809216,8809216,yfinance,2026-07-10T06:58:01.269533+00:00
2026-07-07 06:45:00+00:00,SOL-USD,15m,81.29000091552734,81.56999969482422,81.2699966430664,81.4800033569336,7468288,7468288,yfinance,2026-07-10T06:58:01.269533+00:00
2026-07-07 07:00:00+00:00,SOL-USD,15m,81.44999694824219,81.66999816894531,81.41000366210938,81.63999938964844,2679808,2679808,yfinance,2026-07-10T06:58:01.269533+00:00
2026-07-07 07:15:00+00:00,SOL-USD,15m,81.62000274658203,81.69000244140625,81.51000213623047,81.54000091552734,4147456,4147456,yfinance,2026-07-10T06:58:01.269533+00:00
2026-07-07 07:30:00+00:00,SOL-USD,15m,81.5199966430664,81.62000274658203,81.29000091552734,81.56999969482422,3072000,3072000,yfinance,2026-07-10T06:58:01.269533+00:00
2026-07-07 07:45:00+00:00,SOL-USD,15m,81.55999755859375,81.63999938964844,81.43000030517578,81.43000030517578,11108352,11108352,yfinance,2026-07-10T06:58:01.269533+00:00
2026-07-07 08:00:00+00:00,SOL-USD,15m,81.44999694824219,81.51000213623047,81.1500015258789,81.3499984741211,2850816,2850816,yfinance,2026-07-10T06:58:01.269533+00:00
2026-07-07 08:15:00+00:00,SOL-USD,15m,81.36000061035156,81.48999786376953,81.29000091552734,81.41999816894531,5047808,5047808,yfinance,2026-07-10T06:58:01.269533+00:00
2026-07-07 08:30:00+00:00,SOL-USD,15m,81.44000244140625,81.47000122070312,81.2300033569336,81.47000122070312,7732992,7732992,yfinance,2026-07-10T06:58:01.269533+00:00
2026-07-07 08:45:00+00:00,SOL-USD,15m,81.4800033569336,81.5,81.16999816894531,81.19999694824219,26915072,26915072,yfinance,2026-07-10T06:58:01.269533+00:00
2026-07-07 09:00:00+00:00,SOL-USD,15m,81.19999694824219,81.41000366210938,81.08999633789062,81.4000015258789,23517696,23517696,yfinance,2026-07-10T06:58:01.269533+00:00
2026-07-07 09:15:00+00:00,SOL-USD,15m,81.4000015258789,81.4000015258789,81.11000061035156,81.12000274658203,3042560,3042560,yfinance,2026-07-10T06:58:01.269533+00:00
2026-07-07 09:30:00+00:00,SOL-USD,15m,81.12000274658203,81.29000091552734,81.05999755859375,81.27999877929688,6614528,6614528,yfinance,2026-07-10T06:58:01.269533+00:00
2026-07-07 09:45:00+00:00,SOL-USD,15m,81.27999877929688,81.3499984741211,81.13999938964844,81.2300033569336,2664192,2664192,yfinance,2026-07-10T06:58:01.269533+00:00
2026-07-07 10:00:00+00:00,SOL-USD,15m,81.25,81.51000213623047,81.22000122070312,81.26000213623047,4065792,4065792,yfinance,2026-07-10T06:58:01.269533+00:00
2026-07-07 10:15:00+00:00,SOL-USD,15m,81.25,81.38999938964844,81.04000091552734,81.04000091552734,3521536,3521536,yfinance,2026-07-10T06:58:01.269533+00:00
2026-07-07 10:30:00+00:00,SOL-USD,15m,80.98999786376953,81.0999984741211,80.8499984741211,81.05000305175781,13393920,13393920,yfinance,2026-07-10T06:58:01.269533+00:00
2026-07-07 10:45:00+00:00,SOL-USD,15m,81.02999877929688,81.06999969482422,80.88999938964844,80.93000030517578,3438848,3438848,yfinance,2026-07-10T06:58:01.269533+00:00
2026-07-07 11:00:00+00:00,SOL-USD,15m,80.87999725341797,80.93000030517578,80.70999908447266,80.79000091552734,8546048,8546048,yfinance,2026-07-10T06:58:01.269533+00:00
2026-07-07 11:15:00+00:00,SOL-USD,15m,80.80000305175781,81.02999877929688,80.77999877929688,80.91000366210938,4724224,4724224,yfinance,2026-07-10T06:58:01.269533+00:00
2026-07-07 11:30:00+00:00,SOL-USD,15m,80.91999816894531,81.08000183105469,80.80000305175781,81.05999755859375,371456,371456,yfinance,2026-07-10T06:58:01.269533+00:00
2026-07-07 11:45:00+00:00,SOL-USD,15m,81.08999633789062,81.33000183105469,81.08999633789062,81.25,7414528,7414528,yfinance,2026-07-10T06:58:01.269533+00:00
2026-07-07 12:00:00+00:00,SOL-USD,15m,81.27999877929688,81.83999633789062,81.2300033569336,81.76000213623047,0,0,yfinance,2026-07-10T06:58:01.269533+00:00
2026-07-07 12:15:00+00:00,SOL-USD,15m,81.72000122070312,81.91999816894531,81.6500015258789,81.80000305175781,191232,191232,yfinance,2026-07-10T06:58:01.269533+00:00
2026-07-07 12:30:00+00:00,SOL-USD,15m,81.80999755859375,81.83000183105469,81.52999877929688,81.62999725341797,315648,315648,yfinance,2026-07-10T06:58:01.269533+00:00
2026-07-07 12:45:00+00:00,SOL-USD,15m,81.5999984741211,81.5999984741211,81.36000061035156,81.37999725341797,0,0,yfinance,2026-07-10T06:58:01.269533+00:00
2026-07-07 13:00:00+00:00,SOL-USD,15m,81.37999725341797,81.52999877929688,81.11000061035156,81.22000122070312,0,0,yfinance,2026-07-10T06:58:01.269533+00:00
2026-07-07 13:15:00+00:00,SOL-USD,15m,81.20999908447266,81.2699966430664,80.81999969482422,80.87000274658203,0,0,yfinance,2026-07-10T06:58:01.269533+00:00
2026-07-07 13:30:00+00:00,SOL-USD,15m,80.87000274658203,81.08999633789062,80.58000183105469,80.87999725341797,5960960,5960960,yfinance,2026-07-10T06:58:01.269533+00:00
2026-07-07 13:45:00+00:00,SOL-USD,15m,80.91000366210938,81.30000305175781,80.6500015258789,80.76000213623047,0,0,yfinance,2026-07-10T06:58:01.269533+00:00
2026-07-07 14:00:00+00:00,SOL-USD,15m,80.76000213623047,81.08999633789062,80.61000061035156,80.76000213623047,0,0,yfinance,2026-07-10T06:58:01.269533+00:00
2026-07-07 14:15:00+00:00,SOL-USD,15m,80.77999877929688,81.08000183105469,80.68000030517578,81.08000183105469,1049088,1049088,yfinance,2026-07-10T06:58:01.269533+00:00
2026-07-07 14:30:00+00:00,SOL-USD,15m,81.16999816894531,81.25,80.44999694824219,80.80999755859375,10375680,10375680,yfinance,2026-07-10T06:58:01.269533+00:00
2026-07-07 14:45:00+00:00,SOL-USD,15m,80.83999633789062,81.83999633789062,80.83999633789062,81.72000122070312,23668224,23668224,yfinance,2026-07-10T06:58:01.269533+00:00
2026-07-07 15:00:00+00:00,SOL-USD,15m,81.7300033569336,81.77999877929688,81.41999816894531,81.4800033569336,3002368,3002368,yfinance,2026-07-10T06:58:01.269533+00:00
2026-07-07 15:15:00+00:00,SOL-USD,15m,81.4800033569336,82.02999877929688,81.44999694824219,81.91000366210938,2350336,2350336,yfinance,2026-07-10T06:58:01.269533+00:00
2026-07-07 15:30:00+00:00,SOL-USD,15m,81.86000061035156,82.2300033569336,81.80000305175781,81.91999816894531,18056192,18056192,yfinance,2026-07-10T06:58:01.269533+00:00
2026-07-07 15:45:00+00:00,SOL-USD,15m,82.04000091552734,82.29000091552734,81.95999908447266,82.05999755859375,0,0,yfinance,2026-07-10T06:58:01.269533+00:00
2026-07-07 16:00:00+00:00,SOL-USD,15m,82.04000091552734,82.05999755859375,81.7699966430664,81.87999725341797,0,0,yfinance,2026-07-10T06:58:01.269533+00:00
2026-07-07 16:15:00+00:00,SOL-USD,15m,81.91000366210938,82.36000061035156,81.7699966430664,82.16999816894531,0,0,yfinance,2026-07-10T06:58:01.269533+00:00
2026-07-07 16:30:00+00:00,SOL-USD,15m,82.1500015258789,82.23999786376953,82.0,82.16999816894531,0,0,yfinance,2026-07-10T06:58:01.269533+00:00
2026-07-07 16:45:00+00:00,SOL-USD,15m,82.16000366210938,82.48999786376953,82.11000061035156,82.1500015258789,1590528,1590528,yfinance,2026-07-10T06:58:01.269533+00:00
2026-07-07 17:00:00+00:00,SOL-USD,15m,82.12000274658203,82.4000015258789,82.02999877929688,82.30000305175781,0,0,yfinance,2026-07-10T06:58:01.269533+00:00
2026-07-07 17:15:00+00:00,SOL-USD,15m,82.33999633789062,82.55999755859375,82.06999969482422,82.48999786376953,9510400,9510400,yfinance,2026-07-10T06:58:01.269533+00:00
2026-07-07 17:30:00+00:00,SOL-USD,15m,82.5199966430664,82.72000122070312,82.3499984741211,82.72000122070312,5020928,5020928,yfinance,2026-07-10T06:58:01.269533+00:00
2026-07-07 17:45:00+00:00,SOL-USD,15m,82.70999908447266,82.70999908447266,82.4800033569336,82.63999938964844,2435328,2435328,yfinance,2026-07-10T06:58:01.269533+00:00
2026-07-07 18:00:00+00:00,SOL-USD,15m,82.62999725341797,82.63999938964844,82.22000122070312,82.2300033569336,905984,905984,yfinance,2026-07-10T06:58:01.269533+00:00
2026-07-07 18:15:00+00:00,SOL-USD,15m,82.2300033569336,82.33000183105469,81.94000244140625,81.9800033569336,4831232,4831232,yfinance,2026-07-10T06:58:01.269533+00:00
2026-07-07 18:30:00+00:00,SOL-USD,15m,81.98999786376953,82.16999816894531,81.9000015258789,82.16999816894531,2436608,2436608,yfinance,2026-07-10T06:58:01.269533+00:00
2026-07-07 18:45:00+00:00,SOL-USD,15m,82.19000244140625,82.23999786376953,81.19999694824219,81.23999786376953,0,0,yfinance,2026-07-10T06:58:01.269533+00:00
2026-07-07 19:00:00+00:00,SOL-USD,15m,81.19000244140625,81.36000061035156,80.86000061035156,81.01000213623047,4679680,4679680,yfinance,2026-07-10T06:58:01.269533+00:00
2026-07-07 19:15:00+00:00,SOL-USD,15m,81.0199966430664,81.12999725341797,80.72000122070312,81.05000305175781,14701312,14701312,yfinance,2026-07-10T06:58:01.269533+00:00
2026-07-07 19:30:00+00:00,SOL-USD,15m,81.06999969482422,81.41999816894531,81.05999755859375,81.37999725341797,9908992,9908992,yfinance,2026-07-10T06:58:01.269533+00:00
2026-07-07 19:45:00+00:00,SOL-USD,15m,81.33999633789062,81.5,81.2300033569336,81.27999877929688,8136448,8136448,yfinance,2026-07-10T06:58:01.269533+00:00
2026-07-07 20:00:00+00:00,SOL-USD,15m,81.30999755859375,81.41999816894531,81.11000061035156,81.37999725341797,0,0,yfinance,2026-07-10T06:58:01.269533+00:00
2026-07-07 20:15:00+00:00,SOL-USD,15m,81.36000061035156,81.41999816894531,81.18000030517578,81.29000091552734,7447040,7447040,yfinance,2026-07-10T06:58:01.269533+00:00
2026-07-07 20:30:00+00:00,SOL-USD,15m,81.29000091552734,81.30000305175781,81.08000183105469,81.0999984741211,951040,951040,yfinance,2026-07-10T06:58:01.269533+00:00
2026-07-07 20:45:00+00:00,SOL-USD,15m,81.08999633789062,81.12000274658203,80.95999908447266,81.11000061035156,944896,944896,yfinance,2026-07-10T06:58:01.269533+00:00
2026-07-07 21:00:00+00:00,SOL-USD,15m,81.12000274658203,81.3499984741211,81.12000274658203,81.25,0,0,yfinance,2026-07-10T06:58:01.269533+00:00
2026-07-07 21:15:00+00:00,SOL-USD,15m,81.19999694824219,81.25,80.61000061035156,80.83000183105469,0,0,yfinance,2026-07-10T06:58:01.269533+00:00
2026-07-07 21:30:00+00:00,SOL-USD,15m,80.80000305175781,80.80999755859375,80.4800033569336,80.5999984741211,0,0,yfinance,2026-07-10T06:58:01.269533+00:00
2026-07-07 21:45:00+00:00,SOL-USD,15m,80.61000061035156,80.87000274658203,80.56999969482422,80.77999877929688,6684672,6684672,yfinance,2026-07-10T06:58:01.269533+00:00
2026-07-07 22:00:00+00:00,SOL-USD,15m,80.76000213623047,80.80000305175781,80.31999969482422,80.77999877929688,2444288,2444288,yfinance,2026-07-10T06:58:01.269533+00:00
2026-07-07 22:15:00+00:00,SOL-USD,15m,80.77999877929688,80.95999908447266,80.66999816894531,80.76000213623047,4099072,4099072,yfinance,2026-07-10T06:58:01.269533+00:00
2026-07-07 22:30:00+00:00,SOL-USD,15m,80.76000213623047,81.04000091552734,80.72000122070312,80.97000122070312,1324032,1324032,yfinance,2026-07-10T06:58:01.269533+00:00
2026-07-07 22:45:00+00:00,SOL-USD,15m,80.95999908447266,80.95999908447266,80.76000213623047,80.83000183105469,0,0,yfinance,2026-07-10T06:58:01.269533+00:00
2026-07-07 23:00:00+00:00,SOL-USD,15m,80.81999969482422,81.0,80.79000091552734,80.93000030517578,2333696,2333696,yfinance,2026-07-10T06:58:01.269533+00:00
2026-07-07 23:15:00+00:00,SOL-USD,15m,80.93000030517578,81.08999633789062,80.91999816894531,81.06999969482422,1953792,1953792,yfinance,2026-07-10T06:58:01.269533+00:00
2026-07-07 23:30:00+00:00,SOL-USD,15m,81.05000305175781,81.08999633789062,80.62000274658203,80.62999725341797,2630912,2630912,yfinance,2026-07-10T06:58:01.269533+00:00
2026-07-07 23:45:00+00:00,SOL-USD,15m,80.5999984741211,80.7699966430664,80.44999694824219,80.5199966430664,1070080,1070080,yfinance,2026-07-10T06:58:01.269533+00:00
2026-07-08 00:00:00+00:00,SOL-USD,15m,80.61000061035156,80.70999908447266,80.47000122070312,80.5999984741211,5111552,5111552,yfinance,2026-07-10T06:58:01.269533+00:00
2026-07-08 00:15:00+00:00,SOL-USD,15m,80.62000274658203,80.70999908447266,80.43000030517578,80.58000183105469,9112320,9112320,yfinance,2026-07-10T06:58:01.269533+00:00
2026-07-08 00:30:00+00:00,SOL-USD,15m,80.58999633789062,80.62000274658203,80.33999633789062,80.51000213623047,5824512,5824512,yfinance,2026-07-10T06:58:01.269533+00:00
2026-07-08 00:45:00+00:00,SOL-USD,15m,80.51000213623047,80.5199966430664,80.29000091552734,80.30999755859375,1061632,1061632,yfinance,2026-07-10T06:58:01.269533+00:00
2026-07-08 01:00:00+00:00,SOL-USD,15m,80.30999755859375,80.37000274658203,80.1500015258789,80.31999969482422,0,0,yfinance,2026-07-10T06:58:01.269533+00:00
2026-07-08 01:15:00+00:00,SOL-USD,15m,80.31999969482422,80.31999969482422,80.0199966430664,80.0199966430664,5276416,5276416,yfinance,2026-07-10T06:58:01.269533+00:00
2026-07-08 01:30:00+00:00,SOL-USD,15m,80.01000213623047,80.0199966430664,78.80999755859375,79.25,46480896,46480896,yfinance,2026-07-10T06:58:01.269533+00:00
2026-07-08 01:45:00+00:00,SOL-USD,15m,79.25,79.38999938964844,78.91999816894531,79.04000091552734,41317632,41317632,yfinance,2026-07-10T06:58:01.269533+00:00
2026-07-08 02:00:00+00:00,SOL-USD,15m,79.0,79.11000061035156,78.69000244140625,78.88999938964844,23330304,23330304,yfinance,2026-07-10T06:58:01.269533+00:00
2026-07-08 02:15:00+00:00,SOL-USD,15m,78.87000274658203,78.94000244140625,78.72000122070312,78.83999633789062,15890944,15890944,yfinance,2026-07-10T06:58:01.269533+00:00
2026-07-08 02:30:00+00:00,SOL-USD,15m,78.80999755859375,78.9000015258789,78.16999816894531,78.88999938964844,17964800,17964800,yfinance,2026-07-10T06:58:01.269533+00:00
2026-07-08 02:45:00+00:00,SOL-USD,15m,78.91000366210938,79.08999633789062,78.87999725341797,79.0,38444800,38444800,yfinance,2026-07-10T06:58:01.269533+00:00
2026-07-08 03:00:00+00:00,SOL-USD,15m,79.05999755859375,79.27999877929688,78.98999786376953,79.19999694824219,12232704,12232704,yfinance,2026-07-10T06:58:01.269533+00:00
2026-07-08 03:15:00+00:00,SOL-USD,15m,79.19000244140625,79.25,79.12000274658203,79.19000244140625,4219136,4219136,yfinance,2026-07-10T06:58:01.269533+00:00
2026-07-08 03:30:00+00:00,SOL-USD,15m,79.18000030517578,79.19000244140625,78.87000274658203,78.95999908447266,1882880,1882880,yfinance,2026-07-10T06:58:01.269533+00:00
2026-07-08 03:45:00+00:00,SOL-USD,15m,78.97000122070312,78.97000122070312,78.55000305175781,78.6500015258789,0,0,yfinance,2026-07-10T06:58:01.269533+00:00
2026-07-08 04:00:00+00:00,SOL-USD,15m,78.68000030517578,78.72000122070312,78.5199966430664,78.6500015258789,8983040,8983040,yfinance,2026-07-10T06:58:01.269533+00:00
2026-07-08 04:15:00+00:00,SOL-USD,15m,78.6500015258789,78.8499984741211,78.62999725341797,78.80999755859375,542720,542720,yfinance,2026-07-10T06:58:01.269533+00:00
2026-07-08 04:30:00+00:00,SOL-USD,15m,78.8499984741211,78.87000274658203,78.58999633789062,78.5999984741211,0,0,yfinance,2026-07-10T06:58:01.269533+00:00
2026-07-08 04:45:00+00:00,SOL-USD,15m,78.5999984741211,78.63999938964844,78.33999633789062,78.56999969482422,1486080,1486080,yfinance,2026-07-10T06:58:01.269533+00:00
2026-07-08 05:00:00+00:00,SOL-USD,15m,78.58000183105469,78.72000122070312,78.44999694824219,78.62000274658203,4597504,4597504,yfinance,2026-07-10T06:58:01.269533+00:00
2026-07-08 05:15:00+00:00,SOL-USD,15m,78.62999725341797,78.7699966430664,78.5,78.55000305175781,0,0,yfinance,2026-07-10T06:58:01.269533+00:00
2026-07-08 05:30:00+00:00,SOL-USD,15m,78.54000091552734,78.58999633789062,78.33999633789062,78.36000061035156,1560064,1560064,yfinance,2026-07-10T06:58:01.269533+00:00
2026-07-08 05:45:00+00:00,SOL-USD,15m,78.36000061035156,78.44000244140625,78.2699966430664,78.33999633789062,2636800,2636800,yfinance,2026-07-10T06:58:01.269533+00:00
2026-07-08 06:00:00+00:00,SOL-USD,15m,78.36000061035156,78.36000061035156,78.16999816894531,78.27999877929688,422656,422656,yfinance,2026-07-10T06:58:01.269533+00:00
2026-07-08 06:15:00+00:00,SOL-USD,15m,78.29000091552734,78.31999969482422,78.06999969482422,78.20999908447266,7042304,7042304,yfinance,2026-07-10T06:58:01.269533+00:00
2026-07-08 06:30:00+00:00,SOL-USD,15m,78.19000244140625,78.25,77.88999938964844,77.98999786376953,6460672,6460672,yfinance,2026-07-10T06:58:01.269533+00:00
2026-07-08 06:45:00+00:00,SOL-USD,15m,77.97000122070312,78.27999877929688,77.93000030517578,78.1500015258789,16856576,16856576,yfinance,2026-07-10T06:58:01.269533+00:00
2026-07-08 07:00:00+00:00,SOL-USD,15m,78.16999816894531,78.16999816894531,77.75,78.08999633789062,18187776,18187776,yfinance,2026-07-10T06:58:01.269533+00:00
2026-07-08 07:15:00+00:00,SOL-USD,15m,78.02999877929688,78.1500015258789,77.9000015258789,78.05999755859375,39655168,39655168,yfinance,2026-07-10T06:58:01.269533+00:00
2026-07-08 07:30:00+00:00,SOL-USD,15m,78.05000305175781,78.16000366210938,77.98999786376953,78.0999984741211,14555136,14555136,yfinance,2026-07-10T06:58:01.269533+00:00
2026-07-08 07:45:00+00:00,SOL-USD,15m,78.11000061035156,78.25,78.04000091552734,78.22000122070312,6043136,6043136,yfinance,2026-07-10T06:58:01.269533+00:00
2026-07-08 08:00:00+00:00,SOL-USD,15m,78.18000030517578,78.36000061035156,78.18000030517578,78.26000213623047,9842688,9842688,yfinance,2026-07-10T06:58:01.269533+00:00
2026-07-08 08:15:00+00:00,SOL-USD,15m,78.30000305175781,78.30000305175781,77.0999984741211,77.13999938964844,37272832,37272832,yfinance,2026-07-10T06:58:01.269533+00:00
2026-07-08 08:30:00+00:00,SOL-USD,15m,77.11000061035156,77.33000183105469,76.83000183105469,77.05999755859375,50287360,50287360,yfinance,2026-07-10T06:58:01.269533+00:00
2026-07-08 08:45:00+00:00,SOL-USD,15m,77.05999755859375,77.62000274658203,77.05999755859375,77.18000030517578,19142144,19142144,yfinance,2026-07-10T06:58:01.269533+00:00
2026-07-08 09:00:00+00:00,SOL-USD,15m,77.19999694824219,77.29000091552734,77.0999984741211,77.19000244140625,11124736,11124736,yfinance,2026-07-10T06:58:01.269533+00:00
2026-07-08 09:15:00+00:00,SOL-USD,15m,77.19000244140625,77.20999908447266,76.94999694824219,77.16999816894531,6908160,6908160,yfinance,2026-07-10T06:58:01.269533+00:00
2026-07-08 09:30:00+00:00,SOL-USD,15m,77.16000366210938,77.41000366210938,77.13999938964844,77.27999877929688,5361408,5361408,yfinance,2026-07-10T06:58:01.269533+00:00
2026-07-08 09:45:00+00:00,SOL-USD,15m,77.2699966430664,77.29000091552734,77.0999984741211,77.12000274658203,1907968,1907968,yfinance,2026-07-10T06:58:01.269533+00:00
2026-07-08 10:00:00+00:00,SOL-USD,15m,77.16999816894531,77.19999694824219,76.87999725341797,77.01000213623047,685824,685824,yfinance,2026-07-10T06:58:01.269533+00:00
2026-07-08 10:15:00+00:00,SOL-USD,15m,77.0199966430664,77.31999969482422,76.94000244140625,77.31999969482422,7159552,7159552,yfinance,2026-07-10T06:58:01.269533+00:00
2026-07-08 10:30:00+00:00,SOL-USD,15m,77.2699966430664,77.41000366210938,77.25,77.30000305175781,0,0,yfinance,2026-07-10T06:58:01.269533+00:00
2026-07-08 10:45:00+00:00,SOL-USD,15m,77.30000305175781,77.31999969482422,77.18000030517578,77.25,0,0,yfinance,2026-07-10T06:58:01.269533+00:00
2026-07-08 11:00:00+00:00,SOL-USD,15m,77.25,77.29000091552734,77.12999725341797,77.1500015258789,445184,445184,yfinance,2026-07-10T06:58:01.269533+00:00
2026-07-08 11:15:00+00:00,SOL-USD,15m,77.16000366210938,77.19000244140625,77.0,77.08000183105469,177152,177152,yfinance,2026-07-10T06:58:01.269533+00:00
2026-07-08 11:30:00+00:00,SOL-USD,15m,77.08999633789062,77.61000061035156,77.0199966430664,77.4800033569336,4450048,4450048,yfinance,2026-07-10T06:58:01.269533+00:00
2026-07-08 11:45:00+00:00,SOL-USD,15m,77.41000366210938,77.58000183105469,77.37000274658203,77.4800033569336,21536000,21536000,yfinance,2026-07-10T06:58:01.269533+00:00
2026-07-08 12:00:00+00:00,SOL-USD,15m,77.4800033569336,77.56999969482422,77.33000183105469,77.44999694824219,0,0,yfinance,2026-07-10T06:58:01.269533+00:00
2026-07-08 12:15:00+00:00,SOL-USD,15m,77.44000244140625,77.51000213623047,77.36000061035156,77.44999694824219,0,0,yfinance,2026-07-10T06:58:01.269533+00:00
2026-07-08 12:30:00+00:00,SOL-USD,15m,77.43000030517578,77.44999694824219,77.23999786376953,77.23999786376953,0,0,yfinance,2026-07-10T06:58:01.269533+00:00
2026-07-08 12:45:00+00:00,SOL-USD,15m,77.25,77.27999877929688,76.95999908447266,76.95999908447266,1805056,1805056,yfinance,2026-07-10T06:58:01.269533+00:00
2026-07-08 13:00:00+00:00,SOL-USD,15m,76.97000122070312,77.02999877929688,76.69999694824219,76.86000061035156,26417920,26417920,yfinance,2026-07-10T06:58:01.269533+00:00
2026-07-08 13:15:00+00:00,SOL-USD,15m,76.83999633789062,76.87000274658203,76.56999969482422,76.7699966430664,19094784,19094784,yfinance,2026-07-10T06:58:01.269533+00:00
2026-07-08 13:30:00+00:00,SOL-USD,15m,76.91999816894531,77.37999725341797,76.83999633789062,77.2300033569336,13644544,13644544,yfinance,2026-07-10T06:58:01.269533+00:00
2026-07-08 13:45:00+00:00,SOL-USD,15m,77.19999694824219,77.37999725341797,76.86000061035156,77.20999908447266,0,0,yfinance,2026-07-10T06:58:01.269533+00:00
2026-07-08 14:00:00+00:00,SOL-USD,15m,77.20999908447266,77.33000183105469,77.05999755859375,77.16999816894531,1762560,1762560,yfinance,2026-07-10T06:58:01.269533+00:00
2026-07-08 14:15:00+00:00,SOL-USD,15m,77.11000061035156,77.33000183105469,76.80999755859375,77.0,6981632,6981632,yfinance,2026-07-10T06:58:01.269533+00:00
2026-07-08 14:30:00+00:00,SOL-USD,15m,77.05000305175781,77.05000305175781,76.81999969482422,76.9000015258789,0,0,yfinance,2026-07-10T06:58:01.269533+00:00
2026-07-08 14:45:00+00:00,SOL-USD,15m,76.9000015258789,77.12000274658203,76.69000244140625,77.0199966430664,7036160,7036160,yfinance,2026-07-10T06:58:01.269533+00:00
2026-07-08 15:00:00+00:00,SOL-USD,15m,77.05000305175781,77.05999755859375,76.62999725341797,76.62999725341797,0,0,yfinance,2026-07-10T06:58:01.269533+00:00
2026-07-08 15:15:00+00:00,SOL-USD,15m,76.63999938964844,76.73999786376953,76.19999694824219,76.3499984741211,16887552,16887552,yfinance,2026-07-10T06:58:01.269533+00:00
2026-07-08 15:30:00+00:00,SOL-USD,15m,76.29000091552734,76.58999633789062,76.26000213623047,76.44000244140625,0,0,yfinance,2026-07-10T06:58:01.269533+00:00
2026-07-08 15:45:00+00:00,SOL-USD,15m,76.43000030517578,76.69999694824219,76.4000015258789,76.69000244140625,0,0,yfinance,2026-07-10T06:58:01.269533+00:00
2026-07-08 16:00:00+00:00,SOL-USD,15m,76.69000244140625,76.91999816894531,76.69000244140625,76.87999725341797,356864,356864,yfinance,2026-07-10T06:58:01.269533+00:00
2026-07-08 16:15:00+00:00,SOL-USD,15m,76.87999725341797,77.06999969482422,76.80000305175781,76.95999908447266,343296,343296,yfinance,2026-07-10T06:58:01.269533+00:00
2026-07-08 16:30:00+00:00,SOL-USD,15m,76.91999816894531,77.23999786376953,76.7699966430664,77.22000122070312,2926592,2926592,yfinance,2026-07-10T06:58:01.269533+00:00
2026-07-08 16:45:00+00:00,SOL-USD,15m,77.19999694824219,77.29000091552734,77.12999725341797,77.20999908447266,16138752,16138752,yfinance,2026-07-10T06:58:01.269533+00:00
2026-07-08 17:00:00+00:00,SOL-USD,15m,77.20999908447266,77.23999786376953,77.01000213623047,77.01000213623047,6725120,6725120,yfinance,2026-07-10T06:58:01.269533+00:00
2026-07-08 17:15:00+00:00,SOL-USD,15m,77.0199966430664,77.52999877929688,77.0199966430664,77.51000213623047,298496,298496,yfinance,2026-07-10T06:58:01.269533+00:00
2026-07-08 17:30:00+00:00,SOL-USD,15m,77.52999877929688,77.58999633789062,77.30999755859375,77.33999633789062,4408064,4408064,yfinance,2026-07-10T06:58:01.269533+00:00
2026-07-08 17:45:00+00:00,SOL-USD,15m,77.33999633789062,77.3499984741211,76.9800033569336,77.04000091552734,0,0,yfinance,2026-07-10T06:58:01.269533+00:00
2026-07-08 18:00:00+00:00,SOL-USD,15m,77.05999755859375,77.27999877929688,77.0199966430664,77.2300033569336,1665792,1665792,yfinance,2026-07-10T06:58:01.269533+00:00
2026-07-08 18:15:00+00:00,SOL-USD,15m,77.2300033569336,77.23999786376953,77.0199966430664,77.05000305175781,0,0,yfinance,2026-07-10T06:58:01.269533+00:00
2026-07-08 18:30:00+00:00,SOL-USD,15m,77.01000213623047,77.04000091552734,76.7300033569336,76.91000366210938,2755072,2755072,yfinance,2026-07-10T06:58:01.269533+00:00
2026-07-08 18:45:00+00:00,SOL-USD,15m,76.91000366210938,77.25,76.88999938964844,77.06999969482422,0,0,yfinance,2026-07-10T06:58:01.269533+00:00
2026-07-08 19:00:00+00:00,SOL-USD,15m,77.08000183105469,77.19000244140625,76.93000030517578,76.94000244140625,0,0,yfinance,2026-07-10T06:58:01.269533+00:00
2026-07-08 19:15:00+00:00,SOL-USD,15m,76.93000030517578,77.0999984741211,76.87999725341797,77.05999755859375,0,0,yfinance,2026-07-10T06:58:01.269533+00:00
2026-07-08 19:30:00+00:00,SOL-USD,15m,77.06999969482422,77.27999877929688,77.05000305175781,77.2699966430664,0,0,yfinance,2026-07-10T06:58:01.269533+00:00
2026-07-08 19:45:00+00:00,SOL-USD,15m,77.26000213623047,77.44000244140625,77.08999633789062,77.37000274658203,366080,366080,yfinance,2026-07-10T06:58:01.269533+00:00
2026-07-08 20:00:00+00:00,SOL-USD,15m,77.3499984741211,77.5,77.2699966430664,77.38999938964844,0,0,yfinance,2026-07-10T06:58:01.269533+00:00
2026-07-08 20:15:00+00:00,SOL-USD,15m,77.37000274658203,77.37000274658203,77.23999786376953,77.31999969482422,378112,378112,yfinance,2026-07-10T06:58:01.269533+00:00
2026-07-08 20:30:00+00:00,SOL-USD,15m,77.30999755859375,77.33999633789062,77.01000213623047,77.08000183105469,1822208,1822208,yfinance,2026-07-10T06:58:01.269533+00:00
2026-07-08 20:45:00+00:00,SOL-USD,15m,77.05999755859375,77.16999816894531,76.98999786376953,77.11000061035156,1750272,1750272,yfinance,2026-07-10T06:58:01.269533+00:00
2026-07-08 21:00:00+00:00,SOL-USD,15m,77.11000061035156,77.12000274658203,76.88999938964844,76.94000244140625,0,0,yfinance,2026-07-10T06:58:01.269533+00:00
2026-07-08 21:15:00+00:00,SOL-USD,15m,76.94000244140625,77.06999969482422,76.87999725341797,77.06999969482422,797696,797696,yfinance,2026-07-10T06:58:01.269533+00:00
2026-07-08 21:30:00+00:00,SOL-USD,15m,77.05999755859375,77.19999694824219,76.97000122070312,77.12000274658203,0,0,yfinance,2026-07-10T06:58:01.269533+00:00
2026-07-08 21:45:00+00:00,SOL-USD,15m,77.11000061035156,77.2699966430664,77.08000183105469,77.16999816894531,0,0,yfinance,2026-07-10T06:58:01.269533+00:00
2026-07-08 22:00:00+00:00,SOL-USD,15m,77.19000244140625,77.41000366210938,77.12999725341797,77.19999694824219,0,0,yfinance,2026-07-10T06:58:01.269533+00:00
2026-07-08 22:15:00+00:00,SOL-USD,15m,77.22000122070312,77.33999633789062,77.11000061035156,77.33999633789062,709120,709120,yfinance,2026-07-10T06:58:01.269533+00:00
2026-07-08 22:30:00+00:00,SOL-USD,15m,77.3499984741211,77.41000366210938,77.2300033569336,77.4000015258789,3681792,3681792,yfinance,2026-07-10T06:58:01.269533+00:00
2026-07-08 22:45:00+00:00,SOL-USD,15m,77.37000274658203,77.5199966430664,77.37000274658203,77.47000122070312,3824128,3824128,yfinance,2026-07-10T06:58:01.269533+00:00
2026-07-08 23:00:00+00:00,SOL-USD,15m,77.4800033569336,77.58000183105469,77.4000015258789,77.55999755859375,0,0,yfinance,2026-07-10T06:58:01.269533+00:00
2026-07-08 23:15:00+00:00,SOL-USD,15m,77.55000305175781,77.55999755859375,77.38999938964844,77.5,0,0,yfinance,2026-07-10T06:58:01.269533+00:00
2026-07-08 23:30:00+00:00,SOL-USD,15m,77.47000122070312,77.56999969482422,77.37000274658203,77.54000091552734,1689856,1689856,yfinance,2026-07-10T06:58:01.269533+00:00
2026-07-08 23:45:00+00:00,SOL-USD,15m,77.52999877929688,77.81999969482422,77.4800033569336,77.7699966430664,6497792,6497792,yfinance,2026-07-10T06:58:01.269533+00:00
2026-07-09 00:00:00+00:00,SOL-USD,15m,77.76000213623047,77.83000183105469,77.55999755859375,77.69999694824219,0,0,yfinance,2026-07-10T06:58:01.269533+00:00
2026-07-09 00:15:00+00:00,SOL-USD,15m,77.69999694824219,77.75,77.4800033569336,77.61000061035156,0,0,yfinance,2026-07-10T06:58:01.269533+00:00
2026-07-09 00:30:00+00:00,SOL-USD,15m,77.62000274658203,77.7300033569336,77.48999786376953,77.56999969482422,0,0,yfinance,2026-07-10T06:58:01.269533+00:00
2026-07-09 00:45:00+00:00,SOL-USD,15m,77.58000183105469,77.69999694824219,77.47000122070312,77.6500015258789,0,0,yfinance,2026-07-10T06:58:01.269533+00:00
2026-07-09 01:00:00+00:00,SOL-USD,15m,77.63999938964844,78.70999908447266,77.61000061035156,78.30999755859375,12104960,12104960,yfinance,2026-07-10T06:58:01.269533+00:00
2026-07-09 01:15:00+00:00,SOL-USD,15m,78.33000183105469,78.43000030517578,78.08000183105469,78.11000061035156,22607104,22607104,yfinance,2026-07-10T06:58:01.269533+00:00
2026-07-09 01:30:00+00:00,SOL-USD,15m,78.13999938964844,78.1500015258789,77.52999877929688,77.58000183105469,127488,127488,yfinance,2026-07-10T06:58:01.269533+00:00
2026-07-09 01:45:00+00:00,SOL-USD,15m,77.58000183105469,77.70999908447266,77.2699966430664,77.2699966430664,2876160,2876160,yfinance,2026-07-10T06:58:01.269533+00:00
2026-07-09 02:00:00+00:00,SOL-USD,15m,77.31999969482422,77.77999877929688,77.16000366210938,77.7699966430664,0,0,yfinance,2026-07-10T06:58:01.269533+00:00
2026-07-09 02:15:00+00:00,SOL-USD,15m,77.76000213623047,77.76000213623047,77.5199966430664,77.58999633789062,0,0,yfinance,2026-07-10T06:58:01.269533+00:00
2026-07-09 02:30:00+00:00,SOL-USD,15m,77.58999633789062,77.5999984741211,77.22000122070312,77.23999786376953,0,0,yfinance,2026-07-10T06:58:01.269533+00:00
2026-07-09 02:45:00+00:00,SOL-USD,15m,77.23999786376953,77.26000213623047,76.93000030517578,76.98999786376953,1541376,1541376,yfinance,2026-07-10T06:58:01.269533+00:00
2026-07-09 03:00:00+00:00,SOL-USD,15m,77.01000213623047,77.04000091552734,76.79000091552734,76.91000366210938,0,0,yfinance,2026-07-10T06:58:01.269533+00:00
2026-07-09 03:15:00+00:00,SOL-USD,15m,76.9000015258789,77.0999984741211,76.6500015258789,76.9800033569336,4113152,4113152,yfinance,2026-07-10T06:58:01.269533+00:00
2026-07-09 03:30:00+00:00,SOL-USD,15m,77.01000213623047,77.29000091552734,76.98999786376953,77.16999816894531,3326464,3326464,yfinance,2026-07-10T06:58:01.269533+00:00
2026-07-09 03:45:00+00:00,SOL-USD,15m,77.16000366210938,77.31999969482422,77.0999984741211,77.31999969482422,388864,388864,yfinance,2026-07-10T06:58:01.269533+00:00
2026-07-09 04:00:00+00:00,SOL-USD,15m,77.36000061035156,77.37000274658203,77.18000030517578,77.18000030517578,160256,160256,yfinance,2026-07-10T06:58:01.269533+00:00
2026-07-09 04:15:00+00:00,SOL-USD,15m,77.19999694824219,77.33000183105469,77.16000366210938,77.29000091552734,535808,535808,yfinance,2026-07-10T06:58:01.269533+00:00
2026-07-09 04:30:00+00:00,SOL-USD,15m,77.33000183105469,77.76000213623047,77.29000091552734,77.75,8925184,8925184,yfinance,2026-07-10T06:58:01.269533+00:00
2026-07-09 04:45:00+00:00,SOL-USD,15m,77.7300033569336,77.95999908447266,77.63999938964844,77.91000366210938,1905920,1905920,yfinance,2026-07-10T06:58:01.269533+00:00
2026-07-09 05:00:00+00:00,SOL-USD,15m,77.9000015258789,78.20999908447266,77.72000122070312,78.08000183105469,325632,325632,yfinance,2026-07-10T06:58:01.269533+00:00
2026-07-09 05:15:00+00:00,SOL-USD,15m,78.11000061035156,78.11000061035156,77.72000122070312,77.83000183105469,11945216,11945216,yfinance,2026-07-10T06:58:01.269533+00:00
2026-07-09 05:30:00+00:00,SOL-USD,15m,77.83999633789062,78.01000213623047,77.69000244140625,77.94000244140625,0,0,yfinance,2026-07-10T06:58:01.269533+00:00
2026-07-09 05:45:00+00:00,SOL-USD,15m,77.91999816894531,78.33999633789062,77.91999816894531,78.33000183105469,1516288,1516288,yfinance,2026-07-10T06:58:01.269533+00:00
2026-07-09 06:00:00+00:00,SOL-USD,15m,78.33999633789062,78.38999938964844,78.05000305175781,78.12999725341797,3617536,3617536,yfinance,2026-07-10T06:58:01.269533+00:00
2026-07-09 06:15:00+00:00,SOL-USD,15m,78.11000061035156,78.54000091552734,78.08000183105469,78.38999938964844,0,0,yfinance,2026-07-10T06:58:01.269533+00:00
2026-07-09 06:30:00+00:00,SOL-USD,15m,78.3499984741211,78.44999694824219,78.2699966430664,78.37000274658203,6534144,6534144,yfinance,2026-07-10T06:58:01.269533+00:00
2026-07-09 06:45:00+00:00,SOL-USD,15m,78.3499984741211,78.43000030517578,78.30999755859375,78.43000030517578,0,0,yfinance,2026-07-10T06:58:01.269533+00:00
2026-07-09 07:00:00+00:00,SOL-USD,15m,78.41000366210938,78.72000122070312,78.26000213623047,78.36000061035156,0,0,yfinance,2026-07-10T06:58:01.269533+00:00
2026-07-09 07:15:00+00:00,SOL-USD,15m,78.36000061035156,78.41000366210938,78.13999938964844,78.23999786376953,0,0,yfinance,2026-07-10T06:58:01.269533+00:00
2026-07-09 07:30:00+00:00,SOL-USD,15m,78.2300033569336,78.26000213623047,78.08000183105469,78.26000213623047,0,0,yfinance,2026-07-10T06:58:01.269533+00:00
2026-07-09 07:45:00+00:00,SOL-USD,15m,78.2699966430664,78.44000244140625,78.08000183105469,78.1500015258789,1514240,1514240,yfinance,2026-07-10T06:58:01.269533+00:00
2026-07-09 08:00:00+00:00,SOL-USD,15m,78.1500015258789,78.1500015258789,78.01000213623047,78.08000183105469,0,0,yfinance,2026-07-10T06:58:01.269533+00:00
2026-07-09 08:15:00+00:00,SOL-USD,15m,78.06999969482422,78.30999755859375,77.93000030517578,78.30000305175781,0,0,yfinance,2026-07-10T06:58:01.269533+00:00
2026-07-09 08:30:00+00:00,SOL-USD,15m,78.30000305175781,78.33999633789062,78.16999816894531,78.22000122070312,0,0,yfinance,2026-07-10T06:58:01.269533+00:00
2026-07-09 08:45:00+00:00,SOL-USD,15m,78.20999908447266,78.22000122070312,77.9800033569336,78.05000305175781,0,0,yfinance,2026-07-10T06:58:01.269533+00:00
2026-07-09 09:00:00+00:00,SOL-USD,15m,78.04000091552734,78.11000061035156,77.9000015258789,77.93000030517578,0,0,yfinance,2026-07-10T06:58:01.269533+00:00
2026-07-09 09:15:00+00:00,SOL-USD,15m,77.93000030517578,77.98999786376953,77.8499984741211,77.94999694824219,0,0,yfinance,2026-07-10T06:58:01.269533+00:00
2026-07-09 09:30:00+00:00,SOL-USD,15m,77.94000244140625,78.05000305175781,77.80000305175781,77.83000183105469,0,0,yfinance,2026-07-10T06:58:01.269533+00:00
2026-07-09 09:45:00+00:00,SOL-USD,15m,77.83999633789062,78.08999633789062,77.79000091552734,78.06999969482422,0,0,yfinance,2026-07-10T06:58:01.269533+00:00
2026-07-09 10:00:00+00:00,SOL-USD,15m,78.05999755859375,78.13999938964844,77.9800033569336,78.05000305175781,0,0,yfinance,2026-07-10T06:58:01.269533+00:00
2026-07-09 10:15:00+00:00,SOL-USD,15m,78.05000305175781,78.06999969482422,77.9000015258789,77.97000122070312,0,0,yfinance,2026-07-10T06:58:01.269533+00:00
2026-07-09 10:30:00+00:00,SOL-USD,15m,77.95999908447266,78.0199966430664,77.91999816894531,77.94999694824219,10422528,10422528,yfinance,2026-07-10T06:58:01.269533+00:00
2026-07-09 10:45:00+00:00,SOL-USD,15m,77.94000244140625,77.94000244140625,77.4800033569336,77.62999725341797,6783872,6783872,yfinance,2026-07-10T06:58:01.269533+00:00
2026-07-09 11:00:00+00:00,SOL-USD,15m,77.62999725341797,77.69999694824219,77.5199966430664,77.66999816894531,0,0,yfinance,2026-07-10T06:58:01.269533+00:00
2026-07-09 11:15:00+00:00,SOL-USD,15m,77.63999938964844,77.63999938964844,77.30999755859375,77.33000183105469,4210304,4210304,yfinance,2026-07-10T06:58:01.269533+00:00
2026-07-09 11:30:00+00:00,SOL-USD,15m,77.36000061035156,77.37000274658203,77.25,77.31999969482422,178944,178944,yfinance,2026-07-10T06:58:01.269533+00:00
2026-07-09 11:45:00+00:00,SOL-USD,15m,77.33000183105469,77.62999725341797,77.29000091552734,77.54000091552734,0,0,yfinance,2026-07-10T06:58:01.269533+00:00
2026-07-09 12:00:00+00:00,SOL-USD,15m,77.51000213623047,77.70999908447266,77.37000274658203,77.54000091552734,1926016,1926016,yfinance,2026-07-10T06:58:01.269533+00:00
2026-07-09 12:15:00+00:00,SOL-USD,15m,77.54000091552734,77.69999694824219,77.48999786376953,77.62999725341797,3696384,3696384,yfinance,2026-07-10T06:58:01.269533+00:00
2026-07-09 12:30:00+00:00,SOL-USD,15m,77.6500015258789,78.13999938964844,77.62999725341797,77.72000122070312,65116544,65116544,yfinance,2026-07-10T06:58:01.269533+00:00
2026-07-09 12:45:00+00:00,SOL-USD,15m,77.7300033569336,77.7300033569336,77.41000366210938,77.56999969482422,28969472,28969472,yfinance,2026-07-10T06:58:01.269533+00:00
2026-07-09 13:00:00+00:00,SOL-USD,15m,77.58000183105469,78.0199966430664,77.58000183105469,77.94999694824219,0,0,yfinance,2026-07-10T06:58:01.269533+00:00
2026-07-09 13:15:00+00:00,SOL-USD,15m,77.94999694824219,77.95999908447266,77.61000061035156,77.66999816894531,0,0,yfinance,2026-07-10T06:58:01.269533+00:00
2026-07-09 13:30:00+00:00,SOL-USD,15m,77.66000366210938,77.9800033569336,77.30000305175781,77.9800033569336,0,0,yfinance,2026-07-10T06:58:01.269533+00:00
2026-07-09 13:45:00+00:00,SOL-USD,15m,77.97000122070312,78.41999816894531,77.73999786376953,78.1500015258789,6567936,6567936,yfinance,2026-07-10T06:58:01.269533+00:00
2026-07-09 14:00:00+00:00,SOL-USD,15m,78.16000366210938,78.2699966430664,77.91000366210938,78.0,0,0,yfinance,2026-07-10T06:58:01.269533+00:00
2026-07-09 14:15:00+00:00,SOL-USD,15m,77.9800033569336,77.9800033569336,77.62000274658203,77.83000183105469,0,0,yfinance,2026-07-10T06:58:01.269533+00:00
2026-07-09 14:30:00+00:00,SOL-USD,15m,77.83000183105469,77.83999633789062,77.51000213623047,77.66999816894531,145280,145280,yfinance,2026-07-10T06:58:01.269533+00:00
2026-07-09 14:45:00+00:00,SOL-USD,15m,77.66999816894531,77.88999938964844,77.55000305175781,77.80999755859375,0,0,yfinance,2026-07-10T06:58:01.269533+00:00
2026-07-09 15:00:00+00:00,SOL-USD,15m,77.8499984741211,78.01000213623047,77.5999984741211,77.94000244140625,0,0,yfinance,2026-07-10T06:58:01.269533+00:00
2026-07-09 15:15:00+00:00,SOL-USD,15m,77.9000015258789,78.0999984741211,77.72000122070312,77.73999786376953,0,0,yfinance,2026-07-10T06:58:01.269533+00:00
2026-07-09 15:30:00+00:00,SOL-USD,15m,77.75,77.83999633789062,77.58000183105469,77.58999633789062,0,0,yfinance,2026-07-10T06:58:01.269533+00:00
2026-07-09 15:45:00+00:00,SOL-USD,15m,77.61000061035156,77.66999816894531,77.45999908447266,77.55000305175781,1575296,1575296,yfinance,2026-07-10T06:58:01.269533+00:00
2026-07-09 16:00:00+00:00,SOL-USD,15m,77.55999755859375,77.7300033569336,77.4800033569336,77.52999877929688,49792,49792,yfinance,2026-07-10T06:58:01.269533+00:00
2026-07-09 16:15:00+00:00,SOL-USD,15m,77.52999877929688,77.52999877929688,77.18000030517578,77.37999725341797,3025024,3025024,yfinance,2026-07-10T06:58:01.269533+00:00
2026-07-09 16:30:00+00:00,SOL-USD,15m,77.41999816894531,77.66000366210938,77.38999938964844,77.62000274658203,4998272,4998272,yfinance,2026-07-10T06:58:01.269533+00:00
2026-07-09 16:45:00+00:00,SOL-USD,15m,77.62000274658203,77.66000366210938,77.41999816894531,77.62000274658203,0,0,yfinance,2026-07-10T06:58:01.269533+00:00
2026-07-09 17:00:00+00:00,SOL-USD,15m,77.61000061035156,77.79000091552734,77.61000061035156,77.63999938964844,0,0,yfinance,2026-07-10T06:58:01.269533+00:00
2026-07-09 17:15:00+00:00,SOL-USD,15m,77.62000274658203,77.93000030517578,77.62000274658203,77.72000122070312,2084736,2084736,yfinance,2026-07-10T06:58:01.269533+00:00
2026-07-09 17:30:00+00:00,SOL-USD,15m,77.72000122070312,78.06999969482422,77.56999969482422,78.05999755859375,2030208,2030208,yfinance,2026-07-10T06:58:01.269533+00:00
2026-07-09 17:45:00+00:00,SOL-USD,15m,78.05000305175781,78.05999755859375,77.87000274658203,78.0,4251008,4251008,yfinance,2026-07-10T06:58:01.269533+00:00
2026-07-09 18:00:00+00:00,SOL-USD,15m,78.0,78.33999633789062,77.95999908447266,78.22000122070312,7807232,7807232,yfinance,2026-07-10T06:58:01.269533+00:00
2026-07-09 18:15:00+00:00,SOL-USD,15m,78.2300033569336,78.33999633789062,78.04000091552734,78.19999694824219,6696576,6696576,yfinance,2026-07-10T06:58:01.269533+00:00
2026-07-09 18:30:00+00:00,SOL-USD,15m,78.20999908447266,78.20999908447266,78.01000213623047,78.08999633789062,2687360,2687360,yfinance,2026-07-10T06:58:01.269533+00:00
2026-07-09 18:45:00+00:00,SOL-USD,15m,78.08000183105469,78.19000244140625,77.94999694824219,78.12999725341797,929024,929024,yfinance,2026-07-10T06:58:01.269533+00:00
2026-07-09 19:00:00+00:00,SOL-USD,15m,78.12000274658203,78.12999725341797,77.94999694824219,77.97000122070312,1177728,1177728,yfinance,2026-07-10T06:58:01.269533+00:00
2026-07-09 19:15:00+00:00,SOL-USD,15m,77.93000030517578,78.11000061035156,77.8499984741211,78.08999633789062,1477760,1477760,yfinance,2026-07-10T06:58:01.269533+00:00
2026-07-09 19:30:00+00:00,SOL-USD,15m,78.08999633789062,78.26000213623047,78.02999877929688,78.23999786376953,0,0,yfinance,2026-07-10T06:58:01.269533+00:00
2026-07-09 19:45:00+00:00,SOL-USD,15m,78.25,78.25,78.0199966430664,78.0999984741211,1228032,1228032,yfinance,2026-07-10T06:58:01.269533+00:00
2026-07-09 20:00:00+00:00,SOL-USD,15m,78.12000274658203,78.12999725341797,77.94000244140625,77.98999786376953,0,0,yfinance,2026-07-10T06:58:01.269533+00:00
2026-07-09 20:15:00+00:00,SOL-USD,15m,77.98999786376953,78.1500015258789,77.94000244140625,78.11000061035156,500864,500864,yfinance,2026-07-10T06:58:01.269533+00:00
2026-07-09 20:30:00+00:00,SOL-USD,15m,78.0999984741211,78.25,78.05999755859375,78.19999694824219,1089152,1089152,yfinance,2026-07-10T06:58:01.269533+00:00
2026-07-09 20:45:00+00:00,SOL-USD,15m,78.20999908447266,78.20999908447266,78.01000213623047,78.0999984741211,390144,390144,yfinance,2026-07-10T06:58:01.269533+00:00
2026-07-09 21:00:00+00:00,SOL-USD,15m,78.11000061035156,78.22000122070312,78.0199966430664,78.06999969482422,0,0,yfinance,2026-07-10T06:58:01.269533+00:00
2026-07-09 21:15:00+00:00,SOL-USD,15m,78.05000305175781,78.12000274658203,77.94000244140625,77.9800033569336,0,0,yfinance,2026-07-10T06:58:01.269533+00:00
2026-07-09 21:30:00+00:00,SOL-USD,15m,77.98999786376953,78.05000305175781,77.8499984741211,77.8499984741211,1553664,1553664,yfinance,2026-07-10T06:58:01.269533+00:00
2026-07-09 21:45:00+00:00,SOL-USD,15m,77.87000274658203,78.0199966430664,77.87000274658203,77.9800033569336,178048,178048,yfinance,2026-07-10T06:58:01.269533+00:00
2026-07-09 22:00:00+00:00,SOL-USD,15m,78.0199966430664,78.0999984741211,77.94000244140625,78.02999877929688,0,0,yfinance,2026-07-10T06:58:01.269533+00:00
2026-07-09 22:15:00+00:00,SOL-USD,15m,78.04000091552734,78.16000366210938,78.02999877929688,78.12999725341797,1676416,1676416,yfinance,2026-07-10T06:58:01.269533+00:00
2026-07-09 22:30:00+00:00,SOL-USD,15m,78.12000274658203,78.20999908447266,78.01000213623047,78.16999816894531,0,0,yfinance,2026-07-10T06:58:01.269533+00:00
2026-07-09 22:45:00+00:00,SOL-USD,15m,78.18000030517578,78.2300033569336,78.02999877929688,78.05000305175781,267136,267136,yfinance,2026-07-10T06:58:01.269533+00:00
2026-07-09 23:00:00+00:00,SOL-USD,15m,78.04000091552734,78.1500015258789,77.97000122070312,77.97000122070312,0,0,yfinance,2026-07-10T06:58:01.269533+00:00
2026-07-09 23:15:00+00:00,SOL-USD,15m,77.94000244140625,78.06999969482422,77.7300033569336,77.98999786376953,4112000,4112000,yfinance,2026-07-10T06:58:01.269533+00:00
2026-07-09 23:30:00+00:00,SOL-USD,15m,77.98999786376953,78.02999877929688,77.87999725341797,78.01000213623047,1530368,1530368,yfinance,2026-07-10T06:58:01.269533+00:00
2026-07-09 23:45:00+00:00,SOL-USD,15m,78.0199966430664,78.0999984741211,77.94999694824219,77.98999786376953,0,0,yfinance,2026-07-10T06:58:01.269533+00:00
2026-07-10 00:00:00+00:00,SOL-USD,15m,77.98999786376953,77.98999786376953,77.75,77.94999694824219,0,0,yfinance,2026-07-10T06:58:01.269533+00:00
2026-07-10 00:15:00+00:00,SOL-USD,15m,77.94999694824219,78.08999633789062,77.8499984741211,77.94000244140625,116736,116736,yfinance,2026-07-10T06:58:01.269533+00:00
2026-07-10 00:30:00+00:00,SOL-USD,15m,77.93000030517578,78.06999969482422,77.7699966430664,77.93000030517578,3255296,3255296,yfinance,2026-07-10T06:58:01.269533+00:00
2026-07-10 00:45:00+00:00,SOL-USD,15m,77.91000366210938,78.04000091552734,77.79000091552734,78.04000091552734,5842176,5842176,yfinance,2026-07-10T06:58:01.269533+00:00
2026-07-10 01:00:00+00:00,SOL-USD,15m,78.05999755859375,78.1500015258789,77.87000274658203,78.1500015258789,0,0,yfinance,2026-07-10T06:58:01.269533+00:00
2026-07-10 01:15:00+00:00,SOL-USD,15m,78.12999725341797,78.61000061035156,78.12999725341797,78.41999816894531,642048,642048,yfinance,2026-07-10T06:58:01.269533+00:00
2026-07-10 01:30:00+00:00,SOL-USD,15m,78.41000366210938,78.44999694824219,78.25,78.36000061035156,619008,619008,yfinance,2026-07-10T06:58:01.269533+00:00
2026-07-10 01:45:00+00:00,SOL-USD,15m,78.37999725341797,79.37999725341797,78.33000183105469,79.01000213623047,37687168,37687168,yfinance,2026-07-10T06:58:01.269533+00:00
2026-07-10 02:00:00+00:00,SOL-USD,15m,79.02999877929688,79.05999755859375,78.7699966430664,78.94999694824219,13324800,13324800,yfinance,2026-07-10T06:58:01.269533+00:00
2026-07-10 02:15:00+00:00,SOL-USD,15m,78.94000244140625,78.94999694824219,78.77999877929688,78.86000061035156,7135488,7135488,yfinance,2026-07-10T06:58:01.269533+00:00
2026-07-10 02:30:00+00:00,SOL-USD,15m,78.80999755859375,78.97000122070312,78.7699966430664,78.88999938964844,1824128,1824128,yfinance,2026-07-10T06:58:01.269533+00:00
2026-07-10 02:45:00+00:00,SOL-USD,15m,78.88999938964844,79.0999984741211,78.83999633789062,78.9800033569336,0,0,yfinance,2026-07-10T06:58:01.269533+00:00
2026-07-10 03:00:00+00:00,SOL-USD,15m,78.9800033569336,78.9800033569336,78.66999816894531,78.75,679040,679040,yfinance,2026-07-10T06:58:01.269533+00:00
2026-07-10 03:15:00+00:00,SOL-USD,15m,78.7699966430664,78.87999725341797,78.68000030517578,78.7699966430664,2987008,2987008,yfinance,2026-07-10T06:58:01.269533+00:00
2026-07-10 03:30:00+00:00,SOL-USD,15m,78.79000091552734,78.95999908447266,78.69000244140625,78.91999816894531,22160512,22160512,yfinance,2026-07-10T06:58:01.269533+00:00
2026-07-10 03:45:00+00:00,SOL-USD,15m,78.91000366210938,79.05999755859375,78.8499984741211,78.9800033569336,3746944,3746944,yfinance,2026-07-10T06:58:01.269533+00:00
2026-07-10 04:00:00+00:00,SOL-USD,15m,79.0199966430664,79.04000091552734,78.91999816894531,78.9800033569336,175616,175616,yfinance,2026-07-10T06:58:01.269533+00:00
2026-07-10 04:15:00+00:00,SOL-USD,15m,78.98999786376953,79.05000305175781,78.83000183105469,78.83000183105469,1198208,1198208,yfinance,2026-07-10T06:58:01.269533+00:00
2026-07-10 04:30:00+00:00,SOL-USD,15m,78.83999633789062,79.01000213623047,78.77999877929688,78.94000244140625,495488,495488,yfinance,2026-07-10T06:58:01.269533+00:00
2026-07-10 04:45:00+00:00,SOL-USD,15m,78.93000030517578,79.01000213623047,78.88999938964844,78.91999816894531,5046528,5046528,yfinance,2026-07-10T06:58:01.269533+00:00
2026-07-10 05:00:00+00:00,SOL-USD,15m,78.91999816894531,78.9800033569336,78.80999755859375,78.88999938964844,2455040,2455040,yfinance,2026-07-10T06:58:01.269533+00:00
2026-07-10 05:15:00+00:00,SOL-USD,15m,78.88999938964844,79.04000091552734,78.87999725341797,79.02999877929688,8987520,8987520,yfinance,2026-07-10T06:58:01.269533+00:00
2026-07-10 05:30:00+00:00,SOL-USD,15m,79.0199966430664,79.30000305175781,78.9800033569336,79.16999816894531,12423168,12423168,yfinance,2026-07-10T06:58:01.269533+00:00
2026-07-10 05:45:00+00:00,SOL-USD,15m,79.16999816894531,79.19000244140625,79.05999755859375,79.12000274658203,136960,136960,yfinance,2026-07-10T06:58:01.269533+00:00
2026-07-10 06:00:00+00:00,SOL-USD,15m,79.12999725341797,79.18000030517578,79.04000091552734,79.08000183105469,211200,211200,yfinance,2026-07-10T06:58:01.269533+00:00
2026-07-10 06:15:00+00:00,SOL-USD,15m,79.05999755859375,79.05999755859375,78.81999969482422,78.9000015258789,2183296,2183296,yfinance,2026-07-10T06:58:01.269533+00:00
2026-07-10 06:30:00+00:00,SOL-USD,15m,78.87999725341797,78.9800033569336,78.87999725341797,78.91999816894531,0,0,yfinance,2026-07-10T06:58:01.269533+00:00
2026-07-10 06:45:00+00:00,SOL-USD,15m,78.91000366210938,78.97000122070312,78.83000183105469,78.83999633789062,134144,134144,yfinance,2026-07-10T06:58:01.269533+00:00
