timestamp,asset,timeframe,open,high,low,close,volume,dollar_volume,provider,fetched_at
2026-05-12 00:00:00+00:00,LINK-USD,15m,10.585000038146973,10.585000038146973,10.541000366210938,10.550999641418457,0,0,yfinance,2026-07-10T06:58:07.675573+00:00
2026-05-12 00:15:00+00:00,LINK-USD,15m,10.550999641418457,10.559000015258789,10.53600025177002,10.550000190734863,0,0,yfinance,2026-07-10T06:58:07.675573+00:00
2026-05-12 00:30:00+00:00,LINK-USD,15m,10.553000450134277,10.574999809265137,10.553000450134277,10.560999870300293,0,0,yfinance,2026-07-10T06:58:07.675573+00:00
2026-05-12 00:45:00+00:00,LINK-USD,15m,10.562000274658203,10.59000015258789,10.562000274658203,10.574999809265137,34176,34176,yfinance,2026-07-10T06:58:07.675573+00:00
2026-05-12 01:00:00+00:00,LINK-USD,15m,10.569999694824219,10.583000183105469,10.520999908447266,10.520999908447266,1120384,1120384,yfinance,2026-07-10T06:58:07.675573+00:00
2026-05-12 01:15:00+00:00,LINK-USD,15m,10.52299976348877,10.534000396728516,10.491999626159668,10.52400016784668,320832,320832,yfinance,2026-07-10T06:58:07.675573+00:00
2026-05-12 01:30:00+00:00,LINK-USD,15m,10.520000457763672,10.520999908447266,10.39900016784668,10.468000411987305,3014400,3014400,yfinance,2026-07-10T06:58:07.675573+00:00
2026-05-12 01:45:00+00:00,LINK-USD,15m,10.46399974822998,10.505000114440918,10.454000473022461,10.468999862670898,1204224,1204224,yfinance,2026-07-10T06:58:07.675573+00:00
2026-05-12 02:00:00+00:00,LINK-USD,15m,10.465999603271484,10.508000373840332,10.463000297546387,10.505999565124512,0,0,yfinance,2026-07-10T06:58:07.675573+00:00
2026-05-12 02:15:00+00:00,LINK-USD,15m,10.503999710083008,10.503999710083008,10.451000213623047,10.494000434875488,0,0,yfinance,2026-07-10T06:58:07.675573+00:00
2026-05-12 02:30:00+00:00,LINK-USD,15m,10.493000030517578,10.505000114440918,10.470999717712402,10.472000122070312,2619136,2619136,yfinance,2026-07-10T06:58:07.675573+00:00
2026-05-12 02:45:00+00:00,LINK-USD,15m,10.473999977111816,10.51200008392334,10.46500015258789,10.505999565124512,1263488,1263488,yfinance,2026-07-10T06:58:07.675573+00:00
2026-05-12 03:00:00+00:00,LINK-USD,15m,10.505000114440918,10.520999908447266,10.49899959564209,10.506999969482422,0,0,yfinance,2026-07-10T06:58:07.675573+00:00
2026-05-12 03:15:00+00:00,LINK-USD,15m,10.506999969482422,10.515000343322754,10.482999801635742,10.5,0,0,yfinance,2026-07-10T06:58:07.675573+00:00
2026-05-12 03:30:00+00:00,LINK-USD,15m,10.50100040435791,10.51200008392334,10.498000144958496,10.503999710083008,0,0,yfinance,2026-07-10T06:58:07.675573+00:00
2026-05-12 03:45:00+00:00,LINK-USD,15m,10.50100040435791,10.50100040435791,10.449000358581543,10.461000442504883,0,0,yfinance,2026-07-10T06:58:07.675573+00:00
2026-05-12 04:00:00+00:00,LINK-USD,15m,10.456999778747559,10.468999862670898,10.444000244140625,10.461999893188477,0,0,yfinance,2026-07-10T06:58:07.675573+00:00
2026-05-12 04:15:00+00:00,LINK-USD,15m,10.454999923706055,10.494000434875488,10.454999923706055,10.48900032043457,800896,800896,yfinance,2026-07-10T06:58:07.675573+00:00
2026-05-12 04:30:00+00:00,LINK-USD,15m,10.484999656677246,10.512999534606934,10.482999801635742,10.503999710083008,0,0,yfinance,2026-07-10T06:58:07.675573+00:00
2026-05-12 04:45:00+00:00,LINK-USD,15m,10.503999710083008,10.515999794006348,10.482999801635742,10.491000175476074,0,0,yfinance,2026-07-10T06:58:07.675573+00:00
2026-05-12 05:00:00+00:00,LINK-USD,15m,10.48900032043457,10.520999908447266,10.48799991607666,10.494000434875488,0,0,yfinance,2026-07-10T06:58:07.675573+00:00
2026-05-12 05:15:00+00:00,LINK-USD,15m,10.494000434875488,10.51200008392334,10.491000175476074,10.50100040435791,0,0,yfinance,2026-07-10T06:58:07.675573+00:00
2026-05-12 05:30:00+00:00,LINK-USD,15m,10.501999855041504,10.513999938964844,10.487000465393066,10.491000175476074,128320,128320,yfinance,2026-07-10T06:58:07.675573+00:00
2026-05-12 05:45:00+00:00,LINK-USD,15m,10.494000434875488,10.505999565124512,10.484999656677246,10.484999656677246,331072,331072,yfinance,2026-07-10T06:58:07.675573+00:00
2026-05-12 06:00:00+00:00,LINK-USD,15m,10.482000350952148,10.491000175476074,10.470999717712402,10.487000465393066,0,0,yfinance,2026-07-10T06:58:07.675573+00:00
2026-05-12 06:15:00+00:00,LINK-USD,15m,10.491999626159668,10.501999855041504,10.486000061035156,10.48799991607666,73088,73088,yfinance,2026-07-10T06:58:07.675573+00:00
2026-05-12 06:30:00+00:00,LINK-USD,15m,10.486000061035156,10.486000061035156,10.45300006866455,10.45300006866455,0,0,yfinance,2026-07-10T06:58:07.675573+00:00
2026-05-12 06:45:00+00:00,LINK-USD,15m,10.45300006866455,10.46500015258789,10.4350004196167,10.440999984741211,8896,8896,yfinance,2026-07-10T06:58:07.675573+00:00
2026-05-12 07:00:00+00:00,LINK-USD,15m,10.439000129699707,10.442000389099121,10.380999565124512,10.4350004196167,955584,955584,yfinance,2026-07-10T06:58:07.675573+00:00
2026-05-12 07:15:00+00:00,LINK-USD,15m,10.428999900817871,10.454000473022461,10.414999961853027,10.432999610900879,591424,591424,yfinance,2026-07-10T06:58:07.675573+00:00
2026-05-12 07:30:00+00:00,LINK-USD,15m,10.437000274658203,10.458000183105469,10.427000045776367,10.427000045776367,206464,206464,yfinance,2026-07-10T06:58:07.675573+00:00
2026-05-12 07:45:00+00:00,LINK-USD,15m,10.425999641418457,10.446000099182129,10.404000282287598,10.432999610900879,1337664,1337664,yfinance,2026-07-10T06:58:07.675573+00:00
2026-05-12 08:00:00+00:00,LINK-USD,15m,10.428999900817871,10.442999839782715,10.387999534606934,10.390999794006348,7137920,7137920,yfinance,2026-07-10T06:58:07.675573+00:00
2026-05-12 08:15:00+00:00,LINK-USD,15m,10.383999824523926,10.416999816894531,10.361000061035156,10.397000312805176,4907712,4907712,yfinance,2026-07-10T06:58:07.675573+00:00
2026-05-12 08:30:00+00:00,LINK-USD,15m,10.394000053405762,10.404000282287598,10.38599967956543,10.399999618530273,682496,682496,yfinance,2026-07-10T06:58:07.675573+00:00
2026-05-12 08:45:00+00:00,LINK-USD,15m,10.39799976348877,10.404000282287598,10.366999626159668,10.369999885559082,583872,583872,yfinance,2026-07-10T06:58:07.675573+00:00
2026-05-12 09:00:00+00:00,LINK-USD,15m,10.368000030517578,10.375,10.3149995803833,10.3149995803833,531776,531776,yfinance,2026-07-10T06:58:07.675573+00:00
2026-05-12 09:15:00+00:00,LINK-USD,15m,10.319000244140625,10.322999954223633,10.291000366210938,10.300000190734863,10816768,10816768,yfinance,2026-07-10T06:58:07.675573+00:00
2026-05-12 09:30:00+00:00,LINK-USD,15m,10.303000450134277,10.354999542236328,10.300000190734863,10.348999977111816,6789120,6789120,yfinance,2026-07-10T06:58:07.675573+00:00
2026-05-12 09:45:00+00:00,LINK-USD,15m,10.350000381469727,10.35200023651123,10.322999954223633,10.336999893188477,1710272,1710272,yfinance,2026-07-10T06:58:07.675573+00:00
2026-05-12 10:00:00+00:00,LINK-USD,15m,10.336999893188477,10.345000267028809,10.32699966430664,10.331000328063965,0,0,yfinance,2026-07-10T06:58:07.675573+00:00
2026-05-12 10:15:00+00:00,LINK-USD,15m,10.329999923706055,10.333000183105469,10.295000076293945,10.3100004196167,878144,878144,yfinance,2026-07-10T06:58:07.675573+00:00
2026-05-12 10:30:00+00:00,LINK-USD,15m,10.312999725341797,10.319999694824219,10.270000457763672,10.279000282287598,1762944,1762944,yfinance,2026-07-10T06:58:07.675573+00:00
2026-05-12 10:45:00+00:00,LINK-USD,15m,10.279000282287598,10.282999992370605,10.253000259399414,10.282999992370605,1308864,1308864,yfinance,2026-07-10T06:58:07.675573+00:00
2026-05-12 11:00:00+00:00,LINK-USD,15m,10.28499984741211,10.289999961853027,10.253000259399414,10.27400016784668,2674304,2674304,yfinance,2026-07-10T06:58:07.675573+00:00
2026-05-12 11:15:00+00:00,LINK-USD,15m,10.27299976348877,10.27299976348877,10.229000091552734,10.253999710083008,3931840,3931840,yfinance,2026-07-10T06:58:07.675573+00:00
2026-05-12 11:30:00+00:00,LINK-USD,15m,10.255000114440918,10.279000282287598,10.253000259399414,10.27299976348877,2081664,2081664,yfinance,2026-07-10T06:58:07.675573+00:00
2026-05-12 11:45:00+00:00,LINK-USD,15m,10.272000312805176,10.272000312805176,10.255999565124512,10.26099967956543,1437120,1437120,yfinance,2026-07-10T06:58:07.675573+00:00
2026-05-12 12:00:00+00:00,LINK-USD,15m,10.258000373840332,10.274999618530273,10.225000381469727,10.270999908447266,133952,133952,yfinance,2026-07-10T06:58:07.675573+00:00
2026-05-12 12:15:00+00:00,LINK-USD,15m,10.272000312805176,10.347999572753906,10.272000312805176,10.289999961853027,15938816,15938816,yfinance,2026-07-10T06:58:07.675573+00:00
2026-05-12 12:30:00+00:00,LINK-USD,15m,10.29800033569336,10.343000411987305,10.232999801635742,10.291000366210938,4687616,4687616,yfinance,2026-07-10T06:58:07.675573+00:00
2026-05-12 12:45:00+00:00,LINK-USD,15m,10.293000221252441,10.32800006866455,10.293000221252441,10.319000244140625,2345600,2345600,yfinance,2026-07-10T06:58:07.675573+00:00
2026-05-12 13:00:00+00:00,LINK-USD,15m,10.319999694824219,10.340999603271484,10.310999870300293,10.315999984741211,1863808,1863808,yfinance,2026-07-10T06:58:07.675573+00:00
2026-05-12 13:15:00+00:00,LINK-USD,15m,10.314000129699707,10.319000244140625,10.289999961853027,10.300000190734863,960704,960704,yfinance,2026-07-10T06:58:07.675573+00:00
2026-05-12 13:30:00+00:00,LINK-USD,15m,10.303999900817871,10.317000389099121,10.270000457763672,10.303999900817871,190784,190784,yfinance,2026-07-10T06:58:07.675573+00:00
2026-05-12 13:45:00+00:00,LINK-USD,15m,10.307000160217285,10.321000099182129,10.218000411987305,10.234000205993652,1824768,1824768,yfinance,2026-07-10T06:58:07.675573+00:00
2026-05-12 14:00:00+00:00,LINK-USD,15m,10.237000465393066,10.288000106811523,10.220999717712402,10.282999992370605,0,0,yfinance,2026-07-10T06:58:07.675573+00:00
2026-05-12 14:15:00+00:00,LINK-USD,15m,10.281999588012695,10.291000366210938,10.21500015258789,10.234000205993652,640448,640448,yfinance,2026-07-10T06:58:07.675573+00:00
2026-05-12 14:30:00+00:00,LINK-USD,15m,10.234000205993652,10.258000373840332,10.168000221252441,10.232000350952148,1200512,1200512,yfinance,2026-07-10T06:58:07.675573+00:00
2026-05-12 14:45:00+00:00,LINK-USD,15m,10.22700023651123,10.232000350952148,10.164999961853027,10.196999549865723,3234048,3234048,yfinance,2026-07-10T06:58:07.675573+00:00
2026-05-12 15:00:00+00:00,LINK-USD,15m,10.199000358581543,10.243000030517578,10.180000305175781,10.223999977111816,2098752,2098752,yfinance,2026-07-10T06:58:07.675573+00:00
2026-05-12 15:15:00+00:00,LINK-USD,15m,10.220999717712402,10.220999717712402,10.114999771118164,10.128999710083008,10565888,10565888,yfinance,2026-07-10T06:58:07.675573+00:00
2026-05-12 15:30:00+00:00,LINK-USD,15m,10.133999824523926,10.175999641418457,10.125,10.168999671936035,3709056,3709056,yfinance,2026-07-10T06:58:07.675573+00:00
2026-05-12 15:45:00+00:00,LINK-USD,15m,10.17199993133545,10.184000015258789,10.14799976348877,10.152999877929688,2352896,2352896,yfinance,2026-07-10T06:58:07.675573+00:00
2026-05-12 16:00:00+00:00,LINK-USD,15m,10.152000427246094,10.194000244140625,10.145000457763672,10.180000305175781,1035584,1035584,yfinance,2026-07-10T06:58:07.675573+00:00
2026-05-12 16:15:00+00:00,LINK-USD,15m,10.175999641418457,10.194000244140625,10.161999702453613,10.182999610900879,0,0,yfinance,2026-07-10T06:58:07.675573+00:00
2026-05-12 16:30:00+00:00,LINK-USD,15m,10.1850004196167,10.199000358581543,10.166000366210938,10.185999870300293,0,0,yfinance,2026-07-10T06:58:07.675573+00:00
2026-05-12 16:45:00+00:00,LINK-USD,15m,10.184000015258789,10.184000015258789,10.121000289916992,10.144000053405762,4782464,4782464,yfinance,2026-07-10T06:58:07.675573+00:00
2026-05-12 17:00:00+00:00,LINK-USD,15m,10.14799976348877,10.211000442504883,10.140999794006348,10.211000442504883,1586880,1586880,yfinance,2026-07-10T06:58:07.675573+00:00
2026-05-12 17:15:00+00:00,LINK-USD,15m,10.21399974822998,10.253999710083008,10.21399974822998,10.23799991607666,2560640,2560640,yfinance,2026-07-10T06:58:07.675573+00:00
2026-05-12 17:30:00+00:00,LINK-USD,15m,10.23799991607666,10.255999565124512,10.237000465393066,10.25100040435791,0,0,yfinance,2026-07-10T06:58:07.675573+00:00
2026-05-12 17:45:00+00:00,LINK-USD,15m,10.25,10.251999855041504,10.232000350952148,10.239999771118164,0,0,yfinance,2026-07-10T06:58:07.675573+00:00
2026-05-12 18:00:00+00:00,LINK-USD,15m,10.241000175476074,10.24899959564209,10.222999572753906,10.241999626159668,355200,355200,yfinance,2026-07-10T06:58:07.675573+00:00
2026-05-12 18:15:00+00:00,LINK-USD,15m,10.241999626159668,10.246000289916992,10.225000381469727,10.232000350952148,725568,725568,yfinance,2026-07-10T06:58:07.675573+00:00
2026-05-12 18:30:00+00:00,LINK-USD,15m,10.234000205993652,10.258000373840332,10.234000205993652,10.243000030517578,316416,316416,yfinance,2026-07-10T06:58:07.675573+00:00
2026-05-12 18:45:00+00:00,LINK-USD,15m,10.246000289916992,10.293999671936035,10.234999656677246,10.269000053405762,8659776,8659776,yfinance,2026-07-10T06:58:07.675573+00:00
2026-05-12 19:00:00+00:00,LINK-USD,15m,10.269000053405762,10.3149995803833,10.265999794006348,10.303999900817871,1263360,1263360,yfinance,2026-07-10T06:58:07.675573+00:00
2026-05-12 19:15:00+00:00,LINK-USD,15m,10.303000450134277,10.310999870300293,10.277000427246094,10.279999732971191,0,0,yfinance,2026-07-10T06:58:07.675573+00:00
2026-05-12 19:30:00+00:00,LINK-USD,15m,10.281999588012695,10.319000244140625,10.281999588012695,10.3100004196167,524864,524864,yfinance,2026-07-10T06:58:07.675573+00:00
2026-05-12 19:45:00+00:00,LINK-USD,15m,10.310999870300293,10.324999809265137,10.307000160217285,10.319000244140625,832960,832960,yfinance,2026-07-10T06:58:07.675573+00:00
2026-05-12 20:00:00+00:00,LINK-USD,15m,10.319999694824219,10.324999809265137,10.300999641418457,10.312000274658203,0,0,yfinance,2026-07-10T06:58:07.675573+00:00
2026-05-12 20:15:00+00:00,LINK-USD,15m,10.312999725341797,10.324999809265137,10.305000305175781,10.324000358581543,0,0,yfinance,2026-07-10T06:58:07.675573+00:00
2026-05-12 20:30:00+00:00,LINK-USD,15m,10.324999809265137,10.324999809265137,10.281999588012695,10.300000190734863,1063488,1063488,yfinance,2026-07-10T06:58:07.675573+00:00
2026-05-12 20:45:00+00:00,LINK-USD,15m,10.300999641418457,10.3100004196167,10.291999816894531,10.307000160217285,422400,422400,yfinance,2026-07-10T06:58:07.675573+00:00
2026-05-12 21:00:00+00:00,LINK-USD,15m,10.307999610900879,10.312000274658203,10.300999641418457,10.305999755859375,0,0,yfinance,2026-07-10T06:58:07.675573+00:00
2026-05-12 21:15:00+00:00,LINK-USD,15m,10.305999755859375,10.312999725341797,10.295000076293945,10.312000274658203,197504,197504,yfinance,2026-07-10T06:58:07.675573+00:00
2026-05-12 21:30:00+00:00,LINK-USD,15m,10.312999725341797,10.317000389099121,10.291999816894531,10.307000160217285,1820800,1820800,yfinance,2026-07-10T06:58:07.675573+00:00
2026-05-12 21:45:00+00:00,LINK-USD,15m,10.307000160217285,10.312999725341797,10.300999641418457,10.312000274658203,192064,192064,yfinance,2026-07-10T06:58:07.675573+00:00
2026-05-12 22:00:00+00:00,LINK-USD,15m,10.312000274658203,10.35200023651123,10.312000274658203,10.329000473022461,56384,56384,yfinance,2026-07-10T06:58:07.675573+00:00
2026-05-12 22:15:00+00:00,LINK-USD,15m,10.329000473022461,10.345000267028809,10.324999809265137,10.324999809265137,211264,211264,yfinance,2026-07-10T06:58:07.675573+00:00
2026-05-12 22:30:00+00:00,LINK-USD,15m,10.322999954223633,10.32800006866455,10.305000305175781,10.315999984741211,567936,567936,yfinance,2026-07-10T06:58:07.675573+00:00
2026-05-12 22:45:00+00:00,LINK-USD,15m,10.315999984741211,10.321999549865723,10.305000305175781,10.312999725341797,614464,614464,yfinance,2026-07-10T06:58:07.675573+00:00
2026-05-12 23:00:00+00:00,LINK-USD,15m,10.310999870300293,10.32699966430664,10.29699993133545,10.300999641418457,155264,155264,yfinance,2026-07-10T06:58:07.675573+00:00
2026-05-12 23:15:00+00:00,LINK-USD,15m,10.300999641418457,10.317000389099121,10.29800033569336,10.312000274658203,287488,287488,yfinance,2026-07-10T06:58:07.675573+00:00
2026-05-12 23:30:00+00:00,LINK-USD,15m,10.312000274658203,10.3149995803833,10.281000137329102,10.289999961853027,94592,94592,yfinance,2026-07-10T06:58:07.675573+00:00
2026-05-12 23:45:00+00:00,LINK-USD,15m,10.289999961853027,10.293000221252441,10.279999732971191,10.28499984741211,1324416,1324416,yfinance,2026-07-10T06:58:07.675573+00:00
2026-05-13 00:00:00+00:00,LINK-USD,15m,10.282999992370605,10.288999557495117,10.269000053405762,10.27400016784668,0,0,yfinance,2026-07-10T06:58:07.675573+00:00
2026-05-13 00:15:00+00:00,LINK-USD,15m,10.274999618530273,10.319000244140625,10.274999618530273,10.307000160217285,778944,778944,yfinance,2026-07-10T06:58:07.675573+00:00
2026-05-13 00:30:00+00:00,LINK-USD,15m,10.305000305175781,10.32699966430664,10.298999786376953,10.324000358581543,0,0,yfinance,2026-07-10T06:58:07.675573+00:00
2026-05-13 00:45:00+00:00,LINK-USD,15m,10.319000244140625,10.321999549865723,10.29800033569336,10.314000129699707,612288,612288,yfinance,2026-07-10T06:58:07.675573+00:00
2026-05-13 01:00:00+00:00,LINK-USD,15m,10.3149995803833,10.381999969482422,10.3149995803833,10.37600040435791,5827712,5827712,yfinance,2026-07-10T06:58:07.675573+00:00
2026-05-13 01:15:00+00:00,LINK-USD,15m,10.373000144958496,10.402000427246094,10.368000030517578,10.397000312805176,5485824,5485824,yfinance,2026-07-10T06:58:07.675573+00:00
2026-05-13 01:30:00+00:00,LINK-USD,15m,10.399999618530273,10.416999816894531,10.38700008392334,10.402999877929688,587072,587072,yfinance,2026-07-10T06:58:07.675573+00:00
2026-05-13 01:45:00+00:00,LINK-USD,15m,10.407999992370605,10.413999557495117,10.383000373840332,10.388999938964844,1076608,1076608,yfinance,2026-07-10T06:58:07.675573+00:00
2026-05-13 02:00:00+00:00,LINK-USD,15m,10.390999794006348,10.404000282287598,10.380000114440918,10.39900016784668,452096,452096,yfinance,2026-07-10T06:58:07.675573+00:00
2026-05-13 02:15:00+00:00,LINK-USD,15m,10.399999618530273,10.444000244140625,10.387999534606934,10.420000076293945,3008128,3008128,yfinance,2026-07-10T06:58:07.675573+00:00
2026-05-13 02:30:00+00:00,LINK-USD,15m,10.42300033569336,10.434000015258789,10.414999961853027,10.425000190734863,1673344,1673344,yfinance,2026-07-10T06:58:07.675573+00:00
2026-05-13 02:45:00+00:00,LINK-USD,15m,10.42300033569336,10.432999610900879,10.407999992370605,10.413000106811523,1933888,1933888,yfinance,2026-07-10T06:58:07.675573+00:00
2026-05-13 03:00:00+00:00,LINK-USD,15m,10.41100025177002,10.42199993133545,10.395999908447266,10.402999877929688,0,0,yfinance,2026-07-10T06:58:07.675573+00:00
2026-05-13 03:15:00+00:00,LINK-USD,15m,10.402999877929688,10.442000389099121,10.402999877929688,10.4399995803833,360896,360896,yfinance,2026-07-10T06:58:07.675573+00:00
2026-05-13 03:30:00+00:00,LINK-USD,15m,10.440999984741211,10.472999572753906,10.4350004196167,10.470999717712402,4690752,4690752,yfinance,2026-07-10T06:58:07.675573+00:00
2026-05-13 03:45:00+00:00,LINK-USD,15m,10.472000122070312,10.479999542236328,10.461999893188477,10.465999603271484,1493568,1493568,yfinance,2026-07-10T06:58:07.675573+00:00
2026-05-13 04:00:00+00:00,LINK-USD,15m,10.468999862670898,10.48799991607666,10.458000183105469,10.46399974822998,1988672,1988672,yfinance,2026-07-10T06:58:07.675573+00:00
2026-05-13 04:15:00+00:00,LINK-USD,15m,10.46399974822998,10.46399974822998,10.444000244140625,10.458000183105469,1103488,1103488,yfinance,2026-07-10T06:58:07.675573+00:00
2026-05-13 04:30:00+00:00,LINK-USD,15m,10.470000267028809,10.484000205993652,10.460000038146973,10.470999717712402,2673920,2673920,yfinance,2026-07-10T06:58:07.675573+00:00
2026-05-13 04:45:00+00:00,LINK-USD,15m,10.473999977111816,10.494999885559082,10.463000297546387,10.479999542236328,1972416,1972416,yfinance,2026-07-10T06:58:07.675573+00:00
2026-05-13 05:00:00+00:00,LINK-USD,15m,10.482999801635742,10.493000030517578,10.463000297546387,10.46500015258789,847808,847808,yfinance,2026-07-10T06:58:07.675573+00:00
2026-05-13 05:15:00+00:00,LINK-USD,15m,10.461999893188477,10.463000297546387,10.437000274658203,10.45199966430664,708864,708864,yfinance,2026-07-10T06:58:07.675573+00:00
2026-05-13 05:30:00+00:00,LINK-USD,15m,10.449000358581543,10.449000358581543,10.399999618530273,10.399999618530273,409792,409792,yfinance,2026-07-10T06:58:07.675573+00:00
2026-05-13 05:45:00+00:00,LINK-USD,15m,10.404999732971191,10.428999900817871,10.392000198364258,10.423999786376953,1075328,1075328,yfinance,2026-07-10T06:58:07.675573+00:00
2026-05-13 06:00:00+00:00,LINK-USD,15m,10.42199993133545,10.456999778747559,10.40999984741211,10.456999778747559,592448,592448,yfinance,2026-07-10T06:58:07.675573+00:00
2026-05-13 06:15:00+00:00,LINK-USD,15m,10.461000442504883,10.501999855041504,10.461000442504883,10.501999855041504,2011136,2011136,yfinance,2026-07-10T06:58:07.675573+00:00
2026-05-13 06:30:00+00:00,LINK-USD,15m,10.50100040435791,10.538999557495117,10.50100040435791,10.529000282287598,12672256,12672256,yfinance,2026-07-10T06:58:07.675573+00:00
2026-05-13 06:45:00+00:00,LINK-USD,15m,10.524999618530273,10.53600025177002,10.501999855041504,10.508999824523926,4211840,4211840,yfinance,2026-07-10T06:58:07.675573+00:00
2026-05-13 07:00:00+00:00,LINK-USD,15m,10.508999824523926,10.5600004196167,10.508999824523926,10.5600004196167,89024,89024,yfinance,2026-07-10T06:58:07.675573+00:00
2026-05-13 07:15:00+00:00,LINK-USD,15m,10.562000274658203,10.574000358581543,10.520999908447266,10.531999588012695,3533824,3533824,yfinance,2026-07-10T06:58:07.675573+00:00
2026-05-13 07:30:00+00:00,LINK-USD,15m,10.531999588012695,10.571000099182129,10.527000427246094,10.569000244140625,3350208,3350208,yfinance,2026-07-10T06:58:07.675573+00:00
2026-05-13 07:45:00+00:00,LINK-USD,15m,10.569000244140625,10.57800006866455,10.538999557495117,10.571999549865723,2953856,2953856,yfinance,2026-07-10T06:58:07.675573+00:00
2026-05-13 08:00:00+00:00,LINK-USD,15m,10.576000213623047,10.579999923706055,10.534000396728516,10.545000076293945,390272,390272,yfinance,2026-07-10T06:58:07.675573+00:00
2026-05-13 08:15:00+00:00,LINK-USD,15m,10.543999671936035,10.569000244140625,10.543999671936035,10.54800033569336,0,0,yfinance,2026-07-10T06:58:07.675573+00:00
2026-05-13 08:30:00+00:00,LINK-USD,15m,10.54699993133545,10.630999565124512,10.529000282287598,10.614999771118164,1932032,1932032,yfinance,2026-07-10T06:58:07.675573+00:00
2026-05-13 08:45:00+00:00,LINK-USD,15m,10.614999771118164,10.668000221252441,10.611000061035156,10.654999732971191,5552384,5552384,yfinance,2026-07-10T06:58:07.675573+00:00
2026-05-13 09:00:00+00:00,LINK-USD,15m,10.652999877929688,10.718999862670898,10.64799976348877,10.713000297546387,2923648,2923648,yfinance,2026-07-10T06:58:07.675573+00:00
2026-05-13 09:15:00+00:00,LINK-USD,15m,10.711000442504883,10.748000144958496,10.697999954223633,10.737000465393066,4742272,4742272,yfinance,2026-07-10T06:58:07.675573+00:00
2026-05-13 09:30:00+00:00,LINK-USD,15m,10.741999626159668,10.800000190734863,10.694999694824219,10.729000091552734,3047168,3047168,yfinance,2026-07-10T06:58:07.675573+00:00
2026-05-13 09:45:00+00:00,LINK-USD,15m,10.723999977111816,10.727999687194824,10.682999610900879,10.704999923706055,7193408,7193408,yfinance,2026-07-10T06:58:07.675573+00:00
2026-05-13 10:00:00+00:00,LINK-USD,15m,10.708999633789062,10.722000122070312,10.666999816894531,10.67199993133545,2452480,2452480,yfinance,2026-07-10T06:58:07.675573+00:00
2026-05-13 10:15:00+00:00,LINK-USD,15m,10.675000190734863,10.729000091552734,10.67300033569336,10.696000099182129,2953856,2953856,yfinance,2026-07-10T06:58:07.675573+00:00
2026-05-13 10:30:00+00:00,LINK-USD,15m,10.70199966430664,10.706999778747559,10.621000289916992,10.62399959564209,1740736,1740736,yfinance,2026-07-10T06:58:07.675573+00:00
2026-05-13 10:45:00+00:00,LINK-USD,15m,10.62600040435791,10.652999877929688,10.619999885559082,10.642000198364258,1793344,1793344,yfinance,2026-07-10T06:58:07.675573+00:00
2026-05-13 11:00:00+00:00,LINK-USD,15m,10.640999794006348,10.642999649047852,10.538999557495117,10.548999786376953,4159104,4159104,yfinance,2026-07-10T06:58:07.675573+00:00
2026-05-13 11:15:00+00:00,LINK-USD,15m,10.545999526977539,10.588000297546387,10.538000106811523,10.538000106811523,1995776,1995776,yfinance,2026-07-10T06:58:07.675573+00:00
2026-05-13 11:30:00+00:00,LINK-USD,15m,10.534000396728516,10.571999549865723,10.534000396728516,10.559000015258789,327680,327680,yfinance,2026-07-10T06:58:07.675573+00:00
2026-05-13 11:45:00+00:00,LINK-USD,15m,10.553999900817871,10.565999984741211,10.472000122070312,10.484000205993652,4177984,4177984,yfinance,2026-07-10T06:58:07.675573+00:00
2026-05-13 12:00:00+00:00,LINK-USD,15m,10.477999687194824,10.51200008392334,10.473999977111816,10.5,492800,492800,yfinance,2026-07-10T06:58:07.675573+00:00
2026-05-13 12:15:00+00:00,LINK-USD,15m,10.494999885559082,10.503000259399414,10.404000282287598,10.428000450134277,866368,866368,yfinance,2026-07-10T06:58:07.675573+00:00
2026-05-13 12:30:00+00:00,LINK-USD,15m,10.404000282287598,10.407999992370605,10.248000144958496,10.310999870300293,10782208,10782208,yfinance,2026-07-10T06:58:07.675573+00:00
2026-05-13 12:45:00+00:00,LINK-USD,15m,10.307999610900879,10.352999687194824,10.303000450134277,10.324000358581543,6082304,6082304,yfinance,2026-07-10T06:58:07.675573+00:00
2026-05-13 13:00:00+00:00,LINK-USD,15m,10.329000473022461,10.371000289916992,10.322999954223633,10.359000205993652,559104,559104,yfinance,2026-07-10T06:58:07.675573+00:00
2026-05-13 13:15:00+00:00,LINK-USD,15m,10.355999946594238,10.369999885559082,10.317000389099121,10.321999549865723,206784,206784,yfinance,2026-07-10T06:58:07.675573+00:00
2026-05-13 13:30:00+00:00,LINK-USD,15m,10.305000305175781,10.333000183105469,10.265999794006348,10.276000022888184,1437504,1437504,yfinance,2026-07-10T06:58:07.675573+00:00
2026-05-13 13:45:00+00:00,LINK-USD,15m,10.277999877929688,10.277999877929688,10.170000076293945,10.20300006866455,15167680,15167680,yfinance,2026-07-10T06:58:07.675573+00:00
2026-05-13 14:00:00+00:00,LINK-USD,15m,10.1899995803833,10.236000061035156,10.13599967956543,10.222000122070312,5306816,5306816,yfinance,2026-07-10T06:58:07.675573+00:00
2026-05-13 14:15:00+00:00,LINK-USD,15m,10.218999862670898,10.26200008392334,10.210000038146973,10.24899959564209,4283584,4283584,yfinance,2026-07-10T06:58:07.675573+00:00
2026-05-13 14:30:00+00:00,LINK-USD,15m,10.244999885559082,10.253000259399414,10.20300006866455,10.20300006866455,5089472,5089472,yfinance,2026-07-10T06:58:07.675573+00:00
2026-05-13 14:45:00+00:00,LINK-USD,15m,10.204000473022461,10.218000411987305,10.187000274658203,10.211999893188477,0,0,yfinance,2026-07-10T06:58:07.675573+00:00
2026-05-13 15:00:00+00:00,LINK-USD,15m,10.211000442504883,10.243000030517578,10.14799976348877,10.151000022888184,416832,416832,yfinance,2026-07-10T06:58:07.675573+00:00
2026-05-13 15:15:00+00:00,LINK-USD,15m,10.147000312805176,10.164999961853027,10.116000175476074,10.130999565124512,1545792,1545792,yfinance,2026-07-10T06:58:07.675573+00:00
2026-05-13 15:30:00+00:00,LINK-USD,15m,10.128000259399414,10.164999961853027,10.105999946594238,10.151000022888184,7311936,7311936,yfinance,2026-07-10T06:58:07.675573+00:00
2026-05-13 15:45:00+00:00,LINK-USD,15m,10.145000457763672,10.152999877929688,10.03600025177002,10.062000274658203,13347072,13347072,yfinance,2026-07-10T06:58:07.675573+00:00
2026-05-13 16:00:00+00:00,LINK-USD,15m,10.062999725341797,10.123000144958496,10.060999870300293,10.123000144958496,8462912,8462912,yfinance,2026-07-10T06:58:07.675573+00:00
2026-05-13 16:15:00+00:00,LINK-USD,15m,10.121999740600586,10.182000160217285,10.112000465393066,10.17199993133545,3172160,3172160,yfinance,2026-07-10T06:58:07.675573+00:00
2026-05-13 16:30:00+00:00,LINK-USD,15m,10.178999900817871,10.185999870300293,10.163000106811523,10.170999526977539,3414272,3414272,yfinance,2026-07-10T06:58:07.675573+00:00
2026-05-13 16:45:00+00:00,LINK-USD,15m,10.166000366210938,10.192999839782715,10.163000106811523,10.163999557495117,80000,80000,yfinance,2026-07-10T06:58:07.675573+00:00
2026-05-13 17:00:00+00:00,LINK-USD,15m,10.17199993133545,10.213000297546387,10.17199993133545,10.211000442504883,1854592,1854592,yfinance,2026-07-10T06:58:07.675573+00:00
2026-05-13 17:15:00+00:00,LINK-USD,15m,10.210000038146973,10.21500015258789,10.178000450134277,10.192000389099121,1146112,1146112,yfinance,2026-07-10T06:58:07.675573+00:00
2026-05-13 17:30:00+00:00,LINK-USD,15m,10.192000389099121,10.194999694824219,10.166999816894531,10.184000015258789,650304,650304,yfinance,2026-07-10T06:58:07.675573+00:00
2026-05-13 17:45:00+00:00,LINK-USD,15m,10.184000015258789,10.194999694824219,10.170000076293945,10.184000015258789,351808,351808,yfinance,2026-07-10T06:58:07.675573+00:00
2026-05-13 18:00:00+00:00,LINK-USD,15m,10.187000274658203,10.218000411987305,10.187000274658203,10.20300006866455,642752,642752,yfinance,2026-07-10T06:58:07.675573+00:00
2026-05-13 18:15:00+00:00,LINK-USD,15m,10.204999923706055,10.244999885559082,10.20300006866455,10.229999542236328,1561088,1561088,yfinance,2026-07-10T06:58:07.675573+00:00
2026-05-13 18:30:00+00:00,LINK-USD,15m,10.229999542236328,10.239999771118164,10.215999603271484,10.215999603271484,1629696,1629696,yfinance,2026-07-10T06:58:07.675573+00:00
2026-05-13 18:45:00+00:00,LINK-USD,15m,10.21399974822998,10.217000007629395,10.194000244140625,10.20199966430664,781120,781120,yfinance,2026-07-10T06:58:07.675573+00:00
2026-05-13 19:00:00+00:00,LINK-USD,15m,10.20300006866455,10.21399974822998,10.161999702453613,10.184000015258789,2950464,2950464,yfinance,2026-07-10T06:58:07.675573+00:00
2026-05-13 19:15:00+00:00,LINK-USD,15m,10.189000129699707,10.190999984741211,10.154000282287598,10.170000076293945,1552832,1552832,yfinance,2026-07-10T06:58:07.675573+00:00
2026-05-13 19:30:00+00:00,LINK-USD,15m,10.17300033569336,10.192999839782715,10.16100025177002,10.168999671936035,327680,327680,yfinance,2026-07-10T06:58:07.675573+00:00
2026-05-13 19:45:00+00:00,LINK-USD,15m,10.170000076293945,10.180000305175781,10.147000312805176,10.168000221252441,1245440,1245440,yfinance,2026-07-10T06:58:07.675573+00:00
2026-05-13 20:00:00+00:00,LINK-USD,15m,10.168000221252441,10.208999633789062,10.15999984741211,10.194999694824219,1574848,1574848,yfinance,2026-07-10T06:58:07.675573+00:00
2026-05-13 20:15:00+00:00,LINK-USD,15m,10.196999549865723,10.220000267028809,10.192999839782715,10.196999549865723,1085312,1085312,yfinance,2026-07-10T06:58:07.675573+00:00
2026-05-13 20:30:00+00:00,LINK-USD,15m,10.199999809265137,10.22599983215332,10.199999809265137,10.218999862670898,1070976,1070976,yfinance,2026-07-10T06:58:07.675573+00:00
2026-05-13 20:45:00+00:00,LINK-USD,15m,10.220000267028809,10.227999687194824,10.206999778747559,10.218999862670898,753216,753216,yfinance,2026-07-10T06:58:07.675573+00:00
2026-05-13 21:00:00+00:00,LINK-USD,15m,10.220000267028809,10.222000122070312,10.152999877929688,10.173999786376953,83840,83840,yfinance,2026-07-10T06:58:07.675573+00:00
2026-05-13 21:15:00+00:00,LINK-USD,15m,10.170000076293945,10.17199993133545,10.14799976348877,10.152000427246094,1819264,1819264,yfinance,2026-07-10T06:58:07.675573+00:00
2026-05-13 21:30:00+00:00,LINK-USD,15m,10.152000427246094,10.166999816894531,10.145000457763672,10.156000137329102,1715968,1715968,yfinance,2026-07-10T06:58:07.675573+00:00
2026-05-13 21:45:00+00:00,LINK-USD,15m,10.154999732971191,10.173999786376953,10.142999649047852,10.145999908447266,2287232,2287232,yfinance,2026-07-10T06:58:07.675573+00:00
2026-05-13 22:00:00+00:00,LINK-USD,15m,10.156000137329102,10.157999992370605,10.116999626159668,10.156000137329102,4192704,4192704,yfinance,2026-07-10T06:58:07.675573+00:00
2026-05-13 22:15:00+00:00,LINK-USD,15m,10.156999588012695,10.16100025177002,10.144000053405762,10.16100025177002,3677312,3677312,yfinance,2026-07-10T06:58:07.675573+00:00
2026-05-13 22:30:00+00:00,LINK-USD,15m,10.16100025177002,10.196000099182129,10.15999984741211,10.192000389099121,1350528,1350528,yfinance,2026-07-10T06:58:07.675573+00:00
2026-05-13 22:45:00+00:00,LINK-USD,15m,10.194000244140625,10.21500015258789,10.194000244140625,10.199000358581543,1393216,1393216,yfinance,2026-07-10T06:58:07.675573+00:00
2026-05-13 23:00:00+00:00,LINK-USD,15m,10.199000358581543,10.218000411987305,10.187999725341797,10.208000183105469,1204288,1204288,yfinance,2026-07-10T06:58:07.675573+00:00
2026-05-13 23:15:00+00:00,LINK-USD,15m,10.208000183105469,10.211999893188477,10.182999610900879,10.20300006866455,1144640,1144640,yfinance,2026-07-10T06:58:07.675573+00:00
2026-05-13 23:30:00+00:00,LINK-USD,15m,10.20300006866455,10.208000183105469,10.187000274658203,10.201000213623047,2090752,2090752,yfinance,2026-07-10T06:58:07.675573+00:00
2026-05-13 23:45:00+00:00,LINK-USD,15m,10.20300006866455,10.222999572753906,10.201000213623047,10.213000297546387,1659520,1659520,yfinance,2026-07-10T06:58:07.675573+00:00
2026-05-14 00:00:00+00:00,LINK-USD,15m,10.213000297546387,10.26099967956543,10.211999893188477,10.256999969482422,3163008,3163008,yfinance,2026-07-10T06:58:07.675573+00:00
2026-05-14 00:15:00+00:00,LINK-USD,15m,10.256999969482422,10.267000198364258,10.227999687194824,10.25100040435791,1352320,1352320,yfinance,2026-07-10T06:58:07.675573+00:00
2026-05-14 00:30:00+00:00,LINK-USD,15m,10.260000228881836,10.269000053405762,10.241999626159668,10.25100040435791,1718016,1718016,yfinance,2026-07-10T06:58:07.675573+00:00
2026-05-14 00:45:00+00:00,LINK-USD,15m,10.24899959564209,10.26200008392334,10.241000175476074,10.244999885559082,1070656,1070656,yfinance,2026-07-10T06:58:07.675573+00:00
2026-05-14 01:00:00+00:00,LINK-USD,15m,10.23900032043457,10.251999855041504,10.22700023651123,10.232999801635742,0,0,yfinance,2026-07-10T06:58:07.675573+00:00
2026-05-14 01:15:00+00:00,LINK-USD,15m,10.232000350952148,10.239999771118164,10.215999603271484,10.222999572753906,0,0,yfinance,2026-07-10T06:58:07.675573+00:00
2026-05-14 01:30:00+00:00,LINK-USD,15m,10.22599983215332,10.232000350952148,10.210000038146973,10.222000122070312,2739904,2739904,yfinance,2026-07-10T06:58:07.675573+00:00
2026-05-14 01:45:00+00:00,LINK-USD,15m,10.222999572753906,10.248000144958496,10.210000038146973,10.234999656677246,208064,208064,yfinance,2026-07-10T06:58:07.675573+00:00
2026-05-14 02:00:00+00:00,LINK-USD,15m,10.234999656677246,10.253999710083008,10.234999656677246,10.241999626159668,0,0,yfinance,2026-07-10T06:58:07.675573+00:00
2026-05-14 02:15:00+00:00,LINK-USD,15m,10.241999626159668,10.265000343322754,10.232999801635742,10.26200008392334,3134656,3134656,yfinance,2026-07-10T06:58:07.675573+00:00
2026-05-14 02:30:00+00:00,LINK-USD,15m,10.258000373840332,10.258000373840332,10.215999603271484,10.227999687194824,336960,336960,yfinance,2026-07-10T06:58:07.675573+00:00
2026-05-14 02:45:00+00:00,LINK-USD,15m,10.227999687194824,10.229999542236328,10.168000221252441,10.180000305175781,1994240,1994240,yfinance,2026-07-10T06:58:07.675573+00:00
2026-05-14 03:00:00+00:00,LINK-USD,15m,10.17300033569336,10.194999694824219,10.138999938964844,10.16100025177002,1137856,1137856,yfinance,2026-07-10T06:58:07.675573+00:00
2026-05-14 03:15:00+00:00,LINK-USD,15m,10.163999557495117,10.184000015258789,10.10099983215332,10.175999641418457,5958336,5958336,yfinance,2026-07-10T06:58:07.675573+00:00
2026-05-14 03:30:00+00:00,LINK-USD,15m,10.175999641418457,10.182999610900879,10.131999969482422,10.140000343322754,108672,108672,yfinance,2026-07-10T06:58:07.675573+00:00
2026-05-14 03:45:00+00:00,LINK-USD,15m,10.138999938964844,10.140999794006348,10.08899974822998,10.102999687194824,5047360,5047360,yfinance,2026-07-10T06:58:07.675573+00:00
2026-05-14 04:00:00+00:00,LINK-USD,15m,10.109999656677246,10.142000198364258,10.09000015258789,10.140999794006348,6902848,6902848,yfinance,2026-07-10T06:58:07.675573+00:00
2026-05-14 04:15:00+00:00,LINK-USD,15m,10.144000053405762,10.173999786376953,10.142000198364258,10.163000106811523,1744064,1744064,yfinance,2026-07-10T06:58:07.675573+00:00
2026-05-14 04:30:00+00:00,LINK-USD,15m,10.163000106811523,10.170000076293945,10.152999877929688,10.168999671936035,422208,422208,yfinance,2026-07-10T06:58:07.675573+00:00
2026-05-14 04:45:00+00:00,LINK-USD,15m,10.166999816894531,10.20199966430664,10.161999702453613,10.1899995803833,1192000,1192000,yfinance,2026-07-10T06:58:07.675573+00:00
2026-05-14 05:00:00+00:00,LINK-USD,15m,10.187000274658203,10.208999633789062,10.182999610900879,10.196999549865723,4859072,4859072,yfinance,2026-07-10T06:58:07.675573+00:00
2026-05-14 05:15:00+00:00,LINK-USD,15m,10.194999694824219,10.232000350952148,10.192999839782715,10.227999687194824,1729280,1729280,yfinance,2026-07-10T06:58:07.675573+00:00
2026-05-14 05:30:00+00:00,LINK-USD,15m,10.232000350952148,10.26200008392334,10.232000350952148,10.258999824523926,1835584,1835584,yfinance,2026-07-10T06:58:07.675573+00:00
2026-05-14 05:45:00+00:00,LINK-USD,15m,10.260000228881836,10.312999725341797,10.260000228881836,10.289999961853027,2575808,2575808,yfinance,2026-07-10T06:58:07.675573+00:00
2026-05-14 06:00:00+00:00,LINK-USD,15m,10.288000106811523,10.321999549865723,10.286999702453613,10.321999549865723,1594176,1594176,yfinance,2026-07-10T06:58:07.675573+00:00
2026-05-14 06:15:00+00:00,LINK-USD,15m,10.319999694824219,10.321999549865723,10.303000450134277,10.303999900817871,468800,468800,yfinance,2026-07-10T06:58:07.675573+00:00
2026-05-14 06:30:00+00:00,LINK-USD,15m,10.302000045776367,10.305000305175781,10.27299976348877,10.298999786376953,0,0,yfinance,2026-07-10T06:58:07.675573+00:00
2026-05-14 06:45:00+00:00,LINK-USD,15m,10.295000076293945,10.310999870300293,10.253000259399414,10.253000259399414,4540544,4540544,yfinance,2026-07-10T06:58:07.675573+00:00
2026-05-14 07:00:00+00:00,LINK-USD,15m,10.246000289916992,10.267999649047852,10.220000267028809,10.223999977111816,1030272,1030272,yfinance,2026-07-10T06:58:07.675573+00:00
2026-05-14 07:15:00+00:00,LINK-USD,15m,10.220999717712402,10.241000175476074,10.220000267028809,10.225000381469727,0,0,yfinance,2026-07-10T06:58:07.675573+00:00
2026-05-14 07:30:00+00:00,LINK-USD,15m,10.227999687194824,10.260000228881836,10.227999687194824,10.251999855041504,0,0,yfinance,2026-07-10T06:58:07.675573+00:00
2026-05-14 07:45:00+00:00,LINK-USD,15m,10.25100040435791,10.25100040435791,10.218999862670898,10.222000122070312,0,0,yfinance,2026-07-10T06:58:07.675573+00:00
2026-05-14 08:00:00+00:00,LINK-USD,15m,10.22599983215332,10.248000144958496,10.196999549865723,10.237000465393066,0,0,yfinance,2026-07-10T06:58:07.675573+00:00
2026-05-14 08:15:00+00:00,LINK-USD,15m,10.23799991607666,10.258000373840332,10.234999656677246,10.243000030517578,0,0,yfinance,2026-07-10T06:58:07.675573+00:00
2026-05-14 08:30:00+00:00,LINK-USD,15m,10.241999626159668,10.288999557495117,10.241999626159668,10.27299976348877,307648,307648,yfinance,2026-07-10T06:58:07.675573+00:00
2026-05-14 08:45:00+00:00,LINK-USD,15m,10.27400016784668,10.281000137329102,10.251999855041504,10.265999794006348,0,0,yfinance,2026-07-10T06:58:07.675573+00:00
2026-05-14 09:00:00+00:00,LINK-USD,15m,10.270000457763672,10.274999618530273,10.25,10.260000228881836,0,0,yfinance,2026-07-10T06:58:07.675573+00:00
2026-05-14 09:15:00+00:00,LINK-USD,15m,10.258999824523926,10.26200008392334,10.22700023651123,10.232000350952148,0,0,yfinance,2026-07-10T06:58:07.675573+00:00
2026-05-14 09:30:00+00:00,LINK-USD,15m,10.22700023651123,10.227999687194824,10.182000160217285,10.199000358581543,0,0,yfinance,2026-07-10T06:58:07.675573+00:00
2026-05-14 09:45:00+00:00,LINK-USD,15m,10.194999694824219,10.220999717712402,10.190999984741211,10.213000297546387,0,0,yfinance,2026-07-10T06:58:07.675573+00:00
2026-05-14 10:00:00+00:00,LINK-USD,15m,10.206999778747559,10.23900032043457,10.190999984741211,10.217000007629395,286976,286976,yfinance,2026-07-10T06:58:07.675573+00:00
2026-05-14 10:15:00+00:00,LINK-USD,15m,10.217000007629395,10.244999885559082,10.21399974822998,10.220999717712402,412480,412480,yfinance,2026-07-10T06:58:07.675573+00:00
2026-05-14 10:30:00+00:00,LINK-USD,15m,10.220999717712402,10.227999687194824,10.190999984741211,10.199999809265137,0,0,yfinance,2026-07-10T06:58:07.675573+00:00
2026-05-14 10:45:00+00:00,LINK-USD,15m,10.20199966430664,10.258000373840332,10.20199966430664,10.244999885559082,3321536,3321536,yfinance,2026-07-10T06:58:07.675573+00:00
2026-05-14 11:00:00+00:00,LINK-USD,15m,10.248000144958496,10.267999649047852,10.239999771118164,10.248000144958496,167488,167488,yfinance,2026-07-10T06:58:07.675573+00:00
2026-05-14 11:15:00+00:00,LINK-USD,15m,10.243000030517578,10.26200008392334,10.232000350952148,10.23900032043457,234496,234496,yfinance,2026-07-10T06:58:07.675573+00:00
2026-05-14 11:30:00+00:00,LINK-USD,15m,10.23799991607666,10.24899959564209,10.223999977111816,10.230999946594238,473344,473344,yfinance,2026-07-10T06:58:07.675573+00:00
2026-05-14 11:45:00+00:00,LINK-USD,15m,10.229999542236328,10.25100040435791,10.229000091552734,10.234999656677246,16640,16640,yfinance,2026-07-10T06:58:07.675573+00:00
2026-05-14 12:00:00+00:00,LINK-USD,15m,10.230999946594238,10.265999794006348,10.22599983215332,10.241000175476074,0,0,yfinance,2026-07-10T06:58:07.675573+00:00
2026-05-14 12:15:00+00:00,LINK-USD,15m,10.241999626159668,10.255000114440918,10.204999923706055,10.244000434875488,0,0,yfinance,2026-07-10T06:58:07.675573+00:00
2026-05-14 12:30:00+00:00,LINK-USD,15m,10.241000175476074,10.298999786376953,10.232999801635742,10.281999588012695,0,0,yfinance,2026-07-10T06:58:07.675573+00:00
2026-05-14 12:45:00+00:00,LINK-USD,15m,10.281999588012695,10.329999923706055,10.277999877929688,10.32699966430664,3322560,3322560,yfinance,2026-07-10T06:58:07.675573+00:00
2026-05-14 13:00:00+00:00,LINK-USD,15m,10.32800006866455,10.352999687194824,10.312999725341797,10.352999687194824,163392,163392,yfinance,2026-07-10T06:58:07.675573+00:00
2026-05-14 13:15:00+00:00,LINK-USD,15m,10.352999687194824,10.371000289916992,10.302000045776367,10.319999694824219,8511552,8511552,yfinance,2026-07-10T06:58:07.675573+00:00
2026-05-14 13:30:00+00:00,LINK-USD,15m,10.321999549865723,10.32699966430664,10.25100040435791,10.307999610900879,2977664,2977664,yfinance,2026-07-10T06:58:07.675573+00:00
2026-05-14 13:45:00+00:00,LINK-USD,15m,10.319000244140625,10.336000442504883,10.26200008392334,10.26200008392334,0,0,yfinance,2026-07-10T06:58:07.675573+00:00
2026-05-14 14:00:00+00:00,LINK-USD,15m,10.255000114440918,10.291000366210938,10.225000381469727,10.27400016784668,3101568,3101568,yfinance,2026-07-10T06:58:07.675573+00:00
2026-05-14 14:15:00+00:00,LINK-USD,15m,10.272000312805176,10.355999946594238,10.270000457763672,10.335000038146973,3904768,3904768,yfinance,2026-07-10T06:58:07.675573+00:00
2026-05-14 14:30:00+00:00,LINK-USD,15m,10.335000038146973,10.411999702453613,10.32800006866455,10.401000022888184,3393664,3393664,yfinance,2026-07-10T06:58:07.675573+00:00
2026-05-14 14:45:00+00:00,LINK-USD,15m,10.402000427246094,10.494999885559082,10.397000312805176,10.484999656677246,16934976,16934976,yfinance,2026-07-10T06:58:07.675573+00:00
2026-05-14 15:00:00+00:00,LINK-USD,15m,10.491999626159668,10.503999710083008,10.460000038146973,10.480999946594238,4274240,4274240,yfinance,2026-07-10T06:58:07.675573+00:00
2026-05-14 15:15:00+00:00,LINK-USD,15m,10.484000205993652,10.534000396728516,10.468999862670898,10.519000053405762,274752,274752,yfinance,2026-07-10T06:58:07.675573+00:00
2026-05-14 15:30:00+00:00,LINK-USD,15m,10.52400016784668,10.553000450134277,10.512999534606934,10.548999786376953,4711040,4711040,yfinance,2026-07-10T06:58:07.675573+00:00
2026-05-14 15:45:00+00:00,LINK-USD,15m,10.553000450134277,10.656999588012695,10.548999786376953,10.63599967956543,457728,457728,yfinance,2026-07-10T06:58:07.675573+00:00
2026-05-14 16:00:00+00:00,LINK-USD,15m,10.640000343322754,10.763999938964844,10.62399959564209,10.758000373840332,12702272,12702272,yfinance,2026-07-10T06:58:07.675573+00:00
2026-05-14 16:15:00+00:00,LINK-USD,15m,10.762999534606934,10.765999794006348,10.682000160217285,10.739999771118164,10095488,10095488,yfinance,2026-07-10T06:58:07.675573+00:00
2026-05-14 16:30:00+00:00,LINK-USD,15m,10.741999626159668,10.753999710083008,10.668999671936035,10.713000297546387,6360448,6360448,yfinance,2026-07-10T06:58:07.675573+00:00
2026-05-14 16:45:00+00:00,LINK-USD,15m,10.708999633789062,10.715999603271484,10.593000411987305,10.706000328063965,10602688,10602688,yfinance,2026-07-10T06:58:07.675573+00:00
2026-05-14 17:00:00+00:00,LINK-USD,15m,10.71399974822998,10.71399974822998,10.640000343322754,10.640999794006348,7636160,7636160,yfinance,2026-07-10T06:58:07.675573+00:00
2026-05-14 17:15:00+00:00,LINK-USD,15m,10.63700008392334,10.640000343322754,10.565999984741211,10.57699966430664,4928064,4928064,yfinance,2026-07-10T06:58:07.675573+00:00
2026-05-14 17:30:00+00:00,LINK-USD,15m,10.576000213623047,10.687999725341797,10.571000099182129,10.663000106811523,4507136,4507136,yfinance,2026-07-10T06:58:07.675573+00:00
2026-05-14 17:45:00+00:00,LINK-USD,15m,10.666999816894531,10.699999809265137,10.654999732971191,10.656000137329102,6085056,6085056,yfinance,2026-07-10T06:58:07.675573+00:00
2026-05-14 18:00:00+00:00,LINK-USD,15m,10.652000427246094,10.697999954223633,10.60200023651123,10.697999954223633,715072,715072,yfinance,2026-07-10T06:58:07.675573+00:00
2026-05-14 18:15:00+00:00,LINK-USD,15m,10.696999549865723,10.722999572753906,10.666999816894531,10.713000297546387,2135424,2135424,yfinance,2026-07-10T06:58:07.675573+00:00
2026-05-14 18:30:00+00:00,LINK-USD,15m,10.708000183105469,10.708999633789062,10.630999565124512,10.661999702453613,4806272,4806272,yfinance,2026-07-10T06:58:07.675573+00:00
2026-05-14 18:45:00+00:00,LINK-USD,15m,10.663999557495117,10.725000381469727,10.663999557495117,10.701000213623047,9712704,9712704,yfinance,2026-07-10T06:58:07.675573+00:00
2026-05-14 19:00:00+00:00,LINK-USD,15m,10.70300006866455,10.72599983215332,10.682000160217285,10.687999725341797,2924224,2924224,yfinance,2026-07-10T06:58:07.675573+00:00
2026-05-14 19:15:00+00:00,LINK-USD,15m,10.6850004196167,10.696000099182129,10.611000061035156,10.611000061035156,983168,983168,yfinance,2026-07-10T06:58:07.675573+00:00
2026-05-14 19:30:00+00:00,LINK-USD,15m,10.61400032043457,10.644000053405762,10.602999687194824,10.63700008392334,3809664,3809664,yfinance,2026-07-10T06:58:07.675573+00:00
2026-05-14 19:45:00+00:00,LINK-USD,15m,10.633999824523926,10.633999824523926,10.595000267028809,10.62399959564209,3032448,3032448,yfinance,2026-07-10T06:58:07.675573+00:00
2026-05-14 20:00:00+00:00,LINK-USD,15m,10.631999969482422,10.649999618530273,10.595999717712402,10.595999717712402,383616,383616,yfinance,2026-07-10T06:58:07.675573+00:00
2026-05-14 20:15:00+00:00,LINK-USD,15m,10.592000007629395,10.62399959564209,10.569999694824219,10.579999923706055,2376960,2376960,yfinance,2026-07-10T06:58:07.675573+00:00
2026-05-14 20:30:00+00:00,LINK-USD,15m,10.583000183105469,10.588000297546387,10.54699993133545,10.585000038146973,7839104,7839104,yfinance,2026-07-10T06:58:07.675573+00:00
2026-05-14 20:45:00+00:00,LINK-USD,15m,10.585000038146973,10.607999801635742,10.579999923706055,10.593999862670898,3452032,3452032,yfinance,2026-07-10T06:58:07.675573+00:00
2026-05-14 21:00:00+00:00,LINK-USD,15m,10.60200023651123,10.607999801635742,10.54800033569336,10.54800033569336,0,0,yfinance,2026-07-10T06:58:07.675573+00:00
2026-05-14 21:15:00+00:00,LINK-USD,15m,10.54800033569336,10.574000358581543,10.53600025177002,10.567999839782715,3037952,3037952,yfinance,2026-07-10T06:58:07.675573+00:00
2026-05-14 21:30:00+00:00,LINK-USD,15m,10.565999984741211,10.595000267028809,10.564000129699707,10.574999809265137,1104128,1104128,yfinance,2026-07-10T06:58:07.675573+00:00
2026-05-14 21:45:00+00:00,LINK-USD,15m,10.574999809265137,10.586999893188477,10.562999725341797,10.569999694824219,421568,421568,yfinance,2026-07-10T06:58:07.675573+00:00
2026-05-14 22:00:00+00:00,LINK-USD,15m,10.5649995803833,10.583999633789062,10.54800033569336,10.579999923706055,0,0,yfinance,2026-07-10T06:58:07.675573+00:00
2026-05-14 22:15:00+00:00,LINK-USD,15m,10.579000473022461,10.579000473022461,10.559000015258789,10.567000389099121,0,0,yfinance,2026-07-10T06:58:07.675573+00:00
2026-05-14 22:30:00+00:00,LINK-USD,15m,10.565999984741211,10.585000038146973,10.564000129699707,10.581999778747559,1274112,1274112,yfinance,2026-07-10T06:58:07.675573+00:00
2026-05-14 22:45:00+00:00,LINK-USD,15m,10.581999778747559,10.58899974822998,10.552000045776367,10.552000045776367,162112,162112,yfinance,2026-07-10T06:58:07.675573+00:00
2026-05-14 23:00:00+00:00,LINK-USD,15m,10.541000366210938,10.548999786376953,10.491000175476074,10.515000343322754,1895872,1895872,yfinance,2026-07-10T06:58:07.675573+00:00
2026-05-14 23:15:00+00:00,LINK-USD,15m,10.515000343322754,10.548999786376953,10.51200008392334,10.54699993133545,604608,604608,yfinance,2026-07-10T06:58:07.675573+00:00
2026-05-14 23:30:00+00:00,LINK-USD,15m,10.545999526977539,10.545999526977539,10.508999824523926,10.517000198364258,553600,553600,yfinance,2026-07-10T06:58:07.675573+00:00
2026-05-14 23:45:00+00:00,LINK-USD,15m,10.515999794006348,10.515999794006348,10.461000442504883,10.479999542236328,2348160,2348160,yfinance,2026-07-10T06:58:07.675573+00:00
2026-05-15 00:00:00+00:00,LINK-USD,15m,10.480999946594238,10.517000198364258,10.468000411987305,10.517000198364258,0,0,yfinance,2026-07-10T06:58:07.675573+00:00
2026-05-15 00:15:00+00:00,LINK-USD,15m,10.520999908447266,10.529000282287598,10.503000259399414,10.529000282287598,999040,999040,yfinance,2026-07-10T06:58:07.675573+00:00
2026-05-15 00:30:00+00:00,LINK-USD,15m,10.522000312805176,10.559000015258789,10.468000411987305,10.494000434875488,4603008,4603008,yfinance,2026-07-10T06:58:07.675573+00:00
2026-05-15 00:45:00+00:00,LINK-USD,15m,10.496000289916992,10.529000282287598,10.491999626159668,10.527999877929688,2183616,2183616,yfinance,2026-07-10T06:58:07.675573+00:00
2026-05-15 01:00:00+00:00,LINK-USD,15m,10.529999732971191,10.543000221252441,10.510000228881836,10.520000457763672,954432,954432,yfinance,2026-07-10T06:58:07.675573+00:00
2026-05-15 01:15:00+00:00,LINK-USD,15m,10.515999794006348,10.531000137329102,10.486000061035156,10.48900032043457,987072,987072,yfinance,2026-07-10T06:58:07.675573+00:00
2026-05-15 01:30:00+00:00,LINK-USD,15m,10.486000061035156,10.503000259399414,10.439000129699707,10.5,4013696,4013696,yfinance,2026-07-10T06:58:07.675573+00:00
2026-05-15 01:45:00+00:00,LINK-USD,15m,10.496000289916992,10.496000289916992,10.430000305175781,10.435999870300293,1406080,1406080,yfinance,2026-07-10T06:58:07.675573+00:00
2026-05-15 02:00:00+00:00,LINK-USD,15m,10.432000160217285,10.446000099182129,10.390000343322754,10.404000282287598,8415680,8415680,yfinance,2026-07-10T06:58:07.675573+00:00
2026-05-15 02:15:00+00:00,LINK-USD,15m,10.395999908447266,10.416000366210938,10.380000114440918,10.380999565124512,2953728,2953728,yfinance,2026-07-10T06:58:07.675573+00:00
2026-05-15 02:30:00+00:00,LINK-USD,15m,10.378999710083008,10.434000015258789,10.354999542236328,10.427000045776367,3352576,3352576,yfinance,2026-07-10T06:58:07.675573+00:00
2026-05-15 02:45:00+00:00,LINK-USD,15m,10.430999755859375,10.463000297546387,10.420000076293945,10.447999954223633,701952,701952,yfinance,2026-07-10T06:58:07.675573+00:00
2026-05-15 03:00:00+00:00,LINK-USD,15m,10.446999549865723,10.470999717712402,10.428000450134277,10.440999984741211,832704,832704,yfinance,2026-07-10T06:58:07.675573+00:00
2026-05-15 03:15:00+00:00,LINK-USD,15m,10.442999839782715,10.447999954223633,10.427000045776367,10.446000099182129,0,0,yfinance,2026-07-10T06:58:07.675573+00:00
2026-05-15 03:30:00+00:00,LINK-USD,15m,10.446000099182129,10.446000099182129,10.402999877929688,10.413999557495117,510720,510720,yfinance,2026-07-10T06:58:07.675573+00:00
2026-05-15 03:45:00+00:00,LINK-USD,15m,10.413999557495117,10.420999526977539,10.402000427246094,10.414999961853027,3542016,3542016,yfinance,2026-07-10T06:58:07.675573+00:00
2026-05-15 04:00:00+00:00,LINK-USD,15m,10.413999557495117,10.416000366210938,10.390000343322754,10.404000282287598,0,0,yfinance,2026-07-10T06:58:07.675573+00:00
2026-05-15 04:15:00+00:00,LINK-USD,15m,10.404000282287598,10.416999816894531,10.369999885559082,10.371999740600586,1194816,1194816,yfinance,2026-07-10T06:58:07.675573+00:00
2026-05-15 04:30:00+00:00,LINK-USD,15m,10.371000289916992,10.385000228881836,10.359999656677246,10.364999771118164,566464,566464,yfinance,2026-07-10T06:58:07.675573+00:00
2026-05-15 04:45:00+00:00,LINK-USD,15m,10.362000465393066,10.373000144958496,10.324999809265137,10.326000213623047,0,0,yfinance,2026-07-10T06:58:07.675573+00:00
2026-05-15 05:00:00+00:00,LINK-USD,15m,10.322999954223633,10.345999717712402,10.312999725341797,10.331999778747559,2203712,2203712,yfinance,2026-07-10T06:58:07.675573+00:00
2026-05-15 05:15:00+00:00,LINK-USD,15m,10.331999778747559,10.33899974822998,10.307000160217285,10.312000274658203,1214336,1214336,yfinance,2026-07-10T06:58:07.675573+00:00
2026-05-15 05:30:00+00:00,LINK-USD,15m,10.314000129699707,10.314000129699707,10.208999633789062,10.241000175476074,7972480,7972480,yfinance,2026-07-10T06:58:07.675573+00:00
2026-05-15 05:45:00+00:00,LINK-USD,15m,10.239999771118164,10.258000373840332,10.21399974822998,10.22700023651123,1156672,1156672,yfinance,2026-07-10T06:58:07.675573+00:00
2026-05-15 06:00:00+00:00,LINK-USD,15m,10.225000381469727,10.255000114440918,10.215999603271484,10.241000175476074,762688,762688,yfinance,2026-07-10T06:58:07.675573+00:00
2026-05-15 06:15:00+00:00,LINK-USD,15m,10.246000289916992,10.276000022888184,10.237000465393066,10.276000022888184,4704576,4704576,yfinance,2026-07-10T06:58:07.675573+00:00
2026-05-15 06:30:00+00:00,LINK-USD,15m,10.27299976348877,10.300999641418457,10.27299976348877,10.29800033569336,1358336,1358336,yfinance,2026-07-10T06:58:07.675573+00:00
2026-05-15 06:45:00+00:00,LINK-USD,15m,10.298999786376953,10.305000305175781,10.28499984741211,10.295999526977539,82560,82560,yfinance,2026-07-10T06:58:07.675573+00:00
2026-05-15 07:00:00+00:00,LINK-USD,15m,10.29800033569336,10.336999893188477,10.293000221252441,10.336999893188477,598784,598784,yfinance,2026-07-10T06:58:07.675573+00:00
2026-05-15 07:15:00+00:00,LINK-USD,15m,10.336999893188477,10.394000053405762,10.322999954223633,10.378999710083008,4327296,4327296,yfinance,2026-07-10T06:58:07.675573+00:00
2026-05-15 07:30:00+00:00,LINK-USD,15m,10.38700008392334,10.38700008392334,10.347999572753906,10.359999656677246,1366336,1366336,yfinance,2026-07-10T06:58:07.675573+00:00
2026-05-15 07:45:00+00:00,LINK-USD,15m,10.355999946594238,10.383999824523926,10.35099983215332,10.375,1579648,1579648,yfinance,2026-07-10T06:58:07.675573+00:00
2026-05-15 08:00:00+00:00,LINK-USD,15m,10.371999740600586,10.37600040435791,10.343999862670898,10.366999626159668,1006400,1006400,yfinance,2026-07-10T06:58:07.675573+00:00
2026-05-15 08:15:00+00:00,LINK-USD,15m,10.366000175476074,10.366000175476074,10.3100004196167,10.3100004196167,2428544,2428544,yfinance,2026-07-10T06:58:07.675573+00:00
2026-05-15 08:30:00+00:00,LINK-USD,15m,10.307999610900879,10.35200023651123,10.291000366210938,10.348999977111816,1934784,1934784,yfinance,2026-07-10T06:58:07.675573+00:00
2026-05-15 08:45:00+00:00,LINK-USD,15m,10.350000381469727,10.357000350952148,10.321999549865723,10.32699966430664,0,0,yfinance,2026-07-10T06:58:07.675573+00:00
2026-05-15 09:00:00+00:00,LINK-USD,15m,10.329000473022461,10.329000473022461,10.288999557495117,10.295000076293945,365184,365184,yfinance,2026-07-10T06:58:07.675573+00:00
2026-05-15 09:15:00+00:00,LINK-USD,15m,10.293999671936035,10.295999526977539,10.265000343322754,10.295999526977539,41728,41728,yfinance,2026-07-10T06:58:07.675573+00:00
2026-05-15 09:30:00+00:00,LINK-USD,15m,10.295999526977539,10.302000045776367,10.263999938964844,10.263999938964844,0,0,yfinance,2026-07-10T06:58:07.675573+00:00
2026-05-15 09:45:00+00:00,LINK-USD,15m,10.265000343322754,10.279999732971191,10.248000144958496,10.274999618530273,2743872,2743872,yfinance,2026-07-10T06:58:07.675573+00:00
2026-05-15 10:00:00+00:00,LINK-USD,15m,10.277999877929688,10.303999900817871,10.26200008392334,10.300000190734863,832896,832896,yfinance,2026-07-10T06:58:07.675573+00:00
2026-05-15 10:15:00+00:00,LINK-USD,15m,10.298999786376953,10.303999900817871,10.279000282287598,10.28600025177002,700672,700672,yfinance,2026-07-10T06:58:07.675573+00:00
2026-05-15 10:30:00+00:00,LINK-USD,15m,10.286999702453613,10.312000274658203,10.284000396728516,10.312000274658203,204480,204480,yfinance,2026-07-10T06:58:07.675573+00:00
2026-05-15 10:45:00+00:00,LINK-USD,15m,10.3149995803833,10.361000061035156,10.312000274658203,10.340999603271484,0,0,yfinance,2026-07-10T06:58:07.675573+00:00
2026-05-15 11:00:00+00:00,LINK-USD,15m,10.345999717712402,10.354999542236328,10.315999984741211,10.331000328063965,258688,258688,yfinance,2026-07-10T06:58:07.675573+00:00
2026-05-15 11:15:00+00:00,LINK-USD,15m,10.331999778747559,10.342000007629395,10.310999870300293,10.324999809265137,169472,169472,yfinance,2026-07-10T06:58:07.675573+00:00
2026-05-15 11:30:00+00:00,LINK-USD,15m,10.324000358581543,10.324999809265137,10.305999755859375,10.312000274658203,434944,434944,yfinance,2026-07-10T06:58:07.675573+00:00
2026-05-15 11:45:00+00:00,LINK-USD,15m,10.3149995803833,10.333000183105469,10.300999641418457,10.303000450134277,0,0,yfinance,2026-07-10T06:58:07.675573+00:00
2026-05-15 12:00:00+00:00,LINK-USD,15m,10.298999786376953,10.3100004196167,10.276000022888184,10.279000282287598,0,0,yfinance,2026-07-10T06:58:07.675573+00:00
2026-05-15 12:15:00+00:00,LINK-USD,15m,10.27400016784668,10.312000274658203,10.27299976348877,10.284000396728516,3136832,3136832,yfinance,2026-07-10T06:58:07.675573+00:00
2026-05-15 12:30:00+00:00,LINK-USD,15m,10.281000137329102,10.281999588012695,10.24899959564209,10.251999855041504,568320,568320,yfinance,2026-07-10T06:58:07.675573+00:00
2026-05-15 12:45:00+00:00,LINK-USD,15m,10.251999855041504,10.270000457763672,10.248000144958496,10.26099967956543,64384,64384,yfinance,2026-07-10T06:58:07.675573+00:00
2026-05-15 13:00:00+00:00,LINK-USD,15m,10.255999565124512,10.255999565124512,10.204000473022461,10.22599983215332,2230144,2230144,yfinance,2026-07-10T06:58:07.675573+00:00
2026-05-15 13:15:00+00:00,LINK-USD,15m,10.22700023651123,10.265000343322754,10.21500015258789,10.244999885559082,2525248,2525248,yfinance,2026-07-10T06:58:07.675573+00:00
2026-05-15 13:30:00+00:00,LINK-USD,15m,10.244999885559082,10.244999885559082,10.102999687194824,10.104999542236328,1929024,1929024,yfinance,2026-07-10T06:58:07.675573+00:00
2026-05-15 13:45:00+00:00,LINK-USD,15m,10.109999656677246,10.144000053405762,9.993000030517578,10.006999969482422,7919168,7919168,yfinance,2026-07-10T06:58:07.675573+00:00
2026-05-15 14:00:00+00:00,LINK-USD,15m,10.005999565124512,10.062000274658203,9.961999893188477,10.04800033569336,6439104,6439104,yfinance,2026-07-10T06:58:07.675573+00:00
2026-05-15 14:15:00+00:00,LINK-USD,15m,10.045999526977539,10.071000099182129,10.003999710083008,10.012999534606934,601280,601280,yfinance,2026-07-10T06:58:07.675573+00:00
2026-05-15 14:30:00+00:00,LINK-USD,15m,10.029000282287598,10.055000305175781,10.006999969482422,10.031999588012695,1305472,1305472,yfinance,2026-07-10T06:58:07.675573+00:00
2026-05-15 14:45:00+00:00,LINK-USD,15m,10.026000022888184,10.045000076293945,10.003000259399414,10.026000022888184,0,0,yfinance,2026-07-10T06:58:07.675573+00:00
2026-05-15 15:00:00+00:00,LINK-USD,15m,10.029999732971191,10.04699993133545,10.01200008392334,10.01200008392334,0,0,yfinance,2026-07-10T06:58:07.675573+00:00
2026-05-15 15:15:00+00:00,LINK-USD,15m,10.010000228881836,10.041000366210938,9.994999885559082,10.008999824523926,1329152,1329152,yfinance,2026-07-10T06:58:07.675573+00:00
2026-05-15 15:30:00+00:00,LINK-USD,15m,10.017000198364258,10.029000282287598,9.996999740600586,10.0,95744,95744,yfinance,2026-07-10T06:58:07.675573+00:00
2026-05-15 15:45:00+00:00,LINK-USD,15m,10.0,10.031000137329102,9.987000465393066,10.02400016784668,0,0,yfinance,2026-07-10T06:58:07.675573+00:00
2026-05-15 16:00:00+00:00,LINK-USD,15m,10.019000053405762,10.024999618530273,10.0,10.020999908447266,0,0,yfinance,2026-07-10T06:58:07.675573+00:00
2026-05-15 16:15:00+00:00,LINK-USD,15m,10.017000198364258,10.088000297546387,10.012999534606934,10.088000297546387,0,0,yfinance,2026-07-10T06:58:07.675573+00:00
2026-05-15 16:30:00+00:00,LINK-USD,15m,10.092000007629395,10.114999771118164,10.086000442504883,10.09000015258789,814464,814464,yfinance,2026-07-10T06:58:07.675573+00:00
2026-05-15 16:45:00+00:00,LINK-USD,15m,10.09000015258789,10.09000015258789,10.04800033569336,10.081000328063965,0,0,yfinance,2026-07-10T06:58:07.675573+00:00
2026-05-15 17:00:00+00:00,LINK-USD,15m,10.079000473022461,10.12600040435791,10.07800006866455,10.105999946594238,0,0,yfinance,2026-07-10T06:58:07.675573+00:00
2026-05-15 17:15:00+00:00,LINK-USD,15m,10.104000091552734,10.128999710083008,10.092000007629395,10.107000350952148,0,0,yfinance,2026-07-10T06:58:07.675573+00:00
2026-05-15 17:30:00+00:00,LINK-USD,15m,10.109000205993652,10.128999710083008,10.10099983215332,10.109999656677246,0,0,yfinance,2026-07-10T06:58:07.675573+00:00
2026-05-15 17:45:00+00:00,LINK-USD,15m,10.109000205993652,10.121000289916992,10.090999603271484,10.119000434875488,0,0,yfinance,2026-07-10T06:58:07.675573+00:00
2026-05-15 18:00:00+00:00,LINK-USD,15m,10.119999885559082,10.133000373840332,10.105999946594238,10.118000030517578,0,0,yfinance,2026-07-10T06:58:07.675573+00:00
2026-05-15 18:15:00+00:00,LINK-USD,15m,10.119000434875488,10.121000289916992,10.071000099182129,10.104999542236328,0,0,yfinance,2026-07-10T06:58:07.675573+00:00
2026-05-15 18:30:00+00:00,LINK-USD,15m,10.104000091552734,10.109999656677246,10.07699966430664,10.109000205993652,0,0,yfinance,2026-07-10T06:58:07.675573+00:00
2026-05-15 18:45:00+00:00,LINK-USD,15m,10.102999687194824,10.119999885559082,10.093999862670898,10.112000465393066,0,0,yfinance,2026-07-10T06:58:07.675573+00:00
2026-05-15 19:00:00+00:00,LINK-USD,15m,10.109999656677246,10.109999656677246,10.062999725341797,10.064000129699707,0,0,yfinance,2026-07-10T06:58:07.675573+00:00
2026-05-15 19:15:00+00:00,LINK-USD,15m,10.064000129699707,10.079999923706055,10.064000129699707,10.067999839782715,229248,229248,yfinance,2026-07-10T06:58:07.675573+00:00
2026-05-15 19:30:00+00:00,LINK-USD,15m,10.067999839782715,10.093000411987305,10.067999839782715,10.071000099182129,0,0,yfinance,2026-07-10T06:58:07.675573+00:00
2026-05-15 19:45:00+00:00,LINK-USD,15m,10.07699966430664,10.081999778747559,10.059000015258789,10.0600004196167,0,0,yfinance,2026-07-10T06:58:07.675573+00:00
2026-05-15 20:00:00+00:00,LINK-USD,15m,10.064000129699707,10.067000389099121,10.020000457763672,10.039999961853027,105408,105408,yfinance,2026-07-10T06:58:07.675573+00:00
2026-05-15 20:15:00+00:00,LINK-USD,15m,10.039999961853027,10.064000129699707,10.022000312805176,10.064000129699707,0,0,yfinance,2026-07-10T06:58:07.675573+00:00
2026-05-15 20:30:00+00:00,LINK-USD,15m,10.067999839782715,10.067999839782715,10.03499984741211,10.038999557495117,799744,799744,yfinance,2026-07-10T06:58:07.675573+00:00
2026-05-15 20:45:00+00:00,LINK-USD,15m,10.03600025177002,10.04699993133545,10.020000457763672,10.041999816894531,144896,144896,yfinance,2026-07-10T06:58:07.675573+00:00
2026-05-15 21:00:00+00:00,LINK-USD,15m,10.041999816894531,10.059000015258789,10.03600025177002,10.057000160217285,0,0,yfinance,2026-07-10T06:58:07.675573+00:00
2026-05-15 21:15:00+00:00,LINK-USD,15m,10.050999641418457,10.0649995803833,10.041999816894531,10.053999900817871,0,0,yfinance,2026-07-10T06:58:07.675573+00:00
2026-05-15 21:30:00+00:00,LINK-USD,15m,10.053999900817871,10.057999610900879,10.045000076293945,10.055000305175781,1795584,1795584,yfinance,2026-07-10T06:58:07.675573+00:00
2026-05-15 21:45:00+00:00,LINK-USD,15m,10.059000015258789,10.059000015258789,10.027999877929688,10.034000396728516,0,0,yfinance,2026-07-10T06:58:07.675573+00:00
2026-05-15 22:00:00+00:00,LINK-USD,15m,10.03600025177002,10.0600004196167,10.032999992370605,10.053999900817871,0,0,yfinance,2026-07-10T06:58:07.675573+00:00
2026-05-15 22:15:00+00:00,LINK-USD,15m,10.053999900817871,10.065999984741211,10.050000190734863,10.053999900817871,80384,80384,yfinance,2026-07-10T06:58:07.675573+00:00
2026-05-15 22:30:00+00:00,LINK-USD,15m,10.057999610900879,10.072999954223633,10.052000045776367,10.071000099182129,67904,67904,yfinance,2026-07-10T06:58:07.675573+00:00
2026-05-15 22:45:00+00:00,LINK-USD,15m,10.069000244140625,10.081000328063965,10.069000244140625,10.07699966430664,0,0,yfinance,2026-07-10T06:58:07.675573+00:00
2026-05-15 23:00:00+00:00,LINK-USD,15m,10.074000358581543,10.081999778747559,10.067999839782715,10.067999839782715,0,0,yfinance,2026-07-10T06:58:07.675573+00:00
2026-05-15 23:15:00+00:00,LINK-USD,15m,10.062000274658203,10.074000358581543,10.062000274658203,10.065999984741211,0,0,yfinance,2026-07-10T06:58:07.675573+00:00
2026-05-15 23:30:00+00:00,LINK-USD,15m,10.067000389099121,10.069000244140625,10.053999900817871,10.067000389099121,0,0,yfinance,2026-07-10T06:58:07.675573+00:00
2026-05-15 23:45:00+00:00,LINK-USD,15m,10.060999870300293,10.069000244140625,10.053000450134277,10.0649995803833,937536,937536,yfinance,2026-07-10T06:58:07.675573+00:00
2026-05-16 00:00:00+00:00,LINK-USD,15m,10.064000129699707,10.088000297546387,10.053000450134277,10.083000183105469,0,0,yfinance,2026-07-10T06:58:07.675573+00:00
2026-05-16 00:15:00+00:00,LINK-USD,15m,10.07800006866455,10.09000015258789,10.071999549865723,10.085000038146973,0,0,yfinance,2026-07-10T06:58:07.675573+00:00
2026-05-16 00:30:00+00:00,LINK-USD,15m,10.086000442504883,10.093000411987305,10.07800006866455,10.079999923706055,0,0,yfinance,2026-07-10T06:58:07.675573+00:00
2026-05-16 00:45:00+00:00,LINK-USD,15m,10.079000473022461,10.088000297546387,10.065999984741211,10.074999809265137,0,0,yfinance,2026-07-10T06:58:07.675573+00:00
2026-05-16 01:00:00+00:00,LINK-USD,15m,10.076000213623047,10.079999923706055,10.067999839782715,10.07699966430664,0,0,yfinance,2026-07-10T06:58:07.675573+00:00
2026-05-16 01:15:00+00:00,LINK-USD,15m,10.07699966430664,10.079999923706055,10.050000190734863,10.050000190734863,0,0,yfinance,2026-07-10T06:58:07.675573+00:00
2026-05-16 01:30:00+00:00,LINK-USD,15m,10.050000190734863,10.057000160217285,10.036999702453613,10.045000076293945,1047360,1047360,yfinance,2026-07-10T06:58:07.675573+00:00
2026-05-16 01:45:00+00:00,LINK-USD,15m,10.045000076293945,10.083000183105469,10.045000076293945,10.07800006866455,0,0,yfinance,2026-07-10T06:58:07.675573+00:00
2026-05-16 02:00:00+00:00,LINK-USD,15m,10.079000473022461,10.086000442504883,10.071999549865723,10.081000328063965,0,0,yfinance,2026-07-10T06:58:07.675573+00:00
2026-05-16 02:15:00+00:00,LINK-USD,15m,10.086000442504883,10.086999893188477,10.062000274658203,10.062000274658203,0,0,yfinance,2026-07-10T06:58:07.675573+00:00
2026-05-16 02:30:00+00:00,LINK-USD,15m,10.059000015258789,10.067000389099121,10.048999786376953,10.062000274658203,0,0,yfinance,2026-07-10T06:58:07.675573+00:00
2026-05-16 02:45:00+00:00,LINK-USD,15m,10.0600004196167,10.069999694824219,10.057999610900879,10.069999694824219,0,0,yfinance,2026-07-10T06:58:07.675573+00:00
2026-05-16 03:00:00+00:00,LINK-USD,15m,10.071000099182129,10.086000442504883,10.069999694824219,10.081000328063965,0,0,yfinance,2026-07-10T06:58:07.675573+00:00
2026-05-16 03:15:00+00:00,LINK-USD,15m,10.081000328063965,10.086999893188477,10.074999809265137,10.07800006866455,0,0,yfinance,2026-07-10T06:58:07.675573+00:00
2026-05-16 03:30:00+00:00,LINK-USD,15m,10.07800006866455,10.07800006866455,10.050000190734863,10.053999900817871,0,0,yfinance,2026-07-10T06:58:07.675573+00:00
2026-05-16 03:45:00+00:00,LINK-USD,15m,10.053000450134277,10.0649995803833,10.053000450134277,10.0600004196167,0,0,yfinance,2026-07-10T06:58:07.675573+00:00
2026-05-16 04:00:00+00:00,LINK-USD,15m,10.060999870300293,10.062999725341797,10.041000366210938,10.043000221252441,0,0,yfinance,2026-07-10T06:58:07.675573+00:00
2026-05-16 04:15:00+00:00,LINK-USD,15m,10.043000221252441,10.045000076293945,10.02299976348877,10.02400016784668,0,0,yfinance,2026-07-10T06:58:07.675573+00:00
2026-05-16 04:30:00+00:00,LINK-USD,15m,10.02400016784668,10.024999618530273,9.947999954223633,9.982000350952148,6905408,6905408,yfinance,2026-07-10T06:58:07.675573+00:00
2026-05-16 04:45:00+00:00,LINK-USD,15m,9.984000205993652,10.00100040435791,9.982000350952148,9.996999740600586,214464,214464,yfinance,2026-07-10T06:58:07.675573+00:00
2026-05-16 05:00:00+00:00,LINK-USD,15m,9.996999740600586,10.00100040435791,9.97599983215332,9.979999542236328,63168,63168,yfinance,2026-07-10T06:58:07.675573+00:00
2026-05-16 05:15:00+00:00,LINK-USD,15m,9.982000350952148,9.987000465393066,9.972000122070312,9.987000465393066,0,0,yfinance,2026-07-10T06:58:07.675573+00:00
2026-05-16 05:30:00+00:00,LINK-USD,15m,9.986000061035156,9.98799991607666,9.956999778747559,9.965999603271484,0,0,yfinance,2026-07-10T06:58:07.675573+00:00
2026-05-16 05:45:00+00:00,LINK-USD,15m,9.968000411987305,9.972999572753906,9.935999870300293,9.946000099182129,516288,516288,yfinance,2026-07-10T06:58:07.675573+00:00
2026-05-16 06:00:00+00:00,LINK-USD,15m,9.949999809265137,9.963000297546387,9.902999877929688,9.913000106811523,654752,654752,yfinance,2026-07-10T06:58:07.675573+00:00
2026-05-16 06:15:00+00:00,LINK-USD,15m,9.916999816894531,9.920000076293945,9.890999794006348,9.913999557495117,519840,519840,yfinance,2026-07-10T06:58:07.675573+00:00
2026-05-16 06:30:00+00:00,LINK-USD,15m,9.90999984741211,9.925999641418457,9.87600040435791,9.880999565124512,0,0,yfinance,2026-07-10T06:58:07.675573+00:00
2026-05-16 06:45:00+00:00,LINK-USD,15m,9.880999565124512,9.904000282287598,9.843999862670898,9.883999824523926,3812320,3812320,yfinance,2026-07-10T06:58:07.675573+00:00
2026-05-16 07:00:00+00:00,LINK-USD,15m,9.883999824523926,9.885000228881836,9.753000259399414,9.777999877929688,1111616,1111616,yfinance,2026-07-10T06:58:07.675573+00:00
2026-05-16 07:15:00+00:00,LINK-USD,15m,9.782999992370605,9.805999755859375,9.732999801635742,9.802000045776367,12972928,12972928,yfinance,2026-07-10T06:58:07.675573+00:00
2026-05-16 07:30:00+00:00,LINK-USD,15m,9.800000190734863,9.83899974822998,9.779999732971191,9.831000328063965,1391360,1391360,yfinance,2026-07-10T06:58:07.675573+00:00
2026-05-16 07:45:00+00:00,LINK-USD,15m,9.831000328063965,9.836000442504883,9.79699993133545,9.817999839782715,1596288,1596288,yfinance,2026-07-10T06:58:07.675573+00:00
2026-05-16 08:00:00+00:00,LINK-USD,15m,9.819000244140625,9.833999633789062,9.807000160217285,9.807000160217285,251136,251136,yfinance,2026-07-10T06:58:07.675573+00:00
2026-05-16 08:15:00+00:00,LINK-USD,15m,9.807999610900879,9.817000389099121,9.802000045776367,9.809000015258789,0,0,yfinance,2026-07-10T06:58:07.675573+00:00
2026-05-16 08:30:00+00:00,LINK-USD,15m,9.8100004196167,9.831999778747559,9.803999900817871,9.812000274658203,1375872,1375872,yfinance,2026-07-10T06:58:07.675573+00:00
2026-05-16 08:45:00+00:00,LINK-USD,15m,9.814000129699707,9.814000129699707,9.795999526977539,9.800999641418457,214272,214272,yfinance,2026-07-10T06:58:07.675573+00:00
2026-05-16 09:00:00+00:00,LINK-USD,15m,9.800999641418457,9.807000160217285,9.767000198364258,9.767000198364258,0,0,yfinance,2026-07-10T06:58:07.675573+00:00
2026-05-16 09:15:00+00:00,LINK-USD,15m,9.770000457763672,9.770000457763672,9.656999588012695,9.687000274658203,13306240,13306240,yfinance,2026-07-10T06:58:07.675573+00:00
2026-05-16 09:30:00+00:00,LINK-USD,15m,9.687999725341797,9.722000122070312,9.6850004196167,9.701000213623047,3211712,3211712,yfinance,2026-07-10T06:58:07.675573+00:00
2026-05-16 09:45:00+00:00,LINK-USD,15m,9.699999809265137,9.708999633789062,9.668999671936035,9.680999755859375,7672896,7672896,yfinance,2026-07-10T06:58:07.675573+00:00
2026-05-16 10:00:00+00:00,LINK-USD,15m,9.675999641418457,9.684000015258789,9.628000259399414,9.654000282287598,6681152,6681152,yfinance,2026-07-10T06:58:07.675573+00:00
2026-05-16 10:15:00+00:00,LINK-USD,15m,9.656000137329102,9.663000106811523,9.616999626159668,9.642000198364258,5286464,5286464,yfinance,2026-07-10T06:58:07.675573+00:00
2026-05-16 10:30:00+00:00,LINK-USD,15m,9.640000343322754,9.682999610900879,9.640000343322754,9.642000198364258,5281216,5281216,yfinance,2026-07-10T06:58:07.675573+00:00
2026-05-16 10:45:00+00:00,LINK-USD,15m,9.644000053405762,9.663000106811523,9.637999534606934,9.652999877929688,4156352,4156352,yfinance,2026-07-10T06:58:07.675573+00:00
2026-05-16 11:00:00+00:00,LINK-USD,15m,9.656000137329102,9.678999900817871,9.656000137329102,9.668000221252441,1172224,1172224,yfinance,2026-07-10T06:58:07.675573+00:00
2026-05-16 11:15:00+00:00,LINK-USD,15m,9.666999816894531,9.6850004196167,9.64900016784668,9.661999702453613,3297536,3297536,yfinance,2026-07-10T06:58:07.675573+00:00
2026-05-16 11:30:00+00:00,LINK-USD,15m,9.65999984741211,9.678999900817871,9.65999984741211,9.67199993133545,4232320,4232320,yfinance,2026-07-10T06:58:07.675573+00:00
2026-05-16 11:45:00+00:00,LINK-USD,15m,9.670000076293945,9.675000190734863,9.64799976348877,9.649999618530273,4160832,4160832,yfinance,2026-07-10T06:58:07.675573+00:00
2026-05-16 12:00:00+00:00,LINK-USD,15m,9.647000312805176,9.670999526977539,9.644000053405762,9.651000022888184,2608576,2608576,yfinance,2026-07-10T06:58:07.675573+00:00
2026-05-16 12:15:00+00:00,LINK-USD,15m,9.64900016784668,9.654999732971191,9.633999824523926,9.647000312805176,1652672,1652672,yfinance,2026-07-10T06:58:07.675573+00:00
2026-05-16 12:30:00+00:00,LINK-USD,15m,9.649999618530273,9.66100025177002,9.642999649047852,9.656000137329102,1861696,1861696,yfinance,2026-07-10T06:58:07.675573+00:00
2026-05-16 12:45:00+00:00,LINK-USD,15m,9.654999732971191,9.670000076293945,9.649999618530273,9.652999877929688,419456,419456,yfinance,2026-07-10T06:58:07.675573+00:00
2026-05-16 13:00:00+00:00,LINK-USD,15m,9.649999618530273,9.654000282287598,9.62600040435791,9.62600040435791,429440,429440,yfinance,2026-07-10T06:58:07.675573+00:00
2026-05-16 13:15:00+00:00,LINK-USD,15m,9.626999855041504,9.649999618530273,9.619999885559082,9.640999794006348,1332480,1332480,yfinance,2026-07-10T06:58:07.675573+00:00
2026-05-16 13:30:00+00:00,LINK-USD,15m,9.640000343322754,9.64799976348877,9.623000144958496,9.63599967956543,0,0,yfinance,2026-07-10T06:58:07.675573+00:00
2026-05-16 13:45:00+00:00,LINK-USD,15m,9.63700008392334,9.642000198364258,9.628999710083008,9.640999794006348,0,0,yfinance,2026-07-10T06:58:07.675573+00:00
2026-05-16 14:00:00+00:00,LINK-USD,15m,9.644000053405762,9.652999877929688,9.626999855041504,9.645999908447266,0,0,yfinance,2026-07-10T06:58:07.675573+00:00
2026-05-16 14:15:00+00:00,LINK-USD,15m,9.642999649047852,9.66100025177002,9.63700008392334,9.649999618530273,0,0,yfinance,2026-07-10T06:58:07.675573+00:00
2026-05-16 14:30:00+00:00,LINK-USD,15m,9.654000282287598,9.675999641418457,9.654000282287598,9.675999641418457,0,0,yfinance,2026-07-10T06:58:07.675573+00:00
2026-05-16 14:45:00+00:00,LINK-USD,15m,9.675000190734863,9.704999923706055,9.652999877929688,9.663000106811523,434048,434048,yfinance,2026-07-10T06:58:07.675573+00:00
2026-05-16 15:00:00+00:00,LINK-USD,15m,9.65999984741211,9.685999870300293,9.652999877929688,9.663000106811523,1007744,1007744,yfinance,2026-07-10T06:58:07.675573+00:00
2026-05-16 15:15:00+00:00,LINK-USD,15m,9.663000106811523,9.680999755859375,9.652999877929688,9.668999671936035,22208,22208,yfinance,2026-07-10T06:58:07.675573+00:00
2026-05-16 15:30:00+00:00,LINK-USD,15m,9.67300033569336,9.704000473022461,9.67300033569336,9.699999809265137,1172544,1172544,yfinance,2026-07-10T06:58:07.675573+00:00
2026-05-16 15:45:00+00:00,LINK-USD,15m,9.699000358581543,9.71399974822998,9.697999954223633,9.706000328063965,4534464,4534464,yfinance,2026-07-10T06:58:07.675573+00:00
2026-05-16 16:00:00+00:00,LINK-USD,15m,9.704000473022461,9.746999740600586,9.699999809265137,9.723999977111816,1809024,1809024,yfinance,2026-07-10T06:58:07.675573+00:00
2026-05-16 16:15:00+00:00,LINK-USD,15m,9.722000122070312,9.744000434875488,9.718000411987305,9.732999801635742,1160640,1160640,yfinance,2026-07-10T06:58:07.675573+00:00
2026-05-16 16:30:00+00:00,LINK-USD,15m,9.734000205993652,9.73799991607666,9.713000297546387,9.720000267028809,0,0,yfinance,2026-07-10T06:58:07.675573+00:00
2026-05-16 16:45:00+00:00,LINK-USD,15m,9.723999977111816,9.75100040435791,9.722000122070312,9.743000030517578,268928,268928,yfinance,2026-07-10T06:58:07.675573+00:00
2026-05-16 17:00:00+00:00,LINK-USD,15m,9.743000030517578,9.765000343322754,9.743000030517578,9.762999534606934,0,0,yfinance,2026-07-10T06:58:07.675573+00:00
2026-05-16 17:15:00+00:00,LINK-USD,15m,9.762999534606934,9.774999618530273,9.753000259399414,9.763999938964844,1194176,1194176,yfinance,2026-07-10T06:58:07.675573+00:00
2026-05-16 17:30:00+00:00,LINK-USD,15m,9.760000228881836,9.77400016784668,9.753999710083008,9.753999710083008,89984,89984,yfinance,2026-07-10T06:58:07.675573+00:00
2026-05-16 17:45:00+00:00,LINK-USD,15m,9.760000228881836,9.77400016784668,9.756999969482422,9.762999534606934,61696,61696,yfinance,2026-07-10T06:58:07.675573+00:00
2026-05-16 18:00:00+00:00,LINK-USD,15m,9.763999938964844,9.770999908447266,9.746000289916992,9.74899959564209,366464,366464,yfinance,2026-07-10T06:58:07.675573+00:00
2026-05-16 18:15:00+00:00,LINK-USD,15m,9.751999855041504,9.751999855041504,9.732999801635742,9.744000434875488,58944,58944,yfinance,2026-07-10T06:58:07.675573+00:00
2026-05-16 18:30:00+00:00,LINK-USD,15m,9.744000434875488,9.755000114440918,9.736000061035156,9.74899959564209,0,0,yfinance,2026-07-10T06:58:07.675573+00:00
2026-05-16 18:45:00+00:00,LINK-USD,15m,9.746999740600586,9.765000343322754,9.741999626159668,9.74899959564209,361600,361600,yfinance,2026-07-10T06:58:07.675573+00:00
2026-05-16 19:00:00+00:00,LINK-USD,15m,9.74899959564209,9.756999969482422,9.743000030517578,9.751999855041504,3022528,3022528,yfinance,2026-07-10T06:58:07.675573+00:00
2026-05-16 19:15:00+00:00,LINK-USD,15m,9.75100040435791,9.760000228881836,9.739999771118164,9.755999565124512,139200,139200,yfinance,2026-07-10T06:58:07.675573+00:00
2026-05-16 19:30:00+00:00,LINK-USD,15m,9.753000259399414,9.76099967956543,9.748000144958496,9.751999855041504,0,0,yfinance,2026-07-10T06:58:07.675573+00:00
2026-05-16 19:45:00+00:00,LINK-USD,15m,9.753999710083008,9.76200008392334,9.743000030517578,9.746000289916992,292032,292032,yfinance,2026-07-10T06:58:07.675573+00:00
2026-05-16 20:00:00+00:00,LINK-USD,15m,9.75100040435791,9.762999534606934,9.744999885559082,9.76099967956543,84416,84416,yfinance,2026-07-10T06:58:07.675573+00:00
2026-05-16 20:15:00+00:00,LINK-USD,15m,9.763999938964844,9.769000053405762,9.76099967956543,9.76099967956543,0,0,yfinance,2026-07-10T06:58:07.675573+00:00
2026-05-16 20:30:00+00:00,LINK-USD,15m,9.76099967956543,9.76099967956543,9.734999656677246,9.739999771118164,0,0,yfinance,2026-07-10T06:58:07.675573+00:00
2026-05-16 20:45:00+00:00,LINK-USD,15m,9.741000175476074,9.744000434875488,9.736000061035156,9.741000175476074,0,0,yfinance,2026-07-10T06:58:07.675573+00:00
2026-05-16 21:00:00+00:00,LINK-USD,15m,9.736000061035156,9.755000114440918,9.736000061035156,9.755000114440918,464000,464000,yfinance,2026-07-10T06:58:07.675573+00:00
2026-05-16 21:15:00+00:00,LINK-USD,15m,9.753999710083008,9.755000114440918,9.737000465393066,9.739999771118164,322560,322560,yfinance,2026-07-10T06:58:07.675573+00:00
2026-05-16 21:30:00+00:00,LINK-USD,15m,9.741999626159668,9.746999740600586,9.732999801635742,9.739999771118164,49920,49920,yfinance,2026-07-10T06:58:07.675573+00:00
2026-05-16 21:45:00+00:00,LINK-USD,15m,9.743000030517578,9.758999824523926,9.741999626159668,9.755000114440918,304640,304640,yfinance,2026-07-10T06:58:07.675573+00:00
2026-05-16 22:00:00+00:00,LINK-USD,15m,9.75100040435791,9.758000373840332,9.715999603271484,9.732000350952148,6906304,6906304,yfinance,2026-07-10T06:58:07.675573+00:00
2026-05-16 22:15:00+00:00,LINK-USD,15m,9.732000350952148,9.73799991607666,9.730999946594238,9.732999801635742,1361408,1361408,yfinance,2026-07-10T06:58:07.675573+00:00
2026-05-16 22:30:00+00:00,LINK-USD,15m,9.732999801635742,9.734999656677246,9.72599983215332,9.729000091552734,0,0,yfinance,2026-07-10T06:58:07.675573+00:00
2026-05-16 22:45:00+00:00,LINK-USD,15m,9.729999542236328,9.729999542236328,9.71399974822998,9.71399974822998,0,0,yfinance,2026-07-10T06:58:07.675573+00:00
2026-05-16 23:00:00+00:00,LINK-USD,15m,9.713000297546387,9.715999603271484,9.704000473022461,9.710000038146973,599488,599488,yfinance,2026-07-10T06:58:07.675573+00:00
2026-05-16 23:15:00+00:00,LINK-USD,15m,9.710000038146973,9.727999687194824,9.710000038146973,9.720999717712402,484224,484224,yfinance,2026-07-10T06:58:07.675573+00:00
2026-05-16 23:30:00+00:00,LINK-USD,15m,9.722000122070312,9.729000091552734,9.718999862670898,9.722999572753906,163456,163456,yfinance,2026-07-10T06:58:07.675573+00:00
2026-05-16 23:45:00+00:00,LINK-USD,15m,9.727999687194824,9.732000350952148,9.713000297546387,9.713000297546387,409600,409600,yfinance,2026-07-10T06:58:07.675573+00:00
2026-05-17 00:00:00+00:00,LINK-USD,15m,9.71399974822998,9.729999542236328,9.71399974822998,9.71500015258789,0,0,yfinance,2026-07-10T06:58:07.675573+00:00
2026-05-17 00:15:00+00:00,LINK-USD,15m,9.717000007629395,9.722999572753906,9.706000328063965,9.713000297546387,1474304,1474304,yfinance,2026-07-10T06:58:07.675573+00:00
2026-05-17 00:30:00+00:00,LINK-USD,15m,9.711000442504883,9.722000122070312,9.699000358581543,9.701000213623047,127808,127808,yfinance,2026-07-10T06:58:07.675573+00:00
2026-05-17 00:45:00+00:00,LINK-USD,15m,9.70300006866455,9.708999633789062,9.656999588012695,9.670999526977539,1196544,1196544,yfinance,2026-07-10T06:58:07.675573+00:00
2026-05-17 01:00:00+00:00,LINK-USD,15m,9.673999786376953,9.704000473022461,9.652000427246094,9.692999839782715,2333824,2333824,yfinance,2026-07-10T06:58:07.675573+00:00
2026-05-17 01:15:00+00:00,LINK-USD,15m,9.690999984741211,9.690999984741211,9.654000282287598,9.666000366210938,519936,519936,yfinance,2026-07-10T06:58:07.675573+00:00
2026-05-17 01:30:00+00:00,LINK-USD,15m,9.663999557495117,9.668999671936035,9.630000114440918,9.644000053405762,3547520,3547520,yfinance,2026-07-10T06:58:07.675573+00:00
2026-05-17 01:45:00+00:00,LINK-USD,15m,9.642000198364258,9.659000396728516,9.626999855041504,9.628000259399414,1432768,1432768,yfinance,2026-07-10T06:58:07.675573+00:00
2026-05-17 02:00:00+00:00,LINK-USD,15m,9.630000114440918,9.663999557495117,9.630000114440918,9.652999877929688,589504,589504,yfinance,2026-07-10T06:58:07.675573+00:00
2026-05-17 02:15:00+00:00,LINK-USD,15m,9.652999877929688,9.664999961853027,9.647000312805176,9.657999992370605,321280,321280,yfinance,2026-07-10T06:58:07.675573+00:00
2026-05-17 02:30:00+00:00,LINK-USD,15m,9.659000396728516,9.663000106811523,9.645000457763672,9.651000022888184,596096,596096,yfinance,2026-07-10T06:58:07.675573+00:00
2026-05-17 02:45:00+00:00,LINK-USD,15m,9.649999618530273,9.654000282287598,9.631999969482422,9.642999649047852,1741376,1741376,yfinance,2026-07-10T06:58:07.675573+00:00
2026-05-17 03:00:00+00:00,LINK-USD,15m,9.642999649047852,9.67300033569336,9.642999649047852,9.67300033569336,1256320,1256320,yfinance,2026-07-10T06:58:07.675573+00:00
2026-05-17 03:15:00+00:00,LINK-USD,15m,9.67300033569336,9.680999755859375,9.670000076293945,9.678000450134277,1688000,1688000,yfinance,2026-07-10T06:58:07.675573+00:00
2026-05-17 03:30:00+00:00,LINK-USD,15m,9.677000045776367,9.711999893188477,9.675000190734863,9.70300006866455,475776,475776,yfinance,2026-07-10T06:58:07.675573+00:00
2026-05-17 03:45:00+00:00,LINK-USD,15m,9.70300006866455,9.729000091552734,9.70300006866455,9.720999717712402,594432,594432,yfinance,2026-07-10T06:58:07.675573+00:00
2026-05-17 04:00:00+00:00,LINK-USD,15m,9.718000411987305,9.74899959564209,9.715999603271484,9.744000434875488,4059776,4059776,yfinance,2026-07-10T06:58:07.675573+00:00
2026-05-17 04:15:00+00:00,LINK-USD,15m,9.744000434875488,9.782999992370605,9.744000434875488,9.76200008392334,1601280,1601280,yfinance,2026-07-10T06:58:07.675573+00:00
2026-05-17 04:30:00+00:00,LINK-USD,15m,9.762999534606934,9.781999588012695,9.751999855041504,9.776000022888184,408704,408704,yfinance,2026-07-10T06:58:07.675573+00:00
2026-05-17 04:45:00+00:00,LINK-USD,15m,9.77400016784668,9.779000282287598,9.762999534606934,9.765999794006348,385728,385728,yfinance,2026-07-10T06:58:07.675573+00:00
2026-05-17 05:00:00+00:00,LINK-USD,15m,9.762999534606934,9.821000099182129,9.762999534606934,9.79800033569336,1703424,1703424,yfinance,2026-07-10T06:58:07.675573+00:00
2026-05-17 05:15:00+00:00,LINK-USD,15m,9.79699993133545,9.802000045776367,9.781000137329102,9.781999588012695,186560,186560,yfinance,2026-07-10T06:58:07.675573+00:00
2026-05-17 05:30:00+00:00,LINK-USD,15m,9.781999588012695,9.784000396728516,9.765999794006348,9.77299976348877,0,0,yfinance,2026-07-10T06:58:07.675573+00:00
2026-05-17 05:45:00+00:00,LINK-USD,15m,9.777000427246094,9.784000396728516,9.765999794006348,9.765999794006348,0,0,yfinance,2026-07-10T06:58:07.675573+00:00
2026-05-17 06:00:00+00:00,LINK-USD,15m,9.765999794006348,9.781000137329102,9.765999794006348,9.777000427246094,0,0,yfinance,2026-07-10T06:58:07.675573+00:00
2026-05-17 06:15:00+00:00,LINK-USD,15m,9.777000427246094,9.779999732971191,9.743000030517578,9.753999710083008,0,0,yfinance,2026-07-10T06:58:07.675573+00:00
2026-05-17 06:30:00+00:00,LINK-USD,15m,9.755999565124512,9.763999938964844,9.746999740600586,9.748000144958496,158656,158656,yfinance,2026-07-10T06:58:07.675573+00:00
2026-05-17 06:45:00+00:00,LINK-USD,15m,9.748000144958496,9.767999649047852,9.748000144958496,9.767999649047852,0,0,yfinance,2026-07-10T06:58:07.675573+00:00
2026-05-17 07:00:00+00:00,LINK-USD,15m,9.770999908447266,9.774999618530273,9.758999824523926,9.763999938964844,0,0,yfinance,2026-07-10T06:58:07.675573+00:00
2026-05-17 07:15:00+00:00,LINK-USD,15m,9.76099967956543,9.788000106811523,9.755999565124512,9.779999732971191,0,0,yfinance,2026-07-10T06:58:07.675573+00:00
2026-05-17 07:30:00+00:00,LINK-USD,15m,9.777999877929688,9.802000045776367,9.77299976348877,9.781000137329102,0,0,yfinance,2026-07-10T06:58:07.675573+00:00
2026-05-17 07:45:00+00:00,LINK-USD,15m,9.781999588012695,9.78499984741211,9.765999794006348,9.77299976348877,0,0,yfinance,2026-07-10T06:58:07.675573+00:00
2026-05-17 08:00:00+00:00,LINK-USD,15m,9.774999618530273,9.777999877929688,9.76200008392334,9.76200008392334,0,0,yfinance,2026-07-10T06:58:07.675573+00:00
2026-05-17 08:15:00+00:00,LINK-USD,15m,9.760000228881836,9.762999534606934,9.75,9.755999565124512,843168,843168,yfinance,2026-07-10T06:58:07.675573+00:00
2026-05-17 08:30:00+00:00,LINK-USD,15m,9.755999565124512,9.767999649047852,9.75100040435791,9.755999565124512,0,0,yfinance,2026-07-10T06:58:07.675573+00:00
2026-05-17 08:45:00+00:00,LINK-USD,15m,9.756999969482422,9.756999969482422,9.75100040435791,9.753999710083008,54336,54336,yfinance,2026-07-10T06:58:07.675573+00:00
2026-05-17 09:00:00+00:00,LINK-USD,15m,9.753000259399414,9.76200008392334,9.746000289916992,9.760000228881836,442496,442496,yfinance,2026-07-10T06:58:07.675573+00:00
2026-05-17 09:15:00+00:00,LINK-USD,15m,9.758999824523926,9.781999588012695,9.758999824523926,9.777000427246094,0,0,yfinance,2026-07-10T06:58:07.675573+00:00
2026-05-17 09:30:00+00:00,LINK-USD,15m,9.77400016784668,9.77400016784668,9.76200008392334,9.767999649047852,0,0,yfinance,2026-07-10T06:58:07.675573+00:00
2026-05-17 09:45:00+00:00,LINK-USD,15m,9.765999794006348,9.793000221252441,9.765999794006348,9.78499984741211,0,0,yfinance,2026-07-10T06:58:07.675573+00:00
2026-05-17 10:00:00+00:00,LINK-USD,15m,9.786999702453613,9.842000007629395,9.786999702453613,9.82699966430664,1795456,1795456,yfinance,2026-07-10T06:58:07.675573+00:00
2026-05-17 10:15:00+00:00,LINK-USD,15m,9.829999923706055,9.847000122070312,9.821999549865723,9.833999633789062,0,0,yfinance,2026-07-10T06:58:07.675573+00:00
2026-05-17 10:30:00+00:00,LINK-USD,15m,9.833999633789062,9.835000038146973,9.817999839782715,9.819999694824219,0,0,yfinance,2026-07-10T06:58:07.675573+00:00
2026-05-17 10:45:00+00:00,LINK-USD,15m,9.819999694824219,9.822999954223633,9.79699993133545,9.805999755859375,0,0,yfinance,2026-07-10T06:58:07.675573+00:00
2026-05-17 11:00:00+00:00,LINK-USD,15m,9.805999755859375,9.807999610900879,9.777000427246094,9.782999992370605,0,0,yfinance,2026-07-10T06:58:07.675573+00:00
2026-05-17 11:15:00+00:00,LINK-USD,15m,9.782999992370605,9.78600025177002,9.772000312805176,9.77299976348877,0,0,yfinance,2026-07-10T06:58:07.675573+00:00
2026-05-17 11:30:00+00:00,LINK-USD,15m,9.77299976348877,9.79800033569336,9.765000343322754,9.795000076293945,0,0,yfinance,2026-07-10T06:58:07.675573+00:00
2026-05-17 11:45:00+00:00,LINK-USD,15m,9.795000076293945,9.800000190734863,9.788000106811523,9.789999961853027,0,0,yfinance,2026-07-10T06:58:07.675573+00:00
2026-05-17 12:00:00+00:00,LINK-USD,15m,9.791000366210938,9.824000358581543,9.791000366210938,9.8149995803833,0,0,yfinance,2026-07-10T06:58:07.675573+00:00
2026-05-17 12:15:00+00:00,LINK-USD,15m,9.821999549865723,9.838000297546387,9.819000244140625,9.821999549865723,386432,386432,yfinance,2026-07-10T06:58:07.675573+00:00
2026-05-17 12:30:00+00:00,LINK-USD,15m,9.821999549865723,9.836000442504883,9.800999641418457,9.802000045776367,0,0,yfinance,2026-07-10T06:58:07.675573+00:00
2026-05-17 12:45:00+00:00,LINK-USD,15m,9.802000045776367,9.807999610900879,9.75100040435791,9.763999938964844,353696,353696,yfinance,2026-07-10T06:58:07.675573+00:00
2026-05-17 13:00:00+00:00,LINK-USD,15m,9.76200008392334,9.79800033569336,9.727999687194824,9.772000312805176,3792640,3792640,yfinance,2026-07-10T06:58:07.675573+00:00
2026-05-17 13:15:00+00:00,LINK-USD,15m,9.767000198364258,9.784000396728516,9.753999710083008,9.784000396728516,600032,600032,yfinance,2026-07-10T06:58:07.675573+00:00
2026-05-17 13:30:00+00:00,LINK-USD,15m,9.78499984741211,9.803000450134277,9.781000137329102,9.793000221252441,0,0,yfinance,2026-07-10T06:58:07.675573+00:00
2026-05-17 13:45:00+00:00,LINK-USD,15m,9.791999816894531,9.817999839782715,9.791999816894531,9.803000450134277,1932448,1932448,yfinance,2026-07-10T06:58:07.675573+00:00
2026-05-17 14:00:00+00:00,LINK-USD,15m,9.805000305175781,9.805000305175781,9.706999778747559,9.708000183105469,7106368,7106368,yfinance,2026-07-10T06:58:07.675573+00:00
2026-05-17 14:15:00+00:00,LINK-USD,15m,9.710000038146973,9.743000030517578,9.652999877929688,9.732999801635742,10138016,10138016,yfinance,2026-07-10T06:58:07.675573+00:00
2026-05-17 14:30:00+00:00,LINK-USD,15m,9.730999946594238,9.741999626159668,9.699000358581543,9.717000007629395,73856,73856,yfinance,2026-07-10T06:58:07.675573+00:00
2026-05-17 14:45:00+00:00,LINK-USD,15m,9.720000267028809,9.73900032043457,9.715999603271484,9.720999717712402,0,0,yfinance,2026-07-10T06:58:07.675573+00:00
2026-05-17 15:00:00+00:00,LINK-USD,15m,9.71399974822998,9.734999656677246,9.706999778747559,9.718999862670898,0,0,yfinance,2026-07-10T06:58:07.675573+00:00
2026-05-17 15:15:00+00:00,LINK-USD,15m,9.71399974822998,9.71399974822998,9.682999610900879,9.701000213623047,0,0,yfinance,2026-07-10T06:58:07.675573+00:00
2026-05-17 15:30:00+00:00,LINK-USD,15m,9.701000213623047,9.715999603271484,9.694000244140625,9.70199966430664,0,0,yfinance,2026-07-10T06:58:07.675573+00:00
2026-05-17 15:45:00+00:00,LINK-USD,15m,9.699000358581543,9.71399974822998,9.699000358581543,9.711999893188477,171232,171232,yfinance,2026-07-10T06:58:07.675573+00:00
2026-05-17 16:00:00+00:00,LINK-USD,15m,9.711000442504883,9.729000091552734,9.708000183105469,9.713000297546387,0,0,yfinance,2026-07-10T06:58:07.675573+00:00
2026-05-17 16:15:00+00:00,LINK-USD,15m,9.713000297546387,9.730999946594238,9.708000183105469,9.727999687194824,0,0,yfinance,2026-07-10T06:58:07.675573+00:00
2026-05-17 16:30:00+00:00,LINK-USD,15m,9.727999687194824,9.732999801635742,9.71500015258789,9.720000267028809,416576,416576,yfinance,2026-07-10T06:58:07.675573+00:00
2026-05-17 16:45:00+00:00,LINK-USD,15m,9.720000267028809,9.720000267028809,9.682999610900879,9.689000129699707,724672,724672,yfinance,2026-07-10T06:58:07.675573+00:00
2026-05-17 17:00:00+00:00,LINK-USD,15m,9.692000389099121,9.699999809265137,9.661999702453613,9.663999557495117,334816,334816,yfinance,2026-07-10T06:58:07.675573+00:00
2026-05-17 17:15:00+00:00,LINK-USD,15m,9.661999702453613,9.675999641418457,9.651000022888184,9.668000221252441,2596096,2596096,yfinance,2026-07-10T06:58:07.675573+00:00
2026-05-17 17:30:00+00:00,LINK-USD,15m,9.673999786376953,9.678000450134277,9.64900016784668,9.678000450134277,860544,860544,yfinance,2026-07-10T06:58:07.675573+00:00
2026-05-17 17:45:00+00:00,LINK-USD,15m,9.678000450134277,9.690999984741211,9.67199993133545,9.687999725341797,292384,292384,yfinance,2026-07-10T06:58:07.675573+00:00
2026-05-17 18:00:00+00:00,LINK-USD,15m,9.684000015258789,9.711999893188477,9.682999610900879,9.6899995803833,113152,113152,yfinance,2026-07-10T06:58:07.675573+00:00
2026-05-17 18:15:00+00:00,LINK-USD,15m,9.687000274658203,9.690999984741211,9.66100025177002,9.6850004196167,382784,382784,yfinance,2026-07-10T06:58:07.675573+00:00
2026-05-17 18:30:00+00:00,LINK-USD,15m,9.689000129699707,9.696000099182129,9.680000305175781,9.682999610900879,344960,344960,yfinance,2026-07-10T06:58:07.675573+00:00
2026-05-17 18:45:00+00:00,LINK-USD,15m,9.680999755859375,9.720000267028809,9.678999900817871,9.720000267028809,10560,10560,yfinance,2026-07-10T06:58:07.675573+00:00
2026-05-17 19:00:00+00:00,LINK-USD,15m,9.717000007629395,9.736000061035156,9.717000007629395,9.72599983215332,147648,147648,yfinance,2026-07-10T06:58:07.675573+00:00
2026-05-17 19:15:00+00:00,LINK-USD,15m,9.725000381469727,9.739999771118164,9.718000411987305,9.727999687194824,104992,104992,yfinance,2026-07-10T06:58:07.675573+00:00
2026-05-17 19:30:00+00:00,LINK-USD,15m,9.727999687194824,9.753000259399414,9.722000122070312,9.751999855041504,421504,421504,yfinance,2026-07-10T06:58:07.675573+00:00
2026-05-17 19:45:00+00:00,LINK-USD,15m,9.753999710083008,9.763999938964844,9.743000030517578,9.74899959564209,697504,697504,yfinance,2026-07-10T06:58:07.675573+00:00
2026-05-17 20:00:00+00:00,LINK-USD,15m,9.75,9.756999969482422,9.718000411987305,9.727999687194824,217056,217056,yfinance,2026-07-10T06:58:07.675573+00:00
2026-05-17 20:15:00+00:00,LINK-USD,15m,9.72700023651123,9.730999946594238,9.710000038146973,9.722999572753906,352480,352480,yfinance,2026-07-10T06:58:07.675573+00:00
2026-05-17 20:30:00+00:00,LINK-USD,15m,9.722999572753906,9.739999771118164,9.720000267028809,9.727999687194824,0,0,yfinance,2026-07-10T06:58:07.675573+00:00
2026-05-17 20:45:00+00:00,LINK-USD,15m,9.72700023651123,9.734999656677246,9.72599983215332,9.732000350952148,149152,149152,yfinance,2026-07-10T06:58:07.675573+00:00
2026-05-17 21:00:00+00:00,LINK-USD,15m,9.72700023651123,9.73900032043457,9.722000122070312,9.736000061035156,0,0,yfinance,2026-07-10T06:58:07.675573+00:00
2026-05-17 21:15:00+00:00,LINK-USD,15m,9.72700023651123,9.770999908447266,9.72700023651123,9.76200008392334,4442080,4442080,yfinance,2026-07-10T06:58:07.675573+00:00
2026-05-17 21:30:00+00:00,LINK-USD,15m,9.762999534606934,9.77299976348877,9.74899959564209,9.751999855041504,545568,545568,yfinance,2026-07-10T06:58:07.675573+00:00
2026-05-17 21:45:00+00:00,LINK-USD,15m,9.755000114440918,9.765999794006348,9.75100040435791,9.753000259399414,1049696,1049696,yfinance,2026-07-10T06:58:07.675573+00:00
2026-05-17 22:00:00+00:00,LINK-USD,15m,9.748000144958496,9.755000114440918,9.685999870300293,9.704999923706055,1851520,1851520,yfinance,2026-07-10T06:58:07.675573+00:00
2026-05-17 22:15:00+00:00,LINK-USD,15m,9.706000328063965,9.71399974822998,9.675999641418457,9.692999839782715,1001312,1001312,yfinance,2026-07-10T06:58:07.675573+00:00
2026-05-17 22:30:00+00:00,LINK-USD,15m,9.692000389099121,9.711999893188477,9.678000450134277,9.70199966430664,2530880,2530880,yfinance,2026-07-10T06:58:07.675573+00:00
2026-05-17 22:45:00+00:00,LINK-USD,15m,9.694000244140625,9.696000099182129,9.66100025177002,9.689000129699707,1102592,1102592,yfinance,2026-07-10T06:58:07.675573+00:00
2026-05-17 23:00:00+00:00,LINK-USD,15m,9.680000305175781,9.685999870300293,9.656000137329102,9.664999961853027,469984,469984,yfinance,2026-07-10T06:58:07.675573+00:00
2026-05-17 23:15:00+00:00,LINK-USD,15m,9.666000366210938,9.666000366210938,9.62399959564209,9.640999794006348,2157536,2157536,yfinance,2026-07-10T06:58:07.675573+00:00
2026-05-17 23:30:00+00:00,LINK-USD,15m,9.628000259399414,9.64799976348877,9.352999687194824,9.470999717712402,17641824,17641824,yfinance,2026-07-10T06:58:07.675573+00:00
2026-05-17 23:45:00+00:00,LINK-USD,15m,9.460000038146973,9.567000389099121,9.458000183105469,9.5600004196167,26008064,26008064,yfinance,2026-07-10T06:58:07.675573+00:00
2026-05-18 00:00:00+00:00,LINK-USD,15m,9.5600004196167,9.5600004196167,9.454000473022461,9.494999885559082,3114624,3114624,yfinance,2026-07-10T06:58:07.675573+00:00
2026-05-18 00:15:00+00:00,LINK-USD,15m,9.498000144958496,9.52400016784668,9.479999542236328,9.48799991607666,3903616,3903616,yfinance,2026-07-10T06:58:07.675573+00:00
2026-05-18 00:30:00+00:00,LINK-USD,15m,9.482000350952148,9.501999855041504,9.456000328063965,9.480999946594238,3349760,3349760,yfinance,2026-07-10T06:58:07.675573+00:00
2026-05-18 00:45:00+00:00,LINK-USD,15m,9.477999687194824,9.51099967956543,9.468000411987305,9.51099967956543,1571008,1571008,yfinance,2026-07-10T06:58:07.675573+00:00
2026-05-18 01:00:00+00:00,LINK-USD,15m,9.508999824523926,9.53499984741211,9.498000144958496,9.5,633536,633536,yfinance,2026-07-10T06:58:07.675573+00:00
2026-05-18 01:15:00+00:00,LINK-USD,15m,9.496999740600586,9.50100040435791,9.454000473022461,9.468000411987305,2836544,2836544,yfinance,2026-07-10T06:58:07.675573+00:00
2026-05-18 01:30:00+00:00,LINK-USD,15m,9.461999893188477,9.48799991607666,9.460000038146973,9.470999717712402,420992,420992,yfinance,2026-07-10T06:58:07.675573+00:00
2026-05-18 01:45:00+00:00,LINK-USD,15m,9.463000297546387,9.529999732971191,9.45199966430664,9.52299976348877,1340160,1340160,yfinance,2026-07-10T06:58:07.675573+00:00
2026-05-18 02:00:00+00:00,LINK-USD,15m,9.519000053405762,9.572999954223633,9.505999565124512,9.572999954223633,2438720,2438720,yfinance,2026-07-10T06:58:07.675573+00:00
2026-05-18 02:15:00+00:00,LINK-USD,15m,9.576000213623047,9.576000213623047,9.539999961853027,9.552000045776367,1736704,1736704,yfinance,2026-07-10T06:58:07.675573+00:00
2026-05-18 02:30:00+00:00,LINK-USD,15m,9.548999786376953,9.553000450134277,9.527000427246094,9.541999816894531,60416,60416,yfinance,2026-07-10T06:58:07.675573+00:00
2026-05-18 02:45:00+00:00,LINK-USD,15m,9.541999816894531,9.555000305175781,9.519000053405762,9.53600025177002,184832,184832,yfinance,2026-07-10T06:58:07.675573+00:00
2026-05-18 03:00:00+00:00,LINK-USD,15m,9.534000396728516,9.574000358581543,9.534000396728516,9.53600025177002,1915200,1915200,yfinance,2026-07-10T06:58:07.675573+00:00
2026-05-18 03:15:00+00:00,LINK-USD,15m,9.538000106811523,9.545000076293945,9.513999938964844,9.527999877929688,372160,372160,yfinance,2026-07-10T06:58:07.675573+00:00
2026-05-18 03:30:00+00:00,LINK-USD,15m,9.527000427246094,9.527999877929688,9.494999885559082,9.527000427246094,448832,448832,yfinance,2026-07-10T06:58:07.675573+00:00
2026-05-18 03:45:00+00:00,LINK-USD,15m,9.527000427246094,9.529999732971191,9.498000144958496,9.506999969482422,597376,597376,yfinance,2026-07-10T06:58:07.675573+00:00
2026-05-18 04:00:00+00:00,LINK-USD,15m,9.505999565124512,9.539999961853027,9.505999565124512,9.536999702453613,472064,472064,yfinance,2026-07-10T06:58:07.675573+00:00
2026-05-18 04:15:00+00:00,LINK-USD,15m,9.534000396728516,9.536999702453613,9.487000465393066,9.503000259399414,1143296,1143296,yfinance,2026-07-10T06:58:07.675573+00:00
2026-05-18 04:30:00+00:00,LINK-USD,15m,9.503000259399414,9.557000160217285,9.494999885559082,9.54800033569336,422528,422528,yfinance,2026-07-10T06:58:07.675573+00:00
2026-05-18 04:45:00+00:00,LINK-USD,15m,9.548999786376953,9.567999839782715,9.534000396728516,9.562000274658203,933376,933376,yfinance,2026-07-10T06:58:07.675573+00:00
2026-05-18 05:00:00+00:00,LINK-USD,15m,9.5649995803833,9.569000244140625,9.541000366210938,9.545999526977539,379904,379904,yfinance,2026-07-10T06:58:07.675573+00:00
2026-05-18 05:15:00+00:00,LINK-USD,15m,9.543000221252441,9.543000221252441,9.520999908447266,9.539999961853027,93376,93376,yfinance,2026-07-10T06:58:07.675573+00:00
2026-05-18 05:30:00+00:00,LINK-USD,15m,9.543000221252441,9.545999526977539,9.505999565124512,9.51099967956543,981312,981312,yfinance,2026-07-10T06:58:07.675573+00:00
2026-05-18 05:45:00+00:00,LINK-USD,15m,9.506999969482422,9.52400016784668,9.501999855041504,9.508999824523926,682944,682944,yfinance,2026-07-10T06:58:07.675573+00:00
2026-05-18 06:00:00+00:00,LINK-USD,15m,9.508999824523926,9.527000427246094,9.444999694824219,9.480999946594238,8261376,8261376,yfinance,2026-07-10T06:58:07.675573+00:00
2026-05-18 06:15:00+00:00,LINK-USD,15m,9.482000350952148,9.505000114440918,9.428999900817871,9.45199966430664,2546496,2546496,yfinance,2026-07-10T06:58:07.675573+00:00
2026-05-18 06:30:00+00:00,LINK-USD,15m,9.451000213623047,9.467000007629395,9.432000160217285,9.461999893188477,2244288,2244288,yfinance,2026-07-10T06:58:07.675573+00:00
2026-05-18 06:45:00+00:00,LINK-USD,15m,9.465999603271484,9.48799991607666,9.461999893188477,9.468000411987305,1089856,1089856,yfinance,2026-07-10T06:58:07.675573+00:00
2026-05-18 07:00:00+00:00,LINK-USD,15m,9.468000411987305,9.489999771118164,9.440999984741211,9.456000328063965,2434880,2434880,yfinance,2026-07-10T06:58:07.675573+00:00
2026-05-18 07:15:00+00:00,LINK-USD,15m,9.45300006866455,9.482999801635742,9.418000221252441,9.468999862670898,2392128,2392128,yfinance,2026-07-10T06:58:07.675573+00:00
2026-05-18 07:30:00+00:00,LINK-USD,15m,9.470999717712402,9.484999656677246,9.430000305175781,9.432000160217285,987968,987968,yfinance,2026-07-10T06:58:07.675573+00:00
2026-05-18 07:45:00+00:00,LINK-USD,15m,9.432000160217285,9.470000267028809,9.432000160217285,9.468000411987305,2240960,2240960,yfinance,2026-07-10T06:58:07.675573+00:00
2026-05-18 08:00:00+00:00,LINK-USD,15m,9.472999572753906,9.491000175476074,9.46500015258789,9.472000122070312,1119680,1119680,yfinance,2026-07-10T06:58:07.675573+00:00
2026-05-18 08:15:00+00:00,LINK-USD,15m,9.472000122070312,9.479999542236328,9.463000297546387,9.463000297546387,0,0,yfinance,2026-07-10T06:58:07.675573+00:00
2026-05-18 08:30:00+00:00,LINK-USD,15m,9.461000442504883,9.461999893188477,9.440999984741211,9.444000244140625,1990912,1990912,yfinance,2026-07-10T06:58:07.675573+00:00
2026-05-18 08:45:00+00:00,LINK-USD,15m,9.444000244140625,9.473999977111816,9.4399995803833,9.470999717712402,142272,142272,yfinance,2026-07-10T06:58:07.675573+00:00
2026-05-18 09:00:00+00:00,LINK-USD,15m,9.473999977111816,9.473999977111816,9.437000274658203,9.449000358581543,1665088,1665088,yfinance,2026-07-10T06:58:07.675573+00:00
2026-05-18 09:15:00+00:00,LINK-USD,15m,9.446999549865723,9.460000038146973,9.444000244140625,9.449999809265137,2103040,2103040,yfinance,2026-07-10T06:58:07.675573+00:00
2026-05-18 09:30:00+00:00,LINK-USD,15m,9.449000358581543,9.460000038146973,9.437000274658203,9.446999549865723,413312,413312,yfinance,2026-07-10T06:58:07.675573+00:00
2026-05-18 09:45:00+00:00,LINK-USD,15m,9.447999954223633,9.461000442504883,9.432999610900879,9.432999610900879,205888,205888,yfinance,2026-07-10T06:58:07.675573+00:00
2026-05-18 10:00:00+00:00,LINK-USD,15m,9.437999725341797,9.437999725341797,9.402000427246094,9.414999961853027,4736576,4736576,yfinance,2026-07-10T06:58:07.675573+00:00
2026-05-18 10:15:00+00:00,LINK-USD,15m,9.413999557495117,9.425999641418457,9.401000022888184,9.418000221252441,0,0,yfinance,2026-07-10T06:58:07.675573+00:00
2026-05-18 10:30:00+00:00,LINK-USD,15m,9.418999671936035,9.425000190734863,9.399999618530273,9.406000137329102,626304,626304,yfinance,2026-07-10T06:58:07.675573+00:00
2026-05-18 10:45:00+00:00,LINK-USD,15m,9.40999984741211,9.428999900817871,9.402000427246094,9.402000427246094,639680,639680,yfinance,2026-07-10T06:58:07.675573+00:00
2026-05-18 11:00:00+00:00,LINK-USD,15m,9.406000137329102,9.418999671936035,9.39799976348877,9.418000221252441,936960,936960,yfinance,2026-07-10T06:58:07.675573+00:00
2026-05-18 11:15:00+00:00,LINK-USD,15m,9.418000221252441,9.435999870300293,9.414999961853027,9.427000045776367,1296512,1296512,yfinance,2026-07-10T06:58:07.675573+00:00
2026-05-18 11:30:00+00:00,LINK-USD,15m,9.428000450134277,9.5600004196167,9.416000366210938,9.545999526977539,2804352,2804352,yfinance,2026-07-10T06:58:07.675573+00:00
2026-05-18 11:45:00+00:00,LINK-USD,15m,9.541999816894531,9.541999816894531,9.505000114440918,9.508999824523926,2771264,2771264,yfinance,2026-07-10T06:58:07.675573+00:00
2026-05-18 12:00:00+00:00,LINK-USD,15m,9.51200008392334,9.555999755859375,9.51200008392334,9.538999557495117,1795328,1795328,yfinance,2026-07-10T06:58:07.675573+00:00
2026-05-18 12:15:00+00:00,LINK-USD,15m,9.541999816894531,9.571999549865723,9.529000282287598,9.536999702453613,7522816,7522816,yfinance,2026-07-10T06:58:07.675573+00:00
2026-05-18 12:30:00+00:00,LINK-USD,15m,9.53600025177002,9.597000122070312,9.527000427246094,9.592000007629395,2530176,2530176,yfinance,2026-07-10T06:58:07.675573+00:00
2026-05-18 12:45:00+00:00,LINK-USD,15m,9.598999977111816,9.60200023651123,9.5649995803833,9.572999954223633,1899008,1899008,yfinance,2026-07-10T06:58:07.675573+00:00
2026-05-18 13:00:00+00:00,LINK-USD,15m,9.571999549865723,9.572999954223633,9.531999588012695,9.54800033569336,0,0,yfinance,2026-07-10T06:58:07.675573+00:00
2026-05-18 13:15:00+00:00,LINK-USD,15m,9.54699993133545,9.54699993133545,9.517000198364258,9.517000198364258,423680,423680,yfinance,2026-07-10T06:58:07.675573+00:00
2026-05-18 13:30:00+00:00,LINK-USD,15m,9.512999534606934,9.512999534606934,9.444999694824219,9.458999633789062,2940992,2940992,yfinance,2026-07-10T06:58:07.675573+00:00
2026-05-18 13:45:00+00:00,LINK-USD,15m,9.454999923706055,9.513999938964844,9.446000099182129,9.482000350952148,1978944,1978944,yfinance,2026-07-10T06:58:07.675573+00:00
2026-05-18 14:00:00+00:00,LINK-USD,15m,9.479000091552734,9.479999542236328,9.428000450134277,9.442999839782715,0,0,yfinance,2026-07-10T06:58:07.675573+00:00
2026-05-18 14:15:00+00:00,LINK-USD,15m,9.444000244140625,9.458999633789062,9.404000282287598,9.428999900817871,157568,157568,yfinance,2026-07-10T06:58:07.675573+00:00
2026-05-18 14:30:00+00:00,LINK-USD,15m,9.437999725341797,9.440999984741211,9.37600040435791,9.41100025177002,5887360,5887360,yfinance,2026-07-10T06:58:07.675573+00:00
2026-05-18 14:45:00+00:00,LINK-USD,15m,9.41100025177002,9.416000366210938,9.375,9.399999618530273,278464,278464,yfinance,2026-07-10T06:58:07.675573+00:00
2026-05-18 15:00:00+00:00,LINK-USD,15m,9.404000282287598,9.413999557495117,9.347999572753906,9.404000282287598,8053696,8053696,yfinance,2026-07-10T06:58:07.675573+00:00
2026-05-18 15:15:00+00:00,LINK-USD,15m,9.395000457763672,9.399999618530273,9.354999542236328,9.354999542236328,1916736,1916736,yfinance,2026-07-10T06:58:07.675573+00:00
2026-05-18 15:30:00+00:00,LINK-USD,15m,9.354000091552734,9.416000366210938,9.34000015258789,9.407999992370605,3382528,3382528,yfinance,2026-07-10T06:58:07.675573+00:00
2026-05-18 15:45:00+00:00,LINK-USD,15m,9.407999992370605,9.439000129699707,9.404999732971191,9.418000221252441,1048192,1048192,yfinance,2026-07-10T06:58:07.675573+00:00
2026-05-18 16:00:00+00:00,LINK-USD,15m,9.416999816894531,9.446000099182129,9.401000022888184,9.437999725341797,1425280,1425280,yfinance,2026-07-10T06:58:07.675573+00:00
2026-05-18 16:15:00+00:00,LINK-USD,15m,9.4399995803833,9.451000213623047,9.383000373840332,9.385000228881836,1303872,1303872,yfinance,2026-07-10T06:58:07.675573+00:00
2026-05-18 16:30:00+00:00,LINK-USD,15m,9.380000114440918,9.418000221252441,9.37399959564209,9.411999702453613,1883200,1883200,yfinance,2026-07-10T06:58:07.675573+00:00
2026-05-18 16:45:00+00:00,LINK-USD,15m,9.413999557495117,9.428000450134277,9.404999732971191,9.41100025177002,1031936,1031936,yfinance,2026-07-10T06:58:07.675573+00:00
2026-05-18 17:00:00+00:00,LINK-USD,15m,9.409000396728516,9.447999954223633,9.395000457763672,9.423999786376953,346048,346048,yfinance,2026-07-10T06:58:07.675573+00:00
2026-05-18 17:15:00+00:00,LINK-USD,15m,9.430000305175781,9.451000213623047,9.423999786376953,9.444999694824219,132288,132288,yfinance,2026-07-10T06:58:07.675573+00:00
2026-05-18 17:30:00+00:00,LINK-USD,15m,9.447999954223633,9.449999809265137,9.427000045776367,9.437999725341797,471424,471424,yfinance,2026-07-10T06:58:07.675573+00:00
2026-05-18 17:45:00+00:00,LINK-USD,15m,9.444999694824219,9.449999809265137,9.428999900817871,9.430000305175781,837504,837504,yfinance,2026-07-10T06:58:07.675573+00:00
2026-05-18 18:00:00+00:00,LINK-USD,15m,9.430999755859375,9.437000274658203,9.380000114440918,9.383000373840332,40576,40576,yfinance,2026-07-10T06:58:07.675573+00:00
2026-05-18 18:15:00+00:00,LINK-USD,15m,9.378000259399414,9.380999565124512,9.3149995803833,9.348999977111816,1155392,1155392,yfinance,2026-07-10T06:58:07.675573+00:00
2026-05-18 18:30:00+00:00,LINK-USD,15m,9.348999977111816,9.364999771118164,9.335000038146973,9.348999977111816,1849088,1849088,yfinance,2026-07-10T06:58:07.675573+00:00
2026-05-18 18:45:00+00:00,LINK-USD,15m,9.350000381469727,9.354999542236328,9.314000129699707,9.324000358581543,2153280,2153280,yfinance,2026-07-10T06:58:07.675573+00:00
2026-05-18 19:00:00+00:00,LINK-USD,15m,9.321000099182129,9.465999603271484,9.321000099182129,9.411999702453613,17212608,17212608,yfinance,2026-07-10T06:58:07.675573+00:00
2026-05-18 19:15:00+00:00,LINK-USD,15m,9.416999816894531,9.442000389099121,9.40999984741211,9.427000045776367,3575744,3575744,yfinance,2026-07-10T06:58:07.675573+00:00
2026-05-18 19:30:00+00:00,LINK-USD,15m,9.425000190734863,9.491999626159668,9.425000190734863,9.482999801635742,2404480,2404480,yfinance,2026-07-10T06:58:07.675573+00:00
2026-05-18 19:45:00+00:00,LINK-USD,15m,9.487000465393066,9.524999618530273,9.477999687194824,9.503999710083008,5130880,5130880,yfinance,2026-07-10T06:58:07.675573+00:00
2026-05-18 20:00:00+00:00,LINK-USD,15m,9.508999824523926,9.536999702453613,9.501999855041504,9.53600025177002,301184,301184,yfinance,2026-07-10T06:58:07.675573+00:00
2026-05-18 20:15:00+00:00,LINK-USD,15m,9.531000137329102,9.536999702453613,9.506999969482422,9.524999618530273,1874048,1874048,yfinance,2026-07-10T06:58:07.675573+00:00
2026-05-18 20:30:00+00:00,LINK-USD,15m,9.531000137329102,9.53600025177002,9.489999771118164,9.494000434875488,977088,977088,yfinance,2026-07-10T06:58:07.675573+00:00
2026-05-18 20:45:00+00:00,LINK-USD,15m,9.494000434875488,9.494000434875488,9.467000007629395,9.479000091552734,3854720,3854720,yfinance,2026-07-10T06:58:07.675573+00:00
2026-05-18 21:00:00+00:00,LINK-USD,15m,9.482999801635742,9.510000228881836,9.465999603271484,9.5,741568,741568,yfinance,2026-07-10T06:58:07.675573+00:00
2026-05-18 21:15:00+00:00,LINK-USD,15m,9.501999855041504,9.53499984741211,9.49899959564209,9.526000022888184,807616,807616,yfinance,2026-07-10T06:58:07.675573+00:00
2026-05-18 21:30:00+00:00,LINK-USD,15m,9.529000282287598,9.57800006866455,9.529000282287598,9.565999984741211,3541120,3541120,yfinance,2026-07-10T06:58:07.675573+00:00
2026-05-18 21:45:00+00:00,LINK-USD,15m,9.569000244140625,9.576000213623047,9.553999900817871,9.572999954223633,40832,40832,yfinance,2026-07-10T06:58:07.675573+00:00
2026-05-18 22:00:00+00:00,LINK-USD,15m,9.574000358581543,9.583000183105469,9.553999900817871,9.581000328063965,0,0,yfinance,2026-07-10T06:58:07.675573+00:00
2026-05-18 22:15:00+00:00,LINK-USD,15m,9.579000473022461,9.609999656677246,9.57800006866455,9.586000442504883,365376,365376,yfinance,2026-07-10T06:58:07.675573+00:00
2026-05-18 22:30:00+00:00,LINK-USD,15m,9.590999603271484,9.593000411987305,9.5600004196167,9.5649995803833,83840,83840,yfinance,2026-07-10T06:58:07.675573+00:00
2026-05-18 22:45:00+00:00,LINK-USD,15m,9.5600004196167,9.588000297546387,9.545000076293945,9.588000297546387,1312256,1312256,yfinance,2026-07-10T06:58:07.675573+00:00
2026-05-18 23:00:00+00:00,LINK-USD,15m,9.58899974822998,9.607000350952148,9.586000442504883,9.597999572753906,5216512,5216512,yfinance,2026-07-10T06:58:07.675573+00:00
2026-05-18 23:15:00+00:00,LINK-USD,15m,9.595999717712402,9.597000122070312,9.574000358581543,9.58899974822998,0,0,yfinance,2026-07-10T06:58:07.675573+00:00
2026-05-18 23:30:00+00:00,LINK-USD,15m,9.586999893188477,9.612000465393066,9.57699966430664,9.612000465393066,0,0,yfinance,2026-07-10T06:58:07.675573+00:00
2026-05-18 23:45:00+00:00,LINK-USD,15m,9.609999656677246,9.612000465393066,9.574000358581543,9.60200023651123,0,0,yfinance,2026-07-10T06:58:07.675573+00:00
2026-05-19 00:00:00+00:00,LINK-USD,15m,9.602999687194824,9.630000114440918,9.595999717712402,9.619999885559082,836864,836864,yfinance,2026-07-10T06:58:07.675573+00:00
2026-05-19 00:15:00+00:00,LINK-USD,15m,9.616999626159668,9.675999641418457,9.616000175476074,9.659000396728516,422208,422208,yfinance,2026-07-10T06:58:07.675573+00:00
2026-05-19 00:30:00+00:00,LINK-USD,15m,9.657999992370605,9.666000366210938,9.635000228881836,9.649999618530273,0,0,yfinance,2026-07-10T06:58:07.675573+00:00
2026-05-19 00:45:00+00:00,LINK-USD,15m,9.64900016784668,9.675000190734863,9.645000457763672,9.649999618530273,1071168,1071168,yfinance,2026-07-10T06:58:07.675573+00:00
2026-05-19 01:00:00+00:00,LINK-USD,15m,9.647000312805176,9.652000427246094,9.628999710083008,9.647000312805176,664384,664384,yfinance,2026-07-10T06:58:07.675573+00:00
2026-05-19 01:15:00+00:00,LINK-USD,15m,9.645000457763672,9.64900016784668,9.597999572753906,9.605999946594238,0,0,yfinance,2026-07-10T06:58:07.675573+00:00
2026-05-19 01:30:00+00:00,LINK-USD,15m,9.600000381469727,9.647000312805176,9.595999717712402,9.637999534606934,350272,350272,yfinance,2026-07-10T06:58:07.675573+00:00
2026-05-19 01:45:00+00:00,LINK-USD,15m,9.638999938964844,9.638999938964844,9.61400032043457,9.61400032043457,210752,210752,yfinance,2026-07-10T06:58:07.675573+00:00
2026-05-19 02:00:00+00:00,LINK-USD,15m,9.609999656677246,9.614999771118164,9.576000213623047,9.611000061035156,157888,157888,yfinance,2026-07-10T06:58:07.675573+00:00
2026-05-19 02:15:00+00:00,LINK-USD,15m,9.605999946594238,9.680000305175781,9.60099983215332,9.663000106811523,1021440,1021440,yfinance,2026-07-10T06:58:07.675573+00:00
2026-05-19 02:30:00+00:00,LINK-USD,15m,9.661999702453613,9.661999702453613,9.637999534606934,9.651000022888184,1019392,1019392,yfinance,2026-07-10T06:58:07.675573+00:00
2026-05-19 02:45:00+00:00,LINK-USD,15m,9.652000427246094,9.663999557495117,9.633000373840332,9.640000343322754,236032,236032,yfinance,2026-07-10T06:58:07.675573+00:00
2026-05-19 03:00:00+00:00,LINK-USD,15m,9.640000343322754,9.675000190734863,9.628000259399414,9.670000076293945,718272,718272,yfinance,2026-07-10T06:58:07.675573+00:00
2026-05-19 03:15:00+00:00,LINK-USD,15m,9.67199993133545,9.697999954223633,9.666999816894531,9.684000015258789,1233088,1233088,yfinance,2026-07-10T06:58:07.675573+00:00
2026-05-19 03:30:00+00:00,LINK-USD,15m,9.687999725341797,9.718999862670898,9.6850004196167,9.718999862670898,1062272,1062272,yfinance,2026-07-10T06:58:07.675573+00:00
2026-05-19 03:45:00+00:00,LINK-USD,15m,9.720999717712402,9.725000381469727,9.696000099182129,9.696999549865723,1104512,1104512,yfinance,2026-07-10T06:58:07.675573+00:00
2026-05-19 04:00:00+00:00,LINK-USD,15m,9.696999549865723,9.730999946594238,9.680999755859375,9.729000091552734,160128,160128,yfinance,2026-07-10T06:58:07.675573+00:00
2026-05-19 04:15:00+00:00,LINK-USD,15m,9.72700023651123,9.727999687194824,9.663000106811523,9.666999816894531,23680,23680,yfinance,2026-07-10T06:58:07.675573+00:00
2026-05-19 04:30:00+00:00,LINK-USD,15m,9.666000366210938,9.71500015258789,9.663000106811523,9.706999778747559,619712,619712,yfinance,2026-07-10T06:58:07.675573+00:00
2026-05-19 04:45:00+00:00,LINK-USD,15m,9.708000183105469,9.730999946594238,9.706000328063965,9.725000381469727,6252224,6252224,yfinance,2026-07-10T06:58:07.675573+00:00
2026-05-19 05:00:00+00:00,LINK-USD,15m,9.727999687194824,9.732999801635742,9.697999954223633,9.708000183105469,0,0,yfinance,2026-07-10T06:58:07.675573+00:00
2026-05-19 05:15:00+00:00,LINK-USD,15m,9.708000183105469,9.708000183105469,9.656999588012695,9.70199966430664,449408,449408,yfinance,2026-07-10T06:58:07.675573+00:00
2026-05-19 05:30:00+00:00,LINK-USD,15m,9.70199966430664,9.762999534606934,9.696000099182129,9.732000350952148,4278976,4278976,yfinance,2026-07-10T06:58:07.675573+00:00
2026-05-19 05:45:00+00:00,LINK-USD,15m,9.732999801635742,9.756999969482422,9.718999862670898,9.744000434875488,2195136,2195136,yfinance,2026-07-10T06:58:07.675573+00:00
2026-05-19 06:00:00+00:00,LINK-USD,15m,9.741000175476074,9.762999534606934,9.730999946594238,9.76200008392334,727168,727168,yfinance,2026-07-10T06:58:07.675573+00:00
2026-05-19 06:15:00+00:00,LINK-USD,15m,9.76200008392334,9.76200008392334,9.736000061035156,9.748000144958496,0,0,yfinance,2026-07-10T06:58:07.675573+00:00
2026-05-19 06:30:00+00:00,LINK-USD,15m,9.744000434875488,9.777000427246094,9.739999771118164,9.77400016784668,145088,145088,yfinance,2026-07-10T06:58:07.675573+00:00
2026-05-19 06:45:00+00:00,LINK-USD,15m,9.772000312805176,9.772000312805176,9.753000259399414,9.769000053405762,714048,714048,yfinance,2026-07-10T06:58:07.675573+00:00
2026-05-19 07:00:00+00:00,LINK-USD,15m,9.765999794006348,9.78499984741211,9.739999771118164,9.776000022888184,459072,459072,yfinance,2026-07-10T06:58:07.675573+00:00
2026-05-19 07:15:00+00:00,LINK-USD,15m,9.777000427246094,9.779999732971191,9.74899959564209,9.765000343322754,119424,119424,yfinance,2026-07-10T06:58:07.675573+00:00
2026-05-19 07:30:00+00:00,LINK-USD,15m,9.767000198364258,9.803999900817871,9.763999938964844,9.793999671936035,893312,893312,yfinance,2026-07-10T06:58:07.675573+00:00
2026-05-19 07:45:00+00:00,LINK-USD,15m,9.789999961853027,9.819999694824219,9.784000396728516,9.789999961853027,52352,52352,yfinance,2026-07-10T06:58:07.675573+00:00
2026-05-19 08:00:00+00:00,LINK-USD,15m,9.786999702453613,9.786999702453613,9.71399974822998,9.727999687194824,0,0,yfinance,2026-07-10T06:58:07.675573+00:00
2026-05-19 08:15:00+00:00,LINK-USD,15m,9.729000091552734,9.751999855041504,9.706999778747559,9.732000350952148,1536192,1536192,yfinance,2026-07-10T06:58:07.675573+00:00
2026-05-19 08:30:00+00:00,LINK-USD,15m,9.729000091552734,9.779000282287598,9.722999572753906,9.753000259399414,188928,188928,yfinance,2026-07-10T06:58:07.675573+00:00
2026-05-19 08:45:00+00:00,LINK-USD,15m,9.748000144958496,9.755000114440918,9.729000091552734,9.729000091552734,0,0,yfinance,2026-07-10T06:58:07.675573+00:00
2026-05-19 09:00:00+00:00,LINK-USD,15m,9.727999687194824,9.741000175476074,9.699000358581543,9.699000358581543,0,0,yfinance,2026-07-10T06:58:07.675573+00:00
2026-05-19 09:15:00+00:00,LINK-USD,15m,9.699000358581543,9.699000358581543,9.604000091552734,9.607000350952148,5393408,5393408,yfinance,2026-07-10T06:58:07.675573+00:00
2026-05-19 09:30:00+00:00,LINK-USD,15m,9.604000091552734,9.619000434875488,9.574000358581543,9.616000175476074,5221888,5221888,yfinance,2026-07-10T06:58:07.675573+00:00
2026-05-19 09:45:00+00:00,LINK-USD,15m,9.616000175476074,9.62399959564209,9.595000267028809,9.598999977111816,2146496,2146496,yfinance,2026-07-10T06:58:07.675573+00:00
2026-05-19 10:00:00+00:00,LINK-USD,15m,9.597999572753906,9.604000091552734,9.576000213623047,9.597999572753906,0,0,yfinance,2026-07-10T06:58:07.675573+00:00
2026-05-19 10:15:00+00:00,LINK-USD,15m,9.593000411987305,9.593999862670898,9.574000358581543,9.588000297546387,18432,18432,yfinance,2026-07-10T06:58:07.675573+00:00
2026-05-19 10:30:00+00:00,LINK-USD,15m,9.58899974822998,9.621000289916992,9.553000450134277,9.555000305175781,1100480,1100480,yfinance,2026-07-10T06:58:07.675573+00:00
2026-05-19 10:45:00+00:00,LINK-USD,15m,9.552000045776367,9.611000061035156,9.545000076293945,9.595999717712402,1158720,1158720,yfinance,2026-07-10T06:58:07.675573+00:00
2026-05-19 11:00:00+00:00,LINK-USD,15m,9.600000381469727,9.607999801635742,9.583000183105469,9.585000038146973,418048,418048,yfinance,2026-07-10T06:58:07.675573+00:00
2026-05-19 11:15:00+00:00,LINK-USD,15m,9.585000038146973,9.59000015258789,9.559000015258789,9.569000244140625,357568,357568,yfinance,2026-07-10T06:58:07.675573+00:00
2026-05-19 11:30:00+00:00,LINK-USD,15m,9.574000358581543,9.57699966430664,9.526000022888184,9.529999732971191,80448,80448,yfinance,2026-07-10T06:58:07.675573+00:00
2026-05-19 11:45:00+00:00,LINK-USD,15m,9.531999588012695,9.550000190734863,9.531999588012695,9.536999702453613,0,0,yfinance,2026-07-10T06:58:07.675573+00:00
2026-05-19 12:00:00+00:00,LINK-USD,15m,9.53600025177002,9.543999671936035,9.512999534606934,9.543999671936035,0,0,yfinance,2026-07-10T06:58:07.675573+00:00
2026-05-19 12:15:00+00:00,LINK-USD,15m,9.545999526977539,9.562000274658203,9.543999671936035,9.550999641418457,0,0,yfinance,2026-07-10T06:58:07.675573+00:00
2026-05-19 12:30:00+00:00,LINK-USD,15m,9.553000450134277,9.562999725341797,9.543999671936035,9.54699993133545,0,0,yfinance,2026-07-10T06:58:07.675573+00:00
2026-05-19 12:45:00+00:00,LINK-USD,15m,9.548999786376953,9.555999755859375,9.539999961853027,9.553999900817871,135168,135168,yfinance,2026-07-10T06:58:07.675573+00:00
2026-05-19 13:00:00+00:00,LINK-USD,15m,9.553999900817871,9.562000274658203,9.51099967956543,9.527999877929688,339712,339712,yfinance,2026-07-10T06:58:07.675573+00:00
2026-05-19 13:15:00+00:00,LINK-USD,15m,9.526000022888184,9.545999526977539,9.505000114440918,9.515000343322754,1413760,1413760,yfinance,2026-07-10T06:58:07.675573+00:00
2026-05-19 13:30:00+00:00,LINK-USD,15m,9.520999908447266,9.61299991607666,9.515999794006348,9.545000076293945,407424,407424,yfinance,2026-07-10T06:58:07.675573+00:00
2026-05-19 13:45:00+00:00,LINK-USD,15m,9.543000221252441,9.609999656677246,9.543000221252441,9.565999984741211,811008,811008,yfinance,2026-07-10T06:58:07.675573+00:00
2026-05-19 14:00:00+00:00,LINK-USD,15m,9.562000274658203,9.585000038146973,9.508999824523926,9.508999824523926,129472,129472,yfinance,2026-07-10T06:58:07.675573+00:00
2026-05-19 14:15:00+00:00,LINK-USD,15m,9.505999565124512,9.515000343322754,9.468000411987305,9.487000465393066,97984,97984,yfinance,2026-07-10T06:58:07.675573+00:00
2026-05-19 14:30:00+00:00,LINK-USD,15m,9.491999626159668,9.520000457763672,9.46399974822998,9.493000030517578,6080768,6080768,yfinance,2026-07-10T06:58:07.675573+00:00
2026-05-19 14:45:00+00:00,LINK-USD,15m,9.491000175476074,9.491999626159668,9.428999900817871,9.479000091552734,2353984,2353984,yfinance,2026-07-10T06:58:07.675573+00:00
2026-05-19 15:00:00+00:00,LINK-USD,15m,9.477999687194824,9.51200008392334,9.468000411987305,9.49899959564209,0,0,yfinance,2026-07-10T06:58:07.675573+00:00
2026-05-19 15:15:00+00:00,LINK-USD,15m,9.505000114440918,9.517999649047852,9.454999923706055,9.470999717712402,828672,828672,yfinance,2026-07-10T06:58:07.675573+00:00
2026-05-19 15:30:00+00:00,LINK-USD,15m,9.472999572753906,9.513999938964844,9.470000267028809,9.484000205993652,368256,368256,yfinance,2026-07-10T06:58:07.675573+00:00
2026-05-19 15:45:00+00:00,LINK-USD,15m,9.487000465393066,9.491999626159668,9.468999862670898,9.479999542236328,468992,468992,yfinance,2026-07-10T06:58:07.675573+00:00
2026-05-19 16:00:00+00:00,LINK-USD,15m,9.484999656677246,9.498000144958496,9.467000007629395,9.482999801635742,87232,87232,yfinance,2026-07-10T06:58:07.675573+00:00
2026-05-19 16:15:00+00:00,LINK-USD,15m,9.484999656677246,9.503999710083008,9.484999656677246,9.498000144958496,1547392,1547392,yfinance,2026-07-10T06:58:07.675573+00:00
2026-05-19 16:30:00+00:00,LINK-USD,15m,9.498000144958496,9.527999877929688,9.498000144958496,9.527999877929688,801600,801600,yfinance,2026-07-10T06:58:07.675573+00:00
2026-05-19 16:45:00+00:00,LINK-USD,15m,9.531000137329102,9.552000045776367,9.519000053405762,9.550000190734863,431232,431232,yfinance,2026-07-10T06:58:07.675573+00:00
2026-05-19 17:00:00+00:00,LINK-USD,15m,9.550999641418457,9.557000160217285,9.534000396728516,9.538000106811523,0,0,yfinance,2026-07-10T06:58:07.675573+00:00
2026-05-19 17:15:00+00:00,LINK-USD,15m,9.539999961853027,9.555000305175781,9.515999794006348,9.519000053405762,3031040,3031040,yfinance,2026-07-10T06:58:07.675573+00:00
2026-05-19 17:30:00+00:00,LINK-USD,15m,9.517999649047852,9.529000282287598,9.496000289916992,9.505000114440918,4063424,4063424,yfinance,2026-07-10T06:58:07.675573+00:00
2026-05-19 17:45:00+00:00,LINK-USD,15m,9.503999710083008,9.506999969482422,9.47599983215332,9.505999565124512,772480,772480,yfinance,2026-07-10T06:58:07.675573+00:00
2026-05-19 18:00:00+00:00,LINK-USD,15m,9.505999565124512,9.519000053405762,9.48900032043457,9.512999534606934,0,0,yfinance,2026-07-10T06:58:07.675573+00:00
2026-05-19 18:15:00+00:00,LINK-USD,15m,9.51200008392334,9.513999938964844,9.468000411987305,9.472999572753906,0,0,yfinance,2026-07-10T06:58:07.675573+00:00
2026-05-19 18:30:00+00:00,LINK-USD,15m,9.468999862670898,9.496000289916992,9.461999893188477,9.494000434875488,795520,795520,yfinance,2026-07-10T06:58:07.675573+00:00
2026-05-19 18:45:00+00:00,LINK-USD,15m,9.494000434875488,9.5,9.470000267028809,9.475000381469727,18240,18240,yfinance,2026-07-10T06:58:07.675573+00:00
2026-05-19 19:00:00+00:00,LINK-USD,15m,9.47700023651123,9.519000053405762,9.47700023651123,9.519000053405762,0,0,yfinance,2026-07-10T06:58:07.675573+00:00
2026-05-19 19:15:00+00:00,LINK-USD,15m,9.517999649047852,9.520999908447266,9.45199966430664,9.461000442504883,404928,404928,yfinance,2026-07-10T06:58:07.675573+00:00
2026-05-19 19:30:00+00:00,LINK-USD,15m,9.46399974822998,9.479000091552734,9.45300006866455,9.468000411987305,0,0,yfinance,2026-07-10T06:58:07.675573+00:00
2026-05-19 19:45:00+00:00,LINK-USD,15m,9.472000122070312,9.472000122070312,9.446999549865723,9.461000442504883,0,0,yfinance,2026-07-10T06:58:07.675573+00:00
2026-05-19 20:00:00+00:00,LINK-USD,15m,9.461999893188477,9.477999687194824,9.458999633789062,9.467000007629395,0,0,yfinance,2026-07-10T06:58:07.675573+00:00
2026-05-19 20:15:00+00:00,LINK-USD,15m,9.465999603271484,9.468000411987305,9.460000038146973,9.46399974822998,0,0,yfinance,2026-07-10T06:58:07.675573+00:00
2026-05-19 20:30:00+00:00,LINK-USD,15m,9.46399974822998,9.47599983215332,9.458999633789062,9.463000297546387,43840,43840,yfinance,2026-07-10T06:58:07.675573+00:00
2026-05-19 20:45:00+00:00,LINK-USD,15m,9.461999893188477,9.480999946594238,9.461999893188477,9.47599983215332,0,0,yfinance,2026-07-10T06:58:07.675573+00:00
2026-05-19 21:00:00+00:00,LINK-USD,15m,9.47599983215332,9.487000465393066,9.460000038146973,9.47700023651123,0,0,yfinance,2026-07-10T06:58:07.675573+00:00
2026-05-19 21:15:00+00:00,LINK-USD,15m,9.477999687194824,9.479000091552734,9.46500015258789,9.468999862670898,490176,490176,yfinance,2026-07-10T06:58:07.675573+00:00
2026-05-19 21:30:00+00:00,LINK-USD,15m,9.468999862670898,9.479999542236328,9.468000411987305,9.468000411987305,442752,442752,yfinance,2026-07-10T06:58:07.675573+00:00
2026-05-19 21:45:00+00:00,LINK-USD,15m,9.472999572753906,9.477999687194824,9.458999633789062,9.461000442504883,91712,91712,yfinance,2026-07-10T06:58:07.675573+00:00
2026-05-19 22:00:00+00:00,LINK-USD,15m,9.454999923706055,9.463000297546387,9.434000015258789,9.460000038146973,0,0,yfinance,2026-07-10T06:58:07.675573+00:00
2026-05-19 22:15:00+00:00,LINK-USD,15m,9.456999778747559,9.460000038146973,9.437000274658203,9.4399995803833,191232,191232,yfinance,2026-07-10T06:58:07.675573+00:00
2026-05-19 22:30:00+00:00,LINK-USD,15m,9.437000274658203,9.458000183105469,9.428999900817871,9.447999954223633,680640,680640,yfinance,2026-07-10T06:58:07.675573+00:00
2026-05-19 22:45:00+00:00,LINK-USD,15m,9.446000099182129,9.451000213623047,9.439000129699707,9.4399995803833,0,0,yfinance,2026-07-10T06:58:07.675573+00:00
2026-05-19 23:00:00+00:00,LINK-USD,15m,9.434000015258789,9.467000007629395,9.428000450134277,9.454999923706055,597696,597696,yfinance,2026-07-10T06:58:07.675573+00:00
2026-05-19 23:15:00+00:00,LINK-USD,15m,9.454999923706055,9.472999572753906,9.454000473022461,9.468000411987305,332928,332928,yfinance,2026-07-10T06:58:07.675573+00:00
2026-05-19 23:30:00+00:00,LINK-USD,15m,9.475000381469727,9.477999687194824,9.458000183105469,9.458999633789062,503936,503936,yfinance,2026-07-10T06:58:07.675573+00:00
2026-05-19 23:45:00+00:00,LINK-USD,15m,9.456000328063965,9.461000442504883,9.439000129699707,9.4399995803833,101184,101184,yfinance,2026-07-10T06:58:07.675573+00:00
2026-05-20 00:00:00+00:00,LINK-USD,15m,9.439000129699707,9.447999954223633,9.388999938964844,9.394000053405762,5128576,5128576,yfinance,2026-07-10T06:58:07.675573+00:00
2026-05-20 00:15:00+00:00,LINK-USD,15m,9.392999649047852,9.42199993133545,9.369999885559082,9.42199993133545,3546880,3546880,yfinance,2026-07-10T06:58:07.675573+00:00
2026-05-20 00:30:00+00:00,LINK-USD,15m,9.428000450134277,9.451000213623047,9.416999816894531,9.451000213623047,8254080,8254080,yfinance,2026-07-10T06:58:07.675573+00:00
2026-05-20 00:45:00+00:00,LINK-USD,15m,9.449999809265137,9.46399974822998,9.442999839782715,9.463000297546387,268800,268800,yfinance,2026-07-10T06:58:07.675573+00:00
2026-05-20 01:00:00+00:00,LINK-USD,15m,9.467000007629395,9.49899959564209,9.45300006866455,9.470000267028809,3174080,3174080,yfinance,2026-07-10T06:58:07.675573+00:00
2026-05-20 01:15:00+00:00,LINK-USD,15m,9.468000411987305,9.468999862670898,9.402000427246094,9.402000427246094,1478272,1478272,yfinance,2026-07-10T06:58:07.675573+00:00
2026-05-20 01:30:00+00:00,LINK-USD,15m,9.407999992370605,9.42300033569336,9.402999877929688,9.416999816894531,21440,21440,yfinance,2026-07-10T06:58:07.675573+00:00
2026-05-20 01:45:00+00:00,LINK-USD,15m,9.42300033569336,9.472999572753906,9.414999961853027,9.454000473022461,1074560,1074560,yfinance,2026-07-10T06:58:07.675573+00:00
2026-05-20 02:00:00+00:00,LINK-USD,15m,9.454000473022461,9.463000297546387,9.447999954223633,9.458000183105469,0,0,yfinance,2026-07-10T06:58:07.675573+00:00
2026-05-20 02:15:00+00:00,LINK-USD,15m,9.460000038146973,9.479999542236328,9.454000473022461,9.456999778747559,608256,608256,yfinance,2026-07-10T06:58:07.675573+00:00
2026-05-20 02:30:00+00:00,LINK-USD,15m,9.456000328063965,9.465999603271484,9.442999839782715,9.442999839782715,549952,549952,yfinance,2026-07-10T06:58:07.675573+00:00
2026-05-20 02:45:00+00:00,LINK-USD,15m,9.4399995803833,9.460000038146973,9.4399995803833,9.45300006866455,854080,854080,yfinance,2026-07-10T06:58:07.675573+00:00
2026-05-20 03:00:00+00:00,LINK-USD,15m,9.454000473022461,9.454000473022461,9.430999755859375,9.45199966430664,48576,48576,yfinance,2026-07-10T06:58:07.675573+00:00
2026-05-20 03:15:00+00:00,LINK-USD,15m,9.449999809265137,9.494000434875488,9.447999954223633,9.491000175476074,635712,635712,yfinance,2026-07-10T06:58:07.675573+00:00
2026-05-20 03:30:00+00:00,LINK-USD,15m,9.487000465393066,9.491000175476074,9.470000267028809,9.482000350952148,5386432,5386432,yfinance,2026-07-10T06:58:07.675573+00:00
2026-05-20 03:45:00+00:00,LINK-USD,15m,9.480999946594238,9.48799991607666,9.470999717712402,9.482000350952148,0,0,yfinance,2026-07-10T06:58:07.675573+00:00
2026-05-20 04:00:00+00:00,LINK-USD,15m,9.484999656677246,9.496999740600586,9.473999977111816,9.48900032043457,237504,237504,yfinance,2026-07-10T06:58:07.675573+00:00
2026-05-20 04:15:00+00:00,LINK-USD,15m,9.489999771118164,9.496999740600586,9.482000350952148,9.482000350952148,440192,440192,yfinance,2026-07-10T06:58:07.675573+00:00
2026-05-20 04:30:00+00:00,LINK-USD,15m,9.484000205993652,9.484000205993652,9.454000473022461,9.468000411987305,582592,582592,yfinance,2026-07-10T06:58:07.675573+00:00
2026-05-20 04:45:00+00:00,LINK-USD,15m,9.468999862670898,9.498000144958496,9.468999862670898,9.496000289916992,664960,664960,yfinance,2026-07-10T06:58:07.675573+00:00
2026-05-20 05:00:00+00:00,LINK-USD,15m,9.496000289916992,9.562000274658203,9.496000289916992,9.555999755859375,1548800,1548800,yfinance,2026-07-10T06:58:07.675573+00:00
2026-05-20 05:15:00+00:00,LINK-USD,15m,9.559000015258789,9.5600004196167,9.539999961853027,9.548999786376953,3630016,3630016,yfinance,2026-07-10T06:58:07.675573+00:00
2026-05-20 05:30:00+00:00,LINK-USD,15m,9.550000190734863,9.593999862670898,9.550000190734863,9.567000389099121,3385280,3385280,yfinance,2026-07-10T06:58:07.675573+00:00
2026-05-20 05:45:00+00:00,LINK-USD,15m,9.5649995803833,9.583999633789062,9.5649995803833,9.571999549865723,732224,732224,yfinance,2026-07-10T06:58:07.675573+00:00
2026-05-20 06:00:00+00:00,LINK-USD,15m,9.571999549865723,9.58899974822998,9.565999984741211,9.586999893188477,404352,404352,yfinance,2026-07-10T06:58:07.675573+00:00
2026-05-20 06:15:00+00:00,LINK-USD,15m,9.58899974822998,9.598999977111816,9.583000183105469,9.583000183105469,2221952,2221952,yfinance,2026-07-10T06:58:07.675573+00:00
2026-05-20 06:30:00+00:00,LINK-USD,15m,9.583000183105469,9.597999572753906,9.571000099182129,9.597999572753906,1527616,1527616,yfinance,2026-07-10T06:58:07.675573+00:00
2026-05-20 06:45:00+00:00,LINK-USD,15m,9.597000122070312,9.621999740600586,9.597000122070312,9.61400032043457,1697600,1697600,yfinance,2026-07-10T06:58:07.675573+00:00
2026-05-20 07:00:00+00:00,LINK-USD,15m,9.616999626159668,9.616999626159668,9.593999862670898,9.598999977111816,407744,407744,yfinance,2026-07-10T06:58:07.675573+00:00
2026-05-20 07:15:00+00:00,LINK-USD,15m,9.600000381469727,9.618000030517578,9.593999862670898,9.602999687194824,641984,641984,yfinance,2026-07-10T06:58:07.675573+00:00
2026-05-20 07:30:00+00:00,LINK-USD,15m,9.604000091552734,9.609999656677246,9.590999603271484,9.598999977111816,144064,144064,yfinance,2026-07-10T06:58:07.675573+00:00
2026-05-20 07:45:00+00:00,LINK-USD,15m,9.597999572753906,9.597999572753906,9.562999725341797,9.567000389099121,41472,41472,yfinance,2026-07-10T06:58:07.675573+00:00
2026-05-20 08:00:00+00:00,LINK-USD,15m,9.569000244140625,9.58899974822998,9.564000129699707,9.583999633789062,301696,301696,yfinance,2026-07-10T06:58:07.675573+00:00
2026-05-20 08:15:00+00:00,LINK-USD,15m,9.583000183105469,9.585000038146973,9.569000244140625,9.583000183105469,594176,594176,yfinance,2026-07-10T06:58:07.675573+00:00
2026-05-20 08:30:00+00:00,LINK-USD,15m,9.586000442504883,9.626999855041504,9.586000442504883,9.61400032043457,1551552,1551552,yfinance,2026-07-10T06:58:07.675573+00:00
2026-05-20 08:45:00+00:00,LINK-USD,15m,9.61299991607666,9.61299991607666,9.595000267028809,9.597999572753906,1764160,1764160,yfinance,2026-07-10T06:58:07.675573+00:00
2026-05-20 09:00:00+00:00,LINK-USD,15m,9.597999572753906,9.611000061035156,9.590999603271484,9.597000122070312,2679744,2679744,yfinance,2026-07-10T06:58:07.675573+00:00
2026-05-20 09:15:00+00:00,LINK-USD,15m,9.597000122070312,9.597000122070312,9.572999954223633,9.595000267028809,0,0,yfinance,2026-07-10T06:58:07.675573+00:00
2026-05-20 09:30:00+00:00,LINK-USD,15m,9.595000267028809,9.607000350952148,9.58899974822998,9.58899974822998,0,0,yfinance,2026-07-10T06:58:07.675573+00:00
2026-05-20 09:45:00+00:00,LINK-USD,15m,9.586999893188477,9.586999893188477,9.569000244140625,9.574999809265137,0,0,yfinance,2026-07-10T06:58:07.675573+00:00
2026-05-20 10:00:00+00:00,LINK-USD,15m,9.574999809265137,9.597999572753906,9.574000358581543,9.581999778747559,0,0,yfinance,2026-07-10T06:58:07.675573+00:00
2026-05-20 10:15:00+00:00,LINK-USD,15m,9.583000183105469,9.59000015258789,9.576000213623047,9.59000015258789,3108096,3108096,yfinance,2026-07-10T06:58:07.675573+00:00
2026-05-20 10:30:00+00:00,LINK-USD,15m,9.58899974822998,9.619999885559082,9.58899974822998,9.597999572753906,287488,287488,yfinance,2026-07-10T06:58:07.675573+00:00
2026-05-20 10:45:00+00:00,LINK-USD,15m,9.597000122070312,9.597999572753906,9.581999778747559,9.59000015258789,0,0,yfinance,2026-07-10T06:58:07.675573+00:00
2026-05-20 11:00:00+00:00,LINK-USD,15m,9.592000007629395,9.595999717712402,9.576000213623047,9.576000213623047,518720,518720,yfinance,2026-07-10T06:58:07.675573+00:00
2026-05-20 11:15:00+00:00,LINK-USD,15m,9.57699966430664,9.581999778747559,9.557999610900879,9.5600004196167,83072,83072,yfinance,2026-07-10T06:58:07.675573+00:00
2026-05-20 11:30:00+00:00,LINK-USD,15m,9.560999870300293,9.574000358581543,9.545999526977539,9.54800033569336,1022400,1022400,yfinance,2026-07-10T06:58:07.675573+00:00
2026-05-20 11:45:00+00:00,LINK-USD,15m,9.54699993133545,9.550000190734863,9.522000312805176,9.536999702453613,4201088,4201088,yfinance,2026-07-10T06:58:07.675573+00:00
2026-05-20 12:00:00+00:00,LINK-USD,15m,9.532999992370605,9.565999984741211,9.529000282287598,9.5600004196167,1014464,1014464,yfinance,2026-07-10T06:58:07.675573+00:00
2026-05-20 12:15:00+00:00,LINK-USD,15m,9.555999755859375,9.574000358581543,9.541999816894531,9.567000389099121,1066304,1066304,yfinance,2026-07-10T06:58:07.675573+00:00
2026-05-20 12:30:00+00:00,LINK-USD,15m,9.567000389099121,9.586000442504883,9.5600004196167,9.57800006866455,2060096,2060096,yfinance,2026-07-10T06:58:07.675573+00:00
2026-05-20 12:45:00+00:00,LINK-USD,15m,9.57800006866455,9.612000465393066,9.57800006866455,9.593000411987305,948288,948288,yfinance,2026-07-10T06:58:07.675573+00:00
2026-05-20 13:00:00+00:00,LINK-USD,15m,9.592000007629395,9.595999717712402,9.567000389099121,9.567000389099121,502080,502080,yfinance,2026-07-10T06:58:07.675573+00:00
2026-05-20 13:15:00+00:00,LINK-USD,15m,9.565999984741211,9.574999809265137,9.541000366210938,9.543999671936035,0,0,yfinance,2026-07-10T06:58:07.675573+00:00
2026-05-20 13:30:00+00:00,LINK-USD,15m,9.545000076293945,9.553999900817871,9.47700023651123,9.510000228881836,4203712,4203712,yfinance,2026-07-10T06:58:07.675573+00:00
2026-05-20 13:45:00+00:00,LINK-USD,15m,9.515999794006348,9.550000190734863,9.50100040435791,9.524999618530273,1526400,1526400,yfinance,2026-07-10T06:58:07.675573+00:00
2026-05-20 14:00:00+00:00,LINK-USD,15m,9.529000282287598,9.557999610900879,9.489999771118164,9.541999816894531,0,0,yfinance,2026-07-10T06:58:07.675573+00:00
2026-05-20 14:15:00+00:00,LINK-USD,15m,9.541999816894531,9.621999740600586,9.541999816894531,9.604999542236328,2843840,2843840,yfinance,2026-07-10T06:58:07.675573+00:00
2026-05-20 14:30:00+00:00,LINK-USD,15m,9.607999801635742,9.630000114440918,9.57699966430664,9.623000144958496,2995648,2995648,yfinance,2026-07-10T06:58:07.675573+00:00
2026-05-20 14:45:00+00:00,LINK-USD,15m,9.628000259399414,9.637999534606934,9.60200023651123,9.619999885559082,2057344,2057344,yfinance,2026-07-10T06:58:07.675573+00:00
2026-05-20 15:00:00+00:00,LINK-USD,15m,9.616000175476074,9.619000434875488,9.559000015258789,9.562999725341797,1206592,1206592,yfinance,2026-07-10T06:58:07.675573+00:00
2026-05-20 15:15:00+00:00,LINK-USD,15m,9.5649995803833,9.645000457763672,9.5649995803833,9.593999862670898,4461888,4461888,yfinance,2026-07-10T06:58:07.675573+00:00
2026-05-20 15:30:00+00:00,LINK-USD,15m,9.597999572753906,9.623000144958496,9.579000473022461,9.595999717712402,1060608,1060608,yfinance,2026-07-10T06:58:07.675573+00:00
2026-05-20 15:45:00+00:00,LINK-USD,15m,9.595999717712402,9.628000259399414,9.595999717712402,9.621000289916992,1600512,1600512,yfinance,2026-07-10T06:58:07.675573+00:00
2026-05-20 16:00:00+00:00,LINK-USD,15m,9.62399959564209,9.647000312805176,9.619999885559082,9.621000289916992,1713600,1713600,yfinance,2026-07-10T06:58:07.675573+00:00
2026-05-20 16:15:00+00:00,LINK-USD,15m,9.616999626159668,9.616999626159668,9.553999900817871,9.567999839782715,623040,623040,yfinance,2026-07-10T06:58:07.675573+00:00
2026-05-20 16:30:00+00:00,LINK-USD,15m,9.567000389099121,9.614999771118164,9.562000274658203,9.604000091552734,1075520,1075520,yfinance,2026-07-10T06:58:07.675573+00:00
2026-05-20 16:45:00+00:00,LINK-USD,15m,9.612000465393066,9.631999969482422,9.593000411987305,9.607999801635742,518208,518208,yfinance,2026-07-10T06:58:07.675573+00:00
2026-05-20 17:00:00+00:00,LINK-USD,15m,9.604000091552734,9.628000259399414,9.595000267028809,9.625,0,0,yfinance,2026-07-10T06:58:07.675573+00:00
2026-05-20 17:15:00+00:00,LINK-USD,15m,9.628000259399414,9.666999816894531,9.616999626159668,9.652999877929688,4129216,4129216,yfinance,2026-07-10T06:58:07.675573+00:00
2026-05-20 17:30:00+00:00,LINK-USD,15m,9.656999588012695,9.670999526977539,9.63700008392334,9.668999671936035,13671616,13671616,yfinance,2026-07-10T06:58:07.675573+00:00
2026-05-20 17:45:00+00:00,LINK-USD,15m,9.666999816894531,9.678000450134277,9.63599967956543,9.642000198364258,2675136,2675136,yfinance,2026-07-10T06:58:07.675573+00:00
2026-05-20 18:00:00+00:00,LINK-USD,15m,9.630999565124512,9.638999938964844,9.616000175476074,9.619000434875488,1228672,1228672,yfinance,2026-07-10T06:58:07.675573+00:00
2026-05-20 18:15:00+00:00,LINK-USD,15m,9.616999626159668,9.633999824523926,9.59000015258789,9.595000267028809,884224,884224,yfinance,2026-07-10T06:58:07.675573+00:00
2026-05-20 18:30:00+00:00,LINK-USD,15m,9.595999717712402,9.616000175476074,9.595000267028809,9.597999572753906,228224,228224,yfinance,2026-07-10T06:58:07.675573+00:00
2026-05-20 18:45:00+00:00,LINK-USD,15m,9.590999603271484,9.602999687194824,9.581999778747559,9.602999687194824,263936,263936,yfinance,2026-07-10T06:58:07.675573+00:00
2026-05-20 19:00:00+00:00,LINK-USD,15m,9.598999977111816,9.609000205993652,9.581000328063965,9.595000267028809,2242048,2242048,yfinance,2026-07-10T06:58:07.675573+00:00
2026-05-20 19:15:00+00:00,LINK-USD,15m,9.593999862670898,9.640999794006348,9.59000015258789,9.640999794006348,1153472,1153472,yfinance,2026-07-10T06:58:07.675573+00:00
2026-05-20 19:30:00+00:00,LINK-USD,15m,9.642000198364258,9.65999984741211,9.63700008392334,9.651000022888184,2831168,2831168,yfinance,2026-07-10T06:58:07.675573+00:00
2026-05-20 19:45:00+00:00,LINK-USD,15m,9.651000022888184,9.654999732971191,9.63700008392334,9.645999908447266,1339584,1339584,yfinance,2026-07-10T06:58:07.675573+00:00
2026-05-20 20:00:00+00:00,LINK-USD,15m,9.647000312805176,9.657999992370605,9.62600040435791,9.656999588012695,817152,817152,yfinance,2026-07-10T06:58:07.675573+00:00
2026-05-20 20:15:00+00:00,LINK-USD,15m,9.656999588012695,9.656999588012695,9.585000038146973,9.628999710083008,3491392,3491392,yfinance,2026-07-10T06:58:07.675573+00:00
2026-05-20 20:30:00+00:00,LINK-USD,15m,9.630000114440918,9.631999969482422,9.609000205993652,9.62600040435791,1529856,1529856,yfinance,2026-07-10T06:58:07.675573+00:00
2026-05-20 20:45:00+00:00,LINK-USD,15m,9.623000144958496,9.640000343322754,9.618000030517578,9.633000373840332,580096,580096,yfinance,2026-07-10T06:58:07.675573+00:00
2026-05-20 21:00:00+00:00,LINK-USD,15m,9.633000373840332,9.64900016784668,9.623000144958496,9.64900016784668,1189952,1189952,yfinance,2026-07-10T06:58:07.675573+00:00
2026-05-20 21:15:00+00:00,LINK-USD,15m,9.64900016784668,9.649999618530273,9.621000289916992,9.621000289916992,3644544,3644544,yfinance,2026-07-10T06:58:07.675573+00:00
2026-05-20 21:30:00+00:00,LINK-USD,15m,9.619000434875488,9.638999938964844,9.616999626159668,9.62600040435791,816448,816448,yfinance,2026-07-10T06:58:07.675573+00:00
2026-05-20 21:45:00+00:00,LINK-USD,15m,9.62600040435791,9.633999824523926,9.609999656677246,9.609999656677246,775424,775424,yfinance,2026-07-10T06:58:07.675573+00:00
2026-05-20 22:00:00+00:00,LINK-USD,15m,9.607999801635742,9.607999801635742,9.5649995803833,9.586000442504883,460736,460736,yfinance,2026-07-10T06:58:07.675573+00:00
2026-05-20 22:15:00+00:00,LINK-USD,15m,9.583999633789062,9.609000205993652,9.557999610900879,9.604000091552734,1948928,1948928,yfinance,2026-07-10T06:58:07.675573+00:00
2026-05-20 22:30:00+00:00,LINK-USD,15m,9.609999656677246,9.614999771118164,9.585000038146973,9.598999977111816,935872,935872,yfinance,2026-07-10T06:58:07.675573+00:00
2026-05-20 22:45:00+00:00,LINK-USD,15m,9.598999977111816,9.619000434875488,9.598999977111816,9.61400032043457,1942592,1942592,yfinance,2026-07-10T06:58:07.675573+00:00
2026-05-20 23:00:00+00:00,LINK-USD,15m,9.607000350952148,9.609999656677246,9.586999893188477,9.595000267028809,25280,25280,yfinance,2026-07-10T06:58:07.675573+00:00
2026-05-20 23:15:00+00:00,LINK-USD,15m,9.593999862670898,9.597999572753906,9.581000328063965,9.593000411987305,868352,868352,yfinance,2026-07-10T06:58:07.675573+00:00
2026-05-20 23:30:00+00:00,LINK-USD,15m,9.595000267028809,9.614999771118164,9.588000297546387,9.609999656677246,441216,441216,yfinance,2026-07-10T06:58:07.675573+00:00
2026-05-20 23:45:00+00:00,LINK-USD,15m,9.609000205993652,9.630000114440918,9.609000205993652,9.628000259399414,1027456,1027456,yfinance,2026-07-10T06:58:07.675573+00:00
2026-05-21 00:00:00+00:00,LINK-USD,15m,9.626999855041504,9.654999732971191,9.619999885559082,9.654999732971191,611840,611840,yfinance,2026-07-10T06:58:07.675573+00:00
2026-05-21 00:15:00+00:00,LINK-USD,15m,9.651000022888184,9.666999816894531,9.638999938964844,9.65999984741211,701312,701312,yfinance,2026-07-10T06:58:07.675573+00:00
2026-05-21 00:30:00+00:00,LINK-USD,15m,9.657999992370605,9.682999610900879,9.654999732971191,9.682000160217285,204352,204352,yfinance,2026-07-10T06:58:07.675573+00:00
2026-05-21 00:45:00+00:00,LINK-USD,15m,9.680999755859375,9.70300006866455,9.670999526977539,9.692000389099121,5398784,5398784,yfinance,2026-07-10T06:58:07.675573+00:00
2026-05-21 01:00:00+00:00,LINK-USD,15m,9.694999694824219,9.713000297546387,9.687999725341797,9.713000297546387,250496,250496,yfinance,2026-07-10T06:58:07.675573+00:00
2026-05-21 01:15:00+00:00,LINK-USD,15m,9.711999893188477,9.732000350952148,9.682000160217285,9.692000389099121,5287168,5287168,yfinance,2026-07-10T06:58:07.675573+00:00
2026-05-21 01:30:00+00:00,LINK-USD,15m,9.6899995803833,9.71399974822998,9.680000305175781,9.699000358581543,2238144,2238144,yfinance,2026-07-10T06:58:07.675573+00:00
2026-05-21 01:45:00+00:00,LINK-USD,15m,9.701000213623047,9.71399974822998,9.692999839782715,9.704999923706055,3148480,3148480,yfinance,2026-07-10T06:58:07.675573+00:00
2026-05-21 02:00:00+00:00,LINK-USD,15m,9.706000328063965,9.708000183105469,9.692999839782715,9.701000213623047,2541632,2541632,yfinance,2026-07-10T06:58:07.675573+00:00
2026-05-21 02:15:00+00:00,LINK-USD,15m,9.697999954223633,9.739999771118164,9.697999954223633,9.734000205993652,5220672,5220672,yfinance,2026-07-10T06:58:07.675573+00:00
2026-05-21 02:30:00+00:00,LINK-USD,15m,9.737000465393066,9.744999885559082,9.730999946594238,9.741000175476074,2071424,2071424,yfinance,2026-07-10T06:58:07.675573+00:00
2026-05-21 02:45:00+00:00,LINK-USD,15m,9.73900032043457,9.73900032043457,9.710000038146973,9.710000038146973,811520,811520,yfinance,2026-07-10T06:58:07.675573+00:00
2026-05-21 03:00:00+00:00,LINK-USD,15m,9.708999633789062,9.734999656677246,9.704000473022461,9.723999977111816,678912,678912,yfinance,2026-07-10T06:58:07.675573+00:00
2026-05-21 03:15:00+00:00,LINK-USD,15m,9.722000122070312,9.75100040435791,9.718999862670898,9.748000144958496,362816,362816,yfinance,2026-07-10T06:58:07.675573+00:00
2026-05-21 03:30:00+00:00,LINK-USD,15m,9.743000030517578,9.75,9.741000175476074,9.746000289916992,220736,220736,yfinance,2026-07-10T06:58:07.675573+00:00
2026-05-21 03:45:00+00:00,LINK-USD,15m,9.744999885559082,9.760000228881836,9.739999771118164,9.751999855041504,756288,756288,yfinance,2026-07-10T06:58:07.675573+00:00
2026-05-21 04:00:00+00:00,LINK-USD,15m,9.753999710083008,9.769000053405762,9.73900032043457,9.73900032043457,1529600,1529600,yfinance,2026-07-10T06:58:07.675573+00:00
2026-05-21 04:15:00+00:00,LINK-USD,15m,9.73900032043457,9.751999855041504,9.73900032043457,9.744999885559082,486144,486144,yfinance,2026-07-10T06:58:07.675573+00:00
2026-05-21 04:30:00+00:00,LINK-USD,15m,9.746000289916992,9.748000144958496,9.718000411987305,9.737000465393066,170048,170048,yfinance,2026-07-10T06:58:07.675573+00:00
2026-05-21 04:45:00+00:00,LINK-USD,15m,9.737000465393066,9.744999885559082,9.732999801635742,9.739999771118164,1368512,1368512,yfinance,2026-07-10T06:58:07.675573+00:00
2026-05-21 05:00:00+00:00,LINK-USD,15m,9.73900032043457,9.753000259399414,9.718999862670898,9.722000122070312,0,0,yfinance,2026-07-10T06:58:07.675573+00:00
2026-05-21 05:15:00+00:00,LINK-USD,15m,9.718999862670898,9.732000350952148,9.704999923706055,9.706000328063965,587712,587712,yfinance,2026-07-10T06:58:07.675573+00:00
2026-05-21 05:30:00+00:00,LINK-USD,15m,9.70199966430664,9.706000328063965,9.6899995803833,9.694999694824219,0,0,yfinance,2026-07-10T06:58:07.675573+00:00
2026-05-21 05:45:00+00:00,LINK-USD,15m,9.692999839782715,9.696999549865723,9.661999702453613,9.677000045776367,1324928,1324928,yfinance,2026-07-10T06:58:07.675573+00:00
2026-05-21 06:00:00+00:00,LINK-USD,15m,9.677000045776367,9.6899995803833,9.666000366210938,9.668000221252441,0,0,yfinance,2026-07-10T06:58:07.675573+00:00
2026-05-21 06:15:00+00:00,LINK-USD,15m,9.67199993133545,9.687999725341797,9.656000137329102,9.666000366210938,1398080,1398080,yfinance,2026-07-10T06:58:07.675573+00:00
2026-05-21 06:30:00+00:00,LINK-USD,15m,9.666000366210938,9.678000450134277,9.642000198364258,9.647000312805176,0,0,yfinance,2026-07-10T06:58:07.675573+00:00
2026-05-21 06:45:00+00:00,LINK-USD,15m,9.64799976348877,9.651000022888184,9.619000434875488,9.631999969482422,3140992,3140992,yfinance,2026-07-10T06:58:07.675573+00:00
2026-05-21 07:00:00+00:00,LINK-USD,15m,9.630999565124512,9.644000053405762,9.623000144958496,9.635000228881836,799168,799168,yfinance,2026-07-10T06:58:07.675573+00:00
2026-05-21 07:15:00+00:00,LINK-USD,15m,9.635000228881836,9.635000228881836,9.614999771118164,9.630000114440918,977408,977408,yfinance,2026-07-10T06:58:07.675573+00:00
2026-05-21 07:30:00+00:00,LINK-USD,15m,9.630000114440918,9.675999641418457,9.630000114440918,9.675999641418457,1287360,1287360,yfinance,2026-07-10T06:58:07.675573+00:00
2026-05-21 07:45:00+00:00,LINK-USD,15m,9.677000045776367,9.694000244140625,9.677000045776367,9.682999610900879,932992,932992,yfinance,2026-07-10T06:58:07.675573+00:00
2026-05-21 08:00:00+00:00,LINK-USD,15m,9.685999870300293,9.744000434875488,9.680999755859375,9.741000175476074,2469184,2469184,yfinance,2026-07-10T06:58:07.675573+00:00
2026-05-21 08:15:00+00:00,LINK-USD,15m,9.746999740600586,9.75,9.70300006866455,9.729000091552734,1375872,1375872,yfinance,2026-07-10T06:58:07.675573+00:00
2026-05-21 08:30:00+00:00,LINK-USD,15m,9.725000381469727,9.725000381469727,9.690999984741211,9.70300006866455,1060544,1060544,yfinance,2026-07-10T06:58:07.675573+00:00
2026-05-21 08:45:00+00:00,LINK-USD,15m,9.70300006866455,9.704000473022461,9.666000366210938,9.668999671936035,0,0,yfinance,2026-07-10T06:58:07.675573+00:00
2026-05-21 09:00:00+00:00,LINK-USD,15m,9.666000366210938,9.680000305175781,9.656000137329102,9.675999641418457,1076864,1076864,yfinance,2026-07-10T06:58:07.675573+00:00
2026-05-21 09:15:00+00:00,LINK-USD,15m,9.678000450134277,9.689000129699707,9.670000076293945,9.67300033569336,1060864,1060864,yfinance,2026-07-10T06:58:07.675573+00:00
2026-05-21 09:30:00+00:00,LINK-USD,15m,9.670999526977539,9.67300033569336,9.593000411987305,9.619000434875488,1315648,1315648,yfinance,2026-07-10T06:58:07.675573+00:00
2026-05-21 09:45:00+00:00,LINK-USD,15m,9.619000434875488,9.630000114440918,9.604999542236328,9.607999801635742,1603584,1603584,yfinance,2026-07-10T06:58:07.675573+00:00
2026-05-21 10:00:00+00:00,LINK-USD,15m,9.607000350952148,9.623000144958496,9.602999687194824,9.616000175476074,443296,443296,yfinance,2026-07-10T06:58:07.675573+00:00
2026-05-21 10:15:00+00:00,LINK-USD,15m,9.616999626159668,9.62600040435791,9.510000228881836,9.552000045776367,2197568,2197568,yfinance,2026-07-10T06:58:07.675573+00:00
2026-05-21 10:30:00+00:00,LINK-USD,15m,9.54800033569336,9.57800006866455,9.526000022888184,9.564000129699707,2178144,2178144,yfinance,2026-07-10T06:58:07.675573+00:00
2026-05-21 10:45:00+00:00,LINK-USD,15m,9.562000274658203,9.569000244140625,9.539999961853027,9.545000076293945,3606528,3606528,yfinance,2026-07-10T06:58:07.675573+00:00
2026-05-21 11:00:00+00:00,LINK-USD,15m,9.54699993133545,9.565999984741211,9.529999732971191,9.564000129699707,1624480,1624480,yfinance,2026-07-10T06:58:07.675573+00:00
2026-05-21 11:15:00+00:00,LINK-USD,15m,9.564000129699707,9.57699966430664,9.557000160217285,9.562000274658203,791584,791584,yfinance,2026-07-10T06:58:07.675573+00:00
2026-05-21 11:30:00+00:00,LINK-USD,15m,9.562000274658203,9.574999809265137,9.539999961853027,9.54800033569336,590336,590336,yfinance,2026-07-10T06:58:07.675573+00:00
2026-05-21 11:45:00+00:00,LINK-USD,15m,9.550000190734863,9.555999755859375,9.538999557495117,9.539999961853027,0,0,yfinance,2026-07-10T06:58:07.675573+00:00
2026-05-21 12:00:00+00:00,LINK-USD,15m,9.541000366210938,9.562999725341797,9.536999702453613,9.54699993133545,924544,924544,yfinance,2026-07-10T06:58:07.675573+00:00
2026-05-21 12:15:00+00:00,LINK-USD,15m,9.54800033569336,9.555000305175781,9.522000312805176,9.522000312805176,348544,348544,yfinance,2026-07-10T06:58:07.675573+00:00
2026-05-21 12:30:00+00:00,LINK-USD,15m,9.520000457763672,9.585000038146973,9.51200008392334,9.571999549865723,1941664,1941664,yfinance,2026-07-10T06:58:07.675573+00:00
2026-05-21 12:45:00+00:00,LINK-USD,15m,9.571000099182129,9.585000038146973,9.565999984741211,9.569999694824219,0,0,yfinance,2026-07-10T06:58:07.675573+00:00
2026-05-21 13:00:00+00:00,LINK-USD,15m,9.5649995803833,9.598999977111816,9.5649995803833,9.59000015258789,5568,5568,yfinance,2026-07-10T06:58:07.675573+00:00
2026-05-21 13:15:00+00:00,LINK-USD,15m,9.59000015258789,9.598999977111816,9.57699966430664,9.598999977111816,0,0,yfinance,2026-07-10T06:58:07.675573+00:00
2026-05-21 13:30:00+00:00,LINK-USD,15m,9.595999717712402,9.600000381469727,9.515000343322754,9.522000312805176,18432,18432,yfinance,2026-07-10T06:58:07.675573+00:00
2026-05-21 13:45:00+00:00,LINK-USD,15m,9.52400016784668,9.619999885559082,9.52400016784668,9.60099983215332,660000,660000,yfinance,2026-07-10T06:58:07.675573+00:00
2026-05-21 14:00:00+00:00,LINK-USD,15m,9.602999687194824,9.630999565124512,9.57699966430664,9.588000297546387,323232,323232,yfinance,2026-07-10T06:58:07.675573+00:00
2026-05-21 14:15:00+00:00,LINK-USD,15m,9.583999633789062,9.593000411987305,9.555000305175781,9.590999603271484,0,0,yfinance,2026-07-10T06:58:07.675573+00:00
2026-05-21 14:30:00+00:00,LINK-USD,15m,9.593999862670898,9.628999710083008,9.576000213623047,9.581999778747559,0,0,yfinance,2026-07-10T06:58:07.675573+00:00
2026-05-21 14:45:00+00:00,LINK-USD,15m,9.579999923706055,9.593000411987305,9.564000129699707,9.583999633789062,0,0,yfinance,2026-07-10T06:58:07.675573+00:00
2026-05-21 15:00:00+00:00,LINK-USD,15m,9.586999893188477,9.642000198364258,9.567000389099121,9.621000289916992,0,0,yfinance,2026-07-10T06:58:07.675573+00:00
2026-05-21 15:15:00+00:00,LINK-USD,15m,9.619999885559082,9.670000076293945,9.618000030517578,9.670000076293945,4961696,4961696,yfinance,2026-07-10T06:58:07.675573+00:00
2026-05-21 15:30:00+00:00,LINK-USD,15m,9.67199993133545,9.675999641418457,9.609999656677246,9.623000144958496,0,0,yfinance,2026-07-10T06:58:07.675573+00:00
2026-05-21 15:45:00+00:00,LINK-USD,15m,9.62600040435791,9.670000076293945,9.62600040435791,9.63700008392334,0,0,yfinance,2026-07-10T06:58:07.675573+00:00
2026-05-21 16:00:00+00:00,LINK-USD,15m,9.640000343322754,9.661999702453613,9.621000289916992,9.631999969482422,0,0,yfinance,2026-07-10T06:58:07.675573+00:00
2026-05-21 16:15:00+00:00,LINK-USD,15m,9.635000228881836,9.63700008392334,9.605999946594238,9.623000144958496,0,0,yfinance,2026-07-10T06:58:07.675573+00:00
2026-05-21 16:30:00+00:00,LINK-USD,15m,9.623000144958496,9.656999588012695,9.611000061035156,9.616999626159668,691520,691520,yfinance,2026-07-10T06:58:07.675573+00:00
2026-05-21 16:45:00+00:00,LINK-USD,15m,9.619000434875488,9.63599967956543,9.60200023651123,9.63599967956543,23680,23680,yfinance,2026-07-10T06:58:07.675573+00:00
2026-05-21 17:00:00+00:00,LINK-USD,15m,9.640000343322754,9.710000038146973,9.63599967956543,9.696000099182129,4936896,4936896,yfinance,2026-07-10T06:58:07.675573+00:00
2026-05-21 17:15:00+00:00,LINK-USD,15m,9.694000244140625,9.79699993133545,9.689000129699707,9.793999671936035,3737440,3737440,yfinance,2026-07-10T06:58:07.675573+00:00
2026-05-21 17:30:00+00:00,LINK-USD,15m,9.795000076293945,9.800999641418457,9.772000312805176,9.79699993133545,734880,734880,yfinance,2026-07-10T06:58:07.675573+00:00
2026-05-21 17:45:00+00:00,LINK-USD,15m,9.798999786376953,9.843999862670898,9.774999618530273,9.800000190734863,2357984,2357984,yfinance,2026-07-10T06:58:07.675573+00:00
2026-05-21 18:00:00+00:00,LINK-USD,15m,9.805000305175781,9.807000160217285,9.763999938964844,9.789999961853027,592384,592384,yfinance,2026-07-10T06:58:07.675573+00:00
2026-05-21 18:15:00+00:00,LINK-USD,15m,9.791999816894531,9.8149995803833,9.774999618530273,9.788000106811523,751136,751136,yfinance,2026-07-10T06:58:07.675573+00:00
2026-05-21 18:30:00+00:00,LINK-USD,15m,9.788999557495117,9.805999755859375,9.782999992370605,9.795000076293945,1216704,1216704,yfinance,2026-07-10T06:58:07.675573+00:00
2026-05-21 18:45:00+00:00,LINK-USD,15m,9.795000076293945,9.795000076293945,9.692999839782715,9.732000350952148,1962080,1962080,yfinance,2026-07-10T06:58:07.675573+00:00
2026-05-21 19:00:00+00:00,LINK-USD,15m,9.734999656677246,9.767999649047852,9.729000091552734,9.751999855041504,0,0,yfinance,2026-07-10T06:58:07.675573+00:00
2026-05-21 19:15:00+00:00,LINK-USD,15m,9.755000114440918,9.758999824523926,9.737000465393066,9.741000175476074,0,0,yfinance,2026-07-10T06:58:07.675573+00:00
2026-05-21 19:30:00+00:00,LINK-USD,15m,9.746000289916992,9.762999534606934,9.741999626159668,9.751999855041504,0,0,yfinance,2026-07-10T06:58:07.675573+00:00
2026-05-21 19:45:00+00:00,LINK-USD,15m,9.75100040435791,9.79699993133545,9.75,9.789999961853027,374016,374016,yfinance,2026-07-10T06:58:07.675573+00:00
2026-05-21 20:00:00+00:00,LINK-USD,15m,9.793999671936035,9.805000305175781,9.777999877929688,9.782999992370605,0,0,yfinance,2026-07-10T06:58:07.675573+00:00
2026-05-21 20:15:00+00:00,LINK-USD,15m,9.786999702453613,9.788999557495117,9.770999908447266,9.774999618530273,0,0,yfinance,2026-07-10T06:58:07.675573+00:00
2026-05-21 20:30:00+00:00,LINK-USD,15m,9.776000022888184,9.786999702453613,9.765000343322754,9.774999618530273,958432,958432,yfinance,2026-07-10T06:58:07.675573+00:00
2026-05-21 20:45:00+00:00,LINK-USD,15m,9.781000137329102,9.795000076293945,9.755999565124512,9.76200008392334,1074944,1074944,yfinance,2026-07-10T06:58:07.675573+00:00
2026-05-21 21:00:00+00:00,LINK-USD,15m,9.765999794006348,9.78499984741211,9.765999794006348,9.776000022888184,3154304,3154304,yfinance,2026-07-10T06:58:07.675573+00:00
2026-05-21 21:15:00+00:00,LINK-USD,15m,9.77400016784668,9.791000366210938,9.770000457763672,9.789999961853027,44416,44416,yfinance,2026-07-10T06:58:07.675573+00:00
2026-05-21 21:30:00+00:00,LINK-USD,15m,9.791000366210938,9.793999671936035,9.770000457763672,9.774999618530273,8800,8800,yfinance,2026-07-10T06:58:07.675573+00:00
2026-05-21 21:45:00+00:00,LINK-USD,15m,9.776000022888184,9.779000282287598,9.758000373840332,9.763999938964844,0,0,yfinance,2026-07-10T06:58:07.675573+00:00
2026-05-21 22:00:00+00:00,LINK-USD,15m,9.770000457763672,9.777999877929688,9.746000289916992,9.763999938964844,0,0,yfinance,2026-07-10T06:58:07.675573+00:00
2026-05-21 22:15:00+00:00,LINK-USD,15m,9.765000343322754,9.769000053405762,9.75,9.767000198364258,0,0,yfinance,2026-07-10T06:58:07.675573+00:00
2026-05-21 22:30:00+00:00,LINK-USD,15m,9.765000343322754,9.770999908447266,9.727999687194824,9.736000061035156,3553024,3553024,yfinance,2026-07-10T06:58:07.675573+00:00
2026-05-21 22:45:00+00:00,LINK-USD,15m,9.737000465393066,9.741999626159668,9.722000122070312,9.722000122070312,0,0,yfinance,2026-07-10T06:58:07.675573+00:00
2026-05-21 23:00:00+00:00,LINK-USD,15m,9.722000122070312,9.73799991607666,9.697999954223633,9.699000358581543,0,0,yfinance,2026-07-10T06:58:07.675573+00:00
2026-05-21 23:15:00+00:00,LINK-USD,15m,9.694000244140625,9.713000297546387,9.689000129699707,9.70300006866455,1854464,1854464,yfinance,2026-07-10T06:58:07.675573+00:00
2026-05-21 23:30:00+00:00,LINK-USD,15m,9.699999809265137,9.744000434875488,9.699999809265137,9.737000465393066,4298144,4298144,yfinance,2026-07-10T06:58:07.675573+00:00
2026-05-21 23:45:00+00:00,LINK-USD,15m,9.737000465393066,9.756999969482422,9.736000061035156,9.743000030517578,836096,836096,yfinance,2026-07-10T06:58:07.675573+00:00
2026-05-22 00:00:00+00:00,LINK-USD,15m,9.746999740600586,9.746999740600586,9.725000381469727,9.730999946594238,434720,434720,yfinance,2026-07-10T06:58:07.675573+00:00
2026-05-22 00:15:00+00:00,LINK-USD,15m,9.729000091552734,9.75100040435791,9.723999977111816,9.72700023651123,0,0,yfinance,2026-07-10T06:58:07.675573+00:00
2026-05-22 00:30:00+00:00,LINK-USD,15m,9.729000091552734,9.744999885559082,9.718999862670898,9.727999687194824,112672,112672,yfinance,2026-07-10T06:58:07.675573+00:00
2026-05-22 00:45:00+00:00,LINK-USD,15m,9.72700023651123,9.736000061035156,9.706000328063965,9.710000038146973,0,0,yfinance,2026-07-10T06:58:07.675573+00:00
2026-05-22 01:00:00+00:00,LINK-USD,15m,9.706000328063965,9.746000289916992,9.70300006866455,9.744999885559082,0,0,yfinance,2026-07-10T06:58:07.675573+00:00
2026-05-22 01:15:00+00:00,LINK-USD,15m,9.746000289916992,9.746000289916992,9.71500015258789,9.72700023651123,0,0,yfinance,2026-07-10T06:58:07.675573+00:00
2026-05-22 01:30:00+00:00,LINK-USD,15m,9.72700023651123,9.741999626159668,9.701000213623047,9.732999801635742,3271584,3271584,yfinance,2026-07-10T06:58:07.675573+00:00
2026-05-22 01:45:00+00:00,LINK-USD,15m,9.732999801635742,9.770999908447266,9.732999801635742,9.770999908447266,0,0,yfinance,2026-07-10T06:58:07.675573+00:00
2026-05-22 02:00:00+00:00,LINK-USD,15m,9.772000312805176,9.79699993133545,9.772000312805176,9.78600025177002,0,0,yfinance,2026-07-10T06:58:07.675573+00:00
2026-05-22 02:15:00+00:00,LINK-USD,15m,9.786999702453613,9.800000190734863,9.77299976348877,9.784000396728516,275968,275968,yfinance,2026-07-10T06:58:07.675573+00:00
2026-05-22 02:30:00+00:00,LINK-USD,15m,9.781999588012695,9.795000076293945,9.77400016784668,9.788000106811523,0,0,yfinance,2026-07-10T06:58:07.675573+00:00
2026-05-22 02:45:00+00:00,LINK-USD,15m,9.786999702453613,9.805999755859375,9.777000427246094,9.795000076293945,373792,373792,yfinance,2026-07-10T06:58:07.675573+00:00
2026-05-22 03:00:00+00:00,LINK-USD,15m,9.795999526977539,9.826000213623047,9.795999526977539,9.800000190734863,324256,324256,yfinance,2026-07-10T06:58:07.675573+00:00
2026-05-22 03:15:00+00:00,LINK-USD,15m,9.802000045776367,9.809000015258789,9.78499984741211,9.805000305175781,384800,384800,yfinance,2026-07-10T06:58:07.675573+00:00
2026-05-22 03:30:00+00:00,LINK-USD,15m,9.807999610900879,9.815999984741211,9.798999786376953,9.807999610900879,127168,127168,yfinance,2026-07-10T06:58:07.675573+00:00
2026-05-22 03:45:00+00:00,LINK-USD,15m,9.807000160217285,9.821999549865723,9.800999641418457,9.819999694824219,1156256,1156256,yfinance,2026-07-10T06:58:07.675573+00:00
2026-05-22 04:00:00+00:00,LINK-USD,15m,9.82699966430664,9.850000381469727,9.82699966430664,9.848999977111816,0,0,yfinance,2026-07-10T06:58:07.675573+00:00
2026-05-22 04:15:00+00:00,LINK-USD,15m,9.85200023651123,9.854999542236328,9.821999549865723,9.821999549865723,1426816,1426816,yfinance,2026-07-10T06:58:07.675573+00:00
2026-05-22 04:30:00+00:00,LINK-USD,15m,9.821999549865723,9.824999809265137,9.795000076293945,9.803000450134277,0,0,yfinance,2026-07-10T06:58:07.675573+00:00
2026-05-22 04:45:00+00:00,LINK-USD,15m,9.803999900817871,9.809000015258789,9.781000137329102,9.805000305175781,29856,29856,yfinance,2026-07-10T06:58:07.675573+00:00
2026-05-22 05:00:00+00:00,LINK-USD,15m,9.807999610900879,9.836000442504883,9.795999526977539,9.831999778747559,1913120,1913120,yfinance,2026-07-10T06:58:07.675573+00:00
2026-05-22 05:15:00+00:00,LINK-USD,15m,9.836999893188477,9.845999717712402,9.805000305175781,9.824000358581543,660576,660576,yfinance,2026-07-10T06:58:07.675573+00:00
2026-05-22 05:30:00+00:00,LINK-USD,15m,9.826000213623047,9.831999778747559,9.795999526977539,9.817000389099121,107136,107136,yfinance,2026-07-10T06:58:07.675573+00:00
2026-05-22 05:45:00+00:00,LINK-USD,15m,9.817999839782715,9.85200023651123,9.800999641418457,9.8100004196167,0,0,yfinance,2026-07-10T06:58:07.675573+00:00
2026-05-22 06:00:00+00:00,LINK-USD,15m,9.812000274658203,9.829000473022461,9.800999641418457,9.82699966430664,588384,588384,yfinance,2026-07-10T06:58:07.675573+00:00
2026-05-22 06:15:00+00:00,LINK-USD,15m,9.822999954223633,9.831000328063965,9.8100004196167,9.821999549865723,96224,96224,yfinance,2026-07-10T06:58:07.675573+00:00
2026-05-22 06:30:00+00:00,LINK-USD,15m,9.824000358581543,9.824000358581543,9.793000221252441,9.812000274658203,199872,199872,yfinance,2026-07-10T06:58:07.675573+00:00
2026-05-22 06:45:00+00:00,LINK-USD,15m,9.803999900817871,9.805000305175781,9.763999938964844,9.772000312805176,0,0,yfinance,2026-07-10T06:58:07.675573+00:00
2026-05-22 07:00:00+00:00,LINK-USD,15m,9.767000198364258,9.781000137329102,9.744000434875488,9.781000137329102,216160,216160,yfinance,2026-07-10T06:58:07.675573+00:00
2026-05-22 07:15:00+00:00,LINK-USD,15m,9.779999732971191,9.824000358581543,9.779999732971191,9.821999549865723,0,0,yfinance,2026-07-10T06:58:07.675573+00:00
2026-05-22 07:30:00+00:00,LINK-USD,15m,9.819999694824219,9.842000007629395,9.802000045776367,9.842000007629395,182688,182688,yfinance,2026-07-10T06:58:07.675573+00:00
2026-05-22 07:45:00+00:00,LINK-USD,15m,9.836999893188477,9.843000411987305,9.814000129699707,9.814000129699707,1597760,1597760,yfinance,2026-07-10T06:58:07.675573+00:00
2026-05-22 08:00:00+00:00,LINK-USD,15m,9.817000389099121,9.821999549865723,9.78600025177002,9.802000045776367,0,0,yfinance,2026-07-10T06:58:07.675573+00:00
2026-05-22 08:15:00+00:00,LINK-USD,15m,9.803000450134277,9.831999778747559,9.803000450134277,9.82800006866455,712544,712544,yfinance,2026-07-10T06:58:07.675573+00:00
2026-05-22 08:30:00+00:00,LINK-USD,15m,9.82800006866455,9.82800006866455,9.758000373840332,9.777000427246094,630848,630848,yfinance,2026-07-10T06:58:07.675573+00:00
2026-05-22 08:45:00+00:00,LINK-USD,15m,9.777000427246094,9.79699993133545,9.770999908447266,9.78499984741211,5380544,5380544,yfinance,2026-07-10T06:58:07.675573+00:00
2026-05-22 09:00:00+00:00,LINK-USD,15m,9.779999732971191,9.805999755859375,9.77400016784668,9.800000190734863,724512,724512,yfinance,2026-07-10T06:58:07.675573+00:00
2026-05-22 09:15:00+00:00,LINK-USD,15m,9.79699993133545,9.836999893188477,9.79699993133545,9.822999954223633,2804960,2804960,yfinance,2026-07-10T06:58:07.675573+00:00
2026-05-22 09:30:00+00:00,LINK-USD,15m,9.826000213623047,9.831000328063965,9.791000366210938,9.824999809265137,533760,533760,yfinance,2026-07-10T06:58:07.675573+00:00
2026-05-22 09:45:00+00:00,LINK-USD,15m,9.824999809265137,9.836999893188477,9.802000045776367,9.826000213623047,219872,219872,yfinance,2026-07-10T06:58:07.675573+00:00
2026-05-22 10:00:00+00:00,LINK-USD,15m,9.821999549865723,9.826000213623047,9.79800033569336,9.810999870300293,0,0,yfinance,2026-07-10T06:58:07.675573+00:00
2026-05-22 10:15:00+00:00,LINK-USD,15m,9.807999610900879,9.819999694824219,9.788000106811523,9.817999839782715,0,0,yfinance,2026-07-10T06:58:07.675573+00:00
2026-05-22 10:30:00+00:00,LINK-USD,15m,9.819000244140625,9.833000183105469,9.807000160217285,9.831000328063965,0,0,yfinance,2026-07-10T06:58:07.675573+00:00
2026-05-22 10:45:00+00:00,LINK-USD,15m,9.82800006866455,9.833999633789062,9.805999755859375,9.807999610900879,0,0,yfinance,2026-07-10T06:58:07.675573+00:00
2026-05-22 11:00:00+00:00,LINK-USD,15m,9.8149995803833,9.824000358581543,9.802000045776367,9.817000389099121,23776,23776,yfinance,2026-07-10T06:58:07.675573+00:00
2026-05-22 11:15:00+00:00,LINK-USD,15m,9.817000389099121,9.824999809265137,9.791000366210938,9.810999870300293,82304,82304,yfinance,2026-07-10T06:58:07.675573+00:00
2026-05-22 11:30:00+00:00,LINK-USD,15m,9.812000274658203,9.835000038146973,9.812000274658203,9.824000358581543,820480,820480,yfinance,2026-07-10T06:58:07.675573+00:00
2026-05-22 11:45:00+00:00,LINK-USD,15m,9.821000099182129,9.883000373840332,9.821000099182129,9.880999565124512,6379296,6379296,yfinance,2026-07-10T06:58:07.675573+00:00
2026-05-22 12:00:00+00:00,LINK-USD,15m,9.876999855041504,9.92300033569336,9.871000289916992,9.916000366210938,2022304,2022304,yfinance,2026-07-10T06:58:07.675573+00:00
2026-05-22 12:15:00+00:00,LINK-USD,15m,9.918999671936035,9.925000190734863,9.890000343322754,9.89799976348877,3797728,3797728,yfinance,2026-07-10T06:58:07.675573+00:00
2026-05-22 12:30:00+00:00,LINK-USD,15m,9.902000427246094,9.932000160217285,9.892999649047852,9.928999900817871,209504,209504,yfinance,2026-07-10T06:58:07.675573+00:00
2026-05-22 12:45:00+00:00,LINK-USD,15m,9.930000305175781,9.991000175476074,9.930000305175781,9.991000175476074,5477856,5477856,yfinance,2026-07-10T06:58:07.675573+00:00
2026-05-22 13:00:00+00:00,LINK-USD,15m,9.991999626159668,10.01200008392334,9.979000091552734,9.994000434875488,7359328,7359328,yfinance,2026-07-10T06:58:07.675573+00:00
2026-05-22 13:15:00+00:00,LINK-USD,15m,9.998000144958496,10.022000312805176,9.95300006866455,9.961000442504883,6447968,6447968,yfinance,2026-07-10T06:58:07.675573+00:00
2026-05-22 13:30:00+00:00,LINK-USD,15m,9.95199966430664,9.982000350952148,9.906999588012695,9.946000099182129,2702176,2702176,yfinance,2026-07-10T06:58:07.675573+00:00
2026-05-22 13:45:00+00:00,LINK-USD,15m,9.954999923706055,9.970999717712402,9.90999984741211,9.954999923706055,1952096,1952096,yfinance,2026-07-10T06:58:07.675573+00:00
2026-05-22 14:00:00+00:00,LINK-USD,15m,9.9350004196167,9.9399995803833,9.881999969482422,9.890000343322754,6656256,6656256,yfinance,2026-07-10T06:58:07.675573+00:00
2026-05-22 14:15:00+00:00,LINK-USD,15m,9.888999938964844,9.901000022888184,9.763999938964844,9.815999984741211,3869056,3869056,yfinance,2026-07-10T06:58:07.675573+00:00
2026-05-22 14:30:00+00:00,LINK-USD,15m,9.812000274658203,9.829999923706055,9.79699993133545,9.803999900817871,4460960,4460960,yfinance,2026-07-10T06:58:07.675573+00:00
2026-05-22 14:45:00+00:00,LINK-USD,15m,9.805999755859375,9.805999755859375,9.76200008392334,9.770999908447266,3096736,3096736,yfinance,2026-07-10T06:58:07.675573+00:00
2026-05-22 15:00:00+00:00,LINK-USD,15m,9.762999534606934,9.812000274658203,9.751999855041504,9.756999969482422,1783200,1783200,yfinance,2026-07-10T06:58:07.675573+00:00
2026-05-22 15:15:00+00:00,LINK-USD,15m,9.758999824523926,9.800000190734863,9.732000350952148,9.800000190734863,628224,628224,yfinance,2026-07-10T06:58:07.675573+00:00
2026-05-22 15:30:00+00:00,LINK-USD,15m,9.79800033569336,9.826000213623047,9.765999794006348,9.77400016784668,818976,818976,yfinance,2026-07-10T06:58:07.675573+00:00
2026-05-22 15:45:00+00:00,LINK-USD,15m,9.770999908447266,9.814000129699707,9.765999794006348,9.800000190734863,517184,517184,yfinance,2026-07-10T06:58:07.675573+00:00
2026-05-22 16:00:00+00:00,LINK-USD,15m,9.800000190734863,9.82800006866455,9.779999732971191,9.803999900817871,0,0,yfinance,2026-07-10T06:58:07.675573+00:00
2026-05-22 16:15:00+00:00,LINK-USD,15m,9.802000045776367,9.803999900817871,9.75,9.765999794006348,3233920,3233920,yfinance,2026-07-10T06:58:07.675573+00:00
2026-05-22 16:30:00+00:00,LINK-USD,15m,9.769000053405762,9.781000137329102,9.746000289916992,9.779999732971191,718560,718560,yfinance,2026-07-10T06:58:07.675573+00:00
2026-05-22 16:45:00+00:00,LINK-USD,15m,9.776000022888184,9.812000274658203,9.77400016784668,9.798999786376953,4608224,4608224,yfinance,2026-07-10T06:58:07.675573+00:00
2026-05-22 17:00:00+00:00,LINK-USD,15m,9.800999641418457,9.824999809265137,9.791000366210938,9.803000450134277,0,0,yfinance,2026-07-10T06:58:07.675573+00:00
2026-05-22 17:15:00+00:00,LINK-USD,15m,9.803999900817871,9.829000473022461,9.760000228881836,9.824000358581543,0,0,yfinance,2026-07-10T06:58:07.675573+00:00
2026-05-22 17:30:00+00:00,LINK-USD,15m,9.829999923706055,9.845999717712402,9.805999755859375,9.836999893188477,0,0,yfinance,2026-07-10T06:58:07.675573+00:00
2026-05-22 17:45:00+00:00,LINK-USD,15m,9.83899974822998,9.83899974822998,9.769000053405762,9.770000457763672,1458752,1458752,yfinance,2026-07-10T06:58:07.675573+00:00
2026-05-22 18:00:00+00:00,LINK-USD,15m,9.769000053405762,9.770000457763672,9.708000183105469,9.729000091552734,6123616,6123616,yfinance,2026-07-10T06:58:07.675573+00:00
2026-05-22 18:15:00+00:00,LINK-USD,15m,9.722000122070312,9.760000228881836,9.718999862670898,9.723999977111816,1035232,1035232,yfinance,2026-07-10T06:58:07.675573+00:00
2026-05-22 18:30:00+00:00,LINK-USD,15m,9.720999717712402,9.72599983215332,9.633000373840332,9.635000228881836,3170240,3170240,yfinance,2026-07-10T06:58:07.675573+00:00
2026-05-22 18:45:00+00:00,LINK-USD,15m,9.62399959564209,9.625,9.522000312805176,9.600000381469727,6607488,6607488,yfinance,2026-07-10T06:58:07.675573+00:00
2026-05-22 19:00:00+00:00,LINK-USD,15m,9.598999977111816,9.612000465393066,9.51099967956543,9.529000282287598,2109568,2109568,yfinance,2026-07-10T06:58:07.675573+00:00
2026-05-22 19:15:00+00:00,LINK-USD,15m,9.52299976348877,9.538000106811523,9.465999603271484,9.479999542236328,7160672,7160672,yfinance,2026-07-10T06:58:07.675573+00:00
2026-05-22 19:30:00+00:00,LINK-USD,15m,9.47599983215332,9.47599983215332,9.36400032043457,9.402999877929688,7654656,7654656,yfinance,2026-07-10T06:58:07.675573+00:00
2026-05-22 19:45:00+00:00,LINK-USD,15m,9.39900016784668,9.494999885559082,9.383000373840332,9.456999778747559,10584512,10584512,yfinance,2026-07-10T06:58:07.675573+00:00
2026-05-22 20:00:00+00:00,LINK-USD,15m,9.458000183105469,9.503999710083008,9.454000473022461,9.487000465393066,894720,894720,yfinance,2026-07-10T06:58:07.675573+00:00
2026-05-22 20:15:00+00:00,LINK-USD,15m,9.487000465393066,9.503000259399414,9.46500015258789,9.496000289916992,845376,845376,yfinance,2026-07-10T06:58:07.675573+00:00
2026-05-22 20:30:00+00:00,LINK-USD,15m,9.493000030517578,9.503999710083008,9.465999603271484,9.494999885559082,1613952,1613952,yfinance,2026-07-10T06:58:07.675573+00:00
2026-05-22 20:45:00+00:00,LINK-USD,15m,9.491999626159668,9.534000396728516,9.484000205993652,9.527999877929688,1467648,1467648,yfinance,2026-07-10T06:58:07.675573+00:00
2026-05-22 21:00:00+00:00,LINK-USD,15m,9.52400016784668,9.53600025177002,9.515000343322754,9.529999732971191,800160,800160,yfinance,2026-07-10T06:58:07.675573+00:00
2026-05-22 21:15:00+00:00,LINK-USD,15m,9.52400016784668,9.54699993133545,9.519000053405762,9.54699993133545,502016,502016,yfinance,2026-07-10T06:58:07.675573+00:00
2026-05-22 21:30:00+00:00,LINK-USD,15m,9.545999526977539,9.560999870300293,9.532999992370605,9.534000396728516,667232,667232,yfinance,2026-07-10T06:58:07.675573+00:00
2026-05-22 21:45:00+00:00,LINK-USD,15m,9.534000396728516,9.555999755859375,9.532999992370605,9.53499984741211,112448,112448,yfinance,2026-07-10T06:58:07.675573+00:00
2026-05-22 22:00:00+00:00,LINK-USD,15m,9.534000396728516,9.538000106811523,9.517000198364258,9.536999702453613,0,0,yfinance,2026-07-10T06:58:07.675573+00:00
2026-05-22 22:15:00+00:00,LINK-USD,15m,9.536999702453613,9.536999702453613,9.506999969482422,9.506999969482422,440352,440352,yfinance,2026-07-10T06:58:07.675573+00:00
2026-05-22 22:30:00+00:00,LINK-USD,15m,9.505999565124512,9.520999908447266,9.470999717712402,9.48799991607666,169120,169120,yfinance,2026-07-10T06:58:07.675573+00:00
2026-05-22 22:45:00+00:00,LINK-USD,15m,9.48900032043457,9.508000373840332,9.48900032043457,9.505000114440918,4755680,4755680,yfinance,2026-07-10T06:58:07.675573+00:00
2026-05-22 23:00:00+00:00,LINK-USD,15m,9.508000373840332,9.538000106811523,9.506999969482422,9.53600025177002,0,0,yfinance,2026-07-10T06:58:07.675573+00:00
2026-05-22 23:15:00+00:00,LINK-USD,15m,9.53600025177002,9.53600025177002,9.470000267028809,9.470000267028809,79520,79520,yfinance,2026-07-10T06:58:07.675573+00:00
2026-05-22 23:30:00+00:00,LINK-USD,15m,9.472999572753906,9.508999824523926,9.46399974822998,9.508999824523926,0,0,yfinance,2026-07-10T06:58:07.675573+00:00
2026-05-22 23:45:00+00:00,LINK-USD,15m,9.506999969482422,9.506999969482422,9.362000465393066,9.407999992370605,8736928,8736928,yfinance,2026-07-10T06:58:07.675573+00:00
2026-05-23 00:00:00+00:00,LINK-USD,15m,9.41100025177002,9.428999900817871,9.383000373840332,9.395999908447266,310880,310880,yfinance,2026-07-10T06:58:07.675573+00:00
2026-05-23 00:15:00+00:00,LINK-USD,15m,9.392999649047852,9.406999588012695,9.380000114440918,9.39799976348877,2129184,2129184,yfinance,2026-07-10T06:58:07.675573+00:00
2026-05-23 00:30:00+00:00,LINK-USD,15m,9.39799976348877,9.406999588012695,9.33899974822998,9.361000061035156,3408608,3408608,yfinance,2026-07-10T06:58:07.675573+00:00
2026-05-23 00:45:00+00:00,LINK-USD,15m,9.357999801635742,9.397000312805176,9.357999801635742,9.388999938964844,7095104,7095104,yfinance,2026-07-10T06:58:07.675573+00:00
2026-05-23 01:00:00+00:00,LINK-USD,15m,9.390000343322754,9.416000366210938,9.378999710083008,9.380000114440918,219264,219264,yfinance,2026-07-10T06:58:07.675573+00:00
2026-05-23 01:15:00+00:00,LINK-USD,15m,9.380000114440918,9.404000282287598,9.366000175476074,9.404000282287598,541344,541344,yfinance,2026-07-10T06:58:07.675573+00:00
2026-05-23 01:30:00+00:00,LINK-USD,15m,9.404000282287598,9.413000106811523,9.394000053405762,9.402000427246094,0,0,yfinance,2026-07-10T06:58:07.675573+00:00
2026-05-23 01:45:00+00:00,LINK-USD,15m,9.401000022888184,9.409000396728516,9.383000373840332,9.406000137329102,275392,275392,yfinance,2026-07-10T06:58:07.675573+00:00
2026-05-23 02:00:00+00:00,LINK-USD,15m,9.40999984741211,9.416000366210938,9.385000228881836,9.385000228881836,0,0,yfinance,2026-07-10T06:58:07.675573+00:00
2026-05-23 02:15:00+00:00,LINK-USD,15m,9.387999534606934,9.395000457763672,9.37600040435791,9.380999565124512,0,0,yfinance,2026-07-10T06:58:07.675573+00:00
2026-05-23 02:30:00+00:00,LINK-USD,15m,9.383000373840332,9.392000198364258,9.37399959564209,9.388999938964844,22752,22752,yfinance,2026-07-10T06:58:07.675573+00:00
2026-05-23 02:45:00+00:00,LINK-USD,15m,9.388999938964844,9.394000053405762,9.383999824523926,9.394000053405762,0,0,yfinance,2026-07-10T06:58:07.675573+00:00
2026-05-23 03:00:00+00:00,LINK-USD,15m,9.392000198364258,9.401000022888184,9.390999794006348,9.401000022888184,0,0,yfinance,2026-07-10T06:58:07.675573+00:00
2026-05-23 03:15:00+00:00,LINK-USD,15m,9.399999618530273,9.401000022888184,9.390999794006348,9.395000457763672,0,0,yfinance,2026-07-10T06:58:07.675573+00:00
2026-05-23 03:30:00+00:00,LINK-USD,15m,9.395000457763672,9.401000022888184,9.394000053405762,9.39900016784668,0,0,yfinance,2026-07-10T06:58:07.675573+00:00
2026-05-23 03:45:00+00:00,LINK-USD,15m,9.39900016784668,9.401000022888184,9.390000343322754,9.395999908447266,0,0,yfinance,2026-07-10T06:58:07.675573+00:00
2026-05-23 04:00:00+00:00,LINK-USD,15m,9.395999908447266,9.395999908447266,9.383000373840332,9.390999794006348,610400,610400,yfinance,2026-07-10T06:58:07.675573+00:00
2026-05-23 04:15:00+00:00,LINK-USD,15m,9.392000198364258,9.394000053405762,9.36400032043457,9.378000259399414,892896,892896,yfinance,2026-07-10T06:58:07.675573+00:00
2026-05-23 04:30:00+00:00,LINK-USD,15m,9.378000259399414,9.399999618530273,9.36400032043457,9.36400032043457,5436416,5436416,yfinance,2026-07-10T06:58:07.675573+00:00
2026-05-23 04:45:00+00:00,LINK-USD,15m,9.36400032043457,9.37600040435791,9.357999801635742,9.361000061035156,788576,788576,yfinance,2026-07-10T06:58:07.675573+00:00
2026-05-23 05:00:00+00:00,LINK-USD,15m,9.361000061035156,9.364999771118164,9.343999862670898,9.345000267028809,0,0,yfinance,2026-07-10T06:58:07.675573+00:00
2026-05-23 05:15:00+00:00,LINK-USD,15m,9.345999717712402,9.352999687194824,9.317999839782715,9.329999923706055,786784,786784,yfinance,2026-07-10T06:58:07.675573+00:00
2026-05-23 05:30:00+00:00,LINK-USD,15m,9.329000473022461,9.35099983215332,9.32699966430664,9.343000411987305,102304,102304,yfinance,2026-07-10T06:58:07.675573+00:00
2026-05-23 05:45:00+00:00,LINK-USD,15m,9.342000007629395,9.342000007629395,9.32800006866455,9.338000297546387,0,0,yfinance,2026-07-10T06:58:07.675573+00:00
2026-05-23 06:00:00+00:00,LINK-USD,15m,9.338000297546387,9.33899974822998,9.321000099182129,9.32800006866455,0,0,yfinance,2026-07-10T06:58:07.675573+00:00
2026-05-23 06:15:00+00:00,LINK-USD,15m,9.32699966430664,9.335000038146973,9.310999870300293,9.312999725341797,444352,444352,yfinance,2026-07-10T06:58:07.675573+00:00
2026-05-23 06:30:00+00:00,LINK-USD,15m,9.3149995803833,9.326000213623047,9.305000305175781,9.312999725341797,1124608,1124608,yfinance,2026-07-10T06:58:07.675573+00:00
2026-05-23 06:45:00+00:00,LINK-USD,15m,9.3149995803833,9.317999839782715,9.305999755859375,9.317999839782715,34304,34304,yfinance,2026-07-10T06:58:07.675573+00:00
2026-05-23 07:00:00+00:00,LINK-USD,15m,9.319000244140625,9.324000358581543,9.281000137329102,9.295999526977539,592704,592704,yfinance,2026-07-10T06:58:07.675573+00:00
2026-05-23 07:15:00+00:00,LINK-USD,15m,9.293000221252441,9.293000221252441,9.270000457763672,9.277999877929688,1116992,1116992,yfinance,2026-07-10T06:58:07.675573+00:00
2026-05-23 07:30:00+00:00,LINK-USD,15m,9.279000282287598,9.279000282287598,9.244000434875488,9.258000373840332,3929248,3929248,yfinance,2026-07-10T06:58:07.675573+00:00
2026-05-23 07:45:00+00:00,LINK-USD,15m,9.243000030517578,9.255000114440918,9.071000099182129,9.116000175476074,22980864,22980864,yfinance,2026-07-10T06:58:07.675573+00:00
2026-05-23 08:00:00+00:00,LINK-USD,15m,9.11299991607666,9.14799976348877,9.08899974822998,9.138999938964844,12071136,12071136,yfinance,2026-07-10T06:58:07.675573+00:00
2026-05-23 08:15:00+00:00,LINK-USD,15m,9.142999649047852,9.154999732971191,9.116000175476074,9.116999626159668,1565792,1565792,yfinance,2026-07-10T06:58:07.675573+00:00
2026-05-23 08:30:00+00:00,LINK-USD,15m,9.116999626159668,9.119000434875488,9.093000411987305,9.118000030517578,842752,842752,yfinance,2026-07-10T06:58:07.675573+00:00
2026-05-23 08:45:00+00:00,LINK-USD,15m,9.109999656677246,9.156999588012695,9.109999656677246,9.156999588012695,1003424,1003424,yfinance,2026-07-10T06:58:07.675573+00:00
2026-05-23 09:00:00+00:00,LINK-USD,15m,9.157999992370605,9.180999755859375,9.156000137329102,9.17300033569336,1111904,1111904,yfinance,2026-07-10T06:58:07.675573+00:00
2026-05-23 09:15:00+00:00,LINK-USD,15m,9.17300033569336,9.182000160217285,9.168000221252441,9.168999671936035,0,0,yfinance,2026-07-10T06:58:07.675573+00:00
2026-05-23 09:30:00+00:00,LINK-USD,15m,9.168000221252441,9.173999786376953,9.15999984741211,9.170000076293945,197440,197440,yfinance,2026-07-10T06:58:07.675573+00:00
2026-05-23 09:45:00+00:00,LINK-USD,15m,9.170000076293945,9.178999900817871,9.166000366210938,9.17300033569336,149312,149312,yfinance,2026-07-10T06:58:07.675573+00:00
2026-05-23 10:00:00+00:00,LINK-USD,15m,9.17300033569336,9.196000099182129,9.17300033569336,9.192999839782715,525504,525504,yfinance,2026-07-10T06:58:07.675573+00:00
2026-05-23 10:15:00+00:00,LINK-USD,15m,9.194000244140625,9.196999549865723,9.189000129699707,9.196999549865723,0,0,yfinance,2026-07-10T06:58:07.675573+00:00
2026-05-23 10:30:00+00:00,LINK-USD,15m,9.192999839782715,9.206999778747559,9.190999984741211,9.204999923706055,6944,6944,yfinance,2026-07-10T06:58:07.675573+00:00
2026-05-23 10:45:00+00:00,LINK-USD,15m,9.204999923706055,9.210000038146973,9.189000129699707,9.189000129699707,572960,572960,yfinance,2026-07-10T06:58:07.675573+00:00
2026-05-23 11:00:00+00:00,LINK-USD,15m,9.187000274658203,9.206000328063965,9.1850004196167,9.20199966430664,99584,99584,yfinance,2026-07-10T06:58:07.675573+00:00
2026-05-23 11:15:00+00:00,LINK-USD,15m,9.204000473022461,9.208999633789062,9.197999954223633,9.206000328063965,0,0,yfinance,2026-07-10T06:58:07.675573+00:00
2026-05-23 11:30:00+00:00,LINK-USD,15m,9.206000328063965,9.206999778747559,9.192000389099121,9.192000389099121,1724928,1724928,yfinance,2026-07-10T06:58:07.675573+00:00
2026-05-23 11:45:00+00:00,LINK-USD,15m,9.192000389099121,9.194000244140625,9.175000190734863,9.177000045776367,0,0,yfinance,2026-07-10T06:58:07.675573+00:00
2026-05-23 12:00:00+00:00,LINK-USD,15m,9.175999641418457,9.180000305175781,9.163000106811523,9.166999816894531,0,0,yfinance,2026-07-10T06:58:07.675573+00:00
2026-05-23 12:15:00+00:00,LINK-USD,15m,9.168000221252441,9.173999786376953,9.152999877929688,9.166000366210938,0,0,yfinance,2026-07-10T06:58:07.675573+00:00
2026-05-23 12:30:00+00:00,LINK-USD,15m,9.164999961853027,9.17199993133545,9.156999588012695,9.163999557495117,0,0,yfinance,2026-07-10T06:58:07.675573+00:00
2026-05-23 12:45:00+00:00,LINK-USD,15m,9.164999961853027,9.187000274658203,9.164999961853027,9.180999755859375,0,0,yfinance,2026-07-10T06:58:07.675573+00:00
2026-05-23 13:00:00+00:00,LINK-USD,15m,9.190999984741211,9.22599983215332,9.190999984741211,9.222999572753906,0,0,yfinance,2026-07-10T06:58:07.675573+00:00
2026-05-23 13:15:00+00:00,LINK-USD,15m,9.234999656677246,9.244999885559082,9.223999977111816,9.241999626159668,3981824,3981824,yfinance,2026-07-10T06:58:07.675573+00:00
2026-05-23 13:30:00+00:00,LINK-USD,15m,9.248000144958496,9.251999855041504,9.21399974822998,9.222000122070312,0,0,yfinance,2026-07-10T06:58:07.675573+00:00
2026-05-23 13:45:00+00:00,LINK-USD,15m,9.223999977111816,9.267000198364258,9.223999977111816,9.255000114440918,452096,452096,yfinance,2026-07-10T06:58:07.675573+00:00
2026-05-23 14:00:00+00:00,LINK-USD,15m,9.26200008392334,9.263999938964844,9.236000061035156,9.25100040435791,0,0,yfinance,2026-07-10T06:58:07.675573+00:00
2026-05-23 14:15:00+00:00,LINK-USD,15m,9.253000259399414,9.26099967956543,9.241999626159668,9.25,948224,948224,yfinance,2026-07-10T06:58:07.675573+00:00
2026-05-23 14:30:00+00:00,LINK-USD,15m,9.251999855041504,9.265999794006348,9.241000175476074,9.246000289916992,0,0,yfinance,2026-07-10T06:58:07.675573+00:00
2026-05-23 14:45:00+00:00,LINK-USD,15m,9.246000289916992,9.314000129699707,9.241999626159668,9.309000015258789,6501120,6501120,yfinance,2026-07-10T06:58:07.675573+00:00
2026-05-23 15:00:00+00:00,LINK-USD,15m,9.3100004196167,9.354000091552734,9.303999900817871,9.350000381469727,684864,684864,yfinance,2026-07-10T06:58:07.675573+00:00
2026-05-23 15:15:00+00:00,LINK-USD,15m,9.350000381469727,9.350000381469727,9.3100004196167,9.310999870300293,961824,961824,yfinance,2026-07-10T06:58:07.675573+00:00
2026-05-23 15:30:00+00:00,LINK-USD,15m,9.310999870300293,9.3149995803833,9.282999992370605,9.289999961853027,99776,99776,yfinance,2026-07-10T06:58:07.675573+00:00
2026-05-23 15:45:00+00:00,LINK-USD,15m,9.291999816894531,9.309000015258789,9.288000106811523,9.307000160217285,505920,505920,yfinance,2026-07-10T06:58:07.675573+00:00
2026-05-23 16:00:00+00:00,LINK-USD,15m,9.309000015258789,9.326000213623047,9.291999816894531,9.300000190734863,386624,386624,yfinance,2026-07-10T06:58:07.675573+00:00
2026-05-23 16:15:00+00:00,LINK-USD,15m,9.298999786376953,9.305999755859375,9.276000022888184,9.288000106811523,2954688,2954688,yfinance,2026-07-10T06:58:07.675573+00:00
2026-05-23 16:30:00+00:00,LINK-USD,15m,9.288000106811523,9.32800006866455,9.286999702453613,9.312000274658203,942976,942976,yfinance,2026-07-10T06:58:07.675573+00:00
2026-05-23 16:45:00+00:00,LINK-USD,15m,9.312999725341797,9.319999694824219,9.302000045776367,9.307000160217285,16704,16704,yfinance,2026-07-10T06:58:07.675573+00:00
2026-05-23 17:00:00+00:00,LINK-USD,15m,9.3100004196167,9.321999549865723,9.295000076293945,9.3149995803833,131936,131936,yfinance,2026-07-10T06:58:07.675573+00:00
2026-05-23 17:15:00+00:00,LINK-USD,15m,9.319000244140625,9.321999549865723,9.293000221252441,9.303999900817871,0,0,yfinance,2026-07-10T06:58:07.675573+00:00
2026-05-23 17:30:00+00:00,LINK-USD,15m,9.303999900817871,9.312999725341797,9.29699993133545,9.300000190734863,0,0,yfinance,2026-07-10T06:58:07.675573+00:00
2026-05-23 17:45:00+00:00,LINK-USD,15m,9.300999641418457,9.312000274658203,9.279999732971191,9.303000450134277,0,0,yfinance,2026-07-10T06:58:07.675573+00:00
2026-05-23 18:00:00+00:00,LINK-USD,15m,9.303999900817871,9.364999771118164,9.298999786376953,9.357000350952148,0,0,yfinance,2026-07-10T06:58:07.675573+00:00
2026-05-23 18:15:00+00:00,LINK-USD,15m,9.362000465393066,9.390999794006348,9.354000091552734,9.37399959564209,811808,811808,yfinance,2026-07-10T06:58:07.675573+00:00
2026-05-23 18:30:00+00:00,LINK-USD,15m,9.37600040435791,9.414999961853027,9.37600040435791,9.401000022888184,513248,513248,yfinance,2026-07-10T06:58:07.675573+00:00
2026-05-23 18:45:00+00:00,LINK-USD,15m,9.39799976348877,9.39799976348877,9.36400032043457,9.371999740600586,0,0,yfinance,2026-07-10T06:58:07.675573+00:00
2026-05-23 19:00:00+00:00,LINK-USD,15m,9.37399959564209,9.37399959564209,9.350000381469727,9.36299991607666,1314240,1314240,yfinance,2026-07-10T06:58:07.675573+00:00
2026-05-23 19:15:00+00:00,LINK-USD,15m,9.361000061035156,9.395999908447266,9.361000061035156,9.390000343322754,0,0,yfinance,2026-07-10T06:58:07.675573+00:00
2026-05-23 19:30:00+00:00,LINK-USD,15m,9.392000198364258,9.392000198364258,9.37399959564209,9.381999969482422,0,0,yfinance,2026-07-10T06:58:07.675573+00:00
2026-05-23 19:45:00+00:00,LINK-USD,15m,9.38599967956543,9.397000312805176,9.380999565124512,9.392000198364258,0,0,yfinance,2026-07-10T06:58:07.675573+00:00
2026-05-23 20:00:00+00:00,LINK-USD,15m,9.395999908447266,9.41100025177002,9.378000259399414,9.395000457763672,0,0,yfinance,2026-07-10T06:58:07.675573+00:00
2026-05-23 20:15:00+00:00,LINK-USD,15m,9.395999908447266,9.413999557495117,9.390000343322754,9.395000457763672,1700512,1700512,yfinance,2026-07-10T06:58:07.675573+00:00
2026-05-23 20:30:00+00:00,LINK-USD,15m,9.394000053405762,9.640999794006348,9.380999565124512,9.638999938964844,14983744,14983744,yfinance,2026-07-10T06:58:07.675573+00:00
2026-05-23 20:45:00+00:00,LINK-USD,15m,9.64799976348877,9.744000434875488,9.631999969482422,9.744000434875488,8855200,8855200,yfinance,2026-07-10T06:58:07.675573+00:00
2026-05-23 21:00:00+00:00,LINK-USD,15m,9.746999740600586,9.767000198364258,9.656999588012695,9.666000366210938,5618464,5618464,yfinance,2026-07-10T06:58:07.675573+00:00
2026-05-23 21:15:00+00:00,LINK-USD,15m,9.668999671936035,9.687999725341797,9.62399959564209,9.62399959564209,3529664,3529664,yfinance,2026-07-10T06:58:07.675573+00:00
2026-05-23 21:30:00+00:00,LINK-USD,15m,9.609999656677246,9.656999588012695,9.593000411987305,9.607999801635742,2302368,2302368,yfinance,2026-07-10T06:58:07.675573+00:00
2026-05-23 21:45:00+00:00,LINK-USD,15m,9.609999656677246,9.621999740600586,9.579999923706055,9.607999801635742,1624736,1624736,yfinance,2026-07-10T06:58:07.675573+00:00
2026-05-23 22:00:00+00:00,LINK-USD,15m,9.612000465393066,9.64900016784668,9.612000465393066,9.61299991607666,1682016,1682016,yfinance,2026-07-10T06:58:07.675573+00:00
2026-05-23 22:15:00+00:00,LINK-USD,15m,9.614999771118164,9.625,9.593999862670898,9.593999862670898,196352,196352,yfinance,2026-07-10T06:58:07.675573+00:00
2026-05-23 22:30:00+00:00,LINK-USD,15m,9.593000411987305,9.595999717712402,9.51099967956543,9.5600004196167,5281984,5281984,yfinance,2026-07-10T06:58:07.675573+00:00
2026-05-23 22:45:00+00:00,LINK-USD,15m,9.5600004196167,9.564000129699707,9.543999671936035,9.552000045776367,745824,745824,yfinance,2026-07-10T06:58:07.675573+00:00
2026-05-23 23:00:00+00:00,LINK-USD,15m,9.541999816894531,9.571000099182129,9.536999702453613,9.562000274658203,1363264,1363264,yfinance,2026-07-10T06:58:07.675573+00:00
2026-05-23 23:15:00+00:00,LINK-USD,15m,9.559000015258789,9.574999809265137,9.550999641418457,9.557999610900879,285408,285408,yfinance,2026-07-10T06:58:07.675573+00:00
2026-05-23 23:30:00+00:00,LINK-USD,15m,9.557999610900879,9.574999809265137,9.548999786376953,9.550000190734863,1195776,1195776,yfinance,2026-07-10T06:58:07.675573+00:00
2026-05-23 23:45:00+00:00,LINK-USD,15m,9.54699993133545,9.562999725341797,9.536999702453613,9.550999641418457,0,0,yfinance,2026-07-10T06:58:07.675573+00:00
2026-05-24 00:00:00+00:00,LINK-USD,15m,9.550999641418457,9.562999725341797,9.53499984741211,9.543000221252441,0,0,yfinance,2026-07-10T06:58:07.675573+00:00
2026-05-24 00:15:00+00:00,LINK-USD,15m,9.538000106811523,9.553000450134277,9.532999992370605,9.54800033569336,0,0,yfinance,2026-07-10T06:58:07.675573+00:00
2026-05-24 00:30:00+00:00,LINK-USD,15m,9.550999641418457,9.586999893188477,9.550999641418457,9.569000244140625,0,0,yfinance,2026-07-10T06:58:07.675573+00:00
2026-05-24 00:45:00+00:00,LINK-USD,15m,9.565999984741211,9.590999603271484,9.555999755859375,9.569000244140625,593952,593952,yfinance,2026-07-10T06:58:07.675573+00:00
2026-05-24 01:00:00+00:00,LINK-USD,15m,9.571000099182129,9.581999778747559,9.565999984741211,9.572999954223633,0,0,yfinance,2026-07-10T06:58:07.675573+00:00
2026-05-24 01:15:00+00:00,LINK-USD,15m,9.571000099182129,9.60200023651123,9.571000099182129,9.593999862670898,2659584,2659584,yfinance,2026-07-10T06:58:07.675573+00:00
2026-05-24 01:30:00+00:00,LINK-USD,15m,9.590999603271484,9.607000350952148,9.5649995803833,9.574000358581543,3740032,3740032,yfinance,2026-07-10T06:58:07.675573+00:00
2026-05-24 01:45:00+00:00,LINK-USD,15m,9.576000213623047,9.586000442504883,9.569000244140625,9.583999633789062,842688,842688,yfinance,2026-07-10T06:58:07.675573+00:00
2026-05-24 02:00:00+00:00,LINK-USD,15m,9.581999778747559,9.586000442504883,9.5600004196167,9.579000473022461,581024,581024,yfinance,2026-07-10T06:58:07.675573+00:00
2026-05-24 02:15:00+00:00,LINK-USD,15m,9.576000213623047,9.581000328063965,9.536999702453613,9.541000366210938,5284928,5284928,yfinance,2026-07-10T06:58:07.675573+00:00
2026-05-24 02:30:00+00:00,LINK-USD,15m,9.541000366210938,9.555999755859375,9.538000106811523,9.553999900817871,1552256,1552256,yfinance,2026-07-10T06:58:07.675573+00:00
2026-05-24 02:45:00+00:00,LINK-USD,15m,9.553999900817871,9.5649995803833,9.550999641418457,9.552000045776367,34272,34272,yfinance,2026-07-10T06:58:07.675573+00:00
2026-05-24 03:00:00+00:00,LINK-USD,15m,9.550000190734863,9.576000213623047,9.543999671936035,9.553000450134277,343168,343168,yfinance,2026-07-10T06:58:07.675573+00:00
2026-05-24 03:15:00+00:00,LINK-USD,15m,9.550999641418457,9.5649995803833,9.548999786376953,9.557999610900879,17184,17184,yfinance,2026-07-10T06:58:07.675573+00:00
2026-05-24 03:30:00+00:00,LINK-USD,15m,9.557999610900879,9.557999610900879,9.515999794006348,9.520000457763672,1337184,1337184,yfinance,2026-07-10T06:58:07.675573+00:00
2026-05-24 03:45:00+00:00,LINK-USD,15m,9.520000457763672,9.532999992370605,9.520000457763672,9.532999992370605,683584,683584,yfinance,2026-07-10T06:58:07.675573+00:00
2026-05-24 04:00:00+00:00,LINK-USD,15m,9.531000137329102,9.550000190734863,9.529000282287598,9.550000190734863,474880,474880,yfinance,2026-07-10T06:58:07.675573+00:00
2026-05-24 04:15:00+00:00,LINK-USD,15m,9.54800033569336,9.550999641418457,9.541000366210938,9.541999816894531,0,0,yfinance,2026-07-10T06:58:07.675573+00:00
2026-05-24 04:30:00+00:00,LINK-USD,15m,9.543000221252441,9.553999900817871,9.53499984741211,9.541000366210938,191328,191328,yfinance,2026-07-10T06:58:07.675573+00:00
2026-05-24 04:45:00+00:00,LINK-USD,15m,9.538999557495117,9.538999557495117,9.517999649047852,9.519000053405762,0,0,yfinance,2026-07-10T06:58:07.675573+00:00
2026-05-24 05:00:00+00:00,LINK-USD,15m,9.517999649047852,9.529000282287598,9.484999656677246,9.527999877929688,920416,920416,yfinance,2026-07-10T06:58:07.675573+00:00
2026-05-24 05:15:00+00:00,LINK-USD,15m,9.524999618530273,9.536999702453613,9.517000198364258,9.529999732971191,5206400,5206400,yfinance,2026-07-10T06:58:07.675573+00:00
2026-05-24 05:30:00+00:00,LINK-USD,15m,9.529999732971191,9.534000396728516,9.517000198364258,9.522000312805176,376352,376352,yfinance,2026-07-10T06:58:07.675573+00:00
2026-05-24 05:45:00+00:00,LINK-USD,15m,9.522000312805176,9.5649995803833,9.520999908447266,9.564000129699707,941440,941440,yfinance,2026-07-10T06:58:07.675573+00:00
2026-05-24 06:00:00+00:00,LINK-USD,15m,9.562999725341797,9.59000015258789,9.562999725341797,9.586000442504883,3230400,3230400,yfinance,2026-07-10T06:58:07.675573+00:00
2026-05-24 06:15:00+00:00,LINK-USD,15m,9.583000183105469,9.583000183105469,9.513999938964844,9.513999938964844,4264736,4264736,yfinance,2026-07-10T06:58:07.675573+00:00
2026-05-24 06:30:00+00:00,LINK-USD,15m,9.513999938964844,9.53600025177002,9.501999855041504,9.53600025177002,0,0,yfinance,2026-07-10T06:58:07.675573+00:00
2026-05-24 06:45:00+00:00,LINK-USD,15m,9.538000106811523,9.595000267028809,9.53499984741211,9.595000267028809,1812288,1812288,yfinance,2026-07-10T06:58:07.675573+00:00
2026-05-24 07:00:00+00:00,LINK-USD,15m,9.597000122070312,9.618000030517578,9.550000190734863,9.552000045776367,1066464,1066464,yfinance,2026-07-10T06:58:07.675573+00:00
2026-05-24 07:15:00+00:00,LINK-USD,15m,9.553999900817871,9.557000160217285,9.543999671936035,9.545000076293945,1673120,1673120,yfinance,2026-07-10T06:58:07.675573+00:00
2026-05-24 07:30:00+00:00,LINK-USD,15m,9.545000076293945,9.560999870300293,9.539999961853027,9.560999870300293,0,0,yfinance,2026-07-10T06:58:07.675573+00:00
2026-05-24 07:45:00+00:00,LINK-USD,15m,9.557999610900879,9.557999610900879,9.538000106811523,9.548999786376953,0,0,yfinance,2026-07-10T06:58:07.675573+00:00
2026-05-24 08:00:00+00:00,LINK-USD,15m,9.550999641418457,9.555000305175781,9.531000137329102,9.534000396728516,0,0,yfinance,2026-07-10T06:58:07.675573+00:00
2026-05-24 08:15:00+00:00,LINK-USD,15m,9.534000396728516,9.564000129699707,9.534000396728516,9.553000450134277,540576,540576,yfinance,2026-07-10T06:58:07.675573+00:00
2026-05-24 08:30:00+00:00,LINK-USD,15m,9.553000450134277,9.569999694824219,9.550999641418457,9.562999725341797,0,0,yfinance,2026-07-10T06:58:07.675573+00:00
2026-05-24 08:45:00+00:00,LINK-USD,15m,9.562999725341797,9.57699966430664,9.5600004196167,9.57699966430664,0,0,yfinance,2026-07-10T06:58:07.675573+00:00
2026-05-24 09:00:00+00:00,LINK-USD,15m,9.57800006866455,9.60099983215332,9.571000099182129,9.595999717712402,3233696,3233696,yfinance,2026-07-10T06:58:07.675573+00:00
2026-05-24 09:15:00+00:00,LINK-USD,15m,9.593999862670898,9.61299991607666,9.590999603271484,9.605999946594238,682528,682528,yfinance,2026-07-10T06:58:07.675573+00:00
2026-05-24 09:30:00+00:00,LINK-USD,15m,9.60200023651123,9.616000175476074,9.595000267028809,9.605999946594238,233632,233632,yfinance,2026-07-10T06:58:07.675573+00:00
2026-05-24 09:45:00+00:00,LINK-USD,15m,9.60099983215332,9.618000030517578,9.593000411987305,9.604000091552734,481536,481536,yfinance,2026-07-10T06:58:07.675573+00:00
2026-05-24 10:00:00+00:00,LINK-USD,15m,9.602999687194824,9.602999687194824,9.567999839782715,9.576000213623047,0,0,yfinance,2026-07-10T06:58:07.675573+00:00
2026-05-24 10:15:00+00:00,LINK-USD,15m,9.576000213623047,9.637999534606934,9.569999694824219,9.60200023651123,957280,957280,yfinance,2026-07-10T06:58:07.675573+00:00
2026-05-24 10:30:00+00:00,LINK-USD,15m,9.595999717712402,9.595999717712402,9.576000213623047,9.58899974822998,497024,497024,yfinance,2026-07-10T06:58:07.675573+00:00
2026-05-24 10:45:00+00:00,LINK-USD,15m,9.583999633789062,9.593999862670898,9.579000473022461,9.585000038146973,246112,246112,yfinance,2026-07-10T06:58:07.675573+00:00
2026-05-24 11:00:00+00:00,LINK-USD,15m,9.585000038146973,9.61299991607666,9.583000183105469,9.605999946594238,402848,402848,yfinance,2026-07-10T06:58:07.675573+00:00
2026-05-24 11:15:00+00:00,LINK-USD,15m,9.605999946594238,9.609000205993652,9.588000297546387,9.593999862670898,246272,246272,yfinance,2026-07-10T06:58:07.675573+00:00
2026-05-24 11:30:00+00:00,LINK-USD,15m,9.595000267028809,9.60099983215332,9.576000213623047,9.581999778747559,4861344,4861344,yfinance,2026-07-10T06:58:07.675573+00:00
2026-05-24 11:45:00+00:00,LINK-USD,15m,9.581999778747559,9.590999603271484,9.569999694824219,9.583999633789062,421792,421792,yfinance,2026-07-10T06:58:07.675573+00:00
2026-05-24 12:00:00+00:00,LINK-USD,15m,9.583999633789062,9.583999633789062,9.562999725341797,9.571000099182129,136800,136800,yfinance,2026-07-10T06:58:07.675573+00:00
2026-05-24 12:15:00+00:00,LINK-USD,15m,9.571000099182129,9.571000099182129,9.526000022888184,9.526000022888184,150912,150912,yfinance,2026-07-10T06:58:07.675573+00:00
2026-05-24 12:30:00+00:00,LINK-USD,15m,9.524999618530273,9.539999961853027,9.515000343322754,9.539999961853027,847072,847072,yfinance,2026-07-10T06:58:07.675573+00:00
2026-05-24 12:45:00+00:00,LINK-USD,15m,9.539999961853027,9.543000221252441,9.531000137329102,9.532999992370605,1169568,1169568,yfinance,2026-07-10T06:58:07.675573+00:00
2026-05-24 13:00:00+00:00,LINK-USD,15m,9.532999992370605,9.543999671936035,9.531999588012695,9.53600025177002,0,0,yfinance,2026-07-10T06:58:07.675573+00:00
2026-05-24 13:15:00+00:00,LINK-USD,15m,9.53600025177002,9.545999526977539,9.51099967956543,9.51200008392334,0,0,yfinance,2026-07-10T06:58:07.675573+00:00
2026-05-24 13:30:00+00:00,LINK-USD,15m,9.512999534606934,9.527999877929688,9.503999710083008,9.526000022888184,0,0,yfinance,2026-07-10T06:58:07.675573+00:00
2026-05-24 13:45:00+00:00,LINK-USD,15m,9.526000022888184,9.526000022888184,9.458999633789062,9.482000350952148,1541408,1541408,yfinance,2026-07-10T06:58:07.675573+00:00
2026-05-24 14:00:00+00:00,LINK-USD,15m,9.482000350952148,9.489999771118164,9.406000137329102,9.420999526977539,68096,68096,yfinance,2026-07-10T06:58:07.675573+00:00
2026-05-24 14:15:00+00:00,LINK-USD,15m,9.420999526977539,9.428000450134277,9.348999977111816,9.406000137329102,4596832,4596832,yfinance,2026-07-10T06:58:07.675573+00:00
2026-05-24 14:30:00+00:00,LINK-USD,15m,9.404000282287598,9.428000450134277,9.404000282287598,9.420999526977539,220992,220992,yfinance,2026-07-10T06:58:07.675573+00:00
2026-05-24 14:45:00+00:00,LINK-USD,15m,9.423999786376953,9.432999610900879,9.40999984741211,9.428000450134277,332512,332512,yfinance,2026-07-10T06:58:07.675573+00:00
2026-05-24 15:00:00+00:00,LINK-USD,15m,9.428000450134277,9.437999725341797,9.416999816894531,9.425999641418457,0,0,yfinance,2026-07-10T06:58:07.675573+00:00
2026-05-24 15:15:00+00:00,LINK-USD,15m,9.425000190734863,9.430000305175781,9.407999992370605,9.416999816894531,0,0,yfinance,2026-07-10T06:58:07.675573+00:00
2026-05-24 15:30:00+00:00,LINK-USD,15m,9.413999557495117,9.428999900817871,9.413999557495117,9.42199993133545,2501440,2501440,yfinance,2026-07-10T06:58:07.675573+00:00
2026-05-24 15:45:00+00:00,LINK-USD,15m,9.420999526977539,9.430000305175781,9.416000366210938,9.42199993133545,0,0,yfinance,2026-07-10T06:58:07.675573+00:00
2026-05-24 16:00:00+00:00,LINK-USD,15m,9.418999671936035,9.451000213623047,9.413000106811523,9.446000099182129,0,0,yfinance,2026-07-10T06:58:07.675573+00:00
2026-05-24 16:15:00+00:00,LINK-USD,15m,9.444000244140625,9.467000007629395,9.432999610900879,9.440999984741211,1695808,1695808,yfinance,2026-07-10T06:58:07.675573+00:00
2026-05-24 16:30:00+00:00,LINK-USD,15m,9.442999839782715,9.444999694824219,9.420000076293945,9.428000450134277,26464,26464,yfinance,2026-07-10T06:58:07.675573+00:00
2026-05-24 16:45:00+00:00,LINK-USD,15m,9.428000450134277,9.46399974822998,9.427000045776367,9.446999549865723,0,0,yfinance,2026-07-10T06:58:07.675573+00:00
2026-05-24 17:00:00+00:00,LINK-USD,15m,9.449000358581543,9.458999633789062,9.444000244140625,9.446000099182129,162624,162624,yfinance,2026-07-10T06:58:07.675573+00:00
2026-05-24 17:15:00+00:00,LINK-USD,15m,9.449000358581543,9.460000038146973,9.442000389099121,9.449999809265137,2349600,2349600,yfinance,2026-07-10T06:58:07.675573+00:00
2026-05-24 17:30:00+00:00,LINK-USD,15m,9.45199966430664,9.475000381469727,9.446000099182129,9.468999862670898,344864,344864,yfinance,2026-07-10T06:58:07.675573+00:00
2026-05-24 17:45:00+00:00,LINK-USD,15m,9.467000007629395,9.468999862670898,9.454000473022461,9.454000473022461,154592,154592,yfinance,2026-07-10T06:58:07.675573+00:00
2026-05-24 18:00:00+00:00,LINK-USD,15m,9.454999923706055,9.456999778747559,9.444999694824219,9.449999809265137,0,0,yfinance,2026-07-10T06:58:07.675573+00:00
2026-05-24 18:15:00+00:00,LINK-USD,15m,9.449999809265137,9.456999778747559,9.434000015258789,9.434000015258789,0,0,yfinance,2026-07-10T06:58:07.675573+00:00
2026-05-24 18:30:00+00:00,LINK-USD,15m,9.437000274658203,9.437000274658203,9.420000076293945,9.420999526977539,2059360,2059360,yfinance,2026-07-10T06:58:07.675573+00:00
2026-05-24 18:45:00+00:00,LINK-USD,15m,9.420999526977539,9.428999900817871,9.413999557495117,9.42199993133545,0,0,yfinance,2026-07-10T06:58:07.675573+00:00
2026-05-24 19:00:00+00:00,LINK-USD,15m,9.42300033569336,9.439000129699707,9.416000366210938,9.416000366210938,0,0,yfinance,2026-07-10T06:58:07.675573+00:00
2026-05-24 19:15:00+00:00,LINK-USD,15m,9.413000106811523,9.420999526977539,9.402000427246094,9.404000282287598,43968,43968,yfinance,2026-07-10T06:58:07.675573+00:00
2026-05-24 19:30:00+00:00,LINK-USD,15m,9.404000282287598,9.413999557495117,9.39799976348877,9.40999984741211,0,0,yfinance,2026-07-10T06:58:07.675573+00:00
2026-05-24 19:45:00+00:00,LINK-USD,15m,9.40999984741211,9.425999641418457,9.409000396728516,9.416999816894531,11968,11968,yfinance,2026-07-10T06:58:07.675573+00:00
2026-05-24 20:00:00+00:00,LINK-USD,15m,9.425000190734863,9.425000190734863,9.385000228881836,9.399999618530273,319552,319552,yfinance,2026-07-10T06:58:07.675573+00:00
2026-05-24 20:15:00+00:00,LINK-USD,15m,9.397000312805176,9.404000282287598,9.381999969482422,9.392999649047852,65280,65280,yfinance,2026-07-10T06:58:07.675573+00:00
2026-05-24 20:30:00+00:00,LINK-USD,15m,9.394000053405762,9.39799976348877,9.383999824523926,9.388999938964844,0,0,yfinance,2026-07-10T06:58:07.675573+00:00
2026-05-24 20:45:00+00:00,LINK-USD,15m,9.388999938964844,9.39900016784668,9.37399959564209,9.383999824523926,0,0,yfinance,2026-07-10T06:58:07.675573+00:00
2026-05-24 21:00:00+00:00,LINK-USD,15m,9.383999824523926,9.39900016784668,9.381999969482422,9.39900016784668,0,0,yfinance,2026-07-10T06:58:07.675573+00:00
2026-05-24 21:15:00+00:00,LINK-USD,15m,9.397000312805176,9.397000312805176,9.340999603271484,9.347000122070312,0,0,yfinance,2026-07-10T06:58:07.675573+00:00
2026-05-24 21:30:00+00:00,LINK-USD,15m,9.348999977111816,9.35099983215332,9.256999969482422,9.256999969482422,2684608,2684608,yfinance,2026-07-10T06:58:07.675573+00:00
2026-05-24 21:45:00+00:00,LINK-USD,15m,9.265999794006348,9.288000106811523,9.243000030517578,9.27400016784668,934368,934368,yfinance,2026-07-10T06:58:07.675573+00:00
2026-05-24 22:00:00+00:00,LINK-USD,15m,9.276000022888184,9.41100025177002,9.274999618530273,9.402000427246094,491648,491648,yfinance,2026-07-10T06:58:07.675573+00:00
2026-05-24 22:15:00+00:00,LINK-USD,15m,9.39900016784668,9.418999671936035,9.388999938964844,9.399999618530273,1026880,1026880,yfinance,2026-07-10T06:58:07.675573+00:00
2026-05-24 22:30:00+00:00,LINK-USD,15m,9.404999732971191,9.418000221252441,9.366999626159668,9.385000228881836,0,0,yfinance,2026-07-10T06:58:07.675573+00:00
2026-05-24 22:45:00+00:00,LINK-USD,15m,9.383999824523926,9.416000366210938,9.371000289916992,9.373000144958496,86784,86784,yfinance,2026-07-10T06:58:07.675573+00:00
2026-05-24 23:00:00+00:00,LINK-USD,15m,9.37600040435791,9.401000022888184,9.37600040435791,9.39799976348877,0,0,yfinance,2026-07-10T06:58:07.675573+00:00
2026-05-24 23:15:00+00:00,LINK-USD,15m,9.401000022888184,9.406999588012695,9.385000228881836,9.394000053405762,1505632,1505632,yfinance,2026-07-10T06:58:07.675573+00:00
2026-05-24 23:30:00+00:00,LINK-USD,15m,9.395000457763672,9.446999549865723,9.395000457763672,9.446999549865723,417568,417568,yfinance,2026-07-10T06:58:07.675573+00:00
2026-05-24 23:45:00+00:00,LINK-USD,15m,9.442000389099121,9.444999694824219,9.418999671936035,9.418999671936035,0,0,yfinance,2026-07-10T06:58:07.675573+00:00
2026-05-25 00:00:00+00:00,LINK-USD,15m,9.423999786376953,9.467000007629395,9.423999786376953,9.456000328063965,151424,151424,yfinance,2026-07-10T06:58:07.675573+00:00
2026-05-25 00:15:00+00:00,LINK-USD,15m,9.454000473022461,9.465999603271484,9.444999694824219,9.46500015258789,0,0,yfinance,2026-07-10T06:58:07.675573+00:00
2026-05-25 00:30:00+00:00,LINK-USD,15m,9.467000007629395,9.480999946594238,9.460000038146973,9.460000038146973,20576,20576,yfinance,2026-07-10T06:58:07.675573+00:00
2026-05-25 00:45:00+00:00,LINK-USD,15m,9.460000038146973,9.484999656677246,9.451000213623047,9.46399974822998,176864,176864,yfinance,2026-07-10T06:58:07.675573+00:00
2026-05-25 01:00:00+00:00,LINK-USD,15m,9.468000411987305,9.472000122070312,9.430000305175781,9.446000099182129,137344,137344,yfinance,2026-07-10T06:58:07.675573+00:00
2026-05-25 01:15:00+00:00,LINK-USD,15m,9.45300006866455,9.458999633789062,9.444000244140625,9.451000213623047,411296,411296,yfinance,2026-07-10T06:58:07.675573+00:00
2026-05-25 01:30:00+00:00,LINK-USD,15m,9.451000213623047,9.454999923706055,9.430999755859375,9.430999755859375,0,0,yfinance,2026-07-10T06:58:07.675573+00:00
2026-05-25 01:45:00+00:00,LINK-USD,15m,9.434000015258789,9.439000129699707,9.373000144958496,9.376999855041504,99840,99840,yfinance,2026-07-10T06:58:07.675573+00:00
2026-05-25 02:00:00+00:00,LINK-USD,15m,9.38599967956543,9.46399974822998,9.383999824523926,9.447999954223633,787360,787360,yfinance,2026-07-10T06:58:07.675573+00:00
2026-05-25 02:15:00+00:00,LINK-USD,15m,9.444999694824219,9.444999694824219,9.395000457763672,9.40999984741211,188224,188224,yfinance,2026-07-10T06:58:07.675573+00:00
2026-05-25 02:30:00+00:00,LINK-USD,15m,9.40999984741211,9.414999961853027,9.392000198364258,9.406000137329102,0,0,yfinance,2026-07-10T06:58:07.675573+00:00
2026-05-25 02:45:00+00:00,LINK-USD,15m,9.409000396728516,9.409000396728516,9.390999794006348,9.392999649047852,0,0,yfinance,2026-07-10T06:58:07.675573+00:00
2026-05-25 03:00:00+00:00,LINK-USD,15m,9.392999649047852,9.404000282287598,9.369999885559082,9.371999740600586,43744,43744,yfinance,2026-07-10T06:58:07.675573+00:00
2026-05-25 03:15:00+00:00,LINK-USD,15m,9.371999740600586,9.378999710083008,9.361000061035156,9.368000030517578,4349056,4349056,yfinance,2026-07-10T06:58:07.675573+00:00
2026-05-25 03:30:00+00:00,LINK-USD,15m,9.369000434875488,9.381999969482422,9.355999946594238,9.380999565124512,216544,216544,yfinance,2026-07-10T06:58:07.675573+00:00
2026-05-25 03:45:00+00:00,LINK-USD,15m,9.37399959564209,9.38700008392334,9.366999626159668,9.381999969482422,190560,190560,yfinance,2026-07-10T06:58:07.675573+00:00
2026-05-25 04:00:00+00:00,LINK-USD,15m,9.380999565124512,9.394000053405762,9.375,9.385000228881836,543328,543328,yfinance,2026-07-10T06:58:07.675573+00:00
2026-05-25 04:15:00+00:00,LINK-USD,15m,9.383000373840332,9.418000221252441,9.373000144958496,9.418000221252441,77696,77696,yfinance,2026-07-10T06:58:07.675573+00:00
2026-05-25 04:30:00+00:00,LINK-USD,15m,9.418999671936035,9.435999870300293,9.413000106811523,9.435999870300293,156000,156000,yfinance,2026-07-10T06:58:07.675573+00:00
2026-05-25 04:45:00+00:00,LINK-USD,15m,9.434000015258789,9.47700023651123,9.434000015258789,9.46399974822998,1849984,1849984,yfinance,2026-07-10T06:58:07.675573+00:00
2026-05-25 05:00:00+00:00,LINK-USD,15m,9.461000442504883,9.503000259399414,9.461000442504883,9.489999771118164,0,0,yfinance,2026-07-10T06:58:07.675573+00:00
2026-05-25 05:15:00+00:00,LINK-USD,15m,9.494999885559082,9.5,9.482000350952148,9.48799991607666,0,0,yfinance,2026-07-10T06:58:07.675573+00:00
2026-05-25 05:30:00+00:00,LINK-USD,15m,9.48799991607666,9.51200008392334,9.486000061035156,9.51200008392334,53472,53472,yfinance,2026-07-10T06:58:07.675573+00:00
2026-05-25 05:45:00+00:00,LINK-USD,15m,9.51200008392334,9.513999938964844,9.5,9.501999855041504,835008,835008,yfinance,2026-07-10T06:58:07.675573+00:00
2026-05-25 06:00:00+00:00,LINK-USD,15m,9.5,9.531999588012695,9.494999885559082,9.494999885559082,0,0,yfinance,2026-07-10T06:58:07.675573+00:00
2026-05-25 06:15:00+00:00,LINK-USD,15m,9.496000289916992,9.496999740600586,9.468000411987305,9.479999542236328,0,0,yfinance,2026-07-10T06:58:07.675573+00:00
2026-05-25 06:30:00+00:00,LINK-USD,15m,9.482999801635742,9.51099967956543,9.482999801635742,9.494999885559082,411472,411472,yfinance,2026-07-10T06:58:07.675573+00:00
2026-05-25 06:45:00+00:00,LINK-USD,15m,9.494999885559082,9.506999969482422,9.493000030517578,9.49899959564209,124096,124096,yfinance,2026-07-10T06:58:07.675573+00:00
2026-05-25 07:00:00+00:00,LINK-USD,15m,9.50100040435791,9.529999732971191,9.50100040435791,9.508000373840332,2316384,2316384,yfinance,2026-07-10T06:58:07.675573+00:00
2026-05-25 07:15:00+00:00,LINK-USD,15m,9.510000228881836,9.519000053405762,9.47599983215332,9.47599983215332,305232,305232,yfinance,2026-07-10T06:58:07.675573+00:00
2026-05-25 07:30:00+00:00,LINK-USD,15m,9.47599983215332,9.5,9.472999572753906,9.494000434875488,3568,3568,yfinance,2026-07-10T06:58:07.675573+00:00
2026-05-25 07:45:00+00:00,LINK-USD,15m,9.494000434875488,9.51099967956543,9.494000434875488,9.51099967956543,283536,283536,yfinance,2026-07-10T06:58:07.675573+00:00
2026-05-25 08:00:00+00:00,LINK-USD,15m,9.51099967956543,9.517999649047852,9.498000144958496,9.498000144958496,698448,698448,yfinance,2026-07-10T06:58:07.675573+00:00
2026-05-25 08:15:00+00:00,LINK-USD,15m,9.496999740600586,9.496999740600586,9.484999656677246,9.494999885559082,109392,109392,yfinance,2026-07-10T06:58:07.675573+00:00
2026-05-25 08:30:00+00:00,LINK-USD,15m,9.496000289916992,9.517999649047852,9.496000289916992,9.51099967956543,234848,234848,yfinance,2026-07-10T06:58:07.675573+00:00
2026-05-25 08:45:00+00:00,LINK-USD,15m,9.51099967956543,9.520000457763672,9.503000259399414,9.517000198364258,625760,625760,yfinance,2026-07-10T06:58:07.675573+00:00
2026-05-25 09:00:00+00:00,LINK-USD,15m,9.517999649047852,9.524999618530273,9.510000228881836,9.512999534606934,0,0,yfinance,2026-07-10T06:58:07.675573+00:00
2026-05-25 09:15:00+00:00,LINK-USD,15m,9.51200008392334,9.52299976348877,9.506999969482422,9.519000053405762,955680,955680,yfinance,2026-07-10T06:58:07.675573+00:00
2026-05-25 09:30:00+00:00,LINK-USD,15m,9.52400016784668,9.538000106811523,9.517999649047852,9.529000282287598,136608,136608,yfinance,2026-07-10T06:58:07.675573+00:00
2026-05-25 09:45:00+00:00,LINK-USD,15m,9.529000282287598,9.536999702453613,9.520000457763672,9.52400016784668,137728,137728,yfinance,2026-07-10T06:58:07.675573+00:00
2026-05-25 10:00:00+00:00,LINK-USD,15m,9.52400016784668,9.557999610900879,9.520000457763672,9.550000190734863,738640,738640,yfinance,2026-07-10T06:58:07.675573+00:00
2026-05-25 10:15:00+00:00,LINK-USD,15m,9.548999786376953,9.5600004196167,9.538000106811523,9.553999900817871,1934432,1934432,yfinance,2026-07-10T06:58:07.675573+00:00
2026-05-25 10:30:00+00:00,LINK-USD,15m,9.553999900817871,9.560999870300293,9.54800033569336,9.553000450134277,6769280,6769280,yfinance,2026-07-10T06:58:07.675573+00:00
2026-05-25 10:45:00+00:00,LINK-USD,15m,9.555999755859375,9.579999923706055,9.555000305175781,9.57699966430664,1633712,1633712,yfinance,2026-07-10T06:58:07.675573+00:00
2026-05-25 11:00:00+00:00,LINK-USD,15m,9.579000473022461,9.583000183105469,9.564000129699707,9.583000183105469,389584,389584,yfinance,2026-07-10T06:58:07.675573+00:00
2026-05-25 11:15:00+00:00,LINK-USD,15m,9.583000183105469,9.597000122070312,9.541000366210938,9.543999671936035,6518608,6518608,yfinance,2026-07-10T06:58:07.675573+00:00
2026-05-25 11:30:00+00:00,LINK-USD,15m,9.545000076293945,9.564000129699707,9.543000221252441,9.553000450134277,807296,807296,yfinance,2026-07-10T06:58:07.675573+00:00
2026-05-25 11:45:00+00:00,LINK-USD,15m,9.555000305175781,9.562000274658203,9.519000053405762,9.52400016784668,518272,518272,yfinance,2026-07-10T06:58:07.675573+00:00
2026-05-25 12:00:00+00:00,LINK-USD,15m,9.526000022888184,9.53600025177002,9.510000228881836,9.534000396728516,648608,648608,yfinance,2026-07-10T06:58:07.675573+00:00
2026-05-25 12:15:00+00:00,LINK-USD,15m,9.53600025177002,9.550000190734863,9.524999618530273,9.543000221252441,1034496,1034496,yfinance,2026-07-10T06:58:07.675573+00:00
2026-05-25 12:30:00+00:00,LINK-USD,15m,9.545000076293945,9.567999839782715,9.545000076293945,9.560999870300293,221568,221568,yfinance,2026-07-10T06:58:07.675573+00:00
2026-05-25 12:45:00+00:00,LINK-USD,15m,9.545999526977539,9.559000015258789,9.539999961853027,9.541999816894531,0,0,yfinance,2026-07-10T06:58:07.675573+00:00
2026-05-25 13:00:00+00:00,LINK-USD,15m,9.538999557495117,9.557999610900879,9.538000106811523,9.54800033569336,668576,668576,yfinance,2026-07-10T06:58:07.675573+00:00
2026-05-25 13:15:00+00:00,LINK-USD,15m,9.548999786376953,9.552000045776367,9.536999702453613,9.536999702453613,572864,572864,yfinance,2026-07-10T06:58:07.675573+00:00
2026-05-25 13:30:00+00:00,LINK-USD,15m,9.543999671936035,9.545000076293945,9.532999992370605,9.543999671936035,0,0,yfinance,2026-07-10T06:58:07.675573+00:00
2026-05-25 13:45:00+00:00,LINK-USD,15m,9.545000076293945,9.564000129699707,9.53600025177002,9.564000129699707,0,0,yfinance,2026-07-10T06:58:07.675573+00:00
2026-05-25 14:00:00+00:00,LINK-USD,15m,9.562000274658203,9.602999687194824,9.562000274658203,9.590999603271484,2071920,2071920,yfinance,2026-07-10T06:58:07.675573+00:00
2026-05-25 14:15:00+00:00,LINK-USD,15m,9.593000411987305,9.630999565124512,9.590999603271484,9.630999565124512,226960,226960,yfinance,2026-07-10T06:58:07.675573+00:00
2026-05-25 14:30:00+00:00,LINK-USD,15m,9.628000259399414,9.628000259399414,9.581000328063965,9.586999893188477,482320,482320,yfinance,2026-07-10T06:58:07.675573+00:00
2026-05-25 14:45:00+00:00,LINK-USD,15m,9.588000297546387,9.61299991607666,9.588000297546387,9.602999687194824,231936,231936,yfinance,2026-07-10T06:58:07.675573+00:00
2026-05-25 15:00:00+00:00,LINK-USD,15m,9.607000350952148,9.649999618530273,9.595000267028809,9.621999740600586,1535360,1535360,yfinance,2026-07-10T06:58:07.675573+00:00
2026-05-25 15:15:00+00:00,LINK-USD,15m,9.616000175476074,9.621999740600586,9.581999778747559,9.586000442504883,4987968,4987968,yfinance,2026-07-10T06:58:07.675573+00:00
2026-05-25 15:30:00+00:00,LINK-USD,15m,9.583999633789062,9.60099983215332,9.571999549865723,9.598999977111816,194528,194528,yfinance,2026-07-10T06:58:07.675573+00:00
2026-05-25 15:45:00+00:00,LINK-USD,15m,9.597000122070312,9.597000122070312,9.574000358581543,9.593000411987305,1993888,1993888,yfinance,2026-07-10T06:58:07.675573+00:00
2026-05-25 16:00:00+00:00,LINK-USD,15m,9.597000122070312,9.597000122070312,9.567000389099121,9.567000389099121,0,0,yfinance,2026-07-10T06:58:07.675573+00:00
2026-05-25 16:15:00+00:00,LINK-USD,15m,9.569000244140625,9.586999893188477,9.567999839782715,9.579000473022461,3326592,3326592,yfinance,2026-07-10T06:58:07.675573+00:00
2026-05-25 16:30:00+00:00,LINK-USD,15m,9.579000473022461,9.623000144958496,9.574000358581543,9.623000144958496,88064,88064,yfinance,2026-07-10T06:58:07.675573+00:00
2026-05-25 16:45:00+00:00,LINK-USD,15m,9.621999740600586,9.661999702453613,9.616000175476074,9.640000343322754,1550048,1550048,yfinance,2026-07-10T06:58:07.675573+00:00
2026-05-25 17:00:00+00:00,LINK-USD,15m,9.64900016784668,9.64900016784668,9.621999740600586,9.625,216128,216128,yfinance,2026-07-10T06:58:07.675573+00:00
2026-05-25 17:15:00+00:00,LINK-USD,15m,9.621999740600586,9.62600040435791,9.598999977111816,9.62600040435791,396128,396128,yfinance,2026-07-10T06:58:07.675573+00:00
2026-05-25 17:30:00+00:00,LINK-USD,15m,9.630999565124512,9.630999565124512,9.602999687194824,9.602999687194824,316544,316544,yfinance,2026-07-10T06:58:07.675573+00:00
2026-05-25 17:45:00+00:00,LINK-USD,15m,9.604000091552734,9.604999542236328,9.585000038146973,9.595000267028809,3559936,3559936,yfinance,2026-07-10T06:58:07.675573+00:00
2026-05-25 18:00:00+00:00,LINK-USD,15m,9.595000267028809,9.619999885559082,9.592000007629395,9.605999946594238,167168,167168,yfinance,2026-07-10T06:58:07.675573+00:00
2026-05-25 18:15:00+00:00,LINK-USD,15m,9.604999542236328,9.609000205993652,9.58899974822998,9.597999572753906,347104,347104,yfinance,2026-07-10T06:58:07.675573+00:00
2026-05-25 18:30:00+00:00,LINK-USD,15m,9.597999572753906,9.597999572753906,9.57699966430664,9.581000328063965,75136,75136,yfinance,2026-07-10T06:58:07.675573+00:00
2026-05-25 18:45:00+00:00,LINK-USD,15m,9.581999778747559,9.583000183105469,9.562999725341797,9.562999725341797,590240,590240,yfinance,2026-07-10T06:58:07.675573+00:00
2026-05-25 19:00:00+00:00,LINK-USD,15m,9.564000129699707,9.5649995803833,9.534000396728516,9.5600004196167,1109760,1109760,yfinance,2026-07-10T06:58:07.675573+00:00
2026-05-25 19:15:00+00:00,LINK-USD,15m,9.5600004196167,9.562000274658203,9.545000076293945,9.5600004196167,136224,136224,yfinance,2026-07-10T06:58:07.675573+00:00
2026-05-25 19:30:00+00:00,LINK-USD,15m,9.559000015258789,9.562999725341797,9.519000053405762,9.531000137329102,350240,350240,yfinance,2026-07-10T06:58:07.675573+00:00
2026-05-25 19:45:00+00:00,LINK-USD,15m,9.531000137329102,9.545999526977539,9.529999732971191,9.543999671936035,1058784,1058784,yfinance,2026-07-10T06:58:07.675573+00:00
2026-05-25 20:00:00+00:00,LINK-USD,15m,9.539999961853027,9.562000274658203,9.538000106811523,9.553000450134277,242304,242304,yfinance,2026-07-10T06:58:07.675573+00:00
2026-05-25 20:15:00+00:00,LINK-USD,15m,9.555000305175781,9.562000274658203,9.54800033569336,9.550999641418457,1626848,1626848,yfinance,2026-07-10T06:58:07.675573+00:00
2026-05-25 20:30:00+00:00,LINK-USD,15m,9.550999641418457,9.5600004196167,9.486000061035156,9.49899959564209,1333568,1333568,yfinance,2026-07-10T06:58:07.675573+00:00
2026-05-25 20:45:00+00:00,LINK-USD,15m,9.50100040435791,9.51200008392334,9.487000465393066,9.494999885559082,953600,953600,yfinance,2026-07-10T06:58:07.675573+00:00
2026-05-25 21:00:00+00:00,LINK-USD,15m,9.491000175476074,9.510000228881836,9.491000175476074,9.505999565124512,605504,605504,yfinance,2026-07-10T06:58:07.675573+00:00
2026-05-25 21:15:00+00:00,LINK-USD,15m,9.505000114440918,9.517000198364258,9.494999885559082,9.517000198364258,161600,161600,yfinance,2026-07-10T06:58:07.675573+00:00
2026-05-25 21:30:00+00:00,LINK-USD,15m,9.517000198364258,9.522000312805176,9.498000144958496,9.501999855041504,0,0,yfinance,2026-07-10T06:58:07.675573+00:00
2026-05-25 21:45:00+00:00,LINK-USD,15m,9.49899959564209,9.517999649047852,9.496000289916992,9.508999824523926,2223984,2223984,yfinance,2026-07-10T06:58:07.675573+00:00
2026-05-25 22:00:00+00:00,LINK-USD,15m,9.51099967956543,9.515000343322754,9.487000465393066,9.505000114440918,1247072,1247072,yfinance,2026-07-10T06:58:07.675573+00:00
2026-05-25 22:15:00+00:00,LINK-USD,15m,9.503999710083008,9.510000228881836,9.480999946594238,9.487000465393066,0,0,yfinance,2026-07-10T06:58:07.675573+00:00
2026-05-25 22:30:00+00:00,LINK-USD,15m,9.482999801635742,9.482999801635742,9.444000244140625,9.463000297546387,1436736,1436736,yfinance,2026-07-10T06:58:07.675573+00:00
2026-05-25 22:45:00+00:00,LINK-USD,15m,9.460000038146973,9.470999717712402,9.444999694824219,9.446999549865723,0,0,yfinance,2026-07-10T06:58:07.675573+00:00
2026-05-25 23:00:00+00:00,LINK-USD,15m,9.442999839782715,9.475000381469727,9.4399995803833,9.475000381469727,0,0,yfinance,2026-07-10T06:58:07.675573+00:00
2026-05-25 23:15:00+00:00,LINK-USD,15m,9.475000381469727,9.480999946594238,9.470000267028809,9.479000091552734,71248,71248,yfinance,2026-07-10T06:58:07.675573+00:00
2026-05-25 23:30:00+00:00,LINK-USD,15m,9.477999687194824,9.50100040435791,9.477999687194824,9.494999885559082,241248,241248,yfinance,2026-07-10T06:58:07.675573+00:00
2026-05-25 23:45:00+00:00,LINK-USD,15m,9.494000434875488,9.50100040435791,9.48900032043457,9.498000144958496,684000,684000,yfinance,2026-07-10T06:58:07.675573+00:00
2026-05-26 00:00:00+00:00,LINK-USD,15m,9.5,9.5,9.468000411987305,9.477999687194824,1582688,1582688,yfinance,2026-07-10T06:58:07.675573+00:00
2026-05-26 00:15:00+00:00,LINK-USD,15m,9.477999687194824,9.479000091552734,9.45199966430664,9.458000183105469,749232,749232,yfinance,2026-07-10T06:58:07.675573+00:00
2026-05-26 00:30:00+00:00,LINK-USD,15m,9.461000442504883,9.480999946594238,9.420000076293945,9.425999641418457,766784,766784,yfinance,2026-07-10T06:58:07.675573+00:00
2026-05-26 00:45:00+00:00,LINK-USD,15m,9.430000305175781,9.444000244140625,9.383999824523926,9.432999610900879,1535008,1535008,yfinance,2026-07-10T06:58:07.675573+00:00
2026-05-26 01:00:00+00:00,LINK-USD,15m,9.425000190734863,9.430999755859375,9.392000198364258,9.428000450134277,0,0,yfinance,2026-07-10T06:58:07.675573+00:00
2026-05-26 01:15:00+00:00,LINK-USD,15m,9.427000045776367,9.432999610900879,9.399999618530273,9.411999702453613,20352,20352,yfinance,2026-07-10T06:58:07.675573+00:00
2026-05-26 01:30:00+00:00,LINK-USD,15m,9.409000396728516,9.409000396728516,9.368000030517578,9.378999710083008,821280,821280,yfinance,2026-07-10T06:58:07.675573+00:00
2026-05-26 01:45:00+00:00,LINK-USD,15m,9.380999565124512,9.406000137329102,9.376999855041504,9.39900016784668,584992,584992,yfinance,2026-07-10T06:58:07.675573+00:00
2026-05-26 02:00:00+00:00,LINK-USD,15m,9.402000427246094,9.402000427246094,9.378999710083008,9.395000457763672,2673248,2673248,yfinance,2026-07-10T06:58:07.675573+00:00
2026-05-26 02:15:00+00:00,LINK-USD,15m,9.392999649047852,9.401000022888184,9.376999855041504,9.376999855041504,0,0,yfinance,2026-07-10T06:58:07.675573+00:00
2026-05-26 02:30:00+00:00,LINK-USD,15m,9.378999710083008,9.38599967956543,9.36400032043457,9.36400032043457,60992,60992,yfinance,2026-07-10T06:58:07.675573+00:00
2026-05-26 02:45:00+00:00,LINK-USD,15m,9.36400032043457,9.387999534606934,9.361000061035156,9.376999855041504,1303616,1303616,yfinance,2026-07-10T06:58:07.675573+00:00
2026-05-26 03:00:00+00:00,LINK-USD,15m,9.37399959564209,9.37399959564209,9.348999977111816,9.352999687194824,513696,513696,yfinance,2026-07-10T06:58:07.675573+00:00
2026-05-26 03:15:00+00:00,LINK-USD,15m,9.35200023651123,9.371999740600586,9.35200023651123,9.369999885559082,71296,71296,yfinance,2026-07-10T06:58:07.675573+00:00
2026-05-26 03:30:00+00:00,LINK-USD,15m,9.37600040435791,9.39799976348877,9.366999626159668,9.38700008392334,197440,197440,yfinance,2026-07-10T06:58:07.675573+00:00
2026-05-26 03:45:00+00:00,LINK-USD,15m,9.387999534606934,9.404000282287598,9.383000373840332,9.404000282287598,189088,189088,yfinance,2026-07-10T06:58:07.675573+00:00
2026-05-26 04:00:00+00:00,LINK-USD,15m,9.404000282287598,9.420000076293945,9.404000282287598,9.40999984741211,363840,363840,yfinance,2026-07-10T06:58:07.675573+00:00
2026-05-26 04:15:00+00:00,LINK-USD,15m,9.41100025177002,9.456999778747559,9.39900016784668,9.456999778747559,5135088,5135088,yfinance,2026-07-10T06:58:07.675573+00:00
2026-05-26 04:30:00+00:00,LINK-USD,15m,9.454999923706055,9.46500015258789,9.4399995803833,9.444999694824219,795936,795936,yfinance,2026-07-10T06:58:07.675573+00:00
2026-05-26 04:45:00+00:00,LINK-USD,15m,9.444999694824219,9.461000442504883,9.437999725341797,9.451000213623047,0,0,yfinance,2026-07-10T06:58:07.675573+00:00
2026-05-26 05:00:00+00:00,LINK-USD,15m,9.446000099182129,9.458999633789062,9.437000274658203,9.458999633789062,0,0,yfinance,2026-07-10T06:58:07.675573+00:00
2026-05-26 05:15:00+00:00,LINK-USD,15m,9.458999633789062,9.506999969482422,9.458999633789062,9.505000114440918,1559488,1559488,yfinance,2026-07-10T06:58:07.675573+00:00
2026-05-26 05:30:00+00:00,LINK-USD,15m,9.512999534606934,9.552000045776367,9.508000373840332,9.531000137329102,2875136,2875136,yfinance,2026-07-10T06:58:07.675573+00:00
2026-05-26 05:45:00+00:00,LINK-USD,15m,9.538000106811523,9.538000106811523,9.49899959564209,9.515999794006348,1425760,1425760,yfinance,2026-07-10T06:58:07.675573+00:00
2026-05-26 06:00:00+00:00,LINK-USD,15m,9.515000343322754,9.527000427246094,9.49899959564209,9.522000312805176,0,0,yfinance,2026-07-10T06:58:07.675573+00:00
2026-05-26 06:15:00+00:00,LINK-USD,15m,9.520999908447266,9.524999618530273,9.487000465393066,9.494999885559082,357888,357888,yfinance,2026-07-10T06:58:07.675573+00:00
2026-05-26 06:30:00+00:00,LINK-USD,15m,9.498000144958496,9.541999816894531,9.493000030517578,9.541999816894531,462976,462976,yfinance,2026-07-10T06:58:07.675573+00:00
2026-05-26 06:45:00+00:00,LINK-USD,15m,9.541999816894531,9.541999816894531,9.522000312805176,9.52400016784668,1838528,1838528,yfinance,2026-07-10T06:58:07.675573+00:00
2026-05-26 07:00:00+00:00,LINK-USD,15m,9.529999732971191,9.53499984741211,9.46500015258789,9.46500015258789,0,0,yfinance,2026-07-10T06:58:07.675573+00:00
2026-05-26 07:15:00+00:00,LINK-USD,15m,9.46399974822998,9.475000381469727,9.444000244140625,9.472000122070312,1233088,1233088,yfinance,2026-07-10T06:58:07.675573+00:00
2026-05-26 07:30:00+00:00,LINK-USD,15m,9.468000411987305,9.470000267028809,9.442999839782715,9.45300006866455,74208,74208,yfinance,2026-07-10T06:58:07.675573+00:00
2026-05-26 07:45:00+00:00,LINK-USD,15m,9.460000038146973,9.494000434875488,9.454999923706055,9.472000122070312,260096,260096,yfinance,2026-07-10T06:58:07.675573+00:00
2026-05-26 08:00:00+00:00,LINK-USD,15m,9.473999977111816,9.529000282287598,9.472999572753906,9.51200008392334,1830336,1830336,yfinance,2026-07-10T06:58:07.675573+00:00
2026-05-26 08:15:00+00:00,LINK-USD,15m,9.51200008392334,9.531999588012695,9.50100040435791,9.527000427246094,1308736,1308736,yfinance,2026-07-10T06:58:07.675573+00:00
2026-05-26 08:30:00+00:00,LINK-USD,15m,9.524999618530273,9.524999618530273,9.491000175476074,9.52299976348877,319008,319008,yfinance,2026-07-10T06:58:07.675573+00:00
2026-05-26 08:45:00+00:00,LINK-USD,15m,9.524999618530273,9.538999557495117,9.48900032043457,9.527999877929688,723776,723776,yfinance,2026-07-10T06:58:07.675573+00:00
2026-05-26 09:00:00+00:00,LINK-USD,15m,9.531999588012695,9.53600025177002,9.503999710083008,9.506999969482422,471168,471168,yfinance,2026-07-10T06:58:07.675573+00:00
2026-05-26 09:15:00+00:00,LINK-USD,15m,9.506999969482422,9.526000022888184,9.468999862670898,9.491999626159668,3309184,3309184,yfinance,2026-07-10T06:58:07.675573+00:00
2026-05-26 09:30:00+00:00,LINK-USD,15m,9.493000030517578,9.508999824523926,9.447999954223633,9.473999977111816,3613312,3613312,yfinance,2026-07-10T06:58:07.675573+00:00
2026-05-26 09:45:00+00:00,LINK-USD,15m,9.473999977111816,9.479000091552734,9.451000213623047,9.463000297546387,1649184,1649184,yfinance,2026-07-10T06:58:07.675573+00:00
2026-05-26 10:00:00+00:00,LINK-USD,15m,9.460000038146973,9.480999946594238,9.4399995803833,9.479999542236328,1712512,1712512,yfinance,2026-07-10T06:58:07.675573+00:00
2026-05-26 10:15:00+00:00,LINK-USD,15m,9.482999801635742,9.59000015258789,9.470000267028809,9.583999633789062,1967328,1967328,yfinance,2026-07-10T06:58:07.675573+00:00
2026-05-26 10:30:00+00:00,LINK-USD,15m,9.586000442504883,9.621000289916992,9.576000213623047,9.614999771118164,6507488,6507488,yfinance,2026-07-10T06:58:07.675573+00:00
2026-05-26 10:45:00+00:00,LINK-USD,15m,9.61400032043457,9.623000144958496,9.585000038146973,9.586000442504883,5647808,5647808,yfinance,2026-07-10T06:58:07.675573+00:00
2026-05-26 11:00:00+00:00,LINK-USD,15m,9.588000297546387,9.600000381469727,9.576000213623047,9.57800006866455,911456,911456,yfinance,2026-07-10T06:58:07.675573+00:00
2026-05-26 11:15:00+00:00,LINK-USD,15m,9.579000473022461,9.588000297546387,9.559000015258789,9.572999954223633,328416,328416,yfinance,2026-07-10T06:58:07.675573+00:00
2026-05-26 11:30:00+00:00,LINK-USD,15m,9.576000213623047,9.595999717712402,9.5649995803833,9.593999862670898,713472,713472,yfinance,2026-07-10T06:58:07.675573+00:00
2026-05-26 11:45:00+00:00,LINK-USD,15m,9.592000007629395,9.597000122070312,9.5600004196167,9.5600004196167,391040,391040,yfinance,2026-07-10T06:58:07.675573+00:00
2026-05-26 12:00:00+00:00,LINK-USD,15m,9.560999870300293,9.581000328063965,9.510000228881836,9.54699993133545,1370912,1370912,yfinance,2026-07-10T06:58:07.675573+00:00
2026-05-26 12:15:00+00:00,LINK-USD,15m,9.54699993133545,9.562000274658203,9.53600025177002,9.553999900817871,564992,564992,yfinance,2026-07-10T06:58:07.675573+00:00
2026-05-26 12:30:00+00:00,LINK-USD,15m,9.557000160217285,9.567999839782715,9.543999671936035,9.562000274658203,96544,96544,yfinance,2026-07-10T06:58:07.675573+00:00
2026-05-26 12:45:00+00:00,LINK-USD,15m,9.5649995803833,9.597000122070312,9.562000274658203,9.585000038146973,1252512,1252512,yfinance,2026-07-10T06:58:07.675573+00:00
2026-05-26 13:00:00+00:00,LINK-USD,15m,9.583999633789062,9.595999717712402,9.581999778747559,9.586999893188477,656512,656512,yfinance,2026-07-10T06:58:07.675573+00:00
2026-05-26 13:15:00+00:00,LINK-USD,15m,9.586999893188477,9.586999893188477,9.53499984741211,9.53600025177002,486464,486464,yfinance,2026-07-10T06:58:07.675573+00:00
2026-05-26 13:30:00+00:00,LINK-USD,15m,9.536999702453613,9.564000129699707,9.505999565124512,9.54800033569336,2761248,2761248,yfinance,2026-07-10T06:58:07.675573+00:00
2026-05-26 13:45:00+00:00,LINK-USD,15m,9.553000450134277,9.619999885559082,9.553000450134277,9.59000015258789,4009344,4009344,yfinance,2026-07-10T06:58:07.675573+00:00
2026-05-26 14:00:00+00:00,LINK-USD,15m,9.604000091552734,9.62399959564209,9.593999862670898,9.619000434875488,2495936,2495936,yfinance,2026-07-10T06:58:07.675573+00:00
2026-05-26 14:15:00+00:00,LINK-USD,15m,9.619999885559082,9.670000076293945,9.602999687194824,9.664999961853027,2550976,2550976,yfinance,2026-07-10T06:58:07.675573+00:00
2026-05-26 14:30:00+00:00,LINK-USD,15m,9.668000221252441,9.668000221252441,9.496000289916992,9.517999649047852,3187648,3187648,yfinance,2026-07-10T06:58:07.675573+00:00
2026-05-26 14:45:00+00:00,LINK-USD,15m,9.526000022888184,9.562000274658203,9.503999710083008,9.527000427246094,2725536,2725536,yfinance,2026-07-10T06:58:07.675573+00:00
2026-05-26 15:00:00+00:00,LINK-USD,15m,9.527999877929688,9.538000106811523,9.475000381469727,9.532999992370605,2455712,2455712,yfinance,2026-07-10T06:58:07.675573+00:00
2026-05-26 15:15:00+00:00,LINK-USD,15m,9.53499984741211,9.538999557495117,9.470000267028809,9.494000434875488,1076768,1076768,yfinance,2026-07-10T06:58:07.675573+00:00
2026-05-26 15:30:00+00:00,LINK-USD,15m,9.489999771118164,9.498000144958496,9.430999755859375,9.467000007629395,5639424,5639424,yfinance,2026-07-10T06:58:07.675573+00:00
2026-05-26 15:45:00+00:00,LINK-USD,15m,9.467000007629395,9.468000411987305,9.394000053405762,9.461999893188477,2869696,2869696,yfinance,2026-07-10T06:58:07.675573+00:00
2026-05-26 16:00:00+00:00,LINK-USD,15m,9.458000183105469,9.468000411987305,9.397000312805176,9.416999816894531,3014816,3014816,yfinance,2026-07-10T06:58:07.675573+00:00
2026-05-26 16:15:00+00:00,LINK-USD,15m,9.418999671936035,9.458000183105469,9.418999671936035,9.447999954223633,1682464,1682464,yfinance,2026-07-10T06:58:07.675573+00:00
2026-05-26 16:30:00+00:00,LINK-USD,15m,9.444999694824219,9.46399974822998,9.420000076293945,9.437999725341797,1475328,1475328,yfinance,2026-07-10T06:58:07.675573+00:00
2026-05-26 16:45:00+00:00,LINK-USD,15m,9.4399995803833,9.451000213623047,9.413999557495117,9.435999870300293,90848,90848,yfinance,2026-07-10T06:58:07.675573+00:00
2026-05-26 17:00:00+00:00,LINK-USD,15m,9.437999725341797,9.454000473022461,9.416999816894531,9.418999671936035,51776,51776,yfinance,2026-07-10T06:58:07.675573+00:00
2026-05-26 17:15:00+00:00,LINK-USD,15m,9.418000221252441,9.42199993133545,9.378999710083008,9.39799976348877,7028320,7028320,yfinance,2026-07-10T06:58:07.675573+00:00
2026-05-26 17:30:00+00:00,LINK-USD,15m,9.38599967956543,9.425000190734863,9.369000434875488,9.425000190734863,6911072,6911072,yfinance,2026-07-10T06:58:07.675573+00:00
2026-05-26 17:45:00+00:00,LINK-USD,15m,9.423999786376953,9.428999900817871,9.369000434875488,9.376999855041504,5765184,5765184,yfinance,2026-07-10T06:58:07.675573+00:00
2026-05-26 18:00:00+00:00,LINK-USD,15m,9.37399959564209,9.407999992370605,9.364999771118164,9.39799976348877,2126752,2126752,yfinance,2026-07-10T06:58:07.675573+00:00
2026-05-26 18:15:00+00:00,LINK-USD,15m,9.399999618530273,9.439000129699707,9.394000053405762,9.413000106811523,1707808,1707808,yfinance,2026-07-10T06:58:07.675573+00:00
2026-05-26 18:30:00+00:00,LINK-USD,15m,9.413000106811523,9.418999671936035,9.357000350952148,9.359000205993652,1326336,1326336,yfinance,2026-07-10T06:58:07.675573+00:00
2026-05-26 18:45:00+00:00,LINK-USD,15m,9.361000061035156,9.380999565124512,9.35200023651123,9.366000175476074,381472,381472,yfinance,2026-07-10T06:58:07.675573+00:00
2026-05-26 19:00:00+00:00,LINK-USD,15m,9.369000434875488,9.371999740600586,9.335000038146973,9.340999603271484,0,0,yfinance,2026-07-10T06:58:07.675573+00:00
2026-05-26 19:15:00+00:00,LINK-USD,15m,9.342000007629395,9.359000205993652,9.32699966430664,9.350000381469727,3056576,3056576,yfinance,2026-07-10T06:58:07.675573+00:00
2026-05-26 19:30:00+00:00,LINK-USD,15m,9.348999977111816,9.402000427246094,9.348999977111816,9.38700008392334,164256,164256,yfinance,2026-07-10T06:58:07.675573+00:00
2026-05-26 19:45:00+00:00,LINK-USD,15m,9.38599967956543,9.407999992370605,9.380000114440918,9.383999824523926,720480,720480,yfinance,2026-07-10T06:58:07.675573+00:00
2026-05-26 20:00:00+00:00,LINK-USD,15m,9.390000343322754,9.406999588012695,9.38599967956543,9.406999588012695,0,0,yfinance,2026-07-10T06:58:07.675573+00:00
2026-05-26 20:15:00+00:00,LINK-USD,15m,9.406999588012695,9.413999557495117,9.390999794006348,9.40999984741211,262848,262848,yfinance,2026-07-10T06:58:07.675573+00:00
2026-05-26 20:30:00+00:00,LINK-USD,15m,9.407999992370605,9.411999702453613,9.383000373840332,9.39900016784668,32256,32256,yfinance,2026-07-10T06:58:07.675573+00:00
2026-05-26 20:45:00+00:00,LINK-USD,15m,9.39900016784668,9.414999961853027,9.39799976348877,9.413000106811523,2029216,2029216,yfinance,2026-07-10T06:58:07.675573+00:00
2026-05-26 21:00:00+00:00,LINK-USD,15m,9.411999702453613,9.416000366210938,9.342000007629395,9.359000205993652,0,0,yfinance,2026-07-10T06:58:07.675573+00:00
2026-05-26 21:15:00+00:00,LINK-USD,15m,9.357999801635742,9.388999938964844,9.357000350952148,9.380999565124512,2229408,2229408,yfinance,2026-07-10T06:58:07.675573+00:00
2026-05-26 21:30:00+00:00,LINK-USD,15m,9.383999824523926,9.406000137329102,9.383999824523926,9.399999618530273,393728,393728,yfinance,2026-07-10T06:58:07.675573+00:00
2026-05-26 21:45:00+00:00,LINK-USD,15m,9.397000312805176,9.402000427246094,9.348999977111816,9.36299991607666,415424,415424,yfinance,2026-07-10T06:58:07.675573+00:00
2026-05-26 22:00:00+00:00,LINK-USD,15m,9.366999626159668,9.38700008392334,9.333999633789062,9.350000381469727,230656,230656,yfinance,2026-07-10T06:58:07.675573+00:00
2026-05-26 22:15:00+00:00,LINK-USD,15m,9.347000122070312,9.366999626159668,9.342000007629395,9.36299991607666,209536,209536,yfinance,2026-07-10T06:58:07.675573+00:00
2026-05-26 22:30:00+00:00,LINK-USD,15m,9.359000205993652,9.371000289916992,9.352999687194824,9.354999542236328,0,0,yfinance,2026-07-10T06:58:07.675573+00:00
2026-05-26 22:45:00+00:00,LINK-USD,15m,9.352999687194824,9.352999687194824,9.336000442504883,9.35099983215332,692128,692128,yfinance,2026-07-10T06:58:07.675573+00:00
2026-05-26 23:00:00+00:00,LINK-USD,15m,9.354000091552734,9.378000259399414,9.354000091552734,9.369000434875488,456768,456768,yfinance,2026-07-10T06:58:07.675573+00:00
2026-05-26 23:15:00+00:00,LINK-USD,15m,9.364999771118164,9.380000114440918,9.357000350952148,9.368000030517578,429696,429696,yfinance,2026-07-10T06:58:07.675573+00:00
2026-05-26 23:30:00+00:00,LINK-USD,15m,9.371000289916992,9.388999938964844,9.369999885559082,9.381999969482422,0,0,yfinance,2026-07-10T06:58:07.675573+00:00
2026-05-26 23:45:00+00:00,LINK-USD,15m,9.38700008392334,9.388999938964844,9.366999626159668,9.369999885559082,0,0,yfinance,2026-07-10T06:58:07.675573+00:00
2026-05-27 00:00:00+00:00,LINK-USD,15m,9.375,9.404999732971191,9.37399959564209,9.402000427246094,387040,387040,yfinance,2026-07-10T06:58:07.675573+00:00
2026-05-27 00:15:00+00:00,LINK-USD,15m,9.402000427246094,9.404999732971191,9.383000373840332,9.404999732971191,6464,6464,yfinance,2026-07-10T06:58:07.675573+00:00
2026-05-27 00:30:00+00:00,LINK-USD,15m,9.406999588012695,9.427000045776367,9.406999588012695,9.420999526977539,222144,222144,yfinance,2026-07-10T06:58:07.675573+00:00
2026-05-27 00:45:00+00:00,LINK-USD,15m,9.420999526977539,9.442999839782715,9.420000076293945,9.4399995803833,1639488,1639488,yfinance,2026-07-10T06:58:07.675573+00:00
2026-05-27 01:00:00+00:00,LINK-USD,15m,9.439000129699707,9.446000099182129,9.420000076293945,9.437000274658203,0,0,yfinance,2026-07-10T06:58:07.675573+00:00
2026-05-27 01:15:00+00:00,LINK-USD,15m,9.434000015258789,9.4350004196167,9.402000427246094,9.418000221252441,3117760,3117760,yfinance,2026-07-10T06:58:07.675573+00:00
2026-05-27 01:30:00+00:00,LINK-USD,15m,9.414999961853027,9.437999725341797,9.411999702453613,9.423999786376953,2740032,2740032,yfinance,2026-07-10T06:58:07.675573+00:00
2026-05-27 01:45:00+00:00,LINK-USD,15m,9.427000045776367,9.446000099182129,9.409000396728516,9.413000106811523,598912,598912,yfinance,2026-07-10T06:58:07.675573+00:00
2026-05-27 02:00:00+00:00,LINK-USD,15m,9.414999961853027,9.42199993133545,9.392000198364258,9.407999992370605,0,0,yfinance,2026-07-10T06:58:07.675573+00:00
2026-05-27 02:15:00+00:00,LINK-USD,15m,9.409000396728516,9.413999557495117,9.37399959564209,9.392000198364258,1024192,1024192,yfinance,2026-07-10T06:58:07.675573+00:00
2026-05-27 02:30:00+00:00,LINK-USD,15m,9.387999534606934,9.402999877929688,9.378000259399414,9.401000022888184,420192,420192,yfinance,2026-07-10T06:58:07.675573+00:00
2026-05-27 02:45:00+00:00,LINK-USD,15m,9.402999877929688,9.428999900817871,9.395000457763672,9.428999900817871,341696,341696,yfinance,2026-07-10T06:58:07.675573+00:00
2026-05-27 03:00:00+00:00,LINK-USD,15m,9.430999755859375,9.458999633789062,9.418999671936035,9.428999900817871,3420032,3420032,yfinance,2026-07-10T06:58:07.675573+00:00
2026-05-27 03:15:00+00:00,LINK-USD,15m,9.428999900817871,9.428999900817871,9.404999732971191,9.425999641418457,708544,708544,yfinance,2026-07-10T06:58:07.675573+00:00
2026-05-27 03:30:00+00:00,LINK-USD,15m,9.427000045776367,9.432000160217285,9.402000427246094,9.402000427246094,0,0,yfinance,2026-07-10T06:58:07.675573+00:00
2026-05-27 03:45:00+00:00,LINK-USD,15m,9.404999732971191,9.409000396728516,9.373000144958496,9.381999969482422,793760,793760,yfinance,2026-07-10T06:58:07.675573+00:00
2026-05-27 04:00:00+00:00,LINK-USD,15m,9.380000114440918,9.38599967956543,9.369000434875488,9.371999740600586,208960,208960,yfinance,2026-07-10T06:58:07.675573+00:00
2026-05-27 04:15:00+00:00,LINK-USD,15m,9.371999740600586,9.371999740600586,9.335000038146973,9.336000442504883,78144,78144,yfinance,2026-07-10T06:58:07.675573+00:00
2026-05-27 04:30:00+00:00,LINK-USD,15m,9.333999633789062,9.34000015258789,9.28499984741211,9.32699966430664,7857120,7857120,yfinance,2026-07-10T06:58:07.675573+00:00
2026-05-27 04:45:00+00:00,LINK-USD,15m,9.331000328063965,9.390999794006348,9.331000328063965,9.387999534606934,550816,550816,yfinance,2026-07-10T06:58:07.675573+00:00
2026-05-27 05:00:00+00:00,LINK-USD,15m,9.392999649047852,9.399999618530273,9.383000373840332,9.392000198364258,6368,6368,yfinance,2026-07-10T06:58:07.675573+00:00
2026-05-27 05:15:00+00:00,LINK-USD,15m,9.387999534606934,9.428999900817871,9.383999824523926,9.420000076293945,0,0,yfinance,2026-07-10T06:58:07.675573+00:00
2026-05-27 05:30:00+00:00,LINK-USD,15m,9.42300033569336,9.430999755859375,9.402999877929688,9.409000396728516,0,0,yfinance,2026-07-10T06:58:07.675573+00:00
2026-05-27 05:45:00+00:00,LINK-USD,15m,9.406000137329102,9.420999526977539,9.39900016784668,9.413000106811523,339648,339648,yfinance,2026-07-10T06:58:07.675573+00:00
2026-05-27 06:00:00+00:00,LINK-USD,15m,9.416999816894531,9.430999755859375,9.40999984741211,9.414999961853027,60768,60768,yfinance,2026-07-10T06:58:07.675573+00:00
2026-05-27 06:15:00+00:00,LINK-USD,15m,9.413000106811523,9.420000076293945,9.395999908447266,9.420000076293945,0,0,yfinance,2026-07-10T06:58:07.675573+00:00
2026-05-27 06:30:00+00:00,LINK-USD,15m,9.420000076293945,9.440999984741211,9.406999588012695,9.416999816894531,0,0,yfinance,2026-07-10T06:58:07.675573+00:00
2026-05-27 06:45:00+00:00,LINK-USD,15m,9.416999816894531,9.428999900817871,9.40999984741211,9.42199993133545,179712,179712,yfinance,2026-07-10T06:58:07.675573+00:00
2026-05-27 07:00:00+00:00,LINK-USD,15m,9.425999641418457,9.432999610900879,9.402000427246094,9.40999984741211,0,0,yfinance,2026-07-10T06:58:07.675573+00:00
2026-05-27 07:15:00+00:00,LINK-USD,15m,9.411999702453613,9.420000076293945,9.404000282287598,9.407999992370605,1474912,1474912,yfinance,2026-07-10T06:58:07.675573+00:00
2026-05-27 07:30:00+00:00,LINK-USD,15m,9.40999984741211,9.418000221252441,9.392000198364258,9.407999992370605,2070048,2070048,yfinance,2026-07-10T06:58:07.675573+00:00
2026-05-27 07:45:00+00:00,LINK-USD,15m,9.40999984741211,9.425999641418457,9.402000427246094,9.425000190734863,34624,34624,yfinance,2026-07-10T06:58:07.675573+00:00
2026-05-27 08:00:00+00:00,LINK-USD,15m,9.420999526977539,9.432000160217285,9.383000373840332,9.385000228881836,2786720,2786720,yfinance,2026-07-10T06:58:07.675573+00:00
2026-05-27 08:15:00+00:00,LINK-USD,15m,9.388999938964844,9.425999641418457,9.38599967956543,9.413000106811523,1826464,1826464,yfinance,2026-07-10T06:58:07.675573+00:00
2026-05-27 08:30:00+00:00,LINK-USD,15m,9.413000106811523,9.42300033569336,9.404999732971191,9.41100025177002,1093472,1093472,yfinance,2026-07-10T06:58:07.675573+00:00
2026-05-27 08:45:00+00:00,LINK-USD,15m,9.411999702453613,9.411999702453613,9.369000434875488,9.376999855041504,580864,580864,yfinance,2026-07-10T06:58:07.675573+00:00
2026-05-27 09:00:00+00:00,LINK-USD,15m,9.380000114440918,9.380999565124512,9.347999572753906,9.352999687194824,0,0,yfinance,2026-07-10T06:58:07.675573+00:00
2026-05-27 09:15:00+00:00,LINK-USD,15m,9.352999687194824,9.36299991607666,9.333000183105469,9.338000297546387,576128,576128,yfinance,2026-07-10T06:58:07.675573+00:00
2026-05-27 09:30:00+00:00,LINK-USD,15m,9.34000015258789,9.369999885559082,9.333999633789062,9.354999542236328,0,0,yfinance,2026-07-10T06:58:07.675573+00:00
2026-05-27 09:45:00+00:00,LINK-USD,15m,9.357999801635742,9.362000465393066,9.335000038146973,9.34000015258789,50944,50944,yfinance,2026-07-10T06:58:07.675573+00:00
2026-05-27 10:00:00+00:00,LINK-USD,15m,9.342000007629395,9.361000061035156,9.329999923706055,9.361000061035156,536224,536224,yfinance,2026-07-10T06:58:07.675573+00:00
2026-05-27 10:15:00+00:00,LINK-USD,15m,9.357999801635742,9.368000030517578,9.350000381469727,9.352999687194824,0,0,yfinance,2026-07-10T06:58:07.675573+00:00
2026-05-27 10:30:00+00:00,LINK-USD,15m,9.35200023651123,9.357999801635742,9.331000328063965,9.336999893188477,0,0,yfinance,2026-07-10T06:58:07.675573+00:00
2026-05-27 10:45:00+00:00,LINK-USD,15m,9.336999893188477,9.343000411987305,9.322999954223633,9.326000213623047,0,0,yfinance,2026-07-10T06:58:07.675573+00:00
2026-05-27 11:00:00+00:00,LINK-USD,15m,9.322999954223633,9.36400032043457,9.321000099182129,9.36400032043457,0,0,yfinance,2026-07-10T06:58:07.675573+00:00
2026-05-27 11:15:00+00:00,LINK-USD,15m,9.366000175476074,9.378999710083008,9.350000381469727,9.350000381469727,2168032,2168032,yfinance,2026-07-10T06:58:07.675573+00:00
2026-05-27 11:30:00+00:00,LINK-USD,15m,9.350000381469727,9.371000289916992,9.336999893188477,9.355999946594238,123552,123552,yfinance,2026-07-10T06:58:07.675573+00:00
2026-05-27 11:45:00+00:00,LINK-USD,15m,9.355999946594238,9.359999656677246,9.343000411987305,9.345999717712402,136064,136064,yfinance,2026-07-10T06:58:07.675573+00:00
2026-05-27 12:00:00+00:00,LINK-USD,15m,9.348999977111816,9.348999977111816,9.324000358581543,9.343999862670898,38400,38400,yfinance,2026-07-10T06:58:07.675573+00:00
2026-05-27 12:15:00+00:00,LINK-USD,15m,9.343000411987305,9.467000007629395,9.333000183105469,9.430000305175781,6836704,6836704,yfinance,2026-07-10T06:58:07.675573+00:00
2026-05-27 12:30:00+00:00,LINK-USD,15m,9.432000160217285,9.439000129699707,9.406000137329102,9.428999900817871,3848704,3848704,yfinance,2026-07-10T06:58:07.675573+00:00
2026-05-27 12:45:00+00:00,LINK-USD,15m,9.425999641418457,9.425999641418457,9.388999938964844,9.390000343322754,0,0,yfinance,2026-07-10T06:58:07.675573+00:00
2026-05-27 13:00:00+00:00,LINK-USD,15m,9.394000053405762,9.397000312805176,9.357000350952148,9.369999885559082,128160,128160,yfinance,2026-07-10T06:58:07.675573+00:00
2026-05-27 13:15:00+00:00,LINK-USD,15m,9.371000289916992,9.371000289916992,9.336999893188477,9.340999603271484,550816,550816,yfinance,2026-07-10T06:58:07.675573+00:00
2026-05-27 13:30:00+00:00,LINK-USD,15m,9.333999633789062,9.350000381469727,9.260000228881836,9.26200008392334,2028864,2028864,yfinance,2026-07-10T06:58:07.675573+00:00
2026-05-27 13:45:00+00:00,LINK-USD,15m,9.265000343322754,9.312000274658203,9.26099967956543,9.310999870300293,2040288,2040288,yfinance,2026-07-10T06:58:07.675573+00:00
2026-05-27 14:00:00+00:00,LINK-USD,15m,9.319000244140625,9.359000205993652,9.307000160217285,9.309000015258789,0,0,yfinance,2026-07-10T06:58:07.675573+00:00
2026-05-27 14:15:00+00:00,LINK-USD,15m,9.310999870300293,9.322999954223633,9.270999908447266,9.291999816894531,0,0,yfinance,2026-07-10T06:58:07.675573+00:00
2026-05-27 14:30:00+00:00,LINK-USD,15m,9.29800033569336,9.32800006866455,9.288000106811523,9.3149995803833,0,0,yfinance,2026-07-10T06:58:07.675573+00:00
2026-05-27 14:45:00+00:00,LINK-USD,15m,9.3149995803833,9.35099983215332,9.3149995803833,9.348999977111816,0,0,yfinance,2026-07-10T06:58:07.675573+00:00
2026-05-27 15:00:00+00:00,LINK-USD,15m,9.348999977111816,9.406000137329102,9.345999717712402,9.401000022888184,59392,59392,yfinance,2026-07-10T06:58:07.675573+00:00
2026-05-27 15:15:00+00:00,LINK-USD,15m,9.399999618530273,9.444999694824219,9.399999618530273,9.432999610900879,2780704,2780704,yfinance,2026-07-10T06:58:07.675573+00:00
2026-05-27 15:30:00+00:00,LINK-USD,15m,9.434000015258789,9.46399974822998,9.402999877929688,9.407999992370605,0,0,yfinance,2026-07-10T06:58:07.675573+00:00
2026-05-27 15:45:00+00:00,LINK-USD,15m,9.413999557495117,9.427000045776367,9.392000198364258,9.413999557495117,1502944,1502944,yfinance,2026-07-10T06:58:07.675573+00:00
2026-05-27 16:00:00+00:00,LINK-USD,15m,9.416000366210938,9.439000129699707,9.383999824523926,9.395000457763672,326720,326720,yfinance,2026-07-10T06:58:07.675573+00:00
2026-05-27 16:15:00+00:00,LINK-USD,15m,9.394000053405762,9.394000053405762,9.338000297546387,9.359000205993652,1164704,1164704,yfinance,2026-07-10T06:58:07.675573+00:00
2026-05-27 16:30:00+00:00,LINK-USD,15m,9.355999946594238,9.361000061035156,9.309000015258789,9.329000473022461,1912512,1912512,yfinance,2026-07-10T06:58:07.675573+00:00
2026-05-27 16:45:00+00:00,LINK-USD,15m,9.329000473022461,9.350000381469727,9.32699966430664,9.342000007629395,1757472,1757472,yfinance,2026-07-10T06:58:07.675573+00:00
2026-05-27 17:00:00+00:00,LINK-USD,15m,9.343000411987305,9.343000411987305,9.255000114440918,9.26200008392334,203552,203552,yfinance,2026-07-10T06:58:07.675573+00:00
2026-05-27 17:15:00+00:00,LINK-USD,15m,9.262999534606934,9.291000366210938,9.24899959564209,9.279999732971191,1162240,1162240,yfinance,2026-07-10T06:58:07.675573+00:00
2026-05-27 17:30:00+00:00,LINK-USD,15m,9.27400016784668,9.279999732971191,9.239999771118164,9.24899959564209,0,0,yfinance,2026-07-10T06:58:07.675573+00:00
2026-05-27 17:45:00+00:00,LINK-USD,15m,9.25,9.270999908447266,9.223999977111816,9.239999771118164,0,0,yfinance,2026-07-10T06:58:07.675573+00:00
2026-05-27 18:00:00+00:00,LINK-USD,15m,9.23900032043457,9.244000434875488,9.208999633789062,9.220999717712402,0,0,yfinance,2026-07-10T06:58:07.675573+00:00
2026-05-27 18:15:00+00:00,LINK-USD,15m,9.222000122070312,9.246000289916992,9.21500015258789,9.246000289916992,224032,224032,yfinance,2026-07-10T06:58:07.675573+00:00
2026-05-27 18:30:00+00:00,LINK-USD,15m,9.243000030517578,9.267999649047852,9.234999656677246,9.26099967956543,0,0,yfinance,2026-07-10T06:58:07.675573+00:00
2026-05-27 18:45:00+00:00,LINK-USD,15m,9.26099967956543,9.286999702453613,9.255999565124512,9.282999992370605,212864,212864,yfinance,2026-07-10T06:58:07.675573+00:00
2026-05-27 19:00:00+00:00,LINK-USD,15m,9.286999702453613,9.29699993133545,9.276000022888184,9.295999526977539,0,0,yfinance,2026-07-10T06:58:07.675573+00:00
2026-05-27 19:15:00+00:00,LINK-USD,15m,9.291000366210938,9.315999984741211,9.281000137329102,9.307000160217285,6531456,6531456,yfinance,2026-07-10T06:58:07.675573+00:00
2026-05-27 19:30:00+00:00,LINK-USD,15m,9.307999610900879,9.324000358581543,9.291000366210938,9.29800033569336,287296,287296,yfinance,2026-07-10T06:58:07.675573+00:00
2026-05-27 19:45:00+00:00,LINK-USD,15m,9.300999641418457,9.307999610900879,9.288000106811523,9.302000045776367,211680,211680,yfinance,2026-07-10T06:58:07.675573+00:00
2026-05-27 20:00:00+00:00,LINK-USD,15m,9.305999755859375,9.317000389099121,9.29699993133545,9.315999984741211,998912,998912,yfinance,2026-07-10T06:58:07.675573+00:00
2026-05-27 20:15:00+00:00,LINK-USD,15m,9.319999694824219,9.335000038146973,9.295999526977539,9.29800033569336,862304,862304,yfinance,2026-07-10T06:58:07.675573+00:00
2026-05-27 20:30:00+00:00,LINK-USD,15m,9.295000076293945,9.305000305175781,9.284000396728516,9.305000305175781,2135648,2135648,yfinance,2026-07-10T06:58:07.675573+00:00
2026-05-27 20:45:00+00:00,LINK-USD,15m,9.305999755859375,9.319999694824219,9.305999755859375,9.315999984741211,1050752,1050752,yfinance,2026-07-10T06:58:07.675573+00:00
2026-05-27 21:00:00+00:00,LINK-USD,15m,9.317000389099121,9.322999954223633,9.303999900817871,9.305999755859375,359584,359584,yfinance,2026-07-10T06:58:07.675573+00:00
2026-05-27 21:15:00+00:00,LINK-USD,15m,9.305999755859375,9.3100004196167,9.281000137329102,9.281000137329102,679360,679360,yfinance,2026-07-10T06:58:07.675573+00:00
2026-05-27 21:30:00+00:00,LINK-USD,15m,9.281000137329102,9.281999588012695,9.152000427246094,9.185999870300293,10621472,10621472,yfinance,2026-07-10T06:58:07.675573+00:00
2026-05-27 21:45:00+00:00,LINK-USD,15m,9.185999870300293,9.192000389099121,9.123000144958496,9.154999732971191,6263296,6263296,yfinance,2026-07-10T06:58:07.675573+00:00
2026-05-27 22:00:00+00:00,LINK-USD,15m,9.145999908447266,9.194999694824219,9.126999855041504,9.140999794006348,2165248,2165248,yfinance,2026-07-10T06:58:07.675573+00:00
2026-05-27 22:15:00+00:00,LINK-USD,15m,9.140000343322754,9.17300033569336,9.116999626159668,9.166000366210938,3159936,3159936,yfinance,2026-07-10T06:58:07.675573+00:00
2026-05-27 22:30:00+00:00,LINK-USD,15m,9.163999557495117,9.182000160217285,9.14900016784668,9.170000076293945,1730336,1730336,yfinance,2026-07-10T06:58:07.675573+00:00
2026-05-27 22:45:00+00:00,LINK-USD,15m,9.168000221252441,9.175000190734863,9.126999855041504,9.126999855041504,96640,96640,yfinance,2026-07-10T06:58:07.675573+00:00
2026-05-27 23:00:00+00:00,LINK-USD,15m,9.125,9.14799976348877,9.114999771118164,9.145000457763672,1826304,1826304,yfinance,2026-07-10T06:58:07.675573+00:00
2026-05-27 23:15:00+00:00,LINK-USD,15m,9.140000343322754,9.156000137329102,9.097999572753906,9.105999946594238,3285760,3285760,yfinance,2026-07-10T06:58:07.675573+00:00
2026-05-27 23:30:00+00:00,LINK-USD,15m,9.105999946594238,9.12600040435791,9.100000381469727,9.123000144958496,3126432,3126432,yfinance,2026-07-10T06:58:07.675573+00:00
2026-05-27 23:45:00+00:00,LINK-USD,15m,9.121000289916992,9.133000373840332,9.109999656677246,9.121999740600586,1774528,1774528,yfinance,2026-07-10T06:58:07.675573+00:00
2026-05-28 00:00:00+00:00,LINK-USD,15m,9.123000144958496,9.13700008392334,9.097000122070312,9.098999977111816,1288192,1288192,yfinance,2026-07-10T06:58:07.675573+00:00
2026-05-28 00:15:00+00:00,LINK-USD,15m,9.100000381469727,9.131999969482422,9.097000122070312,9.111000061035156,1220224,1220224,yfinance,2026-07-10T06:58:07.675573+00:00
2026-05-28 00:30:00+00:00,LINK-USD,15m,9.11299991607666,9.128999710083008,9.104999542236328,9.128999710083008,1026240,1026240,yfinance,2026-07-10T06:58:07.675573+00:00
2026-05-28 00:45:00+00:00,LINK-USD,15m,9.126999855041504,9.130999565124512,9.104999542236328,9.130000114440918,122528,122528,yfinance,2026-07-10T06:58:07.675573+00:00
2026-05-28 01:00:00+00:00,LINK-USD,15m,9.131999969482422,9.133999824523926,9.104000091552734,9.114999771118164,231936,231936,yfinance,2026-07-10T06:58:07.675573+00:00
2026-05-28 01:15:00+00:00,LINK-USD,15m,9.114999771118164,9.118000030517578,9.052000045776367,9.071999549865723,712416,712416,yfinance,2026-07-10T06:58:07.675573+00:00
2026-05-28 01:30:00+00:00,LINK-USD,15m,9.064000129699707,9.088000297546387,9.053000450134277,9.083000183105469,2841920,2841920,yfinance,2026-07-10T06:58:07.675573+00:00
2026-05-28 01:45:00+00:00,LINK-USD,15m,9.081999778747559,9.105999946594238,9.07699966430664,9.09000015258789,564672,564672,yfinance,2026-07-10T06:58:07.675573+00:00
2026-05-28 02:00:00+00:00,LINK-USD,15m,9.093999862670898,9.104000091552734,9.071999549865723,9.100000381469727,250848,250848,yfinance,2026-07-10T06:58:07.675573+00:00
2026-05-28 02:15:00+00:00,LINK-USD,15m,9.102999687194824,9.107000350952148,9.083999633789062,9.09000015258789,240992,240992,yfinance,2026-07-10T06:58:07.675573+00:00
2026-05-28 02:30:00+00:00,LINK-USD,15m,9.093000411987305,9.102999687194824,9.079999923706055,9.095000267028809,0,0,yfinance,2026-07-10T06:58:07.675573+00:00
2026-05-28 02:45:00+00:00,LINK-USD,15m,9.090999603271484,9.105999946594238,9.085000038146973,9.09000015258789,318048,318048,yfinance,2026-07-10T06:58:07.675573+00:00
2026-05-28 03:00:00+00:00,LINK-USD,15m,9.092000007629395,9.104999542236328,9.0600004196167,9.07800006866455,0,0,yfinance,2026-07-10T06:58:07.675573+00:00
2026-05-28 03:15:00+00:00,LINK-USD,15m,9.079000473022461,9.081999778747559,8.942000389099121,9.003999710083008,18379616,18379616,yfinance,2026-07-10T06:58:07.675573+00:00
2026-05-28 03:30:00+00:00,LINK-USD,15m,8.994999885559082,9.006999969482422,8.949999809265137,8.958000183105469,5762688,5762688,yfinance,2026-07-10T06:58:07.675573+00:00
2026-05-28 03:45:00+00:00,LINK-USD,15m,8.956000328063965,8.980999946594238,8.871000289916992,8.87600040435791,6954208,6954208,yfinance,2026-07-10T06:58:07.675573+00:00
2026-05-28 04:00:00+00:00,LINK-USD,15m,8.87600040435791,8.885000228881836,8.772000312805176,8.857999801635742,21094624,21094624,yfinance,2026-07-10T06:58:07.675573+00:00
2026-05-28 04:15:00+00:00,LINK-USD,15m,8.857999801635742,8.871000289916992,8.805000305175781,8.848999977111816,3595232,3595232,yfinance,2026-07-10T06:58:07.675573+00:00
2026-05-28 04:30:00+00:00,LINK-USD,15m,8.845999717712402,8.892999649047852,8.842000007629395,8.890999794006348,981920,981920,yfinance,2026-07-10T06:58:07.675573+00:00
2026-05-28 04:45:00+00:00,LINK-USD,15m,8.885000228881836,8.890000343322754,8.873000144958496,8.890000343322754,2051936,2051936,yfinance,2026-07-10T06:58:07.675573+00:00
2026-05-28 05:00:00+00:00,LINK-USD,15m,8.890000343322754,8.895999908447266,8.854000091552734,8.861000061035156,1443328,1443328,yfinance,2026-07-10T06:58:07.675573+00:00
2026-05-28 05:15:00+00:00,LINK-USD,15m,8.859999656677246,8.859999656677246,8.784000396728516,8.78600025177002,6002944,6002944,yfinance,2026-07-10T06:58:07.675573+00:00
2026-05-28 05:30:00+00:00,LINK-USD,15m,8.788000106811523,8.835000038146973,8.788000106811523,8.831999778747559,3609568,3609568,yfinance,2026-07-10T06:58:07.675573+00:00
2026-05-28 05:45:00+00:00,LINK-USD,15m,8.831000328063965,8.835000038146973,8.805999755859375,8.817000389099121,432320,432320,yfinance,2026-07-10T06:58:07.675573+00:00
2026-05-28 06:00:00+00:00,LINK-USD,15m,8.8149995803833,8.838000297546387,8.810999870300293,8.817999839782715,582304,582304,yfinance,2026-07-10T06:58:07.675573+00:00
2026-05-28 06:15:00+00:00,LINK-USD,15m,8.819999694824219,8.831000328063965,8.802000045776367,8.821000099182129,616128,616128,yfinance,2026-07-10T06:58:07.675573+00:00
2026-05-28 06:30:00+00:00,LINK-USD,15m,8.819999694824219,8.822999954223633,8.78499984741211,8.810999870300293,753984,753984,yfinance,2026-07-10T06:58:07.675573+00:00
2026-05-28 06:45:00+00:00,LINK-USD,15m,8.814000129699707,8.85200023651123,8.814000129699707,8.836999893188477,3085568,3085568,yfinance,2026-07-10T06:58:07.675573+00:00
2026-05-28 07:00:00+00:00,LINK-USD,15m,8.84000015258789,8.855999946594238,8.833999633789062,8.85099983215332,260736,260736,yfinance,2026-07-10T06:58:07.675573+00:00
2026-05-28 07:15:00+00:00,LINK-USD,15m,8.852999687194824,8.876999855041504,8.852999687194824,8.866999626159668,5185344,5185344,yfinance,2026-07-10T06:58:07.675573+00:00
2026-05-28 07:30:00+00:00,LINK-USD,15m,8.869000434875488,8.902000427246094,8.868000030517578,8.89799976348877,405216,405216,yfinance,2026-07-10T06:58:07.675573+00:00
2026-05-28 07:45:00+00:00,LINK-USD,15m,8.894000053405762,8.894000053405762,8.871999740600586,8.890000343322754,969952,969952,yfinance,2026-07-10T06:58:07.675573+00:00
2026-05-28 08:00:00+00:00,LINK-USD,15m,8.892000198364258,8.892000198364258,8.85099983215332,8.873000144958496,4801696,4801696,yfinance,2026-07-10T06:58:07.675573+00:00
2026-05-28 08:15:00+00:00,LINK-USD,15m,8.873000144958496,8.873000144958496,8.833000183105469,8.84000015258789,0,0,yfinance,2026-07-10T06:58:07.675573+00:00
2026-05-28 08:30:00+00:00,LINK-USD,15m,8.84000015258789,8.866000175476074,8.829999923706055,8.85099983215332,0,0,yfinance,2026-07-10T06:58:07.675573+00:00
2026-05-28 08:45:00+00:00,LINK-USD,15m,8.85099983215332,8.866999626159668,8.848999977111816,8.850000381469727,0,0,yfinance,2026-07-10T06:58:07.675573+00:00
2026-05-28 09:00:00+00:00,LINK-USD,15m,8.85099983215332,8.871999740600586,8.843000411987305,8.862000465393066,0,0,yfinance,2026-07-10T06:58:07.675573+00:00
2026-05-28 09:15:00+00:00,LINK-USD,15m,8.862000465393066,8.887999534606934,8.859000205993652,8.88599967956543,0,0,yfinance,2026-07-10T06:58:07.675573+00:00
2026-05-28 09:30:00+00:00,LINK-USD,15m,8.88599967956543,8.89799976348877,8.880000114440918,8.89799976348877,0,0,yfinance,2026-07-10T06:58:07.675573+00:00
2026-05-28 09:45:00+00:00,LINK-USD,15m,8.895999908447266,8.914999961853027,8.895000457763672,8.909000396728516,0,0,yfinance,2026-07-10T06:58:07.675573+00:00
2026-05-28 10:00:00+00:00,LINK-USD,15m,8.909000396728516,8.92199993133545,8.904000282287598,8.90999984741211,0,0,yfinance,2026-07-10T06:58:07.675573+00:00
2026-05-28 10:15:00+00:00,LINK-USD,15m,8.91100025177002,8.918000221252441,8.87399959564209,8.890999794006348,1099872,1099872,yfinance,2026-07-10T06:58:07.675573+00:00
2026-05-28 10:30:00+00:00,LINK-USD,15m,8.892000198364258,8.902999877929688,8.888999938964844,8.892000198364258,163936,163936,yfinance,2026-07-10T06:58:07.675573+00:00
2026-05-28 10:45:00+00:00,LINK-USD,15m,8.887999534606934,8.89900016784668,8.854999542236328,8.86299991607666,1335456,1335456,yfinance,2026-07-10T06:58:07.675573+00:00
2026-05-28 11:00:00+00:00,LINK-USD,15m,8.86299991607666,8.869999885559082,8.848999977111816,8.869999885559082,1488768,1488768,yfinance,2026-07-10T06:58:07.675573+00:00
2026-05-28 11:15:00+00:00,LINK-USD,15m,8.869000434875488,8.873000144958496,8.845000267028809,8.85200023651123,1170624,1170624,yfinance,2026-07-10T06:58:07.675573+00:00
2026-05-28 11:30:00+00:00,LINK-USD,15m,8.852999687194824,8.866000175476074,8.840999603271484,8.866000175476074,395296,395296,yfinance,2026-07-10T06:58:07.675573+00:00
2026-05-28 11:45:00+00:00,LINK-USD,15m,8.86400032043457,8.86400032043457,8.847000122070312,8.85200023651123,323712,323712,yfinance,2026-07-10T06:58:07.675573+00:00
2026-05-28 12:00:00+00:00,LINK-USD,15m,8.85200023651123,8.86299991607666,8.836999893188477,8.842000007629395,88000,88000,yfinance,2026-07-10T06:58:07.675573+00:00
2026-05-28 12:15:00+00:00,LINK-USD,15m,8.840999603271484,8.843999862670898,8.803000450134277,8.812999725341797,4026592,4026592,yfinance,2026-07-10T06:58:07.675573+00:00
2026-05-28 12:30:00+00:00,LINK-USD,15m,8.8100004196167,8.86299991607666,8.8100004196167,8.857999801635742,2580800,2580800,yfinance,2026-07-10T06:58:07.675573+00:00
2026-05-28 12:45:00+00:00,LINK-USD,15m,8.855999946594238,8.87399959564209,8.855999946594238,8.873000144958496,2415200,2415200,yfinance,2026-07-10T06:58:07.675573+00:00
2026-05-28 13:00:00+00:00,LINK-USD,15m,8.87399959564209,8.897000312805176,8.86299991607666,8.871000289916992,427296,427296,yfinance,2026-07-10T06:58:07.675573+00:00
2026-05-28 13:15:00+00:00,LINK-USD,15m,8.866999626159668,8.883999824523926,8.84000015258789,8.878999710083008,966880,966880,yfinance,2026-07-10T06:58:07.675573+00:00
2026-05-28 13:30:00+00:00,LINK-USD,15m,8.87600040435791,8.876999855041504,8.821999549865723,8.831999778747559,177472,177472,yfinance,2026-07-10T06:58:07.675573+00:00
2026-05-28 13:45:00+00:00,LINK-USD,15m,8.84000015258789,8.88700008392334,8.833000183105469,8.854000091552734,2388000,2388000,yfinance,2026-07-10T06:58:07.675573+00:00
2026-05-28 14:00:00+00:00,LINK-USD,15m,8.854999542236328,8.892000198364258,8.781999588012695,8.892000198364258,2478464,2478464,yfinance,2026-07-10T06:58:07.675573+00:00
2026-05-28 14:15:00+00:00,LINK-USD,15m,8.890000343322754,8.947999954223633,8.878000259399414,8.90999984741211,7407744,7407744,yfinance,2026-07-10T06:58:07.675573+00:00
2026-05-28 14:30:00+00:00,LINK-USD,15m,8.909000396728516,8.932000160217285,8.871000289916992,8.880999565124512,4389984,4389984,yfinance,2026-07-10T06:58:07.675573+00:00
2026-05-28 14:45:00+00:00,LINK-USD,15m,8.883000373840332,8.911999702453613,8.86400032043457,8.902000427246094,1896480,1896480,yfinance,2026-07-10T06:58:07.675573+00:00
2026-05-28 15:00:00+00:00,LINK-USD,15m,8.89900016784668,8.920999526977539,8.861000061035156,8.861000061035156,0,0,yfinance,2026-07-10T06:58:07.675573+00:00
2026-05-28 15:15:00+00:00,LINK-USD,15m,8.86299991607666,8.869999885559082,8.812999725341797,8.869999885559082,0,0,yfinance,2026-07-10T06:58:07.675573+00:00
2026-05-28 15:30:00+00:00,LINK-USD,15m,8.869999885559082,8.887999534606934,8.847000122070312,8.88700008392334,60224,60224,yfinance,2026-07-10T06:58:07.675573+00:00
2026-05-28 15:45:00+00:00,LINK-USD,15m,8.892000198364258,8.909000396728516,8.87399959564209,8.887999534606934,0,0,yfinance,2026-07-10T06:58:07.675573+00:00
2026-05-28 16:00:00+00:00,LINK-USD,15m,8.883000373840332,8.92199993133545,8.85099983215332,8.913000106811523,425728,425728,yfinance,2026-07-10T06:58:07.675573+00:00
2026-05-28 16:15:00+00:00,LINK-USD,15m,8.914999961853027,8.954999923706055,8.902999877929688,8.930999755859375,5444000,5444000,yfinance,2026-07-10T06:58:07.675573+00:00
2026-05-28 16:30:00+00:00,LINK-USD,15m,8.930999755859375,8.96399974822998,8.928999900817871,8.96399974822998,319744,319744,yfinance,2026-07-10T06:58:07.675573+00:00
2026-05-28 16:45:00+00:00,LINK-USD,15m,8.965999603271484,9.005999565124512,8.961000442504883,8.986000061035156,1484960,1484960,yfinance,2026-07-10T06:58:07.675573+00:00
2026-05-28 17:00:00+00:00,LINK-USD,15m,8.991000175476074,8.998000144958496,8.963000297546387,8.989999771118164,355136,355136,yfinance,2026-07-10T06:58:07.675573+00:00
2026-05-28 17:15:00+00:00,LINK-USD,15m,8.991000175476074,9.003000259399414,8.970999717712402,8.984000205993652,0,0,yfinance,2026-07-10T06:58:07.675573+00:00
2026-05-28 17:30:00+00:00,LINK-USD,15m,8.98799991607666,9.019000053405762,8.982999801635742,9.00100040435791,438144,438144,yfinance,2026-07-10T06:58:07.675573+00:00
2026-05-28 17:45:00+00:00,LINK-USD,15m,9.003000259399414,9.036999702453613,8.996999740600586,9.013999938964844,476320,476320,yfinance,2026-07-10T06:58:07.675573+00:00
2026-05-28 18:00:00+00:00,LINK-USD,15m,9.012999534606934,9.062999725341797,9.008999824523926,9.055000305175781,5720160,5720160,yfinance,2026-07-10T06:58:07.675573+00:00
2026-05-28 18:15:00+00:00,LINK-USD,15m,9.057999610900879,9.071999549865723,9.041999816894531,9.041999816894531,1327776,1327776,yfinance,2026-07-10T06:58:07.675573+00:00
2026-05-28 18:30:00+00:00,LINK-USD,15m,9.045999526977539,9.067000389099121,9.045000076293945,9.04800033569336,412128,412128,yfinance,2026-07-10T06:58:07.675573+00:00
2026-05-28 18:45:00+00:00,LINK-USD,15m,9.04800033569336,9.071000099182129,9.045000076293945,9.055999755859375,116000,116000,yfinance,2026-07-10T06:58:07.675573+00:00
2026-05-28 19:00:00+00:00,LINK-USD,15m,9.055000305175781,9.057000160217285,9.008999824523926,9.013999938964844,277536,277536,yfinance,2026-07-10T06:58:07.675573+00:00
2026-05-28 19:15:00+00:00,LINK-USD,15m,9.013999938964844,9.034000396728516,9.008999824523926,9.034000396728516,244768,244768,yfinance,2026-07-10T06:58:07.675573+00:00
2026-05-28 19:30:00+00:00,LINK-USD,15m,9.038999557495117,9.039999961853027,8.991999626159668,8.991999626159668,0,0,yfinance,2026-07-10T06:58:07.675573+00:00
2026-05-28 19:45:00+00:00,LINK-USD,15m,8.991999626159668,9.003999710083008,8.977999687194824,8.980999946594238,6225376,6225376,yfinance,2026-07-10T06:58:07.675573+00:00
2026-05-28 20:00:00+00:00,LINK-USD,15m,8.982999801635742,9.0,8.954000473022461,8.986000061035156,1906176,1906176,yfinance,2026-07-10T06:58:07.675573+00:00
2026-05-28 20:15:00+00:00,LINK-USD,15m,8.984000205993652,9.020999908447266,8.982999801635742,9.019000053405762,612032,612032,yfinance,2026-07-10T06:58:07.675573+00:00
2026-05-28 20:30:00+00:00,LINK-USD,15m,9.019000053405762,9.02299976348877,9.003999710083008,9.020999908447266,134528,134528,yfinance,2026-07-10T06:58:07.675573+00:00
2026-05-28 20:45:00+00:00,LINK-USD,15m,9.015000343322754,9.020000457763672,8.991999626159668,8.991999626159668,4766592,4766592,yfinance,2026-07-10T06:58:07.675573+00:00
2026-05-28 21:00:00+00:00,LINK-USD,15m,8.994000434875488,9.052000045776367,8.98900032043457,9.043999671936035,416256,416256,yfinance,2026-07-10T06:58:07.675573+00:00
2026-05-28 21:15:00+00:00,LINK-USD,15m,9.041999816894531,9.050999641418457,9.036999702453613,9.038000106811523,644512,644512,yfinance,2026-07-10T06:58:07.675573+00:00
2026-05-28 21:30:00+00:00,LINK-USD,15m,9.038000106811523,9.055999755859375,9.034000396728516,9.052000045776367,0,0,yfinance,2026-07-10T06:58:07.675573+00:00
2026-05-28 21:45:00+00:00,LINK-USD,15m,9.050999641418457,9.050999641418457,9.031000137329102,9.031000137329102,0,0,yfinance,2026-07-10T06:58:07.675573+00:00
2026-05-28 22:00:00+00:00,LINK-USD,15m,9.029999732971191,9.04800033569336,9.012999534606934,9.017000198364258,0,0,yfinance,2026-07-10T06:58:07.675573+00:00
2026-05-28 22:15:00+00:00,LINK-USD,15m,9.013999938964844,9.013999938964844,8.982000350952148,8.982000350952148,0,0,yfinance,2026-07-10T06:58:07.675573+00:00
2026-05-28 22:30:00+00:00,LINK-USD,15m,8.979999542236328,8.982999801635742,8.96500015258789,8.968999862670898,0,0,yfinance,2026-07-10T06:58:07.675573+00:00
2026-05-28 22:45:00+00:00,LINK-USD,15m,8.967000007629395,8.989999771118164,8.967000007629395,8.97599983215332,4704064,4704064,yfinance,2026-07-10T06:58:07.675573+00:00
2026-05-28 23:00:00+00:00,LINK-USD,15m,8.97599983215332,8.989999771118164,8.970999717712402,8.989999771118164,0,0,yfinance,2026-07-10T06:58:07.675573+00:00
2026-05-28 23:15:00+00:00,LINK-USD,15m,8.989999771118164,9.008999824523926,8.984999656677246,9.003999710083008,1497728,1497728,yfinance,2026-07-10T06:58:07.675573+00:00
2026-05-28 23:30:00+00:00,LINK-USD,15m,9.003000259399414,9.005000114440918,8.979000091552734,8.994000434875488,0,0,yfinance,2026-07-10T06:58:07.675573+00:00
2026-05-28 23:45:00+00:00,LINK-USD,15m,8.991000175476074,8.996000289916992,8.97599983215332,8.991999626159668,0,0,yfinance,2026-07-10T06:58:07.675573+00:00
2026-05-29 00:00:00+00:00,LINK-USD,15m,8.991999626159668,9.029999732971191,8.991999626159668,9.02299976348877,45248,45248,yfinance,2026-07-10T06:58:07.675573+00:00
2026-05-29 00:15:00+00:00,LINK-USD,15m,9.020999908447266,9.036999702453613,9.013999938964844,9.026000022888184,4558336,4558336,yfinance,2026-07-10T06:58:07.675573+00:00
2026-05-29 00:30:00+00:00,LINK-USD,15m,9.026000022888184,9.03600025177002,9.017000198364258,9.031999588012695,0,0,yfinance,2026-07-10T06:58:07.675573+00:00
2026-05-29 00:45:00+00:00,LINK-USD,15m,9.029999732971191,9.031999588012695,9.01099967956543,9.019000053405762,439328,439328,yfinance,2026-07-10T06:58:07.675573+00:00
2026-05-29 01:00:00+00:00,LINK-USD,15m,9.022000312805176,9.038000106811523,9.019000053405762,9.027999877929688,291104,291104,yfinance,2026-07-10T06:58:07.675573+00:00
2026-05-29 01:15:00+00:00,LINK-USD,15m,9.02400016784668,9.029999732971191,9.0,9.003999710083008,0,0,yfinance,2026-07-10T06:58:07.675573+00:00
2026-05-29 01:30:00+00:00,LINK-USD,15m,9.001999855041504,9.01099967956543,8.996000289916992,9.01099967956543,0,0,yfinance,2026-07-10T06:58:07.675573+00:00
2026-05-29 01:45:00+00:00,LINK-USD,15m,9.01200008392334,9.026000022888184,9.00100040435791,9.017000198364258,0,0,yfinance,2026-07-10T06:58:07.675573+00:00
2026-05-29 02:00:00+00:00,LINK-USD,15m,9.019000053405762,9.029000282287598,9.01099967956543,9.017999649047852,0,0,yfinance,2026-07-10T06:58:07.675573+00:00
2026-05-29 02:15:00+00:00,LINK-USD,15m,9.017000198364258,9.020999908447266,8.965999603271484,8.968999862670898,738304,738304,yfinance,2026-07-10T06:58:07.675573+00:00
2026-05-29 02:30:00+00:00,LINK-USD,15m,8.967000007629395,8.993000030517578,8.961999893188477,8.96500015258789,818912,818912,yfinance,2026-07-10T06:58:07.675573+00:00
2026-05-29 02:45:00+00:00,LINK-USD,15m,8.967000007629395,8.970999717712402,8.939000129699707,8.944999694824219,65312,65312,yfinance,2026-07-10T06:58:07.675573+00:00
2026-05-29 03:00:00+00:00,LINK-USD,15m,8.947999954223633,8.993000030517578,8.947999954223633,8.982000350952148,0,0,yfinance,2026-07-10T06:58:07.675573+00:00
2026-05-29 03:15:00+00:00,LINK-USD,15m,8.980999946594238,8.980999946594238,8.96500015258789,8.965999603271484,0,0,yfinance,2026-07-10T06:58:07.675573+00:00
2026-05-29 03:30:00+00:00,LINK-USD,15m,8.96500015258789,8.968000411987305,8.942999839782715,8.946000099182129,0,0,yfinance,2026-07-10T06:58:07.675573+00:00
2026-05-29 03:45:00+00:00,LINK-USD,15m,8.944999694824219,8.947999954223633,8.928999900817871,8.932999610900879,2262336,2262336,yfinance,2026-07-10T06:58:07.675573+00:00
2026-05-29 04:00:00+00:00,LINK-USD,15m,8.932999610900879,8.9399995803833,8.899999618530273,8.907999992370605,0,0,yfinance,2026-07-10T06:58:07.675573+00:00
2026-05-29 04:15:00+00:00,LINK-USD,15m,8.90999984741211,8.935999870300293,8.906999588012695,8.9350004196167,0,0,yfinance,2026-07-10T06:58:07.675573+00:00
2026-05-29 04:30:00+00:00,LINK-USD,15m,8.932999610900879,8.946999549865723,8.930999755859375,8.9399995803833,0,0,yfinance,2026-07-10T06:58:07.675573+00:00
2026-05-29 04:45:00+00:00,LINK-USD,15m,8.942000389099121,8.967000007629395,8.942000389099121,8.967000007629395,87328,87328,yfinance,2026-07-10T06:58:07.675573+00:00
2026-05-29 05:00:00+00:00,LINK-USD,15m,8.968999862670898,8.994999885559082,8.965999603271484,8.984000205993652,0,0,yfinance,2026-07-10T06:58:07.675573+00:00
2026-05-29 05:15:00+00:00,LINK-USD,15m,8.984999656677246,8.98900032043457,8.932999610900879,8.954000473022461,5388128,5388128,yfinance,2026-07-10T06:58:07.675573+00:00
2026-05-29 05:30:00+00:00,LINK-USD,15m,8.95199966430664,8.95300006866455,8.940999984741211,8.946999549865723,0,0,yfinance,2026-07-10T06:58:07.675573+00:00
2026-05-29 05:45:00+00:00,LINK-USD,15m,8.946999549865723,8.979999542236328,8.946000099182129,8.979000091552734,0,0,yfinance,2026-07-10T06:58:07.675573+00:00
2026-05-29 06:00:00+00:00,LINK-USD,15m,8.97700023651123,8.998000144958496,8.97599983215332,8.998000144958496,142016,142016,yfinance,2026-07-10T06:58:07.675573+00:00
2026-05-29 06:15:00+00:00,LINK-USD,15m,8.998000144958496,9.024999618530273,8.996999740600586,9.00100040435791,634048,634048,yfinance,2026-07-10T06:58:07.675573+00:00
2026-05-29 06:30:00+00:00,LINK-USD,15m,8.99899959564209,9.003999710083008,8.986000061035156,9.0,0,0,yfinance,2026-07-10T06:58:07.675573+00:00
2026-05-29 06:45:00+00:00,LINK-USD,15m,9.00100040435791,9.020999908447266,9.00100040435791,9.017000198364258,0,0,yfinance,2026-07-10T06:58:07.675573+00:00
2026-05-29 07:00:00+00:00,LINK-USD,15m,9.015999794006348,9.027999877929688,9.01099967956543,9.026000022888184,0,0,yfinance,2026-07-10T06:58:07.675573+00:00
2026-05-29 07:15:00+00:00,LINK-USD,15m,9.024999618530273,9.024999618530273,9.008000373840332,9.010000228881836,10347744,10347744,yfinance,2026-07-10T06:58:07.675573+00:00
2026-05-29 07:30:00+00:00,LINK-USD,15m,9.005999565124512,9.005999565124512,8.954999923706055,8.956999778747559,0,0,yfinance,2026-07-10T06:58:07.675573+00:00
2026-05-29 07:45:00+00:00,LINK-USD,15m,8.956999778747559,8.993000030517578,8.95300006866455,8.98799991607666,1476000,1476000,yfinance,2026-07-10T06:58:07.675573+00:00
2026-05-29 08:00:00+00:00,LINK-USD,15m,8.987000465393066,9.013999938964844,8.987000465393066,9.003000259399414,486784,486784,yfinance,2026-07-10T06:58:07.675573+00:00
2026-05-29 08:15:00+00:00,LINK-USD,15m,9.001999855041504,9.027000427246094,8.996999740600586,9.013999938964844,643776,643776,yfinance,2026-07-10T06:58:07.675573+00:00
2026-05-29 08:30:00+00:00,LINK-USD,15m,9.010000228881836,9.010000228881836,8.991000175476074,9.003000259399414,139008,139008,yfinance,2026-07-10T06:58:07.675573+00:00
2026-05-29 08:45:00+00:00,LINK-USD,15m,9.003999710083008,9.003999710083008,8.989999771118164,8.996999740600586,97408,97408,yfinance,2026-07-10T06:58:07.675573+00:00
2026-05-29 09:00:00+00:00,LINK-USD,15m,9.0,9.026000022888184,8.994000434875488,9.02299976348877,761184,761184,yfinance,2026-07-10T06:58:07.675573+00:00
2026-05-29 09:15:00+00:00,LINK-USD,15m,9.020999908447266,9.039999961853027,9.017999649047852,9.03499984741211,1287616,1287616,yfinance,2026-07-10T06:58:07.675573+00:00
2026-05-29 09:30:00+00:00,LINK-USD,15m,9.03600025177002,9.03600025177002,9.022000312805176,9.02400016784668,440448,440448,yfinance,2026-07-10T06:58:07.675573+00:00
2026-05-29 09:45:00+00:00,LINK-USD,15m,9.02400016784668,9.026000022888184,9.008999824523926,9.017000198364258,258912,258912,yfinance,2026-07-10T06:58:07.675573+00:00
2026-05-29 10:00:00+00:00,LINK-USD,15m,9.015000343322754,9.015000343322754,9.00100040435791,9.00100040435791,0,0,yfinance,2026-07-10T06:58:07.675573+00:00
2026-05-29 10:15:00+00:00,LINK-USD,15m,9.001999855041504,9.001999855041504,8.984000205993652,8.98799991607666,0,0,yfinance,2026-07-10T06:58:07.675573+00:00
2026-05-29 10:30:00+00:00,LINK-USD,15m,8.98799991607666,8.996000289916992,8.972000122070312,8.980999946594238,0,0,yfinance,2026-07-10T06:58:07.675573+00:00
2026-05-29 10:45:00+00:00,LINK-USD,15m,8.977999687194824,8.987000465393066,8.977999687194824,8.979999542236328,0,0,yfinance,2026-07-10T06:58:07.675573+00:00
2026-05-29 11:00:00+00:00,LINK-USD,15m,8.977999687194824,8.984999656677246,8.968999862670898,8.982000350952148,0,0,yfinance,2026-07-10T06:58:07.675573+00:00
2026-05-29 11:15:00+00:00,LINK-USD,15m,8.982000350952148,8.994999885559082,8.961000442504883,8.96399974822998,3822592,3822592,yfinance,2026-07-10T06:58:07.675573+00:00
2026-05-29 11:30:00+00:00,LINK-USD,15m,8.961000442504883,8.96399974822998,8.9399995803833,8.944999694824219,214240,214240,yfinance,2026-07-10T06:58:07.675573+00:00
2026-05-29 11:45:00+00:00,LINK-USD,15m,8.944999694824219,8.947999954223633,8.91100025177002,8.932000160217285,1789760,1789760,yfinance,2026-07-10T06:58:07.675573+00:00
2026-05-29 12:00:00+00:00,LINK-USD,15m,8.930000305175781,8.934000015258789,8.904000282287598,8.911999702453613,233792,233792,yfinance,2026-07-10T06:58:07.675573+00:00
2026-05-29 12:15:00+00:00,LINK-USD,15m,8.904999732971191,8.925999641418457,8.902000427246094,8.90999984741211,0,0,yfinance,2026-07-10T06:58:07.675573+00:00
2026-05-29 12:30:00+00:00,LINK-USD,15m,8.909000396728516,8.920000076293945,8.864999771118164,8.878000259399414,43008,43008,yfinance,2026-07-10T06:58:07.675573+00:00
2026-05-29 12:45:00+00:00,LINK-USD,15m,8.878000259399414,8.89900016784668,8.86400032043457,8.878000259399414,0,0,yfinance,2026-07-10T06:58:07.675573+00:00
2026-05-29 13:00:00+00:00,LINK-USD,15m,8.878000259399414,8.878999710083008,8.852999687194824,8.861000061035156,0,0,yfinance,2026-07-10T06:58:07.675573+00:00
2026-05-29 13:15:00+00:00,LINK-USD,15m,8.862000465393066,8.87399959564209,8.859999656677246,8.87399959564209,389248,389248,yfinance,2026-07-10T06:58:07.675573+00:00
2026-05-29 13:30:00+00:00,LINK-USD,15m,8.873000144958496,8.909000396728516,8.847000122070312,8.906000137329102,118912,118912,yfinance,2026-07-10T06:58:07.675573+00:00
2026-05-29 13:45:00+00:00,LINK-USD,15m,8.904999732971191,8.914999961853027,8.87399959564209,8.885000228881836,0,0,yfinance,2026-07-10T06:58:07.675573+00:00
2026-05-29 14:00:00+00:00,LINK-USD,15m,8.887999534606934,8.901000022888184,8.869999885559082,8.890999794006348,0,0,yfinance,2026-07-10T06:58:07.675573+00:00
2026-05-29 14:15:00+00:00,LINK-USD,15m,8.890000343322754,8.895999908447266,8.78499984741211,8.836000442504883,9344,9344,yfinance,2026-07-10T06:58:07.675573+00:00
2026-05-29 14:30:00+00:00,LINK-USD,15m,8.833000183105469,8.852999687194824,8.78499984741211,8.79800033569336,0,0,yfinance,2026-07-10T06:58:07.675573+00:00
2026-05-29 14:45:00+00:00,LINK-USD,15m,8.793999671936035,8.906000137329102,8.793999671936035,8.878000259399414,2672736,2672736,yfinance,2026-07-10T06:58:07.675573+00:00
2026-05-29 15:00:00+00:00,LINK-USD,15m,8.876999855041504,8.986000061035156,8.866999626159668,8.973999977111816,2048352,2048352,yfinance,2026-07-10T06:58:07.675573+00:00
2026-05-29 15:15:00+00:00,LINK-USD,15m,8.980999946594238,9.043000221252441,8.949999809265137,9.031999588012695,1051808,1051808,yfinance,2026-07-10T06:58:07.675573+00:00
2026-05-29 15:30:00+00:00,LINK-USD,15m,9.029999732971191,9.125,9.029999732971191,9.057999610900879,12047424,12047424,yfinance,2026-07-10T06:58:07.675573+00:00
2026-05-29 15:45:00+00:00,LINK-USD,15m,9.062000274658203,9.0649995803833,9.038000106811523,9.0600004196167,3698880,3698880,yfinance,2026-07-10T06:58:07.675573+00:00
2026-05-29 16:00:00+00:00,LINK-USD,15m,9.059000015258789,9.083000183105469,9.050999641418457,9.074000358581543,157824,157824,yfinance,2026-07-10T06:58:07.675573+00:00
2026-05-29 16:15:00+00:00,LINK-USD,15m,9.07699966430664,9.079999923706055,9.003000259399414,9.013999938964844,740512,740512,yfinance,2026-07-10T06:58:07.675573+00:00
2026-05-29 16:30:00+00:00,LINK-USD,15m,9.01200008392334,9.097999572753906,9.010000228881836,9.092000007629395,2127520,2127520,yfinance,2026-07-10T06:58:07.675573+00:00
2026-05-29 16:45:00+00:00,LINK-USD,15m,9.090999603271484,9.097999572753906,9.069000244140625,9.090999603271484,126016,126016,yfinance,2026-07-10T06:58:07.675573+00:00
2026-05-29 17:00:00+00:00,LINK-USD,15m,9.092000007629395,9.10200023651123,9.059000015258789,9.095999717712402,0,0,yfinance,2026-07-10T06:58:07.675573+00:00
2026-05-29 17:15:00+00:00,LINK-USD,15m,9.098999977111816,9.119999885559082,9.086999893188477,9.104000091552734,3782688,3782688,yfinance,2026-07-10T06:58:07.675573+00:00
2026-05-29 17:30:00+00:00,LINK-USD,15m,9.109999656677246,9.116999626159668,9.093999862670898,9.093999862670898,734752,734752,yfinance,2026-07-10T06:58:07.675573+00:00
2026-05-29 17:45:00+00:00,LINK-USD,15m,9.092000007629395,9.092000007629395,9.029000282287598,9.036999702453613,3017248,3017248,yfinance,2026-07-10T06:58:07.675573+00:00
2026-05-29 18:00:00+00:00,LINK-USD,15m,9.038999557495117,9.065999984741211,9.02400016784668,9.053999900817871,1103232,1103232,yfinance,2026-07-10T06:58:07.675573+00:00
2026-05-29 18:15:00+00:00,LINK-USD,15m,9.057000160217285,9.0600004196167,9.01099967956543,9.017999649047852,0,0,yfinance,2026-07-10T06:58:07.675573+00:00
2026-05-29 18:30:00+00:00,LINK-USD,15m,9.020000457763672,9.032999992370605,9.008000373840332,9.027999877929688,542656,542656,yfinance,2026-07-10T06:58:07.675573+00:00
2026-05-29 18:45:00+00:00,LINK-USD,15m,9.02299976348877,9.02299976348877,8.935999870300293,8.96399974822998,2706048,2706048,yfinance,2026-07-10T06:58:07.675573+00:00
2026-05-29 19:00:00+00:00,LINK-USD,15m,8.967000007629395,8.982999801635742,8.949000358581543,8.95199966430664,631840,631840,yfinance,2026-07-10T06:58:07.675573+00:00
2026-05-29 19:15:00+00:00,LINK-USD,15m,8.95199966430664,8.956000328063965,8.916000366210938,8.947999954223633,745280,745280,yfinance,2026-07-10T06:58:07.675573+00:00
2026-05-29 19:30:00+00:00,LINK-USD,15m,8.949999809265137,9.008000373840332,8.949999809265137,9.003999710083008,2858176,2858176,yfinance,2026-07-10T06:58:07.675573+00:00
2026-05-29 19:45:00+00:00,LINK-USD,15m,9.005000114440918,9.006999969482422,8.986000061035156,8.987000465393066,0,0,yfinance,2026-07-10T06:58:07.675573+00:00
2026-05-29 20:00:00+00:00,LINK-USD,15m,8.98900032043457,9.008000373840332,8.984000205993652,9.00100040435791,0,0,yfinance,2026-07-10T06:58:07.675573+00:00
2026-05-29 20:15:00+00:00,LINK-USD,15m,8.996999740600586,9.013999938964844,8.987000465393066,9.008999824523926,281792,281792,yfinance,2026-07-10T06:58:07.675573+00:00
2026-05-29 20:30:00+00:00,LINK-USD,15m,9.01099967956543,9.020000457763672,9.005000114440918,9.01099967956543,445376,445376,yfinance,2026-07-10T06:58:07.675573+00:00
2026-05-29 20:45:00+00:00,LINK-USD,15m,9.008999824523926,9.017000198364258,8.984000205993652,8.994000434875488,87040,87040,yfinance,2026-07-10T06:58:07.675573+00:00
2026-05-29 21:00:00+00:00,LINK-USD,15m,8.996999740600586,9.032999992370605,8.994000434875488,9.026000022888184,0,0,yfinance,2026-07-10T06:58:07.675573+00:00
2026-05-29 21:15:00+00:00,LINK-USD,15m,9.020999908447266,9.02299976348877,8.984000205993652,8.986000061035156,915136,915136,yfinance,2026-07-10T06:58:07.675573+00:00
2026-05-29 21:30:00+00:00,LINK-USD,15m,8.984000205993652,9.005999565124512,8.975000381469727,9.005999565124512,215296,215296,yfinance,2026-07-10T06:58:07.675573+00:00
2026-05-29 21:45:00+00:00,LINK-USD,15m,9.005999565124512,9.006999969482422,8.951000213623047,8.954000473022461,3340960,3340960,yfinance,2026-07-10T06:58:07.675573+00:00
2026-05-29 22:00:00+00:00,LINK-USD,15m,8.954999923706055,8.977999687194824,8.944000244140625,8.958000183105469,1393664,1393664,yfinance,2026-07-10T06:58:07.675573+00:00
2026-05-29 22:15:00+00:00,LINK-USD,15m,8.960000038146973,8.993000030517578,8.958000183105469,8.980999946594238,763072,763072,yfinance,2026-07-10T06:58:07.675573+00:00
2026-05-29 22:30:00+00:00,LINK-USD,15m,8.982000350952148,8.986000061035156,8.968999862670898,8.972999572753906,0,0,yfinance,2026-07-10T06:58:07.675573+00:00
2026-05-29 22:45:00+00:00,LINK-USD,15m,8.975000381469727,8.987000465393066,8.96399974822998,8.979000091552734,0,0,yfinance,2026-07-10T06:58:07.675573+00:00
2026-05-29 23:00:00+00:00,LINK-USD,15m,8.977999687194824,8.996999740600586,8.970999717712402,8.986000061035156,3477536,3477536,yfinance,2026-07-10T06:58:07.675573+00:00
2026-05-29 23:15:00+00:00,LINK-USD,15m,8.989999771118164,8.994999885559082,8.972000122070312,8.986000061035156,325408,325408,yfinance,2026-07-10T06:58:07.675573+00:00
2026-05-29 23:30:00+00:00,LINK-USD,15m,8.986000061035156,9.005000114440918,8.972000122070312,9.005000114440918,1024224,1024224,yfinance,2026-07-10T06:58:07.675573+00:00
2026-05-29 23:45:00+00:00,LINK-USD,15m,8.996999740600586,9.017999649047852,8.996999740600586,9.008000373840332,4003552,4003552,yfinance,2026-07-10T06:58:07.675573+00:00
2026-05-30 00:00:00+00:00,LINK-USD,15m,9.017999649047852,9.036999702453613,9.005999565124512,9.029000282287598,887520,887520,yfinance,2026-07-10T06:58:07.675573+00:00
2026-05-30 00:15:00+00:00,LINK-USD,15m,9.031000137329102,9.059000015258789,9.031000137329102,9.038999557495117,5327776,5327776,yfinance,2026-07-10T06:58:07.675573+00:00
2026-05-30 00:30:00+00:00,LINK-USD,15m,9.039999961853027,9.07699966430664,9.029999732971191,9.071999549865723,4272160,4272160,yfinance,2026-07-10T06:58:07.675573+00:00
2026-05-30 00:45:00+00:00,LINK-USD,15m,9.071999549865723,9.098999977111816,9.065999984741211,9.08899974822998,4368288,4368288,yfinance,2026-07-10T06:58:07.675573+00:00
2026-05-30 01:00:00+00:00,LINK-USD,15m,9.09000015258789,9.125,9.081000328063965,9.123000144958496,4037376,4037376,yfinance,2026-07-10T06:58:07.675573+00:00
2026-05-30 01:15:00+00:00,LINK-USD,15m,9.123000144958496,9.14900016784668,9.109000205993652,9.14900016784668,4189760,4189760,yfinance,2026-07-10T06:58:07.675573+00:00
2026-05-30 01:30:00+00:00,LINK-USD,15m,9.145999908447266,9.180000305175781,9.145000457763672,9.154000282287598,7200800,7200800,yfinance,2026-07-10T06:58:07.675573+00:00
2026-05-30 01:45:00+00:00,LINK-USD,15m,9.152999877929688,9.180000305175781,9.152999877929688,9.173999786376953,1592608,1592608,yfinance,2026-07-10T06:58:07.675573+00:00
2026-05-30 02:00:00+00:00,LINK-USD,15m,9.177000045776367,9.199999809265137,9.175999641418457,9.197999954223633,2643136,2643136,yfinance,2026-07-10T06:58:07.675573+00:00
2026-05-30 02:15:00+00:00,LINK-USD,15m,9.196999549865723,9.204000473022461,9.180000305175781,9.187999725341797,856416,856416,yfinance,2026-07-10T06:58:07.675573+00:00
2026-05-30 02:30:00+00:00,LINK-USD,15m,9.185999870300293,9.229000091552734,9.184000015258789,9.215999603271484,1791872,1791872,yfinance,2026-07-10T06:58:07.675573+00:00
2026-05-30 02:45:00+00:00,LINK-USD,15m,9.218999862670898,9.260000228881836,9.210000038146973,9.260000228881836,3153024,3153024,yfinance,2026-07-10T06:58:07.675573+00:00
2026-05-30 03:00:00+00:00,LINK-USD,15m,9.255999565124512,9.300000190734863,9.255000114440918,9.295000076293945,4688256,4688256,yfinance,2026-07-10T06:58:07.675573+00:00
2026-05-30 03:15:00+00:00,LINK-USD,15m,9.291999816894531,9.293000221252441,9.253999710083008,9.263999938964844,2091296,2091296,yfinance,2026-07-10T06:58:07.675573+00:00
2026-05-30 03:30:00+00:00,LINK-USD,15m,9.26200008392334,9.26200008392334,9.211999893188477,9.218999862670898,1961440,1961440,yfinance,2026-07-10T06:58:07.675573+00:00
2026-05-30 03:45:00+00:00,LINK-USD,15m,9.218000411987305,9.244000434875488,9.218000411987305,9.230999946594238,721376,721376,yfinance,2026-07-10T06:58:07.675573+00:00
2026-05-30 04:00:00+00:00,LINK-USD,15m,9.232000350952148,9.263999938964844,9.196000099182129,9.229000091552734,2629568,2629568,yfinance,2026-07-10T06:58:07.675573+00:00
2026-05-30 04:15:00+00:00,LINK-USD,15m,9.229999542236328,9.229999542236328,9.126999855041504,9.133999824523926,5689088,5689088,yfinance,2026-07-10T06:58:07.675573+00:00
2026-05-30 04:30:00+00:00,LINK-USD,15m,9.121000289916992,9.125,9.079000473022461,9.112000465393066,7694880,7694880,yfinance,2026-07-10T06:58:07.675573+00:00
2026-05-30 04:45:00+00:00,LINK-USD,15m,9.112000465393066,9.145999908447266,9.109000205993652,9.13599967956543,2476928,2476928,yfinance,2026-07-10T06:58:07.675573+00:00
2026-05-30 05:00:00+00:00,LINK-USD,15m,9.133999824523926,9.175000190734863,9.10099983215332,9.15999984741211,3857088,3857088,yfinance,2026-07-10T06:58:07.675573+00:00
2026-05-30 05:15:00+00:00,LINK-USD,15m,9.161999702453613,9.168000221252441,9.145000457763672,9.145000457763672,0,0,yfinance,2026-07-10T06:58:07.675573+00:00
2026-05-30 05:30:00+00:00,LINK-USD,15m,9.145000457763672,9.156999588012695,9.144000053405762,9.154000282287598,733632,733632,yfinance,2026-07-10T06:58:07.675573+00:00
2026-05-30 05:45:00+00:00,LINK-USD,15m,9.156000137329102,9.170999526977539,9.152999877929688,9.16100025177002,626496,626496,yfinance,2026-07-10T06:58:07.675573+00:00
2026-05-30 06:00:00+00:00,LINK-USD,15m,9.163000106811523,9.168000221252441,9.142999649047852,9.14900016784668,0,0,yfinance,2026-07-10T06:58:07.675573+00:00
2026-05-30 06:15:00+00:00,LINK-USD,15m,9.152000427246094,9.187000274658203,9.14900016784668,9.187000274658203,270272,270272,yfinance,2026-07-10T06:58:07.675573+00:00
2026-05-30 06:30:00+00:00,LINK-USD,15m,9.1899995803833,9.196000099182129,9.178000450134277,9.178000450134277,2268992,2268992,yfinance,2026-07-10T06:58:07.675573+00:00
2026-05-30 06:45:00+00:00,LINK-USD,15m,9.178000450134277,9.180000305175781,9.154999732971191,9.16100025177002,89088,89088,yfinance,2026-07-10T06:58:07.675573+00:00
2026-05-30 07:00:00+00:00,LINK-USD,15m,9.16100025177002,9.161999702453613,9.12600040435791,9.131999969482422,8480672,8480672,yfinance,2026-07-10T06:58:07.675573+00:00
2026-05-30 07:15:00+00:00,LINK-USD,15m,9.133000373840332,9.157999992370605,9.130000114440918,9.157999992370605,148992,148992,yfinance,2026-07-10T06:58:07.675573+00:00
2026-05-30 07:30:00+00:00,LINK-USD,15m,9.157999992370605,9.16100025177002,9.128000259399414,9.128000259399414,37216,37216,yfinance,2026-07-10T06:58:07.675573+00:00
2026-05-30 07:45:00+00:00,LINK-USD,15m,9.125,9.14799976348877,9.12399959564209,9.14799976348877,15840,15840,yfinance,2026-07-10T06:58:07.675573+00:00
2026-05-30 08:00:00+00:00,LINK-USD,15m,9.14900016784668,9.14900016784668,9.135000228881836,9.140000343322754,0,0,yfinance,2026-07-10T06:58:07.675573+00:00
2026-05-30 08:15:00+00:00,LINK-USD,15m,9.142000198364258,9.142999649047852,9.128999710083008,9.128999710083008,46112,46112,yfinance,2026-07-10T06:58:07.675573+00:00
2026-05-30 08:30:00+00:00,LINK-USD,15m,9.128000259399414,9.130999565124512,9.11299991607666,9.116000175476074,7796160,7796160,yfinance,2026-07-10T06:58:07.675573+00:00
2026-05-30 08:45:00+00:00,LINK-USD,15m,9.11400032043457,9.121999740600586,9.109999656677246,9.112000465393066,316448,316448,yfinance,2026-07-10T06:58:07.675573+00:00
2026-05-30 09:00:00+00:00,LINK-USD,15m,9.114999771118164,9.130000114440918,9.104999542236328,9.125,0,0,yfinance,2026-07-10T06:58:07.675573+00:00
2026-05-30 09:15:00+00:00,LINK-USD,15m,9.125,9.135000228881836,9.114999771118164,9.133000373840332,0,0,yfinance,2026-07-10T06:58:07.675573+00:00
2026-05-30 09:30:00+00:00,LINK-USD,15m,9.133999824523926,9.144000053405762,9.133000373840332,9.138999938964844,85792,85792,yfinance,2026-07-10T06:58:07.675573+00:00
2026-05-30 09:45:00+00:00,LINK-USD,15m,9.140999794006348,9.15999984741211,9.140000343322754,9.14900016784668,0,0,yfinance,2026-07-10T06:58:07.675573+00:00
2026-05-30 10:00:00+00:00,LINK-USD,15m,9.151000022888184,9.151000022888184,9.142000198364258,9.144000053405762,24352,24352,yfinance,2026-07-10T06:58:07.675573+00:00
2026-05-30 10:15:00+00:00,LINK-USD,15m,9.144000053405762,9.168999671936035,9.144000053405762,9.14799976348877,910752,910752,yfinance,2026-07-10T06:58:07.675573+00:00
2026-05-30 10:30:00+00:00,LINK-USD,15m,9.14799976348877,9.149999618530273,9.135000228881836,9.142000198364258,3280000,3280000,yfinance,2026-07-10T06:58:07.675573+00:00
2026-05-30 10:45:00+00:00,LINK-USD,15m,9.142000198364258,9.145999908447266,9.12600040435791,9.128999710083008,0,0,yfinance,2026-07-10T06:58:07.675573+00:00
2026-05-30 11:00:00+00:00,LINK-USD,15m,9.128000259399414,9.135000228881836,9.119999885559082,9.121000289916992,235648,235648,yfinance,2026-07-10T06:58:07.675573+00:00
2026-05-30 11:15:00+00:00,LINK-USD,15m,9.121000289916992,9.133000373840332,9.104000091552734,9.131999969482422,4375840,4375840,yfinance,2026-07-10T06:58:07.675573+00:00
2026-05-30 11:30:00+00:00,LINK-USD,15m,9.131999969482422,9.156000137329102,9.130000114440918,9.137999534606934,289888,289888,yfinance,2026-07-10T06:58:07.675573+00:00
2026-05-30 11:45:00+00:00,LINK-USD,15m,9.13599967956543,9.138999938964844,9.123000144958496,9.125,0,0,yfinance,2026-07-10T06:58:07.675573+00:00
2026-05-30 12:00:00+00:00,LINK-USD,15m,9.126999855041504,9.130999565124512,9.116999626159668,9.123000144958496,0,0,yfinance,2026-07-10T06:58:07.675573+00:00
2026-05-30 12:15:00+00:00,LINK-USD,15m,9.12600040435791,9.135000228881836,9.121000289916992,9.128999710083008,0,0,yfinance,2026-07-10T06:58:07.675573+00:00
2026-05-30 12:30:00+00:00,LINK-USD,15m,9.130999565124512,9.145000457763672,9.12399959564209,9.130999565124512,40096,40096,yfinance,2026-07-10T06:58:07.675573+00:00
2026-05-30 12:45:00+00:00,LINK-USD,15m,9.130999565124512,9.149999618530273,9.123000144958496,9.147000312805176,34496,34496,yfinance,2026-07-10T06:58:07.675573+00:00
2026-05-30 13:00:00+00:00,LINK-USD,15m,9.147000312805176,9.16100025177002,9.145999908447266,9.154999732971191,0,0,yfinance,2026-07-10T06:58:07.675573+00:00
2026-05-30 13:15:00+00:00,LINK-USD,15m,9.154999732971191,9.175999641418457,9.14799976348877,9.152000427246094,4067840,4067840,yfinance,2026-07-10T06:58:07.675573+00:00
2026-05-30 13:30:00+00:00,LINK-USD,15m,9.156999588012695,9.157999992370605,9.12600040435791,9.151000022888184,42400,42400,yfinance,2026-07-10T06:58:07.675573+00:00
2026-05-30 13:45:00+00:00,LINK-USD,15m,9.154000282287598,9.177000045776367,9.152000427246094,9.17300033569336,353152,353152,yfinance,2026-07-10T06:58:07.675573+00:00
2026-05-30 14:00:00+00:00,LINK-USD,15m,9.180000305175781,9.187000274658203,9.168000221252441,9.170000076293945,25376,25376,yfinance,2026-07-10T06:58:07.675573+00:00
2026-05-30 14:15:00+00:00,LINK-USD,15m,9.170000076293945,9.197999954223633,9.156999588012695,9.192999839782715,0,0,yfinance,2026-07-10T06:58:07.675573+00:00
2026-05-30 14:30:00+00:00,LINK-USD,15m,9.196000099182129,9.206000328063965,9.184000015258789,9.192999839782715,0,0,yfinance,2026-07-10T06:58:07.675573+00:00
2026-05-30 14:45:00+00:00,LINK-USD,15m,9.192999839782715,9.210000038146973,9.180999755859375,9.208000183105469,0,0,yfinance,2026-07-10T06:58:07.675573+00:00
2026-05-30 15:00:00+00:00,LINK-USD,15m,9.210000038146973,9.22700023651123,9.187999725341797,9.22700023651123,3429504,3429504,yfinance,2026-07-10T06:58:07.675573+00:00
2026-05-30 15:15:00+00:00,LINK-USD,15m,9.225000381469727,9.225000381469727,9.190999984741211,9.208000183105469,0,0,yfinance,2026-07-10T06:58:07.675573+00:00
2026-05-30 15:30:00+00:00,LINK-USD,15m,9.210000038146973,9.213000297546387,9.170999526977539,9.175000190734863,0,0,yfinance,2026-07-10T06:58:07.675573+00:00
2026-05-30 15:45:00+00:00,LINK-USD,15m,9.180999755859375,9.20300006866455,9.180999755859375,9.1899995803833,0,0,yfinance,2026-07-10T06:58:07.675573+00:00
2026-05-30 16:00:00+00:00,LINK-USD,15m,9.190999984741211,9.220999717712402,9.178999900817871,9.211999893188477,88704,88704,yfinance,2026-07-10T06:58:07.675573+00:00
2026-05-30 16:15:00+00:00,LINK-USD,15m,9.213000297546387,9.218999862670898,9.197999954223633,9.208000183105469,0,0,yfinance,2026-07-10T06:58:07.675573+00:00
2026-05-30 16:30:00+00:00,LINK-USD,15m,9.208999633789062,9.222999572753906,9.206000328063965,9.213000297546387,2544704,2544704,yfinance,2026-07-10T06:58:07.675573+00:00
2026-05-30 16:45:00+00:00,LINK-USD,15m,9.21500015258789,9.229000091552734,9.211999893188477,9.22700023651123,84000,84000,yfinance,2026-07-10T06:58:07.675573+00:00
2026-05-30 17:00:00+00:00,LINK-USD,15m,9.229000091552734,9.239999771118164,9.199999809265137,9.213000297546387,1295104,1295104,yfinance,2026-07-10T06:58:07.675573+00:00
2026-05-30 17:15:00+00:00,LINK-USD,15m,9.213000297546387,9.234000205993652,9.206000328063965,9.213000297546387,0,0,yfinance,2026-07-10T06:58:07.675573+00:00
2026-05-30 17:30:00+00:00,LINK-USD,15m,9.208000183105469,9.217000007629395,9.178999900817871,9.217000007629395,11040,11040,yfinance,2026-07-10T06:58:07.675573+00:00
2026-05-30 17:45:00+00:00,LINK-USD,15m,9.218999862670898,9.243000030517578,9.218000411987305,9.23799991607666,0,0,yfinance,2026-07-10T06:58:07.675573+00:00
2026-05-30 18:00:00+00:00,LINK-USD,15m,9.234999656677246,9.244999885559082,9.22599983215332,9.22700023651123,344128,344128,yfinance,2026-07-10T06:58:07.675573+00:00
2026-05-30 18:15:00+00:00,LINK-USD,15m,9.227999687194824,9.236000061035156,9.201000213623047,9.201000213623047,0,0,yfinance,2026-07-10T06:58:07.675573+00:00
2026-05-30 18:30:00+00:00,LINK-USD,15m,9.201000213623047,9.239999771118164,9.199000358581543,9.239999771118164,78880,78880,yfinance,2026-07-10T06:58:07.675573+00:00
2026-05-30 18:45:00+00:00,LINK-USD,15m,9.243000030517578,9.246999740600586,9.230999946594238,9.241999626159668,337184,337184,yfinance,2026-07-10T06:58:07.675573+00:00
2026-05-30 19:00:00+00:00,LINK-USD,15m,9.241000175476074,9.246000289916992,9.229999542236328,9.234999656677246,2738688,2738688,yfinance,2026-07-10T06:58:07.675573+00:00
2026-05-30 19:15:00+00:00,LINK-USD,15m,9.236000061035156,9.248000144958496,9.22599983215332,9.22700023651123,0,0,yfinance,2026-07-10T06:58:07.675573+00:00
2026-05-30 19:30:00+00:00,LINK-USD,15m,9.22599983215332,9.229999542236328,9.211000442504883,9.229999542236328,181184,181184,yfinance,2026-07-10T06:58:07.675573+00:00
2026-05-30 19:45:00+00:00,LINK-USD,15m,9.234000205993652,9.253999710083008,9.234000205993652,9.25,640832,640832,yfinance,2026-07-10T06:58:07.675573+00:00
2026-05-30 20:00:00+00:00,LINK-USD,15m,9.25,9.253999710083008,9.234000205993652,9.23900032043457,125152,125152,yfinance,2026-07-10T06:58:07.675573+00:00
2026-05-30 20:15:00+00:00,LINK-USD,15m,9.239999771118164,9.25100040435791,9.239999771118164,9.241999626159668,0,0,yfinance,2026-07-10T06:58:07.675573+00:00
2026-05-30 20:30:00+00:00,LINK-USD,15m,9.241999626159668,9.244000434875488,9.232999801635742,9.232999801635742,0,0,yfinance,2026-07-10T06:58:07.675573+00:00
2026-05-30 20:45:00+00:00,LINK-USD,15m,9.234000205993652,9.24899959564209,9.230999946594238,9.244999885559082,465088,465088,yfinance,2026-07-10T06:58:07.675573+00:00
2026-05-30 21:00:00+00:00,LINK-USD,15m,9.248000144958496,9.267000198364258,9.244000434875488,9.253000259399414,3474112,3474112,yfinance,2026-07-10T06:58:07.675573+00:00
2026-05-30 21:15:00+00:00,LINK-USD,15m,9.253000259399414,9.262999534606934,9.246999740600586,9.255999565124512,1196704,1196704,yfinance,2026-07-10T06:58:07.675573+00:00
2026-05-30 21:30:00+00:00,LINK-USD,15m,9.255000114440918,9.27400016784668,9.251999855041504,9.265999794006348,2019488,2019488,yfinance,2026-07-10T06:58:07.675573+00:00
2026-05-30 21:45:00+00:00,LINK-USD,15m,9.263999938964844,9.272000312805176,9.248000144958496,9.248000144958496,844128,844128,yfinance,2026-07-10T06:58:07.675573+00:00
2026-05-30 22:00:00+00:00,LINK-USD,15m,9.244999885559082,9.244999885559082,9.201000213623047,9.21399974822998,524512,524512,yfinance,2026-07-10T06:58:07.675573+00:00
2026-05-30 22:15:00+00:00,LINK-USD,15m,9.215999603271484,9.220000267028809,9.185999870300293,9.190999984741211,226432,226432,yfinance,2026-07-10T06:58:07.675573+00:00
2026-05-30 22:30:00+00:00,LINK-USD,15m,9.190999984741211,9.194000244140625,9.154999732971191,9.156999588012695,1523200,1523200,yfinance,2026-07-10T06:58:07.675573+00:00
2026-05-30 22:45:00+00:00,LINK-USD,15m,9.156999588012695,9.180999755859375,9.156999588012695,9.177000045776367,1320896,1320896,yfinance,2026-07-10T06:58:07.675573+00:00
2026-05-30 23:00:00+00:00,LINK-USD,15m,9.178000450134277,9.197999954223633,9.159000396728516,9.15999984741211,330624,330624,yfinance,2026-07-10T06:58:07.675573+00:00
2026-05-30 23:15:00+00:00,LINK-USD,15m,9.16100025177002,9.175999641418457,9.156000137329102,9.168999671936035,190048,190048,yfinance,2026-07-10T06:58:07.675573+00:00
2026-05-30 23:30:00+00:00,LINK-USD,15m,9.168999671936035,9.168999671936035,9.14799976348877,9.14900016784668,0,0,yfinance,2026-07-10T06:58:07.675573+00:00
2026-05-30 23:45:00+00:00,LINK-USD,15m,9.149999618530273,9.177000045776367,9.14900016784668,9.177000045776367,0,0,yfinance,2026-07-10T06:58:07.675573+00:00
2026-05-31 00:00:00+00:00,LINK-USD,15m,9.178000450134277,9.196999549865723,9.170000076293945,9.184000015258789,0,0,yfinance,2026-07-10T06:58:07.675573+00:00
2026-05-31 00:15:00+00:00,LINK-USD,15m,9.184000015258789,9.213000297546387,9.184000015258789,9.192000389099121,0,0,yfinance,2026-07-10T06:58:07.675573+00:00
2026-05-31 00:30:00+00:00,LINK-USD,15m,9.1899995803833,9.206999778747559,9.185999870300293,9.197999954223633,0,0,yfinance,2026-07-10T06:58:07.675573+00:00
2026-05-31 00:45:00+00:00,LINK-USD,15m,9.199999809265137,9.21500015258789,9.189000129699707,9.211000442504883,0,0,yfinance,2026-07-10T06:58:07.675573+00:00
2026-05-31 01:00:00+00:00,LINK-USD,15m,9.210000038146973,9.223999977111816,9.206999778747559,9.220999717712402,0,0,yfinance,2026-07-10T06:58:07.675573+00:00
2026-05-31 01:15:00+00:00,LINK-USD,15m,9.222000122070312,9.260000228881836,9.222000122070312,9.234999656677246,44192,44192,yfinance,2026-07-10T06:58:07.675573+00:00
2026-05-31 01:30:00+00:00,LINK-USD,15m,9.234000205993652,9.258000373840332,9.21500015258789,9.218000411987305,0,0,yfinance,2026-07-10T06:58:07.675573+00:00
2026-05-31 01:45:00+00:00,LINK-USD,15m,9.220999717712402,9.239999771118164,9.220000267028809,9.229000091552734,141440,141440,yfinance,2026-07-10T06:58:07.675573+00:00
2026-05-31 02:00:00+00:00,LINK-USD,15m,9.22599983215332,9.26200008392334,9.22599983215332,9.26200008392334,1568000,1568000,yfinance,2026-07-10T06:58:07.675573+00:00
2026-05-31 02:15:00+00:00,LINK-USD,15m,9.26099967956543,9.28499984741211,9.225000381469727,9.225000381469727,430816,430816,yfinance,2026-07-10T06:58:07.675573+00:00
2026-05-31 02:30:00+00:00,LINK-USD,15m,9.225000381469727,9.237000465393066,9.211000442504883,9.232000350952148,346048,346048,yfinance,2026-07-10T06:58:07.675573+00:00
2026-05-31 02:45:00+00:00,LINK-USD,15m,9.232999801635742,9.265999794006348,9.22599983215332,9.256999969482422,0,0,yfinance,2026-07-10T06:58:07.675573+00:00
2026-05-31 03:00:00+00:00,LINK-USD,15m,9.26099967956543,9.262999534606934,9.237000465393066,9.244999885559082,0,0,yfinance,2026-07-10T06:58:07.675573+00:00
2026-05-31 03:15:00+00:00,LINK-USD,15m,9.246000289916992,9.26099967956543,9.23799991607666,9.258000373840332,0,0,yfinance,2026-07-10T06:58:07.675573+00:00
2026-05-31 03:30:00+00:00,LINK-USD,15m,9.256999969482422,9.265999794006348,9.239999771118164,9.246999740600586,23520,23520,yfinance,2026-07-10T06:58:07.675573+00:00
2026-05-31 03:45:00+00:00,LINK-USD,15m,9.246999740600586,9.258999824523926,9.241000175476074,9.243000030517578,0,0,yfinance,2026-07-10T06:58:07.675573+00:00
2026-05-31 04:00:00+00:00,LINK-USD,15m,9.241999626159668,9.248000144958496,9.222000122070312,9.225000381469727,0,0,yfinance,2026-07-10T06:58:07.675573+00:00
2026-05-31 04:15:00+00:00,LINK-USD,15m,9.225000381469727,9.246000289916992,9.222000122070312,9.232999801635742,0,0,yfinance,2026-07-10T06:58:07.675573+00:00
2026-05-31 04:30:00+00:00,LINK-USD,15m,9.232999801635742,9.237000465393066,9.223999977111816,9.22700023651123,0,0,yfinance,2026-07-10T06:58:07.675573+00:00
2026-05-31 04:45:00+00:00,LINK-USD,15m,9.22700023651123,9.244000434875488,9.220000267028809,9.239999771118164,547824,547824,yfinance,2026-07-10T06:58:07.675573+00:00
2026-05-31 05:00:00+00:00,LINK-USD,15m,9.23799991607666,9.239999771118164,9.222000122070312,9.222000122070312,0,0,yfinance,2026-07-10T06:58:07.675573+00:00
2026-05-31 05:15:00+00:00,LINK-USD,15m,9.222000122070312,9.229999542236328,9.213000297546387,9.229999542236328,550928,550928,yfinance,2026-07-10T06:58:07.675573+00:00
2026-05-31 05:30:00+00:00,LINK-USD,15m,9.234999656677246,9.25,9.21399974822998,9.215999603271484,1112192,1112192,yfinance,2026-07-10T06:58:07.675573+00:00
2026-05-31 05:45:00+00:00,LINK-USD,15m,9.217000007629395,9.225000381469727,9.210000038146973,9.217000007629395,338176,338176,yfinance,2026-07-10T06:58:07.675573+00:00
2026-05-31 06:00:00+00:00,LINK-USD,15m,9.217000007629395,9.217000007629395,9.201000213623047,9.208000183105469,920752,920752,yfinance,2026-07-10T06:58:07.675573+00:00
2026-05-31 06:15:00+00:00,LINK-USD,15m,9.206999778747559,9.211999893188477,9.194000244140625,9.204000473022461,1798032,1798032,yfinance,2026-07-10T06:58:07.675573+00:00
2026-05-31 06:30:00+00:00,LINK-USD,15m,9.199999809265137,9.222999572753906,9.199999809265137,9.208000183105469,2245808,2245808,yfinance,2026-07-10T06:58:07.675573+00:00
2026-05-31 06:45:00+00:00,LINK-USD,15m,9.208999633789062,9.22599983215332,9.208999633789062,9.21399974822998,1916640,1916640,yfinance,2026-07-10T06:58:07.675573+00:00
2026-05-31 07:00:00+00:00,LINK-USD,15m,9.211999893188477,9.21399974822998,9.189000129699707,9.189000129699707,0,0,yfinance,2026-07-10T06:58:07.675573+00:00
2026-05-31 07:15:00+00:00,LINK-USD,15m,9.1899995803833,9.196000099182129,9.175000190734863,9.175000190734863,1895344,1895344,yfinance,2026-07-10T06:58:07.675573+00:00
2026-05-31 07:30:00+00:00,LINK-USD,15m,9.175000190734863,9.192000389099121,9.161999702453613,9.182999610900879,1541648,1541648,yfinance,2026-07-10T06:58:07.675573+00:00
2026-05-31 07:45:00+00:00,LINK-USD,15m,9.180999755859375,9.192999839782715,9.180000305175781,9.1899995803833,1072256,1072256,yfinance,2026-07-10T06:58:07.675573+00:00
2026-05-31 08:00:00+00:00,LINK-USD,15m,9.1899995803833,9.21500015258789,9.1899995803833,9.213000297546387,1440800,1440800,yfinance,2026-07-10T06:58:07.675573+00:00
2026-05-31 08:15:00+00:00,LINK-USD,15m,9.21500015258789,9.241999626159668,9.21500015258789,9.236000061035156,2528512,2528512,yfinance,2026-07-10T06:58:07.675573+00:00
2026-05-31 08:30:00+00:00,LINK-USD,15m,9.234999656677246,9.237000465393066,9.208999633789062,9.218999862670898,1258288,1258288,yfinance,2026-07-10T06:58:07.675573+00:00
2026-05-31 08:45:00+00:00,LINK-USD,15m,9.220000267028809,9.25,9.208000183105469,9.23900032043457,469968,469968,yfinance,2026-07-10T06:58:07.675573+00:00
2026-05-31 09:00:00+00:00,LINK-USD,15m,9.23799991607666,9.246000289916992,9.222999572753906,9.241999626159668,0,0,yfinance,2026-07-10T06:58:07.675573+00:00
2026-05-31 09:15:00+00:00,LINK-USD,15m,9.232000350952148,9.258999824523926,9.229999542236328,9.246999740600586,1577008,1577008,yfinance,2026-07-10T06:58:07.675573+00:00
2026-05-31 09:30:00+00:00,LINK-USD,15m,9.246999740600586,9.26200008392334,9.234000205993652,9.25100040435791,641856,641856,yfinance,2026-07-10T06:58:07.675573+00:00
2026-05-31 09:45:00+00:00,LINK-USD,15m,9.25100040435791,9.258000373840332,9.180999755859375,9.194000244140625,727584,727584,yfinance,2026-07-10T06:58:07.675573+00:00
2026-05-31 10:00:00+00:00,LINK-USD,15m,9.192000389099121,9.201000213623047,9.187000274658203,9.194000244140625,889344,889344,yfinance,2026-07-10T06:58:07.675573+00:00
2026-05-31 10:15:00+00:00,LINK-USD,15m,9.190999984741211,9.190999984741211,9.151000022888184,9.170000076293945,1408000,1408000,yfinance,2026-07-10T06:58:07.675573+00:00
2026-05-31 10:30:00+00:00,LINK-USD,15m,9.170999526977539,9.1850004196167,9.163000106811523,9.166999816894531,926080,926080,yfinance,2026-07-10T06:58:07.675573+00:00
2026-05-31 10:45:00+00:00,LINK-USD,15m,9.168999671936035,9.189000129699707,9.157999992370605,9.187000274658203,260640,260640,yfinance,2026-07-10T06:58:07.675573+00:00
2026-05-31 11:00:00+00:00,LINK-USD,15m,9.187999725341797,9.204000473022461,9.187999725341797,9.192000389099121,82528,82528,yfinance,2026-07-10T06:58:07.675573+00:00
2026-05-31 11:15:00+00:00,LINK-USD,15m,9.192999839782715,9.197999954223633,9.175000190734863,9.197999954223633,1455104,1455104,yfinance,2026-07-10T06:58:07.675573+00:00
2026-05-31 11:30:00+00:00,LINK-USD,15m,9.196000099182129,9.201000213623047,9.1850004196167,9.196999549865723,8768,8768,yfinance,2026-07-10T06:58:07.675573+00:00
2026-05-31 11:45:00+00:00,LINK-USD,15m,9.201000213623047,9.217000007629395,9.189000129699707,9.21500015258789,885888,885888,yfinance,2026-07-10T06:58:07.675573+00:00
2026-05-31 12:00:00+00:00,LINK-USD,15m,9.213000297546387,9.213000297546387,9.178999900817871,9.197999954223633,958656,958656,yfinance,2026-07-10T06:58:07.675573+00:00
2026-05-31 12:15:00+00:00,LINK-USD,15m,9.197999954223633,9.222999572753906,9.197999954223633,9.206000328063965,92480,92480,yfinance,2026-07-10T06:58:07.675573+00:00
2026-05-31 12:30:00+00:00,LINK-USD,15m,9.206000328063965,9.218000411987305,9.194999694824219,9.217000007629395,913248,913248,yfinance,2026-07-10T06:58:07.675573+00:00
2026-05-31 12:45:00+00:00,LINK-USD,15m,9.218000411987305,9.218999862670898,9.190999984741211,9.199999809265137,1386656,1386656,yfinance,2026-07-10T06:58:07.675573+00:00
2026-05-31 13:00:00+00:00,LINK-USD,15m,9.199999809265137,9.220999717712402,9.194000244140625,9.220999717712402,426688,426688,yfinance,2026-07-10T06:58:07.675573+00:00
2026-05-31 13:15:00+00:00,LINK-USD,15m,9.218999862670898,9.25100040435791,9.215999603271484,9.23799991607666,1336672,1336672,yfinance,2026-07-10T06:58:07.675573+00:00
2026-05-31 13:30:00+00:00,LINK-USD,15m,9.241999626159668,9.244000434875488,9.208000183105469,9.211999893188477,53440,53440,yfinance,2026-07-10T06:58:07.675573+00:00
2026-05-31 13:45:00+00:00,LINK-USD,15m,9.210000038146973,9.217000007629395,9.1899995803833,9.196000099182129,0,0,yfinance,2026-07-10T06:58:07.675573+00:00
2026-05-31 14:00:00+00:00,LINK-USD,15m,9.196000099182129,9.20300006866455,9.12600040435791,9.12600040435791,1248288,1248288,yfinance,2026-07-10T06:58:07.675573+00:00
2026-05-31 14:15:00+00:00,LINK-USD,15m,9.128000259399414,9.145000457763672,9.065999984741211,9.093000411987305,9621152,9621152,yfinance,2026-07-10T06:58:07.675573+00:00
2026-05-31 14:30:00+00:00,LINK-USD,15m,9.086999893188477,9.116999626159668,9.071000099182129,9.083999633789062,2328384,2328384,yfinance,2026-07-10T06:58:07.675573+00:00
2026-05-31 14:45:00+00:00,LINK-USD,15m,9.085000038146973,9.112000465393066,9.079000473022461,9.088000297546387,364512,364512,yfinance,2026-07-10T06:58:07.675573+00:00
2026-05-31 15:00:00+00:00,LINK-USD,15m,9.088000297546387,9.095999717712402,9.081999778747559,9.095000267028809,0,0,yfinance,2026-07-10T06:58:07.675573+00:00
2026-05-31 15:15:00+00:00,LINK-USD,15m,9.093000411987305,9.133999824523926,9.090999603271484,9.12600040435791,414464,414464,yfinance,2026-07-10T06:58:07.675573+00:00
2026-05-31 15:30:00+00:00,LINK-USD,15m,9.12399959564209,9.125,9.095000267028809,9.098999977111816,197024,197024,yfinance,2026-07-10T06:58:07.675573+00:00
2026-05-31 15:45:00+00:00,LINK-USD,15m,9.098999977111816,9.107999801635742,9.083000183105469,9.085000038146973,234816,234816,yfinance,2026-07-10T06:58:07.675573+00:00
2026-05-31 16:00:00+00:00,LINK-USD,15m,9.083000183105469,9.098999977111816,9.062999725341797,9.067000389099121,1526592,1526592,yfinance,2026-07-10T06:58:07.675573+00:00
2026-05-31 16:15:00+00:00,LINK-USD,15m,9.069000244140625,9.07800006866455,9.043000221252441,9.062000274658203,835136,835136,yfinance,2026-07-10T06:58:07.675573+00:00
2026-05-31 16:30:00+00:00,LINK-USD,15m,9.0600004196167,9.060999870300293,9.006999969482422,9.022000312805176,2284256,2284256,yfinance,2026-07-10T06:58:07.675573+00:00
2026-05-31 16:45:00+00:00,LINK-USD,15m,9.020000457763672,9.027000427246094,9.010000228881836,9.020999908447266,439296,439296,yfinance,2026-07-10T06:58:07.675573+00:00
2026-05-31 17:00:00+00:00,LINK-USD,15m,9.017999649047852,9.036999702453613,9.003999710083008,9.015000343322754,63264,63264,yfinance,2026-07-10T06:58:07.675573+00:00
2026-05-31 17:15:00+00:00,LINK-USD,15m,9.017999649047852,9.039999961853027,9.017999649047852,9.034000396728516,731392,731392,yfinance,2026-07-10T06:58:07.675573+00:00
2026-05-31 17:30:00+00:00,LINK-USD,15m,9.036999702453613,9.055000305175781,9.036999702453613,9.04800033569336,250016,250016,yfinance,2026-07-10T06:58:07.675573+00:00
2026-05-31 17:45:00+00:00,LINK-USD,15m,9.04699993133545,9.055999755859375,9.041000366210938,9.050000190734863,209056,209056,yfinance,2026-07-10T06:58:07.675573+00:00
2026-05-31 18:00:00+00:00,LINK-USD,15m,9.050000190734863,9.050000190734863,9.031999588012695,9.03600025177002,0,0,yfinance,2026-07-10T06:58:07.675573+00:00
2026-05-31 18:15:00+00:00,LINK-USD,15m,9.03499984741211,9.03600025177002,9.022000312805176,9.029999732971191,1478432,1478432,yfinance,2026-07-10T06:58:07.675573+00:00
2026-05-31 18:30:00+00:00,LINK-USD,15m,9.027999877929688,9.048999786376953,9.027999877929688,9.039999961853027,58080,58080,yfinance,2026-07-10T06:58:07.675573+00:00
2026-05-31 18:45:00+00:00,LINK-USD,15m,9.038999557495117,9.043999671936035,9.029000282287598,9.041999816894531,0,0,yfinance,2026-07-10T06:58:07.675573+00:00
2026-05-31 19:00:00+00:00,LINK-USD,15m,9.039999961853027,9.04800033569336,9.005000114440918,9.010000228881836,3174240,3174240,yfinance,2026-07-10T06:58:07.675573+00:00
2026-05-31 19:15:00+00:00,LINK-USD,15m,9.005999565124512,9.022000312805176,8.98900032043457,9.008999824523926,334304,334304,yfinance,2026-07-10T06:58:07.675573+00:00
2026-05-31 19:30:00+00:00,LINK-USD,15m,9.01099967956543,9.019000053405762,8.980999946594238,9.017999649047852,2065184,2065184,yfinance,2026-07-10T06:58:07.675573+00:00
2026-05-31 19:45:00+00:00,LINK-USD,15m,9.019000053405762,9.03499984741211,9.015999794006348,9.027000427246094,524128,524128,yfinance,2026-07-10T06:58:07.675573+00:00
2026-05-31 20:00:00+00:00,LINK-USD,15m,9.029999732971191,9.057999610900879,9.029999732971191,9.053000450134277,1129504,1129504,yfinance,2026-07-10T06:58:07.675573+00:00
2026-05-31 20:15:00+00:00,LINK-USD,15m,9.053999900817871,9.074000358581543,9.048999786376953,9.0649995803833,306368,306368,yfinance,2026-07-10T06:58:07.675573+00:00
2026-05-31 20:30:00+00:00,LINK-USD,15m,9.064000129699707,9.071999549865723,9.055000305175781,9.062000274658203,531616,531616,yfinance,2026-07-10T06:58:07.675573+00:00
2026-05-31 20:45:00+00:00,LINK-USD,15m,9.062000274658203,9.093999862670898,9.062000274658203,9.085000038146973,7488,7488,yfinance,2026-07-10T06:58:07.675573+00:00
2026-05-31 21:00:00+00:00,LINK-USD,15m,9.085000038146973,9.088000297546387,9.071999549865723,9.074999809265137,688800,688800,yfinance,2026-07-10T06:58:07.675573+00:00
2026-05-31 21:15:00+00:00,LINK-USD,15m,9.076000213623047,9.10099983215332,9.072999954223633,9.074999809265137,0,0,yfinance,2026-07-10T06:58:07.675573+00:00
2026-05-31 21:30:00+00:00,LINK-USD,15m,9.076000213623047,9.090999603271484,9.071000099182129,9.090999603271484,0,0,yfinance,2026-07-10T06:58:07.675573+00:00
2026-05-31 21:45:00+00:00,LINK-USD,15m,9.092000007629395,9.128000259399414,9.092000007629395,9.126999855041504,2489152,2489152,yfinance,2026-07-10T06:58:07.675573+00:00
2026-05-31 22:00:00+00:00,LINK-USD,15m,9.128000259399414,9.142000198364258,9.095000267028809,9.13599967956543,0,0,yfinance,2026-07-10T06:58:07.675573+00:00
2026-05-31 22:15:00+00:00,LINK-USD,15m,9.140000343322754,9.152000427246094,9.116999626159668,9.128000259399414,1018592,1018592,yfinance,2026-07-10T06:58:07.675573+00:00
2026-05-31 22:30:00+00:00,LINK-USD,15m,9.130000114440918,9.151000022888184,9.125,9.13599967956543,0,0,yfinance,2026-07-10T06:58:07.675573+00:00
2026-05-31 22:45:00+00:00,LINK-USD,15m,9.138999938964844,9.152999877929688,9.13599967956543,9.140999794006348,82080,82080,yfinance,2026-07-10T06:58:07.675573+00:00
2026-05-31 23:00:00+00:00,LINK-USD,15m,9.145999908447266,9.206000328063965,9.145999908447266,9.156999588012695,1831232,1831232,yfinance,2026-07-10T06:58:07.675573+00:00
2026-05-31 23:15:00+00:00,LINK-USD,15m,9.159000396728516,9.166000366210938,9.130999565124512,9.133000373840332,313344,313344,yfinance,2026-07-10T06:58:07.675573+00:00
2026-05-31 23:30:00+00:00,LINK-USD,15m,9.130000114440918,9.130000114440918,9.081000328063965,9.095000267028809,335168,335168,yfinance,2026-07-10T06:58:07.675573+00:00
2026-05-31 23:45:00+00:00,LINK-USD,15m,9.097000122070312,9.13700008392334,9.093999862670898,9.13700008392334,767680,767680,yfinance,2026-07-10T06:58:07.675573+00:00
2026-06-01 00:00:00+00:00,LINK-USD,15m,9.133000373840332,9.166000366210938,9.126999855041504,9.145000457763672,1116896,1116896,yfinance,2026-07-10T06:58:07.675573+00:00
2026-06-01 00:15:00+00:00,LINK-USD,15m,9.145000457763672,9.166999816894531,9.128999710083008,9.163000106811523,85376,85376,yfinance,2026-07-10T06:58:07.675573+00:00
2026-06-01 00:30:00+00:00,LINK-USD,15m,9.17199993133545,9.180999755859375,9.152999877929688,9.173999786376953,857984,857984,yfinance,2026-07-10T06:58:07.675573+00:00
2026-06-01 00:45:00+00:00,LINK-USD,15m,9.17199993133545,9.187999725341797,9.163999557495117,9.168000221252441,0,0,yfinance,2026-07-10T06:58:07.675573+00:00
2026-06-01 01:00:00+00:00,LINK-USD,15m,9.170999526977539,9.170999526977539,9.11400032043457,9.116000175476074,920960,920960,yfinance,2026-07-10T06:58:07.675573+00:00
2026-06-01 01:15:00+00:00,LINK-USD,15m,9.118000030517578,9.12600040435791,9.104999542236328,9.104999542236328,127392,127392,yfinance,2026-07-10T06:58:07.675573+00:00
2026-06-01 01:30:00+00:00,LINK-USD,15m,9.104000091552734,9.121999740600586,9.071000099182129,9.07800006866455,152256,152256,yfinance,2026-07-10T06:58:07.675573+00:00
2026-06-01 01:45:00+00:00,LINK-USD,15m,9.07800006866455,9.090999603271484,9.031000137329102,9.031999588012695,2667424,2667424,yfinance,2026-07-10T06:58:07.675573+00:00
2026-06-01 02:00:00+00:00,LINK-USD,15m,9.027999877929688,9.090999603271484,9.015999794006348,9.090999603271484,1296480,1296480,yfinance,2026-07-10T06:58:07.675573+00:00
2026-06-01 02:15:00+00:00,LINK-USD,15m,9.090999603271484,9.090999603271484,9.067999839782715,9.086999893188477,68544,68544,yfinance,2026-07-10T06:58:07.675573+00:00
2026-06-01 02:30:00+00:00,LINK-USD,15m,9.083000183105469,9.168000221252441,9.072999954223633,9.147000312805176,646080,646080,yfinance,2026-07-10T06:58:07.675573+00:00
2026-06-01 02:45:00+00:00,LINK-USD,15m,9.145999908447266,9.168000221252441,9.142999649047852,9.156999588012695,2216512,2216512,yfinance,2026-07-10T06:58:07.675573+00:00
2026-06-01 03:00:00+00:00,LINK-USD,15m,9.15999984741211,9.196000099182129,9.156000137329102,9.168999671936035,944800,944800,yfinance,2026-07-10T06:58:07.675573+00:00
2026-06-01 03:15:00+00:00,LINK-USD,15m,9.17199993133545,9.1899995803833,9.151000022888184,9.178000450134277,377216,377216,yfinance,2026-07-10T06:58:07.675573+00:00
2026-06-01 03:30:00+00:00,LINK-USD,15m,9.182000160217285,9.194000244140625,9.16100025177002,9.173999786376953,1690752,1690752,yfinance,2026-07-10T06:58:07.675573+00:00
2026-06-01 03:45:00+00:00,LINK-USD,15m,9.178999900817871,9.184000015258789,9.156000137329102,9.166999816894531,929568,929568,yfinance,2026-07-10T06:58:07.675573+00:00
2026-06-01 04:00:00+00:00,LINK-USD,15m,9.164999961853027,9.184000015258789,9.126999855041504,9.133999824523926,2241600,2241600,yfinance,2026-07-10T06:58:07.675573+00:00
2026-06-01 04:15:00+00:00,LINK-USD,15m,9.131999969482422,9.138999938964844,9.088000297546387,9.088000297546387,438304,438304,yfinance,2026-07-10T06:58:07.675573+00:00
2026-06-01 04:30:00+00:00,LINK-USD,15m,9.088000297546387,9.11299991607666,9.086999893188477,9.109999656677246,661152,661152,yfinance,2026-07-10T06:58:07.675573+00:00
2026-06-01 04:45:00+00:00,LINK-USD,15m,9.109999656677246,9.114999771118164,9.057999610900879,9.107999801635742,1391680,1391680,yfinance,2026-07-10T06:58:07.675573+00:00
2026-06-01 05:00:00+00:00,LINK-USD,15m,9.104000091552734,9.112000465393066,9.07699966430664,9.093000411987305,0,0,yfinance,2026-07-10T06:58:07.675573+00:00
2026-06-01 05:15:00+00:00,LINK-USD,15m,9.095000267028809,9.095999717712402,9.04800033569336,9.050000190734863,1983488,1983488,yfinance,2026-07-10T06:58:07.675573+00:00
2026-06-01 05:30:00+00:00,LINK-USD,15m,9.053000450134277,9.065999984741211,9.031999588012695,9.0649995803833,632480,632480,yfinance,2026-07-10T06:58:07.675573+00:00
2026-06-01 05:45:00+00:00,LINK-USD,15m,9.062000274658203,9.085000038146973,9.041000366210938,9.043999671936035,665888,665888,yfinance,2026-07-10T06:58:07.675573+00:00
2026-06-01 06:00:00+00:00,LINK-USD,15m,9.045000076293945,9.053000450134277,9.012999534606934,9.032999992370605,1138272,1138272,yfinance,2026-07-10T06:58:07.675573+00:00
2026-06-01 06:15:00+00:00,LINK-USD,15m,9.034000396728516,9.039999961853027,9.001999855041504,9.005000114440918,1575232,1575232,yfinance,2026-07-10T06:58:07.675573+00:00
2026-06-01 06:30:00+00:00,LINK-USD,15m,9.001999855041504,9.005000114440918,8.961000442504883,8.96399974822998,0,0,yfinance,2026-07-10T06:58:07.675573+00:00
2026-06-01 06:45:00+00:00,LINK-USD,15m,8.961000442504883,9.01099967956543,8.960000038146973,9.005000114440918,474656,474656,yfinance,2026-07-10T06:58:07.675573+00:00
2026-06-01 07:00:00+00:00,LINK-USD,15m,9.003000259399414,9.029999732971191,8.989999771118164,9.017999649047852,342720,342720,yfinance,2026-07-10T06:58:07.675573+00:00
2026-06-01 07:15:00+00:00,LINK-USD,15m,9.019000053405762,9.02299976348877,8.991000175476074,8.991000175476074,0,0,yfinance,2026-07-10T06:58:07.675573+00:00
2026-06-01 07:30:00+00:00,LINK-USD,15m,8.987000465393066,9.008000373840332,8.973999977111816,8.98900032043457,1285184,1285184,yfinance,2026-07-10T06:58:07.675573+00:00
2026-06-01 07:45:00+00:00,LINK-USD,15m,8.991999626159668,9.0,8.946999549865723,8.954000473022461,414944,414944,yfinance,2026-07-10T06:58:07.675573+00:00
2026-06-01 08:00:00+00:00,LINK-USD,15m,8.958000183105469,8.982000350952148,8.949999809265137,8.968999862670898,0,0,yfinance,2026-07-10T06:58:07.675573+00:00
2026-06-01 08:15:00+00:00,LINK-USD,15m,8.967000007629395,8.984000205993652,8.942999839782715,8.949999809265137,0,0,yfinance,2026-07-10T06:58:07.675573+00:00
2026-06-01 08:30:00+00:00,LINK-USD,15m,8.95199966430664,8.98799991607666,8.920999526977539,8.967000007629395,4233440,4233440,yfinance,2026-07-10T06:58:07.675573+00:00
2026-06-01 08:45:00+00:00,LINK-USD,15m,8.968999862670898,8.991000175476074,8.968999862670898,8.98799991607666,925728,925728,yfinance,2026-07-10T06:58:07.675573+00:00
2026-06-01 09:00:00+00:00,LINK-USD,15m,8.98900032043457,9.013999938964844,8.98900032043457,9.003999710083008,405376,405376,yfinance,2026-07-10T06:58:07.675573+00:00
2026-06-01 09:15:00+00:00,LINK-USD,15m,9.003999710083008,9.02299976348877,9.003000259399414,9.003000259399414,1048608,1048608,yfinance,2026-07-10T06:58:07.675573+00:00
2026-06-01 09:30:00+00:00,LINK-USD,15m,9.00100040435791,9.012999534606934,8.98900032043457,9.012999534606934,85664,85664,yfinance,2026-07-10T06:58:07.675573+00:00
2026-06-01 09:45:00+00:00,LINK-USD,15m,9.015999794006348,9.03600025177002,9.005000114440918,9.015000343322754,706368,706368,yfinance,2026-07-10T06:58:07.675573+00:00
2026-06-01 10:00:00+00:00,LINK-USD,15m,9.017999649047852,9.02299976348877,8.987000465393066,8.991000175476074,358112,358112,yfinance,2026-07-10T06:58:07.675573+00:00
2026-06-01 10:15:00+00:00,LINK-USD,15m,8.98900032043457,9.01200008392334,8.986000061035156,8.991000175476074,123648,123648,yfinance,2026-07-10T06:58:07.675573+00:00
2026-06-01 10:30:00+00:00,LINK-USD,15m,8.994999885559082,9.003999710083008,8.972000122070312,8.991999626159668,0,0,yfinance,2026-07-10T06:58:07.675573+00:00
2026-06-01 10:45:00+00:00,LINK-USD,15m,8.994000434875488,9.02400016784668,8.994000434875488,9.008999824523926,2749856,2749856,yfinance,2026-07-10T06:58:07.675573+00:00
2026-06-01 11:00:00+00:00,LINK-USD,15m,9.01099967956543,9.029000282287598,9.00100040435791,9.020000457763672,217024,217024,yfinance,2026-07-10T06:58:07.675573+00:00
2026-06-01 11:15:00+00:00,LINK-USD,15m,9.020999908447266,9.039999961853027,9.017000198364258,9.02400016784668,1504224,1504224,yfinance,2026-07-10T06:58:07.675573+00:00
2026-06-01 11:30:00+00:00,LINK-USD,15m,9.022000312805176,9.031999588012695,9.01200008392334,9.027000427246094,765760,765760,yfinance,2026-07-10T06:58:07.675573+00:00
2026-06-01 11:45:00+00:00,LINK-USD,15m,9.029000282287598,9.029999732971191,8.968000411987305,8.98799991607666,0,0,yfinance,2026-07-10T06:58:07.675573+00:00
2026-06-01 12:00:00+00:00,LINK-USD,15m,9.0,9.008999824523926,8.91100025177002,8.946999549865723,1935392,1935392,yfinance,2026-07-10T06:58:07.675573+00:00
2026-06-01 12:15:00+00:00,LINK-USD,15m,8.949000358581543,9.005000114440918,8.946000099182129,8.99899959564209,3557344,3557344,yfinance,2026-07-10T06:58:07.675573+00:00
2026-06-01 12:30:00+00:00,LINK-USD,15m,8.996999740600586,9.020000457763672,8.98900032043457,9.020000457763672,883680,883680,yfinance,2026-07-10T06:58:07.675573+00:00
2026-06-01 12:45:00+00:00,LINK-USD,15m,9.02400016784668,9.024999618530273,8.98900032043457,8.994000434875488,90272,90272,yfinance,2026-07-10T06:58:07.675573+00:00
2026-06-01 13:00:00+00:00,LINK-USD,15m,8.996999740600586,8.996999740600586,8.909000396728516,8.925999641418457,338944,338944,yfinance,2026-07-10T06:58:07.675573+00:00
2026-06-01 13:15:00+00:00,LINK-USD,15m,8.925000190734863,8.968000411987305,8.920999526977539,8.934000015258789,3044320,3044320,yfinance,2026-07-10T06:58:07.675573+00:00
2026-06-01 13:30:00+00:00,LINK-USD,15m,8.944999694824219,8.977999687194824,8.928999900817871,8.932000160217285,3075456,3075456,yfinance,2026-07-10T06:58:07.675573+00:00
2026-06-01 13:45:00+00:00,LINK-USD,15m,8.937000274658203,8.95300006866455,8.836000442504883,8.890000343322754,5036192,5036192,yfinance,2026-07-10T06:58:07.675573+00:00
2026-06-01 14:00:00+00:00,LINK-USD,15m,8.895000457763672,8.91100025177002,8.857000350952148,8.880000114440918,5297024,5297024,yfinance,2026-07-10T06:58:07.675573+00:00
2026-06-01 14:15:00+00:00,LINK-USD,15m,8.878999710083008,8.902999877929688,8.861000061035156,8.861000061035156,0,0,yfinance,2026-07-10T06:58:07.675573+00:00
2026-06-01 14:30:00+00:00,LINK-USD,15m,8.86299991607666,8.880999565124512,8.85099983215332,8.871999740600586,973984,973984,yfinance,2026-07-10T06:58:07.675573+00:00
2026-06-01 14:45:00+00:00,LINK-USD,15m,8.871999740600586,8.894000053405762,8.845000267028809,8.862000465393066,1686176,1686176,yfinance,2026-07-10T06:58:07.675573+00:00
2026-06-01 15:00:00+00:00,LINK-USD,15m,8.864999771118164,8.911999702453613,8.864999771118164,8.895999908447266,3038944,3038944,yfinance,2026-07-10T06:58:07.675573+00:00
2026-06-01 15:15:00+00:00,LINK-USD,15m,8.897000312805176,8.897000312805176,8.835000038146973,8.845999717712402,1111616,1111616,yfinance,2026-07-10T06:58:07.675573+00:00
2026-06-01 15:30:00+00:00,LINK-USD,15m,8.843999862670898,8.95199966430664,8.843000411987305,8.918000221252441,4927968,4927968,yfinance,2026-07-10T06:58:07.675573+00:00
2026-06-01 15:45:00+00:00,LINK-USD,15m,8.920000076293945,8.923999786376953,8.895000457763672,8.899999618530273,1068896,1068896,yfinance,2026-07-10T06:58:07.675573+00:00
2026-06-01 16:00:00+00:00,LINK-USD,15m,8.901000022888184,8.914999961853027,8.848999977111816,8.885000228881836,65696,65696,yfinance,2026-07-10T06:58:07.675573+00:00
2026-06-01 16:15:00+00:00,LINK-USD,15m,8.881999969482422,8.923999786376953,8.87600040435791,8.923999786376953,5390208,5390208,yfinance,2026-07-10T06:58:07.675573+00:00
2026-06-01 16:30:00+00:00,LINK-USD,15m,8.928999900817871,8.946000099182129,8.920000076293945,8.939000129699707,215136,215136,yfinance,2026-07-10T06:58:07.675573+00:00
2026-06-01 16:45:00+00:00,LINK-USD,15m,8.946000099182129,8.998000144958496,8.942000389099121,8.991999626159668,1038432,1038432,yfinance,2026-07-10T06:58:07.675573+00:00
2026-06-01 17:00:00+00:00,LINK-USD,15m,8.994999885559082,9.029999732971191,8.979999542236328,9.008000373840332,2140320,2140320,yfinance,2026-07-10T06:58:07.675573+00:00
2026-06-01 17:15:00+00:00,LINK-USD,15m,9.01200008392334,9.032999992370605,8.979000091552734,9.032999992370605,793440,793440,yfinance,2026-07-10T06:58:07.675573+00:00
2026-06-01 17:30:00+00:00,LINK-USD,15m,9.03499984741211,9.095999717712402,9.026000022888184,9.086999893188477,5861504,5861504,yfinance,2026-07-10T06:58:07.675573+00:00
2026-06-01 17:45:00+00:00,LINK-USD,15m,9.097000122070312,9.097000122070312,9.050000190734863,9.053000450134277,5784000,5784000,yfinance,2026-07-10T06:58:07.675573+00:00
2026-06-01 18:00:00+00:00,LINK-USD,15m,9.050000190734863,9.055000305175781,9.020000457763672,9.026000022888184,389792,389792,yfinance,2026-07-10T06:58:07.675573+00:00
2026-06-01 18:15:00+00:00,LINK-USD,15m,9.027000427246094,9.055999755859375,9.024999618530273,9.055999755859375,390112,390112,yfinance,2026-07-10T06:58:07.675573+00:00
2026-06-01 18:30:00+00:00,LINK-USD,15m,9.055999755859375,9.067999839782715,9.045000076293945,9.045000076293945,684896,684896,yfinance,2026-07-10T06:58:07.675573+00:00
2026-06-01 18:45:00+00:00,LINK-USD,15m,9.045999526977539,9.045999526977539,9.017000198364258,9.019000053405762,1565632,1565632,yfinance,2026-07-10T06:58:07.675573+00:00
2026-06-01 19:00:00+00:00,LINK-USD,15m,9.015999794006348,9.02400016784668,9.008000373840332,9.02400016784668,0,0,yfinance,2026-07-10T06:58:07.675573+00:00
2026-06-01 19:15:00+00:00,LINK-USD,15m,9.024999618530273,9.071999549865723,9.015999794006348,9.071000099182129,585344,585344,yfinance,2026-07-10T06:58:07.675573+00:00
2026-06-01 19:30:00+00:00,LINK-USD,15m,9.071999549865723,9.081000328063965,9.057000160217285,9.076000213623047,199904,199904,yfinance,2026-07-10T06:58:07.675573+00:00
2026-06-01 19:45:00+00:00,LINK-USD,15m,9.072999954223633,9.074000358581543,9.053999900817871,9.071000099182129,312640,312640,yfinance,2026-07-10T06:58:07.675573+00:00
2026-06-01 20:00:00+00:00,LINK-USD,15m,9.074000358581543,9.074000358581543,9.03499984741211,9.055000305175781,399456,399456,yfinance,2026-07-10T06:58:07.675573+00:00
2026-06-01 20:15:00+00:00,LINK-USD,15m,9.055000305175781,9.072999954223633,9.041999816894531,9.055999755859375,658720,658720,yfinance,2026-07-10T06:58:07.675573+00:00
2026-06-01 20:30:00+00:00,LINK-USD,15m,9.053999900817871,9.069999694824219,9.04800033569336,9.067000389099121,331808,331808,yfinance,2026-07-10T06:58:07.675573+00:00
2026-06-01 20:45:00+00:00,LINK-USD,15m,9.067000389099121,9.069000244140625,9.036999702453613,9.050000190734863,696096,696096,yfinance,2026-07-10T06:58:07.675573+00:00
2026-06-01 21:00:00+00:00,LINK-USD,15m,9.050000190734863,9.053000450134277,8.996000289916992,9.01099967956543,1265952,1265952,yfinance,2026-07-10T06:58:07.675573+00:00
2026-06-01 21:15:00+00:00,LINK-USD,15m,9.01099967956543,9.013999938964844,8.984999656677246,9.001999855041504,2277408,2277408,yfinance,2026-07-10T06:58:07.675573+00:00
2026-06-01 21:30:00+00:00,LINK-USD,15m,9.003999710083008,9.003999710083008,8.975000381469727,8.97700023651123,142432,142432,yfinance,2026-07-10T06:58:07.675573+00:00
2026-06-01 21:45:00+00:00,LINK-USD,15m,8.977999687194824,9.001999855041504,8.972999572753906,8.979999542236328,904288,904288,yfinance,2026-07-10T06:58:07.675573+00:00
2026-06-01 22:00:00+00:00,LINK-USD,15m,8.972000122070312,8.973999977111816,8.9350004196167,8.95199966430664,1008000,1008000,yfinance,2026-07-10T06:58:07.675573+00:00
2026-06-01 22:15:00+00:00,LINK-USD,15m,8.95199966430664,9.003000259399414,8.946999549865723,8.99899959564209,930656,930656,yfinance,2026-07-10T06:58:07.675573+00:00
2026-06-01 22:30:00+00:00,LINK-USD,15m,8.996999740600586,9.0,8.95300006866455,8.972000122070312,1116128,1116128,yfinance,2026-07-10T06:58:07.675573+00:00
2026-06-01 22:45:00+00:00,LINK-USD,15m,8.972000122070312,9.038999557495117,8.972000122070312,9.034000396728516,440448,440448,yfinance,2026-07-10T06:58:07.675573+00:00
2026-06-01 23:00:00+00:00,LINK-USD,15m,9.03499984741211,9.057000160217285,9.02299976348877,9.043999671936035,24768,24768,yfinance,2026-07-10T06:58:07.675573+00:00
2026-06-01 23:15:00+00:00,LINK-USD,15m,9.043000221252441,9.065999984741211,9.02400016784668,9.02400016784668,354592,354592,yfinance,2026-07-10T06:58:07.675573+00:00
2026-06-01 23:30:00+00:00,LINK-USD,15m,9.026000022888184,9.064000129699707,9.015000343322754,9.050000190734863,357984,357984,yfinance,2026-07-10T06:58:07.675573+00:00
2026-06-01 23:45:00+00:00,LINK-USD,15m,9.055000305175781,9.059000015258789,9.031000137329102,9.04699993133545,0,0,yfinance,2026-07-10T06:58:07.675573+00:00
2026-06-02 00:00:00+00:00,LINK-USD,15m,9.045999526977539,9.0600004196167,9.032999992370605,9.032999992370605,8128,8128,yfinance,2026-07-10T06:58:07.675573+00:00
2026-06-02 00:15:00+00:00,LINK-USD,15m,9.032999992370605,9.036999702453613,8.996000289916992,9.00100040435791,934304,934304,yfinance,2026-07-10T06:58:07.675573+00:00
2026-06-02 00:30:00+00:00,LINK-USD,15m,9.005000114440918,9.019000053405762,8.993000030517578,9.0,15872,15872,yfinance,2026-07-10T06:58:07.675573+00:00
2026-06-02 00:45:00+00:00,LINK-USD,15m,9.00100040435791,9.008000373840332,8.993000030517578,8.993000030517578,254720,254720,yfinance,2026-07-10T06:58:07.675573+00:00
2026-06-02 01:00:00+00:00,LINK-USD,15m,8.993000030517578,8.994000434875488,8.967000007629395,8.994000434875488,2688,2688,yfinance,2026-07-10T06:58:07.675573+00:00
2026-06-02 01:15:00+00:00,LINK-USD,15m,8.994000434875488,9.001999855041504,8.963000297546387,8.963000297546387,530560,530560,yfinance,2026-07-10T06:58:07.675573+00:00
2026-06-02 01:30:00+00:00,LINK-USD,15m,8.961999893188477,8.96399974822998,8.904999732971191,8.937000274658203,8020608,8020608,yfinance,2026-07-10T06:58:07.675573+00:00
2026-06-02 01:45:00+00:00,LINK-USD,15m,8.935999870300293,8.937000274658203,8.887999534606934,8.887999534606934,818944,818944,yfinance,2026-07-10T06:58:07.675573+00:00
2026-06-02 02:00:00+00:00,LINK-USD,15m,8.892000198364258,8.895000457763672,8.803999900817871,8.847999572753906,2501568,2501568,yfinance,2026-07-10T06:58:07.675573+00:00
2026-06-02 02:15:00+00:00,LINK-USD,15m,8.850000381469727,8.918999671936035,8.822999954223633,8.918999671936035,1796544,1796544,yfinance,2026-07-10T06:58:07.675573+00:00
2026-06-02 02:30:00+00:00,LINK-USD,15m,8.920000076293945,8.937999725341797,8.880000114440918,8.881999969482422,2881728,2881728,yfinance,2026-07-10T06:58:07.675573+00:00
2026-06-02 02:45:00+00:00,LINK-USD,15m,8.880000114440918,8.972999572753906,8.880000114440918,8.972999572753906,2540064,2540064,yfinance,2026-07-10T06:58:07.675573+00:00
2026-06-02 03:00:00+00:00,LINK-USD,15m,8.972999572753906,9.003999710083008,8.954999923706055,8.973999977111816,1195424,1195424,yfinance,2026-07-10T06:58:07.675573+00:00
2026-06-02 03:15:00+00:00,LINK-USD,15m,8.970999717712402,8.989999771118164,8.954999923706055,8.98799991607666,261408,261408,yfinance,2026-07-10T06:58:07.675573+00:00
2026-06-02 03:30:00+00:00,LINK-USD,15m,8.986000061035156,9.0,8.979000091552734,8.994999885559082,1023104,1023104,yfinance,2026-07-10T06:58:07.675573+00:00
2026-06-02 03:45:00+00:00,LINK-USD,15m,8.998000144958496,9.017999649047852,8.982999801635742,9.003999710083008,927552,927552,yfinance,2026-07-10T06:58:07.675573+00:00
2026-06-02 04:00:00+00:00,LINK-USD,15m,9.008000373840332,9.017000198364258,8.937000274658203,8.942000389099121,594880,594880,yfinance,2026-07-10T06:58:07.675573+00:00
2026-06-02 04:15:00+00:00,LINK-USD,15m,8.947999954223633,8.977999687194824,8.946999549865723,8.968999862670898,4461760,4461760,yfinance,2026-07-10T06:58:07.675573+00:00
2026-06-02 04:30:00+00:00,LINK-USD,15m,8.963000297546387,8.991999626159668,8.954000473022461,8.97599983215332,244992,244992,yfinance,2026-07-10T06:58:07.675573+00:00
2026-06-02 04:45:00+00:00,LINK-USD,15m,8.97599983215332,8.97599983215332,8.930999755859375,8.930999755859375,0,0,yfinance,2026-07-10T06:58:07.675573+00:00
2026-06-02 05:00:00+00:00,LINK-USD,15m,8.927000045776367,8.958999633789062,8.901000022888184,8.954999923706055,1866304,1866304,yfinance,2026-07-10T06:58:07.675573+00:00
2026-06-02 05:15:00+00:00,LINK-USD,15m,8.95300006866455,8.954999923706055,8.904000282287598,8.904000282287598,101056,101056,yfinance,2026-07-10T06:58:07.675573+00:00
2026-06-02 05:30:00+00:00,LINK-USD,15m,8.902000427246094,8.92199993133545,8.875,8.904000282287598,0,0,yfinance,2026-07-10T06:58:07.675573+00:00
2026-06-02 05:45:00+00:00,LINK-USD,15m,8.906000137329102,8.906000137329102,8.859000205993652,8.859000205993652,2020256,2020256,yfinance,2026-07-10T06:58:07.675573+00:00
2026-06-02 06:00:00+00:00,LINK-USD,15m,8.861000061035156,8.873000144958496,8.833000183105469,8.833000183105469,485248,485248,yfinance,2026-07-10T06:58:07.675573+00:00
2026-06-02 06:15:00+00:00,LINK-USD,15m,8.831999778747559,8.845000267028809,8.810999870300293,8.84000015258789,2409952,2409952,yfinance,2026-07-10T06:58:07.675573+00:00
2026-06-02 06:30:00+00:00,LINK-USD,15m,8.842000007629395,8.861000061035156,8.831999778747559,8.831999778747559,602432,602432,yfinance,2026-07-10T06:58:07.675573+00:00
2026-06-02 06:45:00+00:00,LINK-USD,15m,8.829999923706055,8.850000381469727,8.800000190734863,8.824999809265137,2193760,2193760,yfinance,2026-07-10T06:58:07.675573+00:00
2026-06-02 07:00:00+00:00,LINK-USD,15m,8.833000183105469,8.833000183105469,8.779000282287598,8.833000183105469,2893760,2893760,yfinance,2026-07-10T06:58:07.675573+00:00
2026-06-02 07:15:00+00:00,LINK-USD,15m,8.835000038146973,8.866000175476074,8.812000274658203,8.819000244140625,1890880,1890880,yfinance,2026-07-10T06:58:07.675573+00:00
2026-06-02 07:30:00+00:00,LINK-USD,15m,8.821000099182129,8.869999885559082,8.819999694824219,8.861000061035156,0,0,yfinance,2026-07-10T06:58:07.675573+00:00
2026-06-02 07:45:00+00:00,LINK-USD,15m,8.862000465393066,8.862000465393066,8.835000038146973,8.835000038146973,73120,73120,yfinance,2026-07-10T06:58:07.675573+00:00
2026-06-02 08:00:00+00:00,LINK-USD,15m,8.833999633789062,8.847000122070312,8.819999694824219,8.845000267028809,0,0,yfinance,2026-07-10T06:58:07.675573+00:00
2026-06-02 08:15:00+00:00,LINK-USD,15m,8.83899974822998,8.85099983215332,8.819000244140625,8.833999633789062,7264,7264,yfinance,2026-07-10T06:58:07.675573+00:00
2026-06-02 08:30:00+00:00,LINK-USD,15m,8.833999633789062,8.845000267028809,8.817000389099121,8.817000389099121,5771552,5771552,yfinance,2026-07-10T06:58:07.675573+00:00
2026-06-02 08:45:00+00:00,LINK-USD,15m,8.821000099182129,8.829000473022461,8.800999641418457,8.814000129699707,435040,435040,yfinance,2026-07-10T06:58:07.675573+00:00
2026-06-02 09:00:00+00:00,LINK-USD,15m,8.817999839782715,8.817999839782715,8.781999588012695,8.79800033569336,0,0,yfinance,2026-07-10T06:58:07.675573+00:00
2026-06-02 09:15:00+00:00,LINK-USD,15m,8.795999526977539,8.805000305175781,8.76200008392334,8.774999618530273,928800,928800,yfinance,2026-07-10T06:58:07.675573+00:00
2026-06-02 09:30:00+00:00,LINK-USD,15m,8.77299976348877,8.807000160217285,8.767000198364258,8.79800033569336,221952,221952,yfinance,2026-07-10T06:58:07.675573+00:00
2026-06-02 09:45:00+00:00,LINK-USD,15m,8.795000076293945,8.814000129699707,8.788999557495117,8.791999816894531,113760,113760,yfinance,2026-07-10T06:58:07.675573+00:00
2026-06-02 10:00:00+00:00,LINK-USD,15m,8.791999816894531,8.852999687194824,8.77299976348877,8.843000411987305,7136128,7136128,yfinance,2026-07-10T06:58:07.675573+00:00
2026-06-02 10:15:00+00:00,LINK-USD,15m,8.842000007629395,8.845999717712402,8.819000244140625,8.838000297546387,1819104,1819104,yfinance,2026-07-10T06:58:07.675573+00:00
2026-06-02 10:30:00+00:00,LINK-USD,15m,8.836999893188477,8.84000015258789,8.810999870300293,8.815999984741211,858848,858848,yfinance,2026-07-10T06:58:07.675573+00:00
2026-06-02 10:45:00+00:00,LINK-USD,15m,8.812999725341797,8.855999946594238,8.812999725341797,8.85099983215332,459520,459520,yfinance,2026-07-10T06:58:07.675573+00:00
2026-06-02 11:00:00+00:00,LINK-USD,15m,8.848999977111816,8.848999977111816,8.831000328063965,8.842000007629395,52896,52896,yfinance,2026-07-10T06:58:07.675573+00:00
2026-06-02 11:15:00+00:00,LINK-USD,15m,8.83899974822998,8.84000015258789,8.798999786376953,8.800000190734863,1105120,1105120,yfinance,2026-07-10T06:58:07.675573+00:00
2026-06-02 11:30:00+00:00,LINK-USD,15m,8.800000190734863,8.812999725341797,8.78600025177002,8.8100004196167,8177344,8177344,yfinance,2026-07-10T06:58:07.675573+00:00
2026-06-02 11:45:00+00:00,LINK-USD,15m,8.8100004196167,8.84000015258789,8.79800033569336,8.805000305175781,787968,787968,yfinance,2026-07-10T06:58:07.675573+00:00
2026-06-02 12:00:00+00:00,LINK-USD,15m,8.803999900817871,8.8149995803833,8.78499984741211,8.791999816894531,0,0,yfinance,2026-07-10T06:58:07.675573+00:00
2026-06-02 12:15:00+00:00,LINK-USD,15m,8.795000076293945,8.807000160217285,8.777000427246094,8.803000450134277,0,0,yfinance,2026-07-10T06:58:07.675573+00:00
2026-06-02 12:30:00+00:00,LINK-USD,15m,8.800000190734863,8.833000183105469,8.777999877929688,8.831999778747559,859872,859872,yfinance,2026-07-10T06:58:07.675573+00:00
2026-06-02 12:45:00+00:00,LINK-USD,15m,8.831999778747559,8.831999778747559,8.807999610900879,8.826000213623047,1537824,1537824,yfinance,2026-07-10T06:58:07.675573+00:00
2026-06-02 13:00:00+00:00,LINK-USD,15m,8.824999809265137,8.845999717712402,8.817000389099121,8.817000389099121,245696,245696,yfinance,2026-07-10T06:58:07.675573+00:00
2026-06-02 13:15:00+00:00,LINK-USD,15m,8.819000244140625,8.86400032043457,8.819000244140625,8.848999977111816,0,0,yfinance,2026-07-10T06:58:07.675573+00:00
2026-06-02 13:30:00+00:00,LINK-USD,15m,8.847999572753906,8.852999687194824,8.812000274658203,8.836000442504883,209184,209184,yfinance,2026-07-10T06:58:07.675573+00:00
2026-06-02 13:45:00+00:00,LINK-USD,15m,8.836999893188477,8.845999717712402,8.821000099182129,8.831999778747559,0,0,yfinance,2026-07-10T06:58:07.675573+00:00
2026-06-02 14:00:00+00:00,LINK-USD,15m,8.826000213623047,8.84000015258789,8.763999938964844,8.817999839782715,165632,165632,yfinance,2026-07-10T06:58:07.675573+00:00
2026-06-02 14:15:00+00:00,LINK-USD,15m,8.814000129699707,8.814000129699707,8.57800006866455,8.642000198364258,7081632,7081632,yfinance,2026-07-10T06:58:07.675573+00:00
2026-06-02 14:30:00+00:00,LINK-USD,15m,8.633999824523926,8.71399974822998,8.600000381469727,8.626999855041504,6208832,6208832,yfinance,2026-07-10T06:58:07.675573+00:00
2026-06-02 14:45:00+00:00,LINK-USD,15m,8.62399959564209,8.692000389099121,8.62399959564209,8.661999702453613,1585824,1585824,yfinance,2026-07-10T06:58:07.675573+00:00
2026-06-02 15:00:00+00:00,LINK-USD,15m,8.663000106811523,8.668999671936035,8.605999946594238,8.642000198364258,315488,315488,yfinance,2026-07-10T06:58:07.675573+00:00
2026-06-02 15:15:00+00:00,LINK-USD,15m,8.640999794006348,8.644000053405762,8.541000366210938,8.559000015258789,4912128,4912128,yfinance,2026-07-10T06:58:07.675573+00:00
2026-06-02 15:30:00+00:00,LINK-USD,15m,8.552000045776367,8.571999549865723,8.472000122070312,8.527000427246094,8767424,8767424,yfinance,2026-07-10T06:58:07.675573+00:00
2026-06-02 15:45:00+00:00,LINK-USD,15m,8.524999618530273,8.569000244140625,8.5,8.557000160217285,4328352,4328352,yfinance,2026-07-10T06:58:07.675573+00:00
2026-06-02 16:00:00+00:00,LINK-USD,15m,8.553000450134277,8.687000274658203,8.529999732971191,8.687000274658203,4513696,4513696,yfinance,2026-07-10T06:58:07.675573+00:00
2026-06-02 16:15:00+00:00,LINK-USD,15m,8.6850004196167,8.720999717712402,8.654000282287598,8.680000305175781,2666240,2666240,yfinance,2026-07-10T06:58:07.675573+00:00
2026-06-02 16:30:00+00:00,LINK-USD,15m,8.675999641418457,8.678000450134277,8.642000198364258,8.642000198364258,905120,905120,yfinance,2026-07-10T06:58:07.675573+00:00
2026-06-02 16:45:00+00:00,LINK-USD,15m,8.640000343322754,8.668000221252441,8.592000007629395,8.592000007629395,2039552,2039552,yfinance,2026-07-10T06:58:07.675573+00:00
2026-06-02 17:00:00+00:00,LINK-USD,15m,8.595999717712402,8.625,8.58899974822998,8.623000144958496,0,0,yfinance,2026-07-10T06:58:07.675573+00:00
2026-06-02 17:15:00+00:00,LINK-USD,15m,8.62399959564209,8.659000396728516,8.607999801635742,8.649999618530273,604864,604864,yfinance,2026-07-10T06:58:07.675573+00:00
2026-06-02 17:30:00+00:00,LINK-USD,15m,8.647000312805176,8.680000305175781,8.623000144958496,8.626999855041504,0,0,yfinance,2026-07-10T06:58:07.675573+00:00
2026-06-02 17:45:00+00:00,LINK-USD,15m,8.628999710083008,8.640000343322754,8.609999656677246,8.630000114440918,667328,667328,yfinance,2026-07-10T06:58:07.675573+00:00
2026-06-02 18:00:00+00:00,LINK-USD,15m,8.630000114440918,8.65999984741211,8.609000205993652,8.609000205993652,697920,697920,yfinance,2026-07-10T06:58:07.675573+00:00
2026-06-02 18:15:00+00:00,LINK-USD,15m,8.612000465393066,8.61299991607666,8.545999526977539,8.548999786376953,1279808,1279808,yfinance,2026-07-10T06:58:07.675573+00:00
2026-06-02 18:30:00+00:00,LINK-USD,15m,8.550999641418457,8.562000274658203,8.526000022888184,8.539999961853027,2504416,2504416,yfinance,2026-07-10T06:58:07.675573+00:00
2026-06-02 18:45:00+00:00,LINK-USD,15m,8.538000106811523,8.541000366210938,8.494999885559082,8.536999702453613,1083552,1083552,yfinance,2026-07-10T06:58:07.675573+00:00
2026-06-02 19:00:00+00:00,LINK-USD,15m,8.53499984741211,8.545999526977539,8.501999855041504,8.531999588012695,1044512,1044512,yfinance,2026-07-10T06:58:07.675573+00:00
2026-06-02 19:15:00+00:00,LINK-USD,15m,8.531999588012695,8.536999702453613,8.463000297546387,8.475000381469727,1142400,1142400,yfinance,2026-07-10T06:58:07.675573+00:00
2026-06-02 19:30:00+00:00,LINK-USD,15m,8.480999946594238,8.480999946594238,8.375,8.461000442504883,7614880,7614880,yfinance,2026-07-10T06:58:07.675573+00:00
2026-06-02 19:45:00+00:00,LINK-USD,15m,8.46500015258789,8.557000160217285,8.451000213623047,8.510000228881836,3588352,3588352,yfinance,2026-07-10T06:58:07.675573+00:00
2026-06-02 20:00:00+00:00,LINK-USD,15m,8.508000373840332,8.557000160217285,8.5,8.529000282287598,314624,314624,yfinance,2026-07-10T06:58:07.675573+00:00
2026-06-02 20:15:00+00:00,LINK-USD,15m,8.529999732971191,8.531000137329102,8.444000244140625,8.45300006866455,91520,91520,yfinance,2026-07-10T06:58:07.675573+00:00
2026-06-02 20:30:00+00:00,LINK-USD,15m,8.45300006866455,8.50100040435791,8.45199966430664,8.479999542236328,2614368,2614368,yfinance,2026-07-10T06:58:07.675573+00:00
2026-06-02 20:45:00+00:00,LINK-USD,15m,8.484000205993652,8.545999526977539,8.482000350952148,8.527000427246094,1555776,1555776,yfinance,2026-07-10T06:58:07.675573+00:00
2026-06-02 21:00:00+00:00,LINK-USD,15m,8.527000427246094,8.555999755859375,8.503000259399414,8.517000198364258,351168,351168,yfinance,2026-07-10T06:58:07.675573+00:00
2026-06-02 21:15:00+00:00,LINK-USD,15m,8.520000457763672,8.569999694824219,8.520000457763672,8.5649995803833,93952,93952,yfinance,2026-07-10T06:58:07.675573+00:00
2026-06-02 21:30:00+00:00,LINK-USD,15m,8.567000389099121,8.57699966430664,8.548999786376953,8.5600004196167,1358912,1358912,yfinance,2026-07-10T06:58:07.675573+00:00
2026-06-02 21:45:00+00:00,LINK-USD,15m,8.560999870300293,8.562999725341797,8.515999794006348,8.52400016784668,532064,532064,yfinance,2026-07-10T06:58:07.675573+00:00
2026-06-02 22:00:00+00:00,LINK-USD,15m,8.52299976348877,8.52299976348877,8.461999893188477,8.46399974822998,411232,411232,yfinance,2026-07-10T06:58:07.675573+00:00
2026-06-02 22:15:00+00:00,LINK-USD,15m,8.46500015258789,8.524999618530273,8.40999984741211,8.486000061035156,4838944,4838944,yfinance,2026-07-10T06:58:07.675573+00:00
2026-06-02 22:30:00+00:00,LINK-USD,15m,8.486000061035156,8.493000030517578,8.434000015258789,8.446000099182129,643392,643392,yfinance,2026-07-10T06:58:07.675573+00:00
2026-06-02 22:45:00+00:00,LINK-USD,15m,8.4399995803833,8.4399995803833,8.307000160217285,8.333000183105469,5192544,5192544,yfinance,2026-07-10T06:58:07.675573+00:00
2026-06-02 23:00:00+00:00,LINK-USD,15m,8.340999603271484,8.383999824523926,8.3100004196167,8.366000175476074,5503424,5503424,yfinance,2026-07-10T06:58:07.675573+00:00
2026-06-02 23:15:00+00:00,LINK-USD,15m,8.368000030517578,8.37600040435791,8.244000434875488,8.270000457763672,4983968,4983968,yfinance,2026-07-10T06:58:07.675573+00:00
2026-06-02 23:30:00+00:00,LINK-USD,15m,8.27299976348877,8.343999862670898,8.243000030517578,8.343000411987305,4743072,4743072,yfinance,2026-07-10T06:58:07.675573+00:00
2026-06-02 23:45:00+00:00,LINK-USD,15m,8.33899974822998,8.369000434875488,8.32800006866455,8.355999946594238,4757216,4757216,yfinance,2026-07-10T06:58:07.675573+00:00
2026-06-03 00:00:00+00:00,LINK-USD,15m,8.36400032043457,8.38700008392334,8.338000297546387,8.381999969482422,2811808,2811808,yfinance,2026-07-10T06:58:07.675573+00:00
2026-06-03 00:15:00+00:00,LINK-USD,15m,8.380000114440918,8.414999961853027,8.378000259399414,8.385000228881836,3058944,3058944,yfinance,2026-07-10T06:58:07.675573+00:00
2026-06-03 00:30:00+00:00,LINK-USD,15m,8.385000228881836,8.42300033569336,8.371999740600586,8.404999732971191,2106784,2106784,yfinance,2026-07-10T06:58:07.675573+00:00
2026-06-03 00:45:00+00:00,LINK-USD,15m,8.404999732971191,8.416000366210938,8.380999565124512,8.381999969482422,1623936,1623936,yfinance,2026-07-10T06:58:07.675573+00:00
2026-06-03 01:00:00+00:00,LINK-USD,15m,8.376999855041504,8.399999618530273,8.352999687194824,8.37399959564209,400864,400864,yfinance,2026-07-10T06:58:07.675573+00:00
2026-06-03 01:15:00+00:00,LINK-USD,15m,8.369999885559082,8.402999877929688,8.369999885559082,8.39799976348877,1661664,1661664,yfinance,2026-07-10T06:58:07.675573+00:00
2026-06-03 01:30:00+00:00,LINK-USD,15m,8.39900016784668,8.409000396728516,8.331999778747559,8.345000267028809,138784,138784,yfinance,2026-07-10T06:58:07.675573+00:00
2026-06-03 01:45:00+00:00,LINK-USD,15m,8.345999717712402,8.404999732971191,8.340999603271484,8.39900016784668,656288,656288,yfinance,2026-07-10T06:58:07.675573+00:00
2026-06-03 02:00:00+00:00,LINK-USD,15m,8.39900016784668,8.39900016784668,8.375,8.375,0,0,yfinance,2026-07-10T06:58:07.675573+00:00
2026-06-03 02:15:00+00:00,LINK-USD,15m,8.375,8.38700008392334,8.350000381469727,8.357999801635742,264384,264384,yfinance,2026-07-10T06:58:07.675573+00:00
2026-06-03 02:30:00+00:00,LINK-USD,15m,8.355999946594238,8.375,8.345999717712402,8.355999946594238,666144,666144,yfinance,2026-07-10T06:58:07.675573+00:00
2026-06-03 02:45:00+00:00,LINK-USD,15m,8.357000350952148,8.366999626159668,8.33899974822998,8.364999771118164,0,0,yfinance,2026-07-10T06:58:07.675573+00:00
2026-06-03 03:00:00+00:00,LINK-USD,15m,8.36299991607666,8.378000259399414,8.33899974822998,8.354999542236328,858816,858816,yfinance,2026-07-10T06:58:07.675573+00:00
2026-06-03 03:15:00+00:00,LINK-USD,15m,8.355999946594238,8.368000030517578,8.302000045776367,8.307999610900879,1035168,1035168,yfinance,2026-07-10T06:58:07.675573+00:00
2026-06-03 03:30:00+00:00,LINK-USD,15m,8.307999610900879,8.333999633789062,8.204999923706055,8.204999923706055,2445728,2445728,yfinance,2026-07-10T06:58:07.675573+00:00
2026-06-03 03:45:00+00:00,LINK-USD,15m,8.206999778747559,8.243000030517578,8.161999702453613,8.215999603271484,8486752,8486752,yfinance,2026-07-10T06:58:07.675573+00:00
2026-06-03 04:00:00+00:00,LINK-USD,15m,8.222000122070312,8.331000328063965,8.220999717712402,8.277000427246094,1843552,1843552,yfinance,2026-07-10T06:58:07.675573+00:00
2026-06-03 04:15:00+00:00,LINK-USD,15m,8.277000427246094,8.333999633789062,8.272000312805176,8.324000358581543,817472,817472,yfinance,2026-07-10T06:58:07.675573+00:00
2026-06-03 04:30:00+00:00,LINK-USD,15m,8.319999694824219,8.343000411987305,8.28499984741211,8.333999633789062,1160032,1160032,yfinance,2026-07-10T06:58:07.675573+00:00
2026-06-03 04:45:00+00:00,LINK-USD,15m,8.333999633789062,8.359000205993652,8.3100004196167,8.354000091552734,758688,758688,yfinance,2026-07-10T06:58:07.675573+00:00
2026-06-03 05:00:00+00:00,LINK-USD,15m,8.361000061035156,8.486000061035156,8.357999801635742,8.468000411987305,5792896,5792896,yfinance,2026-07-10T06:58:07.675573+00:00
2026-06-03 05:15:00+00:00,LINK-USD,15m,8.472000122070312,8.484999656677246,8.451000213623047,8.470000267028809,2830688,2830688,yfinance,2026-07-10T06:58:07.675573+00:00
2026-06-03 05:30:00+00:00,LINK-USD,15m,8.465999603271484,8.470000267028809,8.416000366210938,8.460000038146973,1340704,1340704,yfinance,2026-07-10T06:58:07.675573+00:00
2026-06-03 05:45:00+00:00,LINK-USD,15m,8.458000183105469,8.496999740600586,8.45300006866455,8.486000061035156,2050112,2050112,yfinance,2026-07-10T06:58:07.675573+00:00
2026-06-03 06:00:00+00:00,LINK-USD,15m,8.48900032043457,8.49899959564209,8.477999687194824,8.48900032043457,856128,856128,yfinance,2026-07-10T06:58:07.675573+00:00
2026-06-03 06:15:00+00:00,LINK-USD,15m,8.487000465393066,8.515000343322754,8.479000091552734,8.505000114440918,801600,801600,yfinance,2026-07-10T06:58:07.675573+00:00
2026-06-03 06:30:00+00:00,LINK-USD,15m,8.503999710083008,8.557999610900879,8.49899959564209,8.550000190734863,3730208,3730208,yfinance,2026-07-10T06:58:07.675573+00:00
2026-06-03 06:45:00+00:00,LINK-USD,15m,8.552000045776367,8.552000045776367,8.491999626159668,8.491999626159668,3199968,3199968,yfinance,2026-07-10T06:58:07.675573+00:00
2026-06-03 07:00:00+00:00,LINK-USD,15m,8.496000289916992,8.531999588012695,8.473999977111816,8.520999908447266,1069600,1069600,yfinance,2026-07-10T06:58:07.675573+00:00
2026-06-03 07:15:00+00:00,LINK-USD,15m,8.513999938964844,8.555000305175781,8.51200008392334,8.532999992370605,2253600,2253600,yfinance,2026-07-10T06:58:07.675573+00:00
2026-06-03 07:30:00+00:00,LINK-USD,15m,8.534000396728516,8.548999786376953,8.517000198364258,8.53499984741211,2010560,2010560,yfinance,2026-07-10T06:58:07.675573+00:00
2026-06-03 07:45:00+00:00,LINK-USD,15m,8.536999702453613,8.545999526977539,8.529000282287598,8.53499984741211,1960480,1960480,yfinance,2026-07-10T06:58:07.675573+00:00
2026-06-03 08:00:00+00:00,LINK-USD,15m,8.532999992370605,8.541000366210938,8.508000373840332,8.510000228881836,2158656,2158656,yfinance,2026-07-10T06:58:07.675573+00:00
2026-06-03 08:15:00+00:00,LINK-USD,15m,8.51099967956543,8.520000457763672,8.498000144958496,8.515999794006348,2142048,2142048,yfinance,2026-07-10T06:58:07.675573+00:00
2026-06-03 08:30:00+00:00,LINK-USD,15m,8.517000198364258,8.54699993133545,8.517000198364258,8.529999732971191,1854816,1854816,yfinance,2026-07-10T06:58:07.675573+00:00
2026-06-03 08:45:00+00:00,LINK-USD,15m,8.529000282287598,8.541999816894531,8.51099967956543,8.517999649047852,2437696,2437696,yfinance,2026-07-10T06:58:07.675573+00:00
2026-06-03 09:00:00+00:00,LINK-USD,15m,8.517000198364258,8.520999908447266,8.498000144958496,8.498000144958496,7874400,7874400,yfinance,2026-07-10T06:58:07.675573+00:00
2026-06-03 09:15:00+00:00,LINK-USD,15m,8.496999740600586,8.496999740600586,8.477999687194824,8.477999687194824,1370336,1370336,yfinance,2026-07-10T06:58:07.675573+00:00
2026-06-03 09:30:00+00:00,LINK-USD,15m,8.479000091552734,8.486000061035156,8.465999603271484,8.468999862670898,1064608,1064608,yfinance,2026-07-10T06:58:07.675573+00:00
2026-06-03 09:45:00+00:00,LINK-USD,15m,8.468999862670898,8.538000106811523,8.456000328063965,8.482000350952148,3312928,3312928,yfinance,2026-07-10T06:58:07.675573+00:00
2026-06-03 10:00:00+00:00,LINK-USD,15m,8.482000350952148,8.553000450134277,8.482000350952148,8.532999992370605,705376,705376,yfinance,2026-07-10T06:58:07.675573+00:00
2026-06-03 10:15:00+00:00,LINK-USD,15m,8.531000137329102,8.541999816894531,8.515000343322754,8.541999816894531,0,0,yfinance,2026-07-10T06:58:07.675573+00:00
2026-06-03 10:30:00+00:00,LINK-USD,15m,8.543000221252441,8.548999786376953,8.52299976348877,8.52299976348877,197376,197376,yfinance,2026-07-10T06:58:07.675573+00:00
2026-06-03 10:45:00+00:00,LINK-USD,15m,8.52299976348877,8.572999954223633,8.52299976348877,8.565999984741211,6336320,6336320,yfinance,2026-07-10T06:58:07.675573+00:00
2026-06-03 11:00:00+00:00,LINK-USD,15m,8.569999694824219,8.604000091552734,8.569999694824219,8.602999687194824,1575744,1575744,yfinance,2026-07-10T06:58:07.675573+00:00
2026-06-03 11:15:00+00:00,LINK-USD,15m,8.600000381469727,8.60200023651123,8.574999809265137,8.588000297546387,2007648,2007648,yfinance,2026-07-10T06:58:07.675573+00:00
2026-06-03 11:30:00+00:00,LINK-USD,15m,8.588000297546387,8.588000297546387,8.550999641418457,8.557999610900879,0,0,yfinance,2026-07-10T06:58:07.675573+00:00
2026-06-03 11:45:00+00:00,LINK-USD,15m,8.557000160217285,8.557999610900879,8.501999855041504,8.52400016784668,1175200,1175200,yfinance,2026-07-10T06:58:07.675573+00:00
2026-06-03 12:00:00+00:00,LINK-USD,15m,8.524999618530273,8.529000282287598,8.491999626159668,8.503999710083008,1702368,1702368,yfinance,2026-07-10T06:58:07.675573+00:00
2026-06-03 12:15:00+00:00,LINK-USD,15m,8.49899959564209,8.49899959564209,8.461999893188477,8.498000144958496,2488896,2488896,yfinance,2026-07-10T06:58:07.675573+00:00
2026-06-03 12:30:00+00:00,LINK-USD,15m,8.496000289916992,8.517000198364258,8.482999801635742,8.503000259399414,1501504,1501504,yfinance,2026-07-10T06:58:07.675573+00:00
2026-06-03 12:45:00+00:00,LINK-USD,15m,8.5,8.52299976348877,8.491000175476074,8.519000053405762,0,0,yfinance,2026-07-10T06:58:07.675573+00:00
2026-06-03 13:00:00+00:00,LINK-USD,15m,8.520000457763672,8.531999588012695,8.498000144958496,8.519000053405762,534336,534336,yfinance,2026-07-10T06:58:07.675573+00:00
2026-06-03 13:15:00+00:00,LINK-USD,15m,8.517999649047852,8.548999786376953,8.494000434875488,8.5,744064,744064,yfinance,2026-07-10T06:58:07.675573+00:00
2026-06-03 13:30:00+00:00,LINK-USD,15m,8.508999824523926,8.543000221252441,8.468999862670898,8.468999862670898,5791808,5791808,yfinance,2026-07-10T06:58:07.675573+00:00
2026-06-03 13:45:00+00:00,LINK-USD,15m,8.479000091552734,8.501999855041504,8.446999549865723,8.496999740600586,8168352,8168352,yfinance,2026-07-10T06:58:07.675573+00:00
2026-06-03 14:00:00+00:00,LINK-USD,15m,8.494000434875488,8.501999855041504,8.458000183105469,8.491999626159668,0,0,yfinance,2026-07-10T06:58:07.675573+00:00
2026-06-03 14:15:00+00:00,LINK-USD,15m,8.493000030517578,8.50100040435791,8.416000366210938,8.437999725341797,134944,134944,yfinance,2026-07-10T06:58:07.675573+00:00
2026-06-03 14:30:00+00:00,LINK-USD,15m,8.446999549865723,8.484000205993652,8.41100025177002,8.449000358581543,0,0,yfinance,2026-07-10T06:58:07.675573+00:00
2026-06-03 14:45:00+00:00,LINK-USD,15m,8.449000358581543,8.486000061035156,8.447999954223633,8.475000381469727,369600,369600,yfinance,2026-07-10T06:58:07.675573+00:00
2026-06-03 15:00:00+00:00,LINK-USD,15m,8.479000091552734,8.482999801635742,8.418000221252441,8.446999549865723,177888,177888,yfinance,2026-07-10T06:58:07.675573+00:00
2026-06-03 15:15:00+00:00,LINK-USD,15m,8.449999809265137,8.479000091552734,8.401000022888184,8.454999923706055,0,0,yfinance,2026-07-10T06:58:07.675573+00:00
2026-06-03 15:30:00+00:00,LINK-USD,15m,8.45300006866455,8.465999603271484,8.38599967956543,8.402999877929688,0,0,yfinance,2026-07-10T06:58:07.675573+00:00
2026-06-03 15:45:00+00:00,LINK-USD,15m,8.399999618530273,8.402000427246094,8.362000465393066,8.364999771118164,0,0,yfinance,2026-07-10T06:58:07.675573+00:00
2026-06-03 16:00:00+00:00,LINK-USD,15m,8.37399959564209,8.378999710083008,8.307000160217285,8.333999633789062,217344,217344,yfinance,2026-07-10T06:58:07.675573+00:00
2026-06-03 16:15:00+00:00,LINK-USD,15m,8.32800006866455,8.338000297546387,8.210000038146973,8.24899959564209,122752,122752,yfinance,2026-07-10T06:58:07.675573+00:00
2026-06-03 16:30:00+00:00,LINK-USD,15m,8.248000144958496,8.288999557495117,8.229000091552734,8.28600025177002,3254432,3254432,yfinance,2026-07-10T06:58:07.675573+00:00
2026-06-03 16:45:00+00:00,LINK-USD,15m,8.289999961853027,8.317000389099121,8.263999938964844,8.312000274658203,1797312,1797312,yfinance,2026-07-10T06:58:07.675573+00:00
2026-06-03 17:00:00+00:00,LINK-USD,15m,8.3149995803833,8.319999694824219,8.223999977111816,8.244000434875488,1292448,1292448,yfinance,2026-07-10T06:58:07.675573+00:00
2026-06-03 17:15:00+00:00,LINK-USD,15m,8.244999885559082,8.314000129699707,8.241000175476074,8.307999610900879,1963904,1963904,yfinance,2026-07-10T06:58:07.675573+00:00
2026-06-03 17:30:00+00:00,LINK-USD,15m,8.310999870300293,8.36400032043457,8.295999526977539,8.326000213623047,919840,919840,yfinance,2026-07-10T06:58:07.675573+00:00
2026-06-03 17:45:00+00:00,LINK-USD,15m,8.321000099182129,8.324000358581543,8.267000198364258,8.293999671936035,0,0,yfinance,2026-07-10T06:58:07.675573+00:00
2026-06-03 18:00:00+00:00,LINK-USD,15m,8.29800033569336,8.319000244140625,8.26200008392334,8.279999732971191,0,0,yfinance,2026-07-10T06:58:07.675573+00:00
2026-06-03 18:15:00+00:00,LINK-USD,15m,8.277000427246094,8.277000427246094,8.227999687194824,8.258999824523926,379520,379520,yfinance,2026-07-10T06:58:07.675573+00:00
2026-06-03 18:30:00+00:00,LINK-USD,15m,8.26200008392334,8.305000305175781,8.246999740600586,8.291999816894531,0,0,yfinance,2026-07-10T06:58:07.675573+00:00
2026-06-03 18:45:00+00:00,LINK-USD,15m,8.288000106811523,8.347000122070312,8.288000106811523,8.336999893188477,1605632,1605632,yfinance,2026-07-10T06:58:07.675573+00:00
2026-06-03 19:00:00+00:00,LINK-USD,15m,8.335000038146973,8.347000122070312,8.314000129699707,8.324999809265137,0,0,yfinance,2026-07-10T06:58:07.675573+00:00
2026-06-03 19:15:00+00:00,LINK-USD,15m,8.324999809265137,8.324999809265137,8.22700023651123,8.236000061035156,350432,350432,yfinance,2026-07-10T06:58:07.675573+00:00
2026-06-03 19:30:00+00:00,LINK-USD,15m,8.234000205993652,8.281000137329102,8.215999603271484,8.267999649047852,0,0,yfinance,2026-07-10T06:58:07.675573+00:00
2026-06-03 19:45:00+00:00,LINK-USD,15m,8.265999794006348,8.286999702453613,8.182999610900879,8.197999954223633,900032,900032,yfinance,2026-07-10T06:58:07.675573+00:00
2026-06-03 20:00:00+00:00,LINK-USD,15m,8.194999694824219,8.265999794006348,8.166999816894531,8.258999824523926,3517472,3517472,yfinance,2026-07-10T06:58:07.675573+00:00
2026-06-03 20:15:00+00:00,LINK-USD,15m,8.243000030517578,8.262999534606934,8.1899995803833,8.255999565124512,2259488,2259488,yfinance,2026-07-10T06:58:07.675573+00:00
2026-06-03 20:30:00+00:00,LINK-USD,15m,8.253000259399414,8.26099967956543,8.173999786376953,8.178000450134277,0,0,yfinance,2026-07-10T06:58:07.675573+00:00
2026-06-03 20:45:00+00:00,LINK-USD,15m,8.182999610900879,8.187000274658203,8.107000350952148,8.142000198364258,4078304,4078304,yfinance,2026-07-10T06:58:07.675573+00:00
2026-06-03 21:00:00+00:00,LINK-USD,15m,8.140999794006348,8.289999961853027,8.11400032043457,8.277999877929688,10018464,10018464,yfinance,2026-07-10T06:58:07.675573+00:00
2026-06-03 21:15:00+00:00,LINK-USD,15m,8.274999618530273,8.319000244140625,8.274999618530273,8.303999900817871,5975456,5975456,yfinance,2026-07-10T06:58:07.675573+00:00
2026-06-03 21:30:00+00:00,LINK-USD,15m,8.295999526977539,8.404000282287598,8.295999526977539,8.37399959564209,3725824,3725824,yfinance,2026-07-10T06:58:07.675573+00:00
2026-06-03 21:45:00+00:00,LINK-USD,15m,8.38599967956543,8.437999725341797,8.376999855041504,8.432999610900879,2812192,2812192,yfinance,2026-07-10T06:58:07.675573+00:00
2026-06-03 22:00:00+00:00,LINK-USD,15m,8.432999610900879,8.456000328063965,8.362000465393066,8.378999710083008,237792,237792,yfinance,2026-07-10T06:58:07.675573+00:00
2026-06-03 22:15:00+00:00,LINK-USD,15m,8.373000144958496,8.37600040435791,8.331999778747559,8.366999626159668,0,0,yfinance,2026-07-10T06:58:07.675573+00:00
2026-06-03 22:30:00+00:00,LINK-USD,15m,8.355999946594238,8.39900016784668,8.345000267028809,8.387999534606934,577984,577984,yfinance,2026-07-10T06:58:07.675573+00:00
2026-06-03 22:45:00+00:00,LINK-USD,15m,8.383999824523926,8.394000053405762,8.35099983215332,8.380000114440918,0,0,yfinance,2026-07-10T06:58:07.675573+00:00
2026-06-03 23:00:00+00:00,LINK-USD,15m,8.380999565124512,8.385000228881836,8.303000450134277,8.333000183105469,0,0,yfinance,2026-07-10T06:58:07.675573+00:00
2026-06-03 23:15:00+00:00,LINK-USD,15m,8.32800006866455,8.35099983215332,8.302000045776367,8.35099983215332,0,0,yfinance,2026-07-10T06:58:07.675573+00:00
2026-06-03 23:30:00+00:00,LINK-USD,15m,8.357999801635742,8.373000144958496,8.324999809265137,8.32699966430664,0,0,yfinance,2026-07-10T06:58:07.675573+00:00
2026-06-03 23:45:00+00:00,LINK-USD,15m,8.329999923706055,8.352999687194824,8.321999549865723,8.321999549865723,65984,65984,yfinance,2026-07-10T06:58:07.675573+00:00
2026-06-04 00:00:00+00:00,LINK-USD,15m,8.322999954223633,8.369000434875488,8.322999954223633,8.366999626159668,6008256,6008256,yfinance,2026-07-10T06:58:07.675573+00:00
2026-06-04 00:15:00+00:00,LINK-USD,15m,8.366000175476074,8.38700008392334,8.229000091552734,8.229000091552734,0,0,yfinance,2026-07-10T06:58:07.675573+00:00
2026-06-04 00:30:00+00:00,LINK-USD,15m,8.229999542236328,8.298999786376953,8.182000160217285,8.276000022888184,5456320,5456320,yfinance,2026-07-10T06:58:07.675573+00:00
2026-06-04 00:45:00+00:00,LINK-USD,15m,8.270000457763672,8.270000457763672,8.166000366210938,8.222999572753906,6472800,6472800,yfinance,2026-07-10T06:58:07.675573+00:00
2026-06-04 01:00:00+00:00,LINK-USD,15m,8.222999572753906,8.260000228881836,8.168000221252441,8.175999641418457,5240896,5240896,yfinance,2026-07-10T06:58:07.675573+00:00
2026-06-04 01:15:00+00:00,LINK-USD,15m,8.166999816894531,8.175999641418457,8.050999641418457,8.064000129699707,12326752,12326752,yfinance,2026-07-10T06:58:07.675573+00:00
2026-06-04 01:30:00+00:00,LINK-USD,15m,8.062999725341797,8.15999984741211,8.062999725341797,8.12600040435791,8549600,8549600,yfinance,2026-07-10T06:58:07.675573+00:00
2026-06-04 01:45:00+00:00,LINK-USD,15m,8.11299991607666,8.12399959564209,8.01200008392334,8.038000106811523,7592128,7592128,yfinance,2026-07-10T06:58:07.675573+00:00
2026-06-04 02:00:00+00:00,LINK-USD,15m,8.041999816894531,8.048999786376953,7.802000045776367,7.995999813079834,32511264,32511264,yfinance,2026-07-10T06:58:07.675573+00:00
2026-06-04 02:15:00+00:00,LINK-USD,15m,7.99399995803833,8.119999885559082,7.953000068664551,8.081000328063965,14209600,14209600,yfinance,2026-07-10T06:58:07.675573+00:00
2026-06-04 02:30:00+00:00,LINK-USD,15m,8.07800006866455,8.133000373840332,8.062999725341797,8.123000144958496,6592960,6592960,yfinance,2026-07-10T06:58:07.675573+00:00
2026-06-04 02:45:00+00:00,LINK-USD,15m,8.118000030517578,8.130000114440918,8.081000328063965,8.086000442504883,5048448,5048448,yfinance,2026-07-10T06:58:07.675573+00:00
2026-06-04 03:00:00+00:00,LINK-USD,15m,8.093999862670898,8.217000007629395,8.086000442504883,8.201000213623047,4164928,4164928,yfinance,2026-07-10T06:58:07.675573+00:00
2026-06-04 03:15:00+00:00,LINK-USD,15m,8.20199966430664,8.239999771118164,8.20199966430664,8.21500015258789,1335680,1335680,yfinance,2026-07-10T06:58:07.675573+00:00
2026-06-04 03:30:00+00:00,LINK-USD,15m,8.213000297546387,8.29699993133545,8.213000297546387,8.28499984741211,859072,859072,yfinance,2026-07-10T06:58:07.675573+00:00
2026-06-04 03:45:00+00:00,LINK-USD,15m,8.288999557495117,8.302000045776367,8.270000457763672,8.28499984741211,0,0,yfinance,2026-07-10T06:58:07.675573+00:00
2026-06-04 04:00:00+00:00,LINK-USD,15m,8.282999992370605,8.317999839782715,8.274999618530273,8.309000015258789,4033536,4033536,yfinance,2026-07-10T06:58:07.675573+00:00
2026-06-04 04:15:00+00:00,LINK-USD,15m,8.307000160217285,8.317999839782715,8.270000457763672,8.270000457763672,9906432,9906432,yfinance,2026-07-10T06:58:07.675573+00:00
2026-06-04 04:30:00+00:00,LINK-USD,15m,8.270999908447266,8.281999588012695,8.215999603271484,8.23799991607666,653824,653824,yfinance,2026-07-10T06:58:07.675573+00:00
2026-06-04 04:45:00+00:00,LINK-USD,15m,8.239999771118164,8.241999626159668,8.196000099182129,8.21500015258789,392576,392576,yfinance,2026-07-10T06:58:07.675573+00:00
2026-06-04 05:00:00+00:00,LINK-USD,15m,8.206999778747559,8.206999778747559,8.095000267028809,8.137999534606934,0,0,yfinance,2026-07-10T06:58:07.675573+00:00
2026-06-04 05:15:00+00:00,LINK-USD,15m,8.133000373840332,8.142000198364258,8.090999603271484,8.107000350952148,219776,219776,yfinance,2026-07-10T06:58:07.675573+00:00
2026-06-04 05:30:00+00:00,LINK-USD,15m,8.100000381469727,8.175999641418457,8.079999923706055,8.175000190734863,2824960,2824960,yfinance,2026-07-10T06:58:07.675573+00:00
2026-06-04 05:45:00+00:00,LINK-USD,15m,8.17199993133545,8.173999786376953,8.121000289916992,8.133000373840332,0,0,yfinance,2026-07-10T06:58:07.675573+00:00
2026-06-04 06:00:00+00:00,LINK-USD,15m,8.128000259399414,8.184000015258789,8.116999626159668,8.180999755859375,0,0,yfinance,2026-07-10T06:58:07.675573+00:00
2026-06-04 06:15:00+00:00,LINK-USD,15m,8.180000305175781,8.23900032043457,8.175000190734863,8.211999893188477,103104,103104,yfinance,2026-07-10T06:58:07.675573+00:00
2026-06-04 06:30:00+00:00,LINK-USD,15m,8.208000183105469,8.232000350952148,8.184000015258789,8.22700023651123,0,0,yfinance,2026-07-10T06:58:07.675573+00:00
2026-06-04 06:45:00+00:00,LINK-USD,15m,8.21500015258789,8.220999717712402,8.163000106811523,8.168000221252441,0,0,yfinance,2026-07-10T06:58:07.675573+00:00
2026-06-04 07:00:00+00:00,LINK-USD,15m,8.170999526977539,8.180000305175781,8.104000091552734,8.133000373840332,0,0,yfinance,2026-07-10T06:58:07.675573+00:00
2026-06-04 07:15:00+00:00,LINK-USD,15m,8.131999969482422,8.145000457763672,8.055999755859375,8.100000381469727,1059904,1059904,yfinance,2026-07-10T06:58:07.675573+00:00
2026-06-04 07:30:00+00:00,LINK-USD,15m,8.102999687194824,8.135000228881836,8.09000015258789,8.111000061035156,1276864,1276864,yfinance,2026-07-10T06:58:07.675573+00:00
2026-06-04 07:45:00+00:00,LINK-USD,15m,8.11400032043457,8.11400032043457,8.057999610900879,8.0600004196167,284032,284032,yfinance,2026-07-10T06:58:07.675573+00:00
2026-06-04 08:00:00+00:00,LINK-USD,15m,8.065999984741211,8.083999633789062,7.994999885559082,7.998000144958496,1441216,1441216,yfinance,2026-07-10T06:58:07.675573+00:00
2026-06-04 08:15:00+00:00,LINK-USD,15m,8.0,8.038000106811523,7.984000205993652,8.026000022888184,3365504,3365504,yfinance,2026-07-10T06:58:07.675573+00:00
2026-06-04 08:30:00+00:00,LINK-USD,15m,8.029999732971191,8.071999549865723,7.994999885559082,8.006999969482422,3606592,3606592,yfinance,2026-07-10T06:58:07.675573+00:00
2026-06-04 08:45:00+00:00,LINK-USD,15m,8.008000373840332,8.0600004196167,8.005000114440918,8.032999992370605,1270144,1270144,yfinance,2026-07-10T06:58:07.675573+00:00
2026-06-04 09:00:00+00:00,LINK-USD,15m,8.032999992370605,8.032999992370605,7.949999809265137,7.956999778747559,787392,787392,yfinance,2026-07-10T06:58:07.675573+00:00
2026-06-04 09:15:00+00:00,LINK-USD,15m,7.953000068664551,7.953000068664551,7.861999988555908,7.869999885559082,4159360,4159360,yfinance,2026-07-10T06:58:07.675573+00:00
2026-06-04 09:30:00+00:00,LINK-USD,15m,7.863999843597412,7.900000095367432,7.840000152587891,7.889999866485596,8121984,8121984,yfinance,2026-07-10T06:58:07.675573+00:00
2026-06-04 09:45:00+00:00,LINK-USD,15m,7.890999794006348,7.964000225067139,7.890999794006348,7.964000225067139,1570752,1570752,yfinance,2026-07-10T06:58:07.675573+00:00
2026-06-04 10:00:00+00:00,LINK-USD,15m,7.960999965667725,7.965000152587891,7.883999824523926,7.89300012588501,810752,810752,yfinance,2026-07-10T06:58:07.675573+00:00
2026-06-04 10:15:00+00:00,LINK-USD,15m,7.896999835968018,7.936999797821045,7.872000217437744,7.89300012588501,0,0,yfinance,2026-07-10T06:58:07.675573+00:00
2026-06-04 10:30:00+00:00,LINK-USD,15m,7.890999794006348,7.926000118255615,7.876999855041504,7.894000053405762,0,0,yfinance,2026-07-10T06:58:07.675573+00:00
2026-06-04 10:45:00+00:00,LINK-USD,15m,7.894000053405762,7.900000095367432,7.803999900817871,7.836999893188477,0,0,yfinance,2026-07-10T06:58:07.675573+00:00
2026-06-04 11:00:00+00:00,LINK-USD,15m,7.8379998207092285,7.863999843597412,7.802000045776367,7.817999839782715,19250240,19250240,yfinance,2026-07-10T06:58:07.675573+00:00
2026-06-04 11:15:00+00:00,LINK-USD,15m,7.813000202178955,7.894999980926514,7.807000160217285,7.86899995803833,1472064,1472064,yfinance,2026-07-10T06:58:07.675573+00:00
2026-06-04 11:30:00+00:00,LINK-USD,15m,7.872000217437744,7.900000095367432,7.827000141143799,7.8429999351501465,4362304,4362304,yfinance,2026-07-10T06:58:07.675573+00:00
2026-06-04 11:45:00+00:00,LINK-USD,15m,7.84499979019165,7.933000087738037,7.84499979019165,7.933000087738037,1912768,1912768,yfinance,2026-07-10T06:58:07.675573+00:00
2026-06-04 12:00:00+00:00,LINK-USD,15m,7.936999797821045,7.96999979019165,7.896999835968018,7.9029998779296875,2503616,2503616,yfinance,2026-07-10T06:58:07.675573+00:00
2026-06-04 12:15:00+00:00,LINK-USD,15m,7.906000137329102,8.02299976348877,7.900000095367432,8.017999649047852,2341632,2341632,yfinance,2026-07-10T06:58:07.675573+00:00
2026-06-04 12:30:00+00:00,LINK-USD,15m,8.024999618530273,8.085000038146973,8.010000228881836,8.062000274658203,5569664,5569664,yfinance,2026-07-10T06:58:07.675573+00:00
2026-06-04 12:45:00+00:00,LINK-USD,15m,8.0600004196167,8.104000091552734,8.04699993133545,8.074999809265137,3408192,3408192,yfinance,2026-07-10T06:58:07.675573+00:00
2026-06-04 13:00:00+00:00,LINK-USD,15m,8.072999954223633,8.095999717712402,8.043999671936035,8.043999671936035,1493632,1493632,yfinance,2026-07-10T06:58:07.675573+00:00
2026-06-04 13:15:00+00:00,LINK-USD,15m,8.041999816894531,8.053000450134277,7.946000099182129,7.980000019073486,2357440,2357440,yfinance,2026-07-10T06:58:07.675573+00:00
2026-06-04 13:30:00+00:00,LINK-USD,15m,7.986000061035156,8.112000465393066,7.973999977111816,8.050999641418457,9652288,9652288,yfinance,2026-07-10T06:58:07.675573+00:00
2026-06-04 13:45:00+00:00,LINK-USD,15m,8.045000076293945,8.088000297546387,8.020999908447266,8.07800006866455,2320192,2320192,yfinance,2026-07-10T06:58:07.675573+00:00
2026-06-04 14:00:00+00:00,LINK-USD,15m,8.085000038146973,8.119999885559082,8.04800033569336,8.102999687194824,6177792,6177792,yfinance,2026-07-10T06:58:07.675573+00:00
2026-06-04 14:15:00+00:00,LINK-USD,15m,8.10200023651123,8.10200023651123,8.0600004196167,8.081999778747559,1090688,1090688,yfinance,2026-07-10T06:58:07.675573+00:00
2026-06-04 14:30:00+00:00,LINK-USD,15m,8.07800006866455,8.07800006866455,8.027999877929688,8.050000190734863,179392,179392,yfinance,2026-07-10T06:58:07.675573+00:00
2026-06-04 14:45:00+00:00,LINK-USD,15m,8.04800033569336,8.0600004196167,8.022000312805176,8.045999526977539,446592,446592,yfinance,2026-07-10T06:58:07.675573+00:00
2026-06-04 15:00:00+00:00,LINK-USD,15m,8.043000221252441,8.12399959564209,8.029999732971191,8.11299991607666,2061952,2061952,yfinance,2026-07-10T06:58:07.675573+00:00
2026-06-04 15:15:00+00:00,LINK-USD,15m,8.107999801635742,8.116000175476074,8.055999755859375,8.083999633789062,1547072,1547072,yfinance,2026-07-10T06:58:07.675573+00:00
2026-06-04 15:30:00+00:00,LINK-USD,15m,8.083000183105469,8.086000442504883,8.041000366210938,8.04699993133545,312192,312192,yfinance,2026-07-10T06:58:07.675573+00:00
2026-06-04 15:45:00+00:00,LINK-USD,15m,8.04699993133545,8.055999755859375,8.020999908447266,8.038000106811523,1167232,1167232,yfinance,2026-07-10T06:58:07.675573+00:00
2026-06-04 16:00:00+00:00,LINK-USD,15m,8.036999702453613,8.043000221252441,8.003999710083008,8.008000373840332,0,0,yfinance,2026-07-10T06:58:07.675573+00:00
2026-06-04 16:15:00+00:00,LINK-USD,15m,8.008999824523926,8.050999641418457,8.005000114440918,8.005000114440918,675840,675840,yfinance,2026-07-10T06:58:07.675573+00:00
2026-06-04 16:30:00+00:00,LINK-USD,15m,8.003000259399414,8.052000045776367,7.993000030517578,8.045999526977539,428480,428480,yfinance,2026-07-10T06:58:07.675573+00:00
2026-06-04 16:45:00+00:00,LINK-USD,15m,8.045999526977539,8.065999984741211,8.015000343322754,8.03499984741211,513216,513216,yfinance,2026-07-10T06:58:07.675573+00:00
2026-06-04 17:00:00+00:00,LINK-USD,15m,8.032999992370605,8.081999778747559,8.020000457763672,8.055999755859375,1007104,1007104,yfinance,2026-07-10T06:58:07.675573+00:00
2026-06-04 17:15:00+00:00,LINK-USD,15m,8.053999900817871,8.053999900817871,7.994999885559082,8.008999824523926,1739968,1739968,yfinance,2026-07-10T06:58:07.675573+00:00
2026-06-04 17:30:00+00:00,LINK-USD,15m,8.01200008392334,8.019000053405762,7.960000038146973,7.96999979019165,1287360,1287360,yfinance,2026-07-10T06:58:07.675573+00:00
2026-06-04 17:45:00+00:00,LINK-USD,15m,7.9710001945495605,8.048999786376953,7.954999923706055,8.02400016784668,3873664,3873664,yfinance,2026-07-10T06:58:07.675573+00:00
2026-06-04 18:00:00+00:00,LINK-USD,15m,8.027999877929688,8.029999732971191,7.961999893188477,7.965000152587891,246464,246464,yfinance,2026-07-10T06:58:07.675573+00:00
2026-06-04 18:15:00+00:00,LINK-USD,15m,7.9670000076293945,8.079000473022461,7.9670000076293945,8.079000473022461,4601408,4601408,yfinance,2026-07-10T06:58:07.675573+00:00
2026-06-04 18:30:00+00:00,LINK-USD,15m,8.081000328063965,8.102999687194824,8.053999900817871,8.071000099182129,15619712,15619712,yfinance,2026-07-10T06:58:07.675573+00:00
2026-06-04 18:45:00+00:00,LINK-USD,15m,8.069999694824219,8.105999946594238,8.057000160217285,8.07699966430664,277248,277248,yfinance,2026-07-10T06:58:07.675573+00:00
2026-06-04 19:00:00+00:00,LINK-USD,15m,8.074999809265137,8.083999633789062,8.029999732971191,8.062999725341797,0,0,yfinance,2026-07-10T06:58:07.675573+00:00
2026-06-04 19:15:00+00:00,LINK-USD,15m,8.062000274658203,8.116999626159668,8.0600004196167,8.109999656677246,842368,842368,yfinance,2026-07-10T06:58:07.675573+00:00
2026-06-04 19:30:00+00:00,LINK-USD,15m,8.107999801635742,8.11299991607666,8.0649995803833,8.067000389099121,865024,865024,yfinance,2026-07-10T06:58:07.675573+00:00
2026-06-04 19:45:00+00:00,LINK-USD,15m,8.067000389099121,8.067000389099121,8.03499984741211,8.048999786376953,0,0,yfinance,2026-07-10T06:58:07.675573+00:00
2026-06-04 20:00:00+00:00,LINK-USD,15m,8.053000450134277,8.053000450134277,7.989999771118164,8.013999938964844,365504,365504,yfinance,2026-07-10T06:58:07.675573+00:00
2026-06-04 20:15:00+00:00,LINK-USD,15m,8.017000198364258,8.029000282287598,7.989999771118164,8.005999565124512,0,0,yfinance,2026-07-10T06:58:07.675573+00:00
2026-06-04 20:30:00+00:00,LINK-USD,15m,8.008999824523926,8.031999588012695,8.00100040435791,8.01099967956543,564864,564864,yfinance,2026-07-10T06:58:07.675573+00:00
2026-06-04 20:45:00+00:00,LINK-USD,15m,8.01099967956543,8.03600025177002,7.98799991607666,8.03600025177002,0,0,yfinance,2026-07-10T06:58:07.675573+00:00
2026-06-04 21:00:00+00:00,LINK-USD,15m,8.029000282287598,8.067000389099121,8.017000198364258,8.03499984741211,0,0,yfinance,2026-07-10T06:58:07.675573+00:00
2026-06-04 21:15:00+00:00,LINK-USD,15m,8.036999702453613,8.036999702453613,7.96999979019165,7.9770002365112305,326336,326336,yfinance,2026-07-10T06:58:07.675573+00:00
2026-06-04 21:30:00+00:00,LINK-USD,15m,7.979000091552734,7.98799991607666,7.901000022888184,7.960000038146973,1472448,1472448,yfinance,2026-07-10T06:58:07.675573+00:00
2026-06-04 21:45:00+00:00,LINK-USD,15m,7.960000038146973,7.9670000076293945,7.913000106811523,7.913000106811523,216704,216704,yfinance,2026-07-10T06:58:07.675573+00:00
2026-06-04 22:00:00+00:00,LINK-USD,15m,7.9079999923706055,7.955999851226807,7.888000011444092,7.915999889373779,293824,293824,yfinance,2026-07-10T06:58:07.675573+00:00
2026-06-04 22:15:00+00:00,LINK-USD,15m,7.918000221252441,7.933000087738037,7.9039998054504395,7.916999816894531,1123008,1123008,yfinance,2026-07-10T06:58:07.675573+00:00
2026-06-04 22:30:00+00:00,LINK-USD,15m,7.914000034332275,7.928999900817871,7.880000114440918,7.916999816894531,137984,137984,yfinance,2026-07-10T06:58:07.675573+00:00
2026-06-04 22:45:00+00:00,LINK-USD,15m,7.923999786376953,7.991000175476074,7.900000095367432,7.980999946594238,1581120,1581120,yfinance,2026-07-10T06:58:07.675573+00:00
2026-06-04 23:00:00+00:00,LINK-USD,15m,7.97599983215332,8.01099967956543,7.966000080108643,7.9720001220703125,647872,647872,yfinance,2026-07-10T06:58:07.675573+00:00
2026-06-04 23:15:00+00:00,LINK-USD,15m,7.966000080108643,7.973999977111816,7.9039998054504395,7.927000045776367,963456,963456,yfinance,2026-07-10T06:58:07.675573+00:00
2026-06-04 23:30:00+00:00,LINK-USD,15m,7.928999900817871,7.98799991607666,7.926000118255615,7.984000205993652,797312,797312,yfinance,2026-07-10T06:58:07.675573+00:00
2026-06-04 23:45:00+00:00,LINK-USD,15m,7.978000164031982,8.012999534606934,7.9670000076293945,8.005999565124512,774784,774784,yfinance,2026-07-10T06:58:07.675573+00:00
2026-06-05 00:00:00+00:00,LINK-USD,15m,7.997000217437744,8.005000114440918,7.960999965667725,7.964000225067139,0,0,yfinance,2026-07-10T06:58:07.675573+00:00
2026-06-05 00:15:00+00:00,LINK-USD,15m,7.96999979019165,8.029000282287598,7.943999767303467,8.029000282287598,557504,557504,yfinance,2026-07-10T06:58:07.675573+00:00
2026-06-05 00:30:00+00:00,LINK-USD,15m,8.024999618530273,8.031999588012695,7.995999813079834,8.013999938964844,0,0,yfinance,2026-07-10T06:58:07.675573+00:00
2026-06-05 00:45:00+00:00,LINK-USD,15m,8.010000228881836,8.027999877929688,7.941999912261963,7.945000171661377,0,0,yfinance,2026-07-10T06:58:07.675573+00:00
2026-06-05 01:00:00+00:00,LINK-USD,15m,7.942999839782715,7.943999767303467,7.870999813079834,7.934999942779541,0,0,yfinance,2026-07-10T06:58:07.675573+00:00
2026-06-05 01:15:00+00:00,LINK-USD,15m,7.927000045776367,7.958000183105469,7.89300012588501,7.933000087738037,0,0,yfinance,2026-07-10T06:58:07.675573+00:00
2026-06-05 01:30:00+00:00,LINK-USD,15m,7.940000057220459,7.97599983215332,7.929999828338623,7.966000080108643,0,0,yfinance,2026-07-10T06:58:07.675573+00:00
2026-06-05 01:45:00+00:00,LINK-USD,15m,7.9629998207092285,7.9710001945495605,7.935999870300293,7.951000213623047,0,0,yfinance,2026-07-10T06:58:07.675573+00:00
2026-06-05 02:00:00+00:00,LINK-USD,15m,7.948999881744385,7.954999923706055,7.908999919891357,7.910999774932861,0,0,yfinance,2026-07-10T06:58:07.675573+00:00
2026-06-05 02:15:00+00:00,LINK-USD,15m,7.914999961853027,7.926000118255615,7.859000205993652,7.859000205993652,0,0,yfinance,2026-07-10T06:58:07.675573+00:00
2026-06-05 02:30:00+00:00,LINK-USD,15m,7.855999946594238,7.888000011444092,7.802999973297119,7.841000080108643,0,0,yfinance,2026-07-10T06:58:07.675573+00:00
2026-06-05 02:45:00+00:00,LINK-USD,15m,7.839000225067139,7.853000164031982,7.789999961853027,7.796999931335449,2506016,2506016,yfinance,2026-07-10T06:58:07.675573+00:00
2026-06-05 03:00:00+00:00,LINK-USD,15m,7.795000076293945,7.796000003814697,7.755000114440918,7.770999908447266,0,0,yfinance,2026-07-10T06:58:07.675573+00:00
2026-06-05 03:15:00+00:00,LINK-USD,15m,7.7729997634887695,7.85099983215332,7.7729997634887695,7.814000129699707,760096,760096,yfinance,2026-07-10T06:58:07.675573+00:00
2026-06-05 03:30:00+00:00,LINK-USD,15m,7.821000099182129,7.859000205993652,7.7820000648498535,7.789000034332275,399264,399264,yfinance,2026-07-10T06:58:07.675573+00:00
2026-06-05 03:45:00+00:00,LINK-USD,15m,7.7870001792907715,7.813000202178955,7.770999908447266,7.7769999504089355,399488,399488,yfinance,2026-07-10T06:58:07.675573+00:00
2026-06-05 04:00:00+00:00,LINK-USD,15m,7.783999919891357,7.863999843597412,7.755000114440918,7.828999996185303,1414912,1414912,yfinance,2026-07-10T06:58:07.675573+00:00
2026-06-05 04:15:00+00:00,LINK-USD,15m,7.828000068664551,7.873000144958496,7.789000034332275,7.868000030517578,2338112,2338112,yfinance,2026-07-10T06:58:07.675573+00:00
2026-06-05 04:30:00+00:00,LINK-USD,15m,7.859000205993652,7.859000205993652,7.802000045776367,7.807000160217285,176576,176576,yfinance,2026-07-10T06:58:07.675573+00:00
2026-06-05 04:45:00+00:00,LINK-USD,15m,7.810999870300293,7.882999897003174,7.7789998054504395,7.869999885559082,1901120,1901120,yfinance,2026-07-10T06:58:07.675573+00:00
2026-06-05 05:00:00+00:00,LINK-USD,15m,7.874000072479248,7.885000228881836,7.808000087738037,7.816999912261963,1340384,1340384,yfinance,2026-07-10T06:58:07.675573+00:00
2026-06-05 05:15:00+00:00,LINK-USD,15m,7.822000026702881,7.853000164031982,7.797999858856201,7.8420000076293945,0,0,yfinance,2026-07-10T06:58:07.675573+00:00
2026-06-05 05:30:00+00:00,LINK-USD,15m,7.84499979019165,7.848999977111816,7.711999893188477,7.7170000076293945,881216,881216,yfinance,2026-07-10T06:58:07.675573+00:00
2026-06-05 05:45:00+00:00,LINK-USD,15m,7.715000152587891,7.724999904632568,7.635000228881836,7.645999908447266,4165248,4165248,yfinance,2026-07-10T06:58:07.675573+00:00
2026-06-05 06:00:00+00:00,LINK-USD,15m,7.645999908447266,7.656000137329102,7.566999912261963,7.568999767303467,7314080,7314080,yfinance,2026-07-10T06:58:07.675573+00:00
2026-06-05 06:15:00+00:00,LINK-USD,15m,7.583000183105469,7.5920000076293945,7.3429999351501465,7.440999984741211,16749504,16749504,yfinance,2026-07-10T06:58:07.675573+00:00
2026-06-05 06:30:00+00:00,LINK-USD,15m,7.441999912261963,7.545000076293945,7.415999889373779,7.5329999923706055,9854528,9854528,yfinance,2026-07-10T06:58:07.675573+00:00
2026-06-05 06:45:00+00:00,LINK-USD,15m,7.544000148773193,7.544000148773193,7.448999881744385,7.48199987411499,5381888,5381888,yfinance,2026-07-10T06:58:07.675573+00:00
2026-06-05 07:00:00+00:00,LINK-USD,15m,7.489999771118164,7.492000102996826,7.367000102996826,7.375999927520752,1099840,1099840,yfinance,2026-07-10T06:58:07.675573+00:00
2026-06-05 07:15:00+00:00,LINK-USD,15m,7.375,7.544000148773193,7.375,7.531000137329102,3370112,3370112,yfinance,2026-07-10T06:58:07.675573+00:00
2026-06-05 07:30:00+00:00,LINK-USD,15m,7.520999908447266,7.604000091552734,7.507999897003174,7.604000091552734,4934208,4934208,yfinance,2026-07-10T06:58:07.675573+00:00
2026-06-05 07:45:00+00:00,LINK-USD,15m,7.603000164031982,7.625,7.579999923706055,7.619999885559082,5592704,5592704,yfinance,2026-07-10T06:58:07.675573+00:00
2026-06-05 08:00:00+00:00,LINK-USD,15m,7.620999813079834,7.620999813079834,7.5370001792907715,7.557000160217285,353792,353792,yfinance,2026-07-10T06:58:07.675573+00:00
2026-06-05 08:15:00+00:00,LINK-USD,15m,7.558000087738037,7.573999881744385,7.533999919891357,7.559999942779541,0,0,yfinance,2026-07-10T06:58:07.675573+00:00
2026-06-05 08:30:00+00:00,LINK-USD,15m,7.565999984741211,7.579999923706055,7.519999980926514,7.519999980926514,29824,29824,yfinance,2026-07-10T06:58:07.675573+00:00
2026-06-05 08:45:00+00:00,LINK-USD,15m,7.513999938964844,7.544000148773193,7.495999813079834,7.507999897003174,0,0,yfinance,2026-07-10T06:58:07.675573+00:00
2026-06-05 09:00:00+00:00,LINK-USD,15m,7.511000156402588,7.625999927520752,7.507999897003174,7.625,706432,706432,yfinance,2026-07-10T06:58:07.675573+00:00
2026-06-05 09:15:00+00:00,LINK-USD,15m,7.644999980926514,7.651000022888184,7.599999904632568,7.646999835968018,0,0,yfinance,2026-07-10T06:58:07.675573+00:00
2026-06-05 09:30:00+00:00,LINK-USD,15m,7.644000053405762,7.644000053405762,7.611999988555908,7.61899995803833,0,0,yfinance,2026-07-10T06:58:07.675573+00:00
2026-06-05 09:45:00+00:00,LINK-USD,15m,7.623000144958496,7.664999961853027,7.61899995803833,7.6579999923706055,307584,307584,yfinance,2026-07-10T06:58:07.675573+00:00
2026-06-05 10:00:00+00:00,LINK-USD,15m,7.6620001792907715,7.672999858856201,7.5980000495910645,7.60699987411499,0,0,yfinance,2026-07-10T06:58:07.675573+00:00
2026-06-05 10:15:00+00:00,LINK-USD,15m,7.6020002365112305,7.604000091552734,7.573999881744385,7.5920000076293945,76544,76544,yfinance,2026-07-10T06:58:07.675573+00:00
2026-06-05 10:30:00+00:00,LINK-USD,15m,7.5929999351501465,7.64300012588501,7.586999893188477,7.639999866485596,496448,496448,yfinance,2026-07-10T06:58:07.675573+00:00
2026-06-05 10:45:00+00:00,LINK-USD,15m,7.635000228881836,7.635000228881836,7.584000110626221,7.617000102996826,0,0,yfinance,2026-07-10T06:58:07.675573+00:00
2026-06-05 11:00:00+00:00,LINK-USD,15m,7.618000030517578,7.618000030517578,7.560999870300293,7.564000129699707,0,0,yfinance,2026-07-10T06:58:07.675573+00:00
2026-06-05 11:15:00+00:00,LINK-USD,15m,7.557000160217285,7.638999938964844,7.552999973297119,7.61899995803833,1216512,1216512,yfinance,2026-07-10T06:58:07.675573+00:00
2026-06-05 11:30:00+00:00,LINK-USD,15m,7.61899995803833,7.624000072479248,7.554999828338623,7.554999828338623,3591488,3591488,yfinance,2026-07-10T06:58:07.675573+00:00
2026-06-05 11:45:00+00:00,LINK-USD,15m,7.548999786376953,7.579999923706055,7.538000106811523,7.554999828338623,0,0,yfinance,2026-07-10T06:58:07.675573+00:00
2026-06-05 12:00:00+00:00,LINK-USD,15m,7.554999828338623,7.572000026702881,7.493000030517578,7.534999847412109,220096,220096,yfinance,2026-07-10T06:58:07.675573+00:00
2026-06-05 12:15:00+00:00,LINK-USD,15m,7.539000034332275,7.5920000076293945,7.519999980926514,7.53000020980835,388928,388928,yfinance,2026-07-10T06:58:07.675573+00:00
2026-06-05 12:30:00+00:00,LINK-USD,15m,7.566999912261963,7.566999912261963,7.468999862670898,7.510000228881836,682112,682112,yfinance,2026-07-10T06:58:07.675573+00:00
2026-06-05 12:45:00+00:00,LINK-USD,15m,7.51200008392334,7.540999889373779,7.480999946594238,7.539000034332275,220224,220224,yfinance,2026-07-10T06:58:07.675573+00:00
2026-06-05 13:00:00+00:00,LINK-USD,15m,7.551000118255615,7.609000205993652,7.548999786376953,7.5970001220703125,1293312,1293312,yfinance,2026-07-10T06:58:07.675573+00:00
2026-06-05 13:15:00+00:00,LINK-USD,15m,7.5920000076293945,7.627999782562256,7.581999778747559,7.598999977111816,1800992,1800992,yfinance,2026-07-10T06:58:07.675573+00:00
2026-06-05 13:30:00+00:00,LINK-USD,15m,7.581999778747559,7.651000022888184,7.550000190734863,7.565000057220459,267264,267264,yfinance,2026-07-10T06:58:07.675573+00:00
2026-06-05 13:45:00+00:00,LINK-USD,15m,7.564000129699707,7.572000026702881,7.370999813079834,7.376999855041504,145408,145408,yfinance,2026-07-10T06:58:07.675573+00:00
2026-06-05 14:00:00+00:00,LINK-USD,15m,7.376999855041504,7.4670000076293945,7.323999881744385,7.434999942779541,5891648,5891648,yfinance,2026-07-10T06:58:07.675573+00:00
2026-06-05 14:15:00+00:00,LINK-USD,15m,7.434999942779541,7.480000019073486,7.38700008392334,7.420000076293945,3966784,3966784,yfinance,2026-07-10T06:58:07.675573+00:00
2026-06-05 14:30:00+00:00,LINK-USD,15m,7.434000015258789,7.501999855041504,7.39300012588501,7.451000213623047,6237760,6237760,yfinance,2026-07-10T06:58:07.675573+00:00
2026-06-05 14:45:00+00:00,LINK-USD,15m,7.454999923706055,7.495999813079834,7.382999897003174,7.418000221252441,1723328,1723328,yfinance,2026-07-10T06:58:07.675573+00:00
2026-06-05 15:00:00+00:00,LINK-USD,15m,7.418000221252441,7.423999786376953,7.310999870300293,7.323999881744385,3492416,3492416,yfinance,2026-07-10T06:58:07.675573+00:00
2026-06-05 15:15:00+00:00,LINK-USD,15m,7.316999912261963,7.383999824523926,7.296999931335449,7.333000183105469,7179584,7179584,yfinance,2026-07-10T06:58:07.675573+00:00
2026-06-05 15:30:00+00:00,LINK-USD,15m,7.328999996185303,7.357999801635742,7.265999794006348,7.303999900817871,4689856,4689856,yfinance,2026-07-10T06:58:07.675573+00:00
2026-06-05 15:45:00+00:00,LINK-USD,15m,7.310999870300293,7.321000099182129,7.238999843597412,7.291999816894531,6011008,6011008,yfinance,2026-07-10T06:58:07.675573+00:00
2026-06-05 16:00:00+00:00,LINK-USD,15m,7.2820000648498535,7.326000213623047,7.164000034332275,7.311999797821045,8225856,8225856,yfinance,2026-07-10T06:58:07.675573+00:00
2026-06-05 16:15:00+00:00,LINK-USD,15m,7.291999816894531,7.420000076293945,7.291999816894531,7.35099983215332,20795072,20795072,yfinance,2026-07-10T06:58:07.675573+00:00
2026-06-05 16:30:00+00:00,LINK-USD,15m,7.348999977111816,7.376999855041504,7.315000057220459,7.3460001945495605,6581056,6581056,yfinance,2026-07-10T06:58:07.675573+00:00
2026-06-05 16:45:00+00:00,LINK-USD,15m,7.34499979019165,7.507999897003174,7.34499979019165,7.480999946594238,8619648,8619648,yfinance,2026-07-10T06:58:07.675573+00:00
2026-06-05 17:00:00+00:00,LINK-USD,15m,7.486999988555908,7.507999897003174,7.423999786376953,7.445000171661377,3797888,3797888,yfinance,2026-07-10T06:58:07.675573+00:00
2026-06-05 17:15:00+00:00,LINK-USD,15m,7.443999767303467,7.448999881744385,7.389999866485596,7.401000022888184,379776,379776,yfinance,2026-07-10T06:58:07.675573+00:00
2026-06-05 17:30:00+00:00,LINK-USD,15m,7.401000022888184,7.4730000495910645,7.389999866485596,7.410999774932861,1063424,1063424,yfinance,2026-07-10T06:58:07.675573+00:00
2026-06-05 17:45:00+00:00,LINK-USD,15m,7.418000221252441,7.434999942779541,7.401000022888184,7.427999973297119,0,0,yfinance,2026-07-10T06:58:07.675573+00:00
2026-06-05 18:00:00+00:00,LINK-USD,15m,7.431000232696533,7.453000068664551,7.4029998779296875,7.4029998779296875,984128,984128,yfinance,2026-07-10T06:58:07.675573+00:00
2026-06-05 18:15:00+00:00,LINK-USD,15m,7.4019999504089355,7.406000137329102,7.303999900817871,7.303999900817871,12378752,12378752,yfinance,2026-07-10T06:58:07.675573+00:00
2026-06-05 18:30:00+00:00,LINK-USD,15m,7.302000045776367,7.343999862670898,7.252999782562256,7.293000221252441,2525248,2525248,yfinance,2026-07-10T06:58:07.675573+00:00
2026-06-05 18:45:00+00:00,LINK-USD,15m,7.290999889373779,7.290999889373779,7.173999786376953,7.196000099182129,4788160,4788160,yfinance,2026-07-10T06:58:07.675573+00:00
2026-06-05 19:00:00+00:00,LINK-USD,15m,7.197000026702881,7.214000225067139,7.144000053405762,7.165999889373779,4762432,4762432,yfinance,2026-07-10T06:58:07.675573+00:00
2026-06-05 19:15:00+00:00,LINK-USD,15m,7.165999889373779,7.230999946594238,7.113999843597412,7.230999946594238,7294400,7294400,yfinance,2026-07-10T06:58:07.675573+00:00
2026-06-05 19:30:00+00:00,LINK-USD,15m,7.2230000495910645,7.239999771118164,7.175000190734863,7.210000038146973,2832384,2832384,yfinance,2026-07-10T06:58:07.675573+00:00
2026-06-05 19:45:00+00:00,LINK-USD,15m,7.21999979019165,7.335000038146973,7.214000225067139,7.298999786376953,8218624,8218624,yfinance,2026-07-10T06:58:07.675573+00:00
2026-06-05 20:00:00+00:00,LINK-USD,15m,7.297999858856201,7.372000217437744,7.2129998207092285,7.36299991607666,4888576,4888576,yfinance,2026-07-10T06:58:07.675573+00:00
2026-06-05 20:15:00+00:00,LINK-USD,15m,7.369999885559082,7.406000137329102,7.349999904632568,7.392000198364258,5701504,5701504,yfinance,2026-07-10T06:58:07.675573+00:00
2026-06-05 20:30:00+00:00,LINK-USD,15m,7.390999794006348,7.422999858856201,7.372000217437744,7.419000148773193,2639424,2639424,yfinance,2026-07-10T06:58:07.675573+00:00
2026-06-05 20:45:00+00:00,LINK-USD,15m,7.421999931335449,7.474999904632568,7.40500020980835,7.4670000076293945,3170752,3170752,yfinance,2026-07-10T06:58:07.675573+00:00
2026-06-05 21:00:00+00:00,LINK-USD,15m,7.461999893188477,7.510000228881836,7.449999809265137,7.5,2369344,2369344,yfinance,2026-07-10T06:58:07.675573+00:00
2026-06-05 21:15:00+00:00,LINK-USD,15m,7.497000217437744,7.5269999504089355,7.488999843597412,7.50600004196167,4478720,4478720,yfinance,2026-07-10T06:58:07.675573+00:00
2026-06-05 21:30:00+00:00,LINK-USD,15m,7.507999897003174,7.541999816894531,7.495999813079834,7.533999919891357,94400,94400,yfinance,2026-07-10T06:58:07.675573+00:00
2026-06-05 21:45:00+00:00,LINK-USD,15m,7.5320000648498535,7.540999889373779,7.491000175476074,7.498000144958496,0,0,yfinance,2026-07-10T06:58:07.675573+00:00
2026-06-05 22:00:00+00:00,LINK-USD,15m,7.492000102996826,7.495999813079834,7.394999980926514,7.427000045776367,0,0,yfinance,2026-07-10T06:58:07.675573+00:00
2026-06-05 22:15:00+00:00,LINK-USD,15m,7.423999786376953,7.466000080108643,7.421000003814697,7.427999973297119,719232,719232,yfinance,2026-07-10T06:58:07.675573+00:00
2026-06-05 22:30:00+00:00,LINK-USD,15m,7.434000015258789,7.486000061035156,7.4120001792907715,7.479000091552734,1182208,1182208,yfinance,2026-07-10T06:58:07.675573+00:00
2026-06-05 22:45:00+00:00,LINK-USD,15m,7.47599983215332,7.48799991607666,7.441999912261963,7.453000068664551,249664,249664,yfinance,2026-07-10T06:58:07.675573+00:00
2026-06-05 23:00:00+00:00,LINK-USD,15m,7.458000183105469,7.484000205993652,7.414999961853027,7.418000221252441,549632,549632,yfinance,2026-07-10T06:58:07.675573+00:00
2026-06-05 23:15:00+00:00,LINK-USD,15m,7.421000003814697,7.421000003814697,7.343999862670898,7.360000133514404,782592,782592,yfinance,2026-07-10T06:58:07.675573+00:00
2026-06-05 23:30:00+00:00,LINK-USD,15m,7.357999801635742,7.357999801635742,7.284999847412109,7.320000171661377,591616,591616,yfinance,2026-07-10T06:58:07.675573+00:00
2026-06-05 23:45:00+00:00,LINK-USD,15m,7.307000160217285,7.366000175476074,7.300000190734863,7.36299991607666,695168,695168,yfinance,2026-07-10T06:58:07.675573+00:00
2026-06-06 00:00:00+00:00,LINK-USD,15m,7.364999771118164,7.440999984741211,7.364999771118164,7.438000202178955,2356032,2356032,yfinance,2026-07-10T06:58:07.675573+00:00
2026-06-06 00:15:00+00:00,LINK-USD,15m,7.439000129699707,7.442999839782715,7.400000095367432,7.418000221252441,598528,598528,yfinance,2026-07-10T06:58:07.675573+00:00
2026-06-06 00:30:00+00:00,LINK-USD,15m,7.420000076293945,7.440999984741211,7.406000137329102,7.420000076293945,0,0,yfinance,2026-07-10T06:58:07.675573+00:00
2026-06-06 00:45:00+00:00,LINK-USD,15m,7.419000148773193,7.447999954223633,7.419000148773193,7.428999900817871,898240,898240,yfinance,2026-07-10T06:58:07.675573+00:00
2026-06-06 01:00:00+00:00,LINK-USD,15m,7.432000160217285,7.453000068664551,7.406000137329102,7.409999847412109,0,0,yfinance,2026-07-10T06:58:07.675573+00:00
2026-06-06 01:15:00+00:00,LINK-USD,15m,7.414000034332275,7.440000057220459,7.381999969482422,7.436999797821045,840320,840320,yfinance,2026-07-10T06:58:07.675573+00:00
2026-06-06 01:30:00+00:00,LINK-USD,15m,7.432000160217285,7.441999912261963,7.377999782562256,7.389999866485596,99136,99136,yfinance,2026-07-10T06:58:07.675573+00:00
2026-06-06 01:45:00+00:00,LINK-USD,15m,7.389999866485596,7.413000106811523,7.364999771118164,7.379000186920166,231680,231680,yfinance,2026-07-10T06:58:07.675573+00:00
2026-06-06 02:00:00+00:00,LINK-USD,15m,7.374000072479248,7.388000011444092,7.330999851226807,7.355000019073486,166464,166464,yfinance,2026-07-10T06:58:07.675573+00:00
2026-06-06 02:15:00+00:00,LINK-USD,15m,7.355000019073486,7.370999813079834,7.315999984741211,7.3420000076293945,408384,408384,yfinance,2026-07-10T06:58:07.675573+00:00
2026-06-06 02:30:00+00:00,LINK-USD,15m,7.3460001945495605,7.374000072479248,7.331999778747559,7.359000205993652,558848,558848,yfinance,2026-07-10T06:58:07.675573+00:00
2026-06-06 02:45:00+00:00,LINK-USD,15m,7.3520002365112305,7.392000198364258,7.335999965667725,7.3460001945495605,0,0,yfinance,2026-07-10T06:58:07.675573+00:00
2026-06-06 03:00:00+00:00,LINK-USD,15m,7.3420000076293945,7.3470001220703125,7.313000202178955,7.326000213623047,0,0,yfinance,2026-07-10T06:58:07.675573+00:00
2026-06-06 03:15:00+00:00,LINK-USD,15m,7.330999851226807,7.341000080108643,7.289000034332275,7.298999786376953,0,0,yfinance,2026-07-10T06:58:07.675573+00:00
2026-06-06 03:30:00+00:00,LINK-USD,15m,7.284999847412109,7.298999786376953,7.252999782562256,7.289000034332275,9353920,9353920,yfinance,2026-07-10T06:58:07.675573+00:00
2026-06-06 03:45:00+00:00,LINK-USD,15m,7.288000106811523,7.302000045776367,7.263999938964844,7.27400016784668,2933568,2933568,yfinance,2026-07-10T06:58:07.675573+00:00
2026-06-06 04:00:00+00:00,LINK-USD,15m,7.270999908447266,7.309000015258789,7.150000095367432,7.158999919891357,0,0,yfinance,2026-07-10T06:58:07.675573+00:00
2026-06-06 04:15:00+00:00,LINK-USD,15m,7.1579999923706055,7.195000171661377,7.085999965667725,7.09499979019165,2527104,2527104,yfinance,2026-07-10T06:58:07.675573+00:00
2026-06-06 04:30:00+00:00,LINK-USD,15m,7.091000080108643,7.099999904632568,7.005000114440918,7.026000022888184,6489280,6489280,yfinance,2026-07-10T06:58:07.675573+00:00
2026-06-06 04:45:00+00:00,LINK-USD,15m,7.021999835968018,7.113999843597412,7.008999824523926,7.065999984741211,4860352,4860352,yfinance,2026-07-10T06:58:07.675573+00:00
2026-06-06 05:00:00+00:00,LINK-USD,15m,7.059000015258789,7.114999771118164,7.001999855041504,7.061999797821045,2643968,2643968,yfinance,2026-07-10T06:58:07.675573+00:00
2026-06-06 05:15:00+00:00,LINK-USD,15m,7.064000129699707,7.270999908447266,7.061999797821045,7.211999893188477,9294016,9294016,yfinance,2026-07-10T06:58:07.675573+00:00
2026-06-06 05:30:00+00:00,LINK-USD,15m,7.216000080108643,7.245999813079834,7.184999942779541,7.230999946594238,758912,758912,yfinance,2026-07-10T06:58:07.675573+00:00
2026-06-06 05:45:00+00:00,LINK-USD,15m,7.230999946594238,7.28000020980835,7.2170000076293945,7.27400016784668,0,0,yfinance,2026-07-10T06:58:07.675573+00:00
2026-06-06 06:00:00+00:00,LINK-USD,15m,7.2779998779296875,7.339000225067139,7.27400016784668,7.335000038146973,0,0,yfinance,2026-07-10T06:58:07.675573+00:00
2026-06-06 06:15:00+00:00,LINK-USD,15m,7.328999996185303,7.368000030517578,7.308000087738037,7.3429999351501465,0,0,yfinance,2026-07-10T06:58:07.675573+00:00
2026-06-06 06:30:00+00:00,LINK-USD,15m,7.3460001945495605,7.369999885559082,7.296000003814697,7.296000003814697,0,0,yfinance,2026-07-10T06:58:07.675573+00:00
2026-06-06 06:45:00+00:00,LINK-USD,15m,7.301000118255615,7.311999797821045,7.267000198364258,7.270999908447266,0,0,yfinance,2026-07-10T06:58:07.675573+00:00
2026-06-06 07:00:00+00:00,LINK-USD,15m,7.270999908447266,7.361999988555908,7.256999969482422,7.359000205993652,0,0,yfinance,2026-07-10T06:58:07.675573+00:00
2026-06-06 07:15:00+00:00,LINK-USD,15m,7.360000133514404,7.39300012588501,7.3429999351501465,7.3520002365112305,460480,460480,yfinance,2026-07-10T06:58:07.675573+00:00
2026-06-06 07:30:00+00:00,LINK-USD,15m,7.349999904632568,7.39300012588501,7.348999977111816,7.389999866485596,0,0,yfinance,2026-07-10T06:58:07.675573+00:00
2026-06-06 07:45:00+00:00,LINK-USD,15m,7.394000053405762,7.3979997634887695,7.375,7.392000198364258,0,0,yfinance,2026-07-10T06:58:07.675573+00:00
2026-06-06 08:00:00+00:00,LINK-USD,15m,7.39300012588501,7.39900016784668,7.359000205993652,7.395999908447266,0,0,yfinance,2026-07-10T06:58:07.675573+00:00
2026-06-06 08:15:00+00:00,LINK-USD,15m,7.396999835968018,7.459000110626221,7.372000217437744,7.453999996185303,0,0,yfinance,2026-07-10T06:58:07.675573+00:00
2026-06-06 08:30:00+00:00,LINK-USD,15m,7.449999809265137,7.460000038146973,7.421000003814697,7.429999828338623,3301632,3301632,yfinance,2026-07-10T06:58:07.675573+00:00
2026-06-06 08:45:00+00:00,LINK-USD,15m,7.429999828338623,7.452000141143799,7.414000034332275,7.425000190734863,603840,603840,yfinance,2026-07-10T06:58:07.675573+00:00
2026-06-06 09:00:00+00:00,LINK-USD,15m,7.425000190734863,7.454999923706055,7.415999889373779,7.427999973297119,0,0,yfinance,2026-07-10T06:58:07.675573+00:00
2026-06-06 09:15:00+00:00,LINK-USD,15m,7.423999786376953,7.4629998207092285,7.4120001792907715,7.458000183105469,0,0,yfinance,2026-07-10T06:58:07.675573+00:00
2026-06-06 09:30:00+00:00,LINK-USD,15m,7.460999965667725,7.464000225067139,7.415999889373779,7.425000190734863,372288,372288,yfinance,2026-07-10T06:58:07.675573+00:00
2026-06-06 09:45:00+00:00,LINK-USD,15m,7.415999889373779,7.415999889373779,7.321000099182129,7.3429999351501465,215872,215872,yfinance,2026-07-10T06:58:07.675573+00:00
2026-06-06 10:00:00+00:00,LINK-USD,15m,7.3460001945495605,7.3460001945495605,7.258999824523926,7.263999938964844,2150848,2150848,yfinance,2026-07-10T06:58:07.675573+00:00
2026-06-06 10:15:00+00:00,LINK-USD,15m,7.26800012588501,7.2870001792907715,7.252999782562256,7.257999897003174,14784,14784,yfinance,2026-07-10T06:58:07.675573+00:00
2026-06-06 10:30:00+00:00,LINK-USD,15m,7.256999969482422,7.258999824523926,7.197999954223633,7.242000102996826,938048,938048,yfinance,2026-07-10T06:58:07.675573+00:00
2026-06-06 10:45:00+00:00,LINK-USD,15m,7.236999988555908,7.271999835968018,7.216000080108643,7.271999835968018,1125248,1125248,yfinance,2026-07-10T06:58:07.675573+00:00
2026-06-06 11:00:00+00:00,LINK-USD,15m,7.263999938964844,7.307000160217285,7.263999938964844,7.2769999504089355,0,0,yfinance,2026-07-10T06:58:07.675573+00:00
2026-06-06 11:15:00+00:00,LINK-USD,15m,7.269999980926514,7.303999900817871,7.261000156402588,7.303999900817871,0,0,yfinance,2026-07-10T06:58:07.675573+00:00
2026-06-06 11:30:00+00:00,LINK-USD,15m,7.300000190734863,7.327000141143799,7.289000034332275,7.310999870300293,58368,58368,yfinance,2026-07-10T06:58:07.675573+00:00
2026-06-06 11:45:00+00:00,LINK-USD,15m,7.310999870300293,7.336999893188477,7.304999828338623,7.315000057220459,352384,352384,yfinance,2026-07-10T06:58:07.675573+00:00
2026-06-06 12:00:00+00:00,LINK-USD,15m,7.315000057220459,7.3429999351501465,7.309999942779541,7.322999954223633,64576,64576,yfinance,2026-07-10T06:58:07.675573+00:00
2026-06-06 12:15:00+00:00,LINK-USD,15m,7.322000026702881,7.326000213623047,7.289999961853027,7.289999961853027,175488,175488,yfinance,2026-07-10T06:58:07.675573+00:00
2026-06-06 12:30:00+00:00,LINK-USD,15m,7.288000106811523,7.334000110626221,7.2769999504089355,7.328999996185303,0,0,yfinance,2026-07-10T06:58:07.675573+00:00
2026-06-06 12:45:00+00:00,LINK-USD,15m,7.323999881744385,7.406000137329102,7.323999881744385,7.392000198364258,2942336,2942336,yfinance,2026-07-10T06:58:07.675573+00:00
2026-06-06 13:00:00+00:00,LINK-USD,15m,7.388000011444092,7.39900016784668,7.372000217437744,7.382999897003174,0,0,yfinance,2026-07-10T06:58:07.675573+00:00
2026-06-06 13:15:00+00:00,LINK-USD,15m,7.379000186920166,7.4019999504089355,7.361999988555908,7.367000102996826,0,0,yfinance,2026-07-10T06:58:07.675573+00:00
2026-06-06 13:30:00+00:00,LINK-USD,15m,7.36299991607666,7.375999927520752,7.328999996185303,7.375999927520752,0,0,yfinance,2026-07-10T06:58:07.675573+00:00
2026-06-06 13:45:00+00:00,LINK-USD,15m,7.379000186920166,7.4029998779296875,7.35699987411499,7.366000175476074,0,0,yfinance,2026-07-10T06:58:07.675573+00:00
2026-06-06 14:00:00+00:00,LINK-USD,15m,7.36899995803833,7.415999889373779,7.36299991607666,7.4019999504089355,0,0,yfinance,2026-07-10T06:58:07.675573+00:00
2026-06-06 14:15:00+00:00,LINK-USD,15m,7.401000022888184,7.429999828338623,7.388000011444092,7.40500020980835,0,0,yfinance,2026-07-10T06:58:07.675573+00:00
2026-06-06 14:30:00+00:00,LINK-USD,15m,7.400000095367432,7.427000045776367,7.395999908447266,7.415999889373779,0,0,yfinance,2026-07-10T06:58:07.675573+00:00
2026-06-06 14:45:00+00:00,LINK-USD,15m,7.414000034332275,7.434000015258789,7.394999980926514,7.394999980926514,0,0,yfinance,2026-07-10T06:58:07.675573+00:00
2026-06-06 15:00:00+00:00,LINK-USD,15m,7.395999908447266,7.4039998054504395,7.313000202178955,7.323999881744385,0,0,yfinance,2026-07-10T06:58:07.675573+00:00
2026-06-06 15:15:00+00:00,LINK-USD,15m,7.322000026702881,7.34499979019165,7.288000106811523,7.339000225067139,0,0,yfinance,2026-07-10T06:58:07.675573+00:00
2026-06-06 15:30:00+00:00,LINK-USD,15m,7.3379998207092285,7.390999794006348,7.326000213623047,7.386000156402588,0,0,yfinance,2026-07-10T06:58:07.675573+00:00
2026-06-06 15:45:00+00:00,LINK-USD,15m,7.386000156402588,7.394999980926514,7.361000061035156,7.379000186920166,0,0,yfinance,2026-07-10T06:58:07.675573+00:00
2026-06-06 16:00:00+00:00,LINK-USD,15m,7.375999927520752,7.414000034332275,7.357999801635742,7.372000217437744,0,0,yfinance,2026-07-10T06:58:07.675573+00:00
2026-06-06 16:15:00+00:00,LINK-USD,15m,7.366000175476074,7.377999782562256,7.339000225067139,7.3420000076293945,0,0,yfinance,2026-07-10T06:58:07.675573+00:00
2026-06-06 16:30:00+00:00,LINK-USD,15m,7.3379998207092285,7.355000019073486,7.309999942779541,7.355000019073486,4024512,4024512,yfinance,2026-07-10T06:58:07.675573+00:00
2026-06-06 16:45:00+00:00,LINK-USD,15m,7.355000019073486,7.389999866485596,7.3520002365112305,7.374000072479248,0,0,yfinance,2026-07-10T06:58:07.675573+00:00
2026-06-06 17:00:00+00:00,LINK-USD,15m,7.372000217437744,7.385000228881836,7.329999923706055,7.348999977111816,0,0,yfinance,2026-07-10T06:58:07.675573+00:00
2026-06-06 17:15:00+00:00,LINK-USD,15m,7.3480000495910645,7.360000133514404,7.322000026702881,7.3470001220703125,0,0,yfinance,2026-07-10T06:58:07.675573+00:00
2026-06-06 17:30:00+00:00,LINK-USD,15m,7.3470001220703125,7.383999824523926,7.315000057220459,7.343999862670898,0,0,yfinance,2026-07-10T06:58:07.675573+00:00
2026-06-06 17:45:00+00:00,LINK-USD,15m,7.3429999351501465,7.3480000495910645,7.291999816894531,7.308000087738037,0,0,yfinance,2026-07-10T06:58:07.675573+00:00
2026-06-06 18:00:00+00:00,LINK-USD,15m,7.308000087738037,7.323999881744385,7.293000221252441,7.303999900817871,0,0,yfinance,2026-07-10T06:58:07.675573+00:00
2026-06-06 18:15:00+00:00,LINK-USD,15m,7.304999828338623,7.363999843597412,7.301000118255615,7.357999801635742,0,0,yfinance,2026-07-10T06:58:07.675573+00:00
2026-06-06 18:30:00+00:00,LINK-USD,15m,7.355000019073486,7.355999946594238,7.317999839782715,7.320000171661377,0,0,yfinance,2026-07-10T06:58:07.675573+00:00
2026-06-06 18:45:00+00:00,LINK-USD,15m,7.322000026702881,7.329999923706055,7.295000076293945,7.323999881744385,0,0,yfinance,2026-07-10T06:58:07.675573+00:00
2026-06-06 19:00:00+00:00,LINK-USD,15m,7.322999954223633,7.355999946594238,7.313000202178955,7.343999862670898,0,0,yfinance,2026-07-10T06:58:07.675573+00:00
2026-06-06 19:15:00+00:00,LINK-USD,15m,7.340000152587891,7.340000152587891,7.309999942779541,7.310999870300293,0,0,yfinance,2026-07-10T06:58:07.675573+00:00
2026-06-06 19:30:00+00:00,LINK-USD,15m,7.313000202178955,7.317999839782715,7.302000045776367,7.310999870300293,0,0,yfinance,2026-07-10T06:58:07.675573+00:00
2026-06-06 19:45:00+00:00,LINK-USD,15m,7.309000015258789,7.317999839782715,7.300000190734863,7.300000190734863,0,0,yfinance,2026-07-10T06:58:07.675573+00:00
2026-06-06 20:00:00+00:00,LINK-USD,15m,7.301000118255615,7.315000057220459,7.2829999923706055,7.307000160217285,0,0,yfinance,2026-07-10T06:58:07.675573+00:00
2026-06-06 20:15:00+00:00,LINK-USD,15m,7.302999973297119,7.321000099182129,7.296000003814697,7.296999931335449,0,0,yfinance,2026-07-10T06:58:07.675573+00:00
2026-06-06 20:30:00+00:00,LINK-USD,15m,7.296999931335449,7.329999923706055,7.289999961853027,7.321000099182129,0,0,yfinance,2026-07-10T06:58:07.675573+00:00
2026-06-06 20:45:00+00:00,LINK-USD,15m,7.322999954223633,7.334000110626221,7.303999900817871,7.326000213623047,157952,157952,yfinance,2026-07-10T06:58:07.675573+00:00
2026-06-06 21:00:00+00:00,LINK-USD,15m,7.318999767303467,7.361000061035156,7.318999767303467,7.3420000076293945,0,0,yfinance,2026-07-10T06:58:07.675573+00:00
2026-06-06 21:15:00+00:00,LINK-USD,15m,7.353000164031982,7.373000144958496,7.3460001945495605,7.354000091552734,0,0,yfinance,2026-07-10T06:58:07.675573+00:00
2026-06-06 21:30:00+00:00,LINK-USD,15m,7.359000205993652,7.381999969482422,7.359000205993652,7.363999843597412,0,0,yfinance,2026-07-10T06:58:07.675573+00:00
2026-06-06 21:45:00+00:00,LINK-USD,15m,7.363999843597412,7.363999843597412,7.34499979019165,7.3470001220703125,0,0,yfinance,2026-07-10T06:58:07.675573+00:00
2026-06-06 22:00:00+00:00,LINK-USD,15m,7.34499979019165,7.36299991607666,7.309000015258789,7.3379998207092285,0,0,yfinance,2026-07-10T06:58:07.675573+00:00
2026-06-06 22:15:00+00:00,LINK-USD,15m,7.3379998207092285,7.374000072479248,7.323999881744385,7.3379998207092285,211680,211680,yfinance,2026-07-10T06:58:07.675573+00:00
2026-06-06 22:30:00+00:00,LINK-USD,15m,7.341000080108643,7.367000102996826,7.334000110626221,7.35699987411499,0,0,yfinance,2026-07-10T06:58:07.675573+00:00
2026-06-06 22:45:00+00:00,LINK-USD,15m,7.357999801635742,7.370999813079834,7.3420000076293945,7.3420000076293945,0,0,yfinance,2026-07-10T06:58:07.675573+00:00
2026-06-06 23:00:00+00:00,LINK-USD,15m,7.3429999351501465,7.380000114440918,7.3420000076293945,7.374000072479248,0,0,yfinance,2026-07-10T06:58:07.675573+00:00
2026-06-06 23:15:00+00:00,LINK-USD,15m,7.372000217437744,7.374000072479248,7.343999862670898,7.35699987411499,0,0,yfinance,2026-07-10T06:58:07.675573+00:00
2026-06-06 23:30:00+00:00,LINK-USD,15m,7.35699987411499,7.4039998054504395,7.355999946594238,7.388000011444092,0,0,yfinance,2026-07-10T06:58:07.675573+00:00
2026-06-06 23:45:00+00:00,LINK-USD,15m,7.39300012588501,7.4029998779296875,7.382999897003174,7.392000198364258,93984,93984,yfinance,2026-07-10T06:58:07.675573+00:00
2026-06-07 00:00:00+00:00,LINK-USD,15m,7.392000198364258,7.39900016784668,7.36899995803833,7.380000114440918,58528,58528,yfinance,2026-07-10T06:58:07.675573+00:00
2026-06-07 00:15:00+00:00,LINK-USD,15m,7.380000114440918,7.394999980926514,7.375,7.394999980926514,0,0,yfinance,2026-07-10T06:58:07.675573+00:00
2026-06-07 00:30:00+00:00,LINK-USD,15m,7.3979997634887695,7.423999786376953,7.388999938964844,7.388999938964844,1094432,1094432,yfinance,2026-07-10T06:58:07.675573+00:00
2026-06-07 00:45:00+00:00,LINK-USD,15m,7.386000156402588,7.4029998779296875,7.386000156402588,7.394999980926514,26368,26368,yfinance,2026-07-10T06:58:07.675573+00:00
2026-06-07 01:00:00+00:00,LINK-USD,15m,7.394000053405762,7.502999782562256,7.388999938964844,7.494999885559082,4866848,4866848,yfinance,2026-07-10T06:58:07.675573+00:00
2026-06-07 01:15:00+00:00,LINK-USD,15m,7.49399995803833,7.5960001945495605,7.482999801635742,7.5960001945495605,7066912,7066912,yfinance,2026-07-10T06:58:07.675573+00:00
2026-06-07 01:30:00+00:00,LINK-USD,15m,7.593999862670898,7.599999904632568,7.546000003814697,7.557000160217285,1669440,1669440,yfinance,2026-07-10T06:58:07.675573+00:00
2026-06-07 01:45:00+00:00,LINK-USD,15m,7.554999828338623,7.561999797821045,7.5289998054504395,7.553999900817871,211744,211744,yfinance,2026-07-10T06:58:07.675573+00:00
2026-06-07 02:00:00+00:00,LINK-USD,15m,7.551000118255615,7.578000068664551,7.546000003814697,7.557000160217285,0,0,yfinance,2026-07-10T06:58:07.675573+00:00
2026-06-07 02:15:00+00:00,LINK-USD,15m,7.553999900817871,7.558000087738037,7.507999897003174,7.534999847412109,568352,568352,yfinance,2026-07-10T06:58:07.675573+00:00
2026-06-07 02:30:00+00:00,LINK-USD,15m,7.534999847412109,7.5370001792907715,7.507999897003174,7.5370001792907715,0,0,yfinance,2026-07-10T06:58:07.675573+00:00
2026-06-07 02:45:00+00:00,LINK-USD,15m,7.538000106811523,7.573999881744385,7.538000106811523,7.556000232696533,458304,458304,yfinance,2026-07-10T06:58:07.675573+00:00
2026-06-07 03:00:00+00:00,LINK-USD,15m,7.557000160217285,7.566999912261963,7.5329999923706055,7.565000057220459,175552,175552,yfinance,2026-07-10T06:58:07.675573+00:00
2026-06-07 03:15:00+00:00,LINK-USD,15m,7.560999870300293,7.598999977111816,7.551000118255615,7.576000213623047,1003232,1003232,yfinance,2026-07-10T06:58:07.675573+00:00
2026-06-07 03:30:00+00:00,LINK-USD,15m,7.577000141143799,7.579999923706055,7.539000034332275,7.559999942779541,0,0,yfinance,2026-07-10T06:58:07.675573+00:00
2026-06-07 03:45:00+00:00,LINK-USD,15m,7.558000087738037,7.579999923706055,7.546000003814697,7.576000213623047,527424,527424,yfinance,2026-07-10T06:58:07.675573+00:00
2026-06-07 04:00:00+00:00,LINK-USD,15m,7.577000141143799,7.578999996185303,7.551000118255615,7.561999797821045,0,0,yfinance,2026-07-10T06:58:07.675573+00:00
2026-06-07 04:15:00+00:00,LINK-USD,15m,7.561999797821045,7.565999984741211,7.5279998779296875,7.5370001792907715,0,0,yfinance,2026-07-10T06:58:07.675573+00:00
2026-06-07 04:30:00+00:00,LINK-USD,15m,7.534999847412109,7.5980000495910645,7.534999847412109,7.583000183105469,0,0,yfinance,2026-07-10T06:58:07.675573+00:00
2026-06-07 04:45:00+00:00,LINK-USD,15m,7.585999965667725,7.60699987411499,7.573999881744385,7.5920000076293945,0,0,yfinance,2026-07-10T06:58:07.675573+00:00
2026-06-07 05:00:00+00:00,LINK-USD,15m,7.593999862670898,7.632999897003174,7.579999923706055,7.611000061035156,0,0,yfinance,2026-07-10T06:58:07.675573+00:00
2026-06-07 05:15:00+00:00,LINK-USD,15m,7.605000019073486,7.644999980926514,7.599999904632568,7.61299991607666,821728,821728,yfinance,2026-07-10T06:58:07.675573+00:00
2026-06-07 05:30:00+00:00,LINK-USD,15m,7.616000175476074,7.631999969482422,7.59499979019165,7.631999969482422,0,0,yfinance,2026-07-10T06:58:07.675573+00:00
2026-06-07 05:45:00+00:00,LINK-USD,15m,7.630000114440918,7.630000114440918,7.607999801635742,7.620999813079834,0,0,yfinance,2026-07-10T06:58:07.675573+00:00
2026-06-07 06:00:00+00:00,LINK-USD,15m,7.624000072479248,7.627999782562256,7.5980000495910645,7.611999988555908,0,0,yfinance,2026-07-10T06:58:07.675573+00:00
2026-06-07 06:15:00+00:00,LINK-USD,15m,7.61299991607666,7.692999839782715,7.611000061035156,7.684999942779541,801152,801152,yfinance,2026-07-10T06:58:07.675573+00:00
2026-06-07 06:30:00+00:00,LINK-USD,15m,7.684999942779541,7.709000110626221,7.683000087738037,7.699999809265137,4465376,4465376,yfinance,2026-07-10T06:58:07.675573+00:00
2026-06-07 06:45:00+00:00,LINK-USD,15m,7.697000026702881,7.705999851226807,7.679999828338623,7.682000160217285,0,0,yfinance,2026-07-10T06:58:07.675573+00:00
2026-06-07 07:00:00+00:00,LINK-USD,15m,7.681000232696533,7.696000099182129,7.6529998779296875,7.682000160217285,133312,133312,yfinance,2026-07-10T06:58:07.675573+00:00
2026-06-07 07:15:00+00:00,LINK-USD,15m,7.682000160217285,7.703999996185303,7.668000221252441,7.703999996185303,0,0,yfinance,2026-07-10T06:58:07.675573+00:00
2026-06-07 07:30:00+00:00,LINK-USD,15m,7.703000068664551,7.7129998207092285,7.689000129699707,7.697999954223633,16896,16896,yfinance,2026-07-10T06:58:07.675573+00:00
2026-06-07 07:45:00+00:00,LINK-USD,15m,7.697999954223633,7.7210001945495605,7.691999912261963,7.7129998207092285,0,0,yfinance,2026-07-10T06:58:07.675573+00:00
2026-06-07 08:00:00+00:00,LINK-USD,15m,7.710999965667725,7.718999862670898,7.666999816894531,7.682000160217285,0,0,yfinance,2026-07-10T06:58:07.675573+00:00
2026-06-07 08:15:00+00:00,LINK-USD,15m,7.679999828338623,7.705999851226807,7.675000190734863,7.703000068664551,73472,73472,yfinance,2026-07-10T06:58:07.675573+00:00
2026-06-07 08:30:00+00:00,LINK-USD,15m,7.698999881744385,7.751999855041504,7.690999984741211,7.751999855041504,670336,670336,yfinance,2026-07-10T06:58:07.675573+00:00
2026-06-07 08:45:00+00:00,LINK-USD,15m,7.752999782562256,7.806000232696533,7.752999782562256,7.804999828338623,2240064,2240064,yfinance,2026-07-10T06:58:07.675573+00:00
2026-06-07 09:00:00+00:00,LINK-USD,15m,7.798999786376953,7.830999851226807,7.795000076293945,7.826000213623047,688672,688672,yfinance,2026-07-10T06:58:07.675573+00:00
2026-06-07 09:15:00+00:00,LINK-USD,15m,7.822999954223633,7.8420000076293945,7.776000022888184,7.800000190734863,4343200,4343200,yfinance,2026-07-10T06:58:07.675573+00:00
2026-06-07 09:30:00+00:00,LINK-USD,15m,7.797999858856201,7.797999858856201,7.754000186920166,7.763000011444092,0,0,yfinance,2026-07-10T06:58:07.675573+00:00
2026-06-07 09:45:00+00:00,LINK-USD,15m,7.764999866485596,7.784999847412109,7.743000030517578,7.767000198364258,0,0,yfinance,2026-07-10T06:58:07.675573+00:00
2026-06-07 10:00:00+00:00,LINK-USD,15m,7.76800012588501,7.775000095367432,7.729000091552734,7.730999946594238,0,0,yfinance,2026-07-10T06:58:07.675573+00:00
2026-06-07 10:15:00+00:00,LINK-USD,15m,7.730000019073486,7.763999938964844,7.730000019073486,7.760000228881836,0,0,yfinance,2026-07-10T06:58:07.675573+00:00
2026-06-07 10:30:00+00:00,LINK-USD,15m,7.756999969482422,7.764999866485596,7.704999923706055,7.715000152587891,0,0,yfinance,2026-07-10T06:58:07.675573+00:00
2026-06-07 10:45:00+00:00,LINK-USD,15m,7.7170000076293945,7.7170000076293945,7.689000129699707,7.703999996185303,0,0,yfinance,2026-07-10T06:58:07.675573+00:00
2026-06-07 11:00:00+00:00,LINK-USD,15m,7.703999996185303,7.735000133514404,7.696000099182129,7.7220001220703125,0,0,yfinance,2026-07-10T06:58:07.675573+00:00
2026-06-07 11:15:00+00:00,LINK-USD,15m,7.718999862670898,7.74399995803833,7.714000225067139,7.74399995803833,552000,552000,yfinance,2026-07-10T06:58:07.675573+00:00
2026-06-07 11:30:00+00:00,LINK-USD,15m,7.742000102996826,7.769999980926514,7.73199987411499,7.763999938964844,515904,515904,yfinance,2026-07-10T06:58:07.675573+00:00
2026-06-07 11:45:00+00:00,LINK-USD,15m,7.76200008392334,7.7769999504089355,7.754000186920166,7.761000156402588,0,0,yfinance,2026-07-10T06:58:07.675573+00:00
2026-06-07 12:00:00+00:00,LINK-USD,15m,7.760000228881836,7.77400016784668,7.642000198364258,7.644000053405762,1002016,1002016,yfinance,2026-07-10T06:58:07.675573+00:00
2026-06-07 12:15:00+00:00,LINK-USD,15m,7.644999980926514,7.677999973297119,7.617000102996826,7.6479997634887695,1890304,1890304,yfinance,2026-07-10T06:58:07.675573+00:00
2026-06-07 12:30:00+00:00,LINK-USD,15m,7.646999835968018,7.6620001792907715,7.616000175476074,7.644999980926514,1351712,1351712,yfinance,2026-07-10T06:58:07.675573+00:00
2026-06-07 12:45:00+00:00,LINK-USD,15m,7.646999835968018,7.706999778747559,7.646999835968018,7.695000171661377,441536,441536,yfinance,2026-07-10T06:58:07.675573+00:00
2026-06-07 13:00:00+00:00,LINK-USD,15m,7.692999839782715,7.704999923706055,7.666999816894531,7.701000213623047,178432,178432,yfinance,2026-07-10T06:58:07.675573+00:00
2026-06-07 13:15:00+00:00,LINK-USD,15m,7.699999809265137,7.703000068664551,7.678999900817871,7.695000171661377,64768,64768,yfinance,2026-07-10T06:58:07.675573+00:00
2026-06-07 13:30:00+00:00,LINK-USD,15m,7.691999912261963,7.691999912261963,7.664999961853027,7.688000202178955,0,0,yfinance,2026-07-10T06:58:07.675573+00:00
2026-06-07 13:45:00+00:00,LINK-USD,15m,7.688000202178955,7.7129998207092285,7.678999900817871,7.699999809265137,136064,136064,yfinance,2026-07-10T06:58:07.675573+00:00
2026-06-07 14:00:00+00:00,LINK-USD,15m,7.701000213623047,7.724999904632568,7.698999881744385,7.705999851226807,0,0,yfinance,2026-07-10T06:58:07.675573+00:00
2026-06-07 14:15:00+00:00,LINK-USD,15m,7.703000068664551,7.785999774932861,7.702000141143799,7.758999824523926,472544,472544,yfinance,2026-07-10T06:58:07.675573+00:00
2026-06-07 14:30:00+00:00,LINK-USD,15m,7.760000228881836,7.789999961853027,7.730000019073486,7.736999988555908,292192,292192,yfinance,2026-07-10T06:58:07.675573+00:00
2026-06-07 14:45:00+00:00,LINK-USD,15m,7.73799991607666,7.738999843597412,7.709000110626221,7.734000205993652,328480,328480,yfinance,2026-07-10T06:58:07.675573+00:00
2026-06-07 15:00:00+00:00,LINK-USD,15m,7.732999801635742,7.732999801635742,7.695000171661377,7.71999979019165,3083360,3083360,yfinance,2026-07-10T06:58:07.675573+00:00
2026-06-07 15:15:00+00:00,LINK-USD,15m,7.7170000076293945,7.7230000495910645,7.683000087738037,7.7170000076293945,0,0,yfinance,2026-07-10T06:58:07.675573+00:00
2026-06-07 15:30:00+00:00,LINK-USD,15m,7.7179999351501465,7.739999771118164,7.709000110626221,7.73199987411499,492224,492224,yfinance,2026-07-10T06:58:07.675573+00:00
2026-06-07 15:45:00+00:00,LINK-USD,15m,7.73199987411499,7.732999801635742,7.695000171661377,7.7230000495910645,901504,901504,yfinance,2026-07-10T06:58:07.675573+00:00
2026-06-07 16:00:00+00:00,LINK-USD,15m,7.7270002365112305,7.736000061035156,7.676000118255615,7.7129998207092285,0,0,yfinance,2026-07-10T06:58:07.675573+00:00
2026-06-07 16:15:00+00:00,LINK-USD,15m,7.711999893188477,7.74399995803833,7.703999996185303,7.72599983215332,1551360,1551360,yfinance,2026-07-10T06:58:07.675573+00:00
2026-06-07 16:30:00+00:00,LINK-USD,15m,7.723999977111816,7.756999969482422,7.7220001220703125,7.738999843597412,0,0,yfinance,2026-07-10T06:58:07.675573+00:00
2026-06-07 16:45:00+00:00,LINK-USD,15m,7.739999771118164,7.748000144958496,7.706999778747559,7.729000091552734,0,0,yfinance,2026-07-10T06:58:07.675573+00:00
2026-06-07 17:00:00+00:00,LINK-USD,15m,7.72599983215332,7.77400016784668,7.724999904632568,7.76800012588501,1193824,1193824,yfinance,2026-07-10T06:58:07.675573+00:00
2026-06-07 17:15:00+00:00,LINK-USD,15m,7.76800012588501,7.770999908447266,7.744999885559082,7.75,0,0,yfinance,2026-07-10T06:58:07.675573+00:00
2026-06-07 17:30:00+00:00,LINK-USD,15m,7.751999855041504,7.758999824523926,7.743000030517578,7.747000217437744,17600,17600,yfinance,2026-07-10T06:58:07.675573+00:00
2026-06-07 17:45:00+00:00,LINK-USD,15m,7.74399995803833,7.744999885559082,7.714000225067139,7.73799991607666,142944,142944,yfinance,2026-07-10T06:58:07.675573+00:00
2026-06-07 18:00:00+00:00,LINK-USD,15m,7.73799991607666,7.75600004196167,7.730000019073486,7.75600004196167,0,0,yfinance,2026-07-10T06:58:07.675573+00:00
2026-06-07 18:15:00+00:00,LINK-USD,15m,7.754000186920166,7.756999969482422,7.7220001220703125,7.732999801635742,0,0,yfinance,2026-07-10T06:58:07.675573+00:00
2026-06-07 18:30:00+00:00,LINK-USD,15m,7.734000205993652,7.75,7.7210001945495605,7.724999904632568,1567072,1567072,yfinance,2026-07-10T06:58:07.675573+00:00
2026-06-07 18:45:00+00:00,LINK-USD,15m,7.7230000495910645,7.736999988555908,7.693999767303467,7.693999767303467,0,0,yfinance,2026-07-10T06:58:07.675573+00:00
2026-06-07 19:00:00+00:00,LINK-USD,15m,7.697999954223633,7.697999954223633,7.609000205993652,7.624000072479248,1217248,1217248,yfinance,2026-07-10T06:58:07.675573+00:00
2026-06-07 19:15:00+00:00,LINK-USD,15m,7.620999813079834,7.620999813079834,7.565000057220459,7.591000080108643,1965920,1965920,yfinance,2026-07-10T06:58:07.675573+00:00
2026-06-07 19:30:00+00:00,LINK-USD,15m,7.591000080108643,7.59499979019165,7.558000087738037,7.558000087738037,1753344,1753344,yfinance,2026-07-10T06:58:07.675573+00:00
2026-06-07 19:45:00+00:00,LINK-USD,15m,7.565000057220459,7.60099983215332,7.551000118255615,7.591000080108643,2032544,2032544,yfinance,2026-07-10T06:58:07.675573+00:00
2026-06-07 20:00:00+00:00,LINK-USD,15m,7.590000152587891,7.64900016784668,7.570000171661377,7.631999969482422,712480,712480,yfinance,2026-07-10T06:58:07.675573+00:00
2026-06-07 20:15:00+00:00,LINK-USD,15m,7.631999969482422,7.684000015258789,7.613999843597412,7.6579999923706055,485312,485312,yfinance,2026-07-10T06:58:07.675573+00:00
2026-06-07 20:30:00+00:00,LINK-USD,15m,7.663000106811523,7.669000148773193,7.64900016784668,7.660999774932861,353408,353408,yfinance,2026-07-10T06:58:07.675573+00:00
2026-06-07 20:45:00+00:00,LINK-USD,15m,7.660999774932861,7.692999839782715,7.6529998779296875,7.677999973297119,103200,103200,yfinance,2026-07-10T06:58:07.675573+00:00
2026-06-07 21:00:00+00:00,LINK-USD,15m,7.677999973297119,7.689000129699707,7.656000137329102,7.684999942779541,0,0,yfinance,2026-07-10T06:58:07.675573+00:00
2026-06-07 21:15:00+00:00,LINK-USD,15m,7.683000087738037,7.685999870300293,7.651000022888184,7.656000137329102,1863392,1863392,yfinance,2026-07-10T06:58:07.675573+00:00
2026-06-07 21:30:00+00:00,LINK-USD,15m,7.65500020980835,7.659999847412109,7.632999897003174,7.636000156402588,2600064,2600064,yfinance,2026-07-10T06:58:07.675573+00:00
2026-06-07 21:45:00+00:00,LINK-USD,15m,7.636000156402588,7.672999858856201,7.636000156402588,7.670000076293945,50528,50528,yfinance,2026-07-10T06:58:07.675573+00:00
2026-06-07 22:00:00+00:00,LINK-USD,15m,7.684999942779541,7.913000106811523,7.6579999923706055,7.913000106811523,825760,825760,yfinance,2026-07-10T06:58:07.675573+00:00
2026-06-07 22:15:00+00:00,LINK-USD,15m,7.936999797821045,8.02400016784668,7.853000164031982,7.870999813079834,19640448,19640448,yfinance,2026-07-10T06:58:07.675573+00:00
2026-06-07 22:30:00+00:00,LINK-USD,15m,7.880000114440918,7.926000118255615,7.830999851226807,7.894999980926514,4762144,4762144,yfinance,2026-07-10T06:58:07.675573+00:00
2026-06-07 22:45:00+00:00,LINK-USD,15m,7.895999908447266,7.926000118255615,7.840000152587891,7.843999862670898,3700672,3700672,yfinance,2026-07-10T06:58:07.675573+00:00
2026-06-07 23:00:00+00:00,LINK-USD,15m,7.8420000076293945,7.88700008392334,7.8420000076293945,7.885000228881836,2628640,2628640,yfinance,2026-07-10T06:58:07.675573+00:00
2026-06-07 23:15:00+00:00,LINK-USD,15m,7.889999866485596,7.909999847412109,7.8429999351501465,7.909999847412109,2082688,2082688,yfinance,2026-07-10T06:58:07.675573+00:00
2026-06-07 23:30:00+00:00,LINK-USD,15m,7.9039998054504395,7.915999889373779,7.880000114440918,7.894000053405762,906976,906976,yfinance,2026-07-10T06:58:07.675573+00:00
2026-06-07 23:45:00+00:00,LINK-USD,15m,7.892000198364258,7.923999786376953,7.874000072479248,7.9120001792907715,1780256,1780256,yfinance,2026-07-10T06:58:07.675573+00:00
2026-06-08 00:00:00+00:00,LINK-USD,15m,7.910999774932861,7.922999858856201,7.876999855041504,7.894000053405762,2416640,2416640,yfinance,2026-07-10T06:58:07.675573+00:00
2026-06-08 00:15:00+00:00,LINK-USD,15m,7.89300012588501,7.943999767303467,7.881999969482422,7.943999767303467,1655456,1655456,yfinance,2026-07-10T06:58:07.675573+00:00
2026-06-08 00:30:00+00:00,LINK-USD,15m,7.940999984741211,8.01099967956543,7.928999900817871,7.984000205993652,2511040,2511040,yfinance,2026-07-10T06:58:07.675573+00:00
2026-06-08 00:45:00+00:00,LINK-USD,15m,7.980000019073486,8.010000228881836,7.953000068664551,7.97599983215332,1730016,1730016,yfinance,2026-07-10T06:58:07.675573+00:00
2026-06-08 01:00:00+00:00,LINK-USD,15m,7.979000091552734,7.980999946594238,7.886000156402588,7.886000156402588,0,0,yfinance,2026-07-10T06:58:07.675573+00:00
2026-06-08 01:15:00+00:00,LINK-USD,15m,7.881999969482422,7.881999969482422,7.822000026702881,7.831999778747559,0,0,yfinance,2026-07-10T06:58:07.675573+00:00
2026-06-08 01:30:00+00:00,LINK-USD,15m,7.829999923706055,7.88100004196167,7.817999839782715,7.875,254624,254624,yfinance,2026-07-10T06:58:07.675573+00:00
2026-06-08 01:45:00+00:00,LINK-USD,15m,7.879000186920166,7.9070000648498535,7.869999885559082,7.8979997634887695,580672,580672,yfinance,2026-07-10T06:58:07.675573+00:00
2026-06-08 02:00:00+00:00,LINK-USD,15m,7.900000095367432,7.923999786376953,7.88700008392334,7.921000003814697,301664,301664,yfinance,2026-07-10T06:58:07.675573+00:00
2026-06-08 02:15:00+00:00,LINK-USD,15m,7.919000148773193,7.939000129699707,7.896999835968018,7.916999816894531,27968,27968,yfinance,2026-07-10T06:58:07.675573+00:00
2026-06-08 02:30:00+00:00,LINK-USD,15m,7.915999889373779,7.926000118255615,7.882999897003174,7.9039998054504395,327296,327296,yfinance,2026-07-10T06:58:07.675573+00:00
2026-06-08 02:45:00+00:00,LINK-USD,15m,7.9019999504089355,7.914000034332275,7.881999969482422,7.913000106811523,116384,116384,yfinance,2026-07-10T06:58:07.675573+00:00
2026-06-08 03:00:00+00:00,LINK-USD,15m,7.910999774932861,7.954999923706055,7.8979997634887695,7.935999870300293,760000,760000,yfinance,2026-07-10T06:58:07.675573+00:00
2026-06-08 03:15:00+00:00,LINK-USD,15m,7.939000129699707,7.939000129699707,7.854000091552734,7.855999946594238,827584,827584,yfinance,2026-07-10T06:58:07.675573+00:00
2026-06-08 03:30:00+00:00,LINK-USD,15m,7.855000019073486,7.872000217437744,7.839000225067139,7.843999862670898,2371872,2371872,yfinance,2026-07-10T06:58:07.675573+00:00
2026-06-08 03:45:00+00:00,LINK-USD,15m,7.8460001945495605,7.859000205993652,7.8379998207092285,7.848999977111816,336416,336416,yfinance,2026-07-10T06:58:07.675573+00:00
2026-06-08 04:00:00+00:00,LINK-USD,15m,7.853000164031982,7.867000102996826,7.807000160217285,7.828000068664551,882560,882560,yfinance,2026-07-10T06:58:07.675573+00:00
2026-06-08 04:15:00+00:00,LINK-USD,15m,7.828000068664551,7.828000068664551,7.796000003814697,7.820000171661377,94944,94944,yfinance,2026-07-10T06:58:07.675573+00:00
2026-06-08 04:30:00+00:00,LINK-USD,15m,7.821000099182129,7.827000141143799,7.76800012588501,7.7779998779296875,0,0,yfinance,2026-07-10T06:58:07.675573+00:00
2026-06-08 04:45:00+00:00,LINK-USD,15m,7.7769999504089355,7.798999786376953,7.763999938964844,7.763999938964844,0,0,yfinance,2026-07-10T06:58:07.675573+00:00
2026-06-08 05:00:00+00:00,LINK-USD,15m,7.764999866485596,7.789999961853027,7.7210001945495605,7.7220001220703125,1811872,1811872,yfinance,2026-07-10T06:58:07.675573+00:00
2026-06-08 05:15:00+00:00,LINK-USD,15m,7.7220001220703125,7.78000020980835,7.715000152587891,7.775000095367432,3057824,3057824,yfinance,2026-07-10T06:58:07.675573+00:00
2026-06-08 05:30:00+00:00,LINK-USD,15m,7.775000095367432,7.775000095367432,7.724999904632568,7.736000061035156,155296,155296,yfinance,2026-07-10T06:58:07.675573+00:00
2026-06-08 05:45:00+00:00,LINK-USD,15m,7.728000164031982,7.7789998054504395,7.7270002365112305,7.7789998054504395,766720,766720,yfinance,2026-07-10T06:58:07.675573+00:00
2026-06-08 06:00:00+00:00,LINK-USD,15m,7.7779998779296875,7.815000057220459,7.7779998779296875,7.803999900817871,297664,297664,yfinance,2026-07-10T06:58:07.675573+00:00
2026-06-08 06:15:00+00:00,LINK-USD,15m,7.802000045776367,7.840000152587891,7.796000003814697,7.8379998207092285,20704,20704,yfinance,2026-07-10T06:58:07.675573+00:00
2026-06-08 06:30:00+00:00,LINK-USD,15m,7.833000183105469,7.834000110626221,7.810999870300293,7.829999923706055,0,0,yfinance,2026-07-10T06:58:07.675573+00:00
2026-06-08 06:45:00+00:00,LINK-USD,15m,7.830999851226807,7.830999851226807,7.810999870300293,7.820000171661377,0,0,yfinance,2026-07-10T06:58:07.675573+00:00
2026-06-08 07:00:00+00:00,LINK-USD,15m,7.823999881744385,7.875,7.800000190734863,7.861999988555908,0,0,yfinance,2026-07-10T06:58:07.675573+00:00
2026-06-08 07:15:00+00:00,LINK-USD,15m,7.855999946594238,7.900000095367432,7.843999862670898,7.889999866485596,6960896,6960896,yfinance,2026-07-10T06:58:07.675573+00:00
2026-06-08 07:30:00+00:00,LINK-USD,15m,7.888999938964844,7.916999816894531,7.880000114440918,7.8979997634887695,4950272,4950272,yfinance,2026-07-10T06:58:07.675573+00:00
2026-06-08 07:45:00+00:00,LINK-USD,15m,7.896999835968018,7.927000045776367,7.895999908447266,7.8979997634887695,1489984,1489984,yfinance,2026-07-10T06:58:07.675573+00:00
2026-06-08 08:00:00+00:00,LINK-USD,15m,7.901000022888184,7.9039998054504395,7.875999927520752,7.894999980926514,102176,102176,yfinance,2026-07-10T06:58:07.675573+00:00
2026-06-08 08:15:00+00:00,LINK-USD,15m,7.895999908447266,7.9029998779296875,7.864999771118164,7.888000011444092,435488,435488,yfinance,2026-07-10T06:58:07.675573+00:00
2026-06-08 08:30:00+00:00,LINK-USD,15m,7.889999866485596,7.9019999504089355,7.857999801635742,7.875,924480,924480,yfinance,2026-07-10T06:58:07.675573+00:00
2026-06-08 08:45:00+00:00,LINK-USD,15m,7.875,7.875999927520752,7.8480000495910645,7.875999927520752,0,0,yfinance,2026-07-10T06:58:07.675573+00:00
2026-06-08 09:00:00+00:00,LINK-USD,15m,7.875999927520752,7.886000156402588,7.84499979019165,7.88100004196167,312448,312448,yfinance,2026-07-10T06:58:07.675573+00:00
2026-06-08 09:15:00+00:00,LINK-USD,15m,7.88100004196167,7.915999889373779,7.875,7.88700008392334,399136,399136,yfinance,2026-07-10T06:58:07.675573+00:00
2026-06-08 09:30:00+00:00,LINK-USD,15m,7.886000156402588,7.9079999923706055,7.855999946594238,7.88700008392334,1441344,1441344,yfinance,2026-07-10T06:58:07.675573+00:00
2026-06-08 09:45:00+00:00,LINK-USD,15m,7.88700008392334,7.913000106811523,7.886000156402588,7.9120001792907715,442880,442880,yfinance,2026-07-10T06:58:07.675573+00:00
2026-06-08 10:00:00+00:00,LINK-USD,15m,7.910999774932861,7.922999858856201,7.894999980926514,7.8979997634887695,334080,334080,yfinance,2026-07-10T06:58:07.675573+00:00
2026-06-08 10:15:00+00:00,LINK-USD,15m,7.895999908447266,7.8979997634887695,7.849999904632568,7.8520002365112305,392096,392096,yfinance,2026-07-10T06:58:07.675573+00:00
2026-06-08 10:30:00+00:00,LINK-USD,15m,7.8520002365112305,7.906000137329102,7.841000080108643,7.869999885559082,2070528,2070528,yfinance,2026-07-10T06:58:07.675573+00:00
2026-06-08 10:45:00+00:00,LINK-USD,15m,7.873000144958496,7.873000144958496,7.85699987411499,7.869999885559082,0,0,yfinance,2026-07-10T06:58:07.675573+00:00
2026-06-08 11:00:00+00:00,LINK-USD,15m,7.86899995803833,7.914999961853027,7.8520002365112305,7.910999774932861,894944,894944,yfinance,2026-07-10T06:58:07.675573+00:00
2026-06-08 11:15:00+00:00,LINK-USD,15m,7.910999774932861,7.98799991607666,7.910999774932861,7.9770002365112305,3209568,3209568,yfinance,2026-07-10T06:58:07.675573+00:00
2026-06-08 11:30:00+00:00,LINK-USD,15m,7.980999946594238,7.998000144958496,7.958000183105469,7.9679999351501465,1058432,1058432,yfinance,2026-07-10T06:58:07.675573+00:00
2026-06-08 11:45:00+00:00,LINK-USD,15m,7.9679999351501465,7.9710001945495605,7.940000057220459,7.960999965667725,470240,470240,yfinance,2026-07-10T06:58:07.675573+00:00
2026-06-08 12:00:00+00:00,LINK-USD,15m,7.959000110626221,7.98199987411499,7.875,7.875,65472,65472,yfinance,2026-07-10T06:58:07.675573+00:00
2026-06-08 12:15:00+00:00,LINK-USD,15m,7.881999969482422,7.934999942779541,7.881999969482422,7.934000015258789,27424,27424,yfinance,2026-07-10T06:58:07.675573+00:00
2026-06-08 12:30:00+00:00,LINK-USD,15m,7.936999797821045,8.008000373840332,7.927999973297119,7.997000217437744,581984,581984,yfinance,2026-07-10T06:58:07.675573+00:00
2026-06-08 12:45:00+00:00,LINK-USD,15m,8.00100040435791,8.022000312805176,7.9730000495910645,8.01200008392334,1734368,1734368,yfinance,2026-07-10T06:58:07.675573+00:00
2026-06-08 13:00:00+00:00,LINK-USD,15m,8.01200008392334,8.020999908447266,7.984000205993652,7.991000175476074,621312,621312,yfinance,2026-07-10T06:58:07.675573+00:00
2026-06-08 13:15:00+00:00,LINK-USD,15m,7.991000175476074,8.012999534606934,7.9770002365112305,7.985000133514404,739328,739328,yfinance,2026-07-10T06:58:07.675573+00:00
2026-06-08 13:30:00+00:00,LINK-USD,15m,7.98199987411499,7.993000030517578,7.945000171661377,7.947999954223633,1908544,1908544,yfinance,2026-07-10T06:58:07.675573+00:00
2026-06-08 13:45:00+00:00,LINK-USD,15m,7.952000141143799,8.001999855041504,7.945000171661377,7.96999979019165,6172672,6172672,yfinance,2026-07-10T06:58:07.675573+00:00
2026-06-08 14:00:00+00:00,LINK-USD,15m,7.9679999351501465,7.995999813079834,7.949999809265137,7.993000030517578,545376,545376,yfinance,2026-07-10T06:58:07.675573+00:00
2026-06-08 14:15:00+00:00,LINK-USD,15m,7.994999885559082,8.001999855041504,7.9679999351501465,7.992000102996826,1908928,1908928,yfinance,2026-07-10T06:58:07.675573+00:00
2026-06-08 14:30:00+00:00,LINK-USD,15m,7.991000175476074,8.017000198364258,7.97599983215332,8.00100040435791,907680,907680,yfinance,2026-07-10T06:58:07.675573+00:00
2026-06-08 14:45:00+00:00,LINK-USD,15m,8.0,8.0600004196167,7.99399995803833,8.053000450134277,1586624,1586624,yfinance,2026-07-10T06:58:07.675573+00:00
2026-06-08 15:00:00+00:00,LINK-USD,15m,8.0600004196167,8.107999801635742,8.055000305175781,8.098999977111816,3318144,3318144,yfinance,2026-07-10T06:58:07.675573+00:00
2026-06-08 15:15:00+00:00,LINK-USD,15m,8.10200023651123,8.105999946594238,8.045999526977539,8.045999526977539,2053760,2053760,yfinance,2026-07-10T06:58:07.675573+00:00
2026-06-08 15:30:00+00:00,LINK-USD,15m,8.043999671936035,8.043999671936035,8.015999794006348,8.03499984741211,401824,401824,yfinance,2026-07-10T06:58:07.675573+00:00
2026-06-08 15:45:00+00:00,LINK-USD,15m,8.036999702453613,8.0649995803833,8.013999938964844,8.022000312805176,636640,636640,yfinance,2026-07-10T06:58:07.675573+00:00
2026-06-08 16:00:00+00:00,LINK-USD,15m,8.02400016784668,8.057000160217285,8.01200008392334,8.022000312805176,420000,420000,yfinance,2026-07-10T06:58:07.675573+00:00
2026-06-08 16:15:00+00:00,LINK-USD,15m,8.020000457763672,8.064000129699707,8.020000457763672,8.038999557495117,120416,120416,yfinance,2026-07-10T06:58:07.675573+00:00
2026-06-08 16:30:00+00:00,LINK-USD,15m,8.038999557495117,8.053000450134277,7.998000144958496,8.013999938964844,2676704,2676704,yfinance,2026-07-10T06:58:07.675573+00:00
2026-06-08 16:45:00+00:00,LINK-USD,15m,8.013999938964844,8.013999938964844,7.980000019073486,7.992000102996826,962368,962368,yfinance,2026-07-10T06:58:07.675573+00:00
2026-06-08 17:00:00+00:00,LINK-USD,15m,7.991000175476074,7.995999813079834,7.960999965667725,7.96999979019165,45696,45696,yfinance,2026-07-10T06:58:07.675573+00:00
2026-06-08 17:15:00+00:00,LINK-USD,15m,7.973999977111816,8.027999877929688,7.968999862670898,8.026000022888184,2368224,2368224,yfinance,2026-07-10T06:58:07.675573+00:00
2026-06-08 17:30:00+00:00,LINK-USD,15m,8.022000312805176,8.026000022888184,7.978000164031982,8.006999969482422,624736,624736,yfinance,2026-07-10T06:58:07.675573+00:00
2026-06-08 17:45:00+00:00,LINK-USD,15m,8.01200008392334,8.038999557495117,8.010000228881836,8.038999557495117,462560,462560,yfinance,2026-07-10T06:58:07.675573+00:00
2026-06-08 18:00:00+00:00,LINK-USD,15m,8.041000366210938,8.0600004196167,8.039999961853027,8.04699993133545,811904,811904,yfinance,2026-07-10T06:58:07.675573+00:00
2026-06-08 18:15:00+00:00,LINK-USD,15m,8.04800033569336,8.050999641418457,8.032999992370605,8.041999816894531,335232,335232,yfinance,2026-07-10T06:58:07.675573+00:00
2026-06-08 18:30:00+00:00,LINK-USD,15m,8.043999671936035,8.052000045776367,8.01099967956543,8.017000198364258,146528,146528,yfinance,2026-07-10T06:58:07.675573+00:00
2026-06-08 18:45:00+00:00,LINK-USD,15m,8.020000457763672,8.02299976348877,7.991000175476074,8.015000343322754,1187808,1187808,yfinance,2026-07-10T06:58:07.675573+00:00
2026-06-08 19:00:00+00:00,LINK-USD,15m,8.015000343322754,8.055000305175781,8.01099967956543,8.041999816894531,0,0,yfinance,2026-07-10T06:58:07.675573+00:00
2026-06-08 19:15:00+00:00,LINK-USD,15m,8.036999702453613,8.0649995803833,8.029999732971191,8.053000450134277,0,0,yfinance,2026-07-10T06:58:07.675573+00:00
2026-06-08 19:30:00+00:00,LINK-USD,15m,8.055999755859375,8.071999549865723,8.048999786376953,8.067999839782715,0,0,yfinance,2026-07-10T06:58:07.675573+00:00
2026-06-08 19:45:00+00:00,LINK-USD,15m,8.067999839782715,8.072999954223633,8.04800033569336,8.062000274658203,0,0,yfinance,2026-07-10T06:58:07.675573+00:00
2026-06-08 20:00:00+00:00,LINK-USD,15m,8.062999725341797,8.0649995803833,8.019000053405762,8.02400016784668,0,0,yfinance,2026-07-10T06:58:07.675573+00:00
2026-06-08 20:15:00+00:00,LINK-USD,15m,8.027999877929688,8.032999992370605,8.006999969482422,8.015000343322754,0,0,yfinance,2026-07-10T06:58:07.675573+00:00
2026-06-08 20:30:00+00:00,LINK-USD,15m,8.015999794006348,8.041000366210938,8.01099967956543,8.032999992370605,28896,28896,yfinance,2026-07-10T06:58:07.675573+00:00
2026-06-08 20:45:00+00:00,LINK-USD,15m,8.032999992370605,8.041999816894531,8.02299976348877,8.041999816894531,14976,14976,yfinance,2026-07-10T06:58:07.675573+00:00
2026-06-08 21:00:00+00:00,LINK-USD,15m,8.045000076293945,8.11299991607666,8.043999671936035,8.111000061035156,6902976,6902976,yfinance,2026-07-10T06:58:07.675573+00:00
2026-06-08 21:15:00+00:00,LINK-USD,15m,8.107000350952148,8.114999771118164,8.083000183105469,8.095000267028809,1603360,1603360,yfinance,2026-07-10T06:58:07.675573+00:00
2026-06-08 21:30:00+00:00,LINK-USD,15m,8.097000122070312,8.125,8.083000183105469,8.118000030517578,1752256,1752256,yfinance,2026-07-10T06:58:07.675573+00:00
2026-06-08 21:45:00+00:00,LINK-USD,15m,8.119000434875488,8.119000434875488,8.0600004196167,8.0600004196167,219840,219840,yfinance,2026-07-10T06:58:07.675573+00:00
2026-06-08 22:00:00+00:00,LINK-USD,15m,8.04800033569336,8.062000274658203,8.029999732971191,8.032999992370605,484448,484448,yfinance,2026-07-10T06:58:07.675573+00:00
2026-06-08 22:15:00+00:00,LINK-USD,15m,8.034000396728516,8.038999557495117,8.00100040435791,8.012999534606934,0,0,yfinance,2026-07-10T06:58:07.675573+00:00
2026-06-08 22:30:00+00:00,LINK-USD,15m,8.01200008392334,8.022000312805176,7.998000144958496,8.013999938964844,0,0,yfinance,2026-07-10T06:58:07.675573+00:00
2026-06-08 22:45:00+00:00,LINK-USD,15m,8.013999938964844,8.043000221252441,8.005999565124512,8.039999961853027,0,0,yfinance,2026-07-10T06:58:07.675573+00:00
2026-06-08 23:00:00+00:00,LINK-USD,15m,8.038000106811523,8.07699966430664,8.031999588012695,8.071000099182129,0,0,yfinance,2026-07-10T06:58:07.675573+00:00
2026-06-08 23:15:00+00:00,LINK-USD,15m,8.071999549865723,8.074000358581543,7.992000102996826,8.003000259399414,0,0,yfinance,2026-07-10T06:58:07.675573+00:00
2026-06-08 23:30:00+00:00,LINK-USD,15m,8.0,8.010000228881836,7.980999946594238,7.995999813079834,275840,275840,yfinance,2026-07-10T06:58:07.675573+00:00
2026-06-08 23:45:00+00:00,LINK-USD,15m,7.99399995803833,7.997000217437744,7.9720001220703125,7.99399995803833,0,0,yfinance,2026-07-10T06:58:07.675573+00:00
2026-06-09 00:00:00+00:00,LINK-USD,15m,7.993000030517578,8.001999855041504,7.978000164031982,7.978000164031982,0,0,yfinance,2026-07-10T06:58:07.675573+00:00
2026-06-09 00:15:00+00:00,LINK-USD,15m,7.980000019073486,8.01099967956543,7.886000156402588,7.889999866485596,1214368,1214368,yfinance,2026-07-10T06:58:07.675573+00:00
2026-06-09 00:30:00+00:00,LINK-USD,15m,7.894999980926514,7.896999835968018,7.821000099182129,7.855000019073486,4312096,4312096,yfinance,2026-07-10T06:58:07.675573+00:00
2026-06-09 00:45:00+00:00,LINK-USD,15m,7.8520002365112305,7.8520002365112305,7.810999870300293,7.828000068664551,407008,407008,yfinance,2026-07-10T06:58:07.675573+00:00
2026-06-09 01:00:00+00:00,LINK-USD,15m,7.824999809265137,7.843999862670898,7.808000087738037,7.823999881744385,776512,776512,yfinance,2026-07-10T06:58:07.675573+00:00
2026-06-09 01:15:00+00:00,LINK-USD,15m,7.818999767303467,7.866000175476074,7.818999767303467,7.8470001220703125,0,0,yfinance,2026-07-10T06:58:07.675573+00:00
2026-06-09 01:30:00+00:00,LINK-USD,15m,7.84499979019165,7.868000030517578,7.8420000076293945,7.848999977111816,0,0,yfinance,2026-07-10T06:58:07.675573+00:00
2026-06-09 01:45:00+00:00,LINK-USD,15m,7.85099983215332,7.868000030517578,7.830999851226807,7.8470001220703125,0,0,yfinance,2026-07-10T06:58:07.675573+00:00
2026-06-09 02:00:00+00:00,LINK-USD,15m,7.8470001220703125,7.863999843597412,7.839000225067139,7.8429999351501465,39872,39872,yfinance,2026-07-10T06:58:07.675573+00:00
2026-06-09 02:15:00+00:00,LINK-USD,15m,7.841000080108643,7.841000080108643,7.802999973297119,7.836999893188477,200384,200384,yfinance,2026-07-10T06:58:07.675573+00:00
2026-06-09 02:30:00+00:00,LINK-USD,15m,7.841000080108643,7.8420000076293945,7.795000076293945,7.826000213623047,342592,342592,yfinance,2026-07-10T06:58:07.675573+00:00
2026-06-09 02:45:00+00:00,LINK-USD,15m,7.830999851226807,7.854000091552734,7.817999839782715,7.854000091552734,327296,327296,yfinance,2026-07-10T06:58:07.675573+00:00
2026-06-09 03:00:00+00:00,LINK-USD,15m,7.85699987411499,7.876999855041504,7.855999946594238,7.874000072479248,156480,156480,yfinance,2026-07-10T06:58:07.675573+00:00
2026-06-09 03:15:00+00:00,LINK-USD,15m,7.873000144958496,7.886000156402588,7.855999946594238,7.866000175476074,0,0,yfinance,2026-07-10T06:58:07.675573+00:00
2026-06-09 03:30:00+00:00,LINK-USD,15m,7.868000030517578,7.875999927520752,7.836999893188477,7.874000072479248,1678624,1678624,yfinance,2026-07-10T06:58:07.675573+00:00
2026-06-09 03:45:00+00:00,LINK-USD,15m,7.872000217437744,7.883999824523926,7.860000133514404,7.879000186920166,0,0,yfinance,2026-07-10T06:58:07.675573+00:00
2026-06-09 04:00:00+00:00,LINK-USD,15m,7.877999782562256,7.89900016784668,7.860000133514404,7.88700008392334,0,0,yfinance,2026-07-10T06:58:07.675573+00:00
2026-06-09 04:15:00+00:00,LINK-USD,15m,7.885000228881836,7.88700008392334,7.861999988555908,7.863999843597412,730752,730752,yfinance,2026-07-10T06:58:07.675573+00:00
2026-06-09 04:30:00+00:00,LINK-USD,15m,7.864999771118164,7.995999813079834,7.848999977111816,7.9679999351501465,5620672,5620672,yfinance,2026-07-10T06:58:07.675573+00:00
2026-06-09 04:45:00+00:00,LINK-USD,15m,7.968999862670898,7.994999885559082,7.952000141143799,7.9670000076293945,2630496,2630496,yfinance,2026-07-10T06:58:07.675573+00:00
2026-06-09 05:00:00+00:00,LINK-USD,15m,7.9670000076293945,7.9720001220703125,7.938000202178955,7.9629998207092285,352640,352640,yfinance,2026-07-10T06:58:07.675573+00:00
2026-06-09 05:15:00+00:00,LINK-USD,15m,7.960999965667725,8.0,7.960999965667725,7.986000061035156,45248,45248,yfinance,2026-07-10T06:58:07.675573+00:00
2026-06-09 05:30:00+00:00,LINK-USD,15m,7.991000175476074,8.022000312805176,7.982999801635742,8.001999855041504,908928,908928,yfinance,2026-07-10T06:58:07.675573+00:00
2026-06-09 05:45:00+00:00,LINK-USD,15m,8.0,8.012999534606934,7.985000133514404,7.992000102996826,5827488,5827488,yfinance,2026-07-10T06:58:07.675573+00:00
2026-06-09 06:00:00+00:00,LINK-USD,15m,7.994999885559082,7.998000144958496,7.9770002365112305,7.991000175476074,226144,226144,yfinance,2026-07-10T06:58:07.675573+00:00
2026-06-09 06:15:00+00:00,LINK-USD,15m,7.991000175476074,8.017999649047852,7.980000019073486,7.980999946594238,938272,938272,yfinance,2026-07-10T06:58:07.675573+00:00
2026-06-09 06:30:00+00:00,LINK-USD,15m,7.980000019073486,7.980000019073486,7.952000141143799,7.9730000495910645,1280576,1280576,yfinance,2026-07-10T06:58:07.675573+00:00
2026-06-09 06:45:00+00:00,LINK-USD,15m,7.9730000495910645,7.978000164031982,7.945000171661377,7.948999881744385,765216,765216,yfinance,2026-07-10T06:58:07.675573+00:00
2026-06-09 07:00:00+00:00,LINK-USD,15m,7.956999778747559,7.979000091552734,7.946000099182129,7.946000099182129,53184,53184,yfinance,2026-07-10T06:58:07.675573+00:00
2026-06-09 07:15:00+00:00,LINK-USD,15m,7.940999984741211,7.955999851226807,7.9029998779296875,7.9029998779296875,0,0,yfinance,2026-07-10T06:58:07.675573+00:00
2026-06-09 07:30:00+00:00,LINK-USD,15m,7.9070000648498535,7.940000057220459,7.9070000648498535,7.934000015258789,1168448,1168448,yfinance,2026-07-10T06:58:07.675573+00:00
2026-06-09 07:45:00+00:00,LINK-USD,15m,7.934999942779541,7.940999984741211,7.918000221252441,7.927999973297119,63328,63328,yfinance,2026-07-10T06:58:07.675573+00:00
2026-06-09 08:00:00+00:00,LINK-USD,15m,7.932000160217285,7.932000160217285,7.870999813079834,7.88700008392334,912192,912192,yfinance,2026-07-10T06:58:07.675573+00:00
2026-06-09 08:15:00+00:00,LINK-USD,15m,7.88700008392334,7.910999774932861,7.874000072479248,7.901000022888184,1156416,1156416,yfinance,2026-07-10T06:58:07.675573+00:00
2026-06-09 08:30:00+00:00,LINK-USD,15m,7.896999835968018,7.925000190734863,7.89300012588501,7.915999889373779,95104,95104,yfinance,2026-07-10T06:58:07.675573+00:00
2026-06-09 08:45:00+00:00,LINK-USD,15m,7.913000106811523,7.918000221252441,7.894999980926514,7.894999980926514,19616,19616,yfinance,2026-07-10T06:58:07.675573+00:00
2026-06-09 09:00:00+00:00,LINK-USD,15m,7.894000053405762,7.900000095367432,7.88100004196167,7.900000095367432,0,0,yfinance,2026-07-10T06:58:07.675573+00:00
2026-06-09 09:15:00+00:00,LINK-USD,15m,7.9019999504089355,7.914000034332275,7.882999897003174,7.883999824523926,0,0,yfinance,2026-07-10T06:58:07.675573+00:00
2026-06-09 09:30:00+00:00,LINK-USD,15m,7.881999969482422,7.882999897003174,7.843999862670898,7.8520002365112305,3944160,3944160,yfinance,2026-07-10T06:58:07.675573+00:00
2026-06-09 09:45:00+00:00,LINK-USD,15m,7.855000019073486,7.86299991607666,7.8480000495910645,7.859000205993652,73952,73952,yfinance,2026-07-10T06:58:07.675573+00:00
2026-06-09 10:00:00+00:00,LINK-USD,15m,7.866000175476074,7.875999927520752,7.8429999351501465,7.860000133514404,511008,511008,yfinance,2026-07-10T06:58:07.675573+00:00
2026-06-09 10:15:00+00:00,LINK-USD,15m,7.859000205993652,7.872000217437744,7.8460001945495605,7.872000217437744,577120,577120,yfinance,2026-07-10T06:58:07.675573+00:00
2026-06-09 10:30:00+00:00,LINK-USD,15m,7.872000217437744,7.875,7.85699987411499,7.873000144958496,142848,142848,yfinance,2026-07-10T06:58:07.675573+00:00
2026-06-09 10:45:00+00:00,LINK-USD,15m,7.870999813079834,7.900000095367432,7.864999771118164,7.888999938964844,591840,591840,yfinance,2026-07-10T06:58:07.675573+00:00
2026-06-09 11:00:00+00:00,LINK-USD,15m,7.889999866485596,7.894000053405762,7.855000019073486,7.855000019073486,0,0,yfinance,2026-07-10T06:58:07.675573+00:00
2026-06-09 11:15:00+00:00,LINK-USD,15m,7.855999946594238,7.864999771118164,7.8379998207092285,7.8379998207092285,1578464,1578464,yfinance,2026-07-10T06:58:07.675573+00:00
2026-06-09 11:30:00+00:00,LINK-USD,15m,7.835000038146973,7.854000091552734,7.834000110626221,7.8470001220703125,2074048,2074048,yfinance,2026-07-10T06:58:07.675573+00:00
2026-06-09 11:45:00+00:00,LINK-USD,15m,7.8470001220703125,7.88700008392334,7.8470001220703125,7.88100004196167,0,0,yfinance,2026-07-10T06:58:07.675573+00:00
2026-06-09 12:00:00+00:00,LINK-USD,15m,7.877999782562256,7.932000160217285,7.877999782562256,7.919000148773193,2716000,2716000,yfinance,2026-07-10T06:58:07.675573+00:00
2026-06-09 12:15:00+00:00,LINK-USD,15m,7.916999816894531,7.916999816894531,7.892000198364258,7.9019999504089355,0,0,yfinance,2026-07-10T06:58:07.675573+00:00
2026-06-09 12:30:00+00:00,LINK-USD,15m,7.9019999504089355,7.918000221252441,7.894000053405762,7.901000022888184,0,0,yfinance,2026-07-10T06:58:07.675573+00:00
2026-06-09 12:45:00+00:00,LINK-USD,15m,7.901000022888184,7.931000232696533,7.88700008392334,7.928999900817871,1736064,1736064,yfinance,2026-07-10T06:58:07.675573+00:00
2026-06-09 13:00:00+00:00,LINK-USD,15m,7.932000160217285,7.947999954223633,7.920000076293945,7.923999786376953,618752,618752,yfinance,2026-07-10T06:58:07.675573+00:00
2026-06-09 13:15:00+00:00,LINK-USD,15m,7.925000190734863,7.928999900817871,7.872000217437744,7.889999866485596,885024,885024,yfinance,2026-07-10T06:58:07.675573+00:00
2026-06-09 13:30:00+00:00,LINK-USD,15m,7.886000156402588,7.920000076293945,7.877999782562256,7.916999816894531,129024,129024,yfinance,2026-07-10T06:58:07.675573+00:00
2026-06-09 13:45:00+00:00,LINK-USD,15m,7.922999858856201,7.949999809265137,7.886000156402588,7.886000156402588,898912,898912,yfinance,2026-07-10T06:58:07.675573+00:00
2026-06-09 14:00:00+00:00,LINK-USD,15m,7.883999824523926,7.90500020980835,7.836999893188477,7.836999893188477,296128,296128,yfinance,2026-07-10T06:58:07.675573+00:00
2026-06-09 14:15:00+00:00,LINK-USD,15m,7.834000110626221,7.849999904632568,7.74399995803833,7.748000144958496,2689344,2689344,yfinance,2026-07-10T06:58:07.675573+00:00
2026-06-09 14:30:00+00:00,LINK-USD,15m,7.74399995803833,7.793000221252441,7.735000133514404,7.760000228881836,1888960,1888960,yfinance,2026-07-10T06:58:07.675573+00:00
2026-06-09 14:45:00+00:00,LINK-USD,15m,7.756999969482422,7.804999828338623,7.730999946594238,7.804999828338623,2656032,2656032,yfinance,2026-07-10T06:58:07.675573+00:00
2026-06-09 15:00:00+00:00,LINK-USD,15m,7.802999973297119,7.835999965667725,7.7769999504089355,7.829999923706055,0,0,yfinance,2026-07-10T06:58:07.675573+00:00
2026-06-09 15:15:00+00:00,LINK-USD,15m,7.828000068664551,7.835999965667725,7.761000156402588,7.763000011444092,0,0,yfinance,2026-07-10T06:58:07.675573+00:00
2026-06-09 15:30:00+00:00,LINK-USD,15m,7.771999835968018,7.7789998054504395,7.734000205993652,7.763999938964844,1314080,1314080,yfinance,2026-07-10T06:58:07.675573+00:00
2026-06-09 15:45:00+00:00,LINK-USD,15m,7.765999794006348,7.769999980926514,7.708000183105469,7.7170000076293945,535616,535616,yfinance,2026-07-10T06:58:07.675573+00:00
2026-06-09 16:00:00+00:00,LINK-USD,15m,7.714000225067139,7.73799991607666,7.683000087738037,7.708000183105469,952704,952704,yfinance,2026-07-10T06:58:07.675573+00:00
2026-06-09 16:15:00+00:00,LINK-USD,15m,7.709000110626221,7.7210001945495605,7.665999889373779,7.7170000076293945,1807392,1807392,yfinance,2026-07-10T06:58:07.675573+00:00
2026-06-09 16:30:00+00:00,LINK-USD,15m,7.714000225067139,7.747000217437744,7.64300012588501,7.710000038146973,1673472,1673472,yfinance,2026-07-10T06:58:07.675573+00:00
2026-06-09 16:45:00+00:00,LINK-USD,15m,7.710000038146973,7.736000061035156,7.682000160217285,7.72599983215332,1394016,1394016,yfinance,2026-07-10T06:58:07.675573+00:00
2026-06-09 17:00:00+00:00,LINK-USD,15m,7.729000091552734,7.796999931335449,7.7270002365112305,7.788000106811523,642656,642656,yfinance,2026-07-10T06:58:07.675573+00:00
2026-06-09 17:15:00+00:00,LINK-USD,15m,7.793000221252441,7.836999893188477,7.789999961853027,7.823999881744385,1456928,1456928,yfinance,2026-07-10T06:58:07.675573+00:00
2026-06-09 17:30:00+00:00,LINK-USD,15m,7.827000141143799,7.8429999351501465,7.813000202178955,7.813000202178955,142016,142016,yfinance,2026-07-10T06:58:07.675573+00:00
2026-06-09 17:45:00+00:00,LINK-USD,15m,7.810999870300293,7.821000099182129,7.794000148773193,7.795000076293945,753920,753920,yfinance,2026-07-10T06:58:07.675573+00:00
2026-06-09 18:00:00+00:00,LINK-USD,15m,7.801000118255615,7.816999912261963,7.789999961853027,7.803999900817871,26368,26368,yfinance,2026-07-10T06:58:07.675573+00:00
2026-06-09 18:15:00+00:00,LINK-USD,15m,7.802999973297119,7.860000133514404,7.798999786376953,7.824999809265137,928320,928320,yfinance,2026-07-10T06:58:07.675573+00:00
2026-06-09 18:30:00+00:00,LINK-USD,15m,7.823999881744385,7.848999977111816,7.813000202178955,7.813000202178955,231072,231072,yfinance,2026-07-10T06:58:07.675573+00:00
2026-06-09 18:45:00+00:00,LINK-USD,15m,7.815000057220459,7.859000205993652,7.815000057220459,7.8520002365112305,26336,26336,yfinance,2026-07-10T06:58:07.675573+00:00
2026-06-09 19:00:00+00:00,LINK-USD,15m,7.8480000495910645,7.875999927520752,7.840000152587891,7.848999977111816,4069728,4069728,yfinance,2026-07-10T06:58:07.675573+00:00
2026-06-09 19:15:00+00:00,LINK-USD,15m,7.848999977111816,7.861000061035156,7.835999965667725,7.855000019073486,0,0,yfinance,2026-07-10T06:58:07.675573+00:00
2026-06-09 19:30:00+00:00,LINK-USD,15m,7.860000133514404,7.890999794006348,7.836999893188477,7.853000164031982,594880,594880,yfinance,2026-07-10T06:58:07.675573+00:00
2026-06-09 19:45:00+00:00,LINK-USD,15m,7.8520002365112305,7.883999824523926,7.827000141143799,7.86899995803833,1233568,1233568,yfinance,2026-07-10T06:58:07.675573+00:00
2026-06-09 20:00:00+00:00,LINK-USD,15m,7.867000102996826,7.90500020980835,7.859000205993652,7.90500020980835,187616,187616,yfinance,2026-07-10T06:58:07.675573+00:00
2026-06-09 20:15:00+00:00,LINK-USD,15m,7.908999919891357,7.923999786376953,7.879000186920166,7.9029998779296875,334016,334016,yfinance,2026-07-10T06:58:07.675573+00:00
2026-06-09 20:30:00+00:00,LINK-USD,15m,7.901000022888184,7.916999816894531,7.888999938964844,7.909999847412109,545920,545920,yfinance,2026-07-10T06:58:07.675573+00:00
2026-06-09 20:45:00+00:00,LINK-USD,15m,7.909999847412109,7.909999847412109,7.88700008392334,7.9079999923706055,60768,60768,yfinance,2026-07-10T06:58:07.675573+00:00
2026-06-09 21:00:00+00:00,LINK-USD,15m,7.9120001792907715,7.913000106811523,7.88100004196167,7.8979997634887695,0,0,yfinance,2026-07-10T06:58:07.675573+00:00
2026-06-09 21:15:00+00:00,LINK-USD,15m,7.8979997634887695,7.89900016784668,7.854000091552734,7.85699987411499,0,0,yfinance,2026-07-10T06:58:07.675573+00:00
2026-06-09 21:30:00+00:00,LINK-USD,15m,7.857999801635742,7.867000102996826,7.85099983215332,7.854000091552734,0,0,yfinance,2026-07-10T06:58:07.675573+00:00
2026-06-09 21:45:00+00:00,LINK-USD,15m,7.854000091552734,7.857999801635742,7.8379998207092285,7.840000152587891,0,0,yfinance,2026-07-10T06:58:07.675573+00:00
2026-06-09 22:00:00+00:00,LINK-USD,15m,7.841000080108643,7.857999801635742,7.826000213623047,7.857999801635742,0,0,yfinance,2026-07-10T06:58:07.675573+00:00
2026-06-09 22:15:00+00:00,LINK-USD,15m,7.857999801635742,7.882999897003174,7.8520002365112305,7.86299991607666,744128,744128,yfinance,2026-07-10T06:58:07.675573+00:00
2026-06-09 22:30:00+00:00,LINK-USD,15m,7.864999771118164,7.874000072479248,7.840000152587891,7.8470001220703125,0,0,yfinance,2026-07-10T06:58:07.675573+00:00
2026-06-09 22:45:00+00:00,LINK-USD,15m,7.849999904632568,7.85099983215332,7.818999767303467,7.822999954223633,0,0,yfinance,2026-07-10T06:58:07.675573+00:00
2026-06-09 23:00:00+00:00,LINK-USD,15m,7.823999881744385,7.830999851226807,7.803999900817871,7.822000026702881,0,0,yfinance,2026-07-10T06:58:07.675573+00:00
2026-06-09 23:15:00+00:00,LINK-USD,15m,7.815999984741211,7.8429999351501465,7.810999870300293,7.810999870300293,0,0,yfinance,2026-07-10T06:58:07.675573+00:00
2026-06-09 23:30:00+00:00,LINK-USD,15m,7.813000202178955,7.824999809265137,7.798999786376953,7.822000026702881,2304,2304,yfinance,2026-07-10T06:58:07.675573+00:00
2026-06-09 23:45:00+00:00,LINK-USD,15m,7.822000026702881,7.843999862670898,7.815999984741211,7.833000183105469,94912,94912,yfinance,2026-07-10T06:58:07.675573+00:00
2026-06-10 00:00:00+00:00,LINK-USD,15m,7.841000080108643,7.864999771118164,7.835999965667725,7.855000019073486,0,0,yfinance,2026-07-10T06:58:07.675573+00:00
2026-06-10 00:15:00+00:00,LINK-USD,15m,7.853000164031982,7.853000164031982,7.833000183105469,7.8460001945495605,15328,15328,yfinance,2026-07-10T06:58:07.675573+00:00
2026-06-10 00:30:00+00:00,LINK-USD,15m,7.84499979019165,7.85099983215332,7.7779998779296875,7.7870001792907715,0,0,yfinance,2026-07-10T06:58:07.675573+00:00
2026-06-10 00:45:00+00:00,LINK-USD,15m,7.788000106811523,7.863999843597412,7.785999774932861,7.860000133514404,0,0,yfinance,2026-07-10T06:58:07.675573+00:00
2026-06-10 01:00:00+00:00,LINK-USD,15m,7.86299991607666,7.869999885559082,7.828000068664551,7.8480000495910645,0,0,yfinance,2026-07-10T06:58:07.675573+00:00
2026-06-10 01:15:00+00:00,LINK-USD,15m,7.843999862670898,7.861999988555908,7.828999996185303,7.835000038146973,0,0,yfinance,2026-07-10T06:58:07.675573+00:00
2026-06-10 01:30:00+00:00,LINK-USD,15m,7.829999923706055,7.8429999351501465,7.78000020980835,7.7870001792907715,430400,430400,yfinance,2026-07-10T06:58:07.675573+00:00
2026-06-10 01:45:00+00:00,LINK-USD,15m,7.785999774932861,7.822000026702881,7.7820000648498535,7.797999858856201,1398304,1398304,yfinance,2026-07-10T06:58:07.675573+00:00
2026-06-10 02:00:00+00:00,LINK-USD,15m,7.802000045776367,7.811999797821045,7.78000020980835,7.78000020980835,941376,941376,yfinance,2026-07-10T06:58:07.675573+00:00
2026-06-10 02:15:00+00:00,LINK-USD,15m,7.7820000648498535,7.7829999923706055,7.743000030517578,7.767000198364258,0,0,yfinance,2026-07-10T06:58:07.675573+00:00
2026-06-10 02:30:00+00:00,LINK-USD,15m,7.771999835968018,7.77400016784668,7.7230000495910645,7.728000164031982,0,0,yfinance,2026-07-10T06:58:07.675573+00:00
2026-06-10 02:45:00+00:00,LINK-USD,15m,7.72599983215332,7.730000019073486,7.711999893188477,7.7179999351501465,163168,163168,yfinance,2026-07-10T06:58:07.675573+00:00
2026-06-10 03:00:00+00:00,LINK-USD,15m,7.716000080108643,7.750999927520752,7.715000152587891,7.73199987411499,0,0,yfinance,2026-07-10T06:58:07.675573+00:00
2026-06-10 03:15:00+00:00,LINK-USD,15m,7.732999801635742,7.761000156402588,7.724999904632568,7.761000156402588,0,0,yfinance,2026-07-10T06:58:07.675573+00:00
2026-06-10 03:30:00+00:00,LINK-USD,15m,7.75600004196167,7.760000228881836,7.736000061035156,7.749000072479248,57952,57952,yfinance,2026-07-10T06:58:07.675573+00:00
2026-06-10 03:45:00+00:00,LINK-USD,15m,7.749000072479248,7.754000186920166,7.739999771118164,7.74399995803833,0,0,yfinance,2026-07-10T06:58:07.675573+00:00
2026-06-10 04:00:00+00:00,LINK-USD,15m,7.745999813079834,7.749000072479248,7.7270002365112305,7.738999843597412,0,0,yfinance,2026-07-10T06:58:07.675573+00:00
2026-06-10 04:15:00+00:00,LINK-USD,15m,7.73799991607666,7.74399995803833,7.728000164031982,7.73199987411499,0,0,yfinance,2026-07-10T06:58:07.675573+00:00
2026-06-10 04:30:00+00:00,LINK-USD,15m,7.732999801635742,7.734000205993652,7.690999984741211,7.697000026702881,459936,459936,yfinance,2026-07-10T06:58:07.675573+00:00
2026-06-10 04:45:00+00:00,LINK-USD,15m,7.695000171661377,7.708000183105469,7.686999797821045,7.701000213623047,0,0,yfinance,2026-07-10T06:58:07.675573+00:00
2026-06-10 05:00:00+00:00,LINK-USD,15m,7.702000141143799,7.7129998207092285,7.685999870300293,7.685999870300293,0,0,yfinance,2026-07-10T06:58:07.675573+00:00
2026-06-10 05:15:00+00:00,LINK-USD,15m,7.686999797821045,7.696000099182129,7.6529998779296875,7.696000099182129,465696,465696,yfinance,2026-07-10T06:58:07.675573+00:00
2026-06-10 05:30:00+00:00,LINK-USD,15m,7.697000026702881,7.703000068664551,7.676000118255615,7.686999797821045,73504,73504,yfinance,2026-07-10T06:58:07.675573+00:00
2026-06-10 05:45:00+00:00,LINK-USD,15m,7.685999870300293,7.703999996185303,7.673999786376953,7.695000171661377,0,0,yfinance,2026-07-10T06:58:07.675573+00:00
2026-06-10 06:00:00+00:00,LINK-USD,15m,7.696000099182129,7.715000152587891,7.683000087738037,7.702000141143799,0,0,yfinance,2026-07-10T06:58:07.675573+00:00
2026-06-10 06:15:00+00:00,LINK-USD,15m,7.702000141143799,7.715000152587891,7.693999767303467,7.701000213623047,0,0,yfinance,2026-07-10T06:58:07.675573+00:00
2026-06-10 06:30:00+00:00,LINK-USD,15m,7.701000213623047,7.7170000076293945,7.671999931335449,7.709000110626221,88928,88928,yfinance,2026-07-10T06:58:07.675573+00:00
2026-06-10 06:45:00+00:00,LINK-USD,15m,7.709000110626221,7.7210001945495605,7.705999851226807,7.7170000076293945,0,0,yfinance,2026-07-10T06:58:07.675573+00:00
2026-06-10 07:00:00+00:00,LINK-USD,15m,7.714000225067139,7.755000114440918,7.714000225067139,7.751999855041504,0,0,yfinance,2026-07-10T06:58:07.675573+00:00
2026-06-10 07:15:00+00:00,LINK-USD,15m,7.751999855041504,7.784999847412109,7.749000072479248,7.769999980926514,484800,484800,yfinance,2026-07-10T06:58:07.675573+00:00
2026-06-10 07:30:00+00:00,LINK-USD,15m,7.769000053405762,7.801000118255615,7.756999969482422,7.784999847412109,0,0,yfinance,2026-07-10T06:58:07.675573+00:00
2026-06-10 07:45:00+00:00,LINK-USD,15m,7.784999847412109,7.788000106811523,7.7729997634887695,7.7729997634887695,0,0,yfinance,2026-07-10T06:58:07.675573+00:00
2026-06-10 08:00:00+00:00,LINK-USD,15m,7.775000095367432,7.775000095367432,7.735000133514404,7.748000144958496,0,0,yfinance,2026-07-10T06:58:07.675573+00:00
2026-06-10 08:15:00+00:00,LINK-USD,15m,7.748000144958496,7.770999908447266,7.7210001945495605,7.7230000495910645,113808,113808,yfinance,2026-07-10T06:58:07.675573+00:00
2026-06-10 08:30:00+00:00,LINK-USD,15m,7.7230000495910645,7.736000061035156,7.658999919891357,7.663000106811523,4536016,4536016,yfinance,2026-07-10T06:58:07.675573+00:00
2026-06-10 08:45:00+00:00,LINK-USD,15m,7.663000106811523,7.672999858856201,7.6529998779296875,7.669000148773193,1626528,1626528,yfinance,2026-07-10T06:58:07.675573+00:00
2026-06-10 09:00:00+00:00,LINK-USD,15m,7.671000003814697,7.681000232696533,7.6519999504089355,7.6519999504089355,953920,953920,yfinance,2026-07-10T06:58:07.675573+00:00
2026-06-10 09:15:00+00:00,LINK-USD,15m,7.6539998054504395,7.671000003814697,7.626999855041504,7.665999889373779,1214400,1214400,yfinance,2026-07-10T06:58:07.675573+00:00
2026-06-10 09:30:00+00:00,LINK-USD,15m,7.664999961853027,7.683000087738037,7.663000106811523,7.666999816894531,123936,123936,yfinance,2026-07-10T06:58:07.675573+00:00
2026-06-10 09:45:00+00:00,LINK-USD,15m,7.665999889373779,7.708000183105469,7.650000095367432,7.695000171661377,746848,746848,yfinance,2026-07-10T06:58:07.675573+00:00
2026-06-10 10:00:00+00:00,LINK-USD,15m,7.693999767303467,7.697999954223633,7.6529998779296875,7.666999816894531,0,0,yfinance,2026-07-10T06:58:07.675573+00:00
2026-06-10 10:15:00+00:00,LINK-USD,15m,7.669000148773193,7.682000160217285,7.644000053405762,7.679999828338623,0,0,yfinance,2026-07-10T06:58:07.675573+00:00
2026-06-10 10:30:00+00:00,LINK-USD,15m,7.682000160217285,7.704999923706055,7.676000118255615,7.683000087738037,492512,492512,yfinance,2026-07-10T06:58:07.675573+00:00
2026-06-10 10:45:00+00:00,LINK-USD,15m,7.684999942779541,7.697999954223633,7.678999900817871,7.690000057220459,417728,417728,yfinance,2026-07-10T06:58:07.675573+00:00
2026-06-10 11:00:00+00:00,LINK-USD,15m,7.691999912261963,7.697999954223633,7.614999771118164,7.6519999504089355,5863136,5863136,yfinance,2026-07-10T06:58:07.675573+00:00
2026-06-10 11:15:00+00:00,LINK-USD,15m,7.6479997634887695,7.658999919891357,7.60699987411499,7.625999927520752,449088,449088,yfinance,2026-07-10T06:58:07.675573+00:00
2026-06-10 11:30:00+00:00,LINK-USD,15m,7.625999927520752,7.6529998779296875,7.617000102996826,7.646999835968018,200640,200640,yfinance,2026-07-10T06:58:07.675573+00:00
2026-06-10 11:45:00+00:00,LINK-USD,15m,7.644999980926514,7.660999774932861,7.636000156402588,7.638999938964844,145152,145152,yfinance,2026-07-10T06:58:07.675573+00:00
2026-06-10 12:00:00+00:00,LINK-USD,15m,7.639999866485596,7.6620001792907715,7.620999813079834,7.6570000648498535,0,0,yfinance,2026-07-10T06:58:07.675573+00:00
2026-06-10 12:15:00+00:00,LINK-USD,15m,7.6529998779296875,7.664999961853027,7.629000186920166,7.6529998779296875,143552,143552,yfinance,2026-07-10T06:58:07.675573+00:00
2026-06-10 12:30:00+00:00,LINK-USD,15m,7.675000190734863,7.796000003814697,7.675000190734863,7.748000144958496,6483712,6483712,yfinance,2026-07-10T06:58:07.675573+00:00
2026-06-10 12:45:00+00:00,LINK-USD,15m,7.751999855041504,7.769999980926514,7.73199987411499,7.73199987411499,262848,262848,yfinance,2026-07-10T06:58:07.675573+00:00
2026-06-10 13:00:00+00:00,LINK-USD,15m,7.7270002365112305,7.744999885559082,7.714000225067139,7.73799991607666,0,0,yfinance,2026-07-10T06:58:07.675573+00:00
2026-06-10 13:15:00+00:00,LINK-USD,15m,7.73799991607666,7.757999897003174,7.72599983215332,7.754000186920166,0,0,yfinance,2026-07-10T06:58:07.675573+00:00
2026-06-10 13:30:00+00:00,LINK-USD,15m,7.750999927520752,7.886000156402588,7.750999927520752,7.886000156402588,3063424,3063424,yfinance,2026-07-10T06:58:07.675573+00:00
2026-06-10 13:45:00+00:00,LINK-USD,15m,7.88700008392334,7.889999866485596,7.814000129699707,7.817999839782715,1936896,1936896,yfinance,2026-07-10T06:58:07.675573+00:00
2026-06-10 14:00:00+00:00,LINK-USD,15m,7.815000057220459,7.823999881744385,7.7769999504089355,7.7769999504089355,0,0,yfinance,2026-07-10T06:58:07.675573+00:00
2026-06-10 14:15:00+00:00,LINK-USD,15m,7.7779998779296875,7.794000148773193,7.73799991607666,7.769999980926514,0,0,yfinance,2026-07-10T06:58:07.675573+00:00
2026-06-10 14:30:00+00:00,LINK-USD,15m,7.771999835968018,7.790999889373779,7.734000205993652,7.76200008392334,0,0,yfinance,2026-07-10T06:58:07.675573+00:00
2026-06-10 14:45:00+00:00,LINK-USD,15m,7.757999897003174,7.767000198364258,7.71999979019165,7.764999866485596,0,0,yfinance,2026-07-10T06:58:07.675573+00:00
2026-06-10 15:00:00+00:00,LINK-USD,15m,7.767000198364258,7.803999900817871,7.706999778747559,7.736999988555908,21232,21232,yfinance,2026-07-10T06:58:07.675573+00:00
2026-06-10 15:15:00+00:00,LINK-USD,15m,7.73199987411499,7.809999942779541,7.718999862670898,7.796999931335449,289104,289104,yfinance,2026-07-10T06:58:07.675573+00:00
2026-06-10 15:30:00+00:00,LINK-USD,15m,7.802000045776367,7.814000129699707,7.765999794006348,7.800000190734863,0,0,yfinance,2026-07-10T06:58:07.675573+00:00
2026-06-10 15:45:00+00:00,LINK-USD,15m,7.800000190734863,7.830999851226807,7.734000205993652,7.802000045776367,3483920,3483920,yfinance,2026-07-10T06:58:07.675573+00:00
2026-06-10 16:00:00+00:00,LINK-USD,15m,7.797999858856201,7.815999984741211,7.764999866485596,7.764999866485596,0,0,yfinance,2026-07-10T06:58:07.675573+00:00
2026-06-10 16:15:00+00:00,LINK-USD,15m,7.771999835968018,7.789000034332275,7.7230000495910645,7.758999824523926,99104,99104,yfinance,2026-07-10T06:58:07.675573+00:00
2026-06-10 16:30:00+00:00,LINK-USD,15m,7.756999969482422,7.775000095367432,7.728000164031982,7.74399995803833,0,0,yfinance,2026-07-10T06:58:07.675573+00:00
2026-06-10 16:45:00+00:00,LINK-USD,15m,7.736999988555908,7.736999988555908,7.690999984741211,7.724999904632568,0,0,yfinance,2026-07-10T06:58:07.675573+00:00
2026-06-10 17:00:00+00:00,LINK-USD,15m,7.7230000495910645,7.754000186920166,7.699999809265137,7.705999851226807,0,0,yfinance,2026-07-10T06:58:07.675573+00:00
2026-06-10 17:15:00+00:00,LINK-USD,15m,7.705999851226807,7.729000091552734,7.672999858856201,7.672999858856201,0,0,yfinance,2026-07-10T06:58:07.675573+00:00
2026-06-10 17:30:00+00:00,LINK-USD,15m,7.675000190734863,7.683000087738037,7.639999866485596,7.644999980926514,1354976,1354976,yfinance,2026-07-10T06:58:07.675573+00:00
2026-06-10 17:45:00+00:00,LINK-USD,15m,7.644000053405762,7.689000129699707,7.64300012588501,7.677000045776367,654064,654064,yfinance,2026-07-10T06:58:07.675573+00:00
2026-06-10 18:00:00+00:00,LINK-USD,15m,7.677000045776367,7.690999984741211,7.6479997634887695,7.658999919891357,83200,83200,yfinance,2026-07-10T06:58:07.675573+00:00
2026-06-10 18:15:00+00:00,LINK-USD,15m,7.660999774932861,7.670000076293945,7.632999897003174,7.670000076293945,1254368,1254368,yfinance,2026-07-10T06:58:07.675573+00:00
2026-06-10 18:30:00+00:00,LINK-USD,15m,7.668000221252441,7.671999931335449,7.614999771118164,7.619999885559082,514000,514000,yfinance,2026-07-10T06:58:07.675573+00:00
2026-06-10 18:45:00+00:00,LINK-USD,15m,7.61899995803833,7.6529998779296875,7.6020002365112305,7.6519999504089355,2216800,2216800,yfinance,2026-07-10T06:58:07.675573+00:00
2026-06-10 19:00:00+00:00,LINK-USD,15m,7.65500020980835,7.660999774932861,7.61899995803833,7.625,354256,354256,yfinance,2026-07-10T06:58:07.675573+00:00
2026-06-10 19:15:00+00:00,LINK-USD,15m,7.619999885559082,7.633999824523926,7.59499979019165,7.624000072479248,136624,136624,yfinance,2026-07-10T06:58:07.675573+00:00
2026-06-10 19:30:00+00:00,LINK-USD,15m,7.627999782562256,7.650000095367432,7.616000175476074,7.630000114440918,593120,593120,yfinance,2026-07-10T06:58:07.675573+00:00
2026-06-10 19:45:00+00:00,LINK-USD,15m,7.63100004196167,7.63100004196167,7.599999904632568,7.611000061035156,791808,791808,yfinance,2026-07-10T06:58:07.675573+00:00
2026-06-10 20:00:00+00:00,LINK-USD,15m,7.610000133514404,7.614999771118164,7.571000099182129,7.599999904632568,1037472,1037472,yfinance,2026-07-10T06:58:07.675573+00:00
2026-06-10 20:15:00+00:00,LINK-USD,15m,7.6020002365112305,7.626999855041504,7.585999965667725,7.616000175476074,894032,894032,yfinance,2026-07-10T06:58:07.675573+00:00
2026-06-10 20:30:00+00:00,LINK-USD,15m,7.611000061035156,7.617000102996826,7.593999862670898,7.593999862670898,125248,125248,yfinance,2026-07-10T06:58:07.675573+00:00
2026-06-10 20:45:00+00:00,LINK-USD,15m,7.5929999351501465,7.5980000495910645,7.564000129699707,7.591000080108643,916384,916384,yfinance,2026-07-10T06:58:07.675573+00:00
2026-06-10 21:00:00+00:00,LINK-USD,15m,7.589000225067139,7.590000152587891,7.513999938964844,7.525000095367432,1037200,1037200,yfinance,2026-07-10T06:58:07.675573+00:00
2026-06-10 21:15:00+00:00,LINK-USD,15m,7.531000137329102,7.557000160217285,7.502999782562256,7.551000118255615,3556416,3556416,yfinance,2026-07-10T06:58:07.675573+00:00
2026-06-10 21:30:00+00:00,LINK-USD,15m,7.550000190734863,7.559999942779541,7.535999774932861,7.556000232696533,837040,837040,yfinance,2026-07-10T06:58:07.675573+00:00
2026-06-10 21:45:00+00:00,LINK-USD,15m,7.553999900817871,7.558000087738037,7.486000061035156,7.508999824523926,1638208,1638208,yfinance,2026-07-10T06:58:07.675573+00:00
2026-06-10 22:00:00+00:00,LINK-USD,15m,7.506999969482422,7.514999866485596,7.485000133514404,7.514999866485596,1903168,1903168,yfinance,2026-07-10T06:58:07.675573+00:00
2026-06-10 22:15:00+00:00,LINK-USD,15m,7.507999897003174,7.526000022888184,7.486000061035156,7.514999866485596,1884288,1884288,yfinance,2026-07-10T06:58:07.675573+00:00
2026-06-10 22:30:00+00:00,LINK-USD,15m,7.513999938964844,7.568999767303467,7.513999938964844,7.550000190734863,2587040,2587040,yfinance,2026-07-10T06:58:07.675573+00:00
2026-06-10 22:45:00+00:00,LINK-USD,15m,7.550000190734863,7.550000190734863,7.5279998779296875,7.53000020980835,704192,704192,yfinance,2026-07-10T06:58:07.675573+00:00
2026-06-10 23:00:00+00:00,LINK-USD,15m,7.513000011444092,7.53000020980835,7.508999824523926,7.511000156402588,368960,368960,yfinance,2026-07-10T06:58:07.675573+00:00
2026-06-10 23:15:00+00:00,LINK-USD,15m,7.505000114440918,7.572000026702881,7.5,7.570000171661377,2996256,2996256,yfinance,2026-07-10T06:58:07.675573+00:00
2026-06-10 23:30:00+00:00,LINK-USD,15m,7.568999767303467,7.573999881744385,7.546999931335449,7.566999912261963,328352,328352,yfinance,2026-07-10T06:58:07.675573+00:00
2026-06-10 23:45:00+00:00,LINK-USD,15m,7.566999912261963,7.577000141143799,7.552999973297119,7.553999900817871,554912,554912,yfinance,2026-07-10T06:58:07.675573+00:00
2026-06-11 00:00:00+00:00,LINK-USD,15m,7.556000232696533,7.586999893188477,7.556000232696533,7.586999893188477,347328,347328,yfinance,2026-07-10T06:58:07.675573+00:00
2026-06-11 00:15:00+00:00,LINK-USD,15m,7.5879998207092285,7.623000144958496,7.5879998207092285,7.607999801635742,3408192,3408192,yfinance,2026-07-10T06:58:07.675573+00:00
2026-06-11 00:30:00+00:00,LINK-USD,15m,7.610000133514404,7.611999988555908,7.585999965667725,7.591000080108643,1490528,1490528,yfinance,2026-07-10T06:58:07.675573+00:00
2026-06-11 00:45:00+00:00,LINK-USD,15m,7.591000080108643,7.617000102996826,7.591000080108643,7.605999946594238,2677440,2677440,yfinance,2026-07-10T06:58:07.675573+00:00
2026-06-11 01:00:00+00:00,LINK-USD,15m,7.609000205993652,7.6620001792907715,7.60699987411499,7.658999919891357,1339136,1339136,yfinance,2026-07-10T06:58:07.675573+00:00
2026-06-11 01:15:00+00:00,LINK-USD,15m,7.6579999923706055,7.671000003814697,7.6529998779296875,7.664000034332275,2613216,2613216,yfinance,2026-07-10T06:58:07.675573+00:00
2026-06-11 01:30:00+00:00,LINK-USD,15m,7.668000221252441,7.71999979019165,7.6579999923706055,7.701000213623047,1751680,1751680,yfinance,2026-07-10T06:58:07.675573+00:00
2026-06-11 01:45:00+00:00,LINK-USD,15m,7.701000213623047,7.710000038146973,7.690999984741211,7.693999767303467,1272000,1272000,yfinance,2026-07-10T06:58:07.675573+00:00
2026-06-11 02:00:00+00:00,LINK-USD,15m,7.697999954223633,7.703000068664551,7.664999961853027,7.672999858856201,213312,213312,yfinance,2026-07-10T06:58:07.675573+00:00
2026-06-11 02:15:00+00:00,LINK-USD,15m,7.675000190734863,7.684999942779541,7.64900016784668,7.650000095367432,119232,119232,yfinance,2026-07-10T06:58:07.675573+00:00
2026-06-11 02:30:00+00:00,LINK-USD,15m,7.651000022888184,7.6529998779296875,7.624000072479248,7.64900016784668,171968,171968,yfinance,2026-07-10T06:58:07.675573+00:00
2026-06-11 02:45:00+00:00,LINK-USD,15m,7.646999835968018,7.681000232696533,7.636000156402588,7.663000106811523,598112,598112,yfinance,2026-07-10T06:58:07.675573+00:00
2026-06-11 03:00:00+00:00,LINK-USD,15m,7.665999889373779,7.677999973297119,7.650000095367432,7.658999919891357,642176,642176,yfinance,2026-07-10T06:58:07.675573+00:00
2026-06-11 03:15:00+00:00,LINK-USD,15m,7.660999774932861,7.671000003814697,7.6529998779296875,7.669000148773193,280064,280064,yfinance,2026-07-10T06:58:07.675573+00:00
2026-06-11 03:30:00+00:00,LINK-USD,15m,7.671000003814697,7.723999977111816,7.671000003814697,7.703999996185303,7164992,7164992,yfinance,2026-07-10T06:58:07.675573+00:00
2026-06-11 03:45:00+00:00,LINK-USD,15m,7.704999923706055,7.816999912261963,7.704999923706055,7.794000148773193,7389760,7389760,yfinance,2026-07-10T06:58:07.675573+00:00
2026-06-11 04:00:00+00:00,LINK-USD,15m,7.794000148773193,7.794000148773193,7.769999980926514,7.7870001792907715,4191008,4191008,yfinance,2026-07-10T06:58:07.675573+00:00
2026-06-11 04:15:00+00:00,LINK-USD,15m,7.783999919891357,7.793000221252441,7.77400016784668,7.77400016784668,617568,617568,yfinance,2026-07-10T06:58:07.675573+00:00
2026-06-11 04:30:00+00:00,LINK-USD,15m,7.77400016784668,7.789999961853027,7.763999938964844,7.785999774932861,0,0,yfinance,2026-07-10T06:58:07.675573+00:00
2026-06-11 04:45:00+00:00,LINK-USD,15m,7.790999889373779,7.809999942779541,7.784999847412109,7.789999961853027,730592,730592,yfinance,2026-07-10T06:58:07.675573+00:00
2026-06-11 05:00:00+00:00,LINK-USD,15m,7.785999774932861,7.785999774932861,7.76200008392334,7.775000095367432,0,0,yfinance,2026-07-10T06:58:07.675573+00:00
2026-06-11 05:15:00+00:00,LINK-USD,15m,7.775000095367432,7.785999774932861,7.757999897003174,7.763000011444092,0,0,yfinance,2026-07-10T06:58:07.675573+00:00
2026-06-11 05:30:00+00:00,LINK-USD,15m,7.763999938964844,7.7789998054504395,7.75600004196167,7.7789998054504395,92640,92640,yfinance,2026-07-10T06:58:07.675573+00:00
2026-06-11 05:45:00+00:00,LINK-USD,15m,7.78000020980835,7.7829999923706055,7.754000186920166,7.754000186920166,124128,124128,yfinance,2026-07-10T06:58:07.675573+00:00
2026-06-11 06:00:00+00:00,LINK-USD,15m,7.754000186920166,7.769000053405762,7.736000061035156,7.767000198364258,420896,420896,yfinance,2026-07-10T06:58:07.675573+00:00
2026-06-11 06:15:00+00:00,LINK-USD,15m,7.769000053405762,7.796999931335449,7.76800012588501,7.788000106811523,3024128,3024128,yfinance,2026-07-10T06:58:07.675573+00:00
2026-06-11 06:30:00+00:00,LINK-USD,15m,7.789999961853027,7.796999931335449,7.775000095367432,7.7779998779296875,0,0,yfinance,2026-07-10T06:58:07.675573+00:00
2026-06-11 06:45:00+00:00,LINK-USD,15m,7.7779998779296875,7.7829999923706055,7.755000114440918,7.758999824523926,320480,320480,yfinance,2026-07-10T06:58:07.675573+00:00
2026-06-11 07:00:00+00:00,LINK-USD,15m,7.757999897003174,7.763000011444092,7.747000217437744,7.756999969482422,360256,360256,yfinance,2026-07-10T06:58:07.675573+00:00
2026-06-11 07:15:00+00:00,LINK-USD,15m,7.756999969482422,7.781000137329102,7.75600004196167,7.776000022888184,293952,293952,yfinance,2026-07-10T06:58:07.675573+00:00
2026-06-11 07:30:00+00:00,LINK-USD,15m,7.7769999504089355,7.781000137329102,7.744999885559082,7.75,12384,12384,yfinance,2026-07-10T06:58:07.675573+00:00
2026-06-11 07:45:00+00:00,LINK-USD,15m,7.750999927520752,7.763000011444092,7.750999927520752,7.760000228881836,2065632,2065632,yfinance,2026-07-10T06:58:07.675573+00:00
2026-06-11 08:00:00+00:00,LINK-USD,15m,7.761000156402588,7.789000034332275,7.761000156402588,7.7829999923706055,445216,445216,yfinance,2026-07-10T06:58:07.675573+00:00
2026-06-11 08:15:00+00:00,LINK-USD,15m,7.781000137329102,7.822000026702881,7.781000137329102,7.821000099182129,1230336,1230336,yfinance,2026-07-10T06:58:07.675573+00:00
2026-06-11 08:30:00+00:00,LINK-USD,15m,7.824999809265137,7.834000110626221,7.809999942779541,7.813000202178955,4413184,4413184,yfinance,2026-07-10T06:58:07.675573+00:00
2026-06-11 08:45:00+00:00,LINK-USD,15m,7.811999797821045,7.822999954223633,7.809999942779541,7.815000057220459,0,0,yfinance,2026-07-10T06:58:07.675573+00:00
2026-06-11 09:00:00+00:00,LINK-USD,15m,7.820000171661377,7.822999954223633,7.784999847412109,7.790999889373779,955552,955552,yfinance,2026-07-10T06:58:07.675573+00:00
2026-06-11 09:15:00+00:00,LINK-USD,15m,7.7870001792907715,7.788000106811523,7.776000022888184,7.781000137329102,0,0,yfinance,2026-07-10T06:58:07.675573+00:00
2026-06-11 09:30:00+00:00,LINK-USD,15m,7.78000020980835,7.795000076293945,7.7789998054504395,7.784999847412109,306080,306080,yfinance,2026-07-10T06:58:07.675573+00:00
2026-06-11 09:45:00+00:00,LINK-USD,15m,7.784999847412109,7.804999828338623,7.7829999923706055,7.794000148773193,195584,195584,yfinance,2026-07-10T06:58:07.675573+00:00
2026-06-11 10:00:00+00:00,LINK-USD,15m,7.793000221252441,7.802000045776367,7.781000137329102,7.789999961853027,1477696,1477696,yfinance,2026-07-10T06:58:07.675573+00:00
2026-06-11 10:15:00+00:00,LINK-USD,15m,7.789000034332275,7.793000221252441,7.77400016784668,7.790999889373779,127296,127296,yfinance,2026-07-10T06:58:07.675573+00:00
2026-06-11 10:30:00+00:00,LINK-USD,15m,7.788000106811523,7.801000118255615,7.785999774932861,7.789999961853027,733440,733440,yfinance,2026-07-10T06:58:07.675573+00:00
2026-06-11 10:45:00+00:00,LINK-USD,15m,7.794000148773193,7.822999954223633,7.793000221252441,7.822999954223633,603488,603488,yfinance,2026-07-10T06:58:07.675573+00:00
2026-06-11 11:00:00+00:00,LINK-USD,15m,7.817999839782715,7.828000068664551,7.800000190734863,7.827000141143799,67680,67680,yfinance,2026-07-10T06:58:07.675573+00:00
2026-06-11 11:15:00+00:00,LINK-USD,15m,7.828000068664551,7.835000038146973,7.810999870300293,7.829999923706055,496064,496064,yfinance,2026-07-10T06:58:07.675573+00:00
2026-06-11 11:30:00+00:00,LINK-USD,15m,7.827000141143799,7.840000152587891,7.815999984741211,7.828999996185303,1444768,1444768,yfinance,2026-07-10T06:58:07.675573+00:00
2026-06-11 11:45:00+00:00,LINK-USD,15m,7.828999996185303,7.870999813079834,7.828999996185303,7.849999904632568,1740864,1740864,yfinance,2026-07-10T06:58:07.675573+00:00
2026-06-11 12:00:00+00:00,LINK-USD,15m,7.85099983215332,7.85099983215332,7.827000141143799,7.834000110626221,1409472,1409472,yfinance,2026-07-10T06:58:07.675573+00:00
2026-06-11 12:15:00+00:00,LINK-USD,15m,7.833000183105469,7.843999862670898,7.73799991607666,7.760000228881836,2401856,2401856,yfinance,2026-07-10T06:58:07.675573+00:00
2026-06-11 12:30:00+00:00,LINK-USD,15m,7.770999908447266,7.798999786376953,7.743000030517578,7.798999786376953,429120,429120,yfinance,2026-07-10T06:58:07.675573+00:00
2026-06-11 12:45:00+00:00,LINK-USD,15m,7.789999961853027,7.802000045776367,7.78000020980835,7.793000221252441,1329664,1329664,yfinance,2026-07-10T06:58:07.675573+00:00
2026-06-11 13:00:00+00:00,LINK-USD,15m,7.788000106811523,7.788000106811523,7.765999794006348,7.7829999923706055,0,0,yfinance,2026-07-10T06:58:07.675573+00:00
2026-06-11 13:15:00+00:00,LINK-USD,15m,7.781000137329102,7.802000045776367,7.7729997634887695,7.7729997634887695,1205568,1205568,yfinance,2026-07-10T06:58:07.675573+00:00
2026-06-11 13:30:00+00:00,LINK-USD,15m,7.769999980926514,7.795000076293945,7.754000186920166,7.7870001792907715,542080,542080,yfinance,2026-07-10T06:58:07.675573+00:00
2026-06-11 13:45:00+00:00,LINK-USD,15m,7.789000034332275,7.835999965667725,7.789000034332275,7.804999828338623,1795008,1795008,yfinance,2026-07-10T06:58:07.675573+00:00
2026-06-11 14:00:00+00:00,LINK-USD,15m,7.808000087738037,7.815999984741211,7.756999969482422,7.763000011444092,323392,323392,yfinance,2026-07-10T06:58:07.675573+00:00
2026-06-11 14:15:00+00:00,LINK-USD,15m,7.761000156402588,7.7820000648498535,7.74399995803833,7.7779998779296875,1427680,1427680,yfinance,2026-07-10T06:58:07.675573+00:00
2026-06-11 14:30:00+00:00,LINK-USD,15m,7.78000020980835,7.795000076293945,7.763999938964844,7.77400016784668,1377728,1377728,yfinance,2026-07-10T06:58:07.675573+00:00
2026-06-11 14:45:00+00:00,LINK-USD,15m,7.776000022888184,7.789999961853027,7.747000217437744,7.748000144958496,161984,161984,yfinance,2026-07-10T06:58:07.675573+00:00
2026-06-11 15:00:00+00:00,LINK-USD,15m,7.744999885559082,7.763999938964844,7.706999778747559,7.744999885559082,1236896,1236896,yfinance,2026-07-10T06:58:07.675573+00:00
2026-06-11 15:15:00+00:00,LINK-USD,15m,7.739999771118164,7.763000011444092,7.73199987411499,7.75600004196167,476288,476288,yfinance,2026-07-10T06:58:07.675573+00:00
2026-06-11 15:30:00+00:00,LINK-USD,15m,7.754000186920166,7.7729997634887695,7.738999843597412,7.74399995803833,0,0,yfinance,2026-07-10T06:58:07.675573+00:00
2026-06-11 15:45:00+00:00,LINK-USD,15m,7.744999885559082,7.749000072479248,7.724999904632568,7.749000072479248,0,0,yfinance,2026-07-10T06:58:07.675573+00:00
2026-06-11 16:00:00+00:00,LINK-USD,15m,7.752999782562256,7.76800012588501,7.748000144958496,7.765999794006348,0,0,yfinance,2026-07-10T06:58:07.675573+00:00
2026-06-11 16:15:00+00:00,LINK-USD,15m,7.767000198364258,7.769000053405762,7.715000152587891,7.7210001945495605,0,0,yfinance,2026-07-10T06:58:07.675573+00:00
2026-06-11 16:30:00+00:00,LINK-USD,15m,7.718999862670898,7.755000114440918,7.702000141143799,7.73199987411499,3617696,3617696,yfinance,2026-07-10T06:58:07.675573+00:00
2026-06-11 16:45:00+00:00,LINK-USD,15m,7.735000133514404,7.735000133514404,7.704999923706055,7.709000110626221,3619936,3619936,yfinance,2026-07-10T06:58:07.675573+00:00
2026-06-11 17:00:00+00:00,LINK-USD,15m,7.708000183105469,7.718999862670898,7.685999870300293,7.692999839782715,594528,594528,yfinance,2026-07-10T06:58:07.675573+00:00
2026-06-11 17:15:00+00:00,LINK-USD,15m,7.690000057220459,7.784999847412109,7.677000045776367,7.7829999923706055,313408,313408,yfinance,2026-07-10T06:58:07.675573+00:00
2026-06-11 17:30:00+00:00,LINK-USD,15m,7.802999973297119,7.875999927520752,7.793000221252441,7.875999927520752,8721984,8721984,yfinance,2026-07-10T06:58:07.675573+00:00
2026-06-11 17:45:00+00:00,LINK-USD,15m,7.879000186920166,7.934000015258789,7.860000133514404,7.914000034332275,3449088,3449088,yfinance,2026-07-10T06:58:07.675573+00:00
2026-06-11 18:00:00+00:00,LINK-USD,15m,7.915999889373779,7.936999797821045,7.876999855041504,7.920000076293945,2071520,2071520,yfinance,2026-07-10T06:58:07.675573+00:00
2026-06-11 18:15:00+00:00,LINK-USD,15m,7.920000076293945,7.940999984741211,7.886000156402588,7.89300012588501,2365056,2365056,yfinance,2026-07-10T06:58:07.675573+00:00
2026-06-11 18:30:00+00:00,LINK-USD,15m,7.895999908447266,7.934000015258789,7.895999908447266,7.933000087738037,82176,82176,yfinance,2026-07-10T06:58:07.675573+00:00
2026-06-11 18:45:00+00:00,LINK-USD,15m,7.934999942779541,7.938000202178955,7.915999889373779,7.920000076293945,0,0,yfinance,2026-07-10T06:58:07.675573+00:00
2026-06-11 19:00:00+00:00,LINK-USD,15m,7.919000148773193,7.938000202178955,7.895999908447266,7.914999961853027,0,0,yfinance,2026-07-10T06:58:07.675573+00:00
2026-06-11 19:15:00+00:00,LINK-USD,15m,7.908999919891357,7.934999942779541,7.9079999923706055,7.921999931335449,8448640,8448640,yfinance,2026-07-10T06:58:07.675573+00:00
2026-06-11 19:30:00+00:00,LINK-USD,15m,7.921000003814697,7.97599983215332,7.918000221252441,7.942999839782715,2123040,2123040,yfinance,2026-07-10T06:58:07.675573+00:00
2026-06-11 19:45:00+00:00,LINK-USD,15m,7.940999984741211,7.943999767303467,7.922999858856201,7.934999942779541,105600,105600,yfinance,2026-07-10T06:58:07.675573+00:00
2026-06-11 20:00:00+00:00,LINK-USD,15m,7.941999912261963,7.947999954223633,7.923999786376953,7.934000015258789,712864,712864,yfinance,2026-07-10T06:58:07.675573+00:00
2026-06-11 20:15:00+00:00,LINK-USD,15m,7.932000160217285,7.934999942779541,7.885000228881836,7.88700008392334,139456,139456,yfinance,2026-07-10T06:58:07.675573+00:00
2026-06-11 20:30:00+00:00,LINK-USD,15m,7.883999824523926,7.888999938964844,7.864999771118164,7.866000175476074,3108512,3108512,yfinance,2026-07-10T06:58:07.675573+00:00
2026-06-11 20:45:00+00:00,LINK-USD,15m,7.867000102996826,7.892000198364258,7.866000175476074,7.892000198364258,543776,543776,yfinance,2026-07-10T06:58:07.675573+00:00
2026-06-11 21:00:00+00:00,LINK-USD,15m,7.890999794006348,7.951000213623047,7.890999794006348,7.939000129699707,28992,28992,yfinance,2026-07-10T06:58:07.675573+00:00
2026-06-11 21:15:00+00:00,LINK-USD,15m,7.935999870300293,7.939000129699707,7.923999786376953,7.927000045776367,1388352,1388352,yfinance,2026-07-10T06:58:07.675573+00:00
2026-06-11 21:30:00+00:00,LINK-USD,15m,7.927999973297119,7.935999870300293,7.916999816894531,7.931000232696533,0,0,yfinance,2026-07-10T06:58:07.675573+00:00
2026-06-11 21:45:00+00:00,LINK-USD,15m,7.931000232696533,7.936999797821045,7.908999919891357,7.916999816894531,104160,104160,yfinance,2026-07-10T06:58:07.675573+00:00
2026-06-11 22:00:00+00:00,LINK-USD,15m,7.915999889373779,7.941999912261963,7.914000034332275,7.926000118255615,57984,57984,yfinance,2026-07-10T06:58:07.675573+00:00
2026-06-11 22:15:00+00:00,LINK-USD,15m,7.927999973297119,7.936999797821045,7.919000148773193,7.929999828338623,0,0,yfinance,2026-07-10T06:58:07.675573+00:00
2026-06-11 22:30:00+00:00,LINK-USD,15m,7.929999828338623,7.947999954223633,7.910999774932861,7.910999774932861,0,0,yfinance,2026-07-10T06:58:07.675573+00:00
2026-06-11 22:45:00+00:00,LINK-USD,15m,7.908999919891357,7.919000148773193,7.894999980926514,7.90500020980835,0,0,yfinance,2026-07-10T06:58:07.675573+00:00
2026-06-11 23:00:00+00:00,LINK-USD,15m,7.9019999504089355,7.9019999504089355,7.88700008392334,7.89900016784668,0,0,yfinance,2026-07-10T06:58:07.675573+00:00
2026-06-11 23:15:00+00:00,LINK-USD,15m,7.8979997634887695,7.901000022888184,7.875999927520752,7.875999927520752,0,0,yfinance,2026-07-10T06:58:07.675573+00:00
2026-06-11 23:30:00+00:00,LINK-USD,15m,7.875999927520752,7.916999816894531,7.875,7.901000022888184,153568,153568,yfinance,2026-07-10T06:58:07.675573+00:00
2026-06-11 23:45:00+00:00,LINK-USD,15m,7.89900016784668,7.9029998779296875,7.872000217437744,7.879000186920166,29408,29408,yfinance,2026-07-10T06:58:07.675573+00:00
2026-06-12 00:00:00+00:00,LINK-USD,15m,7.881999969482422,7.90500020980835,7.859000205993652,7.894999980926514,5452896,5452896,yfinance,2026-07-10T06:58:07.675573+00:00
2026-06-12 00:15:00+00:00,LINK-USD,15m,7.892000198364258,7.89900016784668,7.875999927520752,7.892000198364258,0,0,yfinance,2026-07-10T06:58:07.675573+00:00
2026-06-12 00:30:00+00:00,LINK-USD,15m,7.894000053405762,7.913000106811523,7.886000156402588,7.9039998054504395,142048,142048,yfinance,2026-07-10T06:58:07.675573+00:00
2026-06-12 00:45:00+00:00,LINK-USD,15m,7.90500020980835,7.9079999923706055,7.888999938964844,7.888999938964844,0,0,yfinance,2026-07-10T06:58:07.675573+00:00
2026-06-12 01:00:00+00:00,LINK-USD,15m,7.885000228881836,7.888999938964844,7.864999771118164,7.879000186920166,0,0,yfinance,2026-07-10T06:58:07.675573+00:00
2026-06-12 01:15:00+00:00,LINK-USD,15m,7.88100004196167,7.888999938964844,7.8470001220703125,7.85099983215332,0,0,yfinance,2026-07-10T06:58:07.675573+00:00
2026-06-12 01:30:00+00:00,LINK-USD,15m,7.85099983215332,7.86299991607666,7.8470001220703125,7.854000091552734,0,0,yfinance,2026-07-10T06:58:07.675573+00:00
2026-06-12 01:45:00+00:00,LINK-USD,15m,7.855000019073486,7.876999855041504,7.855000019073486,7.875999927520752,0,0,yfinance,2026-07-10T06:58:07.675573+00:00
2026-06-12 02:00:00+00:00,LINK-USD,15m,7.877999782562256,7.923999786376953,7.877999782562256,7.913000106811523,4574624,4574624,yfinance,2026-07-10T06:58:07.675573+00:00
2026-06-12 02:15:00+00:00,LINK-USD,15m,7.913000106811523,7.916999816894531,7.8979997634887695,7.90500020980835,418816,418816,yfinance,2026-07-10T06:58:07.675573+00:00
2026-06-12 02:30:00+00:00,LINK-USD,15m,7.906000137329102,7.922999858856201,7.89900016784668,7.922999858856201,4512,4512,yfinance,2026-07-10T06:58:07.675573+00:00
2026-06-12 02:45:00+00:00,LINK-USD,15m,7.922999858856201,7.922999858856201,7.890999794006348,7.894999980926514,38560,38560,yfinance,2026-07-10T06:58:07.675573+00:00
2026-06-12 03:00:00+00:00,LINK-USD,15m,7.89300012588501,7.9079999923706055,7.888000011444092,7.900000095367432,178592,178592,yfinance,2026-07-10T06:58:07.675573+00:00
2026-06-12 03:15:00+00:00,LINK-USD,15m,7.901000022888184,7.901000022888184,7.864999771118164,7.875999927520752,0,0,yfinance,2026-07-10T06:58:07.675573+00:00
2026-06-12 03:30:00+00:00,LINK-USD,15m,7.88100004196167,7.892000198364258,7.873000144958496,7.883999824523926,0,0,yfinance,2026-07-10T06:58:07.675573+00:00
2026-06-12 03:45:00+00:00,LINK-USD,15m,7.885000228881836,7.894000053405762,7.879000186920166,7.894000053405762,0,0,yfinance,2026-07-10T06:58:07.675573+00:00
2026-06-12 04:00:00+00:00,LINK-USD,15m,7.894999980926514,7.894999980926514,7.875,7.879000186920166,853888,853888,yfinance,2026-07-10T06:58:07.675573+00:00
2026-06-12 04:15:00+00:00,LINK-USD,15m,7.875,7.913000106811523,7.875,7.909999847412109,246976,246976,yfinance,2026-07-10T06:58:07.675573+00:00
2026-06-12 04:30:00+00:00,LINK-USD,15m,7.909999847412109,7.923999786376953,7.89900016784668,7.9070000648498535,280032,280032,yfinance,2026-07-10T06:58:07.675573+00:00
2026-06-12 04:45:00+00:00,LINK-USD,15m,7.9079999923706055,7.914999961853027,7.901000022888184,7.901000022888184,85920,85920,yfinance,2026-07-10T06:58:07.675573+00:00
2026-06-12 05:00:00+00:00,LINK-USD,15m,7.900000095367432,7.900000095367432,7.861000061035156,7.861999988555908,79520,79520,yfinance,2026-07-10T06:58:07.675573+00:00
2026-06-12 05:15:00+00:00,LINK-USD,15m,7.861999988555908,7.874000072479248,7.85699987411499,7.861999988555908,703712,703712,yfinance,2026-07-10T06:58:07.675573+00:00
2026-06-12 05:30:00+00:00,LINK-USD,15m,7.857999801635742,7.86299991607666,7.828999996185303,7.840000152587891,487488,487488,yfinance,2026-07-10T06:58:07.675573+00:00
2026-06-12 05:45:00+00:00,LINK-USD,15m,7.841000080108643,7.8460001945495605,7.824999809265137,7.829999923706055,76672,76672,yfinance,2026-07-10T06:58:07.675573+00:00
2026-06-12 06:00:00+00:00,LINK-USD,15m,7.827000141143799,7.835000038146973,7.814000129699707,7.815999984741211,0,0,yfinance,2026-07-10T06:58:07.675573+00:00
2026-06-12 06:15:00+00:00,LINK-USD,15m,7.817999839782715,7.817999839782715,7.794000148773193,7.796000003814697,3037792,3037792,yfinance,2026-07-10T06:58:07.675573+00:00
2026-06-12 06:30:00+00:00,LINK-USD,15m,7.791999816894531,7.791999816894531,7.745999813079834,7.758999824523926,516256,516256,yfinance,2026-07-10T06:58:07.675573+00:00
2026-06-12 06:45:00+00:00,LINK-USD,15m,7.761000156402588,7.7829999923706055,7.761000156402588,7.769999980926514,275808,275808,yfinance,2026-07-10T06:58:07.675573+00:00
2026-06-12 07:00:00+00:00,LINK-USD,15m,7.77400016784668,7.798999786376953,7.77400016784668,7.7789998054504395,80416,80416,yfinance,2026-07-10T06:58:07.675573+00:00
2026-06-12 07:15:00+00:00,LINK-USD,15m,7.7779998779296875,7.796999931335449,7.775000095367432,7.789999961853027,102080,102080,yfinance,2026-07-10T06:58:07.675573+00:00
2026-06-12 07:30:00+00:00,LINK-USD,15m,7.788000106811523,7.797999858856201,7.7829999923706055,7.793000221252441,0,0,yfinance,2026-07-10T06:58:07.675573+00:00
2026-06-12 07:45:00+00:00,LINK-USD,15m,7.791999816894531,7.816999912261963,7.784999847412109,7.804999828338623,927968,927968,yfinance,2026-07-10T06:58:07.675573+00:00
2026-06-12 08:00:00+00:00,LINK-USD,15m,7.804999828338623,7.835000038146973,7.804999828338623,7.827000141143799,612000,612000,yfinance,2026-07-10T06:58:07.675573+00:00
2026-06-12 08:15:00+00:00,LINK-USD,15m,7.827000141143799,7.875,7.824999809265137,7.86899995803833,2201568,2201568,yfinance,2026-07-10T06:58:07.675573+00:00
2026-06-12 08:30:00+00:00,LINK-USD,15m,7.870999813079834,7.872000217437744,7.843999862670898,7.843999862670898,0,0,yfinance,2026-07-10T06:58:07.675573+00:00
2026-06-12 08:45:00+00:00,LINK-USD,15m,7.843999862670898,7.867000102996826,7.8429999351501465,7.863999843597412,71776,71776,yfinance,2026-07-10T06:58:07.675573+00:00
2026-06-12 09:00:00+00:00,LINK-USD,15m,7.86299991607666,7.875999927520752,7.855000019073486,7.873000144958496,0,0,yfinance,2026-07-10T06:58:07.675573+00:00
2026-06-12 09:15:00+00:00,LINK-USD,15m,7.875,7.914000034332275,7.875,7.908999919891357,701728,701728,yfinance,2026-07-10T06:58:07.675573+00:00
2026-06-12 09:30:00+00:00,LINK-USD,15m,7.909999847412109,7.921999931335449,7.9079999923706055,7.920000076293945,651872,651872,yfinance,2026-07-10T06:58:07.675573+00:00
2026-06-12 09:45:00+00:00,LINK-USD,15m,7.915999889373779,7.932000160217285,7.8979997634887695,7.8979997634887695,2297856,2297856,yfinance,2026-07-10T06:58:07.675573+00:00
2026-06-12 10:00:00+00:00,LINK-USD,15m,7.896999835968018,7.915999889373779,7.889999866485596,7.901000022888184,158080,158080,yfinance,2026-07-10T06:58:07.675573+00:00
2026-06-12 10:15:00+00:00,LINK-USD,15m,7.8979997634887695,7.9029998779296875,7.85699987411499,7.861000061035156,8288,8288,yfinance,2026-07-10T06:58:07.675573+00:00
2026-06-12 10:30:00+00:00,LINK-USD,15m,7.870999813079834,7.88700008392334,7.863999843597412,7.875,0,0,yfinance,2026-07-10T06:58:07.675573+00:00
2026-06-12 10:45:00+00:00,LINK-USD,15m,7.875,7.89300012588501,7.874000072479248,7.885000228881836,0,0,yfinance,2026-07-10T06:58:07.675573+00:00
2026-06-12 11:00:00+00:00,LINK-USD,15m,7.883999824523926,7.9070000648498535,7.883999824523926,7.900000095367432,0,0,yfinance,2026-07-10T06:58:07.675573+00:00
2026-06-12 11:15:00+00:00,LINK-USD,15m,7.900000095367432,7.9120001792907715,7.889999866485596,7.9039998054504395,0,0,yfinance,2026-07-10T06:58:07.675573+00:00
2026-06-12 11:30:00+00:00,LINK-USD,15m,7.9019999504089355,7.9039998054504395,7.879000186920166,7.895999908447266,0,0,yfinance,2026-07-10T06:58:07.675573+00:00
2026-06-12 11:45:00+00:00,LINK-USD,15m,7.900000095367432,7.9039998054504395,7.888000011444092,7.89300012588501,450272,450272,yfinance,2026-07-10T06:58:07.675573+00:00
2026-06-12 12:00:00+00:00,LINK-USD,15m,7.892000198364258,7.900000095367432,7.876999855041504,7.890999794006348,2317152,2317152,yfinance,2026-07-10T06:58:07.675573+00:00
2026-06-12 12:15:00+00:00,LINK-USD,15m,7.894000053405762,7.896999835968018,7.866000175476074,7.870999813079834,0,0,yfinance,2026-07-10T06:58:07.675573+00:00
2026-06-12 12:30:00+00:00,LINK-USD,15m,7.868000030517578,7.889999866485596,7.867000102996826,7.877999782562256,2772416,2772416,yfinance,2026-07-10T06:58:07.675573+00:00
2026-06-12 12:45:00+00:00,LINK-USD,15m,7.877999782562256,7.896999835968018,7.869999885559082,7.88100004196167,0,0,yfinance,2026-07-10T06:58:07.675573+00:00
2026-06-12 13:00:00+00:00,LINK-USD,15m,7.881999969482422,7.886000156402588,7.861000061035156,7.877999782562256,101184,101184,yfinance,2026-07-10T06:58:07.675573+00:00
2026-06-12 13:15:00+00:00,LINK-USD,15m,7.876999855041504,7.886000156402588,7.854000091552734,7.866000175476074,0,0,yfinance,2026-07-10T06:58:07.675573+00:00
2026-06-12 13:30:00+00:00,LINK-USD,15m,7.853000164031982,7.853000164031982,7.789999961853027,7.809999942779541,290496,290496,yfinance,2026-07-10T06:58:07.675573+00:00
2026-06-12 13:45:00+00:00,LINK-USD,15m,7.810999870300293,7.820000171661377,7.77400016784668,7.801000118255615,2538688,2538688,yfinance,2026-07-10T06:58:07.675573+00:00
2026-06-12 14:00:00+00:00,LINK-USD,15m,7.796999931335449,7.853000164031982,7.796999931335449,7.8470001220703125,0,0,yfinance,2026-07-10T06:58:07.675573+00:00
2026-06-12 14:15:00+00:00,LINK-USD,15m,7.8480000495910645,7.888000011444092,7.828000068664551,7.883999824523926,14240,14240,yfinance,2026-07-10T06:58:07.675573+00:00
2026-06-12 14:30:00+00:00,LINK-USD,15m,7.882999897003174,7.922999858856201,7.866000175476074,7.872000217437744,893744,893744,yfinance,2026-07-10T06:58:07.675573+00:00
2026-06-12 14:45:00+00:00,LINK-USD,15m,7.869999885559082,7.968999862670898,7.864999771118164,7.9629998207092285,2231744,2231744,yfinance,2026-07-10T06:58:07.675573+00:00
2026-06-12 15:00:00+00:00,LINK-USD,15m,7.960000038146973,8.001999855041504,7.936999797821045,7.994999885559082,310608,310608,yfinance,2026-07-10T06:58:07.675573+00:00
2026-06-12 15:15:00+00:00,LINK-USD,15m,7.998000144958496,7.999000072479248,7.932000160217285,7.932000160217285,1569760,1569760,yfinance,2026-07-10T06:58:07.675573+00:00
2026-06-12 15:30:00+00:00,LINK-USD,15m,7.928999900817871,7.931000232696533,7.873000144958496,7.886000156402588,1173024,1173024,yfinance,2026-07-10T06:58:07.675573+00:00
2026-06-12 15:45:00+00:00,LINK-USD,15m,7.88700008392334,7.890999794006348,7.806000232696533,7.809000015258789,989232,989232,yfinance,2026-07-10T06:58:07.675573+00:00
2026-06-12 16:00:00+00:00,LINK-USD,15m,7.810999870300293,7.88100004196167,7.796000003814697,7.872000217437744,574224,574224,yfinance,2026-07-10T06:58:07.675573+00:00
2026-06-12 16:15:00+00:00,LINK-USD,15m,7.875,7.883999824523926,7.840000152587891,7.869999885559082,1686160,1686160,yfinance,2026-07-10T06:58:07.675573+00:00
2026-06-12 16:30:00+00:00,LINK-USD,15m,7.868000030517578,7.894000053405762,7.848999977111816,7.866000175476074,137776,137776,yfinance,2026-07-10T06:58:07.675573+00:00
2026-06-12 16:45:00+00:00,LINK-USD,15m,7.86899995803833,7.890999794006348,7.863999843597412,7.888000011444092,241616,241616,yfinance,2026-07-10T06:58:07.675573+00:00
2026-06-12 17:00:00+00:00,LINK-USD,15m,7.888999938964844,7.910999774932861,7.875999927520752,7.883999824523926,604976,604976,yfinance,2026-07-10T06:58:07.675573+00:00
2026-06-12 17:15:00+00:00,LINK-USD,15m,7.880000114440918,7.882999897003174,7.857999801635742,7.875,151328,151328,yfinance,2026-07-10T06:58:07.675573+00:00
2026-06-12 17:30:00+00:00,LINK-USD,15m,7.875999927520752,7.883999824523926,7.863999843597412,7.867000102996826,0,0,yfinance,2026-07-10T06:58:07.675573+00:00
2026-06-12 17:45:00+00:00,LINK-USD,15m,7.869999885559082,7.879000186920166,7.861999988555908,7.870999813079834,0,0,yfinance,2026-07-10T06:58:07.675573+00:00
2026-06-12 18:00:00+00:00,LINK-USD,15m,7.874000072479248,7.880000114440918,7.835000038146973,7.8480000495910645,0,0,yfinance,2026-07-10T06:58:07.675573+00:00
2026-06-12 18:15:00+00:00,LINK-USD,15m,7.8460001945495605,7.849999904632568,7.826000213623047,7.8470001220703125,0,0,yfinance,2026-07-10T06:58:07.675573+00:00
2026-06-12 18:30:00+00:00,LINK-USD,15m,7.848999977111816,7.869999885559082,7.836999893188477,7.864999771118164,0,0,yfinance,2026-07-10T06:58:07.675573+00:00
2026-06-12 18:45:00+00:00,LINK-USD,15m,7.86299991607666,7.86899995803833,7.834000110626221,7.836999893188477,84960,84960,yfinance,2026-07-10T06:58:07.675573+00:00
2026-06-12 19:00:00+00:00,LINK-USD,15m,7.836999893188477,7.859000205993652,7.835999965667725,7.85699987411499,1437104,1437104,yfinance,2026-07-10T06:58:07.675573+00:00
2026-06-12 19:15:00+00:00,LINK-USD,15m,7.85699987411499,7.861999988555908,7.840000152587891,7.85099983215332,816336,816336,yfinance,2026-07-10T06:58:07.675573+00:00
2026-06-12 19:30:00+00:00,LINK-USD,15m,7.854000091552734,7.875,7.830999851226807,7.8470001220703125,0,0,yfinance,2026-07-10T06:58:07.675573+00:00
2026-06-12 19:45:00+00:00,LINK-USD,15m,7.848999977111816,7.848999977111816,7.826000213623047,7.8379998207092285,0,0,yfinance,2026-07-10T06:58:07.675573+00:00
2026-06-12 20:00:00+00:00,LINK-USD,15m,7.8379998207092285,7.8520002365112305,7.829999923706055,7.85099983215332,0,0,yfinance,2026-07-10T06:58:07.675573+00:00
2026-06-12 20:15:00+00:00,LINK-USD,15m,7.849999904632568,7.855000019073486,7.836999893188477,7.855000019073486,0,0,yfinance,2026-07-10T06:58:07.675573+00:00
2026-06-12 20:30:00+00:00,LINK-USD,15m,7.85099983215332,7.861999988555908,7.848999977111816,7.85699987411499,0,0,yfinance,2026-07-10T06:58:07.675573+00:00
2026-06-12 20:45:00+00:00,LINK-USD,15m,7.854000091552734,7.855000019073486,7.828999996185303,7.839000225067139,0,0,yfinance,2026-07-10T06:58:07.675573+00:00
2026-06-12 21:00:00+00:00,LINK-USD,15m,7.839000225067139,7.86899995803833,7.831999778747559,7.860000133514404,0,0,yfinance,2026-07-10T06:58:07.675573+00:00
2026-06-12 21:15:00+00:00,LINK-USD,15m,7.860000133514404,7.86899995803833,7.855999946594238,7.857999801635742,475136,475136,yfinance,2026-07-10T06:58:07.675573+00:00
2026-06-12 21:30:00+00:00,LINK-USD,15m,7.857999801635742,7.872000217437744,7.855999946594238,7.857999801635742,0,0,yfinance,2026-07-10T06:58:07.675573+00:00
2026-06-12 21:45:00+00:00,LINK-USD,15m,7.85699987411499,7.85699987411499,7.818999767303467,7.828999996185303,186736,186736,yfinance,2026-07-10T06:58:07.675573+00:00
2026-06-12 22:00:00+00:00,LINK-USD,15m,7.834000110626221,7.8429999351501465,7.822999954223633,7.8420000076293945,0,0,yfinance,2026-07-10T06:58:07.675573+00:00
2026-06-12 22:15:00+00:00,LINK-USD,15m,7.843999862670898,7.866000175476074,7.8429999351501465,7.855999946594238,960880,960880,yfinance,2026-07-10T06:58:07.675573+00:00
2026-06-12 22:30:00+00:00,LINK-USD,15m,7.855999946594238,7.857999801635742,7.836999893188477,7.8429999351501465,0,0,yfinance,2026-07-10T06:58:07.675573+00:00
2026-06-12 22:45:00+00:00,LINK-USD,15m,7.8429999351501465,7.8460001945495605,7.839000225067139,7.84499979019165,53200,53200,yfinance,2026-07-10T06:58:07.675573+00:00
2026-06-12 23:00:00+00:00,LINK-USD,15m,7.8429999351501465,7.8429999351501465,7.822000026702881,7.823999881744385,0,0,yfinance,2026-07-10T06:58:07.675573+00:00
2026-06-12 23:15:00+00:00,LINK-USD,15m,7.827000141143799,7.833000183105469,7.814000129699707,7.828000068664551,0,0,yfinance,2026-07-10T06:58:07.675573+00:00
2026-06-12 23:30:00+00:00,LINK-USD,15m,7.827000141143799,7.848999977111816,7.822000026702881,7.834000110626221,0,0,yfinance,2026-07-10T06:58:07.675573+00:00
2026-06-12 23:45:00+00:00,LINK-USD,15m,7.8379998207092285,7.863999843597412,7.835999965667725,7.863999843597412,0,0,yfinance,2026-07-10T06:58:07.675573+00:00
2026-06-13 00:00:00+00:00,LINK-USD,15m,7.863999843597412,7.875999927520752,7.855999946594238,7.873000144958496,0,0,yfinance,2026-07-10T06:58:07.675573+00:00
2026-06-13 00:15:00+00:00,LINK-USD,15m,7.875,7.894000053405762,7.875,7.876999855041504,1116128,1116128,yfinance,2026-07-10T06:58:07.675573+00:00
2026-06-13 00:30:00+00:00,LINK-USD,15m,7.876999855041504,7.89900016784668,7.876999855041504,7.890999794006348,323440,323440,yfinance,2026-07-10T06:58:07.675573+00:00
2026-06-13 00:45:00+00:00,LINK-USD,15m,7.888000011444092,7.89300012588501,7.875999927520752,7.882999897003174,181200,181200,yfinance,2026-07-10T06:58:07.675573+00:00
2026-06-13 01:00:00+00:00,LINK-USD,15m,7.885000228881836,7.9079999923706055,7.883999824523926,7.90500020980835,268336,268336,yfinance,2026-07-10T06:58:07.675573+00:00
2026-06-13 01:15:00+00:00,LINK-USD,15m,7.90500020980835,7.9070000648498535,7.889999866485596,7.9070000648498535,5120,5120,yfinance,2026-07-10T06:58:07.675573+00:00
2026-06-13 01:30:00+00:00,LINK-USD,15m,7.908999919891357,7.943999767303467,7.90500020980835,7.933000087738037,690432,690432,yfinance,2026-07-10T06:58:07.675573+00:00
2026-06-13 01:45:00+00:00,LINK-USD,15m,7.933000087738037,7.942999839782715,7.933000087738037,7.940000057220459,1222288,1222288,yfinance,2026-07-10T06:58:07.675573+00:00
2026-06-13 02:00:00+00:00,LINK-USD,15m,7.936999797821045,7.936999797821045,7.926000118255615,7.929999828338623,49328,49328,yfinance,2026-07-10T06:58:07.675573+00:00
2026-06-13 02:15:00+00:00,LINK-USD,15m,7.927999973297119,7.927999973297119,7.906000137329102,7.910999774932861,345168,345168,yfinance,2026-07-10T06:58:07.675573+00:00
2026-06-13 02:30:00+00:00,LINK-USD,15m,7.910999774932861,7.920000076293945,7.9029998779296875,7.9079999923706055,1019872,1019872,yfinance,2026-07-10T06:58:07.675573+00:00
2026-06-13 02:45:00+00:00,LINK-USD,15m,7.910999774932861,7.913000106811523,7.8979997634887695,7.90500020980835,108832,108832,yfinance,2026-07-10T06:58:07.675573+00:00
2026-06-13 03:00:00+00:00,LINK-USD,15m,7.906000137329102,7.918000221252441,7.9029998779296875,7.9029998779296875,0,0,yfinance,2026-07-10T06:58:07.675573+00:00
2026-06-13 03:15:00+00:00,LINK-USD,15m,7.9029998779296875,7.90500020980835,7.868000030517578,7.873000144958496,360256,360256,yfinance,2026-07-10T06:58:07.675573+00:00
2026-06-13 03:30:00+00:00,LINK-USD,15m,7.873000144958496,7.885000228881836,7.873000144958496,7.882999897003174,573776,573776,yfinance,2026-07-10T06:58:07.675573+00:00
2026-06-13 03:45:00+00:00,LINK-USD,15m,7.882999897003174,7.89300012588501,7.88100004196167,7.888999938964844,29456,29456,yfinance,2026-07-10T06:58:07.675573+00:00
2026-06-13 04:00:00+00:00,LINK-USD,15m,7.888000011444092,7.894000053405762,7.866000175476074,7.872000217437744,0,0,yfinance,2026-07-10T06:58:07.675573+00:00
2026-06-13 04:15:00+00:00,LINK-USD,15m,7.872000217437744,7.885000228881836,7.868000030517578,7.870999813079834,0,0,yfinance,2026-07-10T06:58:07.675573+00:00
2026-06-13 04:30:00+00:00,LINK-USD,15m,7.876999855041504,7.896999835968018,7.875,7.894999980926514,0,0,yfinance,2026-07-10T06:58:07.675573+00:00
2026-06-13 04:45:00+00:00,LINK-USD,15m,7.89300012588501,7.90500020980835,7.874000072479248,7.874000072479248,83456,83456,yfinance,2026-07-10T06:58:07.675573+00:00
2026-06-13 05:00:00+00:00,LINK-USD,15m,7.876999855041504,7.890999794006348,7.872000217437744,7.886000156402588,0,0,yfinance,2026-07-10T06:58:07.675573+00:00
2026-06-13 05:15:00+00:00,LINK-USD,15m,7.886000156402588,7.886000156402588,7.86899995803833,7.86899995803833,0,0,yfinance,2026-07-10T06:58:07.675573+00:00
2026-06-13 05:30:00+00:00,LINK-USD,15m,7.86899995803833,7.886000156402588,7.867000102996826,7.875999927520752,50704,50704,yfinance,2026-07-10T06:58:07.675573+00:00
2026-06-13 05:45:00+00:00,LINK-USD,15m,7.875,7.877999782562256,7.854000091552734,7.877999782562256,0,0,yfinance,2026-07-10T06:58:07.675573+00:00
2026-06-13 06:00:00+00:00,LINK-USD,15m,7.880000114440918,7.88700008392334,7.875999927520752,7.875999927520752,0,0,yfinance,2026-07-10T06:58:07.675573+00:00
2026-06-13 06:15:00+00:00,LINK-USD,15m,7.875999927520752,7.880000114440918,7.861000061035156,7.880000114440918,0,0,yfinance,2026-07-10T06:58:07.675573+00:00
2026-06-13 06:30:00+00:00,LINK-USD,15m,7.882999897003174,7.89900016784668,7.877999782562256,7.89900016784668,0,0,yfinance,2026-07-10T06:58:07.675573+00:00
2026-06-13 06:45:00+00:00,LINK-USD,15m,7.896999835968018,7.929999828338623,7.896999835968018,7.920000076293945,1694544,1694544,yfinance,2026-07-10T06:58:07.675573+00:00
2026-06-13 07:00:00+00:00,LINK-USD,15m,7.921000003814697,7.922999858856201,7.89300012588501,7.921999931335449,0,0,yfinance,2026-07-10T06:58:07.675573+00:00
2026-06-13 07:15:00+00:00,LINK-USD,15m,7.921999931335449,7.961999893188477,7.914000034332275,7.956999778747559,667872,667872,yfinance,2026-07-10T06:58:07.675573+00:00
2026-06-13 07:30:00+00:00,LINK-USD,15m,7.955999851226807,7.955999851226807,7.935999870300293,7.947000026702881,815744,815744,yfinance,2026-07-10T06:58:07.675573+00:00
2026-06-13 07:45:00+00:00,LINK-USD,15m,7.945000171661377,7.964000225067139,7.945000171661377,7.958000183105469,619712,619712,yfinance,2026-07-10T06:58:07.675573+00:00
2026-06-13 08:00:00+00:00,LINK-USD,15m,7.951000213623047,7.9670000076293945,7.946000099182129,7.953000068664551,431248,431248,yfinance,2026-07-10T06:58:07.675573+00:00
2026-06-13 08:15:00+00:00,LINK-USD,15m,7.953000068664551,7.958000183105469,7.940999984741211,7.955999851226807,0,0,yfinance,2026-07-10T06:58:07.675573+00:00
2026-06-13 08:30:00+00:00,LINK-USD,15m,7.955999851226807,7.979000091552734,7.953000068664551,7.968999862670898,1164832,1164832,yfinance,2026-07-10T06:58:07.675573+00:00
2026-06-13 08:45:00+00:00,LINK-USD,15m,7.968999862670898,7.96999979019165,7.956999778747559,7.956999778747559,132416,132416,yfinance,2026-07-10T06:58:07.675573+00:00
2026-06-13 09:00:00+00:00,LINK-USD,15m,7.956999778747559,7.964000225067139,7.951000213623047,7.960000038146973,0,0,yfinance,2026-07-10T06:58:07.675573+00:00
2026-06-13 09:15:00+00:00,LINK-USD,15m,7.960000038146973,7.9730000495910645,7.953999996185303,7.953999996185303,0,0,yfinance,2026-07-10T06:58:07.675573+00:00
2026-06-13 09:30:00+00:00,LINK-USD,15m,7.953999996185303,7.955999851226807,7.945000171661377,7.948999881744385,0,0,yfinance,2026-07-10T06:58:07.675573+00:00
2026-06-13 09:45:00+00:00,LINK-USD,15m,7.951000213623047,7.951000213623047,7.941999912261963,7.947999954223633,0,0,yfinance,2026-07-10T06:58:07.675573+00:00
2026-06-13 10:00:00+00:00,LINK-USD,15m,7.949999809265137,7.960000038146973,7.947999954223633,7.953000068664551,0,0,yfinance,2026-07-10T06:58:07.675573+00:00
2026-06-13 10:15:00+00:00,LINK-USD,15m,7.953999996185303,7.960999965667725,7.945000171661377,7.954999923706055,0,0,yfinance,2026-07-10T06:58:07.675573+00:00
2026-06-13 10:30:00+00:00,LINK-USD,15m,7.954999923706055,7.965000152587891,7.954999923706055,7.9629998207092285,0,0,yfinance,2026-07-10T06:58:07.675573+00:00
2026-06-13 10:45:00+00:00,LINK-USD,15m,7.964000225067139,7.9710001945495605,7.947999954223633,7.956999778747559,85472,85472,yfinance,2026-07-10T06:58:07.675573+00:00
2026-06-13 11:00:00+00:00,LINK-USD,15m,7.959000110626221,7.980000019073486,7.952000141143799,7.980000019073486,90656,90656,yfinance,2026-07-10T06:58:07.675573+00:00
2026-06-13 11:15:00+00:00,LINK-USD,15m,7.980000019073486,7.986999988555908,7.9770002365112305,7.986000061035156,2569808,2569808,yfinance,2026-07-10T06:58:07.675573+00:00
2026-06-13 11:30:00+00:00,LINK-USD,15m,7.986000061035156,7.986000061035156,7.9720001220703125,7.9720001220703125,0,0,yfinance,2026-07-10T06:58:07.675573+00:00
2026-06-13 11:45:00+00:00,LINK-USD,15m,7.9730000495910645,7.985000133514404,7.968999862670898,7.985000133514404,0,0,yfinance,2026-07-10T06:58:07.675573+00:00
2026-06-13 12:00:00+00:00,LINK-USD,15m,7.985000133514404,7.986000061035156,7.9730000495910645,7.985000133514404,0,0,yfinance,2026-07-10T06:58:07.675573+00:00
2026-06-13 12:15:00+00:00,LINK-USD,15m,7.98199987411499,7.991000175476074,7.980000019073486,7.984000205993652,566208,566208,yfinance,2026-07-10T06:58:07.675573+00:00
2026-06-13 12:30:00+00:00,LINK-USD,15m,7.984000205993652,7.99399995803833,7.982999801635742,7.991000175476074,0,0,yfinance,2026-07-10T06:58:07.675573+00:00
2026-06-13 12:45:00+00:00,LINK-USD,15m,7.991000175476074,8.024999618530273,7.991000175476074,8.003000259399414,78976,78976,yfinance,2026-07-10T06:58:07.675573+00:00
2026-06-13 13:00:00+00:00,LINK-USD,15m,8.005000114440918,8.005999565124512,7.992000102996826,7.998000144958496,29456,29456,yfinance,2026-07-10T06:58:07.675573+00:00
2026-06-13 13:15:00+00:00,LINK-USD,15m,7.997000217437744,8.00100040435791,7.991000175476074,7.993000030517578,83040,83040,yfinance,2026-07-10T06:58:07.675573+00:00
2026-06-13 13:30:00+00:00,LINK-USD,15m,7.995999813079834,8.0,7.979000091552734,7.992000102996826,0,0,yfinance,2026-07-10T06:58:07.675573+00:00
2026-06-13 13:45:00+00:00,LINK-USD,15m,7.988999843597412,7.989999771118164,7.973999977111816,7.989999771118164,0,0,yfinance,2026-07-10T06:58:07.675573+00:00
2026-06-13 14:00:00+00:00,LINK-USD,15m,7.991000175476074,8.008000373840332,7.986999988555908,8.005999565124512,0,0,yfinance,2026-07-10T06:58:07.675573+00:00
2026-06-13 14:15:00+00:00,LINK-USD,15m,8.005999565124512,8.01200008392334,7.989999771118164,7.992000102996826,0,0,yfinance,2026-07-10T06:58:07.675573+00:00
2026-06-13 14:30:00+00:00,LINK-USD,15m,7.995999813079834,8.00100040435791,7.98799991607666,7.994999885559082,0,0,yfinance,2026-07-10T06:58:07.675573+00:00
2026-06-13 14:45:00+00:00,LINK-USD,15m,7.994999885559082,8.008999824523926,7.994999885559082,8.005000114440918,0,0,yfinance,2026-07-10T06:58:07.675573+00:00
2026-06-13 15:00:00+00:00,LINK-USD,15m,8.005999565124512,8.01099967956543,7.995999813079834,8.01099967956543,0,0,yfinance,2026-07-10T06:58:07.675573+00:00
2026-06-13 15:15:00+00:00,LINK-USD,15m,8.01200008392334,8.02299976348877,8.01099967956543,8.020000457763672,404544,404544,yfinance,2026-07-10T06:58:07.675573+00:00
2026-06-13 15:30:00+00:00,LINK-USD,15m,8.019000053405762,8.036999702453613,8.01200008392334,8.01200008392334,499392,499392,yfinance,2026-07-10T06:58:07.675573+00:00
2026-06-13 15:45:00+00:00,LINK-USD,15m,8.012999534606934,8.024999618530273,8.003999710083008,8.020999908447266,0,0,yfinance,2026-07-10T06:58:07.675573+00:00
2026-06-13 16:00:00+00:00,LINK-USD,15m,8.02299976348877,8.02400016784668,7.988999843597412,7.995999813079834,978384,978384,yfinance,2026-07-10T06:58:07.675573+00:00
2026-06-13 16:15:00+00:00,LINK-USD,15m,7.99399995803833,7.99399995803833,7.946000099182129,7.9720001220703125,833360,833360,yfinance,2026-07-10T06:58:07.675573+00:00
2026-06-13 16:30:00+00:00,LINK-USD,15m,7.9679999351501465,7.978000164031982,7.953000068664551,7.978000164031982,2027920,2027920,yfinance,2026-07-10T06:58:07.675573+00:00
2026-06-13 16:45:00+00:00,LINK-USD,15m,7.974999904632568,7.997000217437744,7.956999778747559,7.989999771118164,1490272,1490272,yfinance,2026-07-10T06:58:07.675573+00:00
2026-06-13 17:00:00+00:00,LINK-USD,15m,7.988999843597412,7.99399995803833,7.97599983215332,7.989999771118164,0,0,yfinance,2026-07-10T06:58:07.675573+00:00
2026-06-13 17:15:00+00:00,LINK-USD,15m,7.993000030517578,8.01200008392334,7.989999771118164,8.01200008392334,546544,546544,yfinance,2026-07-10T06:58:07.675573+00:00
2026-06-13 17:30:00+00:00,LINK-USD,15m,8.012999534606934,8.019000053405762,8.008000373840332,8.017000198364258,726096,726096,yfinance,2026-07-10T06:58:07.675573+00:00
2026-06-13 17:45:00+00:00,LINK-USD,15m,8.015000343322754,8.019000053405762,7.98199987411499,7.988999843597412,371664,371664,yfinance,2026-07-10T06:58:07.675573+00:00
2026-06-13 18:00:00+00:00,LINK-USD,15m,7.98799991607666,8.003999710083008,7.986999988555908,7.994999885559082,2048,2048,yfinance,2026-07-10T06:58:07.675573+00:00
2026-06-13 18:15:00+00:00,LINK-USD,15m,7.994999885559082,8.017000198364258,7.986999988555908,8.015000343322754,0,0,yfinance,2026-07-10T06:58:07.675573+00:00
2026-06-13 18:30:00+00:00,LINK-USD,15m,8.012999534606934,8.015999794006348,7.997000217437744,8.01200008392334,351472,351472,yfinance,2026-07-10T06:58:07.675573+00:00
2026-06-13 18:45:00+00:00,LINK-USD,15m,8.01200008392334,8.015000343322754,7.966000080108643,7.980000019073486,2735808,2735808,yfinance,2026-07-10T06:58:07.675573+00:00
2026-06-13 19:00:00+00:00,LINK-USD,15m,7.980000019073486,7.982999801635742,7.968999862670898,7.9770002365112305,0,0,yfinance,2026-07-10T06:58:07.675573+00:00
2026-06-13 19:15:00+00:00,LINK-USD,15m,7.9770002365112305,7.9770002365112305,7.960999965667725,7.968999862670898,88032,88032,yfinance,2026-07-10T06:58:07.675573+00:00
2026-06-13 19:30:00+00:00,LINK-USD,15m,7.96999979019165,8.003000259399414,7.9679999351501465,8.003000259399414,1439600,1439600,yfinance,2026-07-10T06:58:07.675573+00:00
2026-06-13 19:45:00+00:00,LINK-USD,15m,8.00100040435791,8.005000114440918,7.988999843597412,7.989999771118164,259792,259792,yfinance,2026-07-10T06:58:07.675573+00:00
2026-06-13 20:00:00+00:00,LINK-USD,15m,7.988999843597412,7.988999843597412,7.9679999351501465,7.974999904632568,0,0,yfinance,2026-07-10T06:58:07.675573+00:00
2026-06-13 20:15:00+00:00,LINK-USD,15m,7.974999904632568,7.985000133514404,7.9670000076293945,7.96999979019165,16016,16016,yfinance,2026-07-10T06:58:07.675573+00:00
2026-06-13 20:30:00+00:00,LINK-USD,15m,7.96999979019165,7.978000164031982,7.965000152587891,7.973999977111816,187424,187424,yfinance,2026-07-10T06:58:07.675573+00:00
2026-06-13 20:45:00+00:00,LINK-USD,15m,7.973999977111816,7.98799991607666,7.9730000495910645,7.98199987411499,0,0,yfinance,2026-07-10T06:58:07.675573+00:00
2026-06-13 21:00:00+00:00,LINK-USD,15m,7.98199987411499,7.982999801635742,7.953000068664551,7.954999923706055,779296,779296,yfinance,2026-07-10T06:58:07.675573+00:00
2026-06-13 21:15:00+00:00,LINK-USD,15m,7.959000110626221,7.966000080108643,7.955999851226807,7.964000225067139,1052160,1052160,yfinance,2026-07-10T06:58:07.675573+00:00
2026-06-13 21:30:00+00:00,LINK-USD,15m,7.964000225067139,8.041999816894531,7.960999965667725,8.027999877929688,802800,802800,yfinance,2026-07-10T06:58:07.675573+00:00
2026-06-13 21:45:00+00:00,LINK-USD,15m,8.031999588012695,8.034000396728516,8.012999534606934,8.017999649047852,1619216,1619216,yfinance,2026-07-10T06:58:07.675573+00:00
2026-06-13 22:00:00+00:00,LINK-USD,15m,8.020000457763672,8.020000457763672,7.98799991607666,7.993000030517578,89696,89696,yfinance,2026-07-10T06:58:07.675573+00:00
2026-06-13 22:15:00+00:00,LINK-USD,15m,7.993000030517578,8.0,7.988999843597412,7.99399995803833,247648,247648,yfinance,2026-07-10T06:58:07.675573+00:00
2026-06-13 22:30:00+00:00,LINK-USD,15m,7.994999885559082,8.003000259399414,7.982999801635742,7.982999801635742,240352,240352,yfinance,2026-07-10T06:58:07.675573+00:00
2026-06-13 22:45:00+00:00,LINK-USD,15m,7.984000205993652,7.99399995803833,7.98199987411499,7.98199987411499,300016,300016,yfinance,2026-07-10T06:58:07.675573+00:00
2026-06-13 23:00:00+00:00,LINK-USD,15m,7.9770002365112305,7.984000205993652,7.9720001220703125,7.974999904632568,569216,569216,yfinance,2026-07-10T06:58:07.675573+00:00
2026-06-13 23:15:00+00:00,LINK-USD,15m,7.974999904632568,7.988999843597412,7.965000152587891,7.968999862670898,264576,264576,yfinance,2026-07-10T06:58:07.675573+00:00
2026-06-13 23:30:00+00:00,LINK-USD,15m,7.9679999351501465,7.988999843597412,7.964000225067139,7.974999904632568,451696,451696,yfinance,2026-07-10T06:58:07.675573+00:00
2026-06-13 23:45:00+00:00,LINK-USD,15m,7.973999977111816,7.985000133514404,7.965000152587891,7.98199987411499,483872,483872,yfinance,2026-07-10T06:58:07.675573+00:00
2026-06-14 00:00:00+00:00,LINK-USD,15m,7.982999801635742,7.982999801635742,7.958000183105469,7.960999965667725,481040,481040,yfinance,2026-07-10T06:58:07.675573+00:00
2026-06-14 00:15:00+00:00,LINK-USD,15m,7.964000225067139,7.9720001220703125,7.956999778747559,7.960000038146973,123600,123600,yfinance,2026-07-10T06:58:07.675573+00:00
2026-06-14 00:30:00+00:00,LINK-USD,15m,7.960000038146973,7.978000164031982,7.960000038146973,7.9730000495910645,121040,121040,yfinance,2026-07-10T06:58:07.675573+00:00
2026-06-14 00:45:00+00:00,LINK-USD,15m,7.9730000495910645,7.973999977111816,7.956999778747559,7.964000225067139,143664,143664,yfinance,2026-07-10T06:58:07.675573+00:00
2026-06-14 01:00:00+00:00,LINK-USD,15m,7.9629998207092285,7.984000205993652,7.954999923706055,7.980000019073486,124608,124608,yfinance,2026-07-10T06:58:07.675573+00:00
2026-06-14 01:15:00+00:00,LINK-USD,15m,7.978000164031982,8.003999710083008,7.978000164031982,7.993000030517578,350224,350224,yfinance,2026-07-10T06:58:07.675573+00:00
2026-06-14 01:30:00+00:00,LINK-USD,15m,7.992000102996826,7.992000102996826,7.9770002365112305,7.980999946594238,54592,54592,yfinance,2026-07-10T06:58:07.675573+00:00
2026-06-14 01:45:00+00:00,LINK-USD,15m,7.978000164031982,7.988999843597412,7.968999862670898,7.968999862670898,0,0,yfinance,2026-07-10T06:58:07.675573+00:00
2026-06-14 02:00:00+00:00,LINK-USD,15m,7.968999862670898,7.997000217437744,7.966000080108643,7.995999813079834,287456,287456,yfinance,2026-07-10T06:58:07.675573+00:00
2026-06-14 02:15:00+00:00,LINK-USD,15m,7.995999813079834,8.0,7.958000183105469,7.964000225067139,98928,98928,yfinance,2026-07-10T06:58:07.675573+00:00
2026-06-14 02:30:00+00:00,LINK-USD,15m,7.9629998207092285,7.9670000076293945,7.953999996185303,7.954999923706055,105424,105424,yfinance,2026-07-10T06:58:07.675573+00:00
2026-06-14 02:45:00+00:00,LINK-USD,15m,7.954999923706055,7.9629998207092285,7.951000213623047,7.960000038146973,556400,556400,yfinance,2026-07-10T06:58:07.675573+00:00
2026-06-14 03:00:00+00:00,LINK-USD,15m,7.958000183105469,7.959000110626221,7.952000141143799,7.953999996185303,68464,68464,yfinance,2026-07-10T06:58:07.675573+00:00
2026-06-14 03:15:00+00:00,LINK-USD,15m,7.952000141143799,7.9710001945495605,7.952000141143799,7.96999979019165,0,0,yfinance,2026-07-10T06:58:07.675573+00:00
2026-06-14 03:30:00+00:00,LINK-USD,15m,7.96999979019165,7.9720001220703125,7.951000213623047,7.951000213623047,120960,120960,yfinance,2026-07-10T06:58:07.675573+00:00
2026-06-14 03:45:00+00:00,LINK-USD,15m,7.951000213623047,7.965000152587891,7.949999809265137,7.960999965667725,703152,703152,yfinance,2026-07-10T06:58:07.675573+00:00
2026-06-14 04:00:00+00:00,LINK-USD,15m,7.960999965667725,7.9629998207092285,7.940000057220459,7.948999881744385,143840,143840,yfinance,2026-07-10T06:58:07.675573+00:00
2026-06-14 04:15:00+00:00,LINK-USD,15m,7.948999881744385,7.953999996185303,7.936999797821045,7.940999984741211,116784,116784,yfinance,2026-07-10T06:58:07.675573+00:00
2026-06-14 04:30:00+00:00,LINK-USD,15m,7.939000129699707,7.941999912261963,7.918000221252441,7.919000148773193,464816,464816,yfinance,2026-07-10T06:58:07.675573+00:00
2026-06-14 04:45:00+00:00,LINK-USD,15m,7.919000148773193,7.919000148773193,7.9039998054504395,7.915999889373779,3036176,3036176,yfinance,2026-07-10T06:58:07.675573+00:00
2026-06-14 05:00:00+00:00,LINK-USD,15m,7.916999816894531,7.919000148773193,7.908999919891357,7.9120001792907715,203584,203584,yfinance,2026-07-10T06:58:07.675573+00:00
2026-06-14 05:15:00+00:00,LINK-USD,15m,7.9120001792907715,7.913000106811523,7.900000095367432,7.900000095367432,191200,191200,yfinance,2026-07-10T06:58:07.675573+00:00
2026-06-14 05:30:00+00:00,LINK-USD,15m,7.896999835968018,7.925000190734863,7.89300012588501,7.922999858856201,1343504,1343504,yfinance,2026-07-10T06:58:07.675573+00:00
2026-06-14 05:45:00+00:00,LINK-USD,15m,7.922999858856201,7.929999828338623,7.918000221252441,7.921000003814697,186160,186160,yfinance,2026-07-10T06:58:07.675573+00:00
2026-06-14 06:00:00+00:00,LINK-USD,15m,7.921999931335449,7.949999809265137,7.921999931335449,7.947999954223633,625728,625728,yfinance,2026-07-10T06:58:07.675573+00:00
2026-06-14 06:15:00+00:00,LINK-USD,15m,7.947999954223633,7.947999954223633,7.929999828338623,7.940999984741211,416080,416080,yfinance,2026-07-10T06:58:07.675573+00:00
2026-06-14 06:30:00+00:00,LINK-USD,15m,7.939000129699707,7.940999984741211,7.916999816894531,7.920000076293945,2219200,2219200,yfinance,2026-07-10T06:58:07.675573+00:00
2026-06-14 06:45:00+00:00,LINK-USD,15m,7.920000076293945,7.920000076293945,7.910999774932861,7.915999889373779,0,0,yfinance,2026-07-10T06:58:07.675573+00:00
2026-06-14 07:00:00+00:00,LINK-USD,15m,7.916999816894531,7.918000221252441,7.9019999504089355,7.908999919891357,0,0,yfinance,2026-07-10T06:58:07.675573+00:00
2026-06-14 07:15:00+00:00,LINK-USD,15m,7.908999919891357,7.919000148773193,7.9079999923706055,7.9120001792907715,0,0,yfinance,2026-07-10T06:58:07.675573+00:00
2026-06-14 07:30:00+00:00,LINK-USD,15m,7.914000034332275,7.914000034332275,7.881999969482422,7.881999969482422,0,0,yfinance,2026-07-10T06:58:07.675573+00:00
2026-06-14 07:45:00+00:00,LINK-USD,15m,7.886000156402588,7.9079999923706055,7.886000156402588,7.9019999504089355,128928,128928,yfinance,2026-07-10T06:58:07.675573+00:00
2026-06-14 08:00:00+00:00,LINK-USD,15m,7.9019999504089355,7.916999816894531,7.894000053405762,7.909999847412109,0,0,yfinance,2026-07-10T06:58:07.675573+00:00
2026-06-14 08:15:00+00:00,LINK-USD,15m,7.909999847412109,7.921999931335449,7.909999847412109,7.921000003814697,253280,253280,yfinance,2026-07-10T06:58:07.675573+00:00
2026-06-14 08:30:00+00:00,LINK-USD,15m,7.921000003814697,7.921999931335449,7.908999919891357,7.919000148773193,84528,84528,yfinance,2026-07-10T06:58:07.675573+00:00
2026-06-14 08:45:00+00:00,LINK-USD,15m,7.919000148773193,7.927000045776367,7.9070000648498535,7.909999847412109,105792,105792,yfinance,2026-07-10T06:58:07.675573+00:00
2026-06-14 09:00:00+00:00,LINK-USD,15m,7.909999847412109,7.915999889373779,7.90500020980835,7.908999919891357,0,0,yfinance,2026-07-10T06:58:07.675573+00:00
2026-06-14 09:15:00+00:00,LINK-USD,15m,7.908999919891357,7.908999919891357,7.880000114440918,7.896999835968018,1463968,1463968,yfinance,2026-07-10T06:58:07.675573+00:00
2026-06-14 09:30:00+00:00,LINK-USD,15m,7.896999835968018,7.939000129699707,7.896999835968018,7.938000202178955,969824,969824,yfinance,2026-07-10T06:58:07.675573+00:00
2026-06-14 09:45:00+00:00,LINK-USD,15m,7.938000202178955,7.942999839782715,7.929999828338623,7.940999984741211,984912,984912,yfinance,2026-07-10T06:58:07.675573+00:00
2026-06-14 10:00:00+00:00,LINK-USD,15m,7.941999912261963,7.941999912261963,7.927000045776367,7.928999900817871,35648,35648,yfinance,2026-07-10T06:58:07.675573+00:00
2026-06-14 10:15:00+00:00,LINK-USD,15m,7.928999900817871,7.945000171661377,7.928999900817871,7.935999870300293,431136,431136,yfinance,2026-07-10T06:58:07.675573+00:00
2026-06-14 10:30:00+00:00,LINK-USD,15m,7.935999870300293,7.943999767303467,7.933000087738037,7.934999942779541,143328,143328,yfinance,2026-07-10T06:58:07.675573+00:00
2026-06-14 10:45:00+00:00,LINK-USD,15m,7.934999942779541,7.934999942779541,7.910999774932861,7.910999774932861,0,0,yfinance,2026-07-10T06:58:07.675573+00:00
2026-06-14 11:00:00+00:00,LINK-USD,15m,7.910999774932861,7.918000221252441,7.906000137329102,7.916999816894531,67584,67584,yfinance,2026-07-10T06:58:07.675573+00:00
2026-06-14 11:15:00+00:00,LINK-USD,15m,7.919000148773193,7.927999973297119,7.9079999923706055,7.925000190734863,0,0,yfinance,2026-07-10T06:58:07.675573+00:00
2026-06-14 11:30:00+00:00,LINK-USD,15m,7.925000190734863,7.938000202178955,7.925000190734863,7.932000160217285,558608,558608,yfinance,2026-07-10T06:58:07.675573+00:00
2026-06-14 11:45:00+00:00,LINK-USD,15m,7.932000160217285,7.940000057220459,7.921999931335449,7.922999858856201,82432,82432,yfinance,2026-07-10T06:58:07.675573+00:00
2026-06-14 12:00:00+00:00,LINK-USD,15m,7.923999786376953,7.926000118255615,7.914000034332275,7.919000148773193,599056,599056,yfinance,2026-07-10T06:58:07.675573+00:00
2026-06-14 12:15:00+00:00,LINK-USD,15m,7.918000221252441,7.927000045776367,7.916999816894531,7.916999816894531,126672,126672,yfinance,2026-07-10T06:58:07.675573+00:00
2026-06-14 12:30:00+00:00,LINK-USD,15m,7.916999816894531,7.921999931335449,7.881999969482422,7.901000022888184,313856,313856,yfinance,2026-07-10T06:58:07.675573+00:00
2026-06-14 12:45:00+00:00,LINK-USD,15m,7.896999835968018,7.900000095367432,7.876999855041504,7.880000114440918,17328,17328,yfinance,2026-07-10T06:58:07.675573+00:00
2026-06-14 13:00:00+00:00,LINK-USD,15m,7.88100004196167,7.889999866485596,7.875999927520752,7.883999824523926,276880,276880,yfinance,2026-07-10T06:58:07.675573+00:00
2026-06-14 13:15:00+00:00,LINK-USD,15m,7.883999824523926,7.888000011444092,7.867000102996826,7.867000102996826,109680,109680,yfinance,2026-07-10T06:58:07.675573+00:00
2026-06-14 13:30:00+00:00,LINK-USD,15m,7.872000217437744,7.879000186920166,7.855000019073486,7.875999927520752,356496,356496,yfinance,2026-07-10T06:58:07.675573+00:00
2026-06-14 13:45:00+00:00,LINK-USD,15m,7.875,7.879000186920166,7.855999946594238,7.869999885559082,0,0,yfinance,2026-07-10T06:58:07.675573+00:00
2026-06-14 14:00:00+00:00,LINK-USD,15m,7.866000175476074,7.875,7.857999801635742,7.864999771118164,0,0,yfinance,2026-07-10T06:58:07.675573+00:00
2026-06-14 14:15:00+00:00,LINK-USD,15m,7.866000175476074,7.870999813079834,7.8460001945495605,7.8460001945495605,927792,927792,yfinance,2026-07-10T06:58:07.675573+00:00
2026-06-14 14:30:00+00:00,LINK-USD,15m,7.841000080108643,7.8429999351501465,7.789000034332275,7.796999931335449,3637392,3637392,yfinance,2026-07-10T06:58:07.675573+00:00
2026-06-14 14:45:00+00:00,LINK-USD,15m,7.800000190734863,7.823999881744385,7.796999931335449,7.823999881744385,900304,900304,yfinance,2026-07-10T06:58:07.675573+00:00
2026-06-14 15:00:00+00:00,LINK-USD,15m,7.824999809265137,7.8429999351501465,7.824999809265137,7.835999965667725,74704,74704,yfinance,2026-07-10T06:58:07.675573+00:00
2026-06-14 15:15:00+00:00,LINK-USD,15m,7.834000110626221,7.840000152587891,7.823999881744385,7.831999778747559,0,0,yfinance,2026-07-10T06:58:07.675573+00:00
2026-06-14 15:30:00+00:00,LINK-USD,15m,7.831999778747559,7.84499979019165,7.828000068664551,7.835000038146973,0,0,yfinance,2026-07-10T06:58:07.675573+00:00
2026-06-14 15:45:00+00:00,LINK-USD,15m,7.831999778747559,7.839000225067139,7.830999851226807,7.836999893188477,0,0,yfinance,2026-07-10T06:58:07.675573+00:00
2026-06-14 16:00:00+00:00,LINK-USD,15m,7.835999965667725,7.859000205993652,7.835000038146973,7.854000091552734,0,0,yfinance,2026-07-10T06:58:07.675573+00:00
2026-06-14 16:15:00+00:00,LINK-USD,15m,7.854000091552734,7.870999813079834,7.853000164031982,7.861999988555908,0,0,yfinance,2026-07-10T06:58:07.675573+00:00
2026-06-14 16:30:00+00:00,LINK-USD,15m,7.861999988555908,7.864999771118164,7.855000019073486,7.861000061035156,0,0,yfinance,2026-07-10T06:58:07.675573+00:00
2026-06-14 16:45:00+00:00,LINK-USD,15m,7.861999988555908,7.86299991607666,7.831999778747559,7.839000225067139,0,0,yfinance,2026-07-10T06:58:07.675573+00:00
2026-06-14 17:00:00+00:00,LINK-USD,15m,7.839000225067139,7.854000091552734,7.835000038146973,7.848999977111816,457200,457200,yfinance,2026-07-10T06:58:07.675573+00:00
2026-06-14 17:15:00+00:00,LINK-USD,15m,7.848999977111816,7.855999946594238,7.839000225067139,7.840000152587891,666896,666896,yfinance,2026-07-10T06:58:07.675573+00:00
2026-06-14 17:30:00+00:00,LINK-USD,15m,7.840000152587891,7.8470001220703125,7.822999954223633,7.830999851226807,1052064,1052064,yfinance,2026-07-10T06:58:07.675573+00:00
2026-06-14 17:45:00+00:00,LINK-USD,15m,7.828000068664551,7.834000110626221,7.808000087738037,7.810999870300293,421056,421056,yfinance,2026-07-10T06:58:07.675573+00:00
2026-06-14 18:00:00+00:00,LINK-USD,15m,7.810999870300293,7.828000068664551,7.809000015258789,7.826000213623047,11520,11520,yfinance,2026-07-10T06:58:07.675573+00:00
2026-06-14 18:15:00+00:00,LINK-USD,15m,7.828000068664551,7.830999851226807,7.785999774932861,7.791999816894531,1588704,1588704,yfinance,2026-07-10T06:58:07.675573+00:00
2026-06-14 18:30:00+00:00,LINK-USD,15m,7.794000148773193,7.810999870300293,7.790999889373779,7.809000015258789,32944,32944,yfinance,2026-07-10T06:58:07.675573+00:00
2026-06-14 18:45:00+00:00,LINK-USD,15m,7.811999797821045,7.813000202178955,7.804999828338623,7.809999942779541,45120,45120,yfinance,2026-07-10T06:58:07.675573+00:00
2026-06-14 19:00:00+00:00,LINK-USD,15m,7.809000015258789,7.821000099182129,7.802999973297119,7.815000057220459,0,0,yfinance,2026-07-10T06:58:07.675573+00:00
2026-06-14 19:15:00+00:00,LINK-USD,15m,7.815999984741211,7.831999778747559,7.815999984741211,7.829999923706055,55632,55632,yfinance,2026-07-10T06:58:07.675573+00:00
2026-06-14 19:30:00+00:00,LINK-USD,15m,7.830999851226807,7.843999862670898,7.822999954223633,7.823999881744385,0,0,yfinance,2026-07-10T06:58:07.675573+00:00
2026-06-14 19:45:00+00:00,LINK-USD,15m,7.823999881744385,7.823999881744385,7.814000129699707,7.816999912261963,0,0,yfinance,2026-07-10T06:58:07.675573+00:00
2026-06-14 20:00:00+00:00,LINK-USD,15m,7.818999767303467,7.822000026702881,7.802999973297119,7.810999870300293,248624,248624,yfinance,2026-07-10T06:58:07.675573+00:00
2026-06-14 20:15:00+00:00,LINK-USD,15m,7.813000202178955,7.841000080108643,7.810999870300293,7.830999851226807,1001312,1001312,yfinance,2026-07-10T06:58:07.675573+00:00
2026-06-14 20:30:00+00:00,LINK-USD,15m,7.834000110626221,7.866000175476074,7.830999851226807,7.860000133514404,1295072,1295072,yfinance,2026-07-10T06:58:07.675573+00:00
2026-06-14 20:45:00+00:00,LINK-USD,15m,7.860000133514404,7.866000175476074,7.849999904632568,7.849999904632568,423008,423008,yfinance,2026-07-10T06:58:07.675573+00:00
2026-06-14 21:00:00+00:00,LINK-USD,15m,7.854000091552734,7.866000175476074,7.84499979019165,7.866000175476074,189696,189696,yfinance,2026-07-10T06:58:07.675573+00:00
2026-06-14 21:15:00+00:00,LINK-USD,15m,7.869999885559082,8.015999794006348,7.869999885559082,7.999000072479248,5601024,5601024,yfinance,2026-07-10T06:58:07.675573+00:00
2026-06-14 21:30:00+00:00,LINK-USD,15m,8.008000373840332,8.076000213623047,7.999000072479248,8.072999954223633,5094448,5094448,yfinance,2026-07-10T06:58:07.675573+00:00
2026-06-14 21:45:00+00:00,LINK-USD,15m,8.079000473022461,8.133000373840332,8.062999725341797,8.069999694824219,3472416,3472416,yfinance,2026-07-10T06:58:07.675573+00:00
2026-06-14 22:00:00+00:00,LINK-USD,15m,8.07800006866455,8.104000091552734,8.03600025177002,8.072999954223633,2640000,2640000,yfinance,2026-07-10T06:58:07.675573+00:00
2026-06-14 22:15:00+00:00,LINK-USD,15m,8.071999549865723,8.098999977111816,8.045000076293945,8.079999923706055,2280672,2280672,yfinance,2026-07-10T06:58:07.675573+00:00
2026-06-14 22:30:00+00:00,LINK-USD,15m,8.079999923706055,8.125,8.071999549865723,8.118000030517578,1141664,1141664,yfinance,2026-07-10T06:58:07.675573+00:00
2026-06-14 22:45:00+00:00,LINK-USD,15m,8.119000434875488,8.128000259399414,8.100000381469727,8.107999801635742,2141984,2141984,yfinance,2026-07-10T06:58:07.675573+00:00
2026-06-14 23:00:00+00:00,LINK-USD,15m,8.109000205993652,8.128999710083008,8.086000442504883,8.114999771118164,728752,728752,yfinance,2026-07-10T06:58:07.675573+00:00
2026-06-14 23:15:00+00:00,LINK-USD,15m,8.116000175476074,8.156000137329102,8.109999656677246,8.145999908447266,4197664,4197664,yfinance,2026-07-10T06:58:07.675573+00:00
2026-06-14 23:30:00+00:00,LINK-USD,15m,8.145999908447266,8.154999732971191,8.121000289916992,8.126999855041504,2545456,2545456,yfinance,2026-07-10T06:58:07.675573+00:00
2026-06-14 23:45:00+00:00,LINK-USD,15m,8.128999710083008,8.178999900817871,8.125,8.178999900817871,1673248,1673248,yfinance,2026-07-10T06:58:07.675573+00:00
2026-06-15 00:00:00+00:00,LINK-USD,15m,8.175999641418457,8.211000442504883,8.166999816894531,8.211000442504883,3006176,3006176,yfinance,2026-07-10T06:58:07.675573+00:00
2026-06-15 00:15:00+00:00,LINK-USD,15m,8.210000038146973,8.210000038146973,8.170000076293945,8.194000244140625,3282640,3282640,yfinance,2026-07-10T06:58:07.675573+00:00
2026-06-15 00:30:00+00:00,LINK-USD,15m,8.190999984741211,8.192000389099121,8.135000228881836,8.140000343322754,1489920,1489920,yfinance,2026-07-10T06:58:07.675573+00:00
2026-06-15 00:45:00+00:00,LINK-USD,15m,8.140000343322754,8.16100025177002,8.130999565124512,8.151000022888184,1506048,1506048,yfinance,2026-07-10T06:58:07.675573+00:00
2026-06-15 01:00:00+00:00,LINK-USD,15m,8.152999877929688,8.152999877929688,8.10099983215332,8.137999534606934,1422768,1422768,yfinance,2026-07-10T06:58:07.675573+00:00
2026-06-15 01:15:00+00:00,LINK-USD,15m,8.138999938964844,8.138999938964844,8.105999946594238,8.107000350952148,725904,725904,yfinance,2026-07-10T06:58:07.675573+00:00
2026-06-15 01:30:00+00:00,LINK-USD,15m,8.105999946594238,8.15999984741211,8.10099983215332,8.15999984741211,588736,588736,yfinance,2026-07-10T06:58:07.675573+00:00
2026-06-15 01:45:00+00:00,LINK-USD,15m,8.16100025177002,8.163000106811523,8.119000434875488,8.121000289916992,990016,990016,yfinance,2026-07-10T06:58:07.675573+00:00
2026-06-15 02:00:00+00:00,LINK-USD,15m,8.118000030517578,8.17199993133545,8.116999626159668,8.168999671936035,1409472,1409472,yfinance,2026-07-10T06:58:07.675573+00:00
2026-06-15 02:15:00+00:00,LINK-USD,15m,8.170000076293945,8.194999694824219,8.166000366210938,8.166000366210938,2619504,2619504,yfinance,2026-07-10T06:58:07.675573+00:00
2026-06-15 02:30:00+00:00,LINK-USD,15m,8.166000366210938,8.17199993133545,8.151000022888184,8.159000396728516,199040,199040,yfinance,2026-07-10T06:58:07.675573+00:00
2026-06-15 02:45:00+00:00,LINK-USD,15m,8.15999984741211,8.168000221252441,8.147000312805176,8.154000282287598,653872,653872,yfinance,2026-07-10T06:58:07.675573+00:00
2026-06-15 03:00:00+00:00,LINK-USD,15m,8.149999618530273,8.192000389099121,8.147000312805176,8.190999984741211,620176,620176,yfinance,2026-07-10T06:58:07.675573+00:00
2026-06-15 03:15:00+00:00,LINK-USD,15m,8.1899995803833,8.192000389099121,8.180000305175781,8.189000129699707,594944,594944,yfinance,2026-07-10T06:58:07.675573+00:00
2026-06-15 03:30:00+00:00,LINK-USD,15m,8.187999725341797,8.208000183105469,8.180000305175781,8.208000183105469,935552,935552,yfinance,2026-07-10T06:58:07.675573+00:00
2026-06-15 03:45:00+00:00,LINK-USD,15m,8.204000473022461,8.206999778747559,8.187999725341797,8.192000389099121,1981600,1981600,yfinance,2026-07-10T06:58:07.675573+00:00
2026-06-15 04:00:00+00:00,LINK-USD,15m,8.187999725341797,8.196000099182129,8.175000190734863,8.184000015258789,2043584,2043584,yfinance,2026-07-10T06:58:07.675573+00:00
2026-06-15 04:15:00+00:00,LINK-USD,15m,8.187000274658203,8.199000358581543,8.178000450134277,8.178999900817871,309984,309984,yfinance,2026-07-10T06:58:07.675573+00:00
2026-06-15 04:30:00+00:00,LINK-USD,15m,8.180999755859375,8.182000160217285,8.147000312805176,8.157999992370605,52208,52208,yfinance,2026-07-10T06:58:07.675573+00:00
2026-06-15 04:45:00+00:00,LINK-USD,15m,8.157999992370605,8.175000190734863,8.154999732971191,8.163999557495117,301648,301648,yfinance,2026-07-10T06:58:07.675573+00:00
2026-06-15 05:00:00+00:00,LINK-USD,15m,8.163999557495117,8.175999641418457,8.149999618530273,8.170999526977539,240256,240256,yfinance,2026-07-10T06:58:07.675573+00:00
2026-06-15 05:15:00+00:00,LINK-USD,15m,8.170999526977539,8.206000328063965,8.170999526977539,8.206000328063965,605360,605360,yfinance,2026-07-10T06:58:07.675573+00:00
2026-06-15 05:30:00+00:00,LINK-USD,15m,8.206000328063965,8.206000328063965,8.17300033569336,8.177000045776367,82448,82448,yfinance,2026-07-10T06:58:07.675573+00:00
2026-06-15 05:45:00+00:00,LINK-USD,15m,8.175999641418457,8.206999778747559,8.175999641418457,8.204999923706055,1043776,1043776,yfinance,2026-07-10T06:58:07.675573+00:00
2026-06-15 06:00:00+00:00,LINK-USD,15m,8.20199966430664,8.208999633789062,8.196000099182129,8.197999954223633,413264,413264,yfinance,2026-07-10T06:58:07.675573+00:00
2026-06-15 06:15:00+00:00,LINK-USD,15m,8.197999954223633,8.222999572753906,8.192999839782715,8.215999603271484,741152,741152,yfinance,2026-07-10T06:58:07.675573+00:00
2026-06-15 06:30:00+00:00,LINK-USD,15m,8.21399974822998,8.218000411987305,8.187000274658203,8.196000099182129,0,0,yfinance,2026-07-10T06:58:07.675573+00:00
2026-06-15 06:45:00+00:00,LINK-USD,15m,8.199000358581543,8.21399974822998,8.194999694824219,8.196000099182129,414464,414464,yfinance,2026-07-10T06:58:07.675573+00:00
2026-06-15 07:00:00+00:00,LINK-USD,15m,8.192999839782715,8.199999809265137,8.17300033569336,8.197999954223633,450624,450624,yfinance,2026-07-10T06:58:07.675573+00:00
2026-06-15 07:15:00+00:00,LINK-USD,15m,8.197999954223633,8.220000267028809,8.194999694824219,8.211999893188477,836384,836384,yfinance,2026-07-10T06:58:07.675573+00:00
2026-06-15 07:30:00+00:00,LINK-USD,15m,8.211999893188477,8.211999893188477,8.17199993133545,8.182000160217285,484032,484032,yfinance,2026-07-10T06:58:07.675573+00:00
2026-06-15 07:45:00+00:00,LINK-USD,15m,8.180000305175781,8.190999984741211,8.17199993133545,8.178000450134277,631984,631984,yfinance,2026-07-10T06:58:07.675573+00:00
2026-06-15 08:00:00+00:00,LINK-USD,15m,8.177000045776367,8.204999923706055,8.168999671936035,8.204999923706055,494960,494960,yfinance,2026-07-10T06:58:07.675573+00:00
2026-06-15 08:15:00+00:00,LINK-USD,15m,8.206999778747559,8.218000411987305,8.175999641418457,8.196000099182129,942384,942384,yfinance,2026-07-10T06:58:07.675573+00:00
2026-06-15 08:30:00+00:00,LINK-USD,15m,8.194999694824219,8.220999717712402,8.194000244140625,8.215999603271484,1286624,1286624,yfinance,2026-07-10T06:58:07.675573+00:00
2026-06-15 08:45:00+00:00,LINK-USD,15m,8.215999603271484,8.223999977111816,8.201000213623047,8.201000213623047,683808,683808,yfinance,2026-07-10T06:58:07.675573+00:00
2026-06-15 09:00:00+00:00,LINK-USD,15m,8.206000328063965,8.213000297546387,8.196999549865723,8.201000213623047,230192,230192,yfinance,2026-07-10T06:58:07.675573+00:00
2026-06-15 09:15:00+00:00,LINK-USD,15m,8.204000473022461,8.220999717712402,8.201000213623047,8.20199966430664,288112,288112,yfinance,2026-07-10T06:58:07.675573+00:00
2026-06-15 09:30:00+00:00,LINK-USD,15m,8.199000358581543,8.20199966430664,8.15999984741211,8.178999900817871,366784,366784,yfinance,2026-07-10T06:58:07.675573+00:00
2026-06-15 09:45:00+00:00,LINK-USD,15m,8.180000305175781,8.20199966430664,8.173999786376953,8.201000213623047,0,0,yfinance,2026-07-10T06:58:07.675573+00:00
2026-06-15 10:00:00+00:00,LINK-USD,15m,8.199000358581543,8.22599983215332,8.199000358581543,8.220000267028809,2740464,2740464,yfinance,2026-07-10T06:58:07.675573+00:00
2026-06-15 10:15:00+00:00,LINK-USD,15m,8.220000267028809,8.227999687194824,8.215999603271484,8.218000411987305,852864,852864,yfinance,2026-07-10T06:58:07.675573+00:00
2026-06-15 10:30:00+00:00,LINK-USD,15m,8.218000411987305,8.239999771118164,8.217000007629395,8.234999656677246,1046608,1046608,yfinance,2026-07-10T06:58:07.675573+00:00
2026-06-15 10:45:00+00:00,LINK-USD,15m,8.236000061035156,8.333000183105469,8.227999687194824,8.333000183105469,7816192,7816192,yfinance,2026-07-10T06:58:07.675573+00:00
2026-06-15 11:00:00+00:00,LINK-USD,15m,8.333999633789062,8.347000122070312,8.293000221252441,8.333000183105469,8323136,8323136,yfinance,2026-07-10T06:58:07.675573+00:00
2026-06-15 11:15:00+00:00,LINK-USD,15m,8.333999633789062,8.439000129699707,8.331999778747559,8.428999900817871,5131600,5131600,yfinance,2026-07-10T06:58:07.675573+00:00
2026-06-15 11:30:00+00:00,LINK-USD,15m,8.432000160217285,8.4399995803833,8.342000007629395,8.342000007629395,9864752,9864752,yfinance,2026-07-10T06:58:07.675573+00:00
2026-06-15 11:45:00+00:00,LINK-USD,15m,8.33899974822998,8.357000350952148,8.295000076293945,8.300000190734863,8856928,8856928,yfinance,2026-07-10T06:58:07.675573+00:00
2026-06-15 12:00:00+00:00,LINK-USD,15m,8.303999900817871,8.317999839782715,8.28600025177002,8.3100004196167,5656416,5656416,yfinance,2026-07-10T06:58:07.675573+00:00
2026-06-15 12:15:00+00:00,LINK-USD,15m,8.312000274658203,8.3149995803833,8.274999618530273,8.3149995803833,3062464,3062464,yfinance,2026-07-10T06:58:07.675573+00:00
2026-06-15 12:30:00+00:00,LINK-USD,15m,8.312999725341797,8.357000350952148,8.289999961853027,8.357000350952148,2516576,2516576,yfinance,2026-07-10T06:58:07.675573+00:00
2026-06-15 12:45:00+00:00,LINK-USD,15m,8.354999542236328,8.357999801635742,8.331000328063965,8.350000381469727,2582048,2582048,yfinance,2026-07-10T06:58:07.675573+00:00
2026-06-15 13:00:00+00:00,LINK-USD,15m,8.35099983215332,8.402999877929688,8.333999633789062,8.402999877929688,3808896,3808896,yfinance,2026-07-10T06:58:07.675573+00:00
2026-06-15 13:15:00+00:00,LINK-USD,15m,8.399999618530273,8.513999938964844,8.399999618530273,8.494999885559082,8839072,8839072,yfinance,2026-07-10T06:58:07.675573+00:00
2026-06-15 13:30:00+00:00,LINK-USD,15m,8.505999565124512,8.508999824523926,8.428999900817871,8.454999923706055,4524608,4524608,yfinance,2026-07-10T06:58:07.675573+00:00
2026-06-15 13:45:00+00:00,LINK-USD,15m,8.458000183105469,8.484999656677246,8.4350004196167,8.463000297546387,3733664,3733664,yfinance,2026-07-10T06:58:07.675573+00:00
2026-06-15 14:00:00+00:00,LINK-USD,15m,8.46399974822998,8.468000411987305,8.416000366210938,8.442000389099121,3150848,3150848,yfinance,2026-07-10T06:58:07.675573+00:00
2026-06-15 14:15:00+00:00,LINK-USD,15m,8.446999549865723,8.458000183105469,8.42199993133545,8.456999778747559,1489184,1489184,yfinance,2026-07-10T06:58:07.675573+00:00
2026-06-15 14:30:00+00:00,LINK-USD,15m,8.456999778747559,8.463000297546387,8.420999526977539,8.437000274658203,377888,377888,yfinance,2026-07-10T06:58:07.675573+00:00
2026-06-15 14:45:00+00:00,LINK-USD,15m,8.4350004196167,8.460000038146973,8.4350004196167,8.449000358581543,1118112,1118112,yfinance,2026-07-10T06:58:07.675573+00:00
2026-06-15 15:00:00+00:00,LINK-USD,15m,8.444999694824219,8.465999603271484,8.4350004196167,8.440999984741211,1358848,1358848,yfinance,2026-07-10T06:58:07.675573+00:00
2026-06-15 15:15:00+00:00,LINK-USD,15m,8.439000129699707,8.463000297546387,8.428000450134277,8.442000389099121,2150304,2150304,yfinance,2026-07-10T06:58:07.675573+00:00
2026-06-15 15:30:00+00:00,LINK-USD,15m,8.442000389099121,8.496000289916992,8.411999702453613,8.494000434875488,4946400,4946400,yfinance,2026-07-10T06:58:07.675573+00:00
2026-06-15 15:45:00+00:00,LINK-USD,15m,8.49899959564209,8.588000297546387,8.49899959564209,8.555000305175781,8734144,8734144,yfinance,2026-07-10T06:58:07.675573+00:00
2026-06-15 16:00:00+00:00,LINK-USD,15m,8.553000450134277,8.553999900817871,8.513999938964844,8.539999961853027,4687744,4687744,yfinance,2026-07-10T06:58:07.675573+00:00
2026-06-15 16:15:00+00:00,LINK-USD,15m,8.53600025177002,8.562000274658203,8.503000259399414,8.562000274658203,2496000,2496000,yfinance,2026-07-10T06:58:07.675573+00:00
2026-06-15 16:30:00+00:00,LINK-USD,15m,8.565999984741211,8.581000328063965,8.532999992370605,8.553999900817871,2098592,2098592,yfinance,2026-07-10T06:58:07.675573+00:00
2026-06-15 16:45:00+00:00,LINK-USD,15m,8.559000015258789,8.569999694824219,8.527999877929688,8.548999786376953,568416,568416,yfinance,2026-07-10T06:58:07.675573+00:00
2026-06-15 17:00:00+00:00,LINK-USD,15m,8.550999641418457,8.550999641418457,8.45300006866455,8.48900032043457,1805632,1805632,yfinance,2026-07-10T06:58:07.675573+00:00
2026-06-15 17:15:00+00:00,LINK-USD,15m,8.491000175476074,8.508999824523926,8.468000411987305,8.484999656677246,1435904,1435904,yfinance,2026-07-10T06:58:07.675573+00:00
2026-06-15 17:30:00+00:00,LINK-USD,15m,8.479999542236328,8.496999740600586,8.449000358581543,8.48900032043457,320800,320800,yfinance,2026-07-10T06:58:07.675573+00:00
2026-06-15 17:45:00+00:00,LINK-USD,15m,8.48799991607666,8.49899959564209,8.473999977111816,8.486000061035156,0,0,yfinance,2026-07-10T06:58:07.675573+00:00
2026-06-15 18:00:00+00:00,LINK-USD,15m,8.484000205993652,8.491000175476074,8.461000442504883,8.479000091552734,171168,171168,yfinance,2026-07-10T06:58:07.675573+00:00
2026-06-15 18:15:00+00:00,LINK-USD,15m,8.479999542236328,8.486000061035156,8.463000297546387,8.463000297546387,175520,175520,yfinance,2026-07-10T06:58:07.675573+00:00
2026-06-15 18:30:00+00:00,LINK-USD,15m,8.463000297546387,8.48900032043457,8.454000473022461,8.468000411987305,4169888,4169888,yfinance,2026-07-10T06:58:07.675573+00:00
2026-06-15 18:45:00+00:00,LINK-USD,15m,8.470999717712402,8.494999885559082,8.454999923706055,8.458999633789062,837792,837792,yfinance,2026-07-10T06:58:07.675573+00:00
2026-06-15 19:00:00+00:00,LINK-USD,15m,8.454000473022461,8.49899959564209,8.449000358581543,8.493000030517578,801824,801824,yfinance,2026-07-10T06:58:07.675573+00:00
2026-06-15 19:15:00+00:00,LINK-USD,15m,8.493000030517578,8.503000259399414,8.371000289916992,8.39900016784668,3536288,3536288,yfinance,2026-07-10T06:58:07.675573+00:00
2026-06-15 19:30:00+00:00,LINK-USD,15m,8.402000427246094,8.444000244140625,8.397000312805176,8.444000244140625,1797632,1797632,yfinance,2026-07-10T06:58:07.675573+00:00
2026-06-15 19:45:00+00:00,LINK-USD,15m,8.444999694824219,8.446000099182129,8.380999565124512,8.395999908447266,3089472,3089472,yfinance,2026-07-10T06:58:07.675573+00:00
2026-06-15 20:00:00+00:00,LINK-USD,15m,8.404999732971191,8.418999671936035,8.390000343322754,8.404999732971191,1808896,1808896,yfinance,2026-07-10T06:58:07.675573+00:00
2026-06-15 20:15:00+00:00,LINK-USD,15m,8.407999992370605,8.40999984741211,8.383000373840332,8.390999794006348,552032,552032,yfinance,2026-07-10T06:58:07.675573+00:00
2026-06-15 20:30:00+00:00,LINK-USD,15m,8.392999649047852,8.402999877929688,8.376999855041504,8.378000259399414,0,0,yfinance,2026-07-10T06:58:07.675573+00:00
2026-06-15 20:45:00+00:00,LINK-USD,15m,8.371000289916992,8.385000228881836,8.362000465393066,8.369999885559082,473952,473952,yfinance,2026-07-10T06:58:07.675573+00:00
2026-06-15 21:00:00+00:00,LINK-USD,15m,8.37399959564209,8.387999534606934,8.354000091552734,8.387999534606934,760608,760608,yfinance,2026-07-10T06:58:07.675573+00:00
2026-06-15 21:15:00+00:00,LINK-USD,15m,8.390000343322754,8.392000198364258,8.352999687194824,8.354999542236328,0,0,yfinance,2026-07-10T06:58:07.675573+00:00
2026-06-15 21:30:00+00:00,LINK-USD,15m,8.350000381469727,8.371999740600586,8.338000297546387,8.368000030517578,0,0,yfinance,2026-07-10T06:58:07.675573+00:00
2026-06-15 21:45:00+00:00,LINK-USD,15m,8.368000030517578,8.373000144958496,8.348999977111816,8.350000381469727,0,0,yfinance,2026-07-10T06:58:07.675573+00:00
2026-06-15 22:00:00+00:00,LINK-USD,15m,8.35099983215332,8.371000289916992,8.347999572753906,8.347999572753906,0,0,yfinance,2026-07-10T06:58:07.675573+00:00
2026-06-15 22:15:00+00:00,LINK-USD,15m,8.35200023651123,8.355999946594238,8.26200008392334,8.276000022888184,569408,569408,yfinance,2026-07-10T06:58:07.675573+00:00
2026-06-15 22:30:00+00:00,LINK-USD,15m,8.27400016784668,8.305999755859375,8.253999710083008,8.282999992370605,10262944,10262944,yfinance,2026-07-10T06:58:07.675573+00:00
2026-06-15 22:45:00+00:00,LINK-USD,15m,8.277999877929688,8.281999588012695,8.255000114440918,8.265000343322754,0,0,yfinance,2026-07-10T06:58:07.675573+00:00
2026-06-15 23:00:00+00:00,LINK-USD,15m,8.269000053405762,8.284000396728516,8.258999824523926,8.279999732971191,0,0,yfinance,2026-07-10T06:58:07.675573+00:00
2026-06-15 23:15:00+00:00,LINK-USD,15m,8.277000427246094,8.281999588012695,8.255000114440918,8.267999649047852,0,0,yfinance,2026-07-10T06:58:07.675573+00:00
2026-06-15 23:30:00+00:00,LINK-USD,15m,8.265000343322754,8.279999732971191,8.246999740600586,8.277000427246094,99200,99200,yfinance,2026-07-10T06:58:07.675573+00:00
2026-06-15 23:45:00+00:00,LINK-USD,15m,8.281000137329102,8.300000190734863,8.277000427246094,8.295000076293945,0,0,yfinance,2026-07-10T06:58:07.675573+00:00
2026-06-16 00:00:00+00:00,LINK-USD,15m,8.293000221252441,8.319000244140625,8.28600025177002,8.317000389099121,0,0,yfinance,2026-07-10T06:58:07.675573+00:00
2026-06-16 00:15:00+00:00,LINK-USD,15m,8.317000389099121,8.319999694824219,8.28499984741211,8.288000106811523,0,0,yfinance,2026-07-10T06:58:07.675573+00:00
2026-06-16 00:30:00+00:00,LINK-USD,15m,8.28600025177002,8.331999778747559,8.28600025177002,8.324000358581543,117344,117344,yfinance,2026-07-10T06:58:07.675573+00:00
2026-06-16 00:45:00+00:00,LINK-USD,15m,8.319000244140625,8.324999809265137,8.276000022888184,8.277999877929688,0,0,yfinance,2026-07-10T06:58:07.675573+00:00
2026-06-16 01:00:00+00:00,LINK-USD,15m,8.279999732971191,8.307999610900879,8.277000427246094,8.284000396728516,2007552,2007552,yfinance,2026-07-10T06:58:07.675573+00:00
2026-06-16 01:15:00+00:00,LINK-USD,15m,8.281000137329102,8.288999557495117,8.269000053405762,8.277999877929688,0,0,yfinance,2026-07-10T06:58:07.675573+00:00
2026-06-16 01:30:00+00:00,LINK-USD,15m,8.277000427246094,8.282999992370605,8.265999794006348,8.279000282287598,0,0,yfinance,2026-07-10T06:58:07.675573+00:00
2026-06-16 01:45:00+00:00,LINK-USD,15m,8.279000282287598,8.281999588012695,8.25,8.253999710083008,10336,10336,yfinance,2026-07-10T06:58:07.675573+00:00
2026-06-16 02:00:00+00:00,LINK-USD,15m,8.253000259399414,8.258000373840332,8.208000183105469,8.208000183105469,25472,25472,yfinance,2026-07-10T06:58:07.675573+00:00
2026-06-16 02:15:00+00:00,LINK-USD,15m,8.211999893188477,8.220000267028809,8.14799976348877,8.154000282287598,495616,495616,yfinance,2026-07-10T06:58:07.675573+00:00
2026-06-16 02:30:00+00:00,LINK-USD,15m,8.145999908447266,8.182000160217285,8.145999908447266,8.180999755859375,2667680,2667680,yfinance,2026-07-10T06:58:07.675573+00:00
2026-06-16 02:45:00+00:00,LINK-USD,15m,8.180999755859375,8.196999549865723,8.163000106811523,8.175000190734863,567040,567040,yfinance,2026-07-10T06:58:07.675573+00:00
2026-06-16 03:00:00+00:00,LINK-USD,15m,8.177000045776367,8.206000328063965,8.168999671936035,8.20300006866455,1241728,1241728,yfinance,2026-07-10T06:58:07.675573+00:00
2026-06-16 03:15:00+00:00,LINK-USD,15m,8.204999923706055,8.234999656677246,8.164999961853027,8.232999801635742,624096,624096,yfinance,2026-07-10T06:58:07.675573+00:00
2026-06-16 03:30:00+00:00,LINK-USD,15m,8.234999656677246,8.246999740600586,8.229000091552734,8.246999740600586,456992,456992,yfinance,2026-07-10T06:58:07.675573+00:00
2026-06-16 03:45:00+00:00,LINK-USD,15m,8.246000289916992,8.25,8.23799991607666,8.246000289916992,348992,348992,yfinance,2026-07-10T06:58:07.675573+00:00
2026-06-16 04:00:00+00:00,LINK-USD,15m,8.248000144958496,8.263999938964844,8.237000465393066,8.244999885559082,0,0,yfinance,2026-07-10T06:58:07.675573+00:00
2026-06-16 04:15:00+00:00,LINK-USD,15m,8.241000175476074,8.246000289916992,8.220000267028809,8.220000267028809,254560,254560,yfinance,2026-07-10T06:58:07.675573+00:00
2026-06-16 04:30:00+00:00,LINK-USD,15m,8.21399974822998,8.21399974822998,8.180000305175781,8.185999870300293,483200,483200,yfinance,2026-07-10T06:58:07.675573+00:00
2026-06-16 04:45:00+00:00,LINK-USD,15m,8.185999870300293,8.196999549865723,8.175999641418457,8.182999610900879,0,0,yfinance,2026-07-10T06:58:07.675573+00:00
2026-06-16 05:00:00+00:00,LINK-USD,15m,8.182999610900879,8.215999603271484,8.182999610900879,8.204000473022461,804960,804960,yfinance,2026-07-10T06:58:07.675573+00:00
2026-06-16 05:15:00+00:00,LINK-USD,15m,8.20199966430664,8.222000122070312,8.194000244140625,8.204999923706055,1089920,1089920,yfinance,2026-07-10T06:58:07.675573+00:00
2026-06-16 05:30:00+00:00,LINK-USD,15m,8.206999778747559,8.211999893188477,8.192000389099121,8.20300006866455,0,0,yfinance,2026-07-10T06:58:07.675573+00:00
2026-06-16 05:45:00+00:00,LINK-USD,15m,8.206999778747559,8.215999603271484,8.199999809265137,8.20300006866455,0,0,yfinance,2026-07-10T06:58:07.675573+00:00
2026-06-16 06:00:00+00:00,LINK-USD,15m,8.20199966430664,8.220999717712402,8.20199966430664,8.220000267028809,98432,98432,yfinance,2026-07-10T06:58:07.675573+00:00
2026-06-16 06:15:00+00:00,LINK-USD,15m,8.220000267028809,8.232999801635742,8.210000038146973,8.232000350952148,0,0,yfinance,2026-07-10T06:58:07.675573+00:00
2026-06-16 06:30:00+00:00,LINK-USD,15m,8.232000350952148,8.255000114440918,8.22599983215332,8.244999885559082,514336,514336,yfinance,2026-07-10T06:58:07.675573+00:00
2026-06-16 06:45:00+00:00,LINK-USD,15m,8.244999885559082,8.263999938964844,8.244999885559082,8.255999565124512,484000,484000,yfinance,2026-07-10T06:58:07.675573+00:00
2026-06-16 07:00:00+00:00,LINK-USD,15m,8.255999565124512,8.270000457763672,8.244999885559082,8.25,0,0,yfinance,2026-07-10T06:58:07.675573+00:00
2026-06-16 07:15:00+00:00,LINK-USD,15m,8.246000289916992,8.260000228881836,8.241000175476074,8.255999565124512,0,0,yfinance,2026-07-10T06:58:07.675573+00:00
2026-06-16 07:30:00+00:00,LINK-USD,15m,8.255999565124512,8.288000106811523,8.255999565124512,8.267999649047852,858752,858752,yfinance,2026-07-10T06:58:07.675573+00:00
2026-06-16 07:45:00+00:00,LINK-USD,15m,8.269000053405762,8.286999702453613,8.267999649047852,8.281999588012695,33344,33344,yfinance,2026-07-10T06:58:07.675573+00:00
2026-06-16 08:00:00+00:00,LINK-USD,15m,8.277999877929688,8.309000015258789,8.276000022888184,8.305000305175781,90368,90368,yfinance,2026-07-10T06:58:07.675573+00:00
2026-06-16 08:15:00+00:00,LINK-USD,15m,8.307000160217285,8.336000442504883,8.305999755859375,8.329000473022461,398272,398272,yfinance,2026-07-10T06:58:07.675573+00:00
2026-06-16 08:30:00+00:00,LINK-USD,15m,8.331000328063965,8.35200023651123,8.324000358581543,8.35200023651123,338976,338976,yfinance,2026-07-10T06:58:07.675573+00:00
2026-06-16 08:45:00+00:00,LINK-USD,15m,8.350000381469727,8.420999526977539,8.347999572753906,8.399999618530273,2520576,2520576,yfinance,2026-07-10T06:58:07.675573+00:00
2026-06-16 09:00:00+00:00,LINK-USD,15m,8.39799976348877,8.406999588012695,8.375,8.380000114440918,1264704,1264704,yfinance,2026-07-10T06:58:07.675573+00:00
2026-06-16 09:15:00+00:00,LINK-USD,15m,8.380999565124512,8.380999565124512,8.32800006866455,8.345000267028809,341792,341792,yfinance,2026-07-10T06:58:07.675573+00:00
2026-06-16 09:30:00+00:00,LINK-USD,15m,8.347000122070312,8.36299991607666,8.338000297546387,8.354000091552734,0,0,yfinance,2026-07-10T06:58:07.675573+00:00
2026-06-16 09:45:00+00:00,LINK-USD,15m,8.359000205993652,8.361000061035156,8.329999923706055,8.343000411987305,140704,140704,yfinance,2026-07-10T06:58:07.675573+00:00
2026-06-16 10:00:00+00:00,LINK-USD,15m,8.343000411987305,8.345999717712402,8.326000213623047,8.326000213623047,0,0,yfinance,2026-07-10T06:58:07.675573+00:00
2026-06-16 10:15:00+00:00,LINK-USD,15m,8.329000473022461,8.369000434875488,8.329000473022461,8.369000434875488,503520,503520,yfinance,2026-07-10T06:58:07.675573+00:00
2026-06-16 10:30:00+00:00,LINK-USD,15m,8.359000205993652,8.369000434875488,8.352999687194824,8.359000205993652,179104,179104,yfinance,2026-07-10T06:58:07.675573+00:00
2026-06-16 10:45:00+00:00,LINK-USD,15m,8.357999801635742,8.359999656677246,8.331999778747559,8.34000015258789,7285120,7285120,yfinance,2026-07-10T06:58:07.675573+00:00
2026-06-16 11:00:00+00:00,LINK-USD,15m,8.338000297546387,8.361000061035156,8.319999694824219,8.32699966430664,0,0,yfinance,2026-07-10T06:58:07.675573+00:00
2026-06-16 11:15:00+00:00,LINK-USD,15m,8.329999923706055,8.347000122070312,8.303999900817871,8.3149995803833,0,0,yfinance,2026-07-10T06:58:07.675573+00:00
2026-06-16 11:30:00+00:00,LINK-USD,15m,8.312999725341797,8.314000129699707,8.291000366210938,8.307000160217285,0,0,yfinance,2026-07-10T06:58:07.675573+00:00
2026-06-16 11:45:00+00:00,LINK-USD,15m,8.307000160217285,8.326000213623047,8.303000450134277,8.326000213623047,0,0,yfinance,2026-07-10T06:58:07.675573+00:00
2026-06-16 12:00:00+00:00,LINK-USD,15m,8.32699966430664,8.354999542236328,8.305999755859375,8.345999717712402,0,0,yfinance,2026-07-10T06:58:07.675573+00:00
2026-06-16 12:15:00+00:00,LINK-USD,15m,8.354000091552734,8.407999992370605,8.354000091552734,8.401000022888184,527776,527776,yfinance,2026-07-10T06:58:07.675573+00:00
2026-06-16 12:30:00+00:00,LINK-USD,15m,8.402000427246094,8.470000267028809,8.383999824523926,8.399999618530273,544864,544864,yfinance,2026-07-10T06:58:07.675573+00:00
2026-06-16 12:45:00+00:00,LINK-USD,15m,8.395999908447266,8.39799976348877,8.369999885559082,8.383999824523926,0,0,yfinance,2026-07-10T06:58:07.675573+00:00
2026-06-16 13:00:00+00:00,LINK-USD,15m,8.387999534606934,8.394000053405762,8.265999794006348,8.305000305175781,0,0,yfinance,2026-07-10T06:58:07.675573+00:00
2026-06-16 13:15:00+00:00,LINK-USD,15m,8.303999900817871,8.331999778747559,8.282999992370605,8.282999992370605,0,0,yfinance,2026-07-10T06:58:07.675573+00:00
2026-06-16 13:30:00+00:00,LINK-USD,15m,8.293000221252441,8.315999984741211,8.265000343322754,8.291000366210938,0,0,yfinance,2026-07-10T06:58:07.675573+00:00
2026-06-16 13:45:00+00:00,LINK-USD,15m,8.291999816894531,8.300999641418457,8.23900032043457,8.248000144958496,1579616,1579616,yfinance,2026-07-10T06:58:07.675573+00:00
2026-06-16 14:00:00+00:00,LINK-USD,15m,8.246999740600586,8.286999702453613,8.225000381469727,8.229999542236328,0,0,yfinance,2026-07-10T06:58:07.675573+00:00
2026-06-16 14:15:00+00:00,LINK-USD,15m,8.232999801635742,8.239999771118164,8.12600040435791,8.12600040435791,3260384,3260384,yfinance,2026-07-10T06:58:07.675573+00:00
2026-06-16 14:30:00+00:00,LINK-USD,15m,8.133000373840332,8.175999641418457,8.088000297546387,8.159000396728516,3423360,3423360,yfinance,2026-07-10T06:58:07.675573+00:00
2026-06-16 14:45:00+00:00,LINK-USD,15m,8.161999702453613,8.180000305175781,8.147000312805176,8.152999877929688,832,832,yfinance,2026-07-10T06:58:07.675573+00:00
2026-06-16 15:00:00+00:00,LINK-USD,15m,8.154999732971191,8.194999694824219,8.147000312805176,8.192000389099121,0,0,yfinance,2026-07-10T06:58:07.675573+00:00
2026-06-16 15:15:00+00:00,LINK-USD,15m,8.194999694824219,8.199000358581543,8.157999992370605,8.184000015258789,0,0,yfinance,2026-07-10T06:58:07.675573+00:00
2026-06-16 15:30:00+00:00,LINK-USD,15m,8.187999725341797,8.223999977111816,8.175999641418457,8.182000160217285,0,0,yfinance,2026-07-10T06:58:07.675573+00:00
2026-06-16 15:45:00+00:00,LINK-USD,15m,8.180000305175781,8.21500015258789,8.157999992370605,8.1899995803833,0,0,yfinance,2026-07-10T06:58:07.675573+00:00
2026-06-16 16:00:00+00:00,LINK-USD,15m,8.1899995803833,8.204999923706055,8.180000305175781,8.184000015258789,0,0,yfinance,2026-07-10T06:58:07.675573+00:00
2026-06-16 16:15:00+00:00,LINK-USD,15m,8.182999610900879,8.201000213623047,8.17300033569336,8.196999549865723,7128352,7128352,yfinance,2026-07-10T06:58:07.675573+00:00
2026-06-16 16:30:00+00:00,LINK-USD,15m,8.194999694824219,8.194999694824219,8.15999984741211,8.182000160217285,0,0,yfinance,2026-07-10T06:58:07.675573+00:00
2026-06-16 16:45:00+00:00,LINK-USD,15m,8.184000015258789,8.1850004196167,8.156999588012695,8.168999671936035,0,0,yfinance,2026-07-10T06:58:07.675573+00:00
2026-06-16 17:00:00+00:00,LINK-USD,15m,8.170999526977539,8.189000129699707,8.170999526977539,8.180000305175781,0,0,yfinance,2026-07-10T06:58:07.675573+00:00
2026-06-16 17:15:00+00:00,LINK-USD,15m,8.178000450134277,8.21500015258789,8.17199993133545,8.180000305175781,0,0,yfinance,2026-07-10T06:58:07.675573+00:00
2026-06-16 17:30:00+00:00,LINK-USD,15m,8.177000045776367,8.206000328063965,8.17199993133545,8.190999984741211,105936,105936,yfinance,2026-07-10T06:58:07.675573+00:00
2026-06-16 17:45:00+00:00,LINK-USD,15m,8.192999839782715,8.260000228881836,8.192999839782715,8.248000144958496,518672,518672,yfinance,2026-07-10T06:58:07.675573+00:00
2026-06-16 18:00:00+00:00,LINK-USD,15m,8.24899959564209,8.319000244140625,8.244999885559082,8.3100004196167,1047392,1047392,yfinance,2026-07-10T06:58:07.675573+00:00
2026-06-16 18:15:00+00:00,LINK-USD,15m,8.307999610900879,8.307999610900879,8.256999969482422,8.276000022888184,5773472,5773472,yfinance,2026-07-10T06:58:07.675573+00:00
2026-06-16 18:30:00+00:00,LINK-USD,15m,8.279000282287598,8.29800033569336,8.270999908447266,8.289999961853027,272704,272704,yfinance,2026-07-10T06:58:07.675573+00:00
2026-06-16 18:45:00+00:00,LINK-USD,15m,8.289999961853027,8.3100004196167,8.284000396728516,8.295000076293945,148544,148544,yfinance,2026-07-10T06:58:07.675573+00:00
2026-06-16 19:00:00+00:00,LINK-USD,15m,8.29699993133545,8.29699993133545,8.253000259399414,8.253999710083008,45040,45040,yfinance,2026-07-10T06:58:07.675573+00:00
2026-06-16 19:15:00+00:00,LINK-USD,15m,8.253999710083008,8.267000198364258,8.222000122070312,8.262999534606934,0,0,yfinance,2026-07-10T06:58:07.675573+00:00
2026-06-16 19:30:00+00:00,LINK-USD,15m,8.265999794006348,8.281999588012695,8.258000373840332,8.270999908447266,0,0,yfinance,2026-07-10T06:58:07.675573+00:00
2026-06-16 19:45:00+00:00,LINK-USD,15m,8.27400016784668,8.28600025177002,8.234999656677246,8.25,0,0,yfinance,2026-07-10T06:58:07.675573+00:00
2026-06-16 20:00:00+00:00,LINK-USD,15m,8.246999740600586,8.284000396728516,8.234999656677246,8.276000022888184,0,0,yfinance,2026-07-10T06:58:07.675573+00:00
2026-06-16 20:15:00+00:00,LINK-USD,15m,8.276000022888184,8.307000160217285,8.255999565124512,8.267000198364258,6989328,6989328,yfinance,2026-07-10T06:58:07.675573+00:00
2026-06-16 20:30:00+00:00,LINK-USD,15m,8.267999649047852,8.329999923706055,8.267000198364258,8.329999923706055,1410000,1410000,yfinance,2026-07-10T06:58:07.675573+00:00
2026-06-16 20:45:00+00:00,LINK-USD,15m,8.329000473022461,8.329999923706055,8.312000274658203,8.321000099182129,955472,955472,yfinance,2026-07-10T06:58:07.675573+00:00
2026-06-16 21:00:00+00:00,LINK-USD,15m,8.324000358581543,8.342000007629395,8.307000160217285,8.331000328063965,604480,604480,yfinance,2026-07-10T06:58:07.675573+00:00
2026-06-16 21:15:00+00:00,LINK-USD,15m,8.331000328063965,8.33899974822998,8.298999786376953,8.305000305175781,720736,720736,yfinance,2026-07-10T06:58:07.675573+00:00
2026-06-16 21:30:00+00:00,LINK-USD,15m,8.303999900817871,8.305999755859375,8.279000282287598,8.295999526977539,0,0,yfinance,2026-07-10T06:58:07.675573+00:00
2026-06-16 21:45:00+00:00,LINK-USD,15m,8.29800033569336,8.309000015258789,8.29800033569336,8.305999755859375,0,0,yfinance,2026-07-10T06:58:07.675573+00:00
2026-06-16 22:00:00+00:00,LINK-USD,15m,8.307000160217285,8.324999809265137,8.291999816894531,8.315999984741211,79744,79744,yfinance,2026-07-10T06:58:07.675573+00:00
2026-06-16 22:15:00+00:00,LINK-USD,15m,8.317000389099121,8.321999549865723,8.28600025177002,8.298999786376953,4754688,4754688,yfinance,2026-07-10T06:58:07.675573+00:00
2026-06-16 22:30:00+00:00,LINK-USD,15m,8.29699993133545,8.303999900817871,8.28600025177002,8.286999702453613,216688,216688,yfinance,2026-07-10T06:58:07.675573+00:00
2026-06-16 22:45:00+00:00,LINK-USD,15m,8.28499984741211,8.300000190734863,8.277000427246094,8.295000076293945,0,0,yfinance,2026-07-10T06:58:07.675573+00:00
2026-06-16 23:00:00+00:00,LINK-USD,15m,8.298999786376953,8.309000015258789,8.279000282287598,8.28600025177002,0,0,yfinance,2026-07-10T06:58:07.675573+00:00
2026-06-16 23:15:00+00:00,LINK-USD,15m,8.28600025177002,8.28600025177002,8.258999824523926,8.277999877929688,0,0,yfinance,2026-07-10T06:58:07.675573+00:00
2026-06-16 23:30:00+00:00,LINK-USD,15m,8.277999877929688,8.291999816894531,8.277999877929688,8.281999588012695,0,0,yfinance,2026-07-10T06:58:07.675573+00:00
2026-06-16 23:45:00+00:00,LINK-USD,15m,8.277999877929688,8.279000282287598,8.258999824523926,8.269000053405762,1902976,1902976,yfinance,2026-07-10T06:58:07.675573+00:00
2026-06-17 00:00:00+00:00,LINK-USD,15m,8.277999877929688,8.295000076293945,8.265999794006348,8.27400016784668,0,0,yfinance,2026-07-10T06:58:07.675573+00:00
2026-06-17 00:15:00+00:00,LINK-USD,15m,8.27400016784668,8.279000282287598,8.260000228881836,8.270000457763672,5330800,5330800,yfinance,2026-07-10T06:58:07.675573+00:00
2026-06-17 00:30:00+00:00,LINK-USD,15m,8.270000457763672,8.291000366210938,8.26099967956543,8.291000366210938,0,0,yfinance,2026-07-10T06:58:07.675573+00:00
2026-06-17 00:45:00+00:00,LINK-USD,15m,8.288999557495117,8.303999900817871,8.272000312805176,8.286999702453613,0,0,yfinance,2026-07-10T06:58:07.675573+00:00
2026-06-17 01:00:00+00:00,LINK-USD,15m,8.286999702453613,8.319999694824219,8.282999992370605,8.309000015258789,201872,201872,yfinance,2026-07-10T06:58:07.675573+00:00
2026-06-17 01:15:00+00:00,LINK-USD,15m,8.310999870300293,8.310999870300293,8.248000144958496,8.270999908447266,400624,400624,yfinance,2026-07-10T06:58:07.675573+00:00
2026-06-17 01:30:00+00:00,LINK-USD,15m,8.27400016784668,8.321999549865723,8.253999710083008,8.300000190734863,536192,536192,yfinance,2026-07-10T06:58:07.675573+00:00
2026-06-17 01:45:00+00:00,LINK-USD,15m,8.300000190734863,8.355999946594238,8.300000190734863,8.345999717712402,810240,810240,yfinance,2026-07-10T06:58:07.675573+00:00
2026-06-17 02:00:00+00:00,LINK-USD,15m,8.345999717712402,8.350000381469727,8.33899974822998,8.350000381469727,28224,28224,yfinance,2026-07-10T06:58:07.675573+00:00
2026-06-17 02:15:00+00:00,LINK-USD,15m,8.35099983215332,8.404000282287598,8.345999717712402,8.39799976348877,1237472,1237472,yfinance,2026-07-10T06:58:07.675573+00:00
2026-06-17 02:30:00+00:00,LINK-USD,15m,8.395000457763672,8.395000457763672,8.319999694824219,8.345999717712402,103248,103248,yfinance,2026-07-10T06:58:07.675573+00:00
2026-06-17 02:45:00+00:00,LINK-USD,15m,8.348999977111816,8.366000175476074,8.34000015258789,8.362000465393066,98320,98320,yfinance,2026-07-10T06:58:07.675573+00:00
2026-06-17 03:00:00+00:00,LINK-USD,15m,8.362000465393066,8.36299991607666,8.331000328063965,8.333000183105469,0,0,yfinance,2026-07-10T06:58:07.675573+00:00
2026-06-17 03:15:00+00:00,LINK-USD,15m,8.333000183105469,8.333000183105469,8.310999870300293,8.319999694824219,0,0,yfinance,2026-07-10T06:58:07.675573+00:00
2026-06-17 03:30:00+00:00,LINK-USD,15m,8.319999694824219,8.35099983215332,8.319999694824219,8.331000328063965,0,0,yfinance,2026-07-10T06:58:07.675573+00:00
2026-06-17 03:45:00+00:00,LINK-USD,15m,8.331999778747559,8.348999977111816,8.319999694824219,8.343000411987305,0,0,yfinance,2026-07-10T06:58:07.675573+00:00
2026-06-17 04:00:00+00:00,LINK-USD,15m,8.347000122070312,8.368000030517578,8.338000297546387,8.347000122070312,5483872,5483872,yfinance,2026-07-10T06:58:07.675573+00:00
2026-06-17 04:15:00+00:00,LINK-USD,15m,8.343999862670898,8.350000381469727,8.326000213623047,8.347000122070312,192448,192448,yfinance,2026-07-10T06:58:07.675573+00:00
2026-06-17 04:30:00+00:00,LINK-USD,15m,8.343999862670898,8.359000205993652,8.343000411987305,8.354000091552734,0,0,yfinance,2026-07-10T06:58:07.675573+00:00
2026-06-17 04:45:00+00:00,LINK-USD,15m,8.354000091552734,8.38599967956543,8.343000411987305,8.343000411987305,268368,268368,yfinance,2026-07-10T06:58:07.675573+00:00
2026-06-17 05:00:00+00:00,LINK-USD,15m,8.347000122070312,8.364999771118164,8.329000473022461,8.331999778747559,0,0,yfinance,2026-07-10T06:58:07.675573+00:00
2026-06-17 05:15:00+00:00,LINK-USD,15m,8.32800006866455,8.329999923706055,8.29800033569336,8.329000473022461,0,0,yfinance,2026-07-10T06:58:07.675573+00:00
2026-06-17 05:30:00+00:00,LINK-USD,15m,8.32800006866455,8.347000122070312,8.315999984741211,8.343000411987305,107760,107760,yfinance,2026-07-10T06:58:07.675573+00:00
2026-06-17 05:45:00+00:00,LINK-USD,15m,8.340999603271484,8.345999717712402,8.312000274658203,8.329000473022461,119008,119008,yfinance,2026-07-10T06:58:07.675573+00:00
2026-06-17 06:00:00+00:00,LINK-USD,15m,8.331999778747559,8.343999862670898,8.324999809265137,8.343999862670898,0,0,yfinance,2026-07-10T06:58:07.675573+00:00
2026-06-17 06:15:00+00:00,LINK-USD,15m,8.340999603271484,8.35099983215332,8.315999984741211,8.324000358581543,52432,52432,yfinance,2026-07-10T06:58:07.675573+00:00
2026-06-17 06:30:00+00:00,LINK-USD,15m,8.3149995803833,8.335000038146973,8.295999526977539,8.307000160217285,217760,217760,yfinance,2026-07-10T06:58:07.675573+00:00
2026-06-17 06:45:00+00:00,LINK-USD,15m,8.312000274658203,8.32699966430664,8.307000160217285,8.317000389099121,202080,202080,yfinance,2026-07-10T06:58:07.675573+00:00
2026-06-17 07:00:00+00:00,LINK-USD,15m,8.317999839782715,8.35200023651123,8.293999671936035,8.35200023651123,5520768,5520768,yfinance,2026-07-10T06:58:07.675573+00:00
2026-06-17 07:15:00+00:00,LINK-USD,15m,8.35200023651123,8.354999542236328,8.29699993133545,8.302000045776367,1891520,1891520,yfinance,2026-07-10T06:58:07.675573+00:00
2026-06-17 07:30:00+00:00,LINK-USD,15m,8.303999900817871,8.312999725341797,8.288999557495117,8.310999870300293,0,0,yfinance,2026-07-10T06:58:07.675573+00:00
2026-06-17 07:45:00+00:00,LINK-USD,15m,8.3100004196167,8.310999870300293,8.258000373840332,8.28600025177002,1000704,1000704,yfinance,2026-07-10T06:58:07.675573+00:00
2026-06-17 08:00:00+00:00,LINK-USD,15m,8.281999588012695,8.289999961853027,8.241000175476074,8.241000175476074,177840,177840,yfinance,2026-07-10T06:58:07.675573+00:00
2026-06-17 08:15:00+00:00,LINK-USD,15m,8.244999885559082,8.246999740600586,8.211999893188477,8.229000091552734,826400,826400,yfinance,2026-07-10T06:58:07.675573+00:00
2026-06-17 08:30:00+00:00,LINK-USD,15m,8.22599983215332,8.22599983215332,8.161999702453613,8.161999702453613,867360,867360,yfinance,2026-07-10T06:58:07.675573+00:00
2026-06-17 08:45:00+00:00,LINK-USD,15m,8.164999961853027,8.180999755859375,8.145999908447266,8.166000366210938,282560,282560,yfinance,2026-07-10T06:58:07.675573+00:00
2026-06-17 09:00:00+00:00,LINK-USD,15m,8.159000396728516,8.182999610900879,8.159000396728516,8.175999641418457,0,0,yfinance,2026-07-10T06:58:07.675573+00:00
2026-06-17 09:15:00+00:00,LINK-USD,15m,8.175999641418457,8.204999923706055,8.170999526977539,8.197999954223633,452576,452576,yfinance,2026-07-10T06:58:07.675573+00:00
2026-06-17 09:30:00+00:00,LINK-USD,15m,8.196999549865723,8.20300006866455,8.180999755859375,8.187999725341797,1503408,1503408,yfinance,2026-07-10T06:58:07.675573+00:00
2026-06-17 09:45:00+00:00,LINK-USD,15m,8.1850004196167,8.201000213623047,8.173999786376953,8.194000244140625,187920,187920,yfinance,2026-07-10T06:58:07.675573+00:00
2026-06-17 10:00:00+00:00,LINK-USD,15m,8.194999694824219,8.208999633789062,8.177000045776367,8.184000015258789,98896,98896,yfinance,2026-07-10T06:58:07.675573+00:00
2026-06-17 10:15:00+00:00,LINK-USD,15m,8.184000015258789,8.194999694824219,8.17300033569336,8.182999610900879,155952,155952,yfinance,2026-07-10T06:58:07.675573+00:00
2026-06-17 10:30:00+00:00,LINK-USD,15m,8.185999870300293,8.197999954223633,8.178000450134277,8.187000274658203,3206128,3206128,yfinance,2026-07-10T06:58:07.675573+00:00
2026-06-17 10:45:00+00:00,LINK-USD,15m,8.187000274658203,8.190999984741211,8.16100025177002,8.166000366210938,62864,62864,yfinance,2026-07-10T06:58:07.675573+00:00
2026-06-17 11:00:00+00:00,LINK-USD,15m,8.166999816894531,8.175000190734863,8.105999946594238,8.133999824523926,1371456,1371456,yfinance,2026-07-10T06:58:07.675573+00:00
2026-06-17 11:15:00+00:00,LINK-USD,15m,8.130999565124512,8.14799976348877,8.114999771118164,8.142000198364258,102512,102512,yfinance,2026-07-10T06:58:07.675573+00:00
2026-06-17 11:30:00+00:00,LINK-USD,15m,8.140999794006348,8.164999961853027,8.131999969482422,8.15999984741211,0,0,yfinance,2026-07-10T06:58:07.675573+00:00
2026-06-17 11:45:00+00:00,LINK-USD,15m,8.161999702453613,8.170999526977539,8.14900016784668,8.14900016784668,21104,21104,yfinance,2026-07-10T06:58:07.675573+00:00
2026-06-17 12:00:00+00:00,LINK-USD,15m,8.142999649047852,8.175000190734863,8.13599967956543,8.175000190734863,0,0,yfinance,2026-07-10T06:58:07.675573+00:00
2026-06-17 12:15:00+00:00,LINK-USD,15m,8.173999786376953,8.175000190734863,8.093000411987305,8.10200023651123,794544,794544,yfinance,2026-07-10T06:58:07.675573+00:00
2026-06-17 12:30:00+00:00,LINK-USD,15m,8.097999572753906,8.142999649047852,8.07800006866455,8.142999649047852,382560,382560,yfinance,2026-07-10T06:58:07.675573+00:00
2026-06-17 12:45:00+00:00,LINK-USD,15m,8.138999938964844,8.17300033569336,8.138999938964844,8.170999526977539,0,0,yfinance,2026-07-10T06:58:07.675573+00:00
2026-06-17 13:00:00+00:00,LINK-USD,15m,8.168000221252441,8.182999610900879,8.161999702453613,8.180999755859375,0,0,yfinance,2026-07-10T06:58:07.675573+00:00
2026-06-17 13:15:00+00:00,LINK-USD,15m,8.175999641418457,8.177000045776367,8.13599967956543,8.14900016784668,0,0,yfinance,2026-07-10T06:58:07.675573+00:00
2026-06-17 13:30:00+00:00,LINK-USD,15m,8.144000053405762,8.206000328063965,8.13599967956543,8.206000328063965,644400,644400,yfinance,2026-07-10T06:58:07.675573+00:00
2026-06-17 13:45:00+00:00,LINK-USD,15m,8.206000328063965,8.210000038146973,8.168000221252441,8.175999641418457,327216,327216,yfinance,2026-07-10T06:58:07.675573+00:00
2026-06-17 14:00:00+00:00,LINK-USD,15m,8.170000076293945,8.194000244140625,8.152999877929688,8.189000129699707,0,0,yfinance,2026-07-10T06:58:07.675573+00:00
2026-06-17 14:15:00+00:00,LINK-USD,15m,8.192999839782715,8.206999778747559,8.163000106811523,8.178000450134277,0,0,yfinance,2026-07-10T06:58:07.675573+00:00
2026-06-17 14:30:00+00:00,LINK-USD,15m,8.178000450134277,8.187000274658203,8.159000396728516,8.173999786376953,0,0,yfinance,2026-07-10T06:58:07.675573+00:00
2026-06-17 14:45:00+00:00,LINK-USD,15m,8.178000450134277,8.187000274658203,8.097999572753906,8.151000022888184,885984,885984,yfinance,2026-07-10T06:58:07.675573+00:00
2026-06-17 15:00:00+00:00,LINK-USD,15m,8.152000427246094,8.182000160217285,8.140000343322754,8.182000160217285,74688,74688,yfinance,2026-07-10T06:58:07.675573+00:00
2026-06-17 15:15:00+00:00,LINK-USD,15m,8.178999900817871,8.222000122070312,8.175999641418457,8.211000442504883,231472,231472,yfinance,2026-07-10T06:58:07.675573+00:00
2026-06-17 15:30:00+00:00,LINK-USD,15m,8.21399974822998,8.244000434875488,8.206000328063965,8.241999626159668,622368,622368,yfinance,2026-07-10T06:58:07.675573+00:00
2026-06-17 15:45:00+00:00,LINK-USD,15m,8.246000289916992,8.291000366210938,8.237000465393066,8.288000106811523,1955216,1955216,yfinance,2026-07-10T06:58:07.675573+00:00
2026-06-17 16:00:00+00:00,LINK-USD,15m,8.289999961853027,8.29800033569336,8.267999649047852,8.28499984741211,1576272,1576272,yfinance,2026-07-10T06:58:07.675573+00:00
2026-06-17 16:15:00+00:00,LINK-USD,15m,8.288999557495117,8.361000061035156,8.284000396728516,8.348999977111816,1257600,1257600,yfinance,2026-07-10T06:58:07.675573+00:00
2026-06-17 16:30:00+00:00,LINK-USD,15m,8.347999572753906,8.347999572753906,8.288999557495117,8.300999641418457,1971424,1971424,yfinance,2026-07-10T06:58:07.675573+00:00
2026-06-17 16:45:00+00:00,LINK-USD,15m,8.300999641418457,8.302000045776367,8.260000228881836,8.262999534606934,447408,447408,yfinance,2026-07-10T06:58:07.675573+00:00
2026-06-17 17:00:00+00:00,LINK-USD,15m,8.263999938964844,8.265999794006348,8.222999572753906,8.241000175476074,1405616,1405616,yfinance,2026-07-10T06:58:07.675573+00:00
2026-06-17 17:15:00+00:00,LINK-USD,15m,8.241000175476074,8.27299976348877,8.234000205993652,8.265000343322754,280592,280592,yfinance,2026-07-10T06:58:07.675573+00:00
2026-06-17 17:30:00+00:00,LINK-USD,15m,8.265999794006348,8.281999588012695,8.237000465393066,8.241999626159668,331280,331280,yfinance,2026-07-10T06:58:07.675573+00:00
2026-06-17 17:45:00+00:00,LINK-USD,15m,8.244999885559082,8.317000389099121,8.230999946594238,8.298999786376953,1644256,1644256,yfinance,2026-07-10T06:58:07.675573+00:00
2026-06-17 18:00:00+00:00,LINK-USD,15m,8.265000343322754,8.265000343322754,8.097999572753906,8.1850004196167,5447312,5447312,yfinance,2026-07-10T06:58:07.675573+00:00
2026-06-17 18:15:00+00:00,LINK-USD,15m,8.182999610900879,8.222000122070312,8.175000190734863,8.187999725341797,1543904,1543904,yfinance,2026-07-10T06:58:07.675573+00:00
2026-06-17 18:30:00+00:00,LINK-USD,15m,8.184000015258789,8.300999641418457,8.170000076293945,8.29800033569336,3464608,3464608,yfinance,2026-07-10T06:58:07.675573+00:00
2026-06-17 18:45:00+00:00,LINK-USD,15m,8.295999526977539,8.317000389099121,8.22599983215332,8.239999771118164,2283520,2283520,yfinance,2026-07-10T06:58:07.675573+00:00
2026-06-17 19:00:00+00:00,LINK-USD,15m,8.23900032043457,8.260000228881836,8.177000045776367,8.232000350952148,1114560,1114560,yfinance,2026-07-10T06:58:07.675573+00:00
2026-06-17 19:15:00+00:00,LINK-USD,15m,8.22599983215332,8.22599983215332,8.050000190734863,8.069999694824219,2873248,2873248,yfinance,2026-07-10T06:58:07.675573+00:00
2026-06-17 19:30:00+00:00,LINK-USD,15m,8.07699966430664,8.104000091552734,8.015000343322754,8.027000427246094,4442480,4442480,yfinance,2026-07-10T06:58:07.675573+00:00
2026-06-17 19:45:00+00:00,LINK-USD,15m,8.029000282287598,8.057999610900879,8.008999824523926,8.029999732971191,6713216,6713216,yfinance,2026-07-10T06:58:07.675573+00:00
2026-06-17 20:00:00+00:00,LINK-USD,15m,8.027999877929688,8.0649995803833,8.015999794006348,8.038999557495117,1300064,1300064,yfinance,2026-07-10T06:58:07.675573+00:00
2026-06-17 20:15:00+00:00,LINK-USD,15m,8.039999961853027,8.0649995803833,8.031999588012695,8.052000045776367,599232,599232,yfinance,2026-07-10T06:58:07.675573+00:00
2026-06-17 20:30:00+00:00,LINK-USD,15m,8.055000305175781,8.086999893188477,8.048999786376953,8.048999786376953,436768,436768,yfinance,2026-07-10T06:58:07.675573+00:00
2026-06-17 20:45:00+00:00,LINK-USD,15m,8.041000366210938,8.097999572753906,8.041000366210938,8.093999862670898,0,0,yfinance,2026-07-10T06:58:07.675573+00:00
2026-06-17 21:00:00+00:00,LINK-USD,15m,8.093999862670898,8.095000267028809,8.067000389099121,8.072999954223633,1129776,1129776,yfinance,2026-07-10T06:58:07.675573+00:00
2026-06-17 21:15:00+00:00,LINK-USD,15m,8.067999839782715,8.079999923706055,8.060999870300293,8.069999694824219,1680,1680,yfinance,2026-07-10T06:58:07.675573+00:00
2026-06-17 21:30:00+00:00,LINK-USD,15m,8.067999839782715,8.086000442504883,8.036999702453613,8.038000106811523,4665200,4665200,yfinance,2026-07-10T06:58:07.675573+00:00
2026-06-17 21:45:00+00:00,LINK-USD,15m,8.041000366210938,8.041000366210938,8.015000343322754,8.031000137329102,2740640,2740640,yfinance,2026-07-10T06:58:07.675573+00:00
2026-06-17 22:00:00+00:00,LINK-USD,15m,8.03600025177002,8.03600025177002,7.933000087738037,7.997000217437744,4245488,4245488,yfinance,2026-07-10T06:58:07.675573+00:00
2026-06-17 22:15:00+00:00,LINK-USD,15m,7.997000217437744,8.045000076293945,7.994999885559082,8.041999816894531,667872,667872,yfinance,2026-07-10T06:58:07.675573+00:00
2026-06-17 22:30:00+00:00,LINK-USD,15m,8.041999816894531,8.055000305175781,8.032999992370605,8.03600025177002,119232,119232,yfinance,2026-07-10T06:58:07.675573+00:00
2026-06-17 22:45:00+00:00,LINK-USD,15m,8.036999702453613,8.059000015258789,8.031999588012695,8.031999588012695,0,0,yfinance,2026-07-10T06:58:07.675573+00:00
2026-06-17 23:00:00+00:00,LINK-USD,15m,8.034000396728516,8.069000244140625,8.034000396728516,8.053000450134277,100640,100640,yfinance,2026-07-10T06:58:07.675573+00:00
2026-06-17 23:15:00+00:00,LINK-USD,15m,8.053000450134277,8.08899974822998,8.053000450134277,8.079000473022461,284464,284464,yfinance,2026-07-10T06:58:07.675573+00:00
2026-06-17 23:30:00+00:00,LINK-USD,15m,8.076000213623047,8.083999633789062,8.0600004196167,8.062000274658203,159904,159904,yfinance,2026-07-10T06:58:07.675573+00:00
2026-06-17 23:45:00+00:00,LINK-USD,15m,8.0600004196167,8.086000442504883,8.055999755859375,8.086000442504883,454224,454224,yfinance,2026-07-10T06:58:07.675573+00:00
2026-06-18 00:00:00+00:00,LINK-USD,15m,8.085000038146973,8.107999801635742,8.083000183105469,8.100000381469727,243248,243248,yfinance,2026-07-10T06:58:07.675573+00:00
2026-06-18 00:15:00+00:00,LINK-USD,15m,8.104999542236328,8.111000061035156,8.083000183105469,8.095000267028809,582624,582624,yfinance,2026-07-10T06:58:07.675573+00:00
2026-06-18 00:30:00+00:00,LINK-USD,15m,8.095000267028809,8.116999626159668,8.09000015258789,8.102999687194824,725776,725776,yfinance,2026-07-10T06:58:07.675573+00:00
2026-06-18 00:45:00+00:00,LINK-USD,15m,8.10200023651123,8.109000205993652,8.074999809265137,8.079999923706055,189504,189504,yfinance,2026-07-10T06:58:07.675573+00:00
2026-06-18 01:00:00+00:00,LINK-USD,15m,8.079999923706055,8.130000114440918,8.079999923706055,8.116999626159668,417136,417136,yfinance,2026-07-10T06:58:07.675573+00:00
2026-06-18 01:15:00+00:00,LINK-USD,15m,8.11400032043457,8.114999771118164,8.097000122070312,8.098999977111816,47840,47840,yfinance,2026-07-10T06:58:07.675573+00:00
2026-06-18 01:30:00+00:00,LINK-USD,15m,8.10200023651123,8.11400032043457,8.083000183105469,8.086999893188477,4934496,4934496,yfinance,2026-07-10T06:58:07.675573+00:00
2026-06-18 01:45:00+00:00,LINK-USD,15m,8.085000038146973,8.085000038146973,8.060999870300293,8.072999954223633,390304,390304,yfinance,2026-07-10T06:58:07.675573+00:00
2026-06-18 02:00:00+00:00,LINK-USD,15m,8.074999809265137,8.092000007629395,8.074999809265137,8.07800006866455,97120,97120,yfinance,2026-07-10T06:58:07.675573+00:00
2026-06-18 02:15:00+00:00,LINK-USD,15m,8.07699966430664,8.112000465393066,8.062999725341797,8.111000061035156,65616,65616,yfinance,2026-07-10T06:58:07.675573+00:00
2026-06-18 02:30:00+00:00,LINK-USD,15m,8.112000465393066,8.11299991607666,8.092000007629395,8.109999656677246,0,0,yfinance,2026-07-10T06:58:07.675573+00:00
2026-06-18 02:45:00+00:00,LINK-USD,15m,8.109999656677246,8.114999771118164,8.102999687194824,8.104999542236328,0,0,yfinance,2026-07-10T06:58:07.675573+00:00
2026-06-18 03:00:00+00:00,LINK-USD,15m,8.104000091552734,8.104999542236328,8.081000328063965,8.081000328063965,0,0,yfinance,2026-07-10T06:58:07.675573+00:00
2026-06-18 03:15:00+00:00,LINK-USD,15m,8.081000328063965,8.081000328063965,8.029999732971191,8.029999732971191,170800,170800,yfinance,2026-07-10T06:58:07.675573+00:00
2026-06-18 03:30:00+00:00,LINK-USD,15m,8.029999732971191,8.045999526977539,8.010000228881836,8.015999794006348,7158672,7158672,yfinance,2026-07-10T06:58:07.675573+00:00
2026-06-18 03:45:00+00:00,LINK-USD,15m,8.017999649047852,8.041000366210938,8.017999649047852,8.02400016784668,946176,946176,yfinance,2026-07-10T06:58:07.675573+00:00
2026-06-18 04:00:00+00:00,LINK-USD,15m,8.02299976348877,8.026000022888184,7.941999912261963,7.960000038146973,1604368,1604368,yfinance,2026-07-10T06:58:07.675573+00:00
2026-06-18 04:15:00+00:00,LINK-USD,15m,7.964000225067139,7.98199987411499,7.940000057220459,7.956999778747559,3745760,3745760,yfinance,2026-07-10T06:58:07.675573+00:00
2026-06-18 04:30:00+00:00,LINK-USD,15m,7.959000110626221,7.9670000076293945,7.941999912261963,7.941999912261963,835056,835056,yfinance,2026-07-10T06:58:07.675573+00:00
2026-06-18 04:45:00+00:00,LINK-USD,15m,7.940999984741211,7.958000183105469,7.927999973297119,7.946000099182129,304880,304880,yfinance,2026-07-10T06:58:07.675573+00:00
2026-06-18 05:00:00+00:00,LINK-USD,15m,7.945000171661377,7.946000099182129,7.886000156402588,7.915999889373779,2404560,2404560,yfinance,2026-07-10T06:58:07.675573+00:00
2026-06-18 05:15:00+00:00,LINK-USD,15m,7.913000106811523,7.928999900817871,7.908999919891357,7.918000221252441,1876352,1876352,yfinance,2026-07-10T06:58:07.675573+00:00
2026-06-18 05:30:00+00:00,LINK-USD,15m,7.914999961853027,7.935999870300293,7.9039998054504395,7.923999786376953,1252192,1252192,yfinance,2026-07-10T06:58:07.675573+00:00
2026-06-18 05:45:00+00:00,LINK-USD,15m,7.925000190734863,7.943999767303467,7.925000190734863,7.940000057220459,1410512,1410512,yfinance,2026-07-10T06:58:07.675573+00:00
2026-06-18 06:00:00+00:00,LINK-USD,15m,7.943999767303467,7.955999851226807,7.921999931335449,7.938000202178955,212592,212592,yfinance,2026-07-10T06:58:07.675573+00:00
2026-06-18 06:15:00+00:00,LINK-USD,15m,7.939000129699707,7.951000213623047,7.922999858856201,7.949999809265137,456032,456032,yfinance,2026-07-10T06:58:07.675573+00:00
2026-06-18 06:30:00+00:00,LINK-USD,15m,7.947000026702881,7.959000110626221,7.943999767303467,7.959000110626221,537040,537040,yfinance,2026-07-10T06:58:07.675573+00:00
2026-06-18 06:45:00+00:00,LINK-USD,15m,7.959000110626221,7.980000019073486,7.954999923706055,7.9770002365112305,501520,501520,yfinance,2026-07-10T06:58:07.675573+00:00
2026-06-18 07:00:00+00:00,LINK-USD,15m,7.9710001945495605,7.9710001945495605,7.953999996185303,7.968999862670898,0,0,yfinance,2026-07-10T06:58:07.675573+00:00
2026-06-18 07:15:00+00:00,LINK-USD,15m,7.9679999351501465,8.022000312805176,7.9679999351501465,8.020999908447266,1304704,1304704,yfinance,2026-07-10T06:58:07.675573+00:00
2026-06-18 07:30:00+00:00,LINK-USD,15m,8.020999908447266,8.03600025177002,8.006999969482422,8.031999588012695,1472768,1472768,yfinance,2026-07-10T06:58:07.675573+00:00
2026-06-18 07:45:00+00:00,LINK-USD,15m,8.029999732971191,8.03499984741211,8.015000343322754,8.02299976348877,359264,359264,yfinance,2026-07-10T06:58:07.675573+00:00
2026-06-18 08:00:00+00:00,LINK-USD,15m,8.02400016784668,8.052000045776367,8.006999969482422,8.032999992370605,153904,153904,yfinance,2026-07-10T06:58:07.675573+00:00
2026-06-18 08:15:00+00:00,LINK-USD,15m,8.034000396728516,8.043999671936035,8.02400016784668,8.043999671936035,31120,31120,yfinance,2026-07-10T06:58:07.675573+00:00
2026-06-18 08:30:00+00:00,LINK-USD,15m,8.043999671936035,8.057000160217285,8.039999961853027,8.039999961853027,0,0,yfinance,2026-07-10T06:58:07.675573+00:00
2026-06-18 08:45:00+00:00,LINK-USD,15m,8.041999816894531,8.045000076293945,8.020000457763672,8.02400016784668,0,0,yfinance,2026-07-10T06:58:07.675573+00:00
2026-06-18 09:00:00+00:00,LINK-USD,15m,8.02400016784668,8.031999588012695,8.015999794006348,8.029000282287598,1375744,1375744,yfinance,2026-07-10T06:58:07.675573+00:00
2026-06-18 09:15:00+00:00,LINK-USD,15m,8.029000282287598,8.045999526977539,8.013999938964844,8.013999938964844,31776,31776,yfinance,2026-07-10T06:58:07.675573+00:00
2026-06-18 09:30:00+00:00,LINK-USD,15m,8.012999534606934,8.039999961853027,8.010000228881836,8.039999961853027,3871920,3871920,yfinance,2026-07-10T06:58:07.675573+00:00
2026-06-18 09:45:00+00:00,LINK-USD,15m,8.039999961853027,8.053000450134277,8.029000282287598,8.029999732971191,0,0,yfinance,2026-07-10T06:58:07.675573+00:00
2026-06-18 10:00:00+00:00,LINK-USD,15m,8.031000137329102,8.031000137329102,7.994999885559082,7.998000144958496,753504,753504,yfinance,2026-07-10T06:58:07.675573+00:00
2026-06-18 10:15:00+00:00,LINK-USD,15m,7.99399995803833,8.0,7.986000061035156,7.991000175476074,681472,681472,yfinance,2026-07-10T06:58:07.675573+00:00
2026-06-18 10:30:00+00:00,LINK-USD,15m,7.991000175476074,7.994999885559082,7.978000164031982,7.98199987411499,0,0,yfinance,2026-07-10T06:58:07.675573+00:00
2026-06-18 10:45:00+00:00,LINK-USD,15m,7.98199987411499,8.031000137329102,7.979000091552734,8.019000053405762,748480,748480,yfinance,2026-07-10T06:58:07.675573+00:00
2026-06-18 11:00:00+00:00,LINK-USD,15m,8.017000198364258,8.031999588012695,8.0,8.013999938964844,316512,316512,yfinance,2026-07-10T06:58:07.675573+00:00
2026-06-18 11:15:00+00:00,LINK-USD,15m,8.013999938964844,8.015000343322754,7.9770002365112305,8.0,4541472,4541472,yfinance,2026-07-10T06:58:07.675573+00:00
2026-06-18 11:30:00+00:00,LINK-USD,15m,8.0,8.006999969482422,7.964000225067139,7.980000019073486,319040,319040,yfinance,2026-07-10T06:58:07.675573+00:00
2026-06-18 11:45:00+00:00,LINK-USD,15m,7.982999801635742,7.992000102996826,7.965000152587891,7.98199987411499,529728,529728,yfinance,2026-07-10T06:58:07.675573+00:00
2026-06-18 12:00:00+00:00,LINK-USD,15m,7.98199987411499,8.020999908447266,7.9770002365112305,8.015999794006348,6357392,6357392,yfinance,2026-07-10T06:58:07.675573+00:00
2026-06-18 12:15:00+00:00,LINK-USD,15m,8.017999649047852,8.076000213623047,8.013999938964844,8.071999549865723,309984,309984,yfinance,2026-07-10T06:58:07.675573+00:00
2026-06-18 12:30:00+00:00,LINK-USD,15m,8.083000183105469,8.083000183105469,8.055000305175781,8.065999984741211,0,0,yfinance,2026-07-10T06:58:07.675573+00:00
2026-06-18 12:45:00+00:00,LINK-USD,15m,8.067999839782715,8.090999603271484,8.062999725341797,8.086000442504883,66800,66800,yfinance,2026-07-10T06:58:07.675573+00:00
2026-06-18 13:00:00+00:00,LINK-USD,15m,8.085000038146973,8.107000350952148,8.074000358581543,8.097999572753906,0,0,yfinance,2026-07-10T06:58:07.675573+00:00
2026-06-18 13:15:00+00:00,LINK-USD,15m,8.095000267028809,8.118000030517578,8.08899974822998,8.102999687194824,406544,406544,yfinance,2026-07-10T06:58:07.675573+00:00
2026-06-18 13:30:00+00:00,LINK-USD,15m,8.097999572753906,8.104000091552734,7.97599983215332,7.97599983215332,870928,870928,yfinance,2026-07-10T06:58:07.675573+00:00
2026-06-18 13:45:00+00:00,LINK-USD,15m,7.97599983215332,8.045000076293945,7.964000225067139,8.012999534606934,1667744,1667744,yfinance,2026-07-10T06:58:07.675573+00:00
2026-06-18 14:00:00+00:00,LINK-USD,15m,8.015999794006348,8.038999557495117,7.98799991607666,7.997000217437744,149856,149856,yfinance,2026-07-10T06:58:07.675573+00:00
2026-06-18 14:15:00+00:00,LINK-USD,15m,8.00100040435791,8.095999717712402,7.979000091552734,8.017999649047852,1317120,1317120,yfinance,2026-07-10T06:58:07.675573+00:00
2026-06-18 14:30:00+00:00,LINK-USD,15m,8.015000343322754,8.052000045776367,8.003000259399414,8.003000259399414,916160,916160,yfinance,2026-07-10T06:58:07.675573+00:00
2026-06-18 14:45:00+00:00,LINK-USD,15m,8.006999969482422,8.029000282287598,7.9710001945495605,8.017999649047852,625248,625248,yfinance,2026-07-10T06:58:07.675573+00:00
2026-06-18 15:00:00+00:00,LINK-USD,15m,8.010000228881836,8.010000228881836,7.9670000076293945,7.97599983215332,429936,429936,yfinance,2026-07-10T06:58:07.675573+00:00
2026-06-18 15:15:00+00:00,LINK-USD,15m,7.973999977111816,7.980999946594238,7.89900016784668,7.901000022888184,3171936,3171936,yfinance,2026-07-10T06:58:07.675573+00:00
2026-06-18 15:30:00+00:00,LINK-USD,15m,7.906000137329102,7.931000232696533,7.822000026702881,7.835000038146973,2336032,2336032,yfinance,2026-07-10T06:58:07.675573+00:00
2026-06-18 15:45:00+00:00,LINK-USD,15m,7.831999778747559,7.843999862670898,7.769999980926514,7.7820000648498535,2715328,2715328,yfinance,2026-07-10T06:58:07.675573+00:00
2026-06-18 16:00:00+00:00,LINK-USD,15m,7.7769999504089355,7.84499979019165,7.775000095367432,7.834000110626221,2015584,2015584,yfinance,2026-07-10T06:58:07.675573+00:00
2026-06-18 16:15:00+00:00,LINK-USD,15m,7.833000183105469,7.8480000495910645,7.796000003814697,7.816999912261963,3318336,3318336,yfinance,2026-07-10T06:58:07.675573+00:00
2026-06-18 16:30:00+00:00,LINK-USD,15m,7.815000057220459,7.836999893188477,7.798999786376953,7.823999881744385,220256,220256,yfinance,2026-07-10T06:58:07.675573+00:00
2026-06-18 16:45:00+00:00,LINK-USD,15m,7.824999809265137,7.8480000495910645,7.818999767303467,7.840000152587891,943840,943840,yfinance,2026-07-10T06:58:07.675573+00:00
2026-06-18 17:00:00+00:00,LINK-USD,15m,7.8460001945495605,7.8460001945495605,7.804999828338623,7.818999767303467,37024,37024,yfinance,2026-07-10T06:58:07.675573+00:00
2026-06-18 17:15:00+00:00,LINK-USD,15m,7.815999984741211,7.829999923706055,7.78000020980835,7.823999881744385,1733376,1733376,yfinance,2026-07-10T06:58:07.675573+00:00
2026-06-18 17:30:00+00:00,LINK-USD,15m,7.826000213623047,7.8460001945495605,7.789999961853027,7.813000202178955,3675424,3675424,yfinance,2026-07-10T06:58:07.675573+00:00
2026-06-18 17:45:00+00:00,LINK-USD,15m,7.809000015258789,7.835000038146973,7.794000148773193,7.808000087738037,631584,631584,yfinance,2026-07-10T06:58:07.675573+00:00
2026-06-18 18:00:00+00:00,LINK-USD,15m,7.810999870300293,7.823999881744385,7.800000190734863,7.821000099182129,0,0,yfinance,2026-07-10T06:58:07.675573+00:00
2026-06-18 18:15:00+00:00,LINK-USD,15m,7.816999912261963,7.857999801635742,7.797999858856201,7.8480000495910645,462240,462240,yfinance,2026-07-10T06:58:07.675573+00:00
2026-06-18 18:30:00+00:00,LINK-USD,15m,7.8460001945495605,7.855000019073486,7.824999809265137,7.85099983215332,0,0,yfinance,2026-07-10T06:58:07.675573+00:00
2026-06-18 18:45:00+00:00,LINK-USD,15m,7.8520002365112305,7.861000061035156,7.833000183105469,7.8429999351501465,0,0,yfinance,2026-07-10T06:58:07.675573+00:00
2026-06-18 19:00:00+00:00,LINK-USD,15m,7.840000152587891,7.85099983215332,7.831999778747559,7.84499979019165,0,0,yfinance,2026-07-10T06:58:07.675573+00:00
2026-06-18 19:15:00+00:00,LINK-USD,15m,7.84499979019165,7.869999885559082,7.836999893188477,7.867000102996826,0,0,yfinance,2026-07-10T06:58:07.675573+00:00
2026-06-18 19:30:00+00:00,LINK-USD,15m,7.867000102996826,7.921999931335449,7.864999771118164,7.921999931335449,0,0,yfinance,2026-07-10T06:58:07.675573+00:00
2026-06-18 19:45:00+00:00,LINK-USD,15m,7.920000076293945,7.928999900817871,7.90500020980835,7.908999919891357,0,0,yfinance,2026-07-10T06:58:07.675573+00:00
2026-06-18 20:00:00+00:00,LINK-USD,15m,7.914000034332275,7.948999881744385,7.914000034332275,7.945000171661377,0,0,yfinance,2026-07-10T06:58:07.675573+00:00
2026-06-18 20:15:00+00:00,LINK-USD,15m,7.942999839782715,7.979000091552734,7.941999912261963,7.9670000076293945,0,0,yfinance,2026-07-10T06:58:07.675573+00:00
2026-06-18 20:30:00+00:00,LINK-USD,15m,7.9629998207092285,7.982999801635742,7.955999851226807,7.978000164031982,12096144,12096144,yfinance,2026-07-10T06:58:07.675573+00:00
2026-06-18 20:45:00+00:00,LINK-USD,15m,7.97599983215332,7.985000133514404,7.966000080108643,7.978000164031982,369200,369200,yfinance,2026-07-10T06:58:07.675573+00:00
2026-06-18 21:00:00+00:00,LINK-USD,15m,7.980999946594238,7.988999843597412,7.948999881744385,7.948999881744385,431648,431648,yfinance,2026-07-10T06:58:07.675573+00:00
2026-06-18 21:15:00+00:00,LINK-USD,15m,7.945000171661377,7.965000152587891,7.925000190734863,7.964000225067139,611184,611184,yfinance,2026-07-10T06:58:07.675573+00:00
2026-06-18 21:30:00+00:00,LINK-USD,15m,7.966000080108643,7.986999988555908,7.960999965667725,7.9770002365112305,59744,59744,yfinance,2026-07-10T06:58:07.675573+00:00
2026-06-18 21:45:00+00:00,LINK-USD,15m,7.9730000495910645,7.988999843597412,7.96999979019165,7.986000061035156,0,0,yfinance,2026-07-10T06:58:07.675573+00:00
2026-06-18 22:00:00+00:00,LINK-USD,15m,7.980999946594238,7.986999988555908,7.9670000076293945,7.978000164031982,0,0,yfinance,2026-07-10T06:58:07.675573+00:00
2026-06-18 22:15:00+00:00,LINK-USD,15m,7.978000164031982,7.98199987411499,7.949999809265137,7.955999851226807,304832,304832,yfinance,2026-07-10T06:58:07.675573+00:00
2026-06-18 22:30:00+00:00,LINK-USD,15m,7.955999851226807,7.965000152587891,7.940999984741211,7.964000225067139,831712,831712,yfinance,2026-07-10T06:58:07.675573+00:00
2026-06-18 22:45:00+00:00,LINK-USD,15m,7.9670000076293945,7.989999771118164,7.956999778747559,7.9770002365112305,626656,626656,yfinance,2026-07-10T06:58:07.675573+00:00
2026-06-18 23:00:00+00:00,LINK-USD,15m,7.9770002365112305,7.978000164031982,7.945000171661377,7.945000171661377,0,0,yfinance,2026-07-10T06:58:07.675573+00:00
2026-06-18 23:15:00+00:00,LINK-USD,15m,7.945000171661377,7.979000091552734,7.945000171661377,7.979000091552734,473792,473792,yfinance,2026-07-10T06:58:07.675573+00:00
2026-06-18 23:30:00+00:00,LINK-USD,15m,7.982999801635742,7.999000072479248,7.982999801635742,7.989999771118164,451728,451728,yfinance,2026-07-10T06:58:07.675573+00:00
2026-06-18 23:45:00+00:00,LINK-USD,15m,7.98799991607666,8.008000373840332,7.9770002365112305,8.005000114440918,1088496,1088496,yfinance,2026-07-10T06:58:07.675573+00:00
2026-06-19 00:00:00+00:00,LINK-USD,15m,8.005000114440918,8.005000114440918,7.979000091552734,7.992000102996826,400576,400576,yfinance,2026-07-10T06:58:07.675573+00:00
2026-06-19 00:15:00+00:00,LINK-USD,15m,7.995999813079834,8.010000228881836,7.986999988555908,8.0,0,0,yfinance,2026-07-10T06:58:07.675573+00:00
2026-06-19 00:30:00+00:00,LINK-USD,15m,8.001999855041504,8.02400016784668,8.001999855041504,8.02299976348877,134512,134512,yfinance,2026-07-10T06:58:07.675573+00:00
2026-06-19 00:45:00+00:00,LINK-USD,15m,8.02299976348877,8.02299976348877,7.995999813079834,8.005000114440918,409152,409152,yfinance,2026-07-10T06:58:07.675573+00:00
2026-06-19 01:00:00+00:00,LINK-USD,15m,8.006999969482422,8.029999732971191,7.98199987411499,7.992000102996826,38448,38448,yfinance,2026-07-10T06:58:07.675573+00:00
2026-06-19 01:15:00+00:00,LINK-USD,15m,7.99399995803833,8.024999618530273,7.99399995803833,7.994999885559082,635328,635328,yfinance,2026-07-10T06:58:07.675573+00:00
2026-06-19 01:30:00+00:00,LINK-USD,15m,7.99399995803833,7.997000217437744,7.978000164031982,7.995999813079834,693376,693376,yfinance,2026-07-10T06:58:07.675573+00:00
2026-06-19 01:45:00+00:00,LINK-USD,15m,7.995999813079834,8.020000457763672,7.995999813079834,8.017999649047852,41184,41184,yfinance,2026-07-10T06:58:07.675573+00:00
2026-06-19 02:00:00+00:00,LINK-USD,15m,8.020000457763672,8.031000137329102,8.010000228881836,8.010000228881836,0,0,yfinance,2026-07-10T06:58:07.675573+00:00
2026-06-19 02:15:00+00:00,LINK-USD,15m,8.015000343322754,8.017999649047852,7.984000205993652,7.985000133514404,83632,83632,yfinance,2026-07-10T06:58:07.675573+00:00
2026-06-19 02:30:00+00:00,LINK-USD,15m,7.986000061035156,7.994999885559082,7.9770002365112305,7.986999988555908,483440,483440,yfinance,2026-07-10T06:58:07.675573+00:00
2026-06-19 02:45:00+00:00,LINK-USD,15m,7.986999988555908,7.989999771118164,7.96999979019165,7.98199987411499,140368,140368,yfinance,2026-07-10T06:58:07.675573+00:00
2026-06-19 03:00:00+00:00,LINK-USD,15m,7.986000061035156,7.993000030517578,7.940999984741211,7.940999984741211,31376,31376,yfinance,2026-07-10T06:58:07.675573+00:00
2026-06-19 03:15:00+00:00,LINK-USD,15m,7.942999839782715,7.942999839782715,7.817999839782715,7.9070000648498535,8998720,8998720,yfinance,2026-07-10T06:58:07.675573+00:00
2026-06-19 03:30:00+00:00,LINK-USD,15m,7.9019999504089355,7.9019999504089355,7.848999977111816,7.864999771118164,408656,408656,yfinance,2026-07-10T06:58:07.675573+00:00
2026-06-19 03:45:00+00:00,LINK-USD,15m,7.86299991607666,7.88100004196167,7.854000091552734,7.873000144958496,145696,145696,yfinance,2026-07-10T06:58:07.675573+00:00
2026-06-19 04:00:00+00:00,LINK-USD,15m,7.872000217437744,7.892000198364258,7.830999851226807,7.88700008392334,0,0,yfinance,2026-07-10T06:58:07.675573+00:00
2026-06-19 04:15:00+00:00,LINK-USD,15m,7.888999938964844,7.906000137329102,7.8520002365112305,7.8520002365112305,0,0,yfinance,2026-07-10T06:58:07.675573+00:00
2026-06-19 04:30:00+00:00,LINK-USD,15m,7.853000164031982,7.853000164031982,7.811999797821045,7.831999778747559,280496,280496,yfinance,2026-07-10T06:58:07.675573+00:00
2026-06-19 04:45:00+00:00,LINK-USD,15m,7.829999923706055,7.8420000076293945,7.806000232696533,7.818999767303467,247760,247760,yfinance,2026-07-10T06:58:07.675573+00:00
2026-06-19 05:00:00+00:00,LINK-USD,15m,7.821000099182129,7.872000217437744,7.815999984741211,7.86899995803833,0,0,yfinance,2026-07-10T06:58:07.675573+00:00
2026-06-19 05:15:00+00:00,LINK-USD,15m,7.866000175476074,7.866000175476074,7.836999893188477,7.853000164031982,0,0,yfinance,2026-07-10T06:58:07.675573+00:00
2026-06-19 05:30:00+00:00,LINK-USD,15m,7.857999801635742,7.867000102996826,7.8420000076293945,7.867000102996826,0,0,yfinance,2026-07-10T06:58:07.675573+00:00
2026-06-19 05:45:00+00:00,LINK-USD,15m,7.866000175476074,7.883999824523926,7.863999843597412,7.883999824523926,10048,10048,yfinance,2026-07-10T06:58:07.675573+00:00
2026-06-19 06:00:00+00:00,LINK-USD,15m,7.883999824523926,7.9079999923706055,7.879000186920166,7.906000137329102,0,0,yfinance,2026-07-10T06:58:07.675573+00:00
2026-06-19 06:15:00+00:00,LINK-USD,15m,7.9039998054504395,7.909999847412109,7.89300012588501,7.9019999504089355,379408,379408,yfinance,2026-07-10T06:58:07.675573+00:00
2026-06-19 06:30:00+00:00,LINK-USD,15m,7.9029998779296875,7.908999919891357,7.857999801635742,7.877999782562256,1073648,1073648,yfinance,2026-07-10T06:58:07.675573+00:00
2026-06-19 06:45:00+00:00,LINK-USD,15m,7.875,7.894000053405762,7.855999946594238,7.889999866485596,288096,288096,yfinance,2026-07-10T06:58:07.675573+00:00
2026-06-19 07:00:00+00:00,LINK-USD,15m,7.886000156402588,7.890999794006348,7.857999801635742,7.857999801635742,3760,3760,yfinance,2026-07-10T06:58:07.675573+00:00
2026-06-19 07:15:00+00:00,LINK-USD,15m,7.85699987411499,7.870999813079834,7.849999904632568,7.860000133514404,5369360,5369360,yfinance,2026-07-10T06:58:07.675573+00:00
2026-06-19 07:30:00+00:00,LINK-USD,15m,7.855999946594238,7.873000144958496,7.815999984741211,7.834000110626221,7553536,7553536,yfinance,2026-07-10T06:58:07.675573+00:00
2026-06-19 07:45:00+00:00,LINK-USD,15m,7.828000068664551,7.848999977111816,7.820000171661377,7.835999965667725,638864,638864,yfinance,2026-07-10T06:58:07.675573+00:00
2026-06-19 08:00:00+00:00,LINK-USD,15m,7.840000152587891,7.854000091552734,7.835000038146973,7.8520002365112305,134528,134528,yfinance,2026-07-10T06:58:07.675573+00:00
2026-06-19 08:15:00+00:00,LINK-USD,15m,7.8460001945495605,7.860000133514404,7.839000225067139,7.8420000076293945,53376,53376,yfinance,2026-07-10T06:58:07.675573+00:00
2026-06-19 08:30:00+00:00,LINK-USD,15m,7.843999862670898,7.869999885559082,7.8429999351501465,7.855000019073486,210544,210544,yfinance,2026-07-10T06:58:07.675573+00:00
2026-06-19 08:45:00+00:00,LINK-USD,15m,7.855999946594238,7.857999801635742,7.835000038146973,7.8470001220703125,138832,138832,yfinance,2026-07-10T06:58:07.675573+00:00
2026-06-19 09:00:00+00:00,LINK-USD,15m,7.8480000495910645,7.85699987411499,7.808000087738037,7.817999839782715,258528,258528,yfinance,2026-07-10T06:58:07.675573+00:00
2026-06-19 09:15:00+00:00,LINK-USD,15m,7.818999767303467,7.829999923706055,7.811999797821045,7.822000026702881,835888,835888,yfinance,2026-07-10T06:58:07.675573+00:00
2026-06-19 09:30:00+00:00,LINK-USD,15m,7.822999954223633,7.8429999351501465,7.822000026702881,7.840000152587891,692304,692304,yfinance,2026-07-10T06:58:07.675573+00:00
2026-06-19 09:45:00+00:00,LINK-USD,15m,7.836999893188477,7.8420000076293945,7.823999881744385,7.828999996185303,1406672,1406672,yfinance,2026-07-10T06:58:07.675573+00:00
2026-06-19 10:00:00+00:00,LINK-USD,15m,7.828999996185303,7.8429999351501465,7.821000099182129,7.836999893188477,0,0,yfinance,2026-07-10T06:58:07.675573+00:00
2026-06-19 10:15:00+00:00,LINK-USD,15m,7.834000110626221,7.834000110626221,7.811999797821045,7.828000068664551,0,0,yfinance,2026-07-10T06:58:07.675573+00:00
2026-06-19 10:30:00+00:00,LINK-USD,15m,7.824999809265137,7.824999809265137,7.796000003814697,7.802000045776367,320224,320224,yfinance,2026-07-10T06:58:07.675573+00:00
2026-06-19 10:45:00+00:00,LINK-USD,15m,7.800000190734863,7.835000038146973,7.800000190734863,7.826000213623047,7071408,7071408,yfinance,2026-07-10T06:58:07.675573+00:00
2026-06-19 11:00:00+00:00,LINK-USD,15m,7.823999881744385,7.827000141143799,7.803999900817871,7.811999797821045,0,0,yfinance,2026-07-10T06:58:07.675573+00:00
2026-06-19 11:15:00+00:00,LINK-USD,15m,7.814000129699707,7.835000038146973,7.803999900817871,7.821000099182129,529760,529760,yfinance,2026-07-10T06:58:07.675573+00:00
2026-06-19 11:30:00+00:00,LINK-USD,15m,7.821000099182129,7.824999809265137,7.815000057220459,7.817999839782715,659776,659776,yfinance,2026-07-10T06:58:07.675573+00:00
2026-06-19 11:45:00+00:00,LINK-USD,15m,7.815999984741211,7.822000026702881,7.803999900817871,7.807000160217285,543920,543920,yfinance,2026-07-10T06:58:07.675573+00:00
2026-06-19 12:00:00+00:00,LINK-USD,15m,7.808000087738037,7.820000171661377,7.804999828338623,7.808000087738037,0,0,yfinance,2026-07-10T06:58:07.675573+00:00
2026-06-19 12:15:00+00:00,LINK-USD,15m,7.804999828338623,7.811999797821045,7.788000106811523,7.803999900817871,294880,294880,yfinance,2026-07-10T06:58:07.675573+00:00
2026-06-19 12:30:00+00:00,LINK-USD,15m,7.803999900817871,7.815000057220459,7.784999847412109,7.802999973297119,1523168,1523168,yfinance,2026-07-10T06:58:07.675573+00:00
2026-06-19 12:45:00+00:00,LINK-USD,15m,7.801000118255615,7.857999801635742,7.765999794006348,7.854000091552734,2030480,2030480,yfinance,2026-07-10T06:58:07.675573+00:00
2026-06-19 13:00:00+00:00,LINK-USD,15m,7.85099983215332,7.86299991607666,7.834000110626221,7.840000152587891,430240,430240,yfinance,2026-07-10T06:58:07.675573+00:00
2026-06-19 13:15:00+00:00,LINK-USD,15m,7.843999862670898,7.8470001220703125,7.818999767303467,7.8470001220703125,96896,96896,yfinance,2026-07-10T06:58:07.675573+00:00
2026-06-19 13:30:00+00:00,LINK-USD,15m,7.8480000495910645,7.8979997634887695,7.8460001945495605,7.894999980926514,5530048,5530048,yfinance,2026-07-10T06:58:07.675573+00:00
2026-06-19 13:45:00+00:00,LINK-USD,15m,7.896999835968018,7.943999767303467,7.896999835968018,7.923999786376953,1073856,1073856,yfinance,2026-07-10T06:58:07.675573+00:00
2026-06-19 14:00:00+00:00,LINK-USD,15m,7.922999858856201,7.934999942779541,7.89900016784668,7.9029998779296875,37792,37792,yfinance,2026-07-10T06:58:07.675573+00:00
2026-06-19 14:15:00+00:00,LINK-USD,15m,7.9039998054504395,7.931000232696533,7.890999794006348,7.922999858856201,0,0,yfinance,2026-07-10T06:58:07.675573+00:00
2026-06-19 14:30:00+00:00,LINK-USD,15m,7.927000045776367,7.939000129699707,7.909999847412109,7.921000003814697,197664,197664,yfinance,2026-07-10T06:58:07.675573+00:00
2026-06-19 14:45:00+00:00,LINK-USD,15m,7.921000003814697,7.927000045776367,7.890999794006348,7.890999794006348,0,0,yfinance,2026-07-10T06:58:07.675573+00:00
2026-06-19 15:00:00+00:00,LINK-USD,15m,7.890999794006348,7.9039998054504395,7.883999824523926,7.9039998054504395,0,0,yfinance,2026-07-10T06:58:07.675573+00:00
2026-06-19 15:15:00+00:00,LINK-USD,15m,7.9070000648498535,7.9070000648498535,7.866000175476074,7.86899995803833,0,0,yfinance,2026-07-10T06:58:07.675573+00:00
2026-06-19 15:30:00+00:00,LINK-USD,15m,7.869999885559082,7.922999858856201,7.869999885559082,7.9120001792907715,0,0,yfinance,2026-07-10T06:58:07.675573+00:00
2026-06-19 15:45:00+00:00,LINK-USD,15m,7.910999774932861,7.914999961853027,7.89300012588501,7.89300012588501,0,0,yfinance,2026-07-10T06:58:07.675573+00:00
2026-06-19 16:00:00+00:00,LINK-USD,15m,7.8979997634887695,7.928999900817871,7.890999794006348,7.927999973297119,0,0,yfinance,2026-07-10T06:58:07.675573+00:00
2026-06-19 16:15:00+00:00,LINK-USD,15m,7.926000118255615,7.929999828338623,7.9070000648498535,7.923999786376953,0,0,yfinance,2026-07-10T06:58:07.675573+00:00
2026-06-19 16:30:00+00:00,LINK-USD,15m,7.920000076293945,7.922999858856201,7.9070000648498535,7.909999847412109,0,0,yfinance,2026-07-10T06:58:07.675573+00:00
2026-06-19 16:45:00+00:00,LINK-USD,15m,7.9079999923706055,7.9079999923706055,7.855000019073486,7.859000205993652,4435008,4435008,yfinance,2026-07-10T06:58:07.675573+00:00
2026-06-19 17:00:00+00:00,LINK-USD,15m,7.86299991607666,7.86899995803833,7.843999862670898,7.867000102996826,0,0,yfinance,2026-07-10T06:58:07.675573+00:00
2026-06-19 17:15:00+00:00,LINK-USD,15m,7.86899995803833,7.894000053405762,7.86299991607666,7.864999771118164,0,0,yfinance,2026-07-10T06:58:07.675573+00:00
2026-06-19 17:30:00+00:00,LINK-USD,15m,7.869999885559082,7.9029998779296875,7.868000030517578,7.9019999504089355,0,0,yfinance,2026-07-10T06:58:07.675573+00:00
2026-06-19 17:45:00+00:00,LINK-USD,15m,7.9019999504089355,7.918000221252441,7.894999980926514,7.901000022888184,99584,99584,yfinance,2026-07-10T06:58:07.675573+00:00
2026-06-19 18:00:00+00:00,LINK-USD,15m,7.901000022888184,7.906000137329102,7.892000198364258,7.906000137329102,0,0,yfinance,2026-07-10T06:58:07.675573+00:00
2026-06-19 18:15:00+00:00,LINK-USD,15m,7.9029998779296875,7.9029998779296875,7.88700008392334,7.88700008392334,1177696,1177696,yfinance,2026-07-10T06:58:07.675573+00:00
2026-06-19 18:30:00+00:00,LINK-USD,15m,7.886000156402588,7.88700008392334,7.848999977111816,7.861999988555908,2798336,2798336,yfinance,2026-07-10T06:58:07.675573+00:00
2026-06-19 18:45:00+00:00,LINK-USD,15m,7.861999988555908,7.885000228881836,7.861999988555908,7.882999897003174,232912,232912,yfinance,2026-07-10T06:58:07.675573+00:00
2026-06-19 19:00:00+00:00,LINK-USD,15m,7.88100004196167,7.892000198364258,7.859000205993652,7.86899995803833,0,0,yfinance,2026-07-10T06:58:07.675573+00:00
2026-06-19 19:15:00+00:00,LINK-USD,15m,7.872000217437744,7.875,7.8429999351501465,7.855000019073486,0,0,yfinance,2026-07-10T06:58:07.675573+00:00
2026-06-19 19:30:00+00:00,LINK-USD,15m,7.85099983215332,7.863999843597412,7.8460001945495605,7.860000133514404,0,0,yfinance,2026-07-10T06:58:07.675573+00:00
2026-06-19 19:45:00+00:00,LINK-USD,15m,7.857999801635742,7.886000156402588,7.85699987411499,7.870999813079834,311904,311904,yfinance,2026-07-10T06:58:07.675573+00:00
2026-06-19 20:00:00+00:00,LINK-USD,15m,7.873000144958496,7.888999938964844,7.873000144958496,7.881999969482422,0,0,yfinance,2026-07-10T06:58:07.675573+00:00
2026-06-19 20:15:00+00:00,LINK-USD,15m,7.880000114440918,7.880000114440918,7.843999862670898,7.874000072479248,0,0,yfinance,2026-07-10T06:58:07.675573+00:00
2026-06-19 20:30:00+00:00,LINK-USD,15m,7.875,7.879000186920166,7.861000061035156,7.873000144958496,0,0,yfinance,2026-07-10T06:58:07.675573+00:00
2026-06-19 20:45:00+00:00,LINK-USD,15m,7.873000144958496,7.920000076293945,7.873000144958496,7.916999816894531,318848,318848,yfinance,2026-07-10T06:58:07.675573+00:00
2026-06-19 21:00:00+00:00,LINK-USD,15m,7.915999889373779,7.922999858856201,7.89900016784668,7.919000148773193,97152,97152,yfinance,2026-07-10T06:58:07.675573+00:00
2026-06-19 21:15:00+00:00,LINK-USD,15m,7.918000221252441,7.921999931335449,7.889999866485596,7.892000198364258,44160,44160,yfinance,2026-07-10T06:58:07.675573+00:00
2026-06-19 21:30:00+00:00,LINK-USD,15m,7.889999866485596,7.895999908447266,7.880000114440918,7.880000114440918,393040,393040,yfinance,2026-07-10T06:58:07.675573+00:00
2026-06-19 21:45:00+00:00,LINK-USD,15m,7.886000156402588,7.894000053405762,7.874000072479248,7.881999969482422,673168,673168,yfinance,2026-07-10T06:58:07.675573+00:00
2026-06-19 22:00:00+00:00,LINK-USD,15m,7.88100004196167,7.892000198364258,7.875,7.888000011444092,14416,14416,yfinance,2026-07-10T06:58:07.675573+00:00
2026-06-19 22:15:00+00:00,LINK-USD,15m,7.888000011444092,7.916999816894531,7.888000011444092,7.908999919891357,0,0,yfinance,2026-07-10T06:58:07.675573+00:00
2026-06-19 22:30:00+00:00,LINK-USD,15m,7.909999847412109,7.922999858856201,7.9039998054504395,7.921999931335449,0,0,yfinance,2026-07-10T06:58:07.675573+00:00
2026-06-19 22:45:00+00:00,LINK-USD,15m,7.921000003814697,7.922999858856201,7.910999774932861,7.916999816894531,0,0,yfinance,2026-07-10T06:58:07.675573+00:00
2026-06-19 23:00:00+00:00,LINK-USD,15m,7.916999816894531,7.920000076293945,7.8979997634887695,7.9019999504089355,91632,91632,yfinance,2026-07-10T06:58:07.675573+00:00
2026-06-19 23:15:00+00:00,LINK-USD,15m,7.9019999504089355,7.922999858856201,7.901000022888184,7.919000148773193,197664,197664,yfinance,2026-07-10T06:58:07.675573+00:00
2026-06-19 23:30:00+00:00,LINK-USD,15m,7.916999816894531,7.932000160217285,7.916999816894531,7.923999786376953,593632,593632,yfinance,2026-07-10T06:58:07.675573+00:00
2026-06-19 23:45:00+00:00,LINK-USD,15m,7.922999858856201,7.956999778747559,7.910999774932861,7.943999767303467,1540208,1540208,yfinance,2026-07-10T06:58:07.675573+00:00
2026-06-20 00:00:00+00:00,LINK-USD,15m,7.935999870300293,7.952000141143799,7.876999855041504,7.892000198364258,4266528,4266528,yfinance,2026-07-10T06:58:07.675573+00:00
2026-06-20 00:15:00+00:00,LINK-USD,15m,7.888999938964844,7.914000034332275,7.888000011444092,7.909999847412109,229280,229280,yfinance,2026-07-10T06:58:07.675573+00:00
2026-06-20 00:30:00+00:00,LINK-USD,15m,7.909999847412109,7.934000015258789,7.89300012588501,7.896999835968018,167824,167824,yfinance,2026-07-10T06:58:07.675573+00:00
2026-06-20 00:45:00+00:00,LINK-USD,15m,7.894999980926514,7.894999980926514,7.864999771118164,7.879000186920166,2294784,2294784,yfinance,2026-07-10T06:58:07.675573+00:00
2026-06-20 01:00:00+00:00,LINK-USD,15m,7.879000186920166,7.888999938964844,7.870999813079834,7.877999782562256,1561648,1561648,yfinance,2026-07-10T06:58:07.675573+00:00
2026-06-20 01:15:00+00:00,LINK-USD,15m,7.877999782562256,7.894000053405762,7.875,7.882999897003174,0,0,yfinance,2026-07-10T06:58:07.675573+00:00
2026-06-20 01:30:00+00:00,LINK-USD,15m,7.885000228881836,7.914999961853027,7.885000228881836,7.895999908447266,143248,143248,yfinance,2026-07-10T06:58:07.675573+00:00
2026-06-20 01:45:00+00:00,LINK-USD,15m,7.894999980926514,7.9079999923706055,7.894999980926514,7.9039998054504395,0,0,yfinance,2026-07-10T06:58:07.675573+00:00
2026-06-20 02:00:00+00:00,LINK-USD,15m,7.901000022888184,7.9070000648498535,7.876999855041504,7.876999855041504,191232,191232,yfinance,2026-07-10T06:58:07.675573+00:00
2026-06-20 02:15:00+00:00,LINK-USD,15m,7.875999927520752,7.875999927520752,7.859000205993652,7.860000133514404,5104,5104,yfinance,2026-07-10T06:58:07.675573+00:00
2026-06-20 02:30:00+00:00,LINK-USD,15m,7.863999843597412,7.880000114440918,7.859000205993652,7.86299991607666,212400,212400,yfinance,2026-07-10T06:58:07.675573+00:00
2026-06-20 02:45:00+00:00,LINK-USD,15m,7.86299991607666,7.876999855041504,7.86299991607666,7.868000030517578,62496,62496,yfinance,2026-07-10T06:58:07.675573+00:00
2026-06-20 03:00:00+00:00,LINK-USD,15m,7.868000030517578,7.874000072479248,7.861000061035156,7.867000102996826,1188288,1188288,yfinance,2026-07-10T06:58:07.675573+00:00
2026-06-20 03:15:00+00:00,LINK-USD,15m,7.868000030517578,7.881999969482422,7.868000030517578,7.88100004196167,0,0,yfinance,2026-07-10T06:58:07.675573+00:00
2026-06-20 03:30:00+00:00,LINK-USD,15m,7.88100004196167,7.888999938964844,7.875999927520752,7.885000228881836,0,0,yfinance,2026-07-10T06:58:07.675573+00:00
2026-06-20 03:45:00+00:00,LINK-USD,15m,7.885000228881836,7.88700008392334,7.875999927520752,7.885000228881836,0,0,yfinance,2026-07-10T06:58:07.675573+00:00
2026-06-20 04:00:00+00:00,LINK-USD,15m,7.888000011444092,7.888999938964844,7.874000072479248,7.883999824523926,0,0,yfinance,2026-07-10T06:58:07.675573+00:00
2026-06-20 04:15:00+00:00,LINK-USD,15m,7.885000228881836,7.9019999504089355,7.876999855041504,7.9019999504089355,303168,303168,yfinance,2026-07-10T06:58:07.675573+00:00
2026-06-20 04:30:00+00:00,LINK-USD,15m,7.9029998779296875,7.921999931335449,7.89300012588501,7.919000148773193,0,0,yfinance,2026-07-10T06:58:07.675573+00:00
2026-06-20 04:45:00+00:00,LINK-USD,15m,7.920000076293945,7.922999858856201,7.908999919891357,7.920000076293945,77840,77840,yfinance,2026-07-10T06:58:07.675573+00:00
2026-06-20 05:00:00+00:00,LINK-USD,15m,7.922999858856201,8.003999710083008,7.918000221252441,7.992000102996826,982688,982688,yfinance,2026-07-10T06:58:07.675573+00:00
2026-06-20 05:15:00+00:00,LINK-USD,15m,7.98799991607666,7.991000175476074,7.954999923706055,7.955999851226807,1111696,1111696,yfinance,2026-07-10T06:58:07.675573+00:00
2026-06-20 05:30:00+00:00,LINK-USD,15m,7.956999778747559,7.968999862670898,7.953000068664551,7.959000110626221,109024,109024,yfinance,2026-07-10T06:58:07.675573+00:00
2026-06-20 05:45:00+00:00,LINK-USD,15m,7.960000038146973,7.980999946594238,7.952000141143799,7.980000019073486,1199056,1199056,yfinance,2026-07-10T06:58:07.675573+00:00
2026-06-20 06:00:00+00:00,LINK-USD,15m,7.979000091552734,7.988999843597412,7.96999979019165,7.973999977111816,0,0,yfinance,2026-07-10T06:58:07.675573+00:00
2026-06-20 06:15:00+00:00,LINK-USD,15m,7.97599983215332,7.999000072479248,7.96999979019165,7.98799991607666,310576,310576,yfinance,2026-07-10T06:58:07.675573+00:00
2026-06-20 06:30:00+00:00,LINK-USD,15m,7.98799991607666,7.98799991607666,7.978000164031982,7.985000133514404,175776,175776,yfinance,2026-07-10T06:58:07.675573+00:00
2026-06-20 06:45:00+00:00,LINK-USD,15m,7.985000133514404,7.988999843597412,7.9730000495910645,7.98199987411499,125264,125264,yfinance,2026-07-10T06:58:07.675573+00:00
2026-06-20 07:00:00+00:00,LINK-USD,15m,7.985000133514404,7.986000061035156,7.946000099182129,7.960999965667725,1043104,1043104,yfinance,2026-07-10T06:58:07.675573+00:00
2026-06-20 07:15:00+00:00,LINK-USD,15m,7.959000110626221,7.99399995803833,7.956999778747559,7.99399995803833,106192,106192,yfinance,2026-07-10T06:58:07.675573+00:00
2026-06-20 07:30:00+00:00,LINK-USD,15m,7.994999885559082,7.999000072479248,7.964000225067139,7.964000225067139,0,0,yfinance,2026-07-10T06:58:07.675573+00:00
2026-06-20 07:45:00+00:00,LINK-USD,15m,7.964000225067139,7.966000080108643,7.947000026702881,7.953999996185303,938224,938224,yfinance,2026-07-10T06:58:07.675573+00:00
2026-06-20 08:00:00+00:00,LINK-USD,15m,7.953999996185303,7.953999996185303,7.929999828338623,7.939000129699707,0,0,yfinance,2026-07-10T06:58:07.675573+00:00
2026-06-20 08:15:00+00:00,LINK-USD,15m,7.940000057220459,7.947000026702881,7.935999870300293,7.935999870300293,0,0,yfinance,2026-07-10T06:58:07.675573+00:00
2026-06-20 08:30:00+00:00,LINK-USD,15m,7.935999870300293,7.940000057220459,7.920000076293945,7.929999828338623,118240,118240,yfinance,2026-07-10T06:58:07.675573+00:00
2026-06-20 08:45:00+00:00,LINK-USD,15m,7.929999828338623,7.934000015258789,7.921999931335449,7.931000232696533,0,0,yfinance,2026-07-10T06:58:07.675573+00:00
2026-06-20 09:00:00+00:00,LINK-USD,15m,7.934000015258789,7.943999767303467,7.933000087738037,7.940999984741211,0,0,yfinance,2026-07-10T06:58:07.675573+00:00
2026-06-20 09:15:00+00:00,LINK-USD,15m,7.940999984741211,7.946000099182129,7.935999870300293,7.941999912261963,463408,463408,yfinance,2026-07-10T06:58:07.675573+00:00
2026-06-20 09:30:00+00:00,LINK-USD,15m,7.940000057220459,7.966000080108643,7.940000057220459,7.956999778747559,0,0,yfinance,2026-07-10T06:58:07.675573+00:00
2026-06-20 09:45:00+00:00,LINK-USD,15m,7.958000183105469,7.974999904632568,7.952000141143799,7.960000038146973,0,0,yfinance,2026-07-10T06:58:07.675573+00:00
2026-06-20 10:00:00+00:00,LINK-USD,15m,7.960999965667725,7.968999862670898,7.951000213623047,7.9670000076293945,0,0,yfinance,2026-07-10T06:58:07.675573+00:00
2026-06-20 10:15:00+00:00,LINK-USD,15m,7.9670000076293945,7.9679999351501465,7.951000213623047,7.954999923706055,0,0,yfinance,2026-07-10T06:58:07.675573+00:00
2026-06-20 10:30:00+00:00,LINK-USD,15m,7.954999923706055,7.959000110626221,7.934000015258789,7.938000202178955,0,0,yfinance,2026-07-10T06:58:07.675573+00:00
2026-06-20 10:45:00+00:00,LINK-USD,15m,7.938000202178955,7.956999778747559,7.938000202178955,7.951000213623047,2070512,2070512,yfinance,2026-07-10T06:58:07.675573+00:00
2026-06-20 11:00:00+00:00,LINK-USD,15m,7.951000213623047,7.954999923706055,7.932000160217285,7.942999839782715,0,0,yfinance,2026-07-10T06:58:07.675573+00:00
2026-06-20 11:15:00+00:00,LINK-USD,15m,7.941999912261963,7.943999767303467,7.933000087738037,7.936999797821045,0,0,yfinance,2026-07-10T06:58:07.675573+00:00
2026-06-20 11:30:00+00:00,LINK-USD,15m,7.936999797821045,7.946000099182129,7.934000015258789,7.943999767303467,0,0,yfinance,2026-07-10T06:58:07.675573+00:00
2026-06-20 11:45:00+00:00,LINK-USD,15m,7.945000171661377,7.947999954223633,7.929999828338623,7.929999828338623,0,0,yfinance,2026-07-10T06:58:07.675573+00:00
2026-06-20 12:00:00+00:00,LINK-USD,15m,7.929999828338623,7.945000171661377,7.927999973297119,7.939000129699707,0,0,yfinance,2026-07-10T06:58:07.675573+00:00
2026-06-20 12:15:00+00:00,LINK-USD,15m,7.939000129699707,7.939000129699707,7.927999973297119,7.935999870300293,0,0,yfinance,2026-07-10T06:58:07.675573+00:00
2026-06-20 12:30:00+00:00,LINK-USD,15m,7.936999797821045,7.938000202178955,7.910999774932861,7.922999858856201,0,0,yfinance,2026-07-10T06:58:07.675573+00:00
2026-06-20 12:45:00+00:00,LINK-USD,15m,7.921999931335449,7.921999931335449,7.90500020980835,7.921000003814697,0,0,yfinance,2026-07-10T06:58:07.675573+00:00
2026-06-20 13:00:00+00:00,LINK-USD,15m,7.921000003814697,7.926000118255615,7.914999961853027,7.919000148773193,0,0,yfinance,2026-07-10T06:58:07.675573+00:00
2026-06-20 13:15:00+00:00,LINK-USD,15m,7.919000148773193,7.921999931335449,7.853000164031982,7.86299991607666,534736,534736,yfinance,2026-07-10T06:58:07.675573+00:00
2026-06-20 13:30:00+00:00,LINK-USD,15m,7.861999988555908,7.881999969482422,7.860000133514404,7.88100004196167,1025776,1025776,yfinance,2026-07-10T06:58:07.675573+00:00
2026-06-20 13:45:00+00:00,LINK-USD,15m,7.881999969482422,7.888999938964844,7.870999813079834,7.870999813079834,0,0,yfinance,2026-07-10T06:58:07.675573+00:00
2026-06-20 14:00:00+00:00,LINK-USD,15m,7.868000030517578,7.868000030517578,7.822000026702881,7.822000026702881,2935872,2935872,yfinance,2026-07-10T06:58:07.675573+00:00
2026-06-20 14:15:00+00:00,LINK-USD,15m,7.822999954223633,7.8480000495910645,7.821000099182129,7.8460001945495605,680016,680016,yfinance,2026-07-10T06:58:07.675573+00:00
2026-06-20 14:30:00+00:00,LINK-USD,15m,7.8460001945495605,7.864999771118164,7.840000152587891,7.864999771118164,0,0,yfinance,2026-07-10T06:58:07.675573+00:00
2026-06-20 14:45:00+00:00,LINK-USD,15m,7.86299991607666,7.973999977111816,7.861999988555908,7.926000118255615,3266512,3266512,yfinance,2026-07-10T06:58:07.675573+00:00
2026-06-20 15:00:00+00:00,LINK-USD,15m,7.929999828338623,7.942999839782715,7.9120001792907715,7.938000202178955,363120,363120,yfinance,2026-07-10T06:58:07.675573+00:00
2026-06-20 15:15:00+00:00,LINK-USD,15m,7.938000202178955,7.999000072479248,7.932000160217285,7.97599983215332,2426928,2426928,yfinance,2026-07-10T06:58:07.675573+00:00
2026-06-20 15:30:00+00:00,LINK-USD,15m,7.978000164031982,7.980999946594238,7.948999881744385,7.949999809265137,660320,660320,yfinance,2026-07-10T06:58:07.675573+00:00
2026-06-20 15:45:00+00:00,LINK-USD,15m,7.952000141143799,7.9670000076293945,7.952000141143799,7.958000183105469,0,0,yfinance,2026-07-10T06:58:07.675573+00:00
2026-06-20 16:00:00+00:00,LINK-USD,15m,7.959000110626221,7.959000110626221,7.935999870300293,7.940999984741211,0,0,yfinance,2026-07-10T06:58:07.675573+00:00
2026-06-20 16:15:00+00:00,LINK-USD,15m,7.943999767303467,7.952000141143799,7.927000045776367,7.927999973297119,379296,379296,yfinance,2026-07-10T06:58:07.675573+00:00
2026-06-20 16:30:00+00:00,LINK-USD,15m,7.927000045776367,7.942999839782715,7.915999889373779,7.940999984741211,0,0,yfinance,2026-07-10T06:58:07.675573+00:00
2026-06-20 16:45:00+00:00,LINK-USD,15m,7.940999984741211,7.956999778747559,7.935999870300293,7.955999851226807,0,0,yfinance,2026-07-10T06:58:07.675573+00:00
2026-06-20 17:00:00+00:00,LINK-USD,15m,7.954999923706055,7.954999923706055,7.923999786376953,7.933000087738037,0,0,yfinance,2026-07-10T06:58:07.675573+00:00
2026-06-20 17:15:00+00:00,LINK-USD,15m,7.932000160217285,7.932000160217285,7.900000095367432,7.9120001792907715,241104,241104,yfinance,2026-07-10T06:58:07.675573+00:00
2026-06-20 17:30:00+00:00,LINK-USD,15m,7.9120001792907715,7.914000034332275,7.85699987411499,7.883999824523926,3290304,3290304,yfinance,2026-07-10T06:58:07.675573+00:00
2026-06-20 17:45:00+00:00,LINK-USD,15m,7.885000228881836,7.9029998779296875,7.88100004196167,7.894000053405762,447296,447296,yfinance,2026-07-10T06:58:07.675573+00:00
2026-06-20 18:00:00+00:00,LINK-USD,15m,7.894000053405762,7.914999961853027,7.894000053405762,7.9029998779296875,229760,229760,yfinance,2026-07-10T06:58:07.675573+00:00
2026-06-20 18:15:00+00:00,LINK-USD,15m,7.9019999504089355,7.914000034332275,7.9019999504089355,7.914000034332275,198560,198560,yfinance,2026-07-10T06:58:07.675573+00:00
2026-06-20 18:30:00+00:00,LINK-USD,15m,7.914000034332275,7.919000148773193,7.888000011444092,7.892000198364258,45648,45648,yfinance,2026-07-10T06:58:07.675573+00:00
2026-06-20 18:45:00+00:00,LINK-USD,15m,7.890999794006348,7.895999908447266,7.877999782562256,7.88100004196167,1829184,1829184,yfinance,2026-07-10T06:58:07.675573+00:00
2026-06-20 19:00:00+00:00,LINK-USD,15m,7.88100004196167,7.890999794006348,7.876999855041504,7.885000228881836,926864,926864,yfinance,2026-07-10T06:58:07.675573+00:00
2026-06-20 19:15:00+00:00,LINK-USD,15m,7.88700008392334,7.888000011444092,7.874000072479248,7.880000114440918,190784,190784,yfinance,2026-07-10T06:58:07.675573+00:00
2026-06-20 19:30:00+00:00,LINK-USD,15m,7.881999969482422,7.900000095367432,7.880000114440918,7.894999980926514,0,0,yfinance,2026-07-10T06:58:07.675573+00:00
2026-06-20 19:45:00+00:00,LINK-USD,15m,7.894999980926514,7.896999835968018,7.88700008392334,7.890999794006348,0,0,yfinance,2026-07-10T06:58:07.675573+00:00
2026-06-20 20:00:00+00:00,LINK-USD,15m,7.890999794006348,7.8979997634887695,7.888999938964844,7.895999908447266,49920,49920,yfinance,2026-07-10T06:58:07.675573+00:00
2026-06-20 20:15:00+00:00,LINK-USD,15m,7.89300012588501,7.900000095367432,7.888999938964844,7.894000053405762,115600,115600,yfinance,2026-07-10T06:58:07.675573+00:00
2026-06-20 20:30:00+00:00,LINK-USD,15m,7.894000053405762,7.894000053405762,7.881999969482422,7.89300012588501,0,0,yfinance,2026-07-10T06:58:07.675573+00:00
2026-06-20 20:45:00+00:00,LINK-USD,15m,7.89300012588501,7.900000095367432,7.89300012588501,7.8979997634887695,336,336,yfinance,2026-07-10T06:58:07.675573+00:00
2026-06-20 21:00:00+00:00,LINK-USD,15m,7.896999835968018,7.929999828338623,7.894000053405762,7.920000076293945,70464,70464,yfinance,2026-07-10T06:58:07.675573+00:00
2026-06-20 21:15:00+00:00,LINK-USD,15m,7.921000003814697,7.921000003814697,7.9029998779296875,7.9029998779296875,644896,644896,yfinance,2026-07-10T06:58:07.675573+00:00
2026-06-20 21:30:00+00:00,LINK-USD,15m,7.9029998779296875,7.925000190734863,7.9019999504089355,7.925000190734863,153776,153776,yfinance,2026-07-10T06:58:07.675573+00:00
2026-06-20 21:45:00+00:00,LINK-USD,15m,7.926000118255615,7.932000160217285,7.915999889373779,7.926000118255615,585104,585104,yfinance,2026-07-10T06:58:07.675573+00:00
2026-06-20 22:00:00+00:00,LINK-USD,15m,7.923999786376953,7.9629998207092285,7.910999774932861,7.955999851226807,0,0,yfinance,2026-07-10T06:58:07.675573+00:00
2026-06-20 22:15:00+00:00,LINK-USD,15m,7.955999851226807,7.989999771118164,7.940000057220459,7.986000061035156,999104,999104,yfinance,2026-07-10T06:58:07.675573+00:00
2026-06-20 22:30:00+00:00,LINK-USD,15m,7.98199987411499,8.003999710083008,7.9710001945495605,7.98799991607666,1500336,1500336,yfinance,2026-07-10T06:58:07.675573+00:00
2026-06-20 22:45:00+00:00,LINK-USD,15m,7.989999771118164,7.994999885559082,7.97599983215332,7.980000019073486,383664,383664,yfinance,2026-07-10T06:58:07.675573+00:00
2026-06-20 23:00:00+00:00,LINK-USD,15m,7.980000019073486,7.986000061035156,7.9720001220703125,7.986000061035156,0,0,yfinance,2026-07-10T06:58:07.675573+00:00
2026-06-20 23:15:00+00:00,LINK-USD,15m,7.984000205993652,8.0,7.9770002365112305,7.9770002365112305,1948432,1948432,yfinance,2026-07-10T06:58:07.675573+00:00
2026-06-20 23:30:00+00:00,LINK-USD,15m,7.9770002365112305,7.985000133514404,7.9730000495910645,7.984000205993652,111984,111984,yfinance,2026-07-10T06:58:07.675573+00:00
2026-06-20 23:45:00+00:00,LINK-USD,15m,7.979000091552734,7.984000205993652,7.9720001220703125,7.980000019073486,158848,158848,yfinance,2026-07-10T06:58:07.675573+00:00
2026-06-21 00:00:00+00:00,LINK-USD,15m,7.980000019073486,7.984000205993652,7.965000152587891,7.9730000495910645,0,0,yfinance,2026-07-10T06:58:07.675573+00:00
2026-06-21 00:15:00+00:00,LINK-USD,15m,7.9720001220703125,7.980000019073486,7.952000141143799,7.960000038146973,0,0,yfinance,2026-07-10T06:58:07.675573+00:00
2026-06-21 00:30:00+00:00,LINK-USD,15m,7.959000110626221,7.965000152587891,7.953000068664551,7.953000068664551,104192,104192,yfinance,2026-07-10T06:58:07.675573+00:00
2026-06-21 00:45:00+00:00,LINK-USD,15m,7.953000068664551,7.9629998207092285,7.947999954223633,7.9629998207092285,0,0,yfinance,2026-07-10T06:58:07.675573+00:00
2026-06-21 01:00:00+00:00,LINK-USD,15m,7.965000152587891,7.9670000076293945,7.947000026702881,7.948999881744385,0,0,yfinance,2026-07-10T06:58:07.675573+00:00
2026-06-21 01:15:00+00:00,LINK-USD,15m,7.948999881744385,7.953999996185303,7.945000171661377,7.945000171661377,0,0,yfinance,2026-07-10T06:58:07.675573+00:00
2026-06-21 01:30:00+00:00,LINK-USD,15m,7.943999767303467,7.966000080108643,7.940999984741211,7.955999851226807,0,0,yfinance,2026-07-10T06:58:07.675573+00:00
2026-06-21 01:45:00+00:00,LINK-USD,15m,7.955999851226807,7.964000225067139,7.951000213623047,7.952000141143799,179008,179008,yfinance,2026-07-10T06:58:07.675573+00:00
2026-06-21 02:00:00+00:00,LINK-USD,15m,7.951000213623047,7.954999923706055,7.938000202178955,7.941999912261963,0,0,yfinance,2026-07-10T06:58:07.675573+00:00
2026-06-21 02:15:00+00:00,LINK-USD,15m,7.943999767303467,7.943999767303467,7.934999942779541,7.940999984741211,38176,38176,yfinance,2026-07-10T06:58:07.675573+00:00
2026-06-21 02:30:00+00:00,LINK-USD,15m,7.939000129699707,7.943999767303467,7.929999828338623,7.938000202178955,28992,28992,yfinance,2026-07-10T06:58:07.675573+00:00
2026-06-21 02:45:00+00:00,LINK-USD,15m,7.938000202178955,7.948999881744385,7.938000202178955,7.940000057220459,0,0,yfinance,2026-07-10T06:58:07.675573+00:00
2026-06-21 03:00:00+00:00,LINK-USD,15m,7.940000057220459,7.946000099182129,7.928999900817871,7.946000099182129,1129408,1129408,yfinance,2026-07-10T06:58:07.675573+00:00
2026-06-21 03:15:00+00:00,LINK-USD,15m,7.949999809265137,7.9770002365112305,7.936999797821045,7.951000213623047,88368,88368,yfinance,2026-07-10T06:58:07.675573+00:00
2026-06-21 03:30:00+00:00,LINK-USD,15m,7.954999923706055,7.9679999351501465,7.943999767303467,7.9629998207092285,907536,907536,yfinance,2026-07-10T06:58:07.675573+00:00
2026-06-21 03:45:00+00:00,LINK-USD,15m,7.9629998207092285,7.9629998207092285,7.954999923706055,7.960000038146973,158688,158688,yfinance,2026-07-10T06:58:07.675573+00:00
2026-06-21 04:00:00+00:00,LINK-USD,15m,7.960000038146973,7.965000152587891,7.953000068664551,7.959000110626221,299200,299200,yfinance,2026-07-10T06:58:07.675573+00:00
2026-06-21 04:15:00+00:00,LINK-USD,15m,7.959000110626221,7.9730000495910645,7.958000183105469,7.965000152587891,0,0,yfinance,2026-07-10T06:58:07.675573+00:00
2026-06-21 04:30:00+00:00,LINK-USD,15m,7.9629998207092285,7.974999904632568,7.956999778747559,7.956999778747559,0,0,yfinance,2026-07-10T06:58:07.675573+00:00
2026-06-21 04:45:00+00:00,LINK-USD,15m,7.956999778747559,7.956999778747559,7.926000118255615,7.931000232696533,813040,813040,yfinance,2026-07-10T06:58:07.675573+00:00
2026-06-21 05:00:00+00:00,LINK-USD,15m,7.929999828338623,7.932000160217285,7.916999816894531,7.918000221252441,0,0,yfinance,2026-07-10T06:58:07.675573+00:00
2026-06-21 05:15:00+00:00,LINK-USD,15m,7.918000221252441,7.927999973297119,7.910999774932861,7.927999973297119,0,0,yfinance,2026-07-10T06:58:07.675573+00:00
2026-06-21 05:30:00+00:00,LINK-USD,15m,7.927999973297119,7.932000160217285,7.921000003814697,7.925000190734863,276480,276480,yfinance,2026-07-10T06:58:07.675573+00:00
2026-06-21 05:45:00+00:00,LINK-USD,15m,7.921999931335449,7.921999931335449,7.909999847412109,7.915999889373779,0,0,yfinance,2026-07-10T06:58:07.675573+00:00
2026-06-21 06:00:00+00:00,LINK-USD,15m,7.915999889373779,7.919000148773193,7.913000106811523,7.914999961853027,43232,43232,yfinance,2026-07-10T06:58:07.675573+00:00
2026-06-21 06:15:00+00:00,LINK-USD,15m,7.913000106811523,7.923999786376953,7.9120001792907715,7.923999786376953,2007424,2007424,yfinance,2026-07-10T06:58:07.675573+00:00
2026-06-21 06:30:00+00:00,LINK-USD,15m,7.923999786376953,7.945000171661377,7.919000148773193,7.938000202178955,159360,159360,yfinance,2026-07-10T06:58:07.675573+00:00
2026-06-21 06:45:00+00:00,LINK-USD,15m,7.938000202178955,7.938000202178955,7.927999973297119,7.932000160217285,0,0,yfinance,2026-07-10T06:58:07.675573+00:00
2026-06-21 07:00:00+00:00,LINK-USD,15m,7.932000160217285,7.934000015258789,7.927000045776367,7.934000015258789,0,0,yfinance,2026-07-10T06:58:07.675573+00:00
2026-06-21 07:15:00+00:00,LINK-USD,15m,7.934000015258789,7.934000015258789,7.919000148773193,7.927000045776367,0,0,yfinance,2026-07-10T06:58:07.675573+00:00
2026-06-21 07:30:00+00:00,LINK-USD,15m,7.927000045776367,7.955999851226807,7.927000045776367,7.955999851226807,0,0,yfinance,2026-07-10T06:58:07.675573+00:00
2026-06-21 07:45:00+00:00,LINK-USD,15m,7.960000038146973,7.961999893188477,7.933000087738037,7.939000129699707,87696,87696,yfinance,2026-07-10T06:58:07.675573+00:00
2026-06-21 08:00:00+00:00,LINK-USD,15m,7.939000129699707,7.947999954223633,7.935999870300293,7.939000129699707,2068496,2068496,yfinance,2026-07-10T06:58:07.675573+00:00
2026-06-21 08:15:00+00:00,LINK-USD,15m,7.939000129699707,7.939000129699707,7.919000148773193,7.921999931335449,1130880,1130880,yfinance,2026-07-10T06:58:07.675573+00:00
2026-06-21 08:30:00+00:00,LINK-USD,15m,7.921999931335449,7.925000190734863,7.888000011444092,7.921999931335449,303152,303152,yfinance,2026-07-10T06:58:07.675573+00:00
2026-06-21 08:45:00+00:00,LINK-USD,15m,7.919000148773193,7.934000015258789,7.909999847412109,7.934000015258789,163712,163712,yfinance,2026-07-10T06:58:07.675573+00:00
2026-06-21 09:00:00+00:00,LINK-USD,15m,7.934000015258789,7.940000057220459,7.926000118255615,7.934000015258789,491120,491120,yfinance,2026-07-10T06:58:07.675573+00:00
2026-06-21 09:15:00+00:00,LINK-USD,15m,7.933000087738037,7.956999778747559,7.929999828338623,7.949999809265137,318048,318048,yfinance,2026-07-10T06:58:07.675573+00:00
2026-06-21 09:30:00+00:00,LINK-USD,15m,7.949999809265137,7.980999946594238,7.949999809265137,7.9679999351501465,317072,317072,yfinance,2026-07-10T06:58:07.675573+00:00
2026-06-21 09:45:00+00:00,LINK-USD,15m,7.96999979019165,7.978000164031982,7.968999862670898,7.974999904632568,411568,411568,yfinance,2026-07-10T06:58:07.675573+00:00
2026-06-21 10:00:00+00:00,LINK-USD,15m,7.974999904632568,7.989999771118164,7.9679999351501465,7.98199987411499,506832,506832,yfinance,2026-07-10T06:58:07.675573+00:00
2026-06-21 10:15:00+00:00,LINK-USD,15m,7.98199987411499,8.0,7.97599983215332,7.988999843597412,1343856,1343856,yfinance,2026-07-10T06:58:07.675573+00:00
2026-06-21 10:30:00+00:00,LINK-USD,15m,7.98799991607666,7.98799991607666,7.978000164031982,7.978000164031982,0,0,yfinance,2026-07-10T06:58:07.675573+00:00
2026-06-21 10:45:00+00:00,LINK-USD,15m,7.978000164031982,7.986000061035156,7.964000225067139,7.964000225067139,0,0,yfinance,2026-07-10T06:58:07.675573+00:00
2026-06-21 11:00:00+00:00,LINK-USD,15m,7.964000225067139,7.973999977111816,7.949999809265137,7.965000152587891,100480,100480,yfinance,2026-07-10T06:58:07.675573+00:00
2026-06-21 11:15:00+00:00,LINK-USD,15m,7.964000225067139,7.964000225067139,7.9120001792907715,7.947999954223633,257920,257920,yfinance,2026-07-10T06:58:07.675573+00:00
2026-06-21 11:30:00+00:00,LINK-USD,15m,7.947999954223633,7.947999954223633,7.927000045776367,7.934000015258789,8176,8176,yfinance,2026-07-10T06:58:07.675573+00:00
2026-06-21 11:45:00+00:00,LINK-USD,15m,7.933000087738037,7.942999839782715,7.922999858856201,7.927000045776367,309216,309216,yfinance,2026-07-10T06:58:07.675573+00:00
2026-06-21 12:00:00+00:00,LINK-USD,15m,7.926000118255615,7.932000160217285,7.9070000648498535,7.909999847412109,0,0,yfinance,2026-07-10T06:58:07.675573+00:00
2026-06-21 12:15:00+00:00,LINK-USD,15m,7.9019999504089355,7.90500020980835,7.890999794006348,7.896999835968018,280528,280528,yfinance,2026-07-10T06:58:07.675573+00:00
2026-06-21 12:30:00+00:00,LINK-USD,15m,7.895999908447266,7.9120001792907715,7.890999794006348,7.9120001792907715,170224,170224,yfinance,2026-07-10T06:58:07.675573+00:00
2026-06-21 12:45:00+00:00,LINK-USD,15m,7.908999919891357,7.933000087738037,7.900000095367432,7.929999828338623,932128,932128,yfinance,2026-07-10T06:58:07.675573+00:00
2026-06-21 13:00:00+00:00,LINK-USD,15m,7.929999828338623,7.943999767303467,7.919000148773193,7.934999942779541,0,0,yfinance,2026-07-10T06:58:07.675573+00:00
2026-06-21 13:15:00+00:00,LINK-USD,15m,7.933000087738037,7.948999881744385,7.931000232696533,7.939000129699707,628592,628592,yfinance,2026-07-10T06:58:07.675573+00:00
2026-06-21 13:30:00+00:00,LINK-USD,15m,7.940000057220459,7.940000057220459,7.921999931335449,7.932000160217285,0,0,yfinance,2026-07-10T06:58:07.675573+00:00
2026-06-21 13:45:00+00:00,LINK-USD,15m,7.929999828338623,7.946000099182129,7.928999900817871,7.946000099182129,102480,102480,yfinance,2026-07-10T06:58:07.675573+00:00
2026-06-21 14:00:00+00:00,LINK-USD,15m,7.948999881744385,7.951000213623047,7.932000160217285,7.939000129699707,983392,983392,yfinance,2026-07-10T06:58:07.675573+00:00
2026-06-21 14:15:00+00:00,LINK-USD,15m,7.939000129699707,7.952000141143799,7.927999973297119,7.936999797821045,310496,310496,yfinance,2026-07-10T06:58:07.675573+00:00
2026-06-21 14:30:00+00:00,LINK-USD,15m,7.935999870300293,7.951000213623047,7.933000087738037,7.948999881744385,427792,427792,yfinance,2026-07-10T06:58:07.675573+00:00
2026-06-21 14:45:00+00:00,LINK-USD,15m,7.948999881744385,7.953999996185303,7.935999870300293,7.953999996185303,0,0,yfinance,2026-07-10T06:58:07.675573+00:00
2026-06-21 15:00:00+00:00,LINK-USD,15m,7.956999778747559,7.9770002365112305,7.953000068664551,7.955999851226807,143488,143488,yfinance,2026-07-10T06:58:07.675573+00:00
2026-06-21 15:15:00+00:00,LINK-USD,15m,7.955999851226807,7.965000152587891,7.954999923706055,7.9629998207092285,0,0,yfinance,2026-07-10T06:58:07.675573+00:00
2026-06-21 15:30:00+00:00,LINK-USD,15m,7.964000225067139,7.97599983215332,7.954999923706055,7.974999904632568,722464,722464,yfinance,2026-07-10T06:58:07.675573+00:00
2026-06-21 15:45:00+00:00,LINK-USD,15m,7.974999904632568,7.980000019073486,7.9730000495910645,7.974999904632568,5193904,5193904,yfinance,2026-07-10T06:58:07.675573+00:00
2026-06-21 16:00:00+00:00,LINK-USD,15m,7.974999904632568,7.980000019073486,7.947000026702881,7.949999809265137,613456,613456,yfinance,2026-07-10T06:58:07.675573+00:00
2026-06-21 16:15:00+00:00,LINK-USD,15m,7.949999809265137,7.953000068664551,7.934000015258789,7.934000015258789,752656,752656,yfinance,2026-07-10T06:58:07.675573+00:00
2026-06-21 16:30:00+00:00,LINK-USD,15m,7.934000015258789,7.939000129699707,7.9079999923706055,7.925000190734863,425648,425648,yfinance,2026-07-10T06:58:07.675573+00:00
2026-06-21 16:45:00+00:00,LINK-USD,15m,7.925000190734863,7.953999996185303,7.925000190734863,7.941999912261963,1178400,1178400,yfinance,2026-07-10T06:58:07.675573+00:00
2026-06-21 17:00:00+00:00,LINK-USD,15m,7.941999912261963,7.961999893188477,7.933000087738037,7.958000183105469,343248,343248,yfinance,2026-07-10T06:58:07.675573+00:00
2026-06-21 17:15:00+00:00,LINK-USD,15m,7.959000110626221,7.959000110626221,7.936999797821045,7.936999797821045,115344,115344,yfinance,2026-07-10T06:58:07.675573+00:00
2026-06-21 17:30:00+00:00,LINK-USD,15m,7.936999797821045,7.938000202178955,7.921999931335449,7.934999942779541,0,0,yfinance,2026-07-10T06:58:07.675573+00:00
2026-06-21 17:45:00+00:00,LINK-USD,15m,7.934999942779541,7.945000171661377,7.933000087738037,7.933000087738037,0,0,yfinance,2026-07-10T06:58:07.675573+00:00
2026-06-21 18:00:00+00:00,LINK-USD,15m,7.933000087738037,7.933000087738037,7.8979997634887695,7.908999919891357,359552,359552,yfinance,2026-07-10T06:58:07.675573+00:00
2026-06-21 18:15:00+00:00,LINK-USD,15m,7.908999919891357,7.921999931335449,7.908999919891357,7.919000148773193,733328,733328,yfinance,2026-07-10T06:58:07.675573+00:00
2026-06-21 18:30:00+00:00,LINK-USD,15m,7.919000148773193,7.956999778747559,7.916999816894531,7.943999767303467,2578560,2578560,yfinance,2026-07-10T06:58:07.675573+00:00
2026-06-21 18:45:00+00:00,LINK-USD,15m,7.941999912261963,7.953000068664551,7.935999870300293,7.947000026702881,0,0,yfinance,2026-07-10T06:58:07.675573+00:00
2026-06-21 19:00:00+00:00,LINK-USD,15m,7.947000026702881,7.960999965667725,7.942999839782715,7.953999996185303,21744,21744,yfinance,2026-07-10T06:58:07.675573+00:00
2026-06-21 19:15:00+00:00,LINK-USD,15m,7.953000068664551,7.953000068664551,7.945000171661377,7.947000026702881,91328,91328,yfinance,2026-07-10T06:58:07.675573+00:00
2026-06-21 19:30:00+00:00,LINK-USD,15m,7.947999954223633,7.952000141143799,7.940000057220459,7.940000057220459,327440,327440,yfinance,2026-07-10T06:58:07.675573+00:00
2026-06-21 19:45:00+00:00,LINK-USD,15m,7.941999912261963,7.945000171661377,7.934999942779541,7.941999912261963,111856,111856,yfinance,2026-07-10T06:58:07.675573+00:00
2026-06-21 20:00:00+00:00,LINK-USD,15m,7.941999912261963,7.948999881744385,7.929999828338623,7.932000160217285,96064,96064,yfinance,2026-07-10T06:58:07.675573+00:00
2026-06-21 20:15:00+00:00,LINK-USD,15m,7.933000087738037,7.934000015258789,7.919000148773193,7.925000190734863,451888,451888,yfinance,2026-07-10T06:58:07.675573+00:00
2026-06-21 20:30:00+00:00,LINK-USD,15m,7.925000190734863,7.934999942779541,7.90500020980835,7.909999847412109,857280,857280,yfinance,2026-07-10T06:58:07.675573+00:00
2026-06-21 20:45:00+00:00,LINK-USD,15m,7.909999847412109,7.910999774932861,7.863999843597412,7.876999855041504,468928,468928,yfinance,2026-07-10T06:58:07.675573+00:00
2026-06-21 21:00:00+00:00,LINK-USD,15m,7.875,7.880000114440918,7.7769999504089355,7.815999984741211,3414656,3414656,yfinance,2026-07-10T06:58:07.675573+00:00
2026-06-21 21:15:00+00:00,LINK-USD,15m,7.818999767303467,7.8420000076293945,7.785999774932861,7.822000026702881,3288144,3288144,yfinance,2026-07-10T06:58:07.675573+00:00
2026-06-21 21:30:00+00:00,LINK-USD,15m,7.823999881744385,7.861999988555908,7.820000171661377,7.849999904632568,840000,840000,yfinance,2026-07-10T06:58:07.675573+00:00
2026-06-21 21:45:00+00:00,LINK-USD,15m,7.85099983215332,7.86299991607666,7.835999965667725,7.84499979019165,0,0,yfinance,2026-07-10T06:58:07.675573+00:00
2026-06-21 22:00:00+00:00,LINK-USD,15m,7.823999881744385,7.864999771118164,7.815999984741211,7.830999851226807,534864,534864,yfinance,2026-07-10T06:58:07.675573+00:00
2026-06-21 22:15:00+00:00,LINK-USD,15m,7.835000038146973,7.8460001945495605,7.824999809265137,7.824999809265137,0,0,yfinance,2026-07-10T06:58:07.675573+00:00
2026-06-21 22:30:00+00:00,LINK-USD,15m,7.824999809265137,7.824999809265137,7.796999931335449,7.821000099182129,69216,69216,yfinance,2026-07-10T06:58:07.675573+00:00
2026-06-21 22:45:00+00:00,LINK-USD,15m,7.822000026702881,7.835999965667725,7.816999912261963,7.828000068664551,0,0,yfinance,2026-07-10T06:58:07.675573+00:00
2026-06-21 23:00:00+00:00,LINK-USD,15m,7.824999809265137,7.824999809265137,7.793000221252441,7.795000076293945,528016,528016,yfinance,2026-07-10T06:58:07.675573+00:00
2026-06-21 23:15:00+00:00,LINK-USD,15m,7.797999858856201,7.822000026702881,7.789999961853027,7.801000118255615,552384,552384,yfinance,2026-07-10T06:58:07.675573+00:00
2026-06-21 23:30:00+00:00,LINK-USD,15m,7.802999973297119,7.804999828338623,7.764999866485596,7.76800012588501,1515856,1515856,yfinance,2026-07-10T06:58:07.675573+00:00
2026-06-21 23:45:00+00:00,LINK-USD,15m,7.77400016784668,7.781000137329102,7.764999866485596,7.7729997634887695,1765296,1765296,yfinance,2026-07-10T06:58:07.675573+00:00
2026-06-22 00:00:00+00:00,LINK-USD,15m,7.77400016784668,7.814000129699707,7.771999835968018,7.807000160217285,831056,831056,yfinance,2026-07-10T06:58:07.675573+00:00
2026-06-22 00:15:00+00:00,LINK-USD,15m,7.806000232696533,7.8420000076293945,7.804999828338623,7.840000152587891,1527168,1527168,yfinance,2026-07-10T06:58:07.675573+00:00
2026-06-22 00:30:00+00:00,LINK-USD,15m,7.843999862670898,7.895999908447266,7.836999893188477,7.877999782562256,1571280,1571280,yfinance,2026-07-10T06:58:07.675573+00:00
2026-06-22 00:45:00+00:00,LINK-USD,15m,7.875,7.88700008392334,7.855999946594238,7.877999782562256,1273392,1273392,yfinance,2026-07-10T06:58:07.675573+00:00
2026-06-22 01:00:00+00:00,LINK-USD,15m,7.882999897003174,7.908999919891357,7.859000205993652,7.861000061035156,837440,837440,yfinance,2026-07-10T06:58:07.675573+00:00
2026-06-22 01:15:00+00:00,LINK-USD,15m,7.86299991607666,8.008000373840332,7.86299991607666,7.980000019073486,2979840,2979840,yfinance,2026-07-10T06:58:07.675573+00:00
2026-06-22 01:30:00+00:00,LINK-USD,15m,7.97599983215332,7.988999843597412,7.929999828338623,7.953000068664551,4944000,4944000,yfinance,2026-07-10T06:58:07.675573+00:00
2026-06-22 01:45:00+00:00,LINK-USD,15m,7.953999996185303,7.959000110626221,7.941999912261963,7.953000068664551,1003456,1003456,yfinance,2026-07-10T06:58:07.675573+00:00
2026-06-22 02:00:00+00:00,LINK-USD,15m,7.955999851226807,7.958000183105469,7.919000148773193,7.927999973297119,1704912,1704912,yfinance,2026-07-10T06:58:07.675573+00:00
2026-06-22 02:15:00+00:00,LINK-USD,15m,7.921999931335449,7.947000026702881,7.914999961853027,7.933000087738037,2832752,2832752,yfinance,2026-07-10T06:58:07.675573+00:00
2026-06-22 02:30:00+00:00,LINK-USD,15m,7.931000232696533,7.941999912261963,7.919000148773193,7.925000190734863,698704,698704,yfinance,2026-07-10T06:58:07.675573+00:00
2026-06-22 02:45:00+00:00,LINK-USD,15m,7.927000045776367,7.927000045776367,7.894999980926514,7.895999908447266,1231936,1231936,yfinance,2026-07-10T06:58:07.675573+00:00
2026-06-22 03:00:00+00:00,LINK-USD,15m,7.894999980926514,7.894999980926514,7.8520002365112305,7.870999813079834,963712,963712,yfinance,2026-07-10T06:58:07.675573+00:00
2026-06-22 03:15:00+00:00,LINK-USD,15m,7.876999855041504,7.915999889373779,7.876999855041504,7.895999908447266,235360,235360,yfinance,2026-07-10T06:58:07.675573+00:00
2026-06-22 03:30:00+00:00,LINK-USD,15m,7.8979997634887695,7.919000148773193,7.881999969482422,7.883999824523926,361680,361680,yfinance,2026-07-10T06:58:07.675573+00:00
2026-06-22 03:45:00+00:00,LINK-USD,15m,7.885000228881836,7.886000156402588,7.849999904632568,7.859000205993652,1483296,1483296,yfinance,2026-07-10T06:58:07.675573+00:00
2026-06-22 04:00:00+00:00,LINK-USD,15m,7.860000133514404,7.875,7.8470001220703125,7.868000030517578,531008,531008,yfinance,2026-07-10T06:58:07.675573+00:00
2026-06-22 04:15:00+00:00,LINK-USD,15m,7.866000175476074,7.880000114440918,7.861999988555908,7.875999927520752,734800,734800,yfinance,2026-07-10T06:58:07.675573+00:00
2026-06-22 04:30:00+00:00,LINK-USD,15m,7.879000186920166,7.883999824523926,7.864999771118164,7.864999771118164,160528,160528,yfinance,2026-07-10T06:58:07.675573+00:00
2026-06-22 04:45:00+00:00,LINK-USD,15m,7.864999771118164,7.892000198364258,7.864999771118164,7.888000011444092,263296,263296,yfinance,2026-07-10T06:58:07.675573+00:00
2026-06-22 05:00:00+00:00,LINK-USD,15m,7.886000156402588,7.921999931335449,7.886000156402588,7.921999931335449,1992624,1992624,yfinance,2026-07-10T06:58:07.675573+00:00
2026-06-22 05:15:00+00:00,LINK-USD,15m,7.921000003814697,7.939000129699707,7.914999961853027,7.932000160217285,1138704,1138704,yfinance,2026-07-10T06:58:07.675573+00:00
2026-06-22 05:30:00+00:00,LINK-USD,15m,7.931000232696533,7.940999984741211,7.926000118255615,7.933000087738037,330208,330208,yfinance,2026-07-10T06:58:07.675573+00:00
2026-06-22 05:45:00+00:00,LINK-USD,15m,7.932000160217285,7.934000015258789,7.925000190734863,7.934000015258789,2265936,2265936,yfinance,2026-07-10T06:58:07.675573+00:00
2026-06-22 06:00:00+00:00,LINK-USD,15m,7.936999797821045,7.955999851226807,7.921000003814697,7.936999797821045,1140048,1140048,yfinance,2026-07-10T06:58:07.675573+00:00
2026-06-22 06:15:00+00:00,LINK-USD,15m,7.935999870300293,7.943999767303467,7.928999900817871,7.934999942779541,792720,792720,yfinance,2026-07-10T06:58:07.675573+00:00
2026-06-22 06:30:00+00:00,LINK-USD,15m,7.928999900817871,7.936999797821045,7.914999961853027,7.914999961853027,3226176,3226176,yfinance,2026-07-10T06:58:07.675573+00:00
2026-06-22 06:45:00+00:00,LINK-USD,15m,7.9120001792907715,7.9120001792907715,7.892000198364258,7.900000095367432,1520912,1520912,yfinance,2026-07-10T06:58:07.675573+00:00
2026-06-22 07:00:00+00:00,LINK-USD,15m,7.9019999504089355,7.958000183105469,7.895999908447266,7.947999954223633,704592,704592,yfinance,2026-07-10T06:58:07.675573+00:00
2026-06-22 07:15:00+00:00,LINK-USD,15m,7.947999954223633,7.9730000495910645,7.947999954223633,7.96999979019165,781232,781232,yfinance,2026-07-10T06:58:07.675573+00:00
2026-06-22 07:30:00+00:00,LINK-USD,15m,7.9679999351501465,7.980999946594238,7.954999923706055,7.956999778747559,1664592,1664592,yfinance,2026-07-10T06:58:07.675573+00:00
2026-06-22 07:45:00+00:00,LINK-USD,15m,7.955999851226807,7.965000152587891,7.947999954223633,7.953999996185303,1722656,1722656,yfinance,2026-07-10T06:58:07.675573+00:00
2026-06-22 08:00:00+00:00,LINK-USD,15m,7.954999923706055,7.9720001220703125,7.939000129699707,7.9720001220703125,353536,353536,yfinance,2026-07-10T06:58:07.675573+00:00
2026-06-22 08:15:00+00:00,LINK-USD,15m,7.965000152587891,7.9710001945495605,7.955999851226807,7.960000038146973,689888,689888,yfinance,2026-07-10T06:58:07.675573+00:00
2026-06-22 08:30:00+00:00,LINK-USD,15m,7.959000110626221,7.998000144958496,7.954999923706055,7.99399995803833,1793616,1793616,yfinance,2026-07-10T06:58:07.675573+00:00
2026-06-22 08:45:00+00:00,LINK-USD,15m,7.997000217437744,8.00100040435791,7.9720001220703125,7.980000019073486,2138272,2138272,yfinance,2026-07-10T06:58:07.675573+00:00
2026-06-22 09:00:00+00:00,LINK-USD,15m,7.9770002365112305,7.994999885559082,7.968999862670898,7.993000030517578,305024,305024,yfinance,2026-07-10T06:58:07.675573+00:00
2026-06-22 09:15:00+00:00,LINK-USD,15m,7.993000030517578,7.999000072479248,7.9770002365112305,7.9770002365112305,3273328,3273328,yfinance,2026-07-10T06:58:07.675573+00:00
2026-06-22 09:30:00+00:00,LINK-USD,15m,7.9770002365112305,7.99399995803833,7.96999979019165,7.98199987411499,263376,263376,yfinance,2026-07-10T06:58:07.675573+00:00
2026-06-22 09:45:00+00:00,LINK-USD,15m,7.98199987411499,7.98199987411499,7.9720001220703125,7.973999977111816,0,0,yfinance,2026-07-10T06:58:07.675573+00:00
2026-06-22 10:00:00+00:00,LINK-USD,15m,7.979000091552734,8.005999565124512,7.9730000495910645,7.995999813079834,593200,593200,yfinance,2026-07-10T06:58:07.675573+00:00
2026-06-22 10:15:00+00:00,LINK-USD,15m,7.994999885559082,8.00100040435791,7.988999843597412,7.993000030517578,37712,37712,yfinance,2026-07-10T06:58:07.675573+00:00
2026-06-22 10:30:00+00:00,LINK-USD,15m,7.993000030517578,8.003000259399414,7.9710001945495605,7.9710001945495605,115280,115280,yfinance,2026-07-10T06:58:07.675573+00:00
2026-06-22 10:45:00+00:00,LINK-USD,15m,7.9710001945495605,7.992000102996826,7.9710001945495605,7.986999988555908,790912,790912,yfinance,2026-07-10T06:58:07.675573+00:00
2026-06-22 11:00:00+00:00,LINK-USD,15m,7.989999771118164,8.055999755859375,7.978000164031982,8.022000312805176,5449472,5449472,yfinance,2026-07-10T06:58:07.675573+00:00
2026-06-22 11:15:00+00:00,LINK-USD,15m,8.020999908447266,8.041999816894531,8.01099967956543,8.027999877929688,2230096,2230096,yfinance,2026-07-10T06:58:07.675573+00:00
2026-06-22 11:30:00+00:00,LINK-USD,15m,8.029999732971191,8.069999694824219,8.029999732971191,8.052000045776367,5619904,5619904,yfinance,2026-07-10T06:58:07.675573+00:00
2026-06-22 11:45:00+00:00,LINK-USD,15m,8.055000305175781,8.083000183105469,8.04699993133545,8.076000213623047,1363056,1363056,yfinance,2026-07-10T06:58:07.675573+00:00
2026-06-22 12:00:00+00:00,LINK-USD,15m,8.086000442504883,8.107999801635742,8.071999549865723,8.083999633789062,2523504,2523504,yfinance,2026-07-10T06:58:07.675573+00:00
2026-06-22 12:15:00+00:00,LINK-USD,15m,8.079000473022461,8.116000175476074,8.069999694824219,8.107000350952148,1541312,1541312,yfinance,2026-07-10T06:58:07.675573+00:00
2026-06-22 12:30:00+00:00,LINK-USD,15m,8.107000350952148,8.109999656677246,8.083999633789062,8.092000007629395,1524800,1524800,yfinance,2026-07-10T06:58:07.675573+00:00
2026-06-22 12:45:00+00:00,LINK-USD,15m,8.093999862670898,8.118000030517578,8.086000442504883,8.104000091552734,593984,593984,yfinance,2026-07-10T06:58:07.675573+00:00
2026-06-22 13:00:00+00:00,LINK-USD,15m,8.104000091552734,8.109999656677246,8.086000442504883,8.10200023651123,948416,948416,yfinance,2026-07-10T06:58:07.675573+00:00
2026-06-22 13:15:00+00:00,LINK-USD,15m,8.107999801635742,8.107999801635742,8.074999809265137,8.081000328063965,333024,333024,yfinance,2026-07-10T06:58:07.675573+00:00
2026-06-22 13:30:00+00:00,LINK-USD,15m,8.079999923706055,8.13599967956543,8.076000213623047,8.121999740600586,3506688,3506688,yfinance,2026-07-10T06:58:07.675573+00:00
2026-06-22 13:45:00+00:00,LINK-USD,15m,8.119999885559082,8.144000053405762,8.119999885559082,8.13700008392334,2630784,2630784,yfinance,2026-07-10T06:58:07.675573+00:00
2026-06-22 14:00:00+00:00,LINK-USD,15m,8.13700008392334,8.137999534606934,8.079999923706055,8.083999633789062,1122576,1122576,yfinance,2026-07-10T06:58:07.675573+00:00
2026-06-22 14:15:00+00:00,LINK-USD,15m,8.083000183105469,8.083999633789062,8.026000022888184,8.031999588012695,4330464,4330464,yfinance,2026-07-10T06:58:07.675573+00:00
2026-06-22 14:30:00+00:00,LINK-USD,15m,8.027999877929688,8.03499984741211,7.992000102996826,8.0,2051600,2051600,yfinance,2026-07-10T06:58:07.675573+00:00
2026-06-22 14:45:00+00:00,LINK-USD,15m,8.00100040435791,8.02400016784668,7.982999801635742,8.008000373840332,2177056,2177056,yfinance,2026-07-10T06:58:07.675573+00:00
2026-06-22 15:00:00+00:00,LINK-USD,15m,8.01200008392334,8.027000427246094,7.986000061035156,8.022000312805176,745648,745648,yfinance,2026-07-10T06:58:07.675573+00:00
2026-06-22 15:15:00+00:00,LINK-USD,15m,8.020999908447266,8.029999732971191,8.001999855041504,8.02400016784668,665264,665264,yfinance,2026-07-10T06:58:07.675573+00:00
2026-06-22 15:30:00+00:00,LINK-USD,15m,8.026000022888184,8.043999671936035,8.02299976348877,8.02299976348877,2382288,2382288,yfinance,2026-07-10T06:58:07.675573+00:00
2026-06-22 15:45:00+00:00,LINK-USD,15m,8.015000343322754,8.026000022888184,7.965000152587891,7.9730000495910645,0,0,yfinance,2026-07-10T06:58:07.675573+00:00
2026-06-22 16:00:00+00:00,LINK-USD,15m,7.97599983215332,7.98199987411499,7.945000171661377,7.9679999351501465,92896,92896,yfinance,2026-07-10T06:58:07.675573+00:00
2026-06-22 16:15:00+00:00,LINK-USD,15m,7.9670000076293945,7.986999988555908,7.949999809265137,7.9710001945495605,341696,341696,yfinance,2026-07-10T06:58:07.675573+00:00
2026-06-22 16:30:00+00:00,LINK-USD,15m,7.9720001220703125,7.9720001220703125,7.951000213623047,7.959000110626221,96256,96256,yfinance,2026-07-10T06:58:07.675573+00:00
2026-06-22 16:45:00+00:00,LINK-USD,15m,7.960000038146973,7.98199987411499,7.945000171661377,7.97599983215332,340032,340032,yfinance,2026-07-10T06:58:07.675573+00:00
2026-06-22 17:00:00+00:00,LINK-USD,15m,7.9770002365112305,7.98199987411499,7.956999778747559,7.960999965667725,167904,167904,yfinance,2026-07-10T06:58:07.675573+00:00
2026-06-22 17:15:00+00:00,LINK-USD,15m,7.964000225067139,7.9670000076293945,7.927000045776367,7.929999828338623,35056,35056,yfinance,2026-07-10T06:58:07.675573+00:00
2026-06-22 17:30:00+00:00,LINK-USD,15m,7.926000118255615,7.929999828338623,7.90500020980835,7.914999961853027,7390608,7390608,yfinance,2026-07-10T06:58:07.675573+00:00
2026-06-22 17:45:00+00:00,LINK-USD,15m,7.919000148773193,7.953000068664551,7.919000148773193,7.947000026702881,2280384,2280384,yfinance,2026-07-10T06:58:07.675573+00:00
2026-06-22 18:00:00+00:00,LINK-USD,15m,7.948999881744385,7.966000080108643,7.948999881744385,7.960000038146973,0,0,yfinance,2026-07-10T06:58:07.675573+00:00
2026-06-22 18:15:00+00:00,LINK-USD,15m,7.960000038146973,7.9679999351501465,7.934000015258789,7.939000129699707,471920,471920,yfinance,2026-07-10T06:58:07.675573+00:00
2026-06-22 18:30:00+00:00,LINK-USD,15m,7.938000202178955,7.943999767303467,7.932000160217285,7.935999870300293,459552,459552,yfinance,2026-07-10T06:58:07.675573+00:00
2026-06-22 18:45:00+00:00,LINK-USD,15m,7.938000202178955,7.938000202178955,7.888000011444092,7.894999980926514,1166592,1166592,yfinance,2026-07-10T06:58:07.675573+00:00
2026-06-22 19:00:00+00:00,LINK-USD,15m,7.892000198364258,7.90500020980835,7.88100004196167,7.89900016784668,1360736,1360736,yfinance,2026-07-10T06:58:07.675573+00:00
2026-06-22 19:15:00+00:00,LINK-USD,15m,7.89900016784668,7.909999847412109,7.880000114440918,7.889999866485596,705280,705280,yfinance,2026-07-10T06:58:07.675573+00:00
2026-06-22 19:30:00+00:00,LINK-USD,15m,7.890999794006348,7.909999847412109,7.888000011444092,7.89900016784668,1145536,1145536,yfinance,2026-07-10T06:58:07.675573+00:00
2026-06-22 19:45:00+00:00,LINK-USD,15m,7.89900016784668,7.909999847412109,7.877999782562256,7.908999919891357,887808,887808,yfinance,2026-07-10T06:58:07.675573+00:00
2026-06-22 20:00:00+00:00,LINK-USD,15m,7.906000137329102,7.929999828338623,7.90500020980835,7.921000003814697,332208,332208,yfinance,2026-07-10T06:58:07.675573+00:00
2026-06-22 20:15:00+00:00,LINK-USD,15m,7.921000003814697,7.921999931335449,7.889999866485596,7.901000022888184,0,0,yfinance,2026-07-10T06:58:07.675573+00:00
2026-06-22 20:30:00+00:00,LINK-USD,15m,7.9070000648498535,7.921000003814697,7.906000137329102,7.918000221252441,65792,65792,yfinance,2026-07-10T06:58:07.675573+00:00
2026-06-22 20:45:00+00:00,LINK-USD,15m,7.915999889373779,7.916999816894531,7.890999794006348,7.9120001792907715,0,0,yfinance,2026-07-10T06:58:07.675573+00:00
2026-06-22 21:00:00+00:00,LINK-USD,15m,7.913000106811523,7.915999889373779,7.896999835968018,7.9120001792907715,0,0,yfinance,2026-07-10T06:58:07.675573+00:00
2026-06-22 21:15:00+00:00,LINK-USD,15m,7.908999919891357,7.909999847412109,7.885000228881836,7.889999866485596,1167184,1167184,yfinance,2026-07-10T06:58:07.675573+00:00
2026-06-22 21:30:00+00:00,LINK-USD,15m,7.889999866485596,7.894000053405762,7.861000061035156,7.874000072479248,400864,400864,yfinance,2026-07-10T06:58:07.675573+00:00
2026-06-22 21:45:00+00:00,LINK-USD,15m,7.874000072479248,7.8979997634887695,7.872000217437744,7.890999794006348,177008,177008,yfinance,2026-07-10T06:58:07.675573+00:00
2026-06-22 22:00:00+00:00,LINK-USD,15m,7.892000198364258,7.908999919891357,7.888000011444092,7.894999980926514,0,0,yfinance,2026-07-10T06:58:07.675573+00:00
2026-06-22 22:15:00+00:00,LINK-USD,15m,7.895999908447266,7.89900016784668,7.822999954223633,7.833000183105469,131808,131808,yfinance,2026-07-10T06:58:07.675573+00:00
2026-06-22 22:30:00+00:00,LINK-USD,15m,7.833000183105469,7.854000091552734,7.811999797821045,7.826000213623047,2300784,2300784,yfinance,2026-07-10T06:58:07.675573+00:00
2026-06-22 22:45:00+00:00,LINK-USD,15m,7.828000068664551,7.853000164031982,7.826000213623047,7.8470001220703125,714384,714384,yfinance,2026-07-10T06:58:07.675573+00:00
2026-06-22 23:00:00+00:00,LINK-USD,15m,7.843999862670898,7.85099983215332,7.839000225067139,7.8429999351501465,184640,184640,yfinance,2026-07-10T06:58:07.675573+00:00
2026-06-22 23:15:00+00:00,LINK-USD,15m,7.8429999351501465,7.873000144958496,7.839000225067139,7.86899995803833,173120,173120,yfinance,2026-07-10T06:58:07.675573+00:00
2026-06-22 23:30:00+00:00,LINK-USD,15m,7.867000102996826,7.879000186920166,7.857999801635742,7.863999843597412,0,0,yfinance,2026-07-10T06:58:07.675573+00:00
2026-06-22 23:45:00+00:00,LINK-USD,15m,7.86299991607666,7.870999813079834,7.853000164031982,7.864999771118164,0,0,yfinance,2026-07-10T06:58:07.675573+00:00
2026-06-23 00:00:00+00:00,LINK-USD,15m,7.859000205993652,7.86299991607666,7.8470001220703125,7.853000164031982,0,0,yfinance,2026-07-10T06:58:07.675573+00:00
2026-06-23 00:15:00+00:00,LINK-USD,15m,7.855000019073486,7.861999988555908,7.817999839782715,7.823999881744385,0,0,yfinance,2026-07-10T06:58:07.675573+00:00
2026-06-23 00:30:00+00:00,LINK-USD,15m,7.823999881744385,7.866000175476074,7.823999881744385,7.866000175476074,2158272,2158272,yfinance,2026-07-10T06:58:07.675573+00:00
2026-06-23 00:45:00+00:00,LINK-USD,15m,7.866000175476074,7.866000175476074,7.8480000495910645,7.861999988555908,572736,572736,yfinance,2026-07-10T06:58:07.675573+00:00
2026-06-23 01:00:00+00:00,LINK-USD,15m,7.861999988555908,7.894000053405762,7.855999946594238,7.885000228881836,2815744,2815744,yfinance,2026-07-10T06:58:07.675573+00:00
2026-06-23 01:15:00+00:00,LINK-USD,15m,7.885000228881836,7.9039998054504395,7.883999824523926,7.8979997634887695,493456,493456,yfinance,2026-07-10T06:58:07.675573+00:00
2026-06-23 01:30:00+00:00,LINK-USD,15m,7.8979997634887695,7.9070000648498535,7.863999843597412,7.864999771118164,0,0,yfinance,2026-07-10T06:58:07.675573+00:00
2026-06-23 01:45:00+00:00,LINK-USD,15m,7.86299991607666,7.876999855041504,7.822999954223633,7.875,0,0,yfinance,2026-07-10T06:58:07.675573+00:00
2026-06-23 02:00:00+00:00,LINK-USD,15m,7.876999855041504,7.880000114440918,7.8460001945495605,7.86899995803833,0,0,yfinance,2026-07-10T06:58:07.675573+00:00
2026-06-23 02:15:00+00:00,LINK-USD,15m,7.86899995803833,7.889999866485596,7.868000030517578,7.875,149488,149488,yfinance,2026-07-10T06:58:07.675573+00:00
2026-06-23 02:30:00+00:00,LINK-USD,15m,7.874000072479248,7.894000053405762,7.869999885559082,7.889999866485596,237936,237936,yfinance,2026-07-10T06:58:07.675573+00:00
2026-06-23 02:45:00+00:00,LINK-USD,15m,7.88700008392334,7.9029998779296875,7.877999782562256,7.895999908447266,0,0,yfinance,2026-07-10T06:58:07.675573+00:00
2026-06-23 03:00:00+00:00,LINK-USD,15m,7.892000198364258,7.892000198364258,7.8520002365112305,7.864999771118164,0,0,yfinance,2026-07-10T06:58:07.675573+00:00
2026-06-23 03:15:00+00:00,LINK-USD,15m,7.864999771118164,7.88100004196167,7.861000061035156,7.877999782562256,110672,110672,yfinance,2026-07-10T06:58:07.675573+00:00
2026-06-23 03:30:00+00:00,LINK-USD,15m,7.875999927520752,7.875999927520752,7.861999988555908,7.868000030517578,62000,62000,yfinance,2026-07-10T06:58:07.675573+00:00
2026-06-23 03:45:00+00:00,LINK-USD,15m,7.868000030517578,7.89300012588501,7.868000030517578,7.89300012588501,0,0,yfinance,2026-07-10T06:58:07.675573+00:00
2026-06-23 04:00:00+00:00,LINK-USD,15m,7.894000053405762,7.896999835968018,7.873000144958496,7.888999938964844,1072960,1072960,yfinance,2026-07-10T06:58:07.675573+00:00
2026-06-23 04:15:00+00:00,LINK-USD,15m,7.888000011444092,7.888000011444092,7.860000133514404,7.883999824523926,56832,56832,yfinance,2026-07-10T06:58:07.675573+00:00
2026-06-23 04:30:00+00:00,LINK-USD,15m,7.885000228881836,7.885000228881836,7.8480000495910645,7.85099983215332,2334448,2334448,yfinance,2026-07-10T06:58:07.675573+00:00
2026-06-23 04:45:00+00:00,LINK-USD,15m,7.854000091552734,7.859000205993652,7.830999851226807,7.830999851226807,97920,97920,yfinance,2026-07-10T06:58:07.675573+00:00
2026-06-23 05:00:00+00:00,LINK-USD,15m,7.833000183105469,7.8460001945495605,7.824999809265137,7.834000110626221,1354720,1354720,yfinance,2026-07-10T06:58:07.675573+00:00
2026-06-23 05:15:00+00:00,LINK-USD,15m,7.828000068664551,7.841000080108643,7.804999828338623,7.820000171661377,701280,701280,yfinance,2026-07-10T06:58:07.675573+00:00
2026-06-23 05:30:00+00:00,LINK-USD,15m,7.820000171661377,7.823999881744385,7.808000087738037,7.823999881744385,489440,489440,yfinance,2026-07-10T06:58:07.675573+00:00
2026-06-23 05:45:00+00:00,LINK-USD,15m,7.826000213623047,7.831999778747559,7.813000202178955,7.822999954223633,763760,763760,yfinance,2026-07-10T06:58:07.675573+00:00
2026-06-23 06:00:00+00:00,LINK-USD,15m,7.824999809265137,7.827000141143799,7.7769999504089355,7.794000148773193,1191312,1191312,yfinance,2026-07-10T06:58:07.675573+00:00
2026-06-23 06:15:00+00:00,LINK-USD,15m,7.796000003814697,7.800000190734863,7.642000198364258,7.673999786376953,7404320,7404320,yfinance,2026-07-10T06:58:07.675573+00:00
2026-06-23 06:30:00+00:00,LINK-USD,15m,7.665999889373779,7.698999881744385,7.6529998779296875,7.684000015258789,2428128,2428128,yfinance,2026-07-10T06:58:07.675573+00:00
2026-06-23 06:45:00+00:00,LINK-USD,15m,7.682000160217285,7.704999923706055,7.678999900817871,7.691999912261963,113712,113712,yfinance,2026-07-10T06:58:07.675573+00:00
2026-06-23 07:00:00+00:00,LINK-USD,15m,7.688000202178955,7.710000038146973,7.685999870300293,7.710000038146973,0,0,yfinance,2026-07-10T06:58:07.675573+00:00
2026-06-23 07:15:00+00:00,LINK-USD,15m,7.705999851226807,7.7170000076293945,7.702000141143799,7.709000110626221,0,0,yfinance,2026-07-10T06:58:07.675573+00:00
2026-06-23 07:30:00+00:00,LINK-USD,15m,7.706999778747559,7.709000110626221,7.671999931335449,7.682000160217285,0,0,yfinance,2026-07-10T06:58:07.675573+00:00
2026-06-23 07:45:00+00:00,LINK-USD,15m,7.681000232696533,7.685999870300293,7.64900016784668,7.651000022888184,160800,160800,yfinance,2026-07-10T06:58:07.675573+00:00
2026-06-23 08:00:00+00:00,LINK-USD,15m,7.6539998054504395,7.659999847412109,7.60699987411499,7.61299991607666,2227248,2227248,yfinance,2026-07-10T06:58:07.675573+00:00
2026-06-23 08:15:00+00:00,LINK-USD,15m,7.619999885559082,7.619999885559082,7.484000205993652,7.498000144958496,8704272,8704272,yfinance,2026-07-10T06:58:07.675573+00:00
2026-06-23 08:30:00+00:00,LINK-USD,15m,7.493000030517578,7.552000045776367,7.493000030517578,7.543000221252441,5175376,5175376,yfinance,2026-07-10T06:58:07.675573+00:00
2026-06-23 08:45:00+00:00,LINK-USD,15m,7.539000034332275,7.539999961853027,7.51200008392334,7.519000053405762,1415392,1415392,yfinance,2026-07-10T06:58:07.675573+00:00
2026-06-23 09:00:00+00:00,LINK-USD,15m,7.520999908447266,7.5370001792907715,7.513000011444092,7.525000095367432,1065344,1065344,yfinance,2026-07-10T06:58:07.675573+00:00
2026-06-23 09:15:00+00:00,LINK-USD,15m,7.5279998779296875,7.545000076293945,7.5269999504089355,7.543000221252441,147264,147264,yfinance,2026-07-10T06:58:07.675573+00:00
2026-06-23 09:30:00+00:00,LINK-USD,15m,7.543000221252441,7.543000221252441,7.515999794006348,7.52400016784668,115424,115424,yfinance,2026-07-10T06:58:07.675573+00:00
2026-06-23 09:45:00+00:00,LINK-USD,15m,7.52400016784668,7.546000003814697,7.5229997634887695,7.534999847412109,638672,638672,yfinance,2026-07-10T06:58:07.675573+00:00
2026-06-23 10:00:00+00:00,LINK-USD,15m,7.534999847412109,7.565000057220459,7.534999847412109,7.540999889373779,392992,392992,yfinance,2026-07-10T06:58:07.675573+00:00
2026-06-23 10:15:00+00:00,LINK-USD,15m,7.539000034332275,7.548999786376953,7.5320000648498535,7.5329999923706055,165648,165648,yfinance,2026-07-10T06:58:07.675573+00:00
2026-06-23 10:30:00+00:00,LINK-USD,15m,7.5289998054504395,7.535999774932861,7.519000053405762,7.5269999504089355,668000,668000,yfinance,2026-07-10T06:58:07.675573+00:00
2026-06-23 10:45:00+00:00,LINK-USD,15m,7.5229997634887695,7.539999961853027,7.520999908447266,7.539999961853027,306864,306864,yfinance,2026-07-10T06:58:07.675573+00:00
2026-06-23 11:00:00+00:00,LINK-USD,15m,7.540999889373779,7.563000202178955,7.534999847412109,7.561999797821045,345152,345152,yfinance,2026-07-10T06:58:07.675573+00:00
2026-06-23 11:15:00+00:00,LINK-USD,15m,7.565000057220459,7.599999904632568,7.561999797821045,7.5929999351501465,871760,871760,yfinance,2026-07-10T06:58:07.675573+00:00
2026-06-23 11:30:00+00:00,LINK-USD,15m,7.593999862670898,7.613999843597412,7.5920000076293945,7.610000133514404,1829680,1829680,yfinance,2026-07-10T06:58:07.675573+00:00
2026-06-23 11:45:00+00:00,LINK-USD,15m,7.610000133514404,7.626999855041504,7.5960001945495605,7.60699987411499,232256,232256,yfinance,2026-07-10T06:58:07.675573+00:00
2026-06-23 12:00:00+00:00,LINK-USD,15m,7.6020002365112305,7.605999946594238,7.589000225067139,7.59499979019165,0,0,yfinance,2026-07-10T06:58:07.675573+00:00
2026-06-23 12:15:00+00:00,LINK-USD,15m,7.593999862670898,7.6020002365112305,7.5879998207092285,7.6020002365112305,255488,255488,yfinance,2026-07-10T06:58:07.675573+00:00
2026-06-23 12:30:00+00:00,LINK-USD,15m,7.6020002365112305,7.61299991607666,7.580999851226807,7.585999965667725,838816,838816,yfinance,2026-07-10T06:58:07.675573+00:00
2026-06-23 12:45:00+00:00,LINK-USD,15m,7.584000110626221,7.584000110626221,7.552999973297119,7.573999881744385,542416,542416,yfinance,2026-07-10T06:58:07.675573+00:00
2026-06-23 13:00:00+00:00,LINK-USD,15m,7.573999881744385,7.577000141143799,7.557000160217285,7.570000171661377,94320,94320,yfinance,2026-07-10T06:58:07.675573+00:00
2026-06-23 13:15:00+00:00,LINK-USD,15m,7.570000171661377,7.570000171661377,7.546999931335449,7.552999973297119,1222224,1222224,yfinance,2026-07-10T06:58:07.675573+00:00
2026-06-23 13:30:00+00:00,LINK-USD,15m,7.552999973297119,7.610000133514404,7.5370001792907715,7.5960001945495605,1396576,1396576,yfinance,2026-07-10T06:58:07.675573+00:00
2026-06-23 13:45:00+00:00,LINK-USD,15m,7.589000225067139,7.627999782562256,7.574999809265137,7.617000102996826,227120,227120,yfinance,2026-07-10T06:58:07.675573+00:00
2026-06-23 14:00:00+00:00,LINK-USD,15m,7.611000061035156,7.639999866485596,7.581999778747559,7.639999866485596,1997952,1997952,yfinance,2026-07-10T06:58:07.675573+00:00
2026-06-23 14:15:00+00:00,LINK-USD,15m,7.638000011444092,7.6579999923706055,7.611000061035156,7.627999782562256,3576064,3576064,yfinance,2026-07-10T06:58:07.675573+00:00
2026-06-23 14:30:00+00:00,LINK-USD,15m,7.632999897003174,7.665999889373779,7.619999885559082,7.631999969482422,0,0,yfinance,2026-07-10T06:58:07.675573+00:00
2026-06-23 14:45:00+00:00,LINK-USD,15m,7.63700008392334,7.642000198364258,7.5929999351501465,7.603000164031982,0,0,yfinance,2026-07-10T06:58:07.675573+00:00
2026-06-23 15:00:00+00:00,LINK-USD,15m,7.593999862670898,7.6020002365112305,7.564000129699707,7.568999767303467,668576,668576,yfinance,2026-07-10T06:58:07.675573+00:00
2026-06-23 15:15:00+00:00,LINK-USD,15m,7.567999839782715,7.572000026702881,7.550000190734863,7.553999900817871,141536,141536,yfinance,2026-07-10T06:58:07.675573+00:00
2026-06-23 15:30:00+00:00,LINK-USD,15m,7.558000087738037,7.671000003814697,7.558000087738037,7.616000175476074,4974224,4974224,yfinance,2026-07-10T06:58:07.675573+00:00
2026-06-23 15:45:00+00:00,LINK-USD,15m,7.616000175476074,7.618000030517578,7.566999912261963,7.613999843597412,11511760,11511760,yfinance,2026-07-10T06:58:07.675573+00:00
2026-06-23 16:00:00+00:00,LINK-USD,15m,7.613999843597412,7.658999919891357,7.5960001945495605,7.644000053405762,2620976,2620976,yfinance,2026-07-10T06:58:07.675573+00:00
2026-06-23 16:15:00+00:00,LINK-USD,15m,7.646999835968018,7.646999835968018,7.5970001220703125,7.5970001220703125,2680384,2680384,yfinance,2026-07-10T06:58:07.675573+00:00
2026-06-23 16:30:00+00:00,LINK-USD,15m,7.5970001220703125,7.625,7.59499979019165,7.618000030517578,832352,832352,yfinance,2026-07-10T06:58:07.675573+00:00
2026-06-23 16:45:00+00:00,LINK-USD,15m,7.619999885559082,7.619999885559082,7.5920000076293945,7.593999862670898,595520,595520,yfinance,2026-07-10T06:58:07.675573+00:00
2026-06-23 17:00:00+00:00,LINK-USD,15m,7.593999862670898,7.59499979019165,7.559000015258789,7.572000026702881,775488,775488,yfinance,2026-07-10T06:58:07.675573+00:00
2026-06-23 17:15:00+00:00,LINK-USD,15m,7.572999954223633,7.619999885559082,7.571000099182129,7.611999988555908,285504,285504,yfinance,2026-07-10T06:58:07.675573+00:00
2026-06-23 17:30:00+00:00,LINK-USD,15m,7.61299991607666,7.620999813079834,7.581999778747559,7.585000038146973,0,0,yfinance,2026-07-10T06:58:07.675573+00:00
2026-06-23 17:45:00+00:00,LINK-USD,15m,7.585000038146973,7.590000152587891,7.559000015258789,7.570000171661377,0,0,yfinance,2026-07-10T06:58:07.675573+00:00
2026-06-23 18:00:00+00:00,LINK-USD,15m,7.570000171661377,7.579999923706055,7.558000087738037,7.572999954223633,10368,10368,yfinance,2026-07-10T06:58:07.675573+00:00
2026-06-23 18:15:00+00:00,LINK-USD,15m,7.574999809265137,7.59499979019165,7.570000171661377,7.585000038146973,328992,328992,yfinance,2026-07-10T06:58:07.675573+00:00
2026-06-23 18:30:00+00:00,LINK-USD,15m,7.579999923706055,7.579999923706055,7.5329999923706055,7.539999961853027,43456,43456,yfinance,2026-07-10T06:58:07.675573+00:00
2026-06-23 18:45:00+00:00,LINK-USD,15m,7.540999889373779,7.564000129699707,7.535999774932861,7.557000160217285,0,0,yfinance,2026-07-10T06:58:07.675573+00:00
2026-06-23 19:00:00+00:00,LINK-USD,15m,7.558000087738037,7.591000080108643,7.552999973297119,7.578000068664551,0,0,yfinance,2026-07-10T06:58:07.675573+00:00
2026-06-23 19:15:00+00:00,LINK-USD,15m,7.577000141143799,7.577000141143799,7.556000232696533,7.573999881744385,290176,290176,yfinance,2026-07-10T06:58:07.675573+00:00
2026-06-23 19:30:00+00:00,LINK-USD,15m,7.572000026702881,7.580999851226807,7.552999973297119,7.554999828338623,258112,258112,yfinance,2026-07-10T06:58:07.675573+00:00
2026-06-23 19:45:00+00:00,LINK-USD,15m,7.554999828338623,7.580999851226807,7.552000045776367,7.572999954223633,402976,402976,yfinance,2026-07-10T06:58:07.675573+00:00
2026-06-23 20:00:00+00:00,LINK-USD,15m,7.565000057220459,7.593999862670898,7.565000057220459,7.579999923706055,8912,8912,yfinance,2026-07-10T06:58:07.675573+00:00
2026-06-23 20:15:00+00:00,LINK-USD,15m,7.579999923706055,7.5879998207092285,7.572999954223633,7.581999778747559,681184,681184,yfinance,2026-07-10T06:58:07.675573+00:00
2026-06-23 20:30:00+00:00,LINK-USD,15m,7.579999923706055,7.581999778747559,7.567999839782715,7.576000213623047,462496,462496,yfinance,2026-07-10T06:58:07.675573+00:00
2026-06-23 20:45:00+00:00,LINK-USD,15m,7.573999881744385,7.577000141143799,7.565000057220459,7.572999954223633,484272,484272,yfinance,2026-07-10T06:58:07.675573+00:00
2026-06-23 21:00:00+00:00,LINK-USD,15m,7.573999881744385,7.593999862670898,7.573999881744385,7.584000110626221,620032,620032,yfinance,2026-07-10T06:58:07.675573+00:00
2026-06-23 21:15:00+00:00,LINK-USD,15m,7.584000110626221,7.59499979019165,7.579999923706055,7.5879998207092285,316944,316944,yfinance,2026-07-10T06:58:07.675573+00:00
2026-06-23 21:30:00+00:00,LINK-USD,15m,7.5929999351501465,7.6020002365112305,7.580999851226807,7.6020002365112305,449120,449120,yfinance,2026-07-10T06:58:07.675573+00:00
2026-06-23 21:45:00+00:00,LINK-USD,15m,7.6020002365112305,7.604000091552734,7.5929999351501465,7.5960001945495605,325344,325344,yfinance,2026-07-10T06:58:07.675573+00:00
2026-06-23 22:00:00+00:00,LINK-USD,15m,7.5980000495910645,7.635000228881836,7.5960001945495605,7.629000186920166,159680,159680,yfinance,2026-07-10T06:58:07.675573+00:00
2026-06-23 22:15:00+00:00,LINK-USD,15m,7.627999782562256,7.636000156402588,7.5929999351501465,7.603000164031982,980816,980816,yfinance,2026-07-10T06:58:07.675573+00:00
2026-06-23 22:30:00+00:00,LINK-USD,15m,7.603000164031982,7.610000133514404,7.590000152587891,7.5960001945495605,0,0,yfinance,2026-07-10T06:58:07.675573+00:00
2026-06-23 22:45:00+00:00,LINK-USD,15m,7.59499979019165,7.609000205993652,7.5920000076293945,7.605999946594238,0,0,yfinance,2026-07-10T06:58:07.675573+00:00
2026-06-23 23:00:00+00:00,LINK-USD,15m,7.605000019073486,7.605000019073486,7.577000141143799,7.580999851226807,380032,380032,yfinance,2026-07-10T06:58:07.675573+00:00
2026-06-23 23:15:00+00:00,LINK-USD,15m,7.583000183105469,7.61299991607666,7.583000183105469,7.60699987411499,230192,230192,yfinance,2026-07-10T06:58:07.675573+00:00
2026-06-23 23:30:00+00:00,LINK-USD,15m,7.60699987411499,7.610000133514404,7.59499979019165,7.6020002365112305,142544,142544,yfinance,2026-07-10T06:58:07.675573+00:00
2026-06-23 23:45:00+00:00,LINK-USD,15m,7.6020002365112305,7.635000228881836,7.6020002365112305,7.624000072479248,746704,746704,yfinance,2026-07-10T06:58:07.675573+00:00
2026-06-24 00:00:00+00:00,LINK-USD,15m,7.623000144958496,7.6479997634887695,7.620999813079834,7.640999794006348,4511072,4511072,yfinance,2026-07-10T06:58:07.675573+00:00
2026-06-24 00:15:00+00:00,LINK-USD,15m,7.642000198364258,7.650000095367432,7.629000186920166,7.633999824523926,2643024,2643024,yfinance,2026-07-10T06:58:07.675573+00:00
2026-06-24 00:30:00+00:00,LINK-USD,15m,7.638000011444092,7.6519999504089355,7.625,7.625,2013936,2013936,yfinance,2026-07-10T06:58:07.675573+00:00
2026-06-24 00:45:00+00:00,LINK-USD,15m,7.625999927520752,7.625999927520752,7.6020002365112305,7.605000019073486,4669952,4669952,yfinance,2026-07-10T06:58:07.675573+00:00
2026-06-24 01:00:00+00:00,LINK-USD,15m,7.61299991607666,7.61899995803833,7.578000068664551,7.618000030517578,1179232,1179232,yfinance,2026-07-10T06:58:07.675573+00:00
2026-06-24 01:15:00+00:00,LINK-USD,15m,7.617000102996826,7.617000102996826,7.586999893188477,7.607999801635742,75904,75904,yfinance,2026-07-10T06:58:07.675573+00:00
2026-06-24 01:30:00+00:00,LINK-USD,15m,7.61299991607666,7.6539998054504395,7.611999988555908,7.636000156402588,1903616,1903616,yfinance,2026-07-10T06:58:07.675573+00:00
2026-06-24 01:45:00+00:00,LINK-USD,15m,7.638999938964844,7.645999908447266,7.619999885559082,7.622000217437744,492928,492928,yfinance,2026-07-10T06:58:07.675573+00:00
2026-06-24 02:00:00+00:00,LINK-USD,15m,7.627999782562256,7.627999782562256,7.611000061035156,7.625,273440,273440,yfinance,2026-07-10T06:58:07.675573+00:00
2026-06-24 02:15:00+00:00,LINK-USD,15m,7.625,7.625,7.5929999351501465,7.60699987411499,465888,465888,yfinance,2026-07-10T06:58:07.675573+00:00
2026-06-24 02:30:00+00:00,LINK-USD,15m,7.607999801635742,7.613999843597412,7.585999965667725,7.6020002365112305,2606560,2606560,yfinance,2026-07-10T06:58:07.675573+00:00
2026-06-24 02:45:00+00:00,LINK-USD,15m,7.599999904632568,7.603000164031982,7.576000213623047,7.576000213623047,1019136,1019136,yfinance,2026-07-10T06:58:07.675573+00:00
2026-06-24 03:00:00+00:00,LINK-USD,15m,7.578000068664551,7.580999851226807,7.570000171661377,7.571000099182129,591552,591552,yfinance,2026-07-10T06:58:07.675573+00:00
2026-06-24 03:15:00+00:00,LINK-USD,15m,7.567999839782715,7.567999839782715,7.543000221252441,7.565000057220459,4720512,4720512,yfinance,2026-07-10T06:58:07.675573+00:00
2026-06-24 03:30:00+00:00,LINK-USD,15m,7.565000057220459,7.59499979019165,7.565000057220459,7.5879998207092285,559040,559040,yfinance,2026-07-10T06:58:07.675573+00:00
2026-06-24 03:45:00+00:00,LINK-USD,15m,7.5879998207092285,7.589000225067139,7.576000213623047,7.576000213623047,126496,126496,yfinance,2026-07-10T06:58:07.675573+00:00
2026-06-24 04:00:00+00:00,LINK-USD,15m,7.577000141143799,7.578000068664551,7.564000129699707,7.572000026702881,0,0,yfinance,2026-07-10T06:58:07.675573+00:00
2026-06-24 04:15:00+00:00,LINK-USD,15m,7.572999954223633,7.578999996185303,7.521999835968018,7.539000034332275,479136,479136,yfinance,2026-07-10T06:58:07.675573+00:00
2026-06-24 04:30:00+00:00,LINK-USD,15m,7.543000221252441,7.567999839782715,7.533999919891357,7.563000202178955,1009248,1009248,yfinance,2026-07-10T06:58:07.675573+00:00
2026-06-24 04:45:00+00:00,LINK-USD,15m,7.566999912261963,7.593999862670898,7.566999912261963,7.585000038146973,715072,715072,yfinance,2026-07-10T06:58:07.675573+00:00
2026-06-24 05:00:00+00:00,LINK-USD,15m,7.590000152587891,7.607999801635742,7.585000038146973,7.598999977111816,0,0,yfinance,2026-07-10T06:58:07.675573+00:00
2026-06-24 05:15:00+00:00,LINK-USD,15m,7.60099983215332,7.633999824523926,7.60099983215332,7.633999824523926,66752,66752,yfinance,2026-07-10T06:58:07.675573+00:00
2026-06-24 05:30:00+00:00,LINK-USD,15m,7.63100004196167,7.659999847412109,7.626999855041504,7.644000053405762,549440,549440,yfinance,2026-07-10T06:58:07.675573+00:00
2026-06-24 05:45:00+00:00,LINK-USD,15m,7.639999866485596,7.644999980926514,7.629000186920166,7.636000156402588,1096928,1096928,yfinance,2026-07-10T06:58:07.675573+00:00
2026-06-24 06:00:00+00:00,LINK-USD,15m,7.642000198364258,7.644999980926514,7.61899995803833,7.63700008392334,0,0,yfinance,2026-07-10T06:58:07.675573+00:00
2026-06-24 06:15:00+00:00,LINK-USD,15m,7.63700008392334,7.642000198364258,7.624000072479248,7.630000114440918,0,0,yfinance,2026-07-10T06:58:07.675573+00:00
2026-06-24 06:30:00+00:00,LINK-USD,15m,7.63100004196167,7.644000053405762,7.629000186920166,7.633999824523926,0,0,yfinance,2026-07-10T06:58:07.675573+00:00
2026-06-24 06:45:00+00:00,LINK-USD,15m,7.631999969482422,7.638999938964844,7.623000144958496,7.631999969482422,1152,1152,yfinance,2026-07-10T06:58:07.675573+00:00
2026-06-24 07:00:00+00:00,LINK-USD,15m,7.63100004196167,7.638000011444092,7.617000102996826,7.629000186920166,332192,332192,yfinance,2026-07-10T06:58:07.675573+00:00
2026-06-24 07:15:00+00:00,LINK-USD,15m,7.629000186920166,7.63100004196167,7.60699987411499,7.60699987411499,14912,14912,yfinance,2026-07-10T06:58:07.675573+00:00
2026-06-24 07:30:00+00:00,LINK-USD,15m,7.607999801635742,7.619999885559082,7.5929999351501465,7.609000205993652,1967600,1967600,yfinance,2026-07-10T06:58:07.675573+00:00
2026-06-24 07:45:00+00:00,LINK-USD,15m,7.607999801635742,7.607999801635742,7.5879998207092285,7.5960001945495605,0,0,yfinance,2026-07-10T06:58:07.675573+00:00
2026-06-24 08:00:00+00:00,LINK-USD,15m,7.5970001220703125,7.60099983215332,7.585000038146973,7.5920000076293945,0,0,yfinance,2026-07-10T06:58:07.675573+00:00
2026-06-24 08:15:00+00:00,LINK-USD,15m,7.5920000076293945,7.6020002365112305,7.5879998207092285,7.5980000495910645,0,0,yfinance,2026-07-10T06:58:07.675573+00:00
2026-06-24 08:30:00+00:00,LINK-USD,15m,7.5980000495910645,7.61899995803833,7.5980000495910645,7.609000205993652,0,0,yfinance,2026-07-10T06:58:07.675573+00:00
2026-06-24 08:45:00+00:00,LINK-USD,15m,7.609000205993652,7.61299991607666,7.599999904632568,7.61299991607666,0,0,yfinance,2026-07-10T06:58:07.675573+00:00
2026-06-24 09:00:00+00:00,LINK-USD,15m,7.61299991607666,7.614999771118164,7.598999977111816,7.611999988555908,0,0,yfinance,2026-07-10T06:58:07.675573+00:00
2026-06-24 09:15:00+00:00,LINK-USD,15m,7.611999988555908,7.611999988555908,7.5960001945495605,7.5960001945495605,1681376,1681376,yfinance,2026-07-10T06:58:07.675573+00:00
2026-06-24 09:30:00+00:00,LINK-USD,15m,7.5960001945495605,7.599999904632568,7.589000225067139,7.593999862670898,62512,62512,yfinance,2026-07-10T06:58:07.675573+00:00
2026-06-24 09:45:00+00:00,LINK-USD,15m,7.591000080108643,7.61299991607666,7.5879998207092285,7.61299991607666,231248,231248,yfinance,2026-07-10T06:58:07.675573+00:00
2026-06-24 10:00:00+00:00,LINK-USD,15m,7.613999843597412,7.613999843597412,7.584000110626221,7.5929999351501465,1498784,1498784,yfinance,2026-07-10T06:58:07.675573+00:00
2026-06-24 10:15:00+00:00,LINK-USD,15m,7.591000080108643,7.591000080108643,7.565000057220459,7.573999881744385,5684416,5684416,yfinance,2026-07-10T06:58:07.675573+00:00
2026-06-24 10:30:00+00:00,LINK-USD,15m,7.579999923706055,7.584000110626221,7.571000099182129,7.584000110626221,0,0,yfinance,2026-07-10T06:58:07.675573+00:00
2026-06-24 10:45:00+00:00,LINK-USD,15m,7.584000110626221,7.584000110626221,7.566999912261963,7.571000099182129,0,0,yfinance,2026-07-10T06:58:07.675573+00:00
2026-06-24 11:00:00+00:00,LINK-USD,15m,7.570000171661377,7.577000141143799,7.551000118255615,7.552000045776367,0,0,yfinance,2026-07-10T06:58:07.675573+00:00
2026-06-24 11:15:00+00:00,LINK-USD,15m,7.552000045776367,7.552000045776367,7.5269999504089355,7.5269999504089355,5302784,5302784,yfinance,2026-07-10T06:58:07.675573+00:00
2026-06-24 11:30:00+00:00,LINK-USD,15m,7.5279998779296875,7.578000068664551,7.5279998779296875,7.564000129699707,8382064,8382064,yfinance,2026-07-10T06:58:07.675573+00:00
2026-06-24 11:45:00+00:00,LINK-USD,15m,7.565999984741211,7.684999942779541,7.565000057220459,7.620999813079834,3968176,3968176,yfinance,2026-07-10T06:58:07.675573+00:00
2026-06-24 12:00:00+00:00,LINK-USD,15m,7.625,7.63100004196167,7.6020002365112305,7.610000133514404,716432,716432,yfinance,2026-07-10T06:58:07.675573+00:00
2026-06-24 12:15:00+00:00,LINK-USD,15m,7.610000133514404,7.618000030517578,7.5970001220703125,7.599999904632568,1003808,1003808,yfinance,2026-07-10T06:58:07.675573+00:00
2026-06-24 12:30:00+00:00,LINK-USD,15m,7.604000091552734,7.614999771118164,7.591000080108643,7.6020002365112305,0,0,yfinance,2026-07-10T06:58:07.675573+00:00
2026-06-24 12:45:00+00:00,LINK-USD,15m,7.6020002365112305,7.6020002365112305,7.572999954223633,7.578999996185303,0,0,yfinance,2026-07-10T06:58:07.675573+00:00
2026-06-24 13:00:00+00:00,LINK-USD,15m,7.581999778747559,7.584000110626221,7.510000228881836,7.51800012588501,485744,485744,yfinance,2026-07-10T06:58:07.675573+00:00
2026-06-24 13:15:00+00:00,LINK-USD,15m,7.521999835968018,7.5370001792907715,7.465000152587891,7.51800012588501,2084592,2084592,yfinance,2026-07-10T06:58:07.675573+00:00
2026-06-24 13:30:00+00:00,LINK-USD,15m,7.511000156402588,7.561999797821045,7.46999979019165,7.484000205993652,2665824,2665824,yfinance,2026-07-10T06:58:07.675573+00:00
2026-06-24 13:45:00+00:00,LINK-USD,15m,7.48799991607666,7.515999794006348,7.453000068664551,7.460999965667725,3027184,3027184,yfinance,2026-07-10T06:58:07.675573+00:00
2026-06-24 14:00:00+00:00,LINK-USD,15m,7.459000110626221,7.48799991607666,7.436999797821045,7.4710001945495605,1827328,1827328,yfinance,2026-07-10T06:58:07.675573+00:00
2026-06-24 14:15:00+00:00,LINK-USD,15m,7.4720001220703125,7.485000133514404,7.440999984741211,7.48199987411499,1089600,1089600,yfinance,2026-07-10T06:58:07.675573+00:00
2026-06-24 14:30:00+00:00,LINK-USD,15m,7.482999801635742,7.519000053405762,7.474999904632568,7.499000072479248,1712320,1712320,yfinance,2026-07-10T06:58:07.675573+00:00
2026-06-24 14:45:00+00:00,LINK-USD,15m,7.5,7.510000228881836,7.4730000495910645,7.491000175476074,431808,431808,yfinance,2026-07-10T06:58:07.675573+00:00
2026-06-24 15:00:00+00:00,LINK-USD,15m,7.485000133514404,7.491000175476074,7.441999912261963,7.453999996185303,0,0,yfinance,2026-07-10T06:58:07.675573+00:00
2026-06-24 15:15:00+00:00,LINK-USD,15m,7.448999881744385,7.485000133514404,7.448999881744385,7.460999965667725,1417152,1417152,yfinance,2026-07-10T06:58:07.675573+00:00
2026-06-24 15:30:00+00:00,LINK-USD,15m,7.458000183105469,7.459000110626221,7.386000156402588,7.394000053405762,1075936,1075936,yfinance,2026-07-10T06:58:07.675573+00:00
2026-06-24 15:45:00+00:00,LINK-USD,15m,7.39300012588501,7.39300012588501,7.355000019073486,7.35699987411499,616640,616640,yfinance,2026-07-10T06:58:07.675573+00:00
2026-06-24 16:00:00+00:00,LINK-USD,15m,7.355999946594238,7.416999816894531,7.354000091552734,7.4120001792907715,2905072,2905072,yfinance,2026-07-10T06:58:07.675573+00:00
2026-06-24 16:15:00+00:00,LINK-USD,15m,7.4120001792907715,7.442999839782715,7.406000137329102,7.415999889373779,293984,293984,yfinance,2026-07-10T06:58:07.675573+00:00
2026-06-24 16:30:00+00:00,LINK-USD,15m,7.413000106811523,7.414999961853027,7.36299991607666,7.372000217437744,1162800,1162800,yfinance,2026-07-10T06:58:07.675573+00:00
2026-06-24 16:45:00+00:00,LINK-USD,15m,7.36899995803833,7.36899995803833,7.236999988555908,7.257999897003174,13650576,13650576,yfinance,2026-07-10T06:58:07.675573+00:00
2026-06-24 17:00:00+00:00,LINK-USD,15m,7.257999897003174,7.284999847412109,7.239999771118164,7.25600004196167,3175072,3175072,yfinance,2026-07-10T06:58:07.675573+00:00
2026-06-24 17:15:00+00:00,LINK-USD,15m,7.25600004196167,7.263000011444092,7.132999897003174,7.177000045776367,8679776,8679776,yfinance,2026-07-10T06:58:07.675573+00:00
2026-06-24 17:30:00+00:00,LINK-USD,15m,7.173999786376953,7.189000129699707,7.142000198364258,7.14900016784668,6445120,6445120,yfinance,2026-07-10T06:58:07.675573+00:00
2026-06-24 17:45:00+00:00,LINK-USD,15m,7.146999835968018,7.160999774932861,7.114999771118164,7.127999782562256,5206080,5206080,yfinance,2026-07-10T06:58:07.675573+00:00
2026-06-24 18:00:00+00:00,LINK-USD,15m,7.135000228881836,7.171999931335449,7.116000175476074,7.171999931335449,3155584,3155584,yfinance,2026-07-10T06:58:07.675573+00:00
2026-06-24 18:15:00+00:00,LINK-USD,15m,7.176000118255615,7.250999927520752,7.176000118255615,7.228000164031982,5953856,5953856,yfinance,2026-07-10T06:58:07.675573+00:00
2026-06-24 18:30:00+00:00,LINK-USD,15m,7.2220001220703125,7.230999946594238,7.188000202178955,7.196000099182129,1049088,1049088,yfinance,2026-07-10T06:58:07.675573+00:00
2026-06-24 18:45:00+00:00,LINK-USD,15m,7.193999767303467,7.197000026702881,7.163000106811523,7.177999973297119,1033760,1033760,yfinance,2026-07-10T06:58:07.675573+00:00
2026-06-24 19:00:00+00:00,LINK-USD,15m,7.184000015258789,7.209000110626221,7.163000106811523,7.184000015258789,1250976,1250976,yfinance,2026-07-10T06:58:07.675573+00:00
2026-06-24 19:15:00+00:00,LINK-USD,15m,7.177000045776367,7.2129998207092285,7.163000106811523,7.208000183105469,667232,667232,yfinance,2026-07-10T06:58:07.675573+00:00
2026-06-24 19:30:00+00:00,LINK-USD,15m,7.204999923706055,7.2220001220703125,7.190999984741211,7.201000213623047,1018912,1018912,yfinance,2026-07-10T06:58:07.675573+00:00
2026-06-24 19:45:00+00:00,LINK-USD,15m,7.203999996185303,7.238999843597412,7.197999954223633,7.23199987411499,1047840,1047840,yfinance,2026-07-10T06:58:07.675573+00:00
2026-06-24 20:00:00+00:00,LINK-USD,15m,7.23199987411499,7.355000019073486,7.2220001220703125,7.348999977111816,6954560,6954560,yfinance,2026-07-10T06:58:07.675573+00:00
2026-06-24 20:15:00+00:00,LINK-USD,15m,7.349999904632568,7.380000114440918,7.340000152587891,7.368000030517578,2468672,2468672,yfinance,2026-07-10T06:58:07.675573+00:00
2026-06-24 20:30:00+00:00,LINK-USD,15m,7.372000217437744,7.388000011444092,7.357999801635742,7.386000156402588,2300352,2300352,yfinance,2026-07-10T06:58:07.675573+00:00
2026-06-24 20:45:00+00:00,LINK-USD,15m,7.382999897003174,7.416999816894531,7.381999969482422,7.383999824523926,2237088,2237088,yfinance,2026-07-10T06:58:07.675573+00:00
2026-06-24 21:00:00+00:00,LINK-USD,15m,7.388000011444092,7.388999938964844,7.353000164031982,7.375999927520752,869568,869568,yfinance,2026-07-10T06:58:07.675573+00:00
2026-06-24 21:15:00+00:00,LINK-USD,15m,7.372000217437744,7.390999794006348,7.36899995803833,7.390999794006348,1184096,1184096,yfinance,2026-07-10T06:58:07.675573+00:00
2026-06-24 21:30:00+00:00,LINK-USD,15m,7.388999938964844,7.427999973297119,7.385000228881836,7.420000076293945,1491488,1491488,yfinance,2026-07-10T06:58:07.675573+00:00
2026-06-24 21:45:00+00:00,LINK-USD,15m,7.415999889373779,7.440000057220459,7.408999919891357,7.439000129699707,1482112,1482112,yfinance,2026-07-10T06:58:07.675573+00:00
2026-06-24 22:00:00+00:00,LINK-USD,15m,7.446000099182129,7.4679999351501465,7.440999984741211,7.441999912261963,1347520,1347520,yfinance,2026-07-10T06:58:07.675573+00:00
2026-06-24 22:15:00+00:00,LINK-USD,15m,7.440999984741211,7.440999984741211,7.415999889373779,7.418000221252441,281472,281472,yfinance,2026-07-10T06:58:07.675573+00:00
2026-06-24 22:30:00+00:00,LINK-USD,15m,7.416999816894531,7.421999931335449,7.39900016784668,7.4120001792907715,1125216,1125216,yfinance,2026-07-10T06:58:07.675573+00:00
2026-06-24 22:45:00+00:00,LINK-USD,15m,7.410999774932861,7.410999774932861,7.388999938964844,7.395999908447266,589824,589824,yfinance,2026-07-10T06:58:07.675573+00:00
2026-06-24 23:00:00+00:00,LINK-USD,15m,7.396999835968018,7.408999919891357,7.388000011444092,7.4019999504089355,0,0,yfinance,2026-07-10T06:58:07.675573+00:00
2026-06-24 23:15:00+00:00,LINK-USD,15m,7.4039998054504395,7.422999858856201,7.390999794006348,7.4120001792907715,98400,98400,yfinance,2026-07-10T06:58:07.675573+00:00
2026-06-24 23:30:00+00:00,LINK-USD,15m,7.409999847412109,7.421000003814697,7.4019999504089355,7.408999919891357,0,0,yfinance,2026-07-10T06:58:07.675573+00:00
2026-06-24 23:45:00+00:00,LINK-USD,15m,7.409999847412109,7.420000076293945,7.396999835968018,7.415999889373779,78752,78752,yfinance,2026-07-10T06:58:07.675573+00:00
2026-06-25 00:00:00+00:00,LINK-USD,15m,7.414999961853027,7.432000160217285,7.409999847412109,7.426000118255615,3488864,3488864,yfinance,2026-07-10T06:58:07.675573+00:00
2026-06-25 00:15:00+00:00,LINK-USD,15m,7.421999931335449,7.425000190734863,7.401000022888184,7.4019999504089355,0,0,yfinance,2026-07-10T06:58:07.675573+00:00
2026-06-25 00:30:00+00:00,LINK-USD,15m,7.401000022888184,7.4029998779296875,7.389999866485596,7.390999794006348,0,0,yfinance,2026-07-10T06:58:07.675573+00:00
2026-06-25 00:45:00+00:00,LINK-USD,15m,7.389999866485596,7.4019999504089355,7.377999782562256,7.389999866485596,0,0,yfinance,2026-07-10T06:58:07.675573+00:00
2026-06-25 01:00:00+00:00,LINK-USD,15m,7.388999938964844,7.396999835968018,7.377999782562256,7.385000228881836,0,0,yfinance,2026-07-10T06:58:07.675573+00:00
2026-06-25 01:15:00+00:00,LINK-USD,15m,7.386000156402588,7.401000022888184,7.372000217437744,7.388000011444092,0,0,yfinance,2026-07-10T06:58:07.675573+00:00
2026-06-25 01:30:00+00:00,LINK-USD,15m,7.386000156402588,7.4029998779296875,7.385000228881836,7.392000198364258,0,0,yfinance,2026-07-10T06:58:07.675573+00:00
2026-06-25 01:45:00+00:00,LINK-USD,15m,7.39300012588501,7.40500020980835,7.388000011444092,7.396999835968018,0,0,yfinance,2026-07-10T06:58:07.675573+00:00
2026-06-25 02:00:00+00:00,LINK-USD,15m,7.39300012588501,7.4019999504089355,7.389999866485596,7.395999908447266,0,0,yfinance,2026-07-10T06:58:07.675573+00:00
2026-06-25 02:15:00+00:00,LINK-USD,15m,7.394999980926514,7.413000106811523,7.386000156402588,7.413000106811523,0,0,yfinance,2026-07-10T06:58:07.675573+00:00
2026-06-25 02:30:00+00:00,LINK-USD,15m,7.4120001792907715,7.4120001792907715,7.380000114440918,7.382999897003174,49312,49312,yfinance,2026-07-10T06:58:07.675573+00:00
2026-06-25 02:45:00+00:00,LINK-USD,15m,7.382999897003174,7.39900016784668,7.381999969482422,7.39900016784668,673024,673024,yfinance,2026-07-10T06:58:07.675573+00:00
2026-06-25 03:00:00+00:00,LINK-USD,15m,7.400000095367432,7.413000106811523,7.392000198364258,7.39300012588501,0,0,yfinance,2026-07-10T06:58:07.675573+00:00
2026-06-25 03:15:00+00:00,LINK-USD,15m,7.381999969482422,7.396999835968018,7.38100004196167,7.392000198364258,30400,30400,yfinance,2026-07-10T06:58:07.675573+00:00
2026-06-25 03:30:00+00:00,LINK-USD,15m,7.39300012588501,7.401000022888184,7.381999969482422,7.388000011444092,17792,17792,yfinance,2026-07-10T06:58:07.675573+00:00
2026-06-25 03:45:00+00:00,LINK-USD,15m,7.388000011444092,7.3979997634887695,7.38700008392334,7.394000053405762,4447744,4447744,yfinance,2026-07-10T06:58:07.675573+00:00
2026-06-25 04:00:00+00:00,LINK-USD,15m,7.394999980926514,7.395999908447266,7.382999897003174,7.382999897003174,121024,121024,yfinance,2026-07-10T06:58:07.675573+00:00
2026-06-25 04:15:00+00:00,LINK-USD,15m,7.380000114440918,7.388999938964844,7.379000186920166,7.381999969482422,247712,247712,yfinance,2026-07-10T06:58:07.675573+00:00
2026-06-25 04:30:00+00:00,LINK-USD,15m,7.381999969482422,7.4019999504089355,7.372000217437744,7.4019999504089355,0,0,yfinance,2026-07-10T06:58:07.675573+00:00
2026-06-25 04:45:00+00:00,LINK-USD,15m,7.4029998779296875,7.466000080108643,7.4019999504089355,7.455999851226807,777888,777888,yfinance,2026-07-10T06:58:07.675573+00:00
2026-06-25 05:00:00+00:00,LINK-USD,15m,7.454999923706055,7.510000228881836,7.447999954223633,7.5,2472416,2472416,yfinance,2026-07-10T06:58:07.675573+00:00
2026-06-25 05:15:00+00:00,LINK-USD,15m,7.502999782562256,7.5279998779296875,7.489999771118164,7.511000156402588,1484832,1484832,yfinance,2026-07-10T06:58:07.675573+00:00
2026-06-25 05:30:00+00:00,LINK-USD,15m,7.508999824523926,7.51800012588501,7.498000144958496,7.498000144958496,669344,669344,yfinance,2026-07-10T06:58:07.675573+00:00
2026-06-25 05:45:00+00:00,LINK-USD,15m,7.498000144958496,7.508999824523926,7.495999813079834,7.501999855041504,874464,874464,yfinance,2026-07-10T06:58:07.675573+00:00
2026-06-25 06:00:00+00:00,LINK-USD,15m,7.504000186920166,7.526000022888184,7.504000186920166,7.520999908447266,482944,482944,yfinance,2026-07-10T06:58:07.675573+00:00
2026-06-25 06:15:00+00:00,LINK-USD,15m,7.5229997634887695,7.538000106811523,7.497000217437744,7.5,2160320,2160320,yfinance,2026-07-10T06:58:07.675573+00:00
2026-06-25 06:30:00+00:00,LINK-USD,15m,7.5,7.526000022888184,7.495999813079834,7.526000022888184,453536,453536,yfinance,2026-07-10T06:58:07.675573+00:00
2026-06-25 06:45:00+00:00,LINK-USD,15m,7.52400016784668,7.5269999504089355,7.508999824523926,7.514999866485596,383456,383456,yfinance,2026-07-10T06:58:07.675573+00:00
2026-06-25 07:00:00+00:00,LINK-USD,15m,7.514999866485596,7.5229997634887695,7.494999885559082,7.50600004196167,412800,412800,yfinance,2026-07-10T06:58:07.675573+00:00
2026-06-25 07:15:00+00:00,LINK-USD,15m,7.50600004196167,7.52400016784668,7.505000114440918,7.51200008392334,21984,21984,yfinance,2026-07-10T06:58:07.675573+00:00
2026-06-25 07:30:00+00:00,LINK-USD,15m,7.514999866485596,7.525000095367432,7.514999866485596,7.521999835968018,0,0,yfinance,2026-07-10T06:58:07.675573+00:00
2026-06-25 07:45:00+00:00,LINK-USD,15m,7.520999908447266,7.525000095367432,7.508999824523926,7.525000095367432,517920,517920,yfinance,2026-07-10T06:58:07.675573+00:00
2026-06-25 08:00:00+00:00,LINK-USD,15m,7.521999835968018,7.525000095367432,7.513000011444092,7.513000011444092,0,0,yfinance,2026-07-10T06:58:07.675573+00:00
2026-06-25 08:15:00+00:00,LINK-USD,15m,7.513000011444092,7.513000011444092,7.504000186920166,7.511000156402588,78080,78080,yfinance,2026-07-10T06:58:07.675573+00:00
2026-06-25 08:30:00+00:00,LINK-USD,15m,7.510000228881836,7.510000228881836,7.502999782562256,7.507999897003174,0,0,yfinance,2026-07-10T06:58:07.675573+00:00
2026-06-25 08:45:00+00:00,LINK-USD,15m,7.507999897003174,7.510000228881836,7.491000175476074,7.493000030517578,3207520,3207520,yfinance,2026-07-10T06:58:07.675573+00:00
2026-06-25 09:00:00+00:00,LINK-USD,15m,7.498000144958496,7.50600004196167,7.495999813079834,7.5,0,0,yfinance,2026-07-10T06:58:07.675573+00:00
2026-06-25 09:15:00+00:00,LINK-USD,15m,7.498000144958496,7.500999927520752,7.4720001220703125,7.479000091552734,169408,169408,yfinance,2026-07-10T06:58:07.675573+00:00
2026-06-25 09:30:00+00:00,LINK-USD,15m,7.480000019073486,7.489999771118164,7.473999977111816,7.482999801635742,183680,183680,yfinance,2026-07-10T06:58:07.675573+00:00
2026-06-25 09:45:00+00:00,LINK-USD,15m,7.484000205993652,7.48799991607666,7.480000019073486,7.484000205993652,0,0,yfinance,2026-07-10T06:58:07.675573+00:00
2026-06-25 10:00:00+00:00,LINK-USD,15m,7.484000205993652,7.484000205993652,7.4710001945495605,7.484000205993652,0,0,yfinance,2026-07-10T06:58:07.675573+00:00
2026-06-25 10:15:00+00:00,LINK-USD,15m,7.482999801635742,7.48799991607666,7.456999778747559,7.460999965667725,54976,54976,yfinance,2026-07-10T06:58:07.675573+00:00
2026-06-25 10:30:00+00:00,LINK-USD,15m,7.461999893188477,7.4670000076293945,7.447000026702881,7.447000026702881,1740352,1740352,yfinance,2026-07-10T06:58:07.675573+00:00
2026-06-25 10:45:00+00:00,LINK-USD,15m,7.445000171661377,7.453999996185303,7.436999797821045,7.439000129699707,1735936,1735936,yfinance,2026-07-10T06:58:07.675573+00:00
2026-06-25 11:00:00+00:00,LINK-USD,15m,7.440999984741211,7.448999881744385,7.414999961853027,7.448999881744385,4656896,4656896,yfinance,2026-07-10T06:58:07.675573+00:00
2026-06-25 11:15:00+00:00,LINK-USD,15m,7.451000213623047,7.454999923706055,7.425000190734863,7.427999973297119,82624,82624,yfinance,2026-07-10T06:58:07.675573+00:00
2026-06-25 11:30:00+00:00,LINK-USD,15m,7.427999973297119,7.436999797821045,7.426000118255615,7.428999900817871,0,0,yfinance,2026-07-10T06:58:07.675573+00:00
2026-06-25 11:45:00+00:00,LINK-USD,15m,7.428999900817871,7.429999828338623,7.414000034332275,7.427999973297119,0,0,yfinance,2026-07-10T06:58:07.675573+00:00
2026-06-25 12:00:00+00:00,LINK-USD,15m,7.427999973297119,7.434000015258789,7.418000221252441,7.425000190734863,956768,956768,yfinance,2026-07-10T06:58:07.675573+00:00
2026-06-25 12:15:00+00:00,LINK-USD,15m,7.425000190734863,7.425000190734863,7.376999855041504,7.383999824523926,32608,32608,yfinance,2026-07-10T06:58:07.675573+00:00
2026-06-25 12:30:00+00:00,LINK-USD,15m,7.385000228881836,7.48199987411499,7.385000228881836,7.448999881744385,3143936,3143936,yfinance,2026-07-10T06:58:07.675573+00:00
2026-06-25 12:45:00+00:00,LINK-USD,15m,7.447999954223633,7.460000038146973,7.427999973297119,7.438000202178955,116384,116384,yfinance,2026-07-10T06:58:07.675573+00:00
2026-06-25 13:00:00+00:00,LINK-USD,15m,7.440999984741211,7.453999996185303,7.427999973297119,7.448999881744385,0,0,yfinance,2026-07-10T06:58:07.675573+00:00
2026-06-25 13:15:00+00:00,LINK-USD,15m,7.448999881744385,7.459000110626221,7.442999839782715,7.451000213623047,0,0,yfinance,2026-07-10T06:58:07.675573+00:00
2026-06-25 13:30:00+00:00,LINK-USD,15m,7.447999954223633,7.4730000495910645,7.2779998779296875,7.28000020980835,3576960,3576960,yfinance,2026-07-10T06:58:07.675573+00:00
2026-06-25 13:45:00+00:00,LINK-USD,15m,7.285999774932861,7.294000148773193,7.000999927520752,7.006999969482422,9230912,9230912,yfinance,2026-07-10T06:58:07.675573+00:00
2026-06-25 14:00:00+00:00,LINK-USD,15m,7.0329999923706055,7.2230000495910645,7.0329999923706055,7.188000202178955,12228096,12228096,yfinance,2026-07-10T06:58:07.675573+00:00
2026-06-25 14:15:00+00:00,LINK-USD,15m,7.193999767303467,7.211999893188477,7.11299991607666,7.165999889373779,4129600,4129600,yfinance,2026-07-10T06:58:07.675573+00:00
2026-06-25 14:30:00+00:00,LINK-USD,15m,7.163000106811523,7.290999889373779,7.1519999504089355,7.176000118255615,6292320,6292320,yfinance,2026-07-10T06:58:07.675573+00:00
2026-06-25 14:45:00+00:00,LINK-USD,15m,7.181000232696533,7.223999977111816,7.164999961853027,7.177000045776367,3740128,3740128,yfinance,2026-07-10T06:58:07.675573+00:00
2026-06-25 15:00:00+00:00,LINK-USD,15m,7.179999828338623,7.182000160217285,7.125,7.125,1340672,1340672,yfinance,2026-07-10T06:58:07.675573+00:00
2026-06-25 15:15:00+00:00,LINK-USD,15m,7.125,7.163000106811523,7.093999862670898,7.14300012588501,4026112,4026112,yfinance,2026-07-10T06:58:07.675573+00:00
2026-06-25 15:30:00+00:00,LINK-USD,15m,7.150000095367432,7.184999942779541,7.138999938964844,7.158999919891357,294944,294944,yfinance,2026-07-10T06:58:07.675573+00:00
2026-06-25 15:45:00+00:00,LINK-USD,15m,7.158999919891357,7.2210001945495605,7.15500020980835,7.204999923706055,0,0,yfinance,2026-07-10T06:58:07.675573+00:00
2026-06-25 16:00:00+00:00,LINK-USD,15m,7.203999996185303,7.271999835968018,7.193999767303467,7.236999988555908,0,0,yfinance,2026-07-10T06:58:07.675573+00:00
2026-06-25 16:15:00+00:00,LINK-USD,15m,7.236000061035156,7.24399995803833,7.224999904632568,7.238999843597412,0,0,yfinance,2026-07-10T06:58:07.675573+00:00
2026-06-25 16:30:00+00:00,LINK-USD,15m,7.21999979019165,7.2230000495910645,7.171999931335449,7.173999786376953,0,0,yfinance,2026-07-10T06:58:07.675573+00:00
2026-06-25 16:45:00+00:00,LINK-USD,15m,7.173999786376953,7.188000202178955,7.150000095367432,7.188000202178955,0,0,yfinance,2026-07-10T06:58:07.675573+00:00
2026-06-25 17:00:00+00:00,LINK-USD,15m,7.185999870300293,7.230999946594238,7.176000118255615,7.215000152587891,0,0,yfinance,2026-07-10T06:58:07.675573+00:00
2026-06-25 17:15:00+00:00,LINK-USD,15m,7.2230000495910645,7.267000198364258,7.2220001220703125,7.254000186920166,110656,110656,yfinance,2026-07-10T06:58:07.675573+00:00
2026-06-25 17:30:00+00:00,LINK-USD,15m,7.25600004196167,7.271999835968018,7.241000175476074,7.247000217437744,0,0,yfinance,2026-07-10T06:58:07.675573+00:00
2026-06-25 17:45:00+00:00,LINK-USD,15m,7.241000175476074,7.267000198364258,7.228000164031982,7.267000198364258,0,0,yfinance,2026-07-10T06:58:07.675573+00:00
2026-06-25 18:00:00+00:00,LINK-USD,15m,7.26800012588501,7.271999835968018,7.216000080108643,7.2179999351501465,284288,284288,yfinance,2026-07-10T06:58:07.675573+00:00
2026-06-25 18:15:00+00:00,LINK-USD,15m,7.2179999351501465,7.269999980926514,7.216000080108643,7.2210001945495605,0,0,yfinance,2026-07-10T06:58:07.675573+00:00
2026-06-25 18:30:00+00:00,LINK-USD,15m,7.21999979019165,7.21999979019165,7.164999961853027,7.177999973297119,742432,742432,yfinance,2026-07-10T06:58:07.675573+00:00
2026-06-25 18:45:00+00:00,LINK-USD,15m,7.177000045776367,7.199999809265137,7.164000034332275,7.189000129699707,114016,114016,yfinance,2026-07-10T06:58:07.675573+00:00
2026-06-25 19:00:00+00:00,LINK-USD,15m,7.190999984741211,7.190999984741211,7.150000095367432,7.1529998779296875,0,0,yfinance,2026-07-10T06:58:07.675573+00:00
2026-06-25 19:15:00+00:00,LINK-USD,15m,7.151000022888184,7.1579999923706055,7.130000114440918,7.15500020980835,475264,475264,yfinance,2026-07-10T06:58:07.675573+00:00
2026-06-25 19:30:00+00:00,LINK-USD,15m,7.1539998054504395,7.172999858856201,7.144999980926514,7.158999919891357,0,0,yfinance,2026-07-10T06:58:07.675573+00:00
2026-06-25 19:45:00+00:00,LINK-USD,15m,7.158999919891357,7.165999889373779,7.142000198364258,7.163000106811523,0,0,yfinance,2026-07-10T06:58:07.675573+00:00
2026-06-25 20:00:00+00:00,LINK-USD,15m,7.171000003814697,7.218999862670898,7.171000003814697,7.189000129699707,0,0,yfinance,2026-07-10T06:58:07.675573+00:00
2026-06-25 20:15:00+00:00,LINK-USD,15m,7.189000129699707,7.216000080108643,7.189000129699707,7.208000183105469,0,0,yfinance,2026-07-10T06:58:07.675573+00:00
2026-06-25 20:30:00+00:00,LINK-USD,15m,7.210000038146973,7.210000038146973,7.181000232696533,7.185999870300293,0,0,yfinance,2026-07-10T06:58:07.675573+00:00
2026-06-25 20:45:00+00:00,LINK-USD,15m,7.185999870300293,7.186999797821045,7.168000221252441,7.178999900817871,2594944,2594944,yfinance,2026-07-10T06:58:07.675573+00:00
2026-06-25 21:00:00+00:00,LINK-USD,15m,7.179999828338623,7.203000068664551,7.177000045776367,7.203000068664551,0,0,yfinance,2026-07-10T06:58:07.675573+00:00
2026-06-25 21:15:00+00:00,LINK-USD,15m,7.202000141143799,7.2230000495910645,7.198999881744385,7.2230000495910645,269472,269472,yfinance,2026-07-10T06:58:07.675573+00:00
2026-06-25 21:30:00+00:00,LINK-USD,15m,7.2220001220703125,7.261000156402588,7.2210001945495605,7.245999813079834,623040,623040,yfinance,2026-07-10T06:58:07.675573+00:00
2026-06-25 21:45:00+00:00,LINK-USD,15m,7.247000217437744,7.269999980926514,7.241000175476074,7.269999980926514,0,0,yfinance,2026-07-10T06:58:07.675573+00:00
2026-06-25 22:00:00+00:00,LINK-USD,15m,7.263999938964844,7.275000095367432,7.234000205993652,7.234000205993652,3143136,3143136,yfinance,2026-07-10T06:58:07.675573+00:00
2026-06-25 22:15:00+00:00,LINK-USD,15m,7.23799991607666,7.255000114440918,7.228000164031982,7.230000019073486,128096,128096,yfinance,2026-07-10T06:58:07.675573+00:00
2026-06-25 22:30:00+00:00,LINK-USD,15m,7.229000091552734,7.247000217437744,7.229000091552734,7.238999843597412,0,0,yfinance,2026-07-10T06:58:07.675573+00:00
2026-06-25 22:45:00+00:00,LINK-USD,15m,7.23799991607666,7.247000217437744,7.2270002365112305,7.230999946594238,48640,48640,yfinance,2026-07-10T06:58:07.675573+00:00
2026-06-25 23:00:00+00:00,LINK-USD,15m,7.23199987411499,7.242000102996826,7.218999862670898,7.23799991607666,0,0,yfinance,2026-07-10T06:58:07.675573+00:00
2026-06-25 23:15:00+00:00,LINK-USD,15m,7.23799991607666,7.281000137329102,7.23799991607666,7.27400016784668,1194144,1194144,yfinance,2026-07-10T06:58:07.675573+00:00
2026-06-25 23:30:00+00:00,LINK-USD,15m,7.27400016784668,7.288000106811523,7.25,7.255000114440918,4765280,4765280,yfinance,2026-07-10T06:58:07.675573+00:00
2026-06-25 23:45:00+00:00,LINK-USD,15m,7.250999927520752,7.250999927520752,7.2230000495910645,7.235000133514404,522464,522464,yfinance,2026-07-10T06:58:07.675573+00:00
2026-06-26 00:00:00+00:00,LINK-USD,15m,7.236999988555908,7.25,7.224999904632568,7.247000217437744,165632,165632,yfinance,2026-07-10T06:58:07.675573+00:00
2026-06-26 00:15:00+00:00,LINK-USD,15m,7.244999885559082,7.252999782562256,7.2270002365112305,7.242000102996826,33760,33760,yfinance,2026-07-10T06:58:07.675573+00:00
2026-06-26 00:30:00+00:00,LINK-USD,15m,7.241000175476074,7.249000072479248,7.230000019073486,7.241000175476074,64032,64032,yfinance,2026-07-10T06:58:07.675573+00:00
2026-06-26 00:45:00+00:00,LINK-USD,15m,7.241000175476074,7.241000175476074,7.214000225067139,7.2220001220703125,0,0,yfinance,2026-07-10T06:58:07.675573+00:00
2026-06-26 01:00:00+00:00,LINK-USD,15m,7.2210001945495605,7.23799991607666,7.197000026702881,7.210999965667725,535840,535840,yfinance,2026-07-10T06:58:07.675573+00:00
2026-06-26 01:15:00+00:00,LINK-USD,15m,7.210000038146973,7.218999862670898,7.165999889373779,7.165999889373779,3818912,3818912,yfinance,2026-07-10T06:58:07.675573+00:00
2026-06-26 01:30:00+00:00,LINK-USD,15m,7.168000221252441,7.171000003814697,7.1519999504089355,7.158999919891357,3460064,3460064,yfinance,2026-07-10T06:58:07.675573+00:00
2026-06-26 01:45:00+00:00,LINK-USD,15m,7.1570000648498535,7.176000118255615,7.1529998779296875,7.164000034332275,350400,350400,yfinance,2026-07-10T06:58:07.675573+00:00
2026-06-26 02:00:00+00:00,LINK-USD,15m,7.168000221252441,7.169000148773193,7.038000106811523,7.038000106811523,423456,423456,yfinance,2026-07-10T06:58:07.675573+00:00
2026-06-26 02:15:00+00:00,LINK-USD,15m,7.039999961853027,7.089000225067139,7.019000053405762,7.085999965667725,5900160,5900160,yfinance,2026-07-10T06:58:07.675573+00:00
2026-06-26 02:30:00+00:00,LINK-USD,15m,7.085000038146973,7.109000205993652,7.065000057220459,7.083000183105469,2267712,2267712,yfinance,2026-07-10T06:58:07.675573+00:00
2026-06-26 02:45:00+00:00,LINK-USD,15m,7.083000183105469,7.085999965667725,7.034999847412109,7.047999858856201,2367936,2367936,yfinance,2026-07-10T06:58:07.675573+00:00
2026-06-26 03:00:00+00:00,LINK-USD,15m,7.051000118255615,7.0980000495910645,7.006999969482422,7.090000152587891,3969408,3969408,yfinance,2026-07-10T06:58:07.675573+00:00
2026-06-26 03:15:00+00:00,LINK-USD,15m,7.085999965667725,7.1020002365112305,7.059999942779541,7.090000152587891,1379328,1379328,yfinance,2026-07-10T06:58:07.675573+00:00
2026-06-26 03:30:00+00:00,LINK-USD,15m,7.085999965667725,7.136000156402588,7.072999954223633,7.136000156402588,2858496,2858496,yfinance,2026-07-10T06:58:07.675573+00:00
2026-06-26 03:45:00+00:00,LINK-USD,15m,7.131999969482422,7.211999893188477,7.131999969482422,7.193999767303467,3142400,3142400,yfinance,2026-07-10T06:58:07.675573+00:00
2026-06-26 04:00:00+00:00,LINK-USD,15m,7.192999839782715,7.201000213623047,7.176000118255615,7.183000087738037,2926080,2926080,yfinance,2026-07-10T06:58:07.675573+00:00
2026-06-26 04:15:00+00:00,LINK-USD,15m,7.182000160217285,7.215000152587891,7.176000118255615,7.188000202178955,936000,936000,yfinance,2026-07-10T06:58:07.675573+00:00
2026-06-26 04:30:00+00:00,LINK-USD,15m,7.190000057220459,7.196000099182129,7.176000118255615,7.189000129699707,280192,280192,yfinance,2026-07-10T06:58:07.675573+00:00
2026-06-26 04:45:00+00:00,LINK-USD,15m,7.191999912261963,7.192999839782715,7.163000106811523,7.166999816894531,144960,144960,yfinance,2026-07-10T06:58:07.675573+00:00
2026-06-26 05:00:00+00:00,LINK-USD,15m,7.168000221252441,7.186999797821045,7.158999919891357,7.186999797821045,0,0,yfinance,2026-07-10T06:58:07.675573+00:00
2026-06-26 05:15:00+00:00,LINK-USD,15m,7.188000202178955,7.201000213623047,7.165999889373779,7.197999954223633,3190496,3190496,yfinance,2026-07-10T06:58:07.675573+00:00
2026-06-26 05:30:00+00:00,LINK-USD,15m,7.203000068664551,7.211999893188477,7.186999797821045,7.186999797821045,201952,201952,yfinance,2026-07-10T06:58:07.675573+00:00
2026-06-26 05:45:00+00:00,LINK-USD,15m,7.188000202178955,7.195000171661377,7.173999786376953,7.185999870300293,3787424,3787424,yfinance,2026-07-10T06:58:07.675573+00:00
2026-06-26 06:00:00+00:00,LINK-USD,15m,7.183000087738037,7.184000015258789,7.146999835968018,7.1479997634887695,294112,294112,yfinance,2026-07-10T06:58:07.675573+00:00
2026-06-26 06:15:00+00:00,LINK-USD,15m,7.1479997634887695,7.215000152587891,7.1479997634887695,7.208000183105469,1034016,1034016,yfinance,2026-07-10T06:58:07.675573+00:00
2026-06-26 06:30:00+00:00,LINK-USD,15m,7.209000110626221,7.263999938964844,7.197000026702881,7.263999938964844,642752,642752,yfinance,2026-07-10T06:58:07.675573+00:00
2026-06-26 06:45:00+00:00,LINK-USD,15m,7.261000156402588,7.26800012588501,7.245999813079834,7.263999938964844,865664,865664,yfinance,2026-07-10T06:58:07.675573+00:00
2026-06-26 07:00:00+00:00,LINK-USD,15m,7.267000198364258,7.302999973297119,7.260000228881836,7.300000190734863,633952,633952,yfinance,2026-07-10T06:58:07.675573+00:00
2026-06-26 07:15:00+00:00,LINK-USD,15m,7.298999786376953,7.315999984741211,7.295000076293945,7.303999900817871,735712,735712,yfinance,2026-07-10T06:58:07.675573+00:00
2026-06-26 07:30:00+00:00,LINK-USD,15m,7.302999973297119,7.328999996185303,7.296000003814697,7.307000160217285,1095328,1095328,yfinance,2026-07-10T06:58:07.675573+00:00
2026-06-26 07:45:00+00:00,LINK-USD,15m,7.304999828338623,7.322000026702881,7.301000118255615,7.316999912261963,991104,991104,yfinance,2026-07-10T06:58:07.675573+00:00
2026-06-26 08:00:00+00:00,LINK-USD,15m,7.321000099182129,7.324999809265137,7.2729997634887695,7.2729997634887695,8270944,8270944,yfinance,2026-07-10T06:58:07.675573+00:00
2026-06-26 08:15:00+00:00,LINK-USD,15m,7.276000022888184,7.28000020980835,7.261000156402588,7.263000011444092,1076416,1076416,yfinance,2026-07-10T06:58:07.675573+00:00
2026-06-26 08:30:00+00:00,LINK-USD,15m,7.260000228881836,7.26200008392334,7.238999843597412,7.24399995803833,805952,805952,yfinance,2026-07-10T06:58:07.675573+00:00
2026-06-26 08:45:00+00:00,LINK-USD,15m,7.245999813079834,7.252999782562256,7.236999988555908,7.24399995803833,402912,402912,yfinance,2026-07-10T06:58:07.675573+00:00
2026-06-26 09:00:00+00:00,LINK-USD,15m,7.24399995803833,7.249000072479248,7.2270002365112305,7.242000102996826,270336,270336,yfinance,2026-07-10T06:58:07.675573+00:00
2026-06-26 09:15:00+00:00,LINK-USD,15m,7.239999771118164,7.239999771118164,7.224999904632568,7.23799991607666,639808,639808,yfinance,2026-07-10T06:58:07.675573+00:00
2026-06-26 09:30:00+00:00,LINK-USD,15m,7.23799991607666,7.257999897003174,7.2270002365112305,7.239999771118164,4082592,4082592,yfinance,2026-07-10T06:58:07.675573+00:00
2026-06-26 09:45:00+00:00,LINK-USD,15m,7.239999771118164,7.241000175476074,7.177000045776367,7.178999900817871,359744,359744,yfinance,2026-07-10T06:58:07.675573+00:00
2026-06-26 10:00:00+00:00,LINK-USD,15m,7.179999828338623,7.184999942779541,7.159999847412109,7.176000118255615,1147968,1147968,yfinance,2026-07-10T06:58:07.675573+00:00
2026-06-26 10:15:00+00:00,LINK-USD,15m,7.179999828338623,7.189000129699707,7.172999858856201,7.182000160217285,142656,142656,yfinance,2026-07-10T06:58:07.675573+00:00
2026-06-26 10:30:00+00:00,LINK-USD,15m,7.182000160217285,7.191999912261963,7.145999908447266,7.164999961853027,0,0,yfinance,2026-07-10T06:58:07.675573+00:00
2026-06-26 10:45:00+00:00,LINK-USD,15m,7.164999961853027,7.171000003814697,7.138999938964844,7.14900016784668,0,0,yfinance,2026-07-10T06:58:07.675573+00:00
2026-06-26 11:00:00+00:00,LINK-USD,15m,7.151000022888184,7.181000232696533,7.144999980926514,7.1620001792907715,0,0,yfinance,2026-07-10T06:58:07.675573+00:00
2026-06-26 11:15:00+00:00,LINK-USD,15m,7.160999774932861,7.160999774932861,7.138000011444092,7.144000053405762,17568,17568,yfinance,2026-07-10T06:58:07.675573+00:00
2026-06-26 11:30:00+00:00,LINK-USD,15m,7.144999980926514,7.160999774932861,7.142000198364258,7.150000095367432,90176,90176,yfinance,2026-07-10T06:58:07.675573+00:00
2026-06-26 11:45:00+00:00,LINK-USD,15m,7.144000053405762,7.150000095367432,7.113999843597412,7.138999938964844,747712,747712,yfinance,2026-07-10T06:58:07.675573+00:00
2026-06-26 12:00:00+00:00,LINK-USD,15m,7.138999938964844,7.160999774932861,7.136000156402588,7.1519999504089355,80384,80384,yfinance,2026-07-10T06:58:07.675573+00:00
2026-06-26 12:15:00+00:00,LINK-USD,15m,7.1519999504089355,7.186999797821045,7.1519999504089355,7.186999797821045,5829600,5829600,yfinance,2026-07-10T06:58:07.675573+00:00
2026-06-26 12:30:00+00:00,LINK-USD,15m,7.184000015258789,7.2210001945495605,7.080999851226807,7.103000164031982,900256,900256,yfinance,2026-07-10T06:58:07.675573+00:00
2026-06-26 12:45:00+00:00,LINK-USD,15m,7.0980000495910645,7.1570000648498535,7.0960001945495605,7.117000102996826,2315296,2315296,yfinance,2026-07-10T06:58:07.675573+00:00
2026-06-26 13:00:00+00:00,LINK-USD,15m,7.11899995803833,7.15500020980835,7.104000091552734,7.124000072479248,185344,185344,yfinance,2026-07-10T06:58:07.675573+00:00
2026-06-26 13:15:00+00:00,LINK-USD,15m,7.125,7.130000114440918,7.053999900817871,7.0980000495910645,3583584,3583584,yfinance,2026-07-10T06:58:07.675573+00:00
2026-06-26 13:30:00+00:00,LINK-USD,15m,7.099999904632568,7.182000160217285,7.0879998207092285,7.177999973297119,0,0,yfinance,2026-07-10T06:58:07.675573+00:00
2026-06-26 13:45:00+00:00,LINK-USD,15m,7.171999931335449,7.26200008392334,7.15500020980835,7.25600004196167,0,0,yfinance,2026-07-10T06:58:07.675573+00:00
2026-06-26 14:00:00+00:00,LINK-USD,15m,7.256999969482422,7.2779998779296875,7.203999996185303,7.2179999351501465,0,0,yfinance,2026-07-10T06:58:07.675573+00:00
2026-06-26 14:15:00+00:00,LINK-USD,15m,7.2179999351501465,7.269000053405762,7.202000141143799,7.244999885559082,0,0,yfinance,2026-07-10T06:58:07.675573+00:00
2026-06-26 14:30:00+00:00,LINK-USD,15m,7.24399995803833,7.255000114440918,7.196000099182129,7.214000225067139,41152,41152,yfinance,2026-07-10T06:58:07.675573+00:00
2026-06-26 14:45:00+00:00,LINK-USD,15m,7.2129998207092285,7.263999938964844,7.202000141143799,7.21999979019165,98912,98912,yfinance,2026-07-10T06:58:07.675573+00:00
2026-06-26 15:00:00+00:00,LINK-USD,15m,7.218999862670898,7.27400016784668,7.209000110626221,7.245999813079834,0,0,yfinance,2026-07-10T06:58:07.675573+00:00
2026-06-26 15:15:00+00:00,LINK-USD,15m,7.244999885559082,7.314000129699707,7.239999771118164,7.296000003814697,578944,578944,yfinance,2026-07-10T06:58:07.675573+00:00
2026-06-26 15:30:00+00:00,LINK-USD,15m,7.295000076293945,7.3480000495910645,7.295000076293945,7.3429999351501465,1740992,1740992,yfinance,2026-07-10T06:58:07.675573+00:00
2026-06-26 15:45:00+00:00,LINK-USD,15m,7.3420000076293945,7.3429999351501465,7.281000137329102,7.326000213623047,2141824,2141824,yfinance,2026-07-10T06:58:07.675573+00:00
2026-06-26 16:00:00+00:00,LINK-USD,15m,7.330999851226807,7.38700008392334,7.330999851226807,7.335999965667725,5470432,5470432,yfinance,2026-07-10T06:58:07.675573+00:00
2026-06-26 16:15:00+00:00,LINK-USD,15m,7.3379998207092285,7.354000091552734,7.291999816894531,7.327000141143799,980576,980576,yfinance,2026-07-10T06:58:07.675573+00:00
2026-06-26 16:30:00+00:00,LINK-USD,15m,7.331999778747559,7.383999824523926,7.331999778747559,7.341000080108643,1181600,1181600,yfinance,2026-07-10T06:58:07.675573+00:00
2026-06-26 16:45:00+00:00,LINK-USD,15m,7.340000152587891,7.357999801635742,7.330999851226807,7.336999893188477,897184,897184,yfinance,2026-07-10T06:58:07.675573+00:00
2026-06-26 17:00:00+00:00,LINK-USD,15m,7.335000038146973,7.376999855041504,7.334000110626221,7.368000030517578,0,0,yfinance,2026-07-10T06:58:07.675573+00:00
2026-06-26 17:15:00+00:00,LINK-USD,15m,7.36899995803833,7.379000186920166,7.34499979019165,7.374000072479248,0,0,yfinance,2026-07-10T06:58:07.675573+00:00
2026-06-26 17:30:00+00:00,LINK-USD,15m,7.373000144958496,7.38100004196167,7.3420000076293945,7.364999771118164,0,0,yfinance,2026-07-10T06:58:07.675573+00:00
2026-06-26 17:45:00+00:00,LINK-USD,15m,7.367000102996826,7.376999855041504,7.3480000495910645,7.355999946594238,397504,397504,yfinance,2026-07-10T06:58:07.675573+00:00
2026-06-26 18:00:00+00:00,LINK-USD,15m,7.355999946594238,7.375999927520752,7.355000019073486,7.361000061035156,0,0,yfinance,2026-07-10T06:58:07.675573+00:00
2026-06-26 18:15:00+00:00,LINK-USD,15m,7.363999843597412,7.364999771118164,7.326000213623047,7.328999996185303,0,0,yfinance,2026-07-10T06:58:07.675573+00:00
2026-06-26 18:30:00+00:00,LINK-USD,15m,7.327000141143799,7.333000183105469,7.307000160217285,7.314000129699707,0,0,yfinance,2026-07-10T06:58:07.675573+00:00
2026-06-26 18:45:00+00:00,LINK-USD,15m,7.308000087738037,7.308000087738037,7.2769999504089355,7.2870001792907715,232160,232160,yfinance,2026-07-10T06:58:07.675573+00:00
2026-06-26 19:00:00+00:00,LINK-USD,15m,7.284999847412109,7.34499979019165,7.275000095367432,7.339000225067139,1310592,1310592,yfinance,2026-07-10T06:58:07.675573+00:00
2026-06-26 19:15:00+00:00,LINK-USD,15m,7.3379998207092285,7.3379998207092285,7.320000171661377,7.328000068664551,20096,20096,yfinance,2026-07-10T06:58:07.675573+00:00
2026-06-26 19:30:00+00:00,LINK-USD,15m,7.331999778747559,7.361999988555908,7.328999996185303,7.3520002365112305,282080,282080,yfinance,2026-07-10T06:58:07.675573+00:00
2026-06-26 19:45:00+00:00,LINK-USD,15m,7.353000164031982,7.355999946594238,7.334000110626221,7.343999862670898,908832,908832,yfinance,2026-07-10T06:58:07.675573+00:00
2026-06-26 20:00:00+00:00,LINK-USD,15m,7.326000213623047,7.373000144958496,7.326000213623047,7.3379998207092285,2504960,2504960,yfinance,2026-07-10T06:58:07.675573+00:00
2026-06-26 20:15:00+00:00,LINK-USD,15m,7.340000152587891,7.354000091552734,7.331999778747559,7.354000091552734,190656,190656,yfinance,2026-07-10T06:58:07.675573+00:00
2026-06-26 20:30:00+00:00,LINK-USD,15m,7.349999904632568,7.349999904632568,7.300000190734863,7.307000160217285,714720,714720,yfinance,2026-07-10T06:58:07.675573+00:00
2026-06-26 20:45:00+00:00,LINK-USD,15m,7.302999973297119,7.320000171661377,7.297999858856201,7.302999973297119,352704,352704,yfinance,2026-07-10T06:58:07.675573+00:00
2026-06-26 21:00:00+00:00,LINK-USD,15m,7.302999973297119,7.302999973297119,7.283999919891357,7.297999858856201,0,0,yfinance,2026-07-10T06:58:07.675573+00:00
2026-06-26 21:15:00+00:00,LINK-USD,15m,7.293000221252441,7.309999942779541,7.291999816894531,7.307000160217285,93920,93920,yfinance,2026-07-10T06:58:07.675573+00:00
2026-06-26 21:30:00+00:00,LINK-USD,15m,7.309000015258789,7.328000068664551,7.309000015258789,7.326000213623047,67104,67104,yfinance,2026-07-10T06:58:07.675573+00:00
2026-06-26 21:45:00+00:00,LINK-USD,15m,7.329999923706055,7.330999851226807,7.302000045776367,7.302000045776367,0,0,yfinance,2026-07-10T06:58:07.675573+00:00
2026-06-26 22:00:00+00:00,LINK-USD,15m,7.297999858856201,7.311999797821045,7.2789998054504395,7.302999973297119,0,0,yfinance,2026-07-10T06:58:07.675573+00:00
2026-06-26 22:15:00+00:00,LINK-USD,15m,7.302999973297119,7.304999828338623,7.289999961853027,7.296000003814697,2491424,2491424,yfinance,2026-07-10T06:58:07.675573+00:00
2026-06-26 22:30:00+00:00,LINK-USD,15m,7.296000003814697,7.321000099182129,7.2870001792907715,7.318999767303467,849184,849184,yfinance,2026-07-10T06:58:07.675573+00:00
2026-06-26 22:45:00+00:00,LINK-USD,15m,7.318999767303467,7.3470001220703125,7.309999942779541,7.3429999351501465,403040,403040,yfinance,2026-07-10T06:58:07.675573+00:00
2026-06-26 23:00:00+00:00,LINK-USD,15m,7.3429999351501465,7.359000205993652,7.341000080108643,7.357999801635742,688448,688448,yfinance,2026-07-10T06:58:07.675573+00:00
2026-06-26 23:15:00+00:00,LINK-USD,15m,7.35699987411499,7.35699987411499,7.339000225067139,7.339000225067139,570112,570112,yfinance,2026-07-10T06:58:07.675573+00:00
2026-06-26 23:30:00+00:00,LINK-USD,15m,7.3379998207092285,7.3520002365112305,7.336999893188477,7.3460001945495605,0,0,yfinance,2026-07-10T06:58:07.675573+00:00
2026-06-26 23:45:00+00:00,LINK-USD,15m,7.3470001220703125,7.3470001220703125,7.336999893188477,7.3429999351501465,465920,465920,yfinance,2026-07-10T06:58:07.675573+00:00
2026-06-27 00:00:00+00:00,LINK-USD,15m,7.3420000076293945,7.372000217437744,7.3420000076293945,7.359000205993652,213120,213120,yfinance,2026-07-10T06:58:07.675573+00:00
2026-06-27 00:15:00+00:00,LINK-USD,15m,7.359000205993652,7.359000205993652,7.341000080108643,7.3420000076293945,74208,74208,yfinance,2026-07-10T06:58:07.675573+00:00
2026-06-27 00:30:00+00:00,LINK-USD,15m,7.341000080108643,7.341000080108643,7.313000202178955,7.322000026702881,569696,569696,yfinance,2026-07-10T06:58:07.675573+00:00
2026-06-27 00:45:00+00:00,LINK-USD,15m,7.322000026702881,7.3470001220703125,7.315999984741211,7.3420000076293945,45504,45504,yfinance,2026-07-10T06:58:07.675573+00:00
2026-06-27 01:00:00+00:00,LINK-USD,15m,7.3429999351501465,7.343999862670898,7.329999923706055,7.336999893188477,11552,11552,yfinance,2026-07-10T06:58:07.675573+00:00
2026-06-27 01:15:00+00:00,LINK-USD,15m,7.335999965667725,7.348999977111816,7.334000110626221,7.3480000495910645,220416,220416,yfinance,2026-07-10T06:58:07.675573+00:00
2026-06-27 01:30:00+00:00,LINK-USD,15m,7.343999862670898,7.35099983215332,7.334000110626221,7.341000080108643,0,0,yfinance,2026-07-10T06:58:07.675573+00:00
2026-06-27 01:45:00+00:00,LINK-USD,15m,7.341000080108643,7.3480000495910645,7.336999893188477,7.34499979019165,2092064,2092064,yfinance,2026-07-10T06:58:07.675573+00:00
2026-06-27 02:00:00+00:00,LINK-USD,15m,7.34499979019165,7.373000144958496,7.3379998207092285,7.369999885559082,0,0,yfinance,2026-07-10T06:58:07.675573+00:00
2026-06-27 02:15:00+00:00,LINK-USD,15m,7.373000144958496,7.4039998054504395,7.366000175476074,7.394000053405762,0,0,yfinance,2026-07-10T06:58:07.675573+00:00
2026-06-27 02:30:00+00:00,LINK-USD,15m,7.388000011444092,7.39900016784668,7.377999782562256,7.389999866485596,0,0,yfinance,2026-07-10T06:58:07.675573+00:00
2026-06-27 02:45:00+00:00,LINK-USD,15m,7.389999866485596,7.4019999504089355,7.385000228881836,7.390999794006348,0,0,yfinance,2026-07-10T06:58:07.675573+00:00
2026-06-27 03:00:00+00:00,LINK-USD,15m,7.386000156402588,7.392000198364258,7.355000019073486,7.361000061035156,0,0,yfinance,2026-07-10T06:58:07.675573+00:00
2026-06-27 03:15:00+00:00,LINK-USD,15m,7.361000061035156,7.383999824523926,7.361000061035156,7.367000102996826,0,0,yfinance,2026-07-10T06:58:07.675573+00:00
2026-06-27 03:30:00+00:00,LINK-USD,15m,7.367000102996826,7.375,7.359000205993652,7.361000061035156,0,0,yfinance,2026-07-10T06:58:07.675573+00:00
2026-06-27 03:45:00+00:00,LINK-USD,15m,7.361999988555908,7.36299991607666,7.3520002365112305,7.355000019073486,0,0,yfinance,2026-07-10T06:58:07.675573+00:00
2026-06-27 04:00:00+00:00,LINK-USD,15m,7.35699987411499,7.385000228881836,7.355999946594238,7.376999855041504,0,0,yfinance,2026-07-10T06:58:07.675573+00:00
2026-06-27 04:15:00+00:00,LINK-USD,15m,7.376999855041504,7.386000156402588,7.369999885559082,7.369999885559082,0,0,yfinance,2026-07-10T06:58:07.675573+00:00
2026-06-27 04:30:00+00:00,LINK-USD,15m,7.369999885559082,7.380000114440918,7.366000175476074,7.369999885559082,14624,14624,yfinance,2026-07-10T06:58:07.675573+00:00
2026-06-27 04:45:00+00:00,LINK-USD,15m,7.369999885559082,7.369999885559082,7.353000164031982,7.354000091552734,30480,30480,yfinance,2026-07-10T06:58:07.675573+00:00
2026-06-27 05:00:00+00:00,LINK-USD,15m,7.355000019073486,7.36299991607666,7.3420000076293945,7.36299991607666,77040,77040,yfinance,2026-07-10T06:58:07.675573+00:00
2026-06-27 05:15:00+00:00,LINK-USD,15m,7.357999801635742,7.360000133514404,7.3420000076293945,7.3429999351501465,29904,29904,yfinance,2026-07-10T06:58:07.675573+00:00
2026-06-27 05:30:00+00:00,LINK-USD,15m,7.3420000076293945,7.3520002365112305,7.335000038146973,7.3520002365112305,0,0,yfinance,2026-07-10T06:58:07.675573+00:00
2026-06-27 05:45:00+00:00,LINK-USD,15m,7.349999904632568,7.366000175476074,7.349999904632568,7.361999988555908,0,0,yfinance,2026-07-10T06:58:07.675573+00:00
2026-06-27 06:00:00+00:00,LINK-USD,15m,7.361999988555908,7.363999843597412,7.3420000076293945,7.34499979019165,0,0,yfinance,2026-07-10T06:58:07.675573+00:00
2026-06-27 06:15:00+00:00,LINK-USD,15m,7.3460001945495605,7.357999801635742,7.3429999351501465,7.355999946594238,172512,172512,yfinance,2026-07-10T06:58:07.675573+00:00
2026-06-27 06:30:00+00:00,LINK-USD,15m,7.355999946594238,7.381999969482422,7.355000019073486,7.381999969482422,887216,887216,yfinance,2026-07-10T06:58:07.675573+00:00
2026-06-27 06:45:00+00:00,LINK-USD,15m,7.388000011444092,7.39300012588501,7.368000030517578,7.369999885559082,0,0,yfinance,2026-07-10T06:58:07.675573+00:00
2026-06-27 07:00:00+00:00,LINK-USD,15m,7.372000217437744,7.373000144958496,7.353000164031982,7.359000205993652,47552,47552,yfinance,2026-07-10T06:58:07.675573+00:00
2026-06-27 07:15:00+00:00,LINK-USD,15m,7.35699987411499,7.379000186920166,7.35699987411499,7.375,1698288,1698288,yfinance,2026-07-10T06:58:07.675573+00:00
2026-06-27 07:30:00+00:00,LINK-USD,15m,7.374000072479248,7.374000072479248,7.367000102996826,7.36899995803833,0,0,yfinance,2026-07-10T06:58:07.675573+00:00
2026-06-27 07:45:00+00:00,LINK-USD,15m,7.372000217437744,7.382999897003174,7.369999885559082,7.373000144958496,85072,85072,yfinance,2026-07-10T06:58:07.675573+00:00
2026-06-27 08:00:00+00:00,LINK-USD,15m,7.375,7.375,7.363999843597412,7.367000102996826,0,0,yfinance,2026-07-10T06:58:07.675573+00:00
2026-06-27 08:15:00+00:00,LINK-USD,15m,7.368000030517578,7.375,7.361000061035156,7.364999771118164,38624,38624,yfinance,2026-07-10T06:58:07.675573+00:00
2026-06-27 08:30:00+00:00,LINK-USD,15m,7.36299991607666,7.368000030517578,7.349999904632568,7.3520002365112305,70016,70016,yfinance,2026-07-10T06:58:07.675573+00:00
2026-06-27 08:45:00+00:00,LINK-USD,15m,7.3520002365112305,7.369999885559082,7.3520002365112305,7.36299991607666,0,0,yfinance,2026-07-10T06:58:07.675573+00:00
2026-06-27 09:00:00+00:00,LINK-USD,15m,7.363999843597412,7.366000175476074,7.3470001220703125,7.3480000495910645,308608,308608,yfinance,2026-07-10T06:58:07.675573+00:00
2026-06-27 09:15:00+00:00,LINK-USD,15m,7.3460001945495605,7.3470001220703125,7.333000183105469,7.339000225067139,2892480,2892480,yfinance,2026-07-10T06:58:07.675573+00:00
2026-06-27 09:30:00+00:00,LINK-USD,15m,7.339000225067139,7.3520002365112305,7.339000225067139,7.3520002365112305,687392,687392,yfinance,2026-07-10T06:58:07.675573+00:00
2026-06-27 09:45:00+00:00,LINK-USD,15m,7.3520002365112305,7.370999813079834,7.3520002365112305,7.369999885559082,0,0,yfinance,2026-07-10T06:58:07.675573+00:00
2026-06-27 10:00:00+00:00,LINK-USD,15m,7.366000175476074,7.370999813079834,7.3520002365112305,7.354000091552734,6080,6080,yfinance,2026-07-10T06:58:07.675573+00:00
2026-06-27 10:15:00+00:00,LINK-USD,15m,7.353000164031982,7.355999946594238,7.3470001220703125,7.35099983215332,265136,265136,yfinance,2026-07-10T06:58:07.675573+00:00
2026-06-27 10:30:00+00:00,LINK-USD,15m,7.35099983215332,7.357999801635742,7.34499979019165,7.348999977111816,0,0,yfinance,2026-07-10T06:58:07.675573+00:00
2026-06-27 10:45:00+00:00,LINK-USD,15m,7.348999977111816,7.357999801635742,7.348999977111816,7.35699987411499,42960,42960,yfinance,2026-07-10T06:58:07.675573+00:00
2026-06-27 11:00:00+00:00,LINK-USD,15m,7.35699987411499,7.35699987411499,7.335999965667725,7.3460001945495605,4688,4688,yfinance,2026-07-10T06:58:07.675573+00:00
2026-06-27 11:15:00+00:00,LINK-USD,15m,7.343999862670898,7.343999862670898,7.320000171661377,7.322999954223633,9888,9888,yfinance,2026-07-10T06:58:07.675573+00:00
2026-06-27 11:30:00+00:00,LINK-USD,15m,7.322999954223633,7.330999851226807,7.320000171661377,7.328000068664551,185776,185776,yfinance,2026-07-10T06:58:07.675573+00:00
2026-06-27 11:45:00+00:00,LINK-USD,15m,7.331999778747559,7.3470001220703125,7.331999778747559,7.3460001945495605,37024,37024,yfinance,2026-07-10T06:58:07.675573+00:00
2026-06-27 12:00:00+00:00,LINK-USD,15m,7.34499979019165,7.3480000495910645,7.329999923706055,7.334000110626221,0,0,yfinance,2026-07-10T06:58:07.675573+00:00
2026-06-27 12:15:00+00:00,LINK-USD,15m,7.335000038146973,7.3480000495910645,7.335000038146973,7.340000152587891,0,0,yfinance,2026-07-10T06:58:07.675573+00:00
2026-06-27 12:30:00+00:00,LINK-USD,15m,7.340000152587891,7.349999904632568,7.335000038146973,7.349999904632568,0,0,yfinance,2026-07-10T06:58:07.675573+00:00
2026-06-27 12:45:00+00:00,LINK-USD,15m,7.349999904632568,7.36299991607666,7.34499979019165,7.361999988555908,0,0,yfinance,2026-07-10T06:58:07.675573+00:00
2026-06-27 13:00:00+00:00,LINK-USD,15m,7.36299991607666,7.370999813079834,7.357999801635742,7.369999885559082,0,0,yfinance,2026-07-10T06:58:07.675573+00:00
2026-06-27 13:15:00+00:00,LINK-USD,15m,7.368000030517578,7.374000072479248,7.363999843597412,7.364999771118164,0,0,yfinance,2026-07-10T06:58:07.675573+00:00
2026-06-27 13:30:00+00:00,LINK-USD,15m,7.364999771118164,7.381999969482422,7.36299991607666,7.381999969482422,0,0,yfinance,2026-07-10T06:58:07.675573+00:00
2026-06-27 13:45:00+00:00,LINK-USD,15m,7.380000114440918,7.382999897003174,7.374000072479248,7.38100004196167,0,0,yfinance,2026-07-10T06:58:07.675573+00:00
2026-06-27 14:00:00+00:00,LINK-USD,15m,7.380000114440918,7.4120001792907715,7.372000217437744,7.4070000648498535,0,0,yfinance,2026-07-10T06:58:07.675573+00:00
2026-06-27 14:15:00+00:00,LINK-USD,15m,7.4019999504089355,7.40500020980835,7.394000053405762,7.4019999504089355,0,0,yfinance,2026-07-10T06:58:07.675573+00:00
2026-06-27 14:30:00+00:00,LINK-USD,15m,7.400000095367432,7.406000137329102,7.390999794006348,7.4019999504089355,0,0,yfinance,2026-07-10T06:58:07.675573+00:00
2026-06-27 14:45:00+00:00,LINK-USD,15m,7.400000095367432,7.406000137329102,7.396999835968018,7.400000095367432,0,0,yfinance,2026-07-10T06:58:07.675573+00:00
2026-06-27 15:00:00+00:00,LINK-USD,15m,7.4019999504089355,7.451000213623047,7.400000095367432,7.445000171661377,0,0,yfinance,2026-07-10T06:58:07.675573+00:00
2026-06-27 15:15:00+00:00,LINK-USD,15m,7.443999767303467,7.446000099182129,7.421000003814697,7.436999797821045,1758720,1758720,yfinance,2026-07-10T06:58:07.675573+00:00
2026-06-27 15:30:00+00:00,LINK-USD,15m,7.439000129699707,7.464000225067139,7.433000087738037,7.443999767303467,0,0,yfinance,2026-07-10T06:58:07.675573+00:00
2026-06-27 15:45:00+00:00,LINK-USD,15m,7.443999767303467,7.447999954223633,7.431000232696533,7.445000171661377,0,0,yfinance,2026-07-10T06:58:07.675573+00:00
2026-06-27 16:00:00+00:00,LINK-USD,15m,7.443999767303467,7.455999851226807,7.434000015258789,7.435999870300293,0,0,yfinance,2026-07-10T06:58:07.675573+00:00
2026-06-27 16:15:00+00:00,LINK-USD,15m,7.435999870300293,7.435999870300293,7.423999786376953,7.431000232696533,0,0,yfinance,2026-07-10T06:58:07.675573+00:00
2026-06-27 16:30:00+00:00,LINK-USD,15m,7.432000160217285,7.440999984741211,7.431000232696533,7.436999797821045,0,0,yfinance,2026-07-10T06:58:07.675573+00:00
2026-06-27 16:45:00+00:00,LINK-USD,15m,7.436999797821045,7.446000099182129,7.427000045776367,7.440000057220459,0,0,yfinance,2026-07-10T06:58:07.675573+00:00
2026-06-27 17:00:00+00:00,LINK-USD,15m,7.436999797821045,7.440999984741211,7.35699987411499,7.388000011444092,2442752,2442752,yfinance,2026-07-10T06:58:07.675573+00:00
2026-06-27 17:15:00+00:00,LINK-USD,15m,7.388999938964844,7.388999938964844,7.372000217437744,7.380000114440918,0,0,yfinance,2026-07-10T06:58:07.675573+00:00
2026-06-27 17:30:00+00:00,LINK-USD,15m,7.381999969482422,7.386000156402588,7.369999885559082,7.380000114440918,66288,66288,yfinance,2026-07-10T06:58:07.675573+00:00
2026-06-27 17:45:00+00:00,LINK-USD,15m,7.377999782562256,7.385000228881836,7.367000102996826,7.367000102996826,18192,18192,yfinance,2026-07-10T06:58:07.675573+00:00
2026-06-27 18:00:00+00:00,LINK-USD,15m,7.367000102996826,7.372000217437744,7.35099983215332,7.363999843597412,30160,30160,yfinance,2026-07-10T06:58:07.675573+00:00
2026-06-27 18:15:00+00:00,LINK-USD,15m,7.367000102996826,7.372000217437744,7.353000164031982,7.366000175476074,93728,93728,yfinance,2026-07-10T06:58:07.675573+00:00
2026-06-27 18:30:00+00:00,LINK-USD,15m,7.364999771118164,7.373000144958496,7.364999771118164,7.36899995803833,0,0,yfinance,2026-07-10T06:58:07.675573+00:00
2026-06-27 18:45:00+00:00,LINK-USD,15m,7.36899995803833,7.377999782562256,7.363999843597412,7.375999927520752,0,0,yfinance,2026-07-10T06:58:07.675573+00:00
2026-06-27 19:00:00+00:00,LINK-USD,15m,7.375999927520752,7.388999938964844,7.375999927520752,7.381999969482422,0,0,yfinance,2026-07-10T06:58:07.675573+00:00
2026-06-27 19:15:00+00:00,LINK-USD,15m,7.381999969482422,7.381999969482422,7.315999984741211,7.334000110626221,403440,403440,yfinance,2026-07-10T06:58:07.675573+00:00
2026-06-27 19:30:00+00:00,LINK-USD,15m,7.334000110626221,7.334000110626221,7.296000003814697,7.315999984741211,593472,593472,yfinance,2026-07-10T06:58:07.675573+00:00
2026-06-27 19:45:00+00:00,LINK-USD,15m,7.313000202178955,7.322999954223633,7.309999942779541,7.313000202178955,0,0,yfinance,2026-07-10T06:58:07.675573+00:00
2026-06-27 20:00:00+00:00,LINK-USD,15m,7.313000202178955,7.329999923706055,7.313000202178955,7.328999996185303,0,0,yfinance,2026-07-10T06:58:07.675573+00:00
2026-06-27 20:15:00+00:00,LINK-USD,15m,7.328999996185303,7.335000038146973,7.322999954223633,7.322999954223633,29008,29008,yfinance,2026-07-10T06:58:07.675573+00:00
2026-06-27 20:30:00+00:00,LINK-USD,15m,7.322999954223633,7.328999996185303,7.315000057220459,7.315000057220459,0,0,yfinance,2026-07-10T06:58:07.675573+00:00
2026-06-27 20:45:00+00:00,LINK-USD,15m,7.315999984741211,7.324999809265137,7.315999984741211,7.324999809265137,40912,40912,yfinance,2026-07-10T06:58:07.675573+00:00
2026-06-27 21:00:00+00:00,LINK-USD,15m,7.327000141143799,7.333000183105469,7.322000026702881,7.328999996185303,0,0,yfinance,2026-07-10T06:58:07.675573+00:00
2026-06-27 21:15:00+00:00,LINK-USD,15m,7.328000068664551,7.333000183105469,7.321000099182129,7.327000141143799,571520,571520,yfinance,2026-07-10T06:58:07.675573+00:00
2026-06-27 21:30:00+00:00,LINK-USD,15m,7.327000141143799,7.328999996185303,7.291999816894531,7.291999816894531,765440,765440,yfinance,2026-07-10T06:58:07.675573+00:00
2026-06-27 21:45:00+00:00,LINK-USD,15m,7.294000148773193,7.301000118255615,7.284999847412109,7.295000076293945,201680,201680,yfinance,2026-07-10T06:58:07.675573+00:00
2026-06-27 22:00:00+00:00,LINK-USD,15m,7.293000221252441,7.295000076293945,7.2779998779296875,7.288000106811523,135536,135536,yfinance,2026-07-10T06:58:07.675573+00:00
2026-06-27 22:15:00+00:00,LINK-USD,15m,7.285999774932861,7.288000106811523,7.23799991607666,7.283999919891357,1079616,1079616,yfinance,2026-07-10T06:58:07.675573+00:00
2026-06-27 22:30:00+00:00,LINK-USD,15m,7.284999847412109,7.309999942779541,7.283999919891357,7.297999858856201,649968,649968,yfinance,2026-07-10T06:58:07.675573+00:00
2026-06-27 22:45:00+00:00,LINK-USD,15m,7.298999786376953,7.315999984741211,7.294000148773193,7.315000057220459,0,0,yfinance,2026-07-10T06:58:07.675573+00:00
2026-06-27 23:00:00+00:00,LINK-USD,15m,7.315999984741211,7.323999881744385,7.288000106811523,7.289999961853027,0,0,yfinance,2026-07-10T06:58:07.675573+00:00
2026-06-27 23:15:00+00:00,LINK-USD,15m,7.289000034332275,7.297999858856201,7.28000020980835,7.2829999923706055,207792,207792,yfinance,2026-07-10T06:58:07.675573+00:00
2026-06-27 23:30:00+00:00,LINK-USD,15m,7.2829999923706055,7.295000076293945,7.2789998054504395,7.291999816894531,104736,104736,yfinance,2026-07-10T06:58:07.675573+00:00
2026-06-27 23:45:00+00:00,LINK-USD,15m,7.291999816894531,7.294000148773193,7.284999847412109,7.2870001792907715,150288,150288,yfinance,2026-07-10T06:58:07.675573+00:00
2026-06-28 00:00:00+00:00,LINK-USD,15m,7.284999847412109,7.297999858856201,7.28000020980835,7.295000076293945,709072,709072,yfinance,2026-07-10T06:58:07.675573+00:00
2026-06-28 00:15:00+00:00,LINK-USD,15m,7.295000076293945,7.307000160217285,7.294000148773193,7.306000232696533,14832,14832,yfinance,2026-07-10T06:58:07.675573+00:00
2026-06-28 00:30:00+00:00,LINK-USD,15m,7.306000232696533,7.306000232696533,7.293000221252441,7.302999973297119,0,0,yfinance,2026-07-10T06:58:07.675573+00:00
2026-06-28 00:45:00+00:00,LINK-USD,15m,7.303999900817871,7.304999828338623,7.284999847412109,7.285999774932861,0,0,yfinance,2026-07-10T06:58:07.675573+00:00
2026-06-28 01:00:00+00:00,LINK-USD,15m,7.285999774932861,7.288000106811523,7.27400016784668,7.2769999504089355,636624,636624,yfinance,2026-07-10T06:58:07.675573+00:00
2026-06-28 01:15:00+00:00,LINK-USD,15m,7.2779998779296875,7.296000003814697,7.276000022888184,7.283999919891357,375696,375696,yfinance,2026-07-10T06:58:07.675573+00:00
2026-06-28 01:30:00+00:00,LINK-USD,15m,7.288000106811523,7.295000076293945,7.2820000648498535,7.293000221252441,653600,653600,yfinance,2026-07-10T06:58:07.675573+00:00
2026-06-28 01:45:00+00:00,LINK-USD,15m,7.293000221252441,7.293000221252441,7.2829999923706055,7.2829999923706055,772192,772192,yfinance,2026-07-10T06:58:07.675573+00:00
2026-06-28 02:00:00+00:00,LINK-USD,15m,7.2870001792907715,7.302999973297119,7.2870001792907715,7.298999786376953,0,0,yfinance,2026-07-10T06:58:07.675573+00:00
2026-06-28 02:15:00+00:00,LINK-USD,15m,7.301000118255615,7.306000232696533,7.261000156402588,7.271999835968018,0,0,yfinance,2026-07-10T06:58:07.675573+00:00
2026-06-28 02:30:00+00:00,LINK-USD,15m,7.271999835968018,7.275000095367432,7.264999866485596,7.265999794006348,0,0,yfinance,2026-07-10T06:58:07.675573+00:00
2026-06-28 02:45:00+00:00,LINK-USD,15m,7.269000053405762,7.275000095367432,7.261000156402588,7.267000198364258,935648,935648,yfinance,2026-07-10T06:58:07.675573+00:00
2026-06-28 03:00:00+00:00,LINK-USD,15m,7.269999980926514,7.296999931335449,7.269999980926514,7.291999816894531,0,0,yfinance,2026-07-10T06:58:07.675573+00:00
2026-06-28 03:15:00+00:00,LINK-USD,15m,7.2870001792907715,7.290999889373779,7.28000020980835,7.289999961853027,0,0,yfinance,2026-07-10T06:58:07.675573+00:00
2026-06-28 03:30:00+00:00,LINK-USD,15m,7.290999889373779,7.294000148773193,7.2789998054504395,7.283999919891357,0,0,yfinance,2026-07-10T06:58:07.675573+00:00
2026-06-28 03:45:00+00:00,LINK-USD,15m,7.284999847412109,7.298999786376953,7.283999919891357,7.296999931335449,0,0,yfinance,2026-07-10T06:58:07.675573+00:00
2026-06-28 04:00:00+00:00,LINK-USD,15m,7.296000003814697,7.296999931335449,7.284999847412109,7.289000034332275,0,0,yfinance,2026-07-10T06:58:07.675573+00:00
2026-06-28 04:15:00+00:00,LINK-USD,15m,7.289999961853027,7.293000221252441,7.281000137329102,7.283999919891357,0,0,yfinance,2026-07-10T06:58:07.675573+00:00
2026-06-28 04:30:00+00:00,LINK-USD,15m,7.281000137329102,7.295000076293945,7.26800012588501,7.294000148773193,3005472,3005472,yfinance,2026-07-10T06:58:07.675573+00:00
2026-06-28 04:45:00+00:00,LINK-USD,15m,7.295000076293945,7.300000190734863,7.2829999923706055,7.284999847412109,658976,658976,yfinance,2026-07-10T06:58:07.675573+00:00
2026-06-28 05:00:00+00:00,LINK-USD,15m,7.283999919891357,7.283999919891357,7.258999824523926,7.267000198364258,59504,59504,yfinance,2026-07-10T06:58:07.675573+00:00
2026-06-28 05:15:00+00:00,LINK-USD,15m,7.267000198364258,7.269999980926514,7.236999988555908,7.238999843597412,110432,110432,yfinance,2026-07-10T06:58:07.675573+00:00
2026-06-28 05:30:00+00:00,LINK-USD,15m,7.236999988555908,7.254000186920166,7.230999946594238,7.249000072479248,262016,262016,yfinance,2026-07-10T06:58:07.675573+00:00
2026-06-28 05:45:00+00:00,LINK-USD,15m,7.249000072479248,7.26200008392334,7.248000144958496,7.256999969482422,50736,50736,yfinance,2026-07-10T06:58:07.675573+00:00
2026-06-28 06:00:00+00:00,LINK-USD,15m,7.256999969482422,7.257999897003174,7.21999979019165,7.21999979019165,0,0,yfinance,2026-07-10T06:58:07.675573+00:00
2026-06-28 06:15:00+00:00,LINK-USD,15m,7.2230000495910645,7.232999801635742,7.211999893188477,7.2270002365112305,1282656,1282656,yfinance,2026-07-10T06:58:07.675573+00:00
2026-06-28 06:30:00+00:00,LINK-USD,15m,7.238999843597412,7.247000217437744,7.232999801635742,7.241000175476074,1995984,1995984,yfinance,2026-07-10T06:58:07.675573+00:00
2026-06-28 06:45:00+00:00,LINK-USD,15m,7.239999771118164,7.255000114440918,7.236999988555908,7.245999813079834,94160,94160,yfinance,2026-07-10T06:58:07.675573+00:00
2026-06-28 07:00:00+00:00,LINK-USD,15m,7.245999813079834,7.28000020980835,7.245999813079834,7.275000095367432,97824,97824,yfinance,2026-07-10T06:58:07.675573+00:00
2026-06-28 07:15:00+00:00,LINK-USD,15m,7.2729997634887695,7.27400016784668,7.26800012588501,7.26800012588501,0,0,yfinance,2026-07-10T06:58:07.675573+00:00
2026-06-28 07:30:00+00:00,LINK-USD,15m,7.26800012588501,7.291999816894531,7.267000198364258,7.2870001792907715,607472,607472,yfinance,2026-07-10T06:58:07.675573+00:00
2026-06-28 07:45:00+00:00,LINK-USD,15m,7.2870001792907715,7.294000148773193,7.283999919891357,7.293000221252441,0,0,yfinance,2026-07-10T06:58:07.675573+00:00
2026-06-28 08:00:00+00:00,LINK-USD,15m,7.291999816894531,7.306000232696533,7.284999847412109,7.289999961853027,919504,919504,yfinance,2026-07-10T06:58:07.675573+00:00
2026-06-28 08:15:00+00:00,LINK-USD,15m,7.289000034332275,7.295000076293945,7.283999919891357,7.285999774932861,18496,18496,yfinance,2026-07-10T06:58:07.675573+00:00
2026-06-28 08:30:00+00:00,LINK-USD,15m,7.285999774932861,7.3460001945495605,7.285999774932861,7.326000213623047,942144,942144,yfinance,2026-07-10T06:58:07.675573+00:00
2026-06-28 08:45:00+00:00,LINK-USD,15m,7.323999881744385,7.333000183105469,7.315999984741211,7.315999984741211,208992,208992,yfinance,2026-07-10T06:58:07.675573+00:00
2026-06-28 09:00:00+00:00,LINK-USD,15m,7.318999767303467,7.335999965667725,7.308000087738037,7.324999809265137,7056,7056,yfinance,2026-07-10T06:58:07.675573+00:00
2026-06-28 09:15:00+00:00,LINK-USD,15m,7.324999809265137,7.327000141143799,7.315000057220459,7.315999984741211,0,0,yfinance,2026-07-10T06:58:07.675573+00:00
2026-06-28 09:30:00+00:00,LINK-USD,15m,7.315999984741211,7.324999809265137,7.313000202178955,7.322999954223633,0,0,yfinance,2026-07-10T06:58:07.675573+00:00
2026-06-28 09:45:00+00:00,LINK-USD,15m,7.324999809265137,7.324999809265137,7.281000137329102,7.2829999923706055,1621264,1621264,yfinance,2026-07-10T06:58:07.675573+00:00
2026-06-28 10:00:00+00:00,LINK-USD,15m,7.2829999923706055,7.302000045776367,7.276000022888184,7.296000003814697,47632,47632,yfinance,2026-07-10T06:58:07.675573+00:00
2026-06-28 10:15:00+00:00,LINK-USD,15m,7.293000221252441,7.294000148773193,7.239999771118164,7.243000030517578,4402784,4402784,yfinance,2026-07-10T06:58:07.675573+00:00
2026-06-28 10:30:00+00:00,LINK-USD,15m,7.24399995803833,7.248000144958496,7.2220001220703125,7.224999904632568,3498416,3498416,yfinance,2026-07-10T06:58:07.675573+00:00
2026-06-28 10:45:00+00:00,LINK-USD,15m,7.228000164031982,7.238999843597412,7.228000164031982,7.236999988555908,935520,935520,yfinance,2026-07-10T06:58:07.675573+00:00
2026-06-28 11:00:00+00:00,LINK-USD,15m,7.241000175476074,7.252999782562256,7.230000019073486,7.235000133514404,55616,55616,yfinance,2026-07-10T06:58:07.675573+00:00
2026-06-28 11:15:00+00:00,LINK-USD,15m,7.235000133514404,7.271999835968018,7.230000019073486,7.26800012588501,2339888,2339888,yfinance,2026-07-10T06:58:07.675573+00:00
2026-06-28 11:30:00+00:00,LINK-USD,15m,7.26800012588501,7.27400016784668,7.255000114440918,7.27400016784668,464928,464928,yfinance,2026-07-10T06:58:07.675573+00:00
2026-06-28 11:45:00+00:00,LINK-USD,15m,7.2769999504089355,7.2820000648498535,7.263999938964844,7.2789998054504395,0,0,yfinance,2026-07-10T06:58:07.675573+00:00
2026-06-28 12:00:00+00:00,LINK-USD,15m,7.2789998054504395,7.2870001792907715,7.269000053405762,7.271999835968018,103808,103808,yfinance,2026-07-10T06:58:07.675573+00:00
2026-06-28 12:15:00+00:00,LINK-USD,15m,7.271999835968018,7.288000106811523,7.251999855041504,7.288000106811523,0,0,yfinance,2026-07-10T06:58:07.675573+00:00
2026-06-28 12:30:00+00:00,LINK-USD,15m,7.285999774932861,7.301000118255615,7.263000011444092,7.267000198364258,536368,536368,yfinance,2026-07-10T06:58:07.675573+00:00
2026-06-28 12:45:00+00:00,LINK-USD,15m,7.269000053405762,7.281000137329102,7.267000198364258,7.2779998779296875,30896,30896,yfinance,2026-07-10T06:58:07.675573+00:00
2026-06-28 13:00:00+00:00,LINK-USD,15m,7.276000022888184,7.276000022888184,7.230999946594238,7.257999897003174,1126960,1126960,yfinance,2026-07-10T06:58:07.675573+00:00
2026-06-28 13:15:00+00:00,LINK-USD,15m,7.257999897003174,7.26200008392334,7.249000072479248,7.255000114440918,1707280,1707280,yfinance,2026-07-10T06:58:07.675573+00:00
2026-06-28 13:30:00+00:00,LINK-USD,15m,7.254000186920166,7.263999938964844,7.244999885559082,7.263999938964844,186896,186896,yfinance,2026-07-10T06:58:07.675573+00:00
2026-06-28 13:45:00+00:00,LINK-USD,15m,7.263000011444092,7.263000011444092,7.245999813079834,7.25,36608,36608,yfinance,2026-07-10T06:58:07.675573+00:00
2026-06-28 14:00:00+00:00,LINK-USD,15m,7.25,7.27400016784668,7.248000144958496,7.271999835968018,210000,210000,yfinance,2026-07-10T06:58:07.675573+00:00
2026-06-28 14:15:00+00:00,LINK-USD,15m,7.271999835968018,7.302000045776367,7.26800012588501,7.291999816894531,1906288,1906288,yfinance,2026-07-10T06:58:07.675573+00:00
2026-06-28 14:30:00+00:00,LINK-USD,15m,7.290999889373779,7.300000190734863,7.283999919891357,7.288000106811523,876912,876912,yfinance,2026-07-10T06:58:07.675573+00:00
2026-06-28 14:45:00+00:00,LINK-USD,15m,7.288000106811523,7.303999900817871,7.281000137329102,7.2820000648498535,1015056,1015056,yfinance,2026-07-10T06:58:07.675573+00:00
2026-06-28 15:00:00+00:00,LINK-USD,15m,7.2820000648498535,7.311999797821045,7.276000022888184,7.302999973297119,1397808,1397808,yfinance,2026-07-10T06:58:07.675573+00:00
2026-06-28 15:15:00+00:00,LINK-USD,15m,7.302000045776367,7.313000202178955,7.288000106811523,7.303999900817871,314464,314464,yfinance,2026-07-10T06:58:07.675573+00:00
2026-06-28 15:30:00+00:00,LINK-USD,15m,7.302999973297119,7.321000099182129,7.283999919891357,7.291999816894531,1091680,1091680,yfinance,2026-07-10T06:58:07.675573+00:00
2026-06-28 15:45:00+00:00,LINK-USD,15m,7.289000034332275,7.307000160217285,7.276000022888184,7.304999828338623,410016,410016,yfinance,2026-07-10T06:58:07.675573+00:00
2026-06-28 16:00:00+00:00,LINK-USD,15m,7.306000232696533,7.309000015258789,7.2829999923706055,7.288000106811523,146064,146064,yfinance,2026-07-10T06:58:07.675573+00:00
2026-06-28 16:15:00+00:00,LINK-USD,15m,7.2870001792907715,7.294000148773193,7.258999824523926,7.264999866485596,594464,594464,yfinance,2026-07-10T06:58:07.675573+00:00
2026-06-28 16:30:00+00:00,LINK-USD,15m,7.265999794006348,7.267000198364258,7.2179999351501465,7.21999979019165,3072752,3072752,yfinance,2026-07-10T06:58:07.675573+00:00
2026-06-28 16:45:00+00:00,LINK-USD,15m,7.2220001220703125,7.236999988555908,7.2170000076293945,7.236000061035156,841424,841424,yfinance,2026-07-10T06:58:07.675573+00:00
2026-06-28 17:00:00+00:00,LINK-USD,15m,7.236000061035156,7.264999866485596,7.2210001945495605,7.235000133514404,0,0,yfinance,2026-07-10T06:58:07.675573+00:00
2026-06-28 17:15:00+00:00,LINK-USD,15m,7.234000205993652,7.236999988555908,7.215000152587891,7.216000080108643,1571840,1571840,yfinance,2026-07-10T06:58:07.675573+00:00
2026-06-28 17:30:00+00:00,LINK-USD,15m,7.2170000076293945,7.23199987411499,7.199999809265137,7.229000091552734,861088,861088,yfinance,2026-07-10T06:58:07.675573+00:00
2026-06-28 17:45:00+00:00,LINK-USD,15m,7.229000091552734,7.247000217437744,7.224999904632568,7.243000030517578,629072,629072,yfinance,2026-07-10T06:58:07.675573+00:00
2026-06-28 18:00:00+00:00,LINK-USD,15m,7.24399995803833,7.256999969482422,7.242000102996826,7.24399995803833,106640,106640,yfinance,2026-07-10T06:58:07.675573+00:00
2026-06-28 18:15:00+00:00,LINK-USD,15m,7.24399995803833,7.24399995803833,7.2230000495910645,7.223999977111816,169200,169200,yfinance,2026-07-10T06:58:07.675573+00:00
2026-06-28 18:30:00+00:00,LINK-USD,15m,7.22599983215332,7.230999946594238,7.216000080108643,7.224999904632568,1024496,1024496,yfinance,2026-07-10T06:58:07.675573+00:00
2026-06-28 18:45:00+00:00,LINK-USD,15m,7.2230000495910645,7.241000175476074,7.216000080108643,7.239999771118164,806336,806336,yfinance,2026-07-10T06:58:07.675573+00:00
2026-06-28 19:00:00+00:00,LINK-USD,15m,7.238999843597412,7.239999771118164,7.214000225067139,7.2210001945495605,206608,206608,yfinance,2026-07-10T06:58:07.675573+00:00
2026-06-28 19:15:00+00:00,LINK-USD,15m,7.2220001220703125,7.229000091552734,7.216000080108643,7.228000164031982,306560,306560,yfinance,2026-07-10T06:58:07.675573+00:00
2026-06-28 19:30:00+00:00,LINK-USD,15m,7.229000091552734,7.25600004196167,7.215000152587891,7.2179999351501465,0,0,yfinance,2026-07-10T06:58:07.675573+00:00
2026-06-28 19:45:00+00:00,LINK-USD,15m,7.2179999351501465,7.2210001945495605,7.189000129699707,7.218999862670898,1489216,1489216,yfinance,2026-07-10T06:58:07.675573+00:00
2026-06-28 20:00:00+00:00,LINK-USD,15m,7.2170000076293945,7.242000102996826,7.215000152587891,7.238999843597412,411408,411408,yfinance,2026-07-10T06:58:07.675573+00:00
2026-06-28 20:15:00+00:00,LINK-USD,15m,7.23799991607666,7.267000198364258,7.236000061035156,7.251999855041504,590848,590848,yfinance,2026-07-10T06:58:07.675573+00:00
2026-06-28 20:30:00+00:00,LINK-USD,15m,7.250999927520752,7.252999782562256,7.23799991607666,7.23799991607666,190464,190464,yfinance,2026-07-10T06:58:07.675573+00:00
2026-06-28 20:45:00+00:00,LINK-USD,15m,7.238999843597412,7.245999813079834,7.23199987411499,7.238999843597412,420272,420272,yfinance,2026-07-10T06:58:07.675573+00:00
2026-06-28 21:00:00+00:00,LINK-USD,15m,7.239999771118164,7.24399995803833,7.230999946594238,7.238999843597412,1153216,1153216,yfinance,2026-07-10T06:58:07.675573+00:00
2026-06-28 21:15:00+00:00,LINK-USD,15m,7.23799991607666,7.23799991607666,7.208000183105469,7.210000038146973,2752432,2752432,yfinance,2026-07-10T06:58:07.675573+00:00
2026-06-28 21:30:00+00:00,LINK-USD,15m,7.209000110626221,7.216000080108643,7.206999778747559,7.209000110626221,330240,330240,yfinance,2026-07-10T06:58:07.675573+00:00
2026-06-28 21:45:00+00:00,LINK-USD,15m,7.209000110626221,7.210999965667725,7.160999774932861,7.182000160217285,877056,877056,yfinance,2026-07-10T06:58:07.675573+00:00
2026-06-28 22:00:00+00:00,LINK-USD,15m,7.184000015258789,7.260000228881836,7.184000015258789,7.23199987411499,1246144,1246144,yfinance,2026-07-10T06:58:07.675573+00:00
2026-06-28 22:15:00+00:00,LINK-USD,15m,7.23199987411499,7.236999988555908,7.183000087738037,7.209000110626221,209008,209008,yfinance,2026-07-10T06:58:07.675573+00:00
2026-06-28 22:30:00+00:00,LINK-USD,15m,7.2170000076293945,7.2230000495910645,7.189000129699707,7.190000057220459,31728,31728,yfinance,2026-07-10T06:58:07.675573+00:00
2026-06-28 22:45:00+00:00,LINK-USD,15m,7.192999839782715,7.208000183105469,7.1539998054504395,7.185999870300293,2888944,2888944,yfinance,2026-07-10T06:58:07.675573+00:00
2026-06-28 23:00:00+00:00,LINK-USD,15m,7.178999900817871,7.2210001945495605,7.176000118255615,7.197999954223633,634960,634960,yfinance,2026-07-10T06:58:07.675573+00:00
2026-06-28 23:15:00+00:00,LINK-USD,15m,7.198999881744385,7.239999771118164,7.192999839782715,7.232999801635742,156480,156480,yfinance,2026-07-10T06:58:07.675573+00:00
2026-06-28 23:30:00+00:00,LINK-USD,15m,7.230999946594238,7.2829999923706055,7.230999946594238,7.265999794006348,580944,580944,yfinance,2026-07-10T06:58:07.675573+00:00
2026-06-28 23:45:00+00:00,LINK-USD,15m,7.26800012588501,7.2789998054504395,7.255000114440918,7.256999969482422,840192,840192,yfinance,2026-07-10T06:58:07.675573+00:00
2026-06-29 00:00:00+00:00,LINK-USD,15m,7.256999969482422,7.271999835968018,7.216000080108643,7.255000114440918,1016608,1016608,yfinance,2026-07-10T06:58:07.675573+00:00
2026-06-29 00:15:00+00:00,LINK-USD,15m,7.251999855041504,7.25600004196167,7.210000038146973,7.210000038146973,990976,990976,yfinance,2026-07-10T06:58:07.675573+00:00
2026-06-29 00:30:00+00:00,LINK-USD,15m,7.208000183105469,7.236999988555908,7.181000232696533,7.234000205993652,2380912,2380912,yfinance,2026-07-10T06:58:07.675573+00:00
2026-06-29 00:45:00+00:00,LINK-USD,15m,7.230000019073486,7.269999980926514,7.203000068664551,7.265999794006348,954160,954160,yfinance,2026-07-10T06:58:07.675573+00:00
2026-06-29 01:00:00+00:00,LINK-USD,15m,7.269999980926514,7.269999980926514,7.238999843597412,7.24399995803833,545472,545472,yfinance,2026-07-10T06:58:07.675573+00:00
2026-06-29 01:15:00+00:00,LINK-USD,15m,7.242000102996826,7.248000144958496,7.216000080108643,7.218999862670898,249760,249760,yfinance,2026-07-10T06:58:07.675573+00:00
2026-06-29 01:30:00+00:00,LINK-USD,15m,7.216000080108643,7.261000156402588,7.208000183105469,7.255000114440918,277664,277664,yfinance,2026-07-10T06:58:07.675573+00:00
2026-06-29 01:45:00+00:00,LINK-USD,15m,7.258999824523926,7.265999794006348,7.245999813079834,7.247000217437744,641760,641760,yfinance,2026-07-10T06:58:07.675573+00:00
2026-06-29 02:00:00+00:00,LINK-USD,15m,7.245999813079834,7.258999824523926,7.170000076293945,7.181000232696533,119136,119136,yfinance,2026-07-10T06:58:07.675573+00:00
2026-06-29 02:15:00+00:00,LINK-USD,15m,7.186999797821045,7.26800012588501,7.176000118255615,7.263000011444092,2814464,2814464,yfinance,2026-07-10T06:58:07.675573+00:00
2026-06-29 02:30:00+00:00,LINK-USD,15m,7.26200008392334,7.289000034332275,7.25600004196167,7.283999919891357,1323200,1323200,yfinance,2026-07-10T06:58:07.675573+00:00
2026-06-29 02:45:00+00:00,LINK-USD,15m,7.283999919891357,7.294000148773193,7.28000020980835,7.289999961853027,840992,840992,yfinance,2026-07-10T06:58:07.675573+00:00
2026-06-29 03:00:00+00:00,LINK-USD,15m,7.289999961853027,7.34499979019165,7.289999961853027,7.327000141143799,2178816,2178816,yfinance,2026-07-10T06:58:07.675573+00:00
2026-06-29 03:15:00+00:00,LINK-USD,15m,7.328000068664551,7.35099983215332,7.326000213623047,7.35099983215332,3550128,3550128,yfinance,2026-07-10T06:58:07.675573+00:00
2026-06-29 03:30:00+00:00,LINK-USD,15m,7.349999904632568,7.353000164031982,7.297999858856201,7.302000045776367,2147648,2147648,yfinance,2026-07-10T06:58:07.675573+00:00
2026-06-29 03:45:00+00:00,LINK-USD,15m,7.296000003814697,7.324999809265137,7.295000076293945,7.318999767303467,753792,753792,yfinance,2026-07-10T06:58:07.675573+00:00
2026-06-29 04:00:00+00:00,LINK-USD,15m,7.318999767303467,7.320000171661377,7.289000034332275,7.291999816894531,387728,387728,yfinance,2026-07-10T06:58:07.675573+00:00
2026-06-29 04:15:00+00:00,LINK-USD,15m,7.293000221252441,7.310999870300293,7.2870001792907715,7.304999828338623,707872,707872,yfinance,2026-07-10T06:58:07.675573+00:00
2026-06-29 04:30:00+00:00,LINK-USD,15m,7.304999828338623,7.304999828338623,7.267000198364258,7.2779998779296875,72608,72608,yfinance,2026-07-10T06:58:07.675573+00:00
2026-06-29 04:45:00+00:00,LINK-USD,15m,7.2769999504089355,7.289000034332275,7.264999866485596,7.270999908447266,1799312,1799312,yfinance,2026-07-10T06:58:07.675573+00:00
2026-06-29 05:00:00+00:00,LINK-USD,15m,7.27400016784668,7.2779998779296875,7.209000110626221,7.232999801635742,2203632,2203632,yfinance,2026-07-10T06:58:07.675573+00:00
2026-06-29 05:15:00+00:00,LINK-USD,15m,7.23799991607666,7.251999855041504,7.232999801635742,7.243000030517578,408480,408480,yfinance,2026-07-10T06:58:07.675573+00:00
2026-06-29 05:30:00+00:00,LINK-USD,15m,7.244999885559082,7.2820000648498535,7.236999988555908,7.2789998054504395,586848,586848,yfinance,2026-07-10T06:58:07.675573+00:00
2026-06-29 05:45:00+00:00,LINK-USD,15m,7.2769999504089355,7.296999931335449,7.27400016784668,7.296999931335449,1345104,1345104,yfinance,2026-07-10T06:58:07.675573+00:00
2026-06-29 06:00:00+00:00,LINK-USD,15m,7.301000118255615,7.323999881744385,7.298999786376953,7.323999881744385,333696,333696,yfinance,2026-07-10T06:58:07.675573+00:00
2026-06-29 06:15:00+00:00,LINK-USD,15m,7.322999954223633,7.339000225067139,7.320000171661377,7.321000099182129,1221008,1221008,yfinance,2026-07-10T06:58:07.675573+00:00
2026-06-29 06:30:00+00:00,LINK-USD,15m,7.322000026702881,7.326000213623047,7.296000003814697,7.297999858856201,18416,18416,yfinance,2026-07-10T06:58:07.675573+00:00
2026-06-29 06:45:00+00:00,LINK-USD,15m,7.297999858856201,7.306000232696533,7.294000148773193,7.302000045776367,145104,145104,yfinance,2026-07-10T06:58:07.675573+00:00
2026-06-29 07:00:00+00:00,LINK-USD,15m,7.300000190734863,7.300000190734863,7.276000022888184,7.298999786376953,132544,132544,yfinance,2026-07-10T06:58:07.675573+00:00
2026-06-29 07:15:00+00:00,LINK-USD,15m,7.304999828338623,7.318999767303467,7.295000076293945,7.309999942779541,1460864,1460864,yfinance,2026-07-10T06:58:07.675573+00:00
2026-06-29 07:30:00+00:00,LINK-USD,15m,7.313000202178955,7.318999767303467,7.302999973297119,7.308000087738037,1000752,1000752,yfinance,2026-07-10T06:58:07.675573+00:00
2026-06-29 07:45:00+00:00,LINK-USD,15m,7.302000045776367,7.321000099182129,7.302000045776367,7.310999870300293,1458928,1458928,yfinance,2026-07-10T06:58:07.675573+00:00
2026-06-29 08:00:00+00:00,LINK-USD,15m,7.310999870300293,7.328999996185303,7.304999828338623,7.309999942779541,2889840,2889840,yfinance,2026-07-10T06:58:07.675573+00:00
2026-06-29 08:15:00+00:00,LINK-USD,15m,7.309999942779541,7.320000171661377,7.2769999504089355,7.2769999504089355,1457920,1457920,yfinance,2026-07-10T06:58:07.675573+00:00
2026-06-29 08:30:00+00:00,LINK-USD,15m,7.276000022888184,7.298999786376953,7.267000198364258,7.289000034332275,1048048,1048048,yfinance,2026-07-10T06:58:07.675573+00:00
2026-06-29 08:45:00+00:00,LINK-USD,15m,7.289000034332275,7.298999786376953,7.276000022888184,7.276000022888184,295056,295056,yfinance,2026-07-10T06:58:07.675573+00:00
2026-06-29 09:00:00+00:00,LINK-USD,15m,7.276000022888184,7.296000003814697,7.27400016784668,7.296000003814697,630208,630208,yfinance,2026-07-10T06:58:07.675573+00:00
2026-06-29 09:15:00+00:00,LINK-USD,15m,7.296000003814697,7.321000099182129,7.275000095367432,7.297999858856201,1753200,1753200,yfinance,2026-07-10T06:58:07.675573+00:00
2026-06-29 09:30:00+00:00,LINK-USD,15m,7.300000190734863,7.309999942779541,7.291999816894531,7.300000190734863,1390768,1390768,yfinance,2026-07-10T06:58:07.675573+00:00
2026-06-29 09:45:00+00:00,LINK-USD,15m,7.301000118255615,7.311999797821045,7.288000106811523,7.311999797821045,1502928,1502928,yfinance,2026-07-10T06:58:07.675573+00:00
2026-06-29 10:00:00+00:00,LINK-USD,15m,7.313000202178955,7.3520002365112305,7.313000202178955,7.340000152587891,888560,888560,yfinance,2026-07-10T06:58:07.675573+00:00
2026-06-29 10:15:00+00:00,LINK-USD,15m,7.340000152587891,7.34499979019165,7.330999851226807,7.335000038146973,213584,213584,yfinance,2026-07-10T06:58:07.675573+00:00
2026-06-29 10:30:00+00:00,LINK-USD,15m,7.334000110626221,7.334000110626221,7.317999839782715,7.326000213623047,0,0,yfinance,2026-07-10T06:58:07.675573+00:00
2026-06-29 10:45:00+00:00,LINK-USD,15m,7.327000141143799,7.328000068664551,7.320000171661377,7.324999809265137,971184,971184,yfinance,2026-07-10T06:58:07.675573+00:00
2026-06-29 11:00:00+00:00,LINK-USD,15m,7.326000213623047,7.328000068664551,7.294000148773193,7.294000148773193,1043952,1043952,yfinance,2026-07-10T06:58:07.675573+00:00
2026-06-29 11:15:00+00:00,LINK-USD,15m,7.291999816894531,7.302000045776367,7.2789998054504395,7.300000190734863,202400,202400,yfinance,2026-07-10T06:58:07.675573+00:00
2026-06-29 11:30:00+00:00,LINK-USD,15m,7.300000190734863,7.3429999351501465,7.2870001792907715,7.290999889373779,2542880,2542880,yfinance,2026-07-10T06:58:07.675573+00:00
2026-06-29 11:45:00+00:00,LINK-USD,15m,7.290999889373779,7.297999858856201,7.2829999923706055,7.296999931335449,990560,990560,yfinance,2026-07-10T06:58:07.675573+00:00
2026-06-29 12:00:00+00:00,LINK-USD,15m,7.296000003814697,7.3979997634887695,7.25600004196167,7.392000198364258,3599920,3599920,yfinance,2026-07-10T06:58:07.675573+00:00
2026-06-29 12:15:00+00:00,LINK-USD,15m,7.388999938964844,7.3979997634887695,7.355000019073486,7.370999813079834,3425888,3425888,yfinance,2026-07-10T06:58:07.675573+00:00
2026-06-29 12:30:00+00:00,LINK-USD,15m,7.370999813079834,7.373000144958496,7.295000076293945,7.304999828338623,2110512,2110512,yfinance,2026-07-10T06:58:07.675573+00:00
2026-06-29 12:45:00+00:00,LINK-USD,15m,7.302999973297119,7.321000099182129,7.283999919891357,7.308000087738037,1738304,1738304,yfinance,2026-07-10T06:58:07.675573+00:00
2026-06-29 13:00:00+00:00,LINK-USD,15m,7.309999942779541,7.3520002365112305,7.309999942779541,7.339000225067139,344224,344224,yfinance,2026-07-10T06:58:07.675573+00:00
2026-06-29 13:15:00+00:00,LINK-USD,15m,7.340000152587891,7.3460001945495605,7.293000221252441,7.293000221252441,814256,814256,yfinance,2026-07-10T06:58:07.675573+00:00
2026-06-29 13:30:00+00:00,LINK-USD,15m,7.2820000648498535,7.339000225067139,7.25,7.264999866485596,2488256,2488256,yfinance,2026-07-10T06:58:07.675573+00:00
2026-06-29 13:45:00+00:00,LINK-USD,15m,7.257999897003174,7.281000137329102,7.236999988555908,7.26800012588501,3292960,3292960,yfinance,2026-07-10T06:58:07.675573+00:00
2026-06-29 14:00:00+00:00,LINK-USD,15m,7.267000198364258,7.26800012588501,7.209000110626221,7.210999965667725,4060272,4060272,yfinance,2026-07-10T06:58:07.675573+00:00
2026-06-29 14:15:00+00:00,LINK-USD,15m,7.203999996185303,7.252999782562256,7.191999912261963,7.24399995803833,2649200,2649200,yfinance,2026-07-10T06:58:07.675573+00:00
2026-06-29 14:30:00+00:00,LINK-USD,15m,7.244999885559082,7.281000137329102,7.223999977111816,7.230999946594238,779088,779088,yfinance,2026-07-10T06:58:07.675573+00:00
2026-06-29 14:45:00+00:00,LINK-USD,15m,7.228000164031982,7.281000137329102,7.216000080108643,7.26800012588501,2267824,2267824,yfinance,2026-07-10T06:58:07.675573+00:00
2026-06-29 15:00:00+00:00,LINK-USD,15m,7.275000095367432,7.275000095367432,7.209000110626221,7.232999801635742,0,0,yfinance,2026-07-10T06:58:07.675573+00:00
2026-06-29 15:15:00+00:00,LINK-USD,15m,7.230999946594238,7.2769999504089355,7.228000164031982,7.2769999504089355,87744,87744,yfinance,2026-07-10T06:58:07.675573+00:00
2026-06-29 15:30:00+00:00,LINK-USD,15m,7.2829999923706055,7.317999839782715,7.28000020980835,7.314000129699707,477712,477712,yfinance,2026-07-10T06:58:07.675573+00:00
2026-06-29 15:45:00+00:00,LINK-USD,15m,7.310999870300293,7.330999851226807,7.302000045776367,7.315999984741211,3918768,3918768,yfinance,2026-07-10T06:58:07.675573+00:00
2026-06-29 16:00:00+00:00,LINK-USD,15m,7.314000129699707,7.329999923706055,7.302000045776367,7.302999973297119,311904,311904,yfinance,2026-07-10T06:58:07.675573+00:00
2026-06-29 16:15:00+00:00,LINK-USD,15m,7.309999942779541,7.313000202178955,7.269000053405762,7.2729997634887695,1724656,1724656,yfinance,2026-07-10T06:58:07.675573+00:00
2026-06-29 16:30:00+00:00,LINK-USD,15m,7.2729997634887695,7.318999767303467,7.2729997634887695,7.318999767303467,543504,543504,yfinance,2026-07-10T06:58:07.675573+00:00
2026-06-29 16:45:00+00:00,LINK-USD,15m,7.317999839782715,7.339000225067139,7.309000015258789,7.322000026702881,1951712,1951712,yfinance,2026-07-10T06:58:07.675573+00:00
2026-06-29 17:00:00+00:00,LINK-USD,15m,7.322999954223633,7.446000099182129,7.322000026702881,7.440999984741211,1362800,1362800,yfinance,2026-07-10T06:58:07.675573+00:00
2026-06-29 17:15:00+00:00,LINK-USD,15m,7.441999912261963,7.486000061035156,7.441999912261963,7.4670000076293945,8817280,8817280,yfinance,2026-07-10T06:58:07.675573+00:00
2026-06-29 17:30:00+00:00,LINK-USD,15m,7.4720001220703125,7.486000061035156,7.438000202178955,7.466000080108643,937792,937792,yfinance,2026-07-10T06:58:07.675573+00:00
2026-06-29 17:45:00+00:00,LINK-USD,15m,7.464000225067139,7.480999946594238,7.454999923706055,7.460999965667725,2353504,2353504,yfinance,2026-07-10T06:58:07.675573+00:00
2026-06-29 18:00:00+00:00,LINK-USD,15m,7.459000110626221,7.468999862670898,7.447000026702881,7.465000152587891,753408,753408,yfinance,2026-07-10T06:58:07.675573+00:00
2026-06-29 18:15:00+00:00,LINK-USD,15m,7.4629998207092285,7.465000152587891,7.429999828338623,7.431000232696533,252624,252624,yfinance,2026-07-10T06:58:07.675573+00:00
2026-06-29 18:30:00+00:00,LINK-USD,15m,7.429999828338623,7.458000183105469,7.427999973297119,7.453999996185303,954672,954672,yfinance,2026-07-10T06:58:07.675573+00:00
2026-06-29 18:45:00+00:00,LINK-USD,15m,7.454999923706055,7.454999923706055,7.434000015258789,7.438000202178955,386240,386240,yfinance,2026-07-10T06:58:07.675573+00:00
2026-06-29 19:00:00+00:00,LINK-USD,15m,7.440999984741211,7.440999984741211,7.422999858856201,7.429999828338623,628208,628208,yfinance,2026-07-10T06:58:07.675573+00:00
2026-06-29 19:15:00+00:00,LINK-USD,15m,7.427000045776367,7.4710001945495605,7.426000118255615,7.466000080108643,2316160,2316160,yfinance,2026-07-10T06:58:07.675573+00:00
2026-06-29 19:30:00+00:00,LINK-USD,15m,7.465000152587891,7.468999862670898,7.447999954223633,7.4629998207092285,796192,796192,yfinance,2026-07-10T06:58:07.675573+00:00
2026-06-29 19:45:00+00:00,LINK-USD,15m,7.4629998207092285,7.46999979019165,7.448999881744385,7.460000038146973,268208,268208,yfinance,2026-07-10T06:58:07.675573+00:00
2026-06-29 20:00:00+00:00,LINK-USD,15m,7.4629998207092285,7.465000152587891,7.447999954223633,7.454999923706055,55968,55968,yfinance,2026-07-10T06:58:07.675573+00:00
2026-06-29 20:15:00+00:00,LINK-USD,15m,7.449999809265137,7.464000225067139,7.445000171661377,7.453000068664551,0,0,yfinance,2026-07-10T06:58:07.675573+00:00
2026-06-29 20:30:00+00:00,LINK-USD,15m,7.453000068664551,7.460000038146973,7.445000171661377,7.447999954223633,479264,479264,yfinance,2026-07-10T06:58:07.675573+00:00
2026-06-29 20:45:00+00:00,LINK-USD,15m,7.443999767303467,7.445000171661377,7.427000045776367,7.428999900817871,680192,680192,yfinance,2026-07-10T06:58:07.675573+00:00
2026-06-29 21:00:00+00:00,LINK-USD,15m,7.429999828338623,7.451000213623047,7.410999774932861,7.447000026702881,958640,958640,yfinance,2026-07-10T06:58:07.675573+00:00
2026-06-29 21:15:00+00:00,LINK-USD,15m,7.443999767303467,7.443999767303467,7.427999973297119,7.440000057220459,176704,176704,yfinance,2026-07-10T06:58:07.675573+00:00
2026-06-29 21:30:00+00:00,LINK-USD,15m,7.440000057220459,7.460999965667725,7.440000057220459,7.460999965667725,3216416,3216416,yfinance,2026-07-10T06:58:07.675573+00:00
2026-06-29 21:45:00+00:00,LINK-USD,15m,7.460999965667725,7.464000225067139,7.442999839782715,7.442999839782715,136128,136128,yfinance,2026-07-10T06:58:07.675573+00:00
2026-06-29 22:00:00+00:00,LINK-USD,15m,7.441999912261963,7.453000068664551,7.433000087738037,7.440000057220459,0,0,yfinance,2026-07-10T06:58:07.675573+00:00
2026-06-29 22:15:00+00:00,LINK-USD,15m,7.443999767303467,7.445000171661377,7.425000190734863,7.427000045776367,0,0,yfinance,2026-07-10T06:58:07.675573+00:00
2026-06-29 22:30:00+00:00,LINK-USD,15m,7.426000118255615,7.428999900817871,7.409999847412109,7.420000076293945,147408,147408,yfinance,2026-07-10T06:58:07.675573+00:00
2026-06-29 22:45:00+00:00,LINK-USD,15m,7.420000076293945,7.423999786376953,7.400000095367432,7.400000095367432,0,0,yfinance,2026-07-10T06:58:07.675573+00:00
2026-06-29 23:00:00+00:00,LINK-USD,15m,7.400000095367432,7.400000095367432,7.385000228881836,7.388999938964844,25648,25648,yfinance,2026-07-10T06:58:07.675573+00:00
2026-06-29 23:15:00+00:00,LINK-USD,15m,7.390999794006348,7.392000198364258,7.361999988555908,7.366000175476074,4075680,4075680,yfinance,2026-07-10T06:58:07.675573+00:00
2026-06-29 23:30:00+00:00,LINK-USD,15m,7.363999843597412,7.375,7.361000061035156,7.369999885559082,4596464,4596464,yfinance,2026-07-10T06:58:07.675573+00:00
2026-06-29 23:45:00+00:00,LINK-USD,15m,7.368000030517578,7.380000114440918,7.363999843597412,7.369999885559082,3660080,3660080,yfinance,2026-07-10T06:58:07.675573+00:00
2026-06-30 00:00:00+00:00,LINK-USD,15m,7.367000102996826,7.374000072479248,7.359000205993652,7.367000102996826,3864768,3864768,yfinance,2026-07-10T06:58:07.675573+00:00
2026-06-30 00:15:00+00:00,LINK-USD,15m,7.363999843597412,7.385000228881836,7.322000026702881,7.322000026702881,5008096,5008096,yfinance,2026-07-10T06:58:07.675573+00:00
2026-06-30 00:30:00+00:00,LINK-USD,15m,7.320000171661377,7.320000171661377,7.2870001792907715,7.318999767303467,5658272,5658272,yfinance,2026-07-10T06:58:07.675573+00:00
2026-06-30 00:45:00+00:00,LINK-USD,15m,7.320000171661377,7.326000213623047,7.297999858856201,7.297999858856201,4749920,4749920,yfinance,2026-07-10T06:58:07.675573+00:00
2026-06-30 01:00:00+00:00,LINK-USD,15m,7.300000190734863,7.300000190734863,7.26200008392334,7.284999847412109,3034752,3034752,yfinance,2026-07-10T06:58:07.675573+00:00
2026-06-30 01:15:00+00:00,LINK-USD,15m,7.2820000648498535,7.320000171661377,7.2820000648498535,7.318999767303467,1463808,1463808,yfinance,2026-07-10T06:58:07.675573+00:00
2026-06-30 01:30:00+00:00,LINK-USD,15m,7.320000171661377,7.322000026702881,7.285999774932861,7.297999858856201,296224,296224,yfinance,2026-07-10T06:58:07.675573+00:00
2026-06-30 01:45:00+00:00,LINK-USD,15m,7.297999858856201,7.303999900817871,7.291999816894531,7.295000076293945,838912,838912,yfinance,2026-07-10T06:58:07.675573+00:00
2026-06-30 02:00:00+00:00,LINK-USD,15m,7.294000148773193,7.294000148773193,7.26800012588501,7.2729997634887695,113728,113728,yfinance,2026-07-10T06:58:07.675573+00:00
2026-06-30 02:15:00+00:00,LINK-USD,15m,7.269000053405762,7.296999931335449,7.267000198364258,7.295000076293945,663648,663648,yfinance,2026-07-10T06:58:07.675573+00:00
2026-06-30 02:30:00+00:00,LINK-USD,15m,7.293000221252441,7.301000118255615,7.291999816894531,7.298999786376953,3503936,3503936,yfinance,2026-07-10T06:58:07.675573+00:00
2026-06-30 02:45:00+00:00,LINK-USD,15m,7.300000190734863,7.309999942779541,7.295000076293945,7.298999786376953,0,0,yfinance,2026-07-10T06:58:07.675573+00:00
2026-06-30 03:00:00+00:00,LINK-USD,15m,7.296999931335449,7.308000087738037,7.296000003814697,7.302999973297119,0,0,yfinance,2026-07-10T06:58:07.675573+00:00
2026-06-30 03:15:00+00:00,LINK-USD,15m,7.302999973297119,7.317999839782715,7.294000148773193,7.302000045776367,84288,84288,yfinance,2026-07-10T06:58:07.675573+00:00
2026-06-30 03:30:00+00:00,LINK-USD,15m,7.302999973297119,7.307000160217285,7.293000221252441,7.296999931335449,0,0,yfinance,2026-07-10T06:58:07.675573+00:00
2026-06-30 03:45:00+00:00,LINK-USD,15m,7.296999931335449,7.297999858856201,7.269000053405762,7.2820000648498535,454272,454272,yfinance,2026-07-10T06:58:07.675573+00:00
2026-06-30 04:00:00+00:00,LINK-USD,15m,7.276000022888184,7.290999889373779,7.257999897003174,7.289999961853027,312384,312384,yfinance,2026-07-10T06:58:07.675573+00:00
2026-06-30 04:15:00+00:00,LINK-USD,15m,7.289000034332275,7.289999961853027,7.26800012588501,7.285999774932861,115616,115616,yfinance,2026-07-10T06:58:07.675573+00:00
2026-06-30 04:30:00+00:00,LINK-USD,15m,7.285999774932861,7.301000118255615,7.285999774932861,7.301000118255615,219584,219584,yfinance,2026-07-10T06:58:07.675573+00:00
2026-06-30 04:45:00+00:00,LINK-USD,15m,7.297999858856201,7.301000118255615,7.291999816894531,7.295000076293945,1080288,1080288,yfinance,2026-07-10T06:58:07.675573+00:00
2026-06-30 05:00:00+00:00,LINK-USD,15m,7.295000076293945,7.302999973297119,7.290999889373779,7.298999786376953,0,0,yfinance,2026-07-10T06:58:07.675573+00:00
2026-06-30 05:15:00+00:00,LINK-USD,15m,7.298999786376953,7.298999786376953,7.275000095367432,7.2779998779296875,25056,25056,yfinance,2026-07-10T06:58:07.675573+00:00
2026-06-30 05:30:00+00:00,LINK-USD,15m,7.2779998779296875,7.293000221252441,7.269999980926514,7.288000106811523,323936,323936,yfinance,2026-07-10T06:58:07.675573+00:00
2026-06-30 05:45:00+00:00,LINK-USD,15m,7.288000106811523,7.301000118255615,7.288000106811523,7.300000190734863,0,0,yfinance,2026-07-10T06:58:07.675573+00:00
2026-06-30 06:00:00+00:00,LINK-USD,15m,7.302000045776367,7.302000045776367,7.2870001792907715,7.290999889373779,32672,32672,yfinance,2026-07-10T06:58:07.675573+00:00
2026-06-30 06:15:00+00:00,LINK-USD,15m,7.293000221252441,7.313000202178955,7.2829999923706055,7.313000202178955,0,0,yfinance,2026-07-10T06:58:07.675573+00:00
2026-06-30 06:30:00+00:00,LINK-USD,15m,7.311999797821045,7.311999797821045,7.296000003814697,7.302000045776367,267296,267296,yfinance,2026-07-10T06:58:07.675573+00:00
2026-06-30 06:45:00+00:00,LINK-USD,15m,7.302000045776367,7.308000087738037,7.296999931335449,7.298999786376953,96064,96064,yfinance,2026-07-10T06:58:07.675573+00:00
2026-06-30 07:00:00+00:00,LINK-USD,15m,7.300000190734863,7.306000232696533,7.284999847412109,7.293000221252441,144384,144384,yfinance,2026-07-10T06:58:07.675573+00:00
2026-06-30 07:15:00+00:00,LINK-USD,15m,7.293000221252441,7.301000118255615,7.291999816894531,7.293000221252441,0,0,yfinance,2026-07-10T06:58:07.675573+00:00
2026-06-30 07:30:00+00:00,LINK-USD,15m,7.293000221252441,7.297999858856201,7.283999919891357,7.283999919891357,0,0,yfinance,2026-07-10T06:58:07.675573+00:00
2026-06-30 07:45:00+00:00,LINK-USD,15m,7.283999919891357,7.293000221252441,7.28000020980835,7.289000034332275,619168,619168,yfinance,2026-07-10T06:58:07.675573+00:00
2026-06-30 08:00:00+00:00,LINK-USD,15m,7.289000034332275,7.294000148773193,7.276000022888184,7.276000022888184,0,0,yfinance,2026-07-10T06:58:07.675573+00:00
2026-06-30 08:15:00+00:00,LINK-USD,15m,7.275000095367432,7.276000022888184,7.26800012588501,7.27400016784668,345664,345664,yfinance,2026-07-10T06:58:07.675573+00:00
2026-06-30 08:30:00+00:00,LINK-USD,15m,7.27400016784668,7.276000022888184,7.242000102996826,7.255000114440918,1148800,1148800,yfinance,2026-07-10T06:58:07.675573+00:00
2026-06-30 08:45:00+00:00,LINK-USD,15m,7.251999855041504,7.263000011444092,7.234000205993652,7.257999897003174,2563904,2563904,yfinance,2026-07-10T06:58:07.675573+00:00
2026-06-30 09:00:00+00:00,LINK-USD,15m,7.257999897003174,7.275000095367432,7.25600004196167,7.263000011444092,125216,125216,yfinance,2026-07-10T06:58:07.675573+00:00
2026-06-30 09:15:00+00:00,LINK-USD,15m,7.263999938964844,7.264999866485596,7.249000072479248,7.254000186920166,831648,831648,yfinance,2026-07-10T06:58:07.675573+00:00
2026-06-30 09:30:00+00:00,LINK-USD,15m,7.252999782562256,7.26800012588501,7.245999813079834,7.265999794006348,0,0,yfinance,2026-07-10T06:58:07.675573+00:00
2026-06-30 09:45:00+00:00,LINK-USD,15m,7.265999794006348,7.276000022888184,7.265999794006348,7.2729997634887695,0,0,yfinance,2026-07-10T06:58:07.675573+00:00
2026-06-30 10:00:00+00:00,LINK-USD,15m,7.2729997634887695,7.2779998779296875,7.260000228881836,7.269999980926514,18621408,18621408,yfinance,2026-07-10T06:58:07.675573+00:00
2026-06-30 10:15:00+00:00,LINK-USD,15m,7.2729997634887695,7.275000095367432,7.265999794006348,7.267000198364258,0,0,yfinance,2026-07-10T06:58:07.675573+00:00
2026-06-30 10:30:00+00:00,LINK-USD,15m,7.267000198364258,7.270999908447266,7.260000228881836,7.270999908447266,24736,24736,yfinance,2026-07-10T06:58:07.675573+00:00
2026-06-30 10:45:00+00:00,LINK-USD,15m,7.270999908447266,7.2820000648498535,7.269999980926514,7.271999835968018,0,0,yfinance,2026-07-10T06:58:07.675573+00:00
2026-06-30 11:00:00+00:00,LINK-USD,15m,7.270999908447266,7.275000095367432,7.267000198364258,7.2729997634887695,0,0,yfinance,2026-07-10T06:58:07.675573+00:00
2026-06-30 11:15:00+00:00,LINK-USD,15m,7.2729997634887695,7.27400016784668,7.243000030517578,7.24399995803833,0,0,yfinance,2026-07-10T06:58:07.675573+00:00
2026-06-30 11:30:00+00:00,LINK-USD,15m,7.247000217437744,7.264999866485596,7.234000205993652,7.263000011444092,0,0,yfinance,2026-07-10T06:58:07.675573+00:00
2026-06-30 11:45:00+00:00,LINK-USD,15m,7.264999866485596,7.2729997634887695,7.23799991607666,7.248000144958496,3420736,3420736,yfinance,2026-07-10T06:58:07.675573+00:00
2026-06-30 12:00:00+00:00,LINK-USD,15m,7.244999885559082,7.244999885559082,7.210999965667725,7.210999965667725,0,0,yfinance,2026-07-10T06:58:07.675573+00:00
2026-06-30 12:15:00+00:00,LINK-USD,15m,7.211999893188477,7.2179999351501465,7.175000190734863,7.179999828338623,301952,301952,yfinance,2026-07-10T06:58:07.675573+00:00
2026-06-30 12:30:00+00:00,LINK-USD,15m,7.178999900817871,7.182000160217285,7.158999919891357,7.168000221252441,1392768,1392768,yfinance,2026-07-10T06:58:07.675573+00:00
2026-06-30 12:45:00+00:00,LINK-USD,15m,7.166999816894531,7.168000221252441,7.113999843597412,7.113999843597412,997696,997696,yfinance,2026-07-10T06:58:07.675573+00:00
2026-06-30 13:00:00+00:00,LINK-USD,15m,7.116000175476074,7.1570000648498535,7.110000133514404,7.138000011444092,1449760,1449760,yfinance,2026-07-10T06:58:07.675573+00:00
2026-06-30 13:15:00+00:00,LINK-USD,15m,7.139999866485596,7.163000106811523,7.139999866485596,7.150000095367432,1093536,1093536,yfinance,2026-07-10T06:58:07.675573+00:00
2026-06-30 13:30:00+00:00,LINK-USD,15m,7.164000034332275,7.188000202178955,7.119999885559082,7.164000034332275,3237632,3237632,yfinance,2026-07-10T06:58:07.675573+00:00
2026-06-30 13:45:00+00:00,LINK-USD,15m,7.164999961853027,7.204999923706055,7.14900016784668,7.201000213623047,586720,586720,yfinance,2026-07-10T06:58:07.675573+00:00
2026-06-30 14:00:00+00:00,LINK-USD,15m,7.190999984741211,7.258999824523926,7.190999984741211,7.23199987411499,581664,581664,yfinance,2026-07-10T06:58:07.675573+00:00
2026-06-30 14:15:00+00:00,LINK-USD,15m,7.234000205993652,7.248000144958496,7.22599983215332,7.236000061035156,0,0,yfinance,2026-07-10T06:58:07.675573+00:00
2026-06-30 14:30:00+00:00,LINK-USD,15m,7.236000061035156,7.241000175476074,7.189000129699707,7.214000225067139,178912,178912,yfinance,2026-07-10T06:58:07.675573+00:00
2026-06-30 14:45:00+00:00,LINK-USD,15m,7.209000110626221,7.209000110626221,7.142000198364258,7.156000137329102,98400,98400,yfinance,2026-07-10T06:58:07.675573+00:00
2026-06-30 15:00:00+00:00,LINK-USD,15m,7.156000137329102,7.171999931335449,7.13100004196167,7.164999961853027,1856896,1856896,yfinance,2026-07-10T06:58:07.675573+00:00
2026-06-30 15:15:00+00:00,LINK-USD,15m,7.164999961853027,7.175000190734863,7.145999908447266,7.160999774932861,1615040,1615040,yfinance,2026-07-10T06:58:07.675573+00:00
2026-06-30 15:30:00+00:00,LINK-USD,15m,7.1620001792907715,7.173999786376953,7.1570000648498535,7.168000221252441,61888,61888,yfinance,2026-07-10T06:58:07.675573+00:00
2026-06-30 15:45:00+00:00,LINK-USD,15m,7.168000221252441,7.198999881744385,7.142000198364258,7.144000053405762,831296,831296,yfinance,2026-07-10T06:58:07.675573+00:00
2026-06-30 16:00:00+00:00,LINK-USD,15m,7.142000198364258,7.1620001792907715,7.131999969482422,7.131999969482422,984960,984960,yfinance,2026-07-10T06:58:07.675573+00:00
2026-06-30 16:15:00+00:00,LINK-USD,15m,7.131999969482422,7.139999866485596,7.114999771118164,7.119999885559082,79648,79648,yfinance,2026-07-10T06:58:07.675573+00:00
2026-06-30 16:30:00+00:00,LINK-USD,15m,7.124000072479248,7.1570000648498535,7.111999988555908,7.145999908447266,0,0,yfinance,2026-07-10T06:58:07.675573+00:00
2026-06-30 16:45:00+00:00,LINK-USD,15m,7.144999980926514,7.184000015258789,7.144999980926514,7.176000118255615,0,0,yfinance,2026-07-10T06:58:07.675573+00:00
2026-06-30 17:00:00+00:00,LINK-USD,15m,7.177000045776367,7.203999996185303,7.171000003814697,7.178999900817871,0,0,yfinance,2026-07-10T06:58:07.675573+00:00
2026-06-30 17:15:00+00:00,LINK-USD,15m,7.179999828338623,7.189000129699707,7.169000148773193,7.169000148773193,0,0,yfinance,2026-07-10T06:58:07.675573+00:00
2026-06-30 17:30:00+00:00,LINK-USD,15m,7.171000003814697,7.185999870300293,7.160999774932861,7.176000118255615,0,0,yfinance,2026-07-10T06:58:07.675573+00:00
2026-06-30 17:45:00+00:00,LINK-USD,15m,7.172999858856201,7.177999973297119,7.166999816894531,7.168000221252441,0,0,yfinance,2026-07-10T06:58:07.675573+00:00
2026-06-30 18:00:00+00:00,LINK-USD,15m,7.166999816894531,7.184999942779541,7.1570000648498535,7.182000160217285,141712,141712,yfinance,2026-07-10T06:58:07.675573+00:00
2026-06-30 18:15:00+00:00,LINK-USD,15m,7.184000015258789,7.21999979019165,7.177000045776367,7.193999767303467,268800,268800,yfinance,2026-07-10T06:58:07.675573+00:00
2026-06-30 18:30:00+00:00,LINK-USD,15m,7.195000171661377,7.195000171661377,7.177000045776367,7.184999942779541,600752,600752,yfinance,2026-07-10T06:58:07.675573+00:00
2026-06-30 18:45:00+00:00,LINK-USD,15m,7.190000057220459,7.215000152587891,7.184999942779541,7.206999778747559,258736,258736,yfinance,2026-07-10T06:58:07.675573+00:00
2026-06-30 19:00:00+00:00,LINK-USD,15m,7.204999923706055,7.216000080108643,7.196000099182129,7.198999881744385,27696,27696,yfinance,2026-07-10T06:58:07.675573+00:00
2026-06-30 19:15:00+00:00,LINK-USD,15m,7.198999881744385,7.201000213623047,7.183000087738037,7.201000213623047,191456,191456,yfinance,2026-07-10T06:58:07.675573+00:00
2026-06-30 19:30:00+00:00,LINK-USD,15m,7.199999809265137,7.218999862670898,7.195000171661377,7.205999851226807,213600,213600,yfinance,2026-07-10T06:58:07.675573+00:00
2026-06-30 19:45:00+00:00,LINK-USD,15m,7.204999923706055,7.205999851226807,7.185999870300293,7.201000213623047,259968,259968,yfinance,2026-07-10T06:58:07.675573+00:00
2026-06-30 20:00:00+00:00,LINK-USD,15m,7.192999839782715,7.203000068664551,7.188000202178955,7.198999881744385,2777904,2777904,yfinance,2026-07-10T06:58:07.675573+00:00
2026-06-30 20:15:00+00:00,LINK-USD,15m,7.197999954223633,7.197999954223633,7.170000076293945,7.172999858856201,903552,903552,yfinance,2026-07-10T06:58:07.675573+00:00
2026-06-30 20:30:00+00:00,LINK-USD,15m,7.171999931335449,7.177000045776367,7.159999847412109,7.164000034332275,399328,399328,yfinance,2026-07-10T06:58:07.675573+00:00
2026-06-30 20:45:00+00:00,LINK-USD,15m,7.1620001792907715,7.179999828338623,7.1620001792907715,7.171000003814697,61536,61536,yfinance,2026-07-10T06:58:07.675573+00:00
2026-06-30 21:00:00+00:00,LINK-USD,15m,7.171000003814697,7.177000045776367,7.140999794006348,7.151000022888184,0,0,yfinance,2026-07-10T06:58:07.675573+00:00
2026-06-30 21:15:00+00:00,LINK-USD,15m,7.1529998779296875,7.160999774932861,7.1479997634887695,7.158999919891357,47712,47712,yfinance,2026-07-10T06:58:07.675573+00:00
2026-06-30 21:30:00+00:00,LINK-USD,15m,7.1579999923706055,7.172999858856201,7.1579999923706055,7.1620001792907715,391232,391232,yfinance,2026-07-10T06:58:07.675573+00:00
2026-06-30 21:45:00+00:00,LINK-USD,15m,7.1620001792907715,7.169000148773193,7.158999919891357,7.168000221252441,246560,246560,yfinance,2026-07-10T06:58:07.675573+00:00
2026-06-30 22:00:00+00:00,LINK-USD,15m,7.169000148773193,7.190000057220459,7.169000148773193,7.184999942779541,16640,16640,yfinance,2026-07-10T06:58:07.675573+00:00
2026-06-30 22:15:00+00:00,LINK-USD,15m,7.184000015258789,7.195000171661377,7.176000118255615,7.176000118255615,53248,53248,yfinance,2026-07-10T06:58:07.675573+00:00
2026-06-30 22:30:00+00:00,LINK-USD,15m,7.172999858856201,7.173999786376953,7.156000137329102,7.171000003814697,0,0,yfinance,2026-07-10T06:58:07.675573+00:00
2026-06-30 22:45:00+00:00,LINK-USD,15m,7.171999931335449,7.176000118255615,7.160999774932861,7.168000221252441,252368,252368,yfinance,2026-07-10T06:58:07.675573+00:00
2026-06-30 23:00:00+00:00,LINK-USD,15m,7.169000148773193,7.173999786376953,7.159999847412109,7.171000003814697,0,0,yfinance,2026-07-10T06:58:07.675573+00:00
2026-06-30 23:15:00+00:00,LINK-USD,15m,7.171000003814697,7.185999870300293,7.171000003814697,7.177000045776367,0,0,yfinance,2026-07-10T06:58:07.675573+00:00
2026-06-30 23:30:00+00:00,LINK-USD,15m,7.177999973297119,7.182000160217285,7.170000076293945,7.177999973297119,0,0,yfinance,2026-07-10T06:58:07.675573+00:00
2026-06-30 23:45:00+00:00,LINK-USD,15m,7.179999828338623,7.191999912261963,7.178999900817871,7.189000129699707,0,0,yfinance,2026-07-10T06:58:07.675573+00:00
2026-07-01 00:00:00+00:00,LINK-USD,15m,7.192999839782715,7.199999809265137,7.184000015258789,7.192999839782715,0,0,yfinance,2026-07-10T06:58:07.675573+00:00
2026-07-01 00:15:00+00:00,LINK-USD,15m,7.191999912261963,7.197000026702881,7.160999774932861,7.172999858856201,0,0,yfinance,2026-07-10T06:58:07.675573+00:00
2026-07-01 00:30:00+00:00,LINK-USD,15m,7.172999858856201,7.192999839782715,7.171999931335449,7.182000160217285,0,0,yfinance,2026-07-10T06:58:07.675573+00:00
2026-07-01 00:45:00+00:00,LINK-USD,15m,7.183000087738037,7.196000099182129,7.178999900817871,7.190000057220459,0,0,yfinance,2026-07-10T06:58:07.675573+00:00
2026-07-01 01:00:00+00:00,LINK-USD,15m,7.192999839782715,7.192999839782715,7.070000171661377,7.118000030517578,0,0,yfinance,2026-07-10T06:58:07.675573+00:00
2026-07-01 01:15:00+00:00,LINK-USD,15m,7.127999782562256,7.1620001792907715,7.111000061035156,7.1570000648498535,3968624,3968624,yfinance,2026-07-10T06:58:07.675573+00:00
2026-07-01 01:30:00+00:00,LINK-USD,15m,7.1539998054504395,7.224999904632568,7.1539998054504395,7.2129998207092285,990880,990880,yfinance,2026-07-10T06:58:07.675573+00:00
2026-07-01 01:45:00+00:00,LINK-USD,15m,7.209000110626221,7.223999977111816,7.190000057220459,7.202000141143799,2056864,2056864,yfinance,2026-07-10T06:58:07.675573+00:00
2026-07-01 02:00:00+00:00,LINK-USD,15m,7.203999996185303,7.206999778747559,7.177000045776367,7.198999881744385,491616,491616,yfinance,2026-07-10T06:58:07.675573+00:00
2026-07-01 02:15:00+00:00,LINK-USD,15m,7.199999809265137,7.2270002365112305,7.196000099182129,7.224999904632568,50784,50784,yfinance,2026-07-10T06:58:07.675573+00:00
2026-07-01 02:30:00+00:00,LINK-USD,15m,7.2270002365112305,7.249000072479248,7.2220001220703125,7.249000072479248,218656,218656,yfinance,2026-07-10T06:58:07.675573+00:00
2026-07-01 02:45:00+00:00,LINK-USD,15m,7.247000217437744,7.25,7.230000019073486,7.245999813079834,880448,880448,yfinance,2026-07-10T06:58:07.675573+00:00
2026-07-01 03:00:00+00:00,LINK-USD,15m,7.248000144958496,7.260000228881836,7.238999843597412,7.242000102996826,381984,381984,yfinance,2026-07-10T06:58:07.675573+00:00
2026-07-01 03:15:00+00:00,LINK-USD,15m,7.239999771118164,7.239999771118164,7.2179999351501465,7.224999904632568,1498848,1498848,yfinance,2026-07-10T06:58:07.675573+00:00
2026-07-01 03:30:00+00:00,LINK-USD,15m,7.228000164031982,7.2779998779296875,7.2179999351501465,7.255000114440918,612272,612272,yfinance,2026-07-10T06:58:07.675573+00:00
2026-07-01 03:45:00+00:00,LINK-USD,15m,7.257999897003174,7.295000076293945,7.25600004196167,7.28000020980835,349216,349216,yfinance,2026-07-10T06:58:07.675573+00:00
2026-07-01 04:00:00+00:00,LINK-USD,15m,7.28000020980835,7.2829999923706055,7.269999980926514,7.269999980926514,0,0,yfinance,2026-07-10T06:58:07.675573+00:00
2026-07-01 04:15:00+00:00,LINK-USD,15m,7.269999980926514,7.293000221252441,7.269999980926514,7.293000221252441,668784,668784,yfinance,2026-07-10T06:58:07.675573+00:00
2026-07-01 04:30:00+00:00,LINK-USD,15m,7.291999816894531,7.297999858856201,7.2769999504089355,7.291999816894531,134928,134928,yfinance,2026-07-10T06:58:07.675573+00:00
2026-07-01 04:45:00+00:00,LINK-USD,15m,7.295000076293945,7.315999984741211,7.293000221252441,7.302999973297119,865024,865024,yfinance,2026-07-10T06:58:07.675573+00:00
2026-07-01 05:00:00+00:00,LINK-USD,15m,7.302000045776367,7.307000160217285,7.2829999923706055,7.288000106811523,93376,93376,yfinance,2026-07-10T06:58:07.675573+00:00
2026-07-01 05:15:00+00:00,LINK-USD,15m,7.2870001792907715,7.295000076293945,7.26200008392334,7.263000011444092,1752912,1752912,yfinance,2026-07-10T06:58:07.675573+00:00
2026-07-01 05:30:00+00:00,LINK-USD,15m,7.263000011444092,7.265999794006348,7.254000186920166,7.263999938964844,876592,876592,yfinance,2026-07-10T06:58:07.675573+00:00
2026-07-01 05:45:00+00:00,LINK-USD,15m,7.265999794006348,7.269999980926514,7.258999824523926,7.265999794006348,644448,644448,yfinance,2026-07-10T06:58:07.675573+00:00
2026-07-01 06:00:00+00:00,LINK-USD,15m,7.265999794006348,7.26800012588501,7.243000030517578,7.25600004196167,709232,709232,yfinance,2026-07-10T06:58:07.675573+00:00
2026-07-01 06:15:00+00:00,LINK-USD,15m,7.257999897003174,7.257999897003174,7.2210001945495605,7.238999843597412,3335760,3335760,yfinance,2026-07-10T06:58:07.675573+00:00
2026-07-01 06:30:00+00:00,LINK-USD,15m,7.236999988555908,7.242000102996826,7.181000232696533,7.193999767303467,2261696,2261696,yfinance,2026-07-10T06:58:07.675573+00:00
2026-07-01 06:45:00+00:00,LINK-USD,15m,7.197000026702881,7.197000026702881,7.171000003814697,7.189000129699707,1013632,1013632,yfinance,2026-07-10T06:58:07.675573+00:00
2026-07-01 07:00:00+00:00,LINK-USD,15m,7.196000099182129,7.196000099182129,7.170000076293945,7.184000015258789,202416,202416,yfinance,2026-07-10T06:58:07.675573+00:00
2026-07-01 07:15:00+00:00,LINK-USD,15m,7.185999870300293,7.195000171661377,7.169000148773193,7.184000015258789,256416,256416,yfinance,2026-07-10T06:58:07.675573+00:00
2026-07-01 07:30:00+00:00,LINK-USD,15m,7.177999973297119,7.195000171661377,7.171000003814697,7.185999870300293,103344,103344,yfinance,2026-07-10T06:58:07.675573+00:00
2026-07-01 07:45:00+00:00,LINK-USD,15m,7.184999942779541,7.202000141143799,7.181000232696533,7.195000171661377,0,0,yfinance,2026-07-10T06:58:07.675573+00:00
2026-07-01 08:00:00+00:00,LINK-USD,15m,7.193999767303467,7.193999767303467,7.171999931335449,7.184999942779541,311440,311440,yfinance,2026-07-10T06:58:07.675573+00:00
2026-07-01 08:15:00+00:00,LINK-USD,15m,7.183000087738037,7.190000057220459,7.168000221252441,7.179999828338623,0,0,yfinance,2026-07-10T06:58:07.675573+00:00
2026-07-01 08:30:00+00:00,LINK-USD,15m,7.179999828338623,7.203000068664551,7.165999889373779,7.202000141143799,0,0,yfinance,2026-07-10T06:58:07.675573+00:00
2026-07-01 08:45:00+00:00,LINK-USD,15m,7.203000068664551,7.236000061035156,7.190999984741211,7.232999801635742,765952,765952,yfinance,2026-07-10T06:58:07.675573+00:00
2026-07-01 09:00:00+00:00,LINK-USD,15m,7.23199987411499,7.254000186920166,7.22599983215332,7.241000175476074,2185952,2185952,yfinance,2026-07-10T06:58:07.675573+00:00
2026-07-01 09:15:00+00:00,LINK-USD,15m,7.241000175476074,7.254000186920166,7.236999988555908,7.247000217437744,1507344,1507344,yfinance,2026-07-10T06:58:07.675573+00:00
2026-07-01 09:30:00+00:00,LINK-USD,15m,7.248000144958496,7.254000186920166,7.242000102996826,7.247000217437744,805104,805104,yfinance,2026-07-10T06:58:07.675573+00:00
2026-07-01 09:45:00+00:00,LINK-USD,15m,7.247000217437744,7.254000186920166,7.232999801635742,7.25,1033264,1033264,yfinance,2026-07-10T06:58:07.675573+00:00
2026-07-01 10:00:00+00:00,LINK-USD,15m,7.25,7.255000114440918,7.224999904632568,7.224999904632568,841760,841760,yfinance,2026-07-10T06:58:07.675573+00:00
2026-07-01 10:15:00+00:00,LINK-USD,15m,7.2270002365112305,7.230000019073486,7.215000152587891,7.224999904632568,302720,302720,yfinance,2026-07-10T06:58:07.675573+00:00
2026-07-01 10:30:00+00:00,LINK-USD,15m,7.224999904632568,7.230000019073486,7.2129998207092285,7.2170000076293945,230288,230288,yfinance,2026-07-10T06:58:07.675573+00:00
2026-07-01 10:45:00+00:00,LINK-USD,15m,7.218999862670898,7.230000019073486,7.214000225067139,7.215000152587891,595024,595024,yfinance,2026-07-10T06:58:07.675573+00:00
2026-07-01 11:00:00+00:00,LINK-USD,15m,7.215000152587891,7.2230000495910645,7.193999767303467,7.2230000495910645,0,0,yfinance,2026-07-10T06:58:07.675573+00:00
2026-07-01 11:15:00+00:00,LINK-USD,15m,7.223999977111816,7.230000019073486,7.210999965667725,7.218999862670898,272896,272896,yfinance,2026-07-10T06:58:07.675573+00:00
2026-07-01 11:30:00+00:00,LINK-USD,15m,7.216000080108643,7.223999977111816,7.206999778747559,7.2210001945495605,220352,220352,yfinance,2026-07-10T06:58:07.675573+00:00
2026-07-01 11:45:00+00:00,LINK-USD,15m,7.2230000495910645,7.22599983215332,7.197000026702881,7.210999965667725,0,0,yfinance,2026-07-10T06:58:07.675573+00:00
2026-07-01 12:00:00+00:00,LINK-USD,15m,7.2129998207092285,7.21999979019165,7.186999797821045,7.192999839782715,241104,241104,yfinance,2026-07-10T06:58:07.675573+00:00
2026-07-01 12:15:00+00:00,LINK-USD,15m,7.193999767303467,7.2129998207092285,7.193999767303467,7.210000038146973,63952,63952,yfinance,2026-07-10T06:58:07.675573+00:00
2026-07-01 12:30:00+00:00,LINK-USD,15m,7.202000141143799,7.218999862670898,7.188000202178955,7.193999767303467,195216,195216,yfinance,2026-07-10T06:58:07.675573+00:00
2026-07-01 12:45:00+00:00,LINK-USD,15m,7.196000099182129,7.199999809265137,7.183000087738037,7.193999767303467,418240,418240,yfinance,2026-07-10T06:58:07.675573+00:00
2026-07-01 13:00:00+00:00,LINK-USD,15m,7.195000171661377,7.22599983215332,7.195000171661377,7.21999979019165,0,0,yfinance,2026-07-10T06:58:07.675573+00:00
2026-07-01 13:15:00+00:00,LINK-USD,15m,7.2210001945495605,7.252999782562256,7.2129998207092285,7.252999782562256,0,0,yfinance,2026-07-10T06:58:07.675573+00:00
2026-07-01 13:30:00+00:00,LINK-USD,15m,7.248000144958496,7.260000228881836,7.185999870300293,7.254000186920166,80768,80768,yfinance,2026-07-10T06:58:07.675573+00:00
2026-07-01 13:45:00+00:00,LINK-USD,15m,7.242000102996826,7.303999900817871,7.242000102996826,7.300000190734863,1832592,1832592,yfinance,2026-07-10T06:58:07.675573+00:00
2026-07-01 14:00:00+00:00,LINK-USD,15m,7.298999786376953,7.364999771118164,7.285999774932861,7.363999843597412,273936,273936,yfinance,2026-07-10T06:58:07.675573+00:00
2026-07-01 14:15:00+00:00,LINK-USD,15m,7.36299991607666,7.388999938964844,7.35099983215332,7.354000091552734,3586672,3586672,yfinance,2026-07-10T06:58:07.675573+00:00
2026-07-01 14:30:00+00:00,LINK-USD,15m,7.3520002365112305,7.359000205993652,7.311999797821045,7.322000026702881,2752400,2752400,yfinance,2026-07-10T06:58:07.675573+00:00
2026-07-01 14:45:00+00:00,LINK-USD,15m,7.321000099182129,7.35099983215332,7.296999931335449,7.339000225067139,1565824,1565824,yfinance,2026-07-10T06:58:07.675573+00:00
2026-07-01 15:00:00+00:00,LINK-USD,15m,7.341000080108643,7.4019999504089355,7.341000080108643,7.383999824523926,217792,217792,yfinance,2026-07-10T06:58:07.675573+00:00
2026-07-01 15:15:00+00:00,LINK-USD,15m,7.385000228881836,7.453999996185303,7.372000217437744,7.425000190734863,2159088,2159088,yfinance,2026-07-10T06:58:07.675573+00:00
2026-07-01 15:30:00+00:00,LINK-USD,15m,7.427999973297119,7.435999870300293,7.400000095367432,7.4079999923706055,2794800,2794800,yfinance,2026-07-10T06:58:07.675573+00:00
2026-07-01 15:45:00+00:00,LINK-USD,15m,7.4079999923706055,7.410999774932861,7.394000053405762,7.408999919891357,348608,348608,yfinance,2026-07-10T06:58:07.675573+00:00
2026-07-01 16:00:00+00:00,LINK-USD,15m,7.408999919891357,7.419000148773193,7.394999980926514,7.413000106811523,0,0,yfinance,2026-07-10T06:58:07.675573+00:00
2026-07-01 16:15:00+00:00,LINK-USD,15m,7.414000034332275,7.435999870300293,7.395999908447266,7.426000118255615,1555728,1555728,yfinance,2026-07-10T06:58:07.675573+00:00
2026-07-01 16:30:00+00:00,LINK-USD,15m,7.421999931335449,7.425000190734863,7.395999908447266,7.4019999504089355,454016,454016,yfinance,2026-07-10T06:58:07.675573+00:00
2026-07-01 16:45:00+00:00,LINK-USD,15m,7.400000095367432,7.400000095367432,7.361000061035156,7.367000102996826,1017408,1017408,yfinance,2026-07-10T06:58:07.675573+00:00
2026-07-01 17:00:00+00:00,LINK-USD,15m,7.369999885559082,7.372000217437744,7.3460001945495605,7.36299991607666,268416,268416,yfinance,2026-07-10T06:58:07.675573+00:00
2026-07-01 17:15:00+00:00,LINK-USD,15m,7.363999843597412,7.396999835968018,7.359000205993652,7.38700008392334,1499392,1499392,yfinance,2026-07-10T06:58:07.675573+00:00
2026-07-01 17:30:00+00:00,LINK-USD,15m,7.385000228881836,7.394000053405762,7.377999782562256,7.386000156402588,724992,724992,yfinance,2026-07-10T06:58:07.675573+00:00
2026-07-01 17:45:00+00:00,LINK-USD,15m,7.383999824523926,7.4029998779296875,7.382999897003174,7.394000053405762,158080,158080,yfinance,2026-07-10T06:58:07.675573+00:00
2026-07-01 18:00:00+00:00,LINK-USD,15m,7.392000198364258,7.4019999504089355,7.367000102996826,7.373000144958496,142528,142528,yfinance,2026-07-10T06:58:07.675573+00:00
2026-07-01 18:15:00+00:00,LINK-USD,15m,7.374000072479248,7.389999866485596,7.367000102996826,7.369999885559082,504384,504384,yfinance,2026-07-10T06:58:07.675573+00:00
2026-07-01 18:30:00+00:00,LINK-USD,15m,7.370999813079834,7.373000144958496,7.35699987411499,7.369999885559082,260688,260688,yfinance,2026-07-10T06:58:07.675573+00:00
2026-07-01 18:45:00+00:00,LINK-USD,15m,7.370999813079834,7.370999813079834,7.343999862670898,7.361999988555908,482128,482128,yfinance,2026-07-10T06:58:07.675573+00:00
2026-07-01 19:00:00+00:00,LINK-USD,15m,7.361000061035156,7.385000228881836,7.361000061035156,7.381999969482422,0,0,yfinance,2026-07-10T06:58:07.675573+00:00
2026-07-01 19:15:00+00:00,LINK-USD,15m,7.381999969482422,7.385000228881836,7.359000205993652,7.361000061035156,46304,46304,yfinance,2026-07-10T06:58:07.675573+00:00
2026-07-01 19:30:00+00:00,LINK-USD,15m,7.361999988555908,7.381999969482422,7.361999988555908,7.369999885559082,1523408,1523408,yfinance,2026-07-10T06:58:07.675573+00:00
2026-07-01 19:45:00+00:00,LINK-USD,15m,7.36899995803833,7.386000156402588,7.35699987411499,7.382999897003174,0,0,yfinance,2026-07-10T06:58:07.675573+00:00
2026-07-01 20:00:00+00:00,LINK-USD,15m,7.382999897003174,7.38700008392334,7.35699987411499,7.38700008392334,949424,949424,yfinance,2026-07-10T06:58:07.675573+00:00
2026-07-01 20:15:00+00:00,LINK-USD,15m,7.38700008392334,7.388000011444092,7.359000205993652,7.375999927520752,119280,119280,yfinance,2026-07-10T06:58:07.675573+00:00
2026-07-01 20:30:00+00:00,LINK-USD,15m,7.374000072479248,7.385000228881836,7.368000030517578,7.380000114440918,448048,448048,yfinance,2026-07-10T06:58:07.675573+00:00
2026-07-01 20:45:00+00:00,LINK-USD,15m,7.382999897003174,7.4039998054504395,7.382999897003174,7.4019999504089355,331504,331504,yfinance,2026-07-10T06:58:07.675573+00:00
2026-07-01 21:00:00+00:00,LINK-USD,15m,7.4029998779296875,7.434000015258789,7.400000095367432,7.429999828338623,982496,982496,yfinance,2026-07-10T06:58:07.675573+00:00
2026-07-01 21:15:00+00:00,LINK-USD,15m,7.431000232696533,7.441999912261963,7.421999931335449,7.438000202178955,512080,512080,yfinance,2026-07-10T06:58:07.675573+00:00
2026-07-01 21:30:00+00:00,LINK-USD,15m,7.439000129699707,7.47599983215332,7.439000129699707,7.46999979019165,1518208,1518208,yfinance,2026-07-10T06:58:07.675573+00:00
2026-07-01 21:45:00+00:00,LINK-USD,15m,7.46999979019165,7.48799991607666,7.465000152587891,7.4720001220703125,1291920,1291920,yfinance,2026-07-10T06:58:07.675573+00:00
2026-07-01 22:00:00+00:00,LINK-USD,15m,7.468999862670898,7.4770002365112305,7.458000183105469,7.465000152587891,1485488,1485488,yfinance,2026-07-10T06:58:07.675573+00:00
2026-07-01 22:15:00+00:00,LINK-USD,15m,7.465000152587891,7.5289998054504395,7.4629998207092285,7.4629998207092285,3884736,3884736,yfinance,2026-07-10T06:58:07.675573+00:00
2026-07-01 22:30:00+00:00,LINK-USD,15m,7.4670000076293945,7.4770002365112305,7.451000213623047,7.451000213623047,1303328,1303328,yfinance,2026-07-10T06:58:07.675573+00:00
2026-07-01 22:45:00+00:00,LINK-USD,15m,7.449999809265137,7.458000183105469,7.434999942779541,7.442999839782715,172320,172320,yfinance,2026-07-10T06:58:07.675573+00:00
2026-07-01 23:00:00+00:00,LINK-USD,15m,7.440000057220459,7.440000057220459,7.4039998054504395,7.414000034332275,2616192,2616192,yfinance,2026-07-10T06:58:07.675573+00:00
2026-07-01 23:15:00+00:00,LINK-USD,15m,7.414000034332275,7.421999931335449,7.4019999504089355,7.40500020980835,316368,316368,yfinance,2026-07-10T06:58:07.675573+00:00
2026-07-01 23:30:00+00:00,LINK-USD,15m,7.40500020980835,7.409999847412109,7.375999927520752,7.390999794006348,1162720,1162720,yfinance,2026-07-10T06:58:07.675573+00:00
2026-07-01 23:45:00+00:00,LINK-USD,15m,7.390999794006348,7.390999794006348,7.341000080108643,7.349999904632568,2036992,2036992,yfinance,2026-07-10T06:58:07.675573+00:00
2026-07-02 00:00:00+00:00,LINK-USD,15m,7.348999977111816,7.354000091552734,7.331999778747559,7.3470001220703125,1006640,1006640,yfinance,2026-07-10T06:58:07.675573+00:00
2026-07-02 00:15:00+00:00,LINK-USD,15m,7.35099983215332,7.35099983215332,7.322000026702881,7.323999881744385,498032,498032,yfinance,2026-07-10T06:58:07.675573+00:00
2026-07-02 00:30:00+00:00,LINK-USD,15m,7.324999809265137,7.324999809265137,7.300000190734863,7.309000015258789,239296,239296,yfinance,2026-07-10T06:58:07.675573+00:00
2026-07-02 00:45:00+00:00,LINK-USD,15m,7.313000202178955,7.339000225067139,7.309000015258789,7.336999893188477,136256,136256,yfinance,2026-07-10T06:58:07.675573+00:00
2026-07-02 01:00:00+00:00,LINK-USD,15m,7.336999893188477,7.366000175476074,7.335000038146973,7.364999771118164,111776,111776,yfinance,2026-07-10T06:58:07.675573+00:00
2026-07-02 01:15:00+00:00,LINK-USD,15m,7.366000175476074,7.390999794006348,7.359000205993652,7.388999938964844,0,0,yfinance,2026-07-10T06:58:07.675573+00:00
2026-07-02 01:30:00+00:00,LINK-USD,15m,7.390999794006348,7.425000190734863,7.388000011444092,7.418000221252441,1526560,1526560,yfinance,2026-07-10T06:58:07.675573+00:00
2026-07-02 01:45:00+00:00,LINK-USD,15m,7.418000221252441,7.422999858856201,7.400000095367432,7.422999858856201,0,0,yfinance,2026-07-10T06:58:07.675573+00:00
2026-07-02 02:00:00+00:00,LINK-USD,15m,7.420000076293945,7.423999786376953,7.39900016784668,7.4019999504089355,563968,563968,yfinance,2026-07-10T06:58:07.675573+00:00
2026-07-02 02:15:00+00:00,LINK-USD,15m,7.4019999504089355,7.408999919891357,7.388000011444092,7.396999835968018,3913168,3913168,yfinance,2026-07-10T06:58:07.675573+00:00
2026-07-02 02:30:00+00:00,LINK-USD,15m,7.395999908447266,7.416999816894531,7.394000053405762,7.409999847412109,4447632,4447632,yfinance,2026-07-10T06:58:07.675573+00:00
2026-07-02 02:45:00+00:00,LINK-USD,15m,7.408999919891357,7.416999816894531,7.3979997634887695,7.4029998779296875,4515040,4515040,yfinance,2026-07-10T06:58:07.675573+00:00
2026-07-02 03:00:00+00:00,LINK-USD,15m,7.4039998054504395,7.420000076293945,7.4039998054504395,7.419000148773193,3173408,3173408,yfinance,2026-07-10T06:58:07.675573+00:00
2026-07-02 03:15:00+00:00,LINK-USD,15m,7.421000003814697,7.46999979019165,7.401000022888184,7.460999965667725,266624,266624,yfinance,2026-07-10T06:58:07.675573+00:00
2026-07-02 03:30:00+00:00,LINK-USD,15m,7.454999923706055,7.501999855041504,7.453000068664551,7.501999855041504,4039008,4039008,yfinance,2026-07-10T06:58:07.675573+00:00
2026-07-02 03:45:00+00:00,LINK-USD,15m,7.499000072479248,7.539000034332275,7.48799991607666,7.53000020980835,2246464,2246464,yfinance,2026-07-10T06:58:07.675573+00:00
2026-07-02 04:00:00+00:00,LINK-USD,15m,7.5320000648498535,7.533999919891357,7.50600004196167,7.511000156402588,757056,757056,yfinance,2026-07-10T06:58:07.675573+00:00
2026-07-02 04:15:00+00:00,LINK-USD,15m,7.51200008392334,7.515999794006348,7.492000102996826,7.500999927520752,264608,264608,yfinance,2026-07-10T06:58:07.675573+00:00
2026-07-02 04:30:00+00:00,LINK-USD,15m,7.499000072479248,7.502999782562256,7.482999801635742,7.502999782562256,575392,575392,yfinance,2026-07-10T06:58:07.675573+00:00
2026-07-02 04:45:00+00:00,LINK-USD,15m,7.502999782562256,7.508999824523926,7.497000217437744,7.501999855041504,601248,601248,yfinance,2026-07-10T06:58:07.675573+00:00
2026-07-02 05:00:00+00:00,LINK-USD,15m,7.505000114440918,7.508999824523926,7.485000133514404,7.50600004196167,226848,226848,yfinance,2026-07-10T06:58:07.675573+00:00
2026-07-02 05:15:00+00:00,LINK-USD,15m,7.505000114440918,7.510000228881836,7.494999885559082,7.494999885559082,0,0,yfinance,2026-07-10T06:58:07.675573+00:00
2026-07-02 05:30:00+00:00,LINK-USD,15m,7.494999885559082,7.494999885559082,7.465000152587891,7.466000080108643,0,0,yfinance,2026-07-10T06:58:07.675573+00:00
2026-07-02 05:45:00+00:00,LINK-USD,15m,7.466000080108643,7.47599983215332,7.460999965667725,7.474999904632568,261216,261216,yfinance,2026-07-10T06:58:07.675573+00:00
2026-07-02 06:00:00+00:00,LINK-USD,15m,7.473999977111816,7.4770002365112305,7.456999778747559,7.458000183105469,1803168,1803168,yfinance,2026-07-10T06:58:07.675573+00:00
2026-07-02 06:15:00+00:00,LINK-USD,15m,7.455999851226807,7.480000019073486,7.453999996185303,7.458000183105469,0,0,yfinance,2026-07-10T06:58:07.675573+00:00
2026-07-02 06:30:00+00:00,LINK-USD,15m,7.458000183105469,7.480999946594238,7.458000183105469,7.46999979019165,0,0,yfinance,2026-07-10T06:58:07.675573+00:00
2026-07-02 06:45:00+00:00,LINK-USD,15m,7.46999979019165,7.46999979019165,7.434999942779541,7.435999870300293,0,0,yfinance,2026-07-10T06:58:07.675573+00:00
2026-07-02 07:00:00+00:00,LINK-USD,15m,7.436999797821045,7.440000057220459,7.425000190734863,7.427999973297119,580096,580096,yfinance,2026-07-10T06:58:07.675573+00:00
2026-07-02 07:15:00+00:00,LINK-USD,15m,7.427999973297119,7.435999870300293,7.419000148773193,7.429999828338623,466112,466112,yfinance,2026-07-10T06:58:07.675573+00:00
2026-07-02 07:30:00+00:00,LINK-USD,15m,7.428999900817871,7.447000026702881,7.426000118255615,7.446000099182129,780992,780992,yfinance,2026-07-10T06:58:07.675573+00:00
2026-07-02 07:45:00+00:00,LINK-USD,15m,7.446000099182129,7.449999809265137,7.438000202178955,7.443999767303467,1440416,1440416,yfinance,2026-07-10T06:58:07.675573+00:00
2026-07-02 08:00:00+00:00,LINK-USD,15m,7.447999954223633,7.466000080108643,7.440000057220459,7.453000068664551,343584,343584,yfinance,2026-07-10T06:58:07.675573+00:00
2026-07-02 08:15:00+00:00,LINK-USD,15m,7.458000183105469,7.4720001220703125,7.456999778747559,7.46999979019165,146880,146880,yfinance,2026-07-10T06:58:07.675573+00:00
2026-07-02 08:30:00+00:00,LINK-USD,15m,7.4629998207092285,7.486000061035156,7.461999893188477,7.486000061035156,285504,285504,yfinance,2026-07-10T06:58:07.675573+00:00
2026-07-02 08:45:00+00:00,LINK-USD,15m,7.486000061035156,7.494999885559082,7.482999801635742,7.494999885559082,150272,150272,yfinance,2026-07-10T06:58:07.675573+00:00
2026-07-02 09:00:00+00:00,LINK-USD,15m,7.492000102996826,7.494999885559082,7.47599983215332,7.482999801635742,115680,115680,yfinance,2026-07-10T06:58:07.675573+00:00
2026-07-02 09:15:00+00:00,LINK-USD,15m,7.48199987411499,7.504000186920166,7.479000091552734,7.502999782562256,0,0,yfinance,2026-07-10T06:58:07.675573+00:00
2026-07-02 09:30:00+00:00,LINK-USD,15m,7.504000186920166,7.60699987411499,7.504000186920166,7.578999996185303,4467136,4467136,yfinance,2026-07-10T06:58:07.675573+00:00
2026-07-02 09:45:00+00:00,LINK-USD,15m,7.574999809265137,7.5970001220703125,7.558000087738037,7.579999923706055,9251712,9251712,yfinance,2026-07-10T06:58:07.675573+00:00
2026-07-02 10:00:00+00:00,LINK-USD,15m,7.578000068664551,7.614999771118164,7.567999839782715,7.614999771118164,1784320,1784320,yfinance,2026-07-10T06:58:07.675573+00:00
2026-07-02 10:15:00+00:00,LINK-USD,15m,7.614999771118164,7.64300012588501,7.605000019073486,7.633999824523926,3809440,3809440,yfinance,2026-07-10T06:58:07.675573+00:00
2026-07-02 10:30:00+00:00,LINK-USD,15m,7.633999824523926,7.6539998054504395,7.624000072479248,7.624000072479248,3466080,3466080,yfinance,2026-07-10T06:58:07.675573+00:00
2026-07-02 10:45:00+00:00,LINK-USD,15m,7.627999782562256,7.639999866485596,7.620999813079834,7.627999782562256,785760,785760,yfinance,2026-07-10T06:58:07.675573+00:00
2026-07-02 11:00:00+00:00,LINK-USD,15m,7.625,7.65500020980835,7.614999771118164,7.642000198364258,1001024,1001024,yfinance,2026-07-10T06:58:07.675573+00:00
2026-07-02 11:15:00+00:00,LINK-USD,15m,7.642000198364258,7.65500020980835,7.630000114440918,7.64300012588501,1437920,1437920,yfinance,2026-07-10T06:58:07.675573+00:00
2026-07-02 11:30:00+00:00,LINK-USD,15m,7.644000053405762,7.651000022888184,7.63100004196167,7.646999835968018,472192,472192,yfinance,2026-07-10T06:58:07.675573+00:00
2026-07-02 11:45:00+00:00,LINK-USD,15m,7.6479997634887695,7.6529998779296875,7.619999885559082,7.646999835968018,4558784,4558784,yfinance,2026-07-10T06:58:07.675573+00:00
2026-07-02 12:00:00+00:00,LINK-USD,15m,7.64300012588501,7.671999931335449,7.638000011444092,7.671000003814697,181152,181152,yfinance,2026-07-10T06:58:07.675573+00:00
2026-07-02 12:15:00+00:00,LINK-USD,15m,7.676000118255615,7.677999973297119,7.636000156402588,7.677000045776367,901664,901664,yfinance,2026-07-10T06:58:07.675573+00:00
2026-07-02 12:30:00+00:00,LINK-USD,15m,7.703000068664551,7.7179999351501465,7.669000148773193,7.697999954223633,4061376,4061376,yfinance,2026-07-10T06:58:07.675573+00:00
2026-07-02 12:45:00+00:00,LINK-USD,15m,7.703000068664551,7.745999813079834,7.702000141143799,7.730999946594238,1690592,1690592,yfinance,2026-07-10T06:58:07.675573+00:00
2026-07-02 13:00:00+00:00,LINK-USD,15m,7.73799991607666,7.749000072479248,7.7179999351501465,7.732999801635742,567648,567648,yfinance,2026-07-10T06:58:07.675573+00:00
2026-07-02 13:15:00+00:00,LINK-USD,15m,7.73199987411499,7.794000148773193,7.730999946594238,7.765999794006348,4146144,4146144,yfinance,2026-07-10T06:58:07.675573+00:00
2026-07-02 13:30:00+00:00,LINK-USD,15m,7.771999835968018,7.901000022888184,7.745999813079834,7.88700008392334,8162976,8162976,yfinance,2026-07-10T06:58:07.675573+00:00
2026-07-02 13:45:00+00:00,LINK-USD,15m,7.881999969482422,7.89900016784668,7.863999843597412,7.86899995803833,5160928,5160928,yfinance,2026-07-10T06:58:07.675573+00:00
2026-07-02 14:00:00+00:00,LINK-USD,15m,7.872000217437744,7.934999942779541,7.8480000495910645,7.906000137329102,2559360,2559360,yfinance,2026-07-10T06:58:07.675573+00:00
2026-07-02 14:15:00+00:00,LINK-USD,15m,7.9029998779296875,7.934000015258789,7.835000038146973,7.8470001220703125,806112,806112,yfinance,2026-07-10T06:58:07.675573+00:00
2026-07-02 14:30:00+00:00,LINK-USD,15m,7.840000152587891,7.866000175476074,7.77400016784668,7.781000137329102,917888,917888,yfinance,2026-07-10T06:58:07.675573+00:00
2026-07-02 14:45:00+00:00,LINK-USD,15m,7.788000106811523,7.806000232696533,7.76200008392334,7.789999961853027,1856800,1856800,yfinance,2026-07-10T06:58:07.675573+00:00
2026-07-02 15:00:00+00:00,LINK-USD,15m,7.789000034332275,7.794000148773193,7.742000102996826,7.767000198364258,120320,120320,yfinance,2026-07-10T06:58:07.675573+00:00
2026-07-02 15:15:00+00:00,LINK-USD,15m,7.767000198364258,7.794000148773193,7.74399995803833,7.77400016784668,1141152,1141152,yfinance,2026-07-10T06:58:07.675573+00:00
2026-07-02 15:30:00+00:00,LINK-USD,15m,7.7729997634887695,7.802000045776367,7.760000228881836,7.797999858856201,0,0,yfinance,2026-07-10T06:58:07.675573+00:00
2026-07-02 15:45:00+00:00,LINK-USD,15m,7.796999931335449,7.802999973297119,7.764999866485596,7.7769999504089355,189568,189568,yfinance,2026-07-10T06:58:07.675573+00:00
2026-07-02 16:00:00+00:00,LINK-USD,15m,7.781000137329102,7.810999870300293,7.761000156402588,7.797999858856201,0,0,yfinance,2026-07-10T06:58:07.675573+00:00
2026-07-02 16:15:00+00:00,LINK-USD,15m,7.795000076293945,7.795000076293945,7.716000080108643,7.71999979019165,242144,242144,yfinance,2026-07-10T06:58:07.675573+00:00
2026-07-02 16:30:00+00:00,LINK-USD,15m,7.7270002365112305,7.767000198364258,7.724999904632568,7.763000011444092,1493312,1493312,yfinance,2026-07-10T06:58:07.675573+00:00
2026-07-02 16:45:00+00:00,LINK-USD,15m,7.761000156402588,7.795000076293945,7.757999897003174,7.764999866485596,512576,512576,yfinance,2026-07-10T06:58:07.675573+00:00
2026-07-02 17:00:00+00:00,LINK-USD,15m,7.763999938964844,7.7729997634887695,7.755000114440918,7.76800012588501,0,0,yfinance,2026-07-10T06:58:07.675573+00:00
2026-07-02 17:15:00+00:00,LINK-USD,15m,7.767000198364258,7.784999847412109,7.763000011444092,7.784999847412109,20544,20544,yfinance,2026-07-10T06:58:07.675573+00:00
2026-07-02 17:30:00+00:00,LINK-USD,15m,7.781000137329102,7.7870001792907715,7.738999843597412,7.761000156402588,709408,709408,yfinance,2026-07-10T06:58:07.675573+00:00
2026-07-02 17:45:00+00:00,LINK-USD,15m,7.763000011444092,7.763999938964844,7.74399995803833,7.749000072479248,212704,212704,yfinance,2026-07-10T06:58:07.675573+00:00
2026-07-02 18:00:00+00:00,LINK-USD,15m,7.749000072479248,7.76800012588501,7.744999885559082,7.763999938964844,282272,282272,yfinance,2026-07-10T06:58:07.675573+00:00
2026-07-02 18:15:00+00:00,LINK-USD,15m,7.763999938964844,7.769000053405762,7.747000217437744,7.769000053405762,81536,81536,yfinance,2026-07-10T06:58:07.675573+00:00
2026-07-02 18:30:00+00:00,LINK-USD,15m,7.76800012588501,7.770999908447266,7.756999969482422,7.767000198364258,284480,284480,yfinance,2026-07-10T06:58:07.675573+00:00
2026-07-02 18:45:00+00:00,LINK-USD,15m,7.76800012588501,7.7789998054504395,7.748000144958496,7.754000186920166,389600,389600,yfinance,2026-07-10T06:58:07.675573+00:00
2026-07-02 19:00:00+00:00,LINK-USD,15m,7.752999782562256,7.757999897003174,7.73799991607666,7.75,1899872,1899872,yfinance,2026-07-10T06:58:07.675573+00:00
2026-07-02 19:15:00+00:00,LINK-USD,15m,7.747000217437744,7.747000217437744,7.716000080108643,7.724999904632568,1339360,1339360,yfinance,2026-07-10T06:58:07.675573+00:00
2026-07-02 19:30:00+00:00,LINK-USD,15m,7.72599983215332,7.736000061035156,7.7210001945495605,7.736000061035156,1108896,1108896,yfinance,2026-07-10T06:58:07.675573+00:00
2026-07-02 19:45:00+00:00,LINK-USD,15m,7.736000061035156,7.760000228881836,7.73199987411499,7.736999988555908,1514208,1514208,yfinance,2026-07-10T06:58:07.675573+00:00
2026-07-02 20:00:00+00:00,LINK-USD,15m,7.736999988555908,7.739999771118164,7.72599983215332,7.735000133514404,4928,4928,yfinance,2026-07-10T06:58:07.675573+00:00
2026-07-02 20:15:00+00:00,LINK-USD,15m,7.736000061035156,7.73799991607666,7.7129998207092285,7.7129998207092285,58784,58784,yfinance,2026-07-10T06:58:07.675573+00:00
2026-07-02 20:30:00+00:00,LINK-USD,15m,7.711999893188477,7.724999904632568,7.710999965667725,7.7170000076293945,419264,419264,yfinance,2026-07-10T06:58:07.675573+00:00
2026-07-02 20:45:00+00:00,LINK-USD,15m,7.7170000076293945,7.751999855041504,7.7170000076293945,7.742000102996826,338880,338880,yfinance,2026-07-10T06:58:07.675573+00:00
2026-07-02 21:00:00+00:00,LINK-USD,15m,7.745999813079834,7.745999813079834,7.730999946594238,7.741000175476074,1815808,1815808,yfinance,2026-07-10T06:58:07.675573+00:00
2026-07-02 21:15:00+00:00,LINK-USD,15m,7.738999843597412,7.741000175476074,7.730000019073486,7.73199987411499,123424,123424,yfinance,2026-07-10T06:58:07.675573+00:00
2026-07-02 21:30:00+00:00,LINK-USD,15m,7.730999946594238,7.736000061035156,7.7220001220703125,7.723999977111816,0,0,yfinance,2026-07-10T06:58:07.675573+00:00
2026-07-02 21:45:00+00:00,LINK-USD,15m,7.723999977111816,7.735000133514404,7.7230000495910645,7.735000133514404,0,0,yfinance,2026-07-10T06:58:07.675573+00:00
2026-07-02 22:00:00+00:00,LINK-USD,15m,7.7270002365112305,7.735000133514404,7.703999996185303,7.703999996185303,51168,51168,yfinance,2026-07-10T06:58:07.675573+00:00
2026-07-02 22:15:00+00:00,LINK-USD,15m,7.704999923706055,7.708000183105469,7.696000099182129,7.698999881744385,385536,385536,yfinance,2026-07-10T06:58:07.675573+00:00
2026-07-02 22:30:00+00:00,LINK-USD,15m,7.697000026702881,7.701000213623047,7.690999984741211,7.692999839782715,525792,525792,yfinance,2026-07-10T06:58:07.675573+00:00
2026-07-02 22:45:00+00:00,LINK-USD,15m,7.692999839782715,7.729000091552734,7.690000057220459,7.704999923706055,702688,702688,yfinance,2026-07-10T06:58:07.675573+00:00
2026-07-02 23:00:00+00:00,LINK-USD,15m,7.703000068664551,7.703999996185303,7.691999912261963,7.693999767303467,0,0,yfinance,2026-07-10T06:58:07.675573+00:00
2026-07-02 23:15:00+00:00,LINK-USD,15m,7.693999767303467,7.739999771118164,7.693999767303467,7.736999988555908,711008,711008,yfinance,2026-07-10T06:58:07.675573+00:00
2026-07-02 23:30:00+00:00,LINK-USD,15m,7.736000061035156,7.748000144958496,7.73199987411499,7.739999771118164,815968,815968,yfinance,2026-07-10T06:58:07.675573+00:00
2026-07-02 23:45:00+00:00,LINK-USD,15m,7.74399995803833,7.75,7.73799991607666,7.739999771118164,323072,323072,yfinance,2026-07-10T06:58:07.675573+00:00
2026-07-03 00:00:00+00:00,LINK-USD,15m,7.738999843597412,7.748000144958496,7.72599983215332,7.742000102996826,222912,222912,yfinance,2026-07-10T06:58:07.675573+00:00
2026-07-03 00:15:00+00:00,LINK-USD,15m,7.74399995803833,7.747000217437744,7.7230000495910645,7.7230000495910645,350432,350432,yfinance,2026-07-10T06:58:07.675573+00:00
2026-07-03 00:30:00+00:00,LINK-USD,15m,7.71999979019165,7.73799991607666,7.716000080108643,7.7230000495910645,399808,399808,yfinance,2026-07-10T06:58:07.675573+00:00
2026-07-03 00:45:00+00:00,LINK-USD,15m,7.723999977111816,7.7270002365112305,7.716000080108643,7.7220001220703125,225888,225888,yfinance,2026-07-10T06:58:07.675573+00:00
2026-07-03 01:00:00+00:00,LINK-USD,15m,7.7179999351501465,7.7870001792907715,7.7129998207092285,7.783999919891357,2501920,2501920,yfinance,2026-07-10T06:58:07.675573+00:00
2026-07-03 01:15:00+00:00,LINK-USD,15m,7.78000020980835,7.783999919891357,7.755000114440918,7.7769999504089355,5918048,5918048,yfinance,2026-07-10T06:58:07.675573+00:00
2026-07-03 01:30:00+00:00,LINK-USD,15m,7.7789998054504395,7.822999954223633,7.7729997634887695,7.809999942779541,146784,146784,yfinance,2026-07-10T06:58:07.675573+00:00
2026-07-03 01:45:00+00:00,LINK-USD,15m,7.809000015258789,7.818999767303467,7.801000118255615,7.803999900817871,354912,354912,yfinance,2026-07-10T06:58:07.675573+00:00
2026-07-03 02:00:00+00:00,LINK-USD,15m,7.806000232696533,7.811999797821045,7.76200008392334,7.763000011444092,257248,257248,yfinance,2026-07-10T06:58:07.675573+00:00
2026-07-03 02:15:00+00:00,LINK-USD,15m,7.76200008392334,7.7789998054504395,7.75,7.750999927520752,732128,732128,yfinance,2026-07-10T06:58:07.675573+00:00
2026-07-03 02:30:00+00:00,LINK-USD,15m,7.74399995803833,7.7729997634887695,7.728000164031982,7.754000186920166,8507712,8507712,yfinance,2026-07-10T06:58:07.675573+00:00
2026-07-03 02:45:00+00:00,LINK-USD,15m,7.754000186920166,7.77400016784668,7.74399995803833,7.77400016784668,0,0,yfinance,2026-07-10T06:58:07.675573+00:00
2026-07-03 03:00:00+00:00,LINK-USD,15m,7.770999908447266,7.7729997634887695,7.73799991607666,7.739999771118164,141472,141472,yfinance,2026-07-10T06:58:07.675573+00:00
2026-07-03 03:15:00+00:00,LINK-USD,15m,7.743000030517578,7.783999919891357,7.742000102996826,7.78000020980835,1157664,1157664,yfinance,2026-07-10T06:58:07.675573+00:00
2026-07-03 03:30:00+00:00,LINK-USD,15m,7.781000137329102,7.791999816894531,7.754000186920166,7.756999969482422,0,0,yfinance,2026-07-10T06:58:07.675573+00:00
2026-07-03 03:45:00+00:00,LINK-USD,15m,7.760000228881836,7.7729997634887695,7.757999897003174,7.757999897003174,0,0,yfinance,2026-07-10T06:58:07.675573+00:00
2026-07-03 04:00:00+00:00,LINK-USD,15m,7.757999897003174,7.760000228881836,7.7230000495910645,7.736999988555908,9786112,9786112,yfinance,2026-07-10T06:58:07.675573+00:00
2026-07-03 04:15:00+00:00,LINK-USD,15m,7.734000205993652,7.736000061035156,7.7210001945495605,7.735000133514404,519648,519648,yfinance,2026-07-10T06:58:07.675573+00:00
2026-07-03 04:30:00+00:00,LINK-USD,15m,7.734000205993652,7.743000030517578,7.723999977111816,7.743000030517578,267616,267616,yfinance,2026-07-10T06:58:07.675573+00:00
2026-07-03 04:45:00+00:00,LINK-USD,15m,7.745999813079834,7.745999813079834,7.723999977111816,7.723999977111816,94560,94560,yfinance,2026-07-10T06:58:07.675573+00:00
2026-07-03 05:00:00+00:00,LINK-USD,15m,7.7210001945495605,7.73799991607666,7.718999862670898,7.730999946594238,477952,477952,yfinance,2026-07-10T06:58:07.675573+00:00
2026-07-03 05:15:00+00:00,LINK-USD,15m,7.734000205993652,7.754000186920166,7.72599983215332,7.745999813079834,713216,713216,yfinance,2026-07-10T06:58:07.675573+00:00
2026-07-03 05:30:00+00:00,LINK-USD,15m,7.742000102996826,7.7870001792907715,7.741000175476074,7.758999824523926,1707680,1707680,yfinance,2026-07-10T06:58:07.675573+00:00
2026-07-03 05:45:00+00:00,LINK-USD,15m,7.758999824523926,7.77400016784668,7.751999855041504,7.764999866485596,698912,698912,yfinance,2026-07-10T06:58:07.675573+00:00
2026-07-03 06:00:00+00:00,LINK-USD,15m,7.765999794006348,7.798999786376953,7.764999866485596,7.784999847412109,783552,783552,yfinance,2026-07-10T06:58:07.675573+00:00
2026-07-03 06:15:00+00:00,LINK-USD,15m,7.785999774932861,7.795000076293945,7.771999835968018,7.7769999504089355,727104,727104,yfinance,2026-07-10T06:58:07.675573+00:00
2026-07-03 06:30:00+00:00,LINK-USD,15m,7.78000020980835,7.783999919891357,7.751999855041504,7.76200008392334,847680,847680,yfinance,2026-07-10T06:58:07.675573+00:00
2026-07-03 06:45:00+00:00,LINK-USD,15m,7.763000011444092,7.776000022888184,7.763000011444092,7.764999866485596,610720,610720,yfinance,2026-07-10T06:58:07.675573+00:00
2026-07-03 07:00:00+00:00,LINK-USD,15m,7.765999794006348,7.769000053405762,7.75600004196167,7.765999794006348,9661600,9661600,yfinance,2026-07-10T06:58:07.675573+00:00
2026-07-03 07:15:00+00:00,LINK-USD,15m,7.765999794006348,7.7729997634887695,7.764999866485596,7.7729997634887695,1248,1248,yfinance,2026-07-10T06:58:07.675573+00:00
2026-07-03 07:30:00+00:00,LINK-USD,15m,7.77400016784668,7.781000137329102,7.76200008392334,7.7769999504089355,470592,470592,yfinance,2026-07-10T06:58:07.675573+00:00
2026-07-03 07:45:00+00:00,LINK-USD,15m,7.7769999504089355,7.7779998779296875,7.761000156402588,7.761000156402588,1624512,1624512,yfinance,2026-07-10T06:58:07.675573+00:00
2026-07-03 08:00:00+00:00,LINK-USD,15m,7.761000156402588,7.7769999504089355,7.760000228881836,7.763999938964844,4059424,4059424,yfinance,2026-07-10T06:58:07.675573+00:00
2026-07-03 08:15:00+00:00,LINK-USD,15m,7.767000198364258,7.78000020980835,7.761000156402588,7.7729997634887695,938560,938560,yfinance,2026-07-10T06:58:07.675573+00:00
2026-07-03 08:30:00+00:00,LINK-USD,15m,7.771999835968018,7.815999984741211,7.763999938964844,7.810999870300293,736768,736768,yfinance,2026-07-10T06:58:07.675573+00:00
2026-07-03 08:45:00+00:00,LINK-USD,15m,7.809000015258789,7.809000015258789,7.767000198364258,7.770999908447266,3464256,3464256,yfinance,2026-07-10T06:58:07.675573+00:00
2026-07-03 09:00:00+00:00,LINK-USD,15m,7.770999908447266,7.802999973297119,7.763999938964844,7.802999973297119,0,0,yfinance,2026-07-10T06:58:07.675573+00:00
2026-07-03 09:15:00+00:00,LINK-USD,15m,7.806000232696533,7.806000232696533,7.7789998054504395,7.7829999923706055,447456,447456,yfinance,2026-07-10T06:58:07.675573+00:00
2026-07-03 09:30:00+00:00,LINK-USD,15m,7.7829999923706055,7.7829999923706055,7.75600004196167,7.769000053405762,0,0,yfinance,2026-07-10T06:58:07.675573+00:00
2026-07-03 09:45:00+00:00,LINK-USD,15m,7.769000053405762,7.794000148773193,7.769000053405762,7.7829999923706055,0,0,yfinance,2026-07-10T06:58:07.675573+00:00
2026-07-03 10:00:00+00:00,LINK-USD,15m,7.7820000648498535,7.815000057220459,7.7820000648498535,7.804999828338623,0,0,yfinance,2026-07-10T06:58:07.675573+00:00
2026-07-03 10:15:00+00:00,LINK-USD,15m,7.804999828338623,7.820000171661377,7.795000076293945,7.818999767303467,124320,124320,yfinance,2026-07-10T06:58:07.675573+00:00
2026-07-03 10:30:00+00:00,LINK-USD,15m,7.818999767303467,7.872000217437744,7.811999797821045,7.867000102996826,0,0,yfinance,2026-07-10T06:58:07.675573+00:00
2026-07-03 10:45:00+00:00,LINK-USD,15m,7.868000030517578,7.869999885559082,7.835999965667725,7.8379998207092285,1125952,1125952,yfinance,2026-07-10T06:58:07.675573+00:00
2026-07-03 11:00:00+00:00,LINK-USD,15m,7.833000183105469,7.861999988555908,7.828000068664551,7.85699987411499,0,0,yfinance,2026-07-10T06:58:07.675573+00:00
2026-07-03 11:15:00+00:00,LINK-USD,15m,7.860000133514404,7.869999885559082,7.843999862670898,7.843999862670898,568896,568896,yfinance,2026-07-10T06:58:07.675573+00:00
2026-07-03 11:30:00+00:00,LINK-USD,15m,7.8429999351501465,7.854000091552734,7.833000183105469,7.839000225067139,0,0,yfinance,2026-07-10T06:58:07.675573+00:00
2026-07-03 11:45:00+00:00,LINK-USD,15m,7.8429999351501465,7.870999813079834,7.8429999351501465,7.866000175476074,81184,81184,yfinance,2026-07-10T06:58:07.675573+00:00
2026-07-03 12:00:00+00:00,LINK-USD,15m,7.864999771118164,7.882999897003174,7.854000091552734,7.86299991607666,490784,490784,yfinance,2026-07-10T06:58:07.675573+00:00
2026-07-03 12:15:00+00:00,LINK-USD,15m,7.86299991607666,7.86299991607666,7.824999809265137,7.839000225067139,115040,115040,yfinance,2026-07-10T06:58:07.675573+00:00
2026-07-03 12:30:00+00:00,LINK-USD,15m,7.835999965667725,7.839000225067139,7.824999809265137,7.829999923706055,0,0,yfinance,2026-07-10T06:58:07.675573+00:00
2026-07-03 12:45:00+00:00,LINK-USD,15m,7.829999923706055,7.835999965667725,7.826000213623047,7.828999996185303,0,0,yfinance,2026-07-10T06:58:07.675573+00:00
2026-07-03 13:00:00+00:00,LINK-USD,15m,7.834000110626221,7.840000152587891,7.828000068664551,7.834000110626221,0,0,yfinance,2026-07-10T06:58:07.675573+00:00
2026-07-03 13:15:00+00:00,LINK-USD,15m,7.834000110626221,7.849999904632568,7.829999923706055,7.843999862670898,0,0,yfinance,2026-07-10T06:58:07.675573+00:00
2026-07-03 13:30:00+00:00,LINK-USD,15m,7.843999862670898,7.86299991607666,7.836999893188477,7.85699987411499,3869472,3869472,yfinance,2026-07-10T06:58:07.675573+00:00
2026-07-03 13:45:00+00:00,LINK-USD,15m,7.857999801635742,7.866000175476074,7.8429999351501465,7.860000133514404,0,0,yfinance,2026-07-10T06:58:07.675573+00:00
2026-07-03 14:00:00+00:00,LINK-USD,15m,7.861000061035156,7.861000061035156,7.802000045776367,7.807000160217285,0,0,yfinance,2026-07-10T06:58:07.675573+00:00
2026-07-03 14:15:00+00:00,LINK-USD,15m,7.809999942779541,7.835999965667725,7.802000045776367,7.823999881744385,0,0,yfinance,2026-07-10T06:58:07.675573+00:00
2026-07-03 14:30:00+00:00,LINK-USD,15m,7.829999923706055,7.8480000495910645,7.809999942779541,7.8429999351501465,0,0,yfinance,2026-07-10T06:58:07.675573+00:00
2026-07-03 14:45:00+00:00,LINK-USD,15m,7.843999862670898,7.853000164031982,7.831999778747559,7.8470001220703125,0,0,yfinance,2026-07-10T06:58:07.675573+00:00
2026-07-03 15:00:00+00:00,LINK-USD,15m,7.849999904632568,7.88700008392334,7.849999904632568,7.860000133514404,1024,1024,yfinance,2026-07-10T06:58:07.675573+00:00
2026-07-03 15:15:00+00:00,LINK-USD,15m,7.861000061035156,7.861999988555908,7.820000171661377,7.824999809265137,0,0,yfinance,2026-07-10T06:58:07.675573+00:00
2026-07-03 15:30:00+00:00,LINK-USD,15m,7.823999881744385,7.8379998207092285,7.820000171661377,7.835999965667725,0,0,yfinance,2026-07-10T06:58:07.675573+00:00
2026-07-03 15:45:00+00:00,LINK-USD,15m,7.835999965667725,7.8470001220703125,7.828000068664551,7.839000225067139,295328,295328,yfinance,2026-07-10T06:58:07.675573+00:00
2026-07-03 16:00:00+00:00,LINK-USD,15m,7.839000225067139,7.84499979019165,7.809000015258789,7.811999797821045,0,0,yfinance,2026-07-10T06:58:07.675573+00:00
2026-07-03 16:15:00+00:00,LINK-USD,15m,7.811999797821045,7.8470001220703125,7.810999870300293,7.84499979019165,9440,9440,yfinance,2026-07-10T06:58:07.675573+00:00
2026-07-03 16:30:00+00:00,LINK-USD,15m,7.843999862670898,7.859000205993652,7.828999996185303,7.85699987411499,0,0,yfinance,2026-07-10T06:58:07.675573+00:00
2026-07-03 16:45:00+00:00,LINK-USD,15m,7.85699987411499,7.866000175476074,7.84499979019165,7.8520002365112305,4144,4144,yfinance,2026-07-10T06:58:07.675573+00:00
2026-07-03 17:00:00+00:00,LINK-USD,15m,7.8520002365112305,7.875,7.84499979019165,7.864999771118164,319552,319552,yfinance,2026-07-10T06:58:07.675573+00:00
2026-07-03 17:15:00+00:00,LINK-USD,15m,7.86299991607666,7.877999782562256,7.86299991607666,7.875999927520752,273488,273488,yfinance,2026-07-10T06:58:07.675573+00:00
2026-07-03 17:30:00+00:00,LINK-USD,15m,7.874000072479248,7.892000198364258,7.869999885559082,7.88700008392334,0,0,yfinance,2026-07-10T06:58:07.675573+00:00
2026-07-03 17:45:00+00:00,LINK-USD,15m,7.889999866485596,7.890999794006348,7.86899995803833,7.885000228881836,178176,178176,yfinance,2026-07-10T06:58:07.675573+00:00
2026-07-03 18:00:00+00:00,LINK-USD,15m,7.881999969482422,7.885000228881836,7.874000072479248,7.88100004196167,0,0,yfinance,2026-07-10T06:58:07.675573+00:00
2026-07-03 18:15:00+00:00,LINK-USD,15m,7.881999969482422,7.888999938964844,7.876999855041504,7.885000228881836,10592,10592,yfinance,2026-07-10T06:58:07.675573+00:00
2026-07-03 18:30:00+00:00,LINK-USD,15m,7.885000228881836,7.9039998054504395,7.885000228881836,7.9039998054504395,94000,94000,yfinance,2026-07-10T06:58:07.675573+00:00
2026-07-03 18:45:00+00:00,LINK-USD,15m,7.9029998779296875,7.919000148773193,7.900000095367432,7.9039998054504395,0,0,yfinance,2026-07-10T06:58:07.675573+00:00
2026-07-03 19:00:00+00:00,LINK-USD,15m,7.9019999504089355,7.914999961853027,7.895999908447266,7.909999847412109,0,0,yfinance,2026-07-10T06:58:07.675573+00:00
2026-07-03 19:15:00+00:00,LINK-USD,15m,7.913000106811523,7.946000099182129,7.909999847412109,7.941999912261963,2656176,2656176,yfinance,2026-07-10T06:58:07.675573+00:00
2026-07-03 19:30:00+00:00,LINK-USD,15m,7.942999839782715,7.9670000076293945,7.934000015258789,7.947000026702881,1273424,1273424,yfinance,2026-07-10T06:58:07.675573+00:00
2026-07-03 19:45:00+00:00,LINK-USD,15m,7.939000129699707,7.947000026702881,7.934000015258789,7.940999984741211,113840,113840,yfinance,2026-07-10T06:58:07.675573+00:00
2026-07-03 20:00:00+00:00,LINK-USD,15m,7.940000057220459,7.968999862670898,7.921000003814697,7.965000152587891,769792,769792,yfinance,2026-07-10T06:58:07.675573+00:00
2026-07-03 20:15:00+00:00,LINK-USD,15m,7.9679999351501465,8.0,7.959000110626221,7.982999801635742,2911248,2911248,yfinance,2026-07-10T06:58:07.675573+00:00
2026-07-03 20:30:00+00:00,LINK-USD,15m,7.985000133514404,8.02299976348877,7.97599983215332,8.003999710083008,2401136,2401136,yfinance,2026-07-10T06:58:07.675573+00:00
2026-07-03 20:45:00+00:00,LINK-USD,15m,8.003000259399414,8.020999908447266,7.994999885559082,8.003000259399414,1956992,1956992,yfinance,2026-07-10T06:58:07.675573+00:00
2026-07-03 21:00:00+00:00,LINK-USD,15m,8.003000259399414,8.02400016784668,7.993000030517578,7.999000072479248,40944,40944,yfinance,2026-07-10T06:58:07.675573+00:00
2026-07-03 21:15:00+00:00,LINK-USD,15m,7.998000144958496,8.005000114440918,7.978000164031982,7.979000091552734,642656,642656,yfinance,2026-07-10T06:58:07.675573+00:00
2026-07-03 21:30:00+00:00,LINK-USD,15m,7.978000164031982,7.979000091552734,7.952000141143799,7.960999965667725,403616,403616,yfinance,2026-07-10T06:58:07.675573+00:00
2026-07-03 21:45:00+00:00,LINK-USD,15m,7.965000152587891,7.989999771118164,7.965000152587891,7.9770002365112305,590960,590960,yfinance,2026-07-10T06:58:07.675573+00:00
2026-07-03 22:00:00+00:00,LINK-USD,15m,7.9770002365112305,7.98199987411499,7.946000099182129,7.948999881744385,0,0,yfinance,2026-07-10T06:58:07.675573+00:00
2026-07-03 22:15:00+00:00,LINK-USD,15m,7.948999881744385,7.961999893188477,7.947999954223633,7.953999996185303,105248,105248,yfinance,2026-07-10T06:58:07.675573+00:00
2026-07-03 22:30:00+00:00,LINK-USD,15m,7.955999851226807,7.955999851226807,7.935999870300293,7.947999954223633,0,0,yfinance,2026-07-10T06:58:07.675573+00:00
2026-07-03 22:45:00+00:00,LINK-USD,15m,7.949999809265137,7.953999996185303,7.936999797821045,7.943999767303467,1601216,1601216,yfinance,2026-07-10T06:58:07.675573+00:00
2026-07-03 23:00:00+00:00,LINK-USD,15m,7.943999767303467,7.946000099182129,7.927000045776367,7.935999870300293,0,0,yfinance,2026-07-10T06:58:07.675573+00:00
2026-07-03 23:15:00+00:00,LINK-USD,15m,7.933000087738037,7.948999881744385,7.933000087738037,7.945000171661377,0,0,yfinance,2026-07-10T06:58:07.675573+00:00
2026-07-03 23:30:00+00:00,LINK-USD,15m,7.947999954223633,7.961999893188477,7.939000129699707,7.956999778747559,0,0,yfinance,2026-07-10T06:58:07.675573+00:00
2026-07-03 23:45:00+00:00,LINK-USD,15m,7.958000183105469,7.9720001220703125,7.953000068664551,7.9670000076293945,0,0,yfinance,2026-07-10T06:58:07.675573+00:00
2026-07-04 00:00:00+00:00,LINK-USD,15m,7.9679999351501465,7.982999801635742,7.960999965667725,7.974999904632568,0,0,yfinance,2026-07-10T06:58:07.675573+00:00
2026-07-04 00:15:00+00:00,LINK-USD,15m,7.9720001220703125,7.973999977111816,7.942999839782715,7.948999881744385,248960,248960,yfinance,2026-07-10T06:58:07.675573+00:00
2026-07-04 00:30:00+00:00,LINK-USD,15m,7.951000213623047,7.954999923706055,7.935999870300293,7.939000129699707,0,0,yfinance,2026-07-10T06:58:07.675573+00:00
2026-07-04 00:45:00+00:00,LINK-USD,15m,7.939000129699707,7.954999923706055,7.939000129699707,7.943999767303467,0,0,yfinance,2026-07-10T06:58:07.675573+00:00
2026-07-04 01:00:00+00:00,LINK-USD,15m,7.941999912261963,7.941999912261963,7.896999835968018,7.9039998054504395,2790352,2790352,yfinance,2026-07-10T06:58:07.675573+00:00
2026-07-04 01:15:00+00:00,LINK-USD,15m,7.90500020980835,7.927000045776367,7.9019999504089355,7.9070000648498535,0,0,yfinance,2026-07-10T06:58:07.675573+00:00
2026-07-04 01:30:00+00:00,LINK-USD,15m,7.9079999923706055,7.916999816894531,7.894999980926514,7.895999908447266,0,0,yfinance,2026-07-10T06:58:07.675573+00:00
2026-07-04 01:45:00+00:00,LINK-USD,15m,7.895999908447266,7.9079999923706055,7.888999938964844,7.906000137329102,0,0,yfinance,2026-07-10T06:58:07.675573+00:00
2026-07-04 02:00:00+00:00,LINK-USD,15m,7.9070000648498535,7.919000148773193,7.900000095367432,7.914000034332275,0,0,yfinance,2026-07-10T06:58:07.675573+00:00
2026-07-04 02:15:00+00:00,LINK-USD,15m,7.914000034332275,7.920000076293945,7.9019999504089355,7.913000106811523,0,0,yfinance,2026-07-10T06:58:07.675573+00:00
2026-07-04 02:30:00+00:00,LINK-USD,15m,7.913000106811523,7.915999889373779,7.894000053405762,7.915999889373779,0,0,yfinance,2026-07-10T06:58:07.675573+00:00
2026-07-04 02:45:00+00:00,LINK-USD,15m,7.916999816894531,7.923999786376953,7.9029998779296875,7.9070000648498535,2306368,2306368,yfinance,2026-07-10T06:58:07.675573+00:00
2026-07-04 03:00:00+00:00,LINK-USD,15m,7.908999919891357,7.915999889373779,7.894999980926514,7.908999919891357,0,0,yfinance,2026-07-10T06:58:07.675573+00:00
2026-07-04 03:15:00+00:00,LINK-USD,15m,7.9079999923706055,7.913000106811523,7.9029998779296875,7.906000137329102,624912,624912,yfinance,2026-07-10T06:58:07.675573+00:00
2026-07-04 03:30:00+00:00,LINK-USD,15m,7.9039998054504395,7.932000160217285,7.896999835968018,7.921999931335449,1822608,1822608,yfinance,2026-07-10T06:58:07.675573+00:00
2026-07-04 03:45:00+00:00,LINK-USD,15m,7.922999858856201,7.923999786376953,7.90500020980835,7.914999961853027,1386560,1386560,yfinance,2026-07-10T06:58:07.675573+00:00
2026-07-04 04:00:00+00:00,LINK-USD,15m,7.9120001792907715,7.938000202178955,7.909999847412109,7.923999786376953,291696,291696,yfinance,2026-07-10T06:58:07.675573+00:00
2026-07-04 04:15:00+00:00,LINK-USD,15m,7.922999858856201,7.934000015258789,7.914999961853027,7.929999828338623,0,0,yfinance,2026-07-10T06:58:07.675573+00:00
2026-07-04 04:30:00+00:00,LINK-USD,15m,7.927999973297119,7.9670000076293945,7.927000045776367,7.948999881744385,104384,104384,yfinance,2026-07-10T06:58:07.675573+00:00
2026-07-04 04:45:00+00:00,LINK-USD,15m,7.953000068664551,7.9730000495910645,7.953000068664551,7.9670000076293945,264176,264176,yfinance,2026-07-10T06:58:07.675573+00:00
2026-07-04 05:00:00+00:00,LINK-USD,15m,7.965000152587891,7.965000152587891,7.934999942779541,7.938000202178955,3232,3232,yfinance,2026-07-10T06:58:07.675573+00:00
2026-07-04 05:15:00+00:00,LINK-USD,15m,7.939000129699707,7.940000057220459,7.910999774932861,7.919000148773193,1152,1152,yfinance,2026-07-10T06:58:07.675573+00:00
2026-07-04 05:30:00+00:00,LINK-USD,15m,7.921000003814697,7.925000190734863,7.915999889373779,7.925000190734863,2228944,2228944,yfinance,2026-07-10T06:58:07.675573+00:00
2026-07-04 05:45:00+00:00,LINK-USD,15m,7.928999900817871,7.934999942779541,7.910999774932861,7.914000034332275,21952,21952,yfinance,2026-07-10T06:58:07.675573+00:00
2026-07-04 06:00:00+00:00,LINK-USD,15m,7.913000106811523,7.943999767303467,7.913000106811523,7.919000148773193,0,0,yfinance,2026-07-10T06:58:07.675573+00:00
2026-07-04 06:15:00+00:00,LINK-USD,15m,7.919000148773193,7.921999931335449,7.888000011444092,7.8979997634887695,100128,100128,yfinance,2026-07-10T06:58:07.675573+00:00
2026-07-04 06:30:00+00:00,LINK-USD,15m,7.8979997634887695,7.9120001792907715,7.8979997634887695,7.9029998779296875,108688,108688,yfinance,2026-07-10T06:58:07.675573+00:00
2026-07-04 06:45:00+00:00,LINK-USD,15m,7.9019999504089355,7.9039998054504395,7.896999835968018,7.901000022888184,0,0,yfinance,2026-07-10T06:58:07.675573+00:00
2026-07-04 07:00:00+00:00,LINK-USD,15m,7.9019999504089355,7.909999847412109,7.89300012588501,7.901000022888184,0,0,yfinance,2026-07-10T06:58:07.675573+00:00
2026-07-04 07:15:00+00:00,LINK-USD,15m,7.8979997634887695,7.9079999923706055,7.892000198364258,7.89900016784668,0,0,yfinance,2026-07-10T06:58:07.675573+00:00
2026-07-04 07:30:00+00:00,LINK-USD,15m,7.89900016784668,7.9039998054504395,7.888999938964844,7.890999794006348,102864,102864,yfinance,2026-07-10T06:58:07.675573+00:00
2026-07-04 07:45:00+00:00,LINK-USD,15m,7.889999866485596,7.918000221252441,7.888000011444092,7.914999961853027,0,0,yfinance,2026-07-10T06:58:07.675573+00:00
2026-07-04 08:00:00+00:00,LINK-USD,15m,7.915999889373779,7.933000087738037,7.9120001792907715,7.931000232696533,0,0,yfinance,2026-07-10T06:58:07.675573+00:00
2026-07-04 08:15:00+00:00,LINK-USD,15m,7.928999900817871,7.928999900817871,7.908999919891357,7.918000221252441,0,0,yfinance,2026-07-10T06:58:07.675573+00:00
2026-07-04 08:30:00+00:00,LINK-USD,15m,7.915999889373779,7.931000232696533,7.915999889373779,7.921000003814697,0,0,yfinance,2026-07-10T06:58:07.675573+00:00
2026-07-04 08:45:00+00:00,LINK-USD,15m,7.921000003814697,7.934999942779541,7.919000148773193,7.921999931335449,0,0,yfinance,2026-07-10T06:58:07.675573+00:00
2026-07-04 09:00:00+00:00,LINK-USD,15m,7.925000190734863,7.927999973297119,7.9070000648498535,7.922999858856201,0,0,yfinance,2026-07-10T06:58:07.675573+00:00
2026-07-04 09:15:00+00:00,LINK-USD,15m,7.920000076293945,7.921999931335449,7.90500020980835,7.90500020980835,0,0,yfinance,2026-07-10T06:58:07.675573+00:00
2026-07-04 09:30:00+00:00,LINK-USD,15m,7.90500020980835,7.90500020980835,7.873000144958496,7.88100004196167,282384,282384,yfinance,2026-07-10T06:58:07.675573+00:00
2026-07-04 09:45:00+00:00,LINK-USD,15m,7.88100004196167,7.888000011444092,7.880000114440918,7.882999897003174,0,0,yfinance,2026-07-10T06:58:07.675573+00:00
2026-07-04 10:00:00+00:00,LINK-USD,15m,7.881999969482422,7.894999980926514,7.876999855041504,7.894000053405762,0,0,yfinance,2026-07-10T06:58:07.675573+00:00
2026-07-04 10:15:00+00:00,LINK-USD,15m,7.890999794006348,7.8979997634887695,7.88700008392334,7.888999938964844,0,0,yfinance,2026-07-10T06:58:07.675573+00:00
2026-07-04 10:30:00+00:00,LINK-USD,15m,7.886000156402588,7.889999866485596,7.881999969482422,7.889999866485596,151920,151920,yfinance,2026-07-10T06:58:07.675573+00:00
2026-07-04 10:45:00+00:00,LINK-USD,15m,7.889999866485596,7.9039998054504395,7.888999938964844,7.8979997634887695,0,0,yfinance,2026-07-10T06:58:07.675573+00:00
2026-07-04 11:00:00+00:00,LINK-USD,15m,7.894999980926514,7.9039998054504395,7.892000198364258,7.89900016784668,0,0,yfinance,2026-07-10T06:58:07.675573+00:00
2026-07-04 11:15:00+00:00,LINK-USD,15m,7.901000022888184,7.9029998779296875,7.890999794006348,7.89300012588501,0,0,yfinance,2026-07-10T06:58:07.675573+00:00
2026-07-04 11:30:00+00:00,LINK-USD,15m,7.894000053405762,7.908999919891357,7.894000053405762,7.906000137329102,43344,43344,yfinance,2026-07-10T06:58:07.675573+00:00
2026-07-04 11:45:00+00:00,LINK-USD,15m,7.906000137329102,7.908999919891357,7.9029998779296875,7.90500020980835,0,0,yfinance,2026-07-10T06:58:07.675573+00:00
2026-07-04 12:00:00+00:00,LINK-USD,15m,7.90500020980835,7.925000190734863,7.90500020980835,7.925000190734863,0,0,yfinance,2026-07-10T06:58:07.675573+00:00
2026-07-04 12:15:00+00:00,LINK-USD,15m,7.925000190734863,7.938000202178955,7.921000003814697,7.938000202178955,0,0,yfinance,2026-07-10T06:58:07.675573+00:00
2026-07-04 12:30:00+00:00,LINK-USD,15m,7.938000202178955,7.946000099182129,7.927000045776367,7.933000087738037,36448,36448,yfinance,2026-07-10T06:58:07.675573+00:00
2026-07-04 12:45:00+00:00,LINK-USD,15m,7.933000087738037,7.951000213623047,7.927999973297119,7.947999954223633,1137184,1137184,yfinance,2026-07-10T06:58:07.675573+00:00
2026-07-04 13:00:00+00:00,LINK-USD,15m,7.951000213623047,7.952000141143799,7.927000045776367,7.929999828338623,0,0,yfinance,2026-07-10T06:58:07.675573+00:00
2026-07-04 13:15:00+00:00,LINK-USD,15m,7.929999828338623,7.98199987411499,7.929999828338623,7.947999954223633,538688,538688,yfinance,2026-07-10T06:58:07.675573+00:00
2026-07-04 13:30:00+00:00,LINK-USD,15m,7.947000026702881,7.947000026702881,7.918000221252441,7.922999858856201,94672,94672,yfinance,2026-07-10T06:58:07.675573+00:00
2026-07-04 13:45:00+00:00,LINK-USD,15m,7.921000003814697,7.934999942779541,7.914000034332275,7.934999942779541,0,0,yfinance,2026-07-10T06:58:07.675573+00:00
2026-07-04 14:00:00+00:00,LINK-USD,15m,7.932000160217285,7.97599983215332,7.932000160217285,7.96999979019165,0,0,yfinance,2026-07-10T06:58:07.675573+00:00
2026-07-04 14:15:00+00:00,LINK-USD,15m,7.9720001220703125,7.98799991607666,7.953999996185303,7.964000225067139,0,0,yfinance,2026-07-10T06:58:07.675573+00:00
2026-07-04 14:30:00+00:00,LINK-USD,15m,7.9670000076293945,7.992000102996826,7.958000183105469,7.986000061035156,0,0,yfinance,2026-07-10T06:58:07.675573+00:00
2026-07-04 14:45:00+00:00,LINK-USD,15m,7.986999988555908,8.006999969482422,7.974999904632568,8.005000114440918,2581616,2581616,yfinance,2026-07-10T06:58:07.675573+00:00
2026-07-04 15:00:00+00:00,LINK-USD,15m,8.005000114440918,8.074000358581543,8.0,8.041999816894531,1338032,1338032,yfinance,2026-07-10T06:58:07.675573+00:00
2026-07-04 15:15:00+00:00,LINK-USD,15m,8.039999961853027,8.069999694824219,8.031000137329102,8.060999870300293,2649520,2649520,yfinance,2026-07-10T06:58:07.675573+00:00
2026-07-04 15:30:00+00:00,LINK-USD,15m,8.062999725341797,8.072999954223633,8.050000190734863,8.067000389099121,872064,872064,yfinance,2026-07-10T06:58:07.675573+00:00
2026-07-04 15:45:00+00:00,LINK-USD,15m,8.071999549865723,8.093999862670898,8.062000274658203,8.083000183105469,1778176,1778176,yfinance,2026-07-10T06:58:07.675573+00:00
2026-07-04 16:00:00+00:00,LINK-USD,15m,8.081999778747559,8.083000183105469,8.052000045776367,8.057999610900879,2219232,2219232,yfinance,2026-07-10T06:58:07.675573+00:00
2026-07-04 16:15:00+00:00,LINK-USD,15m,8.0600004196167,8.081000328063965,8.055999755859375,8.07800006866455,317696,317696,yfinance,2026-07-10T06:58:07.675573+00:00
2026-07-04 16:30:00+00:00,LINK-USD,15m,8.081999778747559,8.093000411987305,8.07800006866455,8.085000038146973,276656,276656,yfinance,2026-07-10T06:58:07.675573+00:00
2026-07-04 16:45:00+00:00,LINK-USD,15m,8.083999633789062,8.093999862670898,8.069999694824219,8.079999923706055,315248,315248,yfinance,2026-07-10T06:58:07.675573+00:00
2026-07-04 17:00:00+00:00,LINK-USD,15m,8.079999923706055,8.079999923706055,8.050000190734863,8.062000274658203,1447728,1447728,yfinance,2026-07-10T06:58:07.675573+00:00
2026-07-04 17:15:00+00:00,LINK-USD,15m,8.062000274658203,8.095000267028809,8.060999870300293,8.093999862670898,203760,203760,yfinance,2026-07-10T06:58:07.675573+00:00
2026-07-04 17:30:00+00:00,LINK-USD,15m,8.093999862670898,8.112000465393066,8.093000411987305,8.109000205993652,842480,842480,yfinance,2026-07-10T06:58:07.675573+00:00
2026-07-04 17:45:00+00:00,LINK-USD,15m,8.107999801635742,8.149999618530273,8.105999946594238,8.135000228881836,2321664,2321664,yfinance,2026-07-10T06:58:07.675573+00:00
2026-07-04 18:00:00+00:00,LINK-USD,15m,8.13700008392334,8.170999526977539,8.133999824523926,8.15999984741211,1638864,1638864,yfinance,2026-07-10T06:58:07.675573+00:00
2026-07-04 18:15:00+00:00,LINK-USD,15m,8.16100025177002,8.16100025177002,8.085000038146973,8.093999862670898,3489552,3489552,yfinance,2026-07-10T06:58:07.675573+00:00
2026-07-04 18:30:00+00:00,LINK-USD,15m,8.09000015258789,8.090999603271484,8.079999923706055,8.081000328063965,2428128,2428128,yfinance,2026-07-10T06:58:07.675573+00:00
2026-07-04 18:45:00+00:00,LINK-USD,15m,8.081000328063965,8.092000007629395,8.072999954223633,8.085000038146973,355680,355680,yfinance,2026-07-10T06:58:07.675573+00:00
2026-07-04 19:00:00+00:00,LINK-USD,15m,8.086000442504883,8.095000267028809,8.053999900817871,8.055000305175781,0,0,yfinance,2026-07-10T06:58:07.675573+00:00
2026-07-04 19:15:00+00:00,LINK-USD,15m,8.055000305175781,8.086999893188477,8.055000305175781,8.083999633789062,0,0,yfinance,2026-07-10T06:58:07.675573+00:00
2026-07-04 19:30:00+00:00,LINK-USD,15m,8.079999923706055,8.09000015258789,8.064000129699707,8.09000015258789,0,0,yfinance,2026-07-10T06:58:07.675573+00:00
2026-07-04 19:45:00+00:00,LINK-USD,15m,8.086999893188477,8.086999893188477,8.0600004196167,8.069999694824219,0,0,yfinance,2026-07-10T06:58:07.675573+00:00
2026-07-04 20:00:00+00:00,LINK-USD,15m,8.069000244140625,8.083000183105469,8.062000274658203,8.083000183105469,0,0,yfinance,2026-07-10T06:58:07.675573+00:00
2026-07-04 20:15:00+00:00,LINK-USD,15m,8.07800006866455,8.079999923706055,8.026000022888184,8.027000427246094,0,0,yfinance,2026-07-10T06:58:07.675573+00:00
2026-07-04 20:30:00+00:00,LINK-USD,15m,8.027000427246094,8.050999641418457,8.027000427246094,8.050999641418457,0,0,yfinance,2026-07-10T06:58:07.675573+00:00
2026-07-04 20:45:00+00:00,LINK-USD,15m,8.048999786376953,8.050999641418457,8.041000366210938,8.041999816894531,0,0,yfinance,2026-07-10T06:58:07.675573+00:00
2026-07-04 21:00:00+00:00,LINK-USD,15m,8.041999816894531,8.057999610900879,8.038999557495117,8.057999610900879,0,0,yfinance,2026-07-10T06:58:07.675573+00:00
2026-07-04 21:15:00+00:00,LINK-USD,15m,8.057999610900879,8.074999809265137,8.053999900817871,8.067000389099121,0,0,yfinance,2026-07-10T06:58:07.675573+00:00
2026-07-04 21:30:00+00:00,LINK-USD,15m,8.069000244140625,8.07800006866455,8.055999755859375,8.055999755859375,0,0,yfinance,2026-07-10T06:58:07.675573+00:00
2026-07-04 21:45:00+00:00,LINK-USD,15m,8.055000305175781,8.055000305175781,8.038000106811523,8.041999816894531,0,0,yfinance,2026-07-10T06:58:07.675573+00:00
2026-07-04 22:00:00+00:00,LINK-USD,15m,8.038000106811523,8.04800033569336,8.022000312805176,8.031000137329102,0,0,yfinance,2026-07-10T06:58:07.675573+00:00
2026-07-04 22:15:00+00:00,LINK-USD,15m,8.031999588012695,8.036999702453613,8.019000053405762,8.020000457763672,302352,302352,yfinance,2026-07-10T06:58:07.675573+00:00
2026-07-04 22:30:00+00:00,LINK-USD,15m,8.020999908447266,8.02400016784668,8.015999794006348,8.019000053405762,0,0,yfinance,2026-07-10T06:58:07.675573+00:00
2026-07-04 22:45:00+00:00,LINK-USD,15m,8.019000053405762,8.019000053405762,8.006999969482422,8.015000343322754,0,0,yfinance,2026-07-10T06:58:07.675573+00:00
2026-07-04 23:00:00+00:00,LINK-USD,15m,8.017000198364258,8.02400016784668,7.984000205993652,7.984000205993652,545088,545088,yfinance,2026-07-10T06:58:07.675573+00:00
2026-07-04 23:15:00+00:00,LINK-USD,15m,7.982999801635742,8.003999710083008,7.968999862670898,7.999000072479248,1393504,1393504,yfinance,2026-07-10T06:58:07.675573+00:00
2026-07-04 23:30:00+00:00,LINK-USD,15m,8.005000114440918,8.010000228881836,8.0,8.008000373840332,43744,43744,yfinance,2026-07-10T06:58:07.675573+00:00
2026-07-04 23:45:00+00:00,LINK-USD,15m,8.010000228881836,8.012999534606934,7.99399995803833,8.0,0,0,yfinance,2026-07-10T06:58:07.675573+00:00
2026-07-05 00:00:00+00:00,LINK-USD,15m,7.999000072479248,8.003000259399414,7.9730000495910645,7.980000019073486,0,0,yfinance,2026-07-10T06:58:07.675573+00:00
2026-07-05 00:15:00+00:00,LINK-USD,15m,7.9770002365112305,7.98199987411499,7.954999923706055,7.966000080108643,212208,212208,yfinance,2026-07-10T06:58:07.675573+00:00
2026-07-05 00:30:00+00:00,LINK-USD,15m,7.966000080108643,7.9770002365112305,7.947000026702881,7.96999979019165,1457408,1457408,yfinance,2026-07-10T06:58:07.675573+00:00
2026-07-05 00:45:00+00:00,LINK-USD,15m,7.9710001945495605,7.974999904632568,7.947000026702881,7.960000038146973,171744,171744,yfinance,2026-07-10T06:58:07.675573+00:00
2026-07-05 01:00:00+00:00,LINK-USD,15m,7.961999893188477,7.9720001220703125,7.952000141143799,7.952000141143799,0,0,yfinance,2026-07-10T06:58:07.675573+00:00
2026-07-05 01:15:00+00:00,LINK-USD,15m,7.952000141143799,7.952000141143799,7.921000003814697,7.945000171661377,163968,163968,yfinance,2026-07-10T06:58:07.675573+00:00
2026-07-05 01:30:00+00:00,LINK-USD,15m,7.941999912261963,7.941999912261963,7.9070000648498535,7.927999973297119,69440,69440,yfinance,2026-07-10T06:58:07.675573+00:00
2026-07-05 01:45:00+00:00,LINK-USD,15m,7.927000045776367,7.934999942779541,7.922999858856201,7.934000015258789,914080,914080,yfinance,2026-07-10T06:58:07.675573+00:00
2026-07-05 02:00:00+00:00,LINK-USD,15m,7.931000232696533,7.934999942779541,7.888999938964844,7.894999980926514,1327168,1327168,yfinance,2026-07-10T06:58:07.675573+00:00
2026-07-05 02:15:00+00:00,LINK-USD,15m,7.888999938964844,7.9120001792907715,7.876999855041504,7.910999774932861,2927968,2927968,yfinance,2026-07-10T06:58:07.675573+00:00
2026-07-05 02:30:00+00:00,LINK-USD,15m,7.9070000648498535,7.918000221252441,7.879000186920166,7.879000186920166,419760,419760,yfinance,2026-07-10T06:58:07.675573+00:00
2026-07-05 02:45:00+00:00,LINK-USD,15m,7.873000144958496,7.890999794006348,7.870999813079834,7.883999824523926,799824,799824,yfinance,2026-07-10T06:58:07.675573+00:00
2026-07-05 03:00:00+00:00,LINK-USD,15m,7.886000156402588,7.9120001792907715,7.886000156402588,7.910999774932861,0,0,yfinance,2026-07-10T06:58:07.675573+00:00
2026-07-05 03:15:00+00:00,LINK-USD,15m,7.909999847412109,7.910999774932861,7.875999927520752,7.875999927520752,886176,886176,yfinance,2026-07-10T06:58:07.675573+00:00
2026-07-05 03:30:00+00:00,LINK-USD,15m,7.876999855041504,7.890999794006348,7.875,7.885000228881836,0,0,yfinance,2026-07-10T06:58:07.675573+00:00
2026-07-05 03:45:00+00:00,LINK-USD,15m,7.881999969482422,7.892000198364258,7.881999969482422,7.888000011444092,0,0,yfinance,2026-07-10T06:58:07.675573+00:00
2026-07-05 04:00:00+00:00,LINK-USD,15m,7.888000011444092,7.89300012588501,7.876999855041504,7.89300012588501,0,0,yfinance,2026-07-10T06:58:07.675573+00:00
2026-07-05 04:15:00+00:00,LINK-USD,15m,7.89300012588501,7.909999847412109,7.89300012588501,7.9070000648498535,169536,169536,yfinance,2026-07-10T06:58:07.675573+00:00
2026-07-05 04:30:00+00:00,LINK-USD,15m,7.9070000648498535,7.921999931335449,7.9070000648498535,7.914999961853027,336272,336272,yfinance,2026-07-10T06:58:07.675573+00:00
2026-07-05 04:45:00+00:00,LINK-USD,15m,7.914000034332275,7.916999816894531,7.895999908447266,7.895999908447266,125216,125216,yfinance,2026-07-10T06:58:07.675573+00:00
2026-07-05 05:00:00+00:00,LINK-USD,15m,7.894000053405762,7.896999835968018,7.885000228881836,7.894000053405762,126784,126784,yfinance,2026-07-10T06:58:07.675573+00:00
2026-07-05 05:15:00+00:00,LINK-USD,15m,7.89300012588501,7.895999908447266,7.881999969482422,7.886000156402588,355152,355152,yfinance,2026-07-10T06:58:07.675573+00:00
2026-07-05 05:30:00+00:00,LINK-USD,15m,7.885000228881836,7.889999866485596,7.8460001945495605,7.854000091552734,684512,684512,yfinance,2026-07-10T06:58:07.675573+00:00
2026-07-05 05:45:00+00:00,LINK-USD,15m,7.854000091552734,7.874000072479248,7.8520002365112305,7.869999885559082,1684976,1684976,yfinance,2026-07-10T06:58:07.675573+00:00
2026-07-05 06:00:00+00:00,LINK-USD,15m,7.866000175476074,7.867000102996826,7.854000091552734,7.866000175476074,488640,488640,yfinance,2026-07-10T06:58:07.675573+00:00
2026-07-05 06:15:00+00:00,LINK-USD,15m,7.867000102996826,7.875999927520752,7.863999843597412,7.875999927520752,92512,92512,yfinance,2026-07-10T06:58:07.675573+00:00
2026-07-05 06:30:00+00:00,LINK-USD,15m,7.875,7.886000156402588,7.873000144958496,7.877999782562256,18096,18096,yfinance,2026-07-10T06:58:07.675573+00:00
2026-07-05 06:45:00+00:00,LINK-USD,15m,7.875999927520752,7.886000156402588,7.875999927520752,7.885000228881836,193056,193056,yfinance,2026-07-10T06:58:07.675573+00:00
2026-07-05 07:00:00+00:00,LINK-USD,15m,7.881999969482422,7.888999938964844,7.875999927520752,7.875999927520752,82752,82752,yfinance,2026-07-10T06:58:07.675573+00:00
2026-07-05 07:15:00+00:00,LINK-USD,15m,7.874000072479248,7.882999897003174,7.870999813079834,7.877999782562256,68624,68624,yfinance,2026-07-10T06:58:07.675573+00:00
2026-07-05 07:30:00+00:00,LINK-USD,15m,7.880000114440918,7.9079999923706055,7.880000114440918,7.9070000648498535,370272,370272,yfinance,2026-07-10T06:58:07.675573+00:00
2026-07-05 07:45:00+00:00,LINK-USD,15m,7.9039998054504395,7.923999786376953,7.9019999504089355,7.918000221252441,412496,412496,yfinance,2026-07-10T06:58:07.675573+00:00
2026-07-05 08:00:00+00:00,LINK-USD,15m,7.919000148773193,7.931000232696533,7.910999774932861,7.921999931335449,506368,506368,yfinance,2026-07-10T06:58:07.675573+00:00
2026-07-05 08:15:00+00:00,LINK-USD,15m,7.921999931335449,7.927999973297119,7.913000106811523,7.914999961853027,0,0,yfinance,2026-07-10T06:58:07.675573+00:00
2026-07-05 08:30:00+00:00,LINK-USD,15m,7.914999961853027,7.929999828338623,7.914999961853027,7.922999858856201,4159616,4159616,yfinance,2026-07-10T06:58:07.675573+00:00
2026-07-05 08:45:00+00:00,LINK-USD,15m,7.922999858856201,7.935999870300293,7.921000003814697,7.921000003814697,55648,55648,yfinance,2026-07-10T06:58:07.675573+00:00
2026-07-05 09:00:00+00:00,LINK-USD,15m,7.921000003814697,7.925000190734863,7.908999919891357,7.908999919891357,0,0,yfinance,2026-07-10T06:58:07.675573+00:00
2026-07-05 09:15:00+00:00,LINK-USD,15m,7.908999919891357,7.910999774932861,7.888000011444092,7.888999938964844,129424,129424,yfinance,2026-07-10T06:58:07.675573+00:00
2026-07-05 09:30:00+00:00,LINK-USD,15m,7.888999938964844,7.896999835968018,7.843999862670898,7.849999904632568,219888,219888,yfinance,2026-07-10T06:58:07.675573+00:00
2026-07-05 09:45:00+00:00,LINK-USD,15m,7.8520002365112305,7.861000061035156,7.84499979019165,7.85699987411499,2996016,2996016,yfinance,2026-07-10T06:58:07.675573+00:00
2026-07-05 10:00:00+00:00,LINK-USD,15m,7.8520002365112305,7.866000175476074,7.830999851226807,7.857999801635742,2124800,2124800,yfinance,2026-07-10T06:58:07.675573+00:00
2026-07-05 10:15:00+00:00,LINK-USD,15m,7.855999946594238,7.86899995803833,7.853000164031982,7.866000175476074,916480,916480,yfinance,2026-07-10T06:58:07.675573+00:00
2026-07-05 10:30:00+00:00,LINK-USD,15m,7.866000175476074,7.876999855041504,7.864999771118164,7.872000217437744,0,0,yfinance,2026-07-10T06:58:07.675573+00:00
2026-07-05 10:45:00+00:00,LINK-USD,15m,7.872000217437744,7.881999969482422,7.872000217437744,7.879000186920166,899552,899552,yfinance,2026-07-10T06:58:07.675573+00:00
2026-07-05 11:00:00+00:00,LINK-USD,15m,7.881999969482422,7.89300012588501,7.876999855041504,7.881999969482422,690512,690512,yfinance,2026-07-10T06:58:07.675573+00:00
2026-07-05 11:15:00+00:00,LINK-USD,15m,7.881999969482422,7.885000228881836,7.874000072479248,7.876999855041504,4304,4304,yfinance,2026-07-10T06:58:07.675573+00:00
2026-07-05 11:30:00+00:00,LINK-USD,15m,7.874000072479248,7.896999835968018,7.874000072479248,7.894000053405762,239184,239184,yfinance,2026-07-10T06:58:07.675573+00:00
2026-07-05 11:45:00+00:00,LINK-USD,15m,7.89300012588501,7.89300012588501,7.877999782562256,7.885000228881836,47536,47536,yfinance,2026-07-10T06:58:07.675573+00:00
2026-07-05 12:00:00+00:00,LINK-USD,15m,7.88100004196167,7.885000228881836,7.867000102996826,7.885000228881836,731264,731264,yfinance,2026-07-10T06:58:07.675573+00:00
2026-07-05 12:15:00+00:00,LINK-USD,15m,7.882999897003174,7.920000076293945,7.882999897003174,7.920000076293945,601680,601680,yfinance,2026-07-10T06:58:07.675573+00:00
2026-07-05 12:30:00+00:00,LINK-USD,15m,7.922999858856201,7.936999797821045,7.9120001792907715,7.9120001792907715,3684784,3684784,yfinance,2026-07-10T06:58:07.675573+00:00
2026-07-05 12:45:00+00:00,LINK-USD,15m,7.9120001792907715,7.918000221252441,7.9079999923706055,7.915999889373779,295552,295552,yfinance,2026-07-10T06:58:07.675573+00:00
2026-07-05 13:00:00+00:00,LINK-USD,15m,7.914999961853027,7.928999900817871,7.909999847412109,7.921999931335449,100720,100720,yfinance,2026-07-10T06:58:07.675573+00:00
2026-07-05 13:15:00+00:00,LINK-USD,15m,7.921000003814697,7.923999786376953,7.900000095367432,7.909999847412109,0,0,yfinance,2026-07-10T06:58:07.675573+00:00
2026-07-05 13:30:00+00:00,LINK-USD,15m,7.9079999923706055,7.920000076293945,7.90500020980835,7.920000076293945,8272,8272,yfinance,2026-07-10T06:58:07.675573+00:00
2026-07-05 13:45:00+00:00,LINK-USD,15m,7.922999858856201,7.931000232696533,7.921000003814697,7.928999900817871,0,0,yfinance,2026-07-10T06:58:07.675573+00:00
2026-07-05 14:00:00+00:00,LINK-USD,15m,7.928999900817871,7.940999984741211,7.927000045776367,7.931000232696533,5376,5376,yfinance,2026-07-10T06:58:07.675573+00:00
2026-07-05 14:15:00+00:00,LINK-USD,15m,7.931000232696533,7.938000202178955,7.923999786376953,7.936999797821045,59872,59872,yfinance,2026-07-10T06:58:07.675573+00:00
2026-07-05 14:30:00+00:00,LINK-USD,15m,7.938000202178955,7.960000038146973,7.932000160217285,7.951000213623047,2098912,2098912,yfinance,2026-07-10T06:58:07.675573+00:00
2026-07-05 14:45:00+00:00,LINK-USD,15m,7.948999881744385,7.964000225067139,7.939000129699707,7.964000225067139,3611520,3611520,yfinance,2026-07-10T06:58:07.675573+00:00
2026-07-05 15:00:00+00:00,LINK-USD,15m,7.964000225067139,8.00100040435791,7.9629998207092285,7.9679999351501465,514064,514064,yfinance,2026-07-10T06:58:07.675573+00:00
2026-07-05 15:15:00+00:00,LINK-USD,15m,7.966000080108643,7.9730000495910645,7.948999881744385,7.958000183105469,0,0,yfinance,2026-07-10T06:58:07.675573+00:00
2026-07-05 15:30:00+00:00,LINK-USD,15m,7.958000183105469,7.978000164031982,7.943999767303467,7.947999954223633,0,0,yfinance,2026-07-10T06:58:07.675573+00:00
2026-07-05 15:45:00+00:00,LINK-USD,15m,7.942999839782715,7.961999893188477,7.941999912261963,7.956999778747559,0,0,yfinance,2026-07-10T06:58:07.675573+00:00
2026-07-05 16:00:00+00:00,LINK-USD,15m,7.960000038146973,7.9720001220703125,7.947999954223633,7.955999851226807,0,0,yfinance,2026-07-10T06:58:07.675573+00:00
2026-07-05 16:15:00+00:00,LINK-USD,15m,7.955999851226807,7.958000183105469,7.941999912261963,7.942999839782715,1018832,1018832,yfinance,2026-07-10T06:58:07.675573+00:00
2026-07-05 16:30:00+00:00,LINK-USD,15m,7.947000026702881,7.952000141143799,7.933000087738037,7.940000057220459,31712,31712,yfinance,2026-07-10T06:58:07.675573+00:00
2026-07-05 16:45:00+00:00,LINK-USD,15m,7.940999984741211,7.961999893188477,7.940999984741211,7.960000038146973,0,0,yfinance,2026-07-10T06:58:07.675573+00:00
2026-07-05 17:00:00+00:00,LINK-USD,15m,7.960000038146973,7.974999904632568,7.960000038146973,7.96999979019165,0,0,yfinance,2026-07-10T06:58:07.675573+00:00
2026-07-05 17:15:00+00:00,LINK-USD,15m,7.974999904632568,8.0,7.966000080108643,7.978000164031982,600944,600944,yfinance,2026-07-10T06:58:07.675573+00:00
2026-07-05 17:30:00+00:00,LINK-USD,15m,7.9770002365112305,7.980999946594238,7.960999965667725,7.960999965667725,240752,240752,yfinance,2026-07-10T06:58:07.675573+00:00
2026-07-05 17:45:00+00:00,LINK-USD,15m,7.961999893188477,7.979000091552734,7.961999893188477,7.9710001945495605,47920,47920,yfinance,2026-07-10T06:58:07.675573+00:00
2026-07-05 18:00:00+00:00,LINK-USD,15m,7.968999862670898,7.988999843597412,7.9670000076293945,7.978000164031982,1362368,1362368,yfinance,2026-07-10T06:58:07.675573+00:00
2026-07-05 18:15:00+00:00,LINK-USD,15m,7.980000019073486,7.998000144958496,7.980000019073486,7.991000175476074,0,0,yfinance,2026-07-10T06:58:07.675573+00:00
2026-07-05 18:30:00+00:00,LINK-USD,15m,7.991000175476074,8.003999710083008,7.991000175476074,8.003999710083008,40480,40480,yfinance,2026-07-10T06:58:07.675573+00:00
2026-07-05 18:45:00+00:00,LINK-USD,15m,8.005000114440918,8.029000282287598,7.997000217437744,8.01099967956543,46640,46640,yfinance,2026-07-10T06:58:07.675573+00:00
2026-07-05 19:00:00+00:00,LINK-USD,15m,8.008999824523926,8.024999618530273,8.008999824523926,8.020000457763672,0,0,yfinance,2026-07-10T06:58:07.675573+00:00
2026-07-05 19:15:00+00:00,LINK-USD,15m,8.022000312805176,8.027000427246094,7.995999813079834,8.010000228881836,0,0,yfinance,2026-07-10T06:58:07.675573+00:00
2026-07-05 19:30:00+00:00,LINK-USD,15m,8.010000228881836,8.020999908447266,8.008999824523926,8.015000343322754,313968,313968,yfinance,2026-07-10T06:58:07.675573+00:00
2026-07-05 19:45:00+00:00,LINK-USD,15m,8.017000198364258,8.020000457763672,8.003999710083008,8.012999534606934,0,0,yfinance,2026-07-10T06:58:07.675573+00:00
2026-07-05 20:00:00+00:00,LINK-USD,15m,8.015000343322754,8.02299976348877,8.012999534606934,8.017999649047852,231728,231728,yfinance,2026-07-10T06:58:07.675573+00:00
2026-07-05 20:15:00+00:00,LINK-USD,15m,8.017999649047852,8.019000053405762,7.989999771118164,7.995999813079834,67520,67520,yfinance,2026-07-10T06:58:07.675573+00:00
2026-07-05 20:30:00+00:00,LINK-USD,15m,7.995999813079834,8.00100040435791,7.991000175476074,7.998000144958496,93056,93056,yfinance,2026-07-10T06:58:07.675573+00:00
2026-07-05 20:45:00+00:00,LINK-USD,15m,8.00100040435791,8.003000259399414,7.994999885559082,8.001999855041504,45840,45840,yfinance,2026-07-10T06:58:07.675573+00:00
2026-07-05 21:00:00+00:00,LINK-USD,15m,7.998000144958496,7.998000144958496,7.96999979019165,7.979000091552734,1361840,1361840,yfinance,2026-07-10T06:58:07.675573+00:00
2026-07-05 21:15:00+00:00,LINK-USD,15m,7.9770002365112305,8.02400016784668,7.9770002365112305,8.019000053405762,576496,576496,yfinance,2026-07-10T06:58:07.675573+00:00
2026-07-05 21:30:00+00:00,LINK-USD,15m,8.019000053405762,8.041000366210938,8.017000198364258,8.024999618530273,736800,736800,yfinance,2026-07-10T06:58:07.675573+00:00
2026-07-05 21:45:00+00:00,LINK-USD,15m,8.02299976348877,8.071999549865723,8.020000457763672,8.041000366210938,590256,590256,yfinance,2026-07-10T06:58:07.675573+00:00
2026-07-05 22:00:00+00:00,LINK-USD,15m,8.043999671936035,8.074999809265137,8.027999877929688,8.072999954223633,1339200,1339200,yfinance,2026-07-10T06:58:07.675573+00:00
2026-07-05 22:15:00+00:00,LINK-USD,15m,8.069000244140625,8.121999740600586,8.067000389099121,8.116000175476074,2582208,2582208,yfinance,2026-07-10T06:58:07.675573+00:00
2026-07-05 22:30:00+00:00,LINK-USD,15m,8.119999885559082,8.142999649047852,8.07699966430664,8.07800006866455,2643008,2643008,yfinance,2026-07-10T06:58:07.675573+00:00
2026-07-05 22:45:00+00:00,LINK-USD,15m,8.081000328063965,8.08899974822998,8.062999725341797,8.08899974822998,872144,872144,yfinance,2026-07-10T06:58:07.675573+00:00
2026-07-05 23:00:00+00:00,LINK-USD,15m,8.092000007629395,8.121000289916992,8.081999778747559,8.121000289916992,125216,125216,yfinance,2026-07-10T06:58:07.675573+00:00
2026-07-05 23:15:00+00:00,LINK-USD,15m,8.123000144958496,8.12600040435791,8.072999954223633,8.074999809265137,220032,220032,yfinance,2026-07-10T06:58:07.675573+00:00
2026-07-05 23:30:00+00:00,LINK-USD,15m,8.074000358581543,8.083000183105469,8.062999725341797,8.074000358581543,510320,510320,yfinance,2026-07-10T06:58:07.675573+00:00
2026-07-05 23:45:00+00:00,LINK-USD,15m,8.071999549865723,8.076000213623047,8.045000076293945,8.053999900817871,598224,598224,yfinance,2026-07-10T06:58:07.675573+00:00
2026-07-06 00:00:00+00:00,LINK-USD,15m,8.053000450134277,8.064000129699707,8.029000282287598,8.045999526977539,0,0,yfinance,2026-07-10T06:58:07.675573+00:00
2026-07-06 00:15:00+00:00,LINK-USD,15m,8.052000045776367,8.0600004196167,8.005999565124512,8.005999565124512,183712,183712,yfinance,2026-07-10T06:58:07.675573+00:00
2026-07-06 00:30:00+00:00,LINK-USD,15m,8.005000114440918,8.053999900817871,7.99399995803833,8.053999900817871,15760,15760,yfinance,2026-07-10T06:58:07.675573+00:00
2026-07-06 00:45:00+00:00,LINK-USD,15m,8.0600004196167,8.102999687194824,8.053999900817871,8.10099983215332,421456,421456,yfinance,2026-07-10T06:58:07.675573+00:00
2026-07-06 01:00:00+00:00,LINK-USD,15m,8.100000381469727,8.125,8.093999862670898,8.112000465393066,3317184,3317184,yfinance,2026-07-10T06:58:07.675573+00:00
2026-07-06 01:15:00+00:00,LINK-USD,15m,8.11299991607666,8.119999885559082,8.072999954223633,8.086000442504883,185280,185280,yfinance,2026-07-10T06:58:07.675573+00:00
2026-07-06 01:30:00+00:00,LINK-USD,15m,8.083999633789062,8.12399959564209,8.079000473022461,8.093999862670898,443344,443344,yfinance,2026-07-10T06:58:07.675573+00:00
2026-07-06 01:45:00+00:00,LINK-USD,15m,8.086000442504883,8.086000442504883,8.04800033569336,8.050999641418457,398816,398816,yfinance,2026-07-10T06:58:07.675573+00:00
2026-07-06 02:00:00+00:00,LINK-USD,15m,8.050999641418457,8.060999870300293,8.008999824523926,8.012999534606934,308672,308672,yfinance,2026-07-10T06:58:07.675573+00:00
2026-07-06 02:15:00+00:00,LINK-USD,15m,8.015999794006348,8.050000190734863,8.008999824523926,8.029999732971191,263824,263824,yfinance,2026-07-10T06:58:07.675573+00:00
2026-07-06 02:30:00+00:00,LINK-USD,15m,8.026000022888184,8.03600025177002,8.003999710083008,8.005000114440918,722176,722176,yfinance,2026-07-10T06:58:07.675573+00:00
2026-07-06 02:45:00+00:00,LINK-USD,15m,8.008000373840332,8.022000312805176,8.005000114440918,8.022000312805176,0,0,yfinance,2026-07-10T06:58:07.675573+00:00
2026-07-06 03:00:00+00:00,LINK-USD,15m,8.020000457763672,8.024999618530273,8.003999710083008,8.006999969482422,0,0,yfinance,2026-07-10T06:58:07.675573+00:00
2026-07-06 03:15:00+00:00,LINK-USD,15m,8.008000373840332,8.012999534606934,7.9730000495910645,7.979000091552734,389040,389040,yfinance,2026-07-10T06:58:07.675573+00:00
2026-07-06 03:30:00+00:00,LINK-USD,15m,7.980000019073486,8.003000259399414,7.964000225067139,7.974999904632568,765888,765888,yfinance,2026-07-10T06:58:07.675573+00:00
2026-07-06 03:45:00+00:00,LINK-USD,15m,7.974999904632568,7.98799991607666,7.9720001220703125,7.98799991607666,230160,230160,yfinance,2026-07-10T06:58:07.675573+00:00
2026-07-06 04:00:00+00:00,LINK-USD,15m,7.986000061035156,7.998000144958496,7.9720001220703125,7.995999813079834,184464,184464,yfinance,2026-07-10T06:58:07.675573+00:00
2026-07-06 04:15:00+00:00,LINK-USD,15m,7.993000030517578,7.998000144958496,7.9670000076293945,7.9710001945495605,288016,288016,yfinance,2026-07-10T06:58:07.675573+00:00
2026-07-06 04:30:00+00:00,LINK-USD,15m,7.9720001220703125,7.997000217437744,7.965000152587891,7.988999843597412,73296,73296,yfinance,2026-07-10T06:58:07.675573+00:00
2026-07-06 04:45:00+00:00,LINK-USD,15m,7.986999988555908,7.99399995803833,7.9720001220703125,7.9720001220703125,50720,50720,yfinance,2026-07-10T06:58:07.675573+00:00
2026-07-06 05:00:00+00:00,LINK-USD,15m,7.9720001220703125,7.9720001220703125,7.948999881744385,7.958000183105469,562608,562608,yfinance,2026-07-10T06:58:07.675573+00:00
2026-07-06 05:15:00+00:00,LINK-USD,15m,7.956999778747559,7.960000038146973,7.908999919891357,7.9120001792907715,679728,679728,yfinance,2026-07-10T06:58:07.675573+00:00
2026-07-06 05:30:00+00:00,LINK-USD,15m,7.910999774932861,7.942999839782715,7.900000095367432,7.932000160217285,3518592,3518592,yfinance,2026-07-10T06:58:07.675573+00:00
2026-07-06 05:45:00+00:00,LINK-USD,15m,7.927999973297119,7.943999767303467,7.926000118255615,7.934000015258789,0,0,yfinance,2026-07-10T06:58:07.675573+00:00
2026-07-06 06:00:00+00:00,LINK-USD,15m,7.934999942779541,7.940999984741211,7.922999858856201,7.932000160217285,229632,229632,yfinance,2026-07-10T06:58:07.675573+00:00
2026-07-06 06:15:00+00:00,LINK-USD,15m,7.934000015258789,7.934999942779541,7.915999889373779,7.925000190734863,2913072,2913072,yfinance,2026-07-10T06:58:07.675573+00:00
2026-07-06 06:30:00+00:00,LINK-USD,15m,7.922999858856201,7.931000232696533,7.914999961853027,7.929999828338623,753536,753536,yfinance,2026-07-10T06:58:07.675573+00:00
2026-07-06 06:45:00+00:00,LINK-USD,15m,7.932000160217285,7.932000160217285,7.915999889373779,7.925000190734863,59392,59392,yfinance,2026-07-10T06:58:07.675573+00:00
2026-07-06 07:00:00+00:00,LINK-USD,15m,7.922999858856201,7.929999828338623,7.913000106811523,7.919000148773193,248560,248560,yfinance,2026-07-10T06:58:07.675573+00:00
2026-07-06 07:15:00+00:00,LINK-USD,15m,7.919000148773193,7.942999839782715,7.919000148773193,7.933000087738037,1046048,1046048,yfinance,2026-07-10T06:58:07.675573+00:00
2026-07-06 07:30:00+00:00,LINK-USD,15m,7.932000160217285,7.943999767303467,7.918000221252441,7.943999767303467,569376,569376,yfinance,2026-07-10T06:58:07.675573+00:00
2026-07-06 07:45:00+00:00,LINK-USD,15m,7.948999881744385,7.949999809265137,7.940999984741211,7.943999767303467,78592,78592,yfinance,2026-07-10T06:58:07.675573+00:00
2026-07-06 08:00:00+00:00,LINK-USD,15m,7.942999839782715,7.965000152587891,7.942999839782715,7.949999809265137,247632,247632,yfinance,2026-07-10T06:58:07.675573+00:00
2026-07-06 08:15:00+00:00,LINK-USD,15m,7.949999809265137,7.965000152587891,7.936999797821045,7.958000183105469,911168,911168,yfinance,2026-07-10T06:58:07.675573+00:00
2026-07-06 08:30:00+00:00,LINK-USD,15m,7.958000183105469,7.959000110626221,7.922999858856201,7.934000015258789,176240,176240,yfinance,2026-07-10T06:58:07.675573+00:00
2026-07-06 08:45:00+00:00,LINK-USD,15m,7.934000015258789,7.934000015258789,7.921000003814697,7.928999900817871,443040,443040,yfinance,2026-07-10T06:58:07.675573+00:00
2026-07-06 09:00:00+00:00,LINK-USD,15m,7.928999900817871,7.929999828338623,7.920000076293945,7.922999858856201,67696,67696,yfinance,2026-07-10T06:58:07.675573+00:00
2026-07-06 09:15:00+00:00,LINK-USD,15m,7.921999931335449,7.925000190734863,7.9039998054504395,7.90500020980835,2257200,2257200,yfinance,2026-07-10T06:58:07.675573+00:00
2026-07-06 09:30:00+00:00,LINK-USD,15m,7.90500020980835,7.90500020980835,7.881999969482422,7.888999938964844,230512,230512,yfinance,2026-07-10T06:58:07.675573+00:00
2026-07-06 09:45:00+00:00,LINK-USD,15m,7.886000156402588,7.894999980926514,7.877999782562256,7.892000198364258,0,0,yfinance,2026-07-10T06:58:07.675573+00:00
2026-07-06 10:00:00+00:00,LINK-USD,15m,7.890999794006348,7.918000221252441,7.888000011444092,7.913000106811523,0,0,yfinance,2026-07-10T06:58:07.675573+00:00
2026-07-06 10:15:00+00:00,LINK-USD,15m,7.913000106811523,7.921000003814697,7.909999847412109,7.919000148773193,0,0,yfinance,2026-07-10T06:58:07.675573+00:00
2026-07-06 10:30:00+00:00,LINK-USD,15m,7.919000148773193,7.956999778747559,7.919000148773193,7.956999778747559,1100448,1100448,yfinance,2026-07-10T06:58:07.675573+00:00
2026-07-06 10:45:00+00:00,LINK-USD,15m,7.953000068664551,7.9670000076293945,7.953000068664551,7.960999965667725,4670176,4670176,yfinance,2026-07-10T06:58:07.675573+00:00
2026-07-06 11:00:00+00:00,LINK-USD,15m,7.964000225067139,7.9679999351501465,7.941999912261963,7.942999839782715,858672,858672,yfinance,2026-07-10T06:58:07.675573+00:00
2026-07-06 11:15:00+00:00,LINK-USD,15m,7.945000171661377,7.953000068664551,7.940000057220459,7.946000099182129,406624,406624,yfinance,2026-07-10T06:58:07.675573+00:00
2026-07-06 11:30:00+00:00,LINK-USD,15m,7.941999912261963,7.9770002365112305,7.941999912261963,7.968999862670898,827536,827536,yfinance,2026-07-10T06:58:07.675573+00:00
2026-07-06 11:45:00+00:00,LINK-USD,15m,7.9710001945495605,7.97599983215332,7.914999961853027,7.914999961853027,301088,301088,yfinance,2026-07-10T06:58:07.675573+00:00
2026-07-06 12:00:00+00:00,LINK-USD,15m,7.913000106811523,7.913000106811523,7.809000015258789,7.8520002365112305,14708512,14708512,yfinance,2026-07-10T06:58:07.675573+00:00
2026-07-06 12:15:00+00:00,LINK-USD,15m,7.855999946594238,7.875999927520752,7.85099983215332,7.86299991607666,3579536,3579536,yfinance,2026-07-10T06:58:07.675573+00:00
2026-07-06 12:30:00+00:00,LINK-USD,15m,7.861000061035156,7.875999927520752,7.815000057220459,7.815000057220459,491552,491552,yfinance,2026-07-10T06:58:07.675573+00:00
2026-07-06 12:45:00+00:00,LINK-USD,15m,7.816999912261963,7.823999881744385,7.795000076293945,7.797999858856201,2591488,2591488,yfinance,2026-07-10T06:58:07.675573+00:00
2026-07-06 13:00:00+00:00,LINK-USD,15m,7.794000148773193,7.800000190734863,7.755000114440918,7.767000198364258,2144656,2144656,yfinance,2026-07-10T06:58:07.675573+00:00
2026-07-06 13:15:00+00:00,LINK-USD,15m,7.769000053405762,7.7769999504089355,7.75,7.76200008392334,3968640,3968640,yfinance,2026-07-10T06:58:07.675573+00:00
2026-07-06 13:30:00+00:00,LINK-USD,15m,7.756999969482422,7.817999839782715,7.756999969482422,7.817999839782715,2988960,2988960,yfinance,2026-07-10T06:58:07.675573+00:00
2026-07-06 13:45:00+00:00,LINK-USD,15m,7.815000057220459,7.860000133514404,7.813000202178955,7.820000171661377,2615248,2615248,yfinance,2026-07-10T06:58:07.675573+00:00
2026-07-06 14:00:00+00:00,LINK-USD,15m,7.816999912261963,7.8420000076293945,7.809999942779541,7.836999893188477,644864,644864,yfinance,2026-07-10T06:58:07.675573+00:00
2026-07-06 14:15:00+00:00,LINK-USD,15m,7.8379998207092285,7.909999847412109,7.816999912261963,7.870999813079834,2408784,2408784,yfinance,2026-07-10T06:58:07.675573+00:00
2026-07-06 14:30:00+00:00,LINK-USD,15m,7.86899995803833,7.881999969482422,7.857999801635742,7.867000102996826,1465440,1465440,yfinance,2026-07-10T06:58:07.675573+00:00
2026-07-06 14:45:00+00:00,LINK-USD,15m,7.86299991607666,7.863999843597412,7.835000038146973,7.849999904632568,0,0,yfinance,2026-07-10T06:58:07.675573+00:00
2026-07-06 15:00:00+00:00,LINK-USD,15m,7.8520002365112305,7.9120001792907715,7.8520002365112305,7.89900016784668,703632,703632,yfinance,2026-07-10T06:58:07.675573+00:00
2026-07-06 15:15:00+00:00,LINK-USD,15m,7.900000095367432,7.90500020980835,7.879000186920166,7.90500020980835,461584,461584,yfinance,2026-07-10T06:58:07.675573+00:00
2026-07-06 15:30:00+00:00,LINK-USD,15m,7.901000022888184,7.960000038146973,7.879000186920166,7.955999851226807,3544880,3544880,yfinance,2026-07-10T06:58:07.675573+00:00
2026-07-06 15:45:00+00:00,LINK-USD,15m,7.953000068664551,8.020999908447266,7.941999912261963,8.013999938964844,4611904,4611904,yfinance,2026-07-10T06:58:07.675573+00:00
2026-07-06 16:00:00+00:00,LINK-USD,15m,8.017000198364258,8.07699966430664,7.989999771118164,8.072999954223633,3627296,3627296,yfinance,2026-07-10T06:58:07.675573+00:00
2026-07-06 16:15:00+00:00,LINK-USD,15m,8.067999839782715,8.07800006866455,8.008999824523926,8.015999794006348,3016224,3016224,yfinance,2026-07-10T06:58:07.675573+00:00
2026-07-06 16:30:00+00:00,LINK-USD,15m,8.013999938964844,8.060999870300293,8.013999938964844,8.055000305175781,2152192,2152192,yfinance,2026-07-10T06:58:07.675573+00:00
2026-07-06 16:45:00+00:00,LINK-USD,15m,8.053999900817871,8.060999870300293,8.02400016784668,8.031999588012695,1461584,1461584,yfinance,2026-07-10T06:58:07.675573+00:00
2026-07-06 17:00:00+00:00,LINK-USD,15m,8.034000396728516,8.053999900817871,8.019000053405762,8.038000106811523,2175248,2175248,yfinance,2026-07-10T06:58:07.675573+00:00
2026-07-06 17:15:00+00:00,LINK-USD,15m,8.038999557495117,8.053000450134277,8.022000312805176,8.03499984741211,2088800,2088800,yfinance,2026-07-10T06:58:07.675573+00:00
2026-07-06 17:30:00+00:00,LINK-USD,15m,8.036999702453613,8.036999702453613,7.985000133514404,7.998000144958496,1200016,1200016,yfinance,2026-07-10T06:58:07.675573+00:00
2026-07-06 17:45:00+00:00,LINK-USD,15m,7.993000030517578,8.015000343322754,7.985000133514404,7.986000061035156,1134016,1134016,yfinance,2026-07-10T06:58:07.675573+00:00
2026-07-06 18:00:00+00:00,LINK-USD,15m,7.986000061035156,7.999000072479248,7.978000164031982,7.984000205993652,316864,316864,yfinance,2026-07-10T06:58:07.675573+00:00
2026-07-06 18:15:00+00:00,LINK-USD,15m,7.986999988555908,8.013999938964844,7.980000019073486,8.0,953520,953520,yfinance,2026-07-10T06:58:07.675573+00:00
2026-07-06 18:30:00+00:00,LINK-USD,15m,7.999000072479248,8.019000053405762,7.988999843597412,8.013999938964844,1292992,1292992,yfinance,2026-07-10T06:58:07.675573+00:00
2026-07-06 18:45:00+00:00,LINK-USD,15m,8.01200008392334,8.020000457763672,7.999000072479248,8.008000373840332,1123632,1123632,yfinance,2026-07-10T06:58:07.675573+00:00
2026-07-06 19:00:00+00:00,LINK-USD,15m,8.006999969482422,8.01200008392334,7.993000030517578,8.005999565124512,583760,583760,yfinance,2026-07-10T06:58:07.675573+00:00
2026-07-06 19:15:00+00:00,LINK-USD,15m,8.005999565124512,8.027999877929688,8.001999855041504,8.022000312805176,842880,842880,yfinance,2026-07-10T06:58:07.675573+00:00
2026-07-06 19:30:00+00:00,LINK-USD,15m,8.019000053405762,8.020999908447266,8.006999969482422,8.01200008392334,379920,379920,yfinance,2026-07-10T06:58:07.675573+00:00
2026-07-06 19:45:00+00:00,LINK-USD,15m,8.01200008392334,8.017999649047852,7.995999813079834,7.995999813079834,1417072,1417072,yfinance,2026-07-10T06:58:07.675573+00:00
2026-07-06 20:00:00+00:00,LINK-USD,15m,8.001999855041504,8.001999855041504,7.96999979019165,7.97599983215332,2009584,2009584,yfinance,2026-07-10T06:58:07.675573+00:00
2026-07-06 20:15:00+00:00,LINK-USD,15m,7.9770002365112305,7.989999771118164,7.9679999351501465,7.988999843597412,681760,681760,yfinance,2026-07-10T06:58:07.675573+00:00
2026-07-06 20:30:00+00:00,LINK-USD,15m,7.989999771118164,8.01099967956543,7.986999988555908,7.994999885559082,760672,760672,yfinance,2026-07-10T06:58:07.675573+00:00
2026-07-06 20:45:00+00:00,LINK-USD,15m,7.992000102996826,8.003999710083008,7.986000061035156,7.991000175476074,858112,858112,yfinance,2026-07-10T06:58:07.675573+00:00
2026-07-06 21:00:00+00:00,LINK-USD,15m,7.991000175476074,8.156000137329102,7.989999771118164,8.093000411987305,3528896,3528896,yfinance,2026-07-10T06:58:07.675573+00:00
2026-07-06 21:15:00+00:00,LINK-USD,15m,8.093000411987305,8.109999656677246,8.067000389099121,8.071000099182129,6732096,6732096,yfinance,2026-07-10T06:58:07.675573+00:00
2026-07-06 21:30:00+00:00,LINK-USD,15m,8.069999694824219,8.074000358581543,8.048999786376953,8.064000129699707,1149248,1149248,yfinance,2026-07-10T06:58:07.675573+00:00
2026-07-06 21:45:00+00:00,LINK-USD,15m,8.064000129699707,8.09000015258789,8.053999900817871,8.086000442504883,1097232,1097232,yfinance,2026-07-10T06:58:07.675573+00:00
2026-07-06 22:00:00+00:00,LINK-USD,15m,8.09000015258789,8.093000411987305,8.067000389099121,8.07699966430664,0,0,yfinance,2026-07-10T06:58:07.675573+00:00
2026-07-06 22:15:00+00:00,LINK-USD,15m,8.074000358581543,8.09000015258789,8.060999870300293,8.062000274658203,0,0,yfinance,2026-07-10T06:58:07.675573+00:00
2026-07-06 22:30:00+00:00,LINK-USD,15m,8.062000274658203,8.062999725341797,8.043999671936035,8.050999641418457,0,0,yfinance,2026-07-10T06:58:07.675573+00:00
2026-07-06 22:45:00+00:00,LINK-USD,15m,8.04699993133545,8.0649995803833,8.041999816894531,8.050000190734863,0,0,yfinance,2026-07-10T06:58:07.675573+00:00
2026-07-06 23:00:00+00:00,LINK-USD,15m,8.048999786376953,8.067000389099121,8.04800033569336,8.055999755859375,0,0,yfinance,2026-07-10T06:58:07.675573+00:00
2026-07-06 23:15:00+00:00,LINK-USD,15m,8.057999610900879,8.059000015258789,8.031999588012695,8.041000366210938,255664,255664,yfinance,2026-07-10T06:58:07.675573+00:00
2026-07-06 23:30:00+00:00,LINK-USD,15m,8.039999961853027,8.043999671936035,8.020999908447266,8.02299976348877,9232,9232,yfinance,2026-07-10T06:58:07.675573+00:00
2026-07-06 23:45:00+00:00,LINK-USD,15m,8.020999908447266,8.02400016784668,8.010000228881836,8.015000343322754,286880,286880,yfinance,2026-07-10T06:58:07.675573+00:00
2026-07-07 00:00:00+00:00,LINK-USD,15m,8.019000053405762,8.026000022888184,8.01099967956543,8.019000053405762,0,0,yfinance,2026-07-10T06:58:07.675573+00:00
2026-07-07 00:15:00+00:00,LINK-USD,15m,8.01200008392334,8.064000129699707,8.01200008392334,8.053999900817871,147760,147760,yfinance,2026-07-10T06:58:07.675573+00:00
2026-07-07 00:30:00+00:00,LINK-USD,15m,8.045999526977539,8.064000129699707,8.022000312805176,8.024999618530273,0,0,yfinance,2026-07-10T06:58:07.675573+00:00
2026-07-07 00:45:00+00:00,LINK-USD,15m,8.02299976348877,8.041999816894531,8.019000053405762,8.032999992370605,1567232,1567232,yfinance,2026-07-10T06:58:07.675573+00:00
2026-07-07 01:00:00+00:00,LINK-USD,15m,8.029999732971191,8.034000396728516,7.973999977111816,7.997000217437744,324336,324336,yfinance,2026-07-10T06:58:07.675573+00:00
2026-07-07 01:15:00+00:00,LINK-USD,15m,7.995999813079834,7.999000072479248,7.960999965667725,7.965000152587891,75008,75008,yfinance,2026-07-10T06:58:07.675573+00:00
2026-07-07 01:30:00+00:00,LINK-USD,15m,7.961999893188477,7.974999904632568,7.952000141143799,7.974999904632568,463792,463792,yfinance,2026-07-10T06:58:07.675573+00:00
2026-07-07 01:45:00+00:00,LINK-USD,15m,7.974999904632568,7.994999885559082,7.96999979019165,7.96999979019165,2053024,2053024,yfinance,2026-07-10T06:58:07.675573+00:00
2026-07-07 02:00:00+00:00,LINK-USD,15m,7.96999979019165,7.979000091552734,7.9679999351501465,7.9679999351501465,0,0,yfinance,2026-07-10T06:58:07.675573+00:00
2026-07-07 02:15:00+00:00,LINK-USD,15m,7.966000080108643,7.9710001945495605,7.928999900817871,7.931000232696533,56896,56896,yfinance,2026-07-10T06:58:07.675573+00:00
2026-07-07 02:30:00+00:00,LINK-USD,15m,7.933000087738037,7.934000015258789,7.914000034332275,7.932000160217285,605472,605472,yfinance,2026-07-10T06:58:07.675573+00:00
2026-07-07 02:45:00+00:00,LINK-USD,15m,7.934000015258789,7.938000202178955,7.9029998779296875,7.909999847412109,456048,456048,yfinance,2026-07-10T06:58:07.675573+00:00
2026-07-07 03:00:00+00:00,LINK-USD,15m,7.9079999923706055,7.916999816894531,7.901000022888184,7.901000022888184,3805744,3805744,yfinance,2026-07-10T06:58:07.675573+00:00
2026-07-07 03:15:00+00:00,LINK-USD,15m,7.9019999504089355,7.9079999923706055,7.880000114440918,7.885000228881836,284864,284864,yfinance,2026-07-10T06:58:07.675573+00:00
2026-07-07 03:30:00+00:00,LINK-USD,15m,7.886000156402588,7.896999835968018,7.876999855041504,7.88100004196167,0,0,yfinance,2026-07-10T06:58:07.675573+00:00
2026-07-07 03:45:00+00:00,LINK-USD,15m,7.880000114440918,7.88100004196167,7.869999885559082,7.879000186920166,253184,253184,yfinance,2026-07-10T06:58:07.675573+00:00
2026-07-07 04:00:00+00:00,LINK-USD,15m,7.879000186920166,7.88100004196167,7.867000102996826,7.869999885559082,184064,184064,yfinance,2026-07-10T06:58:07.675573+00:00
2026-07-07 04:15:00+00:00,LINK-USD,15m,7.86899995803833,7.879000186920166,7.860000133514404,7.877999782562256,265248,265248,yfinance,2026-07-10T06:58:07.675573+00:00
2026-07-07 04:30:00+00:00,LINK-USD,15m,7.875,7.876999855041504,7.854000091552734,7.854000091552734,403344,403344,yfinance,2026-07-10T06:58:07.675573+00:00
2026-07-07 04:45:00+00:00,LINK-USD,15m,7.854000091552734,7.868000030517578,7.8480000495910645,7.864999771118164,490176,490176,yfinance,2026-07-10T06:58:07.675573+00:00
2026-07-07 05:00:00+00:00,LINK-USD,15m,7.864999771118164,7.867000102996826,7.822000026702881,7.822999954223633,150704,150704,yfinance,2026-07-10T06:58:07.675573+00:00
2026-07-07 05:15:00+00:00,LINK-USD,15m,7.822999954223633,7.835000038146973,7.809999942779541,7.828999996185303,1447088,1447088,yfinance,2026-07-10T06:58:07.675573+00:00
2026-07-07 05:30:00+00:00,LINK-USD,15m,7.829999923706055,7.877999782562256,7.828000068664551,7.875,0,0,yfinance,2026-07-10T06:58:07.675573+00:00
2026-07-07 05:45:00+00:00,LINK-USD,15m,7.877999782562256,7.892000198364258,7.870999813079834,7.881999969482422,101248,101248,yfinance,2026-07-10T06:58:07.675573+00:00
2026-07-07 06:00:00+00:00,LINK-USD,15m,7.881999969482422,7.894000053405762,7.859000205993652,7.866000175476074,0,0,yfinance,2026-07-10T06:58:07.675573+00:00
2026-07-07 06:15:00+00:00,LINK-USD,15m,7.868000030517578,7.88700008392334,7.868000030517578,7.88700008392334,0,0,yfinance,2026-07-10T06:58:07.675573+00:00
2026-07-07 06:30:00+00:00,LINK-USD,15m,7.883999824523926,7.914000034332275,7.877999782562256,7.913000106811523,0,0,yfinance,2026-07-10T06:58:07.675573+00:00
2026-07-07 06:45:00+00:00,LINK-USD,15m,7.914999961853027,7.934000015258789,7.913000106811523,7.921999931335449,449024,449024,yfinance,2026-07-10T06:58:07.675573+00:00
2026-07-07 07:00:00+00:00,LINK-USD,15m,7.921999931335449,7.935999870300293,7.918000221252441,7.935999870300293,145488,145488,yfinance,2026-07-10T06:58:07.675573+00:00
2026-07-07 07:15:00+00:00,LINK-USD,15m,7.934999942779541,7.940000057220459,7.929999828338623,7.933000087738037,0,0,yfinance,2026-07-10T06:58:07.675573+00:00
2026-07-07 07:30:00+00:00,LINK-USD,15m,7.929999828338623,7.933000087738037,7.90500020980835,7.925000190734863,1463584,1463584,yfinance,2026-07-10T06:58:07.675573+00:00
2026-07-07 07:45:00+00:00,LINK-USD,15m,7.921999931335449,7.929999828338623,7.9019999504089355,7.9019999504089355,66496,66496,yfinance,2026-07-10T06:58:07.675573+00:00
2026-07-07 08:00:00+00:00,LINK-USD,15m,7.90500020980835,7.915999889373779,7.890999794006348,7.9070000648498535,97184,97184,yfinance,2026-07-10T06:58:07.675573+00:00
2026-07-07 08:15:00+00:00,LINK-USD,15m,7.906000137329102,7.915999889373779,7.896999835968018,7.896999835968018,277392,277392,yfinance,2026-07-10T06:58:07.675573+00:00
2026-07-07 08:30:00+00:00,LINK-USD,15m,7.896999835968018,7.901000022888184,7.881999969482422,7.889999866485596,56432,56432,yfinance,2026-07-10T06:58:07.675573+00:00
2026-07-07 08:45:00+00:00,LINK-USD,15m,7.89300012588501,7.8979997634887695,7.885000228881836,7.894000053405762,150496,150496,yfinance,2026-07-10T06:58:07.675573+00:00
2026-07-07 09:00:00+00:00,LINK-USD,15m,7.890999794006348,7.908999919891357,7.883999824523926,7.908999919891357,1344,1344,yfinance,2026-07-10T06:58:07.675573+00:00
2026-07-07 09:15:00+00:00,LINK-USD,15m,7.909999847412109,7.913000106811523,7.9019999504089355,7.9019999504089355,74512,74512,yfinance,2026-07-10T06:58:07.675573+00:00
2026-07-07 09:30:00+00:00,LINK-USD,15m,7.900000095367432,7.914999961853027,7.8979997634887695,7.910999774932861,0,0,yfinance,2026-07-10T06:58:07.675573+00:00
2026-07-07 09:45:00+00:00,LINK-USD,15m,7.9120001792907715,7.920000076293945,7.8979997634887695,7.906000137329102,268592,268592,yfinance,2026-07-10T06:58:07.675573+00:00
2026-07-07 10:00:00+00:00,LINK-USD,15m,7.906000137329102,7.935999870300293,7.90500020980835,7.923999786376953,442208,442208,yfinance,2026-07-10T06:58:07.675573+00:00
2026-07-07 10:15:00+00:00,LINK-USD,15m,7.923999786376953,7.952000141143799,7.923999786376953,7.938000202178955,855968,855968,yfinance,2026-07-10T06:58:07.675573+00:00
2026-07-07 10:30:00+00:00,LINK-USD,15m,7.932000160217285,7.933000087738037,7.918000221252441,7.919000148773193,153392,153392,yfinance,2026-07-10T06:58:07.675573+00:00
2026-07-07 10:45:00+00:00,LINK-USD,15m,7.915999889373779,7.920000076293945,7.900000095367432,7.90500020980835,0,0,yfinance,2026-07-10T06:58:07.675573+00:00
2026-07-07 11:00:00+00:00,LINK-USD,15m,7.89900016784668,7.89900016784668,7.879000186920166,7.886000156402588,0,0,yfinance,2026-07-10T06:58:07.675573+00:00
2026-07-07 11:15:00+00:00,LINK-USD,15m,7.88100004196167,7.9070000648498535,7.88100004196167,7.896999835968018,864304,864304,yfinance,2026-07-10T06:58:07.675573+00:00
2026-07-07 11:30:00+00:00,LINK-USD,15m,7.895999908447266,7.906000137329102,7.88700008392334,7.906000137329102,1211072,1211072,yfinance,2026-07-10T06:58:07.675573+00:00
2026-07-07 11:45:00+00:00,LINK-USD,15m,7.909999847412109,7.931000232696533,7.909999847412109,7.920000076293945,967952,967952,yfinance,2026-07-10T06:58:07.675573+00:00
2026-07-07 12:00:00+00:00,LINK-USD,15m,7.921999931335449,7.979000091552734,7.918000221252441,7.973999977111816,0,0,yfinance,2026-07-10T06:58:07.675573+00:00
2026-07-07 12:15:00+00:00,LINK-USD,15m,7.974999904632568,7.974999904632568,7.958000183105469,7.965000152587891,249920,249920,yfinance,2026-07-10T06:58:07.675573+00:00
2026-07-07 12:30:00+00:00,LINK-USD,15m,7.965000152587891,7.965000152587891,7.935999870300293,7.948999881744385,196960,196960,yfinance,2026-07-10T06:58:07.675573+00:00
2026-07-07 12:45:00+00:00,LINK-USD,15m,7.947999954223633,7.947999954223633,7.922999858856201,7.922999858856201,0,0,yfinance,2026-07-10T06:58:07.675573+00:00
2026-07-07 13:00:00+00:00,LINK-USD,15m,7.922999858856201,7.922999858856201,7.894000053405762,7.9029998779296875,0,0,yfinance,2026-07-10T06:58:07.675573+00:00
2026-07-07 13:15:00+00:00,LINK-USD,15m,7.9019999504089355,7.90500020980835,7.875999927520752,7.880000114440918,0,0,yfinance,2026-07-10T06:58:07.675573+00:00
2026-07-07 13:30:00+00:00,LINK-USD,15m,7.879000186920166,7.9039998054504395,7.85099983215332,7.879000186920166,189440,189440,yfinance,2026-07-10T06:58:07.675573+00:00
2026-07-07 13:45:00+00:00,LINK-USD,15m,7.877999782562256,7.9070000648498535,7.8470001220703125,7.853000164031982,1691728,1691728,yfinance,2026-07-10T06:58:07.675573+00:00
2026-07-07 14:00:00+00:00,LINK-USD,15m,7.85099983215332,7.885000228881836,7.830999851226807,7.839000225067139,378720,378720,yfinance,2026-07-10T06:58:07.675573+00:00
2026-07-07 14:15:00+00:00,LINK-USD,15m,7.8379998207092285,7.855999946594238,7.822999954223633,7.855000019073486,900000,900000,yfinance,2026-07-10T06:58:07.675573+00:00
2026-07-07 14:30:00+00:00,LINK-USD,15m,7.859000205993652,7.872000217437744,7.793000221252441,7.835999965667725,2342832,2342832,yfinance,2026-07-10T06:58:07.675573+00:00
2026-07-07 14:45:00+00:00,LINK-USD,15m,7.840000152587891,7.933000087738037,7.840000152587891,7.921999931335449,2432368,2432368,yfinance,2026-07-10T06:58:07.675573+00:00
2026-07-07 15:00:00+00:00,LINK-USD,15m,7.920000076293945,7.933000087738037,7.89900016784668,7.9120001792907715,29888,29888,yfinance,2026-07-10T06:58:07.675573+00:00
2026-07-07 15:15:00+00:00,LINK-USD,15m,7.910999774932861,7.956999778747559,7.906000137329102,7.951000213623047,1252656,1252656,yfinance,2026-07-10T06:58:07.675573+00:00
2026-07-07 15:30:00+00:00,LINK-USD,15m,7.952000141143799,7.978000164031982,7.940999984741211,7.9670000076293945,1293168,1293168,yfinance,2026-07-10T06:58:07.675573+00:00
2026-07-07 15:45:00+00:00,LINK-USD,15m,7.979000091552734,8.015999794006348,7.979000091552734,7.989999771118164,0,0,yfinance,2026-07-10T06:58:07.675573+00:00
2026-07-07 16:00:00+00:00,LINK-USD,15m,7.998000144958496,8.015999794006348,7.974999904632568,7.982999801635742,0,0,yfinance,2026-07-10T06:58:07.675573+00:00
2026-07-07 16:15:00+00:00,LINK-USD,15m,7.986000061035156,8.015999794006348,7.973999977111816,8.006999969482422,0,0,yfinance,2026-07-10T06:58:07.675573+00:00
2026-07-07 16:30:00+00:00,LINK-USD,15m,8.005000114440918,8.026000022888184,7.988999843597412,8.02400016784668,0,0,yfinance,2026-07-10T06:58:07.675573+00:00
2026-07-07 16:45:00+00:00,LINK-USD,15m,8.020999908447266,8.041000366210938,8.006999969482422,8.01099967956543,66704,66704,yfinance,2026-07-10T06:58:07.675573+00:00
2026-07-07 17:00:00+00:00,LINK-USD,15m,8.008000373840332,8.020999908447266,7.999000072479248,8.008000373840332,633136,633136,yfinance,2026-07-10T06:58:07.675573+00:00
2026-07-07 17:15:00+00:00,LINK-USD,15m,8.008000373840332,8.008999824523926,7.982999801635742,8.008000373840332,0,0,yfinance,2026-07-10T06:58:07.675573+00:00
2026-07-07 17:30:00+00:00,LINK-USD,15m,8.005999565124512,8.01099967956543,7.992000102996826,8.01099967956543,0,0,yfinance,2026-07-10T06:58:07.675573+00:00
2026-07-07 17:45:00+00:00,LINK-USD,15m,8.008999824523926,8.01200008392334,7.992000102996826,8.01099967956543,0,0,yfinance,2026-07-10T06:58:07.675573+00:00
2026-07-07 18:00:00+00:00,LINK-USD,15m,8.01200008392334,8.012999534606934,7.986999988555908,7.992000102996826,52608,52608,yfinance,2026-07-10T06:58:07.675573+00:00
2026-07-07 18:15:00+00:00,LINK-USD,15m,7.991000175476074,7.995999813079834,7.96999979019165,7.9730000495910645,472784,472784,yfinance,2026-07-10T06:58:07.675573+00:00
2026-07-07 18:30:00+00:00,LINK-USD,15m,7.968999862670898,8.0,7.9670000076293945,8.0,0,0,yfinance,2026-07-10T06:58:07.675573+00:00
2026-07-07 18:45:00+00:00,LINK-USD,15m,8.003000259399414,8.003999710083008,7.913000106811523,7.914999961853027,481472,481472,yfinance,2026-07-10T06:58:07.675573+00:00
2026-07-07 19:00:00+00:00,LINK-USD,15m,7.9120001792907715,7.920000076293945,7.874000072479248,7.875999927520752,854560,854560,yfinance,2026-07-10T06:58:07.675573+00:00
2026-07-07 19:15:00+00:00,LINK-USD,15m,7.873000144958496,7.89900016784668,7.855999946594238,7.892000198364258,455648,455648,yfinance,2026-07-10T06:58:07.675573+00:00
2026-07-07 19:30:00+00:00,LINK-USD,15m,7.890999794006348,7.921999931335449,7.890999794006348,7.921999931335449,436048,436048,yfinance,2026-07-10T06:58:07.675573+00:00
2026-07-07 19:45:00+00:00,LINK-USD,15m,7.921999931335449,7.934000015258789,7.915999889373779,7.920000076293945,71840,71840,yfinance,2026-07-10T06:58:07.675573+00:00
2026-07-07 20:00:00+00:00,LINK-USD,15m,7.921999931335449,7.934999942779541,7.90500020980835,7.920000076293945,0,0,yfinance,2026-07-10T06:58:07.675573+00:00
2026-07-07 20:15:00+00:00,LINK-USD,15m,7.915999889373779,7.922999858856201,7.89900016784668,7.908999919891357,60176,60176,yfinance,2026-07-10T06:58:07.675573+00:00
2026-07-07 20:30:00+00:00,LINK-USD,15m,7.908999919891357,7.909999847412109,7.88700008392334,7.888000011444092,710672,710672,yfinance,2026-07-10T06:58:07.675573+00:00
2026-07-07 20:45:00+00:00,LINK-USD,15m,7.888000011444092,7.888000011444092,7.876999855041504,7.886000156402588,0,0,yfinance,2026-07-10T06:58:07.675573+00:00
2026-07-07 21:00:00+00:00,LINK-USD,15m,7.892000198364258,7.908999919891357,7.892000198364258,7.9070000648498535,169136,169136,yfinance,2026-07-10T06:58:07.675573+00:00
2026-07-07 21:15:00+00:00,LINK-USD,15m,7.9029998779296875,7.9029998779296875,7.8520002365112305,7.855000019073486,0,0,yfinance,2026-07-10T06:58:07.675573+00:00
2026-07-07 21:30:00+00:00,LINK-USD,15m,7.853000164031982,7.861999988555908,7.827000141143799,7.85099983215332,169680,169680,yfinance,2026-07-10T06:58:07.675573+00:00
2026-07-07 21:45:00+00:00,LINK-USD,15m,7.849999904632568,7.866000175476074,7.835000038146973,7.835000038146973,0,0,yfinance,2026-07-10T06:58:07.675573+00:00
2026-07-07 22:00:00+00:00,LINK-USD,15m,7.830999851226807,7.854000091552734,7.800000190734863,7.84499979019165,1331328,1331328,yfinance,2026-07-10T06:58:07.675573+00:00
2026-07-07 22:15:00+00:00,LINK-USD,15m,7.84499979019165,7.8520002365112305,7.829999923706055,7.839000225067139,118288,118288,yfinance,2026-07-10T06:58:07.675573+00:00
2026-07-07 22:30:00+00:00,LINK-USD,15m,7.839000225067139,7.874000072479248,7.835000038146973,7.86899995803833,545456,545456,yfinance,2026-07-10T06:58:07.675573+00:00
2026-07-07 22:45:00+00:00,LINK-USD,15m,7.866000175476074,7.874000072479248,7.857999801635742,7.863999843597412,106896,106896,yfinance,2026-07-10T06:58:07.675573+00:00
2026-07-07 23:00:00+00:00,LINK-USD,15m,7.86299991607666,7.883999824523926,7.861000061035156,7.875999927520752,0,0,yfinance,2026-07-10T06:58:07.675573+00:00
2026-07-07 23:15:00+00:00,LINK-USD,15m,7.875999927520752,7.888999938964844,7.875999927520752,7.885000228881836,0,0,yfinance,2026-07-10T06:58:07.675573+00:00
2026-07-07 23:30:00+00:00,LINK-USD,15m,7.885000228881836,7.888000011444092,7.85699987411499,7.85699987411499,7152,7152,yfinance,2026-07-10T06:58:07.675573+00:00
2026-07-07 23:45:00+00:00,LINK-USD,15m,7.855999946594238,7.863999843597412,7.8470001220703125,7.8470001220703125,1346480,1346480,yfinance,2026-07-10T06:58:07.675573+00:00
2026-07-08 00:00:00+00:00,LINK-USD,15m,7.859000205993652,7.868000030517578,7.8420000076293945,7.8460001945495605,290736,290736,yfinance,2026-07-10T06:58:07.675573+00:00
2026-07-08 00:15:00+00:00,LINK-USD,15m,7.8470001220703125,7.863999843597412,7.831999778747559,7.860000133514404,150464,150464,yfinance,2026-07-10T06:58:07.675573+00:00
2026-07-08 00:30:00+00:00,LINK-USD,15m,7.861999988555908,7.889999866485596,7.854000091552734,7.879000186920166,1707056,1707056,yfinance,2026-07-10T06:58:07.675573+00:00
2026-07-08 00:45:00+00:00,LINK-USD,15m,7.877999782562256,7.879000186920166,7.872000217437744,7.872000217437744,30544,30544,yfinance,2026-07-10T06:58:07.675573+00:00
2026-07-08 01:00:00+00:00,LINK-USD,15m,7.869999885559082,7.875999927520752,7.859000205993652,7.870999813079834,0,0,yfinance,2026-07-10T06:58:07.675573+00:00
2026-07-08 01:15:00+00:00,LINK-USD,15m,7.869999885559082,7.869999885559082,7.830999851226807,7.830999851226807,0,0,yfinance,2026-07-10T06:58:07.675573+00:00
2026-07-08 01:30:00+00:00,LINK-USD,15m,7.829999923706055,7.835000038146973,7.739999771118164,7.776000022888184,4255728,4255728,yfinance,2026-07-10T06:58:07.675573+00:00
2026-07-08 01:45:00+00:00,LINK-USD,15m,7.7729997634887695,7.7820000648498535,7.732999801635742,7.744999885559082,2256400,2256400,yfinance,2026-07-10T06:58:07.675573+00:00
2026-07-08 02:00:00+00:00,LINK-USD,15m,7.742000102996826,7.742000102996826,7.683000087738037,7.690999984741211,5188576,5188576,yfinance,2026-07-10T06:58:07.675573+00:00
2026-07-08 02:15:00+00:00,LINK-USD,15m,7.683000087738037,7.705999851226807,7.675000190734863,7.695000171661377,2561264,2561264,yfinance,2026-07-10T06:58:07.675573+00:00
2026-07-08 02:30:00+00:00,LINK-USD,15m,7.691999912261963,7.716000080108643,7.6620001792907715,7.714000225067139,1586928,1586928,yfinance,2026-07-10T06:58:07.675573+00:00
2026-07-08 02:45:00+00:00,LINK-USD,15m,7.715000152587891,7.73199987411499,7.708000183105469,7.708000183105469,673280,673280,yfinance,2026-07-10T06:58:07.675573+00:00
2026-07-08 03:00:00+00:00,LINK-USD,15m,7.715000152587891,7.734000205993652,7.710000038146973,7.730999946594238,148256,148256,yfinance,2026-07-10T06:58:07.675573+00:00
2026-07-08 03:15:00+00:00,LINK-USD,15m,7.72599983215332,7.735000133514404,7.7210001945495605,7.735000133514404,50976,50976,yfinance,2026-07-10T06:58:07.675573+00:00
2026-07-08 03:30:00+00:00,LINK-USD,15m,7.732999801635742,7.735000133514404,7.711999893188477,7.7129998207092285,868144,868144,yfinance,2026-07-10T06:58:07.675573+00:00
2026-07-08 03:45:00+00:00,LINK-USD,15m,7.710999965667725,7.716000080108643,7.682000160217285,7.689000129699707,31744,31744,yfinance,2026-07-10T06:58:07.675573+00:00
2026-07-08 04:00:00+00:00,LINK-USD,15m,7.689000129699707,7.701000213623047,7.675000190734863,7.691999912261963,458768,458768,yfinance,2026-07-10T06:58:07.675573+00:00
2026-07-08 04:15:00+00:00,LINK-USD,15m,7.691999912261963,7.709000110626221,7.690000057220459,7.703000068664551,119008,119008,yfinance,2026-07-10T06:58:07.675573+00:00
2026-07-08 04:30:00+00:00,LINK-USD,15m,7.704999923706055,7.709000110626221,7.684000015258789,7.689000129699707,367504,367504,yfinance,2026-07-10T06:58:07.675573+00:00
2026-07-08 04:45:00+00:00,LINK-USD,15m,7.689000129699707,7.702000141143799,7.678999900817871,7.702000141143799,135376,135376,yfinance,2026-07-10T06:58:07.675573+00:00
2026-07-08 05:00:00+00:00,LINK-USD,15m,7.702000141143799,7.7170000076293945,7.693999767303467,7.710999965667725,0,0,yfinance,2026-07-10T06:58:07.675573+00:00
2026-07-08 05:15:00+00:00,LINK-USD,15m,7.710999965667725,7.7230000495910645,7.699999809265137,7.706999778747559,0,0,yfinance,2026-07-10T06:58:07.675573+00:00
2026-07-08 05:30:00+00:00,LINK-USD,15m,7.706999778747559,7.708000183105469,7.685999870300293,7.685999870300293,0,0,yfinance,2026-07-10T06:58:07.675573+00:00
2026-07-08 05:45:00+00:00,LINK-USD,15m,7.688000202178955,7.689000129699707,7.670000076293945,7.679999828338623,290864,290864,yfinance,2026-07-10T06:58:07.675573+00:00
2026-07-08 06:00:00+00:00,LINK-USD,15m,7.677000045776367,7.684000015258789,7.670000076293945,7.676000118255615,831488,831488,yfinance,2026-07-10T06:58:07.675573+00:00
2026-07-08 06:15:00+00:00,LINK-USD,15m,7.676000118255615,7.683000087738037,7.6519999504089355,7.670000076293945,613056,613056,yfinance,2026-07-10T06:58:07.675573+00:00
2026-07-08 06:30:00+00:00,LINK-USD,15m,7.670000076293945,7.675000190734863,7.644000053405762,7.651000022888184,566064,566064,yfinance,2026-07-10T06:58:07.675573+00:00
2026-07-08 06:45:00+00:00,LINK-USD,15m,7.6479997634887695,7.685999870300293,7.646999835968018,7.669000148773193,401584,401584,yfinance,2026-07-10T06:58:07.675573+00:00
2026-07-08 07:00:00+00:00,LINK-USD,15m,7.671000003814697,7.677999973297119,7.644999980926514,7.677000045776367,19152,19152,yfinance,2026-07-10T06:58:07.675573+00:00
2026-07-08 07:15:00+00:00,LINK-USD,15m,7.675000190734863,7.691999912261963,7.666999816894531,7.691999912261963,404736,404736,yfinance,2026-07-10T06:58:07.675573+00:00
2026-07-08 07:30:00+00:00,LINK-USD,15m,7.691999912261963,7.703999996185303,7.677999973297119,7.696000099182129,68768,68768,yfinance,2026-07-10T06:58:07.675573+00:00
2026-07-08 07:45:00+00:00,LINK-USD,15m,7.696000099182129,7.697000026702881,7.686999797821045,7.695000171661377,353920,353920,yfinance,2026-07-10T06:58:07.675573+00:00
2026-07-08 08:00:00+00:00,LINK-USD,15m,7.692999839782715,7.714000225067139,7.689000129699707,7.704999923706055,1653088,1653088,yfinance,2026-07-10T06:58:07.675573+00:00
2026-07-08 08:15:00+00:00,LINK-USD,15m,7.706999778747559,7.706999778747559,7.578999996185303,7.578999996185303,4337984,4337984,yfinance,2026-07-10T06:58:07.675573+00:00
2026-07-08 08:30:00+00:00,LINK-USD,15m,7.573999881744385,7.5929999351501465,7.547999858856201,7.576000213623047,4396112,4396112,yfinance,2026-07-10T06:58:07.675573+00:00
2026-07-08 08:45:00+00:00,LINK-USD,15m,7.571000099182129,7.629000186920166,7.570000171661377,7.572999954223633,3140944,3140944,yfinance,2026-07-10T06:58:07.675573+00:00
2026-07-08 09:00:00+00:00,LINK-USD,15m,7.571000099182129,7.578000068664551,7.561999797821045,7.564000129699707,793168,793168,yfinance,2026-07-10T06:58:07.675573+00:00
2026-07-08 09:15:00+00:00,LINK-USD,15m,7.561999797821045,7.563000202178955,7.541999816894531,7.557000160217285,2074304,2074304,yfinance,2026-07-10T06:58:07.675573+00:00
2026-07-08 09:30:00+00:00,LINK-USD,15m,7.558000087738037,7.5960001945495605,7.558000087738037,7.590000152587891,2456624,2456624,yfinance,2026-07-10T06:58:07.675573+00:00
2026-07-08 09:45:00+00:00,LINK-USD,15m,7.591000080108643,7.591000080108643,7.568999767303467,7.571000099182129,532720,532720,yfinance,2026-07-10T06:58:07.675573+00:00
2026-07-08 10:00:00+00:00,LINK-USD,15m,7.573999881744385,7.580999851226807,7.552000045776367,7.566999912261963,151456,151456,yfinance,2026-07-10T06:58:07.675573+00:00
2026-07-08 10:15:00+00:00,LINK-USD,15m,7.568999767303467,7.59499979019165,7.560999870300293,7.59499979019165,964368,964368,yfinance,2026-07-10T06:58:07.675573+00:00
2026-07-08 10:30:00+00:00,LINK-USD,15m,7.591000080108643,7.611000061035156,7.591000080108643,7.604000091552734,1094704,1094704,yfinance,2026-07-10T06:58:07.675573+00:00
2026-07-08 10:45:00+00:00,LINK-USD,15m,7.605000019073486,7.605999946594238,7.591000080108643,7.603000164031982,643680,643680,yfinance,2026-07-10T06:58:07.675573+00:00
2026-07-08 11:00:00+00:00,LINK-USD,15m,7.6020002365112305,7.607999801635742,7.585999965667725,7.5920000076293945,0,0,yfinance,2026-07-10T06:58:07.675573+00:00
2026-07-08 11:15:00+00:00,LINK-USD,15m,7.5920000076293945,7.605999946594238,7.589000225067139,7.5920000076293945,68528,68528,yfinance,2026-07-10T06:58:07.675573+00:00
2026-07-08 11:30:00+00:00,LINK-USD,15m,7.593999862670898,7.644000053405762,7.586999893188477,7.631999969482422,37440,37440,yfinance,2026-07-10T06:58:07.675573+00:00
2026-07-08 11:45:00+00:00,LINK-USD,15m,7.627999782562256,7.63100004196167,7.617000102996826,7.627999782562256,2784160,2784160,yfinance,2026-07-10T06:58:07.675573+00:00
2026-07-08 12:00:00+00:00,LINK-USD,15m,7.629000186920166,7.635000228881836,7.61299991607666,7.623000144958496,0,0,yfinance,2026-07-10T06:58:07.675573+00:00
2026-07-08 12:15:00+00:00,LINK-USD,15m,7.624000072479248,7.630000114440918,7.618000030517578,7.618000030517578,1841024,1841024,yfinance,2026-07-10T06:58:07.675573+00:00
2026-07-08 12:30:00+00:00,LINK-USD,15m,7.618000030517578,7.61899995803833,7.60099983215332,7.605999946594238,0,0,yfinance,2026-07-10T06:58:07.675573+00:00
2026-07-08 12:45:00+00:00,LINK-USD,15m,7.60699987411499,7.607999801635742,7.583000183105469,7.583000183105469,467072,467072,yfinance,2026-07-10T06:58:07.675573+00:00
2026-07-08 13:00:00+00:00,LINK-USD,15m,7.584000110626221,7.593999862670898,7.567999839782715,7.589000225067139,428240,428240,yfinance,2026-07-10T06:58:07.675573+00:00
2026-07-08 13:15:00+00:00,LINK-USD,15m,7.589000225067139,7.593999862670898,7.563000202178955,7.570000171661377,355760,355760,yfinance,2026-07-10T06:58:07.675573+00:00
2026-07-08 13:30:00+00:00,LINK-USD,15m,7.5879998207092285,7.63100004196167,7.574999809265137,7.618000030517578,663168,663168,yfinance,2026-07-10T06:58:07.675573+00:00
2026-07-08 13:45:00+00:00,LINK-USD,15m,7.613999843597412,7.619999885559082,7.578999996185303,7.619999885559082,0,0,yfinance,2026-07-10T06:58:07.675573+00:00
2026-07-08 14:00:00+00:00,LINK-USD,15m,7.61899995803833,7.632999897003174,7.607999801635742,7.616000175476074,421216,421216,yfinance,2026-07-10T06:58:07.675573+00:00
2026-07-08 14:15:00+00:00,LINK-USD,15m,7.611000061035156,7.629000186920166,7.585000038146973,7.5980000495910645,291600,291600,yfinance,2026-07-10T06:58:07.675573+00:00
2026-07-08 14:30:00+00:00,LINK-USD,15m,7.598999977111816,7.605000019073486,7.572000026702881,7.577000141143799,0,0,yfinance,2026-07-10T06:58:07.675573+00:00
2026-07-08 14:45:00+00:00,LINK-USD,15m,7.576000213623047,7.591000080108643,7.551000118255615,7.572999954223633,633488,633488,yfinance,2026-07-10T06:58:07.675573+00:00
2026-07-08 15:00:00+00:00,LINK-USD,15m,7.578000068664551,7.578000068664551,7.5279998779296875,7.53000020980835,0,0,yfinance,2026-07-10T06:58:07.675573+00:00
2026-07-08 15:15:00+00:00,LINK-USD,15m,7.531000137329102,7.552999973297119,7.517000198364258,7.5289998054504395,268304,268304,yfinance,2026-07-10T06:58:07.675573+00:00
2026-07-08 15:30:00+00:00,LINK-USD,15m,7.52400016784668,7.552999973297119,7.519000053405762,7.5289998054504395,87936,87936,yfinance,2026-07-10T06:58:07.675573+00:00
2026-07-08 15:45:00+00:00,LINK-USD,15m,7.5279998779296875,7.547999858856201,7.5229997634887695,7.546999931335449,0,0,yfinance,2026-07-10T06:58:07.675573+00:00
2026-07-08 16:00:00+00:00,LINK-USD,15m,7.546000003814697,7.571000099182129,7.538000106811523,7.561999797821045,0,0,yfinance,2026-07-10T06:58:07.675573+00:00
2026-07-08 16:15:00+00:00,LINK-USD,15m,7.560999870300293,7.5879998207092285,7.554999828338623,7.578999996185303,0,0,yfinance,2026-07-10T06:58:07.675573+00:00
2026-07-08 16:30:00+00:00,LINK-USD,15m,7.577000141143799,7.60099983215332,7.556000232696533,7.60099983215332,552352,552352,yfinance,2026-07-10T06:58:07.675573+00:00
2026-07-08 16:45:00+00:00,LINK-USD,15m,7.598999977111816,7.61899995803833,7.59499979019165,7.61899995803833,97616,97616,yfinance,2026-07-10T06:58:07.675573+00:00
2026-07-08 17:00:00+00:00,LINK-USD,15m,7.617000102996826,7.630000114440918,7.609000205993652,7.61299991607666,3283952,3283952,yfinance,2026-07-10T06:58:07.675573+00:00
2026-07-08 17:15:00+00:00,LINK-USD,15m,7.611999988555908,7.645999908447266,7.611999988555908,7.644999980926514,226512,226512,yfinance,2026-07-10T06:58:07.675573+00:00
2026-07-08 17:30:00+00:00,LINK-USD,15m,7.646999835968018,7.65500020980835,7.633999824523926,7.636000156402588,224016,224016,yfinance,2026-07-10T06:58:07.675573+00:00
2026-07-08 17:45:00+00:00,LINK-USD,15m,7.632999897003174,7.632999897003174,7.60099983215332,7.605000019073486,214256,214256,yfinance,2026-07-10T06:58:07.675573+00:00
2026-07-08 18:00:00+00:00,LINK-USD,15m,7.607999801635742,7.629000186920166,7.607999801635742,7.626999855041504,0,0,yfinance,2026-07-10T06:58:07.675573+00:00
2026-07-08 18:15:00+00:00,LINK-USD,15m,7.626999855041504,7.631999969482422,7.614999771118164,7.616000175476074,221920,221920,yfinance,2026-07-10T06:58:07.675573+00:00
2026-07-08 18:30:00+00:00,LINK-USD,15m,7.613999843597412,7.613999843597412,7.591000080108643,7.599999904632568,16672,16672,yfinance,2026-07-10T06:58:07.675573+00:00
2026-07-08 18:45:00+00:00,LINK-USD,15m,7.599999904632568,7.635000228881836,7.598999977111816,7.619999885559082,76896,76896,yfinance,2026-07-10T06:58:07.675573+00:00
2026-07-08 19:00:00+00:00,LINK-USD,15m,7.620999813079834,7.631999969482422,7.610000133514404,7.613999843597412,0,0,yfinance,2026-07-10T06:58:07.675573+00:00
2026-07-08 19:15:00+00:00,LINK-USD,15m,7.611000061035156,7.627999782562256,7.60699987411499,7.626999855041504,0,0,yfinance,2026-07-10T06:58:07.675573+00:00
2026-07-08 19:30:00+00:00,LINK-USD,15m,7.626999855041504,7.636000156402588,7.619999885559082,7.636000156402588,0,0,yfinance,2026-07-10T06:58:07.675573+00:00
2026-07-08 19:45:00+00:00,LINK-USD,15m,7.636000156402588,7.642000198364258,7.618000030517578,7.639999866485596,202496,202496,yfinance,2026-07-10T06:58:07.675573+00:00
2026-07-08 20:00:00+00:00,LINK-USD,15m,7.63700008392334,7.646999835968018,7.624000072479248,7.631999969482422,3279008,3279008,yfinance,2026-07-10T06:58:07.675573+00:00
2026-07-08 20:15:00+00:00,LINK-USD,15m,7.63100004196167,7.63100004196167,7.617000102996826,7.629000186920166,496624,496624,yfinance,2026-07-10T06:58:07.675573+00:00
2026-07-08 20:30:00+00:00,LINK-USD,15m,7.629000186920166,7.629000186920166,7.60699987411499,7.614999771118164,509408,509408,yfinance,2026-07-10T06:58:07.675573+00:00
2026-07-08 20:45:00+00:00,LINK-USD,15m,7.61299991607666,7.622000217437744,7.607999801635742,7.607999801635742,365920,365920,yfinance,2026-07-10T06:58:07.675573+00:00
2026-07-08 21:00:00+00:00,LINK-USD,15m,7.611999988555908,7.611999988555908,7.5879998207092285,7.5929999351501465,0,0,yfinance,2026-07-10T06:58:07.675573+00:00
2026-07-08 21:15:00+00:00,LINK-USD,15m,7.5929999351501465,7.61299991607666,7.5879998207092285,7.61299991607666,434288,434288,yfinance,2026-07-10T06:58:07.675573+00:00
2026-07-08 21:30:00+00:00,LINK-USD,15m,7.61299991607666,7.625999927520752,7.61299991607666,7.616000175476074,0,0,yfinance,2026-07-10T06:58:07.675573+00:00
2026-07-08 21:45:00+00:00,LINK-USD,15m,7.616000175476074,7.63100004196167,7.616000175476074,7.626999855041504,1679472,1679472,yfinance,2026-07-10T06:58:07.675573+00:00
2026-07-08 22:00:00+00:00,LINK-USD,15m,7.623000144958496,7.656000137329102,7.623000144958496,7.638000011444092,1174048,1174048,yfinance,2026-07-10T06:58:07.675573+00:00
2026-07-08 22:15:00+00:00,LINK-USD,15m,7.638000011444092,7.645999908447266,7.625,7.635000228881836,64064,64064,yfinance,2026-07-10T06:58:07.675573+00:00
2026-07-08 22:30:00+00:00,LINK-USD,15m,7.640999794006348,7.64300012588501,7.629000186920166,7.635000228881836,44864,44864,yfinance,2026-07-10T06:58:07.675573+00:00
2026-07-08 22:45:00+00:00,LINK-USD,15m,7.632999897003174,7.64300012588501,7.632999897003174,7.64300012588501,100000,100000,yfinance,2026-07-10T06:58:07.675573+00:00
2026-07-08 23:00:00+00:00,LINK-USD,15m,7.639999866485596,7.644999980926514,7.622000217437744,7.622000217437744,99936,99936,yfinance,2026-07-10T06:58:07.675573+00:00
2026-07-08 23:15:00+00:00,LINK-USD,15m,7.625,7.625,7.610000133514404,7.620999813079834,106224,106224,yfinance,2026-07-10T06:58:07.675573+00:00
2026-07-08 23:30:00+00:00,LINK-USD,15m,7.620999813079834,7.620999813079834,7.60699987411499,7.61899995803833,1299360,1299360,yfinance,2026-07-10T06:58:07.675573+00:00
2026-07-08 23:45:00+00:00,LINK-USD,15m,7.616000175476074,7.632999897003174,7.609000205993652,7.632999897003174,31664,31664,yfinance,2026-07-10T06:58:07.675573+00:00
2026-07-09 00:00:00+00:00,LINK-USD,15m,7.636000156402588,7.638999938964844,7.610000133514404,7.619999885559082,0,0,yfinance,2026-07-10T06:58:07.675573+00:00
2026-07-09 00:15:00+00:00,LINK-USD,15m,7.619999885559082,7.620999813079834,7.605999946594238,7.61899995803833,0,0,yfinance,2026-07-10T06:58:07.675573+00:00
2026-07-09 00:30:00+00:00,LINK-USD,15m,7.619999885559082,7.630000114440918,7.607999801635742,7.609000205993652,0,0,yfinance,2026-07-10T06:58:07.675573+00:00
2026-07-09 00:45:00+00:00,LINK-USD,15m,7.609000205993652,7.619999885559082,7.599999904632568,7.609000205993652,460576,460576,yfinance,2026-07-10T06:58:07.675573+00:00
2026-07-09 01:00:00+00:00,LINK-USD,15m,7.610000133514404,7.697999954223633,7.609000205993652,7.669000148773193,1002672,1002672,yfinance,2026-07-10T06:58:07.675573+00:00
2026-07-09 01:15:00+00:00,LINK-USD,15m,7.669000148773193,7.686999797821045,7.6579999923706055,7.665999889373779,2604784,2604784,yfinance,2026-07-10T06:58:07.675573+00:00
2026-07-09 01:30:00+00:00,LINK-USD,15m,7.669000148773193,7.669000148773193,7.605000019073486,7.611999988555908,413904,413904,yfinance,2026-07-10T06:58:07.675573+00:00
2026-07-09 01:45:00+00:00,LINK-USD,15m,7.613999843597412,7.613999843597412,7.581999778747559,7.585999965667725,1337712,1337712,yfinance,2026-07-10T06:58:07.675573+00:00
2026-07-09 02:00:00+00:00,LINK-USD,15m,7.586999893188477,7.63100004196167,7.574999809265137,7.63100004196167,0,0,yfinance,2026-07-10T06:58:07.675573+00:00
2026-07-09 02:15:00+00:00,LINK-USD,15m,7.627999782562256,7.632999897003174,7.614999771118164,7.620999813079834,0,0,yfinance,2026-07-10T06:58:07.675573+00:00
2026-07-09 02:30:00+00:00,LINK-USD,15m,7.61899995803833,7.619999885559082,7.591000080108643,7.591000080108643,1903728,1903728,yfinance,2026-07-10T06:58:07.675573+00:00
2026-07-09 02:45:00+00:00,LINK-USD,15m,7.590000152587891,7.593999862670898,7.576000213623047,7.580999851226807,607920,607920,yfinance,2026-07-10T06:58:07.675573+00:00
2026-07-09 03:00:00+00:00,LINK-USD,15m,7.580999851226807,7.593999862670898,7.574999809265137,7.593999862670898,30400,30400,yfinance,2026-07-10T06:58:07.675573+00:00
2026-07-09 03:15:00+00:00,LINK-USD,15m,7.590000152587891,7.605000019073486,7.567999839782715,7.599999904632568,429984,429984,yfinance,2026-07-10T06:58:07.675573+00:00
2026-07-09 03:30:00+00:00,LINK-USD,15m,7.60099983215332,7.622000217437744,7.59499979019165,7.618000030517578,155408,155408,yfinance,2026-07-10T06:58:07.675573+00:00
2026-07-09 03:45:00+00:00,LINK-USD,15m,7.614999771118164,7.61899995803833,7.604000091552734,7.614999771118164,543904,543904,yfinance,2026-07-10T06:58:07.675573+00:00
2026-07-09 04:00:00+00:00,LINK-USD,15m,7.616000175476074,7.623000144958496,7.609000205993652,7.61299991607666,105088,105088,yfinance,2026-07-10T06:58:07.675573+00:00
2026-07-09 04:15:00+00:00,LINK-USD,15m,7.61299991607666,7.625999927520752,7.611999988555908,7.625999927520752,216096,216096,yfinance,2026-07-10T06:58:07.675573+00:00
2026-07-09 04:30:00+00:00,LINK-USD,15m,7.625999927520752,7.665999889373779,7.625999927520752,7.658999919891357,510160,510160,yfinance,2026-07-10T06:58:07.675573+00:00
2026-07-09 04:45:00+00:00,LINK-USD,15m,7.658999919891357,7.675000190734863,7.6529998779296875,7.673999786376953,1254000,1254000,yfinance,2026-07-10T06:58:07.675573+00:00
2026-07-09 05:00:00+00:00,LINK-USD,15m,7.672999858856201,7.709000110626221,7.664000034332275,7.688000202178955,622832,622832,yfinance,2026-07-10T06:58:07.675573+00:00
2026-07-09 05:15:00+00:00,LINK-USD,15m,7.688000202178955,7.690000057220459,7.651000022888184,7.6620001792907715,2032912,2032912,yfinance,2026-07-10T06:58:07.675573+00:00
2026-07-09 05:30:00+00:00,LINK-USD,15m,7.659999847412109,7.677999973297119,7.6519999504089355,7.677000045776367,510880,510880,yfinance,2026-07-10T06:58:07.675573+00:00
2026-07-09 05:45:00+00:00,LINK-USD,15m,7.677000045776367,7.7170000076293945,7.677000045776367,7.7170000076293945,152448,152448,yfinance,2026-07-10T06:58:07.675573+00:00
2026-07-09 06:00:00+00:00,LINK-USD,15m,7.718999862670898,7.736000061035156,7.699999809265137,7.703000068664551,231040,231040,yfinance,2026-07-10T06:58:07.675573+00:00
2026-07-09 06:15:00+00:00,LINK-USD,15m,7.703000068664551,7.751999855041504,7.696000099182129,7.73199987411499,0,0,yfinance,2026-07-10T06:58:07.675573+00:00
2026-07-09 06:30:00+00:00,LINK-USD,15m,7.732999801635742,7.74399995803833,7.729000091552734,7.74399995803833,1564224,1564224,yfinance,2026-07-10T06:58:07.675573+00:00
2026-07-09 06:45:00+00:00,LINK-USD,15m,7.741000175476074,7.749000072479248,7.735000133514404,7.749000072479248,838112,838112,yfinance,2026-07-10T06:58:07.675573+00:00
2026-07-09 07:00:00+00:00,LINK-USD,15m,7.747000217437744,7.775000095367432,7.7220001220703125,7.7270002365112305,922416,922416,yfinance,2026-07-10T06:58:07.675573+00:00
2026-07-09 07:15:00+00:00,LINK-USD,15m,7.7270002365112305,7.732999801635742,7.709000110626221,7.71999979019165,372896,372896,yfinance,2026-07-10T06:58:07.675573+00:00
2026-07-09 07:30:00+00:00,LINK-USD,15m,7.7170000076293945,7.735000133514404,7.710000038146973,7.735000133514404,59296,59296,yfinance,2026-07-10T06:58:07.675573+00:00
2026-07-09 07:45:00+00:00,LINK-USD,15m,7.736000061035156,7.760000228881836,7.7179999351501465,7.7220001220703125,481936,481936,yfinance,2026-07-10T06:58:07.675573+00:00
2026-07-09 08:00:00+00:00,LINK-USD,15m,7.7220001220703125,7.74399995803833,7.710999965667725,7.741000175476074,0,0,yfinance,2026-07-10T06:58:07.675573+00:00
2026-07-09 08:15:00+00:00,LINK-USD,15m,7.742000102996826,7.75600004196167,7.735000133514404,7.75600004196167,0,0,yfinance,2026-07-10T06:58:07.675573+00:00
2026-07-09 08:30:00+00:00,LINK-USD,15m,7.756999969482422,7.763999938964844,7.755000114440918,7.76200008392334,1809664,1809664,yfinance,2026-07-10T06:58:07.675573+00:00
2026-07-09 08:45:00+00:00,LINK-USD,15m,7.761000156402588,7.761000156402588,7.745999813079834,7.751999855041504,223040,223040,yfinance,2026-07-10T06:58:07.675573+00:00
2026-07-09 09:00:00+00:00,LINK-USD,15m,7.75,7.754000186920166,7.734000205993652,7.739999771118164,6256,6256,yfinance,2026-07-10T06:58:07.675573+00:00
2026-07-09 09:15:00+00:00,LINK-USD,15m,7.73799991607666,7.747000217437744,7.732999801635742,7.743000030517578,83040,83040,yfinance,2026-07-10T06:58:07.675573+00:00
2026-07-09 09:30:00+00:00,LINK-USD,15m,7.74399995803833,7.749000072479248,7.7210001945495605,7.7210001945495605,0,0,yfinance,2026-07-10T06:58:07.675573+00:00
2026-07-09 09:45:00+00:00,LINK-USD,15m,7.7210001945495605,7.743000030517578,7.71999979019165,7.738999843597412,200320,200320,yfinance,2026-07-10T06:58:07.675573+00:00
2026-07-09 10:00:00+00:00,LINK-USD,15m,7.738999843597412,7.747000217437744,7.736999988555908,7.741000175476074,369984,369984,yfinance,2026-07-10T06:58:07.675573+00:00
2026-07-09 10:15:00+00:00,LINK-USD,15m,7.73799991607666,7.744999885559082,7.7210001945495605,7.7270002365112305,56816,56816,yfinance,2026-07-10T06:58:07.675573+00:00
2026-07-09 10:30:00+00:00,LINK-USD,15m,7.7270002365112305,7.73799991607666,7.7230000495910645,7.73799991607666,164688,164688,yfinance,2026-07-10T06:58:07.675573+00:00
2026-07-09 10:45:00+00:00,LINK-USD,15m,7.730999946594238,7.73199987411499,7.699999809265137,7.7179999351501465,140016,140016,yfinance,2026-07-10T06:58:07.675573+00:00
2026-07-09 11:00:00+00:00,LINK-USD,15m,7.7179999351501465,7.729000091552734,7.7170000076293945,7.729000091552734,1126400,1126400,yfinance,2026-07-10T06:58:07.675573+00:00
2026-07-09 11:15:00+00:00,LINK-USD,15m,7.729000091552734,7.729000091552734,7.704999923706055,7.714000225067139,544992,544992,yfinance,2026-07-10T06:58:07.675573+00:00
2026-07-09 11:30:00+00:00,LINK-USD,15m,7.714000225067139,7.724999904632568,7.710999965667725,7.71999979019165,449216,449216,yfinance,2026-07-10T06:58:07.675573+00:00
2026-07-09 11:45:00+00:00,LINK-USD,15m,7.718999862670898,7.73799991607666,7.718999862670898,7.728000164031982,438736,438736,yfinance,2026-07-10T06:58:07.675573+00:00
2026-07-09 12:00:00+00:00,LINK-USD,15m,7.728000164031982,7.730999946594238,7.709000110626221,7.715000152587891,710768,710768,yfinance,2026-07-10T06:58:07.675573+00:00
2026-07-09 12:15:00+00:00,LINK-USD,15m,7.714000225067139,7.724999904632568,7.708000183105469,7.718999862670898,24880,24880,yfinance,2026-07-10T06:58:07.675573+00:00
2026-07-09 12:30:00+00:00,LINK-USD,15m,7.7170000076293945,7.743000030517578,7.706999778747559,7.709000110626221,4370480,4370480,yfinance,2026-07-10T06:58:07.675573+00:00
2026-07-09 12:45:00+00:00,LINK-USD,15m,7.708000183105469,7.7170000076293945,7.690999984741211,7.705999851226807,424144,424144,yfinance,2026-07-10T06:58:07.675573+00:00
2026-07-09 13:00:00+00:00,LINK-USD,15m,7.710000038146973,7.75600004196167,7.710000038146973,7.749000072479248,1966912,1966912,yfinance,2026-07-10T06:58:07.675573+00:00
2026-07-09 13:15:00+00:00,LINK-USD,15m,7.749000072479248,7.749000072479248,7.714000225067139,7.7179999351501465,138640,138640,yfinance,2026-07-10T06:58:07.675573+00:00
2026-07-09 13:30:00+00:00,LINK-USD,15m,7.7170000076293945,7.736999988555908,7.685999870300293,7.736999988555908,19952,19952,yfinance,2026-07-10T06:58:07.675573+00:00
2026-07-09 13:45:00+00:00,LINK-USD,15m,7.734000205993652,7.769000053405762,7.7170000076293945,7.751999855041504,250160,250160,yfinance,2026-07-10T06:58:07.675573+00:00
2026-07-09 14:00:00+00:00,LINK-USD,15m,7.751999855041504,7.76200008392334,7.728000164031982,7.735000133514404,505408,505408,yfinance,2026-07-10T06:58:07.675573+00:00
2026-07-09 14:15:00+00:00,LINK-USD,15m,7.729000091552734,7.729000091552734,7.671000003814697,7.695000171661377,2222048,2222048,yfinance,2026-07-10T06:58:07.675573+00:00
2026-07-09 14:30:00+00:00,LINK-USD,15m,7.695000171661377,7.716000080108643,7.684000015258789,7.702000141143799,268736,268736,yfinance,2026-07-10T06:58:07.675573+00:00
2026-07-09 14:45:00+00:00,LINK-USD,15m,7.702000141143799,7.715000152587891,7.685999870300293,7.709000110626221,0,0,yfinance,2026-07-10T06:58:07.675573+00:00
2026-07-09 15:00:00+00:00,LINK-USD,15m,7.7129998207092285,7.7270002365112305,7.697000026702881,7.7220001220703125,0,0,yfinance,2026-07-10T06:58:07.675573+00:00
2026-07-09 15:15:00+00:00,LINK-USD,15m,7.724999904632568,7.743000030517578,7.714000225067139,7.714000225067139,249984,249984,yfinance,2026-07-10T06:58:07.675573+00:00
2026-07-09 15:30:00+00:00,LINK-USD,15m,7.7129998207092285,7.7179999351501465,7.688000202178955,7.697000026702881,0,0,yfinance,2026-07-10T06:58:07.675573+00:00
2026-07-09 15:45:00+00:00,LINK-USD,15m,7.697999954223633,7.704999923706055,7.684999942779541,7.695000171661377,247408,247408,yfinance,2026-07-10T06:58:07.675573+00:00
2026-07-09 16:00:00+00:00,LINK-USD,15m,7.696000099182129,7.7179999351501465,7.689000129699707,7.690999984741211,54192,54192,yfinance,2026-07-10T06:58:07.675573+00:00
2026-07-09 16:15:00+00:00,LINK-USD,15m,7.690000057220459,7.697000026702881,7.668000221252441,7.690000057220459,597776,597776,yfinance,2026-07-10T06:58:07.675573+00:00
2026-07-09 16:30:00+00:00,LINK-USD,15m,7.688000202178955,7.708000183105469,7.688000202178955,7.699999809265137,848192,848192,yfinance,2026-07-10T06:58:07.675573+00:00
2026-07-09 16:45:00+00:00,LINK-USD,15m,7.697999954223633,7.701000213623047,7.677999973297119,7.697000026702881,0,0,yfinance,2026-07-10T06:58:07.675573+00:00
2026-07-09 17:00:00+00:00,LINK-USD,15m,7.697999954223633,7.709000110626221,7.683000087738037,7.684999942779541,0,0,yfinance,2026-07-10T06:58:07.675573+00:00
2026-07-09 17:15:00+00:00,LINK-USD,15m,7.693999767303467,7.7220001220703125,7.693999767303467,7.718999862670898,227184,227184,yfinance,2026-07-10T06:58:07.675573+00:00
2026-07-09 17:30:00+00:00,LINK-USD,15m,7.71999979019165,7.75600004196167,7.709000110626221,7.75600004196167,294960,294960,yfinance,2026-07-10T06:58:07.675573+00:00
2026-07-09 17:45:00+00:00,LINK-USD,15m,7.75600004196167,7.756999969482422,7.736999988555908,7.748000144958496,504064,504064,yfinance,2026-07-10T06:58:07.675573+00:00
2026-07-09 18:00:00+00:00,LINK-USD,15m,7.749000072479248,7.796999931335449,7.747000217437744,7.791999816894531,1134464,1134464,yfinance,2026-07-10T06:58:07.675573+00:00
2026-07-09 18:15:00+00:00,LINK-USD,15m,7.791999816894531,7.806000232696533,7.7769999504089355,7.790999889373779,565136,565136,yfinance,2026-07-10T06:58:07.675573+00:00
2026-07-09 18:30:00+00:00,LINK-USD,15m,7.794000148773193,7.801000118255615,7.785999774932861,7.789000034332275,4125888,4125888,yfinance,2026-07-10T06:58:07.675573+00:00
2026-07-09 18:45:00+00:00,LINK-USD,15m,7.789000034332275,7.801000118255615,7.769999980926514,7.7729997634887695,1088992,1088992,yfinance,2026-07-10T06:58:07.675573+00:00
2026-07-09 19:00:00+00:00,LINK-USD,15m,7.775000095367432,7.775000095367432,7.75600004196167,7.765999794006348,624000,624000,yfinance,2026-07-10T06:58:07.675573+00:00
2026-07-09 19:15:00+00:00,LINK-USD,15m,7.76200008392334,7.7729997634887695,7.75600004196167,7.7729997634887695,525520,525520,yfinance,2026-07-10T06:58:07.675573+00:00
2026-07-09 19:30:00+00:00,LINK-USD,15m,7.7729997634887695,7.797999858856201,7.764999866485596,7.796000003814697,807536,807536,yfinance,2026-07-10T06:58:07.675573+00:00
2026-07-09 19:45:00+00:00,LINK-USD,15m,7.796000003814697,7.796999931335449,7.764999866485596,7.764999866485596,372672,372672,yfinance,2026-07-10T06:58:07.675573+00:00
2026-07-09 20:00:00+00:00,LINK-USD,15m,7.767000198364258,7.76800012588501,7.749000072479248,7.751999855041504,0,0,yfinance,2026-07-10T06:58:07.675573+00:00
2026-07-09 20:15:00+00:00,LINK-USD,15m,7.751999855041504,7.764999866485596,7.750999927520752,7.763000011444092,0,0,yfinance,2026-07-10T06:58:07.675573+00:00
2026-07-09 20:30:00+00:00,LINK-USD,15m,7.763999938964844,7.7779998779296875,7.76200008392334,7.775000095367432,69632,69632,yfinance,2026-07-10T06:58:07.675573+00:00
2026-07-09 20:45:00+00:00,LINK-USD,15m,7.775000095367432,7.775000095367432,7.758999824523926,7.764999866485596,0,0,yfinance,2026-07-10T06:58:07.675573+00:00
2026-07-09 21:00:00+00:00,LINK-USD,15m,7.764999866485596,7.781000137329102,7.757999897003174,7.769000053405762,93120,93120,yfinance,2026-07-10T06:58:07.675573+00:00
2026-07-09 21:15:00+00:00,LINK-USD,15m,7.764999866485596,7.76800012588501,7.752999782562256,7.755000114440918,0,0,yfinance,2026-07-10T06:58:07.675573+00:00
2026-07-09 21:30:00+00:00,LINK-USD,15m,7.755000114440918,7.764999866485596,7.754000186920166,7.75600004196167,0,0,yfinance,2026-07-10T06:58:07.675573+00:00
2026-07-09 21:45:00+00:00,LINK-USD,15m,7.757999897003174,7.763999938964844,7.754000186920166,7.758999824523926,108976,108976,yfinance,2026-07-10T06:58:07.675573+00:00
2026-07-09 22:00:00+00:00,LINK-USD,15m,7.761000156402588,7.767000198364258,7.744999885559082,7.749000072479248,29024,29024,yfinance,2026-07-10T06:58:07.675573+00:00
2026-07-09 22:15:00+00:00,LINK-USD,15m,7.749000072479248,7.76200008392334,7.747000217437744,7.751999855041504,279040,279040,yfinance,2026-07-10T06:58:07.675573+00:00
2026-07-09 22:30:00+00:00,LINK-USD,15m,7.750999927520752,7.76200008392334,7.744999885559082,7.757999897003174,42816,42816,yfinance,2026-07-10T06:58:07.675573+00:00
2026-07-09 22:45:00+00:00,LINK-USD,15m,7.754000186920166,7.758999824523926,7.747000217437744,7.749000072479248,306496,306496,yfinance,2026-07-10T06:58:07.675573+00:00
2026-07-09 23:00:00+00:00,LINK-USD,15m,7.745999813079834,7.763000011444092,7.744999885559082,7.749000072479248,2153088,2153088,yfinance,2026-07-10T06:58:07.675573+00:00
2026-07-09 23:15:00+00:00,LINK-USD,15m,7.745999813079834,7.750999927520752,7.7179999351501465,7.739999771118164,539680,539680,yfinance,2026-07-10T06:58:07.675573+00:00
2026-07-09 23:30:00+00:00,LINK-USD,15m,7.732999801635742,7.735000133514404,7.72599983215332,7.73199987411499,193280,193280,yfinance,2026-07-10T06:58:07.675573+00:00
2026-07-09 23:45:00+00:00,LINK-USD,15m,7.734000205993652,7.73799991607666,7.72599983215332,7.729000091552734,180416,180416,yfinance,2026-07-10T06:58:07.675573+00:00
2026-07-10 00:00:00+00:00,LINK-USD,15m,7.7270002365112305,7.734000205993652,7.7179999351501465,7.734000205993652,0,0,yfinance,2026-07-10T06:58:07.675573+00:00
2026-07-10 00:15:00+00:00,LINK-USD,15m,7.734000205993652,7.73799991607666,7.7129998207092285,7.718999862670898,11024,11024,yfinance,2026-07-10T06:58:07.675573+00:00
2026-07-10 00:30:00+00:00,LINK-USD,15m,7.718999862670898,7.736999988555908,7.703999996185303,7.723999977111816,697616,697616,yfinance,2026-07-10T06:58:07.675573+00:00
2026-07-10 00:45:00+00:00,LINK-USD,15m,7.7230000495910645,7.739999771118164,7.711999893188477,7.739999771118164,23712,23712,yfinance,2026-07-10T06:58:07.675573+00:00
2026-07-10 01:00:00+00:00,LINK-USD,15m,7.741000175476074,7.745999813079834,7.7230000495910645,7.744999885559082,0,0,yfinance,2026-07-10T06:58:07.675573+00:00
2026-07-10 01:15:00+00:00,LINK-USD,15m,7.748000144958496,7.785999774932861,7.745999813079834,7.783999919891357,156816,156816,yfinance,2026-07-10T06:58:07.675573+00:00
2026-07-10 01:30:00+00:00,LINK-USD,15m,7.7829999923706055,7.789999961853027,7.771999835968018,7.781000137329102,0,0,yfinance,2026-07-10T06:58:07.675573+00:00
2026-07-10 01:45:00+00:00,LINK-USD,15m,7.781000137329102,7.914000034332275,7.78000020980835,7.873000144958496,10023808,10023808,yfinance,2026-07-10T06:58:07.675573+00:00
2026-07-10 02:00:00+00:00,LINK-USD,15m,7.873000144958496,7.894000053405762,7.863999843597412,7.888999938964844,2110560,2110560,yfinance,2026-07-10T06:58:07.675573+00:00
2026-07-10 02:15:00+00:00,LINK-USD,15m,7.890999794006348,7.894000053405762,7.876999855041504,7.886000156402588,1079136,1079136,yfinance,2026-07-10T06:58:07.675573+00:00
2026-07-10 02:30:00+00:00,LINK-USD,15m,7.882999897003174,7.9070000648498535,7.88100004196167,7.900000095367432,790992,790992,yfinance,2026-07-10T06:58:07.675573+00:00
2026-07-10 02:45:00+00:00,LINK-USD,15m,7.901000022888184,7.929999828338623,7.8979997634887695,7.925000190734863,525952,525952,yfinance,2026-07-10T06:58:07.675573+00:00
2026-07-10 03:00:00+00:00,LINK-USD,15m,7.925000190734863,7.925000190734863,7.894000053405762,7.9019999504089355,213024,213024,yfinance,2026-07-10T06:58:07.675573+00:00
2026-07-10 03:15:00+00:00,LINK-USD,15m,7.9029998779296875,7.90500020980835,7.881999969482422,7.881999969482422,692144,692144,yfinance,2026-07-10T06:58:07.675573+00:00
2026-07-10 03:30:00+00:00,LINK-USD,15m,7.88100004196167,7.901000022888184,7.873000144958496,7.901000022888184,485728,485728,yfinance,2026-07-10T06:58:07.675573+00:00
2026-07-10 03:45:00+00:00,LINK-USD,15m,7.89900016784668,7.916999816894531,7.895999908447266,7.89900016784668,281840,281840,yfinance,2026-07-10T06:58:07.675573+00:00
2026-07-10 04:00:00+00:00,LINK-USD,15m,7.901000022888184,7.908999919891357,7.89900016784668,7.9070000648498535,1948880,1948880,yfinance,2026-07-10T06:58:07.675573+00:00
2026-07-10 04:15:00+00:00,LINK-USD,15m,7.9070000648498535,7.9070000648498535,7.88100004196167,7.88100004196167,267440,267440,yfinance,2026-07-10T06:58:07.675573+00:00
2026-07-10 04:30:00+00:00,LINK-USD,15m,7.880000114440918,7.895999908447266,7.870999813079834,7.888000011444092,182128,182128,yfinance,2026-07-10T06:58:07.675573+00:00
2026-07-10 04:45:00+00:00,LINK-USD,15m,7.888000011444092,7.9019999504089355,7.886000156402588,7.888000011444092,266688,266688,yfinance,2026-07-10T06:58:07.675573+00:00
2026-07-10 05:00:00+00:00,LINK-USD,15m,7.888000011444092,7.892000198364258,7.88100004196167,7.890999794006348,17136,17136,yfinance,2026-07-10T06:58:07.675573+00:00
2026-07-10 05:15:00+00:00,LINK-USD,15m,7.89300012588501,7.906000137329102,7.886000156402588,7.89300012588501,67776,67776,yfinance,2026-07-10T06:58:07.675573+00:00
2026-07-10 05:30:00+00:00,LINK-USD,15m,7.890999794006348,7.918000221252441,7.888999938964844,7.918000221252441,1920016,1920016,yfinance,2026-07-10T06:58:07.675573+00:00
2026-07-10 05:45:00+00:00,LINK-USD,15m,7.918000221252441,7.919000148773193,7.90500020980835,7.908999919891357,387648,387648,yfinance,2026-07-10T06:58:07.675573+00:00
2026-07-10 06:00:00+00:00,LINK-USD,15m,7.909999847412109,7.919000148773193,7.90500020980835,7.916999816894531,21040,21040,yfinance,2026-07-10T06:58:07.675573+00:00
2026-07-10 06:15:00+00:00,LINK-USD,15m,7.916999816894531,7.916999816894531,7.882999897003174,7.888999938964844,243728,243728,yfinance,2026-07-10T06:58:07.675573+00:00
2026-07-10 06:30:00+00:00,LINK-USD,15m,7.888999938964844,7.896999835968018,7.888999938964844,7.889999866485596,5904,5904,yfinance,2026-07-10T06:58:07.675573+00:00
2026-07-10 06:45:00+00:00,LINK-USD,15m,7.894000053405762,7.895999908447266,7.883999824523926,7.885000228881836,3040,3040,yfinance,2026-07-10T06:58:07.675573+00:00
